Copyright 1986-2022 Xilinx, Inc. All Rights Reserved. Copyright 2022-2024 Advanced Micro Devices, Inc. All Rights Reserved.
---------------------------------------------------------------------------------------------------------------------------------------------------------------------------------------------------------------------------------------------------------------------------------------
| Tool Version      : Vivado v.2024.2 (win64) Build 5239630 Fri Nov 08 22:35:27 MST 2024
| Date              : Fri Aug 14 01:30:42 2026
| Host              : <REDACTED>
| Command           : <REDACTED>
| Design            : ntt46_zero_pad_radix2_unified_baseline
| Device            : xczu9eg-ffvb1156
| Speed File        : -2  PRODUCTION 1.30 05-15-2022
| Design State      : Physopt postRoute
| Temperature Grade : E
---------------------------------------------------------------------------------------------------------------------------------------------------------------------------------------------------------------------------------------------------------------------------------------

Timing Summary Report

------------------------------------------------------------------------------------------------
| Timer Settings
| --------------
------------------------------------------------------------------------------------------------

  Enable Multi Corner Analysis               :  Yes
  Enable Pessimism Removal                   :  Yes
  Pessimism Removal Resolution               :  Nearest Common Node
  Enable Input Delay Default Clock           :  No
  Enable Preset / Clear Arcs                 :  No
  Disable Flight Delays                      :  No
  Ignore I/O Paths                           :  No
  Timing Early Launch at Borrowing Latches   :  No
  Borrow Time for Max Delay Exceptions       :  Yes
  Merge Timing Exceptions                    :  Yes
  Inter-SLR Compensation                     :  Conservative

  Corner  Analyze    Analyze    
  Name    Max Paths  Min Paths  
  ------  ---------  ---------  
  Slow    Yes        Yes        
  Fast    Yes        Yes        


------------------------------------------------------------------------------------------------
| Report Methodology
| ------------------
------------------------------------------------------------------------------------------------

No report available as report_methodology has not been run prior. Run report_methodology on the current design for the summary of methodology violations.



check_timing report

Table of Contents
-----------------
1. checking no_clock (0)
2. checking constant_clock (0)
3. checking pulse_width_clock (0)
4. checking unconstrained_internal_endpoints (0)
5. checking no_input_delay (47)
6. checking no_output_delay (68)
7. checking multiple_clock (0)
8. checking generated_clocks (0)
9. checking loops (0)
10. checking partial_input_delay (0)
11. checking partial_output_delay (0)
12. checking latch_loops (0)

1. checking no_clock (0)
------------------------
 There are 0 register/latch pins with no clock.


2. checking constant_clock (0)
------------------------------
 There are 0 register/latch pins with constant_clock.


3. checking pulse_width_clock (0)
---------------------------------
 There are 0 register/latch pins which need pulse_width check


4. checking unconstrained_internal_endpoints (0)
------------------------------------------------
 There are 0 pins that are not constrained for maximum delay.

 There are 0 pins that are not constrained for maximum delay due to constant clock.


5. checking no_input_delay (47)
-------------------------------
 There are 47 input ports with no input delay specified. (HIGH)

 There are 0 input ports with no input delay but user has a false path constraint.


6. checking no_output_delay (68)
--------------------------------
 There are 68 ports with no output delay specified. (HIGH)

 There are 0 ports with no output delay but user has a false path constraint

 There are 0 ports with no output delay but with a timing clock defined on it or propagating through it


7. checking multiple_clock (0)
------------------------------
 There are 0 register/latch pins with multiple clocks.


8. checking generated_clocks (0)
--------------------------------
 There are 0 generated clocks that are not connected to a clock source.


9. checking loops (0)
---------------------
 There are 0 combinational loops in the design.


10. checking partial_input_delay (0)
------------------------------------
 There are 0 input ports with partial input delay specified.


11. checking partial_output_delay (0)
-------------------------------------
 There are 0 ports with partial output delay specified.


12. checking latch_loops (0)
----------------------------
 There are 0 combinational latch loops in the design through latch input



------------------------------------------------------------------------------------------------
| Design Timing Summary
| ---------------------
------------------------------------------------------------------------------------------------

    WNS(ns)      TNS(ns)  TNS Failing Endpoints  TNS Total Endpoints      WHS(ns)      THS(ns)  THS Failing Endpoints  THS Total Endpoints     WPWS(ns)     TPWS(ns)  TPWS Failing Endpoints  TPWS Total Endpoints  
    -------      -------  ---------------------  -------------------      -------      -------  ---------------------  -------------------     --------     --------  ----------------------  --------------------  
      0.167        0.000                      0                 2078        0.044        0.000                      0                 2078        1.958        0.000                       0                   984  


All user specified timing constraints are met.


------------------------------------------------------------------------------------------------
| Clock Summary
| -------------
------------------------------------------------------------------------------------------------

Clock  Waveform(ns)         Period(ns)      Frequency(MHz)
-----  ------------         ----------      --------------
clk    {0.000 2.500}        5.000           200.000         


------------------------------------------------------------------------------------------------
| Intra Clock Table
| -----------------
------------------------------------------------------------------------------------------------

Clock             WNS(ns)      TNS(ns)  TNS Failing Endpoints  TNS Total Endpoints      WHS(ns)      THS(ns)  THS Failing Endpoints  THS Total Endpoints     WPWS(ns)     TPWS(ns)  TPWS Failing Endpoints  TPWS Total Endpoints  
-----             -------      -------  ---------------------  -------------------      -------      -------  ---------------------  -------------------     --------     --------  ----------------------  --------------------  
clk                 0.167        0.000                      0                 2078        0.044        0.000                      0                 2078        1.958        0.000                       0                   984  


------------------------------------------------------------------------------------------------
| Inter Clock Table
| -----------------
------------------------------------------------------------------------------------------------

From Clock    To Clock          WNS(ns)      TNS(ns)  TNS Failing Endpoints  TNS Total Endpoints      WHS(ns)      THS(ns)  THS Failing Endpoints  THS Total Endpoints  
----------    --------          -------      -------  ---------------------  -------------------      -------      -------  ---------------------  -------------------  


------------------------------------------------------------------------------------------------
| Other Path Groups Table
| -----------------------
------------------------------------------------------------------------------------------------

Path Group    From Clock    To Clock          WNS(ns)      TNS(ns)  TNS Failing Endpoints  TNS Total Endpoints      WHS(ns)      THS(ns)  THS Failing Endpoints  THS Total Endpoints  
----------    ----------    --------          -------      -------  ---------------------  -------------------      -------      -------  ---------------------  -------------------  


------------------------------------------------------------------------------------------------
| Timing Details
| --------------
------------------------------------------------------------------------------------------------


---------------------------------------------------------------------------------------------------
From Clock:  clk
  To Clock:  clk

Setup :            0  Failing Endpoints,  Worst Slack        0.167ns,  Total Violation        0.000ns
Hold  :            0  Failing Endpoints,  Worst Slack        0.044ns,  Total Violation        0.000ns
PW    :            0  Failing Endpoints,  Worst Slack        1.958ns,  Total Violation        0.000ns
---------------------------------------------------------------------------------------------------


Max Delay Paths
--------------------------------------------------------------------------------------
Slack (MET) :             0.167ns  (required time - arrival time)
  Source:                 g_int8.u_p254/u_mac_mul/s4_reg[19]/C
                            (rising edge-triggered cell FDRE clocked by clk  {rise@0.000ns fall@2.500ns period=5.000ns})
  Destination:            g_int8.u_p254/u_mac_mul/p_out_reg[2]/D
                            (rising edge-triggered cell FDRE clocked by clk  {rise@0.000ns fall@2.500ns period=5.000ns})
  Path Group:             clk
  Path Type:              Setup (Max at Slow Process Corner)
  Requirement:            5.000ns  (clk rise@5.000ns - clk rise@0.000ns)
  Data Path Delay:        4.748ns  (logic 1.710ns (36.015%)  route 3.038ns (63.985%))
  Logic Levels:           17  (CARRY8=8 LUT2=1 LUT3=3 LUT4=2 LUT5=2 LUT6=1)
  Clock Path Skew:        -0.074ns (DCD - SCD + CPR)
    Destination Clock Delay (DCD):    2.529ns = ( 7.529 - 5.000 ) 
    Source Clock Delay      (SCD):    3.052ns
    Clock Pessimism Removal (CPR):    0.448ns
  Clock Uncertainty:      0.035ns  ((TSJ^2 + TIJ^2)^1/2 + DJ) / 2 + PE
    Total System Jitter     (TSJ):    0.071ns
    Total Input Jitter      (TIJ):    0.000ns
    Discrete Jitter          (DJ):    0.000ns
    Phase Error              (PE):    0.000ns
  Clock Net Delay (Source):      2.170ns (routing 1.289ns, distribution 0.881ns)
  Clock Net Delay (Destination): 1.941ns (routing 1.173ns, distribution 0.768ns)

    Location             Delay type                Incr(ns)  Path(ns)    Netlist Resource(s)
  -------------------------------------------------------------------    -------------------
                         (clock clk rise edge)        0.000     0.000 r  
    T8                                                0.000     0.000 r  clk (IN)
                         net (fo=0)                   0.000     0.000    clk_IBUF_inst/I
    T8                   INBUF (Prop_INBUF_HPIOB_M_PAD_O)
                                                      0.522     0.522 r  clk_IBUF_inst/INBUF_INST/O
                         net (fo=1, routed)           0.000     0.522    clk_IBUF_inst/OUT
    T8                   IBUFCTRL (Prop_IBUFCTRL_HPIOB_M_I_O)
                                                      0.000     0.522 r  clk_IBUF_inst/IBUFCTRL_INST/O
                         net (fo=1, routed)           0.332     0.854    clk_IBUF
    BUFGCE_X0Y77         BUFGCE (Prop_BUFCE_BUFGCE_I_O)
                                                      0.028     0.882 r  clk_IBUF_BUFG_inst/O
    X2Y1 (CLOCK_ROOT)    net (fo=1013, routed)        2.170     3.052    g_int8.u_p254/u_mac_mul/clk_IBUF_BUFG
    SLICE_X71Y121        FDRE                                         r  g_int8.u_p254/u_mac_mul/s4_reg[19]/C
  -------------------------------------------------------------------    -------------------
    SLICE_X71Y121        FDRE (Prop_DFF_SLICEL_C_Q)
                                                      0.079     3.131 r  g_int8.u_p254/u_mac_mul/s4_reg[19]/Q
                         net (fo=14, routed)          0.215     3.346    g_int8.u_p254/u_mac_mul/s4[19]
    SLICE_X69Y124        LUT2 (Prop_E6LUT_SLICEL_I0_O)
                                                      0.123     3.469 r  g_int8.u_p254/u_mac_mul/p_out[7]_i_25__0/O
                         net (fo=1, routed)           0.007     3.476    g_int8.u_p254/u_mac_mul/p_out[7]_i_25__0_n_0
    SLICE_X69Y124        CARRY8 (Prop_CARRY8_SLICEL_S[4]_CO[7])
                                                      0.153     3.629 r  g_int8.u_p254/u_mac_mul/p_out_reg[7]_i_12__0/CO[7]
                         net (fo=1, routed)           0.026     3.655    g_int8.u_p254/u_mac_mul/p_out_reg[7]_i_12__0_n_0
    SLICE_X69Y125        CARRY8 (Prop_CARRY8_SLICEL_CI_CO[7])
                                                      0.015     3.670 r  g_int8.u_p254/u_mac_mul/p_out_reg[7]_i_13__0/CO[7]
                         net (fo=1, routed)           0.026     3.696    g_int8.u_p254/u_mac_mul/p_out_reg[7]_i_13__0_n_0
    SLICE_X69Y126        CARRY8 (Prop_CARRY8_SLICEL_CI_O[5])
                                                      0.116     3.812 r  g_int8.u_p254/u_mac_mul/p_out_reg[17]_i_271__0/O[5]
                         net (fo=2, routed)           0.254     4.066    g_int8.u_p254/u_mac_mul/p_out_reg[17]_i_271__0_n_10
    SLICE_X70Y129        LUT3 (Prop_C5LUT_SLICEM_I2_O)
                                                      0.111     4.177 r  g_int8.u_p254/u_mac_mul/p_out[17]_i_167__0/O
                         net (fo=2, routed)           0.238     4.415    g_int8.u_p254/u_mac_mul/p_out[17]_i_167__0_n_0
    SLICE_X70Y129        LUT4 (Prop_D6LUT_SLICEM_I3_O)
                                                      0.099     4.514 r  g_int8.u_p254/u_mac_mul/p_out[17]_i_175__0/O
                         net (fo=1, routed)           0.025     4.539    g_int8.u_p254/u_mac_mul/p_out[17]_i_175__0_n_0
    SLICE_X70Y129        CARRY8 (Prop_CARRY8_SLICEM_S[3]_CO[7])
                                                      0.163     4.702 r  g_int8.u_p254/u_mac_mul/p_out_reg[17]_i_71__0/CO[7]
                         net (fo=1, routed)           0.026     4.728    g_int8.u_p254/u_mac_mul/p_out_reg[17]_i_71__0_n_0
    SLICE_X70Y130        CARRY8 (Prop_CARRY8_SLICEM_CI_O[6])
                                                      0.103     4.831 r  g_int8.u_p254/u_mac_mul/p_out_reg[17]_i_69__0/O[6]
                         net (fo=3, routed)           0.378     5.209    g_int8.u_p254/u_mac_mul/p_out_reg[17]_i_69__0_n_9
    SLICE_X73Y133        LUT3 (Prop_F6LUT_SLICEM_I1_O)
                                                      0.037     5.246 r  g_int8.u_p254/u_mac_mul/p_out[17]_i_97__0/O
                         net (fo=1, routed)           0.350     5.596    g_int8.u_p254/u_mac_mul/p_out[17]_i_97__0_n_0
    SLICE_X72Y131        CARRY8 (Prop_CARRY8_SLICEL_DI[3]_O[5])
                                                      0.177     5.773 r  g_int8.u_p254/u_mac_mul/p_out_reg[17]_i_54__0/O[5]
                         net (fo=1, routed)           0.382     6.155    g_int8.u_p254/u_mac_mul/fold_once0_return0[36]
    SLICE_X71Y131        CARRY8 (Prop_CARRY8_SLICEL_S[4]_CO[7])
                                                      0.153     6.308 r  g_int8.u_p254/u_mac_mul/p_out_reg[17]_i_109__0/CO[7]
                         net (fo=1, routed)           0.026     6.334    g_int8.u_p254/u_mac_mul/p_out_reg[17]_i_109__0_n_0
    SLICE_X71Y132        CARRY8 (Prop_CARRY8_SLICEL_CI_O[6])
                                                      0.103     6.437 r  g_int8.u_p254/u_mac_mul/p_out_reg[17]_i_56__0/O[6]
                         net (fo=1, routed)           0.334     6.771    g_int8.u_p254/u_mac_mul/p_out_reg[17]_i_56__0_n_9
    SLICE_X71Y135        LUT4 (Prop_E6LUT_SLICEL_I2_O)
                                                      0.035     6.806 r  g_int8.u_p254/u_mac_mul/p_out[17]_i_58__0/O
                         net (fo=1, routed)           0.086     6.892    g_int8.u_p254/u_mac_mul/p_out[17]_i_58__0_n_0
    SLICE_X71Y135        LUT5 (Prop_F6LUT_SLICEL_I4_O)
                                                      0.035     6.927 r  g_int8.u_p254/u_mac_mul/p_out[17]_i_17__0/O
                         net (fo=1, routed)           0.136     7.063    g_int8.u_p254/u_mac_mul/p_out[17]_i_17__0_n_0
    SLICE_X72Y135        LUT6 (Prop_D6LUT_SLICEL_I0_O)
                                                      0.122     7.185 r  g_int8.u_p254/u_mac_mul/p_out[17]_i_6__0/O
                         net (fo=1, routed)           0.085     7.270    g_int8.u_p254/u_mac_mul/p_out[17]_i_6__0_n_0
    SLICE_X72Y135        LUT5 (Prop_C6LUT_SLICEL_I1_O)
                                                      0.035     7.305 r  g_int8.u_p254/u_mac_mul/p_out[17]_i_3__0/O
                         net (fo=18, routed)          0.372     7.677    g_int8.u_p254/u_mac_mul/normalize01
    SLICE_X73Y126        LUT3 (Prop_D6LUT_SLICEM_I1_O)
                                                      0.051     7.728 r  g_int8.u_p254/u_mac_mul/p_out[2]_i_1__2/O
                         net (fo=1, routed)           0.072     7.800    g_int8.u_p254/u_mac_mul/normalize0_return[2]
    SLICE_X73Y126        FDRE                                         r  g_int8.u_p254/u_mac_mul/p_out_reg[2]/D
  -------------------------------------------------------------------    -------------------

                         (clock clk rise edge)        5.000     5.000 r  
    T8                                                0.000     5.000 r  clk (IN)
                         net (fo=0)                   0.000     5.000    clk_IBUF_inst/I
    T8                   INBUF (Prop_INBUF_HPIOB_M_PAD_O)
                                                      0.272     5.272 r  clk_IBUF_inst/INBUF_INST/O
                         net (fo=1, routed)           0.000     5.272    clk_IBUF_inst/OUT
    T8                   IBUFCTRL (Prop_IBUFCTRL_HPIOB_M_I_O)
                                                      0.000     5.272 r  clk_IBUF_inst/IBUFCTRL_INST/O
                         net (fo=1, routed)           0.293     5.565    clk_IBUF
    BUFGCE_X0Y77         BUFGCE (Prop_BUFCE_BUFGCE_I_O)
                                                      0.024     5.589 r  clk_IBUF_BUFG_inst/O
    X2Y1 (CLOCK_ROOT)    net (fo=1013, routed)        1.941     7.529    g_int8.u_p254/u_mac_mul/clk_IBUF_BUFG
    SLICE_X73Y126        FDRE                                         r  g_int8.u_p254/u_mac_mul/p_out_reg[2]/C
                         clock pessimism              0.448     7.978    
                         clock uncertainty           -0.035     7.942    
    SLICE_X73Y126        FDRE (Setup_DFF_SLICEM_C_D)
                                                      0.025     7.967    g_int8.u_p254/u_mac_mul/p_out_reg[2]
  -------------------------------------------------------------------
                         required time                          7.967    
                         arrival time                          -7.800    
  -------------------------------------------------------------------
                         slack                                  0.167    

Slack (MET) :             0.172ns  (required time - arrival time)
  Source:                 g_int8.u_p254/u_mac_mul/s4_reg[19]/C
                            (rising edge-triggered cell FDRE clocked by clk  {rise@0.000ns fall@2.500ns period=5.000ns})
  Destination:            g_int8.u_p254/u_mac_mul/p_out_reg[4]/D
                            (rising edge-triggered cell FDRE clocked by clk  {rise@0.000ns fall@2.500ns period=5.000ns})
  Path Group:             clk
  Path Type:              Setup (Max at Slow Process Corner)
  Requirement:            5.000ns  (clk rise@5.000ns - clk rise@0.000ns)
  Data Path Delay:        4.743ns  (logic 1.710ns (36.053%)  route 3.033ns (63.947%))
  Logic Levels:           17  (CARRY8=8 LUT2=1 LUT3=3 LUT4=2 LUT5=2 LUT6=1)
  Clock Path Skew:        -0.074ns (DCD - SCD + CPR)
    Destination Clock Delay (DCD):    2.529ns = ( 7.529 - 5.000 ) 
    Source Clock Delay      (SCD):    3.052ns
    Clock Pessimism Removal (CPR):    0.448ns
  Clock Uncertainty:      0.035ns  ((TSJ^2 + TIJ^2)^1/2 + DJ) / 2 + PE
    Total System Jitter     (TSJ):    0.071ns
    Total Input Jitter      (TIJ):    0.000ns
    Discrete Jitter          (DJ):    0.000ns
    Phase Error              (PE):    0.000ns
  Clock Net Delay (Source):      2.170ns (routing 1.289ns, distribution 0.881ns)
  Clock Net Delay (Destination): 1.941ns (routing 1.173ns, distribution 0.768ns)

    Location             Delay type                Incr(ns)  Path(ns)    Netlist Resource(s)
  -------------------------------------------------------------------    -------------------
                         (clock clk rise edge)        0.000     0.000 r  
    T8                                                0.000     0.000 r  clk (IN)
                         net (fo=0)                   0.000     0.000    clk_IBUF_inst/I
    T8                   INBUF (Prop_INBUF_HPIOB_M_PAD_O)
                                                      0.522     0.522 r  clk_IBUF_inst/INBUF_INST/O
                         net (fo=1, routed)           0.000     0.522    clk_IBUF_inst/OUT
    T8                   IBUFCTRL (Prop_IBUFCTRL_HPIOB_M_I_O)
                                                      0.000     0.522 r  clk_IBUF_inst/IBUFCTRL_INST/O
                         net (fo=1, routed)           0.332     0.854    clk_IBUF
    BUFGCE_X0Y77         BUFGCE (Prop_BUFCE_BUFGCE_I_O)
                                                      0.028     0.882 r  clk_IBUF_BUFG_inst/O
    X2Y1 (CLOCK_ROOT)    net (fo=1013, routed)        2.170     3.052    g_int8.u_p254/u_mac_mul/clk_IBUF_BUFG
    SLICE_X71Y121        FDRE                                         r  g_int8.u_p254/u_mac_mul/s4_reg[19]/C
  -------------------------------------------------------------------    -------------------
    SLICE_X71Y121        FDRE (Prop_DFF_SLICEL_C_Q)
                                                      0.079     3.131 r  g_int8.u_p254/u_mac_mul/s4_reg[19]/Q
                         net (fo=14, routed)          0.215     3.346    g_int8.u_p254/u_mac_mul/s4[19]
    SLICE_X69Y124        LUT2 (Prop_E6LUT_SLICEL_I0_O)
                                                      0.123     3.469 r  g_int8.u_p254/u_mac_mul/p_out[7]_i_25__0/O
                         net (fo=1, routed)           0.007     3.476    g_int8.u_p254/u_mac_mul/p_out[7]_i_25__0_n_0
    SLICE_X69Y124        CARRY8 (Prop_CARRY8_SLICEL_S[4]_CO[7])
                                                      0.153     3.629 r  g_int8.u_p254/u_mac_mul/p_out_reg[7]_i_12__0/CO[7]
                         net (fo=1, routed)           0.026     3.655    g_int8.u_p254/u_mac_mul/p_out_reg[7]_i_12__0_n_0
    SLICE_X69Y125        CARRY8 (Prop_CARRY8_SLICEL_CI_CO[7])
                                                      0.015     3.670 r  g_int8.u_p254/u_mac_mul/p_out_reg[7]_i_13__0/CO[7]
                         net (fo=1, routed)           0.026     3.696    g_int8.u_p254/u_mac_mul/p_out_reg[7]_i_13__0_n_0
    SLICE_X69Y126        CARRY8 (Prop_CARRY8_SLICEL_CI_O[5])
                                                      0.116     3.812 r  g_int8.u_p254/u_mac_mul/p_out_reg[17]_i_271__0/O[5]
                         net (fo=2, routed)           0.254     4.066    g_int8.u_p254/u_mac_mul/p_out_reg[17]_i_271__0_n_10
    SLICE_X70Y129        LUT3 (Prop_C5LUT_SLICEM_I2_O)
                                                      0.111     4.177 r  g_int8.u_p254/u_mac_mul/p_out[17]_i_167__0/O
                         net (fo=2, routed)           0.238     4.415    g_int8.u_p254/u_mac_mul/p_out[17]_i_167__0_n_0
    SLICE_X70Y129        LUT4 (Prop_D6LUT_SLICEM_I3_O)
                                                      0.099     4.514 r  g_int8.u_p254/u_mac_mul/p_out[17]_i_175__0/O
                         net (fo=1, routed)           0.025     4.539    g_int8.u_p254/u_mac_mul/p_out[17]_i_175__0_n_0
    SLICE_X70Y129        CARRY8 (Prop_CARRY8_SLICEM_S[3]_CO[7])
                                                      0.163     4.702 r  g_int8.u_p254/u_mac_mul/p_out_reg[17]_i_71__0/CO[7]
                         net (fo=1, routed)           0.026     4.728    g_int8.u_p254/u_mac_mul/p_out_reg[17]_i_71__0_n_0
    SLICE_X70Y130        CARRY8 (Prop_CARRY8_SLICEM_CI_O[6])
                                                      0.103     4.831 r  g_int8.u_p254/u_mac_mul/p_out_reg[17]_i_69__0/O[6]
                         net (fo=3, routed)           0.378     5.209    g_int8.u_p254/u_mac_mul/p_out_reg[17]_i_69__0_n_9
    SLICE_X73Y133        LUT3 (Prop_F6LUT_SLICEM_I1_O)
                                                      0.037     5.246 r  g_int8.u_p254/u_mac_mul/p_out[17]_i_97__0/O
                         net (fo=1, routed)           0.350     5.596    g_int8.u_p254/u_mac_mul/p_out[17]_i_97__0_n_0
    SLICE_X72Y131        CARRY8 (Prop_CARRY8_SLICEL_DI[3]_O[5])
                                                      0.177     5.773 r  g_int8.u_p254/u_mac_mul/p_out_reg[17]_i_54__0/O[5]
                         net (fo=1, routed)           0.382     6.155    g_int8.u_p254/u_mac_mul/fold_once0_return0[36]
    SLICE_X71Y131        CARRY8 (Prop_CARRY8_SLICEL_S[4]_CO[7])
                                                      0.153     6.308 r  g_int8.u_p254/u_mac_mul/p_out_reg[17]_i_109__0/CO[7]
                         net (fo=1, routed)           0.026     6.334    g_int8.u_p254/u_mac_mul/p_out_reg[17]_i_109__0_n_0
    SLICE_X71Y132        CARRY8 (Prop_CARRY8_SLICEL_CI_O[6])
                                                      0.103     6.437 r  g_int8.u_p254/u_mac_mul/p_out_reg[17]_i_56__0/O[6]
                         net (fo=1, routed)           0.334     6.771    g_int8.u_p254/u_mac_mul/p_out_reg[17]_i_56__0_n_9
    SLICE_X71Y135        LUT4 (Prop_E6LUT_SLICEL_I2_O)
                                                      0.035     6.806 r  g_int8.u_p254/u_mac_mul/p_out[17]_i_58__0/O
                         net (fo=1, routed)           0.086     6.892    g_int8.u_p254/u_mac_mul/p_out[17]_i_58__0_n_0
    SLICE_X71Y135        LUT5 (Prop_F6LUT_SLICEL_I4_O)
                                                      0.035     6.927 r  g_int8.u_p254/u_mac_mul/p_out[17]_i_17__0/O
                         net (fo=1, routed)           0.136     7.063    g_int8.u_p254/u_mac_mul/p_out[17]_i_17__0_n_0
    SLICE_X72Y135        LUT6 (Prop_D6LUT_SLICEL_I0_O)
                                                      0.122     7.185 r  g_int8.u_p254/u_mac_mul/p_out[17]_i_6__0/O
                         net (fo=1, routed)           0.085     7.270    g_int8.u_p254/u_mac_mul/p_out[17]_i_6__0_n_0
    SLICE_X72Y135        LUT5 (Prop_C6LUT_SLICEL_I1_O)
                                                      0.035     7.305 r  g_int8.u_p254/u_mac_mul/p_out[17]_i_3__0/O
                         net (fo=18, routed)          0.373     7.678    g_int8.u_p254/u_mac_mul/normalize01
    SLICE_X73Y126        LUT3 (Prop_C6LUT_SLICEM_I1_O)
                                                      0.051     7.729 r  g_int8.u_p254/u_mac_mul/p_out[4]_i_1__2/O
                         net (fo=1, routed)           0.066     7.795    g_int8.u_p254/u_mac_mul/normalize0_return[4]
    SLICE_X73Y126        FDRE                                         r  g_int8.u_p254/u_mac_mul/p_out_reg[4]/D
  -------------------------------------------------------------------    -------------------

                         (clock clk rise edge)        5.000     5.000 r  
    T8                                                0.000     5.000 r  clk (IN)
                         net (fo=0)                   0.000     5.000    clk_IBUF_inst/I
    T8                   INBUF (Prop_INBUF_HPIOB_M_PAD_O)
                                                      0.272     5.272 r  clk_IBUF_inst/INBUF_INST/O
                         net (fo=1, routed)           0.000     5.272    clk_IBUF_inst/OUT
    T8                   IBUFCTRL (Prop_IBUFCTRL_HPIOB_M_I_O)
                                                      0.000     5.272 r  clk_IBUF_inst/IBUFCTRL_INST/O
                         net (fo=1, routed)           0.293     5.565    clk_IBUF
    BUFGCE_X0Y77         BUFGCE (Prop_BUFCE_BUFGCE_I_O)
                                                      0.024     5.589 r  clk_IBUF_BUFG_inst/O
    X2Y1 (CLOCK_ROOT)    net (fo=1013, routed)        1.941     7.529    g_int8.u_p254/u_mac_mul/clk_IBUF_BUFG
    SLICE_X73Y126        FDRE                                         r  g_int8.u_p254/u_mac_mul/p_out_reg[4]/C
                         clock pessimism              0.448     7.978    
                         clock uncertainty           -0.035     7.942    
    SLICE_X73Y126        FDRE (Setup_CFF_SLICEM_C_D)
                                                      0.025     7.967    g_int8.u_p254/u_mac_mul/p_out_reg[4]
  -------------------------------------------------------------------
                         required time                          7.967    
                         arrival time                          -7.795    
  -------------------------------------------------------------------
                         slack                                  0.172    

Slack (MET) :             0.194ns  (required time - arrival time)
  Source:                 g_int8.u_p254/u_mac_mul/s4_reg[19]/C
                            (rising edge-triggered cell FDRE clocked by clk  {rise@0.000ns fall@2.500ns period=5.000ns})
  Destination:            g_int8.u_p254/u_mac_mul/p_out_reg[3]/D
                            (rising edge-triggered cell FDRE clocked by clk  {rise@0.000ns fall@2.500ns period=5.000ns})
  Path Group:             clk
  Path Type:              Setup (Max at Slow Process Corner)
  Requirement:            5.000ns  (clk rise@5.000ns - clk rise@0.000ns)
  Data Path Delay:        4.721ns  (logic 1.725ns (36.539%)  route 2.996ns (63.461%))
  Logic Levels:           17  (CARRY8=8 LUT2=1 LUT3=3 LUT4=2 LUT5=2 LUT6=1)
  Clock Path Skew:        -0.074ns (DCD - SCD + CPR)
    Destination Clock Delay (DCD):    2.529ns = ( 7.529 - 5.000 ) 
    Source Clock Delay      (SCD):    3.052ns
    Clock Pessimism Removal (CPR):    0.448ns
  Clock Uncertainty:      0.035ns  ((TSJ^2 + TIJ^2)^1/2 + DJ) / 2 + PE
    Total System Jitter     (TSJ):    0.071ns
    Total Input Jitter      (TIJ):    0.000ns
    Discrete Jitter          (DJ):    0.000ns
    Phase Error              (PE):    0.000ns
  Clock Net Delay (Source):      2.170ns (routing 1.289ns, distribution 0.881ns)
  Clock Net Delay (Destination): 1.941ns (routing 1.173ns, distribution 0.768ns)

    Location             Delay type                Incr(ns)  Path(ns)    Netlist Resource(s)
  -------------------------------------------------------------------    -------------------
                         (clock clk rise edge)        0.000     0.000 r  
    T8                                                0.000     0.000 r  clk (IN)
                         net (fo=0)                   0.000     0.000    clk_IBUF_inst/I
    T8                   INBUF (Prop_INBUF_HPIOB_M_PAD_O)
                                                      0.522     0.522 r  clk_IBUF_inst/INBUF_INST/O
                         net (fo=1, routed)           0.000     0.522    clk_IBUF_inst/OUT
    T8                   IBUFCTRL (Prop_IBUFCTRL_HPIOB_M_I_O)
                                                      0.000     0.522 r  clk_IBUF_inst/IBUFCTRL_INST/O
                         net (fo=1, routed)           0.332     0.854    clk_IBUF
    BUFGCE_X0Y77         BUFGCE (Prop_BUFCE_BUFGCE_I_O)
                                                      0.028     0.882 r  clk_IBUF_BUFG_inst/O
    X2Y1 (CLOCK_ROOT)    net (fo=1013, routed)        2.170     3.052    g_int8.u_p254/u_mac_mul/clk_IBUF_BUFG
    SLICE_X71Y121        FDRE                                         r  g_int8.u_p254/u_mac_mul/s4_reg[19]/C
  -------------------------------------------------------------------    -------------------
    SLICE_X71Y121        FDRE (Prop_DFF_SLICEL_C_Q)
                                                      0.079     3.131 r  g_int8.u_p254/u_mac_mul/s4_reg[19]/Q
                         net (fo=14, routed)          0.215     3.346    g_int8.u_p254/u_mac_mul/s4[19]
    SLICE_X69Y124        LUT2 (Prop_E6LUT_SLICEL_I0_O)
                                                      0.123     3.469 r  g_int8.u_p254/u_mac_mul/p_out[7]_i_25__0/O
                         net (fo=1, routed)           0.007     3.476    g_int8.u_p254/u_mac_mul/p_out[7]_i_25__0_n_0
    SLICE_X69Y124        CARRY8 (Prop_CARRY8_SLICEL_S[4]_CO[7])
                                                      0.153     3.629 r  g_int8.u_p254/u_mac_mul/p_out_reg[7]_i_12__0/CO[7]
                         net (fo=1, routed)           0.026     3.655    g_int8.u_p254/u_mac_mul/p_out_reg[7]_i_12__0_n_0
    SLICE_X69Y125        CARRY8 (Prop_CARRY8_SLICEL_CI_CO[7])
                                                      0.015     3.670 r  g_int8.u_p254/u_mac_mul/p_out_reg[7]_i_13__0/CO[7]
                         net (fo=1, routed)           0.026     3.696    g_int8.u_p254/u_mac_mul/p_out_reg[7]_i_13__0_n_0
    SLICE_X69Y126        CARRY8 (Prop_CARRY8_SLICEL_CI_O[5])
                                                      0.116     3.812 r  g_int8.u_p254/u_mac_mul/p_out_reg[17]_i_271__0/O[5]
                         net (fo=2, routed)           0.254     4.066    g_int8.u_p254/u_mac_mul/p_out_reg[17]_i_271__0_n_10
    SLICE_X70Y129        LUT3 (Prop_C5LUT_SLICEM_I2_O)
                                                      0.111     4.177 r  g_int8.u_p254/u_mac_mul/p_out[17]_i_167__0/O
                         net (fo=2, routed)           0.238     4.415    g_int8.u_p254/u_mac_mul/p_out[17]_i_167__0_n_0
    SLICE_X70Y129        LUT4 (Prop_D6LUT_SLICEM_I3_O)
                                                      0.099     4.514 r  g_int8.u_p254/u_mac_mul/p_out[17]_i_175__0/O
                         net (fo=1, routed)           0.025     4.539    g_int8.u_p254/u_mac_mul/p_out[17]_i_175__0_n_0
    SLICE_X70Y129        CARRY8 (Prop_CARRY8_SLICEM_S[3]_CO[7])
                                                      0.163     4.702 r  g_int8.u_p254/u_mac_mul/p_out_reg[17]_i_71__0/CO[7]
                         net (fo=1, routed)           0.026     4.728    g_int8.u_p254/u_mac_mul/p_out_reg[17]_i_71__0_n_0
    SLICE_X70Y130        CARRY8 (Prop_CARRY8_SLICEM_CI_O[6])
                                                      0.103     4.831 r  g_int8.u_p254/u_mac_mul/p_out_reg[17]_i_69__0/O[6]
                         net (fo=3, routed)           0.378     5.209    g_int8.u_p254/u_mac_mul/p_out_reg[17]_i_69__0_n_9
    SLICE_X73Y133        LUT3 (Prop_F6LUT_SLICEM_I1_O)
                                                      0.037     5.246 r  g_int8.u_p254/u_mac_mul/p_out[17]_i_97__0/O
                         net (fo=1, routed)           0.350     5.596    g_int8.u_p254/u_mac_mul/p_out[17]_i_97__0_n_0
    SLICE_X72Y131        CARRY8 (Prop_CARRY8_SLICEL_DI[3]_O[5])
                                                      0.177     5.773 r  g_int8.u_p254/u_mac_mul/p_out_reg[17]_i_54__0/O[5]
                         net (fo=1, routed)           0.382     6.155    g_int8.u_p254/u_mac_mul/fold_once0_return0[36]
    SLICE_X71Y131        CARRY8 (Prop_CARRY8_SLICEL_S[4]_CO[7])
                                                      0.153     6.308 r  g_int8.u_p254/u_mac_mul/p_out_reg[17]_i_109__0/CO[7]
                         net (fo=1, routed)           0.026     6.334    g_int8.u_p254/u_mac_mul/p_out_reg[17]_i_109__0_n_0
    SLICE_X71Y132        CARRY8 (Prop_CARRY8_SLICEL_CI_O[6])
                                                      0.103     6.437 r  g_int8.u_p254/u_mac_mul/p_out_reg[17]_i_56__0/O[6]
                         net (fo=1, routed)           0.334     6.771    g_int8.u_p254/u_mac_mul/p_out_reg[17]_i_56__0_n_9
    SLICE_X71Y135        LUT4 (Prop_E6LUT_SLICEL_I2_O)
                                                      0.035     6.806 r  g_int8.u_p254/u_mac_mul/p_out[17]_i_58__0/O
                         net (fo=1, routed)           0.086     6.892    g_int8.u_p254/u_mac_mul/p_out[17]_i_58__0_n_0
    SLICE_X71Y135        LUT5 (Prop_F6LUT_SLICEL_I4_O)
                                                      0.035     6.927 r  g_int8.u_p254/u_mac_mul/p_out[17]_i_17__0/O
                         net (fo=1, routed)           0.136     7.063    g_int8.u_p254/u_mac_mul/p_out[17]_i_17__0_n_0
    SLICE_X72Y135        LUT6 (Prop_D6LUT_SLICEL_I0_O)
                                                      0.122     7.185 r  g_int8.u_p254/u_mac_mul/p_out[17]_i_6__0/O
                         net (fo=1, routed)           0.085     7.270    g_int8.u_p254/u_mac_mul/p_out[17]_i_6__0_n_0
    SLICE_X72Y135        LUT5 (Prop_C6LUT_SLICEL_I1_O)
                                                      0.035     7.305 r  g_int8.u_p254/u_mac_mul/p_out[17]_i_3__0/O
                         net (fo=18, routed)          0.372     7.677    g_int8.u_p254/u_mac_mul/normalize01
    SLICE_X73Y126        LUT3 (Prop_D5LUT_SLICEM_I1_O)
                                                      0.066     7.743 r  g_int8.u_p254/u_mac_mul/p_out[3]_i_1__2/O
                         net (fo=1, routed)           0.030     7.773    g_int8.u_p254/u_mac_mul/normalize0_return[3]
    SLICE_X73Y126        FDRE                                         r  g_int8.u_p254/u_mac_mul/p_out_reg[3]/D
  -------------------------------------------------------------------    -------------------

                         (clock clk rise edge)        5.000     5.000 r  
    T8                                                0.000     5.000 r  clk (IN)
                         net (fo=0)                   0.000     5.000    clk_IBUF_inst/I
    T8                   INBUF (Prop_INBUF_HPIOB_M_PAD_O)
                                                      0.272     5.272 r  clk_IBUF_inst/INBUF_INST/O
                         net (fo=1, routed)           0.000     5.272    clk_IBUF_inst/OUT
    T8                   IBUFCTRL (Prop_IBUFCTRL_HPIOB_M_I_O)
                                                      0.000     5.272 r  clk_IBUF_inst/IBUFCTRL_INST/O
                         net (fo=1, routed)           0.293     5.565    clk_IBUF
    BUFGCE_X0Y77         BUFGCE (Prop_BUFCE_BUFGCE_I_O)
                                                      0.024     5.589 r  clk_IBUF_BUFG_inst/O
    X2Y1 (CLOCK_ROOT)    net (fo=1013, routed)        1.941     7.529    g_int8.u_p254/u_mac_mul/clk_IBUF_BUFG
    SLICE_X73Y126        FDRE                                         r  g_int8.u_p254/u_mac_mul/p_out_reg[3]/C
                         clock pessimism              0.448     7.978    
                         clock uncertainty           -0.035     7.942    
    SLICE_X73Y126        FDRE (Setup_DFF2_SLICEM_C_D)
                                                      0.025     7.967    g_int8.u_p254/u_mac_mul/p_out_reg[3]
  -------------------------------------------------------------------
                         required time                          7.967    
                         arrival time                          -7.773    
  -------------------------------------------------------------------
                         slack                                  0.194    

Slack (MET) :             0.194ns  (required time - arrival time)
  Source:                 g_int8.u_p254/u_mac_mul/s4_reg[19]/C
                            (rising edge-triggered cell FDRE clocked by clk  {rise@0.000ns fall@2.500ns period=5.000ns})
  Destination:            g_int8.u_p254/u_mac_mul/p_out_reg[5]/D
                            (rising edge-triggered cell FDRE clocked by clk  {rise@0.000ns fall@2.500ns period=5.000ns})
  Path Group:             clk
  Path Type:              Setup (Max at Slow Process Corner)
  Requirement:            5.000ns  (clk rise@5.000ns - clk rise@0.000ns)
  Data Path Delay:        4.721ns  (logic 1.727ns (36.582%)  route 2.994ns (63.418%))
  Logic Levels:           17  (CARRY8=8 LUT2=1 LUT3=3 LUT4=2 LUT5=2 LUT6=1)
  Clock Path Skew:        -0.074ns (DCD - SCD + CPR)
    Destination Clock Delay (DCD):    2.529ns = ( 7.529 - 5.000 ) 
    Source Clock Delay      (SCD):    3.052ns
    Clock Pessimism Removal (CPR):    0.448ns
  Clock Uncertainty:      0.035ns  ((TSJ^2 + TIJ^2)^1/2 + DJ) / 2 + PE
    Total System Jitter     (TSJ):    0.071ns
    Total Input Jitter      (TIJ):    0.000ns
    Discrete Jitter          (DJ):    0.000ns
    Phase Error              (PE):    0.000ns
  Clock Net Delay (Source):      2.170ns (routing 1.289ns, distribution 0.881ns)
  Clock Net Delay (Destination): 1.941ns (routing 1.173ns, distribution 0.768ns)

    Location             Delay type                Incr(ns)  Path(ns)    Netlist Resource(s)
  -------------------------------------------------------------------    -------------------
                         (clock clk rise edge)        0.000     0.000 r  
    T8                                                0.000     0.000 r  clk (IN)
                         net (fo=0)                   0.000     0.000    clk_IBUF_inst/I
    T8                   INBUF (Prop_INBUF_HPIOB_M_PAD_O)
                                                      0.522     0.522 r  clk_IBUF_inst/INBUF_INST/O
                         net (fo=1, routed)           0.000     0.522    clk_IBUF_inst/OUT
    T8                   IBUFCTRL (Prop_IBUFCTRL_HPIOB_M_I_O)
                                                      0.000     0.522 r  clk_IBUF_inst/IBUFCTRL_INST/O
                         net (fo=1, routed)           0.332     0.854    clk_IBUF
    BUFGCE_X0Y77         BUFGCE (Prop_BUFCE_BUFGCE_I_O)
                                                      0.028     0.882 r  clk_IBUF_BUFG_inst/O
    X2Y1 (CLOCK_ROOT)    net (fo=1013, routed)        2.170     3.052    g_int8.u_p254/u_mac_mul/clk_IBUF_BUFG
    SLICE_X71Y121        FDRE                                         r  g_int8.u_p254/u_mac_mul/s4_reg[19]/C
  -------------------------------------------------------------------    -------------------
    SLICE_X71Y121        FDRE (Prop_DFF_SLICEL_C_Q)
                                                      0.079     3.131 r  g_int8.u_p254/u_mac_mul/s4_reg[19]/Q
                         net (fo=14, routed)          0.215     3.346    g_int8.u_p254/u_mac_mul/s4[19]
    SLICE_X69Y124        LUT2 (Prop_E6LUT_SLICEL_I0_O)
                                                      0.123     3.469 r  g_int8.u_p254/u_mac_mul/p_out[7]_i_25__0/O
                         net (fo=1, routed)           0.007     3.476    g_int8.u_p254/u_mac_mul/p_out[7]_i_25__0_n_0
    SLICE_X69Y124        CARRY8 (Prop_CARRY8_SLICEL_S[4]_CO[7])
                                                      0.153     3.629 r  g_int8.u_p254/u_mac_mul/p_out_reg[7]_i_12__0/CO[7]
                         net (fo=1, routed)           0.026     3.655    g_int8.u_p254/u_mac_mul/p_out_reg[7]_i_12__0_n_0
    SLICE_X69Y125        CARRY8 (Prop_CARRY8_SLICEL_CI_CO[7])
                                                      0.015     3.670 r  g_int8.u_p254/u_mac_mul/p_out_reg[7]_i_13__0/CO[7]
                         net (fo=1, routed)           0.026     3.696    g_int8.u_p254/u_mac_mul/p_out_reg[7]_i_13__0_n_0
    SLICE_X69Y126        CARRY8 (Prop_CARRY8_SLICEL_CI_O[5])
                                                      0.116     3.812 r  g_int8.u_p254/u_mac_mul/p_out_reg[17]_i_271__0/O[5]
                         net (fo=2, routed)           0.254     4.066    g_int8.u_p254/u_mac_mul/p_out_reg[17]_i_271__0_n_10
    SLICE_X70Y129        LUT3 (Prop_C5LUT_SLICEM_I2_O)
                                                      0.111     4.177 r  g_int8.u_p254/u_mac_mul/p_out[17]_i_167__0/O
                         net (fo=2, routed)           0.238     4.415    g_int8.u_p254/u_mac_mul/p_out[17]_i_167__0_n_0
    SLICE_X70Y129        LUT4 (Prop_D6LUT_SLICEM_I3_O)
                                                      0.099     4.514 r  g_int8.u_p254/u_mac_mul/p_out[17]_i_175__0/O
                         net (fo=1, routed)           0.025     4.539    g_int8.u_p254/u_mac_mul/p_out[17]_i_175__0_n_0
    SLICE_X70Y129        CARRY8 (Prop_CARRY8_SLICEM_S[3]_CO[7])
                                                      0.163     4.702 r  g_int8.u_p254/u_mac_mul/p_out_reg[17]_i_71__0/CO[7]
                         net (fo=1, routed)           0.026     4.728    g_int8.u_p254/u_mac_mul/p_out_reg[17]_i_71__0_n_0
    SLICE_X70Y130        CARRY8 (Prop_CARRY8_SLICEM_CI_O[6])
                                                      0.103     4.831 r  g_int8.u_p254/u_mac_mul/p_out_reg[17]_i_69__0/O[6]
                         net (fo=3, routed)           0.378     5.209    g_int8.u_p254/u_mac_mul/p_out_reg[17]_i_69__0_n_9
    SLICE_X73Y133        LUT3 (Prop_F6LUT_SLICEM_I1_O)
                                                      0.037     5.246 r  g_int8.u_p254/u_mac_mul/p_out[17]_i_97__0/O
                         net (fo=1, routed)           0.350     5.596    g_int8.u_p254/u_mac_mul/p_out[17]_i_97__0_n_0
    SLICE_X72Y131        CARRY8 (Prop_CARRY8_SLICEL_DI[3]_O[5])
                                                      0.177     5.773 r  g_int8.u_p254/u_mac_mul/p_out_reg[17]_i_54__0/O[5]
                         net (fo=1, routed)           0.382     6.155    g_int8.u_p254/u_mac_mul/fold_once0_return0[36]
    SLICE_X71Y131        CARRY8 (Prop_CARRY8_SLICEL_S[4]_CO[7])
                                                      0.153     6.308 r  g_int8.u_p254/u_mac_mul/p_out_reg[17]_i_109__0/CO[7]
                         net (fo=1, routed)           0.026     6.334    g_int8.u_p254/u_mac_mul/p_out_reg[17]_i_109__0_n_0
    SLICE_X71Y132        CARRY8 (Prop_CARRY8_SLICEL_CI_O[6])
                                                      0.103     6.437 r  g_int8.u_p254/u_mac_mul/p_out_reg[17]_i_56__0/O[6]
                         net (fo=1, routed)           0.334     6.771    g_int8.u_p254/u_mac_mul/p_out_reg[17]_i_56__0_n_9
    SLICE_X71Y135        LUT4 (Prop_E6LUT_SLICEL_I2_O)
                                                      0.035     6.806 r  g_int8.u_p254/u_mac_mul/p_out[17]_i_58__0/O
                         net (fo=1, routed)           0.086     6.892    g_int8.u_p254/u_mac_mul/p_out[17]_i_58__0_n_0
    SLICE_X71Y135        LUT5 (Prop_F6LUT_SLICEL_I4_O)
                                                      0.035     6.927 r  g_int8.u_p254/u_mac_mul/p_out[17]_i_17__0/O
                         net (fo=1, routed)           0.136     7.063    g_int8.u_p254/u_mac_mul/p_out[17]_i_17__0_n_0
    SLICE_X72Y135        LUT6 (Prop_D6LUT_SLICEL_I0_O)
                                                      0.122     7.185 r  g_int8.u_p254/u_mac_mul/p_out[17]_i_6__0/O
                         net (fo=1, routed)           0.085     7.270    g_int8.u_p254/u_mac_mul/p_out[17]_i_6__0_n_0
    SLICE_X72Y135        LUT5 (Prop_C6LUT_SLICEL_I1_O)
                                                      0.035     7.305 r  g_int8.u_p254/u_mac_mul/p_out[17]_i_3__0/O
                         net (fo=18, routed)          0.373     7.678    g_int8.u_p254/u_mac_mul/normalize01
    SLICE_X73Y126        LUT3 (Prop_C5LUT_SLICEM_I1_O)
                                                      0.068     7.746 r  g_int8.u_p254/u_mac_mul/p_out[5]_i_1__2/O
                         net (fo=1, routed)           0.027     7.773    g_int8.u_p254/u_mac_mul/normalize0_return[5]
    SLICE_X73Y126        FDRE                                         r  g_int8.u_p254/u_mac_mul/p_out_reg[5]/D
  -------------------------------------------------------------------    -------------------

                         (clock clk rise edge)        5.000     5.000 r  
    T8                                                0.000     5.000 r  clk (IN)
                         net (fo=0)                   0.000     5.000    clk_IBUF_inst/I
    T8                   INBUF (Prop_INBUF_HPIOB_M_PAD_O)
                                                      0.272     5.272 r  clk_IBUF_inst/INBUF_INST/O
                         net (fo=1, routed)           0.000     5.272    clk_IBUF_inst/OUT
    T8                   IBUFCTRL (Prop_IBUFCTRL_HPIOB_M_I_O)
                                                      0.000     5.272 r  clk_IBUF_inst/IBUFCTRL_INST/O
                         net (fo=1, routed)           0.293     5.565    clk_IBUF
    BUFGCE_X0Y77         BUFGCE (Prop_BUFCE_BUFGCE_I_O)
                                                      0.024     5.589 r  clk_IBUF_BUFG_inst/O
    X2Y1 (CLOCK_ROOT)    net (fo=1013, routed)        1.941     7.529    g_int8.u_p254/u_mac_mul/clk_IBUF_BUFG
    SLICE_X73Y126        FDRE                                         r  g_int8.u_p254/u_mac_mul/p_out_reg[5]/C
                         clock pessimism              0.448     7.978    
                         clock uncertainty           -0.035     7.942    
    SLICE_X73Y126        FDRE (Setup_CFF2_SLICEM_C_D)
                                                      0.025     7.967    g_int8.u_p254/u_mac_mul/p_out_reg[5]
  -------------------------------------------------------------------
                         required time                          7.967    
                         arrival time                          -7.773    
  -------------------------------------------------------------------
                         slack                                  0.194    

Slack (MET) :             0.225ns  (required time - arrival time)
  Source:                 g_int8.u_p254/u_mac_mul/s4_reg[19]/C
                            (rising edge-triggered cell FDRE clocked by clk  {rise@0.000ns fall@2.500ns period=5.000ns})
  Destination:            g_int8.u_p254/u_mac_mul/p_out_reg[10]/D
                            (rising edge-triggered cell FDRE clocked by clk  {rise@0.000ns fall@2.500ns period=5.000ns})
  Path Group:             clk
  Path Type:              Setup (Max at Slow Process Corner)
  Requirement:            5.000ns  (clk rise@5.000ns - clk rise@0.000ns)
  Data Path Delay:        4.689ns  (logic 1.712ns (36.511%)  route 2.977ns (63.489%))
  Logic Levels:           17  (CARRY8=8 LUT2=1 LUT3=3 LUT4=2 LUT5=2 LUT6=1)
  Clock Path Skew:        -0.075ns (DCD - SCD + CPR)
    Destination Clock Delay (DCD):    2.528ns = ( 7.528 - 5.000 ) 
    Source Clock Delay      (SCD):    3.052ns
    Clock Pessimism Removal (CPR):    0.448ns
  Clock Uncertainty:      0.035ns  ((TSJ^2 + TIJ^2)^1/2 + DJ) / 2 + PE
    Total System Jitter     (TSJ):    0.071ns
    Total Input Jitter      (TIJ):    0.000ns
    Discrete Jitter          (DJ):    0.000ns
    Phase Error              (PE):    0.000ns
  Clock Net Delay (Source):      2.170ns (routing 1.289ns, distribution 0.881ns)
  Clock Net Delay (Destination): 1.940ns (routing 1.173ns, distribution 0.767ns)

    Location             Delay type                Incr(ns)  Path(ns)    Netlist Resource(s)
  -------------------------------------------------------------------    -------------------
                         (clock clk rise edge)        0.000     0.000 r  
    T8                                                0.000     0.000 r  clk (IN)
                         net (fo=0)                   0.000     0.000    clk_IBUF_inst/I
    T8                   INBUF (Prop_INBUF_HPIOB_M_PAD_O)
                                                      0.522     0.522 r  clk_IBUF_inst/INBUF_INST/O
                         net (fo=1, routed)           0.000     0.522    clk_IBUF_inst/OUT
    T8                   IBUFCTRL (Prop_IBUFCTRL_HPIOB_M_I_O)
                                                      0.000     0.522 r  clk_IBUF_inst/IBUFCTRL_INST/O
                         net (fo=1, routed)           0.332     0.854    clk_IBUF
    BUFGCE_X0Y77         BUFGCE (Prop_BUFCE_BUFGCE_I_O)
                                                      0.028     0.882 r  clk_IBUF_BUFG_inst/O
    X2Y1 (CLOCK_ROOT)    net (fo=1013, routed)        2.170     3.052    g_int8.u_p254/u_mac_mul/clk_IBUF_BUFG
    SLICE_X71Y121        FDRE                                         r  g_int8.u_p254/u_mac_mul/s4_reg[19]/C
  -------------------------------------------------------------------    -------------------
    SLICE_X71Y121        FDRE (Prop_DFF_SLICEL_C_Q)
                                                      0.079     3.131 r  g_int8.u_p254/u_mac_mul/s4_reg[19]/Q
                         net (fo=14, routed)          0.215     3.346    g_int8.u_p254/u_mac_mul/s4[19]
    SLICE_X69Y124        LUT2 (Prop_E6LUT_SLICEL_I0_O)
                                                      0.123     3.469 r  g_int8.u_p254/u_mac_mul/p_out[7]_i_25__0/O
                         net (fo=1, routed)           0.007     3.476    g_int8.u_p254/u_mac_mul/p_out[7]_i_25__0_n_0
    SLICE_X69Y124        CARRY8 (Prop_CARRY8_SLICEL_S[4]_CO[7])
                                                      0.153     3.629 r  g_int8.u_p254/u_mac_mul/p_out_reg[7]_i_12__0/CO[7]
                         net (fo=1, routed)           0.026     3.655    g_int8.u_p254/u_mac_mul/p_out_reg[7]_i_12__0_n_0
    SLICE_X69Y125        CARRY8 (Prop_CARRY8_SLICEL_CI_CO[7])
                                                      0.015     3.670 r  g_int8.u_p254/u_mac_mul/p_out_reg[7]_i_13__0/CO[7]
                         net (fo=1, routed)           0.026     3.696    g_int8.u_p254/u_mac_mul/p_out_reg[7]_i_13__0_n_0
    SLICE_X69Y126        CARRY8 (Prop_CARRY8_SLICEL_CI_O[5])
                                                      0.116     3.812 r  g_int8.u_p254/u_mac_mul/p_out_reg[17]_i_271__0/O[5]
                         net (fo=2, routed)           0.254     4.066    g_int8.u_p254/u_mac_mul/p_out_reg[17]_i_271__0_n_10
    SLICE_X70Y129        LUT3 (Prop_C5LUT_SLICEM_I2_O)
                                                      0.111     4.177 r  g_int8.u_p254/u_mac_mul/p_out[17]_i_167__0/O
                         net (fo=2, routed)           0.238     4.415    g_int8.u_p254/u_mac_mul/p_out[17]_i_167__0_n_0
    SLICE_X70Y129        LUT4 (Prop_D6LUT_SLICEM_I3_O)
                                                      0.099     4.514 r  g_int8.u_p254/u_mac_mul/p_out[17]_i_175__0/O
                         net (fo=1, routed)           0.025     4.539    g_int8.u_p254/u_mac_mul/p_out[17]_i_175__0_n_0
    SLICE_X70Y129        CARRY8 (Prop_CARRY8_SLICEM_S[3]_CO[7])
                                                      0.163     4.702 r  g_int8.u_p254/u_mac_mul/p_out_reg[17]_i_71__0/CO[7]
                         net (fo=1, routed)           0.026     4.728    g_int8.u_p254/u_mac_mul/p_out_reg[17]_i_71__0_n_0
    SLICE_X70Y130        CARRY8 (Prop_CARRY8_SLICEM_CI_O[6])
                                                      0.103     4.831 r  g_int8.u_p254/u_mac_mul/p_out_reg[17]_i_69__0/O[6]
                         net (fo=3, routed)           0.378     5.209    g_int8.u_p254/u_mac_mul/p_out_reg[17]_i_69__0_n_9
    SLICE_X73Y133        LUT3 (Prop_F6LUT_SLICEM_I1_O)
                                                      0.037     5.246 r  g_int8.u_p254/u_mac_mul/p_out[17]_i_97__0/O
                         net (fo=1, routed)           0.350     5.596    g_int8.u_p254/u_mac_mul/p_out[17]_i_97__0_n_0
    SLICE_X72Y131        CARRY8 (Prop_CARRY8_SLICEL_DI[3]_O[5])
                                                      0.177     5.773 r  g_int8.u_p254/u_mac_mul/p_out_reg[17]_i_54__0/O[5]
                         net (fo=1, routed)           0.382     6.155    g_int8.u_p254/u_mac_mul/fold_once0_return0[36]
    SLICE_X71Y131        CARRY8 (Prop_CARRY8_SLICEL_S[4]_CO[7])
                                                      0.153     6.308 r  g_int8.u_p254/u_mac_mul/p_out_reg[17]_i_109__0/CO[7]
                         net (fo=1, routed)           0.026     6.334    g_int8.u_p254/u_mac_mul/p_out_reg[17]_i_109__0_n_0
    SLICE_X71Y132        CARRY8 (Prop_CARRY8_SLICEL_CI_O[6])
                                                      0.103     6.437 r  g_int8.u_p254/u_mac_mul/p_out_reg[17]_i_56__0/O[6]
                         net (fo=1, routed)           0.334     6.771    g_int8.u_p254/u_mac_mul/p_out_reg[17]_i_56__0_n_9
    SLICE_X71Y135        LUT4 (Prop_E6LUT_SLICEL_I2_O)
                                                      0.035     6.806 r  g_int8.u_p254/u_mac_mul/p_out[17]_i_58__0/O
                         net (fo=1, routed)           0.086     6.892    g_int8.u_p254/u_mac_mul/p_out[17]_i_58__0_n_0
    SLICE_X71Y135        LUT5 (Prop_F6LUT_SLICEL_I4_O)
                                                      0.035     6.927 r  g_int8.u_p254/u_mac_mul/p_out[17]_i_17__0/O
                         net (fo=1, routed)           0.136     7.063    g_int8.u_p254/u_mac_mul/p_out[17]_i_17__0_n_0
    SLICE_X72Y135        LUT6 (Prop_D6LUT_SLICEL_I0_O)
                                                      0.122     7.185 r  g_int8.u_p254/u_mac_mul/p_out[17]_i_6__0/O
                         net (fo=1, routed)           0.085     7.270    g_int8.u_p254/u_mac_mul/p_out[17]_i_6__0_n_0
    SLICE_X72Y135        LUT5 (Prop_C6LUT_SLICEL_I1_O)
                                                      0.035     7.305 r  g_int8.u_p254/u_mac_mul/p_out[17]_i_3__0/O
                         net (fo=18, routed)          0.325     7.630    g_int8.u_p254/u_mac_mul/normalize01
    SLICE_X73Y126        LUT3 (Prop_H6LUT_SLICEM_I1_O)
                                                      0.053     7.683 r  g_int8.u_p254/u_mac_mul/p_out[10]_i_1__2/O
                         net (fo=1, routed)           0.058     7.741    g_int8.u_p254/u_mac_mul/normalize0_return[10]
    SLICE_X73Y126        FDRE                                         r  g_int8.u_p254/u_mac_mul/p_out_reg[10]/D
  -------------------------------------------------------------------    -------------------

                         (clock clk rise edge)        5.000     5.000 r  
    T8                                                0.000     5.000 r  clk (IN)
                         net (fo=0)                   0.000     5.000    clk_IBUF_inst/I
    T8                   INBUF (Prop_INBUF_HPIOB_M_PAD_O)
                                                      0.272     5.272 r  clk_IBUF_inst/INBUF_INST/O
                         net (fo=1, routed)           0.000     5.272    clk_IBUF_inst/OUT
    T8                   IBUFCTRL (Prop_IBUFCTRL_HPIOB_M_I_O)
                                                      0.000     5.272 r  clk_IBUF_inst/IBUFCTRL_INST/O
                         net (fo=1, routed)           0.293     5.565    clk_IBUF
    BUFGCE_X0Y77         BUFGCE (Prop_BUFCE_BUFGCE_I_O)
                                                      0.024     5.589 r  clk_IBUF_BUFG_inst/O
    X2Y1 (CLOCK_ROOT)    net (fo=1013, routed)        1.940     7.528    g_int8.u_p254/u_mac_mul/clk_IBUF_BUFG
    SLICE_X73Y126        FDRE                                         r  g_int8.u_p254/u_mac_mul/p_out_reg[10]/C
                         clock pessimism              0.448     7.977    
                         clock uncertainty           -0.035     7.941    
    SLICE_X73Y126        FDRE (Setup_HFF_SLICEM_C_D)
                                                      0.025     7.966    g_int8.u_p254/u_mac_mul/p_out_reg[10]
  -------------------------------------------------------------------
                         required time                          7.966    
                         arrival time                          -7.741    
  -------------------------------------------------------------------
                         slack                                  0.225    

Slack (MET) :             0.229ns  (required time - arrival time)
  Source:                 g_int8.u_p254/u_mac_mul/s4_reg[19]/C
                            (rising edge-triggered cell FDRE clocked by clk  {rise@0.000ns fall@2.500ns period=5.000ns})
  Destination:            g_int8.u_p254/u_mac_mul/p_out_reg[8]/D
                            (rising edge-triggered cell FDRE clocked by clk  {rise@0.000ns fall@2.500ns period=5.000ns})
  Path Group:             clk
  Path Type:              Setup (Max at Slow Process Corner)
  Requirement:            5.000ns  (clk rise@5.000ns - clk rise@0.000ns)
  Data Path Delay:        4.685ns  (logic 1.711ns (36.520%)  route 2.974ns (63.480%))
  Logic Levels:           17  (CARRY8=8 LUT2=1 LUT3=3 LUT4=2 LUT5=2 LUT6=1)
  Clock Path Skew:        -0.075ns (DCD - SCD + CPR)
    Destination Clock Delay (DCD):    2.528ns = ( 7.528 - 5.000 ) 
    Source Clock Delay      (SCD):    3.052ns
    Clock Pessimism Removal (CPR):    0.448ns
  Clock Uncertainty:      0.035ns  ((TSJ^2 + TIJ^2)^1/2 + DJ) / 2 + PE
    Total System Jitter     (TSJ):    0.071ns
    Total Input Jitter      (TIJ):    0.000ns
    Discrete Jitter          (DJ):    0.000ns
    Phase Error              (PE):    0.000ns
  Clock Net Delay (Source):      2.170ns (routing 1.289ns, distribution 0.881ns)
  Clock Net Delay (Destination): 1.940ns (routing 1.173ns, distribution 0.767ns)

    Location             Delay type                Incr(ns)  Path(ns)    Netlist Resource(s)
  -------------------------------------------------------------------    -------------------
                         (clock clk rise edge)        0.000     0.000 r  
    T8                                                0.000     0.000 r  clk (IN)
                         net (fo=0)                   0.000     0.000    clk_IBUF_inst/I
    T8                   INBUF (Prop_INBUF_HPIOB_M_PAD_O)
                                                      0.522     0.522 r  clk_IBUF_inst/INBUF_INST/O
                         net (fo=1, routed)           0.000     0.522    clk_IBUF_inst/OUT
    T8                   IBUFCTRL (Prop_IBUFCTRL_HPIOB_M_I_O)
                                                      0.000     0.522 r  clk_IBUF_inst/IBUFCTRL_INST/O
                         net (fo=1, routed)           0.332     0.854    clk_IBUF
    BUFGCE_X0Y77         BUFGCE (Prop_BUFCE_BUFGCE_I_O)
                                                      0.028     0.882 r  clk_IBUF_BUFG_inst/O
    X2Y1 (CLOCK_ROOT)    net (fo=1013, routed)        2.170     3.052    g_int8.u_p254/u_mac_mul/clk_IBUF_BUFG
    SLICE_X71Y121        FDRE                                         r  g_int8.u_p254/u_mac_mul/s4_reg[19]/C
  -------------------------------------------------------------------    -------------------
    SLICE_X71Y121        FDRE (Prop_DFF_SLICEL_C_Q)
                                                      0.079     3.131 r  g_int8.u_p254/u_mac_mul/s4_reg[19]/Q
                         net (fo=14, routed)          0.215     3.346    g_int8.u_p254/u_mac_mul/s4[19]
    SLICE_X69Y124        LUT2 (Prop_E6LUT_SLICEL_I0_O)
                                                      0.123     3.469 r  g_int8.u_p254/u_mac_mul/p_out[7]_i_25__0/O
                         net (fo=1, routed)           0.007     3.476    g_int8.u_p254/u_mac_mul/p_out[7]_i_25__0_n_0
    SLICE_X69Y124        CARRY8 (Prop_CARRY8_SLICEL_S[4]_CO[7])
                                                      0.153     3.629 r  g_int8.u_p254/u_mac_mul/p_out_reg[7]_i_12__0/CO[7]
                         net (fo=1, routed)           0.026     3.655    g_int8.u_p254/u_mac_mul/p_out_reg[7]_i_12__0_n_0
    SLICE_X69Y125        CARRY8 (Prop_CARRY8_SLICEL_CI_CO[7])
                                                      0.015     3.670 r  g_int8.u_p254/u_mac_mul/p_out_reg[7]_i_13__0/CO[7]
                         net (fo=1, routed)           0.026     3.696    g_int8.u_p254/u_mac_mul/p_out_reg[7]_i_13__0_n_0
    SLICE_X69Y126        CARRY8 (Prop_CARRY8_SLICEL_CI_O[5])
                                                      0.116     3.812 r  g_int8.u_p254/u_mac_mul/p_out_reg[17]_i_271__0/O[5]
                         net (fo=2, routed)           0.254     4.066    g_int8.u_p254/u_mac_mul/p_out_reg[17]_i_271__0_n_10
    SLICE_X70Y129        LUT3 (Prop_C5LUT_SLICEM_I2_O)
                                                      0.111     4.177 r  g_int8.u_p254/u_mac_mul/p_out[17]_i_167__0/O
                         net (fo=2, routed)           0.238     4.415    g_int8.u_p254/u_mac_mul/p_out[17]_i_167__0_n_0
    SLICE_X70Y129        LUT4 (Prop_D6LUT_SLICEM_I3_O)
                                                      0.099     4.514 r  g_int8.u_p254/u_mac_mul/p_out[17]_i_175__0/O
                         net (fo=1, routed)           0.025     4.539    g_int8.u_p254/u_mac_mul/p_out[17]_i_175__0_n_0
    SLICE_X70Y129        CARRY8 (Prop_CARRY8_SLICEM_S[3]_CO[7])
                                                      0.163     4.702 r  g_int8.u_p254/u_mac_mul/p_out_reg[17]_i_71__0/CO[7]
                         net (fo=1, routed)           0.026     4.728    g_int8.u_p254/u_mac_mul/p_out_reg[17]_i_71__0_n_0
    SLICE_X70Y130        CARRY8 (Prop_CARRY8_SLICEM_CI_O[6])
                                                      0.103     4.831 r  g_int8.u_p254/u_mac_mul/p_out_reg[17]_i_69__0/O[6]
                         net (fo=3, routed)           0.378     5.209    g_int8.u_p254/u_mac_mul/p_out_reg[17]_i_69__0_n_9
    SLICE_X73Y133        LUT3 (Prop_F6LUT_SLICEM_I1_O)
                                                      0.037     5.246 r  g_int8.u_p254/u_mac_mul/p_out[17]_i_97__0/O
                         net (fo=1, routed)           0.350     5.596    g_int8.u_p254/u_mac_mul/p_out[17]_i_97__0_n_0
    SLICE_X72Y131        CARRY8 (Prop_CARRY8_SLICEL_DI[3]_O[5])
                                                      0.177     5.773 r  g_int8.u_p254/u_mac_mul/p_out_reg[17]_i_54__0/O[5]
                         net (fo=1, routed)           0.382     6.155    g_int8.u_p254/u_mac_mul/fold_once0_return0[36]
    SLICE_X71Y131        CARRY8 (Prop_CARRY8_SLICEL_S[4]_CO[7])
                                                      0.153     6.308 r  g_int8.u_p254/u_mac_mul/p_out_reg[17]_i_109__0/CO[7]
                         net (fo=1, routed)           0.026     6.334    g_int8.u_p254/u_mac_mul/p_out_reg[17]_i_109__0_n_0
    SLICE_X71Y132        CARRY8 (Prop_CARRY8_SLICEL_CI_O[6])
                                                      0.103     6.437 r  g_int8.u_p254/u_mac_mul/p_out_reg[17]_i_56__0/O[6]
                         net (fo=1, routed)           0.334     6.771    g_int8.u_p254/u_mac_mul/p_out_reg[17]_i_56__0_n_9
    SLICE_X71Y135        LUT4 (Prop_E6LUT_SLICEL_I2_O)
                                                      0.035     6.806 r  g_int8.u_p254/u_mac_mul/p_out[17]_i_58__0/O
                         net (fo=1, routed)           0.086     6.892    g_int8.u_p254/u_mac_mul/p_out[17]_i_58__0_n_0
    SLICE_X71Y135        LUT5 (Prop_F6LUT_SLICEL_I4_O)
                                                      0.035     6.927 r  g_int8.u_p254/u_mac_mul/p_out[17]_i_17__0/O
                         net (fo=1, routed)           0.136     7.063    g_int8.u_p254/u_mac_mul/p_out[17]_i_17__0_n_0
    SLICE_X72Y135        LUT6 (Prop_D6LUT_SLICEL_I0_O)
                                                      0.122     7.185 r  g_int8.u_p254/u_mac_mul/p_out[17]_i_6__0/O
                         net (fo=1, routed)           0.085     7.270    g_int8.u_p254/u_mac_mul/p_out[17]_i_6__0_n_0
    SLICE_X72Y135        LUT5 (Prop_C6LUT_SLICEL_I1_O)
                                                      0.035     7.305 r  g_int8.u_p254/u_mac_mul/p_out[17]_i_3__0/O
                         net (fo=18, routed)          0.321     7.626    g_int8.u_p254/u_mac_mul/normalize01
    SLICE_X73Y126        LUT3 (Prop_G6LUT_SLICEM_I1_O)
                                                      0.052     7.678 r  g_int8.u_p254/u_mac_mul/p_out[8]_i_1__2/O
                         net (fo=1, routed)           0.059     7.737    g_int8.u_p254/u_mac_mul/normalize0_return[8]
    SLICE_X73Y126        FDRE                                         r  g_int8.u_p254/u_mac_mul/p_out_reg[8]/D
  -------------------------------------------------------------------    -------------------

                         (clock clk rise edge)        5.000     5.000 r  
    T8                                                0.000     5.000 r  clk (IN)
                         net (fo=0)                   0.000     5.000    clk_IBUF_inst/I
    T8                   INBUF (Prop_INBUF_HPIOB_M_PAD_O)
                                                      0.272     5.272 r  clk_IBUF_inst/INBUF_INST/O
                         net (fo=1, routed)           0.000     5.272    clk_IBUF_inst/OUT
    T8                   IBUFCTRL (Prop_IBUFCTRL_HPIOB_M_I_O)
                                                      0.000     5.272 r  clk_IBUF_inst/IBUFCTRL_INST/O
                         net (fo=1, routed)           0.293     5.565    clk_IBUF
    BUFGCE_X0Y77         BUFGCE (Prop_BUFCE_BUFGCE_I_O)
                                                      0.024     5.589 r  clk_IBUF_BUFG_inst/O
    X2Y1 (CLOCK_ROOT)    net (fo=1013, routed)        1.940     7.528    g_int8.u_p254/u_mac_mul/clk_IBUF_BUFG
    SLICE_X73Y126        FDRE                                         r  g_int8.u_p254/u_mac_mul/p_out_reg[8]/C
                         clock pessimism              0.448     7.977    
                         clock uncertainty           -0.035     7.941    
    SLICE_X73Y126        FDRE (Setup_GFF_SLICEM_C_D)
                                                      0.025     7.966    g_int8.u_p254/u_mac_mul/p_out_reg[8]
  -------------------------------------------------------------------
                         required time                          7.966    
                         arrival time                          -7.737    
  -------------------------------------------------------------------
                         slack                                  0.229    

Slack (MET) :             0.249ns  (required time - arrival time)
  Source:                 g_int8.u_p254/u_mac_mul/s4_reg[19]/C
                            (rising edge-triggered cell FDRE clocked by clk  {rise@0.000ns fall@2.500ns period=5.000ns})
  Destination:            g_int8.u_p254/u_mac_mul/p_out_reg[9]/D
                            (rising edge-triggered cell FDRE clocked by clk  {rise@0.000ns fall@2.500ns period=5.000ns})
  Path Group:             clk
  Path Type:              Setup (Max at Slow Process Corner)
  Requirement:            5.000ns  (clk rise@5.000ns - clk rise@0.000ns)
  Data Path Delay:        4.665ns  (logic 1.727ns (37.020%)  route 2.938ns (62.980%))
  Logic Levels:           17  (CARRY8=8 LUT2=1 LUT3=3 LUT4=2 LUT5=2 LUT6=1)
  Clock Path Skew:        -0.075ns (DCD - SCD + CPR)
    Destination Clock Delay (DCD):    2.528ns = ( 7.528 - 5.000 ) 
    Source Clock Delay      (SCD):    3.052ns
    Clock Pessimism Removal (CPR):    0.448ns
  Clock Uncertainty:      0.035ns  ((TSJ^2 + TIJ^2)^1/2 + DJ) / 2 + PE
    Total System Jitter     (TSJ):    0.071ns
    Total Input Jitter      (TIJ):    0.000ns
    Discrete Jitter          (DJ):    0.000ns
    Phase Error              (PE):    0.000ns
  Clock Net Delay (Source):      2.170ns (routing 1.289ns, distribution 0.881ns)
  Clock Net Delay (Destination): 1.940ns (routing 1.173ns, distribution 0.767ns)

    Location             Delay type                Incr(ns)  Path(ns)    Netlist Resource(s)
  -------------------------------------------------------------------    -------------------
                         (clock clk rise edge)        0.000     0.000 r  
    T8                                                0.000     0.000 r  clk (IN)
                         net (fo=0)                   0.000     0.000    clk_IBUF_inst/I
    T8                   INBUF (Prop_INBUF_HPIOB_M_PAD_O)
                                                      0.522     0.522 r  clk_IBUF_inst/INBUF_INST/O
                         net (fo=1, routed)           0.000     0.522    clk_IBUF_inst/OUT
    T8                   IBUFCTRL (Prop_IBUFCTRL_HPIOB_M_I_O)
                                                      0.000     0.522 r  clk_IBUF_inst/IBUFCTRL_INST/O
                         net (fo=1, routed)           0.332     0.854    clk_IBUF
    BUFGCE_X0Y77         BUFGCE (Prop_BUFCE_BUFGCE_I_O)
                                                      0.028     0.882 r  clk_IBUF_BUFG_inst/O
    X2Y1 (CLOCK_ROOT)    net (fo=1013, routed)        2.170     3.052    g_int8.u_p254/u_mac_mul/clk_IBUF_BUFG
    SLICE_X71Y121        FDRE                                         r  g_int8.u_p254/u_mac_mul/s4_reg[19]/C
  -------------------------------------------------------------------    -------------------
    SLICE_X71Y121        FDRE (Prop_DFF_SLICEL_C_Q)
                                                      0.079     3.131 r  g_int8.u_p254/u_mac_mul/s4_reg[19]/Q
                         net (fo=14, routed)          0.215     3.346    g_int8.u_p254/u_mac_mul/s4[19]
    SLICE_X69Y124        LUT2 (Prop_E6LUT_SLICEL_I0_O)
                                                      0.123     3.469 r  g_int8.u_p254/u_mac_mul/p_out[7]_i_25__0/O
                         net (fo=1, routed)           0.007     3.476    g_int8.u_p254/u_mac_mul/p_out[7]_i_25__0_n_0
    SLICE_X69Y124        CARRY8 (Prop_CARRY8_SLICEL_S[4]_CO[7])
                                                      0.153     3.629 r  g_int8.u_p254/u_mac_mul/p_out_reg[7]_i_12__0/CO[7]
                         net (fo=1, routed)           0.026     3.655    g_int8.u_p254/u_mac_mul/p_out_reg[7]_i_12__0_n_0
    SLICE_X69Y125        CARRY8 (Prop_CARRY8_SLICEL_CI_CO[7])
                                                      0.015     3.670 r  g_int8.u_p254/u_mac_mul/p_out_reg[7]_i_13__0/CO[7]
                         net (fo=1, routed)           0.026     3.696    g_int8.u_p254/u_mac_mul/p_out_reg[7]_i_13__0_n_0
    SLICE_X69Y126        CARRY8 (Prop_CARRY8_SLICEL_CI_O[5])
                                                      0.116     3.812 r  g_int8.u_p254/u_mac_mul/p_out_reg[17]_i_271__0/O[5]
                         net (fo=2, routed)           0.254     4.066    g_int8.u_p254/u_mac_mul/p_out_reg[17]_i_271__0_n_10
    SLICE_X70Y129        LUT3 (Prop_C5LUT_SLICEM_I2_O)
                                                      0.111     4.177 r  g_int8.u_p254/u_mac_mul/p_out[17]_i_167__0/O
                         net (fo=2, routed)           0.238     4.415    g_int8.u_p254/u_mac_mul/p_out[17]_i_167__0_n_0
    SLICE_X70Y129        LUT4 (Prop_D6LUT_SLICEM_I3_O)
                                                      0.099     4.514 r  g_int8.u_p254/u_mac_mul/p_out[17]_i_175__0/O
                         net (fo=1, routed)           0.025     4.539    g_int8.u_p254/u_mac_mul/p_out[17]_i_175__0_n_0
    SLICE_X70Y129        CARRY8 (Prop_CARRY8_SLICEM_S[3]_CO[7])
                                                      0.163     4.702 r  g_int8.u_p254/u_mac_mul/p_out_reg[17]_i_71__0/CO[7]
                         net (fo=1, routed)           0.026     4.728    g_int8.u_p254/u_mac_mul/p_out_reg[17]_i_71__0_n_0
    SLICE_X70Y130        CARRY8 (Prop_CARRY8_SLICEM_CI_O[6])
                                                      0.103     4.831 r  g_int8.u_p254/u_mac_mul/p_out_reg[17]_i_69__0/O[6]
                         net (fo=3, routed)           0.378     5.209    g_int8.u_p254/u_mac_mul/p_out_reg[17]_i_69__0_n_9
    SLICE_X73Y133        LUT3 (Prop_F6LUT_SLICEM_I1_O)
                                                      0.037     5.246 r  g_int8.u_p254/u_mac_mul/p_out[17]_i_97__0/O
                         net (fo=1, routed)           0.350     5.596    g_int8.u_p254/u_mac_mul/p_out[17]_i_97__0_n_0
    SLICE_X72Y131        CARRY8 (Prop_CARRY8_SLICEL_DI[3]_O[5])
                                                      0.177     5.773 r  g_int8.u_p254/u_mac_mul/p_out_reg[17]_i_54__0/O[5]
                         net (fo=1, routed)           0.382     6.155    g_int8.u_p254/u_mac_mul/fold_once0_return0[36]
    SLICE_X71Y131        CARRY8 (Prop_CARRY8_SLICEL_S[4]_CO[7])
                                                      0.153     6.308 r  g_int8.u_p254/u_mac_mul/p_out_reg[17]_i_109__0/CO[7]
                         net (fo=1, routed)           0.026     6.334    g_int8.u_p254/u_mac_mul/p_out_reg[17]_i_109__0_n_0
    SLICE_X71Y132        CARRY8 (Prop_CARRY8_SLICEL_CI_O[6])
                                                      0.103     6.437 r  g_int8.u_p254/u_mac_mul/p_out_reg[17]_i_56__0/O[6]
                         net (fo=1, routed)           0.334     6.771    g_int8.u_p254/u_mac_mul/p_out_reg[17]_i_56__0_n_9
    SLICE_X71Y135        LUT4 (Prop_E6LUT_SLICEL_I2_O)
                                                      0.035     6.806 r  g_int8.u_p254/u_mac_mul/p_out[17]_i_58__0/O
                         net (fo=1, routed)           0.086     6.892    g_int8.u_p254/u_mac_mul/p_out[17]_i_58__0_n_0
    SLICE_X71Y135        LUT5 (Prop_F6LUT_SLICEL_I4_O)
                                                      0.035     6.927 r  g_int8.u_p254/u_mac_mul/p_out[17]_i_17__0/O
                         net (fo=1, routed)           0.136     7.063    g_int8.u_p254/u_mac_mul/p_out[17]_i_17__0_n_0
    SLICE_X72Y135        LUT6 (Prop_D6LUT_SLICEL_I0_O)
                                                      0.122     7.185 r  g_int8.u_p254/u_mac_mul/p_out[17]_i_6__0/O
                         net (fo=1, routed)           0.085     7.270    g_int8.u_p254/u_mac_mul/p_out[17]_i_6__0_n_0
    SLICE_X72Y135        LUT5 (Prop_C6LUT_SLICEL_I1_O)
                                                      0.035     7.305 r  g_int8.u_p254/u_mac_mul/p_out[17]_i_3__0/O
                         net (fo=18, routed)          0.321     7.626    g_int8.u_p254/u_mac_mul/normalize01
    SLICE_X73Y126        LUT3 (Prop_G5LUT_SLICEM_I1_O)
                                                      0.068     7.694 r  g_int8.u_p254/u_mac_mul/p_out[9]_i_1__2/O
                         net (fo=1, routed)           0.023     7.717    g_int8.u_p254/u_mac_mul/normalize0_return[9]
    SLICE_X73Y126        FDRE                                         r  g_int8.u_p254/u_mac_mul/p_out_reg[9]/D
  -------------------------------------------------------------------    -------------------

                         (clock clk rise edge)        5.000     5.000 r  
    T8                                                0.000     5.000 r  clk (IN)
                         net (fo=0)                   0.000     5.000    clk_IBUF_inst/I
    T8                   INBUF (Prop_INBUF_HPIOB_M_PAD_O)
                                                      0.272     5.272 r  clk_IBUF_inst/INBUF_INST/O
                         net (fo=1, routed)           0.000     5.272    clk_IBUF_inst/OUT
    T8                   IBUFCTRL (Prop_IBUFCTRL_HPIOB_M_I_O)
                                                      0.000     5.272 r  clk_IBUF_inst/IBUFCTRL_INST/O
                         net (fo=1, routed)           0.293     5.565    clk_IBUF
    BUFGCE_X0Y77         BUFGCE (Prop_BUFCE_BUFGCE_I_O)
                                                      0.024     5.589 r  clk_IBUF_BUFG_inst/O
    X2Y1 (CLOCK_ROOT)    net (fo=1013, routed)        1.940     7.528    g_int8.u_p254/u_mac_mul/clk_IBUF_BUFG
    SLICE_X73Y126        FDRE                                         r  g_int8.u_p254/u_mac_mul/p_out_reg[9]/C
                         clock pessimism              0.448     7.977    
                         clock uncertainty           -0.035     7.941    
    SLICE_X73Y126        FDRE (Setup_GFF2_SLICEM_C_D)
                                                      0.025     7.966    g_int8.u_p254/u_mac_mul/p_out_reg[9]
  -------------------------------------------------------------------
                         required time                          7.966    
                         arrival time                          -7.717    
  -------------------------------------------------------------------
                         slack                                  0.249    

Slack (MET) :             0.252ns  (required time - arrival time)
  Source:                 g_int8.u_p254/u_mac_mul/s4_reg[19]/C
                            (rising edge-triggered cell FDRE clocked by clk  {rise@0.000ns fall@2.500ns period=5.000ns})
  Destination:            g_int8.u_p254/u_mac_mul/p_out_reg[11]/D
                            (rising edge-triggered cell FDRE clocked by clk  {rise@0.000ns fall@2.500ns period=5.000ns})
  Path Group:             clk
  Path Type:              Setup (Max at Slow Process Corner)
  Requirement:            5.000ns  (clk rise@5.000ns - clk rise@0.000ns)
  Data Path Delay:        4.662ns  (logic 1.725ns (37.001%)  route 2.937ns (62.999%))
  Logic Levels:           17  (CARRY8=8 LUT2=1 LUT3=3 LUT4=2 LUT5=2 LUT6=1)
  Clock Path Skew:        -0.075ns (DCD - SCD + CPR)
    Destination Clock Delay (DCD):    2.528ns = ( 7.528 - 5.000 ) 
    Source Clock Delay      (SCD):    3.052ns
    Clock Pessimism Removal (CPR):    0.448ns
  Clock Uncertainty:      0.035ns  ((TSJ^2 + TIJ^2)^1/2 + DJ) / 2 + PE
    Total System Jitter     (TSJ):    0.071ns
    Total Input Jitter      (TIJ):    0.000ns
    Discrete Jitter          (DJ):    0.000ns
    Phase Error              (PE):    0.000ns
  Clock Net Delay (Source):      2.170ns (routing 1.289ns, distribution 0.881ns)
  Clock Net Delay (Destination): 1.940ns (routing 1.173ns, distribution 0.767ns)

    Location             Delay type                Incr(ns)  Path(ns)    Netlist Resource(s)
  -------------------------------------------------------------------    -------------------
                         (clock clk rise edge)        0.000     0.000 r  
    T8                                                0.000     0.000 r  clk (IN)
                         net (fo=0)                   0.000     0.000    clk_IBUF_inst/I
    T8                   INBUF (Prop_INBUF_HPIOB_M_PAD_O)
                                                      0.522     0.522 r  clk_IBUF_inst/INBUF_INST/O
                         net (fo=1, routed)           0.000     0.522    clk_IBUF_inst/OUT
    T8                   IBUFCTRL (Prop_IBUFCTRL_HPIOB_M_I_O)
                                                      0.000     0.522 r  clk_IBUF_inst/IBUFCTRL_INST/O
                         net (fo=1, routed)           0.332     0.854    clk_IBUF
    BUFGCE_X0Y77         BUFGCE (Prop_BUFCE_BUFGCE_I_O)
                                                      0.028     0.882 r  clk_IBUF_BUFG_inst/O
    X2Y1 (CLOCK_ROOT)    net (fo=1013, routed)        2.170     3.052    g_int8.u_p254/u_mac_mul/clk_IBUF_BUFG
    SLICE_X71Y121        FDRE                                         r  g_int8.u_p254/u_mac_mul/s4_reg[19]/C
  -------------------------------------------------------------------    -------------------
    SLICE_X71Y121        FDRE (Prop_DFF_SLICEL_C_Q)
                                                      0.079     3.131 r  g_int8.u_p254/u_mac_mul/s4_reg[19]/Q
                         net (fo=14, routed)          0.215     3.346    g_int8.u_p254/u_mac_mul/s4[19]
    SLICE_X69Y124        LUT2 (Prop_E6LUT_SLICEL_I0_O)
                                                      0.123     3.469 r  g_int8.u_p254/u_mac_mul/p_out[7]_i_25__0/O
                         net (fo=1, routed)           0.007     3.476    g_int8.u_p254/u_mac_mul/p_out[7]_i_25__0_n_0
    SLICE_X69Y124        CARRY8 (Prop_CARRY8_SLICEL_S[4]_CO[7])
                                                      0.153     3.629 r  g_int8.u_p254/u_mac_mul/p_out_reg[7]_i_12__0/CO[7]
                         net (fo=1, routed)           0.026     3.655    g_int8.u_p254/u_mac_mul/p_out_reg[7]_i_12__0_n_0
    SLICE_X69Y125        CARRY8 (Prop_CARRY8_SLICEL_CI_CO[7])
                                                      0.015     3.670 r  g_int8.u_p254/u_mac_mul/p_out_reg[7]_i_13__0/CO[7]
                         net (fo=1, routed)           0.026     3.696    g_int8.u_p254/u_mac_mul/p_out_reg[7]_i_13__0_n_0
    SLICE_X69Y126        CARRY8 (Prop_CARRY8_SLICEL_CI_O[5])
                                                      0.116     3.812 r  g_int8.u_p254/u_mac_mul/p_out_reg[17]_i_271__0/O[5]
                         net (fo=2, routed)           0.254     4.066    g_int8.u_p254/u_mac_mul/p_out_reg[17]_i_271__0_n_10
    SLICE_X70Y129        LUT3 (Prop_C5LUT_SLICEM_I2_O)
                                                      0.111     4.177 r  g_int8.u_p254/u_mac_mul/p_out[17]_i_167__0/O
                         net (fo=2, routed)           0.238     4.415    g_int8.u_p254/u_mac_mul/p_out[17]_i_167__0_n_0
    SLICE_X70Y129        LUT4 (Prop_D6LUT_SLICEM_I3_O)
                                                      0.099     4.514 r  g_int8.u_p254/u_mac_mul/p_out[17]_i_175__0/O
                         net (fo=1, routed)           0.025     4.539    g_int8.u_p254/u_mac_mul/p_out[17]_i_175__0_n_0
    SLICE_X70Y129        CARRY8 (Prop_CARRY8_SLICEM_S[3]_CO[7])
                                                      0.163     4.702 r  g_int8.u_p254/u_mac_mul/p_out_reg[17]_i_71__0/CO[7]
                         net (fo=1, routed)           0.026     4.728    g_int8.u_p254/u_mac_mul/p_out_reg[17]_i_71__0_n_0
    SLICE_X70Y130        CARRY8 (Prop_CARRY8_SLICEM_CI_O[6])
                                                      0.103     4.831 r  g_int8.u_p254/u_mac_mul/p_out_reg[17]_i_69__0/O[6]
                         net (fo=3, routed)           0.378     5.209    g_int8.u_p254/u_mac_mul/p_out_reg[17]_i_69__0_n_9
    SLICE_X73Y133        LUT3 (Prop_F6LUT_SLICEM_I1_O)
                                                      0.037     5.246 r  g_int8.u_p254/u_mac_mul/p_out[17]_i_97__0/O
                         net (fo=1, routed)           0.350     5.596    g_int8.u_p254/u_mac_mul/p_out[17]_i_97__0_n_0
    SLICE_X72Y131        CARRY8 (Prop_CARRY8_SLICEL_DI[3]_O[5])
                                                      0.177     5.773 r  g_int8.u_p254/u_mac_mul/p_out_reg[17]_i_54__0/O[5]
                         net (fo=1, routed)           0.382     6.155    g_int8.u_p254/u_mac_mul/fold_once0_return0[36]
    SLICE_X71Y131        CARRY8 (Prop_CARRY8_SLICEL_S[4]_CO[7])
                                                      0.153     6.308 r  g_int8.u_p254/u_mac_mul/p_out_reg[17]_i_109__0/CO[7]
                         net (fo=1, routed)           0.026     6.334    g_int8.u_p254/u_mac_mul/p_out_reg[17]_i_109__0_n_0
    SLICE_X71Y132        CARRY8 (Prop_CARRY8_SLICEL_CI_O[6])
                                                      0.103     6.437 r  g_int8.u_p254/u_mac_mul/p_out_reg[17]_i_56__0/O[6]
                         net (fo=1, routed)           0.334     6.771    g_int8.u_p254/u_mac_mul/p_out_reg[17]_i_56__0_n_9
    SLICE_X71Y135        LUT4 (Prop_E6LUT_SLICEL_I2_O)
                                                      0.035     6.806 r  g_int8.u_p254/u_mac_mul/p_out[17]_i_58__0/O
                         net (fo=1, routed)           0.086     6.892    g_int8.u_p254/u_mac_mul/p_out[17]_i_58__0_n_0
    SLICE_X71Y135        LUT5 (Prop_F6LUT_SLICEL_I4_O)
                                                      0.035     6.927 r  g_int8.u_p254/u_mac_mul/p_out[17]_i_17__0/O
                         net (fo=1, routed)           0.136     7.063    g_int8.u_p254/u_mac_mul/p_out[17]_i_17__0_n_0
    SLICE_X72Y135        LUT6 (Prop_D6LUT_SLICEL_I0_O)
                                                      0.122     7.185 r  g_int8.u_p254/u_mac_mul/p_out[17]_i_6__0/O
                         net (fo=1, routed)           0.085     7.270    g_int8.u_p254/u_mac_mul/p_out[17]_i_6__0_n_0
    SLICE_X72Y135        LUT5 (Prop_C6LUT_SLICEL_I1_O)
                                                      0.035     7.305 r  g_int8.u_p254/u_mac_mul/p_out[17]_i_3__0/O
                         net (fo=18, routed)          0.325     7.630    g_int8.u_p254/u_mac_mul/normalize01
    SLICE_X73Y126        LUT3 (Prop_H5LUT_SLICEM_I1_O)
                                                      0.066     7.696 r  g_int8.u_p254/u_mac_mul/p_out[11]_i_1__2/O
                         net (fo=1, routed)           0.018     7.714    g_int8.u_p254/u_mac_mul/normalize0_return[11]
    SLICE_X73Y126        FDRE                                         r  g_int8.u_p254/u_mac_mul/p_out_reg[11]/D
  -------------------------------------------------------------------    -------------------

                         (clock clk rise edge)        5.000     5.000 r  
    T8                                                0.000     5.000 r  clk (IN)
                         net (fo=0)                   0.000     5.000    clk_IBUF_inst/I
    T8                   INBUF (Prop_INBUF_HPIOB_M_PAD_O)
                                                      0.272     5.272 r  clk_IBUF_inst/INBUF_INST/O
                         net (fo=1, routed)           0.000     5.272    clk_IBUF_inst/OUT
    T8                   IBUFCTRL (Prop_IBUFCTRL_HPIOB_M_I_O)
                                                      0.000     5.272 r  clk_IBUF_inst/IBUFCTRL_INST/O
                         net (fo=1, routed)           0.293     5.565    clk_IBUF
    BUFGCE_X0Y77         BUFGCE (Prop_BUFCE_BUFGCE_I_O)
                                                      0.024     5.589 r  clk_IBUF_BUFG_inst/O
    X2Y1 (CLOCK_ROOT)    net (fo=1013, routed)        1.940     7.528    g_int8.u_p254/u_mac_mul/clk_IBUF_BUFG
    SLICE_X73Y126        FDRE                                         r  g_int8.u_p254/u_mac_mul/p_out_reg[11]/C
                         clock pessimism              0.448     7.977    
                         clock uncertainty           -0.035     7.941    
    SLICE_X73Y126        FDRE (Setup_HFF2_SLICEM_C_D)
                                                      0.025     7.966    g_int8.u_p254/u_mac_mul/p_out_reg[11]
  -------------------------------------------------------------------
                         required time                          7.966    
                         arrival time                          -7.714    
  -------------------------------------------------------------------
                         slack                                  0.252    

Slack (MET) :             0.267ns  (required time - arrival time)
  Source:                 g_int8.u_p254/u_mac_mul/s4_reg[19]/C
                            (rising edge-triggered cell FDRE clocked by clk  {rise@0.000ns fall@2.500ns period=5.000ns})
  Destination:            g_int8.u_p254/u_mac_mul/p_out_reg[12]/D
                            (rising edge-triggered cell FDRE clocked by clk  {rise@0.000ns fall@2.500ns period=5.000ns})
  Path Group:             clk
  Path Type:              Setup (Max at Slow Process Corner)
  Requirement:            5.000ns  (clk rise@5.000ns - clk rise@0.000ns)
  Data Path Delay:        4.641ns  (logic 1.781ns (38.374%)  route 2.860ns (61.626%))
  Logic Levels:           17  (CARRY8=8 LUT2=1 LUT3=3 LUT4=2 LUT5=2 LUT6=1)
  Clock Path Skew:        -0.081ns (DCD - SCD + CPR)
    Destination Clock Delay (DCD):    2.522ns = ( 7.522 - 5.000 ) 
    Source Clock Delay      (SCD):    3.052ns
    Clock Pessimism Removal (CPR):    0.448ns
  Clock Uncertainty:      0.035ns  ((TSJ^2 + TIJ^2)^1/2 + DJ) / 2 + PE
    Total System Jitter     (TSJ):    0.071ns
    Total Input Jitter      (TIJ):    0.000ns
    Discrete Jitter          (DJ):    0.000ns
    Phase Error              (PE):    0.000ns
  Clock Net Delay (Source):      2.170ns (routing 1.289ns, distribution 0.881ns)
  Clock Net Delay (Destination): 1.934ns (routing 1.173ns, distribution 0.761ns)

    Location             Delay type                Incr(ns)  Path(ns)    Netlist Resource(s)
  -------------------------------------------------------------------    -------------------
                         (clock clk rise edge)        0.000     0.000 r  
    T8                                                0.000     0.000 r  clk (IN)
                         net (fo=0)                   0.000     0.000    clk_IBUF_inst/I
    T8                   INBUF (Prop_INBUF_HPIOB_M_PAD_O)
                                                      0.522     0.522 r  clk_IBUF_inst/INBUF_INST/O
                         net (fo=1, routed)           0.000     0.522    clk_IBUF_inst/OUT
    T8                   IBUFCTRL (Prop_IBUFCTRL_HPIOB_M_I_O)
                                                      0.000     0.522 r  clk_IBUF_inst/IBUFCTRL_INST/O
                         net (fo=1, routed)           0.332     0.854    clk_IBUF
    BUFGCE_X0Y77         BUFGCE (Prop_BUFCE_BUFGCE_I_O)
                                                      0.028     0.882 r  clk_IBUF_BUFG_inst/O
    X2Y1 (CLOCK_ROOT)    net (fo=1013, routed)        2.170     3.052    g_int8.u_p254/u_mac_mul/clk_IBUF_BUFG
    SLICE_X71Y121        FDRE                                         r  g_int8.u_p254/u_mac_mul/s4_reg[19]/C
  -------------------------------------------------------------------    -------------------
    SLICE_X71Y121        FDRE (Prop_DFF_SLICEL_C_Q)
                                                      0.079     3.131 r  g_int8.u_p254/u_mac_mul/s4_reg[19]/Q
                         net (fo=14, routed)          0.215     3.346    g_int8.u_p254/u_mac_mul/s4[19]
    SLICE_X69Y124        LUT2 (Prop_E6LUT_SLICEL_I0_O)
                                                      0.123     3.469 r  g_int8.u_p254/u_mac_mul/p_out[7]_i_25__0/O
                         net (fo=1, routed)           0.007     3.476    g_int8.u_p254/u_mac_mul/p_out[7]_i_25__0_n_0
    SLICE_X69Y124        CARRY8 (Prop_CARRY8_SLICEL_S[4]_CO[7])
                                                      0.153     3.629 r  g_int8.u_p254/u_mac_mul/p_out_reg[7]_i_12__0/CO[7]
                         net (fo=1, routed)           0.026     3.655    g_int8.u_p254/u_mac_mul/p_out_reg[7]_i_12__0_n_0
    SLICE_X69Y125        CARRY8 (Prop_CARRY8_SLICEL_CI_CO[7])
                                                      0.015     3.670 r  g_int8.u_p254/u_mac_mul/p_out_reg[7]_i_13__0/CO[7]
                         net (fo=1, routed)           0.026     3.696    g_int8.u_p254/u_mac_mul/p_out_reg[7]_i_13__0_n_0
    SLICE_X69Y126        CARRY8 (Prop_CARRY8_SLICEL_CI_O[5])
                                                      0.116     3.812 r  g_int8.u_p254/u_mac_mul/p_out_reg[17]_i_271__0/O[5]
                         net (fo=2, routed)           0.254     4.066    g_int8.u_p254/u_mac_mul/p_out_reg[17]_i_271__0_n_10
    SLICE_X70Y129        LUT3 (Prop_C5LUT_SLICEM_I2_O)
                                                      0.111     4.177 r  g_int8.u_p254/u_mac_mul/p_out[17]_i_167__0/O
                         net (fo=2, routed)           0.238     4.415    g_int8.u_p254/u_mac_mul/p_out[17]_i_167__0_n_0
    SLICE_X70Y129        LUT4 (Prop_D6LUT_SLICEM_I3_O)
                                                      0.099     4.514 r  g_int8.u_p254/u_mac_mul/p_out[17]_i_175__0/O
                         net (fo=1, routed)           0.025     4.539    g_int8.u_p254/u_mac_mul/p_out[17]_i_175__0_n_0
    SLICE_X70Y129        CARRY8 (Prop_CARRY8_SLICEM_S[3]_CO[7])
                                                      0.163     4.702 r  g_int8.u_p254/u_mac_mul/p_out_reg[17]_i_71__0/CO[7]
                         net (fo=1, routed)           0.026     4.728    g_int8.u_p254/u_mac_mul/p_out_reg[17]_i_71__0_n_0
    SLICE_X70Y130        CARRY8 (Prop_CARRY8_SLICEM_CI_O[6])
                                                      0.103     4.831 r  g_int8.u_p254/u_mac_mul/p_out_reg[17]_i_69__0/O[6]
                         net (fo=3, routed)           0.378     5.209    g_int8.u_p254/u_mac_mul/p_out_reg[17]_i_69__0_n_9
    SLICE_X73Y133        LUT3 (Prop_F6LUT_SLICEM_I1_O)
                                                      0.037     5.246 r  g_int8.u_p254/u_mac_mul/p_out[17]_i_97__0/O
                         net (fo=1, routed)           0.350     5.596    g_int8.u_p254/u_mac_mul/p_out[17]_i_97__0_n_0
    SLICE_X72Y131        CARRY8 (Prop_CARRY8_SLICEL_DI[3]_O[5])
                                                      0.177     5.773 r  g_int8.u_p254/u_mac_mul/p_out_reg[17]_i_54__0/O[5]
                         net (fo=1, routed)           0.382     6.155    g_int8.u_p254/u_mac_mul/fold_once0_return0[36]
    SLICE_X71Y131        CARRY8 (Prop_CARRY8_SLICEL_S[4]_CO[7])
                                                      0.153     6.308 r  g_int8.u_p254/u_mac_mul/p_out_reg[17]_i_109__0/CO[7]
                         net (fo=1, routed)           0.026     6.334    g_int8.u_p254/u_mac_mul/p_out_reg[17]_i_109__0_n_0
    SLICE_X71Y132        CARRY8 (Prop_CARRY8_SLICEL_CI_O[6])
                                                      0.103     6.437 r  g_int8.u_p254/u_mac_mul/p_out_reg[17]_i_56__0/O[6]
                         net (fo=1, routed)           0.334     6.771    g_int8.u_p254/u_mac_mul/p_out_reg[17]_i_56__0_n_9
    SLICE_X71Y135        LUT4 (Prop_E6LUT_SLICEL_I2_O)
                                                      0.035     6.806 r  g_int8.u_p254/u_mac_mul/p_out[17]_i_58__0/O
                         net (fo=1, routed)           0.086     6.892    g_int8.u_p254/u_mac_mul/p_out[17]_i_58__0_n_0
    SLICE_X71Y135        LUT5 (Prop_F6LUT_SLICEL_I4_O)
                                                      0.035     6.927 r  g_int8.u_p254/u_mac_mul/p_out[17]_i_17__0/O
                         net (fo=1, routed)           0.136     7.063    g_int8.u_p254/u_mac_mul/p_out[17]_i_17__0_n_0
    SLICE_X72Y135        LUT6 (Prop_D6LUT_SLICEL_I0_O)
                                                      0.122     7.185 r  g_int8.u_p254/u_mac_mul/p_out[17]_i_6__0/O
                         net (fo=1, routed)           0.085     7.270    g_int8.u_p254/u_mac_mul/p_out[17]_i_6__0_n_0
    SLICE_X72Y135        LUT5 (Prop_C6LUT_SLICEL_I1_O)
                                                      0.035     7.305 r  g_int8.u_p254/u_mac_mul/p_out[17]_i_3__0/O
                         net (fo=18, routed)          0.217     7.522    g_int8.u_p254/u_mac_mul/normalize01
    SLICE_X72Y127        LUT3 (Prop_D6LUT_SLICEL_I1_O)
                                                      0.122     7.644 r  g_int8.u_p254/u_mac_mul/p_out[12]_i_1__2/O
                         net (fo=1, routed)           0.049     7.693    g_int8.u_p254/u_mac_mul/normalize0_return[12]
    SLICE_X72Y127        FDRE                                         r  g_int8.u_p254/u_mac_mul/p_out_reg[12]/D
  -------------------------------------------------------------------    -------------------

                         (clock clk rise edge)        5.000     5.000 r  
    T8                                                0.000     5.000 r  clk (IN)
                         net (fo=0)                   0.000     5.000    clk_IBUF_inst/I
    T8                   INBUF (Prop_INBUF_HPIOB_M_PAD_O)
                                                      0.272     5.272 r  clk_IBUF_inst/INBUF_INST/O
                         net (fo=1, routed)           0.000     5.272    clk_IBUF_inst/OUT
    T8                   IBUFCTRL (Prop_IBUFCTRL_HPIOB_M_I_O)
                                                      0.000     5.272 r  clk_IBUF_inst/IBUFCTRL_INST/O
                         net (fo=1, routed)           0.293     5.565    clk_IBUF
    BUFGCE_X0Y77         BUFGCE (Prop_BUFCE_BUFGCE_I_O)
                                                      0.024     5.589 r  clk_IBUF_BUFG_inst/O
    X2Y1 (CLOCK_ROOT)    net (fo=1013, routed)        1.934     7.522    g_int8.u_p254/u_mac_mul/clk_IBUF_BUFG
    SLICE_X72Y127        FDRE                                         r  g_int8.u_p254/u_mac_mul/p_out_reg[12]/C
                         clock pessimism              0.448     7.971    
                         clock uncertainty           -0.035     7.935    
    SLICE_X72Y127        FDRE (Setup_DFF_SLICEL_C_D)
                                                      0.025     7.960    g_int8.u_p254/u_mac_mul/p_out_reg[12]
  -------------------------------------------------------------------
                         required time                          7.960    
                         arrival time                          -7.693    
  -------------------------------------------------------------------
                         slack                                  0.267    

Slack (MET) :             0.290ns  (required time - arrival time)
  Source:                 g_int8.u_p254/u_mac_mul/s4_reg[19]/C
                            (rising edge-triggered cell FDRE clocked by clk  {rise@0.000ns fall@2.500ns period=5.000ns})
  Destination:            g_int8.u_p254/u_mac_mul/p_out_reg[13]/D
                            (rising edge-triggered cell FDRE clocked by clk  {rise@0.000ns fall@2.500ns period=5.000ns})
  Path Group:             clk
  Path Type:              Setup (Max at Slow Process Corner)
  Requirement:            5.000ns  (clk rise@5.000ns - clk rise@0.000ns)
  Data Path Delay:        4.618ns  (logic 1.792ns (38.803%)  route 2.826ns (61.197%))
  Logic Levels:           17  (CARRY8=8 LUT2=1 LUT3=3 LUT4=2 LUT5=2 LUT6=1)
  Clock Path Skew:        -0.081ns (DCD - SCD + CPR)
    Destination Clock Delay (DCD):    2.522ns = ( 7.522 - 5.000 ) 
    Source Clock Delay      (SCD):    3.052ns
    Clock Pessimism Removal (CPR):    0.448ns
  Clock Uncertainty:      0.035ns  ((TSJ^2 + TIJ^2)^1/2 + DJ) / 2 + PE
    Total System Jitter     (TSJ):    0.071ns
    Total Input Jitter      (TIJ):    0.000ns
    Discrete Jitter          (DJ):    0.000ns
    Phase Error              (PE):    0.000ns
  Clock Net Delay (Source):      2.170ns (routing 1.289ns, distribution 0.881ns)
  Clock Net Delay (Destination): 1.934ns (routing 1.173ns, distribution 0.761ns)

    Location             Delay type                Incr(ns)  Path(ns)    Netlist Resource(s)
  -------------------------------------------------------------------    -------------------
                         (clock clk rise edge)        0.000     0.000 r  
    T8                                                0.000     0.000 r  clk (IN)
                         net (fo=0)                   0.000     0.000    clk_IBUF_inst/I
    T8                   INBUF (Prop_INBUF_HPIOB_M_PAD_O)
                                                      0.522     0.522 r  clk_IBUF_inst/INBUF_INST/O
                         net (fo=1, routed)           0.000     0.522    clk_IBUF_inst/OUT
    T8                   IBUFCTRL (Prop_IBUFCTRL_HPIOB_M_I_O)
                                                      0.000     0.522 r  clk_IBUF_inst/IBUFCTRL_INST/O
                         net (fo=1, routed)           0.332     0.854    clk_IBUF
    BUFGCE_X0Y77         BUFGCE (Prop_BUFCE_BUFGCE_I_O)
                                                      0.028     0.882 r  clk_IBUF_BUFG_inst/O
    X2Y1 (CLOCK_ROOT)    net (fo=1013, routed)        2.170     3.052    g_int8.u_p254/u_mac_mul/clk_IBUF_BUFG
    SLICE_X71Y121        FDRE                                         r  g_int8.u_p254/u_mac_mul/s4_reg[19]/C
  -------------------------------------------------------------------    -------------------
    SLICE_X71Y121        FDRE (Prop_DFF_SLICEL_C_Q)
                                                      0.079     3.131 r  g_int8.u_p254/u_mac_mul/s4_reg[19]/Q
                         net (fo=14, routed)          0.215     3.346    g_int8.u_p254/u_mac_mul/s4[19]
    SLICE_X69Y124        LUT2 (Prop_E6LUT_SLICEL_I0_O)
                                                      0.123     3.469 r  g_int8.u_p254/u_mac_mul/p_out[7]_i_25__0/O
                         net (fo=1, routed)           0.007     3.476    g_int8.u_p254/u_mac_mul/p_out[7]_i_25__0_n_0
    SLICE_X69Y124        CARRY8 (Prop_CARRY8_SLICEL_S[4]_CO[7])
                                                      0.153     3.629 r  g_int8.u_p254/u_mac_mul/p_out_reg[7]_i_12__0/CO[7]
                         net (fo=1, routed)           0.026     3.655    g_int8.u_p254/u_mac_mul/p_out_reg[7]_i_12__0_n_0
    SLICE_X69Y125        CARRY8 (Prop_CARRY8_SLICEL_CI_CO[7])
                                                      0.015     3.670 r  g_int8.u_p254/u_mac_mul/p_out_reg[7]_i_13__0/CO[7]
                         net (fo=1, routed)           0.026     3.696    g_int8.u_p254/u_mac_mul/p_out_reg[7]_i_13__0_n_0
    SLICE_X69Y126        CARRY8 (Prop_CARRY8_SLICEL_CI_O[5])
                                                      0.116     3.812 r  g_int8.u_p254/u_mac_mul/p_out_reg[17]_i_271__0/O[5]
                         net (fo=2, routed)           0.254     4.066    g_int8.u_p254/u_mac_mul/p_out_reg[17]_i_271__0_n_10
    SLICE_X70Y129        LUT3 (Prop_C5LUT_SLICEM_I2_O)
                                                      0.111     4.177 r  g_int8.u_p254/u_mac_mul/p_out[17]_i_167__0/O
                         net (fo=2, routed)           0.238     4.415    g_int8.u_p254/u_mac_mul/p_out[17]_i_167__0_n_0
    SLICE_X70Y129        LUT4 (Prop_D6LUT_SLICEM_I3_O)
                                                      0.099     4.514 r  g_int8.u_p254/u_mac_mul/p_out[17]_i_175__0/O
                         net (fo=1, routed)           0.025     4.539    g_int8.u_p254/u_mac_mul/p_out[17]_i_175__0_n_0
    SLICE_X70Y129        CARRY8 (Prop_CARRY8_SLICEM_S[3]_CO[7])
                                                      0.163     4.702 r  g_int8.u_p254/u_mac_mul/p_out_reg[17]_i_71__0/CO[7]
                         net (fo=1, routed)           0.026     4.728    g_int8.u_p254/u_mac_mul/p_out_reg[17]_i_71__0_n_0
    SLICE_X70Y130        CARRY8 (Prop_CARRY8_SLICEM_CI_O[6])
                                                      0.103     4.831 r  g_int8.u_p254/u_mac_mul/p_out_reg[17]_i_69__0/O[6]
                         net (fo=3, routed)           0.378     5.209    g_int8.u_p254/u_mac_mul/p_out_reg[17]_i_69__0_n_9
    SLICE_X73Y133        LUT3 (Prop_F6LUT_SLICEM_I1_O)
                                                      0.037     5.246 r  g_int8.u_p254/u_mac_mul/p_out[17]_i_97__0/O
                         net (fo=1, routed)           0.350     5.596    g_int8.u_p254/u_mac_mul/p_out[17]_i_97__0_n_0
    SLICE_X72Y131        CARRY8 (Prop_CARRY8_SLICEL_DI[3]_O[5])
                                                      0.177     5.773 r  g_int8.u_p254/u_mac_mul/p_out_reg[17]_i_54__0/O[5]
                         net (fo=1, routed)           0.382     6.155    g_int8.u_p254/u_mac_mul/fold_once0_return0[36]
    SLICE_X71Y131        CARRY8 (Prop_CARRY8_SLICEL_S[4]_CO[7])
                                                      0.153     6.308 r  g_int8.u_p254/u_mac_mul/p_out_reg[17]_i_109__0/CO[7]
                         net (fo=1, routed)           0.026     6.334    g_int8.u_p254/u_mac_mul/p_out_reg[17]_i_109__0_n_0
    SLICE_X71Y132        CARRY8 (Prop_CARRY8_SLICEL_CI_O[6])
                                                      0.103     6.437 r  g_int8.u_p254/u_mac_mul/p_out_reg[17]_i_56__0/O[6]
                         net (fo=1, routed)           0.334     6.771    g_int8.u_p254/u_mac_mul/p_out_reg[17]_i_56__0_n_9
    SLICE_X71Y135        LUT4 (Prop_E6LUT_SLICEL_I2_O)
                                                      0.035     6.806 r  g_int8.u_p254/u_mac_mul/p_out[17]_i_58__0/O
                         net (fo=1, routed)           0.086     6.892    g_int8.u_p254/u_mac_mul/p_out[17]_i_58__0_n_0
    SLICE_X71Y135        LUT5 (Prop_F6LUT_SLICEL_I4_O)
                                                      0.035     6.927 r  g_int8.u_p254/u_mac_mul/p_out[17]_i_17__0/O
                         net (fo=1, routed)           0.136     7.063    g_int8.u_p254/u_mac_mul/p_out[17]_i_17__0_n_0
    SLICE_X72Y135        LUT6 (Prop_D6LUT_SLICEL_I0_O)
                                                      0.122     7.185 r  g_int8.u_p254/u_mac_mul/p_out[17]_i_6__0/O
                         net (fo=1, routed)           0.085     7.270    g_int8.u_p254/u_mac_mul/p_out[17]_i_6__0_n_0
    SLICE_X72Y135        LUT5 (Prop_C6LUT_SLICEL_I1_O)
                                                      0.035     7.305 r  g_int8.u_p254/u_mac_mul/p_out[17]_i_3__0/O
                         net (fo=18, routed)          0.217     7.522    g_int8.u_p254/u_mac_mul/normalize01
    SLICE_X72Y127        LUT3 (Prop_D5LUT_SLICEL_I1_O)
                                                      0.133     7.655 r  g_int8.u_p254/u_mac_mul/p_out[13]_i_1__2/O
                         net (fo=1, routed)           0.015     7.670    g_int8.u_p254/u_mac_mul/normalize0_return[13]
    SLICE_X72Y127        FDRE                                         r  g_int8.u_p254/u_mac_mul/p_out_reg[13]/D
  -------------------------------------------------------------------    -------------------

                         (clock clk rise edge)        5.000     5.000 r  
    T8                                                0.000     5.000 r  clk (IN)
                         net (fo=0)                   0.000     5.000    clk_IBUF_inst/I
    T8                   INBUF (Prop_INBUF_HPIOB_M_PAD_O)
                                                      0.272     5.272 r  clk_IBUF_inst/INBUF_INST/O
                         net (fo=1, routed)           0.000     5.272    clk_IBUF_inst/OUT
    T8                   IBUFCTRL (Prop_IBUFCTRL_HPIOB_M_I_O)
                                                      0.000     5.272 r  clk_IBUF_inst/IBUFCTRL_INST/O
                         net (fo=1, routed)           0.293     5.565    clk_IBUF
    BUFGCE_X0Y77         BUFGCE (Prop_BUFCE_BUFGCE_I_O)
                                                      0.024     5.589 r  clk_IBUF_BUFG_inst/O
    X2Y1 (CLOCK_ROOT)    net (fo=1013, routed)        1.934     7.522    g_int8.u_p254/u_mac_mul/clk_IBUF_BUFG
    SLICE_X72Y127        FDRE                                         r  g_int8.u_p254/u_mac_mul/p_out_reg[13]/C
                         clock pessimism              0.448     7.971    
                         clock uncertainty           -0.035     7.935    
    SLICE_X72Y127        FDRE (Setup_DFF2_SLICEL_C_D)
                                                      0.025     7.960    g_int8.u_p254/u_mac_mul/p_out_reg[13]
  -------------------------------------------------------------------
                         required time                          7.960    
                         arrival time                          -7.670    
  -------------------------------------------------------------------
                         slack                                  0.290    

Slack (MET) :             0.339ns  (required time - arrival time)
  Source:                 g_int8.u_p254/u_mac_mul/s4_reg[19]/C
                            (rising edge-triggered cell FDRE clocked by clk  {rise@0.000ns fall@2.500ns period=5.000ns})
  Destination:            g_int8.u_p254/u_mac_mul/p_out_reg[14]/D
                            (rising edge-triggered cell FDRE clocked by clk  {rise@0.000ns fall@2.500ns period=5.000ns})
  Path Group:             clk
  Path Type:              Setup (Max at Slow Process Corner)
  Requirement:            5.000ns  (clk rise@5.000ns - clk rise@0.000ns)
  Data Path Delay:        4.571ns  (logic 1.710ns (37.409%)  route 2.861ns (62.591%))
  Logic Levels:           17  (CARRY8=8 LUT2=1 LUT3=3 LUT4=2 LUT5=2 LUT6=1)
  Clock Path Skew:        -0.079ns (DCD - SCD + CPR)
    Destination Clock Delay (DCD):    2.524ns = ( 7.524 - 5.000 ) 
    Source Clock Delay      (SCD):    3.052ns
    Clock Pessimism Removal (CPR):    0.448ns
  Clock Uncertainty:      0.035ns  ((TSJ^2 + TIJ^2)^1/2 + DJ) / 2 + PE
    Total System Jitter     (TSJ):    0.071ns
    Total Input Jitter      (TIJ):    0.000ns
    Discrete Jitter          (DJ):    0.000ns
    Phase Error              (PE):    0.000ns
  Clock Net Delay (Source):      2.170ns (routing 1.289ns, distribution 0.881ns)
  Clock Net Delay (Destination): 1.936ns (routing 1.173ns, distribution 0.763ns)

    Location             Delay type                Incr(ns)  Path(ns)    Netlist Resource(s)
  -------------------------------------------------------------------    -------------------
                         (clock clk rise edge)        0.000     0.000 r  
    T8                                                0.000     0.000 r  clk (IN)
                         net (fo=0)                   0.000     0.000    clk_IBUF_inst/I
    T8                   INBUF (Prop_INBUF_HPIOB_M_PAD_O)
                                                      0.522     0.522 r  clk_IBUF_inst/INBUF_INST/O
                         net (fo=1, routed)           0.000     0.522    clk_IBUF_inst/OUT
    T8                   IBUFCTRL (Prop_IBUFCTRL_HPIOB_M_I_O)
                                                      0.000     0.522 r  clk_IBUF_inst/IBUFCTRL_INST/O
                         net (fo=1, routed)           0.332     0.854    clk_IBUF
    BUFGCE_X0Y77         BUFGCE (Prop_BUFCE_BUFGCE_I_O)
                                                      0.028     0.882 r  clk_IBUF_BUFG_inst/O
    X2Y1 (CLOCK_ROOT)    net (fo=1013, routed)        2.170     3.052    g_int8.u_p254/u_mac_mul/clk_IBUF_BUFG
    SLICE_X71Y121        FDRE                                         r  g_int8.u_p254/u_mac_mul/s4_reg[19]/C
  -------------------------------------------------------------------    -------------------
    SLICE_X71Y121        FDRE (Prop_DFF_SLICEL_C_Q)
                                                      0.079     3.131 r  g_int8.u_p254/u_mac_mul/s4_reg[19]/Q
                         net (fo=14, routed)          0.215     3.346    g_int8.u_p254/u_mac_mul/s4[19]
    SLICE_X69Y124        LUT2 (Prop_E6LUT_SLICEL_I0_O)
                                                      0.123     3.469 r  g_int8.u_p254/u_mac_mul/p_out[7]_i_25__0/O
                         net (fo=1, routed)           0.007     3.476    g_int8.u_p254/u_mac_mul/p_out[7]_i_25__0_n_0
    SLICE_X69Y124        CARRY8 (Prop_CARRY8_SLICEL_S[4]_CO[7])
                                                      0.153     3.629 r  g_int8.u_p254/u_mac_mul/p_out_reg[7]_i_12__0/CO[7]
                         net (fo=1, routed)           0.026     3.655    g_int8.u_p254/u_mac_mul/p_out_reg[7]_i_12__0_n_0
    SLICE_X69Y125        CARRY8 (Prop_CARRY8_SLICEL_CI_CO[7])
                                                      0.015     3.670 r  g_int8.u_p254/u_mac_mul/p_out_reg[7]_i_13__0/CO[7]
                         net (fo=1, routed)           0.026     3.696    g_int8.u_p254/u_mac_mul/p_out_reg[7]_i_13__0_n_0
    SLICE_X69Y126        CARRY8 (Prop_CARRY8_SLICEL_CI_O[5])
                                                      0.116     3.812 r  g_int8.u_p254/u_mac_mul/p_out_reg[17]_i_271__0/O[5]
                         net (fo=2, routed)           0.254     4.066    g_int8.u_p254/u_mac_mul/p_out_reg[17]_i_271__0_n_10
    SLICE_X70Y129        LUT3 (Prop_C5LUT_SLICEM_I2_O)
                                                      0.111     4.177 r  g_int8.u_p254/u_mac_mul/p_out[17]_i_167__0/O
                         net (fo=2, routed)           0.238     4.415    g_int8.u_p254/u_mac_mul/p_out[17]_i_167__0_n_0
    SLICE_X70Y129        LUT4 (Prop_D6LUT_SLICEM_I3_O)
                                                      0.099     4.514 r  g_int8.u_p254/u_mac_mul/p_out[17]_i_175__0/O
                         net (fo=1, routed)           0.025     4.539    g_int8.u_p254/u_mac_mul/p_out[17]_i_175__0_n_0
    SLICE_X70Y129        CARRY8 (Prop_CARRY8_SLICEM_S[3]_CO[7])
                                                      0.163     4.702 r  g_int8.u_p254/u_mac_mul/p_out_reg[17]_i_71__0/CO[7]
                         net (fo=1, routed)           0.026     4.728    g_int8.u_p254/u_mac_mul/p_out_reg[17]_i_71__0_n_0
    SLICE_X70Y130        CARRY8 (Prop_CARRY8_SLICEM_CI_O[6])
                                                      0.103     4.831 r  g_int8.u_p254/u_mac_mul/p_out_reg[17]_i_69__0/O[6]
                         net (fo=3, routed)           0.378     5.209    g_int8.u_p254/u_mac_mul/p_out_reg[17]_i_69__0_n_9
    SLICE_X73Y133        LUT3 (Prop_F6LUT_SLICEM_I1_O)
                                                      0.037     5.246 r  g_int8.u_p254/u_mac_mul/p_out[17]_i_97__0/O
                         net (fo=1, routed)           0.350     5.596    g_int8.u_p254/u_mac_mul/p_out[17]_i_97__0_n_0
    SLICE_X72Y131        CARRY8 (Prop_CARRY8_SLICEL_DI[3]_O[5])
                                                      0.177     5.773 r  g_int8.u_p254/u_mac_mul/p_out_reg[17]_i_54__0/O[5]
                         net (fo=1, routed)           0.382     6.155    g_int8.u_p254/u_mac_mul/fold_once0_return0[36]
    SLICE_X71Y131        CARRY8 (Prop_CARRY8_SLICEL_S[4]_CO[7])
                                                      0.153     6.308 r  g_int8.u_p254/u_mac_mul/p_out_reg[17]_i_109__0/CO[7]
                         net (fo=1, routed)           0.026     6.334    g_int8.u_p254/u_mac_mul/p_out_reg[17]_i_109__0_n_0
    SLICE_X71Y132        CARRY8 (Prop_CARRY8_SLICEL_CI_O[6])
                                                      0.103     6.437 r  g_int8.u_p254/u_mac_mul/p_out_reg[17]_i_56__0/O[6]
                         net (fo=1, routed)           0.334     6.771    g_int8.u_p254/u_mac_mul/p_out_reg[17]_i_56__0_n_9
    SLICE_X71Y135        LUT4 (Prop_E6LUT_SLICEL_I2_O)
                                                      0.035     6.806 r  g_int8.u_p254/u_mac_mul/p_out[17]_i_58__0/O
                         net (fo=1, routed)           0.086     6.892    g_int8.u_p254/u_mac_mul/p_out[17]_i_58__0_n_0
    SLICE_X71Y135        LUT5 (Prop_F6LUT_SLICEL_I4_O)
                                                      0.035     6.927 r  g_int8.u_p254/u_mac_mul/p_out[17]_i_17__0/O
                         net (fo=1, routed)           0.136     7.063    g_int8.u_p254/u_mac_mul/p_out[17]_i_17__0_n_0
    SLICE_X72Y135        LUT6 (Prop_D6LUT_SLICEL_I0_O)
                                                      0.122     7.185 r  g_int8.u_p254/u_mac_mul/p_out[17]_i_6__0/O
                         net (fo=1, routed)           0.085     7.270    g_int8.u_p254/u_mac_mul/p_out[17]_i_6__0_n_0
    SLICE_X72Y135        LUT5 (Prop_C6LUT_SLICEL_I1_O)
                                                      0.035     7.305 r  g_int8.u_p254/u_mac_mul/p_out[17]_i_3__0/O
                         net (fo=18, routed)          0.216     7.521    g_int8.u_p254/u_mac_mul/normalize01
    SLICE_X72Y127        LUT3 (Prop_H6LUT_SLICEL_I1_O)
                                                      0.051     7.572 r  g_int8.u_p254/u_mac_mul/p_out[14]_i_1__2/O
                         net (fo=1, routed)           0.051     7.623    g_int8.u_p254/u_mac_mul/normalize0_return[14]
    SLICE_X72Y127        FDRE                                         r  g_int8.u_p254/u_mac_mul/p_out_reg[14]/D
  -------------------------------------------------------------------    -------------------

                         (clock clk rise edge)        5.000     5.000 r  
    T8                                                0.000     5.000 r  clk (IN)
                         net (fo=0)                   0.000     5.000    clk_IBUF_inst/I
    T8                   INBUF (Prop_INBUF_HPIOB_M_PAD_O)
                                                      0.272     5.272 r  clk_IBUF_inst/INBUF_INST/O
                         net (fo=1, routed)           0.000     5.272    clk_IBUF_inst/OUT
    T8                   IBUFCTRL (Prop_IBUFCTRL_HPIOB_M_I_O)
                                                      0.000     5.272 r  clk_IBUF_inst/IBUFCTRL_INST/O
                         net (fo=1, routed)           0.293     5.565    clk_IBUF
    BUFGCE_X0Y77         BUFGCE (Prop_BUFCE_BUFGCE_I_O)
                                                      0.024     5.589 r  clk_IBUF_BUFG_inst/O
    X2Y1 (CLOCK_ROOT)    net (fo=1013, routed)        1.936     7.524    g_int8.u_p254/u_mac_mul/clk_IBUF_BUFG
    SLICE_X72Y127        FDRE                                         r  g_int8.u_p254/u_mac_mul/p_out_reg[14]/C
                         clock pessimism              0.448     7.973    
                         clock uncertainty           -0.035     7.937    
    SLICE_X72Y127        FDRE (Setup_HFF_SLICEL_C_D)
                                                      0.025     7.962    g_int8.u_p254/u_mac_mul/p_out_reg[14]
  -------------------------------------------------------------------
                         required time                          7.962    
                         arrival time                          -7.623    
  -------------------------------------------------------------------
                         slack                                  0.339    

Slack (MET) :             0.344ns  (required time - arrival time)
  Source:                 g_int8.u_p254/u_mac_mul/s4_reg[19]/C
                            (rising edge-triggered cell FDRE clocked by clk  {rise@0.000ns fall@2.500ns period=5.000ns})
  Destination:            g_int8.u_p254/u_mac_mul/p_out_reg[16]/D
                            (rising edge-triggered cell FDRE clocked by clk  {rise@0.000ns fall@2.500ns period=5.000ns})
  Path Group:             clk
  Path Type:              Setup (Max at Slow Process Corner)
  Requirement:            5.000ns  (clk rise@5.000ns - clk rise@0.000ns)
  Data Path Delay:        4.566ns  (logic 1.709ns (37.428%)  route 2.857ns (62.572%))
  Logic Levels:           17  (CARRY8=8 LUT2=1 LUT3=3 LUT4=2 LUT5=2 LUT6=1)
  Clock Path Skew:        -0.079ns (DCD - SCD + CPR)
    Destination Clock Delay (DCD):    2.524ns = ( 7.524 - 5.000 ) 
    Source Clock Delay      (SCD):    3.052ns
    Clock Pessimism Removal (CPR):    0.448ns
  Clock Uncertainty:      0.035ns  ((TSJ^2 + TIJ^2)^1/2 + DJ) / 2 + PE
    Total System Jitter     (TSJ):    0.071ns
    Total Input Jitter      (TIJ):    0.000ns
    Discrete Jitter          (DJ):    0.000ns
    Phase Error              (PE):    0.000ns
  Clock Net Delay (Source):      2.170ns (routing 1.289ns, distribution 0.881ns)
  Clock Net Delay (Destination): 1.936ns (routing 1.173ns, distribution 0.763ns)

    Location             Delay type                Incr(ns)  Path(ns)    Netlist Resource(s)
  -------------------------------------------------------------------    -------------------
                         (clock clk rise edge)        0.000     0.000 r  
    T8                                                0.000     0.000 r  clk (IN)
                         net (fo=0)                   0.000     0.000    clk_IBUF_inst/I
    T8                   INBUF (Prop_INBUF_HPIOB_M_PAD_O)
                                                      0.522     0.522 r  clk_IBUF_inst/INBUF_INST/O
                         net (fo=1, routed)           0.000     0.522    clk_IBUF_inst/OUT
    T8                   IBUFCTRL (Prop_IBUFCTRL_HPIOB_M_I_O)
                                                      0.000     0.522 r  clk_IBUF_inst/IBUFCTRL_INST/O
                         net (fo=1, routed)           0.332     0.854    clk_IBUF
    BUFGCE_X0Y77         BUFGCE (Prop_BUFCE_BUFGCE_I_O)
                                                      0.028     0.882 r  clk_IBUF_BUFG_inst/O
    X2Y1 (CLOCK_ROOT)    net (fo=1013, routed)        2.170     3.052    g_int8.u_p254/u_mac_mul/clk_IBUF_BUFG
    SLICE_X71Y121        FDRE                                         r  g_int8.u_p254/u_mac_mul/s4_reg[19]/C
  -------------------------------------------------------------------    -------------------
    SLICE_X71Y121        FDRE (Prop_DFF_SLICEL_C_Q)
                                                      0.079     3.131 r  g_int8.u_p254/u_mac_mul/s4_reg[19]/Q
                         net (fo=14, routed)          0.215     3.346    g_int8.u_p254/u_mac_mul/s4[19]
    SLICE_X69Y124        LUT2 (Prop_E6LUT_SLICEL_I0_O)
                                                      0.123     3.469 r  g_int8.u_p254/u_mac_mul/p_out[7]_i_25__0/O
                         net (fo=1, routed)           0.007     3.476    g_int8.u_p254/u_mac_mul/p_out[7]_i_25__0_n_0
    SLICE_X69Y124        CARRY8 (Prop_CARRY8_SLICEL_S[4]_CO[7])
                                                      0.153     3.629 r  g_int8.u_p254/u_mac_mul/p_out_reg[7]_i_12__0/CO[7]
                         net (fo=1, routed)           0.026     3.655    g_int8.u_p254/u_mac_mul/p_out_reg[7]_i_12__0_n_0
    SLICE_X69Y125        CARRY8 (Prop_CARRY8_SLICEL_CI_CO[7])
                                                      0.015     3.670 r  g_int8.u_p254/u_mac_mul/p_out_reg[7]_i_13__0/CO[7]
                         net (fo=1, routed)           0.026     3.696    g_int8.u_p254/u_mac_mul/p_out_reg[7]_i_13__0_n_0
    SLICE_X69Y126        CARRY8 (Prop_CARRY8_SLICEL_CI_O[5])
                                                      0.116     3.812 r  g_int8.u_p254/u_mac_mul/p_out_reg[17]_i_271__0/O[5]
                         net (fo=2, routed)           0.254     4.066    g_int8.u_p254/u_mac_mul/p_out_reg[17]_i_271__0_n_10
    SLICE_X70Y129        LUT3 (Prop_C5LUT_SLICEM_I2_O)
                                                      0.111     4.177 r  g_int8.u_p254/u_mac_mul/p_out[17]_i_167__0/O
                         net (fo=2, routed)           0.238     4.415    g_int8.u_p254/u_mac_mul/p_out[17]_i_167__0_n_0
    SLICE_X70Y129        LUT4 (Prop_D6LUT_SLICEM_I3_O)
                                                      0.099     4.514 r  g_int8.u_p254/u_mac_mul/p_out[17]_i_175__0/O
                         net (fo=1, routed)           0.025     4.539    g_int8.u_p254/u_mac_mul/p_out[17]_i_175__0_n_0
    SLICE_X70Y129        CARRY8 (Prop_CARRY8_SLICEM_S[3]_CO[7])
                                                      0.163     4.702 r  g_int8.u_p254/u_mac_mul/p_out_reg[17]_i_71__0/CO[7]
                         net (fo=1, routed)           0.026     4.728    g_int8.u_p254/u_mac_mul/p_out_reg[17]_i_71__0_n_0
    SLICE_X70Y130        CARRY8 (Prop_CARRY8_SLICEM_CI_O[6])
                                                      0.103     4.831 r  g_int8.u_p254/u_mac_mul/p_out_reg[17]_i_69__0/O[6]
                         net (fo=3, routed)           0.378     5.209    g_int8.u_p254/u_mac_mul/p_out_reg[17]_i_69__0_n_9
    SLICE_X73Y133        LUT3 (Prop_F6LUT_SLICEM_I1_O)
                                                      0.037     5.246 r  g_int8.u_p254/u_mac_mul/p_out[17]_i_97__0/O
                         net (fo=1, routed)           0.350     5.596    g_int8.u_p254/u_mac_mul/p_out[17]_i_97__0_n_0
    SLICE_X72Y131        CARRY8 (Prop_CARRY8_SLICEL_DI[3]_O[5])
                                                      0.177     5.773 r  g_int8.u_p254/u_mac_mul/p_out_reg[17]_i_54__0/O[5]
                         net (fo=1, routed)           0.382     6.155    g_int8.u_p254/u_mac_mul/fold_once0_return0[36]
    SLICE_X71Y131        CARRY8 (Prop_CARRY8_SLICEL_S[4]_CO[7])
                                                      0.153     6.308 r  g_int8.u_p254/u_mac_mul/p_out_reg[17]_i_109__0/CO[7]
                         net (fo=1, routed)           0.026     6.334    g_int8.u_p254/u_mac_mul/p_out_reg[17]_i_109__0_n_0
    SLICE_X71Y132        CARRY8 (Prop_CARRY8_SLICEL_CI_O[6])
                                                      0.103     6.437 r  g_int8.u_p254/u_mac_mul/p_out_reg[17]_i_56__0/O[6]
                         net (fo=1, routed)           0.334     6.771    g_int8.u_p254/u_mac_mul/p_out_reg[17]_i_56__0_n_9
    SLICE_X71Y135        LUT4 (Prop_E6LUT_SLICEL_I2_O)
                                                      0.035     6.806 r  g_int8.u_p254/u_mac_mul/p_out[17]_i_58__0/O
                         net (fo=1, routed)           0.086     6.892    g_int8.u_p254/u_mac_mul/p_out[17]_i_58__0_n_0
    SLICE_X71Y135        LUT5 (Prop_F6LUT_SLICEL_I4_O)
                                                      0.035     6.927 r  g_int8.u_p254/u_mac_mul/p_out[17]_i_17__0/O
                         net (fo=1, routed)           0.136     7.063    g_int8.u_p254/u_mac_mul/p_out[17]_i_17__0_n_0
    SLICE_X72Y135        LUT6 (Prop_D6LUT_SLICEL_I0_O)
                                                      0.122     7.185 r  g_int8.u_p254/u_mac_mul/p_out[17]_i_6__0/O
                         net (fo=1, routed)           0.085     7.270    g_int8.u_p254/u_mac_mul/p_out[17]_i_6__0_n_0
    SLICE_X72Y135        LUT5 (Prop_C6LUT_SLICEL_I1_O)
                                                      0.035     7.305 r  g_int8.u_p254/u_mac_mul/p_out[17]_i_3__0/O
                         net (fo=18, routed)          0.215     7.520    g_int8.u_p254/u_mac_mul/normalize01
    SLICE_X72Y127        LUT3 (Prop_G6LUT_SLICEL_I1_O)
                                                      0.050     7.570 r  g_int8.u_p254/u_mac_mul/p_out[16]_i_1__2/O
                         net (fo=1, routed)           0.048     7.618    g_int8.u_p254/u_mac_mul/normalize0_return[16]
    SLICE_X72Y127        FDRE                                         r  g_int8.u_p254/u_mac_mul/p_out_reg[16]/D
  -------------------------------------------------------------------    -------------------

                         (clock clk rise edge)        5.000     5.000 r  
    T8                                                0.000     5.000 r  clk (IN)
                         net (fo=0)                   0.000     5.000    clk_IBUF_inst/I
    T8                   INBUF (Prop_INBUF_HPIOB_M_PAD_O)
                                                      0.272     5.272 r  clk_IBUF_inst/INBUF_INST/O
                         net (fo=1, routed)           0.000     5.272    clk_IBUF_inst/OUT
    T8                   IBUFCTRL (Prop_IBUFCTRL_HPIOB_M_I_O)
                                                      0.000     5.272 r  clk_IBUF_inst/IBUFCTRL_INST/O
                         net (fo=1, routed)           0.293     5.565    clk_IBUF
    BUFGCE_X0Y77         BUFGCE (Prop_BUFCE_BUFGCE_I_O)
                                                      0.024     5.589 r  clk_IBUF_BUFG_inst/O
    X2Y1 (CLOCK_ROOT)    net (fo=1013, routed)        1.936     7.524    g_int8.u_p254/u_mac_mul/clk_IBUF_BUFG
    SLICE_X72Y127        FDRE                                         r  g_int8.u_p254/u_mac_mul/p_out_reg[16]/C
                         clock pessimism              0.448     7.973    
                         clock uncertainty           -0.035     7.937    
    SLICE_X72Y127        FDRE (Setup_GFF_SLICEL_C_D)
                                                      0.025     7.962    g_int8.u_p254/u_mac_mul/p_out_reg[16]
  -------------------------------------------------------------------
                         required time                          7.962    
                         arrival time                          -7.618    
  -------------------------------------------------------------------
                         slack                                  0.344    

Slack (MET) :             0.359ns  (required time - arrival time)
  Source:                 g_int8.u_p254/u_mac_mul/s4_reg[19]/C
                            (rising edge-triggered cell FDRE clocked by clk  {rise@0.000ns fall@2.500ns period=5.000ns})
  Destination:            g_int8.u_p254/u_mac_mul/p_out_reg[17]/D
                            (rising edge-triggered cell FDRE clocked by clk  {rise@0.000ns fall@2.500ns period=5.000ns})
  Path Group:             clk
  Path Type:              Setup (Max at Slow Process Corner)
  Requirement:            5.000ns  (clk rise@5.000ns - clk rise@0.000ns)
  Data Path Delay:        4.551ns  (logic 1.726ns (37.925%)  route 2.825ns (62.075%))
  Logic Levels:           17  (CARRY8=8 LUT2=1 LUT3=3 LUT4=2 LUT5=2 LUT6=1)
  Clock Path Skew:        -0.079ns (DCD - SCD + CPR)
    Destination Clock Delay (DCD):    2.524ns = ( 7.524 - 5.000 ) 
    Source Clock Delay      (SCD):    3.052ns
    Clock Pessimism Removal (CPR):    0.448ns
  Clock Uncertainty:      0.035ns  ((TSJ^2 + TIJ^2)^1/2 + DJ) / 2 + PE
    Total System Jitter     (TSJ):    0.071ns
    Total Input Jitter      (TIJ):    0.000ns
    Discrete Jitter          (DJ):    0.000ns
    Phase Error              (PE):    0.000ns
  Clock Net Delay (Source):      2.170ns (routing 1.289ns, distribution 0.881ns)
  Clock Net Delay (Destination): 1.936ns (routing 1.173ns, distribution 0.763ns)

    Location             Delay type                Incr(ns)  Path(ns)    Netlist Resource(s)
  -------------------------------------------------------------------    -------------------
                         (clock clk rise edge)        0.000     0.000 r  
    T8                                                0.000     0.000 r  clk (IN)
                         net (fo=0)                   0.000     0.000    clk_IBUF_inst/I
    T8                   INBUF (Prop_INBUF_HPIOB_M_PAD_O)
                                                      0.522     0.522 r  clk_IBUF_inst/INBUF_INST/O
                         net (fo=1, routed)           0.000     0.522    clk_IBUF_inst/OUT
    T8                   IBUFCTRL (Prop_IBUFCTRL_HPIOB_M_I_O)
                                                      0.000     0.522 r  clk_IBUF_inst/IBUFCTRL_INST/O
                         net (fo=1, routed)           0.332     0.854    clk_IBUF
    BUFGCE_X0Y77         BUFGCE (Prop_BUFCE_BUFGCE_I_O)
                                                      0.028     0.882 r  clk_IBUF_BUFG_inst/O
    X2Y1 (CLOCK_ROOT)    net (fo=1013, routed)        2.170     3.052    g_int8.u_p254/u_mac_mul/clk_IBUF_BUFG
    SLICE_X71Y121        FDRE                                         r  g_int8.u_p254/u_mac_mul/s4_reg[19]/C
  -------------------------------------------------------------------    -------------------
    SLICE_X71Y121        FDRE (Prop_DFF_SLICEL_C_Q)
                                                      0.079     3.131 r  g_int8.u_p254/u_mac_mul/s4_reg[19]/Q
                         net (fo=14, routed)          0.215     3.346    g_int8.u_p254/u_mac_mul/s4[19]
    SLICE_X69Y124        LUT2 (Prop_E6LUT_SLICEL_I0_O)
                                                      0.123     3.469 r  g_int8.u_p254/u_mac_mul/p_out[7]_i_25__0/O
                         net (fo=1, routed)           0.007     3.476    g_int8.u_p254/u_mac_mul/p_out[7]_i_25__0_n_0
    SLICE_X69Y124        CARRY8 (Prop_CARRY8_SLICEL_S[4]_CO[7])
                                                      0.153     3.629 r  g_int8.u_p254/u_mac_mul/p_out_reg[7]_i_12__0/CO[7]
                         net (fo=1, routed)           0.026     3.655    g_int8.u_p254/u_mac_mul/p_out_reg[7]_i_12__0_n_0
    SLICE_X69Y125        CARRY8 (Prop_CARRY8_SLICEL_CI_CO[7])
                                                      0.015     3.670 r  g_int8.u_p254/u_mac_mul/p_out_reg[7]_i_13__0/CO[7]
                         net (fo=1, routed)           0.026     3.696    g_int8.u_p254/u_mac_mul/p_out_reg[7]_i_13__0_n_0
    SLICE_X69Y126        CARRY8 (Prop_CARRY8_SLICEL_CI_O[5])
                                                      0.116     3.812 r  g_int8.u_p254/u_mac_mul/p_out_reg[17]_i_271__0/O[5]
                         net (fo=2, routed)           0.254     4.066    g_int8.u_p254/u_mac_mul/p_out_reg[17]_i_271__0_n_10
    SLICE_X70Y129        LUT3 (Prop_C5LUT_SLICEM_I2_O)
                                                      0.111     4.177 r  g_int8.u_p254/u_mac_mul/p_out[17]_i_167__0/O
                         net (fo=2, routed)           0.238     4.415    g_int8.u_p254/u_mac_mul/p_out[17]_i_167__0_n_0
    SLICE_X70Y129        LUT4 (Prop_D6LUT_SLICEM_I3_O)
                                                      0.099     4.514 r  g_int8.u_p254/u_mac_mul/p_out[17]_i_175__0/O
                         net (fo=1, routed)           0.025     4.539    g_int8.u_p254/u_mac_mul/p_out[17]_i_175__0_n_0
    SLICE_X70Y129        CARRY8 (Prop_CARRY8_SLICEM_S[3]_CO[7])
                                                      0.163     4.702 r  g_int8.u_p254/u_mac_mul/p_out_reg[17]_i_71__0/CO[7]
                         net (fo=1, routed)           0.026     4.728    g_int8.u_p254/u_mac_mul/p_out_reg[17]_i_71__0_n_0
    SLICE_X70Y130        CARRY8 (Prop_CARRY8_SLICEM_CI_O[6])
                                                      0.103     4.831 r  g_int8.u_p254/u_mac_mul/p_out_reg[17]_i_69__0/O[6]
                         net (fo=3, routed)           0.378     5.209    g_int8.u_p254/u_mac_mul/p_out_reg[17]_i_69__0_n_9
    SLICE_X73Y133        LUT3 (Prop_F6LUT_SLICEM_I1_O)
                                                      0.037     5.246 r  g_int8.u_p254/u_mac_mul/p_out[17]_i_97__0/O
                         net (fo=1, routed)           0.350     5.596    g_int8.u_p254/u_mac_mul/p_out[17]_i_97__0_n_0
    SLICE_X72Y131        CARRY8 (Prop_CARRY8_SLICEL_DI[3]_O[5])
                                                      0.177     5.773 r  g_int8.u_p254/u_mac_mul/p_out_reg[17]_i_54__0/O[5]
                         net (fo=1, routed)           0.382     6.155    g_int8.u_p254/u_mac_mul/fold_once0_return0[36]
    SLICE_X71Y131        CARRY8 (Prop_CARRY8_SLICEL_S[4]_CO[7])
                                                      0.153     6.308 r  g_int8.u_p254/u_mac_mul/p_out_reg[17]_i_109__0/CO[7]
                         net (fo=1, routed)           0.026     6.334    g_int8.u_p254/u_mac_mul/p_out_reg[17]_i_109__0_n_0
    SLICE_X71Y132        CARRY8 (Prop_CARRY8_SLICEL_CI_O[6])
                                                      0.103     6.437 r  g_int8.u_p254/u_mac_mul/p_out_reg[17]_i_56__0/O[6]
                         net (fo=1, routed)           0.334     6.771    g_int8.u_p254/u_mac_mul/p_out_reg[17]_i_56__0_n_9
    SLICE_X71Y135        LUT4 (Prop_E6LUT_SLICEL_I2_O)
                                                      0.035     6.806 r  g_int8.u_p254/u_mac_mul/p_out[17]_i_58__0/O
                         net (fo=1, routed)           0.086     6.892    g_int8.u_p254/u_mac_mul/p_out[17]_i_58__0_n_0
    SLICE_X71Y135        LUT5 (Prop_F6LUT_SLICEL_I4_O)
                                                      0.035     6.927 r  g_int8.u_p254/u_mac_mul/p_out[17]_i_17__0/O
                         net (fo=1, routed)           0.136     7.063    g_int8.u_p254/u_mac_mul/p_out[17]_i_17__0_n_0
    SLICE_X72Y135        LUT6 (Prop_D6LUT_SLICEL_I0_O)
                                                      0.122     7.185 r  g_int8.u_p254/u_mac_mul/p_out[17]_i_6__0/O
                         net (fo=1, routed)           0.085     7.270    g_int8.u_p254/u_mac_mul/p_out[17]_i_6__0_n_0
    SLICE_X72Y135        LUT5 (Prop_C6LUT_SLICEL_I1_O)
                                                      0.035     7.305 r  g_int8.u_p254/u_mac_mul/p_out[17]_i_3__0/O
                         net (fo=18, routed)          0.215     7.520    g_int8.u_p254/u_mac_mul/normalize01
    SLICE_X72Y127        LUT3 (Prop_G5LUT_SLICEL_I1_O)
                                                      0.067     7.587 r  g_int8.u_p254/u_mac_mul/p_out[17]_i_1__2/O
                         net (fo=1, routed)           0.016     7.603    g_int8.u_p254/u_mac_mul/normalize0_return[17]
    SLICE_X72Y127        FDRE                                         r  g_int8.u_p254/u_mac_mul/p_out_reg[17]/D
  -------------------------------------------------------------------    -------------------

                         (clock clk rise edge)        5.000     5.000 r  
    T8                                                0.000     5.000 r  clk (IN)
                         net (fo=0)                   0.000     5.000    clk_IBUF_inst/I
    T8                   INBUF (Prop_INBUF_HPIOB_M_PAD_O)
                                                      0.272     5.272 r  clk_IBUF_inst/INBUF_INST/O
                         net (fo=1, routed)           0.000     5.272    clk_IBUF_inst/OUT
    T8                   IBUFCTRL (Prop_IBUFCTRL_HPIOB_M_I_O)
                                                      0.000     5.272 r  clk_IBUF_inst/IBUFCTRL_INST/O
                         net (fo=1, routed)           0.293     5.565    clk_IBUF
    BUFGCE_X0Y77         BUFGCE (Prop_BUFCE_BUFGCE_I_O)
                                                      0.024     5.589 r  clk_IBUF_BUFG_inst/O
    X2Y1 (CLOCK_ROOT)    net (fo=1013, routed)        1.936     7.524    g_int8.u_p254/u_mac_mul/clk_IBUF_BUFG
    SLICE_X72Y127        FDRE                                         r  g_int8.u_p254/u_mac_mul/p_out_reg[17]/C
                         clock pessimism              0.448     7.973    
                         clock uncertainty           -0.035     7.937    
    SLICE_X72Y127        FDRE (Setup_GFF2_SLICEL_C_D)
                                                      0.025     7.962    g_int8.u_p254/u_mac_mul/p_out_reg[17]
  -------------------------------------------------------------------
                         required time                          7.962    
                         arrival time                          -7.603    
  -------------------------------------------------------------------
                         slack                                  0.359    

Slack (MET) :             0.361ns  (required time - arrival time)
  Source:                 g_int8.u_p254/u_mac_mul/s4_reg[19]/C
                            (rising edge-triggered cell FDRE clocked by clk  {rise@0.000ns fall@2.500ns period=5.000ns})
  Destination:            g_int8.u_p254/u_mac_mul/p_out_reg[15]/D
                            (rising edge-triggered cell FDRE clocked by clk  {rise@0.000ns fall@2.500ns period=5.000ns})
  Path Group:             clk
  Path Type:              Setup (Max at Slow Process Corner)
  Requirement:            5.000ns  (clk rise@5.000ns - clk rise@0.000ns)
  Data Path Delay:        4.549ns  (logic 1.724ns (37.898%)  route 2.825ns (62.102%))
  Logic Levels:           17  (CARRY8=8 LUT2=1 LUT3=3 LUT4=2 LUT5=2 LUT6=1)
  Clock Path Skew:        -0.079ns (DCD - SCD + CPR)
    Destination Clock Delay (DCD):    2.524ns = ( 7.524 - 5.000 ) 
    Source Clock Delay      (SCD):    3.052ns
    Clock Pessimism Removal (CPR):    0.448ns
  Clock Uncertainty:      0.035ns  ((TSJ^2 + TIJ^2)^1/2 + DJ) / 2 + PE
    Total System Jitter     (TSJ):    0.071ns
    Total Input Jitter      (TIJ):    0.000ns
    Discrete Jitter          (DJ):    0.000ns
    Phase Error              (PE):    0.000ns
  Clock Net Delay (Source):      2.170ns (routing 1.289ns, distribution 0.881ns)
  Clock Net Delay (Destination): 1.936ns (routing 1.173ns, distribution 0.763ns)

    Location             Delay type                Incr(ns)  Path(ns)    Netlist Resource(s)
  -------------------------------------------------------------------    -------------------
                         (clock clk rise edge)        0.000     0.000 r  
    T8                                                0.000     0.000 r  clk (IN)
                         net (fo=0)                   0.000     0.000    clk_IBUF_inst/I
    T8                   INBUF (Prop_INBUF_HPIOB_M_PAD_O)
                                                      0.522     0.522 r  clk_IBUF_inst/INBUF_INST/O
                         net (fo=1, routed)           0.000     0.522    clk_IBUF_inst/OUT
    T8                   IBUFCTRL (Prop_IBUFCTRL_HPIOB_M_I_O)
                                                      0.000     0.522 r  clk_IBUF_inst/IBUFCTRL_INST/O
                         net (fo=1, routed)           0.332     0.854    clk_IBUF
    BUFGCE_X0Y77         BUFGCE (Prop_BUFCE_BUFGCE_I_O)
                                                      0.028     0.882 r  clk_IBUF_BUFG_inst/O
    X2Y1 (CLOCK_ROOT)    net (fo=1013, routed)        2.170     3.052    g_int8.u_p254/u_mac_mul/clk_IBUF_BUFG
    SLICE_X71Y121        FDRE                                         r  g_int8.u_p254/u_mac_mul/s4_reg[19]/C
  -------------------------------------------------------------------    -------------------
    SLICE_X71Y121        FDRE (Prop_DFF_SLICEL_C_Q)
                                                      0.079     3.131 r  g_int8.u_p254/u_mac_mul/s4_reg[19]/Q
                         net (fo=14, routed)          0.215     3.346    g_int8.u_p254/u_mac_mul/s4[19]
    SLICE_X69Y124        LUT2 (Prop_E6LUT_SLICEL_I0_O)
                                                      0.123     3.469 r  g_int8.u_p254/u_mac_mul/p_out[7]_i_25__0/O
                         net (fo=1, routed)           0.007     3.476    g_int8.u_p254/u_mac_mul/p_out[7]_i_25__0_n_0
    SLICE_X69Y124        CARRY8 (Prop_CARRY8_SLICEL_S[4]_CO[7])
                                                      0.153     3.629 r  g_int8.u_p254/u_mac_mul/p_out_reg[7]_i_12__0/CO[7]
                         net (fo=1, routed)           0.026     3.655    g_int8.u_p254/u_mac_mul/p_out_reg[7]_i_12__0_n_0
    SLICE_X69Y125        CARRY8 (Prop_CARRY8_SLICEL_CI_CO[7])
                                                      0.015     3.670 r  g_int8.u_p254/u_mac_mul/p_out_reg[7]_i_13__0/CO[7]
                         net (fo=1, routed)           0.026     3.696    g_int8.u_p254/u_mac_mul/p_out_reg[7]_i_13__0_n_0
    SLICE_X69Y126        CARRY8 (Prop_CARRY8_SLICEL_CI_O[5])
                                                      0.116     3.812 r  g_int8.u_p254/u_mac_mul/p_out_reg[17]_i_271__0/O[5]
                         net (fo=2, routed)           0.254     4.066    g_int8.u_p254/u_mac_mul/p_out_reg[17]_i_271__0_n_10
    SLICE_X70Y129        LUT3 (Prop_C5LUT_SLICEM_I2_O)
                                                      0.111     4.177 r  g_int8.u_p254/u_mac_mul/p_out[17]_i_167__0/O
                         net (fo=2, routed)           0.238     4.415    g_int8.u_p254/u_mac_mul/p_out[17]_i_167__0_n_0
    SLICE_X70Y129        LUT4 (Prop_D6LUT_SLICEM_I3_O)
                                                      0.099     4.514 r  g_int8.u_p254/u_mac_mul/p_out[17]_i_175__0/O
                         net (fo=1, routed)           0.025     4.539    g_int8.u_p254/u_mac_mul/p_out[17]_i_175__0_n_0
    SLICE_X70Y129        CARRY8 (Prop_CARRY8_SLICEM_S[3]_CO[7])
                                                      0.163     4.702 r  g_int8.u_p254/u_mac_mul/p_out_reg[17]_i_71__0/CO[7]
                         net (fo=1, routed)           0.026     4.728    g_int8.u_p254/u_mac_mul/p_out_reg[17]_i_71__0_n_0
    SLICE_X70Y130        CARRY8 (Prop_CARRY8_SLICEM_CI_O[6])
                                                      0.103     4.831 r  g_int8.u_p254/u_mac_mul/p_out_reg[17]_i_69__0/O[6]
                         net (fo=3, routed)           0.378     5.209    g_int8.u_p254/u_mac_mul/p_out_reg[17]_i_69__0_n_9
    SLICE_X73Y133        LUT3 (Prop_F6LUT_SLICEM_I1_O)
                                                      0.037     5.246 r  g_int8.u_p254/u_mac_mul/p_out[17]_i_97__0/O
                         net (fo=1, routed)           0.350     5.596    g_int8.u_p254/u_mac_mul/p_out[17]_i_97__0_n_0
    SLICE_X72Y131        CARRY8 (Prop_CARRY8_SLICEL_DI[3]_O[5])
                                                      0.177     5.773 r  g_int8.u_p254/u_mac_mul/p_out_reg[17]_i_54__0/O[5]
                         net (fo=1, routed)           0.382     6.155    g_int8.u_p254/u_mac_mul/fold_once0_return0[36]
    SLICE_X71Y131        CARRY8 (Prop_CARRY8_SLICEL_S[4]_CO[7])
                                                      0.153     6.308 r  g_int8.u_p254/u_mac_mul/p_out_reg[17]_i_109__0/CO[7]
                         net (fo=1, routed)           0.026     6.334    g_int8.u_p254/u_mac_mul/p_out_reg[17]_i_109__0_n_0
    SLICE_X71Y132        CARRY8 (Prop_CARRY8_SLICEL_CI_O[6])
                                                      0.103     6.437 r  g_int8.u_p254/u_mac_mul/p_out_reg[17]_i_56__0/O[6]
                         net (fo=1, routed)           0.334     6.771    g_int8.u_p254/u_mac_mul/p_out_reg[17]_i_56__0_n_9
    SLICE_X71Y135        LUT4 (Prop_E6LUT_SLICEL_I2_O)
                                                      0.035     6.806 r  g_int8.u_p254/u_mac_mul/p_out[17]_i_58__0/O
                         net (fo=1, routed)           0.086     6.892    g_int8.u_p254/u_mac_mul/p_out[17]_i_58__0_n_0
    SLICE_X71Y135        LUT5 (Prop_F6LUT_SLICEL_I4_O)
                                                      0.035     6.927 r  g_int8.u_p254/u_mac_mul/p_out[17]_i_17__0/O
                         net (fo=1, routed)           0.136     7.063    g_int8.u_p254/u_mac_mul/p_out[17]_i_17__0_n_0
    SLICE_X72Y135        LUT6 (Prop_D6LUT_SLICEL_I0_O)
                                                      0.122     7.185 r  g_int8.u_p254/u_mac_mul/p_out[17]_i_6__0/O
                         net (fo=1, routed)           0.085     7.270    g_int8.u_p254/u_mac_mul/p_out[17]_i_6__0_n_0
    SLICE_X72Y135        LUT5 (Prop_C6LUT_SLICEL_I1_O)
                                                      0.035     7.305 r  g_int8.u_p254/u_mac_mul/p_out[17]_i_3__0/O
                         net (fo=18, routed)          0.216     7.521    g_int8.u_p254/u_mac_mul/normalize01
    SLICE_X72Y127        LUT3 (Prop_H5LUT_SLICEL_I1_O)
                                                      0.065     7.586 r  g_int8.u_p254/u_mac_mul/p_out[15]_i_1__2/O
                         net (fo=1, routed)           0.015     7.601    g_int8.u_p254/u_mac_mul/normalize0_return[15]
    SLICE_X72Y127        FDRE                                         r  g_int8.u_p254/u_mac_mul/p_out_reg[15]/D
  -------------------------------------------------------------------    -------------------

                         (clock clk rise edge)        5.000     5.000 r  
    T8                                                0.000     5.000 r  clk (IN)
                         net (fo=0)                   0.000     5.000    clk_IBUF_inst/I
    T8                   INBUF (Prop_INBUF_HPIOB_M_PAD_O)
                                                      0.272     5.272 r  clk_IBUF_inst/INBUF_INST/O
                         net (fo=1, routed)           0.000     5.272    clk_IBUF_inst/OUT
    T8                   IBUFCTRL (Prop_IBUFCTRL_HPIOB_M_I_O)
                                                      0.000     5.272 r  clk_IBUF_inst/IBUFCTRL_INST/O
                         net (fo=1, routed)           0.293     5.565    clk_IBUF
    BUFGCE_X0Y77         BUFGCE (Prop_BUFCE_BUFGCE_I_O)
                                                      0.024     5.589 r  clk_IBUF_BUFG_inst/O
    X2Y1 (CLOCK_ROOT)    net (fo=1013, routed)        1.936     7.524    g_int8.u_p254/u_mac_mul/clk_IBUF_BUFG
    SLICE_X72Y127        FDRE                                         r  g_int8.u_p254/u_mac_mul/p_out_reg[15]/C
                         clock pessimism              0.448     7.973    
                         clock uncertainty           -0.035     7.937    
    SLICE_X72Y127        FDRE (Setup_HFF2_SLICEL_C_D)
                                                      0.025     7.962    g_int8.u_p254/u_mac_mul/p_out_reg[15]
  -------------------------------------------------------------------
                         required time                          7.962    
                         arrival time                          -7.601    
  -------------------------------------------------------------------
                         slack                                  0.361    

Slack (MET) :             0.380ns  (required time - arrival time)
  Source:                 g_int8.u_p254/u_engine/u_mul/s4_reg[19]/C
                            (rising edge-triggered cell FDRE clocked by clk  {rise@0.000ns fall@2.500ns period=5.000ns})
  Destination:            g_int8.u_p254/u_engine/u_mul/p_out_reg[6]/D
                            (rising edge-triggered cell FDRE clocked by clk  {rise@0.000ns fall@2.500ns period=5.000ns})
  Path Group:             clk
  Path Type:              Setup (Max at Slow Process Corner)
  Requirement:            5.000ns  (clk rise@5.000ns - clk rise@0.000ns)
  Data Path Delay:        4.529ns  (logic 1.944ns (42.920%)  route 2.585ns (57.080%))
  Logic Levels:           18  (CARRY8=9 LUT2=1 LUT3=3 LUT4=2 LUT5=2 LUT6=1)
  Clock Path Skew:        -0.080ns (DCD - SCD + CPR)
    Destination Clock Delay (DCD):    2.479ns = ( 7.479 - 5.000 ) 
    Source Clock Delay      (SCD):    3.004ns
    Clock Pessimism Removal (CPR):    0.444ns
  Clock Uncertainty:      0.035ns  ((TSJ^2 + TIJ^2)^1/2 + DJ) / 2 + PE
    Total System Jitter     (TSJ):    0.071ns
    Total Input Jitter      (TIJ):    0.000ns
    Discrete Jitter          (DJ):    0.000ns
    Phase Error              (PE):    0.000ns
  Clock Net Delay (Source):      2.122ns (routing 1.289ns, distribution 0.833ns)
  Clock Net Delay (Destination): 1.891ns (routing 1.173ns, distribution 0.718ns)

    Location             Delay type                Incr(ns)  Path(ns)    Netlist Resource(s)
  -------------------------------------------------------------------    -------------------
                         (clock clk rise edge)        0.000     0.000 r  
    T8                                                0.000     0.000 r  clk (IN)
                         net (fo=0)                   0.000     0.000    clk_IBUF_inst/I
    T8                   INBUF (Prop_INBUF_HPIOB_M_PAD_O)
                                                      0.522     0.522 r  clk_IBUF_inst/INBUF_INST/O
                         net (fo=1, routed)           0.000     0.522    clk_IBUF_inst/OUT
    T8                   IBUFCTRL (Prop_IBUFCTRL_HPIOB_M_I_O)
                                                      0.000     0.522 r  clk_IBUF_inst/IBUFCTRL_INST/O
                         net (fo=1, routed)           0.332     0.854    clk_IBUF
    BUFGCE_X0Y77         BUFGCE (Prop_BUFCE_BUFGCE_I_O)
                                                      0.028     0.882 r  clk_IBUF_BUFG_inst/O
    X2Y1 (CLOCK_ROOT)    net (fo=1013, routed)        2.122     3.004    g_int8.u_p254/u_engine/u_mul/clk_IBUF_BUFG
    SLICE_X70Y107        FDRE                                         r  g_int8.u_p254/u_engine/u_mul/s4_reg[19]/C
  -------------------------------------------------------------------    -------------------
    SLICE_X70Y107        FDRE (Prop_DFF_SLICEM_C_Q)
                                                      0.078     3.082 r  g_int8.u_p254/u_engine/u_mul/s4_reg[19]/Q
                         net (fo=14, routed)          0.220     3.302    g_int8.u_p254/u_engine/u_mul/s4[19]
    SLICE_X69Y108        LUT2 (Prop_E6LUT_SLICEL_I0_O)
                                                      0.123     3.425 r  g_int8.u_p254/u_engine/u_mul/p_out[7]_i_25/O
                         net (fo=1, routed)           0.007     3.432    g_int8.u_p254/u_engine/u_mul/p_out[7]_i_25_n_0
    SLICE_X69Y108        CARRY8 (Prop_CARRY8_SLICEL_S[4]_CO[7])
                                                      0.153     3.585 r  g_int8.u_p254/u_engine/u_mul/p_out_reg[7]_i_12/CO[7]
                         net (fo=1, routed)           0.026     3.611    g_int8.u_p254/u_engine/u_mul/p_out_reg[7]_i_12_n_0
    SLICE_X69Y109        CARRY8 (Prop_CARRY8_SLICEL_CI_CO[7])
                                                      0.015     3.626 r  g_int8.u_p254/u_engine/u_mul/p_out_reg[7]_i_13/CO[7]
                         net (fo=1, routed)           0.026     3.652    g_int8.u_p254/u_engine/u_mul/p_out_reg[7]_i_13_n_0
    SLICE_X69Y110        CARRY8 (Prop_CARRY8_SLICEL_CI_O[7])
                                                      0.116     3.768 r  g_int8.u_p254/u_engine/u_mul/p_out_reg[17]_i_271/O[7]
                         net (fo=2, routed)           0.287     4.055    g_int8.u_p254/u_engine/u_mul/p_out_reg[17]_i_271_n_8
    SLICE_X70Y115        LUT3 (Prop_E5LUT_SLICEM_I2_O)
                                                      0.139     4.194 r  g_int8.u_p254/u_engine/u_mul/p_out[17]_i_165/O
                         net (fo=2, routed)           0.194     4.388    g_int8.u_p254/u_engine/u_mul/p_out[17]_i_165_n_0
    SLICE_X70Y115        LUT4 (Prop_F6LUT_SLICEM_I3_O)
                                                      0.148     4.536 r  g_int8.u_p254/u_engine/u_mul/p_out[17]_i_173/O
                         net (fo=1, routed)           0.022     4.558    g_int8.u_p254/u_engine/u_mul/p_out[17]_i_173_n_0
    SLICE_X70Y115        CARRY8 (Prop_CARRY8_SLICEM_S[5]_CO[7])
                                                      0.159     4.717 r  g_int8.u_p254/u_engine/u_mul/p_out_reg[17]_i_71/CO[7]
                         net (fo=1, routed)           0.026     4.743    g_int8.u_p254/u_engine/u_mul/p_out_reg[17]_i_71_n_0
    SLICE_X70Y116        CARRY8 (Prop_CARRY8_SLICEM_CI_O[0])
                                                      0.056     4.799 r  g_int8.u_p254/u_engine/u_mul/p_out_reg[17]_i_69/O[0]
                         net (fo=3, routed)           0.383     5.182    g_int8.u_p254/u_engine/u_mul/p_out_reg[17]_i_69_n_15
    SLICE_X74Y115        LUT3 (Prop_H6LUT_SLICEM_I1_O)
                                                      0.101     5.283 r  g_int8.u_p254/u_engine/u_mul/p_out[17]_i_23/O
                         net (fo=1, routed)           0.249     5.532    g_int8.u_p254/u_engine/u_mul/p_out[17]_i_23_n_0
    SLICE_X72Y115        CARRY8 (Prop_CARRY8_SLICEL_DI[5]_CO[7])
                                                      0.083     5.615 r  g_int8.u_p254/u_engine/u_mul/p_out_reg[17]_i_9/CO[7]
                         net (fo=1, routed)           0.026     5.641    g_int8.u_p254/u_engine/u_mul/p_out_reg[17]_i_9_n_0
    SLICE_X72Y116        CARRY8 (Prop_CARRY8_SLICEL_CI_O[1])
                                                      0.076     5.717 r  g_int8.u_p254/u_engine/u_mul/p_out_reg[17]_i_54/O[1]
                         net (fo=1, routed)           0.344     6.061    g_int8.u_p254/u_engine/u_mul/fold_once0_return0[32]
    SLICE_X73Y116        CARRY8 (Prop_CARRY8_SLICEM_S[0]_CO[7])
                                                      0.192     6.253 r  g_int8.u_p254/u_engine/u_mul/p_out_reg[17]_i_109/CO[7]
                         net (fo=1, routed)           0.026     6.279    g_int8.u_p254/u_engine/u_mul/p_out_reg[17]_i_109_n_0
    SLICE_X73Y117        CARRY8 (Prop_CARRY8_SLICEM_CI_O[6])
                                                      0.103     6.382 r  g_int8.u_p254/u_engine/u_mul/p_out_reg[17]_i_56/O[6]
                         net (fo=1, routed)           0.172     6.554    g_int8.u_p254/u_engine/u_mul/p_out_reg[17]_i_56_n_9
    SLICE_X73Y120        LUT4 (Prop_B6LUT_SLICEM_I2_O)
                                                      0.089     6.643 r  g_int8.u_p254/u_engine/u_mul/p_out[17]_i_58/O
                         net (fo=1, routed)           0.093     6.736    g_int8.u_p254/u_engine/u_mul/p_out[17]_i_58_n_0
    SLICE_X73Y120        LUT5 (Prop_C6LUT_SLICEM_I4_O)
                                                      0.051     6.787 r  g_int8.u_p254/u_engine/u_mul/p_out[17]_i_17/O
                         net (fo=1, routed)           0.040     6.827    g_int8.u_p254/u_engine/u_mul/p_out[17]_i_17_n_0
    SLICE_X73Y120        LUT6 (Prop_D6LUT_SLICEM_I0_O)
                                                      0.037     6.864 r  g_int8.u_p254/u_engine/u_mul/p_out[17]_i_6/O
                         net (fo=1, routed)           0.222     7.086    g_int8.u_p254/u_engine/u_mul/p_out[17]_i_6_n_0
    SLICE_X74Y114        LUT5 (Prop_G6LUT_SLICEM_I1_O)
                                                      0.100     7.186 r  g_int8.u_p254/u_engine/u_mul/p_out[17]_i_3/O
                         net (fo=18, routed)          0.169     7.355    g_int8.u_p254/u_engine/u_mul/normalize01
    SLICE_X74Y110        LUT3 (Prop_A6LUT_SLICEM_I1_O)
                                                      0.125     7.480 r  g_int8.u_p254/u_engine/u_mul/p_out[6]_i_1__1/O
                         net (fo=1, routed)           0.053     7.533    g_int8.u_p254/u_engine/u_mul/normalize0_return[6]
    SLICE_X74Y110        FDRE                                         r  g_int8.u_p254/u_engine/u_mul/p_out_reg[6]/D
  -------------------------------------------------------------------    -------------------

                         (clock clk rise edge)        5.000     5.000 r  
    T8                                                0.000     5.000 r  clk (IN)
                         net (fo=0)                   0.000     5.000    clk_IBUF_inst/I
    T8                   INBUF (Prop_INBUF_HPIOB_M_PAD_O)
                                                      0.272     5.272 r  clk_IBUF_inst/INBUF_INST/O
                         net (fo=1, routed)           0.000     5.272    clk_IBUF_inst/OUT
    T8                   IBUFCTRL (Prop_IBUFCTRL_HPIOB_M_I_O)
                                                      0.000     5.272 r  clk_IBUF_inst/IBUFCTRL_INST/O
                         net (fo=1, routed)           0.293     5.565    clk_IBUF
    BUFGCE_X0Y77         BUFGCE (Prop_BUFCE_BUFGCE_I_O)
                                                      0.024     5.589 r  clk_IBUF_BUFG_inst/O
    X2Y1 (CLOCK_ROOT)    net (fo=1013, routed)        1.891     7.479    g_int8.u_p254/u_engine/u_mul/clk_IBUF_BUFG
    SLICE_X74Y110        FDRE                                         r  g_int8.u_p254/u_engine/u_mul/p_out_reg[6]/C
                         clock pessimism              0.444     7.924    
                         clock uncertainty           -0.035     7.888    
    SLICE_X74Y110        FDRE (Setup_AFF_SLICEM_C_D)
                                                      0.025     7.913    g_int8.u_p254/u_engine/u_mul/p_out_reg[6]
  -------------------------------------------------------------------
                         required time                          7.913    
                         arrival time                          -7.533    
  -------------------------------------------------------------------
                         slack                                  0.380    

Slack (MET) :             0.396ns  (required time - arrival time)
  Source:                 g_int8.u_p254/u_engine/u_mul/s4_reg[19]/C
                            (rising edge-triggered cell FDRE clocked by clk  {rise@0.000ns fall@2.500ns period=5.000ns})
  Destination:            g_int8.u_p254/u_engine/u_mul/p_out_reg[7]/D
                            (rising edge-triggered cell FDRE clocked by clk  {rise@0.000ns fall@2.500ns period=5.000ns})
  Path Group:             clk
  Path Type:              Setup (Max at Slow Process Corner)
  Requirement:            5.000ns  (clk rise@5.000ns - clk rise@0.000ns)
  Data Path Delay:        4.513ns  (logic 1.958ns (43.382%)  route 2.555ns (56.618%))
  Logic Levels:           18  (CARRY8=9 LUT2=1 LUT3=3 LUT4=2 LUT5=2 LUT6=1)
  Clock Path Skew:        -0.080ns (DCD - SCD + CPR)
    Destination Clock Delay (DCD):    2.479ns = ( 7.479 - 5.000 ) 
    Source Clock Delay      (SCD):    3.004ns
    Clock Pessimism Removal (CPR):    0.444ns
  Clock Uncertainty:      0.035ns  ((TSJ^2 + TIJ^2)^1/2 + DJ) / 2 + PE
    Total System Jitter     (TSJ):    0.071ns
    Total Input Jitter      (TIJ):    0.000ns
    Discrete Jitter          (DJ):    0.000ns
    Phase Error              (PE):    0.000ns
  Clock Net Delay (Source):      2.122ns (routing 1.289ns, distribution 0.833ns)
  Clock Net Delay (Destination): 1.891ns (routing 1.173ns, distribution 0.718ns)

    Location             Delay type                Incr(ns)  Path(ns)    Netlist Resource(s)
  -------------------------------------------------------------------    -------------------
                         (clock clk rise edge)        0.000     0.000 r  
    T8                                                0.000     0.000 r  clk (IN)
                         net (fo=0)                   0.000     0.000    clk_IBUF_inst/I
    T8                   INBUF (Prop_INBUF_HPIOB_M_PAD_O)
                                                      0.522     0.522 r  clk_IBUF_inst/INBUF_INST/O
                         net (fo=1, routed)           0.000     0.522    clk_IBUF_inst/OUT
    T8                   IBUFCTRL (Prop_IBUFCTRL_HPIOB_M_I_O)
                                                      0.000     0.522 r  clk_IBUF_inst/IBUFCTRL_INST/O
                         net (fo=1, routed)           0.332     0.854    clk_IBUF
    BUFGCE_X0Y77         BUFGCE (Prop_BUFCE_BUFGCE_I_O)
                                                      0.028     0.882 r  clk_IBUF_BUFG_inst/O
    X2Y1 (CLOCK_ROOT)    net (fo=1013, routed)        2.122     3.004    g_int8.u_p254/u_engine/u_mul/clk_IBUF_BUFG
    SLICE_X70Y107        FDRE                                         r  g_int8.u_p254/u_engine/u_mul/s4_reg[19]/C
  -------------------------------------------------------------------    -------------------
    SLICE_X70Y107        FDRE (Prop_DFF_SLICEM_C_Q)
                                                      0.078     3.082 r  g_int8.u_p254/u_engine/u_mul/s4_reg[19]/Q
                         net (fo=14, routed)          0.220     3.302    g_int8.u_p254/u_engine/u_mul/s4[19]
    SLICE_X69Y108        LUT2 (Prop_E6LUT_SLICEL_I0_O)
                                                      0.123     3.425 r  g_int8.u_p254/u_engine/u_mul/p_out[7]_i_25/O
                         net (fo=1, routed)           0.007     3.432    g_int8.u_p254/u_engine/u_mul/p_out[7]_i_25_n_0
    SLICE_X69Y108        CARRY8 (Prop_CARRY8_SLICEL_S[4]_CO[7])
                                                      0.153     3.585 r  g_int8.u_p254/u_engine/u_mul/p_out_reg[7]_i_12/CO[7]
                         net (fo=1, routed)           0.026     3.611    g_int8.u_p254/u_engine/u_mul/p_out_reg[7]_i_12_n_0
    SLICE_X69Y109        CARRY8 (Prop_CARRY8_SLICEL_CI_CO[7])
                                                      0.015     3.626 r  g_int8.u_p254/u_engine/u_mul/p_out_reg[7]_i_13/CO[7]
                         net (fo=1, routed)           0.026     3.652    g_int8.u_p254/u_engine/u_mul/p_out_reg[7]_i_13_n_0
    SLICE_X69Y110        CARRY8 (Prop_CARRY8_SLICEL_CI_O[7])
                                                      0.116     3.768 r  g_int8.u_p254/u_engine/u_mul/p_out_reg[17]_i_271/O[7]
                         net (fo=2, routed)           0.287     4.055    g_int8.u_p254/u_engine/u_mul/p_out_reg[17]_i_271_n_8
    SLICE_X70Y115        LUT3 (Prop_E5LUT_SLICEM_I2_O)
                                                      0.139     4.194 r  g_int8.u_p254/u_engine/u_mul/p_out[17]_i_165/O
                         net (fo=2, routed)           0.194     4.388    g_int8.u_p254/u_engine/u_mul/p_out[17]_i_165_n_0
    SLICE_X70Y115        LUT4 (Prop_F6LUT_SLICEM_I3_O)
                                                      0.148     4.536 r  g_int8.u_p254/u_engine/u_mul/p_out[17]_i_173/O
                         net (fo=1, routed)           0.022     4.558    g_int8.u_p254/u_engine/u_mul/p_out[17]_i_173_n_0
    SLICE_X70Y115        CARRY8 (Prop_CARRY8_SLICEM_S[5]_CO[7])
                                                      0.159     4.717 r  g_int8.u_p254/u_engine/u_mul/p_out_reg[17]_i_71/CO[7]
                         net (fo=1, routed)           0.026     4.743    g_int8.u_p254/u_engine/u_mul/p_out_reg[17]_i_71_n_0
    SLICE_X70Y116        CARRY8 (Prop_CARRY8_SLICEM_CI_O[0])
                                                      0.056     4.799 r  g_int8.u_p254/u_engine/u_mul/p_out_reg[17]_i_69/O[0]
                         net (fo=3, routed)           0.383     5.182    g_int8.u_p254/u_engine/u_mul/p_out_reg[17]_i_69_n_15
    SLICE_X74Y115        LUT3 (Prop_H6LUT_SLICEM_I1_O)
                                                      0.101     5.283 r  g_int8.u_p254/u_engine/u_mul/p_out[17]_i_23/O
                         net (fo=1, routed)           0.249     5.532    g_int8.u_p254/u_engine/u_mul/p_out[17]_i_23_n_0
    SLICE_X72Y115        CARRY8 (Prop_CARRY8_SLICEL_DI[5]_CO[7])
                                                      0.083     5.615 r  g_int8.u_p254/u_engine/u_mul/p_out_reg[17]_i_9/CO[7]
                         net (fo=1, routed)           0.026     5.641    g_int8.u_p254/u_engine/u_mul/p_out_reg[17]_i_9_n_0
    SLICE_X72Y116        CARRY8 (Prop_CARRY8_SLICEL_CI_O[1])
                                                      0.076     5.717 r  g_int8.u_p254/u_engine/u_mul/p_out_reg[17]_i_54/O[1]
                         net (fo=1, routed)           0.344     6.061    g_int8.u_p254/u_engine/u_mul/fold_once0_return0[32]
    SLICE_X73Y116        CARRY8 (Prop_CARRY8_SLICEM_S[0]_CO[7])
                                                      0.192     6.253 r  g_int8.u_p254/u_engine/u_mul/p_out_reg[17]_i_109/CO[7]
                         net (fo=1, routed)           0.026     6.279    g_int8.u_p254/u_engine/u_mul/p_out_reg[17]_i_109_n_0
    SLICE_X73Y117        CARRY8 (Prop_CARRY8_SLICEM_CI_O[6])
                                                      0.103     6.382 r  g_int8.u_p254/u_engine/u_mul/p_out_reg[17]_i_56/O[6]
                         net (fo=1, routed)           0.172     6.554    g_int8.u_p254/u_engine/u_mul/p_out_reg[17]_i_56_n_9
    SLICE_X73Y120        LUT4 (Prop_B6LUT_SLICEM_I2_O)
                                                      0.089     6.643 r  g_int8.u_p254/u_engine/u_mul/p_out[17]_i_58/O
                         net (fo=1, routed)           0.093     6.736    g_int8.u_p254/u_engine/u_mul/p_out[17]_i_58_n_0
    SLICE_X73Y120        LUT5 (Prop_C6LUT_SLICEM_I4_O)
                                                      0.051     6.787 r  g_int8.u_p254/u_engine/u_mul/p_out[17]_i_17/O
                         net (fo=1, routed)           0.040     6.827    g_int8.u_p254/u_engine/u_mul/p_out[17]_i_17_n_0
    SLICE_X73Y120        LUT6 (Prop_D6LUT_SLICEM_I0_O)
                                                      0.037     6.864 r  g_int8.u_p254/u_engine/u_mul/p_out[17]_i_6/O
                         net (fo=1, routed)           0.222     7.086    g_int8.u_p254/u_engine/u_mul/p_out[17]_i_6_n_0
    SLICE_X74Y114        LUT5 (Prop_G6LUT_SLICEM_I1_O)
                                                      0.100     7.186 r  g_int8.u_p254/u_engine/u_mul/p_out[17]_i_3/O
                         net (fo=18, routed)          0.169     7.355    g_int8.u_p254/u_engine/u_mul/normalize01
    SLICE_X74Y110        LUT3 (Prop_A5LUT_SLICEM_I1_O)
                                                      0.139     7.494 r  g_int8.u_p254/u_engine/u_mul/p_out[7]_i_1__1/O
                         net (fo=1, routed)           0.023     7.517    g_int8.u_p254/u_engine/u_mul/normalize0_return[7]
    SLICE_X74Y110        FDRE                                         r  g_int8.u_p254/u_engine/u_mul/p_out_reg[7]/D
  -------------------------------------------------------------------    -------------------

                         (clock clk rise edge)        5.000     5.000 r  
    T8                                                0.000     5.000 r  clk (IN)
                         net (fo=0)                   0.000     5.000    clk_IBUF_inst/I
    T8                   INBUF (Prop_INBUF_HPIOB_M_PAD_O)
                                                      0.272     5.272 r  clk_IBUF_inst/INBUF_INST/O
                         net (fo=1, routed)           0.000     5.272    clk_IBUF_inst/OUT
    T8                   IBUFCTRL (Prop_IBUFCTRL_HPIOB_M_I_O)
                                                      0.000     5.272 r  clk_IBUF_inst/IBUFCTRL_INST/O
                         net (fo=1, routed)           0.293     5.565    clk_IBUF
    BUFGCE_X0Y77         BUFGCE (Prop_BUFCE_BUFGCE_I_O)
                                                      0.024     5.589 r  clk_IBUF_BUFG_inst/O
    X2Y1 (CLOCK_ROOT)    net (fo=1013, routed)        1.891     7.479    g_int8.u_p254/u_engine/u_mul/clk_IBUF_BUFG
    SLICE_X74Y110        FDRE                                         r  g_int8.u_p254/u_engine/u_mul/p_out_reg[7]/C
                         clock pessimism              0.444     7.924    
                         clock uncertainty           -0.035     7.888    
    SLICE_X74Y110        FDRE (Setup_AFF2_SLICEM_C_D)
                                                      0.025     7.913    g_int8.u_p254/u_engine/u_mul/p_out_reg[7]
  -------------------------------------------------------------------
                         required time                          7.913    
                         arrival time                          -7.517    
  -------------------------------------------------------------------
                         slack                                  0.396    

Slack (MET) :             0.409ns  (required time - arrival time)
  Source:                 g_int8.u_p254/u_engine/u_mul/s4_reg[19]/C
                            (rising edge-triggered cell FDRE clocked by clk  {rise@0.000ns fall@2.500ns period=5.000ns})
  Destination:            g_int8.u_p254/u_engine/u_mul/p_out_reg[2]/D
                            (rising edge-triggered cell FDRE clocked by clk  {rise@0.000ns fall@2.500ns period=5.000ns})
  Path Group:             clk
  Path Type:              Setup (Max at Slow Process Corner)
  Requirement:            5.000ns  (clk rise@5.000ns - clk rise@0.000ns)
  Data Path Delay:        4.501ns  (logic 1.871ns (41.571%)  route 2.630ns (58.429%))
  Logic Levels:           18  (CARRY8=9 LUT2=1 LUT3=3 LUT4=2 LUT5=2 LUT6=1)
  Clock Path Skew:        -0.080ns (DCD - SCD + CPR)
    Destination Clock Delay (DCD):    2.479ns = ( 7.479 - 5.000 ) 
    Source Clock Delay      (SCD):    3.004ns
    Clock Pessimism Removal (CPR):    0.444ns
  Clock Uncertainty:      0.035ns  ((TSJ^2 + TIJ^2)^1/2 + DJ) / 2 + PE
    Total System Jitter     (TSJ):    0.071ns
    Total Input Jitter      (TIJ):    0.000ns
    Discrete Jitter          (DJ):    0.000ns
    Phase Error              (PE):    0.000ns
  Clock Net Delay (Source):      2.122ns (routing 1.289ns, distribution 0.833ns)
  Clock Net Delay (Destination): 1.891ns (routing 1.173ns, distribution 0.718ns)

    Location             Delay type                Incr(ns)  Path(ns)    Netlist Resource(s)
  -------------------------------------------------------------------    -------------------
                         (clock clk rise edge)        0.000     0.000 r  
    T8                                                0.000     0.000 r  clk (IN)
                         net (fo=0)                   0.000     0.000    clk_IBUF_inst/I
    T8                   INBUF (Prop_INBUF_HPIOB_M_PAD_O)
                                                      0.522     0.522 r  clk_IBUF_inst/INBUF_INST/O
                         net (fo=1, routed)           0.000     0.522    clk_IBUF_inst/OUT
    T8                   IBUFCTRL (Prop_IBUFCTRL_HPIOB_M_I_O)
                                                      0.000     0.522 r  clk_IBUF_inst/IBUFCTRL_INST/O
                         net (fo=1, routed)           0.332     0.854    clk_IBUF
    BUFGCE_X0Y77         BUFGCE (Prop_BUFCE_BUFGCE_I_O)
                                                      0.028     0.882 r  clk_IBUF_BUFG_inst/O
    X2Y1 (CLOCK_ROOT)    net (fo=1013, routed)        2.122     3.004    g_int8.u_p254/u_engine/u_mul/clk_IBUF_BUFG
    SLICE_X70Y107        FDRE                                         r  g_int8.u_p254/u_engine/u_mul/s4_reg[19]/C
  -------------------------------------------------------------------    -------------------
    SLICE_X70Y107        FDRE (Prop_DFF_SLICEM_C_Q)
                                                      0.078     3.082 r  g_int8.u_p254/u_engine/u_mul/s4_reg[19]/Q
                         net (fo=14, routed)          0.220     3.302    g_int8.u_p254/u_engine/u_mul/s4[19]
    SLICE_X69Y108        LUT2 (Prop_E6LUT_SLICEL_I0_O)
                                                      0.123     3.425 r  g_int8.u_p254/u_engine/u_mul/p_out[7]_i_25/O
                         net (fo=1, routed)           0.007     3.432    g_int8.u_p254/u_engine/u_mul/p_out[7]_i_25_n_0
    SLICE_X69Y108        CARRY8 (Prop_CARRY8_SLICEL_S[4]_CO[7])
                                                      0.153     3.585 r  g_int8.u_p254/u_engine/u_mul/p_out_reg[7]_i_12/CO[7]
                         net (fo=1, routed)           0.026     3.611    g_int8.u_p254/u_engine/u_mul/p_out_reg[7]_i_12_n_0
    SLICE_X69Y109        CARRY8 (Prop_CARRY8_SLICEL_CI_CO[7])
                                                      0.015     3.626 r  g_int8.u_p254/u_engine/u_mul/p_out_reg[7]_i_13/CO[7]
                         net (fo=1, routed)           0.026     3.652    g_int8.u_p254/u_engine/u_mul/p_out_reg[7]_i_13_n_0
    SLICE_X69Y110        CARRY8 (Prop_CARRY8_SLICEL_CI_O[7])
                                                      0.116     3.768 r  g_int8.u_p254/u_engine/u_mul/p_out_reg[17]_i_271/O[7]
                         net (fo=2, routed)           0.287     4.055    g_int8.u_p254/u_engine/u_mul/p_out_reg[17]_i_271_n_8
    SLICE_X70Y115        LUT3 (Prop_E5LUT_SLICEM_I2_O)
                                                      0.139     4.194 r  g_int8.u_p254/u_engine/u_mul/p_out[17]_i_165/O
                         net (fo=2, routed)           0.194     4.388    g_int8.u_p254/u_engine/u_mul/p_out[17]_i_165_n_0
    SLICE_X70Y115        LUT4 (Prop_F6LUT_SLICEM_I3_O)
                                                      0.148     4.536 r  g_int8.u_p254/u_engine/u_mul/p_out[17]_i_173/O
                         net (fo=1, routed)           0.022     4.558    g_int8.u_p254/u_engine/u_mul/p_out[17]_i_173_n_0
    SLICE_X70Y115        CARRY8 (Prop_CARRY8_SLICEM_S[5]_CO[7])
                                                      0.159     4.717 r  g_int8.u_p254/u_engine/u_mul/p_out_reg[17]_i_71/CO[7]
                         net (fo=1, routed)           0.026     4.743    g_int8.u_p254/u_engine/u_mul/p_out_reg[17]_i_71_n_0
    SLICE_X70Y116        CARRY8 (Prop_CARRY8_SLICEM_CI_O[0])
                                                      0.056     4.799 r  g_int8.u_p254/u_engine/u_mul/p_out_reg[17]_i_69/O[0]
                         net (fo=3, routed)           0.383     5.182    g_int8.u_p254/u_engine/u_mul/p_out_reg[17]_i_69_n_15
    SLICE_X74Y115        LUT3 (Prop_H6LUT_SLICEM_I1_O)
                                                      0.101     5.283 r  g_int8.u_p254/u_engine/u_mul/p_out[17]_i_23/O
                         net (fo=1, routed)           0.249     5.532    g_int8.u_p254/u_engine/u_mul/p_out[17]_i_23_n_0
    SLICE_X72Y115        CARRY8 (Prop_CARRY8_SLICEL_DI[5]_CO[7])
                                                      0.083     5.615 r  g_int8.u_p254/u_engine/u_mul/p_out_reg[17]_i_9/CO[7]
                         net (fo=1, routed)           0.026     5.641    g_int8.u_p254/u_engine/u_mul/p_out_reg[17]_i_9_n_0
    SLICE_X72Y116        CARRY8 (Prop_CARRY8_SLICEL_CI_O[1])
                                                      0.076     5.717 r  g_int8.u_p254/u_engine/u_mul/p_out_reg[17]_i_54/O[1]
                         net (fo=1, routed)           0.344     6.061    g_int8.u_p254/u_engine/u_mul/fold_once0_return0[32]
    SLICE_X73Y116        CARRY8 (Prop_CARRY8_SLICEM_S[0]_CO[7])
                                                      0.192     6.253 r  g_int8.u_p254/u_engine/u_mul/p_out_reg[17]_i_109/CO[7]
                         net (fo=1, routed)           0.026     6.279    g_int8.u_p254/u_engine/u_mul/p_out_reg[17]_i_109_n_0
    SLICE_X73Y117        CARRY8 (Prop_CARRY8_SLICEM_CI_O[6])
                                                      0.103     6.382 r  g_int8.u_p254/u_engine/u_mul/p_out_reg[17]_i_56/O[6]
                         net (fo=1, routed)           0.172     6.554    g_int8.u_p254/u_engine/u_mul/p_out_reg[17]_i_56_n_9
    SLICE_X73Y120        LUT4 (Prop_B6LUT_SLICEM_I2_O)
                                                      0.089     6.643 r  g_int8.u_p254/u_engine/u_mul/p_out[17]_i_58/O
                         net (fo=1, routed)           0.093     6.736    g_int8.u_p254/u_engine/u_mul/p_out[17]_i_58_n_0
    SLICE_X73Y120        LUT5 (Prop_C6LUT_SLICEM_I4_O)
                                                      0.051     6.787 r  g_int8.u_p254/u_engine/u_mul/p_out[17]_i_17/O
                         net (fo=1, routed)           0.040     6.827    g_int8.u_p254/u_engine/u_mul/p_out[17]_i_17_n_0
    SLICE_X73Y120        LUT6 (Prop_D6LUT_SLICEM_I0_O)
                                                      0.037     6.864 r  g_int8.u_p254/u_engine/u_mul/p_out[17]_i_6/O
                         net (fo=1, routed)           0.222     7.086    g_int8.u_p254/u_engine/u_mul/p_out[17]_i_6_n_0
    SLICE_X74Y114        LUT5 (Prop_G6LUT_SLICEM_I1_O)
                                                      0.100     7.186 r  g_int8.u_p254/u_engine/u_mul/p_out[17]_i_3/O
                         net (fo=18, routed)          0.208     7.393    g_int8.u_p254/u_engine/u_mul/normalize01
    SLICE_X74Y110        LUT3 (Prop_B6LUT_SLICEM_I1_O)
                                                      0.052     7.445 r  g_int8.u_p254/u_engine/u_mul/p_out[2]_i_1__1/O
                         net (fo=1, routed)           0.059     7.504    g_int8.u_p254/u_engine/u_mul/normalize0_return[2]
    SLICE_X74Y110        FDRE                                         r  g_int8.u_p254/u_engine/u_mul/p_out_reg[2]/D
  -------------------------------------------------------------------    -------------------

                         (clock clk rise edge)        5.000     5.000 r  
    T8                                                0.000     5.000 r  clk (IN)
                         net (fo=0)                   0.000     5.000    clk_IBUF_inst/I
    T8                   INBUF (Prop_INBUF_HPIOB_M_PAD_O)
                                                      0.272     5.272 r  clk_IBUF_inst/INBUF_INST/O
                         net (fo=1, routed)           0.000     5.272    clk_IBUF_inst/OUT
    T8                   IBUFCTRL (Prop_IBUFCTRL_HPIOB_M_I_O)
                                                      0.000     5.272 r  clk_IBUF_inst/IBUFCTRL_INST/O
                         net (fo=1, routed)           0.293     5.565    clk_IBUF
    BUFGCE_X0Y77         BUFGCE (Prop_BUFCE_BUFGCE_I_O)
                                                      0.024     5.589 r  clk_IBUF_BUFG_inst/O
    X2Y1 (CLOCK_ROOT)    net (fo=1013, routed)        1.891     7.479    g_int8.u_p254/u_engine/u_mul/clk_IBUF_BUFG
    SLICE_X74Y110        FDRE                                         r  g_int8.u_p254/u_engine/u_mul/p_out_reg[2]/C
                         clock pessimism              0.444     7.924    
                         clock uncertainty           -0.035     7.888    
    SLICE_X74Y110        FDRE (Setup_BFF_SLICEM_C_D)
                                                      0.025     7.913    g_int8.u_p254/u_engine/u_mul/p_out_reg[2]
  -------------------------------------------------------------------
                         required time                          7.913    
                         arrival time                          -7.504    
  -------------------------------------------------------------------
                         slack                                  0.409    

Slack (MET) :             0.422ns  (required time - arrival time)
  Source:                 g_int8.u_p254/u_engine/u_mul/s4_reg[19]/C
                            (rising edge-triggered cell FDRE clocked by clk  {rise@0.000ns fall@2.500ns period=5.000ns})
  Destination:            g_int8.u_p254/u_engine/u_mul/p_out_reg[3]/D
                            (rising edge-triggered cell FDRE clocked by clk  {rise@0.000ns fall@2.500ns period=5.000ns})
  Path Group:             clk
  Path Type:              Setup (Max at Slow Process Corner)
  Requirement:            5.000ns  (clk rise@5.000ns - clk rise@0.000ns)
  Data Path Delay:        4.488ns  (logic 1.891ns (42.137%)  route 2.597ns (57.863%))
  Logic Levels:           18  (CARRY8=9 LUT2=1 LUT3=3 LUT4=2 LUT5=2 LUT6=1)
  Clock Path Skew:        -0.080ns (DCD - SCD + CPR)
    Destination Clock Delay (DCD):    2.479ns = ( 7.479 - 5.000 ) 
    Source Clock Delay      (SCD):    3.004ns
    Clock Pessimism Removal (CPR):    0.444ns
  Clock Uncertainty:      0.035ns  ((TSJ^2 + TIJ^2)^1/2 + DJ) / 2 + PE
    Total System Jitter     (TSJ):    0.071ns
    Total Input Jitter      (TIJ):    0.000ns
    Discrete Jitter          (DJ):    0.000ns
    Phase Error              (PE):    0.000ns
  Clock Net Delay (Source):      2.122ns (routing 1.289ns, distribution 0.833ns)
  Clock Net Delay (Destination): 1.891ns (routing 1.173ns, distribution 0.718ns)

    Location             Delay type                Incr(ns)  Path(ns)    Netlist Resource(s)
  -------------------------------------------------------------------    -------------------
                         (clock clk rise edge)        0.000     0.000 r  
    T8                                                0.000     0.000 r  clk (IN)
                         net (fo=0)                   0.000     0.000    clk_IBUF_inst/I
    T8                   INBUF (Prop_INBUF_HPIOB_M_PAD_O)
                                                      0.522     0.522 r  clk_IBUF_inst/INBUF_INST/O
                         net (fo=1, routed)           0.000     0.522    clk_IBUF_inst/OUT
    T8                   IBUFCTRL (Prop_IBUFCTRL_HPIOB_M_I_O)
                                                      0.000     0.522 r  clk_IBUF_inst/IBUFCTRL_INST/O
                         net (fo=1, routed)           0.332     0.854    clk_IBUF
    BUFGCE_X0Y77         BUFGCE (Prop_BUFCE_BUFGCE_I_O)
                                                      0.028     0.882 r  clk_IBUF_BUFG_inst/O
    X2Y1 (CLOCK_ROOT)    net (fo=1013, routed)        2.122     3.004    g_int8.u_p254/u_engine/u_mul/clk_IBUF_BUFG
    SLICE_X70Y107        FDRE                                         r  g_int8.u_p254/u_engine/u_mul/s4_reg[19]/C
  -------------------------------------------------------------------    -------------------
    SLICE_X70Y107        FDRE (Prop_DFF_SLICEM_C_Q)
                                                      0.078     3.082 r  g_int8.u_p254/u_engine/u_mul/s4_reg[19]/Q
                         net (fo=14, routed)          0.220     3.302    g_int8.u_p254/u_engine/u_mul/s4[19]
    SLICE_X69Y108        LUT2 (Prop_E6LUT_SLICEL_I0_O)
                                                      0.123     3.425 r  g_int8.u_p254/u_engine/u_mul/p_out[7]_i_25/O
                         net (fo=1, routed)           0.007     3.432    g_int8.u_p254/u_engine/u_mul/p_out[7]_i_25_n_0
    SLICE_X69Y108        CARRY8 (Prop_CARRY8_SLICEL_S[4]_CO[7])
                                                      0.153     3.585 r  g_int8.u_p254/u_engine/u_mul/p_out_reg[7]_i_12/CO[7]
                         net (fo=1, routed)           0.026     3.611    g_int8.u_p254/u_engine/u_mul/p_out_reg[7]_i_12_n_0
    SLICE_X69Y109        CARRY8 (Prop_CARRY8_SLICEL_CI_CO[7])
                                                      0.015     3.626 r  g_int8.u_p254/u_engine/u_mul/p_out_reg[7]_i_13/CO[7]
                         net (fo=1, routed)           0.026     3.652    g_int8.u_p254/u_engine/u_mul/p_out_reg[7]_i_13_n_0
    SLICE_X69Y110        CARRY8 (Prop_CARRY8_SLICEL_CI_O[7])
                                                      0.116     3.768 r  g_int8.u_p254/u_engine/u_mul/p_out_reg[17]_i_271/O[7]
                         net (fo=2, routed)           0.287     4.055    g_int8.u_p254/u_engine/u_mul/p_out_reg[17]_i_271_n_8
    SLICE_X70Y115        LUT3 (Prop_E5LUT_SLICEM_I2_O)
                                                      0.139     4.194 r  g_int8.u_p254/u_engine/u_mul/p_out[17]_i_165/O
                         net (fo=2, routed)           0.194     4.388    g_int8.u_p254/u_engine/u_mul/p_out[17]_i_165_n_0
    SLICE_X70Y115        LUT4 (Prop_F6LUT_SLICEM_I3_O)
                                                      0.148     4.536 r  g_int8.u_p254/u_engine/u_mul/p_out[17]_i_173/O
                         net (fo=1, routed)           0.022     4.558    g_int8.u_p254/u_engine/u_mul/p_out[17]_i_173_n_0
    SLICE_X70Y115        CARRY8 (Prop_CARRY8_SLICEM_S[5]_CO[7])
                                                      0.159     4.717 r  g_int8.u_p254/u_engine/u_mul/p_out_reg[17]_i_71/CO[7]
                         net (fo=1, routed)           0.026     4.743    g_int8.u_p254/u_engine/u_mul/p_out_reg[17]_i_71_n_0
    SLICE_X70Y116        CARRY8 (Prop_CARRY8_SLICEM_CI_O[0])
                                                      0.056     4.799 r  g_int8.u_p254/u_engine/u_mul/p_out_reg[17]_i_69/O[0]
                         net (fo=3, routed)           0.383     5.182    g_int8.u_p254/u_engine/u_mul/p_out_reg[17]_i_69_n_15
    SLICE_X74Y115        LUT3 (Prop_H6LUT_SLICEM_I1_O)
                                                      0.101     5.283 r  g_int8.u_p254/u_engine/u_mul/p_out[17]_i_23/O
                         net (fo=1, routed)           0.249     5.532    g_int8.u_p254/u_engine/u_mul/p_out[17]_i_23_n_0
    SLICE_X72Y115        CARRY8 (Prop_CARRY8_SLICEL_DI[5]_CO[7])
                                                      0.083     5.615 r  g_int8.u_p254/u_engine/u_mul/p_out_reg[17]_i_9/CO[7]
                         net (fo=1, routed)           0.026     5.641    g_int8.u_p254/u_engine/u_mul/p_out_reg[17]_i_9_n_0
    SLICE_X72Y116        CARRY8 (Prop_CARRY8_SLICEL_CI_O[1])
                                                      0.076     5.717 r  g_int8.u_p254/u_engine/u_mul/p_out_reg[17]_i_54/O[1]
                         net (fo=1, routed)           0.344     6.061    g_int8.u_p254/u_engine/u_mul/fold_once0_return0[32]
    SLICE_X73Y116        CARRY8 (Prop_CARRY8_SLICEM_S[0]_CO[7])
                                                      0.192     6.253 r  g_int8.u_p254/u_engine/u_mul/p_out_reg[17]_i_109/CO[7]
                         net (fo=1, routed)           0.026     6.279    g_int8.u_p254/u_engine/u_mul/p_out_reg[17]_i_109_n_0
    SLICE_X73Y117        CARRY8 (Prop_CARRY8_SLICEM_CI_O[6])
                                                      0.103     6.382 r  g_int8.u_p254/u_engine/u_mul/p_out_reg[17]_i_56/O[6]
                         net (fo=1, routed)           0.172     6.554    g_int8.u_p254/u_engine/u_mul/p_out_reg[17]_i_56_n_9
    SLICE_X73Y120        LUT4 (Prop_B6LUT_SLICEM_I2_O)
                                                      0.089     6.643 r  g_int8.u_p254/u_engine/u_mul/p_out[17]_i_58/O
                         net (fo=1, routed)           0.093     6.736    g_int8.u_p254/u_engine/u_mul/p_out[17]_i_58_n_0
    SLICE_X73Y120        LUT5 (Prop_C6LUT_SLICEM_I4_O)
                                                      0.051     6.787 r  g_int8.u_p254/u_engine/u_mul/p_out[17]_i_17/O
                         net (fo=1, routed)           0.040     6.827    g_int8.u_p254/u_engine/u_mul/p_out[17]_i_17_n_0
    SLICE_X73Y120        LUT6 (Prop_D6LUT_SLICEM_I0_O)
                                                      0.037     6.864 r  g_int8.u_p254/u_engine/u_mul/p_out[17]_i_6/O
                         net (fo=1, routed)           0.222     7.086    g_int8.u_p254/u_engine/u_mul/p_out[17]_i_6_n_0
    SLICE_X74Y114        LUT5 (Prop_G6LUT_SLICEM_I1_O)
                                                      0.100     7.186 r  g_int8.u_p254/u_engine/u_mul/p_out[17]_i_3/O
                         net (fo=18, routed)          0.208     7.393    g_int8.u_p254/u_engine/u_mul/normalize01
    SLICE_X74Y110        LUT3 (Prop_B5LUT_SLICEM_I1_O)
                                                      0.072     7.465 r  g_int8.u_p254/u_engine/u_mul/p_out[3]_i_1__1/O
                         net (fo=1, routed)           0.026     7.491    g_int8.u_p254/u_engine/u_mul/normalize0_return[3]
    SLICE_X74Y110        FDRE                                         r  g_int8.u_p254/u_engine/u_mul/p_out_reg[3]/D
  -------------------------------------------------------------------    -------------------

                         (clock clk rise edge)        5.000     5.000 r  
    T8                                                0.000     5.000 r  clk (IN)
                         net (fo=0)                   0.000     5.000    clk_IBUF_inst/I
    T8                   INBUF (Prop_INBUF_HPIOB_M_PAD_O)
                                                      0.272     5.272 r  clk_IBUF_inst/INBUF_INST/O
                         net (fo=1, routed)           0.000     5.272    clk_IBUF_inst/OUT
    T8                   IBUFCTRL (Prop_IBUFCTRL_HPIOB_M_I_O)
                                                      0.000     5.272 r  clk_IBUF_inst/IBUFCTRL_INST/O
                         net (fo=1, routed)           0.293     5.565    clk_IBUF
    BUFGCE_X0Y77         BUFGCE (Prop_BUFCE_BUFGCE_I_O)
                                                      0.024     5.589 r  clk_IBUF_BUFG_inst/O
    X2Y1 (CLOCK_ROOT)    net (fo=1013, routed)        1.891     7.479    g_int8.u_p254/u_engine/u_mul/clk_IBUF_BUFG
    SLICE_X74Y110        FDRE                                         r  g_int8.u_p254/u_engine/u_mul/p_out_reg[3]/C
                         clock pessimism              0.444     7.924    
                         clock uncertainty           -0.035     7.888    
    SLICE_X74Y110        FDRE (Setup_BFF2_SLICEM_C_D)
                                                      0.025     7.913    g_int8.u_p254/u_engine/u_mul/p_out_reg[3]
  -------------------------------------------------------------------
                         required time                          7.913    
                         arrival time                          -7.491    
  -------------------------------------------------------------------
                         slack                                  0.422    

Slack (MET) :             0.428ns  (required time - arrival time)
  Source:                 g_int8.u_p254/u_engine/u_mul/s4_reg[19]/C
                            (rising edge-triggered cell FDRE clocked by clk  {rise@0.000ns fall@2.500ns period=5.000ns})
  Destination:            g_int8.u_p254/u_engine/u_mul/p_out_reg[4]/D
                            (rising edge-triggered cell FDRE clocked by clk  {rise@0.000ns fall@2.500ns period=5.000ns})
  Path Group:             clk
  Path Type:              Setup (Max at Slow Process Corner)
  Requirement:            5.000ns  (clk rise@5.000ns - clk rise@0.000ns)
  Data Path Delay:        4.474ns  (logic 1.869ns (41.772%)  route 2.605ns (58.228%))
  Logic Levels:           18  (CARRY8=9 LUT2=1 LUT3=3 LUT4=2 LUT5=2 LUT6=1)
  Clock Path Skew:        -0.088ns (DCD - SCD + CPR)
    Destination Clock Delay (DCD):    2.472ns = ( 7.472 - 5.000 ) 
    Source Clock Delay      (SCD):    3.004ns
    Clock Pessimism Removal (CPR):    0.444ns
  Clock Uncertainty:      0.035ns  ((TSJ^2 + TIJ^2)^1/2 + DJ) / 2 + PE
    Total System Jitter     (TSJ):    0.071ns
    Total Input Jitter      (TIJ):    0.000ns
    Discrete Jitter          (DJ):    0.000ns
    Phase Error              (PE):    0.000ns
  Clock Net Delay (Source):      2.122ns (routing 1.289ns, distribution 0.833ns)
  Clock Net Delay (Destination): 1.883ns (routing 1.173ns, distribution 0.710ns)

    Location             Delay type                Incr(ns)  Path(ns)    Netlist Resource(s)
  -------------------------------------------------------------------    -------------------
                         (clock clk rise edge)        0.000     0.000 r  
    T8                                                0.000     0.000 r  clk (IN)
                         net (fo=0)                   0.000     0.000    clk_IBUF_inst/I
    T8                   INBUF (Prop_INBUF_HPIOB_M_PAD_O)
                                                      0.522     0.522 r  clk_IBUF_inst/INBUF_INST/O
                         net (fo=1, routed)           0.000     0.522    clk_IBUF_inst/OUT
    T8                   IBUFCTRL (Prop_IBUFCTRL_HPIOB_M_I_O)
                                                      0.000     0.522 r  clk_IBUF_inst/IBUFCTRL_INST/O
                         net (fo=1, routed)           0.332     0.854    clk_IBUF
    BUFGCE_X0Y77         BUFGCE (Prop_BUFCE_BUFGCE_I_O)
                                                      0.028     0.882 r  clk_IBUF_BUFG_inst/O
    X2Y1 (CLOCK_ROOT)    net (fo=1013, routed)        2.122     3.004    g_int8.u_p254/u_engine/u_mul/clk_IBUF_BUFG
    SLICE_X70Y107        FDRE                                         r  g_int8.u_p254/u_engine/u_mul/s4_reg[19]/C
  -------------------------------------------------------------------    -------------------
    SLICE_X70Y107        FDRE (Prop_DFF_SLICEM_C_Q)
                                                      0.078     3.082 r  g_int8.u_p254/u_engine/u_mul/s4_reg[19]/Q
                         net (fo=14, routed)          0.220     3.302    g_int8.u_p254/u_engine/u_mul/s4[19]
    SLICE_X69Y108        LUT2 (Prop_E6LUT_SLICEL_I0_O)
                                                      0.123     3.425 r  g_int8.u_p254/u_engine/u_mul/p_out[7]_i_25/O
                         net (fo=1, routed)           0.007     3.432    g_int8.u_p254/u_engine/u_mul/p_out[7]_i_25_n_0
    SLICE_X69Y108        CARRY8 (Prop_CARRY8_SLICEL_S[4]_CO[7])
                                                      0.153     3.585 r  g_int8.u_p254/u_engine/u_mul/p_out_reg[7]_i_12/CO[7]
                         net (fo=1, routed)           0.026     3.611    g_int8.u_p254/u_engine/u_mul/p_out_reg[7]_i_12_n_0
    SLICE_X69Y109        CARRY8 (Prop_CARRY8_SLICEL_CI_CO[7])
                                                      0.015     3.626 r  g_int8.u_p254/u_engine/u_mul/p_out_reg[7]_i_13/CO[7]
                         net (fo=1, routed)           0.026     3.652    g_int8.u_p254/u_engine/u_mul/p_out_reg[7]_i_13_n_0
    SLICE_X69Y110        CARRY8 (Prop_CARRY8_SLICEL_CI_O[7])
                                                      0.116     3.768 r  g_int8.u_p254/u_engine/u_mul/p_out_reg[17]_i_271/O[7]
                         net (fo=2, routed)           0.287     4.055    g_int8.u_p254/u_engine/u_mul/p_out_reg[17]_i_271_n_8
    SLICE_X70Y115        LUT3 (Prop_E5LUT_SLICEM_I2_O)
                                                      0.139     4.194 r  g_int8.u_p254/u_engine/u_mul/p_out[17]_i_165/O
                         net (fo=2, routed)           0.194     4.388    g_int8.u_p254/u_engine/u_mul/p_out[17]_i_165_n_0
    SLICE_X70Y115        LUT4 (Prop_F6LUT_SLICEM_I3_O)
                                                      0.148     4.536 r  g_int8.u_p254/u_engine/u_mul/p_out[17]_i_173/O
                         net (fo=1, routed)           0.022     4.558    g_int8.u_p254/u_engine/u_mul/p_out[17]_i_173_n_0
    SLICE_X70Y115        CARRY8 (Prop_CARRY8_SLICEM_S[5]_CO[7])
                                                      0.159     4.717 r  g_int8.u_p254/u_engine/u_mul/p_out_reg[17]_i_71/CO[7]
                         net (fo=1, routed)           0.026     4.743    g_int8.u_p254/u_engine/u_mul/p_out_reg[17]_i_71_n_0
    SLICE_X70Y116        CARRY8 (Prop_CARRY8_SLICEM_CI_O[0])
                                                      0.056     4.799 r  g_int8.u_p254/u_engine/u_mul/p_out_reg[17]_i_69/O[0]
                         net (fo=3, routed)           0.383     5.182    g_int8.u_p254/u_engine/u_mul/p_out_reg[17]_i_69_n_15
    SLICE_X74Y115        LUT3 (Prop_H6LUT_SLICEM_I1_O)
                                                      0.101     5.283 r  g_int8.u_p254/u_engine/u_mul/p_out[17]_i_23/O
                         net (fo=1, routed)           0.249     5.532    g_int8.u_p254/u_engine/u_mul/p_out[17]_i_23_n_0
    SLICE_X72Y115        CARRY8 (Prop_CARRY8_SLICEL_DI[5]_CO[7])
                                                      0.083     5.615 r  g_int8.u_p254/u_engine/u_mul/p_out_reg[17]_i_9/CO[7]
                         net (fo=1, routed)           0.026     5.641    g_int8.u_p254/u_engine/u_mul/p_out_reg[17]_i_9_n_0
    SLICE_X72Y116        CARRY8 (Prop_CARRY8_SLICEL_CI_O[1])
                                                      0.076     5.717 r  g_int8.u_p254/u_engine/u_mul/p_out_reg[17]_i_54/O[1]
                         net (fo=1, routed)           0.344     6.061    g_int8.u_p254/u_engine/u_mul/fold_once0_return0[32]
    SLICE_X73Y116        CARRY8 (Prop_CARRY8_SLICEM_S[0]_CO[7])
                                                      0.192     6.253 r  g_int8.u_p254/u_engine/u_mul/p_out_reg[17]_i_109/CO[7]
                         net (fo=1, routed)           0.026     6.279    g_int8.u_p254/u_engine/u_mul/p_out_reg[17]_i_109_n_0
    SLICE_X73Y117        CARRY8 (Prop_CARRY8_SLICEM_CI_O[6])
                                                      0.103     6.382 r  g_int8.u_p254/u_engine/u_mul/p_out_reg[17]_i_56/O[6]
                         net (fo=1, routed)           0.172     6.554    g_int8.u_p254/u_engine/u_mul/p_out_reg[17]_i_56_n_9
    SLICE_X73Y120        LUT4 (Prop_B6LUT_SLICEM_I2_O)
                                                      0.089     6.643 r  g_int8.u_p254/u_engine/u_mul/p_out[17]_i_58/O
                         net (fo=1, routed)           0.093     6.736    g_int8.u_p254/u_engine/u_mul/p_out[17]_i_58_n_0
    SLICE_X73Y120        LUT5 (Prop_C6LUT_SLICEM_I4_O)
                                                      0.051     6.787 r  g_int8.u_p254/u_engine/u_mul/p_out[17]_i_17/O
                         net (fo=1, routed)           0.040     6.827    g_int8.u_p254/u_engine/u_mul/p_out[17]_i_17_n_0
    SLICE_X73Y120        LUT6 (Prop_D6LUT_SLICEM_I0_O)
                                                      0.037     6.864 r  g_int8.u_p254/u_engine/u_mul/p_out[17]_i_6/O
                         net (fo=1, routed)           0.222     7.086    g_int8.u_p254/u_engine/u_mul/p_out[17]_i_6_n_0
    SLICE_X74Y114        LUT5 (Prop_G6LUT_SLICEM_I1_O)
                                                      0.100     7.186 r  g_int8.u_p254/u_engine/u_mul/p_out[17]_i_3/O
                         net (fo=18, routed)          0.193     7.379    g_int8.u_p254/u_engine/u_mul/normalize01
    SLICE_X75Y111        LUT3 (Prop_D6LUT_SLICEL_I1_O)
                                                      0.050     7.429 r  g_int8.u_p254/u_engine/u_mul/p_out[4]_i_1__1/O
                         net (fo=1, routed)           0.049     7.478    g_int8.u_p254/u_engine/u_mul/normalize0_return[4]
    SLICE_X75Y111        FDRE                                         r  g_int8.u_p254/u_engine/u_mul/p_out_reg[4]/D
  -------------------------------------------------------------------    -------------------

                         (clock clk rise edge)        5.000     5.000 r  
    T8                                                0.000     5.000 r  clk (IN)
                         net (fo=0)                   0.000     5.000    clk_IBUF_inst/I
    T8                   INBUF (Prop_INBUF_HPIOB_M_PAD_O)
                                                      0.272     5.272 r  clk_IBUF_inst/INBUF_INST/O
                         net (fo=1, routed)           0.000     5.272    clk_IBUF_inst/OUT
    T8                   IBUFCTRL (Prop_IBUFCTRL_HPIOB_M_I_O)
                                                      0.000     5.272 r  clk_IBUF_inst/IBUFCTRL_INST/O
                         net (fo=1, routed)           0.293     5.565    clk_IBUF
    BUFGCE_X0Y77         BUFGCE (Prop_BUFCE_BUFGCE_I_O)
                                                      0.024     5.589 r  clk_IBUF_BUFG_inst/O
    X2Y1 (CLOCK_ROOT)    net (fo=1013, routed)        1.883     7.472    g_int8.u_p254/u_engine/u_mul/clk_IBUF_BUFG
    SLICE_X75Y111        FDRE                                         r  g_int8.u_p254/u_engine/u_mul/p_out_reg[4]/C
                         clock pessimism              0.444     7.916    
                         clock uncertainty           -0.035     7.881    
    SLICE_X75Y111        FDRE (Setup_DFF_SLICEL_C_D)
                                                      0.025     7.906    g_int8.u_p254/u_engine/u_mul/p_out_reg[4]
  -------------------------------------------------------------------
                         required time                          7.906    
                         arrival time                          -7.478    
  -------------------------------------------------------------------
                         slack                                  0.428    

Slack (MET) :             0.446ns  (required time - arrival time)
  Source:                 g_int8.u_p254/u_engine/u_mul/s4_reg[19]/C
                            (rising edge-triggered cell FDRE clocked by clk  {rise@0.000ns fall@2.500ns period=5.000ns})
  Destination:            g_int8.u_p254/u_engine/u_mul/p_out_reg[5]/D
                            (rising edge-triggered cell FDRE clocked by clk  {rise@0.000ns fall@2.500ns period=5.000ns})
  Path Group:             clk
  Path Type:              Setup (Max at Slow Process Corner)
  Requirement:            5.000ns  (clk rise@5.000ns - clk rise@0.000ns)
  Data Path Delay:        4.456ns  (logic 1.885ns (42.300%)  route 2.571ns (57.700%))
  Logic Levels:           18  (CARRY8=9 LUT2=1 LUT3=3 LUT4=2 LUT5=2 LUT6=1)
  Clock Path Skew:        -0.088ns (DCD - SCD + CPR)
    Destination Clock Delay (DCD):    2.472ns = ( 7.472 - 5.000 ) 
    Source Clock Delay      (SCD):    3.004ns
    Clock Pessimism Removal (CPR):    0.444ns
  Clock Uncertainty:      0.035ns  ((TSJ^2 + TIJ^2)^1/2 + DJ) / 2 + PE
    Total System Jitter     (TSJ):    0.071ns
    Total Input Jitter      (TIJ):    0.000ns
    Discrete Jitter          (DJ):    0.000ns
    Phase Error              (PE):    0.000ns
  Clock Net Delay (Source):      2.122ns (routing 1.289ns, distribution 0.833ns)
  Clock Net Delay (Destination): 1.883ns (routing 1.173ns, distribution 0.710ns)

    Location             Delay type                Incr(ns)  Path(ns)    Netlist Resource(s)
  -------------------------------------------------------------------    -------------------
                         (clock clk rise edge)        0.000     0.000 r  
    T8                                                0.000     0.000 r  clk (IN)
                         net (fo=0)                   0.000     0.000    clk_IBUF_inst/I
    T8                   INBUF (Prop_INBUF_HPIOB_M_PAD_O)
                                                      0.522     0.522 r  clk_IBUF_inst/INBUF_INST/O
                         net (fo=1, routed)           0.000     0.522    clk_IBUF_inst/OUT
    T8                   IBUFCTRL (Prop_IBUFCTRL_HPIOB_M_I_O)
                                                      0.000     0.522 r  clk_IBUF_inst/IBUFCTRL_INST/O
                         net (fo=1, routed)           0.332     0.854    clk_IBUF
    BUFGCE_X0Y77         BUFGCE (Prop_BUFCE_BUFGCE_I_O)
                                                      0.028     0.882 r  clk_IBUF_BUFG_inst/O
    X2Y1 (CLOCK_ROOT)    net (fo=1013, routed)        2.122     3.004    g_int8.u_p254/u_engine/u_mul/clk_IBUF_BUFG
    SLICE_X70Y107        FDRE                                         r  g_int8.u_p254/u_engine/u_mul/s4_reg[19]/C
  -------------------------------------------------------------------    -------------------
    SLICE_X70Y107        FDRE (Prop_DFF_SLICEM_C_Q)
                                                      0.078     3.082 r  g_int8.u_p254/u_engine/u_mul/s4_reg[19]/Q
                         net (fo=14, routed)          0.220     3.302    g_int8.u_p254/u_engine/u_mul/s4[19]
    SLICE_X69Y108        LUT2 (Prop_E6LUT_SLICEL_I0_O)
                                                      0.123     3.425 r  g_int8.u_p254/u_engine/u_mul/p_out[7]_i_25/O
                         net (fo=1, routed)           0.007     3.432    g_int8.u_p254/u_engine/u_mul/p_out[7]_i_25_n_0
    SLICE_X69Y108        CARRY8 (Prop_CARRY8_SLICEL_S[4]_CO[7])
                                                      0.153     3.585 r  g_int8.u_p254/u_engine/u_mul/p_out_reg[7]_i_12/CO[7]
                         net (fo=1, routed)           0.026     3.611    g_int8.u_p254/u_engine/u_mul/p_out_reg[7]_i_12_n_0
    SLICE_X69Y109        CARRY8 (Prop_CARRY8_SLICEL_CI_CO[7])
                                                      0.015     3.626 r  g_int8.u_p254/u_engine/u_mul/p_out_reg[7]_i_13/CO[7]
                         net (fo=1, routed)           0.026     3.652    g_int8.u_p254/u_engine/u_mul/p_out_reg[7]_i_13_n_0
    SLICE_X69Y110        CARRY8 (Prop_CARRY8_SLICEL_CI_O[7])
                                                      0.116     3.768 r  g_int8.u_p254/u_engine/u_mul/p_out_reg[17]_i_271/O[7]
                         net (fo=2, routed)           0.287     4.055    g_int8.u_p254/u_engine/u_mul/p_out_reg[17]_i_271_n_8
    SLICE_X70Y115        LUT3 (Prop_E5LUT_SLICEM_I2_O)
                                                      0.139     4.194 r  g_int8.u_p254/u_engine/u_mul/p_out[17]_i_165/O
                         net (fo=2, routed)           0.194     4.388    g_int8.u_p254/u_engine/u_mul/p_out[17]_i_165_n_0
    SLICE_X70Y115        LUT4 (Prop_F6LUT_SLICEM_I3_O)
                                                      0.148     4.536 r  g_int8.u_p254/u_engine/u_mul/p_out[17]_i_173/O
                         net (fo=1, routed)           0.022     4.558    g_int8.u_p254/u_engine/u_mul/p_out[17]_i_173_n_0
    SLICE_X70Y115        CARRY8 (Prop_CARRY8_SLICEM_S[5]_CO[7])
                                                      0.159     4.717 r  g_int8.u_p254/u_engine/u_mul/p_out_reg[17]_i_71/CO[7]
                         net (fo=1, routed)           0.026     4.743    g_int8.u_p254/u_engine/u_mul/p_out_reg[17]_i_71_n_0
    SLICE_X70Y116        CARRY8 (Prop_CARRY8_SLICEM_CI_O[0])
                                                      0.056     4.799 r  g_int8.u_p254/u_engine/u_mul/p_out_reg[17]_i_69/O[0]
                         net (fo=3, routed)           0.383     5.182    g_int8.u_p254/u_engine/u_mul/p_out_reg[17]_i_69_n_15
    SLICE_X74Y115        LUT3 (Prop_H6LUT_SLICEM_I1_O)
                                                      0.101     5.283 r  g_int8.u_p254/u_engine/u_mul/p_out[17]_i_23/O
                         net (fo=1, routed)           0.249     5.532    g_int8.u_p254/u_engine/u_mul/p_out[17]_i_23_n_0
    SLICE_X72Y115        CARRY8 (Prop_CARRY8_SLICEL_DI[5]_CO[7])
                                                      0.083     5.615 r  g_int8.u_p254/u_engine/u_mul/p_out_reg[17]_i_9/CO[7]
                         net (fo=1, routed)           0.026     5.641    g_int8.u_p254/u_engine/u_mul/p_out_reg[17]_i_9_n_0
    SLICE_X72Y116        CARRY8 (Prop_CARRY8_SLICEL_CI_O[1])
                                                      0.076     5.717 r  g_int8.u_p254/u_engine/u_mul/p_out_reg[17]_i_54/O[1]
                         net (fo=1, routed)           0.344     6.061    g_int8.u_p254/u_engine/u_mul/fold_once0_return0[32]
    SLICE_X73Y116        CARRY8 (Prop_CARRY8_SLICEM_S[0]_CO[7])
                                                      0.192     6.253 r  g_int8.u_p254/u_engine/u_mul/p_out_reg[17]_i_109/CO[7]
                         net (fo=1, routed)           0.026     6.279    g_int8.u_p254/u_engine/u_mul/p_out_reg[17]_i_109_n_0
    SLICE_X73Y117        CARRY8 (Prop_CARRY8_SLICEM_CI_O[6])
                                                      0.103     6.382 r  g_int8.u_p254/u_engine/u_mul/p_out_reg[17]_i_56/O[6]
                         net (fo=1, routed)           0.172     6.554    g_int8.u_p254/u_engine/u_mul/p_out_reg[17]_i_56_n_9
    SLICE_X73Y120        LUT4 (Prop_B6LUT_SLICEM_I2_O)
                                                      0.089     6.643 r  g_int8.u_p254/u_engine/u_mul/p_out[17]_i_58/O
                         net (fo=1, routed)           0.093     6.736    g_int8.u_p254/u_engine/u_mul/p_out[17]_i_58_n_0
    SLICE_X73Y120        LUT5 (Prop_C6LUT_SLICEM_I4_O)
                                                      0.051     6.787 r  g_int8.u_p254/u_engine/u_mul/p_out[17]_i_17/O
                         net (fo=1, routed)           0.040     6.827    g_int8.u_p254/u_engine/u_mul/p_out[17]_i_17_n_0
    SLICE_X73Y120        LUT6 (Prop_D6LUT_SLICEM_I0_O)
                                                      0.037     6.864 r  g_int8.u_p254/u_engine/u_mul/p_out[17]_i_6/O
                         net (fo=1, routed)           0.222     7.086    g_int8.u_p254/u_engine/u_mul/p_out[17]_i_6_n_0
    SLICE_X74Y114        LUT5 (Prop_G6LUT_SLICEM_I1_O)
                                                      0.100     7.186 r  g_int8.u_p254/u_engine/u_mul/p_out[17]_i_3/O
                         net (fo=18, routed)          0.193     7.379    g_int8.u_p254/u_engine/u_mul/normalize01
    SLICE_X75Y111        LUT3 (Prop_D5LUT_SLICEL_I1_O)
                                                      0.066     7.445 r  g_int8.u_p254/u_engine/u_mul/p_out[5]_i_1__1/O
                         net (fo=1, routed)           0.015     7.460    g_int8.u_p254/u_engine/u_mul/normalize0_return[5]
    SLICE_X75Y111        FDRE                                         r  g_int8.u_p254/u_engine/u_mul/p_out_reg[5]/D
  -------------------------------------------------------------------    -------------------

                         (clock clk rise edge)        5.000     5.000 r  
    T8                                                0.000     5.000 r  clk (IN)
                         net (fo=0)                   0.000     5.000    clk_IBUF_inst/I
    T8                   INBUF (Prop_INBUF_HPIOB_M_PAD_O)
                                                      0.272     5.272 r  clk_IBUF_inst/INBUF_INST/O
                         net (fo=1, routed)           0.000     5.272    clk_IBUF_inst/OUT
    T8                   IBUFCTRL (Prop_IBUFCTRL_HPIOB_M_I_O)
                                                      0.000     5.272 r  clk_IBUF_inst/IBUFCTRL_INST/O
                         net (fo=1, routed)           0.293     5.565    clk_IBUF
    BUFGCE_X0Y77         BUFGCE (Prop_BUFCE_BUFGCE_I_O)
                                                      0.024     5.589 r  clk_IBUF_BUFG_inst/O
    X2Y1 (CLOCK_ROOT)    net (fo=1013, routed)        1.883     7.472    g_int8.u_p254/u_engine/u_mul/clk_IBUF_BUFG
    SLICE_X75Y111        FDRE                                         r  g_int8.u_p254/u_engine/u_mul/p_out_reg[5]/C
                         clock pessimism              0.444     7.916    
                         clock uncertainty           -0.035     7.881    
    SLICE_X75Y111        FDRE (Setup_DFF2_SLICEL_C_D)
                                                      0.025     7.906    g_int8.u_p254/u_engine/u_mul/p_out_reg[5]
  -------------------------------------------------------------------
                         required time                          7.906    
                         arrival time                          -7.460    
  -------------------------------------------------------------------
                         slack                                  0.446    

Slack (MET) :             0.446ns  (required time - arrival time)
  Source:                 g_int8.u_p520/u_engine/u_ping/mem_reg_bram_0/CLKBWRCLK
                            (rising edge-triggered cell RAMB36E2 clocked by clk  {rise@0.000ns fall@2.500ns period=5.000ns})
  Destination:            g_int8.u_p520/u_mac_mul/s3[23]_i_60__0_psdsp_1/D
                            (rising edge-triggered cell FDRE clocked by clk  {rise@0.000ns fall@2.500ns period=5.000ns})
  Path Group:             clk
  Path Type:              Setup (Max at Slow Process Corner)
  Requirement:            5.000ns  (clk rise@5.000ns - clk rise@0.000ns)
  Data Path Delay:        4.321ns  (logic 2.780ns (64.335%)  route 1.541ns (35.665%))
  Logic Levels:           11  (CARRY8=3 DSP_A_B_DATA=1 DSP_ALU=1 DSP_M_DATA=1 DSP_MULTIPLIER=1 DSP_OUTPUT=1 DSP_PREADD_DATA=1 LUT2=1 LUT3=1)
  Clock Path Skew:        -0.223ns (DCD - SCD + CPR)
    Destination Clock Delay (DCD):    2.650ns = ( 7.650 - 5.000 ) 
    Source Clock Delay      (SCD):    3.331ns
    Clock Pessimism Removal (CPR):    0.459ns
  Clock Uncertainty:      0.035ns  ((TSJ^2 + TIJ^2)^1/2 + DJ) / 2 + PE
    Total System Jitter     (TSJ):    0.071ns
    Total Input Jitter      (TIJ):    0.000ns
    Discrete Jitter          (DJ):    0.000ns
    Phase Error              (PE):    0.000ns
  Clock Net Delay (Source):      2.449ns (routing 1.289ns, distribution 1.160ns)
  Clock Net Delay (Destination): 2.061ns (routing 1.173ns, distribution 0.888ns)

    Location             Delay type                Incr(ns)  Path(ns)    Netlist Resource(s)
  -------------------------------------------------------------------    -------------------
                         (clock clk rise edge)        0.000     0.000 r  
    T8                                                0.000     0.000 r  clk (IN)
                         net (fo=0)                   0.000     0.000    clk_IBUF_inst/I
    T8                   INBUF (Prop_INBUF_HPIOB_M_PAD_O)
                                                      0.522     0.522 r  clk_IBUF_inst/INBUF_INST/O
                         net (fo=1, routed)           0.000     0.522    clk_IBUF_inst/OUT
    T8                   IBUFCTRL (Prop_IBUFCTRL_HPIOB_M_I_O)
                                                      0.000     0.522 r  clk_IBUF_inst/IBUFCTRL_INST/O
                         net (fo=1, routed)           0.332     0.854    clk_IBUF
    BUFGCE_X0Y77         BUFGCE (Prop_BUFCE_BUFGCE_I_O)
                                                      0.028     0.882 r  clk_IBUF_BUFG_inst/O
    X2Y1 (CLOCK_ROOT)    net (fo=1013, routed)        2.449     3.331    g_int8.u_p520/u_engine/u_ping/clk_IBUF_BUFG
    RAMB36_X12Y25        RAMB36E2                                     r  g_int8.u_p520/u_engine/u_ping/mem_reg_bram_0/CLKBWRCLK
  -------------------------------------------------------------------    -------------------
    RAMB36_X12Y25        RAMB36E2 (Prop_RAMB36E2_RAMB36_CLKBWRCLK_DOUTBDOUT[8])
                                                      0.876     4.207 f  g_int8.u_p520/u_engine/u_ping/mem_reg_bram_0/DOUTBDOUT[8]
                         net (fo=6, routed)           0.488     4.695    g_int8.u_p520/u_engine/u_ping/DOUTBDOUT[8]
    SLICE_X94Y132        LUT3 (Prop_D6LUT_SLICEL_I0_O)
                                                      0.050     4.745 f  g_int8.u_p520/u_engine/u_ping/s10_i_11__0/O
                         net (fo=3, routed)           0.358     5.103    g_int8.u_p520/u_mac_mul/s10/A[8]
    DSP48E2_X17Y53       DSP_A_B_DATA (Prop_DSP_A_B_DATA_DSP48E2_A[8]_A2_DATA[8])
                                                      0.192     5.295 r  g_int8.u_p520/u_mac_mul/s10/DSP_A_B_DATA_INST/A2_DATA[8]
                         net (fo=1, routed)           0.000     5.295    g_int8.u_p520/u_mac_mul/s10/DSP_A_B_DATA.A2_DATA<8>
    DSP48E2_X17Y53       DSP_PREADD_DATA (Prop_DSP_PREADD_DATA_DSP48E2_A2_DATA[8]_A2A1[8])
                                                      0.076     5.371 r  g_int8.u_p520/u_mac_mul/s10/DSP_PREADD_DATA_INST/A2A1[8]
                         net (fo=1, routed)           0.000     5.371    g_int8.u_p520/u_mac_mul/s10/DSP_PREADD_DATA.A2A1<8>
    DSP48E2_X17Y53       DSP_MULTIPLIER (Prop_DSP_MULTIPLIER_DSP48E2_A2A1[8]_U[21])
                                                      0.505     5.876 f  g_int8.u_p520/u_mac_mul/s10/DSP_MULTIPLIER_INST/U[21]
                         net (fo=1, routed)           0.000     5.876    g_int8.u_p520/u_mac_mul/s10/DSP_MULTIPLIER.U<21>
    DSP48E2_X17Y53       DSP_M_DATA (Prop_DSP_M_DATA_DSP48E2_U[21]_U_DATA[21])
                                                      0.047     5.923 r  g_int8.u_p520/u_mac_mul/s10/DSP_M_DATA_INST/U_DATA[21]
                         net (fo=1, routed)           0.000     5.923    g_int8.u_p520/u_mac_mul/s10/DSP_M_DATA.U_DATA<21>
    DSP48E2_X17Y53       DSP_ALU (Prop_DSP_ALU_DSP48E2_U_DATA[21]_ALU_OUT[21])
                                                      0.585     6.508 f  g_int8.u_p520/u_mac_mul/s10/DSP_ALU_INST/ALU_OUT[21]
                         net (fo=1, routed)           0.000     6.508    g_int8.u_p520/u_mac_mul/s10/DSP_ALU.ALU_OUT<21>
    DSP48E2_X17Y53       DSP_OUTPUT (Prop_DSP_OUTPUT_DSP48E2_ALU_OUT[21]_P[21])
                                                      0.109     6.617 r  g_int8.u_p520/u_mac_mul/s10/DSP_OUTPUT_INST/P[21]
                         net (fo=2, routed)           0.305     6.922    g_int8.u_p520/u_mac_mul/s10_n_84
    SLICE_X89Y131        LUT2 (Prop_E6LUT_SLICEL_I0_O)
                                                      0.090     7.012 r  g_int8.u_p520/u_mac_mul/s2_reg_i_20__0/O
                         net (fo=1, routed)           0.007     7.019    g_int8.u_p520/u_mac_mul/s2_reg_i_20__0_n_0
    SLICE_X89Y131        CARRY8 (Prop_CARRY8_SLICEL_S[4]_CO[7])
                                                      0.153     7.172 r  g_int8.u_p520/u_mac_mul/s2_reg_i_3__0/CO[7]
                         net (fo=1, routed)           0.026     7.198    g_int8.u_p520/u_mac_mul/s2_reg_i_3__0_n_0
    SLICE_X89Y132        CARRY8 (Prop_CARRY8_SLICEL_CI_CO[7])
                                                      0.015     7.213 r  g_int8.u_p520/u_mac_mul/s2_reg_i_2__0/CO[7]
                         net (fo=1, routed)           0.026     7.239    g_int8.u_p520/u_mac_mul/s2_reg_i_2__0_n_0
    SLICE_X89Y133        CARRY8 (Prop_CARRY8_SLICEL_CI_O[3])
                                                      0.082     7.321 r  g_int8.u_p520/u_mac_mul/s2_reg_i_1__0/O[3]
                         net (fo=1, routed)           0.331     7.652    g_int8.u_p520/u_mac_mul/s100_out[19]
    SLICE_X89Y133        FDRE                                         r  g_int8.u_p520/u_mac_mul/s3[23]_i_60__0_psdsp_1/D
  -------------------------------------------------------------------    -------------------

                         (clock clk rise edge)        5.000     5.000 r  
    T8                                                0.000     5.000 r  clk (IN)
                         net (fo=0)                   0.000     5.000    clk_IBUF_inst/I
    T8                   INBUF (Prop_INBUF_HPIOB_M_PAD_O)
                                                      0.272     5.272 r  clk_IBUF_inst/INBUF_INST/O
                         net (fo=1, routed)           0.000     5.272    clk_IBUF_inst/OUT
    T8                   IBUFCTRL (Prop_IBUFCTRL_HPIOB_M_I_O)
                                                      0.000     5.272 r  clk_IBUF_inst/IBUFCTRL_INST/O
                         net (fo=1, routed)           0.293     5.565    clk_IBUF
    BUFGCE_X0Y77         BUFGCE (Prop_BUFCE_BUFGCE_I_O)
                                                      0.024     5.589 r  clk_IBUF_BUFG_inst/O
    X2Y1 (CLOCK_ROOT)    net (fo=1013, routed)        2.061     7.650    g_int8.u_p520/u_mac_mul/clk_IBUF_BUFG
    SLICE_X89Y133        FDRE                                         r  g_int8.u_p520/u_mac_mul/s3[23]_i_60__0_psdsp_1/C
                         clock pessimism              0.459     8.108    
                         clock uncertainty           -0.035     8.073    
    SLICE_X89Y133        FDRE (Setup_FFF_SLICEL_C_D)
                                                      0.025     8.098    g_int8.u_p520/u_mac_mul/s3[23]_i_60__0_psdsp_1
  -------------------------------------------------------------------
                         required time                          8.098    
                         arrival time                          -7.652    
  -------------------------------------------------------------------
                         slack                                  0.446    

Slack (MET) :             0.446ns  (required time - arrival time)
  Source:                 g_int8.u_p254/u_engine/u_mul/s4_reg[19]/C
                            (rising edge-triggered cell FDRE clocked by clk  {rise@0.000ns fall@2.500ns period=5.000ns})
  Destination:            g_int8.u_p254/u_engine/u_mul/p_out_reg[0]/D
                            (rising edge-triggered cell FDRE clocked by clk  {rise@0.000ns fall@2.500ns period=5.000ns})
  Path Group:             clk
  Path Type:              Setup (Max at Slow Process Corner)
  Requirement:            5.000ns  (clk rise@5.000ns - clk rise@0.000ns)
  Data Path Delay:        4.463ns  (logic 1.870ns (41.896%)  route 2.593ns (58.104%))
  Logic Levels:           18  (CARRY8=9 LUT2=2 LUT3=2 LUT4=2 LUT5=2 LUT6=1)
  Clock Path Skew:        -0.080ns (DCD - SCD + CPR)
    Destination Clock Delay (DCD):    2.479ns = ( 7.479 - 5.000 ) 
    Source Clock Delay      (SCD):    3.004ns
    Clock Pessimism Removal (CPR):    0.444ns
  Clock Uncertainty:      0.035ns  ((TSJ^2 + TIJ^2)^1/2 + DJ) / 2 + PE
    Total System Jitter     (TSJ):    0.071ns
    Total Input Jitter      (TIJ):    0.000ns
    Discrete Jitter          (DJ):    0.000ns
    Phase Error              (PE):    0.000ns
  Clock Net Delay (Source):      2.122ns (routing 1.289ns, distribution 0.833ns)
  Clock Net Delay (Destination): 1.891ns (routing 1.173ns, distribution 0.718ns)

    Location             Delay type                Incr(ns)  Path(ns)    Netlist Resource(s)
  -------------------------------------------------------------------    -------------------
                         (clock clk rise edge)        0.000     0.000 r  
    T8                                                0.000     0.000 r  clk (IN)
                         net (fo=0)                   0.000     0.000    clk_IBUF_inst/I
    T8                   INBUF (Prop_INBUF_HPIOB_M_PAD_O)
                                                      0.522     0.522 r  clk_IBUF_inst/INBUF_INST/O
                         net (fo=1, routed)           0.000     0.522    clk_IBUF_inst/OUT
    T8                   IBUFCTRL (Prop_IBUFCTRL_HPIOB_M_I_O)
                                                      0.000     0.522 r  clk_IBUF_inst/IBUFCTRL_INST/O
                         net (fo=1, routed)           0.332     0.854    clk_IBUF
    BUFGCE_X0Y77         BUFGCE (Prop_BUFCE_BUFGCE_I_O)
                                                      0.028     0.882 r  clk_IBUF_BUFG_inst/O
    X2Y1 (CLOCK_ROOT)    net (fo=1013, routed)        2.122     3.004    g_int8.u_p254/u_engine/u_mul/clk_IBUF_BUFG
    SLICE_X70Y107        FDRE                                         r  g_int8.u_p254/u_engine/u_mul/s4_reg[19]/C
  -------------------------------------------------------------------    -------------------
    SLICE_X70Y107        FDRE (Prop_DFF_SLICEM_C_Q)
                                                      0.078     3.082 r  g_int8.u_p254/u_engine/u_mul/s4_reg[19]/Q
                         net (fo=14, routed)          0.220     3.302    g_int8.u_p254/u_engine/u_mul/s4[19]
    SLICE_X69Y108        LUT2 (Prop_E6LUT_SLICEL_I0_O)
                                                      0.123     3.425 r  g_int8.u_p254/u_engine/u_mul/p_out[7]_i_25/O
                         net (fo=1, routed)           0.007     3.432    g_int8.u_p254/u_engine/u_mul/p_out[7]_i_25_n_0
    SLICE_X69Y108        CARRY8 (Prop_CARRY8_SLICEL_S[4]_CO[7])
                                                      0.153     3.585 r  g_int8.u_p254/u_engine/u_mul/p_out_reg[7]_i_12/CO[7]
                         net (fo=1, routed)           0.026     3.611    g_int8.u_p254/u_engine/u_mul/p_out_reg[7]_i_12_n_0
    SLICE_X69Y109        CARRY8 (Prop_CARRY8_SLICEL_CI_CO[7])
                                                      0.015     3.626 r  g_int8.u_p254/u_engine/u_mul/p_out_reg[7]_i_13/CO[7]
                         net (fo=1, routed)           0.026     3.652    g_int8.u_p254/u_engine/u_mul/p_out_reg[7]_i_13_n_0
    SLICE_X69Y110        CARRY8 (Prop_CARRY8_SLICEL_CI_O[7])
                                                      0.116     3.768 r  g_int8.u_p254/u_engine/u_mul/p_out_reg[17]_i_271/O[7]
                         net (fo=2, routed)           0.287     4.055    g_int8.u_p254/u_engine/u_mul/p_out_reg[17]_i_271_n_8
    SLICE_X70Y115        LUT3 (Prop_E5LUT_SLICEM_I2_O)
                                                      0.139     4.194 r  g_int8.u_p254/u_engine/u_mul/p_out[17]_i_165/O
                         net (fo=2, routed)           0.194     4.388    g_int8.u_p254/u_engine/u_mul/p_out[17]_i_165_n_0
    SLICE_X70Y115        LUT4 (Prop_F6LUT_SLICEM_I3_O)
                                                      0.148     4.536 r  g_int8.u_p254/u_engine/u_mul/p_out[17]_i_173/O
                         net (fo=1, routed)           0.022     4.558    g_int8.u_p254/u_engine/u_mul/p_out[17]_i_173_n_0
    SLICE_X70Y115        CARRY8 (Prop_CARRY8_SLICEM_S[5]_CO[7])
                                                      0.159     4.717 r  g_int8.u_p254/u_engine/u_mul/p_out_reg[17]_i_71/CO[7]
                         net (fo=1, routed)           0.026     4.743    g_int8.u_p254/u_engine/u_mul/p_out_reg[17]_i_71_n_0
    SLICE_X70Y116        CARRY8 (Prop_CARRY8_SLICEM_CI_O[0])
                                                      0.056     4.799 r  g_int8.u_p254/u_engine/u_mul/p_out_reg[17]_i_69/O[0]
                         net (fo=3, routed)           0.383     5.182    g_int8.u_p254/u_engine/u_mul/p_out_reg[17]_i_69_n_15
    SLICE_X74Y115        LUT3 (Prop_H6LUT_SLICEM_I1_O)
                                                      0.101     5.283 r  g_int8.u_p254/u_engine/u_mul/p_out[17]_i_23/O
                         net (fo=1, routed)           0.249     5.532    g_int8.u_p254/u_engine/u_mul/p_out[17]_i_23_n_0
    SLICE_X72Y115        CARRY8 (Prop_CARRY8_SLICEL_DI[5]_CO[7])
                                                      0.083     5.615 r  g_int8.u_p254/u_engine/u_mul/p_out_reg[17]_i_9/CO[7]
                         net (fo=1, routed)           0.026     5.641    g_int8.u_p254/u_engine/u_mul/p_out_reg[17]_i_9_n_0
    SLICE_X72Y116        CARRY8 (Prop_CARRY8_SLICEL_CI_O[1])
                                                      0.076     5.717 r  g_int8.u_p254/u_engine/u_mul/p_out_reg[17]_i_54/O[1]
                         net (fo=1, routed)           0.344     6.061    g_int8.u_p254/u_engine/u_mul/fold_once0_return0[32]
    SLICE_X73Y116        CARRY8 (Prop_CARRY8_SLICEM_S[0]_CO[7])
                                                      0.192     6.253 r  g_int8.u_p254/u_engine/u_mul/p_out_reg[17]_i_109/CO[7]
                         net (fo=1, routed)           0.026     6.279    g_int8.u_p254/u_engine/u_mul/p_out_reg[17]_i_109_n_0
    SLICE_X73Y117        CARRY8 (Prop_CARRY8_SLICEM_CI_O[6])
                                                      0.103     6.382 r  g_int8.u_p254/u_engine/u_mul/p_out_reg[17]_i_56/O[6]
                         net (fo=1, routed)           0.172     6.554    g_int8.u_p254/u_engine/u_mul/p_out_reg[17]_i_56_n_9
    SLICE_X73Y120        LUT4 (Prop_B6LUT_SLICEM_I2_O)
                                                      0.089     6.643 r  g_int8.u_p254/u_engine/u_mul/p_out[17]_i_58/O
                         net (fo=1, routed)           0.093     6.736    g_int8.u_p254/u_engine/u_mul/p_out[17]_i_58_n_0
    SLICE_X73Y120        LUT5 (Prop_C6LUT_SLICEM_I4_O)
                                                      0.051     6.787 r  g_int8.u_p254/u_engine/u_mul/p_out[17]_i_17/O
                         net (fo=1, routed)           0.040     6.827    g_int8.u_p254/u_engine/u_mul/p_out[17]_i_17_n_0
    SLICE_X73Y120        LUT6 (Prop_D6LUT_SLICEM_I0_O)
                                                      0.037     6.864 r  g_int8.u_p254/u_engine/u_mul/p_out[17]_i_6/O
                         net (fo=1, routed)           0.222     7.086    g_int8.u_p254/u_engine/u_mul/p_out[17]_i_6_n_0
    SLICE_X74Y114        LUT5 (Prop_G6LUT_SLICEM_I1_O)
                                                      0.100     7.186 r  g_int8.u_p254/u_engine/u_mul/p_out[17]_i_3/O
                         net (fo=18, routed)          0.158     7.344    g_int8.u_p254/u_engine/u_mul/normalize01
    SLICE_X74Y110        LUT2 (Prop_D6LUT_SLICEM_I0_O)
                                                      0.051     7.395 r  g_int8.u_p254/u_engine/u_mul/p_out[0]_i_1/O
                         net (fo=1, routed)           0.072     7.467    g_int8.u_p254/u_engine/u_mul/normalize0_return[0]
    SLICE_X74Y110        FDRE                                         r  g_int8.u_p254/u_engine/u_mul/p_out_reg[0]/D
  -------------------------------------------------------------------    -------------------

                         (clock clk rise edge)        5.000     5.000 r  
    T8                                                0.000     5.000 r  clk (IN)
                         net (fo=0)                   0.000     5.000    clk_IBUF_inst/I
    T8                   INBUF (Prop_INBUF_HPIOB_M_PAD_O)
                                                      0.272     5.272 r  clk_IBUF_inst/INBUF_INST/O
                         net (fo=1, routed)           0.000     5.272    clk_IBUF_inst/OUT
    T8                   IBUFCTRL (Prop_IBUFCTRL_HPIOB_M_I_O)
                                                      0.000     5.272 r  clk_IBUF_inst/IBUFCTRL_INST/O
                         net (fo=1, routed)           0.293     5.565    clk_IBUF
    BUFGCE_X0Y77         BUFGCE (Prop_BUFCE_BUFGCE_I_O)
                                                      0.024     5.589 r  clk_IBUF_BUFG_inst/O
    X2Y1 (CLOCK_ROOT)    net (fo=1013, routed)        1.891     7.479    g_int8.u_p254/u_engine/u_mul/clk_IBUF_BUFG
    SLICE_X74Y110        FDRE                                         r  g_int8.u_p254/u_engine/u_mul/p_out_reg[0]/C
                         clock pessimism              0.444     7.924    
                         clock uncertainty           -0.035     7.888    
    SLICE_X74Y110        FDRE (Setup_DFF_SLICEM_C_D)
                                                      0.025     7.913    g_int8.u_p254/u_engine/u_mul/p_out_reg[0]
  -------------------------------------------------------------------
                         required time                          7.913    
                         arrival time                          -7.467    
  -------------------------------------------------------------------
                         slack                                  0.446    

Slack (MET) :             0.452ns  (required time - arrival time)
  Source:                 g_int8.u_p254/u_engine/u_mul/s4_reg[19]/C
                            (rising edge-triggered cell FDRE clocked by clk  {rise@0.000ns fall@2.500ns period=5.000ns})
  Destination:            g_int8.u_p254/u_engine/u_mul/p_out_reg[8]/D
                            (rising edge-triggered cell FDRE clocked by clk  {rise@0.000ns fall@2.500ns period=5.000ns})
  Path Group:             clk
  Path Type:              Setup (Max at Slow Process Corner)
  Requirement:            5.000ns  (clk rise@5.000ns - clk rise@0.000ns)
  Data Path Delay:        4.457ns  (logic 1.872ns (42.004%)  route 2.585ns (57.996%))
  Logic Levels:           18  (CARRY8=9 LUT2=1 LUT3=3 LUT4=2 LUT5=2 LUT6=1)
  Clock Path Skew:        -0.081ns (DCD - SCD + CPR)
    Destination Clock Delay (DCD):    2.478ns = ( 7.478 - 5.000 ) 
    Source Clock Delay      (SCD):    3.004ns
    Clock Pessimism Removal (CPR):    0.444ns
  Clock Uncertainty:      0.035ns  ((TSJ^2 + TIJ^2)^1/2 + DJ) / 2 + PE
    Total System Jitter     (TSJ):    0.071ns
    Total Input Jitter      (TIJ):    0.000ns
    Discrete Jitter          (DJ):    0.000ns
    Phase Error              (PE):    0.000ns
  Clock Net Delay (Source):      2.122ns (routing 1.289ns, distribution 0.833ns)
  Clock Net Delay (Destination): 1.890ns (routing 1.173ns, distribution 0.717ns)

    Location             Delay type                Incr(ns)  Path(ns)    Netlist Resource(s)
  -------------------------------------------------------------------    -------------------
                         (clock clk rise edge)        0.000     0.000 r  
    T8                                                0.000     0.000 r  clk (IN)
                         net (fo=0)                   0.000     0.000    clk_IBUF_inst/I
    T8                   INBUF (Prop_INBUF_HPIOB_M_PAD_O)
                                                      0.522     0.522 r  clk_IBUF_inst/INBUF_INST/O
                         net (fo=1, routed)           0.000     0.522    clk_IBUF_inst/OUT
    T8                   IBUFCTRL (Prop_IBUFCTRL_HPIOB_M_I_O)
                                                      0.000     0.522 r  clk_IBUF_inst/IBUFCTRL_INST/O
                         net (fo=1, routed)           0.332     0.854    clk_IBUF
    BUFGCE_X0Y77         BUFGCE (Prop_BUFCE_BUFGCE_I_O)
                                                      0.028     0.882 r  clk_IBUF_BUFG_inst/O
    X2Y1 (CLOCK_ROOT)    net (fo=1013, routed)        2.122     3.004    g_int8.u_p254/u_engine/u_mul/clk_IBUF_BUFG
    SLICE_X70Y107        FDRE                                         r  g_int8.u_p254/u_engine/u_mul/s4_reg[19]/C
  -------------------------------------------------------------------    -------------------
    SLICE_X70Y107        FDRE (Prop_DFF_SLICEM_C_Q)
                                                      0.078     3.082 r  g_int8.u_p254/u_engine/u_mul/s4_reg[19]/Q
                         net (fo=14, routed)          0.220     3.302    g_int8.u_p254/u_engine/u_mul/s4[19]
    SLICE_X69Y108        LUT2 (Prop_E6LUT_SLICEL_I0_O)
                                                      0.123     3.425 r  g_int8.u_p254/u_engine/u_mul/p_out[7]_i_25/O
                         net (fo=1, routed)           0.007     3.432    g_int8.u_p254/u_engine/u_mul/p_out[7]_i_25_n_0
    SLICE_X69Y108        CARRY8 (Prop_CARRY8_SLICEL_S[4]_CO[7])
                                                      0.153     3.585 r  g_int8.u_p254/u_engine/u_mul/p_out_reg[7]_i_12/CO[7]
                         net (fo=1, routed)           0.026     3.611    g_int8.u_p254/u_engine/u_mul/p_out_reg[7]_i_12_n_0
    SLICE_X69Y109        CARRY8 (Prop_CARRY8_SLICEL_CI_CO[7])
                                                      0.015     3.626 r  g_int8.u_p254/u_engine/u_mul/p_out_reg[7]_i_13/CO[7]
                         net (fo=1, routed)           0.026     3.652    g_int8.u_p254/u_engine/u_mul/p_out_reg[7]_i_13_n_0
    SLICE_X69Y110        CARRY8 (Prop_CARRY8_SLICEL_CI_O[7])
                                                      0.116     3.768 r  g_int8.u_p254/u_engine/u_mul/p_out_reg[17]_i_271/O[7]
                         net (fo=2, routed)           0.287     4.055    g_int8.u_p254/u_engine/u_mul/p_out_reg[17]_i_271_n_8
    SLICE_X70Y115        LUT3 (Prop_E5LUT_SLICEM_I2_O)
                                                      0.139     4.194 r  g_int8.u_p254/u_engine/u_mul/p_out[17]_i_165/O
                         net (fo=2, routed)           0.194     4.388    g_int8.u_p254/u_engine/u_mul/p_out[17]_i_165_n_0
    SLICE_X70Y115        LUT4 (Prop_F6LUT_SLICEM_I3_O)
                                                      0.148     4.536 r  g_int8.u_p254/u_engine/u_mul/p_out[17]_i_173/O
                         net (fo=1, routed)           0.022     4.558    g_int8.u_p254/u_engine/u_mul/p_out[17]_i_173_n_0
    SLICE_X70Y115        CARRY8 (Prop_CARRY8_SLICEM_S[5]_CO[7])
                                                      0.159     4.717 r  g_int8.u_p254/u_engine/u_mul/p_out_reg[17]_i_71/CO[7]
                         net (fo=1, routed)           0.026     4.743    g_int8.u_p254/u_engine/u_mul/p_out_reg[17]_i_71_n_0
    SLICE_X70Y116        CARRY8 (Prop_CARRY8_SLICEM_CI_O[0])
                                                      0.056     4.799 r  g_int8.u_p254/u_engine/u_mul/p_out_reg[17]_i_69/O[0]
                         net (fo=3, routed)           0.383     5.182    g_int8.u_p254/u_engine/u_mul/p_out_reg[17]_i_69_n_15
    SLICE_X74Y115        LUT3 (Prop_H6LUT_SLICEM_I1_O)
                                                      0.101     5.283 r  g_int8.u_p254/u_engine/u_mul/p_out[17]_i_23/O
                         net (fo=1, routed)           0.249     5.532    g_int8.u_p254/u_engine/u_mul/p_out[17]_i_23_n_0
    SLICE_X72Y115        CARRY8 (Prop_CARRY8_SLICEL_DI[5]_CO[7])
                                                      0.083     5.615 r  g_int8.u_p254/u_engine/u_mul/p_out_reg[17]_i_9/CO[7]
                         net (fo=1, routed)           0.026     5.641    g_int8.u_p254/u_engine/u_mul/p_out_reg[17]_i_9_n_0
    SLICE_X72Y116        CARRY8 (Prop_CARRY8_SLICEL_CI_O[1])
                                                      0.076     5.717 r  g_int8.u_p254/u_engine/u_mul/p_out_reg[17]_i_54/O[1]
                         net (fo=1, routed)           0.344     6.061    g_int8.u_p254/u_engine/u_mul/fold_once0_return0[32]
    SLICE_X73Y116        CARRY8 (Prop_CARRY8_SLICEM_S[0]_CO[7])
                                                      0.192     6.253 r  g_int8.u_p254/u_engine/u_mul/p_out_reg[17]_i_109/CO[7]
                         net (fo=1, routed)           0.026     6.279    g_int8.u_p254/u_engine/u_mul/p_out_reg[17]_i_109_n_0
    SLICE_X73Y117        CARRY8 (Prop_CARRY8_SLICEM_CI_O[6])
                                                      0.103     6.382 r  g_int8.u_p254/u_engine/u_mul/p_out_reg[17]_i_56/O[6]
                         net (fo=1, routed)           0.172     6.554    g_int8.u_p254/u_engine/u_mul/p_out_reg[17]_i_56_n_9
    SLICE_X73Y120        LUT4 (Prop_B6LUT_SLICEM_I2_O)
                                                      0.089     6.643 r  g_int8.u_p254/u_engine/u_mul/p_out[17]_i_58/O
                         net (fo=1, routed)           0.093     6.736    g_int8.u_p254/u_engine/u_mul/p_out[17]_i_58_n_0
    SLICE_X73Y120        LUT5 (Prop_C6LUT_SLICEM_I4_O)
                                                      0.051     6.787 r  g_int8.u_p254/u_engine/u_mul/p_out[17]_i_17/O
                         net (fo=1, routed)           0.040     6.827    g_int8.u_p254/u_engine/u_mul/p_out[17]_i_17_n_0
    SLICE_X73Y120        LUT6 (Prop_D6LUT_SLICEM_I0_O)
                                                      0.037     6.864 r  g_int8.u_p254/u_engine/u_mul/p_out[17]_i_6/O
                         net (fo=1, routed)           0.222     7.086    g_int8.u_p254/u_engine/u_mul/p_out[17]_i_6_n_0
    SLICE_X74Y114        LUT5 (Prop_G6LUT_SLICEM_I1_O)
                                                      0.100     7.186 r  g_int8.u_p254/u_engine/u_mul/p_out[17]_i_3/O
                         net (fo=18, routed)          0.164     7.349    g_int8.u_p254/u_engine/u_mul/normalize01
    SLICE_X74Y110        LUT3 (Prop_H6LUT_SLICEM_I1_O)
                                                      0.053     7.402 r  g_int8.u_p254/u_engine/u_mul/p_out[8]_i_1__1/O
                         net (fo=1, routed)           0.058     7.460    g_int8.u_p254/u_engine/u_mul/normalize0_return[8]
    SLICE_X74Y110        FDRE                                         r  g_int8.u_p254/u_engine/u_mul/p_out_reg[8]/D
  -------------------------------------------------------------------    -------------------

                         (clock clk rise edge)        5.000     5.000 r  
    T8                                                0.000     5.000 r  clk (IN)
                         net (fo=0)                   0.000     5.000    clk_IBUF_inst/I
    T8                   INBUF (Prop_INBUF_HPIOB_M_PAD_O)
                                                      0.272     5.272 r  clk_IBUF_inst/INBUF_INST/O
                         net (fo=1, routed)           0.000     5.272    clk_IBUF_inst/OUT
    T8                   IBUFCTRL (Prop_IBUFCTRL_HPIOB_M_I_O)
                                                      0.000     5.272 r  clk_IBUF_inst/IBUFCTRL_INST/O
                         net (fo=1, routed)           0.293     5.565    clk_IBUF
    BUFGCE_X0Y77         BUFGCE (Prop_BUFCE_BUFGCE_I_O)
                                                      0.024     5.589 r  clk_IBUF_BUFG_inst/O
    X2Y1 (CLOCK_ROOT)    net (fo=1013, routed)        1.890     7.478    g_int8.u_p254/u_engine/u_mul/clk_IBUF_BUFG
    SLICE_X74Y110        FDRE                                         r  g_int8.u_p254/u_engine/u_mul/p_out_reg[8]/C
                         clock pessimism              0.444     7.923    
                         clock uncertainty           -0.035     7.887    
    SLICE_X74Y110        FDRE (Setup_HFF_SLICEM_C_D)
                                                      0.025     7.912    g_int8.u_p254/u_engine/u_mul/p_out_reg[8]
  -------------------------------------------------------------------
                         required time                          7.912    
                         arrival time                          -7.460    
  -------------------------------------------------------------------
                         slack                                  0.452    

Slack (MET) :             0.452ns  (required time - arrival time)
  Source:                 g_int8.u_p254/u_mac_mul/s4_reg[19]/C
                            (rising edge-triggered cell FDRE clocked by clk  {rise@0.000ns fall@2.500ns period=5.000ns})
  Destination:            g_int8.u_p254/u_mac_mul/p_out_reg[6]/D
                            (rising edge-triggered cell FDRE clocked by clk  {rise@0.000ns fall@2.500ns period=5.000ns})
  Path Group:             clk
  Path Type:              Setup (Max at Slow Process Corner)
  Requirement:            5.000ns  (clk rise@5.000ns - clk rise@0.000ns)
  Data Path Delay:        4.446ns  (logic 1.710ns (38.459%)  route 2.736ns (61.541%))
  Logic Levels:           17  (CARRY8=8 LUT2=1 LUT3=3 LUT4=2 LUT5=2 LUT6=1)
  Clock Path Skew:        -0.091ns (DCD - SCD + CPR)
    Destination Clock Delay (DCD):    2.513ns = ( 7.513 - 5.000 ) 
    Source Clock Delay      (SCD):    3.052ns
    Clock Pessimism Removal (CPR):    0.448ns
  Clock Uncertainty:      0.035ns  ((TSJ^2 + TIJ^2)^1/2 + DJ) / 2 + PE
    Total System Jitter     (TSJ):    0.071ns
    Total Input Jitter      (TIJ):    0.000ns
    Discrete Jitter          (DJ):    0.000ns
    Phase Error              (PE):    0.000ns
  Clock Net Delay (Source):      2.170ns (routing 1.289ns, distribution 0.881ns)
  Clock Net Delay (Destination): 1.924ns (routing 1.173ns, distribution 0.751ns)

    Location             Delay type                Incr(ns)  Path(ns)    Netlist Resource(s)
  -------------------------------------------------------------------    -------------------
                         (clock clk rise edge)        0.000     0.000 r  
    T8                                                0.000     0.000 r  clk (IN)
                         net (fo=0)                   0.000     0.000    clk_IBUF_inst/I
    T8                   INBUF (Prop_INBUF_HPIOB_M_PAD_O)
                                                      0.522     0.522 r  clk_IBUF_inst/INBUF_INST/O
                         net (fo=1, routed)           0.000     0.522    clk_IBUF_inst/OUT
    T8                   IBUFCTRL (Prop_IBUFCTRL_HPIOB_M_I_O)
                                                      0.000     0.522 r  clk_IBUF_inst/IBUFCTRL_INST/O
                         net (fo=1, routed)           0.332     0.854    clk_IBUF
    BUFGCE_X0Y77         BUFGCE (Prop_BUFCE_BUFGCE_I_O)
                                                      0.028     0.882 r  clk_IBUF_BUFG_inst/O
    X2Y1 (CLOCK_ROOT)    net (fo=1013, routed)        2.170     3.052    g_int8.u_p254/u_mac_mul/clk_IBUF_BUFG
    SLICE_X71Y121        FDRE                                         r  g_int8.u_p254/u_mac_mul/s4_reg[19]/C
  -------------------------------------------------------------------    -------------------
    SLICE_X71Y121        FDRE (Prop_DFF_SLICEL_C_Q)
                                                      0.079     3.131 r  g_int8.u_p254/u_mac_mul/s4_reg[19]/Q
                         net (fo=14, routed)          0.215     3.346    g_int8.u_p254/u_mac_mul/s4[19]
    SLICE_X69Y124        LUT2 (Prop_E6LUT_SLICEL_I0_O)
                                                      0.123     3.469 r  g_int8.u_p254/u_mac_mul/p_out[7]_i_25__0/O
                         net (fo=1, routed)           0.007     3.476    g_int8.u_p254/u_mac_mul/p_out[7]_i_25__0_n_0
    SLICE_X69Y124        CARRY8 (Prop_CARRY8_SLICEL_S[4]_CO[7])
                                                      0.153     3.629 r  g_int8.u_p254/u_mac_mul/p_out_reg[7]_i_12__0/CO[7]
                         net (fo=1, routed)           0.026     3.655    g_int8.u_p254/u_mac_mul/p_out_reg[7]_i_12__0_n_0
    SLICE_X69Y125        CARRY8 (Prop_CARRY8_SLICEL_CI_CO[7])
                                                      0.015     3.670 r  g_int8.u_p254/u_mac_mul/p_out_reg[7]_i_13__0/CO[7]
                         net (fo=1, routed)           0.026     3.696    g_int8.u_p254/u_mac_mul/p_out_reg[7]_i_13__0_n_0
    SLICE_X69Y126        CARRY8 (Prop_CARRY8_SLICEL_CI_O[5])
                                                      0.116     3.812 r  g_int8.u_p254/u_mac_mul/p_out_reg[17]_i_271__0/O[5]
                         net (fo=2, routed)           0.254     4.066    g_int8.u_p254/u_mac_mul/p_out_reg[17]_i_271__0_n_10
    SLICE_X70Y129        LUT3 (Prop_C5LUT_SLICEM_I2_O)
                                                      0.111     4.177 r  g_int8.u_p254/u_mac_mul/p_out[17]_i_167__0/O
                         net (fo=2, routed)           0.238     4.415    g_int8.u_p254/u_mac_mul/p_out[17]_i_167__0_n_0
    SLICE_X70Y129        LUT4 (Prop_D6LUT_SLICEM_I3_O)
                                                      0.099     4.514 r  g_int8.u_p254/u_mac_mul/p_out[17]_i_175__0/O
                         net (fo=1, routed)           0.025     4.539    g_int8.u_p254/u_mac_mul/p_out[17]_i_175__0_n_0
    SLICE_X70Y129        CARRY8 (Prop_CARRY8_SLICEM_S[3]_CO[7])
                                                      0.163     4.702 r  g_int8.u_p254/u_mac_mul/p_out_reg[17]_i_71__0/CO[7]
                         net (fo=1, routed)           0.026     4.728    g_int8.u_p254/u_mac_mul/p_out_reg[17]_i_71__0_n_0
    SLICE_X70Y130        CARRY8 (Prop_CARRY8_SLICEM_CI_O[6])
                                                      0.103     4.831 r  g_int8.u_p254/u_mac_mul/p_out_reg[17]_i_69__0/O[6]
                         net (fo=3, routed)           0.378     5.209    g_int8.u_p254/u_mac_mul/p_out_reg[17]_i_69__0_n_9
    SLICE_X73Y133        LUT3 (Prop_F6LUT_SLICEM_I1_O)
                                                      0.037     5.246 r  g_int8.u_p254/u_mac_mul/p_out[17]_i_97__0/O
                         net (fo=1, routed)           0.350     5.596    g_int8.u_p254/u_mac_mul/p_out[17]_i_97__0_n_0
    SLICE_X72Y131        CARRY8 (Prop_CARRY8_SLICEL_DI[3]_O[5])
                                                      0.177     5.773 r  g_int8.u_p254/u_mac_mul/p_out_reg[17]_i_54__0/O[5]
                         net (fo=1, routed)           0.382     6.155    g_int8.u_p254/u_mac_mul/fold_once0_return0[36]
    SLICE_X71Y131        CARRY8 (Prop_CARRY8_SLICEL_S[4]_CO[7])
                                                      0.153     6.308 r  g_int8.u_p254/u_mac_mul/p_out_reg[17]_i_109__0/CO[7]
                         net (fo=1, routed)           0.026     6.334    g_int8.u_p254/u_mac_mul/p_out_reg[17]_i_109__0_n_0
    SLICE_X71Y132        CARRY8 (Prop_CARRY8_SLICEL_CI_O[6])
                                                      0.103     6.437 r  g_int8.u_p254/u_mac_mul/p_out_reg[17]_i_56__0/O[6]
                         net (fo=1, routed)           0.334     6.771    g_int8.u_p254/u_mac_mul/p_out_reg[17]_i_56__0_n_9
    SLICE_X71Y135        LUT4 (Prop_E6LUT_SLICEL_I2_O)
                                                      0.035     6.806 r  g_int8.u_p254/u_mac_mul/p_out[17]_i_58__0/O
                         net (fo=1, routed)           0.086     6.892    g_int8.u_p254/u_mac_mul/p_out[17]_i_58__0_n_0
    SLICE_X71Y135        LUT5 (Prop_F6LUT_SLICEL_I4_O)
                                                      0.035     6.927 r  g_int8.u_p254/u_mac_mul/p_out[17]_i_17__0/O
                         net (fo=1, routed)           0.136     7.063    g_int8.u_p254/u_mac_mul/p_out[17]_i_17__0_n_0
    SLICE_X72Y135        LUT6 (Prop_D6LUT_SLICEL_I0_O)
                                                      0.122     7.185 r  g_int8.u_p254/u_mac_mul/p_out[17]_i_6__0/O
                         net (fo=1, routed)           0.085     7.270    g_int8.u_p254/u_mac_mul/p_out[17]_i_6__0_n_0
    SLICE_X72Y135        LUT5 (Prop_C6LUT_SLICEL_I1_O)
                                                      0.035     7.305 r  g_int8.u_p254/u_mac_mul/p_out[17]_i_3__0/O
                         net (fo=18, routed)          0.094     7.398    g_int8.u_p254/u_mac_mul/normalize01
    SLICE_X72Y136        LUT3 (Prop_B6LUT_SLICEL_I1_O)
                                                      0.051     7.449 r  g_int8.u_p254/u_mac_mul/p_out[6]_i_1__2/O
                         net (fo=1, routed)           0.049     7.498    g_int8.u_p254/u_mac_mul/normalize0_return[6]
    SLICE_X72Y136        FDRE                                         r  g_int8.u_p254/u_mac_mul/p_out_reg[6]/D
  -------------------------------------------------------------------    -------------------

                         (clock clk rise edge)        5.000     5.000 r  
    T8                                                0.000     5.000 r  clk (IN)
                         net (fo=0)                   0.000     5.000    clk_IBUF_inst/I
    T8                   INBUF (Prop_INBUF_HPIOB_M_PAD_O)
                                                      0.272     5.272 r  clk_IBUF_inst/INBUF_INST/O
                         net (fo=1, routed)           0.000     5.272    clk_IBUF_inst/OUT
    T8                   IBUFCTRL (Prop_IBUFCTRL_HPIOB_M_I_O)
                                                      0.000     5.272 r  clk_IBUF_inst/IBUFCTRL_INST/O
                         net (fo=1, routed)           0.293     5.565    clk_IBUF
    BUFGCE_X0Y77         BUFGCE (Prop_BUFCE_BUFGCE_I_O)
                                                      0.024     5.589 r  clk_IBUF_BUFG_inst/O
    X2Y1 (CLOCK_ROOT)    net (fo=1013, routed)        1.924     7.513    g_int8.u_p254/u_mac_mul/clk_IBUF_BUFG
    SLICE_X72Y136        FDRE                                         r  g_int8.u_p254/u_mac_mul/p_out_reg[6]/C
                         clock pessimism              0.448     7.961    
                         clock uncertainty           -0.035     7.926    
    SLICE_X72Y136        FDRE (Setup_BFF_SLICEL_C_D)
                                                      0.025     7.951    g_int8.u_p254/u_mac_mul/p_out_reg[6]
  -------------------------------------------------------------------
                         required time                          7.951    
                         arrival time                          -7.498    
  -------------------------------------------------------------------
                         slack                                  0.452    

Slack (MET) :             0.453ns  (required time - arrival time)
  Source:                 g_int8.u_p254/u_mac_mul/s4_reg[19]/C
                            (rising edge-triggered cell FDRE clocked by clk  {rise@0.000ns fall@2.500ns period=5.000ns})
  Destination:            g_int8.u_p254/u_mac_mul/p_out_reg[0]/D
                            (rising edge-triggered cell FDRE clocked by clk  {rise@0.000ns fall@2.500ns period=5.000ns})
  Path Group:             clk
  Path Type:              Setup (Max at Slow Process Corner)
  Requirement:            5.000ns  (clk rise@5.000ns - clk rise@0.000ns)
  Data Path Delay:        4.445ns  (logic 1.709ns (38.445%)  route 2.736ns (61.555%))
  Logic Levels:           17  (CARRY8=8 LUT2=2 LUT3=2 LUT4=2 LUT5=2 LUT6=1)
  Clock Path Skew:        -0.091ns (DCD - SCD + CPR)
    Destination Clock Delay (DCD):    2.513ns = ( 7.513 - 5.000 ) 
    Source Clock Delay      (SCD):    3.052ns
    Clock Pessimism Removal (CPR):    0.448ns
  Clock Uncertainty:      0.035ns  ((TSJ^2 + TIJ^2)^1/2 + DJ) / 2 + PE
    Total System Jitter     (TSJ):    0.071ns
    Total Input Jitter      (TIJ):    0.000ns
    Discrete Jitter          (DJ):    0.000ns
    Phase Error              (PE):    0.000ns
  Clock Net Delay (Source):      2.170ns (routing 1.289ns, distribution 0.881ns)
  Clock Net Delay (Destination): 1.924ns (routing 1.173ns, distribution 0.751ns)

    Location             Delay type                Incr(ns)  Path(ns)    Netlist Resource(s)
  -------------------------------------------------------------------    -------------------
                         (clock clk rise edge)        0.000     0.000 r  
    T8                                                0.000     0.000 r  clk (IN)
                         net (fo=0)                   0.000     0.000    clk_IBUF_inst/I
    T8                   INBUF (Prop_INBUF_HPIOB_M_PAD_O)
                                                      0.522     0.522 r  clk_IBUF_inst/INBUF_INST/O
                         net (fo=1, routed)           0.000     0.522    clk_IBUF_inst/OUT
    T8                   IBUFCTRL (Prop_IBUFCTRL_HPIOB_M_I_O)
                                                      0.000     0.522 r  clk_IBUF_inst/IBUFCTRL_INST/O
                         net (fo=1, routed)           0.332     0.854    clk_IBUF
    BUFGCE_X0Y77         BUFGCE (Prop_BUFCE_BUFGCE_I_O)
                                                      0.028     0.882 r  clk_IBUF_BUFG_inst/O
    X2Y1 (CLOCK_ROOT)    net (fo=1013, routed)        2.170     3.052    g_int8.u_p254/u_mac_mul/clk_IBUF_BUFG
    SLICE_X71Y121        FDRE                                         r  g_int8.u_p254/u_mac_mul/s4_reg[19]/C
  -------------------------------------------------------------------    -------------------
    SLICE_X71Y121        FDRE (Prop_DFF_SLICEL_C_Q)
                                                      0.079     3.131 r  g_int8.u_p254/u_mac_mul/s4_reg[19]/Q
                         net (fo=14, routed)          0.215     3.346    g_int8.u_p254/u_mac_mul/s4[19]
    SLICE_X69Y124        LUT2 (Prop_E6LUT_SLICEL_I0_O)
                                                      0.123     3.469 r  g_int8.u_p254/u_mac_mul/p_out[7]_i_25__0/O
                         net (fo=1, routed)           0.007     3.476    g_int8.u_p254/u_mac_mul/p_out[7]_i_25__0_n_0
    SLICE_X69Y124        CARRY8 (Prop_CARRY8_SLICEL_S[4]_CO[7])
                                                      0.153     3.629 r  g_int8.u_p254/u_mac_mul/p_out_reg[7]_i_12__0/CO[7]
                         net (fo=1, routed)           0.026     3.655    g_int8.u_p254/u_mac_mul/p_out_reg[7]_i_12__0_n_0
    SLICE_X69Y125        CARRY8 (Prop_CARRY8_SLICEL_CI_CO[7])
                                                      0.015     3.670 r  g_int8.u_p254/u_mac_mul/p_out_reg[7]_i_13__0/CO[7]
                         net (fo=1, routed)           0.026     3.696    g_int8.u_p254/u_mac_mul/p_out_reg[7]_i_13__0_n_0
    SLICE_X69Y126        CARRY8 (Prop_CARRY8_SLICEL_CI_O[5])
                                                      0.116     3.812 r  g_int8.u_p254/u_mac_mul/p_out_reg[17]_i_271__0/O[5]
                         net (fo=2, routed)           0.254     4.066    g_int8.u_p254/u_mac_mul/p_out_reg[17]_i_271__0_n_10
    SLICE_X70Y129        LUT3 (Prop_C5LUT_SLICEM_I2_O)
                                                      0.111     4.177 r  g_int8.u_p254/u_mac_mul/p_out[17]_i_167__0/O
                         net (fo=2, routed)           0.238     4.415    g_int8.u_p254/u_mac_mul/p_out[17]_i_167__0_n_0
    SLICE_X70Y129        LUT4 (Prop_D6LUT_SLICEM_I3_O)
                                                      0.099     4.514 r  g_int8.u_p254/u_mac_mul/p_out[17]_i_175__0/O
                         net (fo=1, routed)           0.025     4.539    g_int8.u_p254/u_mac_mul/p_out[17]_i_175__0_n_0
    SLICE_X70Y129        CARRY8 (Prop_CARRY8_SLICEM_S[3]_CO[7])
                                                      0.163     4.702 r  g_int8.u_p254/u_mac_mul/p_out_reg[17]_i_71__0/CO[7]
                         net (fo=1, routed)           0.026     4.728    g_int8.u_p254/u_mac_mul/p_out_reg[17]_i_71__0_n_0
    SLICE_X70Y130        CARRY8 (Prop_CARRY8_SLICEM_CI_O[6])
                                                      0.103     4.831 r  g_int8.u_p254/u_mac_mul/p_out_reg[17]_i_69__0/O[6]
                         net (fo=3, routed)           0.378     5.209    g_int8.u_p254/u_mac_mul/p_out_reg[17]_i_69__0_n_9
    SLICE_X73Y133        LUT3 (Prop_F6LUT_SLICEM_I1_O)
                                                      0.037     5.246 r  g_int8.u_p254/u_mac_mul/p_out[17]_i_97__0/O
                         net (fo=1, routed)           0.350     5.596    g_int8.u_p254/u_mac_mul/p_out[17]_i_97__0_n_0
    SLICE_X72Y131        CARRY8 (Prop_CARRY8_SLICEL_DI[3]_O[5])
                                                      0.177     5.773 r  g_int8.u_p254/u_mac_mul/p_out_reg[17]_i_54__0/O[5]
                         net (fo=1, routed)           0.382     6.155    g_int8.u_p254/u_mac_mul/fold_once0_return0[36]
    SLICE_X71Y131        CARRY8 (Prop_CARRY8_SLICEL_S[4]_CO[7])
                                                      0.153     6.308 r  g_int8.u_p254/u_mac_mul/p_out_reg[17]_i_109__0/CO[7]
                         net (fo=1, routed)           0.026     6.334    g_int8.u_p254/u_mac_mul/p_out_reg[17]_i_109__0_n_0
    SLICE_X71Y132        CARRY8 (Prop_CARRY8_SLICEL_CI_O[6])
                                                      0.103     6.437 r  g_int8.u_p254/u_mac_mul/p_out_reg[17]_i_56__0/O[6]
                         net (fo=1, routed)           0.334     6.771    g_int8.u_p254/u_mac_mul/p_out_reg[17]_i_56__0_n_9
    SLICE_X71Y135        LUT4 (Prop_E6LUT_SLICEL_I2_O)
                                                      0.035     6.806 r  g_int8.u_p254/u_mac_mul/p_out[17]_i_58__0/O
                         net (fo=1, routed)           0.086     6.892    g_int8.u_p254/u_mac_mul/p_out[17]_i_58__0_n_0
    SLICE_X71Y135        LUT5 (Prop_F6LUT_SLICEL_I4_O)
                                                      0.035     6.927 r  g_int8.u_p254/u_mac_mul/p_out[17]_i_17__0/O
                         net (fo=1, routed)           0.136     7.063    g_int8.u_p254/u_mac_mul/p_out[17]_i_17__0_n_0
    SLICE_X72Y135        LUT6 (Prop_D6LUT_SLICEL_I0_O)
                                                      0.122     7.185 r  g_int8.u_p254/u_mac_mul/p_out[17]_i_6__0/O
                         net (fo=1, routed)           0.085     7.270    g_int8.u_p254/u_mac_mul/p_out[17]_i_6__0_n_0
    SLICE_X72Y135        LUT5 (Prop_C6LUT_SLICEL_I1_O)
                                                      0.035     7.305 r  g_int8.u_p254/u_mac_mul/p_out[17]_i_3__0/O
                         net (fo=18, routed)          0.095     7.399    g_int8.u_p254/u_mac_mul/normalize01
    SLICE_X72Y136        LUT2 (Prop_A6LUT_SLICEL_I0_O)
                                                      0.050     7.449 r  g_int8.u_p254/u_mac_mul/p_out[0]_i_1__0/O
                         net (fo=1, routed)           0.048     7.497    g_int8.u_p254/u_mac_mul/normalize0_return[0]
    SLICE_X72Y136        FDRE                                         r  g_int8.u_p254/u_mac_mul/p_out_reg[0]/D
  -------------------------------------------------------------------    -------------------

                         (clock clk rise edge)        5.000     5.000 r  
    T8                                                0.000     5.000 r  clk (IN)
                         net (fo=0)                   0.000     5.000    clk_IBUF_inst/I
    T8                   INBUF (Prop_INBUF_HPIOB_M_PAD_O)
                                                      0.272     5.272 r  clk_IBUF_inst/INBUF_INST/O
                         net (fo=1, routed)           0.000     5.272    clk_IBUF_inst/OUT
    T8                   IBUFCTRL (Prop_IBUFCTRL_HPIOB_M_I_O)
                                                      0.000     5.272 r  clk_IBUF_inst/IBUFCTRL_INST/O
                         net (fo=1, routed)           0.293     5.565    clk_IBUF
    BUFGCE_X0Y77         BUFGCE (Prop_BUFCE_BUFGCE_I_O)
                                                      0.024     5.589 r  clk_IBUF_BUFG_inst/O
    X2Y1 (CLOCK_ROOT)    net (fo=1013, routed)        1.924     7.513    g_int8.u_p254/u_mac_mul/clk_IBUF_BUFG
    SLICE_X72Y136        FDRE                                         r  g_int8.u_p254/u_mac_mul/p_out_reg[0]/C
                         clock pessimism              0.448     7.961    
                         clock uncertainty           -0.035     7.926    
    SLICE_X72Y136        FDRE (Setup_AFF_SLICEL_C_D)
                                                      0.025     7.951    g_int8.u_p254/u_mac_mul/p_out_reg[0]
  -------------------------------------------------------------------
                         required time                          7.951    
                         arrival time                          -7.497    
  -------------------------------------------------------------------
                         slack                                  0.453    

Slack (MET) :             0.460ns  (required time - arrival time)
  Source:                 g_int8.u_p254/u_mac_mul/s2_reg/DSP_OUTPUT_INST/CLK
                            (rising edge-triggered cell DSP_OUTPUT clocked by clk  {rise@0.000ns fall@2.500ns period=5.000ns})
  Destination:            g_int8.u_p254/u_mac_mul/s3_reg[57]/D
                            (rising edge-triggered cell FDRE clocked by clk  {rise@0.000ns fall@2.500ns period=5.000ns})
  Path Group:             clk
  Path Type:              Setup (Max at Slow Process Corner)
  Requirement:            5.000ns  (clk rise@5.000ns - clk rise@0.000ns)
  Data Path Delay:        4.322ns  (logic 1.803ns (41.715%)  route 2.519ns (58.285%))
  Logic Levels:           16  (CARRY8=11 LUT2=1 LUT3=2 LUT4=2)
  Clock Path Skew:        -0.207ns (DCD - SCD + CPR)
    Destination Clock Delay (DCD):    2.539ns = ( 7.539 - 5.000 ) 
    Source Clock Delay      (SCD):    3.198ns
    Clock Pessimism Removal (CPR):    0.452ns
  Clock Uncertainty:      0.035ns  ((TSJ^2 + TIJ^2)^1/2 + DJ) / 2 + PE
    Total System Jitter     (TSJ):    0.071ns
    Total Input Jitter      (TIJ):    0.000ns
    Discrete Jitter          (DJ):    0.000ns
    Phase Error              (PE):    0.000ns
  Clock Net Delay (Source):      2.316ns (routing 1.289ns, distribution 1.027ns)
  Clock Net Delay (Destination): 1.950ns (routing 1.173ns, distribution 0.777ns)

    Location             Delay type                Incr(ns)  Path(ns)    Netlist Resource(s)
  -------------------------------------------------------------------    -------------------
                         (clock clk rise edge)        0.000     0.000 r  
    T8                                                0.000     0.000 r  clk (IN)
                         net (fo=0)                   0.000     0.000    clk_IBUF_inst/I
    T8                   INBUF (Prop_INBUF_HPIOB_M_PAD_O)
                                                      0.522     0.522 r  clk_IBUF_inst/INBUF_INST/O
                         net (fo=1, routed)           0.000     0.522    clk_IBUF_inst/OUT
    T8                   IBUFCTRL (Prop_IBUFCTRL_HPIOB_M_I_O)
                                                      0.000     0.522 r  clk_IBUF_inst/IBUFCTRL_INST/O
                         net (fo=1, routed)           0.332     0.854    clk_IBUF
    BUFGCE_X0Y77         BUFGCE (Prop_BUFCE_BUFGCE_I_O)
                                                      0.028     0.882 r  clk_IBUF_BUFG_inst/O
    X2Y1 (CLOCK_ROOT)    net (fo=1013, routed)        2.316     3.198    g_int8.u_p254/u_mac_mul/s2_reg/CLK
    DSP48E2_X16Y44       DSP_OUTPUT                                   r  g_int8.u_p254/u_mac_mul/s2_reg/DSP_OUTPUT_INST/CLK
  -------------------------------------------------------------------    -------------------
    DSP48E2_X16Y44       DSP_OUTPUT (Prop_DSP_OUTPUT_DSP48E2_CLK_P[23])
                                                      0.214     3.412 r  g_int8.u_p254/u_mac_mul/s2_reg/DSP_OUTPUT_INST/P[23]
                         net (fo=14, routed)          0.782     4.194    g_int8.u_p254/u_mac_mul/s2_reg__0[23]
    SLICE_X78Y104        LUT2 (Prop_A6LUT_SLICEL_I0_O)
                                                      0.149     4.343 r  g_int8.u_p254/u_mac_mul/s3[7]_i_35__0/O
                         net (fo=1, routed)           0.009     4.352    g_int8.u_p254/u_mac_mul/s3[7]_i_35__0_n_0
    SLICE_X78Y104        CARRY8 (Prop_CARRY8_SLICEL_S[0]_CO[7])
                                                      0.190     4.542 r  g_int8.u_p254/u_mac_mul/s3_reg[7]_i_12__0/CO[7]
                         net (fo=1, routed)           0.026     4.568    g_int8.u_p254/u_mac_mul/s3_reg[7]_i_12__0_n_0
    SLICE_X78Y105        CARRY8 (Prop_CARRY8_SLICEL_CI_O[0])
                                                      0.056     4.624 r  g_int8.u_p254/u_mac_mul/s3_reg[59]_i_28__0/O[0]
                         net (fo=2, routed)           0.218     4.842    g_int8.u_p254/u_mac_mul/s3_reg[59]_i_28__0_n_15
    SLICE_X79Y104        LUT3 (Prop_F5LUT_SLICEM_I1_O)
                                                      0.105     4.947 r  g_int8.u_p254/u_mac_mul/s3[23]_i_51__2/O
                         net (fo=2, routed)           0.232     5.179    g_int8.u_p254/u_mac_mul/s3[23]_i_51__2_n_0
    SLICE_X79Y104        LUT4 (Prop_G6LUT_SLICEM_I3_O)
                                                      0.150     5.329 r  g_int8.u_p254/u_mac_mul/s3[23]_i_57__0/O
                         net (fo=1, routed)           0.016     5.345    g_int8.u_p254/u_mac_mul/s3[23]_i_57__0_n_0
    SLICE_X79Y104        CARRY8 (Prop_CARRY8_SLICEM_S[6]_CO[7])
                                                      0.117     5.462 r  g_int8.u_p254/u_mac_mul/s3_reg[23]_i_39__0/CO[7]
                         net (fo=1, routed)           0.026     5.488    g_int8.u_p254/u_mac_mul/s3_reg[23]_i_39__0_n_0
    SLICE_X79Y105        CARRY8 (Prop_CARRY8_SLICEM_CI_O[0])
                                                      0.056     5.544 r  g_int8.u_p254/u_mac_mul/s3_reg[31]_i_19__2/O[0]
                         net (fo=2, routed)           0.423     5.967    g_int8.u_p254/u_mac_mul/s3_reg[31]_i_19__2_n_15
    SLICE_X80Y107        LUT3 (Prop_E5LUT_SLICEL_I0_O)
                                                      0.070     6.037 r  g_int8.u_p254/u_mac_mul/s3[23]_i_8__2/O
                         net (fo=2, routed)           0.181     6.218    g_int8.u_p254/u_mac_mul/s3[23]_i_8__2_n_0
    SLICE_X80Y107        LUT4 (Prop_F6LUT_SLICEL_I3_O)
                                                      0.148     6.366 r  g_int8.u_p254/u_mac_mul/s3[23]_i_16__2/O
                         net (fo=1, routed)           0.011     6.377    g_int8.u_p254/u_mac_mul/s3[23]_i_16__2_n_0
    SLICE_X80Y107        CARRY8 (Prop_CARRY8_SLICEL_S[5]_CO[7])
                                                      0.155     6.532 r  g_int8.u_p254/u_mac_mul/s3_reg[23]_i_2__2/CO[7]
                         net (fo=1, routed)           0.026     6.558    g_int8.u_p254/u_mac_mul/s3_reg[23]_i_2__2_n_0
    SLICE_X80Y108        CARRY8 (Prop_CARRY8_SLICEL_CI_CO[7])
                                                      0.015     6.573 r  g_int8.u_p254/u_mac_mul/s3_reg[31]_i_2__2/CO[7]
                         net (fo=1, routed)           0.026     6.599    g_int8.u_p254/u_mac_mul/s3_reg[31]_i_2__2_n_0
    SLICE_X80Y109        CARRY8 (Prop_CARRY8_SLICEL_CI_CO[7])
                                                      0.015     6.614 r  g_int8.u_p254/u_mac_mul/s3_reg[39]_i_2__2/CO[7]
                         net (fo=1, routed)           0.026     6.640    g_int8.u_p254/u_mac_mul/s3_reg[39]_i_2__2_n_0
    SLICE_X80Y110        CARRY8 (Prop_CARRY8_SLICEL_CI_O[5])
                                                      0.116     6.756 r  g_int8.u_p254/u_mac_mul/s3_reg[47]_i_2__2/O[5]
                         net (fo=1, routed)           0.440     7.196    g_int8.u_p254/u_mac_mul/fold_once0_return03_in[44]
    SLICE_X79Y115        CARRY8 (Prop_CARRY8_SLICEM_S[4]_CO[7])
                                                      0.156     7.352 r  g_int8.u_p254/u_mac_mul/s3_reg[47]_i_1__2/CO[7]
                         net (fo=1, routed)           0.026     7.378    g_int8.u_p254/u_mac_mul/s3_reg[47]_i_1__2_n_0
    SLICE_X79Y116        CARRY8 (Prop_CARRY8_SLICEM_CI_CO[7])
                                                      0.015     7.393 r  g_int8.u_p254/u_mac_mul/s3_reg[55]_i_1__2/CO[7]
                         net (fo=1, routed)           0.026     7.419    g_int8.u_p254/u_mac_mul/s3_reg[55]_i_1__2_n_0
    SLICE_X79Y117        CARRY8 (Prop_CARRY8_SLICEM_CI_O[1])
                                                      0.076     7.495 r  g_int8.u_p254/u_mac_mul/s3_reg[59]_i_1__0/O[1]
                         net (fo=1, routed)           0.025     7.520    g_int8.u_p254/u_mac_mul/fold_once0_return5_out[57]
    SLICE_X79Y117        FDRE                                         r  g_int8.u_p254/u_mac_mul/s3_reg[57]/D
  -------------------------------------------------------------------    -------------------

                         (clock clk rise edge)        5.000     5.000 r  
    T8                                                0.000     5.000 r  clk (IN)
                         net (fo=0)                   0.000     5.000    clk_IBUF_inst/I
    T8                   INBUF (Prop_INBUF_HPIOB_M_PAD_O)
                                                      0.272     5.272 r  clk_IBUF_inst/INBUF_INST/O
                         net (fo=1, routed)           0.000     5.272    clk_IBUF_inst/OUT
    T8                   IBUFCTRL (Prop_IBUFCTRL_HPIOB_M_I_O)
                                                      0.000     5.272 r  clk_IBUF_inst/IBUFCTRL_INST/O
                         net (fo=1, routed)           0.293     5.565    clk_IBUF
    BUFGCE_X0Y77         BUFGCE (Prop_BUFCE_BUFGCE_I_O)
                                                      0.024     5.589 r  clk_IBUF_BUFG_inst/O
    X2Y1 (CLOCK_ROOT)    net (fo=1013, routed)        1.950     7.539    g_int8.u_p254/u_mac_mul/clk_IBUF_BUFG
    SLICE_X79Y117        FDRE                                         r  g_int8.u_p254/u_mac_mul/s3_reg[57]/C
                         clock pessimism              0.452     7.991    
                         clock uncertainty           -0.035     7.955    
    SLICE_X79Y117        FDRE (Setup_BFF_SLICEM_C_D)
                                                      0.025     7.980    g_int8.u_p254/u_mac_mul/s3_reg[57]
  -------------------------------------------------------------------
                         required time                          7.980    
                         arrival time                          -7.520    
  -------------------------------------------------------------------
                         slack                                  0.460    

Slack (MET) :             0.461ns  (required time - arrival time)
  Source:                 g_int8.u_p254/u_mac_mul/s4_reg[19]/C
                            (rising edge-triggered cell FDRE clocked by clk  {rise@0.000ns fall@2.500ns period=5.000ns})
  Destination:            g_int8.u_p254/u_mac_mul/p_out_reg[7]/D
                            (rising edge-triggered cell FDRE clocked by clk  {rise@0.000ns fall@2.500ns period=5.000ns})
  Path Group:             clk
  Path Type:              Setup (Max at Slow Process Corner)
  Requirement:            5.000ns  (clk rise@5.000ns - clk rise@0.000ns)
  Data Path Delay:        4.437ns  (logic 1.732ns (39.032%)  route 2.705ns (60.968%))
  Logic Levels:           17  (CARRY8=8 LUT2=1 LUT3=3 LUT4=2 LUT5=2 LUT6=1)
  Clock Path Skew:        -0.091ns (DCD - SCD + CPR)
    Destination Clock Delay (DCD):    2.513ns = ( 7.513 - 5.000 ) 
    Source Clock Delay      (SCD):    3.052ns
    Clock Pessimism Removal (CPR):    0.448ns
  Clock Uncertainty:      0.035ns  ((TSJ^2 + TIJ^2)^1/2 + DJ) / 2 + PE
    Total System Jitter     (TSJ):    0.071ns
    Total Input Jitter      (TIJ):    0.000ns
    Discrete Jitter          (DJ):    0.000ns
    Phase Error              (PE):    0.000ns
  Clock Net Delay (Source):      2.170ns (routing 1.289ns, distribution 0.881ns)
  Clock Net Delay (Destination): 1.924ns (routing 1.173ns, distribution 0.751ns)

    Location             Delay type                Incr(ns)  Path(ns)    Netlist Resource(s)
  -------------------------------------------------------------------    -------------------
                         (clock clk rise edge)        0.000     0.000 r  
    T8                                                0.000     0.000 r  clk (IN)
                         net (fo=0)                   0.000     0.000    clk_IBUF_inst/I
    T8                   INBUF (Prop_INBUF_HPIOB_M_PAD_O)
                                                      0.522     0.522 r  clk_IBUF_inst/INBUF_INST/O
                         net (fo=1, routed)           0.000     0.522    clk_IBUF_inst/OUT
    T8                   IBUFCTRL (Prop_IBUFCTRL_HPIOB_M_I_O)
                                                      0.000     0.522 r  clk_IBUF_inst/IBUFCTRL_INST/O
                         net (fo=1, routed)           0.332     0.854    clk_IBUF
    BUFGCE_X0Y77         BUFGCE (Prop_BUFCE_BUFGCE_I_O)
                                                      0.028     0.882 r  clk_IBUF_BUFG_inst/O
    X2Y1 (CLOCK_ROOT)    net (fo=1013, routed)        2.170     3.052    g_int8.u_p254/u_mac_mul/clk_IBUF_BUFG
    SLICE_X71Y121        FDRE                                         r  g_int8.u_p254/u_mac_mul/s4_reg[19]/C
  -------------------------------------------------------------------    -------------------
    SLICE_X71Y121        FDRE (Prop_DFF_SLICEL_C_Q)
                                                      0.079     3.131 r  g_int8.u_p254/u_mac_mul/s4_reg[19]/Q
                         net (fo=14, routed)          0.215     3.346    g_int8.u_p254/u_mac_mul/s4[19]
    SLICE_X69Y124        LUT2 (Prop_E6LUT_SLICEL_I0_O)
                                                      0.123     3.469 r  g_int8.u_p254/u_mac_mul/p_out[7]_i_25__0/O
                         net (fo=1, routed)           0.007     3.476    g_int8.u_p254/u_mac_mul/p_out[7]_i_25__0_n_0
    SLICE_X69Y124        CARRY8 (Prop_CARRY8_SLICEL_S[4]_CO[7])
                                                      0.153     3.629 r  g_int8.u_p254/u_mac_mul/p_out_reg[7]_i_12__0/CO[7]
                         net (fo=1, routed)           0.026     3.655    g_int8.u_p254/u_mac_mul/p_out_reg[7]_i_12__0_n_0
    SLICE_X69Y125        CARRY8 (Prop_CARRY8_SLICEL_CI_CO[7])
                                                      0.015     3.670 r  g_int8.u_p254/u_mac_mul/p_out_reg[7]_i_13__0/CO[7]
                         net (fo=1, routed)           0.026     3.696    g_int8.u_p254/u_mac_mul/p_out_reg[7]_i_13__0_n_0
    SLICE_X69Y126        CARRY8 (Prop_CARRY8_SLICEL_CI_O[5])
                                                      0.116     3.812 r  g_int8.u_p254/u_mac_mul/p_out_reg[17]_i_271__0/O[5]
                         net (fo=2, routed)           0.254     4.066    g_int8.u_p254/u_mac_mul/p_out_reg[17]_i_271__0_n_10
    SLICE_X70Y129        LUT3 (Prop_C5LUT_SLICEM_I2_O)
                                                      0.111     4.177 r  g_int8.u_p254/u_mac_mul/p_out[17]_i_167__0/O
                         net (fo=2, routed)           0.238     4.415    g_int8.u_p254/u_mac_mul/p_out[17]_i_167__0_n_0
    SLICE_X70Y129        LUT4 (Prop_D6LUT_SLICEM_I3_O)
                                                      0.099     4.514 r  g_int8.u_p254/u_mac_mul/p_out[17]_i_175__0/O
                         net (fo=1, routed)           0.025     4.539    g_int8.u_p254/u_mac_mul/p_out[17]_i_175__0_n_0
    SLICE_X70Y129        CARRY8 (Prop_CARRY8_SLICEM_S[3]_CO[7])
                                                      0.163     4.702 r  g_int8.u_p254/u_mac_mul/p_out_reg[17]_i_71__0/CO[7]
                         net (fo=1, routed)           0.026     4.728    g_int8.u_p254/u_mac_mul/p_out_reg[17]_i_71__0_n_0
    SLICE_X70Y130        CARRY8 (Prop_CARRY8_SLICEM_CI_O[6])
                                                      0.103     4.831 r  g_int8.u_p254/u_mac_mul/p_out_reg[17]_i_69__0/O[6]
                         net (fo=3, routed)           0.378     5.209    g_int8.u_p254/u_mac_mul/p_out_reg[17]_i_69__0_n_9
    SLICE_X73Y133        LUT3 (Prop_F6LUT_SLICEM_I1_O)
                                                      0.037     5.246 r  g_int8.u_p254/u_mac_mul/p_out[17]_i_97__0/O
                         net (fo=1, routed)           0.350     5.596    g_int8.u_p254/u_mac_mul/p_out[17]_i_97__0_n_0
    SLICE_X72Y131        CARRY8 (Prop_CARRY8_SLICEL_DI[3]_O[5])
                                                      0.177     5.773 r  g_int8.u_p254/u_mac_mul/p_out_reg[17]_i_54__0/O[5]
                         net (fo=1, routed)           0.382     6.155    g_int8.u_p254/u_mac_mul/fold_once0_return0[36]
    SLICE_X71Y131        CARRY8 (Prop_CARRY8_SLICEL_S[4]_CO[7])
                                                      0.153     6.308 r  g_int8.u_p254/u_mac_mul/p_out_reg[17]_i_109__0/CO[7]
                         net (fo=1, routed)           0.026     6.334    g_int8.u_p254/u_mac_mul/p_out_reg[17]_i_109__0_n_0
    SLICE_X71Y132        CARRY8 (Prop_CARRY8_SLICEL_CI_O[6])
                                                      0.103     6.437 r  g_int8.u_p254/u_mac_mul/p_out_reg[17]_i_56__0/O[6]
                         net (fo=1, routed)           0.334     6.771    g_int8.u_p254/u_mac_mul/p_out_reg[17]_i_56__0_n_9
    SLICE_X71Y135        LUT4 (Prop_E6LUT_SLICEL_I2_O)
                                                      0.035     6.806 r  g_int8.u_p254/u_mac_mul/p_out[17]_i_58__0/O
                         net (fo=1, routed)           0.086     6.892    g_int8.u_p254/u_mac_mul/p_out[17]_i_58__0_n_0
    SLICE_X71Y135        LUT5 (Prop_F6LUT_SLICEL_I4_O)
                                                      0.035     6.927 r  g_int8.u_p254/u_mac_mul/p_out[17]_i_17__0/O
                         net (fo=1, routed)           0.136     7.063    g_int8.u_p254/u_mac_mul/p_out[17]_i_17__0_n_0
    SLICE_X72Y135        LUT6 (Prop_D6LUT_SLICEL_I0_O)
                                                      0.122     7.185 r  g_int8.u_p254/u_mac_mul/p_out[17]_i_6__0/O
                         net (fo=1, routed)           0.085     7.270    g_int8.u_p254/u_mac_mul/p_out[17]_i_6__0_n_0
    SLICE_X72Y135        LUT5 (Prop_C6LUT_SLICEL_I1_O)
                                                      0.035     7.305 r  g_int8.u_p254/u_mac_mul/p_out[17]_i_3__0/O
                         net (fo=18, routed)          0.094     7.398    g_int8.u_p254/u_mac_mul/normalize01
    SLICE_X72Y136        LUT3 (Prop_B5LUT_SLICEL_I1_O)
                                                      0.073     7.471 r  g_int8.u_p254/u_mac_mul/p_out[7]_i_1__2/O
                         net (fo=1, routed)           0.018     7.489    g_int8.u_p254/u_mac_mul/normalize0_return[7]
    SLICE_X72Y136        FDRE                                         r  g_int8.u_p254/u_mac_mul/p_out_reg[7]/D
  -------------------------------------------------------------------    -------------------

                         (clock clk rise edge)        5.000     5.000 r  
    T8                                                0.000     5.000 r  clk (IN)
                         net (fo=0)                   0.000     5.000    clk_IBUF_inst/I
    T8                   INBUF (Prop_INBUF_HPIOB_M_PAD_O)
                                                      0.272     5.272 r  clk_IBUF_inst/INBUF_INST/O
                         net (fo=1, routed)           0.000     5.272    clk_IBUF_inst/OUT
    T8                   IBUFCTRL (Prop_IBUFCTRL_HPIOB_M_I_O)
                                                      0.000     5.272 r  clk_IBUF_inst/IBUFCTRL_INST/O
                         net (fo=1, routed)           0.293     5.565    clk_IBUF
    BUFGCE_X0Y77         BUFGCE (Prop_BUFCE_BUFGCE_I_O)
                                                      0.024     5.589 r  clk_IBUF_BUFG_inst/O
    X2Y1 (CLOCK_ROOT)    net (fo=1013, routed)        1.924     7.513    g_int8.u_p254/u_mac_mul/clk_IBUF_BUFG
    SLICE_X72Y136        FDRE                                         r  g_int8.u_p254/u_mac_mul/p_out_reg[7]/C
                         clock pessimism              0.448     7.961    
                         clock uncertainty           -0.035     7.926    
    SLICE_X72Y136        FDRE (Setup_BFF2_SLICEL_C_D)
                                                      0.025     7.951    g_int8.u_p254/u_mac_mul/p_out_reg[7]
  -------------------------------------------------------------------
                         required time                          7.951    
                         arrival time                          -7.489    
  -------------------------------------------------------------------
                         slack                                  0.461    

Slack (MET) :             0.462ns  (required time - arrival time)
  Source:                 g_int8.u_p254/u_engine/u_mul/s4_reg[19]/C
                            (rising edge-triggered cell FDRE clocked by clk  {rise@0.000ns fall@2.500ns period=5.000ns})
  Destination:            g_int8.u_p254/u_engine/u_mul/p_out_reg[10]/D
                            (rising edge-triggered cell FDRE clocked by clk  {rise@0.000ns fall@2.500ns period=5.000ns})
  Path Group:             clk
  Path Type:              Setup (Max at Slow Process Corner)
  Requirement:            5.000ns  (clk rise@5.000ns - clk rise@0.000ns)
  Data Path Delay:        4.447ns  (logic 1.870ns (42.049%)  route 2.577ns (57.951%))
  Logic Levels:           18  (CARRY8=9 LUT2=1 LUT3=3 LUT4=2 LUT5=2 LUT6=1)
  Clock Path Skew:        -0.080ns (DCD - SCD + CPR)
    Destination Clock Delay (DCD):    2.479ns = ( 7.479 - 5.000 ) 
    Source Clock Delay      (SCD):    3.004ns
    Clock Pessimism Removal (CPR):    0.444ns
  Clock Uncertainty:      0.035ns  ((TSJ^2 + TIJ^2)^1/2 + DJ) / 2 + PE
    Total System Jitter     (TSJ):    0.071ns
    Total Input Jitter      (TIJ):    0.000ns
    Discrete Jitter          (DJ):    0.000ns
    Phase Error              (PE):    0.000ns
  Clock Net Delay (Source):      2.122ns (routing 1.289ns, distribution 0.833ns)
  Clock Net Delay (Destination): 1.891ns (routing 1.173ns, distribution 0.718ns)

    Location             Delay type                Incr(ns)  Path(ns)    Netlist Resource(s)
  -------------------------------------------------------------------    -------------------
                         (clock clk rise edge)        0.000     0.000 r  
    T8                                                0.000     0.000 r  clk (IN)
                         net (fo=0)                   0.000     0.000    clk_IBUF_inst/I
    T8                   INBUF (Prop_INBUF_HPIOB_M_PAD_O)
                                                      0.522     0.522 r  clk_IBUF_inst/INBUF_INST/O
                         net (fo=1, routed)           0.000     0.522    clk_IBUF_inst/OUT
    T8                   IBUFCTRL (Prop_IBUFCTRL_HPIOB_M_I_O)
                                                      0.000     0.522 r  clk_IBUF_inst/IBUFCTRL_INST/O
                         net (fo=1, routed)           0.332     0.854    clk_IBUF
    BUFGCE_X0Y77         BUFGCE (Prop_BUFCE_BUFGCE_I_O)
                                                      0.028     0.882 r  clk_IBUF_BUFG_inst/O
    X2Y1 (CLOCK_ROOT)    net (fo=1013, routed)        2.122     3.004    g_int8.u_p254/u_engine/u_mul/clk_IBUF_BUFG
    SLICE_X70Y107        FDRE                                         r  g_int8.u_p254/u_engine/u_mul/s4_reg[19]/C
  -------------------------------------------------------------------    -------------------
    SLICE_X70Y107        FDRE (Prop_DFF_SLICEM_C_Q)
                                                      0.078     3.082 r  g_int8.u_p254/u_engine/u_mul/s4_reg[19]/Q
                         net (fo=14, routed)          0.220     3.302    g_int8.u_p254/u_engine/u_mul/s4[19]
    SLICE_X69Y108        LUT2 (Prop_E6LUT_SLICEL_I0_O)
                                                      0.123     3.425 r  g_int8.u_p254/u_engine/u_mul/p_out[7]_i_25/O
                         net (fo=1, routed)           0.007     3.432    g_int8.u_p254/u_engine/u_mul/p_out[7]_i_25_n_0
    SLICE_X69Y108        CARRY8 (Prop_CARRY8_SLICEL_S[4]_CO[7])
                                                      0.153     3.585 r  g_int8.u_p254/u_engine/u_mul/p_out_reg[7]_i_12/CO[7]
                         net (fo=1, routed)           0.026     3.611    g_int8.u_p254/u_engine/u_mul/p_out_reg[7]_i_12_n_0
    SLICE_X69Y109        CARRY8 (Prop_CARRY8_SLICEL_CI_CO[7])
                                                      0.015     3.626 r  g_int8.u_p254/u_engine/u_mul/p_out_reg[7]_i_13/CO[7]
                         net (fo=1, routed)           0.026     3.652    g_int8.u_p254/u_engine/u_mul/p_out_reg[7]_i_13_n_0
    SLICE_X69Y110        CARRY8 (Prop_CARRY8_SLICEL_CI_O[7])
                                                      0.116     3.768 r  g_int8.u_p254/u_engine/u_mul/p_out_reg[17]_i_271/O[7]
                         net (fo=2, routed)           0.287     4.055    g_int8.u_p254/u_engine/u_mul/p_out_reg[17]_i_271_n_8
    SLICE_X70Y115        LUT3 (Prop_E5LUT_SLICEM_I2_O)
                                                      0.139     4.194 r  g_int8.u_p254/u_engine/u_mul/p_out[17]_i_165/O
                         net (fo=2, routed)           0.194     4.388    g_int8.u_p254/u_engine/u_mul/p_out[17]_i_165_n_0
    SLICE_X70Y115        LUT4 (Prop_F6LUT_SLICEM_I3_O)
                                                      0.148     4.536 r  g_int8.u_p254/u_engine/u_mul/p_out[17]_i_173/O
                         net (fo=1, routed)           0.022     4.558    g_int8.u_p254/u_engine/u_mul/p_out[17]_i_173_n_0
    SLICE_X70Y115        CARRY8 (Prop_CARRY8_SLICEM_S[5]_CO[7])
                                                      0.159     4.717 r  g_int8.u_p254/u_engine/u_mul/p_out_reg[17]_i_71/CO[7]
                         net (fo=1, routed)           0.026     4.743    g_int8.u_p254/u_engine/u_mul/p_out_reg[17]_i_71_n_0
    SLICE_X70Y116        CARRY8 (Prop_CARRY8_SLICEM_CI_O[0])
                                                      0.056     4.799 r  g_int8.u_p254/u_engine/u_mul/p_out_reg[17]_i_69/O[0]
                         net (fo=3, routed)           0.383     5.182    g_int8.u_p254/u_engine/u_mul/p_out_reg[17]_i_69_n_15
    SLICE_X74Y115        LUT3 (Prop_H6LUT_SLICEM_I1_O)
                                                      0.101     5.283 r  g_int8.u_p254/u_engine/u_mul/p_out[17]_i_23/O
                         net (fo=1, routed)           0.249     5.532    g_int8.u_p254/u_engine/u_mul/p_out[17]_i_23_n_0
    SLICE_X72Y115        CARRY8 (Prop_CARRY8_SLICEL_DI[5]_CO[7])
                                                      0.083     5.615 r  g_int8.u_p254/u_engine/u_mul/p_out_reg[17]_i_9/CO[7]
                         net (fo=1, routed)           0.026     5.641    g_int8.u_p254/u_engine/u_mul/p_out_reg[17]_i_9_n_0
    SLICE_X72Y116        CARRY8 (Prop_CARRY8_SLICEL_CI_O[1])
                                                      0.076     5.717 r  g_int8.u_p254/u_engine/u_mul/p_out_reg[17]_i_54/O[1]
                         net (fo=1, routed)           0.344     6.061    g_int8.u_p254/u_engine/u_mul/fold_once0_return0[32]
    SLICE_X73Y116        CARRY8 (Prop_CARRY8_SLICEM_S[0]_CO[7])
                                                      0.192     6.253 r  g_int8.u_p254/u_engine/u_mul/p_out_reg[17]_i_109/CO[7]
                         net (fo=1, routed)           0.026     6.279    g_int8.u_p254/u_engine/u_mul/p_out_reg[17]_i_109_n_0
    SLICE_X73Y117        CARRY8 (Prop_CARRY8_SLICEM_CI_O[6])
                                                      0.103     6.382 r  g_int8.u_p254/u_engine/u_mul/p_out_reg[17]_i_56/O[6]
                         net (fo=1, routed)           0.172     6.554    g_int8.u_p254/u_engine/u_mul/p_out_reg[17]_i_56_n_9
    SLICE_X73Y120        LUT4 (Prop_B6LUT_SLICEM_I2_O)
                                                      0.089     6.643 r  g_int8.u_p254/u_engine/u_mul/p_out[17]_i_58/O
                         net (fo=1, routed)           0.093     6.736    g_int8.u_p254/u_engine/u_mul/p_out[17]_i_58_n_0
    SLICE_X73Y120        LUT5 (Prop_C6LUT_SLICEM_I4_O)
                                                      0.051     6.787 r  g_int8.u_p254/u_engine/u_mul/p_out[17]_i_17/O
                         net (fo=1, routed)           0.040     6.827    g_int8.u_p254/u_engine/u_mul/p_out[17]_i_17_n_0
    SLICE_X73Y120        LUT6 (Prop_D6LUT_SLICEM_I0_O)
                                                      0.037     6.864 r  g_int8.u_p254/u_engine/u_mul/p_out[17]_i_6/O
                         net (fo=1, routed)           0.222     7.086    g_int8.u_p254/u_engine/u_mul/p_out[17]_i_6_n_0
    SLICE_X74Y114        LUT5 (Prop_G6LUT_SLICEM_I1_O)
                                                      0.100     7.186 r  g_int8.u_p254/u_engine/u_mul/p_out[17]_i_3/O
                         net (fo=18, routed)          0.148     7.334    g_int8.u_p254/u_engine/u_mul/normalize01
    SLICE_X74Y110        LUT3 (Prop_C6LUT_SLICEM_I1_O)
                                                      0.051     7.385 r  g_int8.u_p254/u_engine/u_mul/p_out[10]_i_1__1/O
                         net (fo=1, routed)           0.066     7.451    g_int8.u_p254/u_engine/u_mul/normalize0_return[10]
    SLICE_X74Y110        FDRE                                         r  g_int8.u_p254/u_engine/u_mul/p_out_reg[10]/D
  -------------------------------------------------------------------    -------------------

                         (clock clk rise edge)        5.000     5.000 r  
    T8                                                0.000     5.000 r  clk (IN)
                         net (fo=0)                   0.000     5.000    clk_IBUF_inst/I
    T8                   INBUF (Prop_INBUF_HPIOB_M_PAD_O)
                                                      0.272     5.272 r  clk_IBUF_inst/INBUF_INST/O
                         net (fo=1, routed)           0.000     5.272    clk_IBUF_inst/OUT
    T8                   IBUFCTRL (Prop_IBUFCTRL_HPIOB_M_I_O)
                                                      0.000     5.272 r  clk_IBUF_inst/IBUFCTRL_INST/O
                         net (fo=1, routed)           0.293     5.565    clk_IBUF
    BUFGCE_X0Y77         BUFGCE (Prop_BUFCE_BUFGCE_I_O)
                                                      0.024     5.589 r  clk_IBUF_BUFG_inst/O
    X2Y1 (CLOCK_ROOT)    net (fo=1013, routed)        1.891     7.479    g_int8.u_p254/u_engine/u_mul/clk_IBUF_BUFG
    SLICE_X74Y110        FDRE                                         r  g_int8.u_p254/u_engine/u_mul/p_out_reg[10]/C
                         clock pessimism              0.444     7.924    
                         clock uncertainty           -0.035     7.888    
    SLICE_X74Y110        FDRE (Setup_CFF_SLICEM_C_D)
                                                      0.025     7.913    g_int8.u_p254/u_engine/u_mul/p_out_reg[10]
  -------------------------------------------------------------------
                         required time                          7.913    
                         arrival time                          -7.451    
  -------------------------------------------------------------------
                         slack                                  0.462    

Slack (MET) :             0.464ns  (required time - arrival time)
  Source:                 g_int8.u_p254/u_mac_mul/s2_reg/DSP_OUTPUT_INST/CLK
                            (rising edge-triggered cell DSP_OUTPUT clocked by clk  {rise@0.000ns fall@2.500ns period=5.000ns})
  Destination:            g_int8.u_p254/u_mac_mul/s3_reg[55]/D
                            (rising edge-triggered cell FDRE clocked by clk  {rise@0.000ns fall@2.500ns period=5.000ns})
  Path Group:             clk
  Path Type:              Setup (Max at Slow Process Corner)
  Requirement:            5.000ns  (clk rise@5.000ns - clk rise@0.000ns)
  Data Path Delay:        4.322ns  (logic 1.828ns (42.294%)  route 2.494ns (57.706%))
  Logic Levels:           15  (CARRY8=10 LUT2=1 LUT3=2 LUT4=2)
  Clock Path Skew:        -0.203ns (DCD - SCD + CPR)
    Destination Clock Delay (DCD):    2.542ns = ( 7.542 - 5.000 ) 
    Source Clock Delay      (SCD):    3.198ns
    Clock Pessimism Removal (CPR):    0.452ns
  Clock Uncertainty:      0.035ns  ((TSJ^2 + TIJ^2)^1/2 + DJ) / 2 + PE
    Total System Jitter     (TSJ):    0.071ns
    Total Input Jitter      (TIJ):    0.000ns
    Discrete Jitter          (DJ):    0.000ns
    Phase Error              (PE):    0.000ns
  Clock Net Delay (Source):      2.316ns (routing 1.289ns, distribution 1.027ns)
  Clock Net Delay (Destination): 1.954ns (routing 1.173ns, distribution 0.781ns)

    Location             Delay type                Incr(ns)  Path(ns)    Netlist Resource(s)
  -------------------------------------------------------------------    -------------------
                         (clock clk rise edge)        0.000     0.000 r  
    T8                                                0.000     0.000 r  clk (IN)
                         net (fo=0)                   0.000     0.000    clk_IBUF_inst/I
    T8                   INBUF (Prop_INBUF_HPIOB_M_PAD_O)
                                                      0.522     0.522 r  clk_IBUF_inst/INBUF_INST/O
                         net (fo=1, routed)           0.000     0.522    clk_IBUF_inst/OUT
    T8                   IBUFCTRL (Prop_IBUFCTRL_HPIOB_M_I_O)
                                                      0.000     0.522 r  clk_IBUF_inst/IBUFCTRL_INST/O
                         net (fo=1, routed)           0.332     0.854    clk_IBUF
    BUFGCE_X0Y77         BUFGCE (Prop_BUFCE_BUFGCE_I_O)
                                                      0.028     0.882 r  clk_IBUF_BUFG_inst/O
    X2Y1 (CLOCK_ROOT)    net (fo=1013, routed)        2.316     3.198    g_int8.u_p254/u_mac_mul/s2_reg/CLK
    DSP48E2_X16Y44       DSP_OUTPUT                                   r  g_int8.u_p254/u_mac_mul/s2_reg/DSP_OUTPUT_INST/CLK
  -------------------------------------------------------------------    -------------------
    DSP48E2_X16Y44       DSP_OUTPUT (Prop_DSP_OUTPUT_DSP48E2_CLK_P[23])
                                                      0.214     3.412 r  g_int8.u_p254/u_mac_mul/s2_reg/DSP_OUTPUT_INST/P[23]
                         net (fo=14, routed)          0.782     4.194    g_int8.u_p254/u_mac_mul/s2_reg__0[23]
    SLICE_X78Y104        LUT2 (Prop_A6LUT_SLICEL_I0_O)
                                                      0.149     4.343 r  g_int8.u_p254/u_mac_mul/s3[7]_i_35__0/O
                         net (fo=1, routed)           0.009     4.352    g_int8.u_p254/u_mac_mul/s3[7]_i_35__0_n_0
    SLICE_X78Y104        CARRY8 (Prop_CARRY8_SLICEL_S[0]_CO[7])
                                                      0.190     4.542 r  g_int8.u_p254/u_mac_mul/s3_reg[7]_i_12__0/CO[7]
                         net (fo=1, routed)           0.026     4.568    g_int8.u_p254/u_mac_mul/s3_reg[7]_i_12__0_n_0
    SLICE_X78Y105        CARRY8 (Prop_CARRY8_SLICEL_CI_O[0])
                                                      0.056     4.624 r  g_int8.u_p254/u_mac_mul/s3_reg[59]_i_28__0/O[0]
                         net (fo=2, routed)           0.218     4.842    g_int8.u_p254/u_mac_mul/s3_reg[59]_i_28__0_n_15
    SLICE_X79Y104        LUT3 (Prop_F5LUT_SLICEM_I1_O)
                                                      0.105     4.947 r  g_int8.u_p254/u_mac_mul/s3[23]_i_51__2/O
                         net (fo=2, routed)           0.232     5.179    g_int8.u_p254/u_mac_mul/s3[23]_i_51__2_n_0
    SLICE_X79Y104        LUT4 (Prop_G6LUT_SLICEM_I3_O)
                                                      0.150     5.329 r  g_int8.u_p254/u_mac_mul/s3[23]_i_57__0/O
                         net (fo=1, routed)           0.016     5.345    g_int8.u_p254/u_mac_mul/s3[23]_i_57__0_n_0
    SLICE_X79Y104        CARRY8 (Prop_CARRY8_SLICEM_S[6]_CO[7])
                                                      0.117     5.462 r  g_int8.u_p254/u_mac_mul/s3_reg[23]_i_39__0/CO[7]
                         net (fo=1, routed)           0.026     5.488    g_int8.u_p254/u_mac_mul/s3_reg[23]_i_39__0_n_0
    SLICE_X79Y105        CARRY8 (Prop_CARRY8_SLICEM_CI_O[0])
                                                      0.056     5.544 r  g_int8.u_p254/u_mac_mul/s3_reg[31]_i_19__2/O[0]
                         net (fo=2, routed)           0.423     5.967    g_int8.u_p254/u_mac_mul/s3_reg[31]_i_19__2_n_15
    SLICE_X80Y107        LUT3 (Prop_E5LUT_SLICEL_I0_O)
                                                      0.070     6.037 r  g_int8.u_p254/u_mac_mul/s3[23]_i_8__2/O
                         net (fo=2, routed)           0.181     6.218    g_int8.u_p254/u_mac_mul/s3[23]_i_8__2_n_0
    SLICE_X80Y107        LUT4 (Prop_F6LUT_SLICEL_I3_O)
                                                      0.148     6.366 r  g_int8.u_p254/u_mac_mul/s3[23]_i_16__2/O
                         net (fo=1, routed)           0.011     6.377    g_int8.u_p254/u_mac_mul/s3[23]_i_16__2_n_0
    SLICE_X80Y107        CARRY8 (Prop_CARRY8_SLICEL_S[5]_CO[7])
                                                      0.155     6.532 r  g_int8.u_p254/u_mac_mul/s3_reg[23]_i_2__2/CO[7]
                         net (fo=1, routed)           0.026     6.558    g_int8.u_p254/u_mac_mul/s3_reg[23]_i_2__2_n_0
    SLICE_X80Y108        CARRY8 (Prop_CARRY8_SLICEL_CI_CO[7])
                                                      0.015     6.573 r  g_int8.u_p254/u_mac_mul/s3_reg[31]_i_2__2/CO[7]
                         net (fo=1, routed)           0.026     6.599    g_int8.u_p254/u_mac_mul/s3_reg[31]_i_2__2_n_0
    SLICE_X80Y109        CARRY8 (Prop_CARRY8_SLICEL_CI_CO[7])
                                                      0.015     6.614 r  g_int8.u_p254/u_mac_mul/s3_reg[39]_i_2__2/CO[7]
                         net (fo=1, routed)           0.026     6.640    g_int8.u_p254/u_mac_mul/s3_reg[39]_i_2__2_n_0
    SLICE_X80Y110        CARRY8 (Prop_CARRY8_SLICEL_CI_O[5])
                                                      0.116     6.756 r  g_int8.u_p254/u_mac_mul/s3_reg[47]_i_2__2/O[5]
                         net (fo=1, routed)           0.440     7.196    g_int8.u_p254/u_mac_mul/fold_once0_return03_in[44]
    SLICE_X79Y115        CARRY8 (Prop_CARRY8_SLICEM_S[4]_CO[7])
                                                      0.156     7.352 r  g_int8.u_p254/u_mac_mul/s3_reg[47]_i_1__2/CO[7]
                         net (fo=1, routed)           0.026     7.378    g_int8.u_p254/u_mac_mul/s3_reg[47]_i_1__2_n_0
    SLICE_X79Y116        CARRY8 (Prop_CARRY8_SLICEM_CI_O[7])
                                                      0.116     7.494 r  g_int8.u_p254/u_mac_mul/s3_reg[55]_i_1__2/O[7]
                         net (fo=1, routed)           0.026     7.520    g_int8.u_p254/u_mac_mul/fold_once0_return5_out[55]
    SLICE_X79Y116        FDRE                                         r  g_int8.u_p254/u_mac_mul/s3_reg[55]/D
  -------------------------------------------------------------------    -------------------

                         (clock clk rise edge)        5.000     5.000 r  
    T8                                                0.000     5.000 r  clk (IN)
                         net (fo=0)                   0.000     5.000    clk_IBUF_inst/I
    T8                   INBUF (Prop_INBUF_HPIOB_M_PAD_O)
                                                      0.272     5.272 r  clk_IBUF_inst/INBUF_INST/O
                         net (fo=1, routed)           0.000     5.272    clk_IBUF_inst/OUT
    T8                   IBUFCTRL (Prop_IBUFCTRL_HPIOB_M_I_O)
                                                      0.000     5.272 r  clk_IBUF_inst/IBUFCTRL_INST/O
                         net (fo=1, routed)           0.293     5.565    clk_IBUF
    BUFGCE_X0Y77         BUFGCE (Prop_BUFCE_BUFGCE_I_O)
                                                      0.024     5.589 r  clk_IBUF_BUFG_inst/O
    X2Y1 (CLOCK_ROOT)    net (fo=1013, routed)        1.954     7.542    g_int8.u_p254/u_mac_mul/clk_IBUF_BUFG
    SLICE_X79Y116        FDRE                                         r  g_int8.u_p254/u_mac_mul/s3_reg[55]/C
                         clock pessimism              0.452     7.994    
                         clock uncertainty           -0.035     7.959    
    SLICE_X79Y116        FDRE (Setup_HFF_SLICEM_C_D)
                                                      0.025     7.984    g_int8.u_p254/u_mac_mul/s3_reg[55]
  -------------------------------------------------------------------
                         required time                          7.984    
                         arrival time                          -7.520    
  -------------------------------------------------------------------
                         slack                                  0.464    

Slack (MET) :             0.465ns  (required time - arrival time)
  Source:                 g_int8.u_p254/u_mac_mul/s2_reg/DSP_OUTPUT_INST/CLK
                            (rising edge-triggered cell DSP_OUTPUT clocked by clk  {rise@0.000ns fall@2.500ns period=5.000ns})
  Destination:            g_int8.u_p254/u_mac_mul/s3_reg[53]/D
                            (rising edge-triggered cell FDRE clocked by clk  {rise@0.000ns fall@2.500ns period=5.000ns})
  Path Group:             clk
  Path Type:              Setup (Max at Slow Process Corner)
  Requirement:            5.000ns  (clk rise@5.000ns - clk rise@0.000ns)
  Data Path Delay:        4.321ns  (logic 1.828ns (42.303%)  route 2.493ns (57.697%))
  Logic Levels:           15  (CARRY8=10 LUT2=1 LUT3=2 LUT4=2)
  Clock Path Skew:        -0.203ns (DCD - SCD + CPR)
    Destination Clock Delay (DCD):    2.542ns = ( 7.542 - 5.000 ) 
    Source Clock Delay      (SCD):    3.198ns
    Clock Pessimism Removal (CPR):    0.452ns
  Clock Uncertainty:      0.035ns  ((TSJ^2 + TIJ^2)^1/2 + DJ) / 2 + PE
    Total System Jitter     (TSJ):    0.071ns
    Total Input Jitter      (TIJ):    0.000ns
    Discrete Jitter          (DJ):    0.000ns
    Phase Error              (PE):    0.000ns
  Clock Net Delay (Source):      2.316ns (routing 1.289ns, distribution 1.027ns)
  Clock Net Delay (Destination): 1.954ns (routing 1.173ns, distribution 0.781ns)

    Location             Delay type                Incr(ns)  Path(ns)    Netlist Resource(s)
  -------------------------------------------------------------------    -------------------
                         (clock clk rise edge)        0.000     0.000 r  
    T8                                                0.000     0.000 r  clk (IN)
                         net (fo=0)                   0.000     0.000    clk_IBUF_inst/I
    T8                   INBUF (Prop_INBUF_HPIOB_M_PAD_O)
                                                      0.522     0.522 r  clk_IBUF_inst/INBUF_INST/O
                         net (fo=1, routed)           0.000     0.522    clk_IBUF_inst/OUT
    T8                   IBUFCTRL (Prop_IBUFCTRL_HPIOB_M_I_O)
                                                      0.000     0.522 r  clk_IBUF_inst/IBUFCTRL_INST/O
                         net (fo=1, routed)           0.332     0.854    clk_IBUF
    BUFGCE_X0Y77         BUFGCE (Prop_BUFCE_BUFGCE_I_O)
                                                      0.028     0.882 r  clk_IBUF_BUFG_inst/O
    X2Y1 (CLOCK_ROOT)    net (fo=1013, routed)        2.316     3.198    g_int8.u_p254/u_mac_mul/s2_reg/CLK
    DSP48E2_X16Y44       DSP_OUTPUT                                   r  g_int8.u_p254/u_mac_mul/s2_reg/DSP_OUTPUT_INST/CLK
  -------------------------------------------------------------------    -------------------
    DSP48E2_X16Y44       DSP_OUTPUT (Prop_DSP_OUTPUT_DSP48E2_CLK_P[23])
                                                      0.214     3.412 r  g_int8.u_p254/u_mac_mul/s2_reg/DSP_OUTPUT_INST/P[23]
                         net (fo=14, routed)          0.782     4.194    g_int8.u_p254/u_mac_mul/s2_reg__0[23]
    SLICE_X78Y104        LUT2 (Prop_A6LUT_SLICEL_I0_O)
                                                      0.149     4.343 r  g_int8.u_p254/u_mac_mul/s3[7]_i_35__0/O
                         net (fo=1, routed)           0.009     4.352    g_int8.u_p254/u_mac_mul/s3[7]_i_35__0_n_0
    SLICE_X78Y104        CARRY8 (Prop_CARRY8_SLICEL_S[0]_CO[7])
                                                      0.190     4.542 r  g_int8.u_p254/u_mac_mul/s3_reg[7]_i_12__0/CO[7]
                         net (fo=1, routed)           0.026     4.568    g_int8.u_p254/u_mac_mul/s3_reg[7]_i_12__0_n_0
    SLICE_X78Y105        CARRY8 (Prop_CARRY8_SLICEL_CI_O[0])
                                                      0.056     4.624 r  g_int8.u_p254/u_mac_mul/s3_reg[59]_i_28__0/O[0]
                         net (fo=2, routed)           0.218     4.842    g_int8.u_p254/u_mac_mul/s3_reg[59]_i_28__0_n_15
    SLICE_X79Y104        LUT3 (Prop_F5LUT_SLICEM_I1_O)
                                                      0.105     4.947 r  g_int8.u_p254/u_mac_mul/s3[23]_i_51__2/O
                         net (fo=2, routed)           0.232     5.179    g_int8.u_p254/u_mac_mul/s3[23]_i_51__2_n_0
    SLICE_X79Y104        LUT4 (Prop_G6LUT_SLICEM_I3_O)
                                                      0.150     5.329 r  g_int8.u_p254/u_mac_mul/s3[23]_i_57__0/O
                         net (fo=1, routed)           0.016     5.345    g_int8.u_p254/u_mac_mul/s3[23]_i_57__0_n_0
    SLICE_X79Y104        CARRY8 (Prop_CARRY8_SLICEM_S[6]_CO[7])
                                                      0.117     5.462 r  g_int8.u_p254/u_mac_mul/s3_reg[23]_i_39__0/CO[7]
                         net (fo=1, routed)           0.026     5.488    g_int8.u_p254/u_mac_mul/s3_reg[23]_i_39__0_n_0
    SLICE_X79Y105        CARRY8 (Prop_CARRY8_SLICEM_CI_O[0])
                                                      0.056     5.544 r  g_int8.u_p254/u_mac_mul/s3_reg[31]_i_19__2/O[0]
                         net (fo=2, routed)           0.423     5.967    g_int8.u_p254/u_mac_mul/s3_reg[31]_i_19__2_n_15
    SLICE_X80Y107        LUT3 (Prop_E5LUT_SLICEL_I0_O)
                                                      0.070     6.037 r  g_int8.u_p254/u_mac_mul/s3[23]_i_8__2/O
                         net (fo=2, routed)           0.181     6.218    g_int8.u_p254/u_mac_mul/s3[23]_i_8__2_n_0
    SLICE_X80Y107        LUT4 (Prop_F6LUT_SLICEL_I3_O)
                                                      0.148     6.366 r  g_int8.u_p254/u_mac_mul/s3[23]_i_16__2/O
                         net (fo=1, routed)           0.011     6.377    g_int8.u_p254/u_mac_mul/s3[23]_i_16__2_n_0
    SLICE_X80Y107        CARRY8 (Prop_CARRY8_SLICEL_S[5]_CO[7])
                                                      0.155     6.532 r  g_int8.u_p254/u_mac_mul/s3_reg[23]_i_2__2/CO[7]
                         net (fo=1, routed)           0.026     6.558    g_int8.u_p254/u_mac_mul/s3_reg[23]_i_2__2_n_0
    SLICE_X80Y108        CARRY8 (Prop_CARRY8_SLICEL_CI_CO[7])
                                                      0.015     6.573 r  g_int8.u_p254/u_mac_mul/s3_reg[31]_i_2__2/CO[7]
                         net (fo=1, routed)           0.026     6.599    g_int8.u_p254/u_mac_mul/s3_reg[31]_i_2__2_n_0
    SLICE_X80Y109        CARRY8 (Prop_CARRY8_SLICEL_CI_CO[7])
                                                      0.015     6.614 r  g_int8.u_p254/u_mac_mul/s3_reg[39]_i_2__2/CO[7]
                         net (fo=1, routed)           0.026     6.640    g_int8.u_p254/u_mac_mul/s3_reg[39]_i_2__2_n_0
    SLICE_X80Y110        CARRY8 (Prop_CARRY8_SLICEL_CI_O[5])
                                                      0.116     6.756 r  g_int8.u_p254/u_mac_mul/s3_reg[47]_i_2__2/O[5]
                         net (fo=1, routed)           0.440     7.196    g_int8.u_p254/u_mac_mul/fold_once0_return03_in[44]
    SLICE_X79Y115        CARRY8 (Prop_CARRY8_SLICEM_S[4]_CO[7])
                                                      0.156     7.352 r  g_int8.u_p254/u_mac_mul/s3_reg[47]_i_1__2/CO[7]
                         net (fo=1, routed)           0.026     7.378    g_int8.u_p254/u_mac_mul/s3_reg[47]_i_1__2_n_0
    SLICE_X79Y116        CARRY8 (Prop_CARRY8_SLICEM_CI_O[5])
                                                      0.116     7.494 r  g_int8.u_p254/u_mac_mul/s3_reg[55]_i_1__2/O[5]
                         net (fo=1, routed)           0.025     7.519    g_int8.u_p254/u_mac_mul/fold_once0_return5_out[53]
    SLICE_X79Y116        FDRE                                         r  g_int8.u_p254/u_mac_mul/s3_reg[53]/D
  -------------------------------------------------------------------    -------------------

                         (clock clk rise edge)        5.000     5.000 r  
    T8                                                0.000     5.000 r  clk (IN)
                         net (fo=0)                   0.000     5.000    clk_IBUF_inst/I
    T8                   INBUF (Prop_INBUF_HPIOB_M_PAD_O)
                                                      0.272     5.272 r  clk_IBUF_inst/INBUF_INST/O
                         net (fo=1, routed)           0.000     5.272    clk_IBUF_inst/OUT
    T8                   IBUFCTRL (Prop_IBUFCTRL_HPIOB_M_I_O)
                                                      0.000     5.272 r  clk_IBUF_inst/IBUFCTRL_INST/O
                         net (fo=1, routed)           0.293     5.565    clk_IBUF
    BUFGCE_X0Y77         BUFGCE (Prop_BUFCE_BUFGCE_I_O)
                                                      0.024     5.589 r  clk_IBUF_BUFG_inst/O
    X2Y1 (CLOCK_ROOT)    net (fo=1013, routed)        1.954     7.542    g_int8.u_p254/u_mac_mul/clk_IBUF_BUFG
    SLICE_X79Y116        FDRE                                         r  g_int8.u_p254/u_mac_mul/s3_reg[53]/C
                         clock pessimism              0.452     7.994    
                         clock uncertainty           -0.035     7.959    
    SLICE_X79Y116        FDRE (Setup_FFF_SLICEM_C_D)
                                                      0.025     7.984    g_int8.u_p254/u_mac_mul/s3_reg[53]
  -------------------------------------------------------------------
                         required time                          7.984    
                         arrival time                          -7.519    
  -------------------------------------------------------------------
                         slack                                  0.465    

Slack (MET) :             0.465ns  (required time - arrival time)
  Source:                 g_int8.u_p254/u_mac_mul/s4_reg[19]/C
                            (rising edge-triggered cell FDRE clocked by clk  {rise@0.000ns fall@2.500ns period=5.000ns})
  Destination:            g_int8.u_p254/u_mac_mul/p_out_reg[1]/D
                            (rising edge-triggered cell FDRE clocked by clk  {rise@0.000ns fall@2.500ns period=5.000ns})
  Path Group:             clk
  Path Type:              Setup (Max at Slow Process Corner)
  Requirement:            5.000ns  (clk rise@5.000ns - clk rise@0.000ns)
  Data Path Delay:        4.433ns  (logic 1.728ns (38.977%)  route 2.705ns (61.023%))
  Logic Levels:           17  (CARRY8=8 LUT2=1 LUT3=3 LUT4=2 LUT5=2 LUT6=1)
  Clock Path Skew:        -0.091ns (DCD - SCD + CPR)
    Destination Clock Delay (DCD):    2.513ns = ( 7.513 - 5.000 ) 
    Source Clock Delay      (SCD):    3.052ns
    Clock Pessimism Removal (CPR):    0.448ns
  Clock Uncertainty:      0.035ns  ((TSJ^2 + TIJ^2)^1/2 + DJ) / 2 + PE
    Total System Jitter     (TSJ):    0.071ns
    Total Input Jitter      (TIJ):    0.000ns
    Discrete Jitter          (DJ):    0.000ns
    Phase Error              (PE):    0.000ns
  Clock Net Delay (Source):      2.170ns (routing 1.289ns, distribution 0.881ns)
  Clock Net Delay (Destination): 1.924ns (routing 1.173ns, distribution 0.751ns)

    Location             Delay type                Incr(ns)  Path(ns)    Netlist Resource(s)
  -------------------------------------------------------------------    -------------------
                         (clock clk rise edge)        0.000     0.000 r  
    T8                                                0.000     0.000 r  clk (IN)
                         net (fo=0)                   0.000     0.000    clk_IBUF_inst/I
    T8                   INBUF (Prop_INBUF_HPIOB_M_PAD_O)
                                                      0.522     0.522 r  clk_IBUF_inst/INBUF_INST/O
                         net (fo=1, routed)           0.000     0.522    clk_IBUF_inst/OUT
    T8                   IBUFCTRL (Prop_IBUFCTRL_HPIOB_M_I_O)
                                                      0.000     0.522 r  clk_IBUF_inst/IBUFCTRL_INST/O
                         net (fo=1, routed)           0.332     0.854    clk_IBUF
    BUFGCE_X0Y77         BUFGCE (Prop_BUFCE_BUFGCE_I_O)
                                                      0.028     0.882 r  clk_IBUF_BUFG_inst/O
    X2Y1 (CLOCK_ROOT)    net (fo=1013, routed)        2.170     3.052    g_int8.u_p254/u_mac_mul/clk_IBUF_BUFG
    SLICE_X71Y121        FDRE                                         r  g_int8.u_p254/u_mac_mul/s4_reg[19]/C
  -------------------------------------------------------------------    -------------------
    SLICE_X71Y121        FDRE (Prop_DFF_SLICEL_C_Q)
                                                      0.079     3.131 r  g_int8.u_p254/u_mac_mul/s4_reg[19]/Q
                         net (fo=14, routed)          0.215     3.346    g_int8.u_p254/u_mac_mul/s4[19]
    SLICE_X69Y124        LUT2 (Prop_E6LUT_SLICEL_I0_O)
                                                      0.123     3.469 r  g_int8.u_p254/u_mac_mul/p_out[7]_i_25__0/O
                         net (fo=1, routed)           0.007     3.476    g_int8.u_p254/u_mac_mul/p_out[7]_i_25__0_n_0
    SLICE_X69Y124        CARRY8 (Prop_CARRY8_SLICEL_S[4]_CO[7])
                                                      0.153     3.629 r  g_int8.u_p254/u_mac_mul/p_out_reg[7]_i_12__0/CO[7]
                         net (fo=1, routed)           0.026     3.655    g_int8.u_p254/u_mac_mul/p_out_reg[7]_i_12__0_n_0
    SLICE_X69Y125        CARRY8 (Prop_CARRY8_SLICEL_CI_CO[7])
                                                      0.015     3.670 r  g_int8.u_p254/u_mac_mul/p_out_reg[7]_i_13__0/CO[7]
                         net (fo=1, routed)           0.026     3.696    g_int8.u_p254/u_mac_mul/p_out_reg[7]_i_13__0_n_0
    SLICE_X69Y126        CARRY8 (Prop_CARRY8_SLICEL_CI_O[5])
                                                      0.116     3.812 r  g_int8.u_p254/u_mac_mul/p_out_reg[17]_i_271__0/O[5]
                         net (fo=2, routed)           0.254     4.066    g_int8.u_p254/u_mac_mul/p_out_reg[17]_i_271__0_n_10
    SLICE_X70Y129        LUT3 (Prop_C5LUT_SLICEM_I2_O)
                                                      0.111     4.177 r  g_int8.u_p254/u_mac_mul/p_out[17]_i_167__0/O
                         net (fo=2, routed)           0.238     4.415    g_int8.u_p254/u_mac_mul/p_out[17]_i_167__0_n_0
    SLICE_X70Y129        LUT4 (Prop_D6LUT_SLICEM_I3_O)
                                                      0.099     4.514 r  g_int8.u_p254/u_mac_mul/p_out[17]_i_175__0/O
                         net (fo=1, routed)           0.025     4.539    g_int8.u_p254/u_mac_mul/p_out[17]_i_175__0_n_0
    SLICE_X70Y129        CARRY8 (Prop_CARRY8_SLICEM_S[3]_CO[7])
                                                      0.163     4.702 r  g_int8.u_p254/u_mac_mul/p_out_reg[17]_i_71__0/CO[7]
                         net (fo=1, routed)           0.026     4.728    g_int8.u_p254/u_mac_mul/p_out_reg[17]_i_71__0_n_0
    SLICE_X70Y130        CARRY8 (Prop_CARRY8_SLICEM_CI_O[6])
                                                      0.103     4.831 r  g_int8.u_p254/u_mac_mul/p_out_reg[17]_i_69__0/O[6]
                         net (fo=3, routed)           0.378     5.209    g_int8.u_p254/u_mac_mul/p_out_reg[17]_i_69__0_n_9
    SLICE_X73Y133        LUT3 (Prop_F6LUT_SLICEM_I1_O)
                                                      0.037     5.246 r  g_int8.u_p254/u_mac_mul/p_out[17]_i_97__0/O
                         net (fo=1, routed)           0.350     5.596    g_int8.u_p254/u_mac_mul/p_out[17]_i_97__0_n_0
    SLICE_X72Y131        CARRY8 (Prop_CARRY8_SLICEL_DI[3]_O[5])
                                                      0.177     5.773 r  g_int8.u_p254/u_mac_mul/p_out_reg[17]_i_54__0/O[5]
                         net (fo=1, routed)           0.382     6.155    g_int8.u_p254/u_mac_mul/fold_once0_return0[36]
    SLICE_X71Y131        CARRY8 (Prop_CARRY8_SLICEL_S[4]_CO[7])
                                                      0.153     6.308 r  g_int8.u_p254/u_mac_mul/p_out_reg[17]_i_109__0/CO[7]
                         net (fo=1, routed)           0.026     6.334    g_int8.u_p254/u_mac_mul/p_out_reg[17]_i_109__0_n_0
    SLICE_X71Y132        CARRY8 (Prop_CARRY8_SLICEL_CI_O[6])
                                                      0.103     6.437 r  g_int8.u_p254/u_mac_mul/p_out_reg[17]_i_56__0/O[6]
                         net (fo=1, routed)           0.334     6.771    g_int8.u_p254/u_mac_mul/p_out_reg[17]_i_56__0_n_9
    SLICE_X71Y135        LUT4 (Prop_E6LUT_SLICEL_I2_O)
                                                      0.035     6.806 r  g_int8.u_p254/u_mac_mul/p_out[17]_i_58__0/O
                         net (fo=1, routed)           0.086     6.892    g_int8.u_p254/u_mac_mul/p_out[17]_i_58__0_n_0
    SLICE_X71Y135        LUT5 (Prop_F6LUT_SLICEL_I4_O)
                                                      0.035     6.927 r  g_int8.u_p254/u_mac_mul/p_out[17]_i_17__0/O
                         net (fo=1, routed)           0.136     7.063    g_int8.u_p254/u_mac_mul/p_out[17]_i_17__0_n_0
    SLICE_X72Y135        LUT6 (Prop_D6LUT_SLICEL_I0_O)
                                                      0.122     7.185 r  g_int8.u_p254/u_mac_mul/p_out[17]_i_6__0/O
                         net (fo=1, routed)           0.085     7.270    g_int8.u_p254/u_mac_mul/p_out[17]_i_6__0_n_0
    SLICE_X72Y135        LUT5 (Prop_C6LUT_SLICEL_I1_O)
                                                      0.035     7.305 r  g_int8.u_p254/u_mac_mul/p_out[17]_i_3__0/O
                         net (fo=18, routed)          0.095     7.399    g_int8.u_p254/u_mac_mul/normalize01
    SLICE_X72Y136        LUT3 (Prop_A5LUT_SLICEL_I1_O)
                                                      0.069     7.468 r  g_int8.u_p254/u_mac_mul/p_out[1]_i_1__2/O
                         net (fo=1, routed)           0.017     7.485    g_int8.u_p254/u_mac_mul/normalize0_return[1]
    SLICE_X72Y136        FDRE                                         r  g_int8.u_p254/u_mac_mul/p_out_reg[1]/D
  -------------------------------------------------------------------    -------------------

                         (clock clk rise edge)        5.000     5.000 r  
    T8                                                0.000     5.000 r  clk (IN)
                         net (fo=0)                   0.000     5.000    clk_IBUF_inst/I
    T8                   INBUF (Prop_INBUF_HPIOB_M_PAD_O)
                                                      0.272     5.272 r  clk_IBUF_inst/INBUF_INST/O
                         net (fo=1, routed)           0.000     5.272    clk_IBUF_inst/OUT
    T8                   IBUFCTRL (Prop_IBUFCTRL_HPIOB_M_I_O)
                                                      0.000     5.272 r  clk_IBUF_inst/IBUFCTRL_INST/O
                         net (fo=1, routed)           0.293     5.565    clk_IBUF
    BUFGCE_X0Y77         BUFGCE (Prop_BUFCE_BUFGCE_I_O)
                                                      0.024     5.589 r  clk_IBUF_BUFG_inst/O
    X2Y1 (CLOCK_ROOT)    net (fo=1013, routed)        1.924     7.513    g_int8.u_p254/u_mac_mul/clk_IBUF_BUFG
    SLICE_X72Y136        FDRE                                         r  g_int8.u_p254/u_mac_mul/p_out_reg[1]/C
                         clock pessimism              0.448     7.961    
                         clock uncertainty           -0.035     7.926    
    SLICE_X72Y136        FDRE (Setup_AFF2_SLICEL_C_D)
                                                      0.025     7.951    g_int8.u_p254/u_mac_mul/p_out_reg[1]
  -------------------------------------------------------------------
                         required time                          7.951    
                         arrival time                          -7.485    
  -------------------------------------------------------------------
                         slack                                  0.465    

Slack (MET) :             0.468ns  (required time - arrival time)
  Source:                 g_int8.u_p254/u_mac_mul/s2_reg/DSP_OUTPUT_INST/CLK
                            (rising edge-triggered cell DSP_OUTPUT clocked by clk  {rise@0.000ns fall@2.500ns period=5.000ns})
  Destination:            g_int8.u_p254/u_mac_mul/s3_reg[58]/D
                            (rising edge-triggered cell FDRE clocked by clk  {rise@0.000ns fall@2.500ns period=5.000ns})
  Path Group:             clk
  Path Type:              Setup (Max at Slow Process Corner)
  Requirement:            5.000ns  (clk rise@5.000ns - clk rise@0.000ns)
  Data Path Delay:        4.314ns  (logic 1.794ns (41.584%)  route 2.520ns (58.416%))
  Logic Levels:           16  (CARRY8=11 LUT2=1 LUT3=2 LUT4=2)
  Clock Path Skew:        -0.207ns (DCD - SCD + CPR)
    Destination Clock Delay (DCD):    2.539ns = ( 7.539 - 5.000 ) 
    Source Clock Delay      (SCD):    3.198ns
    Clock Pessimism Removal (CPR):    0.452ns
  Clock Uncertainty:      0.035ns  ((TSJ^2 + TIJ^2)^1/2 + DJ) / 2 + PE
    Total System Jitter     (TSJ):    0.071ns
    Total Input Jitter      (TIJ):    0.000ns
    Discrete Jitter          (DJ):    0.000ns
    Phase Error              (PE):    0.000ns
  Clock Net Delay (Source):      2.316ns (routing 1.289ns, distribution 1.027ns)
  Clock Net Delay (Destination): 1.950ns (routing 1.173ns, distribution 0.777ns)

    Location             Delay type                Incr(ns)  Path(ns)    Netlist Resource(s)
  -------------------------------------------------------------------    -------------------
                         (clock clk rise edge)        0.000     0.000 r  
    T8                                                0.000     0.000 r  clk (IN)
                         net (fo=0)                   0.000     0.000    clk_IBUF_inst/I
    T8                   INBUF (Prop_INBUF_HPIOB_M_PAD_O)
                                                      0.522     0.522 r  clk_IBUF_inst/INBUF_INST/O
                         net (fo=1, routed)           0.000     0.522    clk_IBUF_inst/OUT
    T8                   IBUFCTRL (Prop_IBUFCTRL_HPIOB_M_I_O)
                                                      0.000     0.522 r  clk_IBUF_inst/IBUFCTRL_INST/O
                         net (fo=1, routed)           0.332     0.854    clk_IBUF
    BUFGCE_X0Y77         BUFGCE (Prop_BUFCE_BUFGCE_I_O)
                                                      0.028     0.882 r  clk_IBUF_BUFG_inst/O
    X2Y1 (CLOCK_ROOT)    net (fo=1013, routed)        2.316     3.198    g_int8.u_p254/u_mac_mul/s2_reg/CLK
    DSP48E2_X16Y44       DSP_OUTPUT                                   r  g_int8.u_p254/u_mac_mul/s2_reg/DSP_OUTPUT_INST/CLK
  -------------------------------------------------------------------    -------------------
    DSP48E2_X16Y44       DSP_OUTPUT (Prop_DSP_OUTPUT_DSP48E2_CLK_P[23])
                                                      0.214     3.412 r  g_int8.u_p254/u_mac_mul/s2_reg/DSP_OUTPUT_INST/P[23]
                         net (fo=14, routed)          0.782     4.194    g_int8.u_p254/u_mac_mul/s2_reg__0[23]
    SLICE_X78Y104        LUT2 (Prop_A6LUT_SLICEL_I0_O)
                                                      0.149     4.343 r  g_int8.u_p254/u_mac_mul/s3[7]_i_35__0/O
                         net (fo=1, routed)           0.009     4.352    g_int8.u_p254/u_mac_mul/s3[7]_i_35__0_n_0
    SLICE_X78Y104        CARRY8 (Prop_CARRY8_SLICEL_S[0]_CO[7])
                                                      0.190     4.542 r  g_int8.u_p254/u_mac_mul/s3_reg[7]_i_12__0/CO[7]
                         net (fo=1, routed)           0.026     4.568    g_int8.u_p254/u_mac_mul/s3_reg[7]_i_12__0_n_0
    SLICE_X78Y105        CARRY8 (Prop_CARRY8_SLICEL_CI_O[0])
                                                      0.056     4.624 r  g_int8.u_p254/u_mac_mul/s3_reg[59]_i_28__0/O[0]
                         net (fo=2, routed)           0.218     4.842    g_int8.u_p254/u_mac_mul/s3_reg[59]_i_28__0_n_15
    SLICE_X79Y104        LUT3 (Prop_F5LUT_SLICEM_I1_O)
                                                      0.105     4.947 r  g_int8.u_p254/u_mac_mul/s3[23]_i_51__2/O
                         net (fo=2, routed)           0.232     5.179    g_int8.u_p254/u_mac_mul/s3[23]_i_51__2_n_0
    SLICE_X79Y104        LUT4 (Prop_G6LUT_SLICEM_I3_O)
                                                      0.150     5.329 r  g_int8.u_p254/u_mac_mul/s3[23]_i_57__0/O
                         net (fo=1, routed)           0.016     5.345    g_int8.u_p254/u_mac_mul/s3[23]_i_57__0_n_0
    SLICE_X79Y104        CARRY8 (Prop_CARRY8_SLICEM_S[6]_CO[7])
                                                      0.117     5.462 r  g_int8.u_p254/u_mac_mul/s3_reg[23]_i_39__0/CO[7]
                         net (fo=1, routed)           0.026     5.488    g_int8.u_p254/u_mac_mul/s3_reg[23]_i_39__0_n_0
    SLICE_X79Y105        CARRY8 (Prop_CARRY8_SLICEM_CI_O[0])
                                                      0.056     5.544 r  g_int8.u_p254/u_mac_mul/s3_reg[31]_i_19__2/O[0]
                         net (fo=2, routed)           0.423     5.967    g_int8.u_p254/u_mac_mul/s3_reg[31]_i_19__2_n_15
    SLICE_X80Y107        LUT3 (Prop_E5LUT_SLICEL_I0_O)
                                                      0.070     6.037 r  g_int8.u_p254/u_mac_mul/s3[23]_i_8__2/O
                         net (fo=2, routed)           0.181     6.218    g_int8.u_p254/u_mac_mul/s3[23]_i_8__2_n_0
    SLICE_X80Y107        LUT4 (Prop_F6LUT_SLICEL_I3_O)
                                                      0.148     6.366 r  g_int8.u_p254/u_mac_mul/s3[23]_i_16__2/O
                         net (fo=1, routed)           0.011     6.377    g_int8.u_p254/u_mac_mul/s3[23]_i_16__2_n_0
    SLICE_X80Y107        CARRY8 (Prop_CARRY8_SLICEL_S[5]_CO[7])
                                                      0.155     6.532 r  g_int8.u_p254/u_mac_mul/s3_reg[23]_i_2__2/CO[7]
                         net (fo=1, routed)           0.026     6.558    g_int8.u_p254/u_mac_mul/s3_reg[23]_i_2__2_n_0
    SLICE_X80Y108        CARRY8 (Prop_CARRY8_SLICEL_CI_CO[7])
                                                      0.015     6.573 r  g_int8.u_p254/u_mac_mul/s3_reg[31]_i_2__2/CO[7]
                         net (fo=1, routed)           0.026     6.599    g_int8.u_p254/u_mac_mul/s3_reg[31]_i_2__2_n_0
    SLICE_X80Y109        CARRY8 (Prop_CARRY8_SLICEL_CI_CO[7])
                                                      0.015     6.614 r  g_int8.u_p254/u_mac_mul/s3_reg[39]_i_2__2/CO[7]
                         net (fo=1, routed)           0.026     6.640    g_int8.u_p254/u_mac_mul/s3_reg[39]_i_2__2_n_0
    SLICE_X80Y110        CARRY8 (Prop_CARRY8_SLICEL_CI_O[5])
                                                      0.116     6.756 r  g_int8.u_p254/u_mac_mul/s3_reg[47]_i_2__2/O[5]
                         net (fo=1, routed)           0.440     7.196    g_int8.u_p254/u_mac_mul/fold_once0_return03_in[44]
    SLICE_X79Y115        CARRY8 (Prop_CARRY8_SLICEM_S[4]_CO[7])
                                                      0.156     7.352 r  g_int8.u_p254/u_mac_mul/s3_reg[47]_i_1__2/CO[7]
                         net (fo=1, routed)           0.026     7.378    g_int8.u_p254/u_mac_mul/s3_reg[47]_i_1__2_n_0
    SLICE_X79Y116        CARRY8 (Prop_CARRY8_SLICEM_CI_CO[7])
                                                      0.015     7.393 r  g_int8.u_p254/u_mac_mul/s3_reg[55]_i_1__2/CO[7]
                         net (fo=1, routed)           0.026     7.419    g_int8.u_p254/u_mac_mul/s3_reg[55]_i_1__2_n_0
    SLICE_X79Y117        CARRY8 (Prop_CARRY8_SLICEM_CI_O[2])
                                                      0.067     7.486 r  g_int8.u_p254/u_mac_mul/s3_reg[59]_i_1__0/O[2]
                         net (fo=1, routed)           0.026     7.512    g_int8.u_p254/u_mac_mul/fold_once0_return5_out[58]
    SLICE_X79Y117        FDRE                                         r  g_int8.u_p254/u_mac_mul/s3_reg[58]/D
  -------------------------------------------------------------------    -------------------

                         (clock clk rise edge)        5.000     5.000 r  
    T8                                                0.000     5.000 r  clk (IN)
                         net (fo=0)                   0.000     5.000    clk_IBUF_inst/I
    T8                   INBUF (Prop_INBUF_HPIOB_M_PAD_O)
                                                      0.272     5.272 r  clk_IBUF_inst/INBUF_INST/O
                         net (fo=1, routed)           0.000     5.272    clk_IBUF_inst/OUT
    T8                   IBUFCTRL (Prop_IBUFCTRL_HPIOB_M_I_O)
                                                      0.000     5.272 r  clk_IBUF_inst/IBUFCTRL_INST/O
                         net (fo=1, routed)           0.293     5.565    clk_IBUF
    BUFGCE_X0Y77         BUFGCE (Prop_BUFCE_BUFGCE_I_O)
                                                      0.024     5.589 r  clk_IBUF_BUFG_inst/O
    X2Y1 (CLOCK_ROOT)    net (fo=1013, routed)        1.950     7.539    g_int8.u_p254/u_mac_mul/clk_IBUF_BUFG
    SLICE_X79Y117        FDRE                                         r  g_int8.u_p254/u_mac_mul/s3_reg[58]/C
                         clock pessimism              0.452     7.991    
                         clock uncertainty           -0.035     7.955    
    SLICE_X79Y117        FDRE (Setup_CFF_SLICEM_C_D)
                                                      0.025     7.980    g_int8.u_p254/u_mac_mul/s3_reg[58]
  -------------------------------------------------------------------
                         required time                          7.980    
                         arrival time                          -7.512    
  -------------------------------------------------------------------
                         slack                                  0.468    

Slack (MET) :             0.473ns  (required time - arrival time)
  Source:                 g_int8.u_p254/u_engine/u_mul/s4_reg[19]/C
                            (rising edge-triggered cell FDRE clocked by clk  {rise@0.000ns fall@2.500ns period=5.000ns})
  Destination:            g_int8.u_p254/u_engine/u_mul/p_out_reg[16]/D
                            (rising edge-triggered cell FDRE clocked by clk  {rise@0.000ns fall@2.500ns period=5.000ns})
  Path Group:             clk
  Path Type:              Setup (Max at Slow Process Corner)
  Requirement:            5.000ns  (clk rise@5.000ns - clk rise@0.000ns)
  Data Path Delay:        4.429ns  (logic 1.869ns (42.196%)  route 2.560ns (57.804%))
  Logic Levels:           18  (CARRY8=9 LUT2=1 LUT3=3 LUT4=2 LUT5=2 LUT6=1)
  Clock Path Skew:        -0.088ns (DCD - SCD + CPR)
    Destination Clock Delay (DCD):    2.472ns = ( 7.472 - 5.000 ) 
    Source Clock Delay      (SCD):    3.004ns
    Clock Pessimism Removal (CPR):    0.444ns
  Clock Uncertainty:      0.035ns  ((TSJ^2 + TIJ^2)^1/2 + DJ) / 2 + PE
    Total System Jitter     (TSJ):    0.071ns
    Total Input Jitter      (TIJ):    0.000ns
    Discrete Jitter          (DJ):    0.000ns
    Phase Error              (PE):    0.000ns
  Clock Net Delay (Source):      2.122ns (routing 1.289ns, distribution 0.833ns)
  Clock Net Delay (Destination): 1.883ns (routing 1.173ns, distribution 0.710ns)

    Location             Delay type                Incr(ns)  Path(ns)    Netlist Resource(s)
  -------------------------------------------------------------------    -------------------
                         (clock clk rise edge)        0.000     0.000 r  
    T8                                                0.000     0.000 r  clk (IN)
                         net (fo=0)                   0.000     0.000    clk_IBUF_inst/I
    T8                   INBUF (Prop_INBUF_HPIOB_M_PAD_O)
                                                      0.522     0.522 r  clk_IBUF_inst/INBUF_INST/O
                         net (fo=1, routed)           0.000     0.522    clk_IBUF_inst/OUT
    T8                   IBUFCTRL (Prop_IBUFCTRL_HPIOB_M_I_O)
                                                      0.000     0.522 r  clk_IBUF_inst/IBUFCTRL_INST/O
                         net (fo=1, routed)           0.332     0.854    clk_IBUF
    BUFGCE_X0Y77         BUFGCE (Prop_BUFCE_BUFGCE_I_O)
                                                      0.028     0.882 r  clk_IBUF_BUFG_inst/O
    X2Y1 (CLOCK_ROOT)    net (fo=1013, routed)        2.122     3.004    g_int8.u_p254/u_engine/u_mul/clk_IBUF_BUFG
    SLICE_X70Y107        FDRE                                         r  g_int8.u_p254/u_engine/u_mul/s4_reg[19]/C
  -------------------------------------------------------------------    -------------------
    SLICE_X70Y107        FDRE (Prop_DFF_SLICEM_C_Q)
                                                      0.078     3.082 r  g_int8.u_p254/u_engine/u_mul/s4_reg[19]/Q
                         net (fo=14, routed)          0.220     3.302    g_int8.u_p254/u_engine/u_mul/s4[19]
    SLICE_X69Y108        LUT2 (Prop_E6LUT_SLICEL_I0_O)
                                                      0.123     3.425 r  g_int8.u_p254/u_engine/u_mul/p_out[7]_i_25/O
                         net (fo=1, routed)           0.007     3.432    g_int8.u_p254/u_engine/u_mul/p_out[7]_i_25_n_0
    SLICE_X69Y108        CARRY8 (Prop_CARRY8_SLICEL_S[4]_CO[7])
                                                      0.153     3.585 r  g_int8.u_p254/u_engine/u_mul/p_out_reg[7]_i_12/CO[7]
                         net (fo=1, routed)           0.026     3.611    g_int8.u_p254/u_engine/u_mul/p_out_reg[7]_i_12_n_0
    SLICE_X69Y109        CARRY8 (Prop_CARRY8_SLICEL_CI_CO[7])
                                                      0.015     3.626 r  g_int8.u_p254/u_engine/u_mul/p_out_reg[7]_i_13/CO[7]
                         net (fo=1, routed)           0.026     3.652    g_int8.u_p254/u_engine/u_mul/p_out_reg[7]_i_13_n_0
    SLICE_X69Y110        CARRY8 (Prop_CARRY8_SLICEL_CI_O[7])
                                                      0.116     3.768 r  g_int8.u_p254/u_engine/u_mul/p_out_reg[17]_i_271/O[7]
                         net (fo=2, routed)           0.287     4.055    g_int8.u_p254/u_engine/u_mul/p_out_reg[17]_i_271_n_8
    SLICE_X70Y115        LUT3 (Prop_E5LUT_SLICEM_I2_O)
                                                      0.139     4.194 r  g_int8.u_p254/u_engine/u_mul/p_out[17]_i_165/O
                         net (fo=2, routed)           0.194     4.388    g_int8.u_p254/u_engine/u_mul/p_out[17]_i_165_n_0
    SLICE_X70Y115        LUT4 (Prop_F6LUT_SLICEM_I3_O)
                                                      0.148     4.536 r  g_int8.u_p254/u_engine/u_mul/p_out[17]_i_173/O
                         net (fo=1, routed)           0.022     4.558    g_int8.u_p254/u_engine/u_mul/p_out[17]_i_173_n_0
    SLICE_X70Y115        CARRY8 (Prop_CARRY8_SLICEM_S[5]_CO[7])
                                                      0.159     4.717 r  g_int8.u_p254/u_engine/u_mul/p_out_reg[17]_i_71/CO[7]
                         net (fo=1, routed)           0.026     4.743    g_int8.u_p254/u_engine/u_mul/p_out_reg[17]_i_71_n_0
    SLICE_X70Y116        CARRY8 (Prop_CARRY8_SLICEM_CI_O[0])
                                                      0.056     4.799 r  g_int8.u_p254/u_engine/u_mul/p_out_reg[17]_i_69/O[0]
                         net (fo=3, routed)           0.383     5.182    g_int8.u_p254/u_engine/u_mul/p_out_reg[17]_i_69_n_15
    SLICE_X74Y115        LUT3 (Prop_H6LUT_SLICEM_I1_O)
                                                      0.101     5.283 r  g_int8.u_p254/u_engine/u_mul/p_out[17]_i_23/O
                         net (fo=1, routed)           0.249     5.532    g_int8.u_p254/u_engine/u_mul/p_out[17]_i_23_n_0
    SLICE_X72Y115        CARRY8 (Prop_CARRY8_SLICEL_DI[5]_CO[7])
                                                      0.083     5.615 r  g_int8.u_p254/u_engine/u_mul/p_out_reg[17]_i_9/CO[7]
                         net (fo=1, routed)           0.026     5.641    g_int8.u_p254/u_engine/u_mul/p_out_reg[17]_i_9_n_0
    SLICE_X72Y116        CARRY8 (Prop_CARRY8_SLICEL_CI_O[1])
                                                      0.076     5.717 r  g_int8.u_p254/u_engine/u_mul/p_out_reg[17]_i_54/O[1]
                         net (fo=1, routed)           0.344     6.061    g_int8.u_p254/u_engine/u_mul/fold_once0_return0[32]
    SLICE_X73Y116        CARRY8 (Prop_CARRY8_SLICEM_S[0]_CO[7])
                                                      0.192     6.253 r  g_int8.u_p254/u_engine/u_mul/p_out_reg[17]_i_109/CO[7]
                         net (fo=1, routed)           0.026     6.279    g_int8.u_p254/u_engine/u_mul/p_out_reg[17]_i_109_n_0
    SLICE_X73Y117        CARRY8 (Prop_CARRY8_SLICEM_CI_O[6])
                                                      0.103     6.382 r  g_int8.u_p254/u_engine/u_mul/p_out_reg[17]_i_56/O[6]
                         net (fo=1, routed)           0.172     6.554    g_int8.u_p254/u_engine/u_mul/p_out_reg[17]_i_56_n_9
    SLICE_X73Y120        LUT4 (Prop_B6LUT_SLICEM_I2_O)
                                                      0.089     6.643 r  g_int8.u_p254/u_engine/u_mul/p_out[17]_i_58/O
                         net (fo=1, routed)           0.093     6.736    g_int8.u_p254/u_engine/u_mul/p_out[17]_i_58_n_0
    SLICE_X73Y120        LUT5 (Prop_C6LUT_SLICEM_I4_O)
                                                      0.051     6.787 r  g_int8.u_p254/u_engine/u_mul/p_out[17]_i_17/O
                         net (fo=1, routed)           0.040     6.827    g_int8.u_p254/u_engine/u_mul/p_out[17]_i_17_n_0
    SLICE_X73Y120        LUT6 (Prop_D6LUT_SLICEM_I0_O)
                                                      0.037     6.864 r  g_int8.u_p254/u_engine/u_mul/p_out[17]_i_6/O
                         net (fo=1, routed)           0.222     7.086    g_int8.u_p254/u_engine/u_mul/p_out[17]_i_6_n_0
    SLICE_X74Y114        LUT5 (Prop_G6LUT_SLICEM_I1_O)
                                                      0.100     7.186 r  g_int8.u_p254/u_engine/u_mul/p_out[17]_i_3/O
                         net (fo=18, routed)          0.148     7.334    g_int8.u_p254/u_engine/u_mul/normalize01
    SLICE_X75Y113        LUT3 (Prop_D6LUT_SLICEL_I1_O)
                                                      0.050     7.384 r  g_int8.u_p254/u_engine/u_mul/p_out[16]_i_1__1/O
                         net (fo=1, routed)           0.049     7.433    g_int8.u_p254/u_engine/u_mul/normalize0_return[16]
    SLICE_X75Y113        FDRE                                         r  g_int8.u_p254/u_engine/u_mul/p_out_reg[16]/D
  -------------------------------------------------------------------    -------------------

                         (clock clk rise edge)        5.000     5.000 r  
    T8                                                0.000     5.000 r  clk (IN)
                         net (fo=0)                   0.000     5.000    clk_IBUF_inst/I
    T8                   INBUF (Prop_INBUF_HPIOB_M_PAD_O)
                                                      0.272     5.272 r  clk_IBUF_inst/INBUF_INST/O
                         net (fo=1, routed)           0.000     5.272    clk_IBUF_inst/OUT
    T8                   IBUFCTRL (Prop_IBUFCTRL_HPIOB_M_I_O)
                                                      0.000     5.272 r  clk_IBUF_inst/IBUFCTRL_INST/O
                         net (fo=1, routed)           0.293     5.565    clk_IBUF
    BUFGCE_X0Y77         BUFGCE (Prop_BUFCE_BUFGCE_I_O)
                                                      0.024     5.589 r  clk_IBUF_BUFG_inst/O
    X2Y1 (CLOCK_ROOT)    net (fo=1013, routed)        1.883     7.472    g_int8.u_p254/u_engine/u_mul/clk_IBUF_BUFG
    SLICE_X75Y113        FDRE                                         r  g_int8.u_p254/u_engine/u_mul/p_out_reg[16]/C
                         clock pessimism              0.444     7.916    
                         clock uncertainty           -0.035     7.881    
    SLICE_X75Y113        FDRE (Setup_DFF_SLICEL_C_D)
                                                      0.025     7.906    g_int8.u_p254/u_engine/u_mul/p_out_reg[16]
  -------------------------------------------------------------------
                         required time                          7.906    
                         arrival time                          -7.433    
  -------------------------------------------------------------------
                         slack                                  0.473    

Slack (MET) :             0.473ns  (required time - arrival time)
  Source:                 g_int8.u_p254/u_engine/u_mul/s4_reg[19]/C
                            (rising edge-triggered cell FDRE clocked by clk  {rise@0.000ns fall@2.500ns period=5.000ns})
  Destination:            g_int8.u_p254/u_engine/u_mul/p_out_reg[1]/D
                            (rising edge-triggered cell FDRE clocked by clk  {rise@0.000ns fall@2.500ns period=5.000ns})
  Path Group:             clk
  Path Type:              Setup (Max at Slow Process Corner)
  Requirement:            5.000ns  (clk rise@5.000ns - clk rise@0.000ns)
  Data Path Delay:        4.436ns  (logic 1.885ns (42.490%)  route 2.551ns (57.510%))
  Logic Levels:           18  (CARRY8=9 LUT2=1 LUT3=3 LUT4=2 LUT5=2 LUT6=1)
  Clock Path Skew:        -0.080ns (DCD - SCD + CPR)
    Destination Clock Delay (DCD):    2.479ns = ( 7.479 - 5.000 ) 
    Source Clock Delay      (SCD):    3.004ns
    Clock Pessimism Removal (CPR):    0.444ns
  Clock Uncertainty:      0.035ns  ((TSJ^2 + TIJ^2)^1/2 + DJ) / 2 + PE
    Total System Jitter     (TSJ):    0.071ns
    Total Input Jitter      (TIJ):    0.000ns
    Discrete Jitter          (DJ):    0.000ns
    Phase Error              (PE):    0.000ns
  Clock Net Delay (Source):      2.122ns (routing 1.289ns, distribution 0.833ns)
  Clock Net Delay (Destination): 1.891ns (routing 1.173ns, distribution 0.718ns)

    Location             Delay type                Incr(ns)  Path(ns)    Netlist Resource(s)
  -------------------------------------------------------------------    -------------------
                         (clock clk rise edge)        0.000     0.000 r  
    T8                                                0.000     0.000 r  clk (IN)
                         net (fo=0)                   0.000     0.000    clk_IBUF_inst/I
    T8                   INBUF (Prop_INBUF_HPIOB_M_PAD_O)
                                                      0.522     0.522 r  clk_IBUF_inst/INBUF_INST/O
                         net (fo=1, routed)           0.000     0.522    clk_IBUF_inst/OUT
    T8                   IBUFCTRL (Prop_IBUFCTRL_HPIOB_M_I_O)
                                                      0.000     0.522 r  clk_IBUF_inst/IBUFCTRL_INST/O
                         net (fo=1, routed)           0.332     0.854    clk_IBUF
    BUFGCE_X0Y77         BUFGCE (Prop_BUFCE_BUFGCE_I_O)
                                                      0.028     0.882 r  clk_IBUF_BUFG_inst/O
    X2Y1 (CLOCK_ROOT)    net (fo=1013, routed)        2.122     3.004    g_int8.u_p254/u_engine/u_mul/clk_IBUF_BUFG
    SLICE_X70Y107        FDRE                                         r  g_int8.u_p254/u_engine/u_mul/s4_reg[19]/C
  -------------------------------------------------------------------    -------------------
    SLICE_X70Y107        FDRE (Prop_DFF_SLICEM_C_Q)
                                                      0.078     3.082 r  g_int8.u_p254/u_engine/u_mul/s4_reg[19]/Q
                         net (fo=14, routed)          0.220     3.302    g_int8.u_p254/u_engine/u_mul/s4[19]
    SLICE_X69Y108        LUT2 (Prop_E6LUT_SLICEL_I0_O)
                                                      0.123     3.425 r  g_int8.u_p254/u_engine/u_mul/p_out[7]_i_25/O
                         net (fo=1, routed)           0.007     3.432    g_int8.u_p254/u_engine/u_mul/p_out[7]_i_25_n_0
    SLICE_X69Y108        CARRY8 (Prop_CARRY8_SLICEL_S[4]_CO[7])
                                                      0.153     3.585 r  g_int8.u_p254/u_engine/u_mul/p_out_reg[7]_i_12/CO[7]
                         net (fo=1, routed)           0.026     3.611    g_int8.u_p254/u_engine/u_mul/p_out_reg[7]_i_12_n_0
    SLICE_X69Y109        CARRY8 (Prop_CARRY8_SLICEL_CI_CO[7])
                                                      0.015     3.626 r  g_int8.u_p254/u_engine/u_mul/p_out_reg[7]_i_13/CO[7]
                         net (fo=1, routed)           0.026     3.652    g_int8.u_p254/u_engine/u_mul/p_out_reg[7]_i_13_n_0
    SLICE_X69Y110        CARRY8 (Prop_CARRY8_SLICEL_CI_O[7])
                                                      0.116     3.768 r  g_int8.u_p254/u_engine/u_mul/p_out_reg[17]_i_271/O[7]
                         net (fo=2, routed)           0.287     4.055    g_int8.u_p254/u_engine/u_mul/p_out_reg[17]_i_271_n_8
    SLICE_X70Y115        LUT3 (Prop_E5LUT_SLICEM_I2_O)
                                                      0.139     4.194 r  g_int8.u_p254/u_engine/u_mul/p_out[17]_i_165/O
                         net (fo=2, routed)           0.194     4.388    g_int8.u_p254/u_engine/u_mul/p_out[17]_i_165_n_0
    SLICE_X70Y115        LUT4 (Prop_F6LUT_SLICEM_I3_O)
                                                      0.148     4.536 r  g_int8.u_p254/u_engine/u_mul/p_out[17]_i_173/O
                         net (fo=1, routed)           0.022     4.558    g_int8.u_p254/u_engine/u_mul/p_out[17]_i_173_n_0
    SLICE_X70Y115        CARRY8 (Prop_CARRY8_SLICEM_S[5]_CO[7])
                                                      0.159     4.717 r  g_int8.u_p254/u_engine/u_mul/p_out_reg[17]_i_71/CO[7]
                         net (fo=1, routed)           0.026     4.743    g_int8.u_p254/u_engine/u_mul/p_out_reg[17]_i_71_n_0
    SLICE_X70Y116        CARRY8 (Prop_CARRY8_SLICEM_CI_O[0])
                                                      0.056     4.799 r  g_int8.u_p254/u_engine/u_mul/p_out_reg[17]_i_69/O[0]
                         net (fo=3, routed)           0.383     5.182    g_int8.u_p254/u_engine/u_mul/p_out_reg[17]_i_69_n_15
    SLICE_X74Y115        LUT3 (Prop_H6LUT_SLICEM_I1_O)
                                                      0.101     5.283 r  g_int8.u_p254/u_engine/u_mul/p_out[17]_i_23/O
                         net (fo=1, routed)           0.249     5.532    g_int8.u_p254/u_engine/u_mul/p_out[17]_i_23_n_0
    SLICE_X72Y115        CARRY8 (Prop_CARRY8_SLICEL_DI[5]_CO[7])
                                                      0.083     5.615 r  g_int8.u_p254/u_engine/u_mul/p_out_reg[17]_i_9/CO[7]
                         net (fo=1, routed)           0.026     5.641    g_int8.u_p254/u_engine/u_mul/p_out_reg[17]_i_9_n_0
    SLICE_X72Y116        CARRY8 (Prop_CARRY8_SLICEL_CI_O[1])
                                                      0.076     5.717 r  g_int8.u_p254/u_engine/u_mul/p_out_reg[17]_i_54/O[1]
                         net (fo=1, routed)           0.344     6.061    g_int8.u_p254/u_engine/u_mul/fold_once0_return0[32]
    SLICE_X73Y116        CARRY8 (Prop_CARRY8_SLICEM_S[0]_CO[7])
                                                      0.192     6.253 r  g_int8.u_p254/u_engine/u_mul/p_out_reg[17]_i_109/CO[7]
                         net (fo=1, routed)           0.026     6.279    g_int8.u_p254/u_engine/u_mul/p_out_reg[17]_i_109_n_0
    SLICE_X73Y117        CARRY8 (Prop_CARRY8_SLICEM_CI_O[6])
                                                      0.103     6.382 r  g_int8.u_p254/u_engine/u_mul/p_out_reg[17]_i_56/O[6]
                         net (fo=1, routed)           0.172     6.554    g_int8.u_p254/u_engine/u_mul/p_out_reg[17]_i_56_n_9
    SLICE_X73Y120        LUT4 (Prop_B6LUT_SLICEM_I2_O)
                                                      0.089     6.643 r  g_int8.u_p254/u_engine/u_mul/p_out[17]_i_58/O
                         net (fo=1, routed)           0.093     6.736    g_int8.u_p254/u_engine/u_mul/p_out[17]_i_58_n_0
    SLICE_X73Y120        LUT5 (Prop_C6LUT_SLICEM_I4_O)
                                                      0.051     6.787 r  g_int8.u_p254/u_engine/u_mul/p_out[17]_i_17/O
                         net (fo=1, routed)           0.040     6.827    g_int8.u_p254/u_engine/u_mul/p_out[17]_i_17_n_0
    SLICE_X73Y120        LUT6 (Prop_D6LUT_SLICEM_I0_O)
                                                      0.037     6.864 r  g_int8.u_p254/u_engine/u_mul/p_out[17]_i_6/O
                         net (fo=1, routed)           0.222     7.086    g_int8.u_p254/u_engine/u_mul/p_out[17]_i_6_n_0
    SLICE_X74Y114        LUT5 (Prop_G6LUT_SLICEM_I1_O)
                                                      0.100     7.186 r  g_int8.u_p254/u_engine/u_mul/p_out[17]_i_3/O
                         net (fo=18, routed)          0.158     7.344    g_int8.u_p254/u_engine/u_mul/normalize01
    SLICE_X74Y110        LUT3 (Prop_D5LUT_SLICEM_I1_O)
                                                      0.066     7.410 r  g_int8.u_p254/u_engine/u_mul/p_out[1]_i_1__1/O
                         net (fo=1, routed)           0.030     7.440    g_int8.u_p254/u_engine/u_mul/normalize0_return[1]
    SLICE_X74Y110        FDRE                                         r  g_int8.u_p254/u_engine/u_mul/p_out_reg[1]/D
  -------------------------------------------------------------------    -------------------

                         (clock clk rise edge)        5.000     5.000 r  
    T8                                                0.000     5.000 r  clk (IN)
                         net (fo=0)                   0.000     5.000    clk_IBUF_inst/I
    T8                   INBUF (Prop_INBUF_HPIOB_M_PAD_O)
                                                      0.272     5.272 r  clk_IBUF_inst/INBUF_INST/O
                         net (fo=1, routed)           0.000     5.272    clk_IBUF_inst/OUT
    T8                   IBUFCTRL (Prop_IBUFCTRL_HPIOB_M_I_O)
                                                      0.000     5.272 r  clk_IBUF_inst/IBUFCTRL_INST/O
                         net (fo=1, routed)           0.293     5.565    clk_IBUF
    BUFGCE_X0Y77         BUFGCE (Prop_BUFCE_BUFGCE_I_O)
                                                      0.024     5.589 r  clk_IBUF_BUFG_inst/O
    X2Y1 (CLOCK_ROOT)    net (fo=1013, routed)        1.891     7.479    g_int8.u_p254/u_engine/u_mul/clk_IBUF_BUFG
    SLICE_X74Y110        FDRE                                         r  g_int8.u_p254/u_engine/u_mul/p_out_reg[1]/C
                         clock pessimism              0.444     7.924    
                         clock uncertainty           -0.035     7.888    
    SLICE_X74Y110        FDRE (Setup_DFF2_SLICEM_C_D)
                                                      0.025     7.913    g_int8.u_p254/u_engine/u_mul/p_out_reg[1]
  -------------------------------------------------------------------
                         required time                          7.913    
                         arrival time                          -7.440    
  -------------------------------------------------------------------
                         slack                                  0.473    

Slack (MET) :             0.476ns  (required time - arrival time)
  Source:                 g_int8.u_p520/u_engine/u_ping/mem_reg_bram_0/CLKBWRCLK
                            (rising edge-triggered cell RAMB36E2 clocked by clk  {rise@0.000ns fall@2.500ns period=5.000ns})
  Destination:            g_int8.u_p520/u_engine/u_mul/s3[23]_i_60_psdsp_7/D
                            (rising edge-triggered cell FDRE clocked by clk  {rise@0.000ns fall@2.500ns period=5.000ns})
  Path Group:             clk
  Path Type:              Setup (Max at Slow Process Corner)
  Requirement:            5.000ns  (clk rise@5.000ns - clk rise@0.000ns)
  Data Path Delay:        4.303ns  (logic 2.960ns (68.789%)  route 1.343ns (31.211%))
  Logic Levels:           11  (CARRY8=2 DSP_A_B_DATA=1 DSP_ALU=1 DSP_M_DATA=1 DSP_MULTIPLIER=1 DSP_OUTPUT=1 DSP_PREADD_DATA=1 LUT2=1 LUT4=1 LUT6=1)
  Clock Path Skew:        -0.211ns (DCD - SCD + CPR)
    Destination Clock Delay (DCD):    2.661ns = ( 7.661 - 5.000 ) 
    Source Clock Delay      (SCD):    3.331ns
    Clock Pessimism Removal (CPR):    0.459ns
  Clock Uncertainty:      0.035ns  ((TSJ^2 + TIJ^2)^1/2 + DJ) / 2 + PE
    Total System Jitter     (TSJ):    0.071ns
    Total Input Jitter      (TIJ):    0.000ns
    Discrete Jitter          (DJ):    0.000ns
    Phase Error              (PE):    0.000ns
  Clock Net Delay (Source):      2.449ns (routing 1.289ns, distribution 1.160ns)
  Clock Net Delay (Destination): 2.073ns (routing 1.173ns, distribution 0.900ns)

    Location             Delay type                Incr(ns)  Path(ns)    Netlist Resource(s)
  -------------------------------------------------------------------    -------------------
                         (clock clk rise edge)        0.000     0.000 r  
    T8                                                0.000     0.000 r  clk (IN)
                         net (fo=0)                   0.000     0.000    clk_IBUF_inst/I
    T8                   INBUF (Prop_INBUF_HPIOB_M_PAD_O)
                                                      0.522     0.522 r  clk_IBUF_inst/INBUF_INST/O
                         net (fo=1, routed)           0.000     0.522    clk_IBUF_inst/OUT
    T8                   IBUFCTRL (Prop_IBUFCTRL_HPIOB_M_I_O)
                                                      0.000     0.522 r  clk_IBUF_inst/IBUFCTRL_INST/O
                         net (fo=1, routed)           0.332     0.854    clk_IBUF
    BUFGCE_X0Y77         BUFGCE (Prop_BUFCE_BUFGCE_I_O)
                                                      0.028     0.882 r  clk_IBUF_BUFG_inst/O
    X2Y1 (CLOCK_ROOT)    net (fo=1013, routed)        2.449     3.331    g_int8.u_p520/u_engine/u_ping/clk_IBUF_BUFG
    RAMB36_X12Y25        RAMB36E2                                     r  g_int8.u_p520/u_engine/u_ping/mem_reg_bram_0/CLKBWRCLK
  -------------------------------------------------------------------    -------------------
    RAMB36_X12Y25        RAMB36E2 (Prop_RAMB36E2_RAMB36_CLKBWRCLK_DOUTBDOUT[4])
                                                      0.890     4.221 f  g_int8.u_p520/u_engine/u_ping/mem_reg_bram_0/DOUTBDOUT[4]
                         net (fo=6, routed)           0.463     4.684    g_int8.u_p520/u_engine/u_pong/DOUTBDOUT[4]
    SLICE_X94Y132        LUT6 (Prop_B6LUT_SLICEL_I2_O)
                                                      0.098     4.782 f  g_int8.u_p520/u_engine/u_pong/s10_i_50/O
                         net (fo=1, routed)           0.045     4.827    g_int8.u_p520/u_engine/u_ping/s10_4
    SLICE_X94Y132        LUT4 (Prop_G6LUT_SLICEL_I3_O)
                                                      0.097     4.924 f  g_int8.u_p520/u_engine/u_ping/s10_i_13/O
                         net (fo=1, routed)           0.200     5.124    g_int8.u_p520/u_engine/u_mul/s10/B[4]
    DSP48E2_X17Y52       DSP_A_B_DATA (Prop_DSP_A_B_DATA_DSP48E2_B[4]_B2_DATA[4])
                                                      0.151     5.275 r  g_int8.u_p520/u_engine/u_mul/s10/DSP_A_B_DATA_INST/B2_DATA[4]
                         net (fo=1, routed)           0.000     5.275    g_int8.u_p520/u_engine/u_mul/s10/DSP_A_B_DATA.B2_DATA<4>
    DSP48E2_X17Y52       DSP_PREADD_DATA (Prop_DSP_PREADD_DATA_DSP48E2_B2_DATA[4]_B2B1[4])
                                                      0.073     5.348 r  g_int8.u_p520/u_engine/u_mul/s10/DSP_PREADD_DATA_INST/B2B1[4]
                         net (fo=1, routed)           0.000     5.348    g_int8.u_p520/u_engine/u_mul/s10/DSP_PREADD_DATA.B2B1<4>
    DSP48E2_X17Y52       DSP_MULTIPLIER (Prop_DSP_MULTIPLIER_DSP48E2_B2B1[4]_V[20])
                                                      0.609     5.957 f  g_int8.u_p520/u_engine/u_mul/s10/DSP_MULTIPLIER_INST/V[20]
                         net (fo=1, routed)           0.000     5.957    g_int8.u_p520/u_engine/u_mul/s10/DSP_MULTIPLIER.V<20>
    DSP48E2_X17Y52       DSP_M_DATA (Prop_DSP_M_DATA_DSP48E2_V[20]_V_DATA[20])
                                                      0.046     6.003 r  g_int8.u_p520/u_engine/u_mul/s10/DSP_M_DATA_INST/V_DATA[20]
                         net (fo=1, routed)           0.000     6.003    g_int8.u_p520/u_engine/u_mul/s10/DSP_M_DATA.V_DATA<20>
    DSP48E2_X17Y52       DSP_ALU (Prop_DSP_ALU_DSP48E2_V_DATA[20]_ALU_OUT[20])
                                                      0.571     6.574 f  g_int8.u_p520/u_engine/u_mul/s10/DSP_ALU_INST/ALU_OUT[20]
                         net (fo=1, routed)           0.000     6.574    g_int8.u_p520/u_engine/u_mul/s10/DSP_ALU.ALU_OUT<20>
    DSP48E2_X17Y52       DSP_OUTPUT (Prop_DSP_OUTPUT_DSP48E2_ALU_OUT[20]_P[20])
                                                      0.109     6.683 r  g_int8.u_p520/u_engine/u_mul/s10/DSP_OUTPUT_INST/P[20]
                         net (fo=2, routed)           0.234     6.917    g_int8.u_p520/u_engine/u_mul/s10_n_85
    SLICE_X90Y132        LUT2 (Prop_D6LUT_SLICEM_I0_O)
                                                      0.037     6.954 r  g_int8.u_p520/u_engine/u_mul/s2_reg_i_21/O
                         net (fo=1, routed)           0.025     6.979    g_int8.u_p520/u_engine/u_mul/s2_reg_i_21_n_0
    SLICE_X90Y132        CARRY8 (Prop_CARRY8_SLICEM_S[3]_CO[7])
                                                      0.163     7.142 r  g_int8.u_p520/u_engine/u_mul/s2_reg_i_3/CO[7]
                         net (fo=1, routed)           0.026     7.168    g_int8.u_p520/u_engine/u_mul/s2_reg_i_3_n_0
    SLICE_X90Y133        CARRY8 (Prop_CARRY8_SLICEM_CI_O[5])
                                                      0.116     7.284 r  g_int8.u_p520/u_engine/u_mul/s2_reg_i_2/O[5]
                         net (fo=1, routed)           0.350     7.634    g_int8.u_p520/u_engine/u_mul/s100_out[13]
    SLICE_X90Y133        FDRE                                         r  g_int8.u_p520/u_engine/u_mul/s3[23]_i_60_psdsp_7/D
  -------------------------------------------------------------------    -------------------

                         (clock clk rise edge)        5.000     5.000 r  
    T8                                                0.000     5.000 r  clk (IN)
                         net (fo=0)                   0.000     5.000    clk_IBUF_inst/I
    T8                   INBUF (Prop_INBUF_HPIOB_M_PAD_O)
                                                      0.272     5.272 r  clk_IBUF_inst/INBUF_INST/O
                         net (fo=1, routed)           0.000     5.272    clk_IBUF_inst/OUT
    T8                   IBUFCTRL (Prop_IBUFCTRL_HPIOB_M_I_O)
                                                      0.000     5.272 r  clk_IBUF_inst/IBUFCTRL_INST/O
                         net (fo=1, routed)           0.293     5.565    clk_IBUF
    BUFGCE_X0Y77         BUFGCE (Prop_BUFCE_BUFGCE_I_O)
                                                      0.024     5.589 r  clk_IBUF_BUFG_inst/O
    X2Y1 (CLOCK_ROOT)    net (fo=1013, routed)        2.073     7.661    g_int8.u_p520/u_engine/u_mul/clk_IBUF_BUFG
    SLICE_X90Y133        FDRE                                         r  g_int8.u_p520/u_engine/u_mul/s3[23]_i_60_psdsp_7/C
                         clock pessimism              0.459     8.120    
                         clock uncertainty           -0.035     8.085    
    SLICE_X90Y133        FDRE (Setup_EFF2_SLICEM_C_D)
                                                      0.025     8.110    g_int8.u_p520/u_engine/u_mul/s3[23]_i_60_psdsp_7
  -------------------------------------------------------------------
                         required time                          8.110    
                         arrival time                          -7.634    
  -------------------------------------------------------------------
                         slack                                  0.476    

Slack (MET) :             0.476ns  (required time - arrival time)
  Source:                 g_int8.u_p254/u_engine/u_mul/s4_reg[19]/C
                            (rising edge-triggered cell FDRE clocked by clk  {rise@0.000ns fall@2.500ns period=5.000ns})
  Destination:            g_int8.u_p254/u_engine/u_mul/p_out_reg[12]/D
                            (rising edge-triggered cell FDRE clocked by clk  {rise@0.000ns fall@2.500ns period=5.000ns})
  Path Group:             clk
  Path Type:              Setup (Max at Slow Process Corner)
  Requirement:            5.000ns  (clk rise@5.000ns - clk rise@0.000ns)
  Data Path Delay:        4.426ns  (logic 1.869ns (42.231%)  route 2.557ns (57.769%))
  Logic Levels:           18  (CARRY8=9 LUT2=1 LUT3=3 LUT4=2 LUT5=2 LUT6=1)
  Clock Path Skew:        -0.088ns (DCD - SCD + CPR)
    Destination Clock Delay (DCD):    2.472ns = ( 7.472 - 5.000 ) 
    Source Clock Delay      (SCD):    3.004ns
    Clock Pessimism Removal (CPR):    0.444ns
  Clock Uncertainty:      0.035ns  ((TSJ^2 + TIJ^2)^1/2 + DJ) / 2 + PE
    Total System Jitter     (TSJ):    0.071ns
    Total Input Jitter      (TIJ):    0.000ns
    Discrete Jitter          (DJ):    0.000ns
    Phase Error              (PE):    0.000ns
  Clock Net Delay (Source):      2.122ns (routing 1.289ns, distribution 0.833ns)
  Clock Net Delay (Destination): 1.883ns (routing 1.173ns, distribution 0.710ns)

    Location             Delay type                Incr(ns)  Path(ns)    Netlist Resource(s)
  -------------------------------------------------------------------    -------------------
                         (clock clk rise edge)        0.000     0.000 r  
    T8                                                0.000     0.000 r  clk (IN)
                         net (fo=0)                   0.000     0.000    clk_IBUF_inst/I
    T8                   INBUF (Prop_INBUF_HPIOB_M_PAD_O)
                                                      0.522     0.522 r  clk_IBUF_inst/INBUF_INST/O
                         net (fo=1, routed)           0.000     0.522    clk_IBUF_inst/OUT
    T8                   IBUFCTRL (Prop_IBUFCTRL_HPIOB_M_I_O)
                                                      0.000     0.522 r  clk_IBUF_inst/IBUFCTRL_INST/O
                         net (fo=1, routed)           0.332     0.854    clk_IBUF
    BUFGCE_X0Y77         BUFGCE (Prop_BUFCE_BUFGCE_I_O)
                                                      0.028     0.882 r  clk_IBUF_BUFG_inst/O
    X2Y1 (CLOCK_ROOT)    net (fo=1013, routed)        2.122     3.004    g_int8.u_p254/u_engine/u_mul/clk_IBUF_BUFG
    SLICE_X70Y107        FDRE                                         r  g_int8.u_p254/u_engine/u_mul/s4_reg[19]/C
  -------------------------------------------------------------------    -------------------
    SLICE_X70Y107        FDRE (Prop_DFF_SLICEM_C_Q)
                                                      0.078     3.082 r  g_int8.u_p254/u_engine/u_mul/s4_reg[19]/Q
                         net (fo=14, routed)          0.220     3.302    g_int8.u_p254/u_engine/u_mul/s4[19]
    SLICE_X69Y108        LUT2 (Prop_E6LUT_SLICEL_I0_O)
                                                      0.123     3.425 r  g_int8.u_p254/u_engine/u_mul/p_out[7]_i_25/O
                         net (fo=1, routed)           0.007     3.432    g_int8.u_p254/u_engine/u_mul/p_out[7]_i_25_n_0
    SLICE_X69Y108        CARRY8 (Prop_CARRY8_SLICEL_S[4]_CO[7])
                                                      0.153     3.585 r  g_int8.u_p254/u_engine/u_mul/p_out_reg[7]_i_12/CO[7]
                         net (fo=1, routed)           0.026     3.611    g_int8.u_p254/u_engine/u_mul/p_out_reg[7]_i_12_n_0
    SLICE_X69Y109        CARRY8 (Prop_CARRY8_SLICEL_CI_CO[7])
                                                      0.015     3.626 r  g_int8.u_p254/u_engine/u_mul/p_out_reg[7]_i_13/CO[7]
                         net (fo=1, routed)           0.026     3.652    g_int8.u_p254/u_engine/u_mul/p_out_reg[7]_i_13_n_0
    SLICE_X69Y110        CARRY8 (Prop_CARRY8_SLICEL_CI_O[7])
                                                      0.116     3.768 r  g_int8.u_p254/u_engine/u_mul/p_out_reg[17]_i_271/O[7]
                         net (fo=2, routed)           0.287     4.055    g_int8.u_p254/u_engine/u_mul/p_out_reg[17]_i_271_n_8
    SLICE_X70Y115        LUT3 (Prop_E5LUT_SLICEM_I2_O)
                                                      0.139     4.194 r  g_int8.u_p254/u_engine/u_mul/p_out[17]_i_165/O
                         net (fo=2, routed)           0.194     4.388    g_int8.u_p254/u_engine/u_mul/p_out[17]_i_165_n_0
    SLICE_X70Y115        LUT4 (Prop_F6LUT_SLICEM_I3_O)
                                                      0.148     4.536 r  g_int8.u_p254/u_engine/u_mul/p_out[17]_i_173/O
                         net (fo=1, routed)           0.022     4.558    g_int8.u_p254/u_engine/u_mul/p_out[17]_i_173_n_0
    SLICE_X70Y115        CARRY8 (Prop_CARRY8_SLICEM_S[5]_CO[7])
                                                      0.159     4.717 r  g_int8.u_p254/u_engine/u_mul/p_out_reg[17]_i_71/CO[7]
                         net (fo=1, routed)           0.026     4.743    g_int8.u_p254/u_engine/u_mul/p_out_reg[17]_i_71_n_0
    SLICE_X70Y116        CARRY8 (Prop_CARRY8_SLICEM_CI_O[0])
                                                      0.056     4.799 r  g_int8.u_p254/u_engine/u_mul/p_out_reg[17]_i_69/O[0]
                         net (fo=3, routed)           0.383     5.182    g_int8.u_p254/u_engine/u_mul/p_out_reg[17]_i_69_n_15
    SLICE_X74Y115        LUT3 (Prop_H6LUT_SLICEM_I1_O)
                                                      0.101     5.283 r  g_int8.u_p254/u_engine/u_mul/p_out[17]_i_23/O
                         net (fo=1, routed)           0.249     5.532    g_int8.u_p254/u_engine/u_mul/p_out[17]_i_23_n_0
    SLICE_X72Y115        CARRY8 (Prop_CARRY8_SLICEL_DI[5]_CO[7])
                                                      0.083     5.615 r  g_int8.u_p254/u_engine/u_mul/p_out_reg[17]_i_9/CO[7]
                         net (fo=1, routed)           0.026     5.641    g_int8.u_p254/u_engine/u_mul/p_out_reg[17]_i_9_n_0
    SLICE_X72Y116        CARRY8 (Prop_CARRY8_SLICEL_CI_O[1])
                                                      0.076     5.717 r  g_int8.u_p254/u_engine/u_mul/p_out_reg[17]_i_54/O[1]
                         net (fo=1, routed)           0.344     6.061    g_int8.u_p254/u_engine/u_mul/fold_once0_return0[32]
    SLICE_X73Y116        CARRY8 (Prop_CARRY8_SLICEM_S[0]_CO[7])
                                                      0.192     6.253 r  g_int8.u_p254/u_engine/u_mul/p_out_reg[17]_i_109/CO[7]
                         net (fo=1, routed)           0.026     6.279    g_int8.u_p254/u_engine/u_mul/p_out_reg[17]_i_109_n_0
    SLICE_X73Y117        CARRY8 (Prop_CARRY8_SLICEM_CI_O[6])
                                                      0.103     6.382 r  g_int8.u_p254/u_engine/u_mul/p_out_reg[17]_i_56/O[6]
                         net (fo=1, routed)           0.172     6.554    g_int8.u_p254/u_engine/u_mul/p_out_reg[17]_i_56_n_9
    SLICE_X73Y120        LUT4 (Prop_B6LUT_SLICEM_I2_O)
                                                      0.089     6.643 r  g_int8.u_p254/u_engine/u_mul/p_out[17]_i_58/O
                         net (fo=1, routed)           0.093     6.736    g_int8.u_p254/u_engine/u_mul/p_out[17]_i_58_n_0
    SLICE_X73Y120        LUT5 (Prop_C6LUT_SLICEM_I4_O)
                                                      0.051     6.787 r  g_int8.u_p254/u_engine/u_mul/p_out[17]_i_17/O
                         net (fo=1, routed)           0.040     6.827    g_int8.u_p254/u_engine/u_mul/p_out[17]_i_17_n_0
    SLICE_X73Y120        LUT6 (Prop_D6LUT_SLICEM_I0_O)
                                                      0.037     6.864 r  g_int8.u_p254/u_engine/u_mul/p_out[17]_i_6/O
                         net (fo=1, routed)           0.222     7.086    g_int8.u_p254/u_engine/u_mul/p_out[17]_i_6_n_0
    SLICE_X74Y114        LUT5 (Prop_G6LUT_SLICEM_I1_O)
                                                      0.100     7.186 r  g_int8.u_p254/u_engine/u_mul/p_out[17]_i_3/O
                         net (fo=18, routed)          0.145     7.330    g_int8.u_p254/u_engine/u_mul/normalize01
    SLICE_X75Y112        LUT3 (Prop_D6LUT_SLICEL_I1_O)
                                                      0.050     7.380 r  g_int8.u_p254/u_engine/u_mul/p_out[12]_i_1__1/O
                         net (fo=1, routed)           0.049     7.429    g_int8.u_p254/u_engine/u_mul/normalize0_return[12]
    SLICE_X75Y112        FDRE                                         r  g_int8.u_p254/u_engine/u_mul/p_out_reg[12]/D
  -------------------------------------------------------------------    -------------------

                         (clock clk rise edge)        5.000     5.000 r  
    T8                                                0.000     5.000 r  clk (IN)
                         net (fo=0)                   0.000     5.000    clk_IBUF_inst/I
    T8                   INBUF (Prop_INBUF_HPIOB_M_PAD_O)
                                                      0.272     5.272 r  clk_IBUF_inst/INBUF_INST/O
                         net (fo=1, routed)           0.000     5.272    clk_IBUF_inst/OUT
    T8                   IBUFCTRL (Prop_IBUFCTRL_HPIOB_M_I_O)
                                                      0.000     5.272 r  clk_IBUF_inst/IBUFCTRL_INST/O
                         net (fo=1, routed)           0.293     5.565    clk_IBUF
    BUFGCE_X0Y77         BUFGCE (Prop_BUFCE_BUFGCE_I_O)
                                                      0.024     5.589 r  clk_IBUF_BUFG_inst/O
    X2Y1 (CLOCK_ROOT)    net (fo=1013, routed)        1.883     7.472    g_int8.u_p254/u_engine/u_mul/clk_IBUF_BUFG
    SLICE_X75Y112        FDRE                                         r  g_int8.u_p254/u_engine/u_mul/p_out_reg[12]/C
                         clock pessimism              0.444     7.916    
                         clock uncertainty           -0.035     7.881    
    SLICE_X75Y112        FDRE (Setup_DFF_SLICEL_C_D)
                                                      0.025     7.906    g_int8.u_p254/u_engine/u_mul/p_out_reg[12]
  -------------------------------------------------------------------
                         required time                          7.906    
                         arrival time                          -7.429    
  -------------------------------------------------------------------
                         slack                                  0.476    

Slack (MET) :             0.476ns  (required time - arrival time)
  Source:                 g_int8.u_p254/u_mac_mul/s2_reg/DSP_OUTPUT_INST/CLK
                            (rising edge-triggered cell DSP_OUTPUT clocked by clk  {rise@0.000ns fall@2.500ns period=5.000ns})
  Destination:            g_int8.u_p254/u_mac_mul/s3_reg[59]/D
                            (rising edge-triggered cell FDRE clocked by clk  {rise@0.000ns fall@2.500ns period=5.000ns})
  Path Group:             clk
  Path Type:              Setup (Max at Slow Process Corner)
  Requirement:            5.000ns  (clk rise@5.000ns - clk rise@0.000ns)
  Data Path Delay:        4.306ns  (logic 1.787ns (41.499%)  route 2.519ns (58.501%))
  Logic Levels:           16  (CARRY8=11 LUT2=1 LUT3=2 LUT4=2)
  Clock Path Skew:        -0.207ns (DCD - SCD + CPR)
    Destination Clock Delay (DCD):    2.539ns = ( 7.539 - 5.000 ) 
    Source Clock Delay      (SCD):    3.198ns
    Clock Pessimism Removal (CPR):    0.452ns
  Clock Uncertainty:      0.035ns  ((TSJ^2 + TIJ^2)^1/2 + DJ) / 2 + PE
    Total System Jitter     (TSJ):    0.071ns
    Total Input Jitter      (TIJ):    0.000ns
    Discrete Jitter          (DJ):    0.000ns
    Phase Error              (PE):    0.000ns
  Clock Net Delay (Source):      2.316ns (routing 1.289ns, distribution 1.027ns)
  Clock Net Delay (Destination): 1.950ns (routing 1.173ns, distribution 0.777ns)

    Location             Delay type                Incr(ns)  Path(ns)    Netlist Resource(s)
  -------------------------------------------------------------------    -------------------
                         (clock clk rise edge)        0.000     0.000 r  
    T8                                                0.000     0.000 r  clk (IN)
                         net (fo=0)                   0.000     0.000    clk_IBUF_inst/I
    T8                   INBUF (Prop_INBUF_HPIOB_M_PAD_O)
                                                      0.522     0.522 r  clk_IBUF_inst/INBUF_INST/O
                         net (fo=1, routed)           0.000     0.522    clk_IBUF_inst/OUT
    T8                   IBUFCTRL (Prop_IBUFCTRL_HPIOB_M_I_O)
                                                      0.000     0.522 r  clk_IBUF_inst/IBUFCTRL_INST/O
                         net (fo=1, routed)           0.332     0.854    clk_IBUF
    BUFGCE_X0Y77         BUFGCE (Prop_BUFCE_BUFGCE_I_O)
                                                      0.028     0.882 r  clk_IBUF_BUFG_inst/O
    X2Y1 (CLOCK_ROOT)    net (fo=1013, routed)        2.316     3.198    g_int8.u_p254/u_mac_mul/s2_reg/CLK
    DSP48E2_X16Y44       DSP_OUTPUT                                   r  g_int8.u_p254/u_mac_mul/s2_reg/DSP_OUTPUT_INST/CLK
  -------------------------------------------------------------------    -------------------
    DSP48E2_X16Y44       DSP_OUTPUT (Prop_DSP_OUTPUT_DSP48E2_CLK_P[23])
                                                      0.214     3.412 r  g_int8.u_p254/u_mac_mul/s2_reg/DSP_OUTPUT_INST/P[23]
                         net (fo=14, routed)          0.782     4.194    g_int8.u_p254/u_mac_mul/s2_reg__0[23]
    SLICE_X78Y104        LUT2 (Prop_A6LUT_SLICEL_I0_O)
                                                      0.149     4.343 r  g_int8.u_p254/u_mac_mul/s3[7]_i_35__0/O
                         net (fo=1, routed)           0.009     4.352    g_int8.u_p254/u_mac_mul/s3[7]_i_35__0_n_0
    SLICE_X78Y104        CARRY8 (Prop_CARRY8_SLICEL_S[0]_CO[7])
                                                      0.190     4.542 r  g_int8.u_p254/u_mac_mul/s3_reg[7]_i_12__0/CO[7]
                         net (fo=1, routed)           0.026     4.568    g_int8.u_p254/u_mac_mul/s3_reg[7]_i_12__0_n_0
    SLICE_X78Y105        CARRY8 (Prop_CARRY8_SLICEL_CI_O[0])
                                                      0.056     4.624 r  g_int8.u_p254/u_mac_mul/s3_reg[59]_i_28__0/O[0]
                         net (fo=2, routed)           0.218     4.842    g_int8.u_p254/u_mac_mul/s3_reg[59]_i_28__0_n_15
    SLICE_X79Y104        LUT3 (Prop_F5LUT_SLICEM_I1_O)
                                                      0.105     4.947 r  g_int8.u_p254/u_mac_mul/s3[23]_i_51__2/O
                         net (fo=2, routed)           0.232     5.179    g_int8.u_p254/u_mac_mul/s3[23]_i_51__2_n_0
    SLICE_X79Y104        LUT4 (Prop_G6LUT_SLICEM_I3_O)
                                                      0.150     5.329 r  g_int8.u_p254/u_mac_mul/s3[23]_i_57__0/O
                         net (fo=1, routed)           0.016     5.345    g_int8.u_p254/u_mac_mul/s3[23]_i_57__0_n_0
    SLICE_X79Y104        CARRY8 (Prop_CARRY8_SLICEM_S[6]_CO[7])
                                                      0.117     5.462 r  g_int8.u_p254/u_mac_mul/s3_reg[23]_i_39__0/CO[7]
                         net (fo=1, routed)           0.026     5.488    g_int8.u_p254/u_mac_mul/s3_reg[23]_i_39__0_n_0
    SLICE_X79Y105        CARRY8 (Prop_CARRY8_SLICEM_CI_O[0])
                                                      0.056     5.544 r  g_int8.u_p254/u_mac_mul/s3_reg[31]_i_19__2/O[0]
                         net (fo=2, routed)           0.423     5.967    g_int8.u_p254/u_mac_mul/s3_reg[31]_i_19__2_n_15
    SLICE_X80Y107        LUT3 (Prop_E5LUT_SLICEL_I0_O)
                                                      0.070     6.037 r  g_int8.u_p254/u_mac_mul/s3[23]_i_8__2/O
                         net (fo=2, routed)           0.181     6.218    g_int8.u_p254/u_mac_mul/s3[23]_i_8__2_n_0
    SLICE_X80Y107        LUT4 (Prop_F6LUT_SLICEL_I3_O)
                                                      0.148     6.366 r  g_int8.u_p254/u_mac_mul/s3[23]_i_16__2/O
                         net (fo=1, routed)           0.011     6.377    g_int8.u_p254/u_mac_mul/s3[23]_i_16__2_n_0
    SLICE_X80Y107        CARRY8 (Prop_CARRY8_SLICEL_S[5]_CO[7])
                                                      0.155     6.532 r  g_int8.u_p254/u_mac_mul/s3_reg[23]_i_2__2/CO[7]
                         net (fo=1, routed)           0.026     6.558    g_int8.u_p254/u_mac_mul/s3_reg[23]_i_2__2_n_0
    SLICE_X80Y108        CARRY8 (Prop_CARRY8_SLICEL_CI_CO[7])
                                                      0.015     6.573 r  g_int8.u_p254/u_mac_mul/s3_reg[31]_i_2__2/CO[7]
                         net (fo=1, routed)           0.026     6.599    g_int8.u_p254/u_mac_mul/s3_reg[31]_i_2__2_n_0
    SLICE_X80Y109        CARRY8 (Prop_CARRY8_SLICEL_CI_CO[7])
                                                      0.015     6.614 r  g_int8.u_p254/u_mac_mul/s3_reg[39]_i_2__2/CO[7]
                         net (fo=1, routed)           0.026     6.640    g_int8.u_p254/u_mac_mul/s3_reg[39]_i_2__2_n_0
    SLICE_X80Y110        CARRY8 (Prop_CARRY8_SLICEL_CI_O[5])
                                                      0.116     6.756 r  g_int8.u_p254/u_mac_mul/s3_reg[47]_i_2__2/O[5]
                         net (fo=1, routed)           0.440     7.196    g_int8.u_p254/u_mac_mul/fold_once0_return03_in[44]
    SLICE_X79Y115        CARRY8 (Prop_CARRY8_SLICEM_S[4]_CO[7])
                                                      0.156     7.352 r  g_int8.u_p254/u_mac_mul/s3_reg[47]_i_1__2/CO[7]
                         net (fo=1, routed)           0.026     7.378    g_int8.u_p254/u_mac_mul/s3_reg[47]_i_1__2_n_0
    SLICE_X79Y116        CARRY8 (Prop_CARRY8_SLICEM_CI_CO[7])
                                                      0.015     7.393 r  g_int8.u_p254/u_mac_mul/s3_reg[55]_i_1__2/CO[7]
                         net (fo=1, routed)           0.026     7.419    g_int8.u_p254/u_mac_mul/s3_reg[55]_i_1__2_n_0
    SLICE_X79Y117        CARRY8 (Prop_CARRY8_SLICEM_CI_CO[3])
                                                      0.060     7.479 r  g_int8.u_p254/u_mac_mul/s3_reg[59]_i_1__0/CO[3]
                         net (fo=1, routed)           0.025     7.504    g_int8.u_p254/u_mac_mul/fold_once0_return5_out[59]
    SLICE_X79Y117        FDRE                                         r  g_int8.u_p254/u_mac_mul/s3_reg[59]/D
  -------------------------------------------------------------------    -------------------

                         (clock clk rise edge)        5.000     5.000 r  
    T8                                                0.000     5.000 r  clk (IN)
                         net (fo=0)                   0.000     5.000    clk_IBUF_inst/I
    T8                   INBUF (Prop_INBUF_HPIOB_M_PAD_O)
                                                      0.272     5.272 r  clk_IBUF_inst/INBUF_INST/O
                         net (fo=1, routed)           0.000     5.272    clk_IBUF_inst/OUT
    T8                   IBUFCTRL (Prop_IBUFCTRL_HPIOB_M_I_O)
                                                      0.000     5.272 r  clk_IBUF_inst/IBUFCTRL_INST/O
                         net (fo=1, routed)           0.293     5.565    clk_IBUF
    BUFGCE_X0Y77         BUFGCE (Prop_BUFCE_BUFGCE_I_O)
                                                      0.024     5.589 r  clk_IBUF_BUFG_inst/O
    X2Y1 (CLOCK_ROOT)    net (fo=1013, routed)        1.950     7.539    g_int8.u_p254/u_mac_mul/clk_IBUF_BUFG
    SLICE_X79Y117        FDRE                                         r  g_int8.u_p254/u_mac_mul/s3_reg[59]/C
                         clock pessimism              0.452     7.991    
                         clock uncertainty           -0.035     7.955    
    SLICE_X79Y117        FDRE (Setup_DFF_SLICEM_C_D)
                                                      0.025     7.980    g_int8.u_p254/u_mac_mul/s3_reg[59]
  -------------------------------------------------------------------
                         required time                          7.980    
                         arrival time                          -7.504    
  -------------------------------------------------------------------
                         slack                                  0.476    

Slack (MET) :             0.477ns  (required time - arrival time)
  Source:                 g_int8.u_p254/u_mac_mul/s2_reg/DSP_OUTPUT_INST/CLK
                            (rising edge-triggered cell DSP_OUTPUT clocked by clk  {rise@0.000ns fall@2.500ns period=5.000ns})
  Destination:            g_int8.u_p254/u_mac_mul/s3_reg[54]/D
                            (rising edge-triggered cell FDRE clocked by clk  {rise@0.000ns fall@2.500ns period=5.000ns})
  Path Group:             clk
  Path Type:              Setup (Max at Slow Process Corner)
  Requirement:            5.000ns  (clk rise@5.000ns - clk rise@0.000ns)
  Data Path Delay:        4.309ns  (logic 1.815ns (42.120%)  route 2.494ns (57.880%))
  Logic Levels:           15  (CARRY8=10 LUT2=1 LUT3=2 LUT4=2)
  Clock Path Skew:        -0.203ns (DCD - SCD + CPR)
    Destination Clock Delay (DCD):    2.542ns = ( 7.542 - 5.000 ) 
    Source Clock Delay      (SCD):    3.198ns
    Clock Pessimism Removal (CPR):    0.452ns
  Clock Uncertainty:      0.035ns  ((TSJ^2 + TIJ^2)^1/2 + DJ) / 2 + PE
    Total System Jitter     (TSJ):    0.071ns
    Total Input Jitter      (TIJ):    0.000ns
    Discrete Jitter          (DJ):    0.000ns
    Phase Error              (PE):    0.000ns
  Clock Net Delay (Source):      2.316ns (routing 1.289ns, distribution 1.027ns)
  Clock Net Delay (Destination): 1.954ns (routing 1.173ns, distribution 0.781ns)

    Location             Delay type                Incr(ns)  Path(ns)    Netlist Resource(s)
  -------------------------------------------------------------------    -------------------
                         (clock clk rise edge)        0.000     0.000 r  
    T8                                                0.000     0.000 r  clk (IN)
                         net (fo=0)                   0.000     0.000    clk_IBUF_inst/I
    T8                   INBUF (Prop_INBUF_HPIOB_M_PAD_O)
                                                      0.522     0.522 r  clk_IBUF_inst/INBUF_INST/O
                         net (fo=1, routed)           0.000     0.522    clk_IBUF_inst/OUT
    T8                   IBUFCTRL (Prop_IBUFCTRL_HPIOB_M_I_O)
                                                      0.000     0.522 r  clk_IBUF_inst/IBUFCTRL_INST/O
                         net (fo=1, routed)           0.332     0.854    clk_IBUF
    BUFGCE_X0Y77         BUFGCE (Prop_BUFCE_BUFGCE_I_O)
                                                      0.028     0.882 r  clk_IBUF_BUFG_inst/O
    X2Y1 (CLOCK_ROOT)    net (fo=1013, routed)        2.316     3.198    g_int8.u_p254/u_mac_mul/s2_reg/CLK
    DSP48E2_X16Y44       DSP_OUTPUT                                   r  g_int8.u_p254/u_mac_mul/s2_reg/DSP_OUTPUT_INST/CLK
  -------------------------------------------------------------------    -------------------
    DSP48E2_X16Y44       DSP_OUTPUT (Prop_DSP_OUTPUT_DSP48E2_CLK_P[23])
                                                      0.214     3.412 r  g_int8.u_p254/u_mac_mul/s2_reg/DSP_OUTPUT_INST/P[23]
                         net (fo=14, routed)          0.782     4.194    g_int8.u_p254/u_mac_mul/s2_reg__0[23]
    SLICE_X78Y104        LUT2 (Prop_A6LUT_SLICEL_I0_O)
                                                      0.149     4.343 r  g_int8.u_p254/u_mac_mul/s3[7]_i_35__0/O
                         net (fo=1, routed)           0.009     4.352    g_int8.u_p254/u_mac_mul/s3[7]_i_35__0_n_0
    SLICE_X78Y104        CARRY8 (Prop_CARRY8_SLICEL_S[0]_CO[7])
                                                      0.190     4.542 r  g_int8.u_p254/u_mac_mul/s3_reg[7]_i_12__0/CO[7]
                         net (fo=1, routed)           0.026     4.568    g_int8.u_p254/u_mac_mul/s3_reg[7]_i_12__0_n_0
    SLICE_X78Y105        CARRY8 (Prop_CARRY8_SLICEL_CI_O[0])
                                                      0.056     4.624 r  g_int8.u_p254/u_mac_mul/s3_reg[59]_i_28__0/O[0]
                         net (fo=2, routed)           0.218     4.842    g_int8.u_p254/u_mac_mul/s3_reg[59]_i_28__0_n_15
    SLICE_X79Y104        LUT3 (Prop_F5LUT_SLICEM_I1_O)
                                                      0.105     4.947 r  g_int8.u_p254/u_mac_mul/s3[23]_i_51__2/O
                         net (fo=2, routed)           0.232     5.179    g_int8.u_p254/u_mac_mul/s3[23]_i_51__2_n_0
    SLICE_X79Y104        LUT4 (Prop_G6LUT_SLICEM_I3_O)
                                                      0.150     5.329 r  g_int8.u_p254/u_mac_mul/s3[23]_i_57__0/O
                         net (fo=1, routed)           0.016     5.345    g_int8.u_p254/u_mac_mul/s3[23]_i_57__0_n_0
    SLICE_X79Y104        CARRY8 (Prop_CARRY8_SLICEM_S[6]_CO[7])
                                                      0.117     5.462 r  g_int8.u_p254/u_mac_mul/s3_reg[23]_i_39__0/CO[7]
                         net (fo=1, routed)           0.026     5.488    g_int8.u_p254/u_mac_mul/s3_reg[23]_i_39__0_n_0
    SLICE_X79Y105        CARRY8 (Prop_CARRY8_SLICEM_CI_O[0])
                                                      0.056     5.544 r  g_int8.u_p254/u_mac_mul/s3_reg[31]_i_19__2/O[0]
                         net (fo=2, routed)           0.423     5.967    g_int8.u_p254/u_mac_mul/s3_reg[31]_i_19__2_n_15
    SLICE_X80Y107        LUT3 (Prop_E5LUT_SLICEL_I0_O)
                                                      0.070     6.037 r  g_int8.u_p254/u_mac_mul/s3[23]_i_8__2/O
                         net (fo=2, routed)           0.181     6.218    g_int8.u_p254/u_mac_mul/s3[23]_i_8__2_n_0
    SLICE_X80Y107        LUT4 (Prop_F6LUT_SLICEL_I3_O)
                                                      0.148     6.366 r  g_int8.u_p254/u_mac_mul/s3[23]_i_16__2/O
                         net (fo=1, routed)           0.011     6.377    g_int8.u_p254/u_mac_mul/s3[23]_i_16__2_n_0
    SLICE_X80Y107        CARRY8 (Prop_CARRY8_SLICEL_S[5]_CO[7])
                                                      0.155     6.532 r  g_int8.u_p254/u_mac_mul/s3_reg[23]_i_2__2/CO[7]
                         net (fo=1, routed)           0.026     6.558    g_int8.u_p254/u_mac_mul/s3_reg[23]_i_2__2_n_0
    SLICE_X80Y108        CARRY8 (Prop_CARRY8_SLICEL_CI_CO[7])
                                                      0.015     6.573 r  g_int8.u_p254/u_mac_mul/s3_reg[31]_i_2__2/CO[7]
                         net (fo=1, routed)           0.026     6.599    g_int8.u_p254/u_mac_mul/s3_reg[31]_i_2__2_n_0
    SLICE_X80Y109        CARRY8 (Prop_CARRY8_SLICEL_CI_CO[7])
                                                      0.015     6.614 r  g_int8.u_p254/u_mac_mul/s3_reg[39]_i_2__2/CO[7]
                         net (fo=1, routed)           0.026     6.640    g_int8.u_p254/u_mac_mul/s3_reg[39]_i_2__2_n_0
    SLICE_X80Y110        CARRY8 (Prop_CARRY8_SLICEL_CI_O[5])
                                                      0.116     6.756 r  g_int8.u_p254/u_mac_mul/s3_reg[47]_i_2__2/O[5]
                         net (fo=1, routed)           0.440     7.196    g_int8.u_p254/u_mac_mul/fold_once0_return03_in[44]
    SLICE_X79Y115        CARRY8 (Prop_CARRY8_SLICEM_S[4]_CO[7])
                                                      0.156     7.352 r  g_int8.u_p254/u_mac_mul/s3_reg[47]_i_1__2/CO[7]
                         net (fo=1, routed)           0.026     7.378    g_int8.u_p254/u_mac_mul/s3_reg[47]_i_1__2_n_0
    SLICE_X79Y116        CARRY8 (Prop_CARRY8_SLICEM_CI_O[6])
                                                      0.103     7.481 r  g_int8.u_p254/u_mac_mul/s3_reg[55]_i_1__2/O[6]
                         net (fo=1, routed)           0.026     7.507    g_int8.u_p254/u_mac_mul/fold_once0_return5_out[54]
    SLICE_X79Y116        FDRE                                         r  g_int8.u_p254/u_mac_mul/s3_reg[54]/D
  -------------------------------------------------------------------    -------------------

                         (clock clk rise edge)        5.000     5.000 r  
    T8                                                0.000     5.000 r  clk (IN)
                         net (fo=0)                   0.000     5.000    clk_IBUF_inst/I
    T8                   INBUF (Prop_INBUF_HPIOB_M_PAD_O)
                                                      0.272     5.272 r  clk_IBUF_inst/INBUF_INST/O
                         net (fo=1, routed)           0.000     5.272    clk_IBUF_inst/OUT
    T8                   IBUFCTRL (Prop_IBUFCTRL_HPIOB_M_I_O)
                                                      0.000     5.272 r  clk_IBUF_inst/IBUFCTRL_INST/O
                         net (fo=1, routed)           0.293     5.565    clk_IBUF
    BUFGCE_X0Y77         BUFGCE (Prop_BUFCE_BUFGCE_I_O)
                                                      0.024     5.589 r  clk_IBUF_BUFG_inst/O
    X2Y1 (CLOCK_ROOT)    net (fo=1013, routed)        1.954     7.542    g_int8.u_p254/u_mac_mul/clk_IBUF_BUFG
    SLICE_X79Y116        FDRE                                         r  g_int8.u_p254/u_mac_mul/s3_reg[54]/C
                         clock pessimism              0.452     7.994    
                         clock uncertainty           -0.035     7.959    
    SLICE_X79Y116        FDRE (Setup_GFF_SLICEM_C_D)
                                                      0.025     7.984    g_int8.u_p254/u_mac_mul/s3_reg[54]
  -------------------------------------------------------------------
                         required time                          7.984    
                         arrival time                          -7.507    
  -------------------------------------------------------------------
                         slack                                  0.477    

Slack (MET) :             0.479ns  (required time - arrival time)
  Source:                 g_int8.u_p254/u_engine/u_mul/s4_reg[19]/C
                            (rising edge-triggered cell FDRE clocked by clk  {rise@0.000ns fall@2.500ns period=5.000ns})
  Destination:            g_int8.u_p254/u_engine/u_mul/p_out_reg[9]/D
                            (rising edge-triggered cell FDRE clocked by clk  {rise@0.000ns fall@2.500ns period=5.000ns})
  Path Group:             clk
  Path Type:              Setup (Max at Slow Process Corner)
  Requirement:            5.000ns  (clk rise@5.000ns - clk rise@0.000ns)
  Data Path Delay:        4.430ns  (logic 1.885ns (42.553%)  route 2.545ns (57.447%))
  Logic Levels:           18  (CARRY8=9 LUT2=1 LUT3=3 LUT4=2 LUT5=2 LUT6=1)
  Clock Path Skew:        -0.081ns (DCD - SCD + CPR)
    Destination Clock Delay (DCD):    2.478ns = ( 7.478 - 5.000 ) 
    Source Clock Delay      (SCD):    3.004ns
    Clock Pessimism Removal (CPR):    0.444ns
  Clock Uncertainty:      0.035ns  ((TSJ^2 + TIJ^2)^1/2 + DJ) / 2 + PE
    Total System Jitter     (TSJ):    0.071ns
    Total Input Jitter      (TIJ):    0.000ns
    Discrete Jitter          (DJ):    0.000ns
    Phase Error              (PE):    0.000ns
  Clock Net Delay (Source):      2.122ns (routing 1.289ns, distribution 0.833ns)
  Clock Net Delay (Destination): 1.890ns (routing 1.173ns, distribution 0.717ns)

    Location             Delay type                Incr(ns)  Path(ns)    Netlist Resource(s)
  -------------------------------------------------------------------    -------------------
                         (clock clk rise edge)        0.000     0.000 r  
    T8                                                0.000     0.000 r  clk (IN)
                         net (fo=0)                   0.000     0.000    clk_IBUF_inst/I
    T8                   INBUF (Prop_INBUF_HPIOB_M_PAD_O)
                                                      0.522     0.522 r  clk_IBUF_inst/INBUF_INST/O
                         net (fo=1, routed)           0.000     0.522    clk_IBUF_inst/OUT
    T8                   IBUFCTRL (Prop_IBUFCTRL_HPIOB_M_I_O)
                                                      0.000     0.522 r  clk_IBUF_inst/IBUFCTRL_INST/O
                         net (fo=1, routed)           0.332     0.854    clk_IBUF
    BUFGCE_X0Y77         BUFGCE (Prop_BUFCE_BUFGCE_I_O)
                                                      0.028     0.882 r  clk_IBUF_BUFG_inst/O
    X2Y1 (CLOCK_ROOT)    net (fo=1013, routed)        2.122     3.004    g_int8.u_p254/u_engine/u_mul/clk_IBUF_BUFG
    SLICE_X70Y107        FDRE                                         r  g_int8.u_p254/u_engine/u_mul/s4_reg[19]/C
  -------------------------------------------------------------------    -------------------
    SLICE_X70Y107        FDRE (Prop_DFF_SLICEM_C_Q)
                                                      0.078     3.082 r  g_int8.u_p254/u_engine/u_mul/s4_reg[19]/Q
                         net (fo=14, routed)          0.220     3.302    g_int8.u_p254/u_engine/u_mul/s4[19]
    SLICE_X69Y108        LUT2 (Prop_E6LUT_SLICEL_I0_O)
                                                      0.123     3.425 r  g_int8.u_p254/u_engine/u_mul/p_out[7]_i_25/O
                         net (fo=1, routed)           0.007     3.432    g_int8.u_p254/u_engine/u_mul/p_out[7]_i_25_n_0
    SLICE_X69Y108        CARRY8 (Prop_CARRY8_SLICEL_S[4]_CO[7])
                                                      0.153     3.585 r  g_int8.u_p254/u_engine/u_mul/p_out_reg[7]_i_12/CO[7]
                         net (fo=1, routed)           0.026     3.611    g_int8.u_p254/u_engine/u_mul/p_out_reg[7]_i_12_n_0
    SLICE_X69Y109        CARRY8 (Prop_CARRY8_SLICEL_CI_CO[7])
                                                      0.015     3.626 r  g_int8.u_p254/u_engine/u_mul/p_out_reg[7]_i_13/CO[7]
                         net (fo=1, routed)           0.026     3.652    g_int8.u_p254/u_engine/u_mul/p_out_reg[7]_i_13_n_0
    SLICE_X69Y110        CARRY8 (Prop_CARRY8_SLICEL_CI_O[7])
                                                      0.116     3.768 r  g_int8.u_p254/u_engine/u_mul/p_out_reg[17]_i_271/O[7]
                         net (fo=2, routed)           0.287     4.055    g_int8.u_p254/u_engine/u_mul/p_out_reg[17]_i_271_n_8
    SLICE_X70Y115        LUT3 (Prop_E5LUT_SLICEM_I2_O)
                                                      0.139     4.194 r  g_int8.u_p254/u_engine/u_mul/p_out[17]_i_165/O
                         net (fo=2, routed)           0.194     4.388    g_int8.u_p254/u_engine/u_mul/p_out[17]_i_165_n_0
    SLICE_X70Y115        LUT4 (Prop_F6LUT_SLICEM_I3_O)
                                                      0.148     4.536 r  g_int8.u_p254/u_engine/u_mul/p_out[17]_i_173/O
                         net (fo=1, routed)           0.022     4.558    g_int8.u_p254/u_engine/u_mul/p_out[17]_i_173_n_0
    SLICE_X70Y115        CARRY8 (Prop_CARRY8_SLICEM_S[5]_CO[7])
                                                      0.159     4.717 r  g_int8.u_p254/u_engine/u_mul/p_out_reg[17]_i_71/CO[7]
                         net (fo=1, routed)           0.026     4.743    g_int8.u_p254/u_engine/u_mul/p_out_reg[17]_i_71_n_0
    SLICE_X70Y116        CARRY8 (Prop_CARRY8_SLICEM_CI_O[0])
                                                      0.056     4.799 r  g_int8.u_p254/u_engine/u_mul/p_out_reg[17]_i_69/O[0]
                         net (fo=3, routed)           0.383     5.182    g_int8.u_p254/u_engine/u_mul/p_out_reg[17]_i_69_n_15
    SLICE_X74Y115        LUT3 (Prop_H6LUT_SLICEM_I1_O)
                                                      0.101     5.283 r  g_int8.u_p254/u_engine/u_mul/p_out[17]_i_23/O
                         net (fo=1, routed)           0.249     5.532    g_int8.u_p254/u_engine/u_mul/p_out[17]_i_23_n_0
    SLICE_X72Y115        CARRY8 (Prop_CARRY8_SLICEL_DI[5]_CO[7])
                                                      0.083     5.615 r  g_int8.u_p254/u_engine/u_mul/p_out_reg[17]_i_9/CO[7]
                         net (fo=1, routed)           0.026     5.641    g_int8.u_p254/u_engine/u_mul/p_out_reg[17]_i_9_n_0
    SLICE_X72Y116        CARRY8 (Prop_CARRY8_SLICEL_CI_O[1])
                                                      0.076     5.717 r  g_int8.u_p254/u_engine/u_mul/p_out_reg[17]_i_54/O[1]
                         net (fo=1, routed)           0.344     6.061    g_int8.u_p254/u_engine/u_mul/fold_once0_return0[32]
    SLICE_X73Y116        CARRY8 (Prop_CARRY8_SLICEM_S[0]_CO[7])
                                                      0.192     6.253 r  g_int8.u_p254/u_engine/u_mul/p_out_reg[17]_i_109/CO[7]
                         net (fo=1, routed)           0.026     6.279    g_int8.u_p254/u_engine/u_mul/p_out_reg[17]_i_109_n_0
    SLICE_X73Y117        CARRY8 (Prop_CARRY8_SLICEM_CI_O[6])
                                                      0.103     6.382 r  g_int8.u_p254/u_engine/u_mul/p_out_reg[17]_i_56/O[6]
                         net (fo=1, routed)           0.172     6.554    g_int8.u_p254/u_engine/u_mul/p_out_reg[17]_i_56_n_9
    SLICE_X73Y120        LUT4 (Prop_B6LUT_SLICEM_I2_O)
                                                      0.089     6.643 r  g_int8.u_p254/u_engine/u_mul/p_out[17]_i_58/O
                         net (fo=1, routed)           0.093     6.736    g_int8.u_p254/u_engine/u_mul/p_out[17]_i_58_n_0
    SLICE_X73Y120        LUT5 (Prop_C6LUT_SLICEM_I4_O)
                                                      0.051     6.787 r  g_int8.u_p254/u_engine/u_mul/p_out[17]_i_17/O
                         net (fo=1, routed)           0.040     6.827    g_int8.u_p254/u_engine/u_mul/p_out[17]_i_17_n_0
    SLICE_X73Y120        LUT6 (Prop_D6LUT_SLICEM_I0_O)
                                                      0.037     6.864 r  g_int8.u_p254/u_engine/u_mul/p_out[17]_i_6/O
                         net (fo=1, routed)           0.222     7.086    g_int8.u_p254/u_engine/u_mul/p_out[17]_i_6_n_0
    SLICE_X74Y114        LUT5 (Prop_G6LUT_SLICEM_I1_O)
                                                      0.100     7.186 r  g_int8.u_p254/u_engine/u_mul/p_out[17]_i_3/O
                         net (fo=18, routed)          0.164     7.349    g_int8.u_p254/u_engine/u_mul/normalize01
    SLICE_X74Y110        LUT3 (Prop_H5LUT_SLICEM_I1_O)
                                                      0.066     7.415 r  g_int8.u_p254/u_engine/u_mul/p_out[9]_i_1__1/O
                         net (fo=1, routed)           0.018     7.433    g_int8.u_p254/u_engine/u_mul/normalize0_return[9]
    SLICE_X74Y110        FDRE                                         r  g_int8.u_p254/u_engine/u_mul/p_out_reg[9]/D
  -------------------------------------------------------------------    -------------------

                         (clock clk rise edge)        5.000     5.000 r  
    T8                                                0.000     5.000 r  clk (IN)
                         net (fo=0)                   0.000     5.000    clk_IBUF_inst/I
    T8                   INBUF (Prop_INBUF_HPIOB_M_PAD_O)
                                                      0.272     5.272 r  clk_IBUF_inst/INBUF_INST/O
                         net (fo=1, routed)           0.000     5.272    clk_IBUF_inst/OUT
    T8                   IBUFCTRL (Prop_IBUFCTRL_HPIOB_M_I_O)
                                                      0.000     5.272 r  clk_IBUF_inst/IBUFCTRL_INST/O
                         net (fo=1, routed)           0.293     5.565    clk_IBUF
    BUFGCE_X0Y77         BUFGCE (Prop_BUFCE_BUFGCE_I_O)
                                                      0.024     5.589 r  clk_IBUF_BUFG_inst/O
    X2Y1 (CLOCK_ROOT)    net (fo=1013, routed)        1.890     7.478    g_int8.u_p254/u_engine/u_mul/clk_IBUF_BUFG
    SLICE_X74Y110        FDRE                                         r  g_int8.u_p254/u_engine/u_mul/p_out_reg[9]/C
                         clock pessimism              0.444     7.923    
                         clock uncertainty           -0.035     7.887    
    SLICE_X74Y110        FDRE (Setup_HFF2_SLICEM_C_D)
                                                      0.025     7.912    g_int8.u_p254/u_engine/u_mul/p_out_reg[9]
  -------------------------------------------------------------------
                         required time                          7.912    
                         arrival time                          -7.433    
  -------------------------------------------------------------------
                         slack                                  0.479    

Slack (MET) :             0.480ns  (required time - arrival time)
  Source:                 g_int8.u_p254/u_mac_mul/s2_reg/DSP_OUTPUT_INST/CLK
                            (rising edge-triggered cell DSP_OUTPUT clocked by clk  {rise@0.000ns fall@2.500ns period=5.000ns})
  Destination:            g_int8.u_p254/u_mac_mul/s3_reg[56]/D
                            (rising edge-triggered cell FDRE clocked by clk  {rise@0.000ns fall@2.500ns period=5.000ns})
  Path Group:             clk
  Path Type:              Setup (Max at Slow Process Corner)
  Requirement:            5.000ns  (clk rise@5.000ns - clk rise@0.000ns)
  Data Path Delay:        4.302ns  (logic 1.783ns (41.444%)  route 2.519ns (58.556%))
  Logic Levels:           16  (CARRY8=11 LUT2=1 LUT3=2 LUT4=2)
  Clock Path Skew:        -0.207ns (DCD - SCD + CPR)
    Destination Clock Delay (DCD):    2.539ns = ( 7.539 - 5.000 ) 
    Source Clock Delay      (SCD):    3.198ns
    Clock Pessimism Removal (CPR):    0.452ns
  Clock Uncertainty:      0.035ns  ((TSJ^2 + TIJ^2)^1/2 + DJ) / 2 + PE
    Total System Jitter     (TSJ):    0.071ns
    Total Input Jitter      (TIJ):    0.000ns
    Discrete Jitter          (DJ):    0.000ns
    Phase Error              (PE):    0.000ns
  Clock Net Delay (Source):      2.316ns (routing 1.289ns, distribution 1.027ns)
  Clock Net Delay (Destination): 1.950ns (routing 1.173ns, distribution 0.777ns)

    Location             Delay type                Incr(ns)  Path(ns)    Netlist Resource(s)
  -------------------------------------------------------------------    -------------------
                         (clock clk rise edge)        0.000     0.000 r  
    T8                                                0.000     0.000 r  clk (IN)
                         net (fo=0)                   0.000     0.000    clk_IBUF_inst/I
    T8                   INBUF (Prop_INBUF_HPIOB_M_PAD_O)
                                                      0.522     0.522 r  clk_IBUF_inst/INBUF_INST/O
                         net (fo=1, routed)           0.000     0.522    clk_IBUF_inst/OUT
    T8                   IBUFCTRL (Prop_IBUFCTRL_HPIOB_M_I_O)
                                                      0.000     0.522 r  clk_IBUF_inst/IBUFCTRL_INST/O
                         net (fo=1, routed)           0.332     0.854    clk_IBUF
    BUFGCE_X0Y77         BUFGCE (Prop_BUFCE_BUFGCE_I_O)
                                                      0.028     0.882 r  clk_IBUF_BUFG_inst/O
    X2Y1 (CLOCK_ROOT)    net (fo=1013, routed)        2.316     3.198    g_int8.u_p254/u_mac_mul/s2_reg/CLK
    DSP48E2_X16Y44       DSP_OUTPUT                                   r  g_int8.u_p254/u_mac_mul/s2_reg/DSP_OUTPUT_INST/CLK
  -------------------------------------------------------------------    -------------------
    DSP48E2_X16Y44       DSP_OUTPUT (Prop_DSP_OUTPUT_DSP48E2_CLK_P[23])
                                                      0.214     3.412 r  g_int8.u_p254/u_mac_mul/s2_reg/DSP_OUTPUT_INST/P[23]
                         net (fo=14, routed)          0.782     4.194    g_int8.u_p254/u_mac_mul/s2_reg__0[23]
    SLICE_X78Y104        LUT2 (Prop_A6LUT_SLICEL_I0_O)
                                                      0.149     4.343 r  g_int8.u_p254/u_mac_mul/s3[7]_i_35__0/O
                         net (fo=1, routed)           0.009     4.352    g_int8.u_p254/u_mac_mul/s3[7]_i_35__0_n_0
    SLICE_X78Y104        CARRY8 (Prop_CARRY8_SLICEL_S[0]_CO[7])
                                                      0.190     4.542 r  g_int8.u_p254/u_mac_mul/s3_reg[7]_i_12__0/CO[7]
                         net (fo=1, routed)           0.026     4.568    g_int8.u_p254/u_mac_mul/s3_reg[7]_i_12__0_n_0
    SLICE_X78Y105        CARRY8 (Prop_CARRY8_SLICEL_CI_O[0])
                                                      0.056     4.624 r  g_int8.u_p254/u_mac_mul/s3_reg[59]_i_28__0/O[0]
                         net (fo=2, routed)           0.218     4.842    g_int8.u_p254/u_mac_mul/s3_reg[59]_i_28__0_n_15
    SLICE_X79Y104        LUT3 (Prop_F5LUT_SLICEM_I1_O)
                                                      0.105     4.947 r  g_int8.u_p254/u_mac_mul/s3[23]_i_51__2/O
                         net (fo=2, routed)           0.232     5.179    g_int8.u_p254/u_mac_mul/s3[23]_i_51__2_n_0
    SLICE_X79Y104        LUT4 (Prop_G6LUT_SLICEM_I3_O)
                                                      0.150     5.329 r  g_int8.u_p254/u_mac_mul/s3[23]_i_57__0/O
                         net (fo=1, routed)           0.016     5.345    g_int8.u_p254/u_mac_mul/s3[23]_i_57__0_n_0
    SLICE_X79Y104        CARRY8 (Prop_CARRY8_SLICEM_S[6]_CO[7])
                                                      0.117     5.462 r  g_int8.u_p254/u_mac_mul/s3_reg[23]_i_39__0/CO[7]
                         net (fo=1, routed)           0.026     5.488    g_int8.u_p254/u_mac_mul/s3_reg[23]_i_39__0_n_0
    SLICE_X79Y105        CARRY8 (Prop_CARRY8_SLICEM_CI_O[0])
                                                      0.056     5.544 r  g_int8.u_p254/u_mac_mul/s3_reg[31]_i_19__2/O[0]
                         net (fo=2, routed)           0.423     5.967    g_int8.u_p254/u_mac_mul/s3_reg[31]_i_19__2_n_15
    SLICE_X80Y107        LUT3 (Prop_E5LUT_SLICEL_I0_O)
                                                      0.070     6.037 r  g_int8.u_p254/u_mac_mul/s3[23]_i_8__2/O
                         net (fo=2, routed)           0.181     6.218    g_int8.u_p254/u_mac_mul/s3[23]_i_8__2_n_0
    SLICE_X80Y107        LUT4 (Prop_F6LUT_SLICEL_I3_O)
                                                      0.148     6.366 r  g_int8.u_p254/u_mac_mul/s3[23]_i_16__2/O
                         net (fo=1, routed)           0.011     6.377    g_int8.u_p254/u_mac_mul/s3[23]_i_16__2_n_0
    SLICE_X80Y107        CARRY8 (Prop_CARRY8_SLICEL_S[5]_CO[7])
                                                      0.155     6.532 r  g_int8.u_p254/u_mac_mul/s3_reg[23]_i_2__2/CO[7]
                         net (fo=1, routed)           0.026     6.558    g_int8.u_p254/u_mac_mul/s3_reg[23]_i_2__2_n_0
    SLICE_X80Y108        CARRY8 (Prop_CARRY8_SLICEL_CI_CO[7])
                                                      0.015     6.573 r  g_int8.u_p254/u_mac_mul/s3_reg[31]_i_2__2/CO[7]
                         net (fo=1, routed)           0.026     6.599    g_int8.u_p254/u_mac_mul/s3_reg[31]_i_2__2_n_0
    SLICE_X80Y109        CARRY8 (Prop_CARRY8_SLICEL_CI_CO[7])
                                                      0.015     6.614 r  g_int8.u_p254/u_mac_mul/s3_reg[39]_i_2__2/CO[7]
                         net (fo=1, routed)           0.026     6.640    g_int8.u_p254/u_mac_mul/s3_reg[39]_i_2__2_n_0
    SLICE_X80Y110        CARRY8 (Prop_CARRY8_SLICEL_CI_O[5])
                                                      0.116     6.756 r  g_int8.u_p254/u_mac_mul/s3_reg[47]_i_2__2/O[5]
                         net (fo=1, routed)           0.440     7.196    g_int8.u_p254/u_mac_mul/fold_once0_return03_in[44]
    SLICE_X79Y115        CARRY8 (Prop_CARRY8_SLICEM_S[4]_CO[7])
                                                      0.156     7.352 r  g_int8.u_p254/u_mac_mul/s3_reg[47]_i_1__2/CO[7]
                         net (fo=1, routed)           0.026     7.378    g_int8.u_p254/u_mac_mul/s3_reg[47]_i_1__2_n_0
    SLICE_X79Y116        CARRY8 (Prop_CARRY8_SLICEM_CI_CO[7])
                                                      0.015     7.393 r  g_int8.u_p254/u_mac_mul/s3_reg[55]_i_1__2/CO[7]
                         net (fo=1, routed)           0.026     7.419    g_int8.u_p254/u_mac_mul/s3_reg[55]_i_1__2_n_0
    SLICE_X79Y117        CARRY8 (Prop_CARRY8_SLICEM_CI_O[0])
                                                      0.056     7.475 r  g_int8.u_p254/u_mac_mul/s3_reg[59]_i_1__0/O[0]
                         net (fo=1, routed)           0.025     7.500    g_int8.u_p254/u_mac_mul/fold_once0_return5_out[56]
    SLICE_X79Y117        FDRE                                         r  g_int8.u_p254/u_mac_mul/s3_reg[56]/D
  -------------------------------------------------------------------    -------------------

                         (clock clk rise edge)        5.000     5.000 r  
    T8                                                0.000     5.000 r  clk (IN)
                         net (fo=0)                   0.000     5.000    clk_IBUF_inst/I
    T8                   INBUF (Prop_INBUF_HPIOB_M_PAD_O)
                                                      0.272     5.272 r  clk_IBUF_inst/INBUF_INST/O
                         net (fo=1, routed)           0.000     5.272    clk_IBUF_inst/OUT
    T8                   IBUFCTRL (Prop_IBUFCTRL_HPIOB_M_I_O)
                                                      0.000     5.272 r  clk_IBUF_inst/IBUFCTRL_INST/O
                         net (fo=1, routed)           0.293     5.565    clk_IBUF
    BUFGCE_X0Y77         BUFGCE (Prop_BUFCE_BUFGCE_I_O)
                                                      0.024     5.589 r  clk_IBUF_BUFG_inst/O
    X2Y1 (CLOCK_ROOT)    net (fo=1013, routed)        1.950     7.539    g_int8.u_p254/u_mac_mul/clk_IBUF_BUFG
    SLICE_X79Y117        FDRE                                         r  g_int8.u_p254/u_mac_mul/s3_reg[56]/C
                         clock pessimism              0.452     7.991    
                         clock uncertainty           -0.035     7.955    
    SLICE_X79Y117        FDRE (Setup_AFF_SLICEM_C_D)
                                                      0.025     7.980    g_int8.u_p254/u_mac_mul/s3_reg[56]
  -------------------------------------------------------------------
                         required time                          7.980    
                         arrival time                          -7.500    
  -------------------------------------------------------------------
                         slack                                  0.480    

Slack (MET) :             0.484ns  (required time - arrival time)
  Source:                 g_int8.u_p254/u_engine/u_mul/s4_reg[19]/C
                            (rising edge-triggered cell FDRE clocked by clk  {rise@0.000ns fall@2.500ns period=5.000ns})
  Destination:            g_int8.u_p254/u_engine/u_mul/p_out_reg[11]/D
                            (rising edge-triggered cell FDRE clocked by clk  {rise@0.000ns fall@2.500ns period=5.000ns})
  Path Group:             clk
  Path Type:              Setup (Max at Slow Process Corner)
  Requirement:            5.000ns  (clk rise@5.000ns - clk rise@0.000ns)
  Data Path Delay:        4.425ns  (logic 1.887ns (42.642%)  route 2.538ns (57.358%))
  Logic Levels:           18  (CARRY8=9 LUT2=1 LUT3=3 LUT4=2 LUT5=2 LUT6=1)
  Clock Path Skew:        -0.080ns (DCD - SCD + CPR)
    Destination Clock Delay (DCD):    2.479ns = ( 7.479 - 5.000 ) 
    Source Clock Delay      (SCD):    3.004ns
    Clock Pessimism Removal (CPR):    0.444ns
  Clock Uncertainty:      0.035ns  ((TSJ^2 + TIJ^2)^1/2 + DJ) / 2 + PE
    Total System Jitter     (TSJ):    0.071ns
    Total Input Jitter      (TIJ):    0.000ns
    Discrete Jitter          (DJ):    0.000ns
    Phase Error              (PE):    0.000ns
  Clock Net Delay (Source):      2.122ns (routing 1.289ns, distribution 0.833ns)
  Clock Net Delay (Destination): 1.891ns (routing 1.173ns, distribution 0.718ns)

    Location             Delay type                Incr(ns)  Path(ns)    Netlist Resource(s)
  -------------------------------------------------------------------    -------------------
                         (clock clk rise edge)        0.000     0.000 r  
    T8                                                0.000     0.000 r  clk (IN)
                         net (fo=0)                   0.000     0.000    clk_IBUF_inst/I
    T8                   INBUF (Prop_INBUF_HPIOB_M_PAD_O)
                                                      0.522     0.522 r  clk_IBUF_inst/INBUF_INST/O
                         net (fo=1, routed)           0.000     0.522    clk_IBUF_inst/OUT
    T8                   IBUFCTRL (Prop_IBUFCTRL_HPIOB_M_I_O)
                                                      0.000     0.522 r  clk_IBUF_inst/IBUFCTRL_INST/O
                         net (fo=1, routed)           0.332     0.854    clk_IBUF
    BUFGCE_X0Y77         BUFGCE (Prop_BUFCE_BUFGCE_I_O)
                                                      0.028     0.882 r  clk_IBUF_BUFG_inst/O
    X2Y1 (CLOCK_ROOT)    net (fo=1013, routed)        2.122     3.004    g_int8.u_p254/u_engine/u_mul/clk_IBUF_BUFG
    SLICE_X70Y107        FDRE                                         r  g_int8.u_p254/u_engine/u_mul/s4_reg[19]/C
  -------------------------------------------------------------------    -------------------
    SLICE_X70Y107        FDRE (Prop_DFF_SLICEM_C_Q)
                                                      0.078     3.082 r  g_int8.u_p254/u_engine/u_mul/s4_reg[19]/Q
                         net (fo=14, routed)          0.220     3.302    g_int8.u_p254/u_engine/u_mul/s4[19]
    SLICE_X69Y108        LUT2 (Prop_E6LUT_SLICEL_I0_O)
                                                      0.123     3.425 r  g_int8.u_p254/u_engine/u_mul/p_out[7]_i_25/O
                         net (fo=1, routed)           0.007     3.432    g_int8.u_p254/u_engine/u_mul/p_out[7]_i_25_n_0
    SLICE_X69Y108        CARRY8 (Prop_CARRY8_SLICEL_S[4]_CO[7])
                                                      0.153     3.585 r  g_int8.u_p254/u_engine/u_mul/p_out_reg[7]_i_12/CO[7]
                         net (fo=1, routed)           0.026     3.611    g_int8.u_p254/u_engine/u_mul/p_out_reg[7]_i_12_n_0
    SLICE_X69Y109        CARRY8 (Prop_CARRY8_SLICEL_CI_CO[7])
                                                      0.015     3.626 r  g_int8.u_p254/u_engine/u_mul/p_out_reg[7]_i_13/CO[7]
                         net (fo=1, routed)           0.026     3.652    g_int8.u_p254/u_engine/u_mul/p_out_reg[7]_i_13_n_0
    SLICE_X69Y110        CARRY8 (Prop_CARRY8_SLICEL_CI_O[7])
                                                      0.116     3.768 r  g_int8.u_p254/u_engine/u_mul/p_out_reg[17]_i_271/O[7]
                         net (fo=2, routed)           0.287     4.055    g_int8.u_p254/u_engine/u_mul/p_out_reg[17]_i_271_n_8
    SLICE_X70Y115        LUT3 (Prop_E5LUT_SLICEM_I2_O)
                                                      0.139     4.194 r  g_int8.u_p254/u_engine/u_mul/p_out[17]_i_165/O
                         net (fo=2, routed)           0.194     4.388    g_int8.u_p254/u_engine/u_mul/p_out[17]_i_165_n_0
    SLICE_X70Y115        LUT4 (Prop_F6LUT_SLICEM_I3_O)
                                                      0.148     4.536 r  g_int8.u_p254/u_engine/u_mul/p_out[17]_i_173/O
                         net (fo=1, routed)           0.022     4.558    g_int8.u_p254/u_engine/u_mul/p_out[17]_i_173_n_0
    SLICE_X70Y115        CARRY8 (Prop_CARRY8_SLICEM_S[5]_CO[7])
                                                      0.159     4.717 r  g_int8.u_p254/u_engine/u_mul/p_out_reg[17]_i_71/CO[7]
                         net (fo=1, routed)           0.026     4.743    g_int8.u_p254/u_engine/u_mul/p_out_reg[17]_i_71_n_0
    SLICE_X70Y116        CARRY8 (Prop_CARRY8_SLICEM_CI_O[0])
                                                      0.056     4.799 r  g_int8.u_p254/u_engine/u_mul/p_out_reg[17]_i_69/O[0]
                         net (fo=3, routed)           0.383     5.182    g_int8.u_p254/u_engine/u_mul/p_out_reg[17]_i_69_n_15
    SLICE_X74Y115        LUT3 (Prop_H6LUT_SLICEM_I1_O)
                                                      0.101     5.283 r  g_int8.u_p254/u_engine/u_mul/p_out[17]_i_23/O
                         net (fo=1, routed)           0.249     5.532    g_int8.u_p254/u_engine/u_mul/p_out[17]_i_23_n_0
    SLICE_X72Y115        CARRY8 (Prop_CARRY8_SLICEL_DI[5]_CO[7])
                                                      0.083     5.615 r  g_int8.u_p254/u_engine/u_mul/p_out_reg[17]_i_9/CO[7]
                         net (fo=1, routed)           0.026     5.641    g_int8.u_p254/u_engine/u_mul/p_out_reg[17]_i_9_n_0
    SLICE_X72Y116        CARRY8 (Prop_CARRY8_SLICEL_CI_O[1])
                                                      0.076     5.717 r  g_int8.u_p254/u_engine/u_mul/p_out_reg[17]_i_54/O[1]
                         net (fo=1, routed)           0.344     6.061    g_int8.u_p254/u_engine/u_mul/fold_once0_return0[32]
    SLICE_X73Y116        CARRY8 (Prop_CARRY8_SLICEM_S[0]_CO[7])
                                                      0.192     6.253 r  g_int8.u_p254/u_engine/u_mul/p_out_reg[17]_i_109/CO[7]
                         net (fo=1, routed)           0.026     6.279    g_int8.u_p254/u_engine/u_mul/p_out_reg[17]_i_109_n_0
    SLICE_X73Y117        CARRY8 (Prop_CARRY8_SLICEM_CI_O[6])
                                                      0.103     6.382 r  g_int8.u_p254/u_engine/u_mul/p_out_reg[17]_i_56/O[6]
                         net (fo=1, routed)           0.172     6.554    g_int8.u_p254/u_engine/u_mul/p_out_reg[17]_i_56_n_9
    SLICE_X73Y120        LUT4 (Prop_B6LUT_SLICEM_I2_O)
                                                      0.089     6.643 r  g_int8.u_p254/u_engine/u_mul/p_out[17]_i_58/O
                         net (fo=1, routed)           0.093     6.736    g_int8.u_p254/u_engine/u_mul/p_out[17]_i_58_n_0
    SLICE_X73Y120        LUT5 (Prop_C6LUT_SLICEM_I4_O)
                                                      0.051     6.787 r  g_int8.u_p254/u_engine/u_mul/p_out[17]_i_17/O
                         net (fo=1, routed)           0.040     6.827    g_int8.u_p254/u_engine/u_mul/p_out[17]_i_17_n_0
    SLICE_X73Y120        LUT6 (Prop_D6LUT_SLICEM_I0_O)
                                                      0.037     6.864 r  g_int8.u_p254/u_engine/u_mul/p_out[17]_i_6/O
                         net (fo=1, routed)           0.222     7.086    g_int8.u_p254/u_engine/u_mul/p_out[17]_i_6_n_0
    SLICE_X74Y114        LUT5 (Prop_G6LUT_SLICEM_I1_O)
                                                      0.100     7.186 r  g_int8.u_p254/u_engine/u_mul/p_out[17]_i_3/O
                         net (fo=18, routed)          0.148     7.334    g_int8.u_p254/u_engine/u_mul/normalize01
    SLICE_X74Y110        LUT3 (Prop_C5LUT_SLICEM_I1_O)
                                                      0.068     7.402 r  g_int8.u_p254/u_engine/u_mul/p_out[11]_i_1__1/O
                         net (fo=1, routed)           0.027     7.429    g_int8.u_p254/u_engine/u_mul/normalize0_return[11]
    SLICE_X74Y110        FDRE                                         r  g_int8.u_p254/u_engine/u_mul/p_out_reg[11]/D
  -------------------------------------------------------------------    -------------------

                         (clock clk rise edge)        5.000     5.000 r  
    T8                                                0.000     5.000 r  clk (IN)
                         net (fo=0)                   0.000     5.000    clk_IBUF_inst/I
    T8                   INBUF (Prop_INBUF_HPIOB_M_PAD_O)
                                                      0.272     5.272 r  clk_IBUF_inst/INBUF_INST/O
                         net (fo=1, routed)           0.000     5.272    clk_IBUF_inst/OUT
    T8                   IBUFCTRL (Prop_IBUFCTRL_HPIOB_M_I_O)
                                                      0.000     5.272 r  clk_IBUF_inst/IBUFCTRL_INST/O
                         net (fo=1, routed)           0.293     5.565    clk_IBUF
    BUFGCE_X0Y77         BUFGCE (Prop_BUFCE_BUFGCE_I_O)
                                                      0.024     5.589 r  clk_IBUF_BUFG_inst/O
    X2Y1 (CLOCK_ROOT)    net (fo=1013, routed)        1.891     7.479    g_int8.u_p254/u_engine/u_mul/clk_IBUF_BUFG
    SLICE_X74Y110        FDRE                                         r  g_int8.u_p254/u_engine/u_mul/p_out_reg[11]/C
                         clock pessimism              0.444     7.924    
                         clock uncertainty           -0.035     7.888    
    SLICE_X74Y110        FDRE (Setup_CFF2_SLICEM_C_D)
                                                      0.025     7.913    g_int8.u_p254/u_engine/u_mul/p_out_reg[11]
  -------------------------------------------------------------------
                         required time                          7.913    
                         arrival time                          -7.429    
  -------------------------------------------------------------------
                         slack                                  0.484    

Slack (MET) :             0.488ns  (required time - arrival time)
  Source:                 g_int8.u_p520/u_engine/u_ping/mem_reg_bram_0/CLKBWRCLK
                            (rising edge-triggered cell RAMB36E2 clocked by clk  {rise@0.000ns fall@2.500ns period=5.000ns})
  Destination:            g_int8.u_p520/u_engine/u_mul/s3[23]_i_60_psdsp_12/D
                            (rising edge-triggered cell FDRE clocked by clk  {rise@0.000ns fall@2.500ns period=5.000ns})
  Path Group:             clk
  Path Type:              Setup (Max at Slow Process Corner)
  Requirement:            5.000ns  (clk rise@5.000ns - clk rise@0.000ns)
  Data Path Delay:        4.292ns  (logic 2.900ns (67.568%)  route 1.392ns (32.432%))
  Logic Levels:           11  (CARRY8=2 DSP_A_B_DATA=1 DSP_ALU=1 DSP_M_DATA=1 DSP_MULTIPLIER=1 DSP_OUTPUT=1 DSP_PREADD_DATA=1 LUT2=1 LUT4=1 LUT6=1)
  Clock Path Skew:        -0.210ns (DCD - SCD + CPR)
    Destination Clock Delay (DCD):    2.662ns = ( 7.662 - 5.000 ) 
    Source Clock Delay      (SCD):    3.331ns
    Clock Pessimism Removal (CPR):    0.459ns
  Clock Uncertainty:      0.035ns  ((TSJ^2 + TIJ^2)^1/2 + DJ) / 2 + PE
    Total System Jitter     (TSJ):    0.071ns
    Total Input Jitter      (TIJ):    0.000ns
    Discrete Jitter          (DJ):    0.000ns
    Phase Error              (PE):    0.000ns
  Clock Net Delay (Source):      2.449ns (routing 1.289ns, distribution 1.160ns)
  Clock Net Delay (Destination): 2.074ns (routing 1.173ns, distribution 0.901ns)

    Location             Delay type                Incr(ns)  Path(ns)    Netlist Resource(s)
  -------------------------------------------------------------------    -------------------
                         (clock clk rise edge)        0.000     0.000 r  
    T8                                                0.000     0.000 r  clk (IN)
                         net (fo=0)                   0.000     0.000    clk_IBUF_inst/I
    T8                   INBUF (Prop_INBUF_HPIOB_M_PAD_O)
                                                      0.522     0.522 r  clk_IBUF_inst/INBUF_INST/O
                         net (fo=1, routed)           0.000     0.522    clk_IBUF_inst/OUT
    T8                   IBUFCTRL (Prop_IBUFCTRL_HPIOB_M_I_O)
                                                      0.000     0.522 r  clk_IBUF_inst/IBUFCTRL_INST/O
                         net (fo=1, routed)           0.332     0.854    clk_IBUF
    BUFGCE_X0Y77         BUFGCE (Prop_BUFCE_BUFGCE_I_O)
                                                      0.028     0.882 r  clk_IBUF_BUFG_inst/O
    X2Y1 (CLOCK_ROOT)    net (fo=1013, routed)        2.449     3.331    g_int8.u_p520/u_engine/u_ping/clk_IBUF_BUFG
    RAMB36_X12Y25        RAMB36E2                                     r  g_int8.u_p520/u_engine/u_ping/mem_reg_bram_0/CLKBWRCLK
  -------------------------------------------------------------------    -------------------
    RAMB36_X12Y25        RAMB36E2 (Prop_RAMB36E2_RAMB36_CLKBWRCLK_DOUTBDOUT[4])
                                                      0.890     4.221 f  g_int8.u_p520/u_engine/u_ping/mem_reg_bram_0/DOUTBDOUT[4]
                         net (fo=6, routed)           0.463     4.684    g_int8.u_p520/u_engine/u_pong/DOUTBDOUT[4]
    SLICE_X94Y132        LUT6 (Prop_B6LUT_SLICEL_I2_O)
                                                      0.098     4.782 f  g_int8.u_p520/u_engine/u_pong/s10_i_50/O
                         net (fo=1, routed)           0.045     4.827    g_int8.u_p520/u_engine/u_ping/s10_4
    SLICE_X94Y132        LUT4 (Prop_G6LUT_SLICEL_I3_O)
                                                      0.097     4.924 f  g_int8.u_p520/u_engine/u_ping/s10_i_13/O
                         net (fo=1, routed)           0.200     5.124    g_int8.u_p520/u_engine/u_mul/s10/B[4]
    DSP48E2_X17Y52       DSP_A_B_DATA (Prop_DSP_A_B_DATA_DSP48E2_B[4]_B2_DATA[4])
                                                      0.151     5.275 r  g_int8.u_p520/u_engine/u_mul/s10/DSP_A_B_DATA_INST/B2_DATA[4]
                         net (fo=1, routed)           0.000     5.275    g_int8.u_p520/u_engine/u_mul/s10/DSP_A_B_DATA.B2_DATA<4>
    DSP48E2_X17Y52       DSP_PREADD_DATA (Prop_DSP_PREADD_DATA_DSP48E2_B2_DATA[4]_B2B1[4])
                                                      0.073     5.348 r  g_int8.u_p520/u_engine/u_mul/s10/DSP_PREADD_DATA_INST/B2B1[4]
                         net (fo=1, routed)           0.000     5.348    g_int8.u_p520/u_engine/u_mul/s10/DSP_PREADD_DATA.B2B1<4>
    DSP48E2_X17Y52       DSP_MULTIPLIER (Prop_DSP_MULTIPLIER_DSP48E2_B2B1[4]_V[20])
                                                      0.609     5.957 f  g_int8.u_p520/u_engine/u_mul/s10/DSP_MULTIPLIER_INST/V[20]
                         net (fo=1, routed)           0.000     5.957    g_int8.u_p520/u_engine/u_mul/s10/DSP_MULTIPLIER.V<20>
    DSP48E2_X17Y52       DSP_M_DATA (Prop_DSP_M_DATA_DSP48E2_V[20]_V_DATA[20])
                                                      0.046     6.003 r  g_int8.u_p520/u_engine/u_mul/s10/DSP_M_DATA_INST/V_DATA[20]
                         net (fo=1, routed)           0.000     6.003    g_int8.u_p520/u_engine/u_mul/s10/DSP_M_DATA.V_DATA<20>
    DSP48E2_X17Y52       DSP_ALU (Prop_DSP_ALU_DSP48E2_V_DATA[20]_ALU_OUT[20])
                                                      0.571     6.574 f  g_int8.u_p520/u_engine/u_mul/s10/DSP_ALU_INST/ALU_OUT[20]
                         net (fo=1, routed)           0.000     6.574    g_int8.u_p520/u_engine/u_mul/s10/DSP_ALU.ALU_OUT<20>
    DSP48E2_X17Y52       DSP_OUTPUT (Prop_DSP_OUTPUT_DSP48E2_ALU_OUT[20]_P[20])
                                                      0.109     6.683 r  g_int8.u_p520/u_engine/u_mul/s10/DSP_OUTPUT_INST/P[20]
                         net (fo=2, routed)           0.234     6.917    g_int8.u_p520/u_engine/u_mul/s10_n_85
    SLICE_X90Y132        LUT2 (Prop_D6LUT_SLICEM_I0_O)
                                                      0.037     6.954 r  g_int8.u_p520/u_engine/u_mul/s2_reg_i_21/O
                         net (fo=1, routed)           0.025     6.979    g_int8.u_p520/u_engine/u_mul/s2_reg_i_21_n_0
    SLICE_X90Y132        CARRY8 (Prop_CARRY8_SLICEM_S[3]_CO[7])
                                                      0.163     7.142 r  g_int8.u_p520/u_engine/u_mul/s2_reg_i_3/CO[7]
                         net (fo=1, routed)           0.026     7.168    g_int8.u_p520/u_engine/u_mul/s2_reg_i_3_n_0
    SLICE_X90Y133        CARRY8 (Prop_CARRY8_SLICEM_CI_O[0])
                                                      0.056     7.224 r  g_int8.u_p520/u_engine/u_mul/s2_reg_i_2/O[0]
                         net (fo=1, routed)           0.399     7.623    g_int8.u_p520/u_engine/u_mul/s100_out[8]
    SLICE_X90Y133        FDRE                                         r  g_int8.u_p520/u_engine/u_mul/s3[23]_i_60_psdsp_12/D
  -------------------------------------------------------------------    -------------------

                         (clock clk rise edge)        5.000     5.000 r  
    T8                                                0.000     5.000 r  clk (IN)
                         net (fo=0)                   0.000     5.000    clk_IBUF_inst/I
    T8                   INBUF (Prop_INBUF_HPIOB_M_PAD_O)
                                                      0.272     5.272 r  clk_IBUF_inst/INBUF_INST/O
                         net (fo=1, routed)           0.000     5.272    clk_IBUF_inst/OUT
    T8                   IBUFCTRL (Prop_IBUFCTRL_HPIOB_M_I_O)
                                                      0.000     5.272 r  clk_IBUF_inst/IBUFCTRL_INST/O
                         net (fo=1, routed)           0.293     5.565    clk_IBUF
    BUFGCE_X0Y77         BUFGCE (Prop_BUFCE_BUFGCE_I_O)
                                                      0.024     5.589 r  clk_IBUF_BUFG_inst/O
    X2Y1 (CLOCK_ROOT)    net (fo=1013, routed)        2.074     7.662    g_int8.u_p520/u_engine/u_mul/clk_IBUF_BUFG
    SLICE_X90Y133        FDRE                                         r  g_int8.u_p520/u_engine/u_mul/s3[23]_i_60_psdsp_12/C
                         clock pessimism              0.459     8.121    
                         clock uncertainty           -0.035     8.086    
    SLICE_X90Y133        FDRE (Setup_BFF2_SLICEM_C_D)
                                                      0.025     8.111    g_int8.u_p520/u_engine/u_mul/s3[23]_i_60_psdsp_12
  -------------------------------------------------------------------
                         required time                          8.111    
                         arrival time                          -7.623    
  -------------------------------------------------------------------
                         slack                                  0.488    

Slack (MET) :             0.488ns  (required time - arrival time)
  Source:                 g_int8.u_p520/u_engine/u_ping/mem_reg_bram_0/CLKBWRCLK
                            (rising edge-triggered cell RAMB36E2 clocked by clk  {rise@0.000ns fall@2.500ns period=5.000ns})
  Destination:            g_int8.u_p520/u_mac_mul/s3[23]_i_60__0_psdsp_6/D
                            (rising edge-triggered cell FDRE clocked by clk  {rise@0.000ns fall@2.500ns period=5.000ns})
  Path Group:             clk
  Path Type:              Setup (Max at Slow Process Corner)
  Requirement:            5.000ns  (clk rise@5.000ns - clk rise@0.000ns)
  Data Path Delay:        4.284ns  (logic 2.786ns (65.030%)  route 1.498ns (34.970%))
  Logic Levels:           10  (CARRY8=2 DSP_A_B_DATA=1 DSP_ALU=1 DSP_M_DATA=1 DSP_MULTIPLIER=1 DSP_OUTPUT=1 DSP_PREADD_DATA=1 LUT2=1 LUT3=1)
  Clock Path Skew:        -0.217ns (DCD - SCD + CPR)
    Destination Clock Delay (DCD):    2.655ns = ( 7.655 - 5.000 ) 
    Source Clock Delay      (SCD):    3.331ns
    Clock Pessimism Removal (CPR):    0.459ns
  Clock Uncertainty:      0.035ns  ((TSJ^2 + TIJ^2)^1/2 + DJ) / 2 + PE
    Total System Jitter     (TSJ):    0.071ns
    Total Input Jitter      (TIJ):    0.000ns
    Discrete Jitter          (DJ):    0.000ns
    Phase Error              (PE):    0.000ns
  Clock Net Delay (Source):      2.449ns (routing 1.289ns, distribution 1.160ns)
  Clock Net Delay (Destination): 2.067ns (routing 1.173ns, distribution 0.894ns)

    Location             Delay type                Incr(ns)  Path(ns)    Netlist Resource(s)
  -------------------------------------------------------------------    -------------------
                         (clock clk rise edge)        0.000     0.000 r  
    T8                                                0.000     0.000 r  clk (IN)
                         net (fo=0)                   0.000     0.000    clk_IBUF_inst/I
    T8                   INBUF (Prop_INBUF_HPIOB_M_PAD_O)
                                                      0.522     0.522 r  clk_IBUF_inst/INBUF_INST/O
                         net (fo=1, routed)           0.000     0.522    clk_IBUF_inst/OUT
    T8                   IBUFCTRL (Prop_IBUFCTRL_HPIOB_M_I_O)
                                                      0.000     0.522 r  clk_IBUF_inst/IBUFCTRL_INST/O
                         net (fo=1, routed)           0.332     0.854    clk_IBUF
    BUFGCE_X0Y77         BUFGCE (Prop_BUFCE_BUFGCE_I_O)
                                                      0.028     0.882 r  clk_IBUF_BUFG_inst/O
    X2Y1 (CLOCK_ROOT)    net (fo=1013, routed)        2.449     3.331    g_int8.u_p520/u_engine/u_ping/clk_IBUF_BUFG
    RAMB36_X12Y25        RAMB36E2                                     r  g_int8.u_p520/u_engine/u_ping/mem_reg_bram_0/CLKBWRCLK
  -------------------------------------------------------------------    -------------------
    RAMB36_X12Y25        RAMB36E2 (Prop_RAMB36E2_RAMB36_CLKBWRCLK_DOUTBDOUT[8])
                                                      0.876     4.207 f  g_int8.u_p520/u_engine/u_ping/mem_reg_bram_0/DOUTBDOUT[8]
                         net (fo=6, routed)           0.488     4.695    g_int8.u_p520/u_engine/u_ping/DOUTBDOUT[8]
    SLICE_X94Y132        LUT3 (Prop_D6LUT_SLICEL_I0_O)
                                                      0.050     4.745 f  g_int8.u_p520/u_engine/u_ping/s10_i_11__0/O
                         net (fo=3, routed)           0.358     5.103    g_int8.u_p520/u_mac_mul/s10/A[8]
    DSP48E2_X17Y53       DSP_A_B_DATA (Prop_DSP_A_B_DATA_DSP48E2_A[8]_A2_DATA[8])
                                                      0.192     5.295 r  g_int8.u_p520/u_mac_mul/s10/DSP_A_B_DATA_INST/A2_DATA[8]
                         net (fo=1, routed)           0.000     5.295    g_int8.u_p520/u_mac_mul/s10/DSP_A_B_DATA.A2_DATA<8>
    DSP48E2_X17Y53       DSP_PREADD_DATA (Prop_DSP_PREADD_DATA_DSP48E2_A2_DATA[8]_A2A1[8])
                                                      0.076     5.371 r  g_int8.u_p520/u_mac_mul/s10/DSP_PREADD_DATA_INST/A2A1[8]
                         net (fo=1, routed)           0.000     5.371    g_int8.u_p520/u_mac_mul/s10/DSP_PREADD_DATA.A2A1<8>
    DSP48E2_X17Y53       DSP_MULTIPLIER (Prop_DSP_MULTIPLIER_DSP48E2_A2A1[8]_U[21])
                                                      0.505     5.876 f  g_int8.u_p520/u_mac_mul/s10/DSP_MULTIPLIER_INST/U[21]
                         net (fo=1, routed)           0.000     5.876    g_int8.u_p520/u_mac_mul/s10/DSP_MULTIPLIER.U<21>
    DSP48E2_X17Y53       DSP_M_DATA (Prop_DSP_M_DATA_DSP48E2_U[21]_U_DATA[21])
                                                      0.047     5.923 r  g_int8.u_p520/u_mac_mul/s10/DSP_M_DATA_INST/U_DATA[21]
                         net (fo=1, routed)           0.000     5.923    g_int8.u_p520/u_mac_mul/s10/DSP_M_DATA.U_DATA<21>
    DSP48E2_X17Y53       DSP_ALU (Prop_DSP_ALU_DSP48E2_U_DATA[21]_ALU_OUT[21])
                                                      0.585     6.508 f  g_int8.u_p520/u_mac_mul/s10/DSP_ALU_INST/ALU_OUT[21]
                         net (fo=1, routed)           0.000     6.508    g_int8.u_p520/u_mac_mul/s10/DSP_ALU.ALU_OUT<21>
    DSP48E2_X17Y53       DSP_OUTPUT (Prop_DSP_OUTPUT_DSP48E2_ALU_OUT[21]_P[21])
                                                      0.109     6.617 r  g_int8.u_p520/u_mac_mul/s10/DSP_OUTPUT_INST/P[21]
                         net (fo=2, routed)           0.305     6.922    g_int8.u_p520/u_mac_mul/s10_n_84
    SLICE_X89Y131        LUT2 (Prop_E6LUT_SLICEL_I0_O)
                                                      0.090     7.012 r  g_int8.u_p520/u_mac_mul/s2_reg_i_20__0/O
                         net (fo=1, routed)           0.007     7.019    g_int8.u_p520/u_mac_mul/s2_reg_i_20__0_n_0
    SLICE_X89Y131        CARRY8 (Prop_CARRY8_SLICEL_S[4]_CO[7])
                                                      0.153     7.172 r  g_int8.u_p520/u_mac_mul/s2_reg_i_3__0/CO[7]
                         net (fo=1, routed)           0.026     7.198    g_int8.u_p520/u_mac_mul/s2_reg_i_3__0_n_0
    SLICE_X89Y132        CARRY8 (Prop_CARRY8_SLICEL_CI_O[6])
                                                      0.103     7.301 r  g_int8.u_p520/u_mac_mul/s2_reg_i_2__0/O[6]
                         net (fo=1, routed)           0.314     7.615    g_int8.u_p520/u_mac_mul/s100_out[14]
    SLICE_X89Y132        FDRE                                         r  g_int8.u_p520/u_mac_mul/s3[23]_i_60__0_psdsp_6/D
  -------------------------------------------------------------------    -------------------

                         (clock clk rise edge)        5.000     5.000 r  
    T8                                                0.000     5.000 r  clk (IN)
                         net (fo=0)                   0.000     5.000    clk_IBUF_inst/I
    T8                   INBUF (Prop_INBUF_HPIOB_M_PAD_O)
                                                      0.272     5.272 r  clk_IBUF_inst/INBUF_INST/O
                         net (fo=1, routed)           0.000     5.272    clk_IBUF_inst/OUT
    T8                   IBUFCTRL (Prop_IBUFCTRL_HPIOB_M_I_O)
                                                      0.000     5.272 r  clk_IBUF_inst/IBUFCTRL_INST/O
                         net (fo=1, routed)           0.293     5.565    clk_IBUF
    BUFGCE_X0Y77         BUFGCE (Prop_BUFCE_BUFGCE_I_O)
                                                      0.024     5.589 r  clk_IBUF_BUFG_inst/O
    X2Y1 (CLOCK_ROOT)    net (fo=1013, routed)        2.067     7.655    g_int8.u_p520/u_mac_mul/clk_IBUF_BUFG
    SLICE_X89Y132        FDRE                                         r  g_int8.u_p520/u_mac_mul/s3[23]_i_60__0_psdsp_6/C
                         clock pessimism              0.459     8.114    
                         clock uncertainty           -0.035     8.079    
    SLICE_X89Y132        FDRE (Setup_FFF2_SLICEL_C_D)
                                                      0.025     8.104    g_int8.u_p520/u_mac_mul/s3[23]_i_60__0_psdsp_6
  -------------------------------------------------------------------
                         required time                          8.104    
                         arrival time                          -7.615    
  -------------------------------------------------------------------
                         slack                                  0.488    

Slack (MET) :             0.491ns  (required time - arrival time)
  Source:                 g_int8.u_p254/u_engine/u_mul/s4_reg[19]/C
                            (rising edge-triggered cell FDRE clocked by clk  {rise@0.000ns fall@2.500ns period=5.000ns})
  Destination:            g_int8.u_p254/u_engine/u_mul/p_out_reg[17]/D
                            (rising edge-triggered cell FDRE clocked by clk  {rise@0.000ns fall@2.500ns period=5.000ns})
  Path Group:             clk
  Path Type:              Setup (Max at Slow Process Corner)
  Requirement:            5.000ns  (clk rise@5.000ns - clk rise@0.000ns)
  Data Path Delay:        4.411ns  (logic 1.885ns (42.731%)  route 2.526ns (57.269%))
  Logic Levels:           18  (CARRY8=9 LUT2=1 LUT3=3 LUT4=2 LUT5=2 LUT6=1)
  Clock Path Skew:        -0.088ns (DCD - SCD + CPR)
    Destination Clock Delay (DCD):    2.472ns = ( 7.472 - 5.000 ) 
    Source Clock Delay      (SCD):    3.004ns
    Clock Pessimism Removal (CPR):    0.444ns
  Clock Uncertainty:      0.035ns  ((TSJ^2 + TIJ^2)^1/2 + DJ) / 2 + PE
    Total System Jitter     (TSJ):    0.071ns
    Total Input Jitter      (TIJ):    0.000ns
    Discrete Jitter          (DJ):    0.000ns
    Phase Error              (PE):    0.000ns
  Clock Net Delay (Source):      2.122ns (routing 1.289ns, distribution 0.833ns)
  Clock Net Delay (Destination): 1.883ns (routing 1.173ns, distribution 0.710ns)

    Location             Delay type                Incr(ns)  Path(ns)    Netlist Resource(s)
  -------------------------------------------------------------------    -------------------
                         (clock clk rise edge)        0.000     0.000 r  
    T8                                                0.000     0.000 r  clk (IN)
                         net (fo=0)                   0.000     0.000    clk_IBUF_inst/I
    T8                   INBUF (Prop_INBUF_HPIOB_M_PAD_O)
                                                      0.522     0.522 r  clk_IBUF_inst/INBUF_INST/O
                         net (fo=1, routed)           0.000     0.522    clk_IBUF_inst/OUT
    T8                   IBUFCTRL (Prop_IBUFCTRL_HPIOB_M_I_O)
                                                      0.000     0.522 r  clk_IBUF_inst/IBUFCTRL_INST/O
                         net (fo=1, routed)           0.332     0.854    clk_IBUF
    BUFGCE_X0Y77         BUFGCE (Prop_BUFCE_BUFGCE_I_O)
                                                      0.028     0.882 r  clk_IBUF_BUFG_inst/O
    X2Y1 (CLOCK_ROOT)    net (fo=1013, routed)        2.122     3.004    g_int8.u_p254/u_engine/u_mul/clk_IBUF_BUFG
    SLICE_X70Y107        FDRE                                         r  g_int8.u_p254/u_engine/u_mul/s4_reg[19]/C
  -------------------------------------------------------------------    -------------------
    SLICE_X70Y107        FDRE (Prop_DFF_SLICEM_C_Q)
                                                      0.078     3.082 r  g_int8.u_p254/u_engine/u_mul/s4_reg[19]/Q
                         net (fo=14, routed)          0.220     3.302    g_int8.u_p254/u_engine/u_mul/s4[19]
    SLICE_X69Y108        LUT2 (Prop_E6LUT_SLICEL_I0_O)
                                                      0.123     3.425 r  g_int8.u_p254/u_engine/u_mul/p_out[7]_i_25/O
                         net (fo=1, routed)           0.007     3.432    g_int8.u_p254/u_engine/u_mul/p_out[7]_i_25_n_0
    SLICE_X69Y108        CARRY8 (Prop_CARRY8_SLICEL_S[4]_CO[7])
                                                      0.153     3.585 r  g_int8.u_p254/u_engine/u_mul/p_out_reg[7]_i_12/CO[7]
                         net (fo=1, routed)           0.026     3.611    g_int8.u_p254/u_engine/u_mul/p_out_reg[7]_i_12_n_0
    SLICE_X69Y109        CARRY8 (Prop_CARRY8_SLICEL_CI_CO[7])
                                                      0.015     3.626 r  g_int8.u_p254/u_engine/u_mul/p_out_reg[7]_i_13/CO[7]
                         net (fo=1, routed)           0.026     3.652    g_int8.u_p254/u_engine/u_mul/p_out_reg[7]_i_13_n_0
    SLICE_X69Y110        CARRY8 (Prop_CARRY8_SLICEL_CI_O[7])
                                                      0.116     3.768 r  g_int8.u_p254/u_engine/u_mul/p_out_reg[17]_i_271/O[7]
                         net (fo=2, routed)           0.287     4.055    g_int8.u_p254/u_engine/u_mul/p_out_reg[17]_i_271_n_8
    SLICE_X70Y115        LUT3 (Prop_E5LUT_SLICEM_I2_O)
                                                      0.139     4.194 r  g_int8.u_p254/u_engine/u_mul/p_out[17]_i_165/O
                         net (fo=2, routed)           0.194     4.388    g_int8.u_p254/u_engine/u_mul/p_out[17]_i_165_n_0
    SLICE_X70Y115        LUT4 (Prop_F6LUT_SLICEM_I3_O)
                                                      0.148     4.536 r  g_int8.u_p254/u_engine/u_mul/p_out[17]_i_173/O
                         net (fo=1, routed)           0.022     4.558    g_int8.u_p254/u_engine/u_mul/p_out[17]_i_173_n_0
    SLICE_X70Y115        CARRY8 (Prop_CARRY8_SLICEM_S[5]_CO[7])
                                                      0.159     4.717 r  g_int8.u_p254/u_engine/u_mul/p_out_reg[17]_i_71/CO[7]
                         net (fo=1, routed)           0.026     4.743    g_int8.u_p254/u_engine/u_mul/p_out_reg[17]_i_71_n_0
    SLICE_X70Y116        CARRY8 (Prop_CARRY8_SLICEM_CI_O[0])
                                                      0.056     4.799 r  g_int8.u_p254/u_engine/u_mul/p_out_reg[17]_i_69/O[0]
                         net (fo=3, routed)           0.383     5.182    g_int8.u_p254/u_engine/u_mul/p_out_reg[17]_i_69_n_15
    SLICE_X74Y115        LUT3 (Prop_H6LUT_SLICEM_I1_O)
                                                      0.101     5.283 r  g_int8.u_p254/u_engine/u_mul/p_out[17]_i_23/O
                         net (fo=1, routed)           0.249     5.532    g_int8.u_p254/u_engine/u_mul/p_out[17]_i_23_n_0
    SLICE_X72Y115        CARRY8 (Prop_CARRY8_SLICEL_DI[5]_CO[7])
                                                      0.083     5.615 r  g_int8.u_p254/u_engine/u_mul/p_out_reg[17]_i_9/CO[7]
                         net (fo=1, routed)           0.026     5.641    g_int8.u_p254/u_engine/u_mul/p_out_reg[17]_i_9_n_0
    SLICE_X72Y116        CARRY8 (Prop_CARRY8_SLICEL_CI_O[1])
                                                      0.076     5.717 r  g_int8.u_p254/u_engine/u_mul/p_out_reg[17]_i_54/O[1]
                         net (fo=1, routed)           0.344     6.061    g_int8.u_p254/u_engine/u_mul/fold_once0_return0[32]
    SLICE_X73Y116        CARRY8 (Prop_CARRY8_SLICEM_S[0]_CO[7])
                                                      0.192     6.253 r  g_int8.u_p254/u_engine/u_mul/p_out_reg[17]_i_109/CO[7]
                         net (fo=1, routed)           0.026     6.279    g_int8.u_p254/u_engine/u_mul/p_out_reg[17]_i_109_n_0
    SLICE_X73Y117        CARRY8 (Prop_CARRY8_SLICEM_CI_O[6])
                                                      0.103     6.382 r  g_int8.u_p254/u_engine/u_mul/p_out_reg[17]_i_56/O[6]
                         net (fo=1, routed)           0.172     6.554    g_int8.u_p254/u_engine/u_mul/p_out_reg[17]_i_56_n_9
    SLICE_X73Y120        LUT4 (Prop_B6LUT_SLICEM_I2_O)
                                                      0.089     6.643 r  g_int8.u_p254/u_engine/u_mul/p_out[17]_i_58/O
                         net (fo=1, routed)           0.093     6.736    g_int8.u_p254/u_engine/u_mul/p_out[17]_i_58_n_0
    SLICE_X73Y120        LUT5 (Prop_C6LUT_SLICEM_I4_O)
                                                      0.051     6.787 r  g_int8.u_p254/u_engine/u_mul/p_out[17]_i_17/O
                         net (fo=1, routed)           0.040     6.827    g_int8.u_p254/u_engine/u_mul/p_out[17]_i_17_n_0
    SLICE_X73Y120        LUT6 (Prop_D6LUT_SLICEM_I0_O)
                                                      0.037     6.864 r  g_int8.u_p254/u_engine/u_mul/p_out[17]_i_6/O
                         net (fo=1, routed)           0.222     7.086    g_int8.u_p254/u_engine/u_mul/p_out[17]_i_6_n_0
    SLICE_X74Y114        LUT5 (Prop_G6LUT_SLICEM_I1_O)
                                                      0.100     7.186 r  g_int8.u_p254/u_engine/u_mul/p_out[17]_i_3/O
                         net (fo=18, routed)          0.148     7.334    g_int8.u_p254/u_engine/u_mul/normalize01
    SLICE_X75Y113        LUT3 (Prop_D5LUT_SLICEL_I1_O)
                                                      0.066     7.400 r  g_int8.u_p254/u_engine/u_mul/p_out[17]_i_1__1/O
                         net (fo=1, routed)           0.015     7.415    g_int8.u_p254/u_engine/u_mul/normalize0_return[17]
    SLICE_X75Y113        FDRE                                         r  g_int8.u_p254/u_engine/u_mul/p_out_reg[17]/D
  -------------------------------------------------------------------    -------------------

                         (clock clk rise edge)        5.000     5.000 r  
    T8                                                0.000     5.000 r  clk (IN)
                         net (fo=0)                   0.000     5.000    clk_IBUF_inst/I
    T8                   INBUF (Prop_INBUF_HPIOB_M_PAD_O)
                                                      0.272     5.272 r  clk_IBUF_inst/INBUF_INST/O
                         net (fo=1, routed)           0.000     5.272    clk_IBUF_inst/OUT
    T8                   IBUFCTRL (Prop_IBUFCTRL_HPIOB_M_I_O)
                                                      0.000     5.272 r  clk_IBUF_inst/IBUFCTRL_INST/O
                         net (fo=1, routed)           0.293     5.565    clk_IBUF
    BUFGCE_X0Y77         BUFGCE (Prop_BUFCE_BUFGCE_I_O)
                                                      0.024     5.589 r  clk_IBUF_BUFG_inst/O
    X2Y1 (CLOCK_ROOT)    net (fo=1013, routed)        1.883     7.472    g_int8.u_p254/u_engine/u_mul/clk_IBUF_BUFG
    SLICE_X75Y113        FDRE                                         r  g_int8.u_p254/u_engine/u_mul/p_out_reg[17]/C
                         clock pessimism              0.444     7.916    
                         clock uncertainty           -0.035     7.881    
    SLICE_X75Y113        FDRE (Setup_DFF2_SLICEL_C_D)
                                                      0.025     7.906    g_int8.u_p254/u_engine/u_mul/p_out_reg[17]
  -------------------------------------------------------------------
                         required time                          7.906    
                         arrival time                          -7.415    
  -------------------------------------------------------------------
                         slack                                  0.491    

Slack (MET) :             0.494ns  (required time - arrival time)
  Source:                 g_int8.u_p520/u_engine/u_ping/mem_reg_bram_0/CLKBWRCLK
                            (rising edge-triggered cell RAMB36E2 clocked by clk  {rise@0.000ns fall@2.500ns period=5.000ns})
  Destination:            g_int8.u_p520/u_mac_mul/s3[23]_i_60__0_psdsp_4/D
                            (rising edge-triggered cell FDRE clocked by clk  {rise@0.000ns fall@2.500ns period=5.000ns})
  Path Group:             clk
  Path Type:              Setup (Max at Slow Process Corner)
  Requirement:            5.000ns  (clk rise@5.000ns - clk rise@0.000ns)
  Data Path Delay:        4.273ns  (logic 2.754ns (64.449%)  route 1.519ns (35.551%))
  Logic Levels:           11  (CARRY8=3 DSP_A_B_DATA=1 DSP_ALU=1 DSP_M_DATA=1 DSP_MULTIPLIER=1 DSP_OUTPUT=1 DSP_PREADD_DATA=1 LUT2=1 LUT3=1)
  Clock Path Skew:        -0.223ns (DCD - SCD + CPR)
    Destination Clock Delay (DCD):    2.650ns = ( 7.650 - 5.000 ) 
    Source Clock Delay      (SCD):    3.331ns
    Clock Pessimism Removal (CPR):    0.459ns
  Clock Uncertainty:      0.035ns  ((TSJ^2 + TIJ^2)^1/2 + DJ) / 2 + PE
    Total System Jitter     (TSJ):    0.071ns
    Total Input Jitter      (TIJ):    0.000ns
    Discrete Jitter          (DJ):    0.000ns
    Phase Error              (PE):    0.000ns
  Clock Net Delay (Source):      2.449ns (routing 1.289ns, distribution 1.160ns)
  Clock Net Delay (Destination): 2.061ns (routing 1.173ns, distribution 0.888ns)

    Location             Delay type                Incr(ns)  Path(ns)    Netlist Resource(s)
  -------------------------------------------------------------------    -------------------
                         (clock clk rise edge)        0.000     0.000 r  
    T8                                                0.000     0.000 r  clk (IN)
                         net (fo=0)                   0.000     0.000    clk_IBUF_inst/I
    T8                   INBUF (Prop_INBUF_HPIOB_M_PAD_O)
                                                      0.522     0.522 r  clk_IBUF_inst/INBUF_INST/O
                         net (fo=1, routed)           0.000     0.522    clk_IBUF_inst/OUT
    T8                   IBUFCTRL (Prop_IBUFCTRL_HPIOB_M_I_O)
                                                      0.000     0.522 r  clk_IBUF_inst/IBUFCTRL_INST/O
                         net (fo=1, routed)           0.332     0.854    clk_IBUF
    BUFGCE_X0Y77         BUFGCE (Prop_BUFCE_BUFGCE_I_O)
                                                      0.028     0.882 r  clk_IBUF_BUFG_inst/O
    X2Y1 (CLOCK_ROOT)    net (fo=1013, routed)        2.449     3.331    g_int8.u_p520/u_engine/u_ping/clk_IBUF_BUFG
    RAMB36_X12Y25        RAMB36E2                                     r  g_int8.u_p520/u_engine/u_ping/mem_reg_bram_0/CLKBWRCLK
  -------------------------------------------------------------------    -------------------
    RAMB36_X12Y25        RAMB36E2 (Prop_RAMB36E2_RAMB36_CLKBWRCLK_DOUTBDOUT[8])
                                                      0.876     4.207 f  g_int8.u_p520/u_engine/u_ping/mem_reg_bram_0/DOUTBDOUT[8]
                         net (fo=6, routed)           0.488     4.695    g_int8.u_p520/u_engine/u_ping/DOUTBDOUT[8]
    SLICE_X94Y132        LUT3 (Prop_D6LUT_SLICEL_I0_O)
                                                      0.050     4.745 f  g_int8.u_p520/u_engine/u_ping/s10_i_11__0/O
                         net (fo=3, routed)           0.358     5.103    g_int8.u_p520/u_mac_mul/s10/A[8]
    DSP48E2_X17Y53       DSP_A_B_DATA (Prop_DSP_A_B_DATA_DSP48E2_A[8]_A2_DATA[8])
                                                      0.192     5.295 r  g_int8.u_p520/u_mac_mul/s10/DSP_A_B_DATA_INST/A2_DATA[8]
                         net (fo=1, routed)           0.000     5.295    g_int8.u_p520/u_mac_mul/s10/DSP_A_B_DATA.A2_DATA<8>
    DSP48E2_X17Y53       DSP_PREADD_DATA (Prop_DSP_PREADD_DATA_DSP48E2_A2_DATA[8]_A2A1[8])
                                                      0.076     5.371 r  g_int8.u_p520/u_mac_mul/s10/DSP_PREADD_DATA_INST/A2A1[8]
                         net (fo=1, routed)           0.000     5.371    g_int8.u_p520/u_mac_mul/s10/DSP_PREADD_DATA.A2A1<8>
    DSP48E2_X17Y53       DSP_MULTIPLIER (Prop_DSP_MULTIPLIER_DSP48E2_A2A1[8]_U[21])
                                                      0.505     5.876 f  g_int8.u_p520/u_mac_mul/s10/DSP_MULTIPLIER_INST/U[21]
                         net (fo=1, routed)           0.000     5.876    g_int8.u_p520/u_mac_mul/s10/DSP_MULTIPLIER.U<21>
    DSP48E2_X17Y53       DSP_M_DATA (Prop_DSP_M_DATA_DSP48E2_U[21]_U_DATA[21])
                                                      0.047     5.923 r  g_int8.u_p520/u_mac_mul/s10/DSP_M_DATA_INST/U_DATA[21]
                         net (fo=1, routed)           0.000     5.923    g_int8.u_p520/u_mac_mul/s10/DSP_M_DATA.U_DATA<21>
    DSP48E2_X17Y53       DSP_ALU (Prop_DSP_ALU_DSP48E2_U_DATA[21]_ALU_OUT[21])
                                                      0.585     6.508 f  g_int8.u_p520/u_mac_mul/s10/DSP_ALU_INST/ALU_OUT[21]
                         net (fo=1, routed)           0.000     6.508    g_int8.u_p520/u_mac_mul/s10/DSP_ALU.ALU_OUT<21>
    DSP48E2_X17Y53       DSP_OUTPUT (Prop_DSP_OUTPUT_DSP48E2_ALU_OUT[21]_P[21])
                                                      0.109     6.617 r  g_int8.u_p520/u_mac_mul/s10/DSP_OUTPUT_INST/P[21]
                         net (fo=2, routed)           0.305     6.922    g_int8.u_p520/u_mac_mul/s10_n_84
    SLICE_X89Y131        LUT2 (Prop_E6LUT_SLICEL_I0_O)
                                                      0.090     7.012 r  g_int8.u_p520/u_mac_mul/s2_reg_i_20__0/O
                         net (fo=1, routed)           0.007     7.019    g_int8.u_p520/u_mac_mul/s2_reg_i_20__0_n_0
    SLICE_X89Y131        CARRY8 (Prop_CARRY8_SLICEL_S[4]_CO[7])
                                                      0.153     7.172 r  g_int8.u_p520/u_mac_mul/s2_reg_i_3__0/CO[7]
                         net (fo=1, routed)           0.026     7.198    g_int8.u_p520/u_mac_mul/s2_reg_i_3__0_n_0
    SLICE_X89Y132        CARRY8 (Prop_CARRY8_SLICEL_CI_CO[7])
                                                      0.015     7.213 r  g_int8.u_p520/u_mac_mul/s2_reg_i_2__0/CO[7]
                         net (fo=1, routed)           0.026     7.239    g_int8.u_p520/u_mac_mul/s2_reg_i_2__0_n_0
    SLICE_X89Y133        CARRY8 (Prop_CARRY8_SLICEL_CI_O[0])
                                                      0.056     7.295 r  g_int8.u_p520/u_mac_mul/s2_reg_i_1__0/O[0]
                         net (fo=1, routed)           0.309     7.604    g_int8.u_p520/u_mac_mul/s100_out[16]
    SLICE_X89Y133        FDRE                                         r  g_int8.u_p520/u_mac_mul/s3[23]_i_60__0_psdsp_4/D
  -------------------------------------------------------------------    -------------------

                         (clock clk rise edge)        5.000     5.000 r  
    T8                                                0.000     5.000 r  clk (IN)
                         net (fo=0)                   0.000     5.000    clk_IBUF_inst/I
    T8                   INBUF (Prop_INBUF_HPIOB_M_PAD_O)
                                                      0.272     5.272 r  clk_IBUF_inst/INBUF_INST/O
                         net (fo=1, routed)           0.000     5.272    clk_IBUF_inst/OUT
    T8                   IBUFCTRL (Prop_IBUFCTRL_HPIOB_M_I_O)
                                                      0.000     5.272 r  clk_IBUF_inst/IBUFCTRL_INST/O
                         net (fo=1, routed)           0.293     5.565    clk_IBUF
    BUFGCE_X0Y77         BUFGCE (Prop_BUFCE_BUFGCE_I_O)
                                                      0.024     5.589 r  clk_IBUF_BUFG_inst/O
    X2Y1 (CLOCK_ROOT)    net (fo=1013, routed)        2.061     7.650    g_int8.u_p520/u_mac_mul/clk_IBUF_BUFG
    SLICE_X89Y133        FDRE                                         r  g_int8.u_p520/u_mac_mul/s3[23]_i_60__0_psdsp_4/C
                         clock pessimism              0.459     8.108    
                         clock uncertainty           -0.035     8.073    
    SLICE_X89Y133        FDRE (Setup_GFF2_SLICEL_C_D)
                                                      0.025     8.098    g_int8.u_p520/u_mac_mul/s3[23]_i_60__0_psdsp_4
  -------------------------------------------------------------------
                         required time                          8.098    
                         arrival time                          -7.604    
  -------------------------------------------------------------------
                         slack                                  0.494    

Slack (MET) :             0.494ns  (required time - arrival time)
  Source:                 g_int8.u_p254/u_engine/u_mul/s4_reg[19]/C
                            (rising edge-triggered cell FDRE clocked by clk  {rise@0.000ns fall@2.500ns period=5.000ns})
  Destination:            g_int8.u_p254/u_engine/u_mul/p_out_reg[13]/D
                            (rising edge-triggered cell FDRE clocked by clk  {rise@0.000ns fall@2.500ns period=5.000ns})
  Path Group:             clk
  Path Type:              Setup (Max at Slow Process Corner)
  Requirement:            5.000ns  (clk rise@5.000ns - clk rise@0.000ns)
  Data Path Delay:        4.408ns  (logic 1.885ns (42.766%)  route 2.523ns (57.234%))
  Logic Levels:           18  (CARRY8=9 LUT2=1 LUT3=3 LUT4=2 LUT5=2 LUT6=1)
  Clock Path Skew:        -0.088ns (DCD - SCD + CPR)
    Destination Clock Delay (DCD):    2.472ns = ( 7.472 - 5.000 ) 
    Source Clock Delay      (SCD):    3.004ns
    Clock Pessimism Removal (CPR):    0.444ns
  Clock Uncertainty:      0.035ns  ((TSJ^2 + TIJ^2)^1/2 + DJ) / 2 + PE
    Total System Jitter     (TSJ):    0.071ns
    Total Input Jitter      (TIJ):    0.000ns
    Discrete Jitter          (DJ):    0.000ns
    Phase Error              (PE):    0.000ns
  Clock Net Delay (Source):      2.122ns (routing 1.289ns, distribution 0.833ns)
  Clock Net Delay (Destination): 1.883ns (routing 1.173ns, distribution 0.710ns)

    Location             Delay type                Incr(ns)  Path(ns)    Netlist Resource(s)
  -------------------------------------------------------------------    -------------------
                         (clock clk rise edge)        0.000     0.000 r  
    T8                                                0.000     0.000 r  clk (IN)
                         net (fo=0)                   0.000     0.000    clk_IBUF_inst/I
    T8                   INBUF (Prop_INBUF_HPIOB_M_PAD_O)
                                                      0.522     0.522 r  clk_IBUF_inst/INBUF_INST/O
                         net (fo=1, routed)           0.000     0.522    clk_IBUF_inst/OUT
    T8                   IBUFCTRL (Prop_IBUFCTRL_HPIOB_M_I_O)
                                                      0.000     0.522 r  clk_IBUF_inst/IBUFCTRL_INST/O
                         net (fo=1, routed)           0.332     0.854    clk_IBUF
    BUFGCE_X0Y77         BUFGCE (Prop_BUFCE_BUFGCE_I_O)
                                                      0.028     0.882 r  clk_IBUF_BUFG_inst/O
    X2Y1 (CLOCK_ROOT)    net (fo=1013, routed)        2.122     3.004    g_int8.u_p254/u_engine/u_mul/clk_IBUF_BUFG
    SLICE_X70Y107        FDRE                                         r  g_int8.u_p254/u_engine/u_mul/s4_reg[19]/C
  -------------------------------------------------------------------    -------------------
    SLICE_X70Y107        FDRE (Prop_DFF_SLICEM_C_Q)
                                                      0.078     3.082 r  g_int8.u_p254/u_engine/u_mul/s4_reg[19]/Q
                         net (fo=14, routed)          0.220     3.302    g_int8.u_p254/u_engine/u_mul/s4[19]
    SLICE_X69Y108        LUT2 (Prop_E6LUT_SLICEL_I0_O)
                                                      0.123     3.425 r  g_int8.u_p254/u_engine/u_mul/p_out[7]_i_25/O
                         net (fo=1, routed)           0.007     3.432    g_int8.u_p254/u_engine/u_mul/p_out[7]_i_25_n_0
    SLICE_X69Y108        CARRY8 (Prop_CARRY8_SLICEL_S[4]_CO[7])
                                                      0.153     3.585 r  g_int8.u_p254/u_engine/u_mul/p_out_reg[7]_i_12/CO[7]
                         net (fo=1, routed)           0.026     3.611    g_int8.u_p254/u_engine/u_mul/p_out_reg[7]_i_12_n_0
    SLICE_X69Y109        CARRY8 (Prop_CARRY8_SLICEL_CI_CO[7])
                                                      0.015     3.626 r  g_int8.u_p254/u_engine/u_mul/p_out_reg[7]_i_13/CO[7]
                         net (fo=1, routed)           0.026     3.652    g_int8.u_p254/u_engine/u_mul/p_out_reg[7]_i_13_n_0
    SLICE_X69Y110        CARRY8 (Prop_CARRY8_SLICEL_CI_O[7])
                                                      0.116     3.768 r  g_int8.u_p254/u_engine/u_mul/p_out_reg[17]_i_271/O[7]
                         net (fo=2, routed)           0.287     4.055    g_int8.u_p254/u_engine/u_mul/p_out_reg[17]_i_271_n_8
    SLICE_X70Y115        LUT3 (Prop_E5LUT_SLICEM_I2_O)
                                                      0.139     4.194 r  g_int8.u_p254/u_engine/u_mul/p_out[17]_i_165/O
                         net (fo=2, routed)           0.194     4.388    g_int8.u_p254/u_engine/u_mul/p_out[17]_i_165_n_0
    SLICE_X70Y115        LUT4 (Prop_F6LUT_SLICEM_I3_O)
                                                      0.148     4.536 r  g_int8.u_p254/u_engine/u_mul/p_out[17]_i_173/O
                         net (fo=1, routed)           0.022     4.558    g_int8.u_p254/u_engine/u_mul/p_out[17]_i_173_n_0
    SLICE_X70Y115        CARRY8 (Prop_CARRY8_SLICEM_S[5]_CO[7])
                                                      0.159     4.717 r  g_int8.u_p254/u_engine/u_mul/p_out_reg[17]_i_71/CO[7]
                         net (fo=1, routed)           0.026     4.743    g_int8.u_p254/u_engine/u_mul/p_out_reg[17]_i_71_n_0
    SLICE_X70Y116        CARRY8 (Prop_CARRY8_SLICEM_CI_O[0])
                                                      0.056     4.799 r  g_int8.u_p254/u_engine/u_mul/p_out_reg[17]_i_69/O[0]
                         net (fo=3, routed)           0.383     5.182    g_int8.u_p254/u_engine/u_mul/p_out_reg[17]_i_69_n_15
    SLICE_X74Y115        LUT3 (Prop_H6LUT_SLICEM_I1_O)
                                                      0.101     5.283 r  g_int8.u_p254/u_engine/u_mul/p_out[17]_i_23/O
                         net (fo=1, routed)           0.249     5.532    g_int8.u_p254/u_engine/u_mul/p_out[17]_i_23_n_0
    SLICE_X72Y115        CARRY8 (Prop_CARRY8_SLICEL_DI[5]_CO[7])
                                                      0.083     5.615 r  g_int8.u_p254/u_engine/u_mul/p_out_reg[17]_i_9/CO[7]
                         net (fo=1, routed)           0.026     5.641    g_int8.u_p254/u_engine/u_mul/p_out_reg[17]_i_9_n_0
    SLICE_X72Y116        CARRY8 (Prop_CARRY8_SLICEL_CI_O[1])
                                                      0.076     5.717 r  g_int8.u_p254/u_engine/u_mul/p_out_reg[17]_i_54/O[1]
                         net (fo=1, routed)           0.344     6.061    g_int8.u_p254/u_engine/u_mul/fold_once0_return0[32]
    SLICE_X73Y116        CARRY8 (Prop_CARRY8_SLICEM_S[0]_CO[7])
                                                      0.192     6.253 r  g_int8.u_p254/u_engine/u_mul/p_out_reg[17]_i_109/CO[7]
                         net (fo=1, routed)           0.026     6.279    g_int8.u_p254/u_engine/u_mul/p_out_reg[17]_i_109_n_0
    SLICE_X73Y117        CARRY8 (Prop_CARRY8_SLICEM_CI_O[6])
                                                      0.103     6.382 r  g_int8.u_p254/u_engine/u_mul/p_out_reg[17]_i_56/O[6]
                         net (fo=1, routed)           0.172     6.554    g_int8.u_p254/u_engine/u_mul/p_out_reg[17]_i_56_n_9
    SLICE_X73Y120        LUT4 (Prop_B6LUT_SLICEM_I2_O)
                                                      0.089     6.643 r  g_int8.u_p254/u_engine/u_mul/p_out[17]_i_58/O
                         net (fo=1, routed)           0.093     6.736    g_int8.u_p254/u_engine/u_mul/p_out[17]_i_58_n_0
    SLICE_X73Y120        LUT5 (Prop_C6LUT_SLICEM_I4_O)
                                                      0.051     6.787 r  g_int8.u_p254/u_engine/u_mul/p_out[17]_i_17/O
                         net (fo=1, routed)           0.040     6.827    g_int8.u_p254/u_engine/u_mul/p_out[17]_i_17_n_0
    SLICE_X73Y120        LUT6 (Prop_D6LUT_SLICEM_I0_O)
                                                      0.037     6.864 r  g_int8.u_p254/u_engine/u_mul/p_out[17]_i_6/O
                         net (fo=1, routed)           0.222     7.086    g_int8.u_p254/u_engine/u_mul/p_out[17]_i_6_n_0
    SLICE_X74Y114        LUT5 (Prop_G6LUT_SLICEM_I1_O)
                                                      0.100     7.186 r  g_int8.u_p254/u_engine/u_mul/p_out[17]_i_3/O
                         net (fo=18, routed)          0.145     7.330    g_int8.u_p254/u_engine/u_mul/normalize01
    SLICE_X75Y112        LUT3 (Prop_D5LUT_SLICEL_I1_O)
                                                      0.066     7.396 r  g_int8.u_p254/u_engine/u_mul/p_out[13]_i_1__1/O
                         net (fo=1, routed)           0.015     7.411    g_int8.u_p254/u_engine/u_mul/normalize0_return[13]
    SLICE_X75Y112        FDRE                                         r  g_int8.u_p254/u_engine/u_mul/p_out_reg[13]/D
  -------------------------------------------------------------------    -------------------

                         (clock clk rise edge)        5.000     5.000 r  
    T8                                                0.000     5.000 r  clk (IN)
                         net (fo=0)                   0.000     5.000    clk_IBUF_inst/I
    T8                   INBUF (Prop_INBUF_HPIOB_M_PAD_O)
                                                      0.272     5.272 r  clk_IBUF_inst/INBUF_INST/O
                         net (fo=1, routed)           0.000     5.272    clk_IBUF_inst/OUT
    T8                   IBUFCTRL (Prop_IBUFCTRL_HPIOB_M_I_O)
                                                      0.000     5.272 r  clk_IBUF_inst/IBUFCTRL_INST/O
                         net (fo=1, routed)           0.293     5.565    clk_IBUF
    BUFGCE_X0Y77         BUFGCE (Prop_BUFCE_BUFGCE_I_O)
                                                      0.024     5.589 r  clk_IBUF_BUFG_inst/O
    X2Y1 (CLOCK_ROOT)    net (fo=1013, routed)        1.883     7.472    g_int8.u_p254/u_engine/u_mul/clk_IBUF_BUFG
    SLICE_X75Y112        FDRE                                         r  g_int8.u_p254/u_engine/u_mul/p_out_reg[13]/C
                         clock pessimism              0.444     7.916    
                         clock uncertainty           -0.035     7.881    
    SLICE_X75Y112        FDRE (Setup_DFF2_SLICEL_C_D)
                                                      0.025     7.906    g_int8.u_p254/u_engine/u_mul/p_out_reg[13]
  -------------------------------------------------------------------
                         required time                          7.906    
                         arrival time                          -7.411    
  -------------------------------------------------------------------
                         slack                                  0.494    

Slack (MET) :             0.495ns  (required time - arrival time)
  Source:                 g_int8.u_p254/u_mac_mul/s2_reg/DSP_OUTPUT_INST/CLK
                            (rising edge-triggered cell DSP_OUTPUT clocked by clk  {rise@0.000ns fall@2.500ns period=5.000ns})
  Destination:            g_int8.u_p254/u_mac_mul/s3_reg[52]/D
                            (rising edge-triggered cell FDRE clocked by clk  {rise@0.000ns fall@2.500ns period=5.000ns})
  Path Group:             clk
  Path Type:              Setup (Max at Slow Process Corner)
  Requirement:            5.000ns  (clk rise@5.000ns - clk rise@0.000ns)
  Data Path Delay:        4.291ns  (logic 1.798ns (41.900%)  route 2.493ns (58.100%))
  Logic Levels:           15  (CARRY8=10 LUT2=1 LUT3=2 LUT4=2)
  Clock Path Skew:        -0.203ns (DCD - SCD + CPR)
    Destination Clock Delay (DCD):    2.542ns = ( 7.542 - 5.000 ) 
    Source Clock Delay      (SCD):    3.198ns
    Clock Pessimism Removal (CPR):    0.452ns
  Clock Uncertainty:      0.035ns  ((TSJ^2 + TIJ^2)^1/2 + DJ) / 2 + PE
    Total System Jitter     (TSJ):    0.071ns
    Total Input Jitter      (TIJ):    0.000ns
    Discrete Jitter          (DJ):    0.000ns
    Phase Error              (PE):    0.000ns
  Clock Net Delay (Source):      2.316ns (routing 1.289ns, distribution 1.027ns)
  Clock Net Delay (Destination): 1.954ns (routing 1.173ns, distribution 0.781ns)

    Location             Delay type                Incr(ns)  Path(ns)    Netlist Resource(s)
  -------------------------------------------------------------------    -------------------
                         (clock clk rise edge)        0.000     0.000 r  
    T8                                                0.000     0.000 r  clk (IN)
                         net (fo=0)                   0.000     0.000    clk_IBUF_inst/I
    T8                   INBUF (Prop_INBUF_HPIOB_M_PAD_O)
                                                      0.522     0.522 r  clk_IBUF_inst/INBUF_INST/O
                         net (fo=1, routed)           0.000     0.522    clk_IBUF_inst/OUT
    T8                   IBUFCTRL (Prop_IBUFCTRL_HPIOB_M_I_O)
                                                      0.000     0.522 r  clk_IBUF_inst/IBUFCTRL_INST/O
                         net (fo=1, routed)           0.332     0.854    clk_IBUF
    BUFGCE_X0Y77         BUFGCE (Prop_BUFCE_BUFGCE_I_O)
                                                      0.028     0.882 r  clk_IBUF_BUFG_inst/O
    X2Y1 (CLOCK_ROOT)    net (fo=1013, routed)        2.316     3.198    g_int8.u_p254/u_mac_mul/s2_reg/CLK
    DSP48E2_X16Y44       DSP_OUTPUT                                   r  g_int8.u_p254/u_mac_mul/s2_reg/DSP_OUTPUT_INST/CLK
  -------------------------------------------------------------------    -------------------
    DSP48E2_X16Y44       DSP_OUTPUT (Prop_DSP_OUTPUT_DSP48E2_CLK_P[23])
                                                      0.214     3.412 r  g_int8.u_p254/u_mac_mul/s2_reg/DSP_OUTPUT_INST/P[23]
                         net (fo=14, routed)          0.782     4.194    g_int8.u_p254/u_mac_mul/s2_reg__0[23]
    SLICE_X78Y104        LUT2 (Prop_A6LUT_SLICEL_I0_O)
                                                      0.149     4.343 r  g_int8.u_p254/u_mac_mul/s3[7]_i_35__0/O
                         net (fo=1, routed)           0.009     4.352    g_int8.u_p254/u_mac_mul/s3[7]_i_35__0_n_0
    SLICE_X78Y104        CARRY8 (Prop_CARRY8_SLICEL_S[0]_CO[7])
                                                      0.190     4.542 r  g_int8.u_p254/u_mac_mul/s3_reg[7]_i_12__0/CO[7]
                         net (fo=1, routed)           0.026     4.568    g_int8.u_p254/u_mac_mul/s3_reg[7]_i_12__0_n_0
    SLICE_X78Y105        CARRY8 (Prop_CARRY8_SLICEL_CI_O[0])
                                                      0.056     4.624 r  g_int8.u_p254/u_mac_mul/s3_reg[59]_i_28__0/O[0]
                         net (fo=2, routed)           0.218     4.842    g_int8.u_p254/u_mac_mul/s3_reg[59]_i_28__0_n_15
    SLICE_X79Y104        LUT3 (Prop_F5LUT_SLICEM_I1_O)
                                                      0.105     4.947 r  g_int8.u_p254/u_mac_mul/s3[23]_i_51__2/O
                         net (fo=2, routed)           0.232     5.179    g_int8.u_p254/u_mac_mul/s3[23]_i_51__2_n_0
    SLICE_X79Y104        LUT4 (Prop_G6LUT_SLICEM_I3_O)
                                                      0.150     5.329 r  g_int8.u_p254/u_mac_mul/s3[23]_i_57__0/O
                         net (fo=1, routed)           0.016     5.345    g_int8.u_p254/u_mac_mul/s3[23]_i_57__0_n_0
    SLICE_X79Y104        CARRY8 (Prop_CARRY8_SLICEM_S[6]_CO[7])
                                                      0.117     5.462 r  g_int8.u_p254/u_mac_mul/s3_reg[23]_i_39__0/CO[7]
                         net (fo=1, routed)           0.026     5.488    g_int8.u_p254/u_mac_mul/s3_reg[23]_i_39__0_n_0
    SLICE_X79Y105        CARRY8 (Prop_CARRY8_SLICEM_CI_O[0])
                                                      0.056     5.544 r  g_int8.u_p254/u_mac_mul/s3_reg[31]_i_19__2/O[0]
                         net (fo=2, routed)           0.423     5.967    g_int8.u_p254/u_mac_mul/s3_reg[31]_i_19__2_n_15
    SLICE_X80Y107        LUT3 (Prop_E5LUT_SLICEL_I0_O)
                                                      0.070     6.037 r  g_int8.u_p254/u_mac_mul/s3[23]_i_8__2/O
                         net (fo=2, routed)           0.181     6.218    g_int8.u_p254/u_mac_mul/s3[23]_i_8__2_n_0
    SLICE_X80Y107        LUT4 (Prop_F6LUT_SLICEL_I3_O)
                                                      0.148     6.366 r  g_int8.u_p254/u_mac_mul/s3[23]_i_16__2/O
                         net (fo=1, routed)           0.011     6.377    g_int8.u_p254/u_mac_mul/s3[23]_i_16__2_n_0
    SLICE_X80Y107        CARRY8 (Prop_CARRY8_SLICEL_S[5]_CO[7])
                                                      0.155     6.532 r  g_int8.u_p254/u_mac_mul/s3_reg[23]_i_2__2/CO[7]
                         net (fo=1, routed)           0.026     6.558    g_int8.u_p254/u_mac_mul/s3_reg[23]_i_2__2_n_0
    SLICE_X80Y108        CARRY8 (Prop_CARRY8_SLICEL_CI_CO[7])
                                                      0.015     6.573 r  g_int8.u_p254/u_mac_mul/s3_reg[31]_i_2__2/CO[7]
                         net (fo=1, routed)           0.026     6.599    g_int8.u_p254/u_mac_mul/s3_reg[31]_i_2__2_n_0
    SLICE_X80Y109        CARRY8 (Prop_CARRY8_SLICEL_CI_CO[7])
                                                      0.015     6.614 r  g_int8.u_p254/u_mac_mul/s3_reg[39]_i_2__2/CO[7]
                         net (fo=1, routed)           0.026     6.640    g_int8.u_p254/u_mac_mul/s3_reg[39]_i_2__2_n_0
    SLICE_X80Y110        CARRY8 (Prop_CARRY8_SLICEL_CI_O[5])
                                                      0.116     6.756 r  g_int8.u_p254/u_mac_mul/s3_reg[47]_i_2__2/O[5]
                         net (fo=1, routed)           0.440     7.196    g_int8.u_p254/u_mac_mul/fold_once0_return03_in[44]
    SLICE_X79Y115        CARRY8 (Prop_CARRY8_SLICEM_S[4]_CO[7])
                                                      0.156     7.352 r  g_int8.u_p254/u_mac_mul/s3_reg[47]_i_1__2/CO[7]
                         net (fo=1, routed)           0.026     7.378    g_int8.u_p254/u_mac_mul/s3_reg[47]_i_1__2_n_0
    SLICE_X79Y116        CARRY8 (Prop_CARRY8_SLICEM_CI_O[4])
                                                      0.086     7.464 r  g_int8.u_p254/u_mac_mul/s3_reg[55]_i_1__2/O[4]
                         net (fo=1, routed)           0.025     7.489    g_int8.u_p254/u_mac_mul/fold_once0_return5_out[52]
    SLICE_X79Y116        FDRE                                         r  g_int8.u_p254/u_mac_mul/s3_reg[52]/D
  -------------------------------------------------------------------    -------------------

                         (clock clk rise edge)        5.000     5.000 r  
    T8                                                0.000     5.000 r  clk (IN)
                         net (fo=0)                   0.000     5.000    clk_IBUF_inst/I
    T8                   INBUF (Prop_INBUF_HPIOB_M_PAD_O)
                                                      0.272     5.272 r  clk_IBUF_inst/INBUF_INST/O
                         net (fo=1, routed)           0.000     5.272    clk_IBUF_inst/OUT
    T8                   IBUFCTRL (Prop_IBUFCTRL_HPIOB_M_I_O)
                                                      0.000     5.272 r  clk_IBUF_inst/IBUFCTRL_INST/O
                         net (fo=1, routed)           0.293     5.565    clk_IBUF
    BUFGCE_X0Y77         BUFGCE (Prop_BUFCE_BUFGCE_I_O)
                                                      0.024     5.589 r  clk_IBUF_BUFG_inst/O
    X2Y1 (CLOCK_ROOT)    net (fo=1013, routed)        1.954     7.542    g_int8.u_p254/u_mac_mul/clk_IBUF_BUFG
    SLICE_X79Y116        FDRE                                         r  g_int8.u_p254/u_mac_mul/s3_reg[52]/C
                         clock pessimism              0.452     7.994    
                         clock uncertainty           -0.035     7.959    
    SLICE_X79Y116        FDRE (Setup_EFF_SLICEM_C_D)
                                                      0.025     7.984    g_int8.u_p254/u_mac_mul/s3_reg[52]
  -------------------------------------------------------------------
                         required time                          7.984    
                         arrival time                          -7.489    
  -------------------------------------------------------------------
                         slack                                  0.495    

Slack (MET) :             0.499ns  (required time - arrival time)
  Source:                 g_int8.u_p254/u_mac_mul/s2_reg/DSP_OUTPUT_INST/CLK
                            (rising edge-triggered cell DSP_OUTPUT clocked by clk  {rise@0.000ns fall@2.500ns period=5.000ns})
  Destination:            g_int8.u_p254/u_mac_mul/s3_reg[51]/D
                            (rising edge-triggered cell FDRE clocked by clk  {rise@0.000ns fall@2.500ns period=5.000ns})
  Path Group:             clk
  Path Type:              Setup (Max at Slow Process Corner)
  Requirement:            5.000ns  (clk rise@5.000ns - clk rise@0.000ns)
  Data Path Delay:        4.288ns  (logic 1.794ns (41.836%)  route 2.494ns (58.164%))
  Logic Levels:           15  (CARRY8=10 LUT2=1 LUT3=2 LUT4=2)
  Clock Path Skew:        -0.202ns (DCD - SCD + CPR)
    Destination Clock Delay (DCD):    2.543ns = ( 7.543 - 5.000 ) 
    Source Clock Delay      (SCD):    3.198ns
    Clock Pessimism Removal (CPR):    0.452ns
  Clock Uncertainty:      0.035ns  ((TSJ^2 + TIJ^2)^1/2 + DJ) / 2 + PE
    Total System Jitter     (TSJ):    0.071ns
    Total Input Jitter      (TIJ):    0.000ns
    Discrete Jitter          (DJ):    0.000ns
    Phase Error              (PE):    0.000ns
  Clock Net Delay (Source):      2.316ns (routing 1.289ns, distribution 1.027ns)
  Clock Net Delay (Destination): 1.955ns (routing 1.173ns, distribution 0.782ns)

    Location             Delay type                Incr(ns)  Path(ns)    Netlist Resource(s)
  -------------------------------------------------------------------    -------------------
                         (clock clk rise edge)        0.000     0.000 r  
    T8                                                0.000     0.000 r  clk (IN)
                         net (fo=0)                   0.000     0.000    clk_IBUF_inst/I
    T8                   INBUF (Prop_INBUF_HPIOB_M_PAD_O)
                                                      0.522     0.522 r  clk_IBUF_inst/INBUF_INST/O
                         net (fo=1, routed)           0.000     0.522    clk_IBUF_inst/OUT
    T8                   IBUFCTRL (Prop_IBUFCTRL_HPIOB_M_I_O)
                                                      0.000     0.522 r  clk_IBUF_inst/IBUFCTRL_INST/O
                         net (fo=1, routed)           0.332     0.854    clk_IBUF
    BUFGCE_X0Y77         BUFGCE (Prop_BUFCE_BUFGCE_I_O)
                                                      0.028     0.882 r  clk_IBUF_BUFG_inst/O
    X2Y1 (CLOCK_ROOT)    net (fo=1013, routed)        2.316     3.198    g_int8.u_p254/u_mac_mul/s2_reg/CLK
    DSP48E2_X16Y44       DSP_OUTPUT                                   r  g_int8.u_p254/u_mac_mul/s2_reg/DSP_OUTPUT_INST/CLK
  -------------------------------------------------------------------    -------------------
    DSP48E2_X16Y44       DSP_OUTPUT (Prop_DSP_OUTPUT_DSP48E2_CLK_P[23])
                                                      0.214     3.412 r  g_int8.u_p254/u_mac_mul/s2_reg/DSP_OUTPUT_INST/P[23]
                         net (fo=14, routed)          0.782     4.194    g_int8.u_p254/u_mac_mul/s2_reg__0[23]
    SLICE_X78Y104        LUT2 (Prop_A6LUT_SLICEL_I0_O)
                                                      0.149     4.343 r  g_int8.u_p254/u_mac_mul/s3[7]_i_35__0/O
                         net (fo=1, routed)           0.009     4.352    g_int8.u_p254/u_mac_mul/s3[7]_i_35__0_n_0
    SLICE_X78Y104        CARRY8 (Prop_CARRY8_SLICEL_S[0]_CO[7])
                                                      0.190     4.542 r  g_int8.u_p254/u_mac_mul/s3_reg[7]_i_12__0/CO[7]
                         net (fo=1, routed)           0.026     4.568    g_int8.u_p254/u_mac_mul/s3_reg[7]_i_12__0_n_0
    SLICE_X78Y105        CARRY8 (Prop_CARRY8_SLICEL_CI_O[0])
                                                      0.056     4.624 r  g_int8.u_p254/u_mac_mul/s3_reg[59]_i_28__0/O[0]
                         net (fo=2, routed)           0.218     4.842    g_int8.u_p254/u_mac_mul/s3_reg[59]_i_28__0_n_15
    SLICE_X79Y104        LUT3 (Prop_F5LUT_SLICEM_I1_O)
                                                      0.105     4.947 r  g_int8.u_p254/u_mac_mul/s3[23]_i_51__2/O
                         net (fo=2, routed)           0.232     5.179    g_int8.u_p254/u_mac_mul/s3[23]_i_51__2_n_0
    SLICE_X79Y104        LUT4 (Prop_G6LUT_SLICEM_I3_O)
                                                      0.150     5.329 r  g_int8.u_p254/u_mac_mul/s3[23]_i_57__0/O
                         net (fo=1, routed)           0.016     5.345    g_int8.u_p254/u_mac_mul/s3[23]_i_57__0_n_0
    SLICE_X79Y104        CARRY8 (Prop_CARRY8_SLICEM_S[6]_CO[7])
                                                      0.117     5.462 r  g_int8.u_p254/u_mac_mul/s3_reg[23]_i_39__0/CO[7]
                         net (fo=1, routed)           0.026     5.488    g_int8.u_p254/u_mac_mul/s3_reg[23]_i_39__0_n_0
    SLICE_X79Y105        CARRY8 (Prop_CARRY8_SLICEM_CI_O[0])
                                                      0.056     5.544 r  g_int8.u_p254/u_mac_mul/s3_reg[31]_i_19__2/O[0]
                         net (fo=2, routed)           0.423     5.967    g_int8.u_p254/u_mac_mul/s3_reg[31]_i_19__2_n_15
    SLICE_X80Y107        LUT3 (Prop_E5LUT_SLICEL_I0_O)
                                                      0.070     6.037 r  g_int8.u_p254/u_mac_mul/s3[23]_i_8__2/O
                         net (fo=2, routed)           0.181     6.218    g_int8.u_p254/u_mac_mul/s3[23]_i_8__2_n_0
    SLICE_X80Y107        LUT4 (Prop_F6LUT_SLICEL_I3_O)
                                                      0.148     6.366 r  g_int8.u_p254/u_mac_mul/s3[23]_i_16__2/O
                         net (fo=1, routed)           0.011     6.377    g_int8.u_p254/u_mac_mul/s3[23]_i_16__2_n_0
    SLICE_X80Y107        CARRY8 (Prop_CARRY8_SLICEL_S[5]_CO[7])
                                                      0.155     6.532 r  g_int8.u_p254/u_mac_mul/s3_reg[23]_i_2__2/CO[7]
                         net (fo=1, routed)           0.026     6.558    g_int8.u_p254/u_mac_mul/s3_reg[23]_i_2__2_n_0
    SLICE_X80Y108        CARRY8 (Prop_CARRY8_SLICEL_CI_CO[7])
                                                      0.015     6.573 r  g_int8.u_p254/u_mac_mul/s3_reg[31]_i_2__2/CO[7]
                         net (fo=1, routed)           0.026     6.599    g_int8.u_p254/u_mac_mul/s3_reg[31]_i_2__2_n_0
    SLICE_X80Y109        CARRY8 (Prop_CARRY8_SLICEL_CI_CO[7])
                                                      0.015     6.614 r  g_int8.u_p254/u_mac_mul/s3_reg[39]_i_2__2/CO[7]
                         net (fo=1, routed)           0.026     6.640    g_int8.u_p254/u_mac_mul/s3_reg[39]_i_2__2_n_0
    SLICE_X80Y110        CARRY8 (Prop_CARRY8_SLICEL_CI_O[5])
                                                      0.116     6.756 r  g_int8.u_p254/u_mac_mul/s3_reg[47]_i_2__2/O[5]
                         net (fo=1, routed)           0.440     7.196    g_int8.u_p254/u_mac_mul/fold_once0_return03_in[44]
    SLICE_X79Y115        CARRY8 (Prop_CARRY8_SLICEM_S[4]_CO[7])
                                                      0.156     7.352 r  g_int8.u_p254/u_mac_mul/s3_reg[47]_i_1__2/CO[7]
                         net (fo=1, routed)           0.026     7.378    g_int8.u_p254/u_mac_mul/s3_reg[47]_i_1__2_n_0
    SLICE_X79Y116        CARRY8 (Prop_CARRY8_SLICEM_CI_O[3])
                                                      0.082     7.460 r  g_int8.u_p254/u_mac_mul/s3_reg[55]_i_1__2/O[3]
                         net (fo=1, routed)           0.026     7.486    g_int8.u_p254/u_mac_mul/fold_once0_return5_out[51]
    SLICE_X79Y116        FDRE                                         r  g_int8.u_p254/u_mac_mul/s3_reg[51]/D
  -------------------------------------------------------------------    -------------------

                         (clock clk rise edge)        5.000     5.000 r  
    T8                                                0.000     5.000 r  clk (IN)
                         net (fo=0)                   0.000     5.000    clk_IBUF_inst/I
    T8                   INBUF (Prop_INBUF_HPIOB_M_PAD_O)
                                                      0.272     5.272 r  clk_IBUF_inst/INBUF_INST/O
                         net (fo=1, routed)           0.000     5.272    clk_IBUF_inst/OUT
    T8                   IBUFCTRL (Prop_IBUFCTRL_HPIOB_M_I_O)
                                                      0.000     5.272 r  clk_IBUF_inst/IBUFCTRL_INST/O
                         net (fo=1, routed)           0.293     5.565    clk_IBUF
    BUFGCE_X0Y77         BUFGCE (Prop_BUFCE_BUFGCE_I_O)
                                                      0.024     5.589 r  clk_IBUF_BUFG_inst/O
    X2Y1 (CLOCK_ROOT)    net (fo=1013, routed)        1.955     7.543    g_int8.u_p254/u_mac_mul/clk_IBUF_BUFG
    SLICE_X79Y116        FDRE                                         r  g_int8.u_p254/u_mac_mul/s3_reg[51]/C
                         clock pessimism              0.452     7.995    
                         clock uncertainty           -0.035     7.960    
    SLICE_X79Y116        FDRE (Setup_DFF_SLICEM_C_D)
                                                      0.025     7.985    g_int8.u_p254/u_mac_mul/s3_reg[51]
  -------------------------------------------------------------------
                         required time                          7.985    
                         arrival time                          -7.486    
  -------------------------------------------------------------------
                         slack                                  0.499    

Slack (MET) :             0.499ns  (required time - arrival time)
  Source:                 g_int8.u_p520/u_engine/u_ping/mem_reg_bram_0/CLKBWRCLK
                            (rising edge-triggered cell RAMB36E2 clocked by clk  {rise@0.000ns fall@2.500ns period=5.000ns})
  Destination:            g_int8.u_p520/u_mac_mul/s3[23]_i_60__0_psdsp_5/D
                            (rising edge-triggered cell FDRE clocked by clk  {rise@0.000ns fall@2.500ns period=5.000ns})
  Path Group:             clk
  Path Type:              Setup (Max at Slow Process Corner)
  Requirement:            5.000ns  (clk rise@5.000ns - clk rise@0.000ns)
  Data Path Delay:        4.273ns  (logic 2.799ns (65.502%)  route 1.474ns (34.498%))
  Logic Levels:           10  (CARRY8=2 DSP_A_B_DATA=1 DSP_ALU=1 DSP_M_DATA=1 DSP_MULTIPLIER=1 DSP_OUTPUT=1 DSP_PREADD_DATA=1 LUT2=1 LUT3=1)
  Clock Path Skew:        -0.217ns (DCD - SCD + CPR)
    Destination Clock Delay (DCD):    2.655ns = ( 7.655 - 5.000 ) 
    Source Clock Delay      (SCD):    3.331ns
    Clock Pessimism Removal (CPR):    0.459ns
  Clock Uncertainty:      0.035ns  ((TSJ^2 + TIJ^2)^1/2 + DJ) / 2 + PE
    Total System Jitter     (TSJ):    0.071ns
    Total Input Jitter      (TIJ):    0.000ns
    Discrete Jitter          (DJ):    0.000ns
    Phase Error              (PE):    0.000ns
  Clock Net Delay (Source):      2.449ns (routing 1.289ns, distribution 1.160ns)
  Clock Net Delay (Destination): 2.067ns (routing 1.173ns, distribution 0.894ns)

    Location             Delay type                Incr(ns)  Path(ns)    Netlist Resource(s)
  -------------------------------------------------------------------    -------------------
                         (clock clk rise edge)        0.000     0.000 r  
    T8                                                0.000     0.000 r  clk (IN)
                         net (fo=0)                   0.000     0.000    clk_IBUF_inst/I
    T8                   INBUF (Prop_INBUF_HPIOB_M_PAD_O)
                                                      0.522     0.522 r  clk_IBUF_inst/INBUF_INST/O
                         net (fo=1, routed)           0.000     0.522    clk_IBUF_inst/OUT
    T8                   IBUFCTRL (Prop_IBUFCTRL_HPIOB_M_I_O)
                                                      0.000     0.522 r  clk_IBUF_inst/IBUFCTRL_INST/O
                         net (fo=1, routed)           0.332     0.854    clk_IBUF
    BUFGCE_X0Y77         BUFGCE (Prop_BUFCE_BUFGCE_I_O)
                                                      0.028     0.882 r  clk_IBUF_BUFG_inst/O
    X2Y1 (CLOCK_ROOT)    net (fo=1013, routed)        2.449     3.331    g_int8.u_p520/u_engine/u_ping/clk_IBUF_BUFG
    RAMB36_X12Y25        RAMB36E2                                     r  g_int8.u_p520/u_engine/u_ping/mem_reg_bram_0/CLKBWRCLK
  -------------------------------------------------------------------    -------------------
    RAMB36_X12Y25        RAMB36E2 (Prop_RAMB36E2_RAMB36_CLKBWRCLK_DOUTBDOUT[8])
                                                      0.876     4.207 f  g_int8.u_p520/u_engine/u_ping/mem_reg_bram_0/DOUTBDOUT[8]
                         net (fo=6, routed)           0.488     4.695    g_int8.u_p520/u_engine/u_ping/DOUTBDOUT[8]
    SLICE_X94Y132        LUT3 (Prop_D6LUT_SLICEL_I0_O)
                                                      0.050     4.745 f  g_int8.u_p520/u_engine/u_ping/s10_i_11__0/O
                         net (fo=3, routed)           0.358     5.103    g_int8.u_p520/u_mac_mul/s10/A[8]
    DSP48E2_X17Y53       DSP_A_B_DATA (Prop_DSP_A_B_DATA_DSP48E2_A[8]_A2_DATA[8])
                                                      0.192     5.295 r  g_int8.u_p520/u_mac_mul/s10/DSP_A_B_DATA_INST/A2_DATA[8]
                         net (fo=1, routed)           0.000     5.295    g_int8.u_p520/u_mac_mul/s10/DSP_A_B_DATA.A2_DATA<8>
    DSP48E2_X17Y53       DSP_PREADD_DATA (Prop_DSP_PREADD_DATA_DSP48E2_A2_DATA[8]_A2A1[8])
                                                      0.076     5.371 r  g_int8.u_p520/u_mac_mul/s10/DSP_PREADD_DATA_INST/A2A1[8]
                         net (fo=1, routed)           0.000     5.371    g_int8.u_p520/u_mac_mul/s10/DSP_PREADD_DATA.A2A1<8>
    DSP48E2_X17Y53       DSP_MULTIPLIER (Prop_DSP_MULTIPLIER_DSP48E2_A2A1[8]_U[21])
                                                      0.505     5.876 f  g_int8.u_p520/u_mac_mul/s10/DSP_MULTIPLIER_INST/U[21]
                         net (fo=1, routed)           0.000     5.876    g_int8.u_p520/u_mac_mul/s10/DSP_MULTIPLIER.U<21>
    DSP48E2_X17Y53       DSP_M_DATA (Prop_DSP_M_DATA_DSP48E2_U[21]_U_DATA[21])
                                                      0.047     5.923 r  g_int8.u_p520/u_mac_mul/s10/DSP_M_DATA_INST/U_DATA[21]
                         net (fo=1, routed)           0.000     5.923    g_int8.u_p520/u_mac_mul/s10/DSP_M_DATA.U_DATA<21>
    DSP48E2_X17Y53       DSP_ALU (Prop_DSP_ALU_DSP48E2_U_DATA[21]_ALU_OUT[21])
                                                      0.585     6.508 f  g_int8.u_p520/u_mac_mul/s10/DSP_ALU_INST/ALU_OUT[21]
                         net (fo=1, routed)           0.000     6.508    g_int8.u_p520/u_mac_mul/s10/DSP_ALU.ALU_OUT<21>
    DSP48E2_X17Y53       DSP_OUTPUT (Prop_DSP_OUTPUT_DSP48E2_ALU_OUT[21]_P[21])
                                                      0.109     6.617 r  g_int8.u_p520/u_mac_mul/s10/DSP_OUTPUT_INST/P[21]
                         net (fo=2, routed)           0.305     6.922    g_int8.u_p520/u_mac_mul/s10_n_84
    SLICE_X89Y131        LUT2 (Prop_E6LUT_SLICEL_I0_O)
                                                      0.090     7.012 r  g_int8.u_p520/u_mac_mul/s2_reg_i_20__0/O
                         net (fo=1, routed)           0.007     7.019    g_int8.u_p520/u_mac_mul/s2_reg_i_20__0_n_0
    SLICE_X89Y131        CARRY8 (Prop_CARRY8_SLICEL_S[4]_CO[7])
                                                      0.153     7.172 r  g_int8.u_p520/u_mac_mul/s2_reg_i_3__0/CO[7]
                         net (fo=1, routed)           0.026     7.198    g_int8.u_p520/u_mac_mul/s2_reg_i_3__0_n_0
    SLICE_X89Y132        CARRY8 (Prop_CARRY8_SLICEL_CI_O[7])
                                                      0.116     7.314 r  g_int8.u_p520/u_mac_mul/s2_reg_i_2__0/O[7]
                         net (fo=1, routed)           0.290     7.604    g_int8.u_p520/u_mac_mul/s100_out[15]
    SLICE_X89Y132        FDRE                                         r  g_int8.u_p520/u_mac_mul/s3[23]_i_60__0_psdsp_5/D
  -------------------------------------------------------------------    -------------------

                         (clock clk rise edge)        5.000     5.000 r  
    T8                                                0.000     5.000 r  clk (IN)
                         net (fo=0)                   0.000     5.000    clk_IBUF_inst/I
    T8                   INBUF (Prop_INBUF_HPIOB_M_PAD_O)
                                                      0.272     5.272 r  clk_IBUF_inst/INBUF_INST/O
                         net (fo=1, routed)           0.000     5.272    clk_IBUF_inst/OUT
    T8                   IBUFCTRL (Prop_IBUFCTRL_HPIOB_M_I_O)
                                                      0.000     5.272 r  clk_IBUF_inst/IBUFCTRL_INST/O
                         net (fo=1, routed)           0.293     5.565    clk_IBUF
    BUFGCE_X0Y77         BUFGCE (Prop_BUFCE_BUFGCE_I_O)
                                                      0.024     5.589 r  clk_IBUF_BUFG_inst/O
    X2Y1 (CLOCK_ROOT)    net (fo=1013, routed)        2.067     7.655    g_int8.u_p520/u_mac_mul/clk_IBUF_BUFG
    SLICE_X89Y132        FDRE                                         r  g_int8.u_p520/u_mac_mul/s3[23]_i_60__0_psdsp_5/C
                         clock pessimism              0.459     8.114    
                         clock uncertainty           -0.035     8.079    
    SLICE_X89Y132        FDRE (Setup_EFF2_SLICEL_C_D)
                                                      0.025     8.104    g_int8.u_p520/u_mac_mul/s3[23]_i_60__0_psdsp_5
  -------------------------------------------------------------------
                         required time                          8.104    
                         arrival time                          -7.604    
  -------------------------------------------------------------------
                         slack                                  0.499    

Slack (MET) :             0.504ns  (required time - arrival time)
  Source:                 g_int8.u_p254/u_engine/u_mul/s4_reg[19]/C
                            (rising edge-triggered cell FDRE clocked by clk  {rise@0.000ns fall@2.500ns period=5.000ns})
  Destination:            g_int8.u_p254/u_engine/u_mul/p_out_reg[14]/D
                            (rising edge-triggered cell FDRE clocked by clk  {rise@0.000ns fall@2.500ns period=5.000ns})
  Path Group:             clk
  Path Type:              Setup (Max at Slow Process Corner)
  Requirement:            5.000ns  (clk rise@5.000ns - clk rise@0.000ns)
  Data Path Delay:        4.403ns  (logic 1.870ns (42.471%)  route 2.533ns (57.529%))
  Logic Levels:           18  (CARRY8=9 LUT2=1 LUT3=3 LUT4=2 LUT5=2 LUT6=1)
  Clock Path Skew:        -0.083ns (DCD - SCD + CPR)
    Destination Clock Delay (DCD):    2.477ns = ( 7.477 - 5.000 ) 
    Source Clock Delay      (SCD):    3.004ns
    Clock Pessimism Removal (CPR):    0.444ns
  Clock Uncertainty:      0.035ns  ((TSJ^2 + TIJ^2)^1/2 + DJ) / 2 + PE
    Total System Jitter     (TSJ):    0.071ns
    Total Input Jitter      (TIJ):    0.000ns
    Discrete Jitter          (DJ):    0.000ns
    Phase Error              (PE):    0.000ns
  Clock Net Delay (Source):      2.122ns (routing 1.289ns, distribution 0.833ns)
  Clock Net Delay (Destination): 1.888ns (routing 1.173ns, distribution 0.715ns)

    Location             Delay type                Incr(ns)  Path(ns)    Netlist Resource(s)
  -------------------------------------------------------------------    -------------------
                         (clock clk rise edge)        0.000     0.000 r  
    T8                                                0.000     0.000 r  clk (IN)
                         net (fo=0)                   0.000     0.000    clk_IBUF_inst/I
    T8                   INBUF (Prop_INBUF_HPIOB_M_PAD_O)
                                                      0.522     0.522 r  clk_IBUF_inst/INBUF_INST/O
                         net (fo=1, routed)           0.000     0.522    clk_IBUF_inst/OUT
    T8                   IBUFCTRL (Prop_IBUFCTRL_HPIOB_M_I_O)
                                                      0.000     0.522 r  clk_IBUF_inst/IBUFCTRL_INST/O
                         net (fo=1, routed)           0.332     0.854    clk_IBUF
    BUFGCE_X0Y77         BUFGCE (Prop_BUFCE_BUFGCE_I_O)
                                                      0.028     0.882 r  clk_IBUF_BUFG_inst/O
    X2Y1 (CLOCK_ROOT)    net (fo=1013, routed)        2.122     3.004    g_int8.u_p254/u_engine/u_mul/clk_IBUF_BUFG
    SLICE_X70Y107        FDRE                                         r  g_int8.u_p254/u_engine/u_mul/s4_reg[19]/C
  -------------------------------------------------------------------    -------------------
    SLICE_X70Y107        FDRE (Prop_DFF_SLICEM_C_Q)
                                                      0.078     3.082 r  g_int8.u_p254/u_engine/u_mul/s4_reg[19]/Q
                         net (fo=14, routed)          0.220     3.302    g_int8.u_p254/u_engine/u_mul/s4[19]
    SLICE_X69Y108        LUT2 (Prop_E6LUT_SLICEL_I0_O)
                                                      0.123     3.425 r  g_int8.u_p254/u_engine/u_mul/p_out[7]_i_25/O
                         net (fo=1, routed)           0.007     3.432    g_int8.u_p254/u_engine/u_mul/p_out[7]_i_25_n_0
    SLICE_X69Y108        CARRY8 (Prop_CARRY8_SLICEL_S[4]_CO[7])
                                                      0.153     3.585 r  g_int8.u_p254/u_engine/u_mul/p_out_reg[7]_i_12/CO[7]
                         net (fo=1, routed)           0.026     3.611    g_int8.u_p254/u_engine/u_mul/p_out_reg[7]_i_12_n_0
    SLICE_X69Y109        CARRY8 (Prop_CARRY8_SLICEL_CI_CO[7])
                                                      0.015     3.626 r  g_int8.u_p254/u_engine/u_mul/p_out_reg[7]_i_13/CO[7]
                         net (fo=1, routed)           0.026     3.652    g_int8.u_p254/u_engine/u_mul/p_out_reg[7]_i_13_n_0
    SLICE_X69Y110        CARRY8 (Prop_CARRY8_SLICEL_CI_O[7])
                                                      0.116     3.768 r  g_int8.u_p254/u_engine/u_mul/p_out_reg[17]_i_271/O[7]
                         net (fo=2, routed)           0.287     4.055    g_int8.u_p254/u_engine/u_mul/p_out_reg[17]_i_271_n_8
    SLICE_X70Y115        LUT3 (Prop_E5LUT_SLICEM_I2_O)
                                                      0.139     4.194 r  g_int8.u_p254/u_engine/u_mul/p_out[17]_i_165/O
                         net (fo=2, routed)           0.194     4.388    g_int8.u_p254/u_engine/u_mul/p_out[17]_i_165_n_0
    SLICE_X70Y115        LUT4 (Prop_F6LUT_SLICEM_I3_O)
                                                      0.148     4.536 r  g_int8.u_p254/u_engine/u_mul/p_out[17]_i_173/O
                         net (fo=1, routed)           0.022     4.558    g_int8.u_p254/u_engine/u_mul/p_out[17]_i_173_n_0
    SLICE_X70Y115        CARRY8 (Prop_CARRY8_SLICEM_S[5]_CO[7])
                                                      0.159     4.717 r  g_int8.u_p254/u_engine/u_mul/p_out_reg[17]_i_71/CO[7]
                         net (fo=1, routed)           0.026     4.743    g_int8.u_p254/u_engine/u_mul/p_out_reg[17]_i_71_n_0
    SLICE_X70Y116        CARRY8 (Prop_CARRY8_SLICEM_CI_O[0])
                                                      0.056     4.799 r  g_int8.u_p254/u_engine/u_mul/p_out_reg[17]_i_69/O[0]
                         net (fo=3, routed)           0.383     5.182    g_int8.u_p254/u_engine/u_mul/p_out_reg[17]_i_69_n_15
    SLICE_X74Y115        LUT3 (Prop_H6LUT_SLICEM_I1_O)
                                                      0.101     5.283 r  g_int8.u_p254/u_engine/u_mul/p_out[17]_i_23/O
                         net (fo=1, routed)           0.249     5.532    g_int8.u_p254/u_engine/u_mul/p_out[17]_i_23_n_0
    SLICE_X72Y115        CARRY8 (Prop_CARRY8_SLICEL_DI[5]_CO[7])
                                                      0.083     5.615 r  g_int8.u_p254/u_engine/u_mul/p_out_reg[17]_i_9/CO[7]
                         net (fo=1, routed)           0.026     5.641    g_int8.u_p254/u_engine/u_mul/p_out_reg[17]_i_9_n_0
    SLICE_X72Y116        CARRY8 (Prop_CARRY8_SLICEL_CI_O[1])
                                                      0.076     5.717 r  g_int8.u_p254/u_engine/u_mul/p_out_reg[17]_i_54/O[1]
                         net (fo=1, routed)           0.344     6.061    g_int8.u_p254/u_engine/u_mul/fold_once0_return0[32]
    SLICE_X73Y116        CARRY8 (Prop_CARRY8_SLICEM_S[0]_CO[7])
                                                      0.192     6.253 r  g_int8.u_p254/u_engine/u_mul/p_out_reg[17]_i_109/CO[7]
                         net (fo=1, routed)           0.026     6.279    g_int8.u_p254/u_engine/u_mul/p_out_reg[17]_i_109_n_0
    SLICE_X73Y117        CARRY8 (Prop_CARRY8_SLICEM_CI_O[6])
                                                      0.103     6.382 r  g_int8.u_p254/u_engine/u_mul/p_out_reg[17]_i_56/O[6]
                         net (fo=1, routed)           0.172     6.554    g_int8.u_p254/u_engine/u_mul/p_out_reg[17]_i_56_n_9
    SLICE_X73Y120        LUT4 (Prop_B6LUT_SLICEM_I2_O)
                                                      0.089     6.643 r  g_int8.u_p254/u_engine/u_mul/p_out[17]_i_58/O
                         net (fo=1, routed)           0.093     6.736    g_int8.u_p254/u_engine/u_mul/p_out[17]_i_58_n_0
    SLICE_X73Y120        LUT5 (Prop_C6LUT_SLICEM_I4_O)
                                                      0.051     6.787 r  g_int8.u_p254/u_engine/u_mul/p_out[17]_i_17/O
                         net (fo=1, routed)           0.040     6.827    g_int8.u_p254/u_engine/u_mul/p_out[17]_i_17_n_0
    SLICE_X73Y120        LUT6 (Prop_D6LUT_SLICEM_I0_O)
                                                      0.037     6.864 r  g_int8.u_p254/u_engine/u_mul/p_out[17]_i_6/O
                         net (fo=1, routed)           0.222     7.086    g_int8.u_p254/u_engine/u_mul/p_out[17]_i_6_n_0
    SLICE_X74Y114        LUT5 (Prop_G6LUT_SLICEM_I1_O)
                                                      0.100     7.186 r  g_int8.u_p254/u_engine/u_mul/p_out[17]_i_3/O
                         net (fo=18, routed)          0.098     7.284    g_int8.u_p254/u_engine/u_mul/normalize01
    SLICE_X74Y114        LUT3 (Prop_D6LUT_SLICEM_I1_O)
                                                      0.051     7.335 r  g_int8.u_p254/u_engine/u_mul/p_out[14]_i_1__1/O
                         net (fo=1, routed)           0.072     7.407    g_int8.u_p254/u_engine/u_mul/normalize0_return[14]
    SLICE_X74Y114        FDRE                                         r  g_int8.u_p254/u_engine/u_mul/p_out_reg[14]/D
  -------------------------------------------------------------------    -------------------

                         (clock clk rise edge)        5.000     5.000 r  
    T8                                                0.000     5.000 r  clk (IN)
                         net (fo=0)                   0.000     5.000    clk_IBUF_inst/I
    T8                   INBUF (Prop_INBUF_HPIOB_M_PAD_O)
                                                      0.272     5.272 r  clk_IBUF_inst/INBUF_INST/O
                         net (fo=1, routed)           0.000     5.272    clk_IBUF_inst/OUT
    T8                   IBUFCTRL (Prop_IBUFCTRL_HPIOB_M_I_O)
                                                      0.000     5.272 r  clk_IBUF_inst/IBUFCTRL_INST/O
                         net (fo=1, routed)           0.293     5.565    clk_IBUF
    BUFGCE_X0Y77         BUFGCE (Prop_BUFCE_BUFGCE_I_O)
                                                      0.024     5.589 r  clk_IBUF_BUFG_inst/O
    X2Y1 (CLOCK_ROOT)    net (fo=1013, routed)        1.888     7.477    g_int8.u_p254/u_engine/u_mul/clk_IBUF_BUFG
    SLICE_X74Y114        FDRE                                         r  g_int8.u_p254/u_engine/u_mul/p_out_reg[14]/C
                         clock pessimism              0.444     7.921    
                         clock uncertainty           -0.035     7.886    
    SLICE_X74Y114        FDRE (Setup_DFF_SLICEM_C_D)
                                                      0.025     7.911    g_int8.u_p254/u_engine/u_mul/p_out_reg[14]
  -------------------------------------------------------------------
                         required time                          7.911    
                         arrival time                          -7.407    
  -------------------------------------------------------------------
                         slack                                  0.504    





Min Delay Paths
--------------------------------------------------------------------------------------
Slack (MET) :             0.044ns  (arrival time - required time)
  Source:                 g_int8.u_p254/u_engine/u_mul/p_out_reg[3]/C
                            (rising edge-triggered cell FDRE clocked by clk  {rise@0.000ns fall@2.500ns period=5.000ns})
  Destination:            g_int8.u_p254/u_engine/product_q_reg[3]/D
                            (rising edge-triggered cell FDRE clocked by clk  {rise@0.000ns fall@2.500ns period=5.000ns})
  Path Group:             clk
  Path Type:              Hold (Min at Slow Process Corner)
  Requirement:            0.000ns  (clk rise@0.000ns - clk rise@0.000ns)
  Data Path Delay:        0.188ns  (logic 0.060ns (31.915%)  route 0.128ns (68.085%))
  Logic Levels:           0  
  Clock Path Skew:        0.084ns (DCD - SCD - CPR)
    Destination Clock Delay (DCD):    3.008ns
    Source Clock Delay      (SCD):    2.479ns
    Clock Pessimism Removal (CPR):    0.444ns
  Clock Net Delay (Source):      1.891ns (routing 1.173ns, distribution 0.718ns)
  Clock Net Delay (Destination): 2.126ns (routing 1.289ns, distribution 0.837ns)

    Location             Delay type                Incr(ns)  Path(ns)    Netlist Resource(s)
  -------------------------------------------------------------------    -------------------
                         (clock clk rise edge)        0.000     0.000 r  
    T8                                                0.000     0.000 r  clk (IN)
                         net (fo=0)                   0.000     0.000    clk_IBUF_inst/I
    T8                   INBUF (Prop_INBUF_HPIOB_M_PAD_O)
                                                      0.272     0.272 r  clk_IBUF_inst/INBUF_INST/O
                         net (fo=1, routed)           0.000     0.272    clk_IBUF_inst/OUT
    T8                   IBUFCTRL (Prop_IBUFCTRL_HPIOB_M_I_O)
                                                      0.000     0.272 r  clk_IBUF_inst/IBUFCTRL_INST/O
                         net (fo=1, routed)           0.293     0.565    clk_IBUF
    BUFGCE_X0Y77         BUFGCE (Prop_BUFCE_BUFGCE_I_O)
                                                      0.024     0.589 r  clk_IBUF_BUFG_inst/O
    X2Y1 (CLOCK_ROOT)    net (fo=1013, routed)        1.891     2.479    g_int8.u_p254/u_engine/u_mul/clk_IBUF_BUFG
    SLICE_X74Y110        FDRE                                         r  g_int8.u_p254/u_engine/u_mul/p_out_reg[3]/C
  -------------------------------------------------------------------    -------------------
    SLICE_X74Y110        FDRE (Prop_BFF2_SLICEM_C_Q)
                                                      0.060     2.539 r  g_int8.u_p254/u_engine/u_mul/p_out_reg[3]/Q
                         net (fo=1, routed)           0.128     2.667    g_int8.u_p254/u_engine/mul_product[3]
    SLICE_X76Y108        FDRE                                         r  g_int8.u_p254/u_engine/product_q_reg[3]/D
  -------------------------------------------------------------------    -------------------

                         (clock clk rise edge)        0.000     0.000 r  
    T8                                                0.000     0.000 r  clk (IN)
                         net (fo=0)                   0.000     0.000    clk_IBUF_inst/I
    T8                   INBUF (Prop_INBUF_HPIOB_M_PAD_O)
                                                      0.522     0.522 r  clk_IBUF_inst/INBUF_INST/O
                         net (fo=1, routed)           0.000     0.522    clk_IBUF_inst/OUT
    T8                   IBUFCTRL (Prop_IBUFCTRL_HPIOB_M_I_O)
                                                      0.000     0.522 r  clk_IBUF_inst/IBUFCTRL_INST/O
                         net (fo=1, routed)           0.332     0.854    clk_IBUF
    BUFGCE_X0Y77         BUFGCE (Prop_BUFCE_BUFGCE_I_O)
                                                      0.028     0.882 r  clk_IBUF_BUFG_inst/O
    X2Y1 (CLOCK_ROOT)    net (fo=1013, routed)        2.126     3.008    g_int8.u_p254/u_engine/clk_IBUF_BUFG
    SLICE_X76Y108        FDRE                                         r  g_int8.u_p254/u_engine/product_q_reg[3]/C
                         clock pessimism             -0.444     2.563    
    SLICE_X76Y108        FDRE (Hold_GFF_SLICEM_C_D)
                                                      0.060     2.623    g_int8.u_p254/u_engine/product_q_reg[3]
  -------------------------------------------------------------------
                         required time                         -2.623    
                         arrival time                           2.667    
  -------------------------------------------------------------------
                         slack                                  0.044    

Slack (MET) :             0.045ns  (arrival time - required time)
  Source:                 g_int8.u_p254/u_engine/u_mul/p_out_reg[12]/C
                            (rising edge-triggered cell FDRE clocked by clk  {rise@0.000ns fall@2.500ns period=5.000ns})
  Destination:            g_int8.u_p254/u_engine/product_q_reg[12]/D
                            (rising edge-triggered cell FDRE clocked by clk  {rise@0.000ns fall@2.500ns period=5.000ns})
  Path Group:             clk
  Path Type:              Hold (Min at Slow Process Corner)
  Requirement:            0.000ns  (clk rise@0.000ns - clk rise@0.000ns)
  Data Path Delay:        0.187ns  (logic 0.059ns (31.551%)  route 0.128ns (68.449%))
  Logic Levels:           0  
  Clock Path Skew:        0.082ns (DCD - SCD - CPR)
    Destination Clock Delay (DCD):    2.998ns
    Source Clock Delay      (SCD):    2.472ns
    Clock Pessimism Removal (CPR):    0.444ns
  Clock Net Delay (Source):      1.883ns (routing 1.173ns, distribution 0.710ns)
  Clock Net Delay (Destination): 2.116ns (routing 1.289ns, distribution 0.827ns)

    Location             Delay type                Incr(ns)  Path(ns)    Netlist Resource(s)
  -------------------------------------------------------------------    -------------------
                         (clock clk rise edge)        0.000     0.000 r  
    T8                                                0.000     0.000 r  clk (IN)
                         net (fo=0)                   0.000     0.000    clk_IBUF_inst/I
    T8                   INBUF (Prop_INBUF_HPIOB_M_PAD_O)
                                                      0.272     0.272 r  clk_IBUF_inst/INBUF_INST/O
                         net (fo=1, routed)           0.000     0.272    clk_IBUF_inst/OUT
    T8                   IBUFCTRL (Prop_IBUFCTRL_HPIOB_M_I_O)
                                                      0.000     0.272 r  clk_IBUF_inst/IBUFCTRL_INST/O
                         net (fo=1, routed)           0.293     0.565    clk_IBUF
    BUFGCE_X0Y77         BUFGCE (Prop_BUFCE_BUFGCE_I_O)
                                                      0.024     0.589 r  clk_IBUF_BUFG_inst/O
    X2Y1 (CLOCK_ROOT)    net (fo=1013, routed)        1.883     2.472    g_int8.u_p254/u_engine/u_mul/clk_IBUF_BUFG
    SLICE_X75Y112        FDRE                                         r  g_int8.u_p254/u_engine/u_mul/p_out_reg[12]/C
  -------------------------------------------------------------------    -------------------
    SLICE_X75Y112        FDRE (Prop_DFF_SLICEL_C_Q)
                                                      0.059     2.531 r  g_int8.u_p254/u_engine/u_mul/p_out_reg[12]/Q
                         net (fo=1, routed)           0.128     2.659    g_int8.u_p254/u_engine/mul_product[12]
    SLICE_X76Y110        FDRE                                         r  g_int8.u_p254/u_engine/product_q_reg[12]/D
  -------------------------------------------------------------------    -------------------

                         (clock clk rise edge)        0.000     0.000 r  
    T8                                                0.000     0.000 r  clk (IN)
                         net (fo=0)                   0.000     0.000    clk_IBUF_inst/I
    T8                   INBUF (Prop_INBUF_HPIOB_M_PAD_O)
                                                      0.522     0.522 r  clk_IBUF_inst/INBUF_INST/O
                         net (fo=1, routed)           0.000     0.522    clk_IBUF_inst/OUT
    T8                   IBUFCTRL (Prop_IBUFCTRL_HPIOB_M_I_O)
                                                      0.000     0.522 r  clk_IBUF_inst/IBUFCTRL_INST/O
                         net (fo=1, routed)           0.332     0.854    clk_IBUF
    BUFGCE_X0Y77         BUFGCE (Prop_BUFCE_BUFGCE_I_O)
                                                      0.028     0.882 r  clk_IBUF_BUFG_inst/O
    X2Y1 (CLOCK_ROOT)    net (fo=1013, routed)        2.116     2.998    g_int8.u_p254/u_engine/clk_IBUF_BUFG
    SLICE_X76Y110        FDRE                                         r  g_int8.u_p254/u_engine/product_q_reg[12]/C
                         clock pessimism             -0.444     2.553    
    SLICE_X76Y110        FDRE (Hold_EFF_SLICEM_C_D)
                                                      0.060     2.613    g_int8.u_p254/u_engine/product_q_reg[12]
  -------------------------------------------------------------------
                         required time                         -2.613    
                         arrival time                           2.659    
  -------------------------------------------------------------------
                         slack                                  0.045    

Slack (MET) :             0.046ns  (arrival time - required time)
  Source:                 g_int8.u_p254/u_engine/scale_addr_q_reg[4]/C
                            (rising edge-triggered cell FDRE clocked by clk  {rise@0.000ns fall@2.500ns period=5.000ns})
  Destination:            g_int8.u_p254/u_engine/scale_addr_q_reg[4]/D
                            (rising edge-triggered cell FDRE clocked by clk  {rise@0.000ns fall@2.500ns period=5.000ns})
  Path Group:             clk
  Path Type:              Hold (Min at Fast Process Corner)
  Requirement:            0.000ns  (clk rise@0.000ns - clk rise@0.000ns)
  Data Path Delay:        0.098ns  (logic 0.054ns (55.367%)  route 0.044ns (44.633%))
  Logic Levels:           1  (LUT6=1)
  Clock Path Skew:        0.006ns (DCD - SCD - CPR)
    Destination Clock Delay (DCD):    1.916ns
    Source Clock Delay      (SCD):    1.536ns
    Clock Pessimism Removal (CPR):    0.374ns
  Clock Net Delay (Source):      1.206ns (routing 0.705ns, distribution 0.501ns)
  Clock Net Delay (Destination): 1.358ns (routing 0.784ns, distribution 0.574ns)

    Location             Delay type                Incr(ns)  Path(ns)    Netlist Resource(s)
  -------------------------------------------------------------------    -------------------
                         (clock clk rise edge)        0.000     0.000 r  
    T8                                                0.000     0.000 r  clk (IN)
                         net (fo=0)                   0.000     0.000    clk_IBUF_inst/I
    T8                   INBUF (Prop_INBUF_HPIOB_M_PAD_O)
                                                      0.157     0.157 r  clk_IBUF_inst/INBUF_INST/O
                         net (fo=1, routed)           0.000     0.157    clk_IBUF_inst/OUT
    T8                   IBUFCTRL (Prop_IBUFCTRL_HPIOB_M_I_O)
                                                      0.000     0.157 r  clk_IBUF_inst/IBUFCTRL_INST/O
                         net (fo=1, routed)           0.156     0.313    clk_IBUF
    BUFGCE_X0Y77         BUFGCE (Prop_BUFCE_BUFGCE_I_O)
                                                      0.017     0.330 r  clk_IBUF_BUFG_inst/O
    X2Y1 (CLOCK_ROOT)    net (fo=1013, routed)        1.206     1.536    g_int8.u_p254/u_engine/clk_IBUF_BUFG
    SLICE_X81Y100        FDRE                                         r  g_int8.u_p254/u_engine/scale_addr_q_reg[4]/C
  -------------------------------------------------------------------    -------------------
    SLICE_X81Y100        FDRE (Prop_BFF_SLICEL_C_Q)
                                                      0.039     1.575 r  g_int8.u_p254/u_engine/scale_addr_q_reg[4]/Q
                         net (fo=4, routed)           0.029     1.603    g_int8.u_p254/u_engine/scale_addr_q_reg_n_0_[4]
    SLICE_X81Y100        LUT6 (Prop_B6LUT_SLICEL_I5_O)
                                                      0.015     1.618 r  g_int8.u_p254/u_engine/scale_addr_q[4]_i_1__0/O
                         net (fo=1, routed)           0.015     1.633    g_int8.u_p254/u_engine/scale_addr_q[4]_i_1__0_n_0
    SLICE_X81Y100        FDRE                                         r  g_int8.u_p254/u_engine/scale_addr_q_reg[4]/D
  -------------------------------------------------------------------    -------------------

                         (clock clk rise edge)        0.000     0.000 r  
    T8                                                0.000     0.000 r  clk (IN)
                         net (fo=0)                   0.000     0.000    clk_IBUF_inst/I
    T8                   INBUF (Prop_INBUF_HPIOB_M_PAD_O)
                                                      0.342     0.342 r  clk_IBUF_inst/INBUF_INST/O
                         net (fo=1, routed)           0.000     0.342    clk_IBUF_inst/OUT
    T8                   IBUFCTRL (Prop_IBUFCTRL_HPIOB_M_I_O)
                                                      0.000     0.342 r  clk_IBUF_inst/IBUFCTRL_INST/O
                         net (fo=1, routed)           0.197     0.539    clk_IBUF
    BUFGCE_X0Y77         BUFGCE (Prop_BUFCE_BUFGCE_I_O)
                                                      0.019     0.558 r  clk_IBUF_BUFG_inst/O
    X2Y1 (CLOCK_ROOT)    net (fo=1013, routed)        1.358     1.916    g_int8.u_p254/u_engine/clk_IBUF_BUFG
    SLICE_X81Y100        FDRE                                         r  g_int8.u_p254/u_engine/scale_addr_q_reg[4]/C
                         clock pessimism             -0.374     1.542    
    SLICE_X81Y100        FDRE (Hold_BFF_SLICEL_C_D)
                                                      0.046     1.588    g_int8.u_p254/u_engine/scale_addr_q_reg[4]
  -------------------------------------------------------------------
                         required time                         -1.588    
                         arrival time                           1.633    
  -------------------------------------------------------------------
                         slack                                  0.046    

Slack (MET) :             0.046ns  (arrival time - required time)
  Source:                 g_int8.u_p254/u_mac_mul/p_out_reg[4]/C
                            (rising edge-triggered cell FDRE clocked by clk  {rise@0.000ns fall@2.500ns period=5.000ns})
  Destination:            g_int8.u_p254/mac_product_q_reg[4]/D
                            (rising edge-triggered cell FDRE clocked by clk  {rise@0.000ns fall@2.500ns period=5.000ns})
  Path Group:             clk
  Path Type:              Hold (Min at Slow Process Corner)
  Requirement:            0.000ns  (clk rise@0.000ns - clk rise@0.000ns)
  Data Path Delay:        0.279ns  (logic 0.058ns (20.789%)  route 0.221ns (79.211%))
  Logic Levels:           0  
  Clock Path Skew:        0.171ns (DCD - SCD - CPR)
    Destination Clock Delay (DCD):    3.151ns
    Source Clock Delay      (SCD):    2.529ns
    Clock Pessimism Removal (CPR):    0.451ns
  Clock Net Delay (Source):      1.941ns (routing 1.173ns, distribution 0.768ns)
  Clock Net Delay (Destination): 2.269ns (routing 1.289ns, distribution 0.980ns)

    Location             Delay type                Incr(ns)  Path(ns)    Netlist Resource(s)
  -------------------------------------------------------------------    -------------------
                         (clock clk rise edge)        0.000     0.000 r  
    T8                                                0.000     0.000 r  clk (IN)
                         net (fo=0)                   0.000     0.000    clk_IBUF_inst/I
    T8                   INBUF (Prop_INBUF_HPIOB_M_PAD_O)
                                                      0.272     0.272 r  clk_IBUF_inst/INBUF_INST/O
                         net (fo=1, routed)           0.000     0.272    clk_IBUF_inst/OUT
    T8                   IBUFCTRL (Prop_IBUFCTRL_HPIOB_M_I_O)
                                                      0.000     0.272 r  clk_IBUF_inst/IBUFCTRL_INST/O
                         net (fo=1, routed)           0.293     0.565    clk_IBUF
    BUFGCE_X0Y77         BUFGCE (Prop_BUFCE_BUFGCE_I_O)
                                                      0.024     0.589 r  clk_IBUF_BUFG_inst/O
    X2Y1 (CLOCK_ROOT)    net (fo=1013, routed)        1.941     2.529    g_int8.u_p254/u_mac_mul/clk_IBUF_BUFG
    SLICE_X73Y126        FDRE                                         r  g_int8.u_p254/u_mac_mul/p_out_reg[4]/C
  -------------------------------------------------------------------    -------------------
    SLICE_X73Y126        FDRE (Prop_CFF_SLICEM_C_Q)
                                                      0.058     2.587 r  g_int8.u_p254/u_mac_mul/p_out_reg[4]/Q
                         net (fo=1, routed)           0.221     2.808    g_int8.u_p254/mac_product[4]
    SLICE_X82Y122        FDRE                                         r  g_int8.u_p254/mac_product_q_reg[4]/D
  -------------------------------------------------------------------    -------------------

                         (clock clk rise edge)        0.000     0.000 r  
    T8                                                0.000     0.000 r  clk (IN)
                         net (fo=0)                   0.000     0.000    clk_IBUF_inst/I
    T8                   INBUF (Prop_INBUF_HPIOB_M_PAD_O)
                                                      0.522     0.522 r  clk_IBUF_inst/INBUF_INST/O
                         net (fo=1, routed)           0.000     0.522    clk_IBUF_inst/OUT
    T8                   IBUFCTRL (Prop_IBUFCTRL_HPIOB_M_I_O)
                                                      0.000     0.522 r  clk_IBUF_inst/IBUFCTRL_INST/O
                         net (fo=1, routed)           0.332     0.854    clk_IBUF
    BUFGCE_X0Y77         BUFGCE (Prop_BUFCE_BUFGCE_I_O)
                                                      0.028     0.882 r  clk_IBUF_BUFG_inst/O
    X2Y1 (CLOCK_ROOT)    net (fo=1013, routed)        2.269     3.151    g_int8.u_p254/clk_IBUF_BUFG
    SLICE_X82Y122        FDRE                                         r  g_int8.u_p254/mac_product_q_reg[4]/C
                         clock pessimism             -0.451     2.700    
    SLICE_X82Y122        FDRE (Hold_FFF2_SLICEM_C_D)
                                                      0.062     2.762    g_int8.u_p254/mac_product_q_reg[4]
  -------------------------------------------------------------------
                         required time                         -2.762    
                         arrival time                           2.808    
  -------------------------------------------------------------------
                         slack                                  0.046    

Slack (MET) :             0.047ns  (arrival time - required time)
  Source:                 g_int8.u_p520/u_engine/product_q_reg[7]/C
                            (rising edge-triggered cell FDRE clocked by clk  {rise@0.000ns fall@2.500ns period=5.000ns})
  Destination:            g_int8.u_p520/u_engine/u_pong/mem_reg_bram_0/DINADIN[7]
                            (rising edge-triggered cell RAMB36E2 clocked by clk  {rise@0.000ns fall@2.500ns period=5.000ns})
  Path Group:             clk
  Path Type:              Hold (Min at Fast Process Corner)
  Requirement:            0.000ns  (clk rise@0.000ns - clk rise@0.000ns)
  Data Path Delay:        0.177ns  (logic 0.061ns (34.525%)  route 0.116ns (65.475%))
  Logic Levels:           1  (LUT5=1)
  Clock Path Skew:        0.135ns (DCD - SCD - CPR)
    Destination Clock Delay (DCD):    2.079ns
    Source Clock Delay      (SCD):    1.607ns
    Clock Pessimism Removal (CPR):    0.337ns
  Clock Net Delay (Source):      1.277ns (routing 0.705ns, distribution 0.572ns)
  Clock Net Delay (Destination): 1.521ns (routing 0.784ns, distribution 0.737ns)

    Location             Delay type                Incr(ns)  Path(ns)    Netlist Resource(s)
  -------------------------------------------------------------------    -------------------
                         (clock clk rise edge)        0.000     0.000 r  
    T8                                                0.000     0.000 r  clk (IN)
                         net (fo=0)                   0.000     0.000    clk_IBUF_inst/I
    T8                   INBUF (Prop_INBUF_HPIOB_M_PAD_O)
                                                      0.157     0.157 r  clk_IBUF_inst/INBUF_INST/O
                         net (fo=1, routed)           0.000     0.157    clk_IBUF_inst/OUT
    T8                   IBUFCTRL (Prop_IBUFCTRL_HPIOB_M_I_O)
                                                      0.000     0.157 r  clk_IBUF_inst/IBUFCTRL_INST/O
                         net (fo=1, routed)           0.156     0.313    clk_IBUF
    BUFGCE_X0Y77         BUFGCE (Prop_BUFCE_BUFGCE_I_O)
                                                      0.017     0.330 r  clk_IBUF_BUFG_inst/O
    X2Y1 (CLOCK_ROOT)    net (fo=1013, routed)        1.277     1.607    g_int8.u_p520/u_engine/clk_IBUF_BUFG
    SLICE_X94Y133        FDRE                                         r  g_int8.u_p520/u_engine/product_q_reg[7]/C
  -------------------------------------------------------------------    -------------------
    SLICE_X94Y133        FDRE (Prop_GFF_SLICEL_C_Q)
                                                      0.039     1.646 r  g_int8.u_p520/u_engine/product_q_reg[7]/Q
                         net (fo=8, routed)           0.028     1.673    g_int8.u_p520/u_engine/u_pong/mem_reg_bram_0_1[7]
    SLICE_X94Y133        LUT5 (Prop_G6LUT_SLICEL_I2_O)
                                                      0.022     1.695 r  g_int8.u_p520/u_engine/u_pong/mem_reg_bram_0_i_28__1/O
                         net (fo=1, routed)           0.088     1.783    g_int8.u_p520/u_engine/u_pong/pong_b_din[7]
    RAMB36_X12Y26        RAMB36E2                                     r  g_int8.u_p520/u_engine/u_pong/mem_reg_bram_0/DINADIN[7]
  -------------------------------------------------------------------    -------------------

                         (clock clk rise edge)        0.000     0.000 r  
    T8                                                0.000     0.000 r  clk (IN)
                         net (fo=0)                   0.000     0.000    clk_IBUF_inst/I
    T8                   INBUF (Prop_INBUF_HPIOB_M_PAD_O)
                                                      0.342     0.342 r  clk_IBUF_inst/INBUF_INST/O
                         net (fo=1, routed)           0.000     0.342    clk_IBUF_inst/OUT
    T8                   IBUFCTRL (Prop_IBUFCTRL_HPIOB_M_I_O)
                                                      0.000     0.342 r  clk_IBUF_inst/IBUFCTRL_INST/O
                         net (fo=1, routed)           0.197     0.539    clk_IBUF
    BUFGCE_X0Y77         BUFGCE (Prop_BUFCE_BUFGCE_I_O)
                                                      0.019     0.558 r  clk_IBUF_BUFG_inst/O
    X2Y1 (CLOCK_ROOT)    net (fo=1013, routed)        1.521     2.079    g_int8.u_p520/u_engine/u_pong/clk_IBUF_BUFG
    RAMB36_X12Y26        RAMB36E2                                     r  g_int8.u_p520/u_engine/u_pong/mem_reg_bram_0/CLKARDCLK
                         clock pessimism             -0.337     1.741    
    RAMB36_X12Y26        RAMB36E2 (Hold_RAMB36E2_RAMB36_CLKARDCLK_DINADIN[7])
                                                     -0.005     1.736    g_int8.u_p520/u_engine/u_pong/mem_reg_bram_0
  -------------------------------------------------------------------
                         required time                         -1.736    
                         arrival time                           1.783    
  -------------------------------------------------------------------
                         slack                                  0.047    

Slack (MET) :             0.048ns  (arrival time - required time)
  Source:                 g_int8.u_p520/u_engine/butterfly_q_reg[0]/C
                            (rising edge-triggered cell FDRE clocked by clk  {rise@0.000ns fall@2.500ns period=5.000ns})
  Destination:            g_int8.u_p520/u_engine/butterfly_q_reg[0]/D
                            (rising edge-triggered cell FDRE clocked by clk  {rise@0.000ns fall@2.500ns period=5.000ns})
  Path Group:             clk
  Path Type:              Hold (Min at Fast Process Corner)
  Requirement:            0.000ns  (clk rise@0.000ns - clk rise@0.000ns)
  Data Path Delay:        0.100ns  (logic 0.053ns (53.250%)  route 0.047ns (46.750%))
  Logic Levels:           1  (LUT6=1)
  Clock Path Skew:        0.006ns (DCD - SCD - CPR)
    Destination Clock Delay (DCD):    1.991ns
    Source Clock Delay      (SCD):    1.605ns
    Clock Pessimism Removal (CPR):    0.380ns
  Clock Net Delay (Source):      1.275ns (routing 0.705ns, distribution 0.570ns)
  Clock Net Delay (Destination): 1.433ns (routing 0.784ns, distribution 0.649ns)

    Location             Delay type                Incr(ns)  Path(ns)    Netlist Resource(s)
  -------------------------------------------------------------------    -------------------
                         (clock clk rise edge)        0.000     0.000 r  
    T8                                                0.000     0.000 r  clk (IN)
                         net (fo=0)                   0.000     0.000    clk_IBUF_inst/I
    T8                   INBUF (Prop_INBUF_HPIOB_M_PAD_O)
                                                      0.157     0.157 r  clk_IBUF_inst/INBUF_INST/O
                         net (fo=1, routed)           0.000     0.157    clk_IBUF_inst/OUT
    T8                   IBUFCTRL (Prop_IBUFCTRL_HPIOB_M_I_O)
                                                      0.000     0.157 r  clk_IBUF_inst/IBUFCTRL_INST/O
                         net (fo=1, routed)           0.156     0.313    clk_IBUF
    BUFGCE_X0Y77         BUFGCE (Prop_BUFCE_BUFGCE_I_O)
                                                      0.017     0.330 r  clk_IBUF_BUFG_inst/O
    X2Y1 (CLOCK_ROOT)    net (fo=1013, routed)        1.275     1.605    g_int8.u_p520/u_engine/clk_IBUF_BUFG
    SLICE_X92Y125        FDRE                                         r  g_int8.u_p520/u_engine/butterfly_q_reg[0]/C
  -------------------------------------------------------------------    -------------------
    SLICE_X92Y125        FDRE (Prop_CFF_SLICEL_C_Q)
                                                      0.039     1.644 f  g_int8.u_p520/u_engine/butterfly_q_reg[0]/Q
                         net (fo=15, routed)          0.030     1.673    g_int8.u_p520/u_engine/butterfly_q[0]
    SLICE_X92Y125        LUT6 (Prop_C6LUT_SLICEL_I5_O)
                                                      0.014     1.687 r  g_int8.u_p520/u_engine/butterfly_q[0]_i_1/O
                         net (fo=1, routed)           0.017     1.704    g_int8.u_p520/u_engine/A[0]
    SLICE_X92Y125        FDRE                                         r  g_int8.u_p520/u_engine/butterfly_q_reg[0]/D
  -------------------------------------------------------------------    -------------------

                         (clock clk rise edge)        0.000     0.000 r  
    T8                                                0.000     0.000 r  clk (IN)
                         net (fo=0)                   0.000     0.000    clk_IBUF_inst/I
    T8                   INBUF (Prop_INBUF_HPIOB_M_PAD_O)
                                                      0.342     0.342 r  clk_IBUF_inst/INBUF_INST/O
                         net (fo=1, routed)           0.000     0.342    clk_IBUF_inst/OUT
    T8                   IBUFCTRL (Prop_IBUFCTRL_HPIOB_M_I_O)
                                                      0.000     0.342 r  clk_IBUF_inst/IBUFCTRL_INST/O
                         net (fo=1, routed)           0.197     0.539    clk_IBUF
    BUFGCE_X0Y77         BUFGCE (Prop_BUFCE_BUFGCE_I_O)
                                                      0.019     0.558 r  clk_IBUF_BUFG_inst/O
    X2Y1 (CLOCK_ROOT)    net (fo=1013, routed)        1.433     1.991    g_int8.u_p520/u_engine/clk_IBUF_BUFG
    SLICE_X92Y125        FDRE                                         r  g_int8.u_p520/u_engine/butterfly_q_reg[0]/C
                         clock pessimism             -0.380     1.611    
    SLICE_X92Y125        FDRE (Hold_CFF_SLICEL_C_D)
                                                      0.046     1.657    g_int8.u_p520/u_engine/butterfly_q_reg[0]
  -------------------------------------------------------------------
                         required time                         -1.657    
                         arrival time                           1.704    
  -------------------------------------------------------------------
                         slack                                  0.048    

Slack (MET) :             0.049ns  (arrival time - required time)
  Source:                 g_int8.u_p520/FSM_sequential_state_q_reg[4]/C
                            (rising edge-triggered cell FDRE clocked by clk  {rise@0.000ns fall@2.500ns period=5.000ns})
  Destination:            g_int8.u_p520/FSM_sequential_state_q_reg[1]/D
                            (rising edge-triggered cell FDRE clocked by clk  {rise@0.000ns fall@2.500ns period=5.000ns})
  Path Group:             clk
  Path Type:              Hold (Min at Fast Process Corner)
  Requirement:            0.000ns  (clk rise@0.000ns - clk rise@0.000ns)
  Data Path Delay:        0.102ns  (logic 0.059ns (57.961%)  route 0.043ns (42.039%))
  Logic Levels:           1  (LUT5=1)
  Clock Path Skew:        0.006ns (DCD - SCD - CPR)
    Destination Clock Delay (DCD):    1.971ns
    Source Clock Delay      (SCD):    1.585ns
    Clock Pessimism Removal (CPR):    0.380ns
  Clock Net Delay (Source):      1.256ns (routing 0.705ns, distribution 0.551ns)
  Clock Net Delay (Destination): 1.413ns (routing 0.784ns, distribution 0.629ns)

    Location             Delay type                Incr(ns)  Path(ns)    Netlist Resource(s)
  -------------------------------------------------------------------    -------------------
                         (clock clk rise edge)        0.000     0.000 r  
    T8                                                0.000     0.000 r  clk (IN)
                         net (fo=0)                   0.000     0.000    clk_IBUF_inst/I
    T8                   INBUF (Prop_INBUF_HPIOB_M_PAD_O)
                                                      0.157     0.157 r  clk_IBUF_inst/INBUF_INST/O
                         net (fo=1, routed)           0.000     0.157    clk_IBUF_inst/OUT
    T8                   IBUFCTRL (Prop_IBUFCTRL_HPIOB_M_I_O)
                                                      0.000     0.157 r  clk_IBUF_inst/IBUFCTRL_INST/O
                         net (fo=1, routed)           0.156     0.313    clk_IBUF
    BUFGCE_X0Y77         BUFGCE (Prop_BUFCE_BUFGCE_I_O)
                                                      0.017     0.330 r  clk_IBUF_BUFG_inst/O
    X2Y1 (CLOCK_ROOT)    net (fo=1013, routed)        1.256     1.585    g_int8.u_p520/clk_IBUF_BUFG
    SLICE_X91Y117        FDRE                                         r  g_int8.u_p520/FSM_sequential_state_q_reg[4]/C
  -------------------------------------------------------------------    -------------------
    SLICE_X91Y117        FDRE (Prop_BFF_SLICEM_C_Q)
                                                      0.038     1.623 f  g_int8.u_p520/FSM_sequential_state_q_reg[4]/Q
                         net (fo=51, routed)          0.036     1.659    g_int8.u_p520/state_q__0[4]
    SLICE_X91Y117        LUT5 (Prop_A5LUT_SLICEM_I2_O)
                                                      0.021     1.680 r  g_int8.u_p520/FSM_sequential_state_q[1]_i_1/O
                         net (fo=1, routed)           0.007     1.687    g_int8.u_p520/state_q__1[1]
    SLICE_X91Y117        FDRE                                         r  g_int8.u_p520/FSM_sequential_state_q_reg[1]/D
  -------------------------------------------------------------------    -------------------

                         (clock clk rise edge)        0.000     0.000 r  
    T8                                                0.000     0.000 r  clk (IN)
                         net (fo=0)                   0.000     0.000    clk_IBUF_inst/I
    T8                   INBUF (Prop_INBUF_HPIOB_M_PAD_O)
                                                      0.342     0.342 r  clk_IBUF_inst/INBUF_INST/O
                         net (fo=1, routed)           0.000     0.342    clk_IBUF_inst/OUT
    T8                   IBUFCTRL (Prop_IBUFCTRL_HPIOB_M_I_O)
                                                      0.000     0.342 r  clk_IBUF_inst/IBUFCTRL_INST/O
                         net (fo=1, routed)           0.197     0.539    clk_IBUF
    BUFGCE_X0Y77         BUFGCE (Prop_BUFCE_BUFGCE_I_O)
                                                      0.019     0.558 r  clk_IBUF_BUFG_inst/O
    X2Y1 (CLOCK_ROOT)    net (fo=1013, routed)        1.413     1.971    g_int8.u_p520/clk_IBUF_BUFG
    SLICE_X91Y117        FDRE                                         r  g_int8.u_p520/FSM_sequential_state_q_reg[1]/C
                         clock pessimism             -0.380     1.591    
    SLICE_X91Y117        FDRE (Hold_AFF2_SLICEM_C_D)
                                                      0.047     1.638    g_int8.u_p520/FSM_sequential_state_q_reg[1]
  -------------------------------------------------------------------
                         required time                         -1.638    
                         arrival time                           1.687    
  -------------------------------------------------------------------
                         slack                                  0.049    

Slack (MET) :             0.052ns  (arrival time - required time)
  Source:                 g_int8.u_p520/u_engine/scale_addr_q_reg[4]/C
                            (rising edge-triggered cell FDRE clocked by clk  {rise@0.000ns fall@2.500ns period=5.000ns})
  Destination:            g_int8.u_p520/u_engine/scale_addr_q_reg[4]/D
                            (rising edge-triggered cell FDRE clocked by clk  {rise@0.000ns fall@2.500ns period=5.000ns})
  Path Group:             clk
  Path Type:              Hold (Min at Fast Process Corner)
  Requirement:            0.000ns  (clk rise@0.000ns - clk rise@0.000ns)
  Data Path Delay:        0.104ns  (logic 0.052ns (50.226%)  route 0.052ns (49.773%))
  Logic Levels:           1  (LUT6=1)
  Clock Path Skew:        0.006ns (DCD - SCD - CPR)
    Destination Clock Delay (DCD):    2.009ns
    Source Clock Delay      (SCD):    1.619ns
    Clock Pessimism Removal (CPR):    0.384ns
  Clock Net Delay (Source):      1.289ns (routing 0.705ns, distribution 0.584ns)
  Clock Net Delay (Destination): 1.451ns (routing 0.784ns, distribution 0.667ns)

    Location             Delay type                Incr(ns)  Path(ns)    Netlist Resource(s)
  -------------------------------------------------------------------    -------------------
                         (clock clk rise edge)        0.000     0.000 r  
    T8                                                0.000     0.000 r  clk (IN)
                         net (fo=0)                   0.000     0.000    clk_IBUF_inst/I
    T8                   INBUF (Prop_INBUF_HPIOB_M_PAD_O)
                                                      0.157     0.157 r  clk_IBUF_inst/INBUF_INST/O
                         net (fo=1, routed)           0.000     0.157    clk_IBUF_inst/OUT
    T8                   IBUFCTRL (Prop_IBUFCTRL_HPIOB_M_I_O)
                                                      0.000     0.157 r  clk_IBUF_inst/IBUFCTRL_INST/O
                         net (fo=1, routed)           0.156     0.313    clk_IBUF
    BUFGCE_X0Y77         BUFGCE (Prop_BUFCE_BUFGCE_I_O)
                                                      0.017     0.330 r  clk_IBUF_BUFG_inst/O
    X2Y1 (CLOCK_ROOT)    net (fo=1013, routed)        1.289     1.619    g_int8.u_p520/u_engine/clk_IBUF_BUFG
    SLICE_X93Y123        FDRE                                         r  g_int8.u_p520/u_engine/scale_addr_q_reg[4]/C
  -------------------------------------------------------------------    -------------------
    SLICE_X93Y123        FDRE (Prop_BFF_SLICEM_C_Q)
                                                      0.038     1.657 r  g_int8.u_p520/u_engine/scale_addr_q_reg[4]/Q
                         net (fo=4, routed)           0.031     1.687    g_int8.u_p520/u_engine/scale_addr_q_reg_n_0_[4]
    SLICE_X93Y123        LUT6 (Prop_B6LUT_SLICEM_I5_O)
                                                      0.014     1.701 r  g_int8.u_p520/u_engine/scale_addr_q[4]_i_1/O
                         net (fo=1, routed)           0.021     1.722    g_int8.u_p520/u_engine/scale_addr_q[4]_i_1_n_0
    SLICE_X93Y123        FDRE                                         r  g_int8.u_p520/u_engine/scale_addr_q_reg[4]/D
  -------------------------------------------------------------------    -------------------

                         (clock clk rise edge)        0.000     0.000 r  
    T8                                                0.000     0.000 r  clk (IN)
                         net (fo=0)                   0.000     0.000    clk_IBUF_inst/I
    T8                   INBUF (Prop_INBUF_HPIOB_M_PAD_O)
                                                      0.342     0.342 r  clk_IBUF_inst/INBUF_INST/O
                         net (fo=1, routed)           0.000     0.342    clk_IBUF_inst/OUT
    T8                   IBUFCTRL (Prop_IBUFCTRL_HPIOB_M_I_O)
                                                      0.000     0.342 r  clk_IBUF_inst/IBUFCTRL_INST/O
                         net (fo=1, routed)           0.197     0.539    clk_IBUF
    BUFGCE_X0Y77         BUFGCE (Prop_BUFCE_BUFGCE_I_O)
                                                      0.019     0.558 r  clk_IBUF_BUFG_inst/O
    X2Y1 (CLOCK_ROOT)    net (fo=1013, routed)        1.451     2.009    g_int8.u_p520/u_engine/clk_IBUF_BUFG
    SLICE_X93Y123        FDRE                                         r  g_int8.u_p520/u_engine/scale_addr_q_reg[4]/C
                         clock pessimism             -0.384     1.625    
    SLICE_X93Y123        FDRE (Hold_BFF_SLICEM_C_D)
                                                      0.046     1.671    g_int8.u_p520/u_engine/scale_addr_q_reg[4]
  -------------------------------------------------------------------
                         required time                         -1.671    
                         arrival time                           1.722    
  -------------------------------------------------------------------
                         slack                                  0.052    

Slack (MET) :             0.052ns  (arrival time - required time)
  Source:                 g_int8.u_p520/FSM_sequential_state_q_reg[4]/C
                            (rising edge-triggered cell FDRE clocked by clk  {rise@0.000ns fall@2.500ns period=5.000ns})
  Destination:            g_int8.u_p520/FSM_sequential_state_q_reg[4]/D
                            (rising edge-triggered cell FDRE clocked by clk  {rise@0.000ns fall@2.500ns period=5.000ns})
  Path Group:             clk
  Path Type:              Hold (Min at Fast Process Corner)
  Requirement:            0.000ns  (clk rise@0.000ns - clk rise@0.000ns)
  Data Path Delay:        0.104ns  (logic 0.052ns (50.108%)  route 0.052ns (49.892%))
  Logic Levels:           1  (LUT6=1)
  Clock Path Skew:        0.006ns (DCD - SCD - CPR)
    Destination Clock Delay (DCD):    1.971ns
    Source Clock Delay      (SCD):    1.585ns
    Clock Pessimism Removal (CPR):    0.380ns
  Clock Net Delay (Source):      1.256ns (routing 0.705ns, distribution 0.551ns)
  Clock Net Delay (Destination): 1.413ns (routing 0.784ns, distribution 0.629ns)

    Location             Delay type                Incr(ns)  Path(ns)    Netlist Resource(s)
  -------------------------------------------------------------------    -------------------
                         (clock clk rise edge)        0.000     0.000 r  
    T8                                                0.000     0.000 r  clk (IN)
                         net (fo=0)                   0.000     0.000    clk_IBUF_inst/I
    T8                   INBUF (Prop_INBUF_HPIOB_M_PAD_O)
                                                      0.157     0.157 r  clk_IBUF_inst/INBUF_INST/O
                         net (fo=1, routed)           0.000     0.157    clk_IBUF_inst/OUT
    T8                   IBUFCTRL (Prop_IBUFCTRL_HPIOB_M_I_O)
                                                      0.000     0.157 r  clk_IBUF_inst/IBUFCTRL_INST/O
                         net (fo=1, routed)           0.156     0.313    clk_IBUF
    BUFGCE_X0Y77         BUFGCE (Prop_BUFCE_BUFGCE_I_O)
                                                      0.017     0.330 r  clk_IBUF_BUFG_inst/O
    X2Y1 (CLOCK_ROOT)    net (fo=1013, routed)        1.256     1.585    g_int8.u_p520/clk_IBUF_BUFG
    SLICE_X91Y117        FDRE                                         r  g_int8.u_p520/FSM_sequential_state_q_reg[4]/C
  -------------------------------------------------------------------    -------------------
    SLICE_X91Y117        FDRE (Prop_BFF_SLICEM_C_Q)
                                                      0.038     1.623 r  g_int8.u_p520/FSM_sequential_state_q_reg[4]/Q
                         net (fo=51, routed)          0.031     1.654    g_int8.u_p520/state_q__0[4]
    SLICE_X91Y117        LUT6 (Prop_B6LUT_SLICEM_I5_O)
                                                      0.014     1.668 r  g_int8.u_p520/FSM_sequential_state_q[4]_i_2/O
                         net (fo=1, routed)           0.021     1.689    g_int8.u_p520/state_q__1[4]
    SLICE_X91Y117        FDRE                                         r  g_int8.u_p520/FSM_sequential_state_q_reg[4]/D
  -------------------------------------------------------------------    -------------------

                         (clock clk rise edge)        0.000     0.000 r  
    T8                                                0.000     0.000 r  clk (IN)
                         net (fo=0)                   0.000     0.000    clk_IBUF_inst/I
    T8                   INBUF (Prop_INBUF_HPIOB_M_PAD_O)
                                                      0.342     0.342 r  clk_IBUF_inst/INBUF_INST/O
                         net (fo=1, routed)           0.000     0.342    clk_IBUF_inst/OUT
    T8                   IBUFCTRL (Prop_IBUFCTRL_HPIOB_M_I_O)
                                                      0.000     0.342 r  clk_IBUF_inst/IBUFCTRL_INST/O
                         net (fo=1, routed)           0.197     0.539    clk_IBUF
    BUFGCE_X0Y77         BUFGCE (Prop_BUFCE_BUFGCE_I_O)
                                                      0.019     0.558 r  clk_IBUF_BUFG_inst/O
    X2Y1 (CLOCK_ROOT)    net (fo=1013, routed)        1.413     1.971    g_int8.u_p520/clk_IBUF_BUFG
    SLICE_X91Y117        FDRE                                         r  g_int8.u_p520/FSM_sequential_state_q_reg[4]/C
                         clock pessimism             -0.380     1.591    
    SLICE_X91Y117        FDRE (Hold_BFF_SLICEM_C_D)
                                                      0.046     1.637    g_int8.u_p520/FSM_sequential_state_q_reg[4]
  -------------------------------------------------------------------
                         required time                         -1.637    
                         arrival time                           1.689    
  -------------------------------------------------------------------
                         slack                                  0.052    

Slack (MET) :             0.053ns  (arrival time - required time)
  Source:                 g_int8.u_p254/FSM_sequential_state_q_reg[2]/C
                            (rising edge-triggered cell FDRE clocked by clk  {rise@0.000ns fall@2.500ns period=5.000ns})
  Destination:            g_int8.u_p254/FSM_sequential_state_q_reg[2]/D
                            (rising edge-triggered cell FDRE clocked by clk  {rise@0.000ns fall@2.500ns period=5.000ns})
  Path Group:             clk
  Path Type:              Hold (Min at Fast Process Corner)
  Requirement:            0.000ns  (clk rise@0.000ns - clk rise@0.000ns)
  Data Path Delay:        0.105ns  (logic 0.053ns (50.329%)  route 0.052ns (49.671%))
  Logic Levels:           1  (LUT6=1)
  Clock Path Skew:        0.006ns (DCD - SCD - CPR)
    Destination Clock Delay (DCD):    1.953ns
    Source Clock Delay      (SCD):    1.570ns
    Clock Pessimism Removal (CPR):    0.377ns
  Clock Net Delay (Source):      1.240ns (routing 0.705ns, distribution 0.535ns)
  Clock Net Delay (Destination): 1.395ns (routing 0.784ns, distribution 0.611ns)

    Location             Delay type                Incr(ns)  Path(ns)    Netlist Resource(s)
  -------------------------------------------------------------------    -------------------
                         (clock clk rise edge)        0.000     0.000 r  
    T8                                                0.000     0.000 r  clk (IN)
                         net (fo=0)                   0.000     0.000    clk_IBUF_inst/I
    T8                   INBUF (Prop_INBUF_HPIOB_M_PAD_O)
                                                      0.157     0.157 r  clk_IBUF_inst/INBUF_INST/O
                         net (fo=1, routed)           0.000     0.157    clk_IBUF_inst/OUT
    T8                   IBUFCTRL (Prop_IBUFCTRL_HPIOB_M_I_O)
                                                      0.000     0.157 r  clk_IBUF_inst/IBUFCTRL_INST/O
                         net (fo=1, routed)           0.156     0.313    clk_IBUF
    BUFGCE_X0Y77         BUFGCE (Prop_BUFCE_BUFGCE_I_O)
                                                      0.017     0.330 r  clk_IBUF_BUFG_inst/O
    X2Y1 (CLOCK_ROOT)    net (fo=1013, routed)        1.240     1.570    g_int8.u_p254/clk_IBUF_BUFG
    SLICE_X86Y111        FDRE                                         r  g_int8.u_p254/FSM_sequential_state_q_reg[2]/C
  -------------------------------------------------------------------    -------------------
    SLICE_X86Y111        FDRE (Prop_CFF_SLICEL_C_Q)
                                                      0.039     1.609 r  g_int8.u_p254/FSM_sequential_state_q_reg[2]/Q
                         net (fo=24, routed)          0.035     1.644    g_int8.u_p254/state_q__0[2]
    SLICE_X86Y111        LUT6 (Prop_C6LUT_SLICEL_I4_O)
                                                      0.014     1.658 r  g_int8.u_p254/FSM_sequential_state_q[2]_i_1__0/O
                         net (fo=1, routed)           0.017     1.675    g_int8.u_p254/state_q__1[2]
    SLICE_X86Y111        FDRE                                         r  g_int8.u_p254/FSM_sequential_state_q_reg[2]/D
  -------------------------------------------------------------------    -------------------

                         (clock clk rise edge)        0.000     0.000 r  
    T8                                                0.000     0.000 r  clk (IN)
                         net (fo=0)                   0.000     0.000    clk_IBUF_inst/I
    T8                   INBUF (Prop_INBUF_HPIOB_M_PAD_O)
                                                      0.342     0.342 r  clk_IBUF_inst/INBUF_INST/O
                         net (fo=1, routed)           0.000     0.342    clk_IBUF_inst/OUT
    T8                   IBUFCTRL (Prop_IBUFCTRL_HPIOB_M_I_O)
                                                      0.000     0.342 r  clk_IBUF_inst/IBUFCTRL_INST/O
                         net (fo=1, routed)           0.197     0.539    clk_IBUF
    BUFGCE_X0Y77         BUFGCE (Prop_BUFCE_BUFGCE_I_O)
                                                      0.019     0.558 r  clk_IBUF_BUFG_inst/O
    X2Y1 (CLOCK_ROOT)    net (fo=1013, routed)        1.395     1.953    g_int8.u_p254/clk_IBUF_BUFG
    SLICE_X86Y111        FDRE                                         r  g_int8.u_p254/FSM_sequential_state_q_reg[2]/C
                         clock pessimism             -0.377     1.576    
    SLICE_X86Y111        FDRE (Hold_CFF_SLICEL_C_D)
                                                      0.046     1.622    g_int8.u_p254/FSM_sequential_state_q_reg[2]
  -------------------------------------------------------------------
                         required time                         -1.622    
                         arrival time                           1.675    
  -------------------------------------------------------------------
                         slack                                  0.053    

Slack (MET) :             0.054ns  (arrival time - required time)
  Source:                 g_int8.u_p254/u_engine/scale_addr_q_reg[0]/C
                            (rising edge-triggered cell FDRE clocked by clk  {rise@0.000ns fall@2.500ns period=5.000ns})
  Destination:            g_int8.u_p254/u_engine/scale_addr_q_reg[1]/D
                            (rising edge-triggered cell FDRE clocked by clk  {rise@0.000ns fall@2.500ns period=5.000ns})
  Path Group:             clk
  Path Type:              Hold (Min at Fast Process Corner)
  Requirement:            0.000ns  (clk rise@0.000ns - clk rise@0.000ns)
  Data Path Delay:        0.107ns  (logic 0.072ns (67.586%)  route 0.035ns (32.414%))
  Logic Levels:           1  (LUT3=1)
  Clock Path Skew:        0.006ns (DCD - SCD - CPR)
    Destination Clock Delay (DCD):    1.920ns
    Source Clock Delay      (SCD):    1.539ns
    Clock Pessimism Removal (CPR):    0.375ns
  Clock Net Delay (Source):      1.210ns (routing 0.705ns, distribution 0.505ns)
  Clock Net Delay (Destination): 1.362ns (routing 0.784ns, distribution 0.578ns)

    Location             Delay type                Incr(ns)  Path(ns)    Netlist Resource(s)
  -------------------------------------------------------------------    -------------------
                         (clock clk rise edge)        0.000     0.000 r  
    T8                                                0.000     0.000 r  clk (IN)
                         net (fo=0)                   0.000     0.000    clk_IBUF_inst/I
    T8                   INBUF (Prop_INBUF_HPIOB_M_PAD_O)
                                                      0.157     0.157 r  clk_IBUF_inst/INBUF_INST/O
                         net (fo=1, routed)           0.000     0.157    clk_IBUF_inst/OUT
    T8                   IBUFCTRL (Prop_IBUFCTRL_HPIOB_M_I_O)
                                                      0.000     0.157 r  clk_IBUF_inst/IBUFCTRL_INST/O
                         net (fo=1, routed)           0.156     0.313    clk_IBUF
    BUFGCE_X0Y77         BUFGCE (Prop_BUFCE_BUFGCE_I_O)
                                                      0.017     0.330 r  clk_IBUF_BUFG_inst/O
    X2Y1 (CLOCK_ROOT)    net (fo=1013, routed)        1.210     1.539    g_int8.u_p254/u_engine/clk_IBUF_BUFG
    SLICE_X81Y101        FDRE                                         r  g_int8.u_p254/u_engine/scale_addr_q_reg[0]/C
  -------------------------------------------------------------------    -------------------
    SLICE_X81Y101        FDRE (Prop_DFF_SLICEL_C_Q)
                                                      0.039     1.578 r  g_int8.u_p254/u_engine/scale_addr_q_reg[0]/Q
                         net (fo=8, routed)           0.029     1.607    g_int8.u_p254/u_engine/scale_addr_q_reg_n_0_[0]
    SLICE_X81Y101        LUT3 (Prop_D5LUT_SLICEL_I0_O)
                                                      0.033     1.640 r  g_int8.u_p254/u_engine/scale_addr_q[1]_i_1__0/O
                         net (fo=1, routed)           0.006     1.646    g_int8.u_p254/u_engine/scale_addr_q[1]_i_1__0_n_0
    SLICE_X81Y101        FDRE                                         r  g_int8.u_p254/u_engine/scale_addr_q_reg[1]/D
  -------------------------------------------------------------------    -------------------

                         (clock clk rise edge)        0.000     0.000 r  
    T8                                                0.000     0.000 r  clk (IN)
                         net (fo=0)                   0.000     0.000    clk_IBUF_inst/I
    T8                   INBUF (Prop_INBUF_HPIOB_M_PAD_O)
                                                      0.342     0.342 r  clk_IBUF_inst/INBUF_INST/O
                         net (fo=1, routed)           0.000     0.342    clk_IBUF_inst/OUT
    T8                   IBUFCTRL (Prop_IBUFCTRL_HPIOB_M_I_O)
                                                      0.000     0.342 r  clk_IBUF_inst/IBUFCTRL_INST/O
                         net (fo=1, routed)           0.197     0.539    clk_IBUF
    BUFGCE_X0Y77         BUFGCE (Prop_BUFCE_BUFGCE_I_O)
                                                      0.019     0.558 r  clk_IBUF_BUFG_inst/O
    X2Y1 (CLOCK_ROOT)    net (fo=1013, routed)        1.362     1.920    g_int8.u_p254/u_engine/clk_IBUF_BUFG
    SLICE_X81Y101        FDRE                                         r  g_int8.u_p254/u_engine/scale_addr_q_reg[1]/C
                         clock pessimism             -0.375     1.545    
    SLICE_X81Y101        FDRE (Hold_DFF2_SLICEL_C_D)
                                                      0.047     1.592    g_int8.u_p254/u_engine/scale_addr_q_reg[1]
  -------------------------------------------------------------------
                         required time                         -1.592    
                         arrival time                           1.646    
  -------------------------------------------------------------------
                         slack                                  0.054    

Slack (MET) :             0.054ns  (arrival time - required time)
  Source:                 g_int8.u_p520/u_engine/twiddle_addr_q_reg_rep[1]/C
                            (rising edge-triggered cell FDRE clocked by clk  {rise@0.000ns fall@2.500ns period=5.000ns})
  Destination:            g_int8.u_p520/u_engine/twiddle_q_reg[1]/D
                            (rising edge-triggered cell FDRE clocked by clk  {rise@0.000ns fall@2.500ns period=5.000ns})
  Path Group:             clk
  Path Type:              Hold (Min at Fast Process Corner)
  Requirement:            0.000ns  (clk rise@0.000ns - clk rise@0.000ns)
  Data Path Delay:        0.120ns  (logic 0.075ns (62.745%)  route 0.045ns (37.255%))
  Logic Levels:           3  (LUT6=1 MUXF7=1 MUXF8=1)
  Clock Path Skew:        0.020ns (DCD - SCD - CPR)
    Destination Clock Delay (DCD):    2.003ns
    Source Clock Delay      (SCD):    1.615ns
    Clock Pessimism Removal (CPR):    0.369ns
  Clock Net Delay (Source):      1.285ns (routing 0.705ns, distribution 0.580ns)
  Clock Net Delay (Destination): 1.446ns (routing 0.784ns, distribution 0.662ns)

    Location             Delay type                Incr(ns)  Path(ns)    Netlist Resource(s)
  -------------------------------------------------------------------    -------------------
                         (clock clk rise edge)        0.000     0.000 r  
    T8                                                0.000     0.000 r  clk (IN)
                         net (fo=0)                   0.000     0.000    clk_IBUF_inst/I
    T8                   INBUF (Prop_INBUF_HPIOB_M_PAD_O)
                                                      0.157     0.157 r  clk_IBUF_inst/INBUF_INST/O
                         net (fo=1, routed)           0.000     0.157    clk_IBUF_inst/OUT
    T8                   IBUFCTRL (Prop_IBUFCTRL_HPIOB_M_I_O)
                                                      0.000     0.157 r  clk_IBUF_inst/IBUFCTRL_INST/O
                         net (fo=1, routed)           0.156     0.313    clk_IBUF
    BUFGCE_X0Y77         BUFGCE (Prop_BUFCE_BUFGCE_I_O)
                                                      0.017     0.330 r  clk_IBUF_BUFG_inst/O
    X2Y1 (CLOCK_ROOT)    net (fo=1013, routed)        1.285     1.615    g_int8.u_p520/u_engine/clk_IBUF_BUFG
    SLICE_X92Y126        FDRE                                         r  g_int8.u_p520/u_engine/twiddle_addr_q_reg_rep[1]/C
  -------------------------------------------------------------------    -------------------
    SLICE_X92Y126        FDRE (Prop_EFF_SLICEL_C_Q)
                                                      0.039     1.654 r  g_int8.u_p520/u_engine/twiddle_addr_q_reg_rep[1]/Q
                         net (fo=38, routed)          0.030     1.683    g_int8.u_p520/u_engine/twiddle_addr_q[1]
    SLICE_X92Y127        LUT6 (Prop_B6LUT_SLICEL_I1_O)
                                                      0.015     1.698 r  g_int8.u_p520/u_engine/g0_b1__0/O
                         net (fo=1, routed)           0.007     1.705    g_int8.u_p520/u_engine/g0_b1__0_n_0
    SLICE_X92Y127        MUXF7 (Prop_F7MUX_AB_SLICEL_I0_O)
                                                      0.010     1.715 r  g_int8.u_p520/u_engine/p_0_out_inferred__4/twiddle_q_reg[1]_i_3/O
                         net (fo=1, routed)           0.000     1.715    g_int8.u_p520/u_engine/p_0_out_inferred__4/twiddle_q_reg[1]_i_3_n_0
    SLICE_X92Y127        MUXF8 (Prop_F8MUX_BOT_SLICEL_I1_O)
                                                      0.011     1.726 r  g_int8.u_p520/u_engine/twiddle_q_reg[1]_i_1/O
                         net (fo=1, routed)           0.008     1.734    g_int8.u_p520/u_engine/twiddle_q_reg[1]_i_1_n_0
    SLICE_X92Y127        FDRE                                         r  g_int8.u_p520/u_engine/twiddle_q_reg[1]/D
  -------------------------------------------------------------------    -------------------

                         (clock clk rise edge)        0.000     0.000 r  
    T8                                                0.000     0.000 r  clk (IN)
                         net (fo=0)                   0.000     0.000    clk_IBUF_inst/I
    T8                   INBUF (Prop_INBUF_HPIOB_M_PAD_O)
                                                      0.342     0.342 r  clk_IBUF_inst/INBUF_INST/O
                         net (fo=1, routed)           0.000     0.342    clk_IBUF_inst/OUT
    T8                   IBUFCTRL (Prop_IBUFCTRL_HPIOB_M_I_O)
                                                      0.000     0.342 r  clk_IBUF_inst/IBUFCTRL_INST/O
                         net (fo=1, routed)           0.197     0.539    clk_IBUF
    BUFGCE_X0Y77         BUFGCE (Prop_BUFCE_BUFGCE_I_O)
                                                      0.019     0.558 r  clk_IBUF_BUFG_inst/O
    X2Y1 (CLOCK_ROOT)    net (fo=1013, routed)        1.446     2.003    g_int8.u_p520/u_engine/clk_IBUF_BUFG
    SLICE_X92Y127        FDRE                                         r  g_int8.u_p520/u_engine/twiddle_q_reg[1]/C
                         clock pessimism             -0.369     1.635    
    SLICE_X92Y127        FDRE (Hold_CFF_SLICEL_C_D)
                                                      0.046     1.681    g_int8.u_p520/u_engine/twiddle_q_reg[1]
  -------------------------------------------------------------------
                         required time                         -1.681    
                         arrival time                           1.734    
  -------------------------------------------------------------------
                         slack                                  0.054    

Slack (MET) :             0.055ns  (arrival time - required time)
  Source:                 g_int8.u_p254/u_engine/u_mul/p_out_reg[8]/C
                            (rising edge-triggered cell FDRE clocked by clk  {rise@0.000ns fall@2.500ns period=5.000ns})
  Destination:            g_int8.u_p254/u_engine/product_q_reg[8]/D
                            (rising edge-triggered cell FDRE clocked by clk  {rise@0.000ns fall@2.500ns period=5.000ns})
  Path Group:             clk
  Path Type:              Hold (Min at Fast Process Corner)
  Requirement:            0.000ns  (clk rise@0.000ns - clk rise@0.000ns)
  Data Path Delay:        0.122ns  (logic 0.039ns (31.967%)  route 0.083ns (68.033%))
  Logic Levels:           0  
  Clock Path Skew:        0.020ns (DCD - SCD - CPR)
    Destination Clock Delay (DCD):    1.879ns
    Source Clock Delay      (SCD):    1.500ns
    Clock Pessimism Removal (CPR):    0.359ns
  Clock Net Delay (Source):      1.171ns (routing 0.705ns, distribution 0.466ns)
  Clock Net Delay (Destination): 1.321ns (routing 0.784ns, distribution 0.537ns)

    Location             Delay type                Incr(ns)  Path(ns)    Netlist Resource(s)
  -------------------------------------------------------------------    -------------------
                         (clock clk rise edge)        0.000     0.000 r  
    T8                                                0.000     0.000 r  clk (IN)
                         net (fo=0)                   0.000     0.000    clk_IBUF_inst/I
    T8                   INBUF (Prop_INBUF_HPIOB_M_PAD_O)
                                                      0.157     0.157 r  clk_IBUF_inst/INBUF_INST/O
                         net (fo=1, routed)           0.000     0.157    clk_IBUF_inst/OUT
    T8                   IBUFCTRL (Prop_IBUFCTRL_HPIOB_M_I_O)
                                                      0.000     0.157 r  clk_IBUF_inst/IBUFCTRL_INST/O
                         net (fo=1, routed)           0.156     0.313    clk_IBUF
    BUFGCE_X0Y77         BUFGCE (Prop_BUFCE_BUFGCE_I_O)
                                                      0.017     0.330 r  clk_IBUF_BUFG_inst/O
    X2Y1 (CLOCK_ROOT)    net (fo=1013, routed)        1.171     1.500    g_int8.u_p254/u_engine/u_mul/clk_IBUF_BUFG
    SLICE_X74Y110        FDRE                                         r  g_int8.u_p254/u_engine/u_mul/p_out_reg[8]/C
  -------------------------------------------------------------------    -------------------
    SLICE_X74Y110        FDRE (Prop_HFF_SLICEM_C_Q)
                                                      0.039     1.539 r  g_int8.u_p254/u_engine/u_mul/p_out_reg[8]/Q
                         net (fo=1, routed)           0.083     1.622    g_int8.u_p254/u_engine/mul_product[8]
    SLICE_X75Y109        FDRE                                         r  g_int8.u_p254/u_engine/product_q_reg[8]/D
  -------------------------------------------------------------------    -------------------

                         (clock clk rise edge)        0.000     0.000 r  
    T8                                                0.000     0.000 r  clk (IN)
                         net (fo=0)                   0.000     0.000    clk_IBUF_inst/I
    T8                   INBUF (Prop_INBUF_HPIOB_M_PAD_O)
                                                      0.342     0.342 r  clk_IBUF_inst/INBUF_INST/O
                         net (fo=1, routed)           0.000     0.342    clk_IBUF_inst/OUT
    T8                   IBUFCTRL (Prop_IBUFCTRL_HPIOB_M_I_O)
                                                      0.000     0.342 r  clk_IBUF_inst/IBUFCTRL_INST/O
                         net (fo=1, routed)           0.197     0.539    clk_IBUF
    BUFGCE_X0Y77         BUFGCE (Prop_BUFCE_BUFGCE_I_O)
                                                      0.019     0.558 r  clk_IBUF_BUFG_inst/O
    X2Y1 (CLOCK_ROOT)    net (fo=1013, routed)        1.321     1.879    g_int8.u_p254/u_engine/clk_IBUF_BUFG
    SLICE_X75Y109        FDRE                                         r  g_int8.u_p254/u_engine/product_q_reg[8]/C
                         clock pessimism             -0.359     1.520    
    SLICE_X75Y109        FDRE (Hold_FFF2_SLICEL_C_D)
                                                      0.047     1.567    g_int8.u_p254/u_engine/product_q_reg[8]
  -------------------------------------------------------------------
                         required time                         -1.567    
                         arrival time                           1.622    
  -------------------------------------------------------------------
                         slack                                  0.055    

Slack (MET) :             0.055ns  (arrival time - required time)
  Source:                 g_int8.u_p254/u_engine/butterfly_q_reg[3]/C
                            (rising edge-triggered cell FDRE clocked by clk  {rise@0.000ns fall@2.500ns period=5.000ns})
  Destination:            g_int8.u_p254/u_engine/butterfly_q_reg[4]/D
                            (rising edge-triggered cell FDRE clocked by clk  {rise@0.000ns fall@2.500ns period=5.000ns})
  Path Group:             clk
  Path Type:              Hold (Min at Fast Process Corner)
  Requirement:            0.000ns  (clk rise@0.000ns - clk rise@0.000ns)
  Data Path Delay:        0.108ns  (logic 0.072ns (66.441%)  route 0.036ns (33.558%))
  Logic Levels:           1  (LUT5=1)
  Clock Path Skew:        0.006ns (DCD - SCD - CPR)
    Destination Clock Delay (DCD):    1.917ns
    Source Clock Delay      (SCD):    1.536ns
    Clock Pessimism Removal (CPR):    0.375ns
  Clock Net Delay (Source):      1.206ns (routing 0.705ns, distribution 0.501ns)
  Clock Net Delay (Destination): 1.359ns (routing 0.784ns, distribution 0.575ns)

    Location             Delay type                Incr(ns)  Path(ns)    Netlist Resource(s)
  -------------------------------------------------------------------    -------------------
                         (clock clk rise edge)        0.000     0.000 r  
    T8                                                0.000     0.000 r  clk (IN)
                         net (fo=0)                   0.000     0.000    clk_IBUF_inst/I
    T8                   INBUF (Prop_INBUF_HPIOB_M_PAD_O)
                                                      0.157     0.157 r  clk_IBUF_inst/INBUF_INST/O
                         net (fo=1, routed)           0.000     0.157    clk_IBUF_inst/OUT
    T8                   IBUFCTRL (Prop_IBUFCTRL_HPIOB_M_I_O)
                                                      0.000     0.157 r  clk_IBUF_inst/IBUFCTRL_INST/O
                         net (fo=1, routed)           0.156     0.313    clk_IBUF
    BUFGCE_X0Y77         BUFGCE (Prop_BUFCE_BUFGCE_I_O)
                                                      0.017     0.330 r  clk_IBUF_BUFG_inst/O
    X2Y1 (CLOCK_ROOT)    net (fo=1013, routed)        1.206     1.536    g_int8.u_p254/u_engine/clk_IBUF_BUFG
    SLICE_X80Y101        FDRE                                         r  g_int8.u_p254/u_engine/butterfly_q_reg[3]/C
  -------------------------------------------------------------------    -------------------
    SLICE_X80Y101        FDRE (Prop_DFF_SLICEL_C_Q)
                                                      0.039     1.575 r  g_int8.u_p254/u_engine/butterfly_q_reg[3]/Q
                         net (fo=13, routed)          0.030     1.605    g_int8.u_p254/u_engine/butterfly_q[3]
    SLICE_X80Y101        LUT5 (Prop_D5LUT_SLICEL_I2_O)
                                                      0.033     1.638 r  g_int8.u_p254/u_engine/butterfly_q[4]_i_1__0/O
                         net (fo=1, routed)           0.006     1.644    g_int8.u_p254/u_engine/A[4]
    SLICE_X80Y101        FDRE                                         r  g_int8.u_p254/u_engine/butterfly_q_reg[4]/D
  -------------------------------------------------------------------    -------------------

                         (clock clk rise edge)        0.000     0.000 r  
    T8                                                0.000     0.000 r  clk (IN)
                         net (fo=0)                   0.000     0.000    clk_IBUF_inst/I
    T8                   INBUF (Prop_INBUF_HPIOB_M_PAD_O)
                                                      0.342     0.342 r  clk_IBUF_inst/INBUF_INST/O
                         net (fo=1, routed)           0.000     0.342    clk_IBUF_inst/OUT
    T8                   IBUFCTRL (Prop_IBUFCTRL_HPIOB_M_I_O)
                                                      0.000     0.342 r  clk_IBUF_inst/IBUFCTRL_INST/O
                         net (fo=1, routed)           0.197     0.539    clk_IBUF
    BUFGCE_X0Y77         BUFGCE (Prop_BUFCE_BUFGCE_I_O)
                                                      0.019     0.558 r  clk_IBUF_BUFG_inst/O
    X2Y1 (CLOCK_ROOT)    net (fo=1013, routed)        1.359     1.917    g_int8.u_p254/u_engine/clk_IBUF_BUFG
    SLICE_X80Y101        FDRE                                         r  g_int8.u_p254/u_engine/butterfly_q_reg[4]/C
                         clock pessimism             -0.375     1.542    
    SLICE_X80Y101        FDRE (Hold_DFF2_SLICEL_C_D)
                                                      0.047     1.589    g_int8.u_p254/u_engine/butterfly_q_reg[4]
  -------------------------------------------------------------------
                         required time                         -1.589    
                         arrival time                           1.644    
  -------------------------------------------------------------------
                         slack                                  0.055    

Slack (MET) :             0.057ns  (arrival time - required time)
  Source:                 g_int8.u_p254/u_engine/u_mul/p_out_reg[16]/C
                            (rising edge-triggered cell FDRE clocked by clk  {rise@0.000ns fall@2.500ns period=5.000ns})
  Destination:            g_int8.u_p254/u_engine/product_q_reg[16]/D
                            (rising edge-triggered cell FDRE clocked by clk  {rise@0.000ns fall@2.500ns period=5.000ns})
  Path Group:             clk
  Path Type:              Hold (Min at Fast Process Corner)
  Requirement:            0.000ns  (clk rise@0.000ns - clk rise@0.000ns)
  Data Path Delay:        0.154ns  (logic 0.039ns (25.325%)  route 0.115ns (74.675%))
  Logic Levels:           0  
  Clock Path Skew:        0.050ns (DCD - SCD - CPR)
    Destination Clock Delay (DCD):    1.874ns
    Source Clock Delay      (SCD):    1.495ns
    Clock Pessimism Removal (CPR):    0.329ns
  Clock Net Delay (Source):      1.165ns (routing 0.705ns, distribution 0.460ns)
  Clock Net Delay (Destination): 1.316ns (routing 0.784ns, distribution 0.532ns)

    Location             Delay type                Incr(ns)  Path(ns)    Netlist Resource(s)
  -------------------------------------------------------------------    -------------------
                         (clock clk rise edge)        0.000     0.000 r  
    T8                                                0.000     0.000 r  clk (IN)
                         net (fo=0)                   0.000     0.000    clk_IBUF_inst/I
    T8                   INBUF (Prop_INBUF_HPIOB_M_PAD_O)
                                                      0.157     0.157 r  clk_IBUF_inst/INBUF_INST/O
                         net (fo=1, routed)           0.000     0.157    clk_IBUF_inst/OUT
    T8                   IBUFCTRL (Prop_IBUFCTRL_HPIOB_M_I_O)
                                                      0.000     0.157 r  clk_IBUF_inst/IBUFCTRL_INST/O
                         net (fo=1, routed)           0.156     0.313    clk_IBUF
    BUFGCE_X0Y77         BUFGCE (Prop_BUFCE_BUFGCE_I_O)
                                                      0.017     0.330 r  clk_IBUF_BUFG_inst/O
    X2Y1 (CLOCK_ROOT)    net (fo=1013, routed)        1.165     1.495    g_int8.u_p254/u_engine/u_mul/clk_IBUF_BUFG
    SLICE_X75Y113        FDRE                                         r  g_int8.u_p254/u_engine/u_mul/p_out_reg[16]/C
  -------------------------------------------------------------------    -------------------
    SLICE_X75Y113        FDRE (Prop_DFF_SLICEL_C_Q)
                                                      0.039     1.534 r  g_int8.u_p254/u_engine/u_mul/p_out_reg[16]/Q
                         net (fo=1, routed)           0.115     1.649    g_int8.u_p254/u_engine/mul_product[16]
    SLICE_X76Y111        FDRE                                         r  g_int8.u_p254/u_engine/product_q_reg[16]/D
  -------------------------------------------------------------------    -------------------

                         (clock clk rise edge)        0.000     0.000 r  
    T8                                                0.000     0.000 r  clk (IN)
                         net (fo=0)                   0.000     0.000    clk_IBUF_inst/I
    T8                   INBUF (Prop_INBUF_HPIOB_M_PAD_O)
                                                      0.342     0.342 r  clk_IBUF_inst/INBUF_INST/O
                         net (fo=1, routed)           0.000     0.342    clk_IBUF_inst/OUT
    T8                   IBUFCTRL (Prop_IBUFCTRL_HPIOB_M_I_O)
                                                      0.000     0.342 r  clk_IBUF_inst/IBUFCTRL_INST/O
                         net (fo=1, routed)           0.197     0.539    clk_IBUF
    BUFGCE_X0Y77         BUFGCE (Prop_BUFCE_BUFGCE_I_O)
                                                      0.019     0.558 r  clk_IBUF_BUFG_inst/O
    X2Y1 (CLOCK_ROOT)    net (fo=1013, routed)        1.316     1.874    g_int8.u_p254/u_engine/clk_IBUF_BUFG
    SLICE_X76Y111        FDRE                                         r  g_int8.u_p254/u_engine/product_q_reg[16]/C
                         clock pessimism             -0.329     1.545    
    SLICE_X76Y111        FDRE (Hold_EFF2_SLICEM_C_D)
                                                      0.047     1.592    g_int8.u_p254/u_engine/product_q_reg[16]
  -------------------------------------------------------------------
                         required time                         -1.592    
                         arrival time                           1.649    
  -------------------------------------------------------------------
                         slack                                  0.057    

Slack (MET) :             0.058ns  (arrival time - required time)
  Source:                 g_int8.u_p520/u_engine/twiddle_addr_q_reg_rep[3]/C
                            (rising edge-triggered cell FDRE clocked by clk  {rise@0.000ns fall@2.500ns period=5.000ns})
  Destination:            g_int8.u_p520/u_engine/twiddle_q_reg[8]/D
                            (rising edge-triggered cell FDRE clocked by clk  {rise@0.000ns fall@2.500ns period=5.000ns})
  Path Group:             clk
  Path Type:              Hold (Min at Fast Process Corner)
  Requirement:            0.000ns  (clk rise@0.000ns - clk rise@0.000ns)
  Data Path Delay:        0.158ns  (logic 0.075ns (47.499%)  route 0.083ns (52.501%))
  Logic Levels:           3  (LUT6=1 MUXF7=1 MUXF8=1)
  Clock Path Skew:        0.054ns (DCD - SCD - CPR)
    Destination Clock Delay (DCD):    2.008ns
    Source Clock Delay      (SCD):    1.618ns
    Clock Pessimism Removal (CPR):    0.335ns
  Clock Net Delay (Source):      1.289ns (routing 0.705ns, distribution 0.584ns)
  Clock Net Delay (Destination): 1.450ns (routing 0.784ns, distribution 0.666ns)

    Location             Delay type                Incr(ns)  Path(ns)    Netlist Resource(s)
  -------------------------------------------------------------------    -------------------
                         (clock clk rise edge)        0.000     0.000 r  
    T8                                                0.000     0.000 r  clk (IN)
                         net (fo=0)                   0.000     0.000    clk_IBUF_inst/I
    T8                   INBUF (Prop_INBUF_HPIOB_M_PAD_O)
                                                      0.157     0.157 r  clk_IBUF_inst/INBUF_INST/O
                         net (fo=1, routed)           0.000     0.157    clk_IBUF_inst/OUT
    T8                   IBUFCTRL (Prop_IBUFCTRL_HPIOB_M_I_O)
                                                      0.000     0.157 r  clk_IBUF_inst/IBUFCTRL_INST/O
                         net (fo=1, routed)           0.156     0.313    clk_IBUF
    BUFGCE_X0Y77         BUFGCE (Prop_BUFCE_BUFGCE_I_O)
                                                      0.017     0.330 r  clk_IBUF_BUFG_inst/O
    X2Y1 (CLOCK_ROOT)    net (fo=1013, routed)        1.289     1.618    g_int8.u_p520/u_engine/clk_IBUF_BUFG
    SLICE_X92Y127        FDRE                                         r  g_int8.u_p520/u_engine/twiddle_addr_q_reg_rep[3]/C
  -------------------------------------------------------------------    -------------------
    SLICE_X92Y127        FDRE (Prop_EFF_SLICEL_C_Q)
                                                      0.039     1.657 r  g_int8.u_p520/u_engine/twiddle_addr_q_reg_rep[3]/Q
                         net (fo=38, routed)          0.065     1.722    g_int8.u_p520/u_engine/twiddle_addr_q[3]
    SLICE_X93Y128        LUT6 (Prop_A6LUT_SLICEM_I3_O)
                                                      0.014     1.736 r  g_int8.u_p520/u_engine/g1_b8__0/O
                         net (fo=1, routed)           0.009     1.745    g_int8.u_p520/u_engine/g1_b8__0_n_0
    SLICE_X93Y128        MUXF7 (Prop_F7MUX_AB_SLICEM_I1_O)
                                                      0.010     1.755 r  g_int8.u_p520/u_engine/p_0_out_inferred__4/twiddle_q_reg[8]_i_3/O
                         net (fo=1, routed)           0.000     1.755    g_int8.u_p520/u_engine/p_0_out_inferred__4/twiddle_q_reg[8]_i_3_n_0
    SLICE_X93Y128        MUXF8 (Prop_F8MUX_BOT_SLICEM_I1_O)
                                                      0.012     1.767 r  g_int8.u_p520/u_engine/twiddle_q_reg[8]_i_1/O
                         net (fo=1, routed)           0.009     1.776    g_int8.u_p520/u_engine/twiddle_q_reg[8]_i_1_n_0
    SLICE_X93Y128        FDRE                                         r  g_int8.u_p520/u_engine/twiddle_q_reg[8]/D
  -------------------------------------------------------------------    -------------------

                         (clock clk rise edge)        0.000     0.000 r  
    T8                                                0.000     0.000 r  clk (IN)
                         net (fo=0)                   0.000     0.000    clk_IBUF_inst/I
    T8                   INBUF (Prop_INBUF_HPIOB_M_PAD_O)
                                                      0.342     0.342 r  clk_IBUF_inst/INBUF_INST/O
                         net (fo=1, routed)           0.000     0.342    clk_IBUF_inst/OUT
    T8                   IBUFCTRL (Prop_IBUFCTRL_HPIOB_M_I_O)
                                                      0.000     0.342 r  clk_IBUF_inst/IBUFCTRL_INST/O
                         net (fo=1, routed)           0.197     0.539    clk_IBUF
    BUFGCE_X0Y77         BUFGCE (Prop_BUFCE_BUFGCE_I_O)
                                                      0.019     0.558 r  clk_IBUF_BUFG_inst/O
    X2Y1 (CLOCK_ROOT)    net (fo=1013, routed)        1.450     2.008    g_int8.u_p520/u_engine/clk_IBUF_BUFG
    SLICE_X93Y128        FDRE                                         r  g_int8.u_p520/u_engine/twiddle_q_reg[8]/C
                         clock pessimism             -0.335     1.673    
    SLICE_X93Y128        FDRE (Hold_CFF_SLICEM_C_D)
                                                      0.046     1.719    g_int8.u_p520/u_engine/twiddle_q_reg[8]
  -------------------------------------------------------------------
                         required time                         -1.719    
                         arrival time                           1.776    
  -------------------------------------------------------------------
                         slack                                  0.058    

Slack (MET) :             0.058ns  (arrival time - required time)
  Source:                 g_int8.u_p254/u_engine/butterfly_q_reg[0]/C
                            (rising edge-triggered cell FDRE clocked by clk  {rise@0.000ns fall@2.500ns period=5.000ns})
  Destination:            g_int8.u_p254/u_engine/butterfly_q_reg[0]/D
                            (rising edge-triggered cell FDRE clocked by clk  {rise@0.000ns fall@2.500ns period=5.000ns})
  Path Group:             clk
  Path Type:              Hold (Min at Fast Process Corner)
  Requirement:            0.000ns  (clk rise@0.000ns - clk rise@0.000ns)
  Data Path Delay:        0.110ns  (logic 0.061ns (55.615%)  route 0.049ns (44.385%))
  Logic Levels:           1  (LUT6=1)
  Clock Path Skew:        0.006ns (DCD - SCD - CPR)
    Destination Clock Delay (DCD):    1.928ns
    Source Clock Delay      (SCD):    1.545ns
    Clock Pessimism Removal (CPR):    0.377ns
  Clock Net Delay (Source):      1.216ns (routing 0.705ns, distribution 0.511ns)
  Clock Net Delay (Destination): 1.370ns (routing 0.784ns, distribution 0.586ns)

    Location             Delay type                Incr(ns)  Path(ns)    Netlist Resource(s)
  -------------------------------------------------------------------    -------------------
                         (clock clk rise edge)        0.000     0.000 r  
    T8                                                0.000     0.000 r  clk (IN)
                         net (fo=0)                   0.000     0.000    clk_IBUF_inst/I
    T8                   INBUF (Prop_INBUF_HPIOB_M_PAD_O)
                                                      0.157     0.157 r  clk_IBUF_inst/INBUF_INST/O
                         net (fo=1, routed)           0.000     0.157    clk_IBUF_inst/OUT
    T8                   IBUFCTRL (Prop_IBUFCTRL_HPIOB_M_I_O)
                                                      0.000     0.157 r  clk_IBUF_inst/IBUFCTRL_INST/O
                         net (fo=1, routed)           0.156     0.313    clk_IBUF
    BUFGCE_X0Y77         BUFGCE (Prop_BUFCE_BUFGCE_I_O)
                                                      0.017     0.330 r  clk_IBUF_BUFG_inst/O
    X2Y1 (CLOCK_ROOT)    net (fo=1013, routed)        1.216     1.545    g_int8.u_p254/u_engine/clk_IBUF_BUFG
    SLICE_X82Y101        FDRE                                         r  g_int8.u_p254/u_engine/butterfly_q_reg[0]/C
  -------------------------------------------------------------------    -------------------
    SLICE_X82Y101        FDRE (Prop_AFF_SLICEM_C_Q)
                                                      0.038     1.583 f  g_int8.u_p254/u_engine/butterfly_q_reg[0]/Q
                         net (fo=15, routed)          0.031     1.614    g_int8.u_p254/u_engine/butterfly_q[0]
    SLICE_X82Y101        LUT6 (Prop_A6LUT_SLICEM_I5_O)
                                                      0.023     1.637 r  g_int8.u_p254/u_engine/butterfly_q[0]_i_1__0/O
                         net (fo=1, routed)           0.018     1.655    g_int8.u_p254/u_engine/A[0]
    SLICE_X82Y101        FDRE                                         r  g_int8.u_p254/u_engine/butterfly_q_reg[0]/D
  -------------------------------------------------------------------    -------------------

                         (clock clk rise edge)        0.000     0.000 r  
    T8                                                0.000     0.000 r  clk (IN)
                         net (fo=0)                   0.000     0.000    clk_IBUF_inst/I
    T8                   INBUF (Prop_INBUF_HPIOB_M_PAD_O)
                                                      0.342     0.342 r  clk_IBUF_inst/INBUF_INST/O
                         net (fo=1, routed)           0.000     0.342    clk_IBUF_inst/OUT
    T8                   IBUFCTRL (Prop_IBUFCTRL_HPIOB_M_I_O)
                                                      0.000     0.342 r  clk_IBUF_inst/IBUFCTRL_INST/O
                         net (fo=1, routed)           0.197     0.539    clk_IBUF
    BUFGCE_X0Y77         BUFGCE (Prop_BUFCE_BUFGCE_I_O)
                                                      0.019     0.558 r  clk_IBUF_BUFG_inst/O
    X2Y1 (CLOCK_ROOT)    net (fo=1013, routed)        1.370     1.928    g_int8.u_p254/u_engine/clk_IBUF_BUFG
    SLICE_X82Y101        FDRE                                         r  g_int8.u_p254/u_engine/butterfly_q_reg[0]/C
                         clock pessimism             -0.377     1.551    
    SLICE_X82Y101        FDRE (Hold_AFF_SLICEM_C_D)
                                                      0.046     1.597    g_int8.u_p254/u_engine/butterfly_q_reg[0]
  -------------------------------------------------------------------
                         required time                         -1.597    
                         arrival time                           1.655    
  -------------------------------------------------------------------
                         slack                                  0.058    

Slack (MET) :             0.058ns  (arrival time - required time)
  Source:                 g_int8.u_p254/u_engine/butterfly_q_reg[5]/C
                            (rising edge-triggered cell FDRE clocked by clk  {rise@0.000ns fall@2.500ns period=5.000ns})
  Destination:            g_int8.u_p254/u_engine/butterfly_q_reg[5]/D
                            (rising edge-triggered cell FDRE clocked by clk  {rise@0.000ns fall@2.500ns period=5.000ns})
  Path Group:             clk
  Path Type:              Hold (Min at Fast Process Corner)
  Requirement:            0.000ns  (clk rise@0.000ns - clk rise@0.000ns)
  Data Path Delay:        0.110ns  (logic 0.052ns (47.395%)  route 0.058ns (52.604%))
  Logic Levels:           1  (LUT6=1)
  Clock Path Skew:        0.006ns (DCD - SCD - CPR)
    Destination Clock Delay (DCD):    1.928ns
    Source Clock Delay      (SCD):    1.545ns
    Clock Pessimism Removal (CPR):    0.377ns
  Clock Net Delay (Source):      1.216ns (routing 0.705ns, distribution 0.511ns)
  Clock Net Delay (Destination): 1.370ns (routing 0.784ns, distribution 0.586ns)

    Location             Delay type                Incr(ns)  Path(ns)    Netlist Resource(s)
  -------------------------------------------------------------------    -------------------
                         (clock clk rise edge)        0.000     0.000 r  
    T8                                                0.000     0.000 r  clk (IN)
                         net (fo=0)                   0.000     0.000    clk_IBUF_inst/I
    T8                   INBUF (Prop_INBUF_HPIOB_M_PAD_O)
                                                      0.157     0.157 r  clk_IBUF_inst/INBUF_INST/O
                         net (fo=1, routed)           0.000     0.157    clk_IBUF_inst/OUT
    T8                   IBUFCTRL (Prop_IBUFCTRL_HPIOB_M_I_O)
                                                      0.000     0.157 r  clk_IBUF_inst/IBUFCTRL_INST/O
                         net (fo=1, routed)           0.156     0.313    clk_IBUF
    BUFGCE_X0Y77         BUFGCE (Prop_BUFCE_BUFGCE_I_O)
                                                      0.017     0.330 r  clk_IBUF_BUFG_inst/O
    X2Y1 (CLOCK_ROOT)    net (fo=1013, routed)        1.216     1.545    g_int8.u_p254/u_engine/clk_IBUF_BUFG
    SLICE_X82Y101        FDRE                                         r  g_int8.u_p254/u_engine/butterfly_q_reg[5]/C
  -------------------------------------------------------------------    -------------------
    SLICE_X82Y101        FDRE (Prop_CFF_SLICEM_C_Q)
                                                      0.038     1.583 r  g_int8.u_p254/u_engine/butterfly_q_reg[5]/Q
                         net (fo=9, routed)           0.034     1.617    g_int8.u_p254/u_engine/butterfly_q[5]
    SLICE_X82Y101        LUT6 (Prop_C6LUT_SLICEM_I5_O)
                                                      0.014     1.631 r  g_int8.u_p254/u_engine/butterfly_q[5]_i_1__0/O
                         net (fo=1, routed)           0.024     1.655    g_int8.u_p254/u_engine/A[5]
    SLICE_X82Y101        FDRE                                         r  g_int8.u_p254/u_engine/butterfly_q_reg[5]/D
  -------------------------------------------------------------------    -------------------

                         (clock clk rise edge)        0.000     0.000 r  
    T8                                                0.000     0.000 r  clk (IN)
                         net (fo=0)                   0.000     0.000    clk_IBUF_inst/I
    T8                   INBUF (Prop_INBUF_HPIOB_M_PAD_O)
                                                      0.342     0.342 r  clk_IBUF_inst/INBUF_INST/O
                         net (fo=1, routed)           0.000     0.342    clk_IBUF_inst/OUT
    T8                   IBUFCTRL (Prop_IBUFCTRL_HPIOB_M_I_O)
                                                      0.000     0.342 r  clk_IBUF_inst/IBUFCTRL_INST/O
                         net (fo=1, routed)           0.197     0.539    clk_IBUF
    BUFGCE_X0Y77         BUFGCE (Prop_BUFCE_BUFGCE_I_O)
                                                      0.019     0.558 r  clk_IBUF_BUFG_inst/O
    X2Y1 (CLOCK_ROOT)    net (fo=1013, routed)        1.370     1.928    g_int8.u_p254/u_engine/clk_IBUF_BUFG
    SLICE_X82Y101        FDRE                                         r  g_int8.u_p254/u_engine/butterfly_q_reg[5]/C
                         clock pessimism             -0.377     1.551    
    SLICE_X82Y101        FDRE (Hold_CFF_SLICEM_C_D)
                                                      0.046     1.597    g_int8.u_p254/u_engine/butterfly_q_reg[5]
  -------------------------------------------------------------------
                         required time                         -1.597    
                         arrival time                           1.655    
  -------------------------------------------------------------------
                         slack                                  0.058    

Slack (MET) :             0.058ns  (arrival time - required time)
  Source:                 g_int8.u_p254/u_engine/u_mul/p_out_reg[11]/C
                            (rising edge-triggered cell FDRE clocked by clk  {rise@0.000ns fall@2.500ns period=5.000ns})
  Destination:            g_int8.u_p254/u_engine/product_q_reg[11]/D
                            (rising edge-triggered cell FDRE clocked by clk  {rise@0.000ns fall@2.500ns period=5.000ns})
  Path Group:             clk
  Path Type:              Hold (Min at Fast Process Corner)
  Requirement:            0.000ns  (clk rise@0.000ns - clk rise@0.000ns)
  Data Path Delay:        0.124ns  (logic 0.039ns (31.452%)  route 0.085ns (68.548%))
  Logic Levels:           0  
  Clock Path Skew:        0.019ns (DCD - SCD - CPR)
    Destination Clock Delay (DCD):    1.879ns
    Source Clock Delay      (SCD):    1.501ns
    Clock Pessimism Removal (CPR):    0.359ns
  Clock Net Delay (Source):      1.172ns (routing 0.705ns, distribution 0.467ns)
  Clock Net Delay (Destination): 1.321ns (routing 0.784ns, distribution 0.537ns)

    Location             Delay type                Incr(ns)  Path(ns)    Netlist Resource(s)
  -------------------------------------------------------------------    -------------------
                         (clock clk rise edge)        0.000     0.000 r  
    T8                                                0.000     0.000 r  clk (IN)
                         net (fo=0)                   0.000     0.000    clk_IBUF_inst/I
    T8                   INBUF (Prop_INBUF_HPIOB_M_PAD_O)
                                                      0.157     0.157 r  clk_IBUF_inst/INBUF_INST/O
                         net (fo=1, routed)           0.000     0.157    clk_IBUF_inst/OUT
    T8                   IBUFCTRL (Prop_IBUFCTRL_HPIOB_M_I_O)
                                                      0.000     0.157 r  clk_IBUF_inst/IBUFCTRL_INST/O
                         net (fo=1, routed)           0.156     0.313    clk_IBUF
    BUFGCE_X0Y77         BUFGCE (Prop_BUFCE_BUFGCE_I_O)
                                                      0.017     0.330 r  clk_IBUF_BUFG_inst/O
    X2Y1 (CLOCK_ROOT)    net (fo=1013, routed)        1.172     1.501    g_int8.u_p254/u_engine/u_mul/clk_IBUF_BUFG
    SLICE_X74Y110        FDRE                                         r  g_int8.u_p254/u_engine/u_mul/p_out_reg[11]/C
  -------------------------------------------------------------------    -------------------
    SLICE_X74Y110        FDRE (Prop_CFF2_SLICEM_C_Q)
                                                      0.039     1.540 r  g_int8.u_p254/u_engine/u_mul/p_out_reg[11]/Q
                         net (fo=1, routed)           0.085     1.625    g_int8.u_p254/u_engine/mul_product[11]
    SLICE_X75Y109        FDRE                                         r  g_int8.u_p254/u_engine/product_q_reg[11]/D
  -------------------------------------------------------------------    -------------------

                         (clock clk rise edge)        0.000     0.000 r  
    T8                                                0.000     0.000 r  clk (IN)
                         net (fo=0)                   0.000     0.000    clk_IBUF_inst/I
    T8                   INBUF (Prop_INBUF_HPIOB_M_PAD_O)
                                                      0.342     0.342 r  clk_IBUF_inst/INBUF_INST/O
                         net (fo=1, routed)           0.000     0.342    clk_IBUF_inst/OUT
    T8                   IBUFCTRL (Prop_IBUFCTRL_HPIOB_M_I_O)
                                                      0.000     0.342 r  clk_IBUF_inst/IBUFCTRL_INST/O
                         net (fo=1, routed)           0.197     0.539    clk_IBUF
    BUFGCE_X0Y77         BUFGCE (Prop_BUFCE_BUFGCE_I_O)
                                                      0.019     0.558 r  clk_IBUF_BUFG_inst/O
    X2Y1 (CLOCK_ROOT)    net (fo=1013, routed)        1.321     1.879    g_int8.u_p254/u_engine/clk_IBUF_BUFG
    SLICE_X75Y109        FDRE                                         r  g_int8.u_p254/u_engine/product_q_reg[11]/C
                         clock pessimism             -0.359     1.520    
    SLICE_X75Y109        FDRE (Hold_EFF2_SLICEL_C_D)
                                                      0.047     1.567    g_int8.u_p254/u_engine/product_q_reg[11]
  -------------------------------------------------------------------
                         required time                         -1.567    
                         arrival time                           1.625    
  -------------------------------------------------------------------
                         slack                                  0.058    

Slack (MET) :             0.059ns  (arrival time - required time)
  Source:                 g_int8.u_p254/index_q_reg[5]/C
                            (rising edge-triggered cell FDRE clocked by clk  {rise@0.000ns fall@2.500ns period=5.000ns})
  Destination:            g_int8.u_p254/index_q_reg[5]/D
                            (rising edge-triggered cell FDRE clocked by clk  {rise@0.000ns fall@2.500ns period=5.000ns})
  Path Group:             clk
  Path Type:              Hold (Min at Fast Process Corner)
  Requirement:            0.000ns  (clk rise@0.000ns - clk rise@0.000ns)
  Data Path Delay:        0.111ns  (logic 0.052ns (46.787%)  route 0.059ns (53.213%))
  Logic Levels:           1  (LUT6=1)
  Clock Path Skew:        0.006ns (DCD - SCD - CPR)
    Destination Clock Delay (DCD):    1.943ns
    Source Clock Delay      (SCD):    1.559ns
    Clock Pessimism Removal (CPR):    0.378ns
  Clock Net Delay (Source):      1.230ns (routing 0.705ns, distribution 0.525ns)
  Clock Net Delay (Destination): 1.385ns (routing 0.784ns, distribution 0.601ns)

    Location             Delay type                Incr(ns)  Path(ns)    Netlist Resource(s)
  -------------------------------------------------------------------    -------------------
                         (clock clk rise edge)        0.000     0.000 r  
    T8                                                0.000     0.000 r  clk (IN)
                         net (fo=0)                   0.000     0.000    clk_IBUF_inst/I
    T8                   INBUF (Prop_INBUF_HPIOB_M_PAD_O)
                                                      0.157     0.157 r  clk_IBUF_inst/INBUF_INST/O
                         net (fo=1, routed)           0.000     0.157    clk_IBUF_inst/OUT
    T8                   IBUFCTRL (Prop_IBUFCTRL_HPIOB_M_I_O)
                                                      0.000     0.157 r  clk_IBUF_inst/IBUFCTRL_INST/O
                         net (fo=1, routed)           0.156     0.313    clk_IBUF
    BUFGCE_X0Y77         BUFGCE (Prop_BUFCE_BUFGCE_I_O)
                                                      0.017     0.330 r  clk_IBUF_BUFG_inst/O
    X2Y1 (CLOCK_ROOT)    net (fo=1013, routed)        1.230     1.559    g_int8.u_p254/clk_IBUF_BUFG
    SLICE_X85Y110        FDRE                                         r  g_int8.u_p254/index_q_reg[5]/C
  -------------------------------------------------------------------    -------------------
    SLICE_X85Y110        FDRE (Prop_BFF_SLICEM_C_Q)
                                                      0.038     1.597 r  g_int8.u_p254/index_q_reg[5]/Q
                         net (fo=12, routed)          0.038     1.635    g_int8.u_p254/index_q_reg_n_0_[5]
    SLICE_X85Y110        LUT6 (Prop_B6LUT_SLICEM_I4_O)
                                                      0.014     1.649 r  g_int8.u_p254/index_q[5]_i_1__0/O
                         net (fo=1, routed)           0.021     1.670    g_int8.u_p254/C[5]
    SLICE_X85Y110        FDRE                                         r  g_int8.u_p254/index_q_reg[5]/D
  -------------------------------------------------------------------    -------------------

                         (clock clk rise edge)        0.000     0.000 r  
    T8                                                0.000     0.000 r  clk (IN)
                         net (fo=0)                   0.000     0.000    clk_IBUF_inst/I
    T8                   INBUF (Prop_INBUF_HPIOB_M_PAD_O)
                                                      0.342     0.342 r  clk_IBUF_inst/INBUF_INST/O
                         net (fo=1, routed)           0.000     0.342    clk_IBUF_inst/OUT
    T8                   IBUFCTRL (Prop_IBUFCTRL_HPIOB_M_I_O)
                                                      0.000     0.342 r  clk_IBUF_inst/IBUFCTRL_INST/O
                         net (fo=1, routed)           0.197     0.539    clk_IBUF
    BUFGCE_X0Y77         BUFGCE (Prop_BUFCE_BUFGCE_I_O)
                                                      0.019     0.558 r  clk_IBUF_BUFG_inst/O
    X2Y1 (CLOCK_ROOT)    net (fo=1013, routed)        1.385     1.943    g_int8.u_p254/clk_IBUF_BUFG
    SLICE_X85Y110        FDRE                                         r  g_int8.u_p254/index_q_reg[5]/C
                         clock pessimism             -0.378     1.565    
    SLICE_X85Y110        FDRE (Hold_BFF_SLICEM_C_D)
                                                      0.046     1.611    g_int8.u_p254/index_q_reg[5]
  -------------------------------------------------------------------
                         required time                         -1.611    
                         arrival time                           1.670    
  -------------------------------------------------------------------
                         slack                                  0.059    

Slack (MET) :             0.059ns  (arrival time - required time)
  Source:                 g_int8.u_p254/index_q_reg[6]/C
                            (rising edge-triggered cell FDRE clocked by clk  {rise@0.000ns fall@2.500ns period=5.000ns})
  Destination:            g_int8.u_p254/index_q_reg[6]/D
                            (rising edge-triggered cell FDRE clocked by clk  {rise@0.000ns fall@2.500ns period=5.000ns})
  Path Group:             clk
  Path Type:              Hold (Min at Fast Process Corner)
  Requirement:            0.000ns  (clk rise@0.000ns - clk rise@0.000ns)
  Data Path Delay:        0.111ns  (logic 0.052ns (46.686%)  route 0.059ns (53.314%))
  Logic Levels:           1  (LUT6=1)
  Clock Path Skew:        0.006ns (DCD - SCD - CPR)
    Destination Clock Delay (DCD):    1.943ns
    Source Clock Delay      (SCD):    1.559ns
    Clock Pessimism Removal (CPR):    0.378ns
  Clock Net Delay (Source):      1.230ns (routing 0.705ns, distribution 0.525ns)
  Clock Net Delay (Destination): 1.385ns (routing 0.784ns, distribution 0.601ns)

    Location             Delay type                Incr(ns)  Path(ns)    Netlist Resource(s)
  -------------------------------------------------------------------    -------------------
                         (clock clk rise edge)        0.000     0.000 r  
    T8                                                0.000     0.000 r  clk (IN)
                         net (fo=0)                   0.000     0.000    clk_IBUF_inst/I
    T8                   INBUF (Prop_INBUF_HPIOB_M_PAD_O)
                                                      0.157     0.157 r  clk_IBUF_inst/INBUF_INST/O
                         net (fo=1, routed)           0.000     0.157    clk_IBUF_inst/OUT
    T8                   IBUFCTRL (Prop_IBUFCTRL_HPIOB_M_I_O)
                                                      0.000     0.157 r  clk_IBUF_inst/IBUFCTRL_INST/O
                         net (fo=1, routed)           0.156     0.313    clk_IBUF
    BUFGCE_X0Y77         BUFGCE (Prop_BUFCE_BUFGCE_I_O)
                                                      0.017     0.330 r  clk_IBUF_BUFG_inst/O
    X2Y1 (CLOCK_ROOT)    net (fo=1013, routed)        1.230     1.559    g_int8.u_p254/clk_IBUF_BUFG
    SLICE_X85Y110        FDRE                                         r  g_int8.u_p254/index_q_reg[6]/C
  -------------------------------------------------------------------    -------------------
    SLICE_X85Y110        FDRE (Prop_CFF_SLICEM_C_Q)
                                                      0.038     1.597 r  g_int8.u_p254/index_q_reg[6]/Q
                         net (fo=11, routed)          0.035     1.632    g_int8.u_p254/index_q_reg_n_0_[6]
    SLICE_X85Y110        LUT6 (Prop_C6LUT_SLICEM_I5_O)
                                                      0.014     1.646 r  g_int8.u_p254/index_q[6]_i_1__0/O
                         net (fo=1, routed)           0.024     1.670    g_int8.u_p254/C[6]
    SLICE_X85Y110        FDRE                                         r  g_int8.u_p254/index_q_reg[6]/D
  -------------------------------------------------------------------    -------------------

                         (clock clk rise edge)        0.000     0.000 r  
    T8                                                0.000     0.000 r  clk (IN)
                         net (fo=0)                   0.000     0.000    clk_IBUF_inst/I
    T8                   INBUF (Prop_INBUF_HPIOB_M_PAD_O)
                                                      0.342     0.342 r  clk_IBUF_inst/INBUF_INST/O
                         net (fo=1, routed)           0.000     0.342    clk_IBUF_inst/OUT
    T8                   IBUFCTRL (Prop_IBUFCTRL_HPIOB_M_I_O)
                                                      0.000     0.342 r  clk_IBUF_inst/IBUFCTRL_INST/O
                         net (fo=1, routed)           0.197     0.539    clk_IBUF
    BUFGCE_X0Y77         BUFGCE (Prop_BUFCE_BUFGCE_I_O)
                                                      0.019     0.558 r  clk_IBUF_BUFG_inst/O
    X2Y1 (CLOCK_ROOT)    net (fo=1013, routed)        1.385     1.943    g_int8.u_p254/clk_IBUF_BUFG
    SLICE_X85Y110        FDRE                                         r  g_int8.u_p254/index_q_reg[6]/C
                         clock pessimism             -0.378     1.565    
    SLICE_X85Y110        FDRE (Hold_CFF_SLICEM_C_D)
                                                      0.046     1.611    g_int8.u_p254/index_q_reg[6]
  -------------------------------------------------------------------
                         required time                         -1.611    
                         arrival time                           1.670    
  -------------------------------------------------------------------
                         slack                                  0.059    

Slack (MET) :             0.059ns  (arrival time - required time)
  Source:                 g_int8.u_p520/index_q_reg[6]/C
                            (rising edge-triggered cell FDRE clocked by clk  {rise@0.000ns fall@2.500ns period=5.000ns})
  Destination:            g_int8.u_p520/index_q_reg[6]/D
                            (rising edge-triggered cell FDRE clocked by clk  {rise@0.000ns fall@2.500ns period=5.000ns})
  Path Group:             clk
  Path Type:              Hold (Min at Fast Process Corner)
  Requirement:            0.000ns  (clk rise@0.000ns - clk rise@0.000ns)
  Data Path Delay:        0.111ns  (logic 0.052ns (46.654%)  route 0.059ns (53.346%))
  Logic Levels:           1  (LUT6=1)
  Clock Path Skew:        0.006ns (DCD - SCD - CPR)
    Destination Clock Delay (DCD):    2.004ns
    Source Clock Delay      (SCD):    1.614ns
    Clock Pessimism Removal (CPR):    0.384ns
  Clock Net Delay (Source):      1.285ns (routing 0.705ns, distribution 0.580ns)
  Clock Net Delay (Destination): 1.446ns (routing 0.784ns, distribution 0.662ns)

    Location             Delay type                Incr(ns)  Path(ns)    Netlist Resource(s)
  -------------------------------------------------------------------    -------------------
                         (clock clk rise edge)        0.000     0.000 r  
    T8                                                0.000     0.000 r  clk (IN)
                         net (fo=0)                   0.000     0.000    clk_IBUF_inst/I
    T8                   INBUF (Prop_INBUF_HPIOB_M_PAD_O)
                                                      0.157     0.157 r  clk_IBUF_inst/INBUF_INST/O
                         net (fo=1, routed)           0.000     0.157    clk_IBUF_inst/OUT
    T8                   IBUFCTRL (Prop_IBUFCTRL_HPIOB_M_I_O)
                                                      0.000     0.157 r  clk_IBUF_inst/IBUFCTRL_INST/O
                         net (fo=1, routed)           0.156     0.313    clk_IBUF
    BUFGCE_X0Y77         BUFGCE (Prop_BUFCE_BUFGCE_I_O)
                                                      0.017     0.330 r  clk_IBUF_BUFG_inst/O
    X2Y1 (CLOCK_ROOT)    net (fo=1013, routed)        1.285     1.614    g_int8.u_p520/clk_IBUF_BUFG
    SLICE_X91Y121        FDRE                                         r  g_int8.u_p520/index_q_reg[6]/C
  -------------------------------------------------------------------    -------------------
    SLICE_X91Y121        FDRE (Prop_CFF_SLICEM_C_Q)
                                                      0.038     1.652 r  g_int8.u_p520/index_q_reg[6]/Q
                         net (fo=12, routed)          0.035     1.688    g_int8.u_p520/index_q_reg_n_0_[6]
    SLICE_X91Y121        LUT6 (Prop_C6LUT_SLICEM_I5_O)
                                                      0.014     1.702 r  g_int8.u_p520/index_q[6]_i_1/O
                         net (fo=1, routed)           0.024     1.726    g_int8.u_p520/C[6]
    SLICE_X91Y121        FDRE                                         r  g_int8.u_p520/index_q_reg[6]/D
  -------------------------------------------------------------------    -------------------

                         (clock clk rise edge)        0.000     0.000 r  
    T8                                                0.000     0.000 r  clk (IN)
                         net (fo=0)                   0.000     0.000    clk_IBUF_inst/I
    T8                   INBUF (Prop_INBUF_HPIOB_M_PAD_O)
                                                      0.342     0.342 r  clk_IBUF_inst/INBUF_INST/O
                         net (fo=1, routed)           0.000     0.342    clk_IBUF_inst/OUT
    T8                   IBUFCTRL (Prop_IBUFCTRL_HPIOB_M_I_O)
                                                      0.000     0.342 r  clk_IBUF_inst/IBUFCTRL_INST/O
                         net (fo=1, routed)           0.197     0.539    clk_IBUF
    BUFGCE_X0Y77         BUFGCE (Prop_BUFCE_BUFGCE_I_O)
                                                      0.019     0.558 r  clk_IBUF_BUFG_inst/O
    X2Y1 (CLOCK_ROOT)    net (fo=1013, routed)        1.446     2.004    g_int8.u_p520/clk_IBUF_BUFG
    SLICE_X91Y121        FDRE                                         r  g_int8.u_p520/index_q_reg[6]/C
                         clock pessimism             -0.384     1.620    
    SLICE_X91Y121        FDRE (Hold_CFF_SLICEM_C_D)
                                                      0.046     1.666    g_int8.u_p520/index_q_reg[6]
  -------------------------------------------------------------------
                         required time                         -1.666    
                         arrival time                           1.726    
  -------------------------------------------------------------------
                         slack                                  0.059    

Slack (MET) :             0.061ns  (arrival time - required time)
  Source:                 g_int8.u_p254/u_engine/state_q_reg[0]/C
                            (rising edge-triggered cell FDRE clocked by clk  {rise@0.000ns fall@2.500ns period=5.000ns})
  Destination:            g_int8.u_p254/u_engine/state_q_reg[3]/D
                            (rising edge-triggered cell FDRE clocked by clk  {rise@0.000ns fall@2.500ns period=5.000ns})
  Path Group:             clk
  Path Type:              Hold (Min at Fast Process Corner)
  Requirement:            0.000ns  (clk rise@0.000ns - clk rise@0.000ns)
  Data Path Delay:        0.114ns  (logic 0.072ns (63.215%)  route 0.042ns (36.785%))
  Logic Levels:           1  (LUT4=1)
  Clock Path Skew:        0.006ns (DCD - SCD - CPR)
    Destination Clock Delay (DCD):    1.929ns
    Source Clock Delay      (SCD):    1.548ns
    Clock Pessimism Removal (CPR):    0.375ns
  Clock Net Delay (Source):      1.218ns (routing 0.705ns, distribution 0.513ns)
  Clock Net Delay (Destination): 1.371ns (routing 0.784ns, distribution 0.587ns)

    Location             Delay type                Incr(ns)  Path(ns)    Netlist Resource(s)
  -------------------------------------------------------------------    -------------------
                         (clock clk rise edge)        0.000     0.000 r  
    T8                                                0.000     0.000 r  clk (IN)
                         net (fo=0)                   0.000     0.000    clk_IBUF_inst/I
    T8                   INBUF (Prop_INBUF_HPIOB_M_PAD_O)
                                                      0.157     0.157 r  clk_IBUF_inst/INBUF_INST/O
                         net (fo=1, routed)           0.000     0.157    clk_IBUF_inst/OUT
    T8                   IBUFCTRL (Prop_IBUFCTRL_HPIOB_M_I_O)
                                                      0.000     0.157 r  clk_IBUF_inst/IBUFCTRL_INST/O
                         net (fo=1, routed)           0.156     0.313    clk_IBUF
    BUFGCE_X0Y77         BUFGCE (Prop_BUFCE_BUFGCE_I_O)
                                                      0.017     0.330 r  clk_IBUF_BUFG_inst/O
    X2Y1 (CLOCK_ROOT)    net (fo=1013, routed)        1.218     1.548    g_int8.u_p254/u_engine/clk_IBUF_BUFG
    SLICE_X83Y104        FDRE                                         r  g_int8.u_p254/u_engine/state_q_reg[0]/C
  -------------------------------------------------------------------    -------------------
    SLICE_X83Y104        FDRE (Prop_DFF_SLICEL_C_Q)
                                                      0.039     1.587 r  g_int8.u_p254/u_engine/state_q_reg[0]/Q
                         net (fo=18, routed)          0.036     1.623    g_int8.u_p254/u_engine/state_q[0]
    SLICE_X83Y104        LUT4 (Prop_D5LUT_SLICEL_I3_O)
                                                      0.033     1.656 r  g_int8.u_p254/u_engine/state_q[3]_i_2__0/O
                         net (fo=1, routed)           0.006     1.662    g_int8.u_p254/u_engine/state_q[3]_i_2__0_n_0
    SLICE_X83Y104        FDRE                                         r  g_int8.u_p254/u_engine/state_q_reg[3]/D
  -------------------------------------------------------------------    -------------------

                         (clock clk rise edge)        0.000     0.000 r  
    T8                                                0.000     0.000 r  clk (IN)
                         net (fo=0)                   0.000     0.000    clk_IBUF_inst/I
    T8                   INBUF (Prop_INBUF_HPIOB_M_PAD_O)
                                                      0.342     0.342 r  clk_IBUF_inst/INBUF_INST/O
                         net (fo=1, routed)           0.000     0.342    clk_IBUF_inst/OUT
    T8                   IBUFCTRL (Prop_IBUFCTRL_HPIOB_M_I_O)
                                                      0.000     0.342 r  clk_IBUF_inst/IBUFCTRL_INST/O
                         net (fo=1, routed)           0.197     0.539    clk_IBUF
    BUFGCE_X0Y77         BUFGCE (Prop_BUFCE_BUFGCE_I_O)
                                                      0.019     0.558 r  clk_IBUF_BUFG_inst/O
    X2Y1 (CLOCK_ROOT)    net (fo=1013, routed)        1.371     1.929    g_int8.u_p254/u_engine/clk_IBUF_BUFG
    SLICE_X83Y104        FDRE                                         r  g_int8.u_p254/u_engine/state_q_reg[3]/C
                         clock pessimism             -0.375     1.554    
    SLICE_X83Y104        FDRE (Hold_DFF2_SLICEL_C_D)
                                                      0.047     1.601    g_int8.u_p254/u_engine/state_q_reg[3]
  -------------------------------------------------------------------
                         required time                         -1.601    
                         arrival time                           1.662    
  -------------------------------------------------------------------
                         slack                                  0.061    

Slack (MET) :             0.062ns  (arrival time - required time)
  Source:                 g_int8.u_p254/u_engine/u_mul/p_out_reg[4]/C
                            (rising edge-triggered cell FDRE clocked by clk  {rise@0.000ns fall@2.500ns period=5.000ns})
  Destination:            g_int8.u_p254/u_engine/product_q_reg[4]/D
                            (rising edge-triggered cell FDRE clocked by clk  {rise@0.000ns fall@2.500ns period=5.000ns})
  Path Group:             clk
  Path Type:              Hold (Min at Fast Process Corner)
  Requirement:            0.000ns  (clk rise@0.000ns - clk rise@0.000ns)
  Data Path Delay:        0.128ns  (logic 0.039ns (30.469%)  route 0.089ns (69.531%))
  Logic Levels:           0  
  Clock Path Skew:        0.020ns (DCD - SCD - CPR)
    Destination Clock Delay (DCD):    1.874ns
    Source Clock Delay      (SCD):    1.495ns
    Clock Pessimism Removal (CPR):    0.359ns
  Clock Net Delay (Source):      1.165ns (routing 0.705ns, distribution 0.460ns)
  Clock Net Delay (Destination): 1.316ns (routing 0.784ns, distribution 0.532ns)

    Location             Delay type                Incr(ns)  Path(ns)    Netlist Resource(s)
  -------------------------------------------------------------------    -------------------
                         (clock clk rise edge)        0.000     0.000 r  
    T8                                                0.000     0.000 r  clk (IN)
                         net (fo=0)                   0.000     0.000    clk_IBUF_inst/I
    T8                   INBUF (Prop_INBUF_HPIOB_M_PAD_O)
                                                      0.157     0.157 r  clk_IBUF_inst/INBUF_INST/O
                         net (fo=1, routed)           0.000     0.157    clk_IBUF_inst/OUT
    T8                   IBUFCTRL (Prop_IBUFCTRL_HPIOB_M_I_O)
                                                      0.000     0.157 r  clk_IBUF_inst/IBUFCTRL_INST/O
                         net (fo=1, routed)           0.156     0.313    clk_IBUF
    BUFGCE_X0Y77         BUFGCE (Prop_BUFCE_BUFGCE_I_O)
                                                      0.017     0.330 r  clk_IBUF_BUFG_inst/O
    X2Y1 (CLOCK_ROOT)    net (fo=1013, routed)        1.165     1.495    g_int8.u_p254/u_engine/u_mul/clk_IBUF_BUFG
    SLICE_X75Y111        FDRE                                         r  g_int8.u_p254/u_engine/u_mul/p_out_reg[4]/C
  -------------------------------------------------------------------    -------------------
    SLICE_X75Y111        FDRE (Prop_DFF_SLICEL_C_Q)
                                                      0.039     1.534 r  g_int8.u_p254/u_engine/u_mul/p_out_reg[4]/Q
                         net (fo=1, routed)           0.089     1.623    g_int8.u_p254/u_engine/mul_product[4]
    SLICE_X75Y108        FDRE                                         r  g_int8.u_p254/u_engine/product_q_reg[4]/D
  -------------------------------------------------------------------    -------------------

                         (clock clk rise edge)        0.000     0.000 r  
    T8                                                0.000     0.000 r  clk (IN)
                         net (fo=0)                   0.000     0.000    clk_IBUF_inst/I
    T8                   INBUF (Prop_INBUF_HPIOB_M_PAD_O)
                                                      0.342     0.342 r  clk_IBUF_inst/INBUF_INST/O
                         net (fo=1, routed)           0.000     0.342    clk_IBUF_inst/OUT
    T8                   IBUFCTRL (Prop_IBUFCTRL_HPIOB_M_I_O)
                                                      0.000     0.342 r  clk_IBUF_inst/IBUFCTRL_INST/O
                         net (fo=1, routed)           0.197     0.539    clk_IBUF
    BUFGCE_X0Y77         BUFGCE (Prop_BUFCE_BUFGCE_I_O)
                                                      0.019     0.558 r  clk_IBUF_BUFG_inst/O
    X2Y1 (CLOCK_ROOT)    net (fo=1013, routed)        1.316     1.874    g_int8.u_p254/u_engine/clk_IBUF_BUFG
    SLICE_X75Y108        FDRE                                         r  g_int8.u_p254/u_engine/product_q_reg[4]/C
                         clock pessimism             -0.359     1.515    
    SLICE_X75Y108        FDRE (Hold_DFF_SLICEL_C_D)
                                                      0.046     1.561    g_int8.u_p254/u_engine/product_q_reg[4]
  -------------------------------------------------------------------
                         required time                         -1.561    
                         arrival time                           1.623    
  -------------------------------------------------------------------
                         slack                                  0.062    

Slack (MET) :             0.062ns  (arrival time - required time)
  Source:                 g_int8.u_p520/u_engine/product_q_reg[18]/C
                            (rising edge-triggered cell FDRE clocked by clk  {rise@0.000ns fall@2.500ns period=5.000ns})
  Destination:            g_int8.u_p520/u_engine/u_pong/mem_reg_bram_0/DINADIN[18]
                            (rising edge-triggered cell RAMB36E2 clocked by clk  {rise@0.000ns fall@2.500ns period=5.000ns})
  Path Group:             clk
  Path Type:              Hold (Min at Fast Process Corner)
  Requirement:            0.000ns  (clk rise@0.000ns - clk rise@0.000ns)
  Data Path Delay:        0.190ns  (logic 0.062ns (32.625%)  route 0.128ns (67.375%))
  Logic Levels:           1  (LUT5=1)
  Clock Path Skew:        0.133ns (DCD - SCD - CPR)
    Destination Clock Delay (DCD):    2.079ns
    Source Clock Delay      (SCD):    1.608ns
    Clock Pessimism Removal (CPR):    0.337ns
  Clock Net Delay (Source):      1.279ns (routing 0.705ns, distribution 0.574ns)
  Clock Net Delay (Destination): 1.521ns (routing 0.784ns, distribution 0.737ns)

    Location             Delay type                Incr(ns)  Path(ns)    Netlist Resource(s)
  -------------------------------------------------------------------    -------------------
                         (clock clk rise edge)        0.000     0.000 r  
    T8                                                0.000     0.000 r  clk (IN)
                         net (fo=0)                   0.000     0.000    clk_IBUF_inst/I
    T8                   INBUF (Prop_INBUF_HPIOB_M_PAD_O)
                                                      0.157     0.157 r  clk_IBUF_inst/INBUF_INST/O
                         net (fo=1, routed)           0.000     0.157    clk_IBUF_inst/OUT
    T8                   IBUFCTRL (Prop_IBUFCTRL_HPIOB_M_I_O)
                                                      0.000     0.157 r  clk_IBUF_inst/IBUFCTRL_INST/O
                         net (fo=1, routed)           0.156     0.313    clk_IBUF
    BUFGCE_X0Y77         BUFGCE (Prop_BUFCE_BUFGCE_I_O)
                                                      0.017     0.330 r  clk_IBUF_BUFG_inst/O
    X2Y1 (CLOCK_ROOT)    net (fo=1013, routed)        1.279     1.608    g_int8.u_p520/u_engine/clk_IBUF_BUFG
    SLICE_X94Y130        FDRE                                         r  g_int8.u_p520/u_engine/product_q_reg[18]/C
  -------------------------------------------------------------------    -------------------
    SLICE_X94Y130        FDRE (Prop_AFF_SLICEL_C_Q)
                                                      0.039     1.647 r  g_int8.u_p520/u_engine/product_q_reg[18]/Q
                         net (fo=6, routed)           0.080     1.727    g_int8.u_p520/u_engine/u_pong/mem_reg_bram_0_1[18]
    SLICE_X95Y130        LUT5 (Prop_B6LUT_SLICEL_I2_O)
                                                      0.023     1.750 r  g_int8.u_p520/u_engine/u_pong/mem_reg_bram_0_i_17__1/O
                         net (fo=1, routed)           0.048     1.798    g_int8.u_p520/u_engine/u_pong/pong_b_din[18]
    RAMB36_X12Y26        RAMB36E2                                     r  g_int8.u_p520/u_engine/u_pong/mem_reg_bram_0/DINADIN[18]
  -------------------------------------------------------------------    -------------------

                         (clock clk rise edge)        0.000     0.000 r  
    T8                                                0.000     0.000 r  clk (IN)
                         net (fo=0)                   0.000     0.000    clk_IBUF_inst/I
    T8                   INBUF (Prop_INBUF_HPIOB_M_PAD_O)
                                                      0.342     0.342 r  clk_IBUF_inst/INBUF_INST/O
                         net (fo=1, routed)           0.000     0.342    clk_IBUF_inst/OUT
    T8                   IBUFCTRL (Prop_IBUFCTRL_HPIOB_M_I_O)
                                                      0.000     0.342 r  clk_IBUF_inst/IBUFCTRL_INST/O
                         net (fo=1, routed)           0.197     0.539    clk_IBUF
    BUFGCE_X0Y77         BUFGCE (Prop_BUFCE_BUFGCE_I_O)
                                                      0.019     0.558 r  clk_IBUF_BUFG_inst/O
    X2Y1 (CLOCK_ROOT)    net (fo=1013, routed)        1.521     2.079    g_int8.u_p520/u_engine/u_pong/clk_IBUF_BUFG
    RAMB36_X12Y26        RAMB36E2                                     r  g_int8.u_p520/u_engine/u_pong/mem_reg_bram_0/CLKARDCLK
                         clock pessimism             -0.337     1.741    
    RAMB36_X12Y26        RAMB36E2 (Hold_RAMB36E2_RAMB36_CLKARDCLK_DINADIN[18])
                                                     -0.005     1.736    g_int8.u_p520/u_engine/u_pong/mem_reg_bram_0
  -------------------------------------------------------------------
                         required time                         -1.736    
                         arrival time                           1.798    
  -------------------------------------------------------------------
                         slack                                  0.062    

Slack (MET) :             0.062ns  (arrival time - required time)
  Source:                 g_int8.u_p254/u_mac_mul/v4_reg_g_int8.u_p520_u_engine_u_mul_v4_reg_r/C
                            (rising edge-triggered cell FDRE clocked by clk  {rise@0.000ns fall@2.500ns period=5.000ns})
  Destination:            g_int8.u_p254/u_mac_mul/out_valid_reg/D
                            (rising edge-triggered cell FDRE clocked by clk  {rise@0.000ns fall@2.500ns period=5.000ns})
  Path Group:             clk
  Path Type:              Hold (Min at Fast Process Corner)
  Requirement:            0.000ns  (clk rise@0.000ns - clk rise@0.000ns)
  Data Path Delay:        0.128ns  (logic 0.053ns (41.406%)  route 0.075ns (58.594%))
  Logic Levels:           1  (LUT2=1)
  Clock Path Skew:        0.020ns (DCD - SCD - CPR)
    Destination Clock Delay (DCD):    1.960ns
    Source Clock Delay      (SCD):    1.574ns
    Clock Pessimism Removal (CPR):    0.366ns
  Clock Net Delay (Source):      1.244ns (routing 0.705ns, distribution 0.539ns)
  Clock Net Delay (Destination): 1.402ns (routing 0.784ns, distribution 0.618ns)

    Location             Delay type                Incr(ns)  Path(ns)    Netlist Resource(s)
  -------------------------------------------------------------------    -------------------
                         (clock clk rise edge)        0.000     0.000 r  
    T8                                                0.000     0.000 r  clk (IN)
                         net (fo=0)                   0.000     0.000    clk_IBUF_inst/I
    T8                   INBUF (Prop_INBUF_HPIOB_M_PAD_O)
                                                      0.157     0.157 r  clk_IBUF_inst/INBUF_INST/O
                         net (fo=1, routed)           0.000     0.157    clk_IBUF_inst/OUT
    T8                   IBUFCTRL (Prop_IBUFCTRL_HPIOB_M_I_O)
                                                      0.000     0.157 r  clk_IBUF_inst/IBUFCTRL_INST/O
                         net (fo=1, routed)           0.156     0.313    clk_IBUF
    BUFGCE_X0Y77         BUFGCE (Prop_BUFCE_BUFGCE_I_O)
                                                      0.017     0.330 r  clk_IBUF_BUFG_inst/O
    X2Y1 (CLOCK_ROOT)    net (fo=1013, routed)        1.244     1.574    g_int8.u_p254/u_mac_mul/clk_IBUF_BUFG
    SLICE_X87Y108        FDRE                                         r  g_int8.u_p254/u_mac_mul/v4_reg_g_int8.u_p520_u_engine_u_mul_v4_reg_r/C
  -------------------------------------------------------------------    -------------------
    SLICE_X87Y108        FDRE (Prop_DFF_SLICEM_C_Q)
                                                      0.039     1.613 r  g_int8.u_p254/u_mac_mul/v4_reg_g_int8.u_p520_u_engine_u_mul_v4_reg_r/Q
                         net (fo=1, routed)           0.049     1.662    g_int8.u_p254/u_mac_mul/v4_reg_g_int8.u_p520_u_engine_u_mul_v4_reg_r_n_0
    SLICE_X87Y109        LUT2 (Prop_D6LUT_SLICEM_I0_O)
                                                      0.014     1.676 r  g_int8.u_p254/u_mac_mul/v4_reg_gate/O
                         net (fo=1, routed)           0.026     1.702    g_int8.u_p254/u_mac_mul/v4_reg_gate_n_0
    SLICE_X87Y109        FDRE                                         r  g_int8.u_p254/u_mac_mul/out_valid_reg/D
  -------------------------------------------------------------------    -------------------

                         (clock clk rise edge)        0.000     0.000 r  
    T8                                                0.000     0.000 r  clk (IN)
                         net (fo=0)                   0.000     0.000    clk_IBUF_inst/I
    T8                   INBUF (Prop_INBUF_HPIOB_M_PAD_O)
                                                      0.342     0.342 r  clk_IBUF_inst/INBUF_INST/O
                         net (fo=1, routed)           0.000     0.342    clk_IBUF_inst/OUT
    T8                   IBUFCTRL (Prop_IBUFCTRL_HPIOB_M_I_O)
                                                      0.000     0.342 r  clk_IBUF_inst/IBUFCTRL_INST/O
                         net (fo=1, routed)           0.197     0.539    clk_IBUF
    BUFGCE_X0Y77         BUFGCE (Prop_BUFCE_BUFGCE_I_O)
                                                      0.019     0.558 r  clk_IBUF_BUFG_inst/O
    X2Y1 (CLOCK_ROOT)    net (fo=1013, routed)        1.402     1.960    g_int8.u_p254/u_mac_mul/clk_IBUF_BUFG
    SLICE_X87Y109        FDRE                                         r  g_int8.u_p254/u_mac_mul/out_valid_reg/C
                         clock pessimism             -0.366     1.594    
    SLICE_X87Y109        FDRE (Hold_DFF_SLICEM_C_D)
                                                      0.046     1.640    g_int8.u_p254/u_mac_mul/out_valid_reg
  -------------------------------------------------------------------
                         required time                         -1.640    
                         arrival time                           1.702    
  -------------------------------------------------------------------
                         slack                                  0.062    

Slack (MET) :             0.063ns  (arrival time - required time)
  Source:                 g_int8.u_p254/u_engine/u_mul/p_out_reg[7]/C
                            (rising edge-triggered cell FDRE clocked by clk  {rise@0.000ns fall@2.500ns period=5.000ns})
  Destination:            g_int8.u_p254/u_engine/product_q_reg[7]/D
                            (rising edge-triggered cell FDRE clocked by clk  {rise@0.000ns fall@2.500ns period=5.000ns})
  Path Group:             clk
  Path Type:              Hold (Min at Fast Process Corner)
  Requirement:            0.000ns  (clk rise@0.000ns - clk rise@0.000ns)
  Data Path Delay:        0.128ns  (logic 0.039ns (30.469%)  route 0.089ns (69.531%))
  Logic Levels:           0  
  Clock Path Skew:        0.019ns (DCD - SCD - CPR)
    Destination Clock Delay (DCD):    1.879ns
    Source Clock Delay      (SCD):    1.501ns
    Clock Pessimism Removal (CPR):    0.359ns
  Clock Net Delay (Source):      1.172ns (routing 0.705ns, distribution 0.467ns)
  Clock Net Delay (Destination): 1.321ns (routing 0.784ns, distribution 0.537ns)

    Location             Delay type                Incr(ns)  Path(ns)    Netlist Resource(s)
  -------------------------------------------------------------------    -------------------
                         (clock clk rise edge)        0.000     0.000 r  
    T8                                                0.000     0.000 r  clk (IN)
                         net (fo=0)                   0.000     0.000    clk_IBUF_inst/I
    T8                   INBUF (Prop_INBUF_HPIOB_M_PAD_O)
                                                      0.157     0.157 r  clk_IBUF_inst/INBUF_INST/O
                         net (fo=1, routed)           0.000     0.157    clk_IBUF_inst/OUT
    T8                   IBUFCTRL (Prop_IBUFCTRL_HPIOB_M_I_O)
                                                      0.000     0.157 r  clk_IBUF_inst/IBUFCTRL_INST/O
                         net (fo=1, routed)           0.156     0.313    clk_IBUF
    BUFGCE_X0Y77         BUFGCE (Prop_BUFCE_BUFGCE_I_O)
                                                      0.017     0.330 r  clk_IBUF_BUFG_inst/O
    X2Y1 (CLOCK_ROOT)    net (fo=1013, routed)        1.172     1.501    g_int8.u_p254/u_engine/u_mul/clk_IBUF_BUFG
    SLICE_X74Y110        FDRE                                         r  g_int8.u_p254/u_engine/u_mul/p_out_reg[7]/C
  -------------------------------------------------------------------    -------------------
    SLICE_X74Y110        FDRE (Prop_AFF2_SLICEM_C_Q)
                                                      0.039     1.540 r  g_int8.u_p254/u_engine/u_mul/p_out_reg[7]/Q
                         net (fo=1, routed)           0.089     1.629    g_int8.u_p254/u_engine/mul_product[7]
    SLICE_X75Y109        FDRE                                         r  g_int8.u_p254/u_engine/product_q_reg[7]/D
  -------------------------------------------------------------------    -------------------

                         (clock clk rise edge)        0.000     0.000 r  
    T8                                                0.000     0.000 r  clk (IN)
                         net (fo=0)                   0.000     0.000    clk_IBUF_inst/I
    T8                   INBUF (Prop_INBUF_HPIOB_M_PAD_O)
                                                      0.342     0.342 r  clk_IBUF_inst/INBUF_INST/O
                         net (fo=1, routed)           0.000     0.342    clk_IBUF_inst/OUT
    T8                   IBUFCTRL (Prop_IBUFCTRL_HPIOB_M_I_O)
                                                      0.000     0.342 r  clk_IBUF_inst/IBUFCTRL_INST/O
                         net (fo=1, routed)           0.197     0.539    clk_IBUF
    BUFGCE_X0Y77         BUFGCE (Prop_BUFCE_BUFGCE_I_O)
                                                      0.019     0.558 r  clk_IBUF_BUFG_inst/O
    X2Y1 (CLOCK_ROOT)    net (fo=1013, routed)        1.321     1.879    g_int8.u_p254/u_engine/clk_IBUF_BUFG
    SLICE_X75Y109        FDRE                                         r  g_int8.u_p254/u_engine/product_q_reg[7]/C
                         clock pessimism             -0.359     1.520    
    SLICE_X75Y109        FDRE (Hold_FFF_SLICEL_C_D)
                                                      0.046     1.566    g_int8.u_p254/u_engine/product_q_reg[7]
  -------------------------------------------------------------------
                         required time                         -1.566    
                         arrival time                           1.629    
  -------------------------------------------------------------------
                         slack                                  0.063    

Slack (MET) :             0.064ns  (arrival time - required time)
  Source:                 g_int8.u_p520/index_q_reg[0]/C
                            (rising edge-triggered cell FDRE clocked by clk  {rise@0.000ns fall@2.500ns period=5.000ns})
  Destination:            g_int8.u_p520/index_q_reg[3]/D
                            (rising edge-triggered cell FDRE clocked by clk  {rise@0.000ns fall@2.500ns period=5.000ns})
  Path Group:             clk
  Path Type:              Hold (Min at Fast Process Corner)
  Requirement:            0.000ns  (clk rise@0.000ns - clk rise@0.000ns)
  Data Path Delay:        0.132ns  (logic 0.061ns (46.241%)  route 0.071ns (53.759%))
  Logic Levels:           1  (LUT5=1)
  Clock Path Skew:        0.021ns (DCD - SCD - CPR)
    Destination Clock Delay (DCD):    2.004ns
    Source Clock Delay      (SCD):    1.614ns
    Clock Pessimism Removal (CPR):    0.369ns
  Clock Net Delay (Source):      1.285ns (routing 0.705ns, distribution 0.580ns)
  Clock Net Delay (Destination): 1.446ns (routing 0.784ns, distribution 0.662ns)

    Location             Delay type                Incr(ns)  Path(ns)    Netlist Resource(s)
  -------------------------------------------------------------------    -------------------
                         (clock clk rise edge)        0.000     0.000 r  
    T8                                                0.000     0.000 r  clk (IN)
                         net (fo=0)                   0.000     0.000    clk_IBUF_inst/I
    T8                   INBUF (Prop_INBUF_HPIOB_M_PAD_O)
                                                      0.157     0.157 r  clk_IBUF_inst/INBUF_INST/O
                         net (fo=1, routed)           0.000     0.157    clk_IBUF_inst/OUT
    T8                   IBUFCTRL (Prop_IBUFCTRL_HPIOB_M_I_O)
                                                      0.000     0.157 r  clk_IBUF_inst/IBUFCTRL_INST/O
                         net (fo=1, routed)           0.156     0.313    clk_IBUF
    BUFGCE_X0Y77         BUFGCE (Prop_BUFCE_BUFGCE_I_O)
                                                      0.017     0.330 r  clk_IBUF_BUFG_inst/O
    X2Y1 (CLOCK_ROOT)    net (fo=1013, routed)        1.285     1.614    g_int8.u_p520/clk_IBUF_BUFG
    SLICE_X91Y121        FDRE                                         r  g_int8.u_p520/index_q_reg[0]/C
  -------------------------------------------------------------------    -------------------
    SLICE_X91Y121        FDRE (Prop_DFF_SLICEM_C_Q)
                                                      0.039     1.653 r  g_int8.u_p520/index_q_reg[0]/Q
                         net (fo=14, routed)          0.063     1.716    g_int8.u_p520/index_q_reg_n_0_[0]
    SLICE_X91Y120        LUT5 (Prop_B5LUT_SLICEM_I1_O)
                                                      0.022     1.738 r  g_int8.u_p520/index_q[3]_i_1/O
                         net (fo=1, routed)           0.008     1.746    g_int8.u_p520/C[3]
    SLICE_X91Y120        FDRE                                         r  g_int8.u_p520/index_q_reg[3]/D
  -------------------------------------------------------------------    -------------------

                         (clock clk rise edge)        0.000     0.000 r  
    T8                                                0.000     0.000 r  clk (IN)
                         net (fo=0)                   0.000     0.000    clk_IBUF_inst/I
    T8                   INBUF (Prop_INBUF_HPIOB_M_PAD_O)
                                                      0.342     0.342 r  clk_IBUF_inst/INBUF_INST/O
                         net (fo=1, routed)           0.000     0.342    clk_IBUF_inst/OUT
    T8                   IBUFCTRL (Prop_IBUFCTRL_HPIOB_M_I_O)
                                                      0.000     0.342 r  clk_IBUF_inst/IBUFCTRL_INST/O
                         net (fo=1, routed)           0.197     0.539    clk_IBUF
    BUFGCE_X0Y77         BUFGCE (Prop_BUFCE_BUFGCE_I_O)
                                                      0.019     0.558 r  clk_IBUF_BUFG_inst/O
    X2Y1 (CLOCK_ROOT)    net (fo=1013, routed)        1.446     2.004    g_int8.u_p520/clk_IBUF_BUFG
    SLICE_X91Y120        FDRE                                         r  g_int8.u_p520/index_q_reg[3]/C
                         clock pessimism             -0.369     1.635    
    SLICE_X91Y120        FDRE (Hold_BFF2_SLICEM_C_D)
                                                      0.047     1.682    g_int8.u_p520/index_q_reg[3]
  -------------------------------------------------------------------
                         required time                         -1.682    
                         arrival time                           1.746    
  -------------------------------------------------------------------
                         slack                                  0.064    

Slack (MET) :             0.065ns  (arrival time - required time)
  Source:                 g_int8.u_p254/cfg_error_reg/C
                            (rising edge-triggered cell FDRE clocked by clk  {rise@0.000ns fall@2.500ns period=5.000ns})
  Destination:            g_int8.u_p254/cfg_error_reg/D
                            (rising edge-triggered cell FDRE clocked by clk  {rise@0.000ns fall@2.500ns period=5.000ns})
  Path Group:             clk
  Path Type:              Hold (Min at Fast Process Corner)
  Requirement:            0.000ns  (clk rise@0.000ns - clk rise@0.000ns)
  Data Path Delay:        0.117ns  (logic 0.074ns (63.420%)  route 0.043ns (36.580%))
  Logic Levels:           1  (LUT3=1)
  Clock Path Skew:        0.006ns (DCD - SCD - CPR)
    Destination Clock Delay (DCD):    1.957ns
    Source Clock Delay      (SCD):    1.574ns
    Clock Pessimism Removal (CPR):    0.377ns
  Clock Net Delay (Source):      1.244ns (routing 0.705ns, distribution 0.539ns)
  Clock Net Delay (Destination): 1.399ns (routing 0.784ns, distribution 0.615ns)

    Location             Delay type                Incr(ns)  Path(ns)    Netlist Resource(s)
  -------------------------------------------------------------------    -------------------
                         (clock clk rise edge)        0.000     0.000 r  
    T8                                                0.000     0.000 r  clk (IN)
                         net (fo=0)                   0.000     0.000    clk_IBUF_inst/I
    T8                   INBUF (Prop_INBUF_HPIOB_M_PAD_O)
                                                      0.157     0.157 r  clk_IBUF_inst/INBUF_INST/O
                         net (fo=1, routed)           0.000     0.157    clk_IBUF_inst/OUT
    T8                   IBUFCTRL (Prop_IBUFCTRL_HPIOB_M_I_O)
                                                      0.000     0.157 r  clk_IBUF_inst/IBUFCTRL_INST/O
                         net (fo=1, routed)           0.156     0.313    clk_IBUF
    BUFGCE_X0Y77         BUFGCE (Prop_BUFCE_BUFGCE_I_O)
                                                      0.017     0.330 r  clk_IBUF_BUFG_inst/O
    X2Y1 (CLOCK_ROOT)    net (fo=1013, routed)        1.244     1.574    g_int8.u_p254/clk_IBUF_BUFG
    SLICE_X89Y111        FDRE                                         r  g_int8.u_p254/cfg_error_reg/C
  -------------------------------------------------------------------    -------------------
    SLICE_X89Y111        FDRE (Prop_DFF_SLICEL_C_Q)
                                                      0.039     1.613 r  g_int8.u_p254/cfg_error_reg/Q
                         net (fo=2, routed)           0.027     1.639    g_int8.u_p254/g_int8.p254_error
    SLICE_X89Y111        LUT3 (Prop_D6LUT_SLICEL_I2_O)
                                                      0.035     1.674 r  g_int8.u_p254/cfg_error_i_1__0/O
                         net (fo=1, routed)           0.016     1.690    g_int8.u_p254/cfg_error_i_1__0_n_0
    SLICE_X89Y111        FDRE                                         r  g_int8.u_p254/cfg_error_reg/D
  -------------------------------------------------------------------    -------------------

                         (clock clk rise edge)        0.000     0.000 r  
    T8                                                0.000     0.000 r  clk (IN)
                         net (fo=0)                   0.000     0.000    clk_IBUF_inst/I
    T8                   INBUF (Prop_INBUF_HPIOB_M_PAD_O)
                                                      0.342     0.342 r  clk_IBUF_inst/INBUF_INST/O
                         net (fo=1, routed)           0.000     0.342    clk_IBUF_inst/OUT
    T8                   IBUFCTRL (Prop_IBUFCTRL_HPIOB_M_I_O)
                                                      0.000     0.342 r  clk_IBUF_inst/IBUFCTRL_INST/O
                         net (fo=1, routed)           0.197     0.539    clk_IBUF
    BUFGCE_X0Y77         BUFGCE (Prop_BUFCE_BUFGCE_I_O)
                                                      0.019     0.558 r  clk_IBUF_BUFG_inst/O
    X2Y1 (CLOCK_ROOT)    net (fo=1013, routed)        1.399     1.957    g_int8.u_p254/clk_IBUF_BUFG
    SLICE_X89Y111        FDRE                                         r  g_int8.u_p254/cfg_error_reg/C
                         clock pessimism             -0.377     1.580    
    SLICE_X89Y111        FDRE (Hold_DFF_SLICEL_C_D)
                                                      0.046     1.626    g_int8.u_p254/cfg_error_reg
  -------------------------------------------------------------------
                         required time                         -1.626    
                         arrival time                           1.690    
  -------------------------------------------------------------------
                         slack                                  0.065    

Slack (MET) :             0.065ns  (arrival time - required time)
  Source:                 g_int8.u_p254/index_q_reg[0]/C
                            (rising edge-triggered cell FDRE clocked by clk  {rise@0.000ns fall@2.500ns period=5.000ns})
  Destination:            g_int8.u_p254/index_q_reg[0]/D
                            (rising edge-triggered cell FDRE clocked by clk  {rise@0.000ns fall@2.500ns period=5.000ns})
  Path Group:             clk
  Path Type:              Hold (Min at Fast Process Corner)
  Requirement:            0.000ns  (clk rise@0.000ns - clk rise@0.000ns)
  Data Path Delay:        0.117ns  (logic 0.074ns (63.420%)  route 0.043ns (36.580%))
  Logic Levels:           1  (LUT2=1)
  Clock Path Skew:        0.006ns (DCD - SCD - CPR)
    Destination Clock Delay (DCD):    1.931ns
    Source Clock Delay      (SCD):    1.550ns
    Clock Pessimism Removal (CPR):    0.375ns
  Clock Net Delay (Source):      1.220ns (routing 0.705ns, distribution 0.515ns)
  Clock Net Delay (Destination): 1.373ns (routing 0.784ns, distribution 0.589ns)

    Location             Delay type                Incr(ns)  Path(ns)    Netlist Resource(s)
  -------------------------------------------------------------------    -------------------
                         (clock clk rise edge)        0.000     0.000 r  
    T8                                                0.000     0.000 r  clk (IN)
                         net (fo=0)                   0.000     0.000    clk_IBUF_inst/I
    T8                   INBUF (Prop_INBUF_HPIOB_M_PAD_O)
                                                      0.157     0.157 r  clk_IBUF_inst/INBUF_INST/O
                         net (fo=1, routed)           0.000     0.157    clk_IBUF_inst/OUT
    T8                   IBUFCTRL (Prop_IBUFCTRL_HPIOB_M_I_O)
                                                      0.000     0.157 r  clk_IBUF_inst/IBUFCTRL_INST/O
                         net (fo=1, routed)           0.156     0.313    clk_IBUF
    BUFGCE_X0Y77         BUFGCE (Prop_BUFCE_BUFGCE_I_O)
                                                      0.017     0.330 r  clk_IBUF_BUFG_inst/O
    X2Y1 (CLOCK_ROOT)    net (fo=1013, routed)        1.220     1.550    g_int8.u_p254/clk_IBUF_BUFG
    SLICE_X84Y110        FDRE                                         r  g_int8.u_p254/index_q_reg[0]/C
  -------------------------------------------------------------------    -------------------
    SLICE_X84Y110        FDRE (Prop_DFF_SLICEL_C_Q)
                                                      0.039     1.589 f  g_int8.u_p254/index_q_reg[0]/Q
                         net (fo=13, routed)          0.027     1.615    g_int8.u_p254/index_q_reg_n_0_[0]
    SLICE_X84Y110        LUT2 (Prop_D6LUT_SLICEL_I1_O)
                                                      0.035     1.650 r  g_int8.u_p254/index_q[0]_i_1__0/O
                         net (fo=1, routed)           0.016     1.666    g_int8.u_p254/C[0]
    SLICE_X84Y110        FDRE                                         r  g_int8.u_p254/index_q_reg[0]/D
  -------------------------------------------------------------------    -------------------

                         (clock clk rise edge)        0.000     0.000 r  
    T8                                                0.000     0.000 r  clk (IN)
                         net (fo=0)                   0.000     0.000    clk_IBUF_inst/I
    T8                   INBUF (Prop_INBUF_HPIOB_M_PAD_O)
                                                      0.342     0.342 r  clk_IBUF_inst/INBUF_INST/O
                         net (fo=1, routed)           0.000     0.342    clk_IBUF_inst/OUT
    T8                   IBUFCTRL (Prop_IBUFCTRL_HPIOB_M_I_O)
                                                      0.000     0.342 r  clk_IBUF_inst/IBUFCTRL_INST/O
                         net (fo=1, routed)           0.197     0.539    clk_IBUF
    BUFGCE_X0Y77         BUFGCE (Prop_BUFCE_BUFGCE_I_O)
                                                      0.019     0.558 r  clk_IBUF_BUFG_inst/O
    X2Y1 (CLOCK_ROOT)    net (fo=1013, routed)        1.373     1.931    g_int8.u_p254/clk_IBUF_BUFG
    SLICE_X84Y110        FDRE                                         r  g_int8.u_p254/index_q_reg[0]/C
                         clock pessimism             -0.375     1.556    
    SLICE_X84Y110        FDRE (Hold_DFF_SLICEL_C_D)
                                                      0.046     1.602    g_int8.u_p254/index_q_reg[0]
  -------------------------------------------------------------------
                         required time                         -1.602    
                         arrival time                           1.666    
  -------------------------------------------------------------------
                         slack                                  0.065    

Slack (MET) :             0.065ns  (arrival time - required time)
  Source:                 g_int8.u_p520/u_engine/butterfly_q_reg[0]/C
                            (rising edge-triggered cell FDRE clocked by clk  {rise@0.000ns fall@2.500ns period=5.000ns})
  Destination:            g_int8.u_p520/u_engine/twiddle_addr_q_reg_rep[2]/D
                            (rising edge-triggered cell FDRE clocked by clk  {rise@0.000ns fall@2.500ns period=5.000ns})
  Path Group:             clk
  Path Type:              Hold (Min at Fast Process Corner)
  Requirement:            0.000ns  (clk rise@0.000ns - clk rise@0.000ns)
  Data Path Delay:        0.142ns  (logic 0.054ns (38.113%)  route 0.088ns (61.887%))
  Logic Levels:           1  (LUT6=1)
  Clock Path Skew:        0.030ns (DCD - SCD - CPR)
    Destination Clock Delay (DCD):    2.003ns
    Source Clock Delay      (SCD):    1.605ns
    Clock Pessimism Removal (CPR):    0.369ns
  Clock Net Delay (Source):      1.275ns (routing 0.705ns, distribution 0.570ns)
  Clock Net Delay (Destination): 1.445ns (routing 0.784ns, distribution 0.661ns)

    Location             Delay type                Incr(ns)  Path(ns)    Netlist Resource(s)
  -------------------------------------------------------------------    -------------------
                         (clock clk rise edge)        0.000     0.000 r  
    T8                                                0.000     0.000 r  clk (IN)
                         net (fo=0)                   0.000     0.000    clk_IBUF_inst/I
    T8                   INBUF (Prop_INBUF_HPIOB_M_PAD_O)
                                                      0.157     0.157 r  clk_IBUF_inst/INBUF_INST/O
                         net (fo=1, routed)           0.000     0.157    clk_IBUF_inst/OUT
    T8                   IBUFCTRL (Prop_IBUFCTRL_HPIOB_M_I_O)
                                                      0.000     0.157 r  clk_IBUF_inst/IBUFCTRL_INST/O
                         net (fo=1, routed)           0.156     0.313    clk_IBUF
    BUFGCE_X0Y77         BUFGCE (Prop_BUFCE_BUFGCE_I_O)
                                                      0.017     0.330 r  clk_IBUF_BUFG_inst/O
    X2Y1 (CLOCK_ROOT)    net (fo=1013, routed)        1.275     1.605    g_int8.u_p520/u_engine/clk_IBUF_BUFG
    SLICE_X92Y125        FDRE                                         r  g_int8.u_p520/u_engine/butterfly_q_reg[0]/C
  -------------------------------------------------------------------    -------------------
    SLICE_X92Y125        FDRE (Prop_CFF_SLICEL_C_Q)
                                                      0.039     1.644 r  g_int8.u_p520/u_engine/butterfly_q_reg[0]/Q
                         net (fo=15, routed)          0.056     1.699    g_int8.u_p520/u_engine/butterfly_q[0]
    SLICE_X92Y126        LUT6 (Prop_H6LUT_SLICEL_I2_O)
                                                      0.015     1.714 r  g_int8.u_p520/u_engine/twiddle_addr_q_rep_rep[2]_i_1/O
                         net (fo=2, routed)           0.032     1.746    g_int8.u_p520/u_engine/twiddle_addr_q_rep_rep[2]_i_1_n_0
    SLICE_X92Y126        FDRE                                         r  g_int8.u_p520/u_engine/twiddle_addr_q_reg_rep[2]/D
  -------------------------------------------------------------------    -------------------

                         (clock clk rise edge)        0.000     0.000 r  
    T8                                                0.000     0.000 r  clk (IN)
                         net (fo=0)                   0.000     0.000    clk_IBUF_inst/I
    T8                   INBUF (Prop_INBUF_HPIOB_M_PAD_O)
                                                      0.342     0.342 r  clk_IBUF_inst/INBUF_INST/O
                         net (fo=1, routed)           0.000     0.342    clk_IBUF_inst/OUT
    T8                   IBUFCTRL (Prop_IBUFCTRL_HPIOB_M_I_O)
                                                      0.000     0.342 r  clk_IBUF_inst/IBUFCTRL_INST/O
                         net (fo=1, routed)           0.197     0.539    clk_IBUF
    BUFGCE_X0Y77         BUFGCE (Prop_BUFCE_BUFGCE_I_O)
                                                      0.019     0.558 r  clk_IBUF_BUFG_inst/O
    X2Y1 (CLOCK_ROOT)    net (fo=1013, routed)        1.445     2.003    g_int8.u_p520/u_engine/clk_IBUF_BUFG
    SLICE_X92Y126        FDRE                                         r  g_int8.u_p520/u_engine/twiddle_addr_q_reg_rep[2]/C
                         clock pessimism             -0.369     1.634    
    SLICE_X92Y126        FDRE (Hold_EFF2_SLICEL_C_D)
                                                      0.047     1.681    g_int8.u_p520/u_engine/twiddle_addr_q_reg_rep[2]
  -------------------------------------------------------------------
                         required time                         -1.681    
                         arrival time                           1.746    
  -------------------------------------------------------------------
                         slack                                  0.065    

Slack (MET) :             0.065ns  (arrival time - required time)
  Source:                 g_int8.u_p520/FSM_sequential_state_q_reg[3]/C
                            (rising edge-triggered cell FDRE clocked by clk  {rise@0.000ns fall@2.500ns period=5.000ns})
  Destination:            g_int8.u_p520/FSM_sequential_state_q_reg[3]/D
                            (rising edge-triggered cell FDRE clocked by clk  {rise@0.000ns fall@2.500ns period=5.000ns})
  Path Group:             clk
  Path Type:              Hold (Min at Fast Process Corner)
  Requirement:            0.000ns  (clk rise@0.000ns - clk rise@0.000ns)
  Data Path Delay:        0.117ns  (logic 0.052ns (44.414%)  route 0.065ns (55.586%))
  Logic Levels:           1  (LUT6=1)
  Clock Path Skew:        0.006ns (DCD - SCD - CPR)
    Destination Clock Delay (DCD):    1.971ns
    Source Clock Delay      (SCD):    1.585ns
    Clock Pessimism Removal (CPR):    0.380ns
  Clock Net Delay (Source):      1.256ns (routing 0.705ns, distribution 0.551ns)
  Clock Net Delay (Destination): 1.413ns (routing 0.784ns, distribution 0.629ns)

    Location             Delay type                Incr(ns)  Path(ns)    Netlist Resource(s)
  -------------------------------------------------------------------    -------------------
                         (clock clk rise edge)        0.000     0.000 r  
    T8                                                0.000     0.000 r  clk (IN)
                         net (fo=0)                   0.000     0.000    clk_IBUF_inst/I
    T8                   INBUF (Prop_INBUF_HPIOB_M_PAD_O)
                                                      0.157     0.157 r  clk_IBUF_inst/INBUF_INST/O
                         net (fo=1, routed)           0.000     0.157    clk_IBUF_inst/OUT
    T8                   IBUFCTRL (Prop_IBUFCTRL_HPIOB_M_I_O)
                                                      0.000     0.157 r  clk_IBUF_inst/IBUFCTRL_INST/O
                         net (fo=1, routed)           0.156     0.313    clk_IBUF
    BUFGCE_X0Y77         BUFGCE (Prop_BUFCE_BUFGCE_I_O)
                                                      0.017     0.330 r  clk_IBUF_BUFG_inst/O
    X2Y1 (CLOCK_ROOT)    net (fo=1013, routed)        1.256     1.585    g_int8.u_p520/clk_IBUF_BUFG
    SLICE_X91Y117        FDRE                                         r  g_int8.u_p520/FSM_sequential_state_q_reg[3]/C
  -------------------------------------------------------------------    -------------------
    SLICE_X91Y117        FDRE (Prop_CFF_SLICEM_C_Q)
                                                      0.038     1.623 r  g_int8.u_p520/FSM_sequential_state_q_reg[3]/Q
                         net (fo=29, routed)          0.041     1.664    g_int8.u_p520/state_q__0[3]
    SLICE_X91Y117        LUT6 (Prop_C6LUT_SLICEM_I3_O)
                                                      0.014     1.678 r  g_int8.u_p520/FSM_sequential_state_q[3]_i_1/O
                         net (fo=1, routed)           0.024     1.702    g_int8.u_p520/state_q__1[3]
    SLICE_X91Y117        FDRE                                         r  g_int8.u_p520/FSM_sequential_state_q_reg[3]/D
  -------------------------------------------------------------------    -------------------

                         (clock clk rise edge)        0.000     0.000 r  
    T8                                                0.000     0.000 r  clk (IN)
                         net (fo=0)                   0.000     0.000    clk_IBUF_inst/I
    T8                   INBUF (Prop_INBUF_HPIOB_M_PAD_O)
                                                      0.342     0.342 r  clk_IBUF_inst/INBUF_INST/O
                         net (fo=1, routed)           0.000     0.342    clk_IBUF_inst/OUT
    T8                   IBUFCTRL (Prop_IBUFCTRL_HPIOB_M_I_O)
                                                      0.000     0.342 r  clk_IBUF_inst/IBUFCTRL_INST/O
                         net (fo=1, routed)           0.197     0.539    clk_IBUF
    BUFGCE_X0Y77         BUFGCE (Prop_BUFCE_BUFGCE_I_O)
                                                      0.019     0.558 r  clk_IBUF_BUFG_inst/O
    X2Y1 (CLOCK_ROOT)    net (fo=1013, routed)        1.413     1.971    g_int8.u_p520/clk_IBUF_BUFG
    SLICE_X91Y117        FDRE                                         r  g_int8.u_p520/FSM_sequential_state_q_reg[3]/C
                         clock pessimism             -0.380     1.591    
    SLICE_X91Y117        FDRE (Hold_CFF_SLICEM_C_D)
                                                      0.046     1.637    g_int8.u_p520/FSM_sequential_state_q_reg[3]
  -------------------------------------------------------------------
                         required time                         -1.637    
                         arrival time                           1.702    
  -------------------------------------------------------------------
                         slack                                  0.065    

Slack (MET) :             0.065ns  (arrival time - required time)
  Source:                 g_int8.u_p520/FSM_sequential_state_q_reg[2]/C
                            (rising edge-triggered cell FDRE clocked by clk  {rise@0.000ns fall@2.500ns period=5.000ns})
  Destination:            g_int8.u_p520/FSM_sequential_state_q_reg[2]/D
                            (rising edge-triggered cell FDRE clocked by clk  {rise@0.000ns fall@2.500ns period=5.000ns})
  Path Group:             clk
  Path Type:              Hold (Min at Fast Process Corner)
  Requirement:            0.000ns  (clk rise@0.000ns - clk rise@0.000ns)
  Data Path Delay:        0.117ns  (logic 0.053ns (45.244%)  route 0.064ns (54.756%))
  Logic Levels:           1  (LUT6=1)
  Clock Path Skew:        0.006ns (DCD - SCD - CPR)
    Destination Clock Delay (DCD):    1.975ns
    Source Clock Delay      (SCD):    1.589ns
    Clock Pessimism Removal (CPR):    0.380ns
  Clock Net Delay (Source):      1.259ns (routing 0.705ns, distribution 0.554ns)
  Clock Net Delay (Destination): 1.417ns (routing 0.784ns, distribution 0.633ns)

    Location             Delay type                Incr(ns)  Path(ns)    Netlist Resource(s)
  -------------------------------------------------------------------    -------------------
                         (clock clk rise edge)        0.000     0.000 r  
    T8                                                0.000     0.000 r  clk (IN)
                         net (fo=0)                   0.000     0.000    clk_IBUF_inst/I
    T8                   INBUF (Prop_INBUF_HPIOB_M_PAD_O)
                                                      0.157     0.157 r  clk_IBUF_inst/INBUF_INST/O
                         net (fo=1, routed)           0.000     0.157    clk_IBUF_inst/OUT
    T8                   IBUFCTRL (Prop_IBUFCTRL_HPIOB_M_I_O)
                                                      0.000     0.157 r  clk_IBUF_inst/IBUFCTRL_INST/O
                         net (fo=1, routed)           0.156     0.313    clk_IBUF
    BUFGCE_X0Y77         BUFGCE (Prop_BUFCE_BUFGCE_I_O)
                                                      0.017     0.330 r  clk_IBUF_BUFG_inst/O
    X2Y1 (CLOCK_ROOT)    net (fo=1013, routed)        1.259     1.589    g_int8.u_p520/clk_IBUF_BUFG
    SLICE_X91Y118        FDRE                                         r  g_int8.u_p520/FSM_sequential_state_q_reg[2]/C
  -------------------------------------------------------------------    -------------------
    SLICE_X91Y118        FDRE (Prop_DFF_SLICEM_C_Q)
                                                      0.039     1.628 r  g_int8.u_p520/FSM_sequential_state_q_reg[2]/Q
                         net (fo=22, routed)          0.038     1.666    g_int8.u_p520/state_q__0[2]
    SLICE_X91Y118        LUT6 (Prop_D6LUT_SLICEM_I3_O)
                                                      0.014     1.680 r  g_int8.u_p520/FSM_sequential_state_q[2]_i_1/O
                         net (fo=1, routed)           0.026     1.706    g_int8.u_p520/state_q__1[2]
    SLICE_X91Y118        FDRE                                         r  g_int8.u_p520/FSM_sequential_state_q_reg[2]/D
  -------------------------------------------------------------------    -------------------

                         (clock clk rise edge)        0.000     0.000 r  
    T8                                                0.000     0.000 r  clk (IN)
                         net (fo=0)                   0.000     0.000    clk_IBUF_inst/I
    T8                   INBUF (Prop_INBUF_HPIOB_M_PAD_O)
                                                      0.342     0.342 r  clk_IBUF_inst/INBUF_INST/O
                         net (fo=1, routed)           0.000     0.342    clk_IBUF_inst/OUT
    T8                   IBUFCTRL (Prop_IBUFCTRL_HPIOB_M_I_O)
                                                      0.000     0.342 r  clk_IBUF_inst/IBUFCTRL_INST/O
                         net (fo=1, routed)           0.197     0.539    clk_IBUF
    BUFGCE_X0Y77         BUFGCE (Prop_BUFCE_BUFGCE_I_O)
                                                      0.019     0.558 r  clk_IBUF_BUFG_inst/O
    X2Y1 (CLOCK_ROOT)    net (fo=1013, routed)        1.417     1.975    g_int8.u_p520/clk_IBUF_BUFG
    SLICE_X91Y118        FDRE                                         r  g_int8.u_p520/FSM_sequential_state_q_reg[2]/C
                         clock pessimism             -0.380     1.595    
    SLICE_X91Y118        FDRE (Hold_DFF_SLICEM_C_D)
                                                      0.046     1.641    g_int8.u_p520/FSM_sequential_state_q_reg[2]
  -------------------------------------------------------------------
                         required time                         -1.641    
                         arrival time                           1.706    
  -------------------------------------------------------------------
                         slack                                  0.065    

Slack (MET) :             0.066ns  (arrival time - required time)
  Source:                 g_int8.u_p254/u_engine/u_mul/p_out_reg[1]/C
                            (rising edge-triggered cell FDRE clocked by clk  {rise@0.000ns fall@2.500ns period=5.000ns})
  Destination:            g_int8.u_p254/u_engine/product_q_reg[1]/D
                            (rising edge-triggered cell FDRE clocked by clk  {rise@0.000ns fall@2.500ns period=5.000ns})
  Path Group:             clk
  Path Type:              Hold (Min at Fast Process Corner)
  Requirement:            0.000ns  (clk rise@0.000ns - clk rise@0.000ns)
  Data Path Delay:        0.130ns  (logic 0.041ns (31.538%)  route 0.089ns (68.462%))
  Logic Levels:           0  
  Clock Path Skew:        0.018ns (DCD - SCD - CPR)
    Destination Clock Delay (DCD):    1.878ns
    Source Clock Delay      (SCD):    1.501ns
    Clock Pessimism Removal (CPR):    0.359ns
  Clock Net Delay (Source):      1.172ns (routing 0.705ns, distribution 0.467ns)
  Clock Net Delay (Destination): 1.320ns (routing 0.784ns, distribution 0.536ns)

    Location             Delay type                Incr(ns)  Path(ns)    Netlist Resource(s)
  -------------------------------------------------------------------    -------------------
                         (clock clk rise edge)        0.000     0.000 r  
    T8                                                0.000     0.000 r  clk (IN)
                         net (fo=0)                   0.000     0.000    clk_IBUF_inst/I
    T8                   INBUF (Prop_INBUF_HPIOB_M_PAD_O)
                                                      0.157     0.157 r  clk_IBUF_inst/INBUF_INST/O
                         net (fo=1, routed)           0.000     0.157    clk_IBUF_inst/OUT
    T8                   IBUFCTRL (Prop_IBUFCTRL_HPIOB_M_I_O)
                                                      0.000     0.157 r  clk_IBUF_inst/IBUFCTRL_INST/O
                         net (fo=1, routed)           0.156     0.313    clk_IBUF
    BUFGCE_X0Y77         BUFGCE (Prop_BUFCE_BUFGCE_I_O)
                                                      0.017     0.330 r  clk_IBUF_BUFG_inst/O
    X2Y1 (CLOCK_ROOT)    net (fo=1013, routed)        1.172     1.501    g_int8.u_p254/u_engine/u_mul/clk_IBUF_BUFG
    SLICE_X74Y110        FDRE                                         r  g_int8.u_p254/u_engine/u_mul/p_out_reg[1]/C
  -------------------------------------------------------------------    -------------------
    SLICE_X74Y110        FDRE (Prop_DFF2_SLICEM_C_Q)
                                                      0.041     1.542 r  g_int8.u_p254/u_engine/u_mul/p_out_reg[1]/Q
                         net (fo=1, routed)           0.089     1.631    g_int8.u_p254/u_engine/mul_product[1]
    SLICE_X75Y108        FDRE                                         r  g_int8.u_p254/u_engine/product_q_reg[1]/D
  -------------------------------------------------------------------    -------------------

                         (clock clk rise edge)        0.000     0.000 r  
    T8                                                0.000     0.000 r  clk (IN)
                         net (fo=0)                   0.000     0.000    clk_IBUF_inst/I
    T8                   INBUF (Prop_INBUF_HPIOB_M_PAD_O)
                                                      0.342     0.342 r  clk_IBUF_inst/INBUF_INST/O
                         net (fo=1, routed)           0.000     0.342    clk_IBUF_inst/OUT
    T8                   IBUFCTRL (Prop_IBUFCTRL_HPIOB_M_I_O)
                                                      0.000     0.342 r  clk_IBUF_inst/IBUFCTRL_INST/O
                         net (fo=1, routed)           0.197     0.539    clk_IBUF
    BUFGCE_X0Y77         BUFGCE (Prop_BUFCE_BUFGCE_I_O)
                                                      0.019     0.558 r  clk_IBUF_BUFG_inst/O
    X2Y1 (CLOCK_ROOT)    net (fo=1013, routed)        1.320     1.878    g_int8.u_p254/u_engine/clk_IBUF_BUFG
    SLICE_X75Y108        FDRE                                         r  g_int8.u_p254/u_engine/product_q_reg[1]/C
                         clock pessimism             -0.359     1.519    
    SLICE_X75Y108        FDRE (Hold_HFF_SLICEL_C_D)
                                                      0.046     1.565    g_int8.u_p254/u_engine/product_q_reg[1]
  -------------------------------------------------------------------
                         required time                         -1.565    
                         arrival time                           1.631    
  -------------------------------------------------------------------
                         slack                                  0.066    

Slack (MET) :             0.066ns  (arrival time - required time)
  Source:                 g_int8.u_p254/active_cin_q_reg[0]/C
                            (rising edge-triggered cell FDRE clocked by clk  {rise@0.000ns fall@2.500ns period=5.000ns})
  Destination:            g_int8.u_p254/active_cin_q_reg[1]/D
                            (rising edge-triggered cell FDRE clocked by clk  {rise@0.000ns fall@2.500ns period=5.000ns})
  Path Group:             clk
  Path Type:              Hold (Min at Fast Process Corner)
  Requirement:            0.000ns  (clk rise@0.000ns - clk rise@0.000ns)
  Data Path Delay:        0.119ns  (logic 0.076ns (63.670%)  route 0.043ns (36.330%))
  Logic Levels:           1  (LUT3=1)
  Clock Path Skew:        0.006ns (DCD - SCD - CPR)
    Destination Clock Delay (DCD):    1.940ns
    Source Clock Delay      (SCD):    1.556ns
    Clock Pessimism Removal (CPR):    0.378ns
  Clock Net Delay (Source):      1.226ns (routing 0.705ns, distribution 0.521ns)
  Clock Net Delay (Destination): 1.382ns (routing 0.784ns, distribution 0.598ns)

    Location             Delay type                Incr(ns)  Path(ns)    Netlist Resource(s)
  -------------------------------------------------------------------    -------------------
                         (clock clk rise edge)        0.000     0.000 r  
    T8                                                0.000     0.000 r  clk (IN)
                         net (fo=0)                   0.000     0.000    clk_IBUF_inst/I
    T8                   INBUF (Prop_INBUF_HPIOB_M_PAD_O)
                                                      0.157     0.157 r  clk_IBUF_inst/INBUF_INST/O
                         net (fo=1, routed)           0.000     0.157    clk_IBUF_inst/OUT
    T8                   IBUFCTRL (Prop_IBUFCTRL_HPIOB_M_I_O)
                                                      0.000     0.157 r  clk_IBUF_inst/IBUFCTRL_INST/O
                         net (fo=1, routed)           0.156     0.313    clk_IBUF
    BUFGCE_X0Y77         BUFGCE (Prop_BUFCE_BUFGCE_I_O)
                                                      0.017     0.330 r  clk_IBUF_BUFG_inst/O
    X2Y1 (CLOCK_ROOT)    net (fo=1013, routed)        1.226     1.556    g_int8.u_p254/clk_IBUF_BUFG
    SLICE_X85Y113        FDRE                                         r  g_int8.u_p254/active_cin_q_reg[0]/C
  -------------------------------------------------------------------    -------------------
    SLICE_X85Y113        FDRE (Prop_DFF_SLICEM_C_Q)
                                                      0.039     1.595 r  g_int8.u_p254/active_cin_q_reg[0]/Q
                         net (fo=9, routed)           0.034     1.629    g_int8.u_p254/active_cin_q_reg_n_0_[0]
    SLICE_X85Y113        LUT3 (Prop_D5LUT_SLICEM_I1_O)
                                                      0.037     1.666 r  g_int8.u_p254/active_cin_q[1]_i_2__0/O
                         net (fo=1, routed)           0.009     1.675    g_int8.u_p254/active_cin_q[1]_i_2__0_n_0
    SLICE_X85Y113        FDRE                                         r  g_int8.u_p254/active_cin_q_reg[1]/D
  -------------------------------------------------------------------    -------------------

                         (clock clk rise edge)        0.000     0.000 r  
    T8                                                0.000     0.000 r  clk (IN)
                         net (fo=0)                   0.000     0.000    clk_IBUF_inst/I
    T8                   INBUF (Prop_INBUF_HPIOB_M_PAD_O)
                                                      0.342     0.342 r  clk_IBUF_inst/INBUF_INST/O
                         net (fo=1, routed)           0.000     0.342    clk_IBUF_inst/OUT
    T8                   IBUFCTRL (Prop_IBUFCTRL_HPIOB_M_I_O)
                                                      0.000     0.342 r  clk_IBUF_inst/IBUFCTRL_INST/O
                         net (fo=1, routed)           0.197     0.539    clk_IBUF
    BUFGCE_X0Y77         BUFGCE (Prop_BUFCE_BUFGCE_I_O)
                                                      0.019     0.558 r  clk_IBUF_BUFG_inst/O
    X2Y1 (CLOCK_ROOT)    net (fo=1013, routed)        1.382     1.940    g_int8.u_p254/clk_IBUF_BUFG
    SLICE_X85Y113        FDRE                                         r  g_int8.u_p254/active_cin_q_reg[1]/C
                         clock pessimism             -0.378     1.562    
    SLICE_X85Y113        FDRE (Hold_DFF2_SLICEM_C_D)
                                                      0.047     1.609    g_int8.u_p254/active_cin_q_reg[1]
  -------------------------------------------------------------------
                         required time                         -1.609    
                         arrival time                           1.675    
  -------------------------------------------------------------------
                         slack                                  0.066    

Slack (MET) :             0.067ns  (arrival time - required time)
  Source:                 g_int8.u_p254/u_engine/scale_addr_q_reg[0]/C
                            (rising edge-triggered cell FDRE clocked by clk  {rise@0.000ns fall@2.500ns period=5.000ns})
  Destination:            g_int8.u_p254/u_engine/scale_addr_q_reg[0]/D
                            (rising edge-triggered cell FDRE clocked by clk  {rise@0.000ns fall@2.500ns period=5.000ns})
  Path Group:             clk
  Path Type:              Hold (Min at Fast Process Corner)
  Requirement:            0.000ns  (clk rise@0.000ns - clk rise@0.000ns)
  Data Path Delay:        0.119ns  (logic 0.074ns (62.431%)  route 0.045ns (37.569%))
  Logic Levels:           1  (LUT2=1)
  Clock Path Skew:        0.006ns (DCD - SCD - CPR)
    Destination Clock Delay (DCD):    1.920ns
    Source Clock Delay      (SCD):    1.539ns
    Clock Pessimism Removal (CPR):    0.375ns
  Clock Net Delay (Source):      1.210ns (routing 0.705ns, distribution 0.505ns)
  Clock Net Delay (Destination): 1.362ns (routing 0.784ns, distribution 0.578ns)

    Location             Delay type                Incr(ns)  Path(ns)    Netlist Resource(s)
  -------------------------------------------------------------------    -------------------
                         (clock clk rise edge)        0.000     0.000 r  
    T8                                                0.000     0.000 r  clk (IN)
                         net (fo=0)                   0.000     0.000    clk_IBUF_inst/I
    T8                   INBUF (Prop_INBUF_HPIOB_M_PAD_O)
                                                      0.157     0.157 r  clk_IBUF_inst/INBUF_INST/O
                         net (fo=1, routed)           0.000     0.157    clk_IBUF_inst/OUT
    T8                   IBUFCTRL (Prop_IBUFCTRL_HPIOB_M_I_O)
                                                      0.000     0.157 r  clk_IBUF_inst/IBUFCTRL_INST/O
                         net (fo=1, routed)           0.156     0.313    clk_IBUF
    BUFGCE_X0Y77         BUFGCE (Prop_BUFCE_BUFGCE_I_O)
                                                      0.017     0.330 r  clk_IBUF_BUFG_inst/O
    X2Y1 (CLOCK_ROOT)    net (fo=1013, routed)        1.210     1.539    g_int8.u_p254/u_engine/clk_IBUF_BUFG
    SLICE_X81Y101        FDRE                                         r  g_int8.u_p254/u_engine/scale_addr_q_reg[0]/C
  -------------------------------------------------------------------    -------------------
    SLICE_X81Y101        FDRE (Prop_DFF_SLICEL_C_Q)
                                                      0.039     1.578 f  g_int8.u_p254/u_engine/scale_addr_q_reg[0]/Q
                         net (fo=8, routed)           0.029     1.607    g_int8.u_p254/u_engine/scale_addr_q_reg_n_0_[0]
    SLICE_X81Y101        LUT2 (Prop_D6LUT_SLICEL_I1_O)
                                                      0.035     1.642 r  g_int8.u_p254/u_engine/scale_addr_q[0]_i_1__0/O
                         net (fo=1, routed)           0.016     1.658    g_int8.u_p254/u_engine/scale_addr_q[0]_i_1__0_n_0
    SLICE_X81Y101        FDRE                                         r  g_int8.u_p254/u_engine/scale_addr_q_reg[0]/D
  -------------------------------------------------------------------    -------------------

                         (clock clk rise edge)        0.000     0.000 r  
    T8                                                0.000     0.000 r  clk (IN)
                         net (fo=0)                   0.000     0.000    clk_IBUF_inst/I
    T8                   INBUF (Prop_INBUF_HPIOB_M_PAD_O)
                                                      0.342     0.342 r  clk_IBUF_inst/INBUF_INST/O
                         net (fo=1, routed)           0.000     0.342    clk_IBUF_inst/OUT
    T8                   IBUFCTRL (Prop_IBUFCTRL_HPIOB_M_I_O)
                                                      0.000     0.342 r  clk_IBUF_inst/IBUFCTRL_INST/O
                         net (fo=1, routed)           0.197     0.539    clk_IBUF
    BUFGCE_X0Y77         BUFGCE (Prop_BUFCE_BUFGCE_I_O)
                                                      0.019     0.558 r  clk_IBUF_BUFG_inst/O
    X2Y1 (CLOCK_ROOT)    net (fo=1013, routed)        1.362     1.920    g_int8.u_p254/u_engine/clk_IBUF_BUFG
    SLICE_X81Y101        FDRE                                         r  g_int8.u_p254/u_engine/scale_addr_q_reg[0]/C
                         clock pessimism             -0.375     1.545    
    SLICE_X81Y101        FDRE (Hold_DFF_SLICEL_C_D)
                                                      0.046     1.591    g_int8.u_p254/u_engine/scale_addr_q_reg[0]
  -------------------------------------------------------------------
                         required time                         -1.591    
                         arrival time                           1.658    
  -------------------------------------------------------------------
                         slack                                  0.067    

Slack (MET) :             0.067ns  (arrival time - required time)
  Source:                 g_int8.u_p520/u_engine/state_q_reg[1]/C
                            (rising edge-triggered cell FDRE clocked by clk  {rise@0.000ns fall@2.500ns period=5.000ns})
  Destination:            g_int8.u_p520/u_engine/state_q_reg[3]/D
                            (rising edge-triggered cell FDRE clocked by clk  {rise@0.000ns fall@2.500ns period=5.000ns})
  Path Group:             clk
  Path Type:              Hold (Min at Fast Process Corner)
  Requirement:            0.000ns  (clk rise@0.000ns - clk rise@0.000ns)
  Data Path Delay:        0.134ns  (logic 0.063ns (47.090%)  route 0.071ns (52.910%))
  Logic Levels:           1  (LUT4=1)
  Clock Path Skew:        0.020ns (DCD - SCD - CPR)
    Destination Clock Delay (DCD):    2.000ns
    Source Clock Delay      (SCD):    1.611ns
    Clock Pessimism Removal (CPR):    0.369ns
  Clock Net Delay (Source):      1.281ns (routing 0.705ns, distribution 0.576ns)
  Clock Net Delay (Destination): 1.442ns (routing 0.784ns, distribution 0.658ns)

    Location             Delay type                Incr(ns)  Path(ns)    Netlist Resource(s)
  -------------------------------------------------------------------    -------------------
                         (clock clk rise edge)        0.000     0.000 r  
    T8                                                0.000     0.000 r  clk (IN)
                         net (fo=0)                   0.000     0.000    clk_IBUF_inst/I
    T8                   INBUF (Prop_INBUF_HPIOB_M_PAD_O)
                                                      0.157     0.157 r  clk_IBUF_inst/INBUF_INST/O
                         net (fo=1, routed)           0.000     0.157    clk_IBUF_inst/OUT
    T8                   IBUFCTRL (Prop_IBUFCTRL_HPIOB_M_I_O)
                                                      0.000     0.157 r  clk_IBUF_inst/IBUFCTRL_INST/O
                         net (fo=1, routed)           0.156     0.313    clk_IBUF
    BUFGCE_X0Y77         BUFGCE (Prop_BUFCE_BUFGCE_I_O)
                                                      0.017     0.330 r  clk_IBUF_BUFG_inst/O
    X2Y1 (CLOCK_ROOT)    net (fo=1013, routed)        1.281     1.611    g_int8.u_p520/u_engine/clk_IBUF_BUFG
    SLICE_X93Y126        FDRE                                         r  g_int8.u_p520/u_engine/state_q_reg[1]/C
  -------------------------------------------------------------------    -------------------
    SLICE_X93Y126        FDRE (Prop_HFF2_SLICEM_C_Q)
                                                      0.039     1.650 r  g_int8.u_p520/u_engine/state_q_reg[1]/Q
                         net (fo=19, routed)          0.062     1.711    g_int8.u_p520/u_engine/state_q[1]
    SLICE_X93Y127        LUT4 (Prop_D5LUT_SLICEM_I0_O)
                                                      0.024     1.735 r  g_int8.u_p520/u_engine/state_q[3]_i_2/O
                         net (fo=1, routed)           0.009     1.744    g_int8.u_p520/u_engine/state_q[3]_i_2_n_0
    SLICE_X93Y127        FDRE                                         r  g_int8.u_p520/u_engine/state_q_reg[3]/D
  -------------------------------------------------------------------    -------------------

                         (clock clk rise edge)        0.000     0.000 r  
    T8                                                0.000     0.000 r  clk (IN)
                         net (fo=0)                   0.000     0.000    clk_IBUF_inst/I
    T8                   INBUF (Prop_INBUF_HPIOB_M_PAD_O)
                                                      0.342     0.342 r  clk_IBUF_inst/INBUF_INST/O
                         net (fo=1, routed)           0.000     0.342    clk_IBUF_inst/OUT
    T8                   IBUFCTRL (Prop_IBUFCTRL_HPIOB_M_I_O)
                                                      0.000     0.342 r  clk_IBUF_inst/IBUFCTRL_INST/O
                         net (fo=1, routed)           0.197     0.539    clk_IBUF
    BUFGCE_X0Y77         BUFGCE (Prop_BUFCE_BUFGCE_I_O)
                                                      0.019     0.558 r  clk_IBUF_BUFG_inst/O
    X2Y1 (CLOCK_ROOT)    net (fo=1013, routed)        1.442     2.000    g_int8.u_p520/u_engine/clk_IBUF_BUFG
    SLICE_X93Y127        FDRE                                         r  g_int8.u_p520/u_engine/state_q_reg[3]/C
                         clock pessimism             -0.369     1.631    
    SLICE_X93Y127        FDRE (Hold_DFF2_SLICEM_C_D)
                                                      0.047     1.678    g_int8.u_p520/u_engine/state_q_reg[3]
  -------------------------------------------------------------------
                         required time                         -1.678    
                         arrival time                           1.744    
  -------------------------------------------------------------------
                         slack                                  0.067    

Slack (MET) :             0.067ns  (arrival time - required time)
  Source:                 g_int8.u_p254/u_engine/twiddle_addr_q_reg_rep[1]/C
                            (rising edge-triggered cell FDRE clocked by clk  {rise@0.000ns fall@2.500ns period=5.000ns})
  Destination:            g_int8.u_p254/u_engine/twiddle_q_reg[6]/D
                            (rising edge-triggered cell FDRE clocked by clk  {rise@0.000ns fall@2.500ns period=5.000ns})
  Path Group:             clk
  Path Type:              Hold (Min at Fast Process Corner)
  Requirement:            0.000ns  (clk rise@0.000ns - clk rise@0.000ns)
  Data Path Delay:        0.161ns  (logic 0.074ns (46.085%)  route 0.087ns (53.915%))
  Logic Levels:           3  (LUT6=1 MUXF7=1 MUXF8=1)
  Clock Path Skew:        0.047ns (DCD - SCD - CPR)
    Destination Clock Delay (DCD):    1.918ns
    Source Clock Delay      (SCD):    1.538ns
    Clock Pessimism Removal (CPR):    0.333ns
  Clock Net Delay (Source):      1.208ns (routing 0.705ns, distribution 0.503ns)
  Clock Net Delay (Destination): 1.360ns (routing 0.784ns, distribution 0.576ns)

    Location             Delay type                Incr(ns)  Path(ns)    Netlist Resource(s)
  -------------------------------------------------------------------    -------------------
                         (clock clk rise edge)        0.000     0.000 r  
    T8                                                0.000     0.000 r  clk (IN)
                         net (fo=0)                   0.000     0.000    clk_IBUF_inst/I
    T8                   INBUF (Prop_INBUF_HPIOB_M_PAD_O)
                                                      0.157     0.157 r  clk_IBUF_inst/INBUF_INST/O
                         net (fo=1, routed)           0.000     0.157    clk_IBUF_inst/OUT
    T8                   IBUFCTRL (Prop_IBUFCTRL_HPIOB_M_I_O)
                                                      0.000     0.157 r  clk_IBUF_inst/IBUFCTRL_INST/O
                         net (fo=1, routed)           0.156     0.313    clk_IBUF
    BUFGCE_X0Y77         BUFGCE (Prop_BUFCE_BUFGCE_I_O)
                                                      0.017     0.330 r  clk_IBUF_BUFG_inst/O
    X2Y1 (CLOCK_ROOT)    net (fo=1013, routed)        1.208     1.538    g_int8.u_p254/u_engine/clk_IBUF_BUFG
    SLICE_X79Y101        FDRE                                         r  g_int8.u_p254/u_engine/twiddle_addr_q_reg_rep[1]/C
  -------------------------------------------------------------------    -------------------
    SLICE_X79Y101        FDRE (Prop_EFF_SLICEM_C_Q)
                                                      0.038     1.576 r  g_int8.u_p254/u_engine/twiddle_addr_q_reg_rep[1]/Q
                         net (fo=36, routed)          0.069     1.644    g_int8.u_p254/u_engine/twiddle_addr_q[1]
    SLICE_X77Y102        LUT6 (Prop_A6LUT_SLICEM_I1_O)
                                                      0.014     1.658 r  g_int8.u_p254/u_engine/g1_b6__2/O
                         net (fo=1, routed)           0.009     1.667    g_int8.u_p254/u_engine/g1_b6__2_n_0
    SLICE_X77Y102        MUXF7 (Prop_F7MUX_AB_SLICEM_I1_O)
                                                      0.010     1.677 r  g_int8.u_p254/u_engine/p_0_out_inferred__4/twiddle_q_reg[6]_i_3/O
                         net (fo=1, routed)           0.000     1.677    g_int8.u_p254/u_engine/p_0_out_inferred__4/twiddle_q_reg[6]_i_3_n_0
    SLICE_X77Y102        MUXF8 (Prop_F8MUX_BOT_SLICEM_I1_O)
                                                      0.012     1.689 r  g_int8.u_p254/u_engine/twiddle_q_reg[6]_i_1__0/O
                         net (fo=1, routed)           0.009     1.698    g_int8.u_p254/u_engine/twiddle_q_reg[6]_i_1__0_n_0
    SLICE_X77Y102        FDRE                                         r  g_int8.u_p254/u_engine/twiddle_q_reg[6]/D
  -------------------------------------------------------------------    -------------------

                         (clock clk rise edge)        0.000     0.000 r  
    T8                                                0.000     0.000 r  clk (IN)
                         net (fo=0)                   0.000     0.000    clk_IBUF_inst/I
    T8                   INBUF (Prop_INBUF_HPIOB_M_PAD_O)
                                                      0.342     0.342 r  clk_IBUF_inst/INBUF_INST/O
                         net (fo=1, routed)           0.000     0.342    clk_IBUF_inst/OUT
    T8                   IBUFCTRL (Prop_IBUFCTRL_HPIOB_M_I_O)
                                                      0.000     0.342 r  clk_IBUF_inst/IBUFCTRL_INST/O
                         net (fo=1, routed)           0.197     0.539    clk_IBUF
    BUFGCE_X0Y77         BUFGCE (Prop_BUFCE_BUFGCE_I_O)
                                                      0.019     0.558 r  clk_IBUF_BUFG_inst/O
    X2Y1 (CLOCK_ROOT)    net (fo=1013, routed)        1.360     1.918    g_int8.u_p254/u_engine/clk_IBUF_BUFG
    SLICE_X77Y102        FDRE                                         r  g_int8.u_p254/u_engine/twiddle_q_reg[6]/C
                         clock pessimism             -0.333     1.585    
    SLICE_X77Y102        FDRE (Hold_CFF_SLICEM_C_D)
                                                      0.046     1.631    g_int8.u_p254/u_engine/twiddle_q_reg[6]
  -------------------------------------------------------------------
                         required time                         -1.631    
                         arrival time                           1.698    
  -------------------------------------------------------------------
                         slack                                  0.067    

Slack (MET) :             0.068ns  (arrival time - required time)
  Source:                 g_int8.u_p254/u_engine/butterfly_q_reg[3]/C
                            (rising edge-triggered cell FDRE clocked by clk  {rise@0.000ns fall@2.500ns period=5.000ns})
  Destination:            g_int8.u_p254/u_engine/butterfly_q_reg[3]/D
                            (rising edge-triggered cell FDRE clocked by clk  {rise@0.000ns fall@2.500ns period=5.000ns})
  Path Group:             clk
  Path Type:              Hold (Min at Fast Process Corner)
  Requirement:            0.000ns  (clk rise@0.000ns - clk rise@0.000ns)
  Data Path Delay:        0.120ns  (logic 0.074ns (61.479%)  route 0.046ns (38.521%))
  Logic Levels:           1  (LUT4=1)
  Clock Path Skew:        0.006ns (DCD - SCD - CPR)
    Destination Clock Delay (DCD):    1.917ns
    Source Clock Delay      (SCD):    1.536ns
    Clock Pessimism Removal (CPR):    0.375ns
  Clock Net Delay (Source):      1.206ns (routing 0.705ns, distribution 0.501ns)
  Clock Net Delay (Destination): 1.359ns (routing 0.784ns, distribution 0.575ns)

    Location             Delay type                Incr(ns)  Path(ns)    Netlist Resource(s)
  -------------------------------------------------------------------    -------------------
                         (clock clk rise edge)        0.000     0.000 r  
    T8                                                0.000     0.000 r  clk (IN)
                         net (fo=0)                   0.000     0.000    clk_IBUF_inst/I
    T8                   INBUF (Prop_INBUF_HPIOB_M_PAD_O)
                                                      0.157     0.157 r  clk_IBUF_inst/INBUF_INST/O
                         net (fo=1, routed)           0.000     0.157    clk_IBUF_inst/OUT
    T8                   IBUFCTRL (Prop_IBUFCTRL_HPIOB_M_I_O)
                                                      0.000     0.157 r  clk_IBUF_inst/IBUFCTRL_INST/O
                         net (fo=1, routed)           0.156     0.313    clk_IBUF
    BUFGCE_X0Y77         BUFGCE (Prop_BUFCE_BUFGCE_I_O)
                                                      0.017     0.330 r  clk_IBUF_BUFG_inst/O
    X2Y1 (CLOCK_ROOT)    net (fo=1013, routed)        1.206     1.536    g_int8.u_p254/u_engine/clk_IBUF_BUFG
    SLICE_X80Y101        FDRE                                         r  g_int8.u_p254/u_engine/butterfly_q_reg[3]/C
  -------------------------------------------------------------------    -------------------
    SLICE_X80Y101        FDRE (Prop_DFF_SLICEL_C_Q)
                                                      0.039     1.575 r  g_int8.u_p254/u_engine/butterfly_q_reg[3]/Q
                         net (fo=13, routed)          0.030     1.605    g_int8.u_p254/u_engine/butterfly_q[3]
    SLICE_X80Y101        LUT4 (Prop_D6LUT_SLICEL_I3_O)
                                                      0.035     1.640 r  g_int8.u_p254/u_engine/butterfly_q[3]_i_1__0/O
                         net (fo=1, routed)           0.016     1.656    g_int8.u_p254/u_engine/A[3]
    SLICE_X80Y101        FDRE                                         r  g_int8.u_p254/u_engine/butterfly_q_reg[3]/D
  -------------------------------------------------------------------    -------------------

                         (clock clk rise edge)        0.000     0.000 r  
    T8                                                0.000     0.000 r  clk (IN)
                         net (fo=0)                   0.000     0.000    clk_IBUF_inst/I
    T8                   INBUF (Prop_INBUF_HPIOB_M_PAD_O)
                                                      0.342     0.342 r  clk_IBUF_inst/INBUF_INST/O
                         net (fo=1, routed)           0.000     0.342    clk_IBUF_inst/OUT
    T8                   IBUFCTRL (Prop_IBUFCTRL_HPIOB_M_I_O)
                                                      0.000     0.342 r  clk_IBUF_inst/IBUFCTRL_INST/O
                         net (fo=1, routed)           0.197     0.539    clk_IBUF
    BUFGCE_X0Y77         BUFGCE (Prop_BUFCE_BUFGCE_I_O)
                                                      0.019     0.558 r  clk_IBUF_BUFG_inst/O
    X2Y1 (CLOCK_ROOT)    net (fo=1013, routed)        1.359     1.917    g_int8.u_p254/u_engine/clk_IBUF_BUFG
    SLICE_X80Y101        FDRE                                         r  g_int8.u_p254/u_engine/butterfly_q_reg[3]/C
                         clock pessimism             -0.375     1.542    
    SLICE_X80Y101        FDRE (Hold_DFF_SLICEL_C_D)
                                                      0.046     1.588    g_int8.u_p254/u_engine/butterfly_q_reg[3]
  -------------------------------------------------------------------
                         required time                         -1.588    
                         arrival time                           1.656    
  -------------------------------------------------------------------
                         slack                                  0.068    

Slack (MET) :             0.069ns  (arrival time - required time)
  Source:                 g_int8.u_p520/u_engine/scale_addr_q_reg[0]/C
                            (rising edge-triggered cell FDRE clocked by clk  {rise@0.000ns fall@2.500ns period=5.000ns})
  Destination:            g_int8.u_p520/u_engine/scale_addr_q_reg[1]/D
                            (rising edge-triggered cell FDRE clocked by clk  {rise@0.000ns fall@2.500ns period=5.000ns})
  Path Group:             clk
  Path Type:              Hold (Min at Fast Process Corner)
  Requirement:            0.000ns  (clk rise@0.000ns - clk rise@0.000ns)
  Data Path Delay:        0.122ns  (logic 0.076ns (62.393%)  route 0.046ns (37.607%))
  Logic Levels:           1  (LUT3=1)
  Clock Path Skew:        0.006ns (DCD - SCD - CPR)
    Destination Clock Delay (DCD):    2.009ns
    Source Clock Delay      (SCD):    1.619ns
    Clock Pessimism Removal (CPR):    0.384ns
  Clock Net Delay (Source):      1.289ns (routing 0.705ns, distribution 0.584ns)
  Clock Net Delay (Destination): 1.451ns (routing 0.784ns, distribution 0.667ns)

    Location             Delay type                Incr(ns)  Path(ns)    Netlist Resource(s)
  -------------------------------------------------------------------    -------------------
                         (clock clk rise edge)        0.000     0.000 r  
    T8                                                0.000     0.000 r  clk (IN)
                         net (fo=0)                   0.000     0.000    clk_IBUF_inst/I
    T8                   INBUF (Prop_INBUF_HPIOB_M_PAD_O)
                                                      0.157     0.157 r  clk_IBUF_inst/INBUF_INST/O
                         net (fo=1, routed)           0.000     0.157    clk_IBUF_inst/OUT
    T8                   IBUFCTRL (Prop_IBUFCTRL_HPIOB_M_I_O)
                                                      0.000     0.157 r  clk_IBUF_inst/IBUFCTRL_INST/O
                         net (fo=1, routed)           0.156     0.313    clk_IBUF
    BUFGCE_X0Y77         BUFGCE (Prop_BUFCE_BUFGCE_I_O)
                                                      0.017     0.330 r  clk_IBUF_BUFG_inst/O
    X2Y1 (CLOCK_ROOT)    net (fo=1013, routed)        1.289     1.619    g_int8.u_p520/u_engine/clk_IBUF_BUFG
    SLICE_X93Y123        FDRE                                         r  g_int8.u_p520/u_engine/scale_addr_q_reg[0]/C
  -------------------------------------------------------------------    -------------------
    SLICE_X93Y123        FDRE (Prop_DFF_SLICEM_C_Q)
                                                      0.039     1.658 r  g_int8.u_p520/u_engine/scale_addr_q_reg[0]/Q
                         net (fo=8, routed)           0.037     1.694    g_int8.u_p520/u_engine/scale_addr_q_reg_n_0_[0]
    SLICE_X93Y123        LUT3 (Prop_D5LUT_SLICEM_I0_O)
                                                      0.037     1.731 r  g_int8.u_p520/u_engine/scale_addr_q[1]_i_1/O
                         net (fo=1, routed)           0.009     1.740    g_int8.u_p520/u_engine/scale_addr_q[1]_i_1_n_0
    SLICE_X93Y123        FDRE                                         r  g_int8.u_p520/u_engine/scale_addr_q_reg[1]/D
  -------------------------------------------------------------------    -------------------

                         (clock clk rise edge)        0.000     0.000 r  
    T8                                                0.000     0.000 r  clk (IN)
                         net (fo=0)                   0.000     0.000    clk_IBUF_inst/I
    T8                   INBUF (Prop_INBUF_HPIOB_M_PAD_O)
                                                      0.342     0.342 r  clk_IBUF_inst/INBUF_INST/O
                         net (fo=1, routed)           0.000     0.342    clk_IBUF_inst/OUT
    T8                   IBUFCTRL (Prop_IBUFCTRL_HPIOB_M_I_O)
                                                      0.000     0.342 r  clk_IBUF_inst/IBUFCTRL_INST/O
                         net (fo=1, routed)           0.197     0.539    clk_IBUF
    BUFGCE_X0Y77         BUFGCE (Prop_BUFCE_BUFGCE_I_O)
                                                      0.019     0.558 r  clk_IBUF_BUFG_inst/O
    X2Y1 (CLOCK_ROOT)    net (fo=1013, routed)        1.451     2.009    g_int8.u_p520/u_engine/clk_IBUF_BUFG
    SLICE_X93Y123        FDRE                                         r  g_int8.u_p520/u_engine/scale_addr_q_reg[1]/C
                         clock pessimism             -0.384     1.625    
    SLICE_X93Y123        FDRE (Hold_DFF2_SLICEM_C_D)
                                                      0.047     1.672    g_int8.u_p520/u_engine/scale_addr_q_reg[1]
  -------------------------------------------------------------------
                         required time                         -1.672    
                         arrival time                           1.740    
  -------------------------------------------------------------------
                         slack                                  0.069    

Slack (MET) :             0.069ns  (arrival time - required time)
  Source:                 g_int8.u_p520/u_mac_mul/v4_reg_g_int8.u_p520_u_engine_u_mul_v4_reg_r/C
                            (rising edge-triggered cell FDRE clocked by clk  {rise@0.000ns fall@2.500ns period=5.000ns})
  Destination:            g_int8.u_p520/u_mac_mul/out_valid_reg/D
                            (rising edge-triggered cell FDRE clocked by clk  {rise@0.000ns fall@2.500ns period=5.000ns})
  Path Group:             clk
  Path Type:              Hold (Min at Fast Process Corner)
  Requirement:            0.000ns  (clk rise@0.000ns - clk rise@0.000ns)
  Data Path Delay:        0.127ns  (logic 0.078ns (61.417%)  route 0.049ns (38.583%))
  Logic Levels:           1  (LUT2=1)
  Clock Path Skew:        0.012ns (DCD - SCD - CPR)
    Destination Clock Delay (DCD):    1.969ns
    Source Clock Delay      (SCD):    1.585ns
    Clock Pessimism Removal (CPR):    0.372ns
  Clock Net Delay (Source):      1.256ns (routing 0.705ns, distribution 0.551ns)
  Clock Net Delay (Destination): 1.411ns (routing 0.784ns, distribution 0.627ns)

    Location             Delay type                Incr(ns)  Path(ns)    Netlist Resource(s)
  -------------------------------------------------------------------    -------------------
                         (clock clk rise edge)        0.000     0.000 r  
    T8                                                0.000     0.000 r  clk (IN)
                         net (fo=0)                   0.000     0.000    clk_IBUF_inst/I
    T8                   INBUF (Prop_INBUF_HPIOB_M_PAD_O)
                                                      0.157     0.157 r  clk_IBUF_inst/INBUF_INST/O
                         net (fo=1, routed)           0.000     0.157    clk_IBUF_inst/OUT
    T8                   IBUFCTRL (Prop_IBUFCTRL_HPIOB_M_I_O)
                                                      0.000     0.157 r  clk_IBUF_inst/IBUFCTRL_INST/O
                         net (fo=1, routed)           0.156     0.313    clk_IBUF
    BUFGCE_X0Y77         BUFGCE (Prop_BUFCE_BUFGCE_I_O)
                                                      0.017     0.330 r  clk_IBUF_BUFG_inst/O
    X2Y1 (CLOCK_ROOT)    net (fo=1013, routed)        1.256     1.585    g_int8.u_p520/u_mac_mul/clk_IBUF_BUFG
    SLICE_X91Y116        FDRE                                         r  g_int8.u_p520/u_mac_mul/v4_reg_g_int8.u_p520_u_engine_u_mul_v4_reg_r/C
  -------------------------------------------------------------------    -------------------
    SLICE_X91Y116        FDRE (Prop_AFF_SLICEM_C_Q)
                                                      0.038     1.623 r  g_int8.u_p520/u_mac_mul/v4_reg_g_int8.u_p520_u_engine_u_mul_v4_reg_r/Q
                         net (fo=1, routed)           0.028     1.651    g_int8.u_p520/u_mac_mul/v4_reg_g_int8.u_p520_u_engine_u_mul_v4_reg_r_n_0
    SLICE_X91Y116        LUT2 (Prop_G6LUT_SLICEM_I0_O)
                                                      0.040     1.691 r  g_int8.u_p520/u_mac_mul/v4_reg_gate/O
                         net (fo=1, routed)           0.021     1.712    g_int8.u_p520/u_mac_mul/v4_reg_gate_n_0
    SLICE_X91Y116        FDRE                                         r  g_int8.u_p520/u_mac_mul/out_valid_reg/D
  -------------------------------------------------------------------    -------------------

                         (clock clk rise edge)        0.000     0.000 r  
    T8                                                0.000     0.000 r  clk (IN)
                         net (fo=0)                   0.000     0.000    clk_IBUF_inst/I
    T8                   INBUF (Prop_INBUF_HPIOB_M_PAD_O)
                                                      0.342     0.342 r  clk_IBUF_inst/INBUF_INST/O
                         net (fo=1, routed)           0.000     0.342    clk_IBUF_inst/OUT
    T8                   IBUFCTRL (Prop_IBUFCTRL_HPIOB_M_I_O)
                                                      0.000     0.342 r  clk_IBUF_inst/IBUFCTRL_INST/O
                         net (fo=1, routed)           0.197     0.539    clk_IBUF
    BUFGCE_X0Y77         BUFGCE (Prop_BUFCE_BUFGCE_I_O)
                                                      0.019     0.558 r  clk_IBUF_BUFG_inst/O
    X2Y1 (CLOCK_ROOT)    net (fo=1013, routed)        1.411     1.969    g_int8.u_p520/u_mac_mul/clk_IBUF_BUFG
    SLICE_X91Y116        FDRE                                         r  g_int8.u_p520/u_mac_mul/out_valid_reg/C
                         clock pessimism             -0.372     1.597    
    SLICE_X91Y116        FDRE (Hold_GFF_SLICEM_C_D)
                                                      0.046     1.643    g_int8.u_p520/u_mac_mul/out_valid_reg
  -------------------------------------------------------------------
                         required time                         -1.643    
                         arrival time                           1.712    
  -------------------------------------------------------------------
                         slack                                  0.069    

Slack (MET) :             0.070ns  (arrival time - required time)
  Source:                 g_int8.u_p254/active_cin_q_reg[1]/C
                            (rising edge-triggered cell FDRE clocked by clk  {rise@0.000ns fall@2.500ns period=5.000ns})
  Destination:            g_int8.u_p254/u_xs_mem/mem_reg_bram_0/ADDRARDADDR[13]
                            (rising edge-triggered cell RAMB18E2 clocked by clk  {rise@0.000ns fall@2.500ns period=5.000ns})
  Path Group:             clk
  Path Type:              Hold (Min at Fast Process Corner)
  Requirement:            0.000ns  (clk rise@0.000ns - clk rise@0.000ns)
  Data Path Delay:        0.188ns  (logic 0.041ns (21.766%)  route 0.147ns (78.234%))
  Logic Levels:           0  
  Clock Path Skew:        0.112ns (DCD - SCD - CPR)
    Destination Clock Delay (DCD):    2.003ns
    Source Clock Delay      (SCD):    1.556ns
    Clock Pessimism Removal (CPR):    0.335ns
  Clock Net Delay (Source):      1.226ns (routing 0.705ns, distribution 0.521ns)
  Clock Net Delay (Destination): 1.445ns (routing 0.784ns, distribution 0.661ns)

    Location             Delay type                Incr(ns)  Path(ns)    Netlist Resource(s)
  -------------------------------------------------------------------    -------------------
                         (clock clk rise edge)        0.000     0.000 r  
    T8                                                0.000     0.000 r  clk (IN)
                         net (fo=0)                   0.000     0.000    clk_IBUF_inst/I
    T8                   INBUF (Prop_INBUF_HPIOB_M_PAD_O)
                                                      0.157     0.157 r  clk_IBUF_inst/INBUF_INST/O
                         net (fo=1, routed)           0.000     0.157    clk_IBUF_inst/OUT
    T8                   IBUFCTRL (Prop_IBUFCTRL_HPIOB_M_I_O)
                                                      0.000     0.157 r  clk_IBUF_inst/IBUFCTRL_INST/O
                         net (fo=1, routed)           0.156     0.313    clk_IBUF
    BUFGCE_X0Y77         BUFGCE (Prop_BUFCE_BUFGCE_I_O)
                                                      0.017     0.330 r  clk_IBUF_BUFG_inst/O
    X2Y1 (CLOCK_ROOT)    net (fo=1013, routed)        1.226     1.556    g_int8.u_p254/clk_IBUF_BUFG
    SLICE_X85Y113        FDRE                                         r  g_int8.u_p254/active_cin_q_reg[1]/C
  -------------------------------------------------------------------    -------------------
    SLICE_X85Y113        FDRE (Prop_DFF2_SLICEM_C_Q)
                                                      0.041     1.597 r  g_int8.u_p254/active_cin_q_reg[1]/Q
                         net (fo=6, routed)           0.147     1.744    g_int8.u_p254/u_xs_mem/Q[1]
    RAMB18_X11Y45        RAMB18E2                                     r  g_int8.u_p254/u_xs_mem/mem_reg_bram_0/ADDRARDADDR[13]
  -------------------------------------------------------------------    -------------------

                         (clock clk rise edge)        0.000     0.000 r  
    T8                                                0.000     0.000 r  clk (IN)
                         net (fo=0)                   0.000     0.000    clk_IBUF_inst/I
    T8                   INBUF (Prop_INBUF_HPIOB_M_PAD_O)
                                                      0.342     0.342 r  clk_IBUF_inst/INBUF_INST/O
                         net (fo=1, routed)           0.000     0.342    clk_IBUF_inst/OUT
    T8                   IBUFCTRL (Prop_IBUFCTRL_HPIOB_M_I_O)
                                                      0.000     0.342 r  clk_IBUF_inst/IBUFCTRL_INST/O
                         net (fo=1, routed)           0.197     0.539    clk_IBUF
    BUFGCE_X0Y77         BUFGCE (Prop_BUFCE_BUFGCE_I_O)
                                                      0.019     0.558 r  clk_IBUF_BUFG_inst/O
    X2Y1 (CLOCK_ROOT)    net (fo=1013, routed)        1.445     2.003    g_int8.u_p254/u_xs_mem/clk_IBUF_BUFG
    RAMB18_X11Y45        RAMB18E2                                     r  g_int8.u_p254/u_xs_mem/mem_reg_bram_0/CLKARDCLK
                         clock pessimism             -0.335     1.668    
    RAMB18_X11Y45        RAMB18E2 (Hold_RAMB18E2_U_RAMB181_CLKARDCLK_ADDRARDADDR[13])
                                                      0.006     1.674    g_int8.u_p254/u_xs_mem/mem_reg_bram_0
  -------------------------------------------------------------------
                         required time                         -1.674    
                         arrival time                           1.744    
  -------------------------------------------------------------------
                         slack                                  0.070    

Slack (MET) :             0.071ns  (arrival time - required time)
  Source:                 g_int8.u_p520/u_engine/product_q_reg[9]/C
                            (rising edge-triggered cell FDRE clocked by clk  {rise@0.000ns fall@2.500ns period=5.000ns})
  Destination:            g_int8.u_p520/u_engine/u_pong/mem_reg_bram_0/DINADIN[9]
                            (rising edge-triggered cell RAMB36E2 clocked by clk  {rise@0.000ns fall@2.500ns period=5.000ns})
  Path Group:             clk
  Path Type:              Hold (Min at Fast Process Corner)
  Requirement:            0.000ns  (clk rise@0.000ns - clk rise@0.000ns)
  Data Path Delay:        0.202ns  (logic 0.054ns (26.775%)  route 0.148ns (73.225%))
  Logic Levels:           1  (LUT5=1)
  Clock Path Skew:        0.136ns (DCD - SCD - CPR)
    Destination Clock Delay (DCD):    2.079ns
    Source Clock Delay      (SCD):    1.606ns
    Clock Pessimism Removal (CPR):    0.337ns
  Clock Net Delay (Source):      1.276ns (routing 0.705ns, distribution 0.571ns)
  Clock Net Delay (Destination): 1.521ns (routing 0.784ns, distribution 0.737ns)

    Location             Delay type                Incr(ns)  Path(ns)    Netlist Resource(s)
  -------------------------------------------------------------------    -------------------
                         (clock clk rise edge)        0.000     0.000 r  
    T8                                                0.000     0.000 r  clk (IN)
                         net (fo=0)                   0.000     0.000    clk_IBUF_inst/I
    T8                   INBUF (Prop_INBUF_HPIOB_M_PAD_O)
                                                      0.157     0.157 r  clk_IBUF_inst/INBUF_INST/O
                         net (fo=1, routed)           0.000     0.157    clk_IBUF_inst/OUT
    T8                   IBUFCTRL (Prop_IBUFCTRL_HPIOB_M_I_O)
                                                      0.000     0.157 r  clk_IBUF_inst/IBUFCTRL_INST/O
                         net (fo=1, routed)           0.156     0.313    clk_IBUF
    BUFGCE_X0Y77         BUFGCE (Prop_BUFCE_BUFGCE_I_O)
                                                      0.017     0.330 r  clk_IBUF_BUFG_inst/O
    X2Y1 (CLOCK_ROOT)    net (fo=1013, routed)        1.276     1.606    g_int8.u_p520/u_engine/clk_IBUF_BUFG
    SLICE_X92Y133        FDRE                                         r  g_int8.u_p520/u_engine/product_q_reg[9]/C
  -------------------------------------------------------------------    -------------------
    SLICE_X92Y133        FDRE (Prop_FFF_SLICEL_C_Q)
                                                      0.039     1.645 r  g_int8.u_p520/u_engine/product_q_reg[9]/Q
                         net (fo=8, routed)           0.055     1.699    g_int8.u_p520/u_engine/u_pong/mem_reg_bram_0_1[9]
    SLICE_X94Y133        LUT5 (Prop_H6LUT_SLICEL_I2_O)
                                                      0.015     1.714 r  g_int8.u_p520/u_engine/u_pong/mem_reg_bram_0_i_26__1/O
                         net (fo=1, routed)           0.093     1.807    g_int8.u_p520/u_engine/u_pong/pong_b_din[9]
    RAMB36_X12Y26        RAMB36E2                                     r  g_int8.u_p520/u_engine/u_pong/mem_reg_bram_0/DINADIN[9]
  -------------------------------------------------------------------    -------------------

                         (clock clk rise edge)        0.000     0.000 r  
    T8                                                0.000     0.000 r  clk (IN)
                         net (fo=0)                   0.000     0.000    clk_IBUF_inst/I
    T8                   INBUF (Prop_INBUF_HPIOB_M_PAD_O)
                                                      0.342     0.342 r  clk_IBUF_inst/INBUF_INST/O
                         net (fo=1, routed)           0.000     0.342    clk_IBUF_inst/OUT
    T8                   IBUFCTRL (Prop_IBUFCTRL_HPIOB_M_I_O)
                                                      0.000     0.342 r  clk_IBUF_inst/IBUFCTRL_INST/O
                         net (fo=1, routed)           0.197     0.539    clk_IBUF
    BUFGCE_X0Y77         BUFGCE (Prop_BUFCE_BUFGCE_I_O)
                                                      0.019     0.558 r  clk_IBUF_BUFG_inst/O
    X2Y1 (CLOCK_ROOT)    net (fo=1013, routed)        1.521     2.079    g_int8.u_p520/u_engine/u_pong/clk_IBUF_BUFG
    RAMB36_X12Y26        RAMB36E2                                     r  g_int8.u_p520/u_engine/u_pong/mem_reg_bram_0/CLKARDCLK
                         clock pessimism             -0.337     1.741    
    RAMB36_X12Y26        RAMB36E2 (Hold_RAMB36E2_RAMB36_CLKARDCLK_DINADIN[9])
                                                     -0.005     1.736    g_int8.u_p520/u_engine/u_pong/mem_reg_bram_0
  -------------------------------------------------------------------
                         required time                         -1.736    
                         arrival time                           1.807    
  -------------------------------------------------------------------
                         slack                                  0.071    

Slack (MET) :             0.072ns  (arrival time - required time)
  Source:                 g_int8.u_p254/index_q_reg[2]/C
                            (rising edge-triggered cell FDRE clocked by clk  {rise@0.000ns fall@2.500ns period=5.000ns})
  Destination:            g_int8.u_p254/index_q_reg[3]/D
                            (rising edge-triggered cell FDRE clocked by clk  {rise@0.000ns fall@2.500ns period=5.000ns})
  Path Group:             clk
  Path Type:              Hold (Min at Fast Process Corner)
  Requirement:            0.000ns  (clk rise@0.000ns - clk rise@0.000ns)
  Data Path Delay:        0.125ns  (logic 0.076ns (60.768%)  route 0.049ns (39.232%))
  Logic Levels:           1  (LUT5=1)
  Clock Path Skew:        0.006ns (DCD - SCD - CPR)
    Destination Clock Delay (DCD):    1.942ns
    Source Clock Delay      (SCD):    1.558ns
    Clock Pessimism Removal (CPR):    0.378ns
  Clock Net Delay (Source):      1.229ns (routing 0.705ns, distribution 0.524ns)
  Clock Net Delay (Destination): 1.384ns (routing 0.784ns, distribution 0.600ns)

    Location             Delay type                Incr(ns)  Path(ns)    Netlist Resource(s)
  -------------------------------------------------------------------    -------------------
                         (clock clk rise edge)        0.000     0.000 r  
    T8                                                0.000     0.000 r  clk (IN)
                         net (fo=0)                   0.000     0.000    clk_IBUF_inst/I
    T8                   INBUF (Prop_INBUF_HPIOB_M_PAD_O)
                                                      0.157     0.157 r  clk_IBUF_inst/INBUF_INST/O
                         net (fo=1, routed)           0.000     0.157    clk_IBUF_inst/OUT
    T8                   IBUFCTRL (Prop_IBUFCTRL_HPIOB_M_I_O)
                                                      0.000     0.157 r  clk_IBUF_inst/IBUFCTRL_INST/O
                         net (fo=1, routed)           0.156     0.313    clk_IBUF
    BUFGCE_X0Y77         BUFGCE (Prop_BUFCE_BUFGCE_I_O)
                                                      0.017     0.330 r  clk_IBUF_BUFG_inst/O
    X2Y1 (CLOCK_ROOT)    net (fo=1013, routed)        1.229     1.558    g_int8.u_p254/clk_IBUF_BUFG
    SLICE_X85Y108        FDRE                                         r  g_int8.u_p254/index_q_reg[2]/C
  -------------------------------------------------------------------    -------------------
    SLICE_X85Y108        FDRE (Prop_DFF_SLICEM_C_Q)
                                                      0.039     1.597 r  g_int8.u_p254/index_q_reg[2]/Q
                         net (fo=11, routed)          0.040     1.637    g_int8.u_p254/index_q_reg_n_0_[2]
    SLICE_X85Y108        LUT5 (Prop_D5LUT_SLICEM_I3_O)
                                                      0.037     1.674 r  g_int8.u_p254/index_q[3]_i_1__0/O
                         net (fo=1, routed)           0.009     1.683    g_int8.u_p254/C[3]
    SLICE_X85Y108        FDRE                                         r  g_int8.u_p254/index_q_reg[3]/D
  -------------------------------------------------------------------    -------------------

                         (clock clk rise edge)        0.000     0.000 r  
    T8                                                0.000     0.000 r  clk (IN)
                         net (fo=0)                   0.000     0.000    clk_IBUF_inst/I
    T8                   INBUF (Prop_INBUF_HPIOB_M_PAD_O)
                                                      0.342     0.342 r  clk_IBUF_inst/INBUF_INST/O
                         net (fo=1, routed)           0.000     0.342    clk_IBUF_inst/OUT
    T8                   IBUFCTRL (Prop_IBUFCTRL_HPIOB_M_I_O)
                                                      0.000     0.342 r  clk_IBUF_inst/IBUFCTRL_INST/O
                         net (fo=1, routed)           0.197     0.539    clk_IBUF
    BUFGCE_X0Y77         BUFGCE (Prop_BUFCE_BUFGCE_I_O)
                                                      0.019     0.558 r  clk_IBUF_BUFG_inst/O
    X2Y1 (CLOCK_ROOT)    net (fo=1013, routed)        1.384     1.942    g_int8.u_p254/clk_IBUF_BUFG
    SLICE_X85Y108        FDRE                                         r  g_int8.u_p254/index_q_reg[3]/C
                         clock pessimism             -0.378     1.564    
    SLICE_X85Y108        FDRE (Hold_DFF2_SLICEM_C_D)
                                                      0.047     1.611    g_int8.u_p254/index_q_reg[3]
  -------------------------------------------------------------------
                         required time                         -1.611    
                         arrival time                           1.683    
  -------------------------------------------------------------------
                         slack                                  0.072    

Slack (MET) :             0.072ns  (arrival time - required time)
  Source:                 g_int8.u_p520/u_engine/u_mul/v4_reg_g_int8.u_p520_u_engine_u_mul_v4_reg_r/C
                            (rising edge-triggered cell FDRE clocked by clk  {rise@0.000ns fall@2.500ns period=5.000ns})
  Destination:            g_int8.u_p520/u_engine/u_mul/out_valid_reg/D
                            (rising edge-triggered cell FDRE clocked by clk  {rise@0.000ns fall@2.500ns period=5.000ns})
  Path Group:             clk
  Path Type:              Hold (Min at Fast Process Corner)
  Requirement:            0.000ns  (clk rise@0.000ns - clk rise@0.000ns)
  Data Path Delay:        0.130ns  (logic 0.079ns (60.769%)  route 0.051ns (39.231%))
  Logic Levels:           1  (LUT2=1)
  Clock Path Skew:        0.012ns (DCD - SCD - CPR)
    Destination Clock Delay (DCD):    1.970ns
    Source Clock Delay      (SCD):    1.586ns
    Clock Pessimism Removal (CPR):    0.372ns
  Clock Net Delay (Source):      1.257ns (routing 0.705ns, distribution 0.552ns)
  Clock Net Delay (Destination): 1.412ns (routing 0.784ns, distribution 0.628ns)

    Location             Delay type                Incr(ns)  Path(ns)    Netlist Resource(s)
  -------------------------------------------------------------------    -------------------
                         (clock clk rise edge)        0.000     0.000 r  
    T8                                                0.000     0.000 r  clk (IN)
                         net (fo=0)                   0.000     0.000    clk_IBUF_inst/I
    T8                   INBUF (Prop_INBUF_HPIOB_M_PAD_O)
                                                      0.157     0.157 r  clk_IBUF_inst/INBUF_INST/O
                         net (fo=1, routed)           0.000     0.157    clk_IBUF_inst/OUT
    T8                   IBUFCTRL (Prop_IBUFCTRL_HPIOB_M_I_O)
                                                      0.000     0.157 r  clk_IBUF_inst/IBUFCTRL_INST/O
                         net (fo=1, routed)           0.156     0.313    clk_IBUF
    BUFGCE_X0Y77         BUFGCE (Prop_BUFCE_BUFGCE_I_O)
                                                      0.017     0.330 r  clk_IBUF_BUFG_inst/O
    X2Y1 (CLOCK_ROOT)    net (fo=1013, routed)        1.257     1.586    g_int8.u_p520/u_engine/u_mul/clk_IBUF_BUFG
    SLICE_X93Y115        FDRE                                         r  g_int8.u_p520/u_engine/u_mul/v4_reg_g_int8.u_p520_u_engine_u_mul_v4_reg_r/C
  -------------------------------------------------------------------    -------------------
    SLICE_X93Y115        FDRE (Prop_AFF_SLICEM_C_Q)
                                                      0.038     1.624 r  g_int8.u_p520/u_engine/u_mul/v4_reg_g_int8.u_p520_u_engine_u_mul_v4_reg_r/Q
                         net (fo=1, routed)           0.030     1.654    g_int8.u_p520/u_engine/u_mul/v4_reg_g_int8.u_p520_u_engine_u_mul_v4_reg_r_n_0
    SLICE_X93Y115        LUT2 (Prop_H6LUT_SLICEM_I0_O)
                                                      0.041     1.695 r  g_int8.u_p520/u_engine/u_mul/v4_reg_gate/O
                         net (fo=1, routed)           0.021     1.716    g_int8.u_p520/u_engine/u_mul/v4_reg_gate_n_0
    SLICE_X93Y115        FDRE                                         r  g_int8.u_p520/u_engine/u_mul/out_valid_reg/D
  -------------------------------------------------------------------    -------------------

                         (clock clk rise edge)        0.000     0.000 r  
    T8                                                0.000     0.000 r  clk (IN)
                         net (fo=0)                   0.000     0.000    clk_IBUF_inst/I
    T8                   INBUF (Prop_INBUF_HPIOB_M_PAD_O)
                                                      0.342     0.342 r  clk_IBUF_inst/INBUF_INST/O
                         net (fo=1, routed)           0.000     0.342    clk_IBUF_inst/OUT
    T8                   IBUFCTRL (Prop_IBUFCTRL_HPIOB_M_I_O)
                                                      0.000     0.342 r  clk_IBUF_inst/IBUFCTRL_INST/O
                         net (fo=1, routed)           0.197     0.539    clk_IBUF
    BUFGCE_X0Y77         BUFGCE (Prop_BUFCE_BUFGCE_I_O)
                                                      0.019     0.558 r  clk_IBUF_BUFG_inst/O
    X2Y1 (CLOCK_ROOT)    net (fo=1013, routed)        1.412     1.970    g_int8.u_p520/u_engine/u_mul/clk_IBUF_BUFG
    SLICE_X93Y115        FDRE                                         r  g_int8.u_p520/u_engine/u_mul/out_valid_reg/C
                         clock pessimism             -0.372     1.598    
    SLICE_X93Y115        FDRE (Hold_HFF_SLICEM_C_D)
                                                      0.046     1.644    g_int8.u_p520/u_engine/u_mul/out_valid_reg
  -------------------------------------------------------------------
                         required time                         -1.644    
                         arrival time                           1.716    
  -------------------------------------------------------------------
                         slack                                  0.072    

Slack (MET) :             0.073ns  (arrival time - required time)
  Source:                 g_int8.u_p254/index_q_reg[4]/C
                            (rising edge-triggered cell FDRE clocked by clk  {rise@0.000ns fall@2.500ns period=5.000ns})
  Destination:            g_int8.u_p254/u_acc_mem/mem_reg_bram_0/ADDRARDADDR[8]
                            (rising edge-triggered cell RAMB18E2 clocked by clk  {rise@0.000ns fall@2.500ns period=5.000ns})
  Path Group:             clk
  Path Type:              Hold (Min at Fast Process Corner)
  Requirement:            0.000ns  (clk rise@0.000ns - clk rise@0.000ns)
  Data Path Delay:        0.186ns  (logic 0.039ns (21.003%)  route 0.147ns (78.997%))
  Logic Levels:           0  
  Clock Path Skew:        0.107ns (DCD - SCD - CPR)
    Destination Clock Delay (DCD):    2.000ns
    Source Clock Delay      (SCD):    1.558ns
    Clock Pessimism Removal (CPR):    0.335ns
  Clock Net Delay (Source):      1.229ns (routing 0.705ns, distribution 0.524ns)
  Clock Net Delay (Destination): 1.442ns (routing 0.784ns, distribution 0.658ns)

    Location             Delay type                Incr(ns)  Path(ns)    Netlist Resource(s)
  -------------------------------------------------------------------    -------------------
                         (clock clk rise edge)        0.000     0.000 r  
    T8                                                0.000     0.000 r  clk (IN)
                         net (fo=0)                   0.000     0.000    clk_IBUF_inst/I
    T8                   INBUF (Prop_INBUF_HPIOB_M_PAD_O)
                                                      0.157     0.157 r  clk_IBUF_inst/INBUF_INST/O
                         net (fo=1, routed)           0.000     0.157    clk_IBUF_inst/OUT
    T8                   IBUFCTRL (Prop_IBUFCTRL_HPIOB_M_I_O)
                                                      0.000     0.157 r  clk_IBUF_inst/IBUFCTRL_INST/O
                         net (fo=1, routed)           0.156     0.313    clk_IBUF
    BUFGCE_X0Y77         BUFGCE (Prop_BUFCE_BUFGCE_I_O)
                                                      0.017     0.330 r  clk_IBUF_BUFG_inst/O
    X2Y1 (CLOCK_ROOT)    net (fo=1013, routed)        1.229     1.558    g_int8.u_p254/clk_IBUF_BUFG
    SLICE_X85Y110        FDRE                                         r  g_int8.u_p254/index_q_reg[4]/C
  -------------------------------------------------------------------    -------------------
    SLICE_X85Y110        FDRE (Prop_HFF2_SLICEM_C_Q)
                                                      0.039     1.597 r  g_int8.u_p254/index_q_reg[4]/Q
                         net (fo=11, routed)          0.147     1.744    g_int8.u_p254/u_acc_mem/Q[4]
    RAMB18_X11Y44        RAMB18E2                                     r  g_int8.u_p254/u_acc_mem/mem_reg_bram_0/ADDRARDADDR[8]
  -------------------------------------------------------------------    -------------------

                         (clock clk rise edge)        0.000     0.000 r  
    T8                                                0.000     0.000 r  clk (IN)
                         net (fo=0)                   0.000     0.000    clk_IBUF_inst/I
    T8                   INBUF (Prop_INBUF_HPIOB_M_PAD_O)
                                                      0.342     0.342 r  clk_IBUF_inst/INBUF_INST/O
                         net (fo=1, routed)           0.000     0.342    clk_IBUF_inst/OUT
    T8                   IBUFCTRL (Prop_IBUFCTRL_HPIOB_M_I_O)
                                                      0.000     0.342 r  clk_IBUF_inst/IBUFCTRL_INST/O
                         net (fo=1, routed)           0.197     0.539    clk_IBUF
    BUFGCE_X0Y77         BUFGCE (Prop_BUFCE_BUFGCE_I_O)
                                                      0.019     0.558 r  clk_IBUF_BUFG_inst/O
    X2Y1 (CLOCK_ROOT)    net (fo=1013, routed)        1.442     2.000    g_int8.u_p254/u_acc_mem/clk_IBUF_BUFG
    RAMB18_X11Y44        RAMB18E2                                     r  g_int8.u_p254/u_acc_mem/mem_reg_bram_0/CLKARDCLK
                         clock pessimism             -0.335     1.665    
    RAMB18_X11Y44        RAMB18E2 (Hold_RAMB18E2_L_RAMB180_CLKARDCLK_ADDRARDADDR[8])
                                                      0.006     1.671    g_int8.u_p254/u_acc_mem/mem_reg_bram_0
  -------------------------------------------------------------------
                         required time                         -1.671    
                         arrival time                           1.744    
  -------------------------------------------------------------------
                         slack                                  0.073    

Slack (MET) :             0.074ns  (arrival time - required time)
  Source:                 g_int8.u_p254/u_engine/state_q_reg[0]/C
                            (rising edge-triggered cell FDRE clocked by clk  {rise@0.000ns fall@2.500ns period=5.000ns})
  Destination:            g_int8.u_p254/u_engine/state_q_reg[0]/D
                            (rising edge-triggered cell FDRE clocked by clk  {rise@0.000ns fall@2.500ns period=5.000ns})
  Path Group:             clk
  Path Type:              Hold (Min at Fast Process Corner)
  Requirement:            0.000ns  (clk rise@0.000ns - clk rise@0.000ns)
  Data Path Delay:        0.126ns  (logic 0.074ns (58.778%)  route 0.052ns (41.222%))
  Logic Levels:           1  (LUT5=1)
  Clock Path Skew:        0.006ns (DCD - SCD - CPR)
    Destination Clock Delay (DCD):    1.929ns
    Source Clock Delay      (SCD):    1.548ns
    Clock Pessimism Removal (CPR):    0.375ns
  Clock Net Delay (Source):      1.218ns (routing 0.705ns, distribution 0.513ns)
  Clock Net Delay (Destination): 1.371ns (routing 0.784ns, distribution 0.587ns)

    Location             Delay type                Incr(ns)  Path(ns)    Netlist Resource(s)
  -------------------------------------------------------------------    -------------------
                         (clock clk rise edge)        0.000     0.000 r  
    T8                                                0.000     0.000 r  clk (IN)
                         net (fo=0)                   0.000     0.000    clk_IBUF_inst/I
    T8                   INBUF (Prop_INBUF_HPIOB_M_PAD_O)
                                                      0.157     0.157 r  clk_IBUF_inst/INBUF_INST/O
                         net (fo=1, routed)           0.000     0.157    clk_IBUF_inst/OUT
    T8                   IBUFCTRL (Prop_IBUFCTRL_HPIOB_M_I_O)
                                                      0.000     0.157 r  clk_IBUF_inst/IBUFCTRL_INST/O
                         net (fo=1, routed)           0.156     0.313    clk_IBUF
    BUFGCE_X0Y77         BUFGCE (Prop_BUFCE_BUFGCE_I_O)
                                                      0.017     0.330 r  clk_IBUF_BUFG_inst/O
    X2Y1 (CLOCK_ROOT)    net (fo=1013, routed)        1.218     1.548    g_int8.u_p254/u_engine/clk_IBUF_BUFG
    SLICE_X83Y104        FDRE                                         r  g_int8.u_p254/u_engine/state_q_reg[0]/C
  -------------------------------------------------------------------    -------------------
    SLICE_X83Y104        FDRE (Prop_DFF_SLICEL_C_Q)
                                                      0.039     1.587 f  g_int8.u_p254/u_engine/state_q_reg[0]/Q
                         net (fo=18, routed)          0.036     1.623    g_int8.u_p254/u_engine/state_q[0]
    SLICE_X83Y104        LUT5 (Prop_D6LUT_SLICEL_I4_O)
                                                      0.035     1.658 r  g_int8.u_p254/u_engine/state_q[0]_i_1__0/O
                         net (fo=1, routed)           0.016     1.674    g_int8.u_p254/u_engine/state_q[0]_i_1__0_n_0
    SLICE_X83Y104        FDRE                                         r  g_int8.u_p254/u_engine/state_q_reg[0]/D
  -------------------------------------------------------------------    -------------------

                         (clock clk rise edge)        0.000     0.000 r  
    T8                                                0.000     0.000 r  clk (IN)
                         net (fo=0)                   0.000     0.000    clk_IBUF_inst/I
    T8                   INBUF (Prop_INBUF_HPIOB_M_PAD_O)
                                                      0.342     0.342 r  clk_IBUF_inst/INBUF_INST/O
                         net (fo=1, routed)           0.000     0.342    clk_IBUF_inst/OUT
    T8                   IBUFCTRL (Prop_IBUFCTRL_HPIOB_M_I_O)
                                                      0.000     0.342 r  clk_IBUF_inst/IBUFCTRL_INST/O
                         net (fo=1, routed)           0.197     0.539    clk_IBUF
    BUFGCE_X0Y77         BUFGCE (Prop_BUFCE_BUFGCE_I_O)
                                                      0.019     0.558 r  clk_IBUF_BUFG_inst/O
    X2Y1 (CLOCK_ROOT)    net (fo=1013, routed)        1.371     1.929    g_int8.u_p254/u_engine/clk_IBUF_BUFG
    SLICE_X83Y104        FDRE                                         r  g_int8.u_p254/u_engine/state_q_reg[0]/C
                         clock pessimism             -0.375     1.554    
    SLICE_X83Y104        FDRE (Hold_DFF_SLICEL_C_D)
                                                      0.046     1.600    g_int8.u_p254/u_engine/state_q_reg[0]
  -------------------------------------------------------------------
                         required time                         -1.600    
                         arrival time                           1.674    
  -------------------------------------------------------------------
                         slack                                  0.074    

Slack (MET) :             0.074ns  (arrival time - required time)
  Source:                 g_int8.u_p254/index_q_reg[2]/C
                            (rising edge-triggered cell FDRE clocked by clk  {rise@0.000ns fall@2.500ns period=5.000ns})
  Destination:            g_int8.u_p254/u_acc_mem/mem_reg_bram_0/ADDRARDADDR[6]
                            (rising edge-triggered cell RAMB18E2 clocked by clk  {rise@0.000ns fall@2.500ns period=5.000ns})
  Path Group:             clk
  Path Type:              Hold (Min at Fast Process Corner)
  Requirement:            0.000ns  (clk rise@0.000ns - clk rise@0.000ns)
  Data Path Delay:        0.187ns  (logic 0.039ns (20.847%)  route 0.148ns (79.153%))
  Logic Levels:           0  
  Clock Path Skew:        0.107ns (DCD - SCD - CPR)
    Destination Clock Delay (DCD):    2.000ns
    Source Clock Delay      (SCD):    1.558ns
    Clock Pessimism Removal (CPR):    0.335ns
  Clock Net Delay (Source):      1.229ns (routing 0.705ns, distribution 0.524ns)
  Clock Net Delay (Destination): 1.442ns (routing 0.784ns, distribution 0.658ns)

    Location             Delay type                Incr(ns)  Path(ns)    Netlist Resource(s)
  -------------------------------------------------------------------    -------------------
                         (clock clk rise edge)        0.000     0.000 r  
    T8                                                0.000     0.000 r  clk (IN)
                         net (fo=0)                   0.000     0.000    clk_IBUF_inst/I
    T8                   INBUF (Prop_INBUF_HPIOB_M_PAD_O)
                                                      0.157     0.157 r  clk_IBUF_inst/INBUF_INST/O
                         net (fo=1, routed)           0.000     0.157    clk_IBUF_inst/OUT
    T8                   IBUFCTRL (Prop_IBUFCTRL_HPIOB_M_I_O)
                                                      0.000     0.157 r  clk_IBUF_inst/IBUFCTRL_INST/O
                         net (fo=1, routed)           0.156     0.313    clk_IBUF
    BUFGCE_X0Y77         BUFGCE (Prop_BUFCE_BUFGCE_I_O)
                                                      0.017     0.330 r  clk_IBUF_BUFG_inst/O
    X2Y1 (CLOCK_ROOT)    net (fo=1013, routed)        1.229     1.558    g_int8.u_p254/clk_IBUF_BUFG
    SLICE_X85Y108        FDRE                                         r  g_int8.u_p254/index_q_reg[2]/C
  -------------------------------------------------------------------    -------------------
    SLICE_X85Y108        FDRE (Prop_DFF_SLICEM_C_Q)
                                                      0.039     1.597 r  g_int8.u_p254/index_q_reg[2]/Q
                         net (fo=11, routed)          0.148     1.745    g_int8.u_p254/u_acc_mem/Q[2]
    RAMB18_X11Y44        RAMB18E2                                     r  g_int8.u_p254/u_acc_mem/mem_reg_bram_0/ADDRARDADDR[6]
  -------------------------------------------------------------------    -------------------

                         (clock clk rise edge)        0.000     0.000 r  
    T8                                                0.000     0.000 r  clk (IN)
                         net (fo=0)                   0.000     0.000    clk_IBUF_inst/I
    T8                   INBUF (Prop_INBUF_HPIOB_M_PAD_O)
                                                      0.342     0.342 r  clk_IBUF_inst/INBUF_INST/O
                         net (fo=1, routed)           0.000     0.342    clk_IBUF_inst/OUT
    T8                   IBUFCTRL (Prop_IBUFCTRL_HPIOB_M_I_O)
                                                      0.000     0.342 r  clk_IBUF_inst/IBUFCTRL_INST/O
                         net (fo=1, routed)           0.197     0.539    clk_IBUF
    BUFGCE_X0Y77         BUFGCE (Prop_BUFCE_BUFGCE_I_O)
                                                      0.019     0.558 r  clk_IBUF_BUFG_inst/O
    X2Y1 (CLOCK_ROOT)    net (fo=1013, routed)        1.442     2.000    g_int8.u_p254/u_acc_mem/clk_IBUF_BUFG
    RAMB18_X11Y44        RAMB18E2                                     r  g_int8.u_p254/u_acc_mem/mem_reg_bram_0/CLKARDCLK
                         clock pessimism             -0.335     1.665    
    RAMB18_X11Y44        RAMB18E2 (Hold_RAMB18E2_L_RAMB180_CLKARDCLK_ADDRARDADDR[6])
                                                      0.006     1.671    g_int8.u_p254/u_acc_mem/mem_reg_bram_0
  -------------------------------------------------------------------
                         required time                         -1.671    
                         arrival time                           1.745    
  -------------------------------------------------------------------
                         slack                                  0.074    

Slack (MET) :             0.075ns  (arrival time - required time)
  Source:                 g_int8.u_p254/active_cout_q_reg[0]/C
                            (rising edge-triggered cell FDRE clocked by clk  {rise@0.000ns fall@2.500ns period=5.000ns})
  Destination:            g_int8.u_p254/active_cout_q_reg[1]/D
                            (rising edge-triggered cell FDRE clocked by clk  {rise@0.000ns fall@2.500ns period=5.000ns})
  Path Group:             clk
  Path Type:              Hold (Min at Fast Process Corner)
  Requirement:            0.000ns  (clk rise@0.000ns - clk rise@0.000ns)
  Data Path Delay:        0.128ns  (logic 0.087ns (68.137%)  route 0.041ns (31.862%))
  Logic Levels:           1  (LUT5=1)
  Clock Path Skew:        0.006ns (DCD - SCD - CPR)
    Destination Clock Delay (DCD):    1.966ns
    Source Clock Delay      (SCD):    1.581ns
    Clock Pessimism Removal (CPR):    0.379ns
  Clock Net Delay (Source):      1.251ns (routing 0.705ns, distribution 0.546ns)
  Clock Net Delay (Destination): 1.408ns (routing 0.784ns, distribution 0.624ns)

    Location             Delay type                Incr(ns)  Path(ns)    Netlist Resource(s)
  -------------------------------------------------------------------    -------------------
                         (clock clk rise edge)        0.000     0.000 r  
    T8                                                0.000     0.000 r  clk (IN)
                         net (fo=0)                   0.000     0.000    clk_IBUF_inst/I
    T8                   INBUF (Prop_INBUF_HPIOB_M_PAD_O)
                                                      0.157     0.157 r  clk_IBUF_inst/INBUF_INST/O
                         net (fo=1, routed)           0.000     0.157    clk_IBUF_inst/OUT
    T8                   IBUFCTRL (Prop_IBUFCTRL_HPIOB_M_I_O)
                                                      0.000     0.157 r  clk_IBUF_inst/IBUFCTRL_INST/O
                         net (fo=1, routed)           0.156     0.313    clk_IBUF
    BUFGCE_X0Y77         BUFGCE (Prop_BUFCE_BUFGCE_I_O)
                                                      0.017     0.330 r  clk_IBUF_BUFG_inst/O
    X2Y1 (CLOCK_ROOT)    net (fo=1013, routed)        1.251     1.581    g_int8.u_p254/clk_IBUF_BUFG
    SLICE_X87Y111        FDRE                                         r  g_int8.u_p254/active_cout_q_reg[0]/C
  -------------------------------------------------------------------    -------------------
    SLICE_X87Y111        FDRE (Prop_HFF_SLICEM_C_Q)
                                                      0.039     1.620 r  g_int8.u_p254/active_cout_q_reg[0]/Q
                         net (fo=6, routed)           0.035     1.654    g_int8.u_p254/active_cout_q[0]
    SLICE_X87Y111        LUT5 (Prop_H5LUT_SLICEM_I1_O)
                                                      0.048     1.702 r  g_int8.u_p254/active_cout_q[1]_i_2__0/O
                         net (fo=1, routed)           0.006     1.708    g_int8.u_p254/B[1]
    SLICE_X87Y111        FDRE                                         r  g_int8.u_p254/active_cout_q_reg[1]/D
  -------------------------------------------------------------------    -------------------

                         (clock clk rise edge)        0.000     0.000 r  
    T8                                                0.000     0.000 r  clk (IN)
                         net (fo=0)                   0.000     0.000    clk_IBUF_inst/I
    T8                   INBUF (Prop_INBUF_HPIOB_M_PAD_O)
                                                      0.342     0.342 r  clk_IBUF_inst/INBUF_INST/O
                         net (fo=1, routed)           0.000     0.342    clk_IBUF_inst/OUT
    T8                   IBUFCTRL (Prop_IBUFCTRL_HPIOB_M_I_O)
                                                      0.000     0.342 r  clk_IBUF_inst/IBUFCTRL_INST/O
                         net (fo=1, routed)           0.197     0.539    clk_IBUF
    BUFGCE_X0Y77         BUFGCE (Prop_BUFCE_BUFGCE_I_O)
                                                      0.019     0.558 r  clk_IBUF_BUFG_inst/O
    X2Y1 (CLOCK_ROOT)    net (fo=1013, routed)        1.408     1.966    g_int8.u_p254/clk_IBUF_BUFG
    SLICE_X87Y111        FDRE                                         r  g_int8.u_p254/active_cout_q_reg[1]/C
                         clock pessimism             -0.379     1.587    
    SLICE_X87Y111        FDRE (Hold_HFF2_SLICEM_C_D)
                                                      0.047     1.634    g_int8.u_p254/active_cout_q_reg[1]
  -------------------------------------------------------------------
                         required time                         -1.634    
                         arrival time                           1.708    
  -------------------------------------------------------------------
                         slack                                  0.075    

Slack (MET) :             0.075ns  (arrival time - required time)
  Source:                 g_int8.u_p254/u_engine/u_mul/s3_reg[18]/C
                            (rising edge-triggered cell FDRE clocked by clk  {rise@0.000ns fall@2.500ns period=5.000ns})
  Destination:            g_int8.u_p254/u_engine/u_mul/s4_reg[0]/D
                            (rising edge-triggered cell FDRE clocked by clk  {rise@0.000ns fall@2.500ns period=5.000ns})
  Path Group:             clk
  Path Type:              Hold (Min at Fast Process Corner)
  Requirement:            0.000ns  (clk rise@0.000ns - clk rise@0.000ns)
  Data Path Delay:        0.171ns  (logic 0.092ns (53.876%)  route 0.079ns (46.124%))
  Logic Levels:           2  (CARRY8=1 LUT2=1)
  Clock Path Skew:        0.050ns (DCD - SCD - CPR)
    Destination Clock Delay (DCD):    1.875ns
    Source Clock Delay      (SCD):    1.496ns
    Clock Pessimism Removal (CPR):    0.329ns
  Clock Net Delay (Source):      1.167ns (routing 0.705ns, distribution 0.462ns)
  Clock Net Delay (Destination): 1.317ns (routing 0.784ns, distribution 0.533ns)

    Location             Delay type                Incr(ns)  Path(ns)    Netlist Resource(s)
  -------------------------------------------------------------------    -------------------
                         (clock clk rise edge)        0.000     0.000 r  
    T8                                                0.000     0.000 r  clk (IN)
                         net (fo=0)                   0.000     0.000    clk_IBUF_inst/I
    T8                   INBUF (Prop_INBUF_HPIOB_M_PAD_O)
                                                      0.157     0.157 r  clk_IBUF_inst/INBUF_INST/O
                         net (fo=1, routed)           0.000     0.157    clk_IBUF_inst/OUT
    T8                   IBUFCTRL (Prop_IBUFCTRL_HPIOB_M_I_O)
                                                      0.000     0.157 r  clk_IBUF_inst/IBUFCTRL_INST/O
                         net (fo=1, routed)           0.156     0.313    clk_IBUF
    BUFGCE_X0Y77         BUFGCE (Prop_BUFCE_BUFGCE_I_O)
                                                      0.017     0.330 r  clk_IBUF_BUFG_inst/O
    X2Y1 (CLOCK_ROOT)    net (fo=1013, routed)        1.167     1.496    g_int8.u_p254/u_engine/u_mul/clk_IBUF_BUFG
    SLICE_X68Y105        FDRE                                         r  g_int8.u_p254/u_engine/u_mul/s3_reg[18]/C
  -------------------------------------------------------------------    -------------------
    SLICE_X68Y105        FDRE (Prop_CFF_SLICEM_C_Q)
                                                      0.038     1.534 r  g_int8.u_p254/u_engine/u_mul/s3_reg[18]/Q
                         net (fo=18, routed)          0.062     1.596    g_int8.u_p254/u_engine/u_mul/fold_once0_return01_in[0]
    SLICE_X70Y105        LUT2 (Prop_A6LUT_SLICEM_I1_O)
                                                      0.035     1.631 r  g_int8.u_p254/u_engine/u_mul/s4[7]_i_9__1/O
                         net (fo=1, routed)           0.010     1.641    g_int8.u_p254/u_engine/u_mul/s4[7]_i_9__1_n_0
    SLICE_X70Y105        CARRY8 (Prop_CARRY8_SLICEM_S[0]_O[0])
                                                      0.019     1.660 r  g_int8.u_p254/u_engine/u_mul/s4_reg[7]_i_1__1/O[0]
                         net (fo=1, routed)           0.007     1.667    g_int8.u_p254/u_engine/u_mul/fold_once0_return[0]
    SLICE_X70Y105        FDRE                                         r  g_int8.u_p254/u_engine/u_mul/s4_reg[0]/D
  -------------------------------------------------------------------    -------------------

                         (clock clk rise edge)        0.000     0.000 r  
    T8                                                0.000     0.000 r  clk (IN)
                         net (fo=0)                   0.000     0.000    clk_IBUF_inst/I
    T8                   INBUF (Prop_INBUF_HPIOB_M_PAD_O)
                                                      0.342     0.342 r  clk_IBUF_inst/INBUF_INST/O
                         net (fo=1, routed)           0.000     0.342    clk_IBUF_inst/OUT
    T8                   IBUFCTRL (Prop_IBUFCTRL_HPIOB_M_I_O)
                                                      0.000     0.342 r  clk_IBUF_inst/IBUFCTRL_INST/O
                         net (fo=1, routed)           0.197     0.539    clk_IBUF
    BUFGCE_X0Y77         BUFGCE (Prop_BUFCE_BUFGCE_I_O)
                                                      0.019     0.558 r  clk_IBUF_BUFG_inst/O
    X2Y1 (CLOCK_ROOT)    net (fo=1013, routed)        1.317     1.875    g_int8.u_p254/u_engine/u_mul/clk_IBUF_BUFG
    SLICE_X70Y105        FDRE                                         r  g_int8.u_p254/u_engine/u_mul/s4_reg[0]/C
                         clock pessimism             -0.329     1.546    
    SLICE_X70Y105        FDRE (Hold_AFF_SLICEM_C_D)
                                                      0.046     1.592    g_int8.u_p254/u_engine/u_mul/s4_reg[0]
  -------------------------------------------------------------------
                         required time                         -1.592    
                         arrival time                           1.667    
  -------------------------------------------------------------------
                         slack                                  0.075    





Pulse Width Checks
--------------------------------------------------------------------------------------
Clock Name:         clk
Waveform(ns):       { 0.000 2.500 }
Period(ns):         5.000
Sources:            { clk }

Check Type        Corner  Lib Pin             Reference Pin  Required(ns)  Actual(ns)  Slack(ns)  Location        Pin
Min Period        n/a     RAMB18E2/CLKARDCLK  n/a            1.569         5.000       3.431      RAMB18_X11Y44   g_int8.u_p254/u_acc_mem/mem_reg_bram_0/CLKARDCLK
Min Period        n/a     RAMB18E2/CLKARDCLK  n/a            1.569         5.000       3.431      RAMB18_X10Y42   g_int8.u_p254/u_engine/u_ping/mem_reg_bram_0/CLKARDCLK
Min Period        n/a     RAMB18E2/CLKBWRCLK  n/a            1.569         5.000       3.431      RAMB18_X10Y42   g_int8.u_p254/u_engine/u_ping/mem_reg_bram_0/CLKBWRCLK
Min Period        n/a     RAMB18E2/CLKARDCLK  n/a            1.569         5.000       3.431      RAMB18_X10Y43   g_int8.u_p254/u_engine/u_pong/mem_reg_bram_0/CLKARDCLK
Min Period        n/a     RAMB18E2/CLKBWRCLK  n/a            1.569         5.000       3.431      RAMB18_X10Y43   g_int8.u_p254/u_engine/u_pong/mem_reg_bram_0/CLKBWRCLK
Min Period        n/a     RAMB18E2/CLKARDCLK  n/a            1.569         5.000       3.431      RAMB18_X11Y42   g_int8.u_p254/u_h_mem/mem_reg_bram_0/CLKARDCLK
Min Period        n/a     RAMB18E2/CLKARDCLK  n/a            1.569         5.000       3.431      RAMB18_X11Y43   g_int8.u_p254/u_x_mem/mem_reg_bram_0/CLKARDCLK
Min Period        n/a     RAMB18E2/CLKARDCLK  n/a            1.569         5.000       3.431      RAMB18_X11Y45   g_int8.u_p254/u_xs_mem/mem_reg_bram_0/CLKARDCLK
Min Period        n/a     RAMB18E2/CLKARDCLK  n/a            1.569         5.000       3.431      RAMB18_X10Y44   g_int8.u_p254/u_y_mem/mem_reg_bram_0/CLKARDCLK
Min Period        n/a     RAMB18E2/CLKARDCLK  n/a            1.569         5.000       3.431      RAMB18_X11Y50   g_int8.u_p520/u_acc_mem/mem_reg/CLKARDCLK
Min Period        n/a     RAMB18E2/CLKBWRCLK  n/a            1.569         5.000       3.431      RAMB18_X11Y50   g_int8.u_p520/u_acc_mem/mem_reg/CLKBWRCLK
Min Period        n/a     RAMB36E2/CLKARDCLK  n/a            1.569         5.000       3.431      RAMB36_X12Y25   g_int8.u_p520/u_engine/u_ping/mem_reg_bram_0/CLKARDCLK
Min Period        n/a     RAMB36E2/CLKBWRCLK  n/a            1.569         5.000       3.431      RAMB36_X12Y25   g_int8.u_p520/u_engine/u_ping/mem_reg_bram_0/CLKBWRCLK
Min Period        n/a     RAMB36E2/CLKARDCLK  n/a            1.569         5.000       3.431      RAMB36_X12Y26   g_int8.u_p520/u_engine/u_pong/mem_reg_bram_0/CLKARDCLK
Min Period        n/a     RAMB36E2/CLKBWRCLK  n/a            1.569         5.000       3.431      RAMB36_X12Y26   g_int8.u_p520/u_engine/u_pong/mem_reg_bram_0/CLKBWRCLK
Min Period        n/a     RAMB18E2/CLKARDCLK  n/a            1.569         5.000       3.431      RAMB18_X12Y46   g_int8.u_p520/u_h_mem/mem_reg_bram_0/CLKARDCLK
Min Period        n/a     RAMB18E2/CLKARDCLK  n/a            1.569         5.000       3.431      RAMB18_X12Y47   g_int8.u_p520/u_x_mem/mem_reg_bram_0/CLKARDCLK
Min Period        n/a     RAMB36E2/CLKARDCLK  n/a            1.569         5.000       3.431      RAMB36_X12Y24   g_int8.u_p520/u_xs_mem/mem_reg_bram_0/CLKARDCLK
Min Period        n/a     RAMB36E2/CLKARDCLK  n/a            1.569         5.000       3.431      RAMB36_X11Y23   g_int8.u_p520/u_y_mem/mem_reg_bram_0/CLKARDCLK
Min Period        n/a     BUFGCE/I            n/a            1.290         5.000       3.710      BUFGCE_X0Y77    clk_IBUF_BUFG_inst/I
Min Period        n/a     SRL16E/CLK          n/a            1.064         5.000       3.936      SLICE_X87Y107   g_int8.u_p254/u_engine/u_mul/v3_reg_srl3___g_int8.u_p520_u_engine_u_mul_v3_reg_r/CLK
Min Period        n/a     SRL16E/CLK          n/a            1.064         5.000       3.936      SLICE_X87Y108   g_int8.u_p254/u_mac_mul/v3_reg_srl3___g_int8.u_p520_u_engine_u_mul_v3_reg_r/CLK
Min Period        n/a     SRL16E/CLK          n/a            1.064         5.000       3.936      SLICE_X93Y115   g_int8.u_p520/u_engine/u_mul/v3_reg_srl3___g_int8.u_p520_u_engine_u_mul_v3_reg_r/CLK
Min Period        n/a     SRL16E/CLK          n/a            1.064         5.000       3.936      SLICE_X91Y116   g_int8.u_p520/u_mac_mul/v3_reg_srl3___g_int8.u_p520_u_engine_u_mul_v3_reg_r/CLK
Min Period        n/a     DSP_OUTPUT/CLK      n/a            0.650         5.000       4.350      DSP48E2_X15Y43  g_int8.u_p254/u_engine/u_mul/s1_reg/DSP_OUTPUT_INST/CLK
Min Period        n/a     DSP_OUTPUT/CLK      n/a            0.650         5.000       4.350      DSP48E2_X15Y42  g_int8.u_p254/u_engine/u_mul/s2_reg/DSP_OUTPUT_INST/CLK
Min Period        n/a     DSP_OUTPUT/CLK      n/a            0.650         5.000       4.350      DSP48E2_X16Y45  g_int8.u_p254/u_mac_mul/s1_reg/DSP_OUTPUT_INST/CLK
Min Period        n/a     DSP_OUTPUT/CLK      n/a            0.650         5.000       4.350      DSP48E2_X16Y44  g_int8.u_p254/u_mac_mul/s2_reg/DSP_OUTPUT_INST/CLK
Min Period        n/a     DSP_OUTPUT/CLK      n/a            0.650         5.000       4.350      DSP48E2_X17Y54  g_int8.u_p520/u_engine/u_mul/s2_reg/DSP_OUTPUT_INST/CLK
Min Period        n/a     DSP_OUTPUT/CLK      n/a            0.650         5.000       4.350      DSP48E2_X16Y52  g_int8.u_p520/u_mac_mul/s2_reg/DSP_OUTPUT_INST/CLK
Min Period        n/a     FDRE/C              n/a            0.550         5.000       4.450      SLICE_X87Y111   g_int8.u_p254/FSM_sequential_state_q_reg[0]/C
Min Period        n/a     FDRE/C              n/a            0.550         5.000       4.450      SLICE_X86Y111   g_int8.u_p254/FSM_sequential_state_q_reg[1]/C
Min Period        n/a     FDRE/C              n/a            0.550         5.000       4.450      SLICE_X86Y111   g_int8.u_p254/FSM_sequential_state_q_reg[2]/C
Min Period        n/a     FDRE/C              n/a            0.550         5.000       4.450      SLICE_X87Y110   g_int8.u_p254/FSM_sequential_state_q_reg[3]/C
Min Period        n/a     FDRE/C              n/a            0.550         5.000       4.450      SLICE_X87Y110   g_int8.u_p254/FSM_sequential_state_q_reg[4]/C
Min Period        n/a     FDRE/C              n/a            0.550         5.000       4.450      SLICE_X85Y113   g_int8.u_p254/active_cin_q_reg[0]/C
Min Period        n/a     FDRE/C              n/a            0.550         5.000       4.450      SLICE_X85Y113   g_int8.u_p254/active_cin_q_reg[1]/C
Min Period        n/a     FDRE/C              n/a            0.550         5.000       4.450      SLICE_X87Y111   g_int8.u_p254/active_cout_q_reg[0]/C
Min Period        n/a     FDRE/C              n/a            0.550         5.000       4.450      SLICE_X87Y111   g_int8.u_p254/active_cout_q_reg[1]/C
Min Period        n/a     FDRE/C              n/a            0.550         5.000       4.450      SLICE_X89Y111   g_int8.u_p254/cfg_error_reg/C
Min Period        n/a     FDSE/C              n/a            0.550         5.000       4.450      SLICE_X88Y114   g_int8.u_p254/cin_q_reg[0]/C
Min Period        n/a     FDRE/C              n/a            0.550         5.000       4.450      SLICE_X88Y114   g_int8.u_p254/cin_q_reg[1]/C
Min Period        n/a     FDRE/C              n/a            0.550         5.000       4.450      SLICE_X88Y114   g_int8.u_p254/cin_q_reg[2]/C
Min Period        n/a     FDRE/C              n/a            0.550         5.000       4.450      SLICE_X88Y106   g_int8.u_p254/compute_cycles_reg[0]/C
Min Period        n/a     FDRE/C              n/a            0.550         5.000       4.450      SLICE_X89Y105   g_int8.u_p254/compute_cycles_reg[10]/C
Min Period        n/a     FDRE/C              n/a            0.550         5.000       4.450      SLICE_X89Y105   g_int8.u_p254/compute_cycles_reg[11]/C
Min Period        n/a     FDRE/C              n/a            0.550         5.000       4.450      SLICE_X89Y105   g_int8.u_p254/compute_cycles_reg[12]/C
Min Period        n/a     FDRE/C              n/a            0.550         5.000       4.450      SLICE_X88Y107   g_int8.u_p254/compute_cycles_reg[13]/C
Min Period        n/a     FDRE/C              n/a            0.550         5.000       4.450      SLICE_X88Y107   g_int8.u_p254/compute_cycles_reg[14]/C
Min Period        n/a     FDRE/C              n/a            0.550         5.000       4.450      SLICE_X88Y107   g_int8.u_p254/compute_cycles_reg[15]/C
Low Pulse Width   Slow    RAMB18E2/CLKARDCLK  n/a            0.542         2.500       1.958      RAMB18_X11Y44   g_int8.u_p254/u_acc_mem/mem_reg_bram_0/CLKARDCLK
Low Pulse Width   Fast    RAMB18E2/CLKARDCLK  n/a            0.542         2.500       1.958      RAMB18_X11Y44   g_int8.u_p254/u_acc_mem/mem_reg_bram_0/CLKARDCLK
Low Pulse Width   Slow    RAMB18E2/CLKARDCLK  n/a            0.542         2.500       1.958      RAMB18_X10Y42   g_int8.u_p254/u_engine/u_ping/mem_reg_bram_0/CLKARDCLK
Low Pulse Width   Fast    RAMB18E2/CLKARDCLK  n/a            0.542         2.500       1.958      RAMB18_X10Y42   g_int8.u_p254/u_engine/u_ping/mem_reg_bram_0/CLKARDCLK
Low Pulse Width   Slow    RAMB18E2/CLKBWRCLK  n/a            0.542         2.500       1.958      RAMB18_X10Y42   g_int8.u_p254/u_engine/u_ping/mem_reg_bram_0/CLKBWRCLK
Low Pulse Width   Fast    RAMB18E2/CLKBWRCLK  n/a            0.542         2.500       1.958      RAMB18_X10Y42   g_int8.u_p254/u_engine/u_ping/mem_reg_bram_0/CLKBWRCLK
Low Pulse Width   Slow    RAMB18E2/CLKARDCLK  n/a            0.542         2.500       1.958      RAMB18_X10Y43   g_int8.u_p254/u_engine/u_pong/mem_reg_bram_0/CLKARDCLK
Low Pulse Width   Fast    RAMB18E2/CLKARDCLK  n/a            0.542         2.500       1.958      RAMB18_X10Y43   g_int8.u_p254/u_engine/u_pong/mem_reg_bram_0/CLKARDCLK
Low Pulse Width   Slow    RAMB18E2/CLKBWRCLK  n/a            0.542         2.500       1.958      RAMB18_X10Y43   g_int8.u_p254/u_engine/u_pong/mem_reg_bram_0/CLKBWRCLK
Low Pulse Width   Fast    RAMB18E2/CLKBWRCLK  n/a            0.542         2.500       1.958      RAMB18_X10Y43   g_int8.u_p254/u_engine/u_pong/mem_reg_bram_0/CLKBWRCLK
Low Pulse Width   Slow    RAMB18E2/CLKARDCLK  n/a            0.542         2.500       1.958      RAMB18_X11Y42   g_int8.u_p254/u_h_mem/mem_reg_bram_0/CLKARDCLK
Low Pulse Width   Fast    RAMB18E2/CLKARDCLK  n/a            0.542         2.500       1.958      RAMB18_X11Y42   g_int8.u_p254/u_h_mem/mem_reg_bram_0/CLKARDCLK
Low Pulse Width   Slow    RAMB18E2/CLKARDCLK  n/a            0.542         2.500       1.958      RAMB18_X11Y43   g_int8.u_p254/u_x_mem/mem_reg_bram_0/CLKARDCLK
Low Pulse Width   Fast    RAMB18E2/CLKARDCLK  n/a            0.542         2.500       1.958      RAMB18_X11Y43   g_int8.u_p254/u_x_mem/mem_reg_bram_0/CLKARDCLK
Low Pulse Width   Slow    RAMB18E2/CLKARDCLK  n/a            0.542         2.500       1.958      RAMB18_X11Y45   g_int8.u_p254/u_xs_mem/mem_reg_bram_0/CLKARDCLK
Low Pulse Width   Fast    RAMB18E2/CLKARDCLK  n/a            0.542         2.500       1.958      RAMB18_X11Y45   g_int8.u_p254/u_xs_mem/mem_reg_bram_0/CLKARDCLK
Low Pulse Width   Slow    RAMB18E2/CLKARDCLK  n/a            0.542         2.500       1.958      RAMB18_X10Y44   g_int8.u_p254/u_y_mem/mem_reg_bram_0/CLKARDCLK
Low Pulse Width   Fast    RAMB18E2/CLKARDCLK  n/a            0.542         2.500       1.958      RAMB18_X10Y44   g_int8.u_p254/u_y_mem/mem_reg_bram_0/CLKARDCLK
Low Pulse Width   Slow    RAMB18E2/CLKARDCLK  n/a            0.542         2.500       1.958      RAMB18_X11Y50   g_int8.u_p520/u_acc_mem/mem_reg/CLKARDCLK
Low Pulse Width   Fast    RAMB18E2/CLKARDCLK  n/a            0.542         2.500       1.958      RAMB18_X11Y50   g_int8.u_p520/u_acc_mem/mem_reg/CLKARDCLK
Low Pulse Width   Slow    RAMB18E2/CLKBWRCLK  n/a            0.542         2.500       1.958      RAMB18_X11Y50   g_int8.u_p520/u_acc_mem/mem_reg/CLKBWRCLK
Low Pulse Width   Fast    RAMB18E2/CLKBWRCLK  n/a            0.542         2.500       1.958      RAMB18_X11Y50   g_int8.u_p520/u_acc_mem/mem_reg/CLKBWRCLK
Low Pulse Width   Slow    RAMB36E2/CLKARDCLK  n/a            0.542         2.500       1.958      RAMB36_X12Y25   g_int8.u_p520/u_engine/u_ping/mem_reg_bram_0/CLKARDCLK
Low Pulse Width   Fast    RAMB36E2/CLKARDCLK  n/a            0.542         2.500       1.958      RAMB36_X12Y25   g_int8.u_p520/u_engine/u_ping/mem_reg_bram_0/CLKARDCLK
Low Pulse Width   Slow    RAMB36E2/CLKBWRCLK  n/a            0.542         2.500       1.958      RAMB36_X12Y25   g_int8.u_p520/u_engine/u_ping/mem_reg_bram_0/CLKBWRCLK
Low Pulse Width   Fast    RAMB36E2/CLKBWRCLK  n/a            0.542         2.500       1.958      RAMB36_X12Y25   g_int8.u_p520/u_engine/u_ping/mem_reg_bram_0/CLKBWRCLK
Low Pulse Width   Slow    RAMB36E2/CLKARDCLK  n/a            0.542         2.500       1.958      RAMB36_X12Y26   g_int8.u_p520/u_engine/u_pong/mem_reg_bram_0/CLKARDCLK
Low Pulse Width   Fast    RAMB36E2/CLKARDCLK  n/a            0.542         2.500       1.958      RAMB36_X12Y26   g_int8.u_p520/u_engine/u_pong/mem_reg_bram_0/CLKARDCLK
Low Pulse Width   Slow    RAMB36E2/CLKBWRCLK  n/a            0.542         2.500       1.958      RAMB36_X12Y26   g_int8.u_p520/u_engine/u_pong/mem_reg_bram_0/CLKBWRCLK
Low Pulse Width   Fast    RAMB36E2/CLKBWRCLK  n/a            0.542         2.500       1.958      RAMB36_X12Y26   g_int8.u_p520/u_engine/u_pong/mem_reg_bram_0/CLKBWRCLK
Low Pulse Width   Slow    RAMB18E2/CLKARDCLK  n/a            0.542         2.500       1.958      RAMB18_X12Y46   g_int8.u_p520/u_h_mem/mem_reg_bram_0/CLKARDCLK
Low Pulse Width   Fast    RAMB18E2/CLKARDCLK  n/a            0.542         2.500       1.958      RAMB18_X12Y46   g_int8.u_p520/u_h_mem/mem_reg_bram_0/CLKARDCLK
Low Pulse Width   Slow    RAMB18E2/CLKARDCLK  n/a            0.542         2.500       1.958      RAMB18_X12Y47   g_int8.u_p520/u_x_mem/mem_reg_bram_0/CLKARDCLK
Low Pulse Width   Fast    RAMB18E2/CLKARDCLK  n/a            0.542         2.500       1.958      RAMB18_X12Y47   g_int8.u_p520/u_x_mem/mem_reg_bram_0/CLKARDCLK
Low Pulse Width   Slow    RAMB36E2/CLKARDCLK  n/a            0.542         2.500       1.958      RAMB36_X12Y24   g_int8.u_p520/u_xs_mem/mem_reg_bram_0/CLKARDCLK
Low Pulse Width   Fast    RAMB36E2/CLKARDCLK  n/a            0.542         2.500       1.958      RAMB36_X12Y24   g_int8.u_p520/u_xs_mem/mem_reg_bram_0/CLKARDCLK
Low Pulse Width   Slow    RAMB36E2/CLKARDCLK  n/a            0.542         2.500       1.958      RAMB36_X11Y23   g_int8.u_p520/u_y_mem/mem_reg_bram_0/CLKARDCLK
Low Pulse Width   Fast    RAMB36E2/CLKARDCLK  n/a            0.542         2.500       1.958      RAMB36_X11Y23   g_int8.u_p520/u_y_mem/mem_reg_bram_0/CLKARDCLK
Low Pulse Width   Slow    SRL16E/CLK          n/a            0.532         2.500       1.968      SLICE_X87Y107   g_int8.u_p254/u_engine/u_mul/v3_reg_srl3___g_int8.u_p520_u_engine_u_mul_v3_reg_r/CLK
Low Pulse Width   Fast    SRL16E/CLK          n/a            0.532         2.500       1.968      SLICE_X87Y107   g_int8.u_p254/u_engine/u_mul/v3_reg_srl3___g_int8.u_p520_u_engine_u_mul_v3_reg_r/CLK
Low Pulse Width   Slow    SRL16E/CLK          n/a            0.532         2.500       1.968      SLICE_X87Y108   g_int8.u_p254/u_mac_mul/v3_reg_srl3___g_int8.u_p520_u_engine_u_mul_v3_reg_r/CLK
Low Pulse Width   Fast    SRL16E/CLK          n/a            0.532         2.500       1.968      SLICE_X87Y108   g_int8.u_p254/u_mac_mul/v3_reg_srl3___g_int8.u_p520_u_engine_u_mul_v3_reg_r/CLK
Low Pulse Width   Slow    SRL16E/CLK          n/a            0.532         2.500       1.968      SLICE_X93Y115   g_int8.u_p520/u_engine/u_mul/v3_reg_srl3___g_int8.u_p520_u_engine_u_mul_v3_reg_r/CLK
Low Pulse Width   Fast    SRL16E/CLK          n/a            0.532         2.500       1.968      SLICE_X93Y115   g_int8.u_p520/u_engine/u_mul/v3_reg_srl3___g_int8.u_p520_u_engine_u_mul_v3_reg_r/CLK
Low Pulse Width   Slow    SRL16E/CLK          n/a            0.532         2.500       1.968      SLICE_X91Y116   g_int8.u_p520/u_mac_mul/v3_reg_srl3___g_int8.u_p520_u_engine_u_mul_v3_reg_r/CLK
Low Pulse Width   Fast    SRL16E/CLK          n/a            0.532         2.500       1.968      SLICE_X91Y116   g_int8.u_p520/u_mac_mul/v3_reg_srl3___g_int8.u_p520_u_engine_u_mul_v3_reg_r/CLK
Low Pulse Width   Slow    FDRE/C              n/a            0.275         2.500       2.225      SLICE_X87Y111   g_int8.u_p254/FSM_sequential_state_q_reg[0]/C
Low Pulse Width   Fast    FDRE/C              n/a            0.275         2.500       2.225      SLICE_X87Y111   g_int8.u_p254/FSM_sequential_state_q_reg[0]/C
Low Pulse Width   Slow    FDRE/C              n/a            0.275         2.500       2.225      SLICE_X86Y111   g_int8.u_p254/FSM_sequential_state_q_reg[1]/C
Low Pulse Width   Fast    FDRE/C              n/a            0.275         2.500       2.225      SLICE_X86Y111   g_int8.u_p254/FSM_sequential_state_q_reg[1]/C
High Pulse Width  Slow    RAMB18E2/CLKARDCLK  n/a            0.542         2.500       1.958      RAMB18_X11Y44   g_int8.u_p254/u_acc_mem/mem_reg_bram_0/CLKARDCLK
High Pulse Width  Fast    RAMB18E2/CLKARDCLK  n/a            0.542         2.500       1.958      RAMB18_X11Y44   g_int8.u_p254/u_acc_mem/mem_reg_bram_0/CLKARDCLK
High Pulse Width  Slow    RAMB18E2/CLKARDCLK  n/a            0.542         2.500       1.958      RAMB18_X10Y42   g_int8.u_p254/u_engine/u_ping/mem_reg_bram_0/CLKARDCLK
High Pulse Width  Fast    RAMB18E2/CLKARDCLK  n/a            0.542         2.500       1.958      RAMB18_X10Y42   g_int8.u_p254/u_engine/u_ping/mem_reg_bram_0/CLKARDCLK
High Pulse Width  Slow    RAMB18E2/CLKBWRCLK  n/a            0.542         2.500       1.958      RAMB18_X10Y42   g_int8.u_p254/u_engine/u_ping/mem_reg_bram_0/CLKBWRCLK
High Pulse Width  Fast    RAMB18E2/CLKBWRCLK  n/a            0.542         2.500       1.958      RAMB18_X10Y42   g_int8.u_p254/u_engine/u_ping/mem_reg_bram_0/CLKBWRCLK
High Pulse Width  Slow    RAMB18E2/CLKARDCLK  n/a            0.542         2.500       1.958      RAMB18_X10Y43   g_int8.u_p254/u_engine/u_pong/mem_reg_bram_0/CLKARDCLK
High Pulse Width  Fast    RAMB18E2/CLKARDCLK  n/a            0.542         2.500       1.958      RAMB18_X10Y43   g_int8.u_p254/u_engine/u_pong/mem_reg_bram_0/CLKARDCLK
High Pulse Width  Slow    RAMB18E2/CLKBWRCLK  n/a            0.542         2.500       1.958      RAMB18_X10Y43   g_int8.u_p254/u_engine/u_pong/mem_reg_bram_0/CLKBWRCLK
High Pulse Width  Fast    RAMB18E2/CLKBWRCLK  n/a            0.542         2.500       1.958      RAMB18_X10Y43   g_int8.u_p254/u_engine/u_pong/mem_reg_bram_0/CLKBWRCLK
High Pulse Width  Slow    RAMB18E2/CLKARDCLK  n/a            0.542         2.500       1.958      RAMB18_X11Y42   g_int8.u_p254/u_h_mem/mem_reg_bram_0/CLKARDCLK
High Pulse Width  Fast    RAMB18E2/CLKARDCLK  n/a            0.542         2.500       1.958      RAMB18_X11Y42   g_int8.u_p254/u_h_mem/mem_reg_bram_0/CLKARDCLK
High Pulse Width  Slow    RAMB18E2/CLKARDCLK  n/a            0.542         2.500       1.958      RAMB18_X11Y43   g_int8.u_p254/u_x_mem/mem_reg_bram_0/CLKARDCLK
High Pulse Width  Fast    RAMB18E2/CLKARDCLK  n/a            0.542         2.500       1.958      RAMB18_X11Y43   g_int8.u_p254/u_x_mem/mem_reg_bram_0/CLKARDCLK
High Pulse Width  Slow    RAMB18E2/CLKARDCLK  n/a            0.542         2.500       1.958      RAMB18_X11Y45   g_int8.u_p254/u_xs_mem/mem_reg_bram_0/CLKARDCLK
High Pulse Width  Fast    RAMB18E2/CLKARDCLK  n/a            0.542         2.500       1.958      RAMB18_X11Y45   g_int8.u_p254/u_xs_mem/mem_reg_bram_0/CLKARDCLK
High Pulse Width  Slow    RAMB18E2/CLKARDCLK  n/a            0.542         2.500       1.958      RAMB18_X10Y44   g_int8.u_p254/u_y_mem/mem_reg_bram_0/CLKARDCLK
High Pulse Width  Fast    RAMB18E2/CLKARDCLK  n/a            0.542         2.500       1.958      RAMB18_X10Y44   g_int8.u_p254/u_y_mem/mem_reg_bram_0/CLKARDCLK
High Pulse Width  Slow    RAMB18E2/CLKARDCLK  n/a            0.542         2.500       1.958      RAMB18_X11Y50   g_int8.u_p520/u_acc_mem/mem_reg/CLKARDCLK
High Pulse Width  Fast    RAMB18E2/CLKARDCLK  n/a            0.542         2.500       1.958      RAMB18_X11Y50   g_int8.u_p520/u_acc_mem/mem_reg/CLKARDCLK
High Pulse Width  Slow    RAMB18E2/CLKBWRCLK  n/a            0.542         2.500       1.958      RAMB18_X11Y50   g_int8.u_p520/u_acc_mem/mem_reg/CLKBWRCLK
High Pulse Width  Fast    RAMB18E2/CLKBWRCLK  n/a            0.542         2.500       1.958      RAMB18_X11Y50   g_int8.u_p520/u_acc_mem/mem_reg/CLKBWRCLK
High Pulse Width  Slow    RAMB36E2/CLKARDCLK  n/a            0.542         2.500       1.958      RAMB36_X12Y25   g_int8.u_p520/u_engine/u_ping/mem_reg_bram_0/CLKARDCLK
High Pulse Width  Fast    RAMB36E2/CLKARDCLK  n/a            0.542         2.500       1.958      RAMB36_X12Y25   g_int8.u_p520/u_engine/u_ping/mem_reg_bram_0/CLKARDCLK
High Pulse Width  Slow    RAMB36E2/CLKBWRCLK  n/a            0.542         2.500       1.958      RAMB36_X12Y25   g_int8.u_p520/u_engine/u_ping/mem_reg_bram_0/CLKBWRCLK
High Pulse Width  Fast    RAMB36E2/CLKBWRCLK  n/a            0.542         2.500       1.958      RAMB36_X12Y25   g_int8.u_p520/u_engine/u_ping/mem_reg_bram_0/CLKBWRCLK
High Pulse Width  Slow    RAMB36E2/CLKARDCLK  n/a            0.542         2.500       1.958      RAMB36_X12Y26   g_int8.u_p520/u_engine/u_pong/mem_reg_bram_0/CLKARDCLK
High Pulse Width  Fast    RAMB36E2/CLKARDCLK  n/a            0.542         2.500       1.958      RAMB36_X12Y26   g_int8.u_p520/u_engine/u_pong/mem_reg_bram_0/CLKARDCLK
High Pulse Width  Slow    RAMB36E2/CLKBWRCLK  n/a            0.542         2.500       1.958      RAMB36_X12Y26   g_int8.u_p520/u_engine/u_pong/mem_reg_bram_0/CLKBWRCLK
High Pulse Width  Fast    RAMB36E2/CLKBWRCLK  n/a            0.542         2.500       1.958      RAMB36_X12Y26   g_int8.u_p520/u_engine/u_pong/mem_reg_bram_0/CLKBWRCLK
High Pulse Width  Slow    RAMB18E2/CLKARDCLK  n/a            0.542         2.500       1.958      RAMB18_X12Y46   g_int8.u_p520/u_h_mem/mem_reg_bram_0/CLKARDCLK
High Pulse Width  Fast    RAMB18E2/CLKARDCLK  n/a            0.542         2.500       1.958      RAMB18_X12Y46   g_int8.u_p520/u_h_mem/mem_reg_bram_0/CLKARDCLK
High Pulse Width  Slow    RAMB18E2/CLKARDCLK  n/a            0.542         2.500       1.958      RAMB18_X12Y47   g_int8.u_p520/u_x_mem/mem_reg_bram_0/CLKARDCLK
High Pulse Width  Fast    RAMB18E2/CLKARDCLK  n/a            0.542         2.500       1.958      RAMB18_X12Y47   g_int8.u_p520/u_x_mem/mem_reg_bram_0/CLKARDCLK
High Pulse Width  Slow    RAMB36E2/CLKARDCLK  n/a            0.542         2.500       1.958      RAMB36_X12Y24   g_int8.u_p520/u_xs_mem/mem_reg_bram_0/CLKARDCLK
High Pulse Width  Fast    RAMB36E2/CLKARDCLK  n/a            0.542         2.500       1.958      RAMB36_X12Y24   g_int8.u_p520/u_xs_mem/mem_reg_bram_0/CLKARDCLK
High Pulse Width  Slow    RAMB36E2/CLKARDCLK  n/a            0.542         2.500       1.958      RAMB36_X11Y23   g_int8.u_p520/u_y_mem/mem_reg_bram_0/CLKARDCLK
High Pulse Width  Fast    RAMB36E2/CLKARDCLK  n/a            0.542         2.500       1.958      RAMB36_X11Y23   g_int8.u_p520/u_y_mem/mem_reg_bram_0/CLKARDCLK
High Pulse Width  Slow    SRL16E/CLK          n/a            0.532         2.500       1.968      SLICE_X87Y107   g_int8.u_p254/u_engine/u_mul/v3_reg_srl3___g_int8.u_p520_u_engine_u_mul_v3_reg_r/CLK
High Pulse Width  Fast    SRL16E/CLK          n/a            0.532         2.500       1.968      SLICE_X87Y107   g_int8.u_p254/u_engine/u_mul/v3_reg_srl3___g_int8.u_p520_u_engine_u_mul_v3_reg_r/CLK
High Pulse Width  Slow    SRL16E/CLK          n/a            0.532         2.500       1.968      SLICE_X87Y108   g_int8.u_p254/u_mac_mul/v3_reg_srl3___g_int8.u_p520_u_engine_u_mul_v3_reg_r/CLK
High Pulse Width  Fast    SRL16E/CLK          n/a            0.532         2.500       1.968      SLICE_X87Y108   g_int8.u_p254/u_mac_mul/v3_reg_srl3___g_int8.u_p520_u_engine_u_mul_v3_reg_r/CLK
High Pulse Width  Slow    SRL16E/CLK          n/a            0.532         2.500       1.968      SLICE_X93Y115   g_int8.u_p520/u_engine/u_mul/v3_reg_srl3___g_int8.u_p520_u_engine_u_mul_v3_reg_r/CLK
High Pulse Width  Fast    SRL16E/CLK          n/a            0.532         2.500       1.968      SLICE_X93Y115   g_int8.u_p520/u_engine/u_mul/v3_reg_srl3___g_int8.u_p520_u_engine_u_mul_v3_reg_r/CLK
High Pulse Width  Slow    SRL16E/CLK          n/a            0.532         2.500       1.968      SLICE_X91Y116   g_int8.u_p520/u_mac_mul/v3_reg_srl3___g_int8.u_p520_u_engine_u_mul_v3_reg_r/CLK
High Pulse Width  Fast    SRL16E/CLK          n/a            0.532         2.500       1.968      SLICE_X91Y116   g_int8.u_p520/u_mac_mul/v3_reg_srl3___g_int8.u_p520_u_engine_u_mul_v3_reg_r/CLK
High Pulse Width  Slow    FDRE/C              n/a            0.275         2.500       2.225      SLICE_X87Y111   g_int8.u_p254/FSM_sequential_state_q_reg[0]/C
High Pulse Width  Fast    FDRE/C              n/a            0.275         2.500       2.225      SLICE_X87Y111   g_int8.u_p254/FSM_sequential_state_q_reg[0]/C
High Pulse Width  Slow    FDRE/C              n/a            0.275         2.500       2.225      SLICE_X86Y111   g_int8.u_p254/FSM_sequential_state_q_reg[1]/C
High Pulse Width  Fast    FDRE/C              n/a            0.275         2.500       2.225      SLICE_X86Y111   g_int8.u_p254/FSM_sequential_state_q_reg[1]/C



