kind,cout,cin,index,value
x,0,0,0,-125
x,0,0,1,-112
x,0,0,2,-99
x,0,0,3,-86
x,0,0,4,-73
x,0,0,5,-60
x,0,0,6,-47
x,0,0,7,-34
x,0,0,8,-21
x,0,0,9,-8
x,0,0,10,5
x,0,0,11,18
x,0,0,12,31
x,0,0,13,44
x,0,0,14,57
x,0,0,15,70
x,0,0,16,83
x,0,0,17,96
x,0,0,18,109
x,0,0,19,122
x,0,0,20,-121
x,0,0,21,-108
x,0,0,22,-95
x,0,0,23,-82
x,0,0,24,-69
x,0,0,25,-56
x,0,0,26,-43
x,0,0,27,-30
x,0,0,28,-17
x,0,0,29,-4
x,0,0,30,9
x,0,0,31,22
x,0,0,32,35
x,0,0,33,48
x,0,0,34,61
x,0,0,35,74
x,0,0,36,87
x,0,0,37,100
x,0,0,38,113
x,0,0,39,126
x,0,0,40,-117
x,0,0,41,-104
x,0,0,42,-91
x,0,0,43,-78
x,0,0,44,-65
x,0,0,45,-52
x,0,0,46,-39
x,0,0,47,-26
x,0,0,48,-13
x,0,0,49,0
x,0,0,50,13
x,0,0,51,26
x,0,0,52,39
x,0,0,53,52
x,0,0,54,65
x,0,0,55,78
x,0,0,56,91
x,0,0,57,104
x,0,0,58,117
x,0,0,59,-126
x,0,0,60,-113
x,0,0,61,-100
x,0,0,62,-87
x,0,0,63,-74
x,0,0,64,-61
x,0,0,65,-48
x,0,0,66,-35
x,0,0,67,-22
x,0,0,68,-9
x,0,0,69,4
x,0,0,70,17
x,0,0,71,30
x,0,0,72,43
x,0,0,73,56
x,0,0,74,69
x,0,0,75,82
x,0,0,76,95
x,0,0,77,108
x,0,0,78,121
x,0,0,79,-122
x,0,0,80,-109
x,0,0,81,-96
x,0,0,82,-83
x,0,0,83,-70
x,0,0,84,-57
x,0,0,85,-44
x,0,0,86,-31
x,0,0,87,-18
x,0,0,88,-5
x,0,0,89,8
x,0,0,90,21
x,0,0,91,34
x,0,0,92,47
x,0,0,93,60
x,0,0,94,73
x,0,0,95,86
x,0,0,96,99
x,0,0,97,112
x,0,0,98,125
x,0,0,99,-118
x,0,0,100,-105
x,0,0,101,-92
x,0,0,102,-79
x,0,0,103,-66
x,0,0,104,-53
x,0,0,105,-40
x,0,0,106,-27
x,0,0,107,-14
x,0,0,108,-1
x,0,0,109,12
x,0,0,110,25
x,0,0,111,38
x,0,0,112,51
x,0,0,113,64
x,0,0,114,77
x,0,0,115,90
x,0,0,116,103
x,0,0,117,116
x,0,0,118,-127
x,0,0,119,-114
x,0,0,120,-101
x,0,0,121,-88
x,0,0,122,-75
x,0,0,123,-62
x,0,0,124,-49
x,0,0,125,-36
x,0,0,126,-23
x,0,0,127,-10
x,0,0,128,3
x,0,0,129,16
x,0,0,130,29
x,0,0,131,42
x,0,0,132,55
x,0,0,133,68
x,0,0,134,81
x,0,0,135,94
x,0,0,136,107
x,0,0,137,120
x,0,0,138,-123
x,0,0,139,-110
x,0,0,140,-97
x,0,0,141,-84
x,0,0,142,-71
x,0,0,143,-58
x,0,0,144,-45
x,0,0,145,-32
x,0,0,146,-19
x,0,0,147,-6
x,0,0,148,7
x,0,0,149,20
x,0,0,150,33
x,0,0,151,46
x,0,0,152,59
x,0,0,153,72
x,0,0,154,85
x,0,0,155,98
x,0,0,156,111
x,0,0,157,124
x,0,0,158,-119
x,0,0,159,-106
x,0,0,160,-93
x,0,0,161,-80
x,0,0,162,-67
x,0,0,163,-54
x,0,0,164,-41
x,0,0,165,-28
x,0,0,166,-15
x,0,0,167,-2
x,0,0,168,11
x,0,0,169,24
x,0,0,170,37
x,0,0,171,50
x,0,0,172,63
x,0,0,173,76
x,0,0,174,89
x,0,0,175,102
x,0,0,176,115
x,0,0,177,-128
x,0,0,178,-115
x,0,0,179,-102
x,0,0,180,-89
x,0,0,181,-76
x,0,0,182,-63
x,0,0,183,-50
x,0,0,184,-37
x,0,0,185,-24
x,0,0,186,-11
x,0,0,187,2
x,0,0,188,15
x,0,0,189,28
x,0,0,190,41
x,0,0,191,54
x,0,0,192,67
x,0,0,193,80
x,0,0,194,93
x,0,0,195,106
x,0,0,196,119
x,0,0,197,-124
x,0,0,198,-111
x,0,0,199,-98
x,0,0,200,-85
x,0,0,201,-72
x,0,0,202,-59
x,0,0,203,-46
x,0,0,204,-33
x,0,0,205,-20
x,0,0,206,-7
x,0,0,207,6
x,0,0,208,19
x,0,0,209,32
x,0,0,210,45
x,0,0,211,58
x,0,0,212,71
x,0,0,213,84
x,0,0,214,97
x,0,0,215,110
x,0,0,216,123
x,0,0,217,-120
x,0,0,218,-107
x,0,0,219,-94
x,0,0,220,-81
x,0,0,221,-68
x,0,0,222,-55
x,0,0,223,-42
x,0,0,224,-29
x,0,0,225,-16
x,0,0,226,-3
x,0,0,227,10
x,0,0,228,23
x,0,0,229,36
x,0,0,230,49
x,0,0,231,62
x,0,0,232,75
x,0,0,233,88
x,0,0,234,101
x,0,0,235,114
x,0,0,236,127
x,0,0,237,-116
x,0,0,238,-103
x,0,0,239,-90
x,0,0,240,-77
x,0,0,241,-64
x,0,0,242,-51
x,0,0,243,-38
x,0,0,244,-25
x,0,0,245,-12
x,0,0,246,1
x,0,0,247,14
x,0,0,248,27
x,0,0,249,40
x,0,0,250,53
x,0,0,251,66
x,0,0,252,79
x,0,0,253,92
x,0,0,254,105
x,0,0,255,118
x,0,0,256,-125
x,0,0,257,-112
x,0,0,258,-99
x,0,0,259,-86
x,0,0,260,-73
x,0,0,261,-60
x,0,0,262,-47
x,0,0,263,-34
x,0,0,264,-21
x,0,0,265,-8
x,0,0,266,5
x,0,0,267,18
x,0,0,268,31
x,0,0,269,44
x,0,0,270,57
x,0,0,271,70
x,0,0,272,83
x,0,0,273,96
x,0,0,274,109
x,0,0,275,122
x,0,0,276,-121
x,0,0,277,-108
x,0,0,278,-95
x,0,0,279,-82
x,0,0,280,-69
x,0,0,281,-56
x,0,0,282,-43
x,0,0,283,-30
x,0,0,284,-17
x,0,0,285,-4
x,0,0,286,9
x,0,0,287,22
x,0,0,288,35
x,0,0,289,48
x,0,0,290,61
x,0,0,291,74
x,0,0,292,87
x,0,0,293,100
x,0,0,294,113
x,0,0,295,126
x,0,0,296,-117
x,0,0,297,-104
x,0,0,298,-91
x,0,0,299,-78
x,0,0,300,-65
x,0,0,301,-52
x,0,0,302,-39
x,0,0,303,-26
x,0,0,304,-13
x,0,0,305,0
x,0,0,306,13
x,0,0,307,26
x,0,0,308,39
x,0,0,309,52
x,0,0,310,65
x,0,0,311,78
x,0,0,312,91
x,0,0,313,104
x,0,0,314,117
x,0,0,315,-126
x,0,0,316,-113
x,0,0,317,-100
x,0,0,318,-87
x,0,0,319,-74
x,0,0,320,-61
x,0,0,321,-48
x,0,0,322,-35
x,0,0,323,-22
x,0,0,324,-9
x,0,0,325,4
x,0,0,326,17
x,0,0,327,30
x,0,0,328,43
x,0,0,329,56
x,0,0,330,69
x,0,0,331,82
x,0,0,332,95
x,0,0,333,108
x,0,0,334,121
x,0,0,335,-122
x,0,0,336,-109
x,0,0,337,-96
x,0,0,338,-83
x,0,0,339,-70
x,0,0,340,-57
x,0,0,341,-44
x,0,0,342,-31
x,0,0,343,-18
x,0,0,344,-5
x,0,0,345,8
x,0,0,346,21
x,0,0,347,34
x,0,0,348,47
x,0,0,349,60
x,0,0,350,73
x,0,0,351,86
x,0,0,352,99
x,0,0,353,112
x,0,0,354,125
x,0,0,355,-118
x,0,0,356,-105
x,0,0,357,-92
x,0,0,358,-79
x,0,0,359,-66
x,0,0,360,-53
x,0,0,361,-40
x,0,0,362,-27
x,0,0,363,-14
x,0,0,364,-1
x,0,0,365,12
x,0,0,366,25
x,0,0,367,38
x,0,0,368,51
x,0,0,369,64
x,0,0,370,77
x,0,0,371,90
x,0,0,372,103
x,0,0,373,116
x,0,0,374,-127
x,0,0,375,-114
x,0,0,376,-101
x,0,0,377,-88
x,0,0,378,-75
x,0,0,379,-62
x,0,0,380,-49
x,0,0,381,-36
x,0,0,382,-23
x,0,0,383,-10
x,0,0,384,3
x,0,0,385,16
x,0,0,386,29
x,0,0,387,42
x,0,0,388,55
x,0,0,389,68
x,0,0,390,81
x,0,0,391,94
x,0,0,392,107
x,0,0,393,120
x,0,0,394,-123
x,0,0,395,-110
x,0,0,396,-97
x,0,0,397,-84
x,0,0,398,-71
x,0,0,399,-58
x,0,0,400,-45
x,0,0,401,-32
x,0,0,402,-19
x,0,0,403,-6
x,0,0,404,7
x,0,0,405,20
x,0,0,406,33
x,0,0,407,46
x,0,0,408,59
x,0,0,409,72
x,0,0,410,85
x,0,0,411,98
x,0,0,412,111
x,0,0,413,124
x,0,0,414,-119
x,0,0,415,-106
x,0,0,416,-93
x,0,0,417,-80
x,0,0,418,-67
x,0,0,419,-54
x,0,0,420,-41
x,0,0,421,-28
x,0,0,422,-15
x,0,0,423,-2
x,0,0,424,11
x,0,0,425,24
x,0,0,426,37
x,0,0,427,50
x,0,0,428,63
x,0,0,429,76
x,0,0,430,89
x,0,0,431,102
x,0,0,432,115
x,0,0,433,-128
x,0,0,434,-115
x,0,0,435,-102
x,0,0,436,-89
x,0,0,437,-76
x,0,0,438,-63
x,0,0,439,-50
x,0,0,440,-37
x,0,0,441,-24
x,0,0,442,-11
x,0,0,443,2
x,0,0,444,15
x,0,0,445,28
x,0,0,446,41
x,0,0,447,54
x,0,0,448,67
x,0,0,449,80
x,0,0,450,93
x,0,0,451,106
x,0,0,452,119
x,0,0,453,-124
x,0,0,454,-111
x,0,0,455,-98
x,0,0,456,-85
x,0,0,457,-72
x,0,0,458,-59
x,0,0,459,-46
x,0,0,460,-33
x,0,0,461,-20
x,0,0,462,-7
x,0,0,463,6
x,0,0,464,19
x,0,0,465,32
x,0,0,466,45
x,0,0,467,58
x,0,0,468,71
x,0,0,469,84
x,0,0,470,97
x,0,0,471,110
x,0,0,472,123
x,0,0,473,-120
x,0,0,474,-107
x,0,0,475,-94
x,0,0,476,-81
x,0,0,477,-68
x,0,0,478,-55
x,0,0,479,-42
x,0,0,480,-29
x,0,0,481,-16
x,0,0,482,-3
x,0,0,483,10
x,0,0,484,23
x,0,0,485,36
x,0,0,486,49
x,0,0,487,62
x,0,0,488,75
x,0,0,489,88
x,0,0,490,101
x,0,0,491,114
x,0,0,492,127
x,0,0,493,-116
x,0,0,494,-103
x,0,0,495,-90
x,0,0,496,-77
x,0,0,497,-64
x,0,0,498,-51
x,0,0,499,-38
x,0,0,500,-25
x,0,0,501,-12
x,0,0,502,1
x,0,0,503,14
x,0,0,504,27
x,0,0,505,40
x,0,0,506,53
x,0,0,507,66
x,0,0,508,79
x,0,0,509,92
x,0,0,510,105
x,0,0,511,118
x,0,1,0,-108
x,0,1,1,-95
x,0,1,2,-82
x,0,1,3,-69
x,0,1,4,-56
x,0,1,5,-43
x,0,1,6,-30
x,0,1,7,-17
x,0,1,8,-4
x,0,1,9,9
x,0,1,10,22
x,0,1,11,35
x,0,1,12,48
x,0,1,13,61
x,0,1,14,74
x,0,1,15,87
x,0,1,16,100
x,0,1,17,113
x,0,1,18,126
x,0,1,19,-117
x,0,1,20,-104
x,0,1,21,-91
x,0,1,22,-78
x,0,1,23,-65
x,0,1,24,-52
x,0,1,25,-39
x,0,1,26,-26
x,0,1,27,-13
x,0,1,28,0
x,0,1,29,13
x,0,1,30,26
x,0,1,31,39
x,0,1,32,52
x,0,1,33,65
x,0,1,34,78
x,0,1,35,91
x,0,1,36,104
x,0,1,37,117
x,0,1,38,-126
x,0,1,39,-113
x,0,1,40,-100
x,0,1,41,-87
x,0,1,42,-74
x,0,1,43,-61
x,0,1,44,-48
x,0,1,45,-35
x,0,1,46,-22
x,0,1,47,-9
x,0,1,48,4
x,0,1,49,17
x,0,1,50,30
x,0,1,51,43
x,0,1,52,56
x,0,1,53,69
x,0,1,54,82
x,0,1,55,95
x,0,1,56,108
x,0,1,57,121
x,0,1,58,-122
x,0,1,59,-109
x,0,1,60,-96
x,0,1,61,-83
x,0,1,62,-70
x,0,1,63,-57
x,0,1,64,-44
x,0,1,65,-31
x,0,1,66,-18
x,0,1,67,-5
x,0,1,68,8
x,0,1,69,21
x,0,1,70,34
x,0,1,71,47
x,0,1,72,60
x,0,1,73,73
x,0,1,74,86
x,0,1,75,99
x,0,1,76,112
x,0,1,77,125
x,0,1,78,-118
x,0,1,79,-105
x,0,1,80,-92
x,0,1,81,-79
x,0,1,82,-66
x,0,1,83,-53
x,0,1,84,-40
x,0,1,85,-27
x,0,1,86,-14
x,0,1,87,-1
x,0,1,88,12
x,0,1,89,25
x,0,1,90,38
x,0,1,91,51
x,0,1,92,64
x,0,1,93,77
x,0,1,94,90
x,0,1,95,103
x,0,1,96,116
x,0,1,97,-127
x,0,1,98,-114
x,0,1,99,-101
x,0,1,100,-88
x,0,1,101,-75
x,0,1,102,-62
x,0,1,103,-49
x,0,1,104,-36
x,0,1,105,-23
x,0,1,106,-10
x,0,1,107,3
x,0,1,108,16
x,0,1,109,29
x,0,1,110,42
x,0,1,111,55
x,0,1,112,68
x,0,1,113,81
x,0,1,114,94
x,0,1,115,107
x,0,1,116,120
x,0,1,117,-123
x,0,1,118,-110
x,0,1,119,-97
x,0,1,120,-84
x,0,1,121,-71
x,0,1,122,-58
x,0,1,123,-45
x,0,1,124,-32
x,0,1,125,-19
x,0,1,126,-6
x,0,1,127,7
x,0,1,128,20
x,0,1,129,33
x,0,1,130,46
x,0,1,131,59
x,0,1,132,72
x,0,1,133,85
x,0,1,134,98
x,0,1,135,111
x,0,1,136,124
x,0,1,137,-119
x,0,1,138,-106
x,0,1,139,-93
x,0,1,140,-80
x,0,1,141,-67
x,0,1,142,-54
x,0,1,143,-41
x,0,1,144,-28
x,0,1,145,-15
x,0,1,146,-2
x,0,1,147,11
x,0,1,148,24
x,0,1,149,37
x,0,1,150,50
x,0,1,151,63
x,0,1,152,76
x,0,1,153,89
x,0,1,154,102
x,0,1,155,115
x,0,1,156,-128
x,0,1,157,-115
x,0,1,158,-102
x,0,1,159,-89
x,0,1,160,-76
x,0,1,161,-63
x,0,1,162,-50
x,0,1,163,-37
x,0,1,164,-24
x,0,1,165,-11
x,0,1,166,2
x,0,1,167,15
x,0,1,168,28
x,0,1,169,41
x,0,1,170,54
x,0,1,171,67
x,0,1,172,80
x,0,1,173,93
x,0,1,174,106
x,0,1,175,119
x,0,1,176,-124
x,0,1,177,-111
x,0,1,178,-98
x,0,1,179,-85
x,0,1,180,-72
x,0,1,181,-59
x,0,1,182,-46
x,0,1,183,-33
x,0,1,184,-20
x,0,1,185,-7
x,0,1,186,6
x,0,1,187,19
x,0,1,188,32
x,0,1,189,45
x,0,1,190,58
x,0,1,191,71
x,0,1,192,84
x,0,1,193,97
x,0,1,194,110
x,0,1,195,123
x,0,1,196,-120
x,0,1,197,-107
x,0,1,198,-94
x,0,1,199,-81
x,0,1,200,-68
x,0,1,201,-55
x,0,1,202,-42
x,0,1,203,-29
x,0,1,204,-16
x,0,1,205,-3
x,0,1,206,10
x,0,1,207,23
x,0,1,208,36
x,0,1,209,49
x,0,1,210,62
x,0,1,211,75
x,0,1,212,88
x,0,1,213,101
x,0,1,214,114
x,0,1,215,127
x,0,1,216,-116
x,0,1,217,-103
x,0,1,218,-90
x,0,1,219,-77
x,0,1,220,-64
x,0,1,221,-51
x,0,1,222,-38
x,0,1,223,-25
x,0,1,224,-12
x,0,1,225,1
x,0,1,226,14
x,0,1,227,27
x,0,1,228,40
x,0,1,229,53
x,0,1,230,66
x,0,1,231,79
x,0,1,232,92
x,0,1,233,105
x,0,1,234,118
x,0,1,235,-125
x,0,1,236,-112
x,0,1,237,-99
x,0,1,238,-86
x,0,1,239,-73
x,0,1,240,-60
x,0,1,241,-47
x,0,1,242,-34
x,0,1,243,-21
x,0,1,244,-8
x,0,1,245,5
x,0,1,246,18
x,0,1,247,31
x,0,1,248,44
x,0,1,249,57
x,0,1,250,70
x,0,1,251,83
x,0,1,252,96
x,0,1,253,109
x,0,1,254,122
x,0,1,255,-121
x,0,1,256,-108
x,0,1,257,-95
x,0,1,258,-82
x,0,1,259,-69
x,0,1,260,-56
x,0,1,261,-43
x,0,1,262,-30
x,0,1,263,-17
x,0,1,264,-4
x,0,1,265,9
x,0,1,266,22
x,0,1,267,35
x,0,1,268,48
x,0,1,269,61
x,0,1,270,74
x,0,1,271,87
x,0,1,272,100
x,0,1,273,113
x,0,1,274,126
x,0,1,275,-117
x,0,1,276,-104
x,0,1,277,-91
x,0,1,278,-78
x,0,1,279,-65
x,0,1,280,-52
x,0,1,281,-39
x,0,1,282,-26
x,0,1,283,-13
x,0,1,284,0
x,0,1,285,13
x,0,1,286,26
x,0,1,287,39
x,0,1,288,52
x,0,1,289,65
x,0,1,290,78
x,0,1,291,91
x,0,1,292,104
x,0,1,293,117
x,0,1,294,-126
x,0,1,295,-113
x,0,1,296,-100
x,0,1,297,-87
x,0,1,298,-74
x,0,1,299,-61
x,0,1,300,-48
x,0,1,301,-35
x,0,1,302,-22
x,0,1,303,-9
x,0,1,304,4
x,0,1,305,17
x,0,1,306,30
x,0,1,307,43
x,0,1,308,56
x,0,1,309,69
x,0,1,310,82
x,0,1,311,95
x,0,1,312,108
x,0,1,313,121
x,0,1,314,-122
x,0,1,315,-109
x,0,1,316,-96
x,0,1,317,-83
x,0,1,318,-70
x,0,1,319,-57
x,0,1,320,-44
x,0,1,321,-31
x,0,1,322,-18
x,0,1,323,-5
x,0,1,324,8
x,0,1,325,21
x,0,1,326,34
x,0,1,327,47
x,0,1,328,60
x,0,1,329,73
x,0,1,330,86
x,0,1,331,99
x,0,1,332,112
x,0,1,333,125
x,0,1,334,-118
x,0,1,335,-105
x,0,1,336,-92
x,0,1,337,-79
x,0,1,338,-66
x,0,1,339,-53
x,0,1,340,-40
x,0,1,341,-27
x,0,1,342,-14
x,0,1,343,-1
x,0,1,344,12
x,0,1,345,25
x,0,1,346,38
x,0,1,347,51
x,0,1,348,64
x,0,1,349,77
x,0,1,350,90
x,0,1,351,103
x,0,1,352,116
x,0,1,353,-127
x,0,1,354,-114
x,0,1,355,-101
x,0,1,356,-88
x,0,1,357,-75
x,0,1,358,-62
x,0,1,359,-49
x,0,1,360,-36
x,0,1,361,-23
x,0,1,362,-10
x,0,1,363,3
x,0,1,364,16
x,0,1,365,29
x,0,1,366,42
x,0,1,367,55
x,0,1,368,68
x,0,1,369,81
x,0,1,370,94
x,0,1,371,107
x,0,1,372,120
x,0,1,373,-123
x,0,1,374,-110
x,0,1,375,-97
x,0,1,376,-84
x,0,1,377,-71
x,0,1,378,-58
x,0,1,379,-45
x,0,1,380,-32
x,0,1,381,-19
x,0,1,382,-6
x,0,1,383,7
x,0,1,384,20
x,0,1,385,33
x,0,1,386,46
x,0,1,387,59
x,0,1,388,72
x,0,1,389,85
x,0,1,390,98
x,0,1,391,111
x,0,1,392,124
x,0,1,393,-119
x,0,1,394,-106
x,0,1,395,-93
x,0,1,396,-80
x,0,1,397,-67
x,0,1,398,-54
x,0,1,399,-41
x,0,1,400,-28
x,0,1,401,-15
x,0,1,402,-2
x,0,1,403,11
x,0,1,404,24
x,0,1,405,37
x,0,1,406,50
x,0,1,407,63
x,0,1,408,76
x,0,1,409,89
x,0,1,410,102
x,0,1,411,115
x,0,1,412,-128
x,0,1,413,-115
x,0,1,414,-102
x,0,1,415,-89
x,0,1,416,-76
x,0,1,417,-63
x,0,1,418,-50
x,0,1,419,-37
x,0,1,420,-24
x,0,1,421,-11
x,0,1,422,2
x,0,1,423,15
x,0,1,424,28
x,0,1,425,41
x,0,1,426,54
x,0,1,427,67
x,0,1,428,80
x,0,1,429,93
x,0,1,430,106
x,0,1,431,119
x,0,1,432,-124
x,0,1,433,-111
x,0,1,434,-98
x,0,1,435,-85
x,0,1,436,-72
x,0,1,437,-59
x,0,1,438,-46
x,0,1,439,-33
x,0,1,440,-20
x,0,1,441,-7
x,0,1,442,6
x,0,1,443,19
x,0,1,444,32
x,0,1,445,45
x,0,1,446,58
x,0,1,447,71
x,0,1,448,84
x,0,1,449,97
x,0,1,450,110
x,0,1,451,123
x,0,1,452,-120
x,0,1,453,-107
x,0,1,454,-94
x,0,1,455,-81
x,0,1,456,-68
x,0,1,457,-55
x,0,1,458,-42
x,0,1,459,-29
x,0,1,460,-16
x,0,1,461,-3
x,0,1,462,10
x,0,1,463,23
x,0,1,464,36
x,0,1,465,49
x,0,1,466,62
x,0,1,467,75
x,0,1,468,88
x,0,1,469,101
x,0,1,470,114
x,0,1,471,127
x,0,1,472,-116
x,0,1,473,-103
x,0,1,474,-90
x,0,1,475,-77
x,0,1,476,-64
x,0,1,477,-51
x,0,1,478,-38
x,0,1,479,-25
x,0,1,480,-12
x,0,1,481,1
x,0,1,482,14
x,0,1,483,27
x,0,1,484,40
x,0,1,485,53
x,0,1,486,66
x,0,1,487,79
x,0,1,488,92
x,0,1,489,105
x,0,1,490,118
x,0,1,491,-125
x,0,1,492,-112
x,0,1,493,-99
x,0,1,494,-86
x,0,1,495,-73
x,0,1,496,-60
x,0,1,497,-47
x,0,1,498,-34
x,0,1,499,-21
x,0,1,500,-8
x,0,1,501,5
x,0,1,502,18
x,0,1,503,31
x,0,1,504,44
x,0,1,505,57
x,0,1,506,70
x,0,1,507,83
x,0,1,508,96
x,0,1,509,109
x,0,1,510,122
x,0,1,511,-121
x,0,2,0,-91
x,0,2,1,-78
x,0,2,2,-65
x,0,2,3,-52
x,0,2,4,-39
x,0,2,5,-26
x,0,2,6,-13
x,0,2,7,0
x,0,2,8,13
x,0,2,9,26
x,0,2,10,39
x,0,2,11,52
x,0,2,12,65
x,0,2,13,78
x,0,2,14,91
x,0,2,15,104
x,0,2,16,117
x,0,2,17,-126
x,0,2,18,-113
x,0,2,19,-100
x,0,2,20,-87
x,0,2,21,-74
x,0,2,22,-61
x,0,2,23,-48
x,0,2,24,-35
x,0,2,25,-22
x,0,2,26,-9
x,0,2,27,4
x,0,2,28,17
x,0,2,29,30
x,0,2,30,43
x,0,2,31,56
x,0,2,32,69
x,0,2,33,82
x,0,2,34,95
x,0,2,35,108
x,0,2,36,121
x,0,2,37,-122
x,0,2,38,-109
x,0,2,39,-96
x,0,2,40,-83
x,0,2,41,-70
x,0,2,42,-57
x,0,2,43,-44
x,0,2,44,-31
x,0,2,45,-18
x,0,2,46,-5
x,0,2,47,8
x,0,2,48,21
x,0,2,49,34
x,0,2,50,47
x,0,2,51,60
x,0,2,52,73
x,0,2,53,86
x,0,2,54,99
x,0,2,55,112
x,0,2,56,125
x,0,2,57,-118
x,0,2,58,-105
x,0,2,59,-92
x,0,2,60,-79
x,0,2,61,-66
x,0,2,62,-53
x,0,2,63,-40
x,0,2,64,-27
x,0,2,65,-14
x,0,2,66,-1
x,0,2,67,12
x,0,2,68,25
x,0,2,69,38
x,0,2,70,51
x,0,2,71,64
x,0,2,72,77
x,0,2,73,90
x,0,2,74,103
x,0,2,75,116
x,0,2,76,-127
x,0,2,77,-114
x,0,2,78,-101
x,0,2,79,-88
x,0,2,80,-75
x,0,2,81,-62
x,0,2,82,-49
x,0,2,83,-36
x,0,2,84,-23
x,0,2,85,-10
x,0,2,86,3
x,0,2,87,16
x,0,2,88,29
x,0,2,89,42
x,0,2,90,55
x,0,2,91,68
x,0,2,92,81
x,0,2,93,94
x,0,2,94,107
x,0,2,95,120
x,0,2,96,-123
x,0,2,97,-110
x,0,2,98,-97
x,0,2,99,-84
x,0,2,100,-71
x,0,2,101,-58
x,0,2,102,-45
x,0,2,103,-32
x,0,2,104,-19
x,0,2,105,-6
x,0,2,106,7
x,0,2,107,20
x,0,2,108,33
x,0,2,109,46
x,0,2,110,59
x,0,2,111,72
x,0,2,112,85
x,0,2,113,98
x,0,2,114,111
x,0,2,115,124
x,0,2,116,-119
x,0,2,117,-106
x,0,2,118,-93
x,0,2,119,-80
x,0,2,120,-67
x,0,2,121,-54
x,0,2,122,-41
x,0,2,123,-28
x,0,2,124,-15
x,0,2,125,-2
x,0,2,126,11
x,0,2,127,24
x,0,2,128,37
x,0,2,129,50
x,0,2,130,63
x,0,2,131,76
x,0,2,132,89
x,0,2,133,102
x,0,2,134,115
x,0,2,135,-128
x,0,2,136,-115
x,0,2,137,-102
x,0,2,138,-89
x,0,2,139,-76
x,0,2,140,-63
x,0,2,141,-50
x,0,2,142,-37
x,0,2,143,-24
x,0,2,144,-11
x,0,2,145,2
x,0,2,146,15
x,0,2,147,28
x,0,2,148,41
x,0,2,149,54
x,0,2,150,67
x,0,2,151,80
x,0,2,152,93
x,0,2,153,106
x,0,2,154,119
x,0,2,155,-124
x,0,2,156,-111
x,0,2,157,-98
x,0,2,158,-85
x,0,2,159,-72
x,0,2,160,-59
x,0,2,161,-46
x,0,2,162,-33
x,0,2,163,-20
x,0,2,164,-7
x,0,2,165,6
x,0,2,166,19
x,0,2,167,32
x,0,2,168,45
x,0,2,169,58
x,0,2,170,71
x,0,2,171,84
x,0,2,172,97
x,0,2,173,110
x,0,2,174,123
x,0,2,175,-120
x,0,2,176,-107
x,0,2,177,-94
x,0,2,178,-81
x,0,2,179,-68
x,0,2,180,-55
x,0,2,181,-42
x,0,2,182,-29
x,0,2,183,-16
x,0,2,184,-3
x,0,2,185,10
x,0,2,186,23
x,0,2,187,36
x,0,2,188,49
x,0,2,189,62
x,0,2,190,75
x,0,2,191,88
x,0,2,192,101
x,0,2,193,114
x,0,2,194,127
x,0,2,195,-116
x,0,2,196,-103
x,0,2,197,-90
x,0,2,198,-77
x,0,2,199,-64
x,0,2,200,-51
x,0,2,201,-38
x,0,2,202,-25
x,0,2,203,-12
x,0,2,204,1
x,0,2,205,14
x,0,2,206,27
x,0,2,207,40
x,0,2,208,53
x,0,2,209,66
x,0,2,210,79
x,0,2,211,92
x,0,2,212,105
x,0,2,213,118
x,0,2,214,-125
x,0,2,215,-112
x,0,2,216,-99
x,0,2,217,-86
x,0,2,218,-73
x,0,2,219,-60
x,0,2,220,-47
x,0,2,221,-34
x,0,2,222,-21
x,0,2,223,-8
x,0,2,224,5
x,0,2,225,18
x,0,2,226,31
x,0,2,227,44
x,0,2,228,57
x,0,2,229,70
x,0,2,230,83
x,0,2,231,96
x,0,2,232,109
x,0,2,233,122
x,0,2,234,-121
x,0,2,235,-108
x,0,2,236,-95
x,0,2,237,-82
x,0,2,238,-69
x,0,2,239,-56
x,0,2,240,-43
x,0,2,241,-30
x,0,2,242,-17
x,0,2,243,-4
x,0,2,244,9
x,0,2,245,22
x,0,2,246,35
x,0,2,247,48
x,0,2,248,61
x,0,2,249,74
x,0,2,250,87
x,0,2,251,100
x,0,2,252,113
x,0,2,253,126
x,0,2,254,-117
x,0,2,255,-104
x,0,2,256,-91
x,0,2,257,-78
x,0,2,258,-65
x,0,2,259,-52
x,0,2,260,-39
x,0,2,261,-26
x,0,2,262,-13
x,0,2,263,0
x,0,2,264,13
x,0,2,265,26
x,0,2,266,39
x,0,2,267,52
x,0,2,268,65
x,0,2,269,78
x,0,2,270,91
x,0,2,271,104
x,0,2,272,117
x,0,2,273,-126
x,0,2,274,-113
x,0,2,275,-100
x,0,2,276,-87
x,0,2,277,-74
x,0,2,278,-61
x,0,2,279,-48
x,0,2,280,-35
x,0,2,281,-22
x,0,2,282,-9
x,0,2,283,4
x,0,2,284,17
x,0,2,285,30
x,0,2,286,43
x,0,2,287,56
x,0,2,288,69
x,0,2,289,82
x,0,2,290,95
x,0,2,291,108
x,0,2,292,121
x,0,2,293,-122
x,0,2,294,-109
x,0,2,295,-96
x,0,2,296,-83
x,0,2,297,-70
x,0,2,298,-57
x,0,2,299,-44
x,0,2,300,-31
x,0,2,301,-18
x,0,2,302,-5
x,0,2,303,8
x,0,2,304,21
x,0,2,305,34
x,0,2,306,47
x,0,2,307,60
x,0,2,308,73
x,0,2,309,86
x,0,2,310,99
x,0,2,311,112
x,0,2,312,125
x,0,2,313,-118
x,0,2,314,-105
x,0,2,315,-92
x,0,2,316,-79
x,0,2,317,-66
x,0,2,318,-53
x,0,2,319,-40
x,0,2,320,-27
x,0,2,321,-14
x,0,2,322,-1
x,0,2,323,12
x,0,2,324,25
x,0,2,325,38
x,0,2,326,51
x,0,2,327,64
x,0,2,328,77
x,0,2,329,90
x,0,2,330,103
x,0,2,331,116
x,0,2,332,-127
x,0,2,333,-114
x,0,2,334,-101
x,0,2,335,-88
x,0,2,336,-75
x,0,2,337,-62
x,0,2,338,-49
x,0,2,339,-36
x,0,2,340,-23
x,0,2,341,-10
x,0,2,342,3
x,0,2,343,16
x,0,2,344,29
x,0,2,345,42
x,0,2,346,55
x,0,2,347,68
x,0,2,348,81
x,0,2,349,94
x,0,2,350,107
x,0,2,351,120
x,0,2,352,-123
x,0,2,353,-110
x,0,2,354,-97
x,0,2,355,-84
x,0,2,356,-71
x,0,2,357,-58
x,0,2,358,-45
x,0,2,359,-32
x,0,2,360,-19
x,0,2,361,-6
x,0,2,362,7
x,0,2,363,20
x,0,2,364,33
x,0,2,365,46
x,0,2,366,59
x,0,2,367,72
x,0,2,368,85
x,0,2,369,98
x,0,2,370,111
x,0,2,371,124
x,0,2,372,-119
x,0,2,373,-106
x,0,2,374,-93
x,0,2,375,-80
x,0,2,376,-67
x,0,2,377,-54
x,0,2,378,-41
x,0,2,379,-28
x,0,2,380,-15
x,0,2,381,-2
x,0,2,382,11
x,0,2,383,24
x,0,2,384,37
x,0,2,385,50
x,0,2,386,63
x,0,2,387,76
x,0,2,388,89
x,0,2,389,102
x,0,2,390,115
x,0,2,391,-128
x,0,2,392,-115
x,0,2,393,-102
x,0,2,394,-89
x,0,2,395,-76
x,0,2,396,-63
x,0,2,397,-50
x,0,2,398,-37
x,0,2,399,-24
x,0,2,400,-11
x,0,2,401,2
x,0,2,402,15
x,0,2,403,28
x,0,2,404,41
x,0,2,405,54
x,0,2,406,67
x,0,2,407,80
x,0,2,408,93
x,0,2,409,106
x,0,2,410,119
x,0,2,411,-124
x,0,2,412,-111
x,0,2,413,-98
x,0,2,414,-85
x,0,2,415,-72
x,0,2,416,-59
x,0,2,417,-46
x,0,2,418,-33
x,0,2,419,-20
x,0,2,420,-7
x,0,2,421,6
x,0,2,422,19
x,0,2,423,32
x,0,2,424,45
x,0,2,425,58
x,0,2,426,71
x,0,2,427,84
x,0,2,428,97
x,0,2,429,110
x,0,2,430,123
x,0,2,431,-120
x,0,2,432,-107
x,0,2,433,-94
x,0,2,434,-81
x,0,2,435,-68
x,0,2,436,-55
x,0,2,437,-42
x,0,2,438,-29
x,0,2,439,-16
x,0,2,440,-3
x,0,2,441,10
x,0,2,442,23
x,0,2,443,36
x,0,2,444,49
x,0,2,445,62
x,0,2,446,75
x,0,2,447,88
x,0,2,448,101
x,0,2,449,114
x,0,2,450,127
x,0,2,451,-116
x,0,2,452,-103
x,0,2,453,-90
x,0,2,454,-77
x,0,2,455,-64
x,0,2,456,-51
x,0,2,457,-38
x,0,2,458,-25
x,0,2,459,-12
x,0,2,460,1
x,0,2,461,14
x,0,2,462,27
x,0,2,463,40
x,0,2,464,53
x,0,2,465,66
x,0,2,466,79
x,0,2,467,92
x,0,2,468,105
x,0,2,469,118
x,0,2,470,-125
x,0,2,471,-112
x,0,2,472,-99
x,0,2,473,-86
x,0,2,474,-73
x,0,2,475,-60
x,0,2,476,-47
x,0,2,477,-34
x,0,2,478,-21
x,0,2,479,-8
x,0,2,480,5
x,0,2,481,18
x,0,2,482,31
x,0,2,483,44
x,0,2,484,57
x,0,2,485,70
x,0,2,486,83
x,0,2,487,96
x,0,2,488,109
x,0,2,489,122
x,0,2,490,-121
x,0,2,491,-108
x,0,2,492,-95
x,0,2,493,-82
x,0,2,494,-69
x,0,2,495,-56
x,0,2,496,-43
x,0,2,497,-30
x,0,2,498,-17
x,0,2,499,-4
x,0,2,500,9
x,0,2,501,22
x,0,2,502,35
x,0,2,503,48
x,0,2,504,61
x,0,2,505,74
x,0,2,506,87
x,0,2,507,100
x,0,2,508,113
x,0,2,509,126
x,0,2,510,-117
x,0,2,511,-104
x,0,3,0,-74
x,0,3,1,-61
x,0,3,2,-48
x,0,3,3,-35
x,0,3,4,-22
x,0,3,5,-9
x,0,3,6,4
x,0,3,7,17
x,0,3,8,30
x,0,3,9,43
x,0,3,10,56
x,0,3,11,69
x,0,3,12,82
x,0,3,13,95
x,0,3,14,108
x,0,3,15,121
x,0,3,16,-122
x,0,3,17,-109
x,0,3,18,-96
x,0,3,19,-83
x,0,3,20,-70
x,0,3,21,-57
x,0,3,22,-44
x,0,3,23,-31
x,0,3,24,-18
x,0,3,25,-5
x,0,3,26,8
x,0,3,27,21
x,0,3,28,34
x,0,3,29,47
x,0,3,30,60
x,0,3,31,73
x,0,3,32,86
x,0,3,33,99
x,0,3,34,112
x,0,3,35,125
x,0,3,36,-118
x,0,3,37,-105
x,0,3,38,-92
x,0,3,39,-79
x,0,3,40,-66
x,0,3,41,-53
x,0,3,42,-40
x,0,3,43,-27
x,0,3,44,-14
x,0,3,45,-1
x,0,3,46,12
x,0,3,47,25
x,0,3,48,38
x,0,3,49,51
x,0,3,50,64
x,0,3,51,77
x,0,3,52,90
x,0,3,53,103
x,0,3,54,116
x,0,3,55,-127
x,0,3,56,-114
x,0,3,57,-101
x,0,3,58,-88
x,0,3,59,-75
x,0,3,60,-62
x,0,3,61,-49
x,0,3,62,-36
x,0,3,63,-23
x,0,3,64,-10
x,0,3,65,3
x,0,3,66,16
x,0,3,67,29
x,0,3,68,42
x,0,3,69,55
x,0,3,70,68
x,0,3,71,81
x,0,3,72,94
x,0,3,73,107
x,0,3,74,120
x,0,3,75,-123
x,0,3,76,-110
x,0,3,77,-97
x,0,3,78,-84
x,0,3,79,-71
x,0,3,80,-58
x,0,3,81,-45
x,0,3,82,-32
x,0,3,83,-19
x,0,3,84,-6
x,0,3,85,7
x,0,3,86,20
x,0,3,87,33
x,0,3,88,46
x,0,3,89,59
x,0,3,90,72
x,0,3,91,85
x,0,3,92,98
x,0,3,93,111
x,0,3,94,124
x,0,3,95,-119
x,0,3,96,-106
x,0,3,97,-93
x,0,3,98,-80
x,0,3,99,-67
x,0,3,100,-54
x,0,3,101,-41
x,0,3,102,-28
x,0,3,103,-15
x,0,3,104,-2
x,0,3,105,11
x,0,3,106,24
x,0,3,107,37
x,0,3,108,50
x,0,3,109,63
x,0,3,110,76
x,0,3,111,89
x,0,3,112,102
x,0,3,113,115
x,0,3,114,-128
x,0,3,115,-115
x,0,3,116,-102
x,0,3,117,-89
x,0,3,118,-76
x,0,3,119,-63
x,0,3,120,-50
x,0,3,121,-37
x,0,3,122,-24
x,0,3,123,-11
x,0,3,124,2
x,0,3,125,15
x,0,3,126,28
x,0,3,127,41
x,0,3,128,54
x,0,3,129,67
x,0,3,130,80
x,0,3,131,93
x,0,3,132,106
x,0,3,133,119
x,0,3,134,-124
x,0,3,135,-111
x,0,3,136,-98
x,0,3,137,-85
x,0,3,138,-72
x,0,3,139,-59
x,0,3,140,-46
x,0,3,141,-33
x,0,3,142,-20
x,0,3,143,-7
x,0,3,144,6
x,0,3,145,19
x,0,3,146,32
x,0,3,147,45
x,0,3,148,58
x,0,3,149,71
x,0,3,150,84
x,0,3,151,97
x,0,3,152,110
x,0,3,153,123
x,0,3,154,-120
x,0,3,155,-107
x,0,3,156,-94
x,0,3,157,-81
x,0,3,158,-68
x,0,3,159,-55
x,0,3,160,-42
x,0,3,161,-29
x,0,3,162,-16
x,0,3,163,-3
x,0,3,164,10
x,0,3,165,23
x,0,3,166,36
x,0,3,167,49
x,0,3,168,62
x,0,3,169,75
x,0,3,170,88
x,0,3,171,101
x,0,3,172,114
x,0,3,173,127
x,0,3,174,-116
x,0,3,175,-103
x,0,3,176,-90
x,0,3,177,-77
x,0,3,178,-64
x,0,3,179,-51
x,0,3,180,-38
x,0,3,181,-25
x,0,3,182,-12
x,0,3,183,1
x,0,3,184,14
x,0,3,185,27
x,0,3,186,40
x,0,3,187,53
x,0,3,188,66
x,0,3,189,79
x,0,3,190,92
x,0,3,191,105
x,0,3,192,118
x,0,3,193,-125
x,0,3,194,-112
x,0,3,195,-99
x,0,3,196,-86
x,0,3,197,-73
x,0,3,198,-60
x,0,3,199,-47
x,0,3,200,-34
x,0,3,201,-21
x,0,3,202,-8
x,0,3,203,5
x,0,3,204,18
x,0,3,205,31
x,0,3,206,44
x,0,3,207,57
x,0,3,208,70
x,0,3,209,83
x,0,3,210,96
x,0,3,211,109
x,0,3,212,122
x,0,3,213,-121
x,0,3,214,-108
x,0,3,215,-95
x,0,3,216,-82
x,0,3,217,-69
x,0,3,218,-56
x,0,3,219,-43
x,0,3,220,-30
x,0,3,221,-17
x,0,3,222,-4
x,0,3,223,9
x,0,3,224,22
x,0,3,225,35
x,0,3,226,48
x,0,3,227,61
x,0,3,228,74
x,0,3,229,87
x,0,3,230,100
x,0,3,231,113
x,0,3,232,126
x,0,3,233,-117
x,0,3,234,-104
x,0,3,235,-91
x,0,3,236,-78
x,0,3,237,-65
x,0,3,238,-52
x,0,3,239,-39
x,0,3,240,-26
x,0,3,241,-13
x,0,3,242,0
x,0,3,243,13
x,0,3,244,26
x,0,3,245,39
x,0,3,246,52
x,0,3,247,65
x,0,3,248,78
x,0,3,249,91
x,0,3,250,104
x,0,3,251,117
x,0,3,252,-126
x,0,3,253,-113
x,0,3,254,-100
x,0,3,255,-87
x,0,3,256,-74
x,0,3,257,-61
x,0,3,258,-48
x,0,3,259,-35
x,0,3,260,-22
x,0,3,261,-9
x,0,3,262,4
x,0,3,263,17
x,0,3,264,30
x,0,3,265,43
x,0,3,266,56
x,0,3,267,69
x,0,3,268,82
x,0,3,269,95
x,0,3,270,108
x,0,3,271,121
x,0,3,272,-122
x,0,3,273,-109
x,0,3,274,-96
x,0,3,275,-83
x,0,3,276,-70
x,0,3,277,-57
x,0,3,278,-44
x,0,3,279,-31
x,0,3,280,-18
x,0,3,281,-5
x,0,3,282,8
x,0,3,283,21
x,0,3,284,34
x,0,3,285,47
x,0,3,286,60
x,0,3,287,73
x,0,3,288,86
x,0,3,289,99
x,0,3,290,112
x,0,3,291,125
x,0,3,292,-118
x,0,3,293,-105
x,0,3,294,-92
x,0,3,295,-79
x,0,3,296,-66
x,0,3,297,-53
x,0,3,298,-40
x,0,3,299,-27
x,0,3,300,-14
x,0,3,301,-1
x,0,3,302,12
x,0,3,303,25
x,0,3,304,38
x,0,3,305,51
x,0,3,306,64
x,0,3,307,77
x,0,3,308,90
x,0,3,309,103
x,0,3,310,116
x,0,3,311,-127
x,0,3,312,-114
x,0,3,313,-101
x,0,3,314,-88
x,0,3,315,-75
x,0,3,316,-62
x,0,3,317,-49
x,0,3,318,-36
x,0,3,319,-23
x,0,3,320,-10
x,0,3,321,3
x,0,3,322,16
x,0,3,323,29
x,0,3,324,42
x,0,3,325,55
x,0,3,326,68
x,0,3,327,81
x,0,3,328,94
x,0,3,329,107
x,0,3,330,120
x,0,3,331,-123
x,0,3,332,-110
x,0,3,333,-97
x,0,3,334,-84
x,0,3,335,-71
x,0,3,336,-58
x,0,3,337,-45
x,0,3,338,-32
x,0,3,339,-19
x,0,3,340,-6
x,0,3,341,7
x,0,3,342,20
x,0,3,343,33
x,0,3,344,46
x,0,3,345,59
x,0,3,346,72
x,0,3,347,85
x,0,3,348,98
x,0,3,349,111
x,0,3,350,124
x,0,3,351,-119
x,0,3,352,-106
x,0,3,353,-93
x,0,3,354,-80
x,0,3,355,-67
x,0,3,356,-54
x,0,3,357,-41
x,0,3,358,-28
x,0,3,359,-15
x,0,3,360,-2
x,0,3,361,11
x,0,3,362,24
x,0,3,363,37
x,0,3,364,50
x,0,3,365,63
x,0,3,366,76
x,0,3,367,89
x,0,3,368,102
x,0,3,369,115
x,0,3,370,-128
x,0,3,371,-115
x,0,3,372,-102
x,0,3,373,-89
x,0,3,374,-76
x,0,3,375,-63
x,0,3,376,-50
x,0,3,377,-37
x,0,3,378,-24
x,0,3,379,-11
x,0,3,380,2
x,0,3,381,15
x,0,3,382,28
x,0,3,383,41
x,0,3,384,54
x,0,3,385,67
x,0,3,386,80
x,0,3,387,93
x,0,3,388,106
x,0,3,389,119
x,0,3,390,-124
x,0,3,391,-111
x,0,3,392,-98
x,0,3,393,-85
x,0,3,394,-72
x,0,3,395,-59
x,0,3,396,-46
x,0,3,397,-33
x,0,3,398,-20
x,0,3,399,-7
x,0,3,400,6
x,0,3,401,19
x,0,3,402,32
x,0,3,403,45
x,0,3,404,58
x,0,3,405,71
x,0,3,406,84
x,0,3,407,97
x,0,3,408,110
x,0,3,409,123
x,0,3,410,-120
x,0,3,411,-107
x,0,3,412,-94
x,0,3,413,-81
x,0,3,414,-68
x,0,3,415,-55
x,0,3,416,-42
x,0,3,417,-29
x,0,3,418,-16
x,0,3,419,-3
x,0,3,420,10
x,0,3,421,23
x,0,3,422,36
x,0,3,423,49
x,0,3,424,62
x,0,3,425,75
x,0,3,426,88
x,0,3,427,101
x,0,3,428,114
x,0,3,429,127
x,0,3,430,-116
x,0,3,431,-103
x,0,3,432,-90
x,0,3,433,-77
x,0,3,434,-64
x,0,3,435,-51
x,0,3,436,-38
x,0,3,437,-25
x,0,3,438,-12
x,0,3,439,1
x,0,3,440,14
x,0,3,441,27
x,0,3,442,40
x,0,3,443,53
x,0,3,444,66
x,0,3,445,79
x,0,3,446,92
x,0,3,447,105
x,0,3,448,118
x,0,3,449,-125
x,0,3,450,-112
x,0,3,451,-99
x,0,3,452,-86
x,0,3,453,-73
x,0,3,454,-60
x,0,3,455,-47
x,0,3,456,-34
x,0,3,457,-21
x,0,3,458,-8
x,0,3,459,5
x,0,3,460,18
x,0,3,461,31
x,0,3,462,44
x,0,3,463,57
x,0,3,464,70
x,0,3,465,83
x,0,3,466,96
x,0,3,467,109
x,0,3,468,122
x,0,3,469,-121
x,0,3,470,-108
x,0,3,471,-95
x,0,3,472,-82
x,0,3,473,-69
x,0,3,474,-56
x,0,3,475,-43
x,0,3,476,-30
x,0,3,477,-17
x,0,3,478,-4
x,0,3,479,9
x,0,3,480,22
x,0,3,481,35
x,0,3,482,48
x,0,3,483,61
x,0,3,484,74
x,0,3,485,87
x,0,3,486,100
x,0,3,487,113
x,0,3,488,126
x,0,3,489,-117
x,0,3,490,-104
x,0,3,491,-91
x,0,3,492,-78
x,0,3,493,-65
x,0,3,494,-52
x,0,3,495,-39
x,0,3,496,-26
x,0,3,497,-13
x,0,3,498,0
x,0,3,499,13
x,0,3,500,26
x,0,3,501,39
x,0,3,502,52
x,0,3,503,65
x,0,3,504,78
x,0,3,505,91
x,0,3,506,104
x,0,3,507,117
x,0,3,508,-126
x,0,3,509,-113
x,0,3,510,-100
x,0,3,511,-87
h,0,0,0,-123
h,0,0,1,-116
h,0,0,2,-109
h,0,0,3,-102
h,0,0,4,-95
h,0,0,5,-88
h,0,0,6,-81
h,0,0,7,-74
h,0,0,8,-67
h,0,0,9,-60
h,0,0,10,-53
h,0,0,11,-46
h,0,0,12,-39
h,0,0,13,-32
h,0,0,14,-25
h,0,0,15,-18
h,0,0,16,-11
h,0,0,17,-4
h,0,0,18,3
h,0,0,19,10
h,0,0,20,17
h,0,0,21,24
h,0,0,22,31
h,0,0,23,38
h,0,0,24,45
h,0,0,25,52
h,0,0,26,59
h,0,0,27,66
h,0,0,28,73
h,0,0,29,80
h,0,0,30,87
h,0,0,31,94
h,0,0,32,101
h,0,0,33,108
h,0,0,34,115
h,0,0,35,122
h,0,0,36,-127
h,0,0,37,-120
h,0,0,38,-113
h,0,0,39,-106
h,0,0,40,-99
h,0,0,41,-92
h,0,0,42,-85
h,0,0,43,-78
h,0,0,44,-71
h,0,0,45,-64
h,0,0,46,-57
h,0,0,47,-50
h,0,0,48,-43
h,0,0,49,-36
h,0,0,50,-29
h,0,0,51,-22
h,0,0,52,-15
h,0,0,53,-8
h,0,0,54,-1
h,0,0,55,6
h,0,0,56,13
h,0,0,57,20
h,0,0,58,27
h,0,0,59,34
h,0,0,60,41
h,0,0,61,48
h,0,0,62,55
h,0,0,63,62
h,0,0,64,69
h,0,0,65,76
h,0,0,66,83
h,0,0,67,90
h,0,0,68,97
h,0,0,69,104
h,0,0,70,111
h,0,0,71,118
h,0,0,72,125
h,0,0,73,-124
h,0,0,74,-117
h,0,0,75,-110
h,0,0,76,-103
h,0,0,77,-96
h,0,0,78,-89
h,0,0,79,-82
h,0,0,80,-75
h,0,0,81,-68
h,0,0,82,-61
h,0,0,83,-54
h,0,0,84,-47
h,0,0,85,-40
h,0,0,86,-33
h,0,0,87,-26
h,0,0,88,-19
h,0,0,89,-12
h,0,0,90,-5
h,0,0,91,2
h,0,0,92,9
h,0,0,93,16
h,0,0,94,23
h,0,0,95,30
h,0,0,96,37
h,0,0,97,44
h,0,0,98,51
h,0,0,99,58
h,0,0,100,65
h,0,0,101,72
h,0,0,102,79
h,0,0,103,86
h,0,0,104,93
h,0,0,105,100
h,0,0,106,107
h,0,0,107,114
h,0,0,108,121
h,0,0,109,-128
h,0,0,110,-121
h,0,0,111,-114
h,0,0,112,-107
h,0,0,113,-100
h,0,0,114,-93
h,0,0,115,-86
h,0,0,116,-79
h,0,0,117,-72
h,0,0,118,-65
h,0,0,119,-58
h,0,0,120,-51
h,0,0,121,-44
h,0,0,122,-37
h,0,0,123,-30
h,0,0,124,-23
h,0,0,125,-16
h,0,0,126,-9
h,0,0,127,-2
h,0,0,128,5
h,0,0,129,12
h,0,0,130,19
h,0,0,131,26
h,0,0,132,33
h,0,0,133,40
h,0,0,134,47
h,0,0,135,54
h,0,0,136,61
h,0,0,137,68
h,0,0,138,75
h,0,0,139,82
h,0,0,140,89
h,0,0,141,96
h,0,0,142,103
h,0,0,143,110
h,0,0,144,117
h,0,0,145,124
h,0,0,146,-125
h,0,0,147,-118
h,0,0,148,-111
h,0,0,149,-104
h,0,0,150,-97
h,0,0,151,-90
h,0,0,152,-83
h,0,0,153,-76
h,0,0,154,-69
h,0,0,155,-62
h,0,0,156,-55
h,0,0,157,-48
h,0,0,158,-41
h,0,0,159,-34
h,0,0,160,-27
h,0,0,161,-20
h,0,0,162,-13
h,0,0,163,-6
h,0,0,164,1
h,0,0,165,8
h,0,0,166,15
h,0,0,167,22
h,0,0,168,29
h,0,0,169,36
h,0,0,170,43
h,0,0,171,50
h,0,0,172,57
h,0,0,173,64
h,0,0,174,71
h,0,0,175,78
h,0,0,176,85
h,0,0,177,92
h,0,0,178,99
h,0,0,179,106
h,0,0,180,113
h,0,0,181,120
h,0,0,182,127
h,0,0,183,-122
h,0,0,184,-115
h,0,0,185,-108
h,0,0,186,-101
h,0,0,187,-94
h,0,0,188,-87
h,0,0,189,-80
h,0,0,190,-73
h,0,0,191,-66
h,0,0,192,-59
h,0,0,193,-52
h,0,0,194,-45
h,0,0,195,-38
h,0,0,196,-31
h,0,0,197,-24
h,0,0,198,-17
h,0,0,199,-10
h,0,0,200,-3
h,0,0,201,4
h,0,0,202,11
h,0,0,203,18
h,0,0,204,25
h,0,0,205,32
h,0,0,206,39
h,0,0,207,46
h,0,0,208,53
h,0,0,209,60
h,0,0,210,67
h,0,0,211,74
h,0,0,212,81
h,0,0,213,88
h,0,0,214,95
h,0,0,215,102
h,0,0,216,109
h,0,0,217,116
h,0,0,218,123
h,0,0,219,-126
h,0,0,220,-119
h,0,0,221,-112
h,0,0,222,-105
h,0,0,223,-98
h,0,0,224,-91
h,0,0,225,-84
h,0,0,226,-77
h,0,0,227,-70
h,0,0,228,-63
h,0,0,229,-56
h,0,0,230,-49
h,0,0,231,-42
h,0,0,232,-35
h,0,0,233,-28
h,0,0,234,-21
h,0,0,235,-14
h,0,0,236,-7
h,0,0,237,0
h,0,0,238,7
h,0,0,239,14
h,0,0,240,21
h,0,0,241,28
h,0,0,242,35
h,0,0,243,42
h,0,0,244,49
h,0,0,245,56
h,0,0,246,63
h,0,0,247,70
h,0,0,248,77
h,0,0,249,84
h,0,0,250,91
h,0,0,251,98
h,0,0,252,105
h,0,0,253,112
h,0,0,254,119
h,0,0,255,126
h,0,0,256,-123
h,0,0,257,-116
h,0,0,258,-109
h,0,0,259,-102
h,0,0,260,-95
h,0,0,261,-88
h,0,0,262,-81
h,0,0,263,-74
h,0,0,264,-67
h,0,0,265,-60
h,0,0,266,-53
h,0,0,267,-46
h,0,0,268,-39
h,0,0,269,-32
h,0,0,270,-25
h,0,0,271,-18
h,0,0,272,-11
h,0,0,273,-4
h,0,0,274,3
h,0,0,275,10
h,0,0,276,17
h,0,0,277,24
h,0,0,278,31
h,0,0,279,38
h,0,0,280,45
h,0,0,281,52
h,0,0,282,59
h,0,0,283,66
h,0,0,284,73
h,0,0,285,80
h,0,0,286,87
h,0,0,287,94
h,0,0,288,101
h,0,0,289,108
h,0,0,290,115
h,0,0,291,122
h,0,0,292,-127
h,0,0,293,-120
h,0,0,294,-113
h,0,0,295,-106
h,0,0,296,-99
h,0,0,297,-92
h,0,0,298,-85
h,0,0,299,-78
h,0,0,300,-71
h,0,0,301,-64
h,0,0,302,-57
h,0,0,303,-50
h,0,0,304,-43
h,0,0,305,-36
h,0,0,306,-29
h,0,0,307,-22
h,0,0,308,-15
h,0,0,309,-8
h,0,0,310,-1
h,0,0,311,6
h,0,0,312,13
h,0,0,313,20
h,0,0,314,27
h,0,0,315,34
h,0,0,316,41
h,0,0,317,48
h,0,0,318,55
h,0,0,319,62
h,0,0,320,69
h,0,0,321,76
h,0,0,322,83
h,0,0,323,90
h,0,0,324,97
h,0,0,325,104
h,0,0,326,111
h,0,0,327,118
h,0,0,328,125
h,0,0,329,-124
h,0,0,330,-117
h,0,0,331,-110
h,0,0,332,-103
h,0,0,333,-96
h,0,0,334,-89
h,0,0,335,-82
h,0,0,336,-75
h,0,0,337,-68
h,0,0,338,-61
h,0,0,339,-54
h,0,0,340,-47
h,0,0,341,-40
h,0,0,342,-33
h,0,0,343,-26
h,0,0,344,-19
h,0,0,345,-12
h,0,0,346,-5
h,0,0,347,2
h,0,0,348,9
h,0,0,349,16
h,0,0,350,23
h,0,0,351,30
h,0,0,352,37
h,0,0,353,44
h,0,0,354,51
h,0,0,355,58
h,0,0,356,65
h,0,0,357,72
h,0,0,358,79
h,0,0,359,86
h,0,0,360,93
h,0,0,361,100
h,0,0,362,107
h,0,0,363,114
h,0,0,364,121
h,0,0,365,-128
h,0,0,366,-121
h,0,0,367,-114
h,0,0,368,-107
h,0,0,369,-100
h,0,0,370,-93
h,0,0,371,-86
h,0,0,372,-79
h,0,0,373,-72
h,0,0,374,-65
h,0,0,375,-58
h,0,0,376,-51
h,0,0,377,-44
h,0,0,378,-37
h,0,0,379,-30
h,0,0,380,-23
h,0,0,381,-16
h,0,0,382,-9
h,0,0,383,-2
h,0,0,384,5
h,0,0,385,12
h,0,0,386,19
h,0,0,387,26
h,0,0,388,33
h,0,0,389,40
h,0,0,390,47
h,0,0,391,54
h,0,0,392,61
h,0,0,393,68
h,0,0,394,75
h,0,0,395,82
h,0,0,396,89
h,0,0,397,96
h,0,0,398,103
h,0,0,399,110
h,0,0,400,117
h,0,0,401,124
h,0,0,402,-125
h,0,0,403,-118
h,0,0,404,-111
h,0,0,405,-104
h,0,0,406,-97
h,0,0,407,-90
h,0,0,408,-83
h,0,0,409,-76
h,0,0,410,-69
h,0,0,411,-62
h,0,0,412,-55
h,0,0,413,-48
h,0,0,414,-41
h,0,0,415,-34
h,0,0,416,-27
h,0,0,417,-20
h,0,0,418,-13
h,0,0,419,-6
h,0,0,420,1
h,0,0,421,8
h,0,0,422,15
h,0,0,423,22
h,0,0,424,29
h,0,0,425,36
h,0,0,426,43
h,0,0,427,50
h,0,0,428,57
h,0,0,429,64
h,0,0,430,71
h,0,0,431,78
h,0,0,432,85
h,0,0,433,92
h,0,0,434,99
h,0,0,435,106
h,0,0,436,113
h,0,0,437,120
h,0,0,438,127
h,0,0,439,-122
h,0,0,440,-115
h,0,0,441,-108
h,0,0,442,-101
h,0,0,443,-94
h,0,0,444,-87
h,0,0,445,-80
h,0,0,446,-73
h,0,0,447,-66
h,0,0,448,-59
h,0,0,449,-52
h,0,0,450,-45
h,0,0,451,-38
h,0,0,452,-31
h,0,0,453,-24
h,0,0,454,-17
h,0,0,455,-10
h,0,0,456,-3
h,0,0,457,4
h,0,0,458,11
h,0,0,459,18
h,0,0,460,25
h,0,0,461,32
h,0,0,462,39
h,0,0,463,46
h,0,0,464,53
h,0,0,465,60
h,0,0,466,67
h,0,0,467,74
h,0,0,468,81
h,0,0,469,88
h,0,0,470,95
h,0,0,471,102
h,0,0,472,109
h,0,0,473,116
h,0,0,474,123
h,0,0,475,-126
h,0,0,476,-119
h,0,0,477,-112
h,0,0,478,-105
h,0,0,479,-98
h,0,0,480,-91
h,0,0,481,-84
h,0,0,482,-77
h,0,0,483,-70
h,0,0,484,-63
h,0,0,485,-56
h,0,0,486,-49
h,0,0,487,-42
h,0,0,488,-35
h,0,0,489,-28
h,0,0,490,-21
h,0,0,491,-14
h,0,0,492,-7
h,0,0,493,0
h,0,0,494,7
h,0,0,495,14
h,0,0,496,21
h,0,0,497,28
h,0,0,498,35
h,0,0,499,42
h,0,0,500,49
h,0,0,501,56
h,0,0,502,63
h,0,0,503,70
h,0,0,504,77
h,0,0,505,84
h,0,0,506,91
h,0,0,507,98
h,0,0,508,105
h,0,0,509,112
h,0,0,510,119
h,0,1,0,-112
h,0,1,1,-105
h,0,1,2,-98
h,0,1,3,-91
h,0,1,4,-84
h,0,1,5,-77
h,0,1,6,-70
h,0,1,7,-63
h,0,1,8,-56
h,0,1,9,-49
h,0,1,10,-42
h,0,1,11,-35
h,0,1,12,-28
h,0,1,13,-21
h,0,1,14,-14
h,0,1,15,-7
h,0,1,16,0
h,0,1,17,7
h,0,1,18,14
h,0,1,19,21
h,0,1,20,28
h,0,1,21,35
h,0,1,22,42
h,0,1,23,49
h,0,1,24,56
h,0,1,25,63
h,0,1,26,70
h,0,1,27,77
h,0,1,28,84
h,0,1,29,91
h,0,1,30,98
h,0,1,31,105
h,0,1,32,112
h,0,1,33,119
h,0,1,34,126
h,0,1,35,-123
h,0,1,36,-116
h,0,1,37,-109
h,0,1,38,-102
h,0,1,39,-95
h,0,1,40,-88
h,0,1,41,-81
h,0,1,42,-74
h,0,1,43,-67
h,0,1,44,-60
h,0,1,45,-53
h,0,1,46,-46
h,0,1,47,-39
h,0,1,48,-32
h,0,1,49,-25
h,0,1,50,-18
h,0,1,51,-11
h,0,1,52,-4
h,0,1,53,3
h,0,1,54,10
h,0,1,55,17
h,0,1,56,24
h,0,1,57,31
h,0,1,58,38
h,0,1,59,45
h,0,1,60,52
h,0,1,61,59
h,0,1,62,66
h,0,1,63,73
h,0,1,64,80
h,0,1,65,87
h,0,1,66,94
h,0,1,67,101
h,0,1,68,108
h,0,1,69,115
h,0,1,70,122
h,0,1,71,-127
h,0,1,72,-120
h,0,1,73,-113
h,0,1,74,-106
h,0,1,75,-99
h,0,1,76,-92
h,0,1,77,-85
h,0,1,78,-78
h,0,1,79,-71
h,0,1,80,-64
h,0,1,81,-57
h,0,1,82,-50
h,0,1,83,-43
h,0,1,84,-36
h,0,1,85,-29
h,0,1,86,-22
h,0,1,87,-15
h,0,1,88,-8
h,0,1,89,-1
h,0,1,90,6
h,0,1,91,13
h,0,1,92,20
h,0,1,93,27
h,0,1,94,34
h,0,1,95,41
h,0,1,96,48
h,0,1,97,55
h,0,1,98,62
h,0,1,99,69
h,0,1,100,76
h,0,1,101,83
h,0,1,102,90
h,0,1,103,97
h,0,1,104,104
h,0,1,105,111
h,0,1,106,118
h,0,1,107,125
h,0,1,108,-124
h,0,1,109,-117
h,0,1,110,-110
h,0,1,111,-103
h,0,1,112,-96
h,0,1,113,-89
h,0,1,114,-82
h,0,1,115,-75
h,0,1,116,-68
h,0,1,117,-61
h,0,1,118,-54
h,0,1,119,-47
h,0,1,120,-40
h,0,1,121,-33
h,0,1,122,-26
h,0,1,123,-19
h,0,1,124,-12
h,0,1,125,-5
h,0,1,126,2
h,0,1,127,9
h,0,1,128,16
h,0,1,129,23
h,0,1,130,30
h,0,1,131,37
h,0,1,132,44
h,0,1,133,51
h,0,1,134,58
h,0,1,135,65
h,0,1,136,72
h,0,1,137,79
h,0,1,138,86
h,0,1,139,93
h,0,1,140,100
h,0,1,141,107
h,0,1,142,114
h,0,1,143,121
h,0,1,144,-128
h,0,1,145,-121
h,0,1,146,-114
h,0,1,147,-107
h,0,1,148,-100
h,0,1,149,-93
h,0,1,150,-86
h,0,1,151,-79
h,0,1,152,-72
h,0,1,153,-65
h,0,1,154,-58
h,0,1,155,-51
h,0,1,156,-44
h,0,1,157,-37
h,0,1,158,-30
h,0,1,159,-23
h,0,1,160,-16
h,0,1,161,-9
h,0,1,162,-2
h,0,1,163,5
h,0,1,164,12
h,0,1,165,19
h,0,1,166,26
h,0,1,167,33
h,0,1,168,40
h,0,1,169,47
h,0,1,170,54
h,0,1,171,61
h,0,1,172,68
h,0,1,173,75
h,0,1,174,82
h,0,1,175,89
h,0,1,176,96
h,0,1,177,103
h,0,1,178,110
h,0,1,179,117
h,0,1,180,124
h,0,1,181,-125
h,0,1,182,-118
h,0,1,183,-111
h,0,1,184,-104
h,0,1,185,-97
h,0,1,186,-90
h,0,1,187,-83
h,0,1,188,-76
h,0,1,189,-69
h,0,1,190,-62
h,0,1,191,-55
h,0,1,192,-48
h,0,1,193,-41
h,0,1,194,-34
h,0,1,195,-27
h,0,1,196,-20
h,0,1,197,-13
h,0,1,198,-6
h,0,1,199,1
h,0,1,200,8
h,0,1,201,15
h,0,1,202,22
h,0,1,203,29
h,0,1,204,36
h,0,1,205,43
h,0,1,206,50
h,0,1,207,57
h,0,1,208,64
h,0,1,209,71
h,0,1,210,78
h,0,1,211,85
h,0,1,212,92
h,0,1,213,99
h,0,1,214,106
h,0,1,215,113
h,0,1,216,120
h,0,1,217,127
h,0,1,218,-122
h,0,1,219,-115
h,0,1,220,-108
h,0,1,221,-101
h,0,1,222,-94
h,0,1,223,-87
h,0,1,224,-80
h,0,1,225,-73
h,0,1,226,-66
h,0,1,227,-59
h,0,1,228,-52
h,0,1,229,-45
h,0,1,230,-38
h,0,1,231,-31
h,0,1,232,-24
h,0,1,233,-17
h,0,1,234,-10
h,0,1,235,-3
h,0,1,236,4
h,0,1,237,11
h,0,1,238,18
h,0,1,239,25
h,0,1,240,32
h,0,1,241,39
h,0,1,242,46
h,0,1,243,53
h,0,1,244,60
h,0,1,245,67
h,0,1,246,74
h,0,1,247,81
h,0,1,248,88
h,0,1,249,95
h,0,1,250,102
h,0,1,251,109
h,0,1,252,116
h,0,1,253,123
h,0,1,254,-126
h,0,1,255,-119
h,0,1,256,-112
h,0,1,257,-105
h,0,1,258,-98
h,0,1,259,-91
h,0,1,260,-84
h,0,1,261,-77
h,0,1,262,-70
h,0,1,263,-63
h,0,1,264,-56
h,0,1,265,-49
h,0,1,266,-42
h,0,1,267,-35
h,0,1,268,-28
h,0,1,269,-21
h,0,1,270,-14
h,0,1,271,-7
h,0,1,272,0
h,0,1,273,7
h,0,1,274,14
h,0,1,275,21
h,0,1,276,28
h,0,1,277,35
h,0,1,278,42
h,0,1,279,49
h,0,1,280,56
h,0,1,281,63
h,0,1,282,70
h,0,1,283,77
h,0,1,284,84
h,0,1,285,91
h,0,1,286,98
h,0,1,287,105
h,0,1,288,112
h,0,1,289,119
h,0,1,290,126
h,0,1,291,-123
h,0,1,292,-116
h,0,1,293,-109
h,0,1,294,-102
h,0,1,295,-95
h,0,1,296,-88
h,0,1,297,-81
h,0,1,298,-74
h,0,1,299,-67
h,0,1,300,-60
h,0,1,301,-53
h,0,1,302,-46
h,0,1,303,-39
h,0,1,304,-32
h,0,1,305,-25
h,0,1,306,-18
h,0,1,307,-11
h,0,1,308,-4
h,0,1,309,3
h,0,1,310,10
h,0,1,311,17
h,0,1,312,24
h,0,1,313,31
h,0,1,314,38
h,0,1,315,45
h,0,1,316,52
h,0,1,317,59
h,0,1,318,66
h,0,1,319,73
h,0,1,320,80
h,0,1,321,87
h,0,1,322,94
h,0,1,323,101
h,0,1,324,108
h,0,1,325,115
h,0,1,326,122
h,0,1,327,-127
h,0,1,328,-120
h,0,1,329,-113
h,0,1,330,-106
h,0,1,331,-99
h,0,1,332,-92
h,0,1,333,-85
h,0,1,334,-78
h,0,1,335,-71
h,0,1,336,-64
h,0,1,337,-57
h,0,1,338,-50
h,0,1,339,-43
h,0,1,340,-36
h,0,1,341,-29
h,0,1,342,-22
h,0,1,343,-15
h,0,1,344,-8
h,0,1,345,-1
h,0,1,346,6
h,0,1,347,13
h,0,1,348,20
h,0,1,349,27
h,0,1,350,34
h,0,1,351,41
h,0,1,352,48
h,0,1,353,55
h,0,1,354,62
h,0,1,355,69
h,0,1,356,76
h,0,1,357,83
h,0,1,358,90
h,0,1,359,97
h,0,1,360,104
h,0,1,361,111
h,0,1,362,118
h,0,1,363,125
h,0,1,364,-124
h,0,1,365,-117
h,0,1,366,-110
h,0,1,367,-103
h,0,1,368,-96
h,0,1,369,-89
h,0,1,370,-82
h,0,1,371,-75
h,0,1,372,-68
h,0,1,373,-61
h,0,1,374,-54
h,0,1,375,-47
h,0,1,376,-40
h,0,1,377,-33
h,0,1,378,-26
h,0,1,379,-19
h,0,1,380,-12
h,0,1,381,-5
h,0,1,382,2
h,0,1,383,9
h,0,1,384,16
h,0,1,385,23
h,0,1,386,30
h,0,1,387,37
h,0,1,388,44
h,0,1,389,51
h,0,1,390,58
h,0,1,391,65
h,0,1,392,72
h,0,1,393,79
h,0,1,394,86
h,0,1,395,93
h,0,1,396,100
h,0,1,397,107
h,0,1,398,114
h,0,1,399,121
h,0,1,400,-128
h,0,1,401,-121
h,0,1,402,-114
h,0,1,403,-107
h,0,1,404,-100
h,0,1,405,-93
h,0,1,406,-86
h,0,1,407,-79
h,0,1,408,-72
h,0,1,409,-65
h,0,1,410,-58
h,0,1,411,-51
h,0,1,412,-44
h,0,1,413,-37
h,0,1,414,-30
h,0,1,415,-23
h,0,1,416,-16
h,0,1,417,-9
h,0,1,418,-2
h,0,1,419,5
h,0,1,420,12
h,0,1,421,19
h,0,1,422,26
h,0,1,423,33
h,0,1,424,40
h,0,1,425,47
h,0,1,426,54
h,0,1,427,61
h,0,1,428,68
h,0,1,429,75
h,0,1,430,82
h,0,1,431,89
h,0,1,432,96
h,0,1,433,103
h,0,1,434,110
h,0,1,435,117
h,0,1,436,124
h,0,1,437,-125
h,0,1,438,-118
h,0,1,439,-111
h,0,1,440,-104
h,0,1,441,-97
h,0,1,442,-90
h,0,1,443,-83
h,0,1,444,-76
h,0,1,445,-69
h,0,1,446,-62
h,0,1,447,-55
h,0,1,448,-48
h,0,1,449,-41
h,0,1,450,-34
h,0,1,451,-27
h,0,1,452,-20
h,0,1,453,-13
h,0,1,454,-6
h,0,1,455,1
h,0,1,456,8
h,0,1,457,15
h,0,1,458,22
h,0,1,459,29
h,0,1,460,36
h,0,1,461,43
h,0,1,462,50
h,0,1,463,57
h,0,1,464,64
h,0,1,465,71
h,0,1,466,78
h,0,1,467,85
h,0,1,468,92
h,0,1,469,99
h,0,1,470,106
h,0,1,471,113
h,0,1,472,120
h,0,1,473,127
h,0,1,474,-122
h,0,1,475,-115
h,0,1,476,-108
h,0,1,477,-101
h,0,1,478,-94
h,0,1,479,-87
h,0,1,480,-80
h,0,1,481,-73
h,0,1,482,-66
h,0,1,483,-59
h,0,1,484,-52
h,0,1,485,-45
h,0,1,486,-38
h,0,1,487,-31
h,0,1,488,-24
h,0,1,489,-17
h,0,1,490,-10
h,0,1,491,-3
h,0,1,492,4
h,0,1,493,11
h,0,1,494,18
h,0,1,495,25
h,0,1,496,32
h,0,1,497,39
h,0,1,498,46
h,0,1,499,53
h,0,1,500,60
h,0,1,501,67
h,0,1,502,74
h,0,1,503,81
h,0,1,504,88
h,0,1,505,95
h,0,1,506,102
h,0,1,507,109
h,0,1,508,116
h,0,1,509,123
h,0,1,510,-126
h,0,2,0,-101
h,0,2,1,-94
h,0,2,2,-87
h,0,2,3,-80
h,0,2,4,-73
h,0,2,5,-66
h,0,2,6,-59
h,0,2,7,-52
h,0,2,8,-45
h,0,2,9,-38
h,0,2,10,-31
h,0,2,11,-24
h,0,2,12,-17
h,0,2,13,-10
h,0,2,14,-3
h,0,2,15,4
h,0,2,16,11
h,0,2,17,18
h,0,2,18,25
h,0,2,19,32
h,0,2,20,39
h,0,2,21,46
h,0,2,22,53
h,0,2,23,60
h,0,2,24,67
h,0,2,25,74
h,0,2,26,81
h,0,2,27,88
h,0,2,28,95
h,0,2,29,102
h,0,2,30,109
h,0,2,31,116
h,0,2,32,123
h,0,2,33,-126
h,0,2,34,-119
h,0,2,35,-112
h,0,2,36,-105
h,0,2,37,-98
h,0,2,38,-91
h,0,2,39,-84
h,0,2,40,-77
h,0,2,41,-70
h,0,2,42,-63
h,0,2,43,-56
h,0,2,44,-49
h,0,2,45,-42
h,0,2,46,-35
h,0,2,47,-28
h,0,2,48,-21
h,0,2,49,-14
h,0,2,50,-7
h,0,2,51,0
h,0,2,52,7
h,0,2,53,14
h,0,2,54,21
h,0,2,55,28
h,0,2,56,35
h,0,2,57,42
h,0,2,58,49
h,0,2,59,56
h,0,2,60,63
h,0,2,61,70
h,0,2,62,77
h,0,2,63,84
h,0,2,64,91
h,0,2,65,98
h,0,2,66,105
h,0,2,67,112
h,0,2,68,119
h,0,2,69,126
h,0,2,70,-123
h,0,2,71,-116
h,0,2,72,-109
h,0,2,73,-102
h,0,2,74,-95
h,0,2,75,-88
h,0,2,76,-81
h,0,2,77,-74
h,0,2,78,-67
h,0,2,79,-60
h,0,2,80,-53
h,0,2,81,-46
h,0,2,82,-39
h,0,2,83,-32
h,0,2,84,-25
h,0,2,85,-18
h,0,2,86,-11
h,0,2,87,-4
h,0,2,88,3
h,0,2,89,10
h,0,2,90,17
h,0,2,91,24
h,0,2,92,31
h,0,2,93,38
h,0,2,94,45
h,0,2,95,52
h,0,2,96,59
h,0,2,97,66
h,0,2,98,73
h,0,2,99,80
h,0,2,100,87
h,0,2,101,94
h,0,2,102,101
h,0,2,103,108
h,0,2,104,115
h,0,2,105,122
h,0,2,106,-127
h,0,2,107,-120
h,0,2,108,-113
h,0,2,109,-106
h,0,2,110,-99
h,0,2,111,-92
h,0,2,112,-85
h,0,2,113,-78
h,0,2,114,-71
h,0,2,115,-64
h,0,2,116,-57
h,0,2,117,-50
h,0,2,118,-43
h,0,2,119,-36
h,0,2,120,-29
h,0,2,121,-22
h,0,2,122,-15
h,0,2,123,-8
h,0,2,124,-1
h,0,2,125,6
h,0,2,126,13
h,0,2,127,20
h,0,2,128,27
h,0,2,129,34
h,0,2,130,41
h,0,2,131,48
h,0,2,132,55
h,0,2,133,62
h,0,2,134,69
h,0,2,135,76
h,0,2,136,83
h,0,2,137,90
h,0,2,138,97
h,0,2,139,104
h,0,2,140,111
h,0,2,141,118
h,0,2,142,125
h,0,2,143,-124
h,0,2,144,-117
h,0,2,145,-110
h,0,2,146,-103
h,0,2,147,-96
h,0,2,148,-89
h,0,2,149,-82
h,0,2,150,-75
h,0,2,151,-68
h,0,2,152,-61
h,0,2,153,-54
h,0,2,154,-47
h,0,2,155,-40
h,0,2,156,-33
h,0,2,157,-26
h,0,2,158,-19
h,0,2,159,-12
h,0,2,160,-5
h,0,2,161,2
h,0,2,162,9
h,0,2,163,16
h,0,2,164,23
h,0,2,165,30
h,0,2,166,37
h,0,2,167,44
h,0,2,168,51
h,0,2,169,58
h,0,2,170,65
h,0,2,171,72
h,0,2,172,79
h,0,2,173,86
h,0,2,174,93
h,0,2,175,100
h,0,2,176,107
h,0,2,177,114
h,0,2,178,121
h,0,2,179,-128
h,0,2,180,-121
h,0,2,181,-114
h,0,2,182,-107
h,0,2,183,-100
h,0,2,184,-93
h,0,2,185,-86
h,0,2,186,-79
h,0,2,187,-72
h,0,2,188,-65
h,0,2,189,-58
h,0,2,190,-51
h,0,2,191,-44
h,0,2,192,-37
h,0,2,193,-30
h,0,2,194,-23
h,0,2,195,-16
h,0,2,196,-9
h,0,2,197,-2
h,0,2,198,5
h,0,2,199,12
h,0,2,200,19
h,0,2,201,26
h,0,2,202,33
h,0,2,203,40
h,0,2,204,47
h,0,2,205,54
h,0,2,206,61
h,0,2,207,68
h,0,2,208,75
h,0,2,209,82
h,0,2,210,89
h,0,2,211,96
h,0,2,212,103
h,0,2,213,110
h,0,2,214,117
h,0,2,215,124
h,0,2,216,-125
h,0,2,217,-118
h,0,2,218,-111
h,0,2,219,-104
h,0,2,220,-97
h,0,2,221,-90
h,0,2,222,-83
h,0,2,223,-76
h,0,2,224,-69
h,0,2,225,-62
h,0,2,226,-55
h,0,2,227,-48
h,0,2,228,-41
h,0,2,229,-34
h,0,2,230,-27
h,0,2,231,-20
h,0,2,232,-13
h,0,2,233,-6
h,0,2,234,1
h,0,2,235,8
h,0,2,236,15
h,0,2,237,22
h,0,2,238,29
h,0,2,239,36
h,0,2,240,43
h,0,2,241,50
h,0,2,242,57
h,0,2,243,64
h,0,2,244,71
h,0,2,245,78
h,0,2,246,85
h,0,2,247,92
h,0,2,248,99
h,0,2,249,106
h,0,2,250,113
h,0,2,251,120
h,0,2,252,127
h,0,2,253,-122
h,0,2,254,-115
h,0,2,255,-108
h,0,2,256,-101
h,0,2,257,-94
h,0,2,258,-87
h,0,2,259,-80
h,0,2,260,-73
h,0,2,261,-66
h,0,2,262,-59
h,0,2,263,-52
h,0,2,264,-45
h,0,2,265,-38
h,0,2,266,-31
h,0,2,267,-24
h,0,2,268,-17
h,0,2,269,-10
h,0,2,270,-3
h,0,2,271,4
h,0,2,272,11
h,0,2,273,18
h,0,2,274,25
h,0,2,275,32
h,0,2,276,39
h,0,2,277,46
h,0,2,278,53
h,0,2,279,60
h,0,2,280,67
h,0,2,281,74
h,0,2,282,81
h,0,2,283,88
h,0,2,284,95
h,0,2,285,102
h,0,2,286,109
h,0,2,287,116
h,0,2,288,123
h,0,2,289,-126
h,0,2,290,-119
h,0,2,291,-112
h,0,2,292,-105
h,0,2,293,-98
h,0,2,294,-91
h,0,2,295,-84
h,0,2,296,-77
h,0,2,297,-70
h,0,2,298,-63
h,0,2,299,-56
h,0,2,300,-49
h,0,2,301,-42
h,0,2,302,-35
h,0,2,303,-28
h,0,2,304,-21
h,0,2,305,-14
h,0,2,306,-7
h,0,2,307,0
h,0,2,308,7
h,0,2,309,14
h,0,2,310,21
h,0,2,311,28
h,0,2,312,35
h,0,2,313,42
h,0,2,314,49
h,0,2,315,56
h,0,2,316,63
h,0,2,317,70
h,0,2,318,77
h,0,2,319,84
h,0,2,320,91
h,0,2,321,98
h,0,2,322,105
h,0,2,323,112
h,0,2,324,119
h,0,2,325,126
h,0,2,326,-123
h,0,2,327,-116
h,0,2,328,-109
h,0,2,329,-102
h,0,2,330,-95
h,0,2,331,-88
h,0,2,332,-81
h,0,2,333,-74
h,0,2,334,-67
h,0,2,335,-60
h,0,2,336,-53
h,0,2,337,-46
h,0,2,338,-39
h,0,2,339,-32
h,0,2,340,-25
h,0,2,341,-18
h,0,2,342,-11
h,0,2,343,-4
h,0,2,344,3
h,0,2,345,10
h,0,2,346,17
h,0,2,347,24
h,0,2,348,31
h,0,2,349,38
h,0,2,350,45
h,0,2,351,52
h,0,2,352,59
h,0,2,353,66
h,0,2,354,73
h,0,2,355,80
h,0,2,356,87
h,0,2,357,94
h,0,2,358,101
h,0,2,359,108
h,0,2,360,115
h,0,2,361,122
h,0,2,362,-127
h,0,2,363,-120
h,0,2,364,-113
h,0,2,365,-106
h,0,2,366,-99
h,0,2,367,-92
h,0,2,368,-85
h,0,2,369,-78
h,0,2,370,-71
h,0,2,371,-64
h,0,2,372,-57
h,0,2,373,-50
h,0,2,374,-43
h,0,2,375,-36
h,0,2,376,-29
h,0,2,377,-22
h,0,2,378,-15
h,0,2,379,-8
h,0,2,380,-1
h,0,2,381,6
h,0,2,382,13
h,0,2,383,20
h,0,2,384,27
h,0,2,385,34
h,0,2,386,41
h,0,2,387,48
h,0,2,388,55
h,0,2,389,62
h,0,2,390,69
h,0,2,391,76
h,0,2,392,83
h,0,2,393,90
h,0,2,394,97
h,0,2,395,104
h,0,2,396,111
h,0,2,397,118
h,0,2,398,125
h,0,2,399,-124
h,0,2,400,-117
h,0,2,401,-110
h,0,2,402,-103
h,0,2,403,-96
h,0,2,404,-89
h,0,2,405,-82
h,0,2,406,-75
h,0,2,407,-68
h,0,2,408,-61
h,0,2,409,-54
h,0,2,410,-47
h,0,2,411,-40
h,0,2,412,-33
h,0,2,413,-26
h,0,2,414,-19
h,0,2,415,-12
h,0,2,416,-5
h,0,2,417,2
h,0,2,418,9
h,0,2,419,16
h,0,2,420,23
h,0,2,421,30
h,0,2,422,37
h,0,2,423,44
h,0,2,424,51
h,0,2,425,58
h,0,2,426,65
h,0,2,427,72
h,0,2,428,79
h,0,2,429,86
h,0,2,430,93
h,0,2,431,100
h,0,2,432,107
h,0,2,433,114
h,0,2,434,121
h,0,2,435,-128
h,0,2,436,-121
h,0,2,437,-114
h,0,2,438,-107
h,0,2,439,-100
h,0,2,440,-93
h,0,2,441,-86
h,0,2,442,-79
h,0,2,443,-72
h,0,2,444,-65
h,0,2,445,-58
h,0,2,446,-51
h,0,2,447,-44
h,0,2,448,-37
h,0,2,449,-30
h,0,2,450,-23
h,0,2,451,-16
h,0,2,452,-9
h,0,2,453,-2
h,0,2,454,5
h,0,2,455,12
h,0,2,456,19
h,0,2,457,26
h,0,2,458,33
h,0,2,459,40
h,0,2,460,47
h,0,2,461,54
h,0,2,462,61
h,0,2,463,68
h,0,2,464,75
h,0,2,465,82
h,0,2,466,89
h,0,2,467,96
h,0,2,468,103
h,0,2,469,110
h,0,2,470,117
h,0,2,471,124
h,0,2,472,-125
h,0,2,473,-118
h,0,2,474,-111
h,0,2,475,-104
h,0,2,476,-97
h,0,2,477,-90
h,0,2,478,-83
h,0,2,479,-76
h,0,2,480,-69
h,0,2,481,-62
h,0,2,482,-55
h,0,2,483,-48
h,0,2,484,-41
h,0,2,485,-34
h,0,2,486,-27
h,0,2,487,-20
h,0,2,488,-13
h,0,2,489,-6
h,0,2,490,1
h,0,2,491,8
h,0,2,492,15
h,0,2,493,22
h,0,2,494,29
h,0,2,495,36
h,0,2,496,43
h,0,2,497,50
h,0,2,498,57
h,0,2,499,64
h,0,2,500,71
h,0,2,501,78
h,0,2,502,85
h,0,2,503,92
h,0,2,504,99
h,0,2,505,106
h,0,2,506,113
h,0,2,507,120
h,0,2,508,127
h,0,2,509,-122
h,0,2,510,-115
h,0,3,0,-90
h,0,3,1,-83
h,0,3,2,-76
h,0,3,3,-69
h,0,3,4,-62
h,0,3,5,-55
h,0,3,6,-48
h,0,3,7,-41
h,0,3,8,-34
h,0,3,9,-27
h,0,3,10,-20
h,0,3,11,-13
h,0,3,12,-6
h,0,3,13,1
h,0,3,14,8
h,0,3,15,15
h,0,3,16,22
h,0,3,17,29
h,0,3,18,36
h,0,3,19,43
h,0,3,20,50
h,0,3,21,57
h,0,3,22,64
h,0,3,23,71
h,0,3,24,78
h,0,3,25,85
h,0,3,26,92
h,0,3,27,99
h,0,3,28,106
h,0,3,29,113
h,0,3,30,120
h,0,3,31,127
h,0,3,32,-122
h,0,3,33,-115
h,0,3,34,-108
h,0,3,35,-101
h,0,3,36,-94
h,0,3,37,-87
h,0,3,38,-80
h,0,3,39,-73
h,0,3,40,-66
h,0,3,41,-59
h,0,3,42,-52
h,0,3,43,-45
h,0,3,44,-38
h,0,3,45,-31
h,0,3,46,-24
h,0,3,47,-17
h,0,3,48,-10
h,0,3,49,-3
h,0,3,50,4
h,0,3,51,11
h,0,3,52,18
h,0,3,53,25
h,0,3,54,32
h,0,3,55,39
h,0,3,56,46
h,0,3,57,53
h,0,3,58,60
h,0,3,59,67
h,0,3,60,74
h,0,3,61,81
h,0,3,62,88
h,0,3,63,95
h,0,3,64,102
h,0,3,65,109
h,0,3,66,116
h,0,3,67,123
h,0,3,68,-126
h,0,3,69,-119
h,0,3,70,-112
h,0,3,71,-105
h,0,3,72,-98
h,0,3,73,-91
h,0,3,74,-84
h,0,3,75,-77
h,0,3,76,-70
h,0,3,77,-63
h,0,3,78,-56
h,0,3,79,-49
h,0,3,80,-42
h,0,3,81,-35
h,0,3,82,-28
h,0,3,83,-21
h,0,3,84,-14
h,0,3,85,-7
h,0,3,86,0
h,0,3,87,7
h,0,3,88,14
h,0,3,89,21
h,0,3,90,28
h,0,3,91,35
h,0,3,92,42
h,0,3,93,49
h,0,3,94,56
h,0,3,95,63
h,0,3,96,70
h,0,3,97,77
h,0,3,98,84
h,0,3,99,91
h,0,3,100,98
h,0,3,101,105
h,0,3,102,112
h,0,3,103,119
h,0,3,104,126
h,0,3,105,-123
h,0,3,106,-116
h,0,3,107,-109
h,0,3,108,-102
h,0,3,109,-95
h,0,3,110,-88
h,0,3,111,-81
h,0,3,112,-74
h,0,3,113,-67
h,0,3,114,-60
h,0,3,115,-53
h,0,3,116,-46
h,0,3,117,-39
h,0,3,118,-32
h,0,3,119,-25
h,0,3,120,-18
h,0,3,121,-11
h,0,3,122,-4
h,0,3,123,3
h,0,3,124,10
h,0,3,125,17
h,0,3,126,24
h,0,3,127,31
h,0,3,128,38
h,0,3,129,45
h,0,3,130,52
h,0,3,131,59
h,0,3,132,66
h,0,3,133,73
h,0,3,134,80
h,0,3,135,87
h,0,3,136,94
h,0,3,137,101
h,0,3,138,108
h,0,3,139,115
h,0,3,140,122
h,0,3,141,-127
h,0,3,142,-120
h,0,3,143,-113
h,0,3,144,-106
h,0,3,145,-99
h,0,3,146,-92
h,0,3,147,-85
h,0,3,148,-78
h,0,3,149,-71
h,0,3,150,-64
h,0,3,151,-57
h,0,3,152,-50
h,0,3,153,-43
h,0,3,154,-36
h,0,3,155,-29
h,0,3,156,-22
h,0,3,157,-15
h,0,3,158,-8
h,0,3,159,-1
h,0,3,160,6
h,0,3,161,13
h,0,3,162,20
h,0,3,163,27
h,0,3,164,34
h,0,3,165,41
h,0,3,166,48
h,0,3,167,55
h,0,3,168,62
h,0,3,169,69
h,0,3,170,76
h,0,3,171,83
h,0,3,172,90
h,0,3,173,97
h,0,3,174,104
h,0,3,175,111
h,0,3,176,118
h,0,3,177,125
h,0,3,178,-124
h,0,3,179,-117
h,0,3,180,-110
h,0,3,181,-103
h,0,3,182,-96
h,0,3,183,-89
h,0,3,184,-82
h,0,3,185,-75
h,0,3,186,-68
h,0,3,187,-61
h,0,3,188,-54
h,0,3,189,-47
h,0,3,190,-40
h,0,3,191,-33
h,0,3,192,-26
h,0,3,193,-19
h,0,3,194,-12
h,0,3,195,-5
h,0,3,196,2
h,0,3,197,9
h,0,3,198,16
h,0,3,199,23
h,0,3,200,30
h,0,3,201,37
h,0,3,202,44
h,0,3,203,51
h,0,3,204,58
h,0,3,205,65
h,0,3,206,72
h,0,3,207,79
h,0,3,208,86
h,0,3,209,93
h,0,3,210,100
h,0,3,211,107
h,0,3,212,114
h,0,3,213,121
h,0,3,214,-128
h,0,3,215,-121
h,0,3,216,-114
h,0,3,217,-107
h,0,3,218,-100
h,0,3,219,-93
h,0,3,220,-86
h,0,3,221,-79
h,0,3,222,-72
h,0,3,223,-65
h,0,3,224,-58
h,0,3,225,-51
h,0,3,226,-44
h,0,3,227,-37
h,0,3,228,-30
h,0,3,229,-23
h,0,3,230,-16
h,0,3,231,-9
h,0,3,232,-2
h,0,3,233,5
h,0,3,234,12
h,0,3,235,19
h,0,3,236,26
h,0,3,237,33
h,0,3,238,40
h,0,3,239,47
h,0,3,240,54
h,0,3,241,61
h,0,3,242,68
h,0,3,243,75
h,0,3,244,82
h,0,3,245,89
h,0,3,246,96
h,0,3,247,103
h,0,3,248,110
h,0,3,249,117
h,0,3,250,124
h,0,3,251,-125
h,0,3,252,-118
h,0,3,253,-111
h,0,3,254,-104
h,0,3,255,-97
h,0,3,256,-90
h,0,3,257,-83
h,0,3,258,-76
h,0,3,259,-69
h,0,3,260,-62
h,0,3,261,-55
h,0,3,262,-48
h,0,3,263,-41
h,0,3,264,-34
h,0,3,265,-27
h,0,3,266,-20
h,0,3,267,-13
h,0,3,268,-6
h,0,3,269,1
h,0,3,270,8
h,0,3,271,15
h,0,3,272,22
h,0,3,273,29
h,0,3,274,36
h,0,3,275,43
h,0,3,276,50
h,0,3,277,57
h,0,3,278,64
h,0,3,279,71
h,0,3,280,78
h,0,3,281,85
h,0,3,282,92
h,0,3,283,99
h,0,3,284,106
h,0,3,285,113
h,0,3,286,120
h,0,3,287,127
h,0,3,288,-122
h,0,3,289,-115
h,0,3,290,-108
h,0,3,291,-101
h,0,3,292,-94
h,0,3,293,-87
h,0,3,294,-80
h,0,3,295,-73
h,0,3,296,-66
h,0,3,297,-59
h,0,3,298,-52
h,0,3,299,-45
h,0,3,300,-38
h,0,3,301,-31
h,0,3,302,-24
h,0,3,303,-17
h,0,3,304,-10
h,0,3,305,-3
h,0,3,306,4
h,0,3,307,11
h,0,3,308,18
h,0,3,309,25
h,0,3,310,32
h,0,3,311,39
h,0,3,312,46
h,0,3,313,53
h,0,3,314,60
h,0,3,315,67
h,0,3,316,74
h,0,3,317,81
h,0,3,318,88
h,0,3,319,95
h,0,3,320,102
h,0,3,321,109
h,0,3,322,116
h,0,3,323,123
h,0,3,324,-126
h,0,3,325,-119
h,0,3,326,-112
h,0,3,327,-105
h,0,3,328,-98
h,0,3,329,-91
h,0,3,330,-84
h,0,3,331,-77
h,0,3,332,-70
h,0,3,333,-63
h,0,3,334,-56
h,0,3,335,-49
h,0,3,336,-42
h,0,3,337,-35
h,0,3,338,-28
h,0,3,339,-21
h,0,3,340,-14
h,0,3,341,-7
h,0,3,342,0
h,0,3,343,7
h,0,3,344,14
h,0,3,345,21
h,0,3,346,28
h,0,3,347,35
h,0,3,348,42
h,0,3,349,49
h,0,3,350,56
h,0,3,351,63
h,0,3,352,70
h,0,3,353,77
h,0,3,354,84
h,0,3,355,91
h,0,3,356,98
h,0,3,357,105
h,0,3,358,112
h,0,3,359,119
h,0,3,360,126
h,0,3,361,-123
h,0,3,362,-116
h,0,3,363,-109
h,0,3,364,-102
h,0,3,365,-95
h,0,3,366,-88
h,0,3,367,-81
h,0,3,368,-74
h,0,3,369,-67
h,0,3,370,-60
h,0,3,371,-53
h,0,3,372,-46
h,0,3,373,-39
h,0,3,374,-32
h,0,3,375,-25
h,0,3,376,-18
h,0,3,377,-11
h,0,3,378,-4
h,0,3,379,3
h,0,3,380,10
h,0,3,381,17
h,0,3,382,24
h,0,3,383,31
h,0,3,384,38
h,0,3,385,45
h,0,3,386,52
h,0,3,387,59
h,0,3,388,66
h,0,3,389,73
h,0,3,390,80
h,0,3,391,87
h,0,3,392,94
h,0,3,393,101
h,0,3,394,108
h,0,3,395,115
h,0,3,396,122
h,0,3,397,-127
h,0,3,398,-120
h,0,3,399,-113
h,0,3,400,-106
h,0,3,401,-99
h,0,3,402,-92
h,0,3,403,-85
h,0,3,404,-78
h,0,3,405,-71
h,0,3,406,-64
h,0,3,407,-57
h,0,3,408,-50
h,0,3,409,-43
h,0,3,410,-36
h,0,3,411,-29
h,0,3,412,-22
h,0,3,413,-15
h,0,3,414,-8
h,0,3,415,-1
h,0,3,416,6
h,0,3,417,13
h,0,3,418,20
h,0,3,419,27
h,0,3,420,34
h,0,3,421,41
h,0,3,422,48
h,0,3,423,55
h,0,3,424,62
h,0,3,425,69
h,0,3,426,76
h,0,3,427,83
h,0,3,428,90
h,0,3,429,97
h,0,3,430,104
h,0,3,431,111
h,0,3,432,118
h,0,3,433,125
h,0,3,434,-124
h,0,3,435,-117
h,0,3,436,-110
h,0,3,437,-103
h,0,3,438,-96
h,0,3,439,-89
h,0,3,440,-82
h,0,3,441,-75
h,0,3,442,-68
h,0,3,443,-61
h,0,3,444,-54
h,0,3,445,-47
h,0,3,446,-40
h,0,3,447,-33
h,0,3,448,-26
h,0,3,449,-19
h,0,3,450,-12
h,0,3,451,-5
h,0,3,452,2
h,0,3,453,9
h,0,3,454,16
h,0,3,455,23
h,0,3,456,30
h,0,3,457,37
h,0,3,458,44
h,0,3,459,51
h,0,3,460,58
h,0,3,461,65
h,0,3,462,72
h,0,3,463,79
h,0,3,464,86
h,0,3,465,93
h,0,3,466,100
h,0,3,467,107
h,0,3,468,114
h,0,3,469,121
h,0,3,470,-128
h,0,3,471,-121
h,0,3,472,-114
h,0,3,473,-107
h,0,3,474,-100
h,0,3,475,-93
h,0,3,476,-86
h,0,3,477,-79
h,0,3,478,-72
h,0,3,479,-65
h,0,3,480,-58
h,0,3,481,-51
h,0,3,482,-44
h,0,3,483,-37
h,0,3,484,-30
h,0,3,485,-23
h,0,3,486,-16
h,0,3,487,-9
h,0,3,488,-2
h,0,3,489,5
h,0,3,490,12
h,0,3,491,19
h,0,3,492,26
h,0,3,493,33
h,0,3,494,40
h,0,3,495,47
h,0,3,496,54
h,0,3,497,61
h,0,3,498,68
h,0,3,499,75
h,0,3,500,82
h,0,3,501,89
h,0,3,502,96
h,0,3,503,103
h,0,3,504,110
h,0,3,505,117
h,0,3,506,124
h,0,3,507,-125
h,0,3,508,-118
h,0,3,509,-111
h,0,3,510,-104
h,1,0,0,-104
h,1,0,1,-97
h,1,0,2,-90
h,1,0,3,-83
h,1,0,4,-76
h,1,0,5,-69
h,1,0,6,-62
h,1,0,7,-55
h,1,0,8,-48
h,1,0,9,-41
h,1,0,10,-34
h,1,0,11,-27
h,1,0,12,-20
h,1,0,13,-13
h,1,0,14,-6
h,1,0,15,1
h,1,0,16,8
h,1,0,17,15
h,1,0,18,22
h,1,0,19,29
h,1,0,20,36
h,1,0,21,43
h,1,0,22,50
h,1,0,23,57
h,1,0,24,64
h,1,0,25,71
h,1,0,26,78
h,1,0,27,85
h,1,0,28,92
h,1,0,29,99
h,1,0,30,106
h,1,0,31,113
h,1,0,32,120
h,1,0,33,127
h,1,0,34,-122
h,1,0,35,-115
h,1,0,36,-108
h,1,0,37,-101
h,1,0,38,-94
h,1,0,39,-87
h,1,0,40,-80
h,1,0,41,-73
h,1,0,42,-66
h,1,0,43,-59
h,1,0,44,-52
h,1,0,45,-45
h,1,0,46,-38
h,1,0,47,-31
h,1,0,48,-24
h,1,0,49,-17
h,1,0,50,-10
h,1,0,51,-3
h,1,0,52,4
h,1,0,53,11
h,1,0,54,18
h,1,0,55,25
h,1,0,56,32
h,1,0,57,39
h,1,0,58,46
h,1,0,59,53
h,1,0,60,60
h,1,0,61,67
h,1,0,62,74
h,1,0,63,81
h,1,0,64,88
h,1,0,65,95
h,1,0,66,102
h,1,0,67,109
h,1,0,68,116
h,1,0,69,123
h,1,0,70,-126
h,1,0,71,-119
h,1,0,72,-112
h,1,0,73,-105
h,1,0,74,-98
h,1,0,75,-91
h,1,0,76,-84
h,1,0,77,-77
h,1,0,78,-70
h,1,0,79,-63
h,1,0,80,-56
h,1,0,81,-49
h,1,0,82,-42
h,1,0,83,-35
h,1,0,84,-28
h,1,0,85,-21
h,1,0,86,-14
h,1,0,87,-7
h,1,0,88,0
h,1,0,89,7
h,1,0,90,14
h,1,0,91,21
h,1,0,92,28
h,1,0,93,35
h,1,0,94,42
h,1,0,95,49
h,1,0,96,56
h,1,0,97,63
h,1,0,98,70
h,1,0,99,77
h,1,0,100,84
h,1,0,101,91
h,1,0,102,98
h,1,0,103,105
h,1,0,104,112
h,1,0,105,119
h,1,0,106,126
h,1,0,107,-123
h,1,0,108,-116
h,1,0,109,-109
h,1,0,110,-102
h,1,0,111,-95
h,1,0,112,-88
h,1,0,113,-81
h,1,0,114,-74
h,1,0,115,-67
h,1,0,116,-60
h,1,0,117,-53
h,1,0,118,-46
h,1,0,119,-39
h,1,0,120,-32
h,1,0,121,-25
h,1,0,122,-18
h,1,0,123,-11
h,1,0,124,-4
h,1,0,125,3
h,1,0,126,10
h,1,0,127,17
h,1,0,128,24
h,1,0,129,31
h,1,0,130,38
h,1,0,131,45
h,1,0,132,52
h,1,0,133,59
h,1,0,134,66
h,1,0,135,73
h,1,0,136,80
h,1,0,137,87
h,1,0,138,94
h,1,0,139,101
h,1,0,140,108
h,1,0,141,115
h,1,0,142,122
h,1,0,143,-127
h,1,0,144,-120
h,1,0,145,-113
h,1,0,146,-106
h,1,0,147,-99
h,1,0,148,-92
h,1,0,149,-85
h,1,0,150,-78
h,1,0,151,-71
h,1,0,152,-64
h,1,0,153,-57
h,1,0,154,-50
h,1,0,155,-43
h,1,0,156,-36
h,1,0,157,-29
h,1,0,158,-22
h,1,0,159,-15
h,1,0,160,-8
h,1,0,161,-1
h,1,0,162,6
h,1,0,163,13
h,1,0,164,20
h,1,0,165,27
h,1,0,166,34
h,1,0,167,41
h,1,0,168,48
h,1,0,169,55
h,1,0,170,62
h,1,0,171,69
h,1,0,172,76
h,1,0,173,83
h,1,0,174,90
h,1,0,175,97
h,1,0,176,104
h,1,0,177,111
h,1,0,178,118
h,1,0,179,125
h,1,0,180,-124
h,1,0,181,-117
h,1,0,182,-110
h,1,0,183,-103
h,1,0,184,-96
h,1,0,185,-89
h,1,0,186,-82
h,1,0,187,-75
h,1,0,188,-68
h,1,0,189,-61
h,1,0,190,-54
h,1,0,191,-47
h,1,0,192,-40
h,1,0,193,-33
h,1,0,194,-26
h,1,0,195,-19
h,1,0,196,-12
h,1,0,197,-5
h,1,0,198,2
h,1,0,199,9
h,1,0,200,16
h,1,0,201,23
h,1,0,202,30
h,1,0,203,37
h,1,0,204,44
h,1,0,205,51
h,1,0,206,58
h,1,0,207,65
h,1,0,208,72
h,1,0,209,79
h,1,0,210,86
h,1,0,211,93
h,1,0,212,100
h,1,0,213,107
h,1,0,214,114
h,1,0,215,121
h,1,0,216,-128
h,1,0,217,-121
h,1,0,218,-114
h,1,0,219,-107
h,1,0,220,-100
h,1,0,221,-93
h,1,0,222,-86
h,1,0,223,-79
h,1,0,224,-72
h,1,0,225,-65
h,1,0,226,-58
h,1,0,227,-51
h,1,0,228,-44
h,1,0,229,-37
h,1,0,230,-30
h,1,0,231,-23
h,1,0,232,-16
h,1,0,233,-9
h,1,0,234,-2
h,1,0,235,5
h,1,0,236,12
h,1,0,237,19
h,1,0,238,26
h,1,0,239,33
h,1,0,240,40
h,1,0,241,47
h,1,0,242,54
h,1,0,243,61
h,1,0,244,68
h,1,0,245,75
h,1,0,246,82
h,1,0,247,89
h,1,0,248,96
h,1,0,249,103
h,1,0,250,110
h,1,0,251,117
h,1,0,252,124
h,1,0,253,-125
h,1,0,254,-118
h,1,0,255,-111
h,1,0,256,-104
h,1,0,257,-97
h,1,0,258,-90
h,1,0,259,-83
h,1,0,260,-76
h,1,0,261,-69
h,1,0,262,-62
h,1,0,263,-55
h,1,0,264,-48
h,1,0,265,-41
h,1,0,266,-34
h,1,0,267,-27
h,1,0,268,-20
h,1,0,269,-13
h,1,0,270,-6
h,1,0,271,1
h,1,0,272,8
h,1,0,273,15
h,1,0,274,22
h,1,0,275,29
h,1,0,276,36
h,1,0,277,43
h,1,0,278,50
h,1,0,279,57
h,1,0,280,64
h,1,0,281,71
h,1,0,282,78
h,1,0,283,85
h,1,0,284,92
h,1,0,285,99
h,1,0,286,106
h,1,0,287,113
h,1,0,288,120
h,1,0,289,127
h,1,0,290,-122
h,1,0,291,-115
h,1,0,292,-108
h,1,0,293,-101
h,1,0,294,-94
h,1,0,295,-87
h,1,0,296,-80
h,1,0,297,-73
h,1,0,298,-66
h,1,0,299,-59
h,1,0,300,-52
h,1,0,301,-45
h,1,0,302,-38
h,1,0,303,-31
h,1,0,304,-24
h,1,0,305,-17
h,1,0,306,-10
h,1,0,307,-3
h,1,0,308,4
h,1,0,309,11
h,1,0,310,18
h,1,0,311,25
h,1,0,312,32
h,1,0,313,39
h,1,0,314,46
h,1,0,315,53
h,1,0,316,60
h,1,0,317,67
h,1,0,318,74
h,1,0,319,81
h,1,0,320,88
h,1,0,321,95
h,1,0,322,102
h,1,0,323,109
h,1,0,324,116
h,1,0,325,123
h,1,0,326,-126
h,1,0,327,-119
h,1,0,328,-112
h,1,0,329,-105
h,1,0,330,-98
h,1,0,331,-91
h,1,0,332,-84
h,1,0,333,-77
h,1,0,334,-70
h,1,0,335,-63
h,1,0,336,-56
h,1,0,337,-49
h,1,0,338,-42
h,1,0,339,-35
h,1,0,340,-28
h,1,0,341,-21
h,1,0,342,-14
h,1,0,343,-7
h,1,0,344,0
h,1,0,345,7
h,1,0,346,14
h,1,0,347,21
h,1,0,348,28
h,1,0,349,35
h,1,0,350,42
h,1,0,351,49
h,1,0,352,56
h,1,0,353,63
h,1,0,354,70
h,1,0,355,77
h,1,0,356,84
h,1,0,357,91
h,1,0,358,98
h,1,0,359,105
h,1,0,360,112
h,1,0,361,119
h,1,0,362,126
h,1,0,363,-123
h,1,0,364,-116
h,1,0,365,-109
h,1,0,366,-102
h,1,0,367,-95
h,1,0,368,-88
h,1,0,369,-81
h,1,0,370,-74
h,1,0,371,-67
h,1,0,372,-60
h,1,0,373,-53
h,1,0,374,-46
h,1,0,375,-39
h,1,0,376,-32
h,1,0,377,-25
h,1,0,378,-18
h,1,0,379,-11
h,1,0,380,-4
h,1,0,381,3
h,1,0,382,10
h,1,0,383,17
h,1,0,384,24
h,1,0,385,31
h,1,0,386,38
h,1,0,387,45
h,1,0,388,52
h,1,0,389,59
h,1,0,390,66
h,1,0,391,73
h,1,0,392,80
h,1,0,393,87
h,1,0,394,94
h,1,0,395,101
h,1,0,396,108
h,1,0,397,115
h,1,0,398,122
h,1,0,399,-127
h,1,0,400,-120
h,1,0,401,-113
h,1,0,402,-106
h,1,0,403,-99
h,1,0,404,-92
h,1,0,405,-85
h,1,0,406,-78
h,1,0,407,-71
h,1,0,408,-64
h,1,0,409,-57
h,1,0,410,-50
h,1,0,411,-43
h,1,0,412,-36
h,1,0,413,-29
h,1,0,414,-22
h,1,0,415,-15
h,1,0,416,-8
h,1,0,417,-1
h,1,0,418,6
h,1,0,419,13
h,1,0,420,20
h,1,0,421,27
h,1,0,422,34
h,1,0,423,41
h,1,0,424,48
h,1,0,425,55
h,1,0,426,62
h,1,0,427,69
h,1,0,428,76
h,1,0,429,83
h,1,0,430,90
h,1,0,431,97
h,1,0,432,104
h,1,0,433,111
h,1,0,434,118
h,1,0,435,125
h,1,0,436,-124
h,1,0,437,-117
h,1,0,438,-110
h,1,0,439,-103
h,1,0,440,-96
h,1,0,441,-89
h,1,0,442,-82
h,1,0,443,-75
h,1,0,444,-68
h,1,0,445,-61
h,1,0,446,-54
h,1,0,447,-47
h,1,0,448,-40
h,1,0,449,-33
h,1,0,450,-26
h,1,0,451,-19
h,1,0,452,-12
h,1,0,453,-5
h,1,0,454,2
h,1,0,455,9
h,1,0,456,16
h,1,0,457,23
h,1,0,458,30
h,1,0,459,37
h,1,0,460,44
h,1,0,461,51
h,1,0,462,58
h,1,0,463,65
h,1,0,464,72
h,1,0,465,79
h,1,0,466,86
h,1,0,467,93
h,1,0,468,100
h,1,0,469,107
h,1,0,470,114
h,1,0,471,121
h,1,0,472,-128
h,1,0,473,-121
h,1,0,474,-114
h,1,0,475,-107
h,1,0,476,-100
h,1,0,477,-93
h,1,0,478,-86
h,1,0,479,-79
h,1,0,480,-72
h,1,0,481,-65
h,1,0,482,-58
h,1,0,483,-51
h,1,0,484,-44
h,1,0,485,-37
h,1,0,486,-30
h,1,0,487,-23
h,1,0,488,-16
h,1,0,489,-9
h,1,0,490,-2
h,1,0,491,5
h,1,0,492,12
h,1,0,493,19
h,1,0,494,26
h,1,0,495,33
h,1,0,496,40
h,1,0,497,47
h,1,0,498,54
h,1,0,499,61
h,1,0,500,68
h,1,0,501,75
h,1,0,502,82
h,1,0,503,89
h,1,0,504,96
h,1,0,505,103
h,1,0,506,110
h,1,0,507,117
h,1,0,508,124
h,1,0,509,-125
h,1,0,510,-118
h,1,1,0,-93
h,1,1,1,-86
h,1,1,2,-79
h,1,1,3,-72
h,1,1,4,-65
h,1,1,5,-58
h,1,1,6,-51
h,1,1,7,-44
h,1,1,8,-37
h,1,1,9,-30
h,1,1,10,-23
h,1,1,11,-16
h,1,1,12,-9
h,1,1,13,-2
h,1,1,14,5
h,1,1,15,12
h,1,1,16,19
h,1,1,17,26
h,1,1,18,33
h,1,1,19,40
h,1,1,20,47
h,1,1,21,54
h,1,1,22,61
h,1,1,23,68
h,1,1,24,75
h,1,1,25,82
h,1,1,26,89
h,1,1,27,96
h,1,1,28,103
h,1,1,29,110
h,1,1,30,117
h,1,1,31,124
h,1,1,32,-125
h,1,1,33,-118
h,1,1,34,-111
h,1,1,35,-104
h,1,1,36,-97
h,1,1,37,-90
h,1,1,38,-83
h,1,1,39,-76
h,1,1,40,-69
h,1,1,41,-62
h,1,1,42,-55
h,1,1,43,-48
h,1,1,44,-41
h,1,1,45,-34
h,1,1,46,-27
h,1,1,47,-20
h,1,1,48,-13
h,1,1,49,-6
h,1,1,50,1
h,1,1,51,8
h,1,1,52,15
h,1,1,53,22
h,1,1,54,29
h,1,1,55,36
h,1,1,56,43
h,1,1,57,50
h,1,1,58,57
h,1,1,59,64
h,1,1,60,71
h,1,1,61,78
h,1,1,62,85
h,1,1,63,92
h,1,1,64,99
h,1,1,65,106
h,1,1,66,113
h,1,1,67,120
h,1,1,68,127
h,1,1,69,-122
h,1,1,70,-115
h,1,1,71,-108
h,1,1,72,-101
h,1,1,73,-94
h,1,1,74,-87
h,1,1,75,-80
h,1,1,76,-73
h,1,1,77,-66
h,1,1,78,-59
h,1,1,79,-52
h,1,1,80,-45
h,1,1,81,-38
h,1,1,82,-31
h,1,1,83,-24
h,1,1,84,-17
h,1,1,85,-10
h,1,1,86,-3
h,1,1,87,4
h,1,1,88,11
h,1,1,89,18
h,1,1,90,25
h,1,1,91,32
h,1,1,92,39
h,1,1,93,46
h,1,1,94,53
h,1,1,95,60
h,1,1,96,67
h,1,1,97,74
h,1,1,98,81
h,1,1,99,88
h,1,1,100,95
h,1,1,101,102
h,1,1,102,109
h,1,1,103,116
h,1,1,104,123
h,1,1,105,-126
h,1,1,106,-119
h,1,1,107,-112
h,1,1,108,-105
h,1,1,109,-98
h,1,1,110,-91
h,1,1,111,-84
h,1,1,112,-77
h,1,1,113,-70
h,1,1,114,-63
h,1,1,115,-56
h,1,1,116,-49
h,1,1,117,-42
h,1,1,118,-35
h,1,1,119,-28
h,1,1,120,-21
h,1,1,121,-14
h,1,1,122,-7
h,1,1,123,0
h,1,1,124,7
h,1,1,125,14
h,1,1,126,21
h,1,1,127,28
h,1,1,128,35
h,1,1,129,42
h,1,1,130,49
h,1,1,131,56
h,1,1,132,63
h,1,1,133,70
h,1,1,134,77
h,1,1,135,84
h,1,1,136,91
h,1,1,137,98
h,1,1,138,105
h,1,1,139,112
h,1,1,140,119
h,1,1,141,126
h,1,1,142,-123
h,1,1,143,-116
h,1,1,144,-109
h,1,1,145,-102
h,1,1,146,-95
h,1,1,147,-88
h,1,1,148,-81
h,1,1,149,-74
h,1,1,150,-67
h,1,1,151,-60
h,1,1,152,-53
h,1,1,153,-46
h,1,1,154,-39
h,1,1,155,-32
h,1,1,156,-25
h,1,1,157,-18
h,1,1,158,-11
h,1,1,159,-4
h,1,1,160,3
h,1,1,161,10
h,1,1,162,17
h,1,1,163,24
h,1,1,164,31
h,1,1,165,38
h,1,1,166,45
h,1,1,167,52
h,1,1,168,59
h,1,1,169,66
h,1,1,170,73
h,1,1,171,80
h,1,1,172,87
h,1,1,173,94
h,1,1,174,101
h,1,1,175,108
h,1,1,176,115
h,1,1,177,122
h,1,1,178,-127
h,1,1,179,-120
h,1,1,180,-113
h,1,1,181,-106
h,1,1,182,-99
h,1,1,183,-92
h,1,1,184,-85
h,1,1,185,-78
h,1,1,186,-71
h,1,1,187,-64
h,1,1,188,-57
h,1,1,189,-50
h,1,1,190,-43
h,1,1,191,-36
h,1,1,192,-29
h,1,1,193,-22
h,1,1,194,-15
h,1,1,195,-8
h,1,1,196,-1
h,1,1,197,6
h,1,1,198,13
h,1,1,199,20
h,1,1,200,27
h,1,1,201,34
h,1,1,202,41
h,1,1,203,48
h,1,1,204,55
h,1,1,205,62
h,1,1,206,69
h,1,1,207,76
h,1,1,208,83
h,1,1,209,90
h,1,1,210,97
h,1,1,211,104
h,1,1,212,111
h,1,1,213,118
h,1,1,214,125
h,1,1,215,-124
h,1,1,216,-117
h,1,1,217,-110
h,1,1,218,-103
h,1,1,219,-96
h,1,1,220,-89
h,1,1,221,-82
h,1,1,222,-75
h,1,1,223,-68
h,1,1,224,-61
h,1,1,225,-54
h,1,1,226,-47
h,1,1,227,-40
h,1,1,228,-33
h,1,1,229,-26
h,1,1,230,-19
h,1,1,231,-12
h,1,1,232,-5
h,1,1,233,2
h,1,1,234,9
h,1,1,235,16
h,1,1,236,23
h,1,1,237,30
h,1,1,238,37
h,1,1,239,44
h,1,1,240,51
h,1,1,241,58
h,1,1,242,65
h,1,1,243,72
h,1,1,244,79
h,1,1,245,86
h,1,1,246,93
h,1,1,247,100
h,1,1,248,107
h,1,1,249,114
h,1,1,250,121
h,1,1,251,-128
h,1,1,252,-121
h,1,1,253,-114
h,1,1,254,-107
h,1,1,255,-100
h,1,1,256,-93
h,1,1,257,-86
h,1,1,258,-79
h,1,1,259,-72
h,1,1,260,-65
h,1,1,261,-58
h,1,1,262,-51
h,1,1,263,-44
h,1,1,264,-37
h,1,1,265,-30
h,1,1,266,-23
h,1,1,267,-16
h,1,1,268,-9
h,1,1,269,-2
h,1,1,270,5
h,1,1,271,12
h,1,1,272,19
h,1,1,273,26
h,1,1,274,33
h,1,1,275,40
h,1,1,276,47
h,1,1,277,54
h,1,1,278,61
h,1,1,279,68
h,1,1,280,75
h,1,1,281,82
h,1,1,282,89
h,1,1,283,96
h,1,1,284,103
h,1,1,285,110
h,1,1,286,117
h,1,1,287,124
h,1,1,288,-125
h,1,1,289,-118
h,1,1,290,-111
h,1,1,291,-104
h,1,1,292,-97
h,1,1,293,-90
h,1,1,294,-83
h,1,1,295,-76
h,1,1,296,-69
h,1,1,297,-62
h,1,1,298,-55
h,1,1,299,-48
h,1,1,300,-41
h,1,1,301,-34
h,1,1,302,-27
h,1,1,303,-20
h,1,1,304,-13
h,1,1,305,-6
h,1,1,306,1
h,1,1,307,8
h,1,1,308,15
h,1,1,309,22
h,1,1,310,29
h,1,1,311,36
h,1,1,312,43
h,1,1,313,50
h,1,1,314,57
h,1,1,315,64
h,1,1,316,71
h,1,1,317,78
h,1,1,318,85
h,1,1,319,92
h,1,1,320,99
h,1,1,321,106
h,1,1,322,113
h,1,1,323,120
h,1,1,324,127
h,1,1,325,-122
h,1,1,326,-115
h,1,1,327,-108
h,1,1,328,-101
h,1,1,329,-94
h,1,1,330,-87
h,1,1,331,-80
h,1,1,332,-73
h,1,1,333,-66
h,1,1,334,-59
h,1,1,335,-52
h,1,1,336,-45
h,1,1,337,-38
h,1,1,338,-31
h,1,1,339,-24
h,1,1,340,-17
h,1,1,341,-10
h,1,1,342,-3
h,1,1,343,4
h,1,1,344,11
h,1,1,345,18
h,1,1,346,25
h,1,1,347,32
h,1,1,348,39
h,1,1,349,46
h,1,1,350,53
h,1,1,351,60
h,1,1,352,67
h,1,1,353,74
h,1,1,354,81
h,1,1,355,88
h,1,1,356,95
h,1,1,357,102
h,1,1,358,109
h,1,1,359,116
h,1,1,360,123
h,1,1,361,-126
h,1,1,362,-119
h,1,1,363,-112
h,1,1,364,-105
h,1,1,365,-98
h,1,1,366,-91
h,1,1,367,-84
h,1,1,368,-77
h,1,1,369,-70
h,1,1,370,-63
h,1,1,371,-56
h,1,1,372,-49
h,1,1,373,-42
h,1,1,374,-35
h,1,1,375,-28
h,1,1,376,-21
h,1,1,377,-14
h,1,1,378,-7
h,1,1,379,0
h,1,1,380,7
h,1,1,381,14
h,1,1,382,21
h,1,1,383,28
h,1,1,384,35
h,1,1,385,42
h,1,1,386,49
h,1,1,387,56
h,1,1,388,63
h,1,1,389,70
h,1,1,390,77
h,1,1,391,84
h,1,1,392,91
h,1,1,393,98
h,1,1,394,105
h,1,1,395,112
h,1,1,396,119
h,1,1,397,126
h,1,1,398,-123
h,1,1,399,-116
h,1,1,400,-109
h,1,1,401,-102
h,1,1,402,-95
h,1,1,403,-88
h,1,1,404,-81
h,1,1,405,-74
h,1,1,406,-67
h,1,1,407,-60
h,1,1,408,-53
h,1,1,409,-46
h,1,1,410,-39
h,1,1,411,-32
h,1,1,412,-25
h,1,1,413,-18
h,1,1,414,-11
h,1,1,415,-4
h,1,1,416,3
h,1,1,417,10
h,1,1,418,17
h,1,1,419,24
h,1,1,420,31
h,1,1,421,38
h,1,1,422,45
h,1,1,423,52
h,1,1,424,59
h,1,1,425,66
h,1,1,426,73
h,1,1,427,80
h,1,1,428,87
h,1,1,429,94
h,1,1,430,101
h,1,1,431,108
h,1,1,432,115
h,1,1,433,122
h,1,1,434,-127
h,1,1,435,-120
h,1,1,436,-113
h,1,1,437,-106
h,1,1,438,-99
h,1,1,439,-92
h,1,1,440,-85
h,1,1,441,-78
h,1,1,442,-71
h,1,1,443,-64
h,1,1,444,-57
h,1,1,445,-50
h,1,1,446,-43
h,1,1,447,-36
h,1,1,448,-29
h,1,1,449,-22
h,1,1,450,-15
h,1,1,451,-8
h,1,1,452,-1
h,1,1,453,6
h,1,1,454,13
h,1,1,455,20
h,1,1,456,27
h,1,1,457,34
h,1,1,458,41
h,1,1,459,48
h,1,1,460,55
h,1,1,461,62
h,1,1,462,69
h,1,1,463,76
h,1,1,464,83
h,1,1,465,90
h,1,1,466,97
h,1,1,467,104
h,1,1,468,111
h,1,1,469,118
h,1,1,470,125
h,1,1,471,-124
h,1,1,472,-117
h,1,1,473,-110
h,1,1,474,-103
h,1,1,475,-96
h,1,1,476,-89
h,1,1,477,-82
h,1,1,478,-75
h,1,1,479,-68
h,1,1,480,-61
h,1,1,481,-54
h,1,1,482,-47
h,1,1,483,-40
h,1,1,484,-33
h,1,1,485,-26
h,1,1,486,-19
h,1,1,487,-12
h,1,1,488,-5
h,1,1,489,2
h,1,1,490,9
h,1,1,491,16
h,1,1,492,23
h,1,1,493,30
h,1,1,494,37
h,1,1,495,44
h,1,1,496,51
h,1,1,497,58
h,1,1,498,65
h,1,1,499,72
h,1,1,500,79
h,1,1,501,86
h,1,1,502,93
h,1,1,503,100
h,1,1,504,107
h,1,1,505,114
h,1,1,506,121
h,1,1,507,-128
h,1,1,508,-121
h,1,1,509,-114
h,1,1,510,-107
h,1,2,0,-82
h,1,2,1,-75
h,1,2,2,-68
h,1,2,3,-61
h,1,2,4,-54
h,1,2,5,-47
h,1,2,6,-40
h,1,2,7,-33
h,1,2,8,-26
h,1,2,9,-19
h,1,2,10,-12
h,1,2,11,-5
h,1,2,12,2
h,1,2,13,9
h,1,2,14,16
h,1,2,15,23
h,1,2,16,30
h,1,2,17,37
h,1,2,18,44
h,1,2,19,51
h,1,2,20,58
h,1,2,21,65
h,1,2,22,72
h,1,2,23,79
h,1,2,24,86
h,1,2,25,93
h,1,2,26,100
h,1,2,27,107
h,1,2,28,114
h,1,2,29,121
h,1,2,30,-128
h,1,2,31,-121
h,1,2,32,-114
h,1,2,33,-107
h,1,2,34,-100
h,1,2,35,-93
h,1,2,36,-86
h,1,2,37,-79
h,1,2,38,-72
h,1,2,39,-65
h,1,2,40,-58
h,1,2,41,-51
h,1,2,42,-44
h,1,2,43,-37
h,1,2,44,-30
h,1,2,45,-23
h,1,2,46,-16
h,1,2,47,-9
h,1,2,48,-2
h,1,2,49,5
h,1,2,50,12
h,1,2,51,19
h,1,2,52,26
h,1,2,53,33
h,1,2,54,40
h,1,2,55,47
h,1,2,56,54
h,1,2,57,61
h,1,2,58,68
h,1,2,59,75
h,1,2,60,82
h,1,2,61,89
h,1,2,62,96
h,1,2,63,103
h,1,2,64,110
h,1,2,65,117
h,1,2,66,124
h,1,2,67,-125
h,1,2,68,-118
h,1,2,69,-111
h,1,2,70,-104
h,1,2,71,-97
h,1,2,72,-90
h,1,2,73,-83
h,1,2,74,-76
h,1,2,75,-69
h,1,2,76,-62
h,1,2,77,-55
h,1,2,78,-48
h,1,2,79,-41
h,1,2,80,-34
h,1,2,81,-27
h,1,2,82,-20
h,1,2,83,-13
h,1,2,84,-6
h,1,2,85,1
h,1,2,86,8
h,1,2,87,15
h,1,2,88,22
h,1,2,89,29
h,1,2,90,36
h,1,2,91,43
h,1,2,92,50
h,1,2,93,57
h,1,2,94,64
h,1,2,95,71
h,1,2,96,78
h,1,2,97,85
h,1,2,98,92
h,1,2,99,99
h,1,2,100,106
h,1,2,101,113
h,1,2,102,120
h,1,2,103,127
h,1,2,104,-122
h,1,2,105,-115
h,1,2,106,-108
h,1,2,107,-101
h,1,2,108,-94
h,1,2,109,-87
h,1,2,110,-80
h,1,2,111,-73
h,1,2,112,-66
h,1,2,113,-59
h,1,2,114,-52
h,1,2,115,-45
h,1,2,116,-38
h,1,2,117,-31
h,1,2,118,-24
h,1,2,119,-17
h,1,2,120,-10
h,1,2,121,-3
h,1,2,122,4
h,1,2,123,11
h,1,2,124,18
h,1,2,125,25
h,1,2,126,32
h,1,2,127,39
h,1,2,128,46
h,1,2,129,53
h,1,2,130,60
h,1,2,131,67
h,1,2,132,74
h,1,2,133,81
h,1,2,134,88
h,1,2,135,95
h,1,2,136,102
h,1,2,137,109
h,1,2,138,116
h,1,2,139,123
h,1,2,140,-126
h,1,2,141,-119
h,1,2,142,-112
h,1,2,143,-105
h,1,2,144,-98
h,1,2,145,-91
h,1,2,146,-84
h,1,2,147,-77
h,1,2,148,-70
h,1,2,149,-63
h,1,2,150,-56
h,1,2,151,-49
h,1,2,152,-42
h,1,2,153,-35
h,1,2,154,-28
h,1,2,155,-21
h,1,2,156,-14
h,1,2,157,-7
h,1,2,158,0
h,1,2,159,7
h,1,2,160,14
h,1,2,161,21
h,1,2,162,28
h,1,2,163,35
h,1,2,164,42
h,1,2,165,49
h,1,2,166,56
h,1,2,167,63
h,1,2,168,70
h,1,2,169,77
h,1,2,170,84
h,1,2,171,91
h,1,2,172,98
h,1,2,173,105
h,1,2,174,112
h,1,2,175,119
h,1,2,176,126
h,1,2,177,-123
h,1,2,178,-116
h,1,2,179,-109
h,1,2,180,-102
h,1,2,181,-95
h,1,2,182,-88
h,1,2,183,-81
h,1,2,184,-74
h,1,2,185,-67
h,1,2,186,-60
h,1,2,187,-53
h,1,2,188,-46
h,1,2,189,-39
h,1,2,190,-32
h,1,2,191,-25
h,1,2,192,-18
h,1,2,193,-11
h,1,2,194,-4
h,1,2,195,3
h,1,2,196,10
h,1,2,197,17
h,1,2,198,24
h,1,2,199,31
h,1,2,200,38
h,1,2,201,45
h,1,2,202,52
h,1,2,203,59
h,1,2,204,66
h,1,2,205,73
h,1,2,206,80
h,1,2,207,87
h,1,2,208,94
h,1,2,209,101
h,1,2,210,108
h,1,2,211,115
h,1,2,212,122
h,1,2,213,-127
h,1,2,214,-120
h,1,2,215,-113
h,1,2,216,-106
h,1,2,217,-99
h,1,2,218,-92
h,1,2,219,-85
h,1,2,220,-78
h,1,2,221,-71
h,1,2,222,-64
h,1,2,223,-57
h,1,2,224,-50
h,1,2,225,-43
h,1,2,226,-36
h,1,2,227,-29
h,1,2,228,-22
h,1,2,229,-15
h,1,2,230,-8
h,1,2,231,-1
h,1,2,232,6
h,1,2,233,13
h,1,2,234,20
h,1,2,235,27
h,1,2,236,34
h,1,2,237,41
h,1,2,238,48
h,1,2,239,55
h,1,2,240,62
h,1,2,241,69
h,1,2,242,76
h,1,2,243,83
h,1,2,244,90
h,1,2,245,97
h,1,2,246,104
h,1,2,247,111
h,1,2,248,118
h,1,2,249,125
h,1,2,250,-124
h,1,2,251,-117
h,1,2,252,-110
h,1,2,253,-103
h,1,2,254,-96
h,1,2,255,-89
h,1,2,256,-82
h,1,2,257,-75
h,1,2,258,-68
h,1,2,259,-61
h,1,2,260,-54
h,1,2,261,-47
h,1,2,262,-40
h,1,2,263,-33
h,1,2,264,-26
h,1,2,265,-19
h,1,2,266,-12
h,1,2,267,-5
h,1,2,268,2
h,1,2,269,9
h,1,2,270,16
h,1,2,271,23
h,1,2,272,30
h,1,2,273,37
h,1,2,274,44
h,1,2,275,51
h,1,2,276,58
h,1,2,277,65
h,1,2,278,72
h,1,2,279,79
h,1,2,280,86
h,1,2,281,93
h,1,2,282,100
h,1,2,283,107
h,1,2,284,114
h,1,2,285,121
h,1,2,286,-128
h,1,2,287,-121
h,1,2,288,-114
h,1,2,289,-107
h,1,2,290,-100
h,1,2,291,-93
h,1,2,292,-86
h,1,2,293,-79
h,1,2,294,-72
h,1,2,295,-65
h,1,2,296,-58
h,1,2,297,-51
h,1,2,298,-44
h,1,2,299,-37
h,1,2,300,-30
h,1,2,301,-23
h,1,2,302,-16
h,1,2,303,-9
h,1,2,304,-2
h,1,2,305,5
h,1,2,306,12
h,1,2,307,19
h,1,2,308,26
h,1,2,309,33
h,1,2,310,40
h,1,2,311,47
h,1,2,312,54
h,1,2,313,61
h,1,2,314,68
h,1,2,315,75
h,1,2,316,82
h,1,2,317,89
h,1,2,318,96
h,1,2,319,103
h,1,2,320,110
h,1,2,321,117
h,1,2,322,124
h,1,2,323,-125
h,1,2,324,-118
h,1,2,325,-111
h,1,2,326,-104
h,1,2,327,-97
h,1,2,328,-90
h,1,2,329,-83
h,1,2,330,-76
h,1,2,331,-69
h,1,2,332,-62
h,1,2,333,-55
h,1,2,334,-48
h,1,2,335,-41
h,1,2,336,-34
h,1,2,337,-27
h,1,2,338,-20
h,1,2,339,-13
h,1,2,340,-6
h,1,2,341,1
h,1,2,342,8
h,1,2,343,15
h,1,2,344,22
h,1,2,345,29
h,1,2,346,36
h,1,2,347,43
h,1,2,348,50
h,1,2,349,57
h,1,2,350,64
h,1,2,351,71
h,1,2,352,78
h,1,2,353,85
h,1,2,354,92
h,1,2,355,99
h,1,2,356,106
h,1,2,357,113
h,1,2,358,120
h,1,2,359,127
h,1,2,360,-122
h,1,2,361,-115
h,1,2,362,-108
h,1,2,363,-101
h,1,2,364,-94
h,1,2,365,-87
h,1,2,366,-80
h,1,2,367,-73
h,1,2,368,-66
h,1,2,369,-59
h,1,2,370,-52
h,1,2,371,-45
h,1,2,372,-38
h,1,2,373,-31
h,1,2,374,-24
h,1,2,375,-17
h,1,2,376,-10
h,1,2,377,-3
h,1,2,378,4
h,1,2,379,11
h,1,2,380,18
h,1,2,381,25
h,1,2,382,32
h,1,2,383,39
h,1,2,384,46
h,1,2,385,53
h,1,2,386,60
h,1,2,387,67
h,1,2,388,74
h,1,2,389,81
h,1,2,390,88
h,1,2,391,95
h,1,2,392,102
h,1,2,393,109
h,1,2,394,116
h,1,2,395,123
h,1,2,396,-126
h,1,2,397,-119
h,1,2,398,-112
h,1,2,399,-105
h,1,2,400,-98
h,1,2,401,-91
h,1,2,402,-84
h,1,2,403,-77
h,1,2,404,-70
h,1,2,405,-63
h,1,2,406,-56
h,1,2,407,-49
h,1,2,408,-42
h,1,2,409,-35
h,1,2,410,-28
h,1,2,411,-21
h,1,2,412,-14
h,1,2,413,-7
h,1,2,414,0
h,1,2,415,7
h,1,2,416,14
h,1,2,417,21
h,1,2,418,28
h,1,2,419,35
h,1,2,420,42
h,1,2,421,49
h,1,2,422,56
h,1,2,423,63
h,1,2,424,70
h,1,2,425,77
h,1,2,426,84
h,1,2,427,91
h,1,2,428,98
h,1,2,429,105
h,1,2,430,112
h,1,2,431,119
h,1,2,432,126
h,1,2,433,-123
h,1,2,434,-116
h,1,2,435,-109
h,1,2,436,-102
h,1,2,437,-95
h,1,2,438,-88
h,1,2,439,-81
h,1,2,440,-74
h,1,2,441,-67
h,1,2,442,-60
h,1,2,443,-53
h,1,2,444,-46
h,1,2,445,-39
h,1,2,446,-32
h,1,2,447,-25
h,1,2,448,-18
h,1,2,449,-11
h,1,2,450,-4
h,1,2,451,3
h,1,2,452,10
h,1,2,453,17
h,1,2,454,24
h,1,2,455,31
h,1,2,456,38
h,1,2,457,45
h,1,2,458,52
h,1,2,459,59
h,1,2,460,66
h,1,2,461,73
h,1,2,462,80
h,1,2,463,87
h,1,2,464,94
h,1,2,465,101
h,1,2,466,108
h,1,2,467,115
h,1,2,468,122
h,1,2,469,-127
h,1,2,470,-120
h,1,2,471,-113
h,1,2,472,-106
h,1,2,473,-99
h,1,2,474,-92
h,1,2,475,-85
h,1,2,476,-78
h,1,2,477,-71
h,1,2,478,-64
h,1,2,479,-57
h,1,2,480,-50
h,1,2,481,-43
h,1,2,482,-36
h,1,2,483,-29
h,1,2,484,-22
h,1,2,485,-15
h,1,2,486,-8
h,1,2,487,-1
h,1,2,488,6
h,1,2,489,13
h,1,2,490,20
h,1,2,491,27
h,1,2,492,34
h,1,2,493,41
h,1,2,494,48
h,1,2,495,55
h,1,2,496,62
h,1,2,497,69
h,1,2,498,76
h,1,2,499,83
h,1,2,500,90
h,1,2,501,97
h,1,2,502,104
h,1,2,503,111
h,1,2,504,118
h,1,2,505,125
h,1,2,506,-124
h,1,2,507,-117
h,1,2,508,-110
h,1,2,509,-103
h,1,2,510,-96
h,1,3,0,-71
h,1,3,1,-64
h,1,3,2,-57
h,1,3,3,-50
h,1,3,4,-43
h,1,3,5,-36
h,1,3,6,-29
h,1,3,7,-22
h,1,3,8,-15
h,1,3,9,-8
h,1,3,10,-1
h,1,3,11,6
h,1,3,12,13
h,1,3,13,20
h,1,3,14,27
h,1,3,15,34
h,1,3,16,41
h,1,3,17,48
h,1,3,18,55
h,1,3,19,62
h,1,3,20,69
h,1,3,21,76
h,1,3,22,83
h,1,3,23,90
h,1,3,24,97
h,1,3,25,104
h,1,3,26,111
h,1,3,27,118
h,1,3,28,125
h,1,3,29,-124
h,1,3,30,-117
h,1,3,31,-110
h,1,3,32,-103
h,1,3,33,-96
h,1,3,34,-89
h,1,3,35,-82
h,1,3,36,-75
h,1,3,37,-68
h,1,3,38,-61
h,1,3,39,-54
h,1,3,40,-47
h,1,3,41,-40
h,1,3,42,-33
h,1,3,43,-26
h,1,3,44,-19
h,1,3,45,-12
h,1,3,46,-5
h,1,3,47,2
h,1,3,48,9
h,1,3,49,16
h,1,3,50,23
h,1,3,51,30
h,1,3,52,37
h,1,3,53,44
h,1,3,54,51
h,1,3,55,58
h,1,3,56,65
h,1,3,57,72
h,1,3,58,79
h,1,3,59,86
h,1,3,60,93
h,1,3,61,100
h,1,3,62,107
h,1,3,63,114
h,1,3,64,121
h,1,3,65,-128
h,1,3,66,-121
h,1,3,67,-114
h,1,3,68,-107
h,1,3,69,-100
h,1,3,70,-93
h,1,3,71,-86
h,1,3,72,-79
h,1,3,73,-72
h,1,3,74,-65
h,1,3,75,-58
h,1,3,76,-51
h,1,3,77,-44
h,1,3,78,-37
h,1,3,79,-30
h,1,3,80,-23
h,1,3,81,-16
h,1,3,82,-9
h,1,3,83,-2
h,1,3,84,5
h,1,3,85,12
h,1,3,86,19
h,1,3,87,26
h,1,3,88,33
h,1,3,89,40
h,1,3,90,47
h,1,3,91,54
h,1,3,92,61
h,1,3,93,68
h,1,3,94,75
h,1,3,95,82
h,1,3,96,89
h,1,3,97,96
h,1,3,98,103
h,1,3,99,110
h,1,3,100,117
h,1,3,101,124
h,1,3,102,-125
h,1,3,103,-118
h,1,3,104,-111
h,1,3,105,-104
h,1,3,106,-97
h,1,3,107,-90
h,1,3,108,-83
h,1,3,109,-76
h,1,3,110,-69
h,1,3,111,-62
h,1,3,112,-55
h,1,3,113,-48
h,1,3,114,-41
h,1,3,115,-34
h,1,3,116,-27
h,1,3,117,-20
h,1,3,118,-13
h,1,3,119,-6
h,1,3,120,1
h,1,3,121,8
h,1,3,122,15
h,1,3,123,22
h,1,3,124,29
h,1,3,125,36
h,1,3,126,43
h,1,3,127,50
h,1,3,128,57
h,1,3,129,64
h,1,3,130,71
h,1,3,131,78
h,1,3,132,85
h,1,3,133,92
h,1,3,134,99
h,1,3,135,106
h,1,3,136,113
h,1,3,137,120
h,1,3,138,127
h,1,3,139,-122
h,1,3,140,-115
h,1,3,141,-108
h,1,3,142,-101
h,1,3,143,-94
h,1,3,144,-87
h,1,3,145,-80
h,1,3,146,-73
h,1,3,147,-66
h,1,3,148,-59
h,1,3,149,-52
h,1,3,150,-45
h,1,3,151,-38
h,1,3,152,-31
h,1,3,153,-24
h,1,3,154,-17
h,1,3,155,-10
h,1,3,156,-3
h,1,3,157,4
h,1,3,158,11
h,1,3,159,18
h,1,3,160,25
h,1,3,161,32
h,1,3,162,39
h,1,3,163,46
h,1,3,164,53
h,1,3,165,60
h,1,3,166,67
h,1,3,167,74
h,1,3,168,81
h,1,3,169,88
h,1,3,170,95
h,1,3,171,102
h,1,3,172,109
h,1,3,173,116
h,1,3,174,123
h,1,3,175,-126
h,1,3,176,-119
h,1,3,177,-112
h,1,3,178,-105
h,1,3,179,-98
h,1,3,180,-91
h,1,3,181,-84
h,1,3,182,-77
h,1,3,183,-70
h,1,3,184,-63
h,1,3,185,-56
h,1,3,186,-49
h,1,3,187,-42
h,1,3,188,-35
h,1,3,189,-28
h,1,3,190,-21
h,1,3,191,-14
h,1,3,192,-7
h,1,3,193,0
h,1,3,194,7
h,1,3,195,14
h,1,3,196,21
h,1,3,197,28
h,1,3,198,35
h,1,3,199,42
h,1,3,200,49
h,1,3,201,56
h,1,3,202,63
h,1,3,203,70
h,1,3,204,77
h,1,3,205,84
h,1,3,206,91
h,1,3,207,98
h,1,3,208,105
h,1,3,209,112
h,1,3,210,119
h,1,3,211,126
h,1,3,212,-123
h,1,3,213,-116
h,1,3,214,-109
h,1,3,215,-102
h,1,3,216,-95
h,1,3,217,-88
h,1,3,218,-81
h,1,3,219,-74
h,1,3,220,-67
h,1,3,221,-60
h,1,3,222,-53
h,1,3,223,-46
h,1,3,224,-39
h,1,3,225,-32
h,1,3,226,-25
h,1,3,227,-18
h,1,3,228,-11
h,1,3,229,-4
h,1,3,230,3
h,1,3,231,10
h,1,3,232,17
h,1,3,233,24
h,1,3,234,31
h,1,3,235,38
h,1,3,236,45
h,1,3,237,52
h,1,3,238,59
h,1,3,239,66
h,1,3,240,73
h,1,3,241,80
h,1,3,242,87
h,1,3,243,94
h,1,3,244,101
h,1,3,245,108
h,1,3,246,115
h,1,3,247,122
h,1,3,248,-127
h,1,3,249,-120
h,1,3,250,-113
h,1,3,251,-106
h,1,3,252,-99
h,1,3,253,-92
h,1,3,254,-85
h,1,3,255,-78
h,1,3,256,-71
h,1,3,257,-64
h,1,3,258,-57
h,1,3,259,-50
h,1,3,260,-43
h,1,3,261,-36
h,1,3,262,-29
h,1,3,263,-22
h,1,3,264,-15
h,1,3,265,-8
h,1,3,266,-1
h,1,3,267,6
h,1,3,268,13
h,1,3,269,20
h,1,3,270,27
h,1,3,271,34
h,1,3,272,41
h,1,3,273,48
h,1,3,274,55
h,1,3,275,62
h,1,3,276,69
h,1,3,277,76
h,1,3,278,83
h,1,3,279,90
h,1,3,280,97
h,1,3,281,104
h,1,3,282,111
h,1,3,283,118
h,1,3,284,125
h,1,3,285,-124
h,1,3,286,-117
h,1,3,287,-110
h,1,3,288,-103
h,1,3,289,-96
h,1,3,290,-89
h,1,3,291,-82
h,1,3,292,-75
h,1,3,293,-68
h,1,3,294,-61
h,1,3,295,-54
h,1,3,296,-47
h,1,3,297,-40
h,1,3,298,-33
h,1,3,299,-26
h,1,3,300,-19
h,1,3,301,-12
h,1,3,302,-5
h,1,3,303,2
h,1,3,304,9
h,1,3,305,16
h,1,3,306,23
h,1,3,307,30
h,1,3,308,37
h,1,3,309,44
h,1,3,310,51
h,1,3,311,58
h,1,3,312,65
h,1,3,313,72
h,1,3,314,79
h,1,3,315,86
h,1,3,316,93
h,1,3,317,100
h,1,3,318,107
h,1,3,319,114
h,1,3,320,121
h,1,3,321,-128
h,1,3,322,-121
h,1,3,323,-114
h,1,3,324,-107
h,1,3,325,-100
h,1,3,326,-93
h,1,3,327,-86
h,1,3,328,-79
h,1,3,329,-72
h,1,3,330,-65
h,1,3,331,-58
h,1,3,332,-51
h,1,3,333,-44
h,1,3,334,-37
h,1,3,335,-30
h,1,3,336,-23
h,1,3,337,-16
h,1,3,338,-9
h,1,3,339,-2
h,1,3,340,5
h,1,3,341,12
h,1,3,342,19
h,1,3,343,26
h,1,3,344,33
h,1,3,345,40
h,1,3,346,47
h,1,3,347,54
h,1,3,348,61
h,1,3,349,68
h,1,3,350,75
h,1,3,351,82
h,1,3,352,89
h,1,3,353,96
h,1,3,354,103
h,1,3,355,110
h,1,3,356,117
h,1,3,357,124
h,1,3,358,-125
h,1,3,359,-118
h,1,3,360,-111
h,1,3,361,-104
h,1,3,362,-97
h,1,3,363,-90
h,1,3,364,-83
h,1,3,365,-76
h,1,3,366,-69
h,1,3,367,-62
h,1,3,368,-55
h,1,3,369,-48
h,1,3,370,-41
h,1,3,371,-34
h,1,3,372,-27
h,1,3,373,-20
h,1,3,374,-13
h,1,3,375,-6
h,1,3,376,1
h,1,3,377,8
h,1,3,378,15
h,1,3,379,22
h,1,3,380,29
h,1,3,381,36
h,1,3,382,43
h,1,3,383,50
h,1,3,384,57
h,1,3,385,64
h,1,3,386,71
h,1,3,387,78
h,1,3,388,85
h,1,3,389,92
h,1,3,390,99
h,1,3,391,106
h,1,3,392,113
h,1,3,393,120
h,1,3,394,127
h,1,3,395,-122
h,1,3,396,-115
h,1,3,397,-108
h,1,3,398,-101
h,1,3,399,-94
h,1,3,400,-87
h,1,3,401,-80
h,1,3,402,-73
h,1,3,403,-66
h,1,3,404,-59
h,1,3,405,-52
h,1,3,406,-45
h,1,3,407,-38
h,1,3,408,-31
h,1,3,409,-24
h,1,3,410,-17
h,1,3,411,-10
h,1,3,412,-3
h,1,3,413,4
h,1,3,414,11
h,1,3,415,18
h,1,3,416,25
h,1,3,417,32
h,1,3,418,39
h,1,3,419,46
h,1,3,420,53
h,1,3,421,60
h,1,3,422,67
h,1,3,423,74
h,1,3,424,81
h,1,3,425,88
h,1,3,426,95
h,1,3,427,102
h,1,3,428,109
h,1,3,429,116
h,1,3,430,123
h,1,3,431,-126
h,1,3,432,-119
h,1,3,433,-112
h,1,3,434,-105
h,1,3,435,-98
h,1,3,436,-91
h,1,3,437,-84
h,1,3,438,-77
h,1,3,439,-70
h,1,3,440,-63
h,1,3,441,-56
h,1,3,442,-49
h,1,3,443,-42
h,1,3,444,-35
h,1,3,445,-28
h,1,3,446,-21
h,1,3,447,-14
h,1,3,448,-7
h,1,3,449,0
h,1,3,450,7
h,1,3,451,14
h,1,3,452,21
h,1,3,453,28
h,1,3,454,35
h,1,3,455,42
h,1,3,456,49
h,1,3,457,56
h,1,3,458,63
h,1,3,459,70
h,1,3,460,77
h,1,3,461,84
h,1,3,462,91
h,1,3,463,98
h,1,3,464,105
h,1,3,465,112
h,1,3,466,119
h,1,3,467,126
h,1,3,468,-123
h,1,3,469,-116
h,1,3,470,-109
h,1,3,471,-102
h,1,3,472,-95
h,1,3,473,-88
h,1,3,474,-81
h,1,3,475,-74
h,1,3,476,-67
h,1,3,477,-60
h,1,3,478,-53
h,1,3,479,-46
h,1,3,480,-39
h,1,3,481,-32
h,1,3,482,-25
h,1,3,483,-18
h,1,3,484,-11
h,1,3,485,-4
h,1,3,486,3
h,1,3,487,10
h,1,3,488,17
h,1,3,489,24
h,1,3,490,31
h,1,3,491,38
h,1,3,492,45
h,1,3,493,52
h,1,3,494,59
h,1,3,495,66
h,1,3,496,73
h,1,3,497,80
h,1,3,498,87
h,1,3,499,94
h,1,3,500,101
h,1,3,501,108
h,1,3,502,115
h,1,3,503,122
h,1,3,504,-127
h,1,3,505,-120
h,1,3,506,-113
h,1,3,507,-106
h,1,3,508,-99
h,1,3,509,-92
h,1,3,510,-85
y,0,0,0,43322
y,0,0,1,78320
y,0,0,2,105358
y,0,0,3,124800
y,0,0,4,137010
y,0,0,5,142352
y,0,0,6,141190
y,0,0,7,133888
y,0,0,8,120810
y,0,0,9,102320
y,0,0,10,78782
y,0,0,11,50560
y,0,0,12,18018
y,0,0,13,-18480
y,0,0,14,-58570
y,0,0,15,-101888
y,0,0,16,-125030
y,0,0,17,-126608
y,0,0,18,-133906
y,0,0,19,-117888
y,0,0,20,-77166
y,0,0,21,-44656
y,0,0,22,-19994
y,0,0,23,-2816
y,0,0,24,7242
y,0,0,25,10544
y,0,0,26,7454
y,0,0,27,-1664
y,0,0,28,-16446
y,0,0,29,-36528
y,0,0,30,-61546
y,0,0,31,-91136
y,0,0,32,-105990
y,0,0,33,-104720
y,0,0,34,-113586
y,0,0,35,-104576
y,0,0,36,-53262
y,0,0,37,6416
y,0,0,38,75846
y,0,0,39,124928
y,0,0,40,185514
y,0,0,41,224688
y,0,0,42,242814
y,0,0,43,240256
y,0,0,44,217378
y,0,0,45,174544
y,0,0,46,112118
y,0,0,47,30464
y,0,0,48,-4518
y,0,0,49,-58000
y,0,0,50,-64082
y,0,0,51,-87936
y,0,0,52,-129198
y,0,0,53,-187504
y,0,0,54,-196954
y,0,0,55,-199680
y,0,0,56,-154614
y,0,0,57,-101072
y,0,0,58,-37666
y,0,0,59,36992
y,0,0,60,89986
y,0,0,61,121680
y,0,0,62,132438
y,0,0,63,122624
y,0,0,64,92602
y,0,0,65,42736
y,0,0,66,-26610
y,0,0,67,-115072
y,0,0,68,-137806
y,0,0,69,-182256
y,0,0,70,-159226
y,0,0,71,-132864
y,0,0,72,-133782
y,0,0,73,-64080
y,0,0,74,-24258
y,0,0,75,9088
y,0,0,76,102882
y,0,0,77,164304
y,0,0,78,222390
y,0,0,79,278528
y,0,0,80,299802
y,0,0,81,286576
y,0,0,82,239214
y,0,0,83,158080
y,0,0,84,109074
y,0,0,85,27024
y,0,0,86,-87706
y,0,0,87,-103680
y,0,0,88,-151606
y,0,0,89,-231120
y,0,0,90,-210786
y,0,0,91,-221312
y,0,0,92,-262334
y,0,0,93,-202416
y,0,0,94,-172266
y,0,0,95,-82944
y,0,0,96,1402
y,0,0,97,82160
y,0,0,98,129230
y,0,0,99,174464
y,0,0,100,184946
y,0,0,101,161040
y,0,0,102,103110
y,0,0,103,11520
y,0,0,104,-47830
y,0,0,105,-121168
y,0,0,106,-207106
y,0,0,107,-200832
y,0,0,108,-205406
y,0,0,109,-88368
y,0,0,110,-15754
y,0,0,111,12800
y,0,0,112,-2342
y,0,0,113,70256
y,0,0,114,122926
y,0,0,115,196736
y,0,0,116,252370
y,0,0,117,291216
y,0,0,118,314662
y,0,0,119,289792
y,0,0,120,216970
y,0,0,121,162096
y,0,0,122,59998
y,0,0,123,42112
y,0,0,124,-22270
y,0,0,125,-132784
y,0,0,126,-289066
y,0,0,127,-294144
y,0,0,128,-344262
y,0,0,129,-242448
y,0,0,130,-184946
y,0,0,131,-171392
y,0,0,132,-70350
y,0,0,133,-12528
y,0,0,134,25478
y,0,0,135,110592
y,0,0,136,149994
y,0,0,137,172720
y,0,0,138,180158
y,0,0,139,139392
y,0,0,140,50786
y,0,0,141,-816
y,0,0,142,-102858
y,0,0,143,-100608
y,0,0,144,-123750
y,0,0,145,-202896
y,0,0,146,-109074
y,0,0,147,-73856
y,0,0,148,-96878
y,0,0,149,18832
y,0,0,150,77030
y,0,0,151,78080
y,0,0,152,153418
y,0,0,153,172336
y,0,0,154,223774
y,0,0,155,243584
y,0,0,156,233154
y,0,0,157,227920
y,0,0,158,194198
y,0,0,159,99072
y,0,0,160,73978
y,0,0,161,-11792
y,0,0,162,-157874
y,0,0,163,-167296
y,0,0,164,-236302
y,0,0,165,-364528
y,0,0,166,-289466
y,0,0,167,-272896
y,0,0,168,-117846
y,0,0,169,-20560
y,0,0,170,19326
y,0,0,171,2176
y,0,0,172,59426
y,0,0,173,60368
y,0,0,174,93942
y,0,0,175,96000
y,0,0,176,67930
y,0,0,177,76656
y,0,0,178,42670
y,0,0,179,-32640
y,0,0,180,-44462
y,0,0,181,-95856
y,0,0,182,-20826
y,0,0,183,16384
y,0,0,184,-19190
y,0,0,185,-127184
y,0,0,186,-45090
y,0,0,187,-34688
y,0,0,188,100994
y,0,0,189,165712
y,0,0,190,159830
y,0,0,191,214784
y,0,0,192,199866
y,0,0,193,138480
y,0,0,194,137230
y,0,0,195,91264
y,0,0,196,133042
y,0,0,197,132880
y,0,0,198,57862
y,0,0,199,-91648
y,0,0,200,-118678
y,0,0,201,-219472
y,0,0,202,-197058
y,0,0,203,-182144
y,0,0,204,-239902
y,0,0,205,-173360
y,0,0,206,-113226
y,0,0,207,-124672
y,0,0,208,-10726
y,0,0,209,32368
y,0,0,210,4974
y,0,0,211,38528
y,0,0,212,2322
y,0,0,213,-14704
y,0,0,214,7782
y,0,0,215,-45312
y,0,0,216,9418
y,0,0,217,15664
y,0,0,218,-31842
y,0,0,219,64896
y,0,0,220,74306
y,0,0,221,-3248
y,0,0,222,29206
y,0,0,223,40960
y,0,0,224,-33158
y,0,0,225,69360
y,0,0,226,86734
y,0,0,227,150400
y,0,0,228,195186
y,0,0,229,155920
y,0,0,230,98502
y,0,0,231,88832
y,0,0,232,-3798
y,0,0,233,40624
y,0,0,234,26878
y,0,0,235,-43648
y,0,0,236,-69982
y,0,0,237,-85808
y,0,0,238,-189578
y,0,0,239,-118784
y,0,0,240,-135206
y,0,0,241,-107408
y,0,0,242,-35026
y,0,0,243,-48768
y,0,0,244,-148270
y,0,0,245,-71024
y,0,0,246,-78810
y,0,0,247,25344
y,0,0,248,45194
y,0,0,249,-18896
y,0,0,250,-35490
y,0,0,251,-50816
y,0,0,252,-129278
y,0,0,253,-75440
y,0,0,254,-58666
y,0,0,255,22528
y,0,0,256,135994
y,0,0,257,147952
y,0,0,258,58766
y,0,0,259,130944
y,0,0,260,102706
y,0,0,261,171024
y,0,0,262,205190
y,0,0,263,140032
y,0,0,264,106986
y,0,0,265,106416
y,0,0,266,7614
y,0,0,267,73088
y,0,0,268,41058
y,0,0,269,-22576
y,0,0,270,13622
y,0,0,271,-46592
y,0,0,272,-179814
y,0,0,273,-122512
y,0,0,274,-164114
y,0,0,275,-144512
y,0,0,276,-62318
y,0,0,277,-81520
y,0,0,278,-5146
y,0,0,279,36096
y,0,0,280,-22966
y,0,0,281,14640
y,0,0,282,18206
y,0,0,283,-77440
y,0,0,284,-9790
y,0,0,285,-40624
y,0,0,286,-104042
y,0,0,287,-68608
y,0,0,288,-111622
y,0,0,289,-166160
y,0,0,290,-127410
y,0,0,291,-163968
y,0,0,292,10738
y,0,0,293,100624
y,0,0,294,107078
y,0,0,295,131072
y,0,0,296,204458
y,0,0,297,163248
y,0,0,298,269950
y,0,0,299,262784
y,0,0,300,207650
y,0,0,301,235984
y,0,0,302,151542
y,0,0,303,-45312
y,0,0,304,-26534
y,0,0,305,-119440
y,0,0,306,4014
y,0,0,307,16512
y,0,0,308,-81582
y,0,0,309,-224368
y,0,0,310,-214874
y,0,0,311,-291840
y,0,0,312,-152054
y,0,0,313,-96976
y,0,0,314,-59682
y,0,0,315,92288
y,0,0,316,129410
y,0,0,317,52048
y,0,0,318,122710
y,0,0,319,79616
y,0,0,320,119738
y,0,0,321,112368
y,0,0,322,-7666
y,0,0,323,-174464
y,0,0,324,-172110
y,0,0,325,-284656
y,0,0,326,-160762
y,0,0,327,-126720
y,0,0,328,-147606
y,0,0,329,5552
y,0,0,330,35646
y,0,0,331,-33920
y,0,0,332,125922
y,0,0,333,160208
y,0,0,334,229046
y,0,0,335,333824
y,0,0,336,310554
y,0,0,337,290672
y,0,0,338,274542
y,0,0,339,131456
y,0,0,340,123922
y,0,0,341,55696
y,0,0,342,-138394
y,0,0,343,-64768
y,0,0,344,-116278
y,0,0,345,-292560
y,0,0,346,-200034
y,0,0,347,-231552
y,0,0,348,-321214
y,0,0,349,-206512
y,0,0,350,-214762
y,0,0,351,-60416
y,0,0,352,61306
y,0,0,353,86256
y,0,0,354,115406
y,0,0,355,180608
y,0,0,356,117874
y,0,0,357,189712
y,0,0,358,134342
y,0,0,359,-47872
y,0,0,360,-28886
y,0,0,361,-117072
y,0,0,362,-311042
y,0,0,363,-243840
y,0,0,364,-280670
y,0,0,365,-26928
y,0,0,366,89206
y,0,0,367,68096
y,0,0,368,-24358
y,0,0,369,74352
y,0,0,370,59950
y,0,0,371,235648
y,0,0,372,299986
y,0,0,373,254352
y,0,0,374,362278
y,0,0,375,328704
y,0,0,376,153994
y,0,0,377,166192
y,0,0,378,37982
y,0,0,379,97408
y,0,0,380,82690
y,0,0,381,-71344
y,0,0,382,-364330
y,0,0,383,-337152
y,0,0,384,-448198
y,0,0,385,-238352
y,0,0,386,-166002
y,0,0,387,-230784
y,0,0,388,-39118
y,0,0,389,16144
y,0,0,390,-41594
y,0,0,391,116736
y,0,0,392,136170
y,0,0,393,176816
y,0,0,394,240062
y,0,0,395,161920
y,0,0,396,8290
y,0,0,397,-4912
y,0,0,398,-161738
y,0,0,399,-110848
y,0,0,400,-112998
y,0,0,401,-264336
y,0,0,402,-73746
y,0,0,403,-34944
y,0,0,404,-147566
y,0,0,405,47504
y,0,0,406,91878
y,0,0,407,51456
y,0,0,408,188746
y,0,0,409,176432
y,0,0,410,234526
y,0,0,411,298880
y,0,0,412,239810
y,0,0,413,223824
y,0,0,414,217238
y,0,0,415,56064
y,0,0,416,133882
y,0,0,417,57840
y,0,0,418,-171698
y,0,0,419,-161152
y,0,0,420,-237838
y,0,0,421,-466928
y,0,0,422,-323770
y,0,0,423,-332288
y,0,0,424,-98902
y,0,0,425,49072
y,0,0,426,46462
y,0,0,427,-40832
y,0,0,428,49698
y,0,0,429,-9264
y,0,0,430,133366
y,0,0,431,151296
y,0,0,432,45914
y,0,0,433,80752
y,0,0,434,45230
y,0,0,435,-124800
y,0,0,436,-62382
y,0,0,437,-132720
y,0,0,438,26790
y,0,0,439,120832
y,0,0,440,48906
y,0,0,441,-188624
y,0,0,442,-67106
y,0,0,443,-110464
y,0,0,444,140418
y,0,0,445,227152
y,0,0,446,150102
y,0,0,447,237312
y,0,0,448,227002
y,0,0,449,77040
y,0,0,450,156174
y,0,0,451,97408
y,0,0,452,164274
y,0,0,453,227088
y,0,0,454,121862
y,0,0,455,-151040
y,0,0,456,-132502
y,0,0,457,-280912
y,0,0,458,-202690
y,0,0,459,-159616
y,0,0,460,-282398
y,0,0,461,-177456
y,0,0,462,-106570
y,0,0,463,-200448
y,0,0,464,26
y,0,0,465,36464
y,0,0,466,-25234
y,0,0,467,77440
y,0,0,468,17170
y,0,0,469,-51568
y,0,0,470,22630
y,0,0,471,-71936
y,0,0,472,-20790
y,0,0,473,19760
y,0,0,474,-86626
y,0,0,475,120192
y,0,0,476,146498
y,0,0,477,-7344
y,0,0,478,52246
y,0,0,479,63488
y,0,0,480,-104326
y,0,0,481,73456
y,0,0,482,72910
y,0,0,483,156544
y,0,0,484,259186
y,0,0,485,184592
y,0,0,486,64198
y,0,0,487,94976
y,0,0,488,-50390
y,0,0,489,110256
y,0,0,490,119550
y,0,0,491,-21120
y,0,0,492,-79710
y,0,0,493,-89904
y,0,0,494,-281226
y,0,0,495,-129024
y,0,0,496,-157222
y,0,0,497,-103312
y,0,0,498,33070
y,0,0,499,-9856
y,0,0,500,-231726
y,0,0,501,-107888
y,0,0,502,-162266
y,0,0,503,64256
y,0,0,504,113290
y,0,0,505,-14800
y,0,0,506,-57506
y,0,0,507,-61056
y,0,0,508,-220926
y,0,0,509,-79536
y,0,0,510,-68394
y,0,0,511,30948
y,0,0,512,130488
y,0,0,513,51984
y,0,0,514,-204928
y,0,0,515,-116324
y,0,0,516,-206856
y,0,0,517,-83672
y,0,0,518,-9280
y,0,0,519,-115116
y,0,0,520,-139400
y,0,0,521,-82496
y,0,0,522,-206912
y,0,0,523,11276
y,0,0,524,47416
y,0,0,525,32216
y,0,0,526,227456
y,0,0,527,214724
y,0,0,528,-7368
y,0,0,529,114544
y,0,0,530,25344
y,0,0,531,51324
y,0,0,532,96120
y,0,0,533,-37240
y,0,0,534,44096
y,0,0,535,77620
y,0,0,536,-68104
y,0,0,537,-224
y,0,0,538,18752
y,0,0,539,-142612
y,0,0,540,39608
y,0,0,541,40760
y,0,0,542,-8448
y,0,0,543,153764
y,0,0,544,114872
y,0,0,545,4560
y,0,0,546,111232
y,0,0,547,-11172
y,0,0,548,159224
y,0,0,549,132072
y,0,0,550,-60736
y,0,0,551,-125164
y,0,0,552,-157576
y,0,0,553,-354944
y,0,0,554,-193344
y,0,0,555,-197428
y,0,0,556,-236488
y,0,0,557,-48744
y,0,0,558,-27776
y,0,0,559,-173948
y,0,0,560,-28872
y,0,0,561,-51664
y,0,0,562,216064
y,0,0,563,315196
y,0,0,564,245368
y,0,0,565,137288
y,0,0,566,162368
y,0,0,567,19188
y,0,0,568,138488
y,0,0,569,60128
y,0,0,570,-20672
y,0,0,571,61868
y,0,0,572,-20296
y,0,0,573,-267528
y,0,0,574,-155904
y,0,0,575,-210076
y,0,0,576,-37192
y,0,0,577,100240
y,0,0,578,70784
y,0,0,579,5148
y,0,0,580,80632
y,0,0,581,-8536
y,0,0,582,172736
y,0,0,583,164308
y,0,0,584,127864
y,0,0,585,227648
y,0,0,586,146112
y,0,0,587,-118132
y,0,0,588,-77256
y,0,0,589,-220840
y,0,0,590,-222592
y,0,0,591,-178876
y,0,0,592,-286664
y,0,0,593,-284176
y,0,0,594,-171776
y,0,0,595,-211972
y,0,0,596,-77448
y,0,0,597,34824
y,0,0,598,-6592
y,0,0,599,191156
y,0,0,600,234488
y,0,0,601,123040
y,0,0,602,249664
y,0,0,603,220780
y,0,0,604,167096
y,0,0,605,219320
y,0,0,606,90112
y,0,0,607,105764
y,0,0,608,68280
y,0,0,609,-121520
y,0,0,610,-169600
y,0,0,611,-172324
y,0,0,612,-326664
y,0,0,613,-108696
y,0,0,614,-43072
y,0,0,615,-130156
y,0,0,616,88440
y,0,0,617,134656
y,0,0,618,7104
y,0,0,619,125260
y,0,0,620,67896
y,0,0,621,226840
y,0,0,622,243840
y,0,0,623,118532
y,0,0,624,-18376
y,0,0,625,-61008
y,0,0,626,-245248
y,0,0,627,-140356
y,0,0,628,-206472
y,0,0,629,-379448
y,0,0,630,-231360
y,0,0,631,-221324
y,0,0,632,-349704
y,0,0,633,-158112
y,0,0,634,-105664
y,0,0,635,69420
y,0,0,636,235704
y,0,0,637,261752
y,0,0,638,147200
y,0,0,639,219364
y,0,0,640,150200
y,0,0,641,267024
y,0,0,642,241792
y,0,0,643,74140
y,0,0,644,156920
y,0,0,645,71720
y,0,0,646,-182848
y,0,0,647,-118956
y,0,0,648,-226184
y,0,0,649,-178240
y,0,0,650,-71488
y,0,0,651,-102900
y,0,0,652,-141768
y,0,0,653,-10792
y,0,0,654,-15744
y,0,0,655,81860
y,0,0,656,149560
y,0,0,657,86896
y,0,0,658,189184
y,0,0,659,163708
y,0,0,660,10104
y,0,0,661,55688
y,0,0,662,-27584
y,0,0,663,-109004
y,0,0,664,-57864
y,0,0,665,-161504
y,0,0,666,-224704
y,0,0,667,-183316
y,0,0,668,-267592
y,0,0,669,-249032
y,0,0,670,-158464
y,0,0,671,-192860
y,0,0,672,40632
y,0,0,673,148432
y,0,0,674,130176
y,0,0,675,182108
y,0,0,676,238328
y,0,0,677,167400
y,0,0,678,231104
y,0,0,679,166932
y,0,0,680,171128
y,0,0,681,177792
y,0,0,682,55488
y,0,0,683,-65076
y,0,0,684,-53192
y,0,0,685,-196200
y,0,0,686,-36736
y,0,0,687,-34940
y,0,0,688,-126664
y,0,0,689,-80592
y,0,0,690,-47104
y,0,0,691,-158660
y,0,0,692,4216
y,0,0,693,20296
y,0,0,694,116800
y,0,0,695,195828
y,0,0,696,161272
y,0,0,697,12768
y,0,0,698,12096
y,0,0,699,-103252
y,0,0,700,-5960
y,0,0,701,-24072
y,0,0,702,-157952
y,0,0,703,-145820
y,0,0,704,-143944
y,0,0,705,-257136
y,0,0,706,-120192
y,0,0,707,-127716
y,0,0,708,-84488
y,0,0,709,44200
y,0,0,710,61376
y,0,0,711,-33324
y,0,0,712,87416
y,0,0,713,95552
y,0,0,714,187328
y,0,0,715,231308
y,0,0,716,161592
y,0,0,717,174424
y,0,0,718,138368
y,0,0,719,-12476
y,0,0,720,49208
y,0,0,721,-4624
y,0,0,722,-43264
y,0,0,723,63996
y,0,0,724,29816
y,0,0,725,-81656
y,0,0,726,1856
y,0,0,727,-55884
y,0,0,728,-82952
y,0,0,729,-18016
y,0,0,730,-85696
y,0,0,731,40300
y,0,0,732,67256
y,0,0,733,-5192
y,0,0,734,19200
y,0,0,735,8996
y,0,0,736,-101704
y,0,0,737,-51120
y,0,0,738,-101760
y,0,0,739,-122916
y,0,0,740,-49416
y,0,0,741,-78232
y,0,0,742,-144192
y,0,0,743,-51052
y,0,0,744,-86152
y,0,0,745,76800
y,0,0,746,108736
y,0,0,747,41548
y,0,0,748,38200
y,0,0,749,67864
y,0,0,750,-896
y,0,0,751,93700
y,0,0,752,89144
y,0,0,753,116144
y,0,0,754,174336
y,0,0,755,132284
y,0,0,756,-10376
y,0,0,757,8136
y,0,0,758,-74688
y,0,0,759,68468
y,0,0,760,109560
y,0,0,761,48224
y,0,0,762,15168
y,0,0,763,31788
y,0,0,764,-49992
y,0,0,765,46200
y,0,0,766,-9728
y,0,0,767,8420
y,0,0,768,37816
y,0,0,769,-17648
y,0,0,770,-158336
y,0,0,771,-122468
y,0,0,772,-172552
y,0,0,773,-112344
y,0,0,774,-73280
y,0,0,775,-121260
y,0,0,776,-125576
y,0,0,777,-86592
y,0,0,778,-135744
y,0,0,779,-11252
y,0,0,780,24376
y,0,0,781,36312
y,0,0,782,155264
y,0,0,783,159428
y,0,0,784,47416
y,0,0,785,110448
y,0,0,786,55552
y,0,0,787,77948
y,0,0,788,81272
y,0,0,789,-376
y,0,0,790,29248
y,0,0,791,38708
y,0,0,792,-37896
y,0,0,793,-4320
y,0,0,794,8000
y,0,0,795,-66836
y,0,0,796,32952
y,0,0,797,44856
y,0,0,798,34048
y,0,0,799,131236
y,0,0,800,120504
y,0,0,801,66000
y,0,0,802,125056
y,0,0,803,48220
y,0,0,804,95224
y,0,0,805,37864
y,0,0,806,-91968
y,0,0,807,-131308
y,0,0,808,-176520
y,0,0,809,-293504
y,0,0,810,-220480
y,0,0,811,-219956
y,0,0,812,-226760
y,0,0,813,-110184
y,0,0,814,-67200
y,0,0,815,-98172
y,0,0,816,-6856
y,0,0,817,9776
y,0,0,818,147968
y,0,0,819,210748
y,0,0,820,197752
y,0,0,821,174152
y,0,0,822,180288
y,0,0,823,111348
y,0,0,824,135928
y,0,0,825,56032
y,0,0,826,1344
y,0,0,827,6572
y,0,0,828,-59720
y,0,0,829,-197896
y,0,0,830,-146176
y,0,0,831,-167068
y,0,0,832,-64328
y,0,0,833,30608
y,0,0,834,51840
y,0,0,835,64540
y,0,0,836,114936
y,0,0,837,93864
y,0,0,838,174272
y,0,0,839,158164
y,0,0,840,141688
y,0,0,841,158016
y,0,0,842,86208
y,0,0,843,-75124
y,0,0,844,-100296
y,0,0,845,-216744
y,0,0,846,-229248
y,0,0,847,-234172
y,0,0,848,-297416
y,0,0,849,-288272
y,0,0,850,-207104
y,0,0,851,-185348
y,0,0,852,-92296
y,0,0,853,6152
y,0,0,854,44096
y,0,0,855,152244
y,0,0,856,199160
y,0,0,857,184480
y,0,0,858,238912
y,0,0,859,231020
y,0,0,860,225976
y,0,0,861,223416
y,0,0,862,132608
y,0,0,863,83236
y,0,0,864,8376
y,0,0,865,-125616
y,0,0,866,-155776
y,0,0,867,-178468
y,0,0,868,-259592
y,0,0,869,-137368
y,0,0,870,-74304
y,0,0,871,-70764
y,0,0,872,69496
y,0,0,873,130560
y,0,0,874,111040
y,0,0,875,168268
y,0,0,876,143160
y,0,0,877,165400
y,0,0,878,138880
y,0,0,879,63236
y,0,0,880,3640
y,0,0,881,-65104
y,0,0,882,-182272
y,0,0,883,-179268
y,0,0,884,-254088
y,0,0,885,-342584
y,0,0,886,-278976
y,0,0,887,-260236
y,0,0,888,-286728
y,0,0,889,-162208
y,0,0,890,-83648
y,0,0,891,14124
y,0,0,892,130744
y,0,0,893,200312
y,0,0,894,222464
y,0,0,895,262372
y,0,0,896,254136
y,0,0,897,262928
y,0,0,898,222848
y,0,0,899,133532
y,0,0,900,125688
y,0,0,901,43048
y,0,0,902,-115776
y,0,0,903,-125100
y,0,0,904,-212360
y,0,0,905,-182336
y,0,0,906,-131392
y,0,0,907,-125428
y,0,0,908,-99272
y,0,0,909,-6696
y,0,0,910,43136
y,0,0,911,92100
y,0,0,912,138808
y,0,0,913,148336
y,0,0,914,153856
y,0,0,915,124796
y,0,0,916,60792
y,0,0,917,27016
y,0,0,918,-42432
y,0,0,919,-82380
y,0,0,920,-93192
y,0,0,921,-165600
y,0,0,922,-235456
y,0,0,923,-238612
y,0,0,924,-274248
y,0,0,925,-244936
y,0,0,926,-181504
y,0,0,927,-149852
y,0,0,928,-19272
y,0,0,929,78800
y,0,0,930,144000
y,0,0,931,175964
y,0,0,932,239864
y,0,0,933,269800
y,0,0,934,265408
y,0,0,935,226324
y,0,0,936,152184
y,0,0,937,108160
y,0,0,938,28352
y,0,0,939,-22068
y,0,0,940,-43464
y,0,0,941,-126568
y,0,0,942,-76160
y,0,0,943,-90236
y,0,0,944,-104648
y,0,0,945,-84688
y,0,0,946,-49664
y,0,0,947,-66500
y,0,0,948,22136
y,0,0,949,57160
y,0,0,950,69184
y,0,0,951,91380
y,0,0,952,93176
y,0,0,953,74208
y,0,0,954,34112
y,0,0,955,-27476
y,0,0,956,-45384
y,0,0,957,-85512
y,0,0,958,-148224
y,0,0,959,-168348
y,0,0,960,-171080
y,0,0,961,-195696
y,0,0,962,-139136
y,0,0,963,-133860
y,0,0,964,-115720
y,0,0,965,-50008
y,0,0,966,-2624
y,0,0,967,26068
y,0,0,968,101240
y,0,0,969,156992
y,0,0,970,192960
y,0,0,971,208780
y,0,0,972,204088
y,0,0,973,178520
y,0,0,974,131712
y,0,0,975,63300
y,0,0,976,38456
y,0,0,977,-8720
y,0,0,978,-13056
y,0,0,979,25084
y,0,0,980,14968
y,0,0,981,-44792
y,0,0,982,-12992
y,0,0,983,-29260
y,0,0,984,-52744
y,0,0,985,-22112
y,0,0,986,-30912
y,0,0,987,-14996
y,0,0,988,-4936
y,0,0,989,-1096
y,0,0,990,-3840
y,0,0,991,-13532
y,0,0,992,-30536
y,0,0,993,-55216
y,0,0,994,-87936
y,0,0,995,-129060
y,0,0,996,-113416
y,0,0,997,-106904
y,0,0,998,-109888
y,0,0,999,-57196
y,0,0,1000,-39560
y,0,0,1001,7168
y,0,0,1002,16064
y,0,0,1003,19020
y,0,0,1004,47928
y,0,0,1005,71960
y,0,0,1006,90752
y,0,0,1007,103940
y,0,0,1008,111160
y,0,0,1009,112048
y,0,0,1010,106240
y,0,0,1011,93372
y,0,0,1012,73080
y,0,0,1013,45000
y,0,0,1014,8768
y,0,0,1015,29556
y,0,0,1016,41464
y,0,0,1017,44128
y,0,0,1018,37184
y,0,0,1019,42028
y,0,0,1020,41656
y,0,0,1021,50296
y,0,0,1022,0
y,0,0,1023,0
y,1,0,0,35760
y,1,0,1,64184
y,1,0,2,85636
y,1,0,3,100480
y,1,0,4,109080
y,1,0,5,111800
y,1,0,6,109004
y,1,0,7,101056
y,1,0,8,88320
y,1,0,9,71160
y,1,0,10,49940
y,1,0,11,25024
y,1,0,12,-3224
y,1,0,13,-34440
y,1,0,14,-68260
y,1,0,15,-104320
y,1,0,16,-124080
y,1,0,17,-126152
y,1,0,18,-132956
y,1,0,19,-120320
y,1,0,20,-86856
y,1,0,21,-60616
y,1,0,22,-41236
y,1,0,23,-28352
y,1,0,24,-21600
y,1,0,25,-20616
y,1,0,26,-25036
y,1,0,27,-34496
y,1,0,28,-48632
y,1,0,29,-48136
y,1,0,30,-31620
y,1,0,31,-25344
y,1,0,32,-1296
y,1,0,33,9912
y,1,0,34,40644
y,1,0,35,55936
y,1,0,36,74328
y,1,0,37,97208
y,1,0,38,125964
y,1,0,39,135360
y,1,0,40,152384
y,1,0,41,148984
y,1,0,42,125524
y,1,0,43,82368
y,1,0,44,19880
y,1,0,45,3960
y,1,0,46,-30564
y,1,0,47,-17792
y,1,0,48,-22896
y,1,0,49,-45512
y,1,0,50,-85276
y,1,0,51,-76288
y,1,0,52,-83720
y,1,0,53,-107208
y,1,0,54,-80852
y,1,0,55,-51648
y,1,0,56,-39200
y,1,0,57,-22152
y,1,0,58,884
y,1,0,59,31296
y,1,0,60,41032
y,1,0,61,30456
y,1,0,62,-68
y,1,0,63,-50176
y,1,0,64,-119504
y,1,0,65,-123208
y,1,0,66,-148732
y,1,0,67,-106880
y,1,0,68,-89448
y,1,0,69,-68424
y,1,0,70,23116
y,1,0,71,84672
y,1,0,72,116608
y,1,0,73,119288
y,1,0,74,158612
y,1,0,75,187584
y,1,0,76,207592
y,1,0,77,196216
y,1,0,78,177628
y,1,0,79,153216
y,1,0,80,94928
y,1,0,81,68664
y,1,0,82,9252
y,1,0,83,-82944
y,1,0,84,-76488
y,1,0,85,-102088
y,1,0,86,-159380
y,1,0,87,-182464
y,1,0,88,-170976
y,1,0,89,-190088
y,1,0,90,-108364
y,1,0,91,-56512
y,1,0,92,-34168
y,1,0,93,24568
y,1,0,94,54524
y,1,0,95,74240
y,1,0,96,85104
y,1,0,97,88504
y,1,0,98,59204
y,1,0,99,24192
y,1,0,100,-44584
y,1,0,101,-81224
y,1,0,102,-131956
y,1,0,103,-218688
y,1,0,104,-186688
y,1,0,105,-165640
y,1,0,106,-120620
y,1,0,107,-19264
y,1,0,108,37928
y,1,0,109,51320
y,1,0,110,152348
y,1,0,111,210304
y,1,0,112,225552
y,1,0,113,263992
y,1,0,114,278628
y,1,0,115,249856
y,1,0,116,199032
y,1,0,117,127544
y,1,0,118,102316
y,1,0,119,29760
y,1,0,120,-24224
y,1,0,121,-59272
y,1,0,122,-140556
y,1,0,123,-267712
y,1,0,124,-243768
y,1,0,125,-264968
y,1,0,126,-265412
y,1,0,127,-179200
y,1,0,128,-137040
y,1,0,129,-7496
y,1,0,130,78724
y,1,0,131,121984
y,1,0,132,122648
y,1,0,133,146616
y,1,0,134,146892
y,1,0,135,124864
y,1,0,136,58112
y,1,0,137,-29192
y,1,0,138,-70124
y,1,0,139,-139328
y,1,0,140,-169880
y,1,0,141,-188040
y,1,0,142,-231332
y,1,0,143,-101760
y,1,0,144,-30896
y,1,0,145,-18376
y,1,0,146,1700
y,1,0,147,95232
y,1,0,148,131512
y,1,0,149,241976
y,1,0,150,295916
y,1,0,151,293696
y,1,0,152,301216
y,1,0,153,253304
y,1,0,154,168500
y,1,0,155,113728
y,1,0,156,24840
y,1,0,157,7672
y,1,0,158,-41860
y,1,0,159,-151808
y,1,0,160,-256272
y,1,0,161,-289352
y,1,0,162,-381756
y,1,0,163,-270976
y,1,0,164,-218792
y,1,0,165,-159304
y,1,0,166,-26612
y,1,0,167,48576
y,1,0,168,66624
y,1,0,169,158968
y,1,0,170,194900
y,1,0,171,174784
y,1,0,172,164520
y,1,0,173,98936
y,1,0,174,-3428
y,1,0,175,-56704
y,1,0,176,-147312
y,1,0,177,-119496
y,1,0,178,-131356
y,1,0,179,-147968
y,1,0,180,-71432
y,1,0,181,-67784
y,1,0,182,-136660
y,1,0,183,-15552
y,1,0,184,33760
y,1,0,185,77176
y,1,0,186,180596
y,1,0,187,213312
y,1,0,188,306760
y,1,0,189,330232
y,1,0,190,284092
y,1,0,191,234240
y,1,0,192,181040
y,1,0,193,77496
y,1,0,194,35076
y,1,0,195,-55936
y,1,0,196,-194152
y,1,0,197,-181576
y,1,0,198,-242868
y,1,0,199,-312128
y,1,0,200,-257920
y,1,0,201,-276488
y,1,0,202,-170860
y,1,0,203,-71744
y,1,0,204,-44312
y,1,0,205,-22664
y,1,0,206,59100
y,1,0,207,70272
y,1,0,208,142288
y,1,0,209,144440
y,1,0,210,77092
y,1,0,211,71680
y,1,0,212,16440
y,1,0,213,-69064
y,1,0,214,-78996
y,1,0,215,-139200
y,1,0,216,-27872
y,1,0,217,24440
y,1,0,218,-10316
y,1,0,219,-66240
y,1,0,220,-11896
y,1,0,221,-43528
y,1,0,222,101372
y,1,0,223,161024
y,1,0,224,135792
y,1,0,225,222648
y,1,0,226,225348
y,1,0,227,144256
y,1,0,228,176344
y,1,0,229,125368
y,1,0,230,122764
y,1,0,231,103360
y,1,0,232,1984
y,1,0,233,-162824
y,1,0,234,-193068
y,1,0,235,-283968
y,1,0,236,-198616
y,1,0,237,-172168
y,1,0,238,-232676
y,1,0,239,-117632
y,1,0,240,-88816
y,1,0,241,-145864
y,1,0,242,-26268
y,1,0,243,8192
y,1,0,244,23416
y,1,0,245,85304
y,1,0,246,63148
y,1,0,247,22848
y,1,0,248,49248
y,1,0,249,-10632
y,1,0,250,-2060
y,1,0,251,10816
y,1,0,252,-49976
y,1,0,253,24568
y,1,0,254,23868
y,1,0,255,-50688
y,1,0,256,64432
y,1,0,257,79032
y,1,0,258,59012
y,1,0,259,135808
y,1,0,260,113176
y,1,0,261,122552
y,1,0,262,164300
y,1,0,263,107712
y,1,0,264,84224
y,1,0,265,94200
y,1,0,266,6932
y,1,0,267,84928
y,1,0,268,66408
y,1,0,269,-48264
y,1,0,270,-62116
y,1,0,271,-105856
y,1,0,272,-226480
y,1,0,273,-160456
y,1,0,274,-192348
y,1,0,275,-101376
y,1,0,276,-17224
y,1,0,277,-33480
y,1,0,278,-84244
y,1,0,279,-38080
y,1,0,280,-91232
y,1,0,281,18808
y,1,0,282,30260
y,1,0,283,-56512
y,1,0,284,-44536
y,1,0,285,-45576
y,1,0,286,-123780
y,1,0,287,-43264
y,1,0,288,-38160
y,1,0,289,57528
y,1,0,290,145092
y,1,0,291,124032
y,1,0,292,12888
y,1,0,293,75192
y,1,0,294,50188
y,1,0,295,174784
y,1,0,296,213824
y,1,0,297,139256
y,1,0,298,148052
y,1,0,299,109504
y,1,0,300,-41560
y,1,0,301,22904
y,1,0,302,-24420
y,1,0,303,13440
y,1,0,304,71312
y,1,0,305,18488
y,1,0,306,-144668
y,1,0,307,-90112
y,1,0,308,-145160
y,1,0,309,-112840
y,1,0,310,-58324
y,1,0,311,-94144
y,1,0,312,-43296
y,1,0,313,-15496
y,1,0,314,-74892
y,1,0,315,42048
y,1,0,316,45128
y,1,0,317,248
y,1,0,318,38844
y,1,0,319,-35328
y,1,0,320,-156368
y,1,0,321,-108360
y,1,0,322,-175356
y,1,0,323,-137088
y,1,0,324,-85352
y,1,0,325,-123208
y,1,0,326,78412
y,1,0,327,156864
y,1,0,328,112512
y,1,0,329,142328
y,1,0,330,181140
y,1,0,331,116416
y,1,0,332,211688
y,1,0,333,182392
y,1,0,334,183772
y,1,0,335,217216
y,1,0,336,123600
y,1,0,337,34360
y,1,0,338,15396
y,1,0,339,-129536
y,1,0,340,-6856
y,1,0,341,-9416
y,1,0,342,-136852
y,1,0,343,-192192
y,1,0,344,-175072
y,1,0,345,-281736
y,1,0,346,-118604
y,1,0,347,-78528
y,1,0,348,-30072
y,1,0,349,92664
y,1,0,350,93436
y,1,0,351,-9216
y,1,0,352,48240
y,1,0,353,5048
y,1,0,354,98116
y,1,0,355,92288
y,1,0,356,-40488
y,1,0,357,-103240
y,1,0,358,-142196
y,1,0,359,-310336
y,1,0,360,-190784
y,1,0,361,-175368
y,1,0,362,-98092
y,1,0,363,73408
y,1,0,364,107560
y,1,0,365,4728
y,1,0,366,158492
y,1,0,367,176000
y,1,0,368,254224
y,1,0,369,327992
y,1,0,370,284772
y,1,0,371,236032
y,1,0,372,203128
y,1,0,373,56376
y,1,0,374,124844
y,1,0,375,52800
y,1,0,376,-28320
y,1,0,377,12920
y,1,0,378,-85260
y,1,0,379,-322496
y,1,0,380,-239672
y,1,0,381,-295176
y,1,0,382,-292036
y,1,0,383,-164352
y,1,0,384,-173904
y,1,0,385,7352
y,1,0,386,117636
y,1,0,387,91776
y,1,0,388,126744
y,1,0,389,157368
y,1,0,390,71116
y,1,0,391,131520
y,1,0,392,54016
y,1,0,393,-71688
y,1,0,394,-47596
y,1,0,395,-144960
y,1,0,396,-231320
y,1,0,397,-201864
y,1,0,398,-290724
y,1,0,399,-37760
y,1,0,400,63312
y,1,0,401,12856
y,1,0,402,7844
y,1,0,403,114176
y,1,0,404,70072
y,1,0,405,269112
y,1,0,406,318444
y,1,0,407,283968
y,1,0,408,362656
y,1,0,409,292728
y,1,0,410,92724
y,1,0,411,91712
y,1,0,412,-36600
y,1,0,413,75768
y,1,0,414,62588
y,1,0,415,-104192
y,1,0,416,-293136
y,1,0,417,-307272
y,1,0,418,-473916
y,1,0,419,-268416
y,1,0,420,-214696
y,1,0,421,-181320
y,1,0,422,28684
y,1,0,423,88000
y,1,0,424,-3008
y,1,0,425,149240
y,1,0,426,151892
y,1,0,427,201920
y,1,0,428,234152
y,1,0,429,117880
y,1,0,430,-62820
y,1,0,431,-91008
y,1,0,432,-249712
y,1,0,433,-121032
y,1,0,434,-125212
y,1,0,435,-161792
y,1,0,436,-1800
y,1,0,437,-7880
y,1,0,438,-179668
y,1,0,439,7488
y,1,0,440,29664
y,1,0,441,83832
y,1,0,442,235892
y,1,0,443,224064
y,1,0,444,310856
y,1,0,445,365560
y,1,0,446,257468
y,1,0,447,249088
y,1,0,448,209712
y,1,0,449,26808
y,1,0,450,73988
y,1,0,451,-20608
y,1,0,452,-255592
y,1,0,453,-170824
y,1,0,454,-253108
y,1,0,455,-371008
y,1,0,456,-262016
y,1,0,457,-318984
y,1,0,458,-148332
y,1,0,459,-11840
y,1,0,460,-40216
y,1,0,461,-36488
y,1,0,462,65244
y,1,0,463,3200
y,1,0,464,170960
y,1,0,465,175672
y,1,0,466,17700
y,1,0,467,90624
y,1,0,468,20536
y,1,0,469,-173000
y,1,0,470,-122004
y,1,0,471,-214464
y,1,0,472,33568
y,1,0,473,129400
y,1,0,474,44980
y,1,0,475,-88256
y,1,0,476,-7800
y,1,0,477,-106504
y,1,0,478,140284
y,1,0,479,208640
y,1,0,480,98928
y,1,0,481,270264
y,1,0,482,264260
y,1,0,483,81280
y,1,0,484,180440
y,1,0,485,103352
y,1,0,486,178060
y,1,0,487,208320
y,1,0,488,63424
y,1,0,489,-238088
y,1,0,490,-236076
y,1,0,491,-387904
y,1,0,492,-194520
y,1,0,493,-153224
y,1,0,494,-292068
y,1,0,495,-86400
y,1,0,496,-60144
y,1,0,497,-212936
y,1,0,498,-20124
y,1,0,499,-5632
y,1,0,500,27512
y,1,0,501,145208
y,1,0,502,85676
y,1,0,503,-19648
y,1,0,504,45152
y,1,0,505,-69512
y,1,0,506,-12300
y,1,0,507,21568
y,1,0,508,-111416
y,1,0,509,59896
y,1,0,510,62780
y,1,0,511,-139922
y,1,0,512,-12048
y,1,0,513,-63206
y,1,0,514,-162688
y,1,0,515,-48714
y,1,0,516,-114864
y,1,0,517,-99358
y,1,0,518,-2560
y,1,0,519,-86978
y,1,0,520,-90832
y,1,0,521,-14486
y,1,0,522,-120448
y,1,0,523,115206
y,1,0,524,167824
y,1,0,525,37042
y,1,0,526,115712
y,1,0,527,121358
y,1,0,528,-78480
y,1,0,529,64698
y,1,0,530,640
y,1,0,531,121174
y,1,0,532,194000
y,1,0,533,87682
y,1,0,534,-67072
y,1,0,535,-8482
y,1,0,536,-130128
y,1,0,537,91914
y,1,0,538,132992
y,1,0,539,-7258
y,1,0,540,64016
y,1,0,541,65362
y,1,0,542,-135680
y,1,0,543,11438
y,1,0,544,-45584
y,1,0,545,117082
y,1,0,546,204928
y,1,0,547,101878
y,1,0,548,-193456
y,1,0,549,-158174
y,1,0,550,-289536
y,1,0,551,-92034
y,1,0,552,-60112
y,1,0,553,-194134
y,1,0,554,-101248
y,1,0,555,-43962
y,1,0,556,-153712
y,1,0,557,27890
y,1,0,558,41728
y,1,0,559,84046
y,1,0,560,220016
y,1,0,561,187130
y,1,0,562,-14976
y,1,0,563,72086
y,1,0,564,-10800
y,1,0,565,129218
y,1,0,566,144128
y,1,0,567,-10210
y,1,0,568,36272
y,1,0,569,20042
y,1,0,570,-191360
y,1,0,571,-43802
y,1,0,572,-61936
y,1,0,573,-115054
y,1,0,574,58624
y,1,0,575,65518
y,1,0,576,36336
y,1,0,577,148378
y,1,0,578,95872
y,1,0,579,51766
y,1,0,580,107856
y,1,0,581,-26014
y,1,0,582,107520
y,1,0,583,84670
y,1,0,584,-94928
y,1,0,585,-38422
y,1,0,586,-93824
y,1,0,587,-328058
y,1,0,588,-192624
y,1,0,589,-237774
y,1,0,590,-202752
y,1,0,591,-57714
y,1,0,592,-65168
y,1,0,593,-159942
y,1,0,594,-14720
y,1,0,595,-23082
y,1,0,596,207824
y,1,0,597,284418
y,1,0,598,206336
y,1,0,599,169822
y,1,0,600,174512
y,1,0,601,23434
y,1,0,602,109440
y,1,0,603,38950
y,1,0,604,73744
y,1,0,605,147922
y,1,0,606,44544
y,1,0,607,-237778
y,1,0,608,-176144
y,1,0,609,-267814
y,1,0,610,-17280
y,1,0,611,81014
y,1,0,612,26704
y,1,0,613,16034
y,1,0,614,95232
y,1,0,615,24062
y,1,0,616,172080
y,1,0,617,144682
y,1,0,618,169088
y,1,0,619,212934
y,1,0,620,114576
y,1,0,621,-126350
y,1,0,622,-116992
y,1,0,623,-250930
y,1,0,624,-135312
y,1,0,625,-118150
y,1,0,626,-243584
y,1,0,627,-272618
y,1,0,628,-206640
y,1,0,629,-309182
y,1,0,630,-91648
y,1,0,631,-13154
y,1,0,632,-8528
y,1,0,633,184010
y,1,0,634,236416
y,1,0,635,148326
y,1,0,636,247056
y,1,0,637,204562
y,1,0,638,217088
y,1,0,639,218734
y,1,0,640,78064
y,1,0,641,56858
y,1,0,642,23680
y,1,0,643,-152906
y,1,0,644,-80048
y,1,0,645,-105758
y,1,0,646,-296960
y,1,0,647,-105154
y,1,0,648,-80592
y,1,0,649,-93590
y,1,0,650,82304
y,1,0,651,100102
y,1,0,652,23952
y,1,0,653,142258
y,1,0,654,99328
y,1,0,655,221454
y,1,0,656,215920
y,1,0,657,82362
y,1,0,658,17024
y,1,0,659,-45994
y,1,0,660,-238128
y,1,0,661,-166526
y,1,0,662,-224768
y,1,0,663,-282146
y,1,0,664,-142416
y,1,0,665,-153590
y,1,0,666,-317056
y,1,0,667,-175450
y,1,0,668,-160496
y,1,0,669,92242
y,1,0,670,219392
y,1,0,671,220590
y,1,0,672,161008
y,1,0,673,236890
y,1,0,674,185728
y,1,0,675,269302
y,1,0,676,225104
y,1,0,677,118306
y,1,0,678,145152
y,1,0,679,43134
y,1,0,680,-188112
y,1,0,681,-155734
y,1,0,682,-253312
y,1,0,683,-87994
y,1,0,684,12176
y,1,0,685,-38670
y,1,0,686,-110848
y,1,0,687,-28082
y,1,0,688,-97168
y,1,0,689,81658
y,1,0,690,113792
y,1,0,691,95382
y,1,0,692,190672
y,1,0,693,172482
y,1,0,694,40448
y,1,0,695,56350
y,1,0,696,-42320
y,1,0,697,-59318
y,1,0,698,-60544
y,1,0,699,-177434
y,1,0,700,-279280
y,1,0,701,-235374
y,1,0,702,-308224
y,1,0,703,-170514
y,1,0,704,-104720
y,1,0,705,-154982
y,1,0,706,48768
y,1,0,707,111926
y,1,0,708,33104
y,1,0,709,169826
y,1,0,710,194048
y,1,0,711,170942
y,1,0,712,231216
y,1,0,713,177898
y,1,0,714,207232
y,1,0,715,187782
y,1,0,716,53648
y,1,0,717,1074
y,1,0,718,-35840
y,1,0,719,-188530
y,1,0,720,-64144
y,1,0,721,-56262
y,1,0,722,-165248
y,1,0,723,1750
y,1,0,724,12240
y,1,0,725,-136190
y,1,0,726,512
y,1,0,727,-24482
y,1,0,728,114096
y,1,0,729,153738
y,1,0,730,94080
y,1,0,731,294
y,1,0,732,3088
y,1,0,733,-94510
y,1,0,734,-30720
y,1,0,735,-68050
y,1,0,736,-206864
y,1,0,737,-119846
y,1,0,738,-135040
y,1,0,739,-252810
y,1,0,740,-145840
y,1,0,741,-142174
y,1,0,742,19968
y,1,0,743,143614
y,1,0,744,142896
y,1,0,745,16426
y,1,0,746,90496
y,1,0,747,64454
y,1,0,748,171664
y,1,0,749,179826
y,1,0,750,88576
y,1,0,751,159694
y,1,0,752,130672
y,1,0,753,1146
y,1,0,754,32896
y,1,0,755,-36586
y,1,0,756,-11056
y,1,0,757,43586
y,1,0,758,-4096
y,1,0,759,-88930
y,1,0,760,-33616
y,1,0,761,-78390
y,1,0,762,15232
y,1,0,763,29286
y,1,0,764,-49392
y,1,0,765,51730
y,1,0,766,38912
y,1,0,767,-89234
y,1,0,768,-40720
y,1,0,769,-78054
y,1,0,770,-136064
y,1,0,771,-84042
y,1,0,772,-118960
y,1,0,773,-110110
y,1,0,774,-57856
y,1,0,775,-93634
y,1,0,776,-86736
y,1,0,777,-37526
y,1,0,778,-77440
y,1,0,779,55302
y,1,0,780,98192
y,1,0,781,50866
y,1,0,782,109568
y,1,0,783,122894
y,1,0,784,23920
y,1,0,785,99002
y,1,0,786,60032
y,1,0,787,102230
y,1,0,788,124368
y,1,0,789,60546
y,1,0,790,-24064
y,1,0,791,1246
y,1,0,792,-60496
y,1,0,793,52490
y,1,0,794,77696
y,1,0,795,14758
y,1,0,796,59920
y,1,0,797,62802
y,1,0,798,-43520
y,1,0,799,29358
y,1,0,800,-8720
y,1,0,801,69466
y,1,0,802,100480
y,1,0,803,33782
y,1,0,804,-132016
y,1,0,805,-136158
y,1,0,806,-213760
y,1,0,807,-131458
y,1,0,808,-121552
y,1,0,809,-184406
y,1,0,810,-123776
y,1,0,811,-71098
y,1,0,812,-92272
y,1,0,813,8946
y,1,0,814,35584
y,1,0,815,52814
y,1,0,816,125808
y,1,0,817,123130
y,1,0,818,44416
y,1,0,819,85910
y,1,0,820,50640
y,1,0,821,134850
y,1,0,822,121600
y,1,0,823,32286
y,1,0,824,40368
y,1,0,825,13386
y,1,0,826,-115584
y,1,0,827,-54554
y,1,0,828,-66032
y,1,0,829,-84846
y,1,0,830,19712
y,1,0,831,50670
y,1,0,832,73200
y,1,0,833,133530
y,1,0,834,122496
y,1,0,835,81974
y,1,0,836,103760
y,1,0,837,28770
y,1,0,838,52224
y,1,0,839,12478
y,1,0,840,-90832
y,1,0,841,-61462
y,1,0,842,-116352
y,1,0,843,-256890
y,1,0,844,-196720
y,1,0,845,-223950
y,1,0,846,-208896
y,1,0,847,-121714
y,1,0,848,-93840
y,1,0,849,-125638
y,1,0,850,-20864
y,1,0,851,23510
y,1,0,852,138192
y,1,0,853,191746
y,1,0,854,183808
y,1,0,855,179550
y,1,0,856,178608
y,1,0,857,115082
y,1,0,858,119680
y,1,0,859,60966
y,1,0,860,69648
y,1,0,861,79826
y,1,0,862,5632
y,1,0,863,-154322
y,1,0,864,-139280
y,1,0,865,-184358
y,1,0,866,-56192
y,1,0,867,12918
y,1,0,868,22608
y,1,0,869,38050
y,1,0,870,105472
y,1,0,871,115710
y,1,0,872,176176
y,1,0,873,154410
y,1,0,874,146560
y,1,0,875,120262
y,1,0,876,44944
y,1,0,877,-79758
y,1,0,878,-123136
y,1,0,879,-216626
y,1,0,880,-163984
y,1,0,881,-182150
y,1,0,882,-249728
y,1,0,883,-258794
y,1,0,884,-210736
y,1,0,885,-238014
y,1,0,886,-114176
y,1,0,887,-36194
y,1,0,888,-4432
y,1,0,889,111818
y,1,0,890,181120
y,1,0,891,203110
y,1,0,892,242960
y,1,0,893,234770
y,1,0,894,243712
y,1,0,895,203886
y,1,0,896,114928
y,1,0,897,42010
y,1,0,898,-15232
y,1,0,899,-122698
y,1,0,900,-84144
y,1,0,901,-116510
y,1,0,902,-221184
y,1,0,903,-111810
y,1,0,904,-76496
y,1,0,905,-51094
y,1,0,906,59776
y,1,0,907,105734
y,1,0,908,85392
y,1,0,909,156082
y,1,0,910,158720
y,1,0,911,157454
y,1,0,912,121712
y,1,0,913,51130
y,1,0,914,10880
y,1,0,915,-64938
y,1,0,916,-176688
y,1,0,917,-193662
y,1,0,918,-247296
y,1,0,919,-272418
y,1,0,920,-203856
y,1,0,921,-193014
y,1,0,922,-241280
y,1,0,923,-153434
y,1,0,924,-99056
y,1,0,925,24146
y,1,0,926,114944
y,1,0,927,172974
y,1,0,928,197872
y,1,0,929,254810
y,1,0,930,277888
y,1,0,931,266742
y,1,0,932,221008
y,1,0,933,140322
y,1,0,934,89856
y,1,0,935,3710
y,1,0,936,-118480
y,1,0,937,-146006
y,1,0,938,-210304
y,1,0,939,-115130
y,1,0,940,-57456
y,1,0,941,-57614
y,1,0,942,-51456
y,1,0,943,6222
y,1,0,944,5232
y,1,0,945,83194
y,1,0,946,107648
y,1,0,947,109206
y,1,0,948,121040
y,1,0,949,112578
y,1,0,950,83456
y,1,0,951,33310
y,1,0,952,-38224
y,1,0,953,-65974
y,1,0,954,-115840
y,1,0,955,-188186
y,1,0,956,-283376
y,1,0,957,-270702
y,1,0,958,-281600
y,1,0,959,-185362
y,1,0,960,-133392
y,1,0,961,-104294
y,1,0,962,9856
y,1,0,963,76598
y,1,0,964,94544
y,1,0,965,159074
y,1,0,966,204288
y,1,0,967,229822
y,1,0,968,235312
y,1,0,969,220394
y,1,0,970,184704
y,1,0,971,127878
y,1,0,972,49552
y,1,0,973,14898
y,1,0,974,-41984
y,1,0,975,-121458
y,1,0,976,-92816
y,1,0,977,-87494
y,1,0,978,-105856
y,1,0,979,-17194
y,1,0,980,8144
y,1,0,981,-32254
y,1,0,982,43520
y,1,0,983,50782
y,1,0,984,52656
y,1,0,985,48778
y,1,0,986,38784
y,1,0,987,22310
y,1,0,988,-1008
y,1,0,989,-31534
y,1,0,990,-69632
y,1,0,991,-115666
y,1,0,992,-170000
y,1,0,993,-167462
y,1,0,994,-173952
y,1,0,995,-189834
y,1,0,996,-149936
y,1,0,997,-120158
y,1,0,998,-35328
y,1,0,999,38654
y,1,0,1000,81456
y,1,0,1001,91690
y,1,0,1002,133504
y,1,0,1003,168390
y,1,0,1004,167568
y,1,0,1005,160882
y,1,0,1006,147968
y,1,0,1007,128462
y,1,0,1008,102000
y,1,0,1009,68218
y,1,0,1010,26752
y,1,0,1011,-22762
y,1,0,1012,-15152
y,1,0,1013,-16318
y,1,0,1014,-26624
y,1,0,1015,-46434
y,1,0,1016,-29520
y,1,0,1017,-19510
y,1,0,1018,25472
y,1,0,1019,18534
y,1,0,1020,12048
y,1,0,1021,16402
y,1,0,1022,0
y,1,0,1023,0
