kind,cout,cin,index,value
x,0,0,0,-125
x,0,0,1,-112
x,0,0,2,-99
x,0,0,3,-86
x,0,0,4,-73
x,0,0,5,-60
x,0,0,6,-47
x,0,0,7,-34
x,0,0,8,-21
x,0,0,9,-8
x,0,0,10,5
x,0,0,11,18
x,0,0,12,31
x,0,0,13,44
x,0,0,14,57
x,0,0,15,70
x,0,0,16,83
x,0,0,17,96
x,0,0,18,109
x,0,0,19,122
x,0,0,20,-121
x,0,0,21,-108
x,0,0,22,-95
x,0,0,23,-82
x,0,0,24,-69
x,0,0,25,-56
x,0,0,26,-43
x,0,0,27,-30
x,0,0,28,-17
x,0,0,29,-4
x,0,0,30,9
x,0,0,31,22
x,0,0,32,35
x,0,0,33,48
x,0,0,34,61
x,0,0,35,74
x,0,0,36,87
x,0,0,37,100
x,0,0,38,113
x,0,0,39,126
x,0,0,40,-117
x,0,0,41,-104
x,0,0,42,-91
x,0,0,43,-78
x,0,0,44,-65
x,0,0,45,-52
x,0,0,46,-39
x,0,0,47,-26
x,0,0,48,-13
x,0,0,49,0
x,0,0,50,13
x,0,0,51,26
x,0,0,52,39
x,0,0,53,52
x,0,0,54,65
x,0,0,55,78
x,0,0,56,91
x,0,0,57,104
x,0,0,58,117
x,0,0,59,-126
x,0,0,60,-113
x,0,0,61,-100
x,0,0,62,-87
x,0,0,63,-74
x,0,0,64,-61
x,0,0,65,-48
x,0,0,66,-35
x,0,0,67,-22
x,0,0,68,-9
x,0,0,69,4
x,0,0,70,17
x,0,0,71,30
x,0,0,72,43
x,0,0,73,56
x,0,0,74,69
x,0,0,75,82
x,0,0,76,95
x,0,0,77,108
x,0,0,78,121
x,0,0,79,-122
x,0,0,80,-109
x,0,0,81,-96
x,0,0,82,-83
x,0,0,83,-70
x,0,0,84,-57
x,0,0,85,-44
x,0,0,86,-31
x,0,0,87,-18
x,0,0,88,-5
x,0,0,89,8
x,0,0,90,21
x,0,0,91,34
x,0,0,92,47
x,0,0,93,60
x,0,0,94,73
x,0,0,95,86
x,0,0,96,99
x,0,0,97,112
x,0,0,98,125
x,0,0,99,-118
x,0,0,100,-105
x,0,0,101,-92
x,0,0,102,-79
x,0,0,103,-66
x,0,0,104,-53
x,0,0,105,-40
x,0,0,106,-27
x,0,0,107,-14
x,0,0,108,-1
x,0,0,109,12
x,0,0,110,25
x,0,0,111,38
x,0,0,112,51
x,0,0,113,64
x,0,0,114,77
x,0,0,115,90
x,0,0,116,103
x,0,0,117,116
x,0,0,118,-127
x,0,0,119,-114
x,0,0,120,-101
x,0,0,121,-88
x,0,0,122,-75
x,0,0,123,-62
x,0,0,124,-49
x,0,0,125,-36
x,0,0,126,-23
x,0,0,127,-10
x,0,0,128,3
x,0,0,129,16
x,0,0,130,29
x,0,0,131,42
x,0,0,132,55
x,0,0,133,68
x,0,0,134,81
x,0,0,135,94
x,0,0,136,107
x,0,0,137,120
x,0,0,138,-123
x,0,0,139,-110
x,0,0,140,-97
x,0,0,141,-84
x,0,0,142,-71
x,0,0,143,-58
x,0,0,144,-45
x,0,0,145,-32
x,0,0,146,-19
x,0,0,147,-6
x,0,0,148,7
x,0,0,149,20
x,0,0,150,33
x,0,0,151,46
x,0,0,152,59
x,0,0,153,72
x,0,0,154,85
x,0,0,155,98
x,0,0,156,111
x,0,0,157,124
x,0,0,158,-119
x,0,0,159,-106
x,0,0,160,-93
x,0,0,161,-80
x,0,0,162,-67
x,0,0,163,-54
x,0,0,164,-41
x,0,0,165,-28
x,0,0,166,-15
x,0,0,167,-2
x,0,0,168,11
x,0,0,169,24
x,0,0,170,37
x,0,0,171,50
x,0,0,172,63
x,0,0,173,76
x,0,0,174,89
x,0,0,175,102
x,0,0,176,115
x,0,0,177,-128
x,0,0,178,-115
x,0,0,179,-102
x,0,0,180,-89
x,0,0,181,-76
x,0,0,182,-63
x,0,0,183,-50
x,0,0,184,-37
x,0,0,185,-24
x,0,0,186,-11
x,0,0,187,2
x,0,0,188,15
x,0,0,189,28
x,0,0,190,41
x,0,0,191,54
x,0,0,192,67
x,0,0,193,80
x,0,0,194,93
x,0,0,195,106
x,0,0,196,119
x,0,0,197,-124
x,0,0,198,-111
x,0,0,199,-98
x,0,0,200,-85
x,0,0,201,-72
x,0,0,202,-59
x,0,0,203,-46
x,0,0,204,-33
x,0,0,205,-20
x,0,0,206,-7
x,0,0,207,6
x,0,0,208,19
x,0,0,209,32
x,0,0,210,45
x,0,0,211,58
x,0,0,212,71
x,0,0,213,84
x,0,0,214,97
x,0,0,215,110
x,0,0,216,123
x,0,0,217,-120
x,0,0,218,-107
x,0,0,219,-94
x,0,0,220,-81
x,0,0,221,-68
x,0,0,222,-55
x,0,0,223,-42
x,0,0,224,-29
x,0,0,225,-16
x,0,0,226,-3
x,0,0,227,10
x,0,0,228,23
x,0,0,229,36
x,0,0,230,49
x,0,0,231,62
x,0,0,232,75
x,0,0,233,88
x,0,0,234,101
x,0,0,235,114
x,0,0,236,127
x,0,0,237,-116
x,0,0,238,-103
x,0,0,239,-90
x,0,0,240,-77
x,0,0,241,-64
x,0,0,242,-51
x,0,0,243,-38
x,0,0,244,-25
x,0,0,245,-12
x,0,0,246,1
x,0,0,247,14
x,0,0,248,27
x,0,0,249,40
x,0,0,250,53
x,0,0,251,66
x,0,0,252,79
x,0,0,253,92
x,0,0,254,105
x,0,0,255,118
x,0,0,256,-125
x,0,0,257,-112
x,0,0,258,-99
x,0,0,259,-86
x,0,0,260,-73
x,0,0,261,-60
x,0,0,262,-47
x,0,0,263,-34
x,0,0,264,-21
x,0,0,265,-8
x,0,0,266,5
x,0,0,267,18
x,0,0,268,31
x,0,0,269,44
x,0,0,270,57
x,0,0,271,70
x,0,0,272,83
x,0,0,273,96
x,0,0,274,109
x,0,0,275,122
x,0,0,276,-121
x,0,0,277,-108
x,0,0,278,-95
x,0,0,279,-82
x,0,0,280,-69
x,0,0,281,-56
x,0,0,282,-43
x,0,0,283,-30
x,0,0,284,-17
x,0,0,285,-4
x,0,0,286,9
x,0,0,287,22
x,0,0,288,35
x,0,0,289,48
x,0,0,290,61
x,0,0,291,74
x,0,0,292,87
x,0,0,293,100
x,0,0,294,113
x,0,0,295,126
x,0,0,296,-117
x,0,0,297,-104
x,0,0,298,-91
x,0,0,299,-78
x,0,0,300,-65
x,0,0,301,-52
x,0,0,302,-39
x,0,0,303,-26
x,0,0,304,-13
x,0,0,305,0
x,0,0,306,13
x,0,0,307,26
x,0,0,308,39
x,0,0,309,52
x,0,0,310,65
x,0,0,311,78
x,0,0,312,91
x,0,0,313,104
x,0,0,314,117
x,0,0,315,-126
x,0,0,316,-113
x,0,0,317,-100
x,0,0,318,-87
x,0,0,319,-74
x,0,0,320,-61
x,0,0,321,-48
x,0,0,322,-35
x,0,0,323,-22
x,0,0,324,-9
x,0,0,325,4
x,0,0,326,17
x,0,0,327,30
x,0,0,328,43
x,0,0,329,56
x,0,0,330,69
x,0,0,331,82
x,0,0,332,95
x,0,0,333,108
x,0,0,334,121
x,0,0,335,-122
x,0,0,336,-109
x,0,0,337,-96
x,0,0,338,-83
x,0,0,339,-70
x,0,0,340,-57
x,0,0,341,-44
x,0,0,342,-31
x,0,0,343,-18
x,0,0,344,-5
x,0,0,345,8
x,0,0,346,21
x,0,0,347,34
x,0,0,348,47
x,0,0,349,60
x,0,0,350,73
x,0,0,351,86
x,0,0,352,99
x,0,0,353,112
x,0,0,354,125
x,0,0,355,-118
x,0,0,356,-105
x,0,0,357,-92
x,0,0,358,-79
x,0,0,359,-66
x,0,0,360,-53
x,0,0,361,-40
x,0,0,362,-27
x,0,0,363,-14
x,0,0,364,-1
x,0,0,365,12
x,0,0,366,25
x,0,0,367,38
x,0,0,368,51
x,0,0,369,64
x,0,0,370,77
x,0,0,371,90
x,0,0,372,103
x,0,0,373,116
x,0,0,374,-127
x,0,0,375,-114
x,0,0,376,-101
x,0,0,377,-88
x,0,0,378,-75
x,0,0,379,-62
x,0,0,380,-49
x,0,0,381,-36
x,0,0,382,-23
x,0,0,383,-10
x,0,0,384,3
x,0,0,385,16
x,0,0,386,29
x,0,0,387,42
x,0,0,388,55
x,0,0,389,68
x,0,0,390,81
x,0,0,391,94
x,0,0,392,107
x,0,0,393,120
x,0,0,394,-123
x,0,0,395,-110
x,0,0,396,-97
x,0,0,397,-84
x,0,0,398,-71
x,0,0,399,-58
x,0,0,400,-45
x,0,0,401,-32
x,0,0,402,-19
x,0,0,403,-6
x,0,0,404,7
x,0,0,405,20
x,0,0,406,33
x,0,0,407,46
x,0,0,408,59
x,0,0,409,72
x,0,0,410,85
x,0,0,411,98
x,0,0,412,111
x,0,0,413,124
x,0,0,414,-119
x,0,0,415,-106
x,0,0,416,-93
x,0,0,417,-80
x,0,0,418,-67
x,0,0,419,-54
x,0,0,420,-41
x,0,0,421,-28
x,0,0,422,-15
x,0,0,423,-2
x,0,0,424,11
x,0,0,425,24
x,0,0,426,37
x,0,0,427,50
x,0,0,428,63
x,0,0,429,76
x,0,0,430,89
x,0,0,431,102
x,0,0,432,115
x,0,0,433,-128
x,0,0,434,-115
x,0,0,435,-102
x,0,0,436,-89
x,0,0,437,-76
x,0,0,438,-63
x,0,0,439,-50
x,0,0,440,-37
x,0,0,441,-24
x,0,0,442,-11
x,0,0,443,2
x,0,0,444,15
x,0,0,445,28
x,0,0,446,41
x,0,0,447,54
x,0,0,448,67
x,0,0,449,80
x,0,0,450,93
x,0,0,451,106
x,0,0,452,119
x,0,0,453,-124
x,0,0,454,-111
x,0,0,455,-98
x,0,0,456,-85
x,0,0,457,-72
x,0,0,458,-59
x,0,0,459,-46
x,0,0,460,-33
x,0,0,461,-20
x,0,0,462,-7
x,0,0,463,6
x,0,0,464,19
x,0,0,465,32
x,0,0,466,45
x,0,0,467,58
x,0,0,468,71
x,0,0,469,84
x,0,0,470,97
x,0,0,471,110
x,0,0,472,123
x,0,0,473,-120
x,0,0,474,-107
x,0,0,475,-94
x,0,0,476,-81
x,0,0,477,-68
x,0,0,478,-55
x,0,0,479,-42
x,0,0,480,-29
x,0,0,481,-16
x,0,0,482,-3
x,0,0,483,10
x,0,0,484,23
x,0,0,485,36
x,0,0,486,49
x,0,0,487,62
x,0,0,488,75
x,0,0,489,88
x,0,0,490,101
x,0,0,491,114
x,0,0,492,127
x,0,0,493,-116
x,0,0,494,-103
x,0,0,495,-90
x,0,0,496,-77
x,0,0,497,-64
x,0,0,498,-51
x,0,0,499,-38
x,0,0,500,-25
x,0,0,501,-12
x,0,0,502,1
x,0,0,503,14
x,0,0,504,27
x,0,0,505,40
x,0,0,506,53
x,0,0,507,66
x,0,0,508,79
x,0,0,509,92
x,0,0,510,105
x,0,0,511,118
x,0,1,0,-108
x,0,1,1,-95
x,0,1,2,-82
x,0,1,3,-69
x,0,1,4,-56
x,0,1,5,-43
x,0,1,6,-30
x,0,1,7,-17
x,0,1,8,-4
x,0,1,9,9
x,0,1,10,22
x,0,1,11,35
x,0,1,12,48
x,0,1,13,61
x,0,1,14,74
x,0,1,15,87
x,0,1,16,100
x,0,1,17,113
x,0,1,18,126
x,0,1,19,-117
x,0,1,20,-104
x,0,1,21,-91
x,0,1,22,-78
x,0,1,23,-65
x,0,1,24,-52
x,0,1,25,-39
x,0,1,26,-26
x,0,1,27,-13
x,0,1,28,0
x,0,1,29,13
x,0,1,30,26
x,0,1,31,39
x,0,1,32,52
x,0,1,33,65
x,0,1,34,78
x,0,1,35,91
x,0,1,36,104
x,0,1,37,117
x,0,1,38,-126
x,0,1,39,-113
x,0,1,40,-100
x,0,1,41,-87
x,0,1,42,-74
x,0,1,43,-61
x,0,1,44,-48
x,0,1,45,-35
x,0,1,46,-22
x,0,1,47,-9
x,0,1,48,4
x,0,1,49,17
x,0,1,50,30
x,0,1,51,43
x,0,1,52,56
x,0,1,53,69
x,0,1,54,82
x,0,1,55,95
x,0,1,56,108
x,0,1,57,121
x,0,1,58,-122
x,0,1,59,-109
x,0,1,60,-96
x,0,1,61,-83
x,0,1,62,-70
x,0,1,63,-57
x,0,1,64,-44
x,0,1,65,-31
x,0,1,66,-18
x,0,1,67,-5
x,0,1,68,8
x,0,1,69,21
x,0,1,70,34
x,0,1,71,47
x,0,1,72,60
x,0,1,73,73
x,0,1,74,86
x,0,1,75,99
x,0,1,76,112
x,0,1,77,125
x,0,1,78,-118
x,0,1,79,-105
x,0,1,80,-92
x,0,1,81,-79
x,0,1,82,-66
x,0,1,83,-53
x,0,1,84,-40
x,0,1,85,-27
x,0,1,86,-14
x,0,1,87,-1
x,0,1,88,12
x,0,1,89,25
x,0,1,90,38
x,0,1,91,51
x,0,1,92,64
x,0,1,93,77
x,0,1,94,90
x,0,1,95,103
x,0,1,96,116
x,0,1,97,-127
x,0,1,98,-114
x,0,1,99,-101
x,0,1,100,-88
x,0,1,101,-75
x,0,1,102,-62
x,0,1,103,-49
x,0,1,104,-36
x,0,1,105,-23
x,0,1,106,-10
x,0,1,107,3
x,0,1,108,16
x,0,1,109,29
x,0,1,110,42
x,0,1,111,55
x,0,1,112,68
x,0,1,113,81
x,0,1,114,94
x,0,1,115,107
x,0,1,116,120
x,0,1,117,-123
x,0,1,118,-110
x,0,1,119,-97
x,0,1,120,-84
x,0,1,121,-71
x,0,1,122,-58
x,0,1,123,-45
x,0,1,124,-32
x,0,1,125,-19
x,0,1,126,-6
x,0,1,127,7
x,0,1,128,20
x,0,1,129,33
x,0,1,130,46
x,0,1,131,59
x,0,1,132,72
x,0,1,133,85
x,0,1,134,98
x,0,1,135,111
x,0,1,136,124
x,0,1,137,-119
x,0,1,138,-106
x,0,1,139,-93
x,0,1,140,-80
x,0,1,141,-67
x,0,1,142,-54
x,0,1,143,-41
x,0,1,144,-28
x,0,1,145,-15
x,0,1,146,-2
x,0,1,147,11
x,0,1,148,24
x,0,1,149,37
x,0,1,150,50
x,0,1,151,63
x,0,1,152,76
x,0,1,153,89
x,0,1,154,102
x,0,1,155,115
x,0,1,156,-128
x,0,1,157,-115
x,0,1,158,-102
x,0,1,159,-89
x,0,1,160,-76
x,0,1,161,-63
x,0,1,162,-50
x,0,1,163,-37
x,0,1,164,-24
x,0,1,165,-11
x,0,1,166,2
x,0,1,167,15
x,0,1,168,28
x,0,1,169,41
x,0,1,170,54
x,0,1,171,67
x,0,1,172,80
x,0,1,173,93
x,0,1,174,106
x,0,1,175,119
x,0,1,176,-124
x,0,1,177,-111
x,0,1,178,-98
x,0,1,179,-85
x,0,1,180,-72
x,0,1,181,-59
x,0,1,182,-46
x,0,1,183,-33
x,0,1,184,-20
x,0,1,185,-7
x,0,1,186,6
x,0,1,187,19
x,0,1,188,32
x,0,1,189,45
x,0,1,190,58
x,0,1,191,71
x,0,1,192,84
x,0,1,193,97
x,0,1,194,110
x,0,1,195,123
x,0,1,196,-120
x,0,1,197,-107
x,0,1,198,-94
x,0,1,199,-81
x,0,1,200,-68
x,0,1,201,-55
x,0,1,202,-42
x,0,1,203,-29
x,0,1,204,-16
x,0,1,205,-3
x,0,1,206,10
x,0,1,207,23
x,0,1,208,36
x,0,1,209,49
x,0,1,210,62
x,0,1,211,75
x,0,1,212,88
x,0,1,213,101
x,0,1,214,114
x,0,1,215,127
x,0,1,216,-116
x,0,1,217,-103
x,0,1,218,-90
x,0,1,219,-77
x,0,1,220,-64
x,0,1,221,-51
x,0,1,222,-38
x,0,1,223,-25
x,0,1,224,-12
x,0,1,225,1
x,0,1,226,14
x,0,1,227,27
x,0,1,228,40
x,0,1,229,53
x,0,1,230,66
x,0,1,231,79
x,0,1,232,92
x,0,1,233,105
x,0,1,234,118
x,0,1,235,-125
x,0,1,236,-112
x,0,1,237,-99
x,0,1,238,-86
x,0,1,239,-73
x,0,1,240,-60
x,0,1,241,-47
x,0,1,242,-34
x,0,1,243,-21
x,0,1,244,-8
x,0,1,245,5
x,0,1,246,18
x,0,1,247,31
x,0,1,248,44
x,0,1,249,57
x,0,1,250,70
x,0,1,251,83
x,0,1,252,96
x,0,1,253,109
x,0,1,254,122
x,0,1,255,-121
x,0,1,256,-108
x,0,1,257,-95
x,0,1,258,-82
x,0,1,259,-69
x,0,1,260,-56
x,0,1,261,-43
x,0,1,262,-30
x,0,1,263,-17
x,0,1,264,-4
x,0,1,265,9
x,0,1,266,22
x,0,1,267,35
x,0,1,268,48
x,0,1,269,61
x,0,1,270,74
x,0,1,271,87
x,0,1,272,100
x,0,1,273,113
x,0,1,274,126
x,0,1,275,-117
x,0,1,276,-104
x,0,1,277,-91
x,0,1,278,-78
x,0,1,279,-65
x,0,1,280,-52
x,0,1,281,-39
x,0,1,282,-26
x,0,1,283,-13
x,0,1,284,0
x,0,1,285,13
x,0,1,286,26
x,0,1,287,39
x,0,1,288,52
x,0,1,289,65
x,0,1,290,78
x,0,1,291,91
x,0,1,292,104
x,0,1,293,117
x,0,1,294,-126
x,0,1,295,-113
x,0,1,296,-100
x,0,1,297,-87
x,0,1,298,-74
x,0,1,299,-61
x,0,1,300,-48
x,0,1,301,-35
x,0,1,302,-22
x,0,1,303,-9
x,0,1,304,4
x,0,1,305,17
x,0,1,306,30
x,0,1,307,43
x,0,1,308,56
x,0,1,309,69
x,0,1,310,82
x,0,1,311,95
x,0,1,312,108
x,0,1,313,121
x,0,1,314,-122
x,0,1,315,-109
x,0,1,316,-96
x,0,1,317,-83
x,0,1,318,-70
x,0,1,319,-57
x,0,1,320,-44
x,0,1,321,-31
x,0,1,322,-18
x,0,1,323,-5
x,0,1,324,8
x,0,1,325,21
x,0,1,326,34
x,0,1,327,47
x,0,1,328,60
x,0,1,329,73
x,0,1,330,86
x,0,1,331,99
x,0,1,332,112
x,0,1,333,125
x,0,1,334,-118
x,0,1,335,-105
x,0,1,336,-92
x,0,1,337,-79
x,0,1,338,-66
x,0,1,339,-53
x,0,1,340,-40
x,0,1,341,-27
x,0,1,342,-14
x,0,1,343,-1
x,0,1,344,12
x,0,1,345,25
x,0,1,346,38
x,0,1,347,51
x,0,1,348,64
x,0,1,349,77
x,0,1,350,90
x,0,1,351,103
x,0,1,352,116
x,0,1,353,-127
x,0,1,354,-114
x,0,1,355,-101
x,0,1,356,-88
x,0,1,357,-75
x,0,1,358,-62
x,0,1,359,-49
x,0,1,360,-36
x,0,1,361,-23
x,0,1,362,-10
x,0,1,363,3
x,0,1,364,16
x,0,1,365,29
x,0,1,366,42
x,0,1,367,55
x,0,1,368,68
x,0,1,369,81
x,0,1,370,94
x,0,1,371,107
x,0,1,372,120
x,0,1,373,-123
x,0,1,374,-110
x,0,1,375,-97
x,0,1,376,-84
x,0,1,377,-71
x,0,1,378,-58
x,0,1,379,-45
x,0,1,380,-32
x,0,1,381,-19
x,0,1,382,-6
x,0,1,383,7
x,0,1,384,20
x,0,1,385,33
x,0,1,386,46
x,0,1,387,59
x,0,1,388,72
x,0,1,389,85
x,0,1,390,98
x,0,1,391,111
x,0,1,392,124
x,0,1,393,-119
x,0,1,394,-106
x,0,1,395,-93
x,0,1,396,-80
x,0,1,397,-67
x,0,1,398,-54
x,0,1,399,-41
x,0,1,400,-28
x,0,1,401,-15
x,0,1,402,-2
x,0,1,403,11
x,0,1,404,24
x,0,1,405,37
x,0,1,406,50
x,0,1,407,63
x,0,1,408,76
x,0,1,409,89
x,0,1,410,102
x,0,1,411,115
x,0,1,412,-128
x,0,1,413,-115
x,0,1,414,-102
x,0,1,415,-89
x,0,1,416,-76
x,0,1,417,-63
x,0,1,418,-50
x,0,1,419,-37
x,0,1,420,-24
x,0,1,421,-11
x,0,1,422,2
x,0,1,423,15
x,0,1,424,28
x,0,1,425,41
x,0,1,426,54
x,0,1,427,67
x,0,1,428,80
x,0,1,429,93
x,0,1,430,106
x,0,1,431,119
x,0,1,432,-124
x,0,1,433,-111
x,0,1,434,-98
x,0,1,435,-85
x,0,1,436,-72
x,0,1,437,-59
x,0,1,438,-46
x,0,1,439,-33
x,0,1,440,-20
x,0,1,441,-7
x,0,1,442,6
x,0,1,443,19
x,0,1,444,32
x,0,1,445,45
x,0,1,446,58
x,0,1,447,71
x,0,1,448,84
x,0,1,449,97
x,0,1,450,110
x,0,1,451,123
x,0,1,452,-120
x,0,1,453,-107
x,0,1,454,-94
x,0,1,455,-81
x,0,1,456,-68
x,0,1,457,-55
x,0,1,458,-42
x,0,1,459,-29
x,0,1,460,-16
x,0,1,461,-3
x,0,1,462,10
x,0,1,463,23
x,0,1,464,36
x,0,1,465,49
x,0,1,466,62
x,0,1,467,75
x,0,1,468,88
x,0,1,469,101
x,0,1,470,114
x,0,1,471,127
x,0,1,472,-116
x,0,1,473,-103
x,0,1,474,-90
x,0,1,475,-77
x,0,1,476,-64
x,0,1,477,-51
x,0,1,478,-38
x,0,1,479,-25
x,0,1,480,-12
x,0,1,481,1
x,0,1,482,14
x,0,1,483,27
x,0,1,484,40
x,0,1,485,53
x,0,1,486,66
x,0,1,487,79
x,0,1,488,92
x,0,1,489,105
x,0,1,490,118
x,0,1,491,-125
x,0,1,492,-112
x,0,1,493,-99
x,0,1,494,-86
x,0,1,495,-73
x,0,1,496,-60
x,0,1,497,-47
x,0,1,498,-34
x,0,1,499,-21
x,0,1,500,-8
x,0,1,501,5
x,0,1,502,18
x,0,1,503,31
x,0,1,504,44
x,0,1,505,57
x,0,1,506,70
x,0,1,507,83
x,0,1,508,96
x,0,1,509,109
x,0,1,510,122
x,0,1,511,-121
h,0,0,0,-123
h,0,0,1,-116
h,0,0,2,-109
h,0,0,3,-102
h,0,0,4,-95
h,0,0,5,-88
h,0,0,6,-81
h,0,0,7,-74
h,0,0,8,-67
h,0,0,9,-60
h,0,0,10,-53
h,0,0,11,-46
h,0,0,12,-39
h,0,0,13,-32
h,0,0,14,-25
h,0,0,15,-18
h,0,0,16,-11
h,0,0,17,-4
h,0,0,18,3
h,0,0,19,10
h,0,0,20,17
h,0,0,21,24
h,0,0,22,31
h,0,0,23,38
h,0,0,24,45
h,0,0,25,52
h,0,0,26,59
h,0,0,27,66
h,0,0,28,73
h,0,0,29,80
h,0,0,30,87
h,0,0,31,94
h,0,0,32,101
h,0,0,33,108
h,0,0,34,115
h,0,0,35,122
h,0,0,36,-127
h,0,0,37,-120
h,0,0,38,-113
h,0,0,39,-106
h,0,0,40,-99
h,0,0,41,-92
h,0,0,42,-85
h,0,0,43,-78
h,0,0,44,-71
h,0,0,45,-64
h,0,0,46,-57
h,0,0,47,-50
h,0,0,48,-43
h,0,0,49,-36
h,0,0,50,-29
h,0,0,51,-22
h,0,0,52,-15
h,0,0,53,-8
h,0,0,54,-1
h,0,0,55,6
h,0,0,56,13
h,0,0,57,20
h,0,0,58,27
h,0,0,59,34
h,0,0,60,41
h,0,0,61,48
h,0,0,62,55
h,0,0,63,62
h,0,0,64,69
h,0,0,65,76
h,0,0,66,83
h,0,0,67,90
h,0,0,68,97
h,0,0,69,104
h,0,0,70,111
h,0,0,71,118
h,0,0,72,125
h,0,0,73,-124
h,0,0,74,-117
h,0,0,75,-110
h,0,0,76,-103
h,0,0,77,-96
h,0,0,78,-89
h,0,0,79,-82
h,0,0,80,-75
h,0,0,81,-68
h,0,0,82,-61
h,0,0,83,-54
h,0,0,84,-47
h,0,0,85,-40
h,0,0,86,-33
h,0,0,87,-26
h,0,0,88,-19
h,0,0,89,-12
h,0,0,90,-5
h,0,0,91,2
h,0,0,92,9
h,0,0,93,16
h,0,0,94,23
h,0,0,95,30
h,0,0,96,37
h,0,0,97,44
h,0,0,98,51
h,0,0,99,58
h,0,0,100,65
h,0,0,101,72
h,0,0,102,79
h,0,0,103,86
h,0,0,104,93
h,0,0,105,100
h,0,0,106,107
h,0,0,107,114
h,0,0,108,121
h,0,0,109,-128
h,0,0,110,-121
h,0,0,111,-114
h,0,0,112,-107
h,0,0,113,-100
h,0,0,114,-93
h,0,0,115,-86
h,0,0,116,-79
h,0,0,117,-72
h,0,0,118,-65
h,0,0,119,-58
h,0,0,120,-51
h,0,0,121,-44
h,0,0,122,-37
h,0,0,123,-30
h,0,0,124,-23
h,0,0,125,-16
h,0,0,126,-9
h,0,0,127,-2
h,0,0,128,5
h,0,0,129,12
h,0,0,130,19
h,0,0,131,26
h,0,0,132,33
h,0,0,133,40
h,0,0,134,47
h,0,0,135,54
h,0,0,136,61
h,0,0,137,68
h,0,0,138,75
h,0,0,139,82
h,0,0,140,89
h,0,0,141,96
h,0,0,142,103
h,0,0,143,110
h,0,0,144,117
h,0,0,145,124
h,0,0,146,-125
h,0,0,147,-118
h,0,0,148,-111
h,0,0,149,-104
h,0,0,150,-97
h,0,0,151,-90
h,0,0,152,-83
h,0,0,153,-76
h,0,0,154,-69
h,0,0,155,-62
h,0,0,156,-55
h,0,0,157,-48
h,0,0,158,-41
h,0,0,159,-34
h,0,0,160,-27
h,0,0,161,-20
h,0,0,162,-13
h,0,0,163,-6
h,0,0,164,1
h,0,0,165,8
h,0,0,166,15
h,0,0,167,22
h,0,0,168,29
h,0,0,169,36
h,0,0,170,43
h,0,0,171,50
h,0,0,172,57
h,0,0,173,64
h,0,0,174,71
h,0,0,175,78
h,0,0,176,85
h,0,0,177,92
h,0,0,178,99
h,0,0,179,106
h,0,0,180,113
h,0,0,181,120
h,0,0,182,127
h,0,0,183,-122
h,0,0,184,-115
h,0,0,185,-108
h,0,0,186,-101
h,0,0,187,-94
h,0,0,188,-87
h,0,0,189,-80
h,0,0,190,-73
h,0,0,191,-66
h,0,0,192,-59
h,0,0,193,-52
h,0,0,194,-45
h,0,0,195,-38
h,0,0,196,-31
h,0,0,197,-24
h,0,0,198,-17
h,0,0,199,-10
h,0,0,200,-3
h,0,0,201,4
h,0,0,202,11
h,0,0,203,18
h,0,0,204,25
h,0,0,205,32
h,0,0,206,39
h,0,0,207,46
h,0,0,208,53
h,0,0,209,60
h,0,0,210,67
h,0,0,211,74
h,0,0,212,81
h,0,0,213,88
h,0,0,214,95
h,0,0,215,102
h,0,0,216,109
h,0,0,217,116
h,0,0,218,123
h,0,0,219,-126
h,0,0,220,-119
h,0,0,221,-112
h,0,0,222,-105
h,0,0,223,-98
h,0,0,224,-91
h,0,0,225,-84
h,0,0,226,-77
h,0,0,227,-70
h,0,0,228,-63
h,0,0,229,-56
h,0,0,230,-49
h,0,0,231,-42
h,0,0,232,-35
h,0,0,233,-28
h,0,0,234,-21
h,0,0,235,-14
h,0,0,236,-7
h,0,0,237,0
h,0,0,238,7
h,0,0,239,14
h,0,0,240,21
h,0,0,241,28
h,0,0,242,35
h,0,0,243,42
h,0,0,244,49
h,0,0,245,56
h,0,0,246,63
h,0,0,247,70
h,0,0,248,77
h,0,0,249,84
h,0,0,250,91
h,0,0,251,98
h,0,0,252,105
h,0,0,253,112
h,0,0,254,119
h,0,0,255,126
h,0,0,256,-123
h,0,0,257,-116
h,0,0,258,-109
h,0,0,259,-102
h,0,0,260,-95
h,0,0,261,-88
h,0,0,262,-81
h,0,0,263,-74
h,0,0,264,-67
h,0,0,265,-60
h,0,0,266,-53
h,0,0,267,-46
h,0,0,268,-39
h,0,0,269,-32
h,0,0,270,-25
h,0,0,271,-18
h,0,0,272,-11
h,0,0,273,-4
h,0,0,274,3
h,0,0,275,10
h,0,0,276,17
h,0,0,277,24
h,0,0,278,31
h,0,0,279,38
h,0,0,280,45
h,0,0,281,52
h,0,0,282,59
h,0,0,283,66
h,0,0,284,73
h,0,0,285,80
h,0,0,286,87
h,0,0,287,94
h,0,0,288,101
h,0,0,289,108
h,0,0,290,115
h,0,0,291,122
h,0,0,292,-127
h,0,0,293,-120
h,0,0,294,-113
h,0,0,295,-106
h,0,0,296,-99
h,0,0,297,-92
h,0,0,298,-85
h,0,0,299,-78
h,0,0,300,-71
h,0,0,301,-64
h,0,0,302,-57
h,0,0,303,-50
h,0,0,304,-43
h,0,0,305,-36
h,0,0,306,-29
h,0,0,307,-22
h,0,0,308,-15
h,0,0,309,-8
h,0,0,310,-1
h,0,0,311,6
h,0,0,312,13
h,0,0,313,20
h,0,0,314,27
h,0,0,315,34
h,0,0,316,41
h,0,0,317,48
h,0,0,318,55
h,0,0,319,62
h,0,0,320,69
h,0,0,321,76
h,0,0,322,83
h,0,0,323,90
h,0,0,324,97
h,0,0,325,104
h,0,0,326,111
h,0,0,327,118
h,0,0,328,125
h,0,0,329,-124
h,0,0,330,-117
h,0,0,331,-110
h,0,0,332,-103
h,0,0,333,-96
h,0,0,334,-89
h,0,0,335,-82
h,0,0,336,-75
h,0,0,337,-68
h,0,0,338,-61
h,0,0,339,-54
h,0,0,340,-47
h,0,0,341,-40
h,0,0,342,-33
h,0,0,343,-26
h,0,0,344,-19
h,0,0,345,-12
h,0,0,346,-5
h,0,0,347,2
h,0,0,348,9
h,0,0,349,16
h,0,0,350,23
h,0,0,351,30
h,0,0,352,37
h,0,0,353,44
h,0,0,354,51
h,0,0,355,58
h,0,0,356,65
h,0,0,357,72
h,0,0,358,79
h,0,0,359,86
h,0,0,360,93
h,0,0,361,100
h,0,0,362,107
h,0,0,363,114
h,0,0,364,121
h,0,0,365,-128
h,0,0,366,-121
h,0,0,367,-114
h,0,0,368,-107
h,0,0,369,-100
h,0,0,370,-93
h,0,0,371,-86
h,0,0,372,-79
h,0,0,373,-72
h,0,0,374,-65
h,0,0,375,-58
h,0,0,376,-51
h,0,0,377,-44
h,0,0,378,-37
h,0,0,379,-30
h,0,0,380,-23
h,0,0,381,-16
h,0,0,382,-9
h,0,0,383,-2
h,0,0,384,5
h,0,0,385,12
h,0,0,386,19
h,0,0,387,26
h,0,0,388,33
h,0,0,389,40
h,0,0,390,47
h,0,0,391,54
h,0,0,392,61
h,0,0,393,68
h,0,0,394,75
h,0,0,395,82
h,0,0,396,89
h,0,0,397,96
h,0,0,398,103
h,0,0,399,110
h,0,0,400,117
h,0,0,401,124
h,0,0,402,-125
h,0,0,403,-118
h,0,0,404,-111
h,0,0,405,-104
h,0,0,406,-97
h,0,0,407,-90
h,0,0,408,-83
h,0,0,409,-76
h,0,0,410,-69
h,0,0,411,-62
h,0,0,412,-55
h,0,0,413,-48
h,0,0,414,-41
h,0,0,415,-34
h,0,0,416,-27
h,0,0,417,-20
h,0,0,418,-13
h,0,0,419,-6
h,0,0,420,1
h,0,0,421,8
h,0,0,422,15
h,0,0,423,22
h,0,0,424,29
h,0,0,425,36
h,0,0,426,43
h,0,0,427,50
h,0,0,428,57
h,0,0,429,64
h,0,0,430,71
h,0,0,431,78
h,0,0,432,85
h,0,0,433,92
h,0,0,434,99
h,0,0,435,106
h,0,0,436,113
h,0,0,437,120
h,0,0,438,127
h,0,0,439,-122
h,0,0,440,-115
h,0,0,441,-108
h,0,0,442,-101
h,0,0,443,-94
h,0,0,444,-87
h,0,0,445,-80
h,0,0,446,-73
h,0,0,447,-66
h,0,0,448,-59
h,0,0,449,-52
h,0,0,450,-45
h,0,0,451,-38
h,0,0,452,-31
h,0,0,453,-24
h,0,0,454,-17
h,0,0,455,-10
h,0,0,456,-3
h,0,0,457,4
h,0,0,458,11
h,0,0,459,18
h,0,0,460,25
h,0,0,461,32
h,0,0,462,39
h,0,0,463,46
h,0,0,464,53
h,0,0,465,60
h,0,0,466,67
h,0,0,467,74
h,0,0,468,81
h,0,0,469,88
h,0,0,470,95
h,0,0,471,102
h,0,0,472,109
h,0,0,473,116
h,0,0,474,123
h,0,0,475,-126
h,0,0,476,-119
h,0,0,477,-112
h,0,0,478,-105
h,0,0,479,-98
h,0,0,480,-91
h,0,0,481,-84
h,0,0,482,-77
h,0,0,483,-70
h,0,0,484,-63
h,0,0,485,-56
h,0,0,486,-49
h,0,0,487,-42
h,0,0,488,-35
h,0,0,489,-28
h,0,0,490,-21
h,0,0,491,-14
h,0,0,492,-7
h,0,0,493,0
h,0,0,494,7
h,0,0,495,14
h,0,0,496,21
h,0,0,497,28
h,0,0,498,35
h,0,0,499,42
h,0,0,500,49
h,0,0,501,56
h,0,0,502,63
h,0,0,503,70
h,0,0,504,77
h,0,0,505,84
h,0,0,506,91
h,0,0,507,98
h,0,0,508,105
h,0,0,509,112
h,0,0,510,119
h,0,1,0,-112
h,0,1,1,-105
h,0,1,2,-98
h,0,1,3,-91
h,0,1,4,-84
h,0,1,5,-77
h,0,1,6,-70
h,0,1,7,-63
h,0,1,8,-56
h,0,1,9,-49
h,0,1,10,-42
h,0,1,11,-35
h,0,1,12,-28
h,0,1,13,-21
h,0,1,14,-14
h,0,1,15,-7
h,0,1,16,0
h,0,1,17,7
h,0,1,18,14
h,0,1,19,21
h,0,1,20,28
h,0,1,21,35
h,0,1,22,42
h,0,1,23,49
h,0,1,24,56
h,0,1,25,63
h,0,1,26,70
h,0,1,27,77
h,0,1,28,84
h,0,1,29,91
h,0,1,30,98
h,0,1,31,105
h,0,1,32,112
h,0,1,33,119
h,0,1,34,126
h,0,1,35,-123
h,0,1,36,-116
h,0,1,37,-109
h,0,1,38,-102
h,0,1,39,-95
h,0,1,40,-88
h,0,1,41,-81
h,0,1,42,-74
h,0,1,43,-67
h,0,1,44,-60
h,0,1,45,-53
h,0,1,46,-46
h,0,1,47,-39
h,0,1,48,-32
h,0,1,49,-25
h,0,1,50,-18
h,0,1,51,-11
h,0,1,52,-4
h,0,1,53,3
h,0,1,54,10
h,0,1,55,17
h,0,1,56,24
h,0,1,57,31
h,0,1,58,38
h,0,1,59,45
h,0,1,60,52
h,0,1,61,59
h,0,1,62,66
h,0,1,63,73
h,0,1,64,80
h,0,1,65,87
h,0,1,66,94
h,0,1,67,101
h,0,1,68,108
h,0,1,69,115
h,0,1,70,122
h,0,1,71,-127
h,0,1,72,-120
h,0,1,73,-113
h,0,1,74,-106
h,0,1,75,-99
h,0,1,76,-92
h,0,1,77,-85
h,0,1,78,-78
h,0,1,79,-71
h,0,1,80,-64
h,0,1,81,-57
h,0,1,82,-50
h,0,1,83,-43
h,0,1,84,-36
h,0,1,85,-29
h,0,1,86,-22
h,0,1,87,-15
h,0,1,88,-8
h,0,1,89,-1
h,0,1,90,6
h,0,1,91,13
h,0,1,92,20
h,0,1,93,27
h,0,1,94,34
h,0,1,95,41
h,0,1,96,48
h,0,1,97,55
h,0,1,98,62
h,0,1,99,69
h,0,1,100,76
h,0,1,101,83
h,0,1,102,90
h,0,1,103,97
h,0,1,104,104
h,0,1,105,111
h,0,1,106,118
h,0,1,107,125
h,0,1,108,-124
h,0,1,109,-117
h,0,1,110,-110
h,0,1,111,-103
h,0,1,112,-96
h,0,1,113,-89
h,0,1,114,-82
h,0,1,115,-75
h,0,1,116,-68
h,0,1,117,-61
h,0,1,118,-54
h,0,1,119,-47
h,0,1,120,-40
h,0,1,121,-33
h,0,1,122,-26
h,0,1,123,-19
h,0,1,124,-12
h,0,1,125,-5
h,0,1,126,2
h,0,1,127,9
h,0,1,128,16
h,0,1,129,23
h,0,1,130,30
h,0,1,131,37
h,0,1,132,44
h,0,1,133,51
h,0,1,134,58
h,0,1,135,65
h,0,1,136,72
h,0,1,137,79
h,0,1,138,86
h,0,1,139,93
h,0,1,140,100
h,0,1,141,107
h,0,1,142,114
h,0,1,143,121
h,0,1,144,-128
h,0,1,145,-121
h,0,1,146,-114
h,0,1,147,-107
h,0,1,148,-100
h,0,1,149,-93
h,0,1,150,-86
h,0,1,151,-79
h,0,1,152,-72
h,0,1,153,-65
h,0,1,154,-58
h,0,1,155,-51
h,0,1,156,-44
h,0,1,157,-37
h,0,1,158,-30
h,0,1,159,-23
h,0,1,160,-16
h,0,1,161,-9
h,0,1,162,-2
h,0,1,163,5
h,0,1,164,12
h,0,1,165,19
h,0,1,166,26
h,0,1,167,33
h,0,1,168,40
h,0,1,169,47
h,0,1,170,54
h,0,1,171,61
h,0,1,172,68
h,0,1,173,75
h,0,1,174,82
h,0,1,175,89
h,0,1,176,96
h,0,1,177,103
h,0,1,178,110
h,0,1,179,117
h,0,1,180,124
h,0,1,181,-125
h,0,1,182,-118
h,0,1,183,-111
h,0,1,184,-104
h,0,1,185,-97
h,0,1,186,-90
h,0,1,187,-83
h,0,1,188,-76
h,0,1,189,-69
h,0,1,190,-62
h,0,1,191,-55
h,0,1,192,-48
h,0,1,193,-41
h,0,1,194,-34
h,0,1,195,-27
h,0,1,196,-20
h,0,1,197,-13
h,0,1,198,-6
h,0,1,199,1
h,0,1,200,8
h,0,1,201,15
h,0,1,202,22
h,0,1,203,29
h,0,1,204,36
h,0,1,205,43
h,0,1,206,50
h,0,1,207,57
h,0,1,208,64
h,0,1,209,71
h,0,1,210,78
h,0,1,211,85
h,0,1,212,92
h,0,1,213,99
h,0,1,214,106
h,0,1,215,113
h,0,1,216,120
h,0,1,217,127
h,0,1,218,-122
h,0,1,219,-115
h,0,1,220,-108
h,0,1,221,-101
h,0,1,222,-94
h,0,1,223,-87
h,0,1,224,-80
h,0,1,225,-73
h,0,1,226,-66
h,0,1,227,-59
h,0,1,228,-52
h,0,1,229,-45
h,0,1,230,-38
h,0,1,231,-31
h,0,1,232,-24
h,0,1,233,-17
h,0,1,234,-10
h,0,1,235,-3
h,0,1,236,4
h,0,1,237,11
h,0,1,238,18
h,0,1,239,25
h,0,1,240,32
h,0,1,241,39
h,0,1,242,46
h,0,1,243,53
h,0,1,244,60
h,0,1,245,67
h,0,1,246,74
h,0,1,247,81
h,0,1,248,88
h,0,1,249,95
h,0,1,250,102
h,0,1,251,109
h,0,1,252,116
h,0,1,253,123
h,0,1,254,-126
h,0,1,255,-119
h,0,1,256,-112
h,0,1,257,-105
h,0,1,258,-98
h,0,1,259,-91
h,0,1,260,-84
h,0,1,261,-77
h,0,1,262,-70
h,0,1,263,-63
h,0,1,264,-56
h,0,1,265,-49
h,0,1,266,-42
h,0,1,267,-35
h,0,1,268,-28
h,0,1,269,-21
h,0,1,270,-14
h,0,1,271,-7
h,0,1,272,0
h,0,1,273,7
h,0,1,274,14
h,0,1,275,21
h,0,1,276,28
h,0,1,277,35
h,0,1,278,42
h,0,1,279,49
h,0,1,280,56
h,0,1,281,63
h,0,1,282,70
h,0,1,283,77
h,0,1,284,84
h,0,1,285,91
h,0,1,286,98
h,0,1,287,105
h,0,1,288,112
h,0,1,289,119
h,0,1,290,126
h,0,1,291,-123
h,0,1,292,-116
h,0,1,293,-109
h,0,1,294,-102
h,0,1,295,-95
h,0,1,296,-88
h,0,1,297,-81
h,0,1,298,-74
h,0,1,299,-67
h,0,1,300,-60
h,0,1,301,-53
h,0,1,302,-46
h,0,1,303,-39
h,0,1,304,-32
h,0,1,305,-25
h,0,1,306,-18
h,0,1,307,-11
h,0,1,308,-4
h,0,1,309,3
h,0,1,310,10
h,0,1,311,17
h,0,1,312,24
h,0,1,313,31
h,0,1,314,38
h,0,1,315,45
h,0,1,316,52
h,0,1,317,59
h,0,1,318,66
h,0,1,319,73
h,0,1,320,80
h,0,1,321,87
h,0,1,322,94
h,0,1,323,101
h,0,1,324,108
h,0,1,325,115
h,0,1,326,122
h,0,1,327,-127
h,0,1,328,-120
h,0,1,329,-113
h,0,1,330,-106
h,0,1,331,-99
h,0,1,332,-92
h,0,1,333,-85
h,0,1,334,-78
h,0,1,335,-71
h,0,1,336,-64
h,0,1,337,-57
h,0,1,338,-50
h,0,1,339,-43
h,0,1,340,-36
h,0,1,341,-29
h,0,1,342,-22
h,0,1,343,-15
h,0,1,344,-8
h,0,1,345,-1
h,0,1,346,6
h,0,1,347,13
h,0,1,348,20
h,0,1,349,27
h,0,1,350,34
h,0,1,351,41
h,0,1,352,48
h,0,1,353,55
h,0,1,354,62
h,0,1,355,69
h,0,1,356,76
h,0,1,357,83
h,0,1,358,90
h,0,1,359,97
h,0,1,360,104
h,0,1,361,111
h,0,1,362,118
h,0,1,363,125
h,0,1,364,-124
h,0,1,365,-117
h,0,1,366,-110
h,0,1,367,-103
h,0,1,368,-96
h,0,1,369,-89
h,0,1,370,-82
h,0,1,371,-75
h,0,1,372,-68
h,0,1,373,-61
h,0,1,374,-54
h,0,1,375,-47
h,0,1,376,-40
h,0,1,377,-33
h,0,1,378,-26
h,0,1,379,-19
h,0,1,380,-12
h,0,1,381,-5
h,0,1,382,2
h,0,1,383,9
h,0,1,384,16
h,0,1,385,23
h,0,1,386,30
h,0,1,387,37
h,0,1,388,44
h,0,1,389,51
h,0,1,390,58
h,0,1,391,65
h,0,1,392,72
h,0,1,393,79
h,0,1,394,86
h,0,1,395,93
h,0,1,396,100
h,0,1,397,107
h,0,1,398,114
h,0,1,399,121
h,0,1,400,-128
h,0,1,401,-121
h,0,1,402,-114
h,0,1,403,-107
h,0,1,404,-100
h,0,1,405,-93
h,0,1,406,-86
h,0,1,407,-79
h,0,1,408,-72
h,0,1,409,-65
h,0,1,410,-58
h,0,1,411,-51
h,0,1,412,-44
h,0,1,413,-37
h,0,1,414,-30
h,0,1,415,-23
h,0,1,416,-16
h,0,1,417,-9
h,0,1,418,-2
h,0,1,419,5
h,0,1,420,12
h,0,1,421,19
h,0,1,422,26
h,0,1,423,33
h,0,1,424,40
h,0,1,425,47
h,0,1,426,54
h,0,1,427,61
h,0,1,428,68
h,0,1,429,75
h,0,1,430,82
h,0,1,431,89
h,0,1,432,96
h,0,1,433,103
h,0,1,434,110
h,0,1,435,117
h,0,1,436,124
h,0,1,437,-125
h,0,1,438,-118
h,0,1,439,-111
h,0,1,440,-104
h,0,1,441,-97
h,0,1,442,-90
h,0,1,443,-83
h,0,1,444,-76
h,0,1,445,-69
h,0,1,446,-62
h,0,1,447,-55
h,0,1,448,-48
h,0,1,449,-41
h,0,1,450,-34
h,0,1,451,-27
h,0,1,452,-20
h,0,1,453,-13
h,0,1,454,-6
h,0,1,455,1
h,0,1,456,8
h,0,1,457,15
h,0,1,458,22
h,0,1,459,29
h,0,1,460,36
h,0,1,461,43
h,0,1,462,50
h,0,1,463,57
h,0,1,464,64
h,0,1,465,71
h,0,1,466,78
h,0,1,467,85
h,0,1,468,92
h,0,1,469,99
h,0,1,470,106
h,0,1,471,113
h,0,1,472,120
h,0,1,473,127
h,0,1,474,-122
h,0,1,475,-115
h,0,1,476,-108
h,0,1,477,-101
h,0,1,478,-94
h,0,1,479,-87
h,0,1,480,-80
h,0,1,481,-73
h,0,1,482,-66
h,0,1,483,-59
h,0,1,484,-52
h,0,1,485,-45
h,0,1,486,-38
h,0,1,487,-31
h,0,1,488,-24
h,0,1,489,-17
h,0,1,490,-10
h,0,1,491,-3
h,0,1,492,4
h,0,1,493,11
h,0,1,494,18
h,0,1,495,25
h,0,1,496,32
h,0,1,497,39
h,0,1,498,46
h,0,1,499,53
h,0,1,500,60
h,0,1,501,67
h,0,1,502,74
h,0,1,503,81
h,0,1,504,88
h,0,1,505,95
h,0,1,506,102
h,0,1,507,109
h,0,1,508,116
h,0,1,509,123
h,0,1,510,-126
h,1,0,0,-104
h,1,0,1,-97
h,1,0,2,-90
h,1,0,3,-83
h,1,0,4,-76
h,1,0,5,-69
h,1,0,6,-62
h,1,0,7,-55
h,1,0,8,-48
h,1,0,9,-41
h,1,0,10,-34
h,1,0,11,-27
h,1,0,12,-20
h,1,0,13,-13
h,1,0,14,-6
h,1,0,15,1
h,1,0,16,8
h,1,0,17,15
h,1,0,18,22
h,1,0,19,29
h,1,0,20,36
h,1,0,21,43
h,1,0,22,50
h,1,0,23,57
h,1,0,24,64
h,1,0,25,71
h,1,0,26,78
h,1,0,27,85
h,1,0,28,92
h,1,0,29,99
h,1,0,30,106
h,1,0,31,113
h,1,0,32,120
h,1,0,33,127
h,1,0,34,-122
h,1,0,35,-115
h,1,0,36,-108
h,1,0,37,-101
h,1,0,38,-94
h,1,0,39,-87
h,1,0,40,-80
h,1,0,41,-73
h,1,0,42,-66
h,1,0,43,-59
h,1,0,44,-52
h,1,0,45,-45
h,1,0,46,-38
h,1,0,47,-31
h,1,0,48,-24
h,1,0,49,-17
h,1,0,50,-10
h,1,0,51,-3
h,1,0,52,4
h,1,0,53,11
h,1,0,54,18
h,1,0,55,25
h,1,0,56,32
h,1,0,57,39
h,1,0,58,46
h,1,0,59,53
h,1,0,60,60
h,1,0,61,67
h,1,0,62,74
h,1,0,63,81
h,1,0,64,88
h,1,0,65,95
h,1,0,66,102
h,1,0,67,109
h,1,0,68,116
h,1,0,69,123
h,1,0,70,-126
h,1,0,71,-119
h,1,0,72,-112
h,1,0,73,-105
h,1,0,74,-98
h,1,0,75,-91
h,1,0,76,-84
h,1,0,77,-77
h,1,0,78,-70
h,1,0,79,-63
h,1,0,80,-56
h,1,0,81,-49
h,1,0,82,-42
h,1,0,83,-35
h,1,0,84,-28
h,1,0,85,-21
h,1,0,86,-14
h,1,0,87,-7
h,1,0,88,0
h,1,0,89,7
h,1,0,90,14
h,1,0,91,21
h,1,0,92,28
h,1,0,93,35
h,1,0,94,42
h,1,0,95,49
h,1,0,96,56
h,1,0,97,63
h,1,0,98,70
h,1,0,99,77
h,1,0,100,84
h,1,0,101,91
h,1,0,102,98
h,1,0,103,105
h,1,0,104,112
h,1,0,105,119
h,1,0,106,126
h,1,0,107,-123
h,1,0,108,-116
h,1,0,109,-109
h,1,0,110,-102
h,1,0,111,-95
h,1,0,112,-88
h,1,0,113,-81
h,1,0,114,-74
h,1,0,115,-67
h,1,0,116,-60
h,1,0,117,-53
h,1,0,118,-46
h,1,0,119,-39
h,1,0,120,-32
h,1,0,121,-25
h,1,0,122,-18
h,1,0,123,-11
h,1,0,124,-4
h,1,0,125,3
h,1,0,126,10
h,1,0,127,17
h,1,0,128,24
h,1,0,129,31
h,1,0,130,38
h,1,0,131,45
h,1,0,132,52
h,1,0,133,59
h,1,0,134,66
h,1,0,135,73
h,1,0,136,80
h,1,0,137,87
h,1,0,138,94
h,1,0,139,101
h,1,0,140,108
h,1,0,141,115
h,1,0,142,122
h,1,0,143,-127
h,1,0,144,-120
h,1,0,145,-113
h,1,0,146,-106
h,1,0,147,-99
h,1,0,148,-92
h,1,0,149,-85
h,1,0,150,-78
h,1,0,151,-71
h,1,0,152,-64
h,1,0,153,-57
h,1,0,154,-50
h,1,0,155,-43
h,1,0,156,-36
h,1,0,157,-29
h,1,0,158,-22
h,1,0,159,-15
h,1,0,160,-8
h,1,0,161,-1
h,1,0,162,6
h,1,0,163,13
h,1,0,164,20
h,1,0,165,27
h,1,0,166,34
h,1,0,167,41
h,1,0,168,48
h,1,0,169,55
h,1,0,170,62
h,1,0,171,69
h,1,0,172,76
h,1,0,173,83
h,1,0,174,90
h,1,0,175,97
h,1,0,176,104
h,1,0,177,111
h,1,0,178,118
h,1,0,179,125
h,1,0,180,-124
h,1,0,181,-117
h,1,0,182,-110
h,1,0,183,-103
h,1,0,184,-96
h,1,0,185,-89
h,1,0,186,-82
h,1,0,187,-75
h,1,0,188,-68
h,1,0,189,-61
h,1,0,190,-54
h,1,0,191,-47
h,1,0,192,-40
h,1,0,193,-33
h,1,0,194,-26
h,1,0,195,-19
h,1,0,196,-12
h,1,0,197,-5
h,1,0,198,2
h,1,0,199,9
h,1,0,200,16
h,1,0,201,23
h,1,0,202,30
h,1,0,203,37
h,1,0,204,44
h,1,0,205,51
h,1,0,206,58
h,1,0,207,65
h,1,0,208,72
h,1,0,209,79
h,1,0,210,86
h,1,0,211,93
h,1,0,212,100
h,1,0,213,107
h,1,0,214,114
h,1,0,215,121
h,1,0,216,-128
h,1,0,217,-121
h,1,0,218,-114
h,1,0,219,-107
h,1,0,220,-100
h,1,0,221,-93
h,1,0,222,-86
h,1,0,223,-79
h,1,0,224,-72
h,1,0,225,-65
h,1,0,226,-58
h,1,0,227,-51
h,1,0,228,-44
h,1,0,229,-37
h,1,0,230,-30
h,1,0,231,-23
h,1,0,232,-16
h,1,0,233,-9
h,1,0,234,-2
h,1,0,235,5
h,1,0,236,12
h,1,0,237,19
h,1,0,238,26
h,1,0,239,33
h,1,0,240,40
h,1,0,241,47
h,1,0,242,54
h,1,0,243,61
h,1,0,244,68
h,1,0,245,75
h,1,0,246,82
h,1,0,247,89
h,1,0,248,96
h,1,0,249,103
h,1,0,250,110
h,1,0,251,117
h,1,0,252,124
h,1,0,253,-125
h,1,0,254,-118
h,1,0,255,-111
h,1,0,256,-104
h,1,0,257,-97
h,1,0,258,-90
h,1,0,259,-83
h,1,0,260,-76
h,1,0,261,-69
h,1,0,262,-62
h,1,0,263,-55
h,1,0,264,-48
h,1,0,265,-41
h,1,0,266,-34
h,1,0,267,-27
h,1,0,268,-20
h,1,0,269,-13
h,1,0,270,-6
h,1,0,271,1
h,1,0,272,8
h,1,0,273,15
h,1,0,274,22
h,1,0,275,29
h,1,0,276,36
h,1,0,277,43
h,1,0,278,50
h,1,0,279,57
h,1,0,280,64
h,1,0,281,71
h,1,0,282,78
h,1,0,283,85
h,1,0,284,92
h,1,0,285,99
h,1,0,286,106
h,1,0,287,113
h,1,0,288,120
h,1,0,289,127
h,1,0,290,-122
h,1,0,291,-115
h,1,0,292,-108
h,1,0,293,-101
h,1,0,294,-94
h,1,0,295,-87
h,1,0,296,-80
h,1,0,297,-73
h,1,0,298,-66
h,1,0,299,-59
h,1,0,300,-52
h,1,0,301,-45
h,1,0,302,-38
h,1,0,303,-31
h,1,0,304,-24
h,1,0,305,-17
h,1,0,306,-10
h,1,0,307,-3
h,1,0,308,4
h,1,0,309,11
h,1,0,310,18
h,1,0,311,25
h,1,0,312,32
h,1,0,313,39
h,1,0,314,46
h,1,0,315,53
h,1,0,316,60
h,1,0,317,67
h,1,0,318,74
h,1,0,319,81
h,1,0,320,88
h,1,0,321,95
h,1,0,322,102
h,1,0,323,109
h,1,0,324,116
h,1,0,325,123
h,1,0,326,-126
h,1,0,327,-119
h,1,0,328,-112
h,1,0,329,-105
h,1,0,330,-98
h,1,0,331,-91
h,1,0,332,-84
h,1,0,333,-77
h,1,0,334,-70
h,1,0,335,-63
h,1,0,336,-56
h,1,0,337,-49
h,1,0,338,-42
h,1,0,339,-35
h,1,0,340,-28
h,1,0,341,-21
h,1,0,342,-14
h,1,0,343,-7
h,1,0,344,0
h,1,0,345,7
h,1,0,346,14
h,1,0,347,21
h,1,0,348,28
h,1,0,349,35
h,1,0,350,42
h,1,0,351,49
h,1,0,352,56
h,1,0,353,63
h,1,0,354,70
h,1,0,355,77
h,1,0,356,84
h,1,0,357,91
h,1,0,358,98
h,1,0,359,105
h,1,0,360,112
h,1,0,361,119
h,1,0,362,126
h,1,0,363,-123
h,1,0,364,-116
h,1,0,365,-109
h,1,0,366,-102
h,1,0,367,-95
h,1,0,368,-88
h,1,0,369,-81
h,1,0,370,-74
h,1,0,371,-67
h,1,0,372,-60
h,1,0,373,-53
h,1,0,374,-46
h,1,0,375,-39
h,1,0,376,-32
h,1,0,377,-25
h,1,0,378,-18
h,1,0,379,-11
h,1,0,380,-4
h,1,0,381,3
h,1,0,382,10
h,1,0,383,17
h,1,0,384,24
h,1,0,385,31
h,1,0,386,38
h,1,0,387,45
h,1,0,388,52
h,1,0,389,59
h,1,0,390,66
h,1,0,391,73
h,1,0,392,80
h,1,0,393,87
h,1,0,394,94
h,1,0,395,101
h,1,0,396,108
h,1,0,397,115
h,1,0,398,122
h,1,0,399,-127
h,1,0,400,-120
h,1,0,401,-113
h,1,0,402,-106
h,1,0,403,-99
h,1,0,404,-92
h,1,0,405,-85
h,1,0,406,-78
h,1,0,407,-71
h,1,0,408,-64
h,1,0,409,-57
h,1,0,410,-50
h,1,0,411,-43
h,1,0,412,-36
h,1,0,413,-29
h,1,0,414,-22
h,1,0,415,-15
h,1,0,416,-8
h,1,0,417,-1
h,1,0,418,6
h,1,0,419,13
h,1,0,420,20
h,1,0,421,27
h,1,0,422,34
h,1,0,423,41
h,1,0,424,48
h,1,0,425,55
h,1,0,426,62
h,1,0,427,69
h,1,0,428,76
h,1,0,429,83
h,1,0,430,90
h,1,0,431,97
h,1,0,432,104
h,1,0,433,111
h,1,0,434,118
h,1,0,435,125
h,1,0,436,-124
h,1,0,437,-117
h,1,0,438,-110
h,1,0,439,-103
h,1,0,440,-96
h,1,0,441,-89
h,1,0,442,-82
h,1,0,443,-75
h,1,0,444,-68
h,1,0,445,-61
h,1,0,446,-54
h,1,0,447,-47
h,1,0,448,-40
h,1,0,449,-33
h,1,0,450,-26
h,1,0,451,-19
h,1,0,452,-12
h,1,0,453,-5
h,1,0,454,2
h,1,0,455,9
h,1,0,456,16
h,1,0,457,23
h,1,0,458,30
h,1,0,459,37
h,1,0,460,44
h,1,0,461,51
h,1,0,462,58
h,1,0,463,65
h,1,0,464,72
h,1,0,465,79
h,1,0,466,86
h,1,0,467,93
h,1,0,468,100
h,1,0,469,107
h,1,0,470,114
h,1,0,471,121
h,1,0,472,-128
h,1,0,473,-121
h,1,0,474,-114
h,1,0,475,-107
h,1,0,476,-100
h,1,0,477,-93
h,1,0,478,-86
h,1,0,479,-79
h,1,0,480,-72
h,1,0,481,-65
h,1,0,482,-58
h,1,0,483,-51
h,1,0,484,-44
h,1,0,485,-37
h,1,0,486,-30
h,1,0,487,-23
h,1,0,488,-16
h,1,0,489,-9
h,1,0,490,-2
h,1,0,491,5
h,1,0,492,12
h,1,0,493,19
h,1,0,494,26
h,1,0,495,33
h,1,0,496,40
h,1,0,497,47
h,1,0,498,54
h,1,0,499,61
h,1,0,500,68
h,1,0,501,75
h,1,0,502,82
h,1,0,503,89
h,1,0,504,96
h,1,0,505,103
h,1,0,506,110
h,1,0,507,117
h,1,0,508,124
h,1,0,509,-125
h,1,0,510,-118
h,1,1,0,-93
h,1,1,1,-86
h,1,1,2,-79
h,1,1,3,-72
h,1,1,4,-65
h,1,1,5,-58
h,1,1,6,-51
h,1,1,7,-44
h,1,1,8,-37
h,1,1,9,-30
h,1,1,10,-23
h,1,1,11,-16
h,1,1,12,-9
h,1,1,13,-2
h,1,1,14,5
h,1,1,15,12
h,1,1,16,19
h,1,1,17,26
h,1,1,18,33
h,1,1,19,40
h,1,1,20,47
h,1,1,21,54
h,1,1,22,61
h,1,1,23,68
h,1,1,24,75
h,1,1,25,82
h,1,1,26,89
h,1,1,27,96
h,1,1,28,103
h,1,1,29,110
h,1,1,30,117
h,1,1,31,124
h,1,1,32,-125
h,1,1,33,-118
h,1,1,34,-111
h,1,1,35,-104
h,1,1,36,-97
h,1,1,37,-90
h,1,1,38,-83
h,1,1,39,-76
h,1,1,40,-69
h,1,1,41,-62
h,1,1,42,-55
h,1,1,43,-48
h,1,1,44,-41
h,1,1,45,-34
h,1,1,46,-27
h,1,1,47,-20
h,1,1,48,-13
h,1,1,49,-6
h,1,1,50,1
h,1,1,51,8
h,1,1,52,15
h,1,1,53,22
h,1,1,54,29
h,1,1,55,36
h,1,1,56,43
h,1,1,57,50
h,1,1,58,57
h,1,1,59,64
h,1,1,60,71
h,1,1,61,78
h,1,1,62,85
h,1,1,63,92
h,1,1,64,99
h,1,1,65,106
h,1,1,66,113
h,1,1,67,120
h,1,1,68,127
h,1,1,69,-122
h,1,1,70,-115
h,1,1,71,-108
h,1,1,72,-101
h,1,1,73,-94
h,1,1,74,-87
h,1,1,75,-80
h,1,1,76,-73
h,1,1,77,-66
h,1,1,78,-59
h,1,1,79,-52
h,1,1,80,-45
h,1,1,81,-38
h,1,1,82,-31
h,1,1,83,-24
h,1,1,84,-17
h,1,1,85,-10
h,1,1,86,-3
h,1,1,87,4
h,1,1,88,11
h,1,1,89,18
h,1,1,90,25
h,1,1,91,32
h,1,1,92,39
h,1,1,93,46
h,1,1,94,53
h,1,1,95,60
h,1,1,96,67
h,1,1,97,74
h,1,1,98,81
h,1,1,99,88
h,1,1,100,95
h,1,1,101,102
h,1,1,102,109
h,1,1,103,116
h,1,1,104,123
h,1,1,105,-126
h,1,1,106,-119
h,1,1,107,-112
h,1,1,108,-105
h,1,1,109,-98
h,1,1,110,-91
h,1,1,111,-84
h,1,1,112,-77
h,1,1,113,-70
h,1,1,114,-63
h,1,1,115,-56
h,1,1,116,-49
h,1,1,117,-42
h,1,1,118,-35
h,1,1,119,-28
h,1,1,120,-21
h,1,1,121,-14
h,1,1,122,-7
h,1,1,123,0
h,1,1,124,7
h,1,1,125,14
h,1,1,126,21
h,1,1,127,28
h,1,1,128,35
h,1,1,129,42
h,1,1,130,49
h,1,1,131,56
h,1,1,132,63
h,1,1,133,70
h,1,1,134,77
h,1,1,135,84
h,1,1,136,91
h,1,1,137,98
h,1,1,138,105
h,1,1,139,112
h,1,1,140,119
h,1,1,141,126
h,1,1,142,-123
h,1,1,143,-116
h,1,1,144,-109
h,1,1,145,-102
h,1,1,146,-95
h,1,1,147,-88
h,1,1,148,-81
h,1,1,149,-74
h,1,1,150,-67
h,1,1,151,-60
h,1,1,152,-53
h,1,1,153,-46
h,1,1,154,-39
h,1,1,155,-32
h,1,1,156,-25
h,1,1,157,-18
h,1,1,158,-11
h,1,1,159,-4
h,1,1,160,3
h,1,1,161,10
h,1,1,162,17
h,1,1,163,24
h,1,1,164,31
h,1,1,165,38
h,1,1,166,45
h,1,1,167,52
h,1,1,168,59
h,1,1,169,66
h,1,1,170,73
h,1,1,171,80
h,1,1,172,87
h,1,1,173,94
h,1,1,174,101
h,1,1,175,108
h,1,1,176,115
h,1,1,177,122
h,1,1,178,-127
h,1,1,179,-120
h,1,1,180,-113
h,1,1,181,-106
h,1,1,182,-99
h,1,1,183,-92
h,1,1,184,-85
h,1,1,185,-78
h,1,1,186,-71
h,1,1,187,-64
h,1,1,188,-57
h,1,1,189,-50
h,1,1,190,-43
h,1,1,191,-36
h,1,1,192,-29
h,1,1,193,-22
h,1,1,194,-15
h,1,1,195,-8
h,1,1,196,-1
h,1,1,197,6
h,1,1,198,13
h,1,1,199,20
h,1,1,200,27
h,1,1,201,34
h,1,1,202,41
h,1,1,203,48
h,1,1,204,55
h,1,1,205,62
h,1,1,206,69
h,1,1,207,76
h,1,1,208,83
h,1,1,209,90
h,1,1,210,97
h,1,1,211,104
h,1,1,212,111
h,1,1,213,118
h,1,1,214,125
h,1,1,215,-124
h,1,1,216,-117
h,1,1,217,-110
h,1,1,218,-103
h,1,1,219,-96
h,1,1,220,-89
h,1,1,221,-82
h,1,1,222,-75
h,1,1,223,-68
h,1,1,224,-61
h,1,1,225,-54
h,1,1,226,-47
h,1,1,227,-40
h,1,1,228,-33
h,1,1,229,-26
h,1,1,230,-19
h,1,1,231,-12
h,1,1,232,-5
h,1,1,233,2
h,1,1,234,9
h,1,1,235,16
h,1,1,236,23
h,1,1,237,30
h,1,1,238,37
h,1,1,239,44
h,1,1,240,51
h,1,1,241,58
h,1,1,242,65
h,1,1,243,72
h,1,1,244,79
h,1,1,245,86
h,1,1,246,93
h,1,1,247,100
h,1,1,248,107
h,1,1,249,114
h,1,1,250,121
h,1,1,251,-128
h,1,1,252,-121
h,1,1,253,-114
h,1,1,254,-107
h,1,1,255,-100
h,1,1,256,-93
h,1,1,257,-86
h,1,1,258,-79
h,1,1,259,-72
h,1,1,260,-65
h,1,1,261,-58
h,1,1,262,-51
h,1,1,263,-44
h,1,1,264,-37
h,1,1,265,-30
h,1,1,266,-23
h,1,1,267,-16
h,1,1,268,-9
h,1,1,269,-2
h,1,1,270,5
h,1,1,271,12
h,1,1,272,19
h,1,1,273,26
h,1,1,274,33
h,1,1,275,40
h,1,1,276,47
h,1,1,277,54
h,1,1,278,61
h,1,1,279,68
h,1,1,280,75
h,1,1,281,82
h,1,1,282,89
h,1,1,283,96
h,1,1,284,103
h,1,1,285,110
h,1,1,286,117
h,1,1,287,124
h,1,1,288,-125
h,1,1,289,-118
h,1,1,290,-111
h,1,1,291,-104
h,1,1,292,-97
h,1,1,293,-90
h,1,1,294,-83
h,1,1,295,-76
h,1,1,296,-69
h,1,1,297,-62
h,1,1,298,-55
h,1,1,299,-48
h,1,1,300,-41
h,1,1,301,-34
h,1,1,302,-27
h,1,1,303,-20
h,1,1,304,-13
h,1,1,305,-6
h,1,1,306,1
h,1,1,307,8
h,1,1,308,15
h,1,1,309,22
h,1,1,310,29
h,1,1,311,36
h,1,1,312,43
h,1,1,313,50
h,1,1,314,57
h,1,1,315,64
h,1,1,316,71
h,1,1,317,78
h,1,1,318,85
h,1,1,319,92
h,1,1,320,99
h,1,1,321,106
h,1,1,322,113
h,1,1,323,120
h,1,1,324,127
h,1,1,325,-122
h,1,1,326,-115
h,1,1,327,-108
h,1,1,328,-101
h,1,1,329,-94
h,1,1,330,-87
h,1,1,331,-80
h,1,1,332,-73
h,1,1,333,-66
h,1,1,334,-59
h,1,1,335,-52
h,1,1,336,-45
h,1,1,337,-38
h,1,1,338,-31
h,1,1,339,-24
h,1,1,340,-17
h,1,1,341,-10
h,1,1,342,-3
h,1,1,343,4
h,1,1,344,11
h,1,1,345,18
h,1,1,346,25
h,1,1,347,32
h,1,1,348,39
h,1,1,349,46
h,1,1,350,53
h,1,1,351,60
h,1,1,352,67
h,1,1,353,74
h,1,1,354,81
h,1,1,355,88
h,1,1,356,95
h,1,1,357,102
h,1,1,358,109
h,1,1,359,116
h,1,1,360,123
h,1,1,361,-126
h,1,1,362,-119
h,1,1,363,-112
h,1,1,364,-105
h,1,1,365,-98
h,1,1,366,-91
h,1,1,367,-84
h,1,1,368,-77
h,1,1,369,-70
h,1,1,370,-63
h,1,1,371,-56
h,1,1,372,-49
h,1,1,373,-42
h,1,1,374,-35
h,1,1,375,-28
h,1,1,376,-21
h,1,1,377,-14
h,1,1,378,-7
h,1,1,379,0
h,1,1,380,7
h,1,1,381,14
h,1,1,382,21
h,1,1,383,28
h,1,1,384,35
h,1,1,385,42
h,1,1,386,49
h,1,1,387,56
h,1,1,388,63
h,1,1,389,70
h,1,1,390,77
h,1,1,391,84
h,1,1,392,91
h,1,1,393,98
h,1,1,394,105
h,1,1,395,112
h,1,1,396,119
h,1,1,397,126
h,1,1,398,-123
h,1,1,399,-116
h,1,1,400,-109
h,1,1,401,-102
h,1,1,402,-95
h,1,1,403,-88
h,1,1,404,-81
h,1,1,405,-74
h,1,1,406,-67
h,1,1,407,-60
h,1,1,408,-53
h,1,1,409,-46
h,1,1,410,-39
h,1,1,411,-32
h,1,1,412,-25
h,1,1,413,-18
h,1,1,414,-11
h,1,1,415,-4
h,1,1,416,3
h,1,1,417,10
h,1,1,418,17
h,1,1,419,24
h,1,1,420,31
h,1,1,421,38
h,1,1,422,45
h,1,1,423,52
h,1,1,424,59
h,1,1,425,66
h,1,1,426,73
h,1,1,427,80
h,1,1,428,87
h,1,1,429,94
h,1,1,430,101
h,1,1,431,108
h,1,1,432,115
h,1,1,433,122
h,1,1,434,-127
h,1,1,435,-120
h,1,1,436,-113
h,1,1,437,-106
h,1,1,438,-99
h,1,1,439,-92
h,1,1,440,-85
h,1,1,441,-78
h,1,1,442,-71
h,1,1,443,-64
h,1,1,444,-57
h,1,1,445,-50
h,1,1,446,-43
h,1,1,447,-36
h,1,1,448,-29
h,1,1,449,-22
h,1,1,450,-15
h,1,1,451,-8
h,1,1,452,-1
h,1,1,453,6
h,1,1,454,13
h,1,1,455,20
h,1,1,456,27
h,1,1,457,34
h,1,1,458,41
h,1,1,459,48
h,1,1,460,55
h,1,1,461,62
h,1,1,462,69
h,1,1,463,76
h,1,1,464,83
h,1,1,465,90
h,1,1,466,97
h,1,1,467,104
h,1,1,468,111
h,1,1,469,118
h,1,1,470,125
h,1,1,471,-124
h,1,1,472,-117
h,1,1,473,-110
h,1,1,474,-103
h,1,1,475,-96
h,1,1,476,-89
h,1,1,477,-82
h,1,1,478,-75
h,1,1,479,-68
h,1,1,480,-61
h,1,1,481,-54
h,1,1,482,-47
h,1,1,483,-40
h,1,1,484,-33
h,1,1,485,-26
h,1,1,486,-19
h,1,1,487,-12
h,1,1,488,-5
h,1,1,489,2
h,1,1,490,9
h,1,1,491,16
h,1,1,492,23
h,1,1,493,30
h,1,1,494,37
h,1,1,495,44
h,1,1,496,51
h,1,1,497,58
h,1,1,498,65
h,1,1,499,72
h,1,1,500,79
h,1,1,501,86
h,1,1,502,93
h,1,1,503,100
h,1,1,504,107
h,1,1,505,114
h,1,1,506,121
h,1,1,507,-128
h,1,1,508,-121
h,1,1,509,-114
h,1,1,510,-107
h,2,0,0,-85
h,2,0,1,-78
h,2,0,2,-71
h,2,0,3,-64
h,2,0,4,-57
h,2,0,5,-50
h,2,0,6,-43
h,2,0,7,-36
h,2,0,8,-29
h,2,0,9,-22
h,2,0,10,-15
h,2,0,11,-8
h,2,0,12,-1
h,2,0,13,6
h,2,0,14,13
h,2,0,15,20
h,2,0,16,27
h,2,0,17,34
h,2,0,18,41
h,2,0,19,48
h,2,0,20,55
h,2,0,21,62
h,2,0,22,69
h,2,0,23,76
h,2,0,24,83
h,2,0,25,90
h,2,0,26,97
h,2,0,27,104
h,2,0,28,111
h,2,0,29,118
h,2,0,30,125
h,2,0,31,-124
h,2,0,32,-117
h,2,0,33,-110
h,2,0,34,-103
h,2,0,35,-96
h,2,0,36,-89
h,2,0,37,-82
h,2,0,38,-75
h,2,0,39,-68
h,2,0,40,-61
h,2,0,41,-54
h,2,0,42,-47
h,2,0,43,-40
h,2,0,44,-33
h,2,0,45,-26
h,2,0,46,-19
h,2,0,47,-12
h,2,0,48,-5
h,2,0,49,2
h,2,0,50,9
h,2,0,51,16
h,2,0,52,23
h,2,0,53,30
h,2,0,54,37
h,2,0,55,44
h,2,0,56,51
h,2,0,57,58
h,2,0,58,65
h,2,0,59,72
h,2,0,60,79
h,2,0,61,86
h,2,0,62,93
h,2,0,63,100
h,2,0,64,107
h,2,0,65,114
h,2,0,66,121
h,2,0,67,-128
h,2,0,68,-121
h,2,0,69,-114
h,2,0,70,-107
h,2,0,71,-100
h,2,0,72,-93
h,2,0,73,-86
h,2,0,74,-79
h,2,0,75,-72
h,2,0,76,-65
h,2,0,77,-58
h,2,0,78,-51
h,2,0,79,-44
h,2,0,80,-37
h,2,0,81,-30
h,2,0,82,-23
h,2,0,83,-16
h,2,0,84,-9
h,2,0,85,-2
h,2,0,86,5
h,2,0,87,12
h,2,0,88,19
h,2,0,89,26
h,2,0,90,33
h,2,0,91,40
h,2,0,92,47
h,2,0,93,54
h,2,0,94,61
h,2,0,95,68
h,2,0,96,75
h,2,0,97,82
h,2,0,98,89
h,2,0,99,96
h,2,0,100,103
h,2,0,101,110
h,2,0,102,117
h,2,0,103,124
h,2,0,104,-125
h,2,0,105,-118
h,2,0,106,-111
h,2,0,107,-104
h,2,0,108,-97
h,2,0,109,-90
h,2,0,110,-83
h,2,0,111,-76
h,2,0,112,-69
h,2,0,113,-62
h,2,0,114,-55
h,2,0,115,-48
h,2,0,116,-41
h,2,0,117,-34
h,2,0,118,-27
h,2,0,119,-20
h,2,0,120,-13
h,2,0,121,-6
h,2,0,122,1
h,2,0,123,8
h,2,0,124,15
h,2,0,125,22
h,2,0,126,29
h,2,0,127,36
h,2,0,128,43
h,2,0,129,50
h,2,0,130,57
h,2,0,131,64
h,2,0,132,71
h,2,0,133,78
h,2,0,134,85
h,2,0,135,92
h,2,0,136,99
h,2,0,137,106
h,2,0,138,113
h,2,0,139,120
h,2,0,140,127
h,2,0,141,-122
h,2,0,142,-115
h,2,0,143,-108
h,2,0,144,-101
h,2,0,145,-94
h,2,0,146,-87
h,2,0,147,-80
h,2,0,148,-73
h,2,0,149,-66
h,2,0,150,-59
h,2,0,151,-52
h,2,0,152,-45
h,2,0,153,-38
h,2,0,154,-31
h,2,0,155,-24
h,2,0,156,-17
h,2,0,157,-10
h,2,0,158,-3
h,2,0,159,4
h,2,0,160,11
h,2,0,161,18
h,2,0,162,25
h,2,0,163,32
h,2,0,164,39
h,2,0,165,46
h,2,0,166,53
h,2,0,167,60
h,2,0,168,67
h,2,0,169,74
h,2,0,170,81
h,2,0,171,88
h,2,0,172,95
h,2,0,173,102
h,2,0,174,109
h,2,0,175,116
h,2,0,176,123
h,2,0,177,-126
h,2,0,178,-119
h,2,0,179,-112
h,2,0,180,-105
h,2,0,181,-98
h,2,0,182,-91
h,2,0,183,-84
h,2,0,184,-77
h,2,0,185,-70
h,2,0,186,-63
h,2,0,187,-56
h,2,0,188,-49
h,2,0,189,-42
h,2,0,190,-35
h,2,0,191,-28
h,2,0,192,-21
h,2,0,193,-14
h,2,0,194,-7
h,2,0,195,0
h,2,0,196,7
h,2,0,197,14
h,2,0,198,21
h,2,0,199,28
h,2,0,200,35
h,2,0,201,42
h,2,0,202,49
h,2,0,203,56
h,2,0,204,63
h,2,0,205,70
h,2,0,206,77
h,2,0,207,84
h,2,0,208,91
h,2,0,209,98
h,2,0,210,105
h,2,0,211,112
h,2,0,212,119
h,2,0,213,126
h,2,0,214,-123
h,2,0,215,-116
h,2,0,216,-109
h,2,0,217,-102
h,2,0,218,-95
h,2,0,219,-88
h,2,0,220,-81
h,2,0,221,-74
h,2,0,222,-67
h,2,0,223,-60
h,2,0,224,-53
h,2,0,225,-46
h,2,0,226,-39
h,2,0,227,-32
h,2,0,228,-25
h,2,0,229,-18
h,2,0,230,-11
h,2,0,231,-4
h,2,0,232,3
h,2,0,233,10
h,2,0,234,17
h,2,0,235,24
h,2,0,236,31
h,2,0,237,38
h,2,0,238,45
h,2,0,239,52
h,2,0,240,59
h,2,0,241,66
h,2,0,242,73
h,2,0,243,80
h,2,0,244,87
h,2,0,245,94
h,2,0,246,101
h,2,0,247,108
h,2,0,248,115
h,2,0,249,122
h,2,0,250,-127
h,2,0,251,-120
h,2,0,252,-113
h,2,0,253,-106
h,2,0,254,-99
h,2,0,255,-92
h,2,0,256,-85
h,2,0,257,-78
h,2,0,258,-71
h,2,0,259,-64
h,2,0,260,-57
h,2,0,261,-50
h,2,0,262,-43
h,2,0,263,-36
h,2,0,264,-29
h,2,0,265,-22
h,2,0,266,-15
h,2,0,267,-8
h,2,0,268,-1
h,2,0,269,6
h,2,0,270,13
h,2,0,271,20
h,2,0,272,27
h,2,0,273,34
h,2,0,274,41
h,2,0,275,48
h,2,0,276,55
h,2,0,277,62
h,2,0,278,69
h,2,0,279,76
h,2,0,280,83
h,2,0,281,90
h,2,0,282,97
h,2,0,283,104
h,2,0,284,111
h,2,0,285,118
h,2,0,286,125
h,2,0,287,-124
h,2,0,288,-117
h,2,0,289,-110
h,2,0,290,-103
h,2,0,291,-96
h,2,0,292,-89
h,2,0,293,-82
h,2,0,294,-75
h,2,0,295,-68
h,2,0,296,-61
h,2,0,297,-54
h,2,0,298,-47
h,2,0,299,-40
h,2,0,300,-33
h,2,0,301,-26
h,2,0,302,-19
h,2,0,303,-12
h,2,0,304,-5
h,2,0,305,2
h,2,0,306,9
h,2,0,307,16
h,2,0,308,23
h,2,0,309,30
h,2,0,310,37
h,2,0,311,44
h,2,0,312,51
h,2,0,313,58
h,2,0,314,65
h,2,0,315,72
h,2,0,316,79
h,2,0,317,86
h,2,0,318,93
h,2,0,319,100
h,2,0,320,107
h,2,0,321,114
h,2,0,322,121
h,2,0,323,-128
h,2,0,324,-121
h,2,0,325,-114
h,2,0,326,-107
h,2,0,327,-100
h,2,0,328,-93
h,2,0,329,-86
h,2,0,330,-79
h,2,0,331,-72
h,2,0,332,-65
h,2,0,333,-58
h,2,0,334,-51
h,2,0,335,-44
h,2,0,336,-37
h,2,0,337,-30
h,2,0,338,-23
h,2,0,339,-16
h,2,0,340,-9
h,2,0,341,-2
h,2,0,342,5
h,2,0,343,12
h,2,0,344,19
h,2,0,345,26
h,2,0,346,33
h,2,0,347,40
h,2,0,348,47
h,2,0,349,54
h,2,0,350,61
h,2,0,351,68
h,2,0,352,75
h,2,0,353,82
h,2,0,354,89
h,2,0,355,96
h,2,0,356,103
h,2,0,357,110
h,2,0,358,117
h,2,0,359,124
h,2,0,360,-125
h,2,0,361,-118
h,2,0,362,-111
h,2,0,363,-104
h,2,0,364,-97
h,2,0,365,-90
h,2,0,366,-83
h,2,0,367,-76
h,2,0,368,-69
h,2,0,369,-62
h,2,0,370,-55
h,2,0,371,-48
h,2,0,372,-41
h,2,0,373,-34
h,2,0,374,-27
h,2,0,375,-20
h,2,0,376,-13
h,2,0,377,-6
h,2,0,378,1
h,2,0,379,8
h,2,0,380,15
h,2,0,381,22
h,2,0,382,29
h,2,0,383,36
h,2,0,384,43
h,2,0,385,50
h,2,0,386,57
h,2,0,387,64
h,2,0,388,71
h,2,0,389,78
h,2,0,390,85
h,2,0,391,92
h,2,0,392,99
h,2,0,393,106
h,2,0,394,113
h,2,0,395,120
h,2,0,396,127
h,2,0,397,-122
h,2,0,398,-115
h,2,0,399,-108
h,2,0,400,-101
h,2,0,401,-94
h,2,0,402,-87
h,2,0,403,-80
h,2,0,404,-73
h,2,0,405,-66
h,2,0,406,-59
h,2,0,407,-52
h,2,0,408,-45
h,2,0,409,-38
h,2,0,410,-31
h,2,0,411,-24
h,2,0,412,-17
h,2,0,413,-10
h,2,0,414,-3
h,2,0,415,4
h,2,0,416,11
h,2,0,417,18
h,2,0,418,25
h,2,0,419,32
h,2,0,420,39
h,2,0,421,46
h,2,0,422,53
h,2,0,423,60
h,2,0,424,67
h,2,0,425,74
h,2,0,426,81
h,2,0,427,88
h,2,0,428,95
h,2,0,429,102
h,2,0,430,109
h,2,0,431,116
h,2,0,432,123
h,2,0,433,-126
h,2,0,434,-119
h,2,0,435,-112
h,2,0,436,-105
h,2,0,437,-98
h,2,0,438,-91
h,2,0,439,-84
h,2,0,440,-77
h,2,0,441,-70
h,2,0,442,-63
h,2,0,443,-56
h,2,0,444,-49
h,2,0,445,-42
h,2,0,446,-35
h,2,0,447,-28
h,2,0,448,-21
h,2,0,449,-14
h,2,0,450,-7
h,2,0,451,0
h,2,0,452,7
h,2,0,453,14
h,2,0,454,21
h,2,0,455,28
h,2,0,456,35
h,2,0,457,42
h,2,0,458,49
h,2,0,459,56
h,2,0,460,63
h,2,0,461,70
h,2,0,462,77
h,2,0,463,84
h,2,0,464,91
h,2,0,465,98
h,2,0,466,105
h,2,0,467,112
h,2,0,468,119
h,2,0,469,126
h,2,0,470,-123
h,2,0,471,-116
h,2,0,472,-109
h,2,0,473,-102
h,2,0,474,-95
h,2,0,475,-88
h,2,0,476,-81
h,2,0,477,-74
h,2,0,478,-67
h,2,0,479,-60
h,2,0,480,-53
h,2,0,481,-46
h,2,0,482,-39
h,2,0,483,-32
h,2,0,484,-25
h,2,0,485,-18
h,2,0,486,-11
h,2,0,487,-4
h,2,0,488,3
h,2,0,489,10
h,2,0,490,17
h,2,0,491,24
h,2,0,492,31
h,2,0,493,38
h,2,0,494,45
h,2,0,495,52
h,2,0,496,59
h,2,0,497,66
h,2,0,498,73
h,2,0,499,80
h,2,0,500,87
h,2,0,501,94
h,2,0,502,101
h,2,0,503,108
h,2,0,504,115
h,2,0,505,122
h,2,0,506,-127
h,2,0,507,-120
h,2,0,508,-113
h,2,0,509,-106
h,2,0,510,-99
h,2,1,0,-74
h,2,1,1,-67
h,2,1,2,-60
h,2,1,3,-53
h,2,1,4,-46
h,2,1,5,-39
h,2,1,6,-32
h,2,1,7,-25
h,2,1,8,-18
h,2,1,9,-11
h,2,1,10,-4
h,2,1,11,3
h,2,1,12,10
h,2,1,13,17
h,2,1,14,24
h,2,1,15,31
h,2,1,16,38
h,2,1,17,45
h,2,1,18,52
h,2,1,19,59
h,2,1,20,66
h,2,1,21,73
h,2,1,22,80
h,2,1,23,87
h,2,1,24,94
h,2,1,25,101
h,2,1,26,108
h,2,1,27,115
h,2,1,28,122
h,2,1,29,-127
h,2,1,30,-120
h,2,1,31,-113
h,2,1,32,-106
h,2,1,33,-99
h,2,1,34,-92
h,2,1,35,-85
h,2,1,36,-78
h,2,1,37,-71
h,2,1,38,-64
h,2,1,39,-57
h,2,1,40,-50
h,2,1,41,-43
h,2,1,42,-36
h,2,1,43,-29
h,2,1,44,-22
h,2,1,45,-15
h,2,1,46,-8
h,2,1,47,-1
h,2,1,48,6
h,2,1,49,13
h,2,1,50,20
h,2,1,51,27
h,2,1,52,34
h,2,1,53,41
h,2,1,54,48
h,2,1,55,55
h,2,1,56,62
h,2,1,57,69
h,2,1,58,76
h,2,1,59,83
h,2,1,60,90
h,2,1,61,97
h,2,1,62,104
h,2,1,63,111
h,2,1,64,118
h,2,1,65,125
h,2,1,66,-124
h,2,1,67,-117
h,2,1,68,-110
h,2,1,69,-103
h,2,1,70,-96
h,2,1,71,-89
h,2,1,72,-82
h,2,1,73,-75
h,2,1,74,-68
h,2,1,75,-61
h,2,1,76,-54
h,2,1,77,-47
h,2,1,78,-40
h,2,1,79,-33
h,2,1,80,-26
h,2,1,81,-19
h,2,1,82,-12
h,2,1,83,-5
h,2,1,84,2
h,2,1,85,9
h,2,1,86,16
h,2,1,87,23
h,2,1,88,30
h,2,1,89,37
h,2,1,90,44
h,2,1,91,51
h,2,1,92,58
h,2,1,93,65
h,2,1,94,72
h,2,1,95,79
h,2,1,96,86
h,2,1,97,93
h,2,1,98,100
h,2,1,99,107
h,2,1,100,114
h,2,1,101,121
h,2,1,102,-128
h,2,1,103,-121
h,2,1,104,-114
h,2,1,105,-107
h,2,1,106,-100
h,2,1,107,-93
h,2,1,108,-86
h,2,1,109,-79
h,2,1,110,-72
h,2,1,111,-65
h,2,1,112,-58
h,2,1,113,-51
h,2,1,114,-44
h,2,1,115,-37
h,2,1,116,-30
h,2,1,117,-23
h,2,1,118,-16
h,2,1,119,-9
h,2,1,120,-2
h,2,1,121,5
h,2,1,122,12
h,2,1,123,19
h,2,1,124,26
h,2,1,125,33
h,2,1,126,40
h,2,1,127,47
h,2,1,128,54
h,2,1,129,61
h,2,1,130,68
h,2,1,131,75
h,2,1,132,82
h,2,1,133,89
h,2,1,134,96
h,2,1,135,103
h,2,1,136,110
h,2,1,137,117
h,2,1,138,124
h,2,1,139,-125
h,2,1,140,-118
h,2,1,141,-111
h,2,1,142,-104
h,2,1,143,-97
h,2,1,144,-90
h,2,1,145,-83
h,2,1,146,-76
h,2,1,147,-69
h,2,1,148,-62
h,2,1,149,-55
h,2,1,150,-48
h,2,1,151,-41
h,2,1,152,-34
h,2,1,153,-27
h,2,1,154,-20
h,2,1,155,-13
h,2,1,156,-6
h,2,1,157,1
h,2,1,158,8
h,2,1,159,15
h,2,1,160,22
h,2,1,161,29
h,2,1,162,36
h,2,1,163,43
h,2,1,164,50
h,2,1,165,57
h,2,1,166,64
h,2,1,167,71
h,2,1,168,78
h,2,1,169,85
h,2,1,170,92
h,2,1,171,99
h,2,1,172,106
h,2,1,173,113
h,2,1,174,120
h,2,1,175,127
h,2,1,176,-122
h,2,1,177,-115
h,2,1,178,-108
h,2,1,179,-101
h,2,1,180,-94
h,2,1,181,-87
h,2,1,182,-80
h,2,1,183,-73
h,2,1,184,-66
h,2,1,185,-59
h,2,1,186,-52
h,2,1,187,-45
h,2,1,188,-38
h,2,1,189,-31
h,2,1,190,-24
h,2,1,191,-17
h,2,1,192,-10
h,2,1,193,-3
h,2,1,194,4
h,2,1,195,11
h,2,1,196,18
h,2,1,197,25
h,2,1,198,32
h,2,1,199,39
h,2,1,200,46
h,2,1,201,53
h,2,1,202,60
h,2,1,203,67
h,2,1,204,74
h,2,1,205,81
h,2,1,206,88
h,2,1,207,95
h,2,1,208,102
h,2,1,209,109
h,2,1,210,116
h,2,1,211,123
h,2,1,212,-126
h,2,1,213,-119
h,2,1,214,-112
h,2,1,215,-105
h,2,1,216,-98
h,2,1,217,-91
h,2,1,218,-84
h,2,1,219,-77
h,2,1,220,-70
h,2,1,221,-63
h,2,1,222,-56
h,2,1,223,-49
h,2,1,224,-42
h,2,1,225,-35
h,2,1,226,-28
h,2,1,227,-21
h,2,1,228,-14
h,2,1,229,-7
h,2,1,230,0
h,2,1,231,7
h,2,1,232,14
h,2,1,233,21
h,2,1,234,28
h,2,1,235,35
h,2,1,236,42
h,2,1,237,49
h,2,1,238,56
h,2,1,239,63
h,2,1,240,70
h,2,1,241,77
h,2,1,242,84
h,2,1,243,91
h,2,1,244,98
h,2,1,245,105
h,2,1,246,112
h,2,1,247,119
h,2,1,248,126
h,2,1,249,-123
h,2,1,250,-116
h,2,1,251,-109
h,2,1,252,-102
h,2,1,253,-95
h,2,1,254,-88
h,2,1,255,-81
h,2,1,256,-74
h,2,1,257,-67
h,2,1,258,-60
h,2,1,259,-53
h,2,1,260,-46
h,2,1,261,-39
h,2,1,262,-32
h,2,1,263,-25
h,2,1,264,-18
h,2,1,265,-11
h,2,1,266,-4
h,2,1,267,3
h,2,1,268,10
h,2,1,269,17
h,2,1,270,24
h,2,1,271,31
h,2,1,272,38
h,2,1,273,45
h,2,1,274,52
h,2,1,275,59
h,2,1,276,66
h,2,1,277,73
h,2,1,278,80
h,2,1,279,87
h,2,1,280,94
h,2,1,281,101
h,2,1,282,108
h,2,1,283,115
h,2,1,284,122
h,2,1,285,-127
h,2,1,286,-120
h,2,1,287,-113
h,2,1,288,-106
h,2,1,289,-99
h,2,1,290,-92
h,2,1,291,-85
h,2,1,292,-78
h,2,1,293,-71
h,2,1,294,-64
h,2,1,295,-57
h,2,1,296,-50
h,2,1,297,-43
h,2,1,298,-36
h,2,1,299,-29
h,2,1,300,-22
h,2,1,301,-15
h,2,1,302,-8
h,2,1,303,-1
h,2,1,304,6
h,2,1,305,13
h,2,1,306,20
h,2,1,307,27
h,2,1,308,34
h,2,1,309,41
h,2,1,310,48
h,2,1,311,55
h,2,1,312,62
h,2,1,313,69
h,2,1,314,76
h,2,1,315,83
h,2,1,316,90
h,2,1,317,97
h,2,1,318,104
h,2,1,319,111
h,2,1,320,118
h,2,1,321,125
h,2,1,322,-124
h,2,1,323,-117
h,2,1,324,-110
h,2,1,325,-103
h,2,1,326,-96
h,2,1,327,-89
h,2,1,328,-82
h,2,1,329,-75
h,2,1,330,-68
h,2,1,331,-61
h,2,1,332,-54
h,2,1,333,-47
h,2,1,334,-40
h,2,1,335,-33
h,2,1,336,-26
h,2,1,337,-19
h,2,1,338,-12
h,2,1,339,-5
h,2,1,340,2
h,2,1,341,9
h,2,1,342,16
h,2,1,343,23
h,2,1,344,30
h,2,1,345,37
h,2,1,346,44
h,2,1,347,51
h,2,1,348,58
h,2,1,349,65
h,2,1,350,72
h,2,1,351,79
h,2,1,352,86
h,2,1,353,93
h,2,1,354,100
h,2,1,355,107
h,2,1,356,114
h,2,1,357,121
h,2,1,358,-128
h,2,1,359,-121
h,2,1,360,-114
h,2,1,361,-107
h,2,1,362,-100
h,2,1,363,-93
h,2,1,364,-86
h,2,1,365,-79
h,2,1,366,-72
h,2,1,367,-65
h,2,1,368,-58
h,2,1,369,-51
h,2,1,370,-44
h,2,1,371,-37
h,2,1,372,-30
h,2,1,373,-23
h,2,1,374,-16
h,2,1,375,-9
h,2,1,376,-2
h,2,1,377,5
h,2,1,378,12
h,2,1,379,19
h,2,1,380,26
h,2,1,381,33
h,2,1,382,40
h,2,1,383,47
h,2,1,384,54
h,2,1,385,61
h,2,1,386,68
h,2,1,387,75
h,2,1,388,82
h,2,1,389,89
h,2,1,390,96
h,2,1,391,103
h,2,1,392,110
h,2,1,393,117
h,2,1,394,124
h,2,1,395,-125
h,2,1,396,-118
h,2,1,397,-111
h,2,1,398,-104
h,2,1,399,-97
h,2,1,400,-90
h,2,1,401,-83
h,2,1,402,-76
h,2,1,403,-69
h,2,1,404,-62
h,2,1,405,-55
h,2,1,406,-48
h,2,1,407,-41
h,2,1,408,-34
h,2,1,409,-27
h,2,1,410,-20
h,2,1,411,-13
h,2,1,412,-6
h,2,1,413,1
h,2,1,414,8
h,2,1,415,15
h,2,1,416,22
h,2,1,417,29
h,2,1,418,36
h,2,1,419,43
h,2,1,420,50
h,2,1,421,57
h,2,1,422,64
h,2,1,423,71
h,2,1,424,78
h,2,1,425,85
h,2,1,426,92
h,2,1,427,99
h,2,1,428,106
h,2,1,429,113
h,2,1,430,120
h,2,1,431,127
h,2,1,432,-122
h,2,1,433,-115
h,2,1,434,-108
h,2,1,435,-101
h,2,1,436,-94
h,2,1,437,-87
h,2,1,438,-80
h,2,1,439,-73
h,2,1,440,-66
h,2,1,441,-59
h,2,1,442,-52
h,2,1,443,-45
h,2,1,444,-38
h,2,1,445,-31
h,2,1,446,-24
h,2,1,447,-17
h,2,1,448,-10
h,2,1,449,-3
h,2,1,450,4
h,2,1,451,11
h,2,1,452,18
h,2,1,453,25
h,2,1,454,32
h,2,1,455,39
h,2,1,456,46
h,2,1,457,53
h,2,1,458,60
h,2,1,459,67
h,2,1,460,74
h,2,1,461,81
h,2,1,462,88
h,2,1,463,95
h,2,1,464,102
h,2,1,465,109
h,2,1,466,116
h,2,1,467,123
h,2,1,468,-126
h,2,1,469,-119
h,2,1,470,-112
h,2,1,471,-105
h,2,1,472,-98
h,2,1,473,-91
h,2,1,474,-84
h,2,1,475,-77
h,2,1,476,-70
h,2,1,477,-63
h,2,1,478,-56
h,2,1,479,-49
h,2,1,480,-42
h,2,1,481,-35
h,2,1,482,-28
h,2,1,483,-21
h,2,1,484,-14
h,2,1,485,-7
h,2,1,486,0
h,2,1,487,7
h,2,1,488,14
h,2,1,489,21
h,2,1,490,28
h,2,1,491,35
h,2,1,492,42
h,2,1,493,49
h,2,1,494,56
h,2,1,495,63
h,2,1,496,70
h,2,1,497,77
h,2,1,498,84
h,2,1,499,91
h,2,1,500,98
h,2,1,501,105
h,2,1,502,112
h,2,1,503,119
h,2,1,504,126
h,2,1,505,-123
h,2,1,506,-116
h,2,1,507,-109
h,2,1,508,-102
h,2,1,509,-95
h,2,1,510,-88
h,3,0,0,-66
h,3,0,1,-59
h,3,0,2,-52
h,3,0,3,-45
h,3,0,4,-38
h,3,0,5,-31
h,3,0,6,-24
h,3,0,7,-17
h,3,0,8,-10
h,3,0,9,-3
h,3,0,10,4
h,3,0,11,11
h,3,0,12,18
h,3,0,13,25
h,3,0,14,32
h,3,0,15,39
h,3,0,16,46
h,3,0,17,53
h,3,0,18,60
h,3,0,19,67
h,3,0,20,74
h,3,0,21,81
h,3,0,22,88
h,3,0,23,95
h,3,0,24,102
h,3,0,25,109
h,3,0,26,116
h,3,0,27,123
h,3,0,28,-126
h,3,0,29,-119
h,3,0,30,-112
h,3,0,31,-105
h,3,0,32,-98
h,3,0,33,-91
h,3,0,34,-84
h,3,0,35,-77
h,3,0,36,-70
h,3,0,37,-63
h,3,0,38,-56
h,3,0,39,-49
h,3,0,40,-42
h,3,0,41,-35
h,3,0,42,-28
h,3,0,43,-21
h,3,0,44,-14
h,3,0,45,-7
h,3,0,46,0
h,3,0,47,7
h,3,0,48,14
h,3,0,49,21
h,3,0,50,28
h,3,0,51,35
h,3,0,52,42
h,3,0,53,49
h,3,0,54,56
h,3,0,55,63
h,3,0,56,70
h,3,0,57,77
h,3,0,58,84
h,3,0,59,91
h,3,0,60,98
h,3,0,61,105
h,3,0,62,112
h,3,0,63,119
h,3,0,64,126
h,3,0,65,-123
h,3,0,66,-116
h,3,0,67,-109
h,3,0,68,-102
h,3,0,69,-95
h,3,0,70,-88
h,3,0,71,-81
h,3,0,72,-74
h,3,0,73,-67
h,3,0,74,-60
h,3,0,75,-53
h,3,0,76,-46
h,3,0,77,-39
h,3,0,78,-32
h,3,0,79,-25
h,3,0,80,-18
h,3,0,81,-11
h,3,0,82,-4
h,3,0,83,3
h,3,0,84,10
h,3,0,85,17
h,3,0,86,24
h,3,0,87,31
h,3,0,88,38
h,3,0,89,45
h,3,0,90,52
h,3,0,91,59
h,3,0,92,66
h,3,0,93,73
h,3,0,94,80
h,3,0,95,87
h,3,0,96,94
h,3,0,97,101
h,3,0,98,108
h,3,0,99,115
h,3,0,100,122
h,3,0,101,-127
h,3,0,102,-120
h,3,0,103,-113
h,3,0,104,-106
h,3,0,105,-99
h,3,0,106,-92
h,3,0,107,-85
h,3,0,108,-78
h,3,0,109,-71
h,3,0,110,-64
h,3,0,111,-57
h,3,0,112,-50
h,3,0,113,-43
h,3,0,114,-36
h,3,0,115,-29
h,3,0,116,-22
h,3,0,117,-15
h,3,0,118,-8
h,3,0,119,-1
h,3,0,120,6
h,3,0,121,13
h,3,0,122,20
h,3,0,123,27
h,3,0,124,34
h,3,0,125,41
h,3,0,126,48
h,3,0,127,55
h,3,0,128,62
h,3,0,129,69
h,3,0,130,76
h,3,0,131,83
h,3,0,132,90
h,3,0,133,97
h,3,0,134,104
h,3,0,135,111
h,3,0,136,118
h,3,0,137,125
h,3,0,138,-124
h,3,0,139,-117
h,3,0,140,-110
h,3,0,141,-103
h,3,0,142,-96
h,3,0,143,-89
h,3,0,144,-82
h,3,0,145,-75
h,3,0,146,-68
h,3,0,147,-61
h,3,0,148,-54
h,3,0,149,-47
h,3,0,150,-40
h,3,0,151,-33
h,3,0,152,-26
h,3,0,153,-19
h,3,0,154,-12
h,3,0,155,-5
h,3,0,156,2
h,3,0,157,9
h,3,0,158,16
h,3,0,159,23
h,3,0,160,30
h,3,0,161,37
h,3,0,162,44
h,3,0,163,51
h,3,0,164,58
h,3,0,165,65
h,3,0,166,72
h,3,0,167,79
h,3,0,168,86
h,3,0,169,93
h,3,0,170,100
h,3,0,171,107
h,3,0,172,114
h,3,0,173,121
h,3,0,174,-128
h,3,0,175,-121
h,3,0,176,-114
h,3,0,177,-107
h,3,0,178,-100
h,3,0,179,-93
h,3,0,180,-86
h,3,0,181,-79
h,3,0,182,-72
h,3,0,183,-65
h,3,0,184,-58
h,3,0,185,-51
h,3,0,186,-44
h,3,0,187,-37
h,3,0,188,-30
h,3,0,189,-23
h,3,0,190,-16
h,3,0,191,-9
h,3,0,192,-2
h,3,0,193,5
h,3,0,194,12
h,3,0,195,19
h,3,0,196,26
h,3,0,197,33
h,3,0,198,40
h,3,0,199,47
h,3,0,200,54
h,3,0,201,61
h,3,0,202,68
h,3,0,203,75
h,3,0,204,82
h,3,0,205,89
h,3,0,206,96
h,3,0,207,103
h,3,0,208,110
h,3,0,209,117
h,3,0,210,124
h,3,0,211,-125
h,3,0,212,-118
h,3,0,213,-111
h,3,0,214,-104
h,3,0,215,-97
h,3,0,216,-90
h,3,0,217,-83
h,3,0,218,-76
h,3,0,219,-69
h,3,0,220,-62
h,3,0,221,-55
h,3,0,222,-48
h,3,0,223,-41
h,3,0,224,-34
h,3,0,225,-27
h,3,0,226,-20
h,3,0,227,-13
h,3,0,228,-6
h,3,0,229,1
h,3,0,230,8
h,3,0,231,15
h,3,0,232,22
h,3,0,233,29
h,3,0,234,36
h,3,0,235,43
h,3,0,236,50
h,3,0,237,57
h,3,0,238,64
h,3,0,239,71
h,3,0,240,78
h,3,0,241,85
h,3,0,242,92
h,3,0,243,99
h,3,0,244,106
h,3,0,245,113
h,3,0,246,120
h,3,0,247,127
h,3,0,248,-122
h,3,0,249,-115
h,3,0,250,-108
h,3,0,251,-101
h,3,0,252,-94
h,3,0,253,-87
h,3,0,254,-80
h,3,0,255,-73
h,3,0,256,-66
h,3,0,257,-59
h,3,0,258,-52
h,3,0,259,-45
h,3,0,260,-38
h,3,0,261,-31
h,3,0,262,-24
h,3,0,263,-17
h,3,0,264,-10
h,3,0,265,-3
h,3,0,266,4
h,3,0,267,11
h,3,0,268,18
h,3,0,269,25
h,3,0,270,32
h,3,0,271,39
h,3,0,272,46
h,3,0,273,53
h,3,0,274,60
h,3,0,275,67
h,3,0,276,74
h,3,0,277,81
h,3,0,278,88
h,3,0,279,95
h,3,0,280,102
h,3,0,281,109
h,3,0,282,116
h,3,0,283,123
h,3,0,284,-126
h,3,0,285,-119
h,3,0,286,-112
h,3,0,287,-105
h,3,0,288,-98
h,3,0,289,-91
h,3,0,290,-84
h,3,0,291,-77
h,3,0,292,-70
h,3,0,293,-63
h,3,0,294,-56
h,3,0,295,-49
h,3,0,296,-42
h,3,0,297,-35
h,3,0,298,-28
h,3,0,299,-21
h,3,0,300,-14
h,3,0,301,-7
h,3,0,302,0
h,3,0,303,7
h,3,0,304,14
h,3,0,305,21
h,3,0,306,28
h,3,0,307,35
h,3,0,308,42
h,3,0,309,49
h,3,0,310,56
h,3,0,311,63
h,3,0,312,70
h,3,0,313,77
h,3,0,314,84
h,3,0,315,91
h,3,0,316,98
h,3,0,317,105
h,3,0,318,112
h,3,0,319,119
h,3,0,320,126
h,3,0,321,-123
h,3,0,322,-116
h,3,0,323,-109
h,3,0,324,-102
h,3,0,325,-95
h,3,0,326,-88
h,3,0,327,-81
h,3,0,328,-74
h,3,0,329,-67
h,3,0,330,-60
h,3,0,331,-53
h,3,0,332,-46
h,3,0,333,-39
h,3,0,334,-32
h,3,0,335,-25
h,3,0,336,-18
h,3,0,337,-11
h,3,0,338,-4
h,3,0,339,3
h,3,0,340,10
h,3,0,341,17
h,3,0,342,24
h,3,0,343,31
h,3,0,344,38
h,3,0,345,45
h,3,0,346,52
h,3,0,347,59
h,3,0,348,66
h,3,0,349,73
h,3,0,350,80
h,3,0,351,87
h,3,0,352,94
h,3,0,353,101
h,3,0,354,108
h,3,0,355,115
h,3,0,356,122
h,3,0,357,-127
h,3,0,358,-120
h,3,0,359,-113
h,3,0,360,-106
h,3,0,361,-99
h,3,0,362,-92
h,3,0,363,-85
h,3,0,364,-78
h,3,0,365,-71
h,3,0,366,-64
h,3,0,367,-57
h,3,0,368,-50
h,3,0,369,-43
h,3,0,370,-36
h,3,0,371,-29
h,3,0,372,-22
h,3,0,373,-15
h,3,0,374,-8
h,3,0,375,-1
h,3,0,376,6
h,3,0,377,13
h,3,0,378,20
h,3,0,379,27
h,3,0,380,34
h,3,0,381,41
h,3,0,382,48
h,3,0,383,55
h,3,0,384,62
h,3,0,385,69
h,3,0,386,76
h,3,0,387,83
h,3,0,388,90
h,3,0,389,97
h,3,0,390,104
h,3,0,391,111
h,3,0,392,118
h,3,0,393,125
h,3,0,394,-124
h,3,0,395,-117
h,3,0,396,-110
h,3,0,397,-103
h,3,0,398,-96
h,3,0,399,-89
h,3,0,400,-82
h,3,0,401,-75
h,3,0,402,-68
h,3,0,403,-61
h,3,0,404,-54
h,3,0,405,-47
h,3,0,406,-40
h,3,0,407,-33
h,3,0,408,-26
h,3,0,409,-19
h,3,0,410,-12
h,3,0,411,-5
h,3,0,412,2
h,3,0,413,9
h,3,0,414,16
h,3,0,415,23
h,3,0,416,30
h,3,0,417,37
h,3,0,418,44
h,3,0,419,51
h,3,0,420,58
h,3,0,421,65
h,3,0,422,72
h,3,0,423,79
h,3,0,424,86
h,3,0,425,93
h,3,0,426,100
h,3,0,427,107
h,3,0,428,114
h,3,0,429,121
h,3,0,430,-128
h,3,0,431,-121
h,3,0,432,-114
h,3,0,433,-107
h,3,0,434,-100
h,3,0,435,-93
h,3,0,436,-86
h,3,0,437,-79
h,3,0,438,-72
h,3,0,439,-65
h,3,0,440,-58
h,3,0,441,-51
h,3,0,442,-44
h,3,0,443,-37
h,3,0,444,-30
h,3,0,445,-23
h,3,0,446,-16
h,3,0,447,-9
h,3,0,448,-2
h,3,0,449,5
h,3,0,450,12
h,3,0,451,19
h,3,0,452,26
h,3,0,453,33
h,3,0,454,40
h,3,0,455,47
h,3,0,456,54
h,3,0,457,61
h,3,0,458,68
h,3,0,459,75
h,3,0,460,82
h,3,0,461,89
h,3,0,462,96
h,3,0,463,103
h,3,0,464,110
h,3,0,465,117
h,3,0,466,124
h,3,0,467,-125
h,3,0,468,-118
h,3,0,469,-111
h,3,0,470,-104
h,3,0,471,-97
h,3,0,472,-90
h,3,0,473,-83
h,3,0,474,-76
h,3,0,475,-69
h,3,0,476,-62
h,3,0,477,-55
h,3,0,478,-48
h,3,0,479,-41
h,3,0,480,-34
h,3,0,481,-27
h,3,0,482,-20
h,3,0,483,-13
h,3,0,484,-6
h,3,0,485,1
h,3,0,486,8
h,3,0,487,15
h,3,0,488,22
h,3,0,489,29
h,3,0,490,36
h,3,0,491,43
h,3,0,492,50
h,3,0,493,57
h,3,0,494,64
h,3,0,495,71
h,3,0,496,78
h,3,0,497,85
h,3,0,498,92
h,3,0,499,99
h,3,0,500,106
h,3,0,501,113
h,3,0,502,120
h,3,0,503,127
h,3,0,504,-122
h,3,0,505,-115
h,3,0,506,-108
h,3,0,507,-101
h,3,0,508,-94
h,3,0,509,-87
h,3,0,510,-80
h,3,1,0,-55
h,3,1,1,-48
h,3,1,2,-41
h,3,1,3,-34
h,3,1,4,-27
h,3,1,5,-20
h,3,1,6,-13
h,3,1,7,-6
h,3,1,8,1
h,3,1,9,8
h,3,1,10,15
h,3,1,11,22
h,3,1,12,29
h,3,1,13,36
h,3,1,14,43
h,3,1,15,50
h,3,1,16,57
h,3,1,17,64
h,3,1,18,71
h,3,1,19,78
h,3,1,20,85
h,3,1,21,92
h,3,1,22,99
h,3,1,23,106
h,3,1,24,113
h,3,1,25,120
h,3,1,26,127
h,3,1,27,-122
h,3,1,28,-115
h,3,1,29,-108
h,3,1,30,-101
h,3,1,31,-94
h,3,1,32,-87
h,3,1,33,-80
h,3,1,34,-73
h,3,1,35,-66
h,3,1,36,-59
h,3,1,37,-52
h,3,1,38,-45
h,3,1,39,-38
h,3,1,40,-31
h,3,1,41,-24
h,3,1,42,-17
h,3,1,43,-10
h,3,1,44,-3
h,3,1,45,4
h,3,1,46,11
h,3,1,47,18
h,3,1,48,25
h,3,1,49,32
h,3,1,50,39
h,3,1,51,46
h,3,1,52,53
h,3,1,53,60
h,3,1,54,67
h,3,1,55,74
h,3,1,56,81
h,3,1,57,88
h,3,1,58,95
h,3,1,59,102
h,3,1,60,109
h,3,1,61,116
h,3,1,62,123
h,3,1,63,-126
h,3,1,64,-119
h,3,1,65,-112
h,3,1,66,-105
h,3,1,67,-98
h,3,1,68,-91
h,3,1,69,-84
h,3,1,70,-77
h,3,1,71,-70
h,3,1,72,-63
h,3,1,73,-56
h,3,1,74,-49
h,3,1,75,-42
h,3,1,76,-35
h,3,1,77,-28
h,3,1,78,-21
h,3,1,79,-14
h,3,1,80,-7
h,3,1,81,0
h,3,1,82,7
h,3,1,83,14
h,3,1,84,21
h,3,1,85,28
h,3,1,86,35
h,3,1,87,42
h,3,1,88,49
h,3,1,89,56
h,3,1,90,63
h,3,1,91,70
h,3,1,92,77
h,3,1,93,84
h,3,1,94,91
h,3,1,95,98
h,3,1,96,105
h,3,1,97,112
h,3,1,98,119
h,3,1,99,126
h,3,1,100,-123
h,3,1,101,-116
h,3,1,102,-109
h,3,1,103,-102
h,3,1,104,-95
h,3,1,105,-88
h,3,1,106,-81
h,3,1,107,-74
h,3,1,108,-67
h,3,1,109,-60
h,3,1,110,-53
h,3,1,111,-46
h,3,1,112,-39
h,3,1,113,-32
h,3,1,114,-25
h,3,1,115,-18
h,3,1,116,-11
h,3,1,117,-4
h,3,1,118,3
h,3,1,119,10
h,3,1,120,17
h,3,1,121,24
h,3,1,122,31
h,3,1,123,38
h,3,1,124,45
h,3,1,125,52
h,3,1,126,59
h,3,1,127,66
h,3,1,128,73
h,3,1,129,80
h,3,1,130,87
h,3,1,131,94
h,3,1,132,101
h,3,1,133,108
h,3,1,134,115
h,3,1,135,122
h,3,1,136,-127
h,3,1,137,-120
h,3,1,138,-113
h,3,1,139,-106
h,3,1,140,-99
h,3,1,141,-92
h,3,1,142,-85
h,3,1,143,-78
h,3,1,144,-71
h,3,1,145,-64
h,3,1,146,-57
h,3,1,147,-50
h,3,1,148,-43
h,3,1,149,-36
h,3,1,150,-29
h,3,1,151,-22
h,3,1,152,-15
h,3,1,153,-8
h,3,1,154,-1
h,3,1,155,6
h,3,1,156,13
h,3,1,157,20
h,3,1,158,27
h,3,1,159,34
h,3,1,160,41
h,3,1,161,48
h,3,1,162,55
h,3,1,163,62
h,3,1,164,69
h,3,1,165,76
h,3,1,166,83
h,3,1,167,90
h,3,1,168,97
h,3,1,169,104
h,3,1,170,111
h,3,1,171,118
h,3,1,172,125
h,3,1,173,-124
h,3,1,174,-117
h,3,1,175,-110
h,3,1,176,-103
h,3,1,177,-96
h,3,1,178,-89
h,3,1,179,-82
h,3,1,180,-75
h,3,1,181,-68
h,3,1,182,-61
h,3,1,183,-54
h,3,1,184,-47
h,3,1,185,-40
h,3,1,186,-33
h,3,1,187,-26
h,3,1,188,-19
h,3,1,189,-12
h,3,1,190,-5
h,3,1,191,2
h,3,1,192,9
h,3,1,193,16
h,3,1,194,23
h,3,1,195,30
h,3,1,196,37
h,3,1,197,44
h,3,1,198,51
h,3,1,199,58
h,3,1,200,65
h,3,1,201,72
h,3,1,202,79
h,3,1,203,86
h,3,1,204,93
h,3,1,205,100
h,3,1,206,107
h,3,1,207,114
h,3,1,208,121
h,3,1,209,-128
h,3,1,210,-121
h,3,1,211,-114
h,3,1,212,-107
h,3,1,213,-100
h,3,1,214,-93
h,3,1,215,-86
h,3,1,216,-79
h,3,1,217,-72
h,3,1,218,-65
h,3,1,219,-58
h,3,1,220,-51
h,3,1,221,-44
h,3,1,222,-37
h,3,1,223,-30
h,3,1,224,-23
h,3,1,225,-16
h,3,1,226,-9
h,3,1,227,-2
h,3,1,228,5
h,3,1,229,12
h,3,1,230,19
h,3,1,231,26
h,3,1,232,33
h,3,1,233,40
h,3,1,234,47
h,3,1,235,54
h,3,1,236,61
h,3,1,237,68
h,3,1,238,75
h,3,1,239,82
h,3,1,240,89
h,3,1,241,96
h,3,1,242,103
h,3,1,243,110
h,3,1,244,117
h,3,1,245,124
h,3,1,246,-125
h,3,1,247,-118
h,3,1,248,-111
h,3,1,249,-104
h,3,1,250,-97
h,3,1,251,-90
h,3,1,252,-83
h,3,1,253,-76
h,3,1,254,-69
h,3,1,255,-62
h,3,1,256,-55
h,3,1,257,-48
h,3,1,258,-41
h,3,1,259,-34
h,3,1,260,-27
h,3,1,261,-20
h,3,1,262,-13
h,3,1,263,-6
h,3,1,264,1
h,3,1,265,8
h,3,1,266,15
h,3,1,267,22
h,3,1,268,29
h,3,1,269,36
h,3,1,270,43
h,3,1,271,50
h,3,1,272,57
h,3,1,273,64
h,3,1,274,71
h,3,1,275,78
h,3,1,276,85
h,3,1,277,92
h,3,1,278,99
h,3,1,279,106
h,3,1,280,113
h,3,1,281,120
h,3,1,282,127
h,3,1,283,-122
h,3,1,284,-115
h,3,1,285,-108
h,3,1,286,-101
h,3,1,287,-94
h,3,1,288,-87
h,3,1,289,-80
h,3,1,290,-73
h,3,1,291,-66
h,3,1,292,-59
h,3,1,293,-52
h,3,1,294,-45
h,3,1,295,-38
h,3,1,296,-31
h,3,1,297,-24
h,3,1,298,-17
h,3,1,299,-10
h,3,1,300,-3
h,3,1,301,4
h,3,1,302,11
h,3,1,303,18
h,3,1,304,25
h,3,1,305,32
h,3,1,306,39
h,3,1,307,46
h,3,1,308,53
h,3,1,309,60
h,3,1,310,67
h,3,1,311,74
h,3,1,312,81
h,3,1,313,88
h,3,1,314,95
h,3,1,315,102
h,3,1,316,109
h,3,1,317,116
h,3,1,318,123
h,3,1,319,-126
h,3,1,320,-119
h,3,1,321,-112
h,3,1,322,-105
h,3,1,323,-98
h,3,1,324,-91
h,3,1,325,-84
h,3,1,326,-77
h,3,1,327,-70
h,3,1,328,-63
h,3,1,329,-56
h,3,1,330,-49
h,3,1,331,-42
h,3,1,332,-35
h,3,1,333,-28
h,3,1,334,-21
h,3,1,335,-14
h,3,1,336,-7
h,3,1,337,0
h,3,1,338,7
h,3,1,339,14
h,3,1,340,21
h,3,1,341,28
h,3,1,342,35
h,3,1,343,42
h,3,1,344,49
h,3,1,345,56
h,3,1,346,63
h,3,1,347,70
h,3,1,348,77
h,3,1,349,84
h,3,1,350,91
h,3,1,351,98
h,3,1,352,105
h,3,1,353,112
h,3,1,354,119
h,3,1,355,126
h,3,1,356,-123
h,3,1,357,-116
h,3,1,358,-109
h,3,1,359,-102
h,3,1,360,-95
h,3,1,361,-88
h,3,1,362,-81
h,3,1,363,-74
h,3,1,364,-67
h,3,1,365,-60
h,3,1,366,-53
h,3,1,367,-46
h,3,1,368,-39
h,3,1,369,-32
h,3,1,370,-25
h,3,1,371,-18
h,3,1,372,-11
h,3,1,373,-4
h,3,1,374,3
h,3,1,375,10
h,3,1,376,17
h,3,1,377,24
h,3,1,378,31
h,3,1,379,38
h,3,1,380,45
h,3,1,381,52
h,3,1,382,59
h,3,1,383,66
h,3,1,384,73
h,3,1,385,80
h,3,1,386,87
h,3,1,387,94
h,3,1,388,101
h,3,1,389,108
h,3,1,390,115
h,3,1,391,122
h,3,1,392,-127
h,3,1,393,-120
h,3,1,394,-113
h,3,1,395,-106
h,3,1,396,-99
h,3,1,397,-92
h,3,1,398,-85
h,3,1,399,-78
h,3,1,400,-71
h,3,1,401,-64
h,3,1,402,-57
h,3,1,403,-50
h,3,1,404,-43
h,3,1,405,-36
h,3,1,406,-29
h,3,1,407,-22
h,3,1,408,-15
h,3,1,409,-8
h,3,1,410,-1
h,3,1,411,6
h,3,1,412,13
h,3,1,413,20
h,3,1,414,27
h,3,1,415,34
h,3,1,416,41
h,3,1,417,48
h,3,1,418,55
h,3,1,419,62
h,3,1,420,69
h,3,1,421,76
h,3,1,422,83
h,3,1,423,90
h,3,1,424,97
h,3,1,425,104
h,3,1,426,111
h,3,1,427,118
h,3,1,428,125
h,3,1,429,-124
h,3,1,430,-117
h,3,1,431,-110
h,3,1,432,-103
h,3,1,433,-96
h,3,1,434,-89
h,3,1,435,-82
h,3,1,436,-75
h,3,1,437,-68
h,3,1,438,-61
h,3,1,439,-54
h,3,1,440,-47
h,3,1,441,-40
h,3,1,442,-33
h,3,1,443,-26
h,3,1,444,-19
h,3,1,445,-12
h,3,1,446,-5
h,3,1,447,2
h,3,1,448,9
h,3,1,449,16
h,3,1,450,23
h,3,1,451,30
h,3,1,452,37
h,3,1,453,44
h,3,1,454,51
h,3,1,455,58
h,3,1,456,65
h,3,1,457,72
h,3,1,458,79
h,3,1,459,86
h,3,1,460,93
h,3,1,461,100
h,3,1,462,107
h,3,1,463,114
h,3,1,464,121
h,3,1,465,-128
h,3,1,466,-121
h,3,1,467,-114
h,3,1,468,-107
h,3,1,469,-100
h,3,1,470,-93
h,3,1,471,-86
h,3,1,472,-79
h,3,1,473,-72
h,3,1,474,-65
h,3,1,475,-58
h,3,1,476,-51
h,3,1,477,-44
h,3,1,478,-37
h,3,1,479,-30
h,3,1,480,-23
h,3,1,481,-16
h,3,1,482,-9
h,3,1,483,-2
h,3,1,484,5
h,3,1,485,12
h,3,1,486,19
h,3,1,487,26
h,3,1,488,33
h,3,1,489,40
h,3,1,490,47
h,3,1,491,54
h,3,1,492,61
h,3,1,493,68
h,3,1,494,75
h,3,1,495,82
h,3,1,496,89
h,3,1,497,96
h,3,1,498,103
h,3,1,499,110
h,3,1,500,117
h,3,1,501,124
h,3,1,502,-125
h,3,1,503,-118
h,3,1,504,-111
h,3,1,505,-104
h,3,1,506,-97
h,3,1,507,-90
h,3,1,508,-83
h,3,1,509,-76
h,3,1,510,-69
y,0,0,0,27471
y,0,0,1,50256
y,0,0,2,68537
y,0,0,3,82496
y,0,0,4,92315
y,0,0,5,98176
y,0,0,6,100261
y,0,0,7,98752
y,0,0,8,93831
y,0,0,9,85680
y,0,0,10,74481
y,0,0,11,60416
y,0,0,12,43667
y,0,0,13,24416
y,0,0,14,2845
y,0,0,15,-20864
y,0,0,16,-46529
y,0,0,17,-73968
y,0,0,18,-102999
y,0,0,19,-104768
y,0,0,20,-78069
y,0,0,21,-56000
y,0,0,22,-38379
y,0,0,23,-25024
y,0,0,24,-15753
y,0,0,25,-10384
y,0,0,26,-8735
y,0,0,27,-10624
y,0,0,28,-15869
y,0,0,29,-24288
y,0,0,30,-35699
y,0,0,31,-49920
y,0,0,32,-66769
y,0,0,33,-86064
y,0,0,34,-107623
y,0,0,35,-103616
y,0,0,36,-72837
y,0,0,37,-50432
y,0,0,38,-7547
y,0,0,39,25536
y,0,0,40,80487
y,0,0,41,124208
y,0,0,42,156881
y,0,0,43,178688
y,0,0,44,189811
y,0,0,45,190432
y,0,0,46,180733
y,0,0,47,160896
y,0,0,48,131103
y,0,0,49,91536
y,0,0,50,42377
y,0,0,51,-16192
y,0,0,52,-83989
y,0,0,53,-160832
y,0,0,54,-181003
y,0,0,55,-209856
y,0,0,56,-181673
y,0,0,57,-161808
y,0,0,58,-121407
y,0,0,59,-59264
y,0,0,60,-8477
y,0,0,61,31136
y,0,0,62,59757
y,0,0,63,77568
y,0,0,64,84751
y,0,0,65,81488
y,0,0,66,67961
y,0,0,67,44352
y,0,0,68,10843
y,0,0,69,-32384
y,0,0,70,-85147
y,0,0,71,-119616
y,0,0,72,-166585
y,0,0,73,-128336
y,0,0,74,-105551
y,0,0,75,-98048
y,0,0,76,-40109
y,0,0,77,2912
y,0,0,78,59869
y,0,0,79,131968
y,0,0,80,186111
y,0,0,81,222480
y,0,0,82,241257
y,0,0,83,242624
y,0,0,84,226763
y,0,0,85,193856
y,0,0,86,144085
y,0,0,87,77632
y,0,0,88,-5321
y,0,0,89,-104592
y,0,0,90,-154463
y,0,0,91,-220288
y,0,0,92,-301885
y,0,0,93,-268000
y,0,0,94,-249523
y,0,0,95,-180736
y,0,0,96,-126993
y,0,0,97,-59440
y,0,0,98,-8359
y,0,0,99,57920
y,0,0,100,106299
y,0,0,101,136960
y,0,0,102,150085
y,0,0,103,145856
y,0,0,104,124455
y,0,0,105,86064
y,0,0,106,30865
y,0,0,107,-40960
y,0,0,108,-101581
y,0,0,109,-84256
y,0,0,110,-89667
y,0,0,111,-117632
y,0,0,112,-167969
y,0,0,113,-109424
y,0,0,114,-72887
y,0,0,115,7360
y,0,0,116,65963
y,0,0,117,131776
y,0,0,118,206005
y,0,0,119,255552
y,0,0,120,280599
y,0,0,121,281328
y,0,0,122,257921
y,0,0,123,210560
y,0,0,124,139427
y,0,0,125,44704
y,0,0,126,-73427
y,0,0,127,-149248
y,0,0,128,-248113
y,0,0,129,-238768
y,0,0,130,-252103
y,0,0,131,-287936
y,0,0,132,-215013
y,0,0,133,-164224
y,0,0,134,-135387
y,0,0,135,-62784
y,0,0,136,-11769
y,0,0,137,46512
y,0,0,138,113265
y,0,0,139,155392
y,0,0,140,173075
y,0,0,141,166496
y,0,0,142,135837
y,0,0,143,81280
y,0,0,144,30655
y,0,0,145,-46832
y,0,0,146,-53463
y,0,0,147,-89920
y,0,0,148,-156021
y,0,0,149,-120512
y,0,0,150,-114283
y,0,0,151,-137152
y,0,0,152,-57865
y,0,0,153,-7312
y,0,0,154,80225
y,0,0,155,139392
y,0,0,156,199043
y,0,0,157,228896
y,0,0,158,260621
y,0,0,159,261120
y,0,0,160,230575
y,0,0,161,169168
y,0,0,162,77081
y,0,0,163,20032
y,0,0,164,-67333
y,0,0,165,-184832
y,0,0,166,-201211
y,0,0,167,-247360
y,0,0,168,-192025
y,0,0,169,-166096
y,0,0,170,-169391
y,0,0,171,-201728
y,0,0,172,-131853
y,0,0,173,-90656
y,0,0,174,-12419
y,0,0,175,37504
y,0,0,176,87967
y,0,0,177,140176
y,0,0,178,161033
y,0,0,179,150720
y,0,0,180,109419
y,0,0,181,64960
y,0,0,182,52085
y,0,0,183,37440
y,0,0,184,-14121
y,0,0,185,-102416
y,0,0,186,-96191
y,0,0,187,-126336
y,0,0,188,-61597
y,0,0,189,-32864
y,0,0,190,-39955
y,0,0,191,48384
y,0,0,192,101263
y,0,0,193,118864
y,0,0,194,166905
y,0,0,195,180032
y,0,0,196,187099
y,0,0,197,189312
y,0,0,198,153573
y,0,0,199,80064
y,0,0,200,34503
y,0,0,201,-48464
y,0,0,202,-103119
y,0,0,203,-129280
y,0,0,204,-192301
y,0,0,205,-160928
y,0,0,206,-166051
y,0,0,207,-207488
y,0,0,208,-153985
y,0,0,209,-136432
y,0,0,210,-154647
y,0,0,211,-77376
y,0,0,212,-35509
y,0,0,213,36672
y,0,0,214,73813
y,0,0,215,76096
y,0,0,216,72375
y,0,0,217,63856
y,0,0,218,45089
y,0,0,219,82816
y,0,0,220,76355
y,0,0,221,25888
y,0,0,222,-2867
y,0,0,223,-9728
y,0,0,224,-60049
y,0,0,225,-22576
y,0,0,226,-28199
y,0,0,227,54336
y,0,0,228,94139
y,0,0,229,91392
y,0,0,230,46277
y,0,0,231,90048
y,0,0,232,91815
y,0,0,233,117296
y,0,0,234,101137
y,0,0,235,72192
y,0,0,236,179
y,0,0,237,-17696
y,0,0,238,-80067
y,0,0,239,-55680
y,0,0,240,-75425
y,0,0,241,-73584
y,0,0,242,-49975
y,0,0,243,-69952
y,0,0,244,-133333
y,0,0,245,-108864
y,0,0,246,-127435
y,0,0,247,-57792
y,0,0,248,-30825
y,0,0,249,-46352
y,0,0,250,-38655
y,0,0,251,-7552
y,0,0,252,-18397
y,0,0,253,-5472
y,0,0,254,-6483
y,0,0,255,-23552
y,0,0,256,42063
y,0,0,257,56400
y,0,0,258,19641
y,0,0,259,63040
y,0,0,260,55707
y,0,0,261,63360
y,0,0,262,86181
y,0,0,263,58816
y,0,0,264,112519
y,0,0,265,116400
y,0,0,266,70641
y,0,0,267,106496
y,0,0,268,93075
y,0,0,269,30560
y,0,0,270,50205
y,0,0,271,21120
y,0,0,272,-56513
y,0,0,273,-51440
y,0,0,274,-94551
y,0,0,275,-156992
y,0,0,276,-106485
y,0,0,277,-107200
y,0,0,278,-27883
y,0,0,279,576
y,0,0,280,-21641
y,0,0,281,-28816
y,0,0,282,-20767
y,0,0,283,-62848
y,0,0,284,-23805
y,0,0,285,-34528
y,0,0,286,-29299
y,0,0,287,-7936
y,0,0,288,-35793
y,0,0,289,-112688
y,0,0,290,-107367
y,0,0,291,-123072
y,0,0,292,-27525
y,0,0,293,13056
y,0,0,294,27525
y,0,0,295,-14400
y,0,0,296,50023
y,0,0,297,56624
y,0,0,298,136657
y,0,0,299,159232
y,0,0,300,190067
y,0,0,301,229344
y,0,0,302,211709
y,0,0,303,137344
y,0,0,304,137503
y,0,0,305,81296
y,0,0,306,99977
y,0,0,307,62656
y,0,0,308,-30485
y,0,0,309,-179264
y,0,0,310,-186891
y,0,0,311,-249792
y,0,0,312,-171177
y,0,0,313,-147472
y,0,0,314,-149823
y,0,0,315,-45952
y,0,0,316,-29
y,0,0,317,-11872
y,0,0,318,49773
y,0,0,319,54016
y,0,0,320,66575
y,0,0,321,87632
y,0,0,322,51833
y,0,0,323,24896
y,0,0,324,7003
y,0,0,325,-67200
y,0,0,326,-66459
y,0,0,327,-94016
y,0,0,328,-180665
y,0,0,329,-97616
y,0,0,330,-76623
y,0,0,331,-117504
y,0,0,332,-23469
y,0,0,333,9056
y,0,0,334,8925
y,0,0,335,108416
y,0,0,336,143359
y,0,0,337,245008
y,0,0,338,282473
y,0,0,339,255936
y,0,0,340,231115
y,0,0,341,208192
y,0,0,342,121813
y,0,0,343,103232
y,0,0,344,21559
y,0,0,345,-123024
y,0,0,346,-133727
y,0,0,347,-206976
y,0,0,348,-342589
y,0,0,349,-278240
y,0,0,350,-275891
y,0,0,351,-138752
y,0,0,352,-63249
y,0,0,353,-20528
y,0,0,354,-40871
y,0,0,355,38464
y,0,0,356,53307
y,0,0,357,134912
y,0,0,358,152389
y,0,0,359,105920
y,0,0,360,126759
y,0,0,361,84016
y,0,0,362,-22127
y,0,0,363,-60416
y,0,0,364,-134093
y,0,0,365,-45344
y,0,0,366,-25923
y,0,0,367,-75648
y,0,0,368,-194337
y,0,0,369,-119664
y,0,0,370,-113591
y,0,0,371,20672
y,0,0,372,86699
y,0,0,373,113344
y,0,0,374,232885
y,0,0,375,281152
y,0,0,376,258327
y,0,0,377,295664
y,0,0,378,262273
y,0,0,379,223872
y,0,0,380,180643
y,0,0,381,67232
y,0,0,382,-116179
y,0,0,383,-172800
y,0,0,384,-299057
y,0,0,385,-232624
y,0,0,386,-235463
y,0,0,387,-307392
y,0,0,388,-186085
y,0,0,389,-133504
y,0,0,390,-149467
y,0,0,391,-37184
y,0,0,392,6919
y,0,0,393,11696
y,0,0,394,109425
y,0,0,395,135936
y,0,0,396,156947
y,0,0,397,172640
y,0,0,398,117661
y,0,0,399,57728
y,0,0,400,20671
y,0,0,401,-89840
y,0,0,402,-45015
y,0,0,403,-76608
y,0,0,404,-184437
y,0,0,405,-106176
y,0,0,406,-103787
y,0,0,407,-177088
y,0,0,408,-63753
y,0,0,409,-25744
y,0,0,410,133729
y,0,0,411,218240
y,0,0,412,256643
y,0,0,413,218656
y,0,0,414,267021
y,0,0,415,237568
y,0,0,416,261551
y,0,0,417,208080
y,0,0,418,77337
y,0,0,419,576
y,0,0,420,-87557
y,0,0,421,-252416
y,0,0,422,-231675
y,0,0,423,-287296
y,0,0,424,-156953
y,0,0,425,-102608
y,0,0,426,-124079
y,0,0,427,-221184
y,0,0,428,-131597
y,0,0,429,-117280
y,0,0,430,18557
y,0,0,431,79488
y,0,0,432,94367
y,0,0,433,129936
y,0,0,434,153097
y,0,0,435,98496
y,0,0,436,97387
y,0,0,437,46528
y,0,0,438,46197
y,0,0,439,63040
y,0,0,440,-3625
y,0,0,441,-153616
y,0,0,442,-124607
y,0,0,443,-178560
y,0,0,444,-53149
y,0,0,445,-10336
y,0,0,446,-49939
y,0,0,447,90368
y,0,0,448,148623
y,0,0,449,125008
y,0,0,450,216313
y,0,0,451,226112
y,0,0,452,183259
y,0,0,453,220032
y,0,0,454,172261
y,0,0,455,40128
y,0,0,456,20423
y,0,0,457,-83280
y,0,0,458,-139727
y,0,0,459,-148736
y,0,0,460,-241197
y,0,0,461,-154784
y,0,0,462,-151459
y,0,0,463,-231040
y,0,0,464,-131201
y,0,0,465,-113904
y,0,0,466,-178967
y,0,0,467,-64064
y,0,0,468,-31157
y,0,0,469,51008
y,0,0,470,117077
y,0,0,471,101696
y,0,0,472,33719
y,0,0,473,45424
y,0,0,474,289
y,0,0,475,96128
y,0,0,476,101187
y,0,0,477,15648
y,0,0,478,-29235
y,0,0,479,-33280
y,0,0,480,-127377
y,0,0,481,-49200
y,0,0,482,-60711
y,0,0,483,100416
y,0,0,484,172219
y,0,0,485,154880
y,0,0,486,48581
y,0,0,487,115648
y,0,0,488,94119
y,0,0,489,180784
y,0,0,490,179217
y,0,0,491,118272
y,0,0,492,-32333
y,0,0,493,-44320
y,0,0,494,-147395
y,0,0,495,-79232
y,0,0,496,-101793
y,0,0,497,-83824
y,0,0,498,-25143
y,0,0,499,-56640
y,0,0,500,-178133
y,0,0,501,-127296
y,0,0,502,-166091
y,0,0,503,-32192
y,0,0,504,12439
y,0,0,505,-32016
y,0,0,506,-34303
y,0,0,507,5760
y,0,0,508,-42717
y,0,0,509,17056
y,0,0,510,16301
y,0,0,511,-44206
y,0,0,512,4520
y,0,0,513,-35252
y,0,0,514,-163704
y,0,0,515,-118874
y,0,0,516,-163088
y,0,0,517,-165456
y,0,0,518,-126160
y,0,0,519,-176454
y,0,0,520,-54376
y,0,0,521,-22252
y,0,0,522,-80264
y,0,0,523,33550
y,0,0,524,56864
y,0,0,525,-10504
y,0,0,526,93408
y,0,0,527,106274
y,0,0,528,27912
y,0,0,529,120284
y,0,0,530,90600
y,0,0,531,3190
y,0,0,532,24016
y,0,0,533,-43712
y,0,0,534,61968
y,0,0,535,78730
y,0,0,536,6392
y,0,0,537,-24156
y,0,0,538,-13096
y,0,0,539,-91682
y,0,0,540,2048
y,0,0,541,5768
y,0,0,542,50368
y,0,0,543,135666
y,0,0,544,130408
y,0,0,545,34412
y,0,0,546,109640
y,0,0,547,66118
y,0,0,548,164784
y,0,0,549,148176
y,0,0,550,48368
y,0,0,551,-102566
y,0,0,552,-138664
y,0,0,553,-256716
y,0,0,554,-194760
y,0,0,555,-215122
y,0,0,556,-186912
y,0,0,557,-110312
y,0,0,558,-116576
y,0,0,559,-205886
y,0,0,560,-116280
y,0,0,561,-110084
y,0,0,562,74664
y,0,0,563,175638
y,0,0,564,192656
y,0,0,565,125536
y,0,0,566,170704
y,0,0,567,131370
y,0,0,568,203960
y,0,0,569,161220
y,0,0,570,67480
y,0,0,571,88702
y,0,0,572,28096
y,0,0,573,-114520
y,0,0,574,-77184
y,0,0,575,-122222
y,0,0,576,-118744
y,0,0,577,-66932
y,0,0,578,-98040
y,0,0,579,-81178
y,0,0,580,-16528
y,0,0,581,-35344
y,0,0,582,124336
y,0,0,583,172538
y,0,0,584,140056
y,0,0,585,191316
y,0,0,586,164856
y,0,0,587,60494
y,0,0,588,74656
y,0,0,589,-19912
y,0,0,590,-158880
y,0,0,591,-176286
y,0,0,592,-268920
y,0,0,593,-174820
y,0,0,594,-156312
y,0,0,595,-213578
y,0,0,596,-215728
y,0,0,597,-162944
y,0,0,598,-186480
y,0,0,599,-24374
y,0,0,600,61048
y,0,0,601,69604
y,0,0,602,197720
y,0,0,603,248606
y,0,0,604,222080
y,0,0,605,249032
y,0,0,606,198208
y,0,0,607,266034
y,0,0,608,225256
y,0,0,609,107948
y,0,0,610,-53816
y,0,0,611,-94074
y,0,0,612,-209616
y,0,0,613,-138480
y,0,0,614,-142992
y,0,0,615,-223334
y,0,0,616,-117544
y,0,0,617,-87948
y,0,0,618,-134728
y,0,0,619,4078
y,0,0,620,38496
y,0,0,621,163928
y,0,0,622,218912
y,0,0,623,203266
y,0,0,624,116808
y,0,0,625,90428
y,0,0,626,-7128
y,0,0,627,20566
y,0,0,628,-53744
y,0,0,629,-165728
y,0,0,630,-149424
y,0,0,631,-201622
y,0,0,632,-322504
y,0,0,633,-250108
y,0,0,634,-246760
y,0,0,635,-181570
y,0,0,636,-54720
y,0,0,637,2536
y,0,0,638,-9984
y,0,0,639,104146
y,0,0,640,148136
y,0,0,641,252876
y,0,0,642,287112
y,0,0,643,250662
y,0,0,644,274416
y,0,0,645,227120
y,0,0,646,108592
y,0,0,647,115258
y,0,0,648,19864
y,0,0,649,-113260
y,0,0,650,-118152
y,0,0,651,-191602
y,0,0,652,-202720
y,0,0,653,-151688
y,0,0,654,-169760
y,0,0,655,-126046
y,0,0,656,-48376
y,0,0,657,-37028
y,0,0,658,72424
y,0,0,659,118518
y,0,0,660,101072
y,0,0,661,150976
y,0,0,662,136976
y,0,0,663,58890
y,0,0,664,47608
y,0,0,665,-28124
y,0,0,666,28120
y,0,0,667,-10914
y,0,0,668,-113152
y,0,0,669,-246520
y,0,0,670,-245056
y,0,0,671,-305550
y,0,0,672,-166040
y,0,0,673,-88852
y,0,0,674,-74168
y,0,0,675,-56634
y,0,0,676,29104
y,0,0,677,51792
y,0,0,678,142320
y,0,0,679,169434
y,0,0,680,264024
y,0,0,681,294836
y,0,0,682,261688
y,0,0,683,164398
y,0,0,684,133856
y,0,0,685,38808
y,0,0,686,75680
y,0,0,687,17218
y,0,0,688,-72248
y,0,0,689,-157828
y,0,0,690,-174168
y,0,0,691,-252522
y,0,0,692,-130928
y,0,0,693,-99360
y,0,0,694,-61488
y,0,0,695,16042
y,0,0,696,37304
y,0,0,697,2116
y,0,0,698,41368
y,0,0,699,23806
y,0,0,700,80320
y,0,0,701,79656
y,0,0,702,21632
y,0,0,703,37138
y,0,0,704,-5080
y,0,0,705,-105204
y,0,0,706,-66808
y,0,0,707,-117146
y,0,0,708,-191888
y,0,0,709,-125072
y,0,0,710,-113488
y,0,0,711,-157318
y,0,0,712,-60136
y,0,0,713,-18732
y,0,0,714,32248
y,0,0,715,92622
y,0,0,716,96672
y,0,0,717,175288
y,0,0,718,197216
y,0,0,719,162274
y,0,0,720,201352
y,0,0,721,183196
y,0,0,722,107624
y,0,0,723,105526
y,0,0,724,45648
y,0,0,725,-6656
y,0,0,726,13968
y,0,0,727,-54198
y,0,0,728,-146824
y,0,0,729,-97948
y,0,0,730,-132008
y,0,0,731,-53602
y,0,0,732,-24192
y,0,0,733,-43960
y,0,0,734,-47552
y,0,0,735,-35150
y,0,0,736,-72472
y,0,0,737,-28628
y,0,0,738,-34872
y,0,0,739,39686
y,0,0,740,63792
y,0,0,741,37264
y,0,0,742,-40080
y,0,0,743,-37350
y,0,0,744,-85800
y,0,0,745,10996
y,0,0,746,25784
y,0,0,747,-9362
y,0,0,748,-62368
y,0,0,749,-32808
y,0,0,750,-51936
y,0,0,751,11138
y,0,0,752,25160
y,0,0,753,55484
y,0,0,754,101928
y,0,0,755,98774
y,0,0,756,45840
y,0,0,757,74016
y,0,0,758,52048
y,0,0,759,110826
y,0,0,760,119096
y,0,0,761,76676
y,0,0,762,48920
y,0,0,763,35646
y,0,0,764,-28864
y,0,0,765,51816
y,0,0,766,22784
y,0,0,767,-20654
y,0,0,768,-10072
y,0,0,769,-41396
y,0,0,770,-114808
y,0,0,771,-99418
y,0,0,772,-126480
y,0,0,773,-130640
y,0,0,774,-112080
y,0,0,775,-136518
y,0,0,776,-73064
y,0,0,777,-52972
y,0,0,778,-76424
y,0,0,779,-12530
y,0,0,780,7456
y,0,0,781,-16648
y,0,0,782,46048
y,0,0,783,64290
y,0,0,784,37896
y,0,0,785,97756
y,0,0,786,82152
y,0,0,787,55414
y,0,0,788,52432
y,0,0,789,7488
y,0,0,790,51472
y,0,0,791,53130
y,0,0,792,12280
y,0,0,793,-5724
y,0,0,794,-1064
y,0,0,795,-39458
y,0,0,796,9984
y,0,0,797,16008
y,0,0,798,43968
y,0,0,799,93682
y,0,0,800,99432
y,0,0,801,61036
y,0,0,802,109384
y,0,0,803,85574
y,0,0,804,119472
y,0,0,805,84688
y,0,0,806,13296
y,0,0,807,-62630
y,0,0,808,-108200
y,0,0,809,-189132
y,0,0,810,-174536
y,0,0,811,-195666
y,0,0,812,-187168
y,0,0,813,-149224
y,0,0,814,-147552
y,0,0,815,-182334
y,0,0,816,-122680
y,0,0,817,-99844
y,0,0,818,17064
y,0,0,819,96790
y,0,0,820,139152
y,0,0,821,143968
y,0,0,822,176592
y,0,0,823,171306
y,0,0,824,193464
y,0,0,825,146884
y,0,0,826,95896
y,0,0,827,75390
y,0,0,828,19648
y,0,0,829,-71512
y,0,0,830,-67200
y,0,0,831,-98670
y,0,0,832,-100568
y,0,0,833,-73076
y,0,0,834,-81912
y,0,0,835,-61722
y,0,0,836,-12688
y,0,0,837,-528
y,0,0,838,105648
y,0,0,839,146938
y,0,0,840,154136
y,0,0,841,160596
y,0,0,842,135928
y,0,0,843,79950
y,0,0,844,58016
y,0,0,845,-26056
y,0,0,846,-107936
y,0,0,847,-152734
y,0,0,848,-226168
y,0,0,849,-197348
y,0,0,850,-197528
y,0,0,851,-226890
y,0,0,852,-220080
y,0,0,853,-177280
y,0,0,854,-164208
y,0,0,855,-49974
y,0,0,856,34168
y,0,0,857,88036
y,0,0,858,176984
y,0,0,859,235294
y,0,0,860,262784
y,0,0,861,259272
y,0,0,862,224576
y,0,0,863,224050
y,0,0,864,161512
y,0,0,865,69036
y,0,0,866,-21304
y,0,0,867,-74618
y,0,0,868,-156624
y,0,0,869,-136432
y,0,0,870,-145296
y,0,0,871,-183398
y,0,0,872,-119848
y,0,0,873,-85900
y,0,0,874,-81736
y,0,0,875,23534
y,0,0,876,71008
y,0,0,877,125016
y,0,0,878,155168
y,0,0,879,161282
y,0,0,880,143176
y,0,0,881,100668
y,0,0,882,33576
y,0,0,883,7254
y,0,0,884,-74480
y,0,0,885,-147296
y,0,0,886,-176304
y,0,0,887,-227222
y,0,0,888,-300232
y,0,0,889,-264444
y,0,0,890,-251112
y,0,0,891,-194882
y,0,0,892,-95936
y,0,0,893,-19992
y,0,0,894,32768
y,0,0,895,127698
y,0,0,896,199080
y,0,0,897,246732
y,0,0,898,270472
y,0,0,899,270118
y,0,0,900,245488
y,0,0,901,196400
y,0,0,902,122672
y,0,0,903,89658
y,0,0,904,1176
y,0,0,905,-78444
y,0,0,906,-114312
y,0,0,907,-172146
y,0,0,908,-186592
y,0,0,909,-157832
y,0,0,910,-151584
y,0,0,911,-102494
y,0,0,912,-38392
y,0,0,913,5980
y,0,0,914,63976
y,0,0,915,105206
y,0,0,916,129488
y,0,0,917,136640
y,0,0,918,126480
y,0,0,919,98826
y,0,0,920,53496
y,0,0,921,-9692
y,0,0,922,-25384
y,0,0,923,-89762
y,0,0,924,-170752
y,0,0,925,-236280
y,0,0,926,-251456
y,0,0,927,-281998
y,0,0,928,-197016
y,0,0,929,-127764
y,0,0,930,-74424
y,0,0,931,-37178
y,0,0,932,49328
y,0,0,933,119376
y,0,0,934,172784
y,0,0,935,209370
y,0,0,936,228952
y,0,0,937,231348
y,0,0,938,216376
y,0,0,939,183854
y,0,0,940,133600
y,0,0,941,65432
y,0,0,942,44704
y,0,0,943,-24766
y,0,0,944,-78648
y,0,0,945,-147588
y,0,0,946,-166232
y,0,0,947,-200298
y,0,0,948,-118896
y,0,0,949,-80928
y,0,0,950,-55600
y,0,0,951,-9558
y,0,0,952,26808
y,0,0,953,53316
y,0,0,954,69784
y,0,0,955,76030
y,0,0,956,71872
y,0,0,957,57128
y,0,0,958,31616
y,0,0,959,-4846
y,0,0,960,-52440
y,0,0,961,-111348
y,0,0,962,-116216
y,0,0,963,-163226
y,0,0,964,-188048
y,0,0,965,-155792
y,0,0,966,-132176
y,0,0,967,-117382
y,0,0,968,-46056
y,0,0,969,16084
y,0,0,970,68856
y,0,0,971,112078
y,0,0,972,145568
y,0,0,973,169144
y,0,0,974,182624
y,0,0,975,185826
y,0,0,976,178568
y,0,0,977,160668
y,0,0,978,131944
y,0,0,979,92214
y,0,0,980,41296
y,0,0,981,-20992
y,0,0,982,-29296
y,0,0,983,-79798
y,0,0,984,-108168
y,0,0,985,-79516
y,0,0,986,-87208
y,0,0,987,-66914
y,0,0,988,-49024
y,0,0,989,-33720
y,0,0,990,-21184
y,0,0,991,-11598
y,0,0,992,-5144
y,0,0,993,-2004
y,0,0,994,-2360
y,0,0,995,-6394
y,0,0,996,-14288
y,0,0,997,-26224
y,0,0,998,-42384
y,0,0,999,-62950
y,0,0,1000,-88104
y,0,0,1001,-52492
y,0,0,1002,-52296
y,0,0,1003,-55442
y,0,0,1004,-29856
y,0,0,1005,-6184
y,0,0,1006,15392
y,0,0,1007,34690
y,0,0,1008,51528
y,0,0,1009,65724
y,0,0,1010,77096
y,0,0,1011,85462
y,0,0,1012,90640
y,0,0,1013,92448
y,0,0,1014,90704
y,0,0,1015,85226
y,0,0,1016,75832
y,0,0,1017,62340
y,0,0,1018,44568
y,0,0,1019,22334
y,0,0,1020,-4544
y,0,0,1021,29288
y,0,0,1022,0
y,0,0,1023,0
y,1,0,0,23044
y,1,0,1,41896
y,1,0,2,56738
y,1,0,3,67752
y,1,0,4,75120
y,1,0,5,79024
y,1,0,6,79646
y,1,0,7,77168
y,1,0,8,71772
y,1,0,9,63640
y,1,0,10,52954
y,1,0,11,39896
y,1,0,12,24648
y,1,0,13,7392
y,1,0,14,-11690
y,1,0,15,-32416
y,1,0,16,-54604
y,1,0,17,-78072
y,1,0,18,-102638
y,1,0,19,-104312
y,1,0,20,-81888
y,1,0,21,-63600
y,1,0,22,-49266
y,1,0,23,-38704
y,1,0,24,-31732
y,1,0,25,-28168
y,1,0,26,-27830
y,1,0,27,-30536
y,1,0,28,-36104
y,1,0,29,-44352
y,1,0,30,-55098
y,1,0,31,-68160
y,1,0,32,-55708
y,1,0,33,-48536
y,1,0,34,-14462
y,1,0,35,11368
y,1,0,36,29136
y,1,0,37,39024
y,1,0,38,65022
y,1,0,39,81712
y,1,0,40,115900
y,1,0,41,139352
y,1,0,42,152250
y,1,0,43,154776
y,1,0,44,147112
y,1,0,45,129440
y,1,0,46,101942
y,1,0,47,64800
y,1,0,48,18196
y,1,0,49,-37688
y,1,0,50,-102670
y,1,0,51,-111032
y,1,0,52,-128128
y,1,0,53,-153776
y,1,0,54,-122258
y,1,0,55,-98928
y,1,0,56,-83604
y,1,0,57,-76104
y,1,0,58,-52438
y,1,0,59,-11400
y,1,0,60,18776
y,1,0,61,38272
y,1,0,62,47270
y,1,0,63,45952
y,1,0,64,34500
y,1,0,65,13096
y,1,0,66,-18078
y,1,0,67,-58840
y,1,0,68,-109008
y,1,0,69,-140752
y,1,0,70,-87330
y,1,0,71,-49424
y,1,0,72,-26852
y,1,0,73,-19432
y,1,0,74,38554
y,1,0,75,81752
y,1,0,76,110344
y,1,0,77,124512
y,1,0,78,148246
y,1,0,79,182752
y,1,0,80,199796
y,1,0,81,199560
y,1,0,82,182226
y,1,0,83,147976
y,1,0,84,96992
y,1,0,85,29456
y,1,0,86,-54450
y,1,0,87,-154544
y,1,0,88,-205108
y,1,0,89,-271496
y,1,0,90,-222454
y,1,0,91,-188872
y,1,0,92,-170568
y,1,0,93,-101824
y,1,0,94,-47994
y,1,0,95,-8896
y,1,0,96,15652
y,1,0,97,49640
y,1,0,98,67650
y,1,0,99,96488
y,1,0,100,107920
y,1,0,101,102128
y,1,0,102,79294
y,1,0,103,39600
y,1,0,104,-16772
y,1,0,105,-61992
y,1,0,106,-126854
y,1,0,107,-113640
y,1,0,108,-123032
y,1,0,109,-154848
y,1,0,110,-77834
y,1,0,111,-22880
y,1,0,112,10196
y,1,0,113,87112
y,1,0,114,142514
y,1,0,115,176584
y,1,0,116,189504
y,1,0,117,205264
y,1,0,118,225070
y,1,0,119,220688
y,1,0,120,192300
y,1,0,121,140088
y,1,0,122,64234
y,1,0,123,-35080
y,1,0,124,-92136
y,1,0,125,-172288
y,1,0,126,-275354
y,1,0,127,-270080
y,1,0,128,-287356
y,1,0,129,-195928
y,1,0,130,-126686
y,1,0,131,-79448
y,1,0,132,-54032
y,1,0,133,15280
y,1,0,134,63134
y,1,0,135,89712
y,1,0,136,95196
y,1,0,137,103576
y,1,0,138,116058
y,1,0,139,104408
y,1,0,140,68808
y,1,0,141,9440
y,1,0,142,-45866
y,1,0,143,-30368
y,1,0,144,-44748
y,1,0,145,-88824
y,1,0,146,-162414
y,1,0,147,-134264
y,1,0,148,-135264
y,1,0,149,-34160
y,1,0,150,38158
y,1,0,151,81872
y,1,0,152,162700
y,1,0,153,215288
y,1,0,154,239818
y,1,0,155,236472
y,1,0,156,229240
y,1,0,157,192704
y,1,0,158,153670
y,1,0,159,83904
y,1,0,160,-16412
y,1,0,161,-81560
y,1,0,162,-176894
y,1,0,163,-171160
y,1,0,164,-195248
y,1,0,165,-248976
y,1,0,166,-201090
y,1,0,167,-182480
y,1,0,168,-192964
y,1,0,169,-101288
y,1,0,170,-38342
y,1,0,171,-3944
y,1,0,172,67624
y,1,0,173,111008
y,1,0,174,126390
y,1,0,175,113952
y,1,0,176,97684
y,1,0,177,78792
y,1,0,178,56690
y,1,0,179,584
y,1,0,180,8192
y,1,0,181,-21168
y,1,0,182,-87314
y,1,0,183,-58992
y,1,0,184,-67092
y,1,0,185,-111432
y,1,0,186,-60758
y,1,0,187,-45960
y,1,0,188,64216
y,1,0,189,138880
y,1,0,190,178214
y,1,0,191,182400
y,1,0,192,217156
y,1,0,193,217128
y,1,0,194,182498
y,1,0,195,113448
y,1,0,196,33968
y,1,0,197,10800
y,1,0,198,-49826
y,1,0,199,-147728
y,1,0,200,-151652
y,1,0,201,-192488
y,1,0,202,-138982
y,1,0,203,-122024
y,1,0,204,-141432
y,1,0,205,-197024
y,1,0,206,-157546
y,1,0,207,-153888
y,1,0,208,-54796
y,1,0,209,8840
y,1,0,210,37202
y,1,0,211,96008
y,1,0,212,119904
y,1,0,213,109072
y,1,0,214,63694
y,1,0,215,11600
y,1,0,216,43340
y,1,0,217,59256
y,1,0,218,31114
y,1,0,219,-40904
y,1,0,220,-25544
y,1,0,221,-53696
y,1,0,222,5894
y,1,0,223,22336
y,1,0,224,-4188
y,1,0,225,57576
y,1,0,226,76738
y,1,0,227,53480
y,1,0,228,119056
y,1,0,229,142576
y,1,0,230,124222
y,1,0,231,129712
y,1,0,232,93692
y,1,0,233,16344
y,1,0,234,-36614
y,1,0,235,-106728
y,1,0,236,-88344
y,1,0,237,-85728
y,1,0,238,-127114
y,1,0,239,-81248
y,1,0,240,-79020
y,1,0,241,-120248
y,1,0,242,-73678
y,1,0,243,-70200
y,1,0,244,-109632
y,1,0,245,-60720
y,1,0,246,-54354
y,1,0,247,-24816
y,1,0,248,28076
y,1,0,249,38968
y,1,0,250,8042
y,1,0,251,28664
y,1,0,252,4504
y,1,0,253,33280
y,1,0,254,14310
y,1,0,255,-28416
y,1,0,256,37380
y,1,0,257,52392
y,1,0,258,16802
y,1,0,259,61864
y,1,0,260,56688
y,1,0,261,132528
y,1,0,262,158494
y,1,0,263,134768
y,1,0,264,61532
y,1,0,265,70040
y,1,0,266,29402
y,1,0,267,70872
y,1,0,268,63560
y,1,0,269,7648
y,1,0,270,-31146
y,1,0,271,-52640
y,1,0,272,-122188
y,1,0,273,-108536
y,1,0,274,-142574
y,1,0,275,-69240
y,1,0,276,-18400
y,1,0,277,-18288
y,1,0,278,-68722
y,1,0,279,-38448
y,1,0,280,-58356
y,1,0,281,2808
y,1,0,282,14154
y,1,0,283,-24136
y,1,0,284,-46344
y,1,0,285,-52288
y,1,0,286,-107322
y,1,0,287,-80192
y,1,0,288,-74140
y,1,0,289,-54424
y,1,0,290,11138
y,1,0,291,21864
y,1,0,292,-22064
y,1,0,293,10608
y,1,0,294,12798
y,1,0,295,90160
y,1,0,296,138428
y,1,0,297,129368
y,1,0,298,194234
y,1,0,299,202136
y,1,0,300,153256
y,1,0,301,178848
y,1,0,302,148022
y,1,0,303,60960
y,1,0,304,48916
y,1,0,305,-19000
y,1,0,306,-142606
y,1,0,307,-125112
y,1,0,308,-162944
y,1,0,309,-190384
y,1,0,310,-141714
y,1,0,311,-147824
y,1,0,312,-77460
y,1,0,313,-61512
y,1,0,314,-75990
y,1,0,315,11384
y,1,0,316,41304
y,1,0,317,13952
y,1,0,318,60582
y,1,0,319,50304
y,1,0,320,48836
y,1,0,321,56360
y,1,0,322,7522
y,1,0,323,-97496
y,1,0,324,-127440
y,1,0,325,-185552
y,1,0,326,-74018
y,1,0,327,-24592
y,1,0,328,-37092
y,1,0,329,-45800
y,1,0,330,15002
y,1,0,331,14424
y,1,0,332,83720
y,1,0,333,92000
y,1,0,334,194326
y,1,0,335,260832
y,1,0,336,263284
y,1,0,337,201864
y,1,0,338,207826
y,1,0,339,150280
y,1,0,340,160480
y,1,0,341,107536
y,1,0,342,-8370
y,1,0,343,-187056
y,1,0,344,-231732
y,1,0,345,-338824
y,1,0,346,-246006
y,1,0,347,-215240
y,1,0,348,-180808
y,1,0,349,-76992
y,1,0,350,-34682
y,1,0,351,-53696
y,1,0,352,-2780
y,1,0,353,10984
y,1,0,354,93250
y,1,0,355,139752
y,1,0,356,122256
y,1,0,357,106480
y,1,0,358,92606
y,1,0,359,15280
y,1,0,360,5756
y,1,0,361,-39208
y,1,0,362,-150406
y,1,0,363,-99048
y,1,0,364,-116888
y,1,0,365,-203744
y,1,0,366,-97290
y,1,0,367,-59488
y,1,0,368,-24620
y,1,0,369,73032
y,1,0,370,102578
y,1,0,371,195272
y,1,0,372,220224
y,1,0,373,201424
y,1,0,374,271150
y,1,0,375,270096
y,1,0,376,198444
y,1,0,377,187448
y,1,0,378,106218
y,1,0,379,-45064
y,1,0,380,-69608
y,1,0,381,-163840
y,1,0,382,-327578
y,1,0,383,-298496
y,1,0,384,-338556
y,1,0,385,-185432
y,1,0,386,-101086
y,1,0,387,-85336
y,1,0,388,-72464
y,1,0,389,3248
y,1,0,390,10910
y,1,0,391,81776
y,1,0,392,84956
y,1,0,393,109976
y,1,0,394,158042
y,1,0,395,135384
y,1,0,396,42184
y,1,0,397,9696
y,1,0,398,-65322
y,1,0,399,14944
y,1,0,400,18740
y,1,0,401,-53752
y,1,0,402,-202350
y,1,0,403,-164728
y,1,0,404,-202848
y,1,0,405,-54384
y,1,0,406,18702
y,1,0,407,82128
y,1,0,408,201612
y,1,0,409,246264
y,1,0,410,216266
y,1,0,411,242872
y,1,0,412,219000
y,1,0,413,250304
y,1,0,414,232518
y,1,0,415,137408
y,1,0,416,-34844
y,1,0,417,-87448
y,1,0,418,-216830
y,1,0,419,-160664
y,1,0,420,-180912
y,1,0,421,-277392
y,1,0,422,-187778
y,1,0,423,-174032
y,1,0,424,-235972
y,1,0,425,-111272
y,1,0,426,-61894
y,1,0,427,-22120
y,1,0,428,73768
y,1,0,429,94880
y,1,0,430,106934
y,1,0,431,110112
y,1,0,432,62868
y,1,0,433,97480
y,1,0,434,82290
y,1,0,435,-13496
y,1,0,436,38912
y,1,0,437,7760
y,1,0,438,-106770
y,1,0,439,-42352
y,1,0,440,-60948
y,1,0,441,-162376
y,1,0,442,-84310
y,1,0,443,-88712
y,1,0,444,86744
y,1,0,445,180096
y,1,0,446,191526
y,1,0,447,186752
y,1,0,448,231492
y,1,0,449,194856
y,1,0,450,208098
y,1,0,451,140328
y,1,0,452,15536
y,1,0,453,31536
y,1,0,454,-36514
y,1,0,455,-188432
y,1,0,456,-161892
y,1,0,457,-218856
y,1,0,458,-96998
y,1,0,459,-58280
y,1,0,460,-102520
y,1,0,461,-229536
y,1,0,462,-177002
y,1,0,463,-206880
y,1,0,464,-56844
y,1,0,465,11144
y,1,0,466,-2734
y,1,0,467,98312
y,1,0,468,117856
y,1,0,469,56080
y,1,0,470,44238
y,1,0,471,-20912
y,1,0,472,82252
y,1,0,473,123000
y,1,0,474,73098
y,1,0,475,-67272
y,1,0,476,-35784
y,1,0,477,-94400
y,1,0,478,19206
y,1,0,479,43072
y,1,0,480,-22620
y,1,0,481,84456
y,1,0,482,102338
y,1,0,483,31208
y,1,0,484,133392
y,1,0,485,146928
y,1,0,486,137534
y,1,0,487,170928
y,1,0,488,116220
y,1,0,489,-26408
y,1,0,490,-60166
y,1,0,491,-157672
y,1,0,492,-82200
y,1,0,493,-69088
y,1,0,494,-146570
y,1,0,495,-52320
y,1,0,496,-48300
y,1,0,497,-134328
y,1,0,498,-48078
y,1,0,499,-51512
y,1,0,500,-144448
y,1,0,501,-64560
y,1,0,502,-73810
y,1,0,503,-40944
y,1,0,504,34220
y,1,0,505,20792
y,1,0,506,-15510
y,1,0,507,18680
y,1,0,508,-38504
y,1,0,509,41728
y,1,0,510,27622
y,1,0,511,-81507
y,1,0,512,-16304
y,1,0,513,-40093
y,1,0,514,-153056
y,1,0,515,-93231
y,1,0,516,-122944
y,1,0,517,19767
y,1,0,518,72576
y,1,0,519,35301
y,1,0,520,-92240
y,1,0,521,-48085
y,1,0,522,-94560
y,1,0,523,30297
y,1,0,524,64160
y,1,0,525,6847
y,1,0,526,-10752
y,1,0,527,11181
y,1,0,528,-58608
y,1,0,529,41843
y,1,0,530,24608
y,1,0,531,150625
y,1,0,532,187776
y,1,0,533,135879
y,1,0,534,-5248
y,1,0,535,26357
y,1,0,536,-31632
y,1,0,537,82747
y,1,0,538,107168
y,1,0,539,41449
y,1,0,540,16480
y,1,0,541,32079
y,1,0,542,-43008
y,1,0,543,53181
y,1,0,544,30672
y,1,0,545,51331
y,1,0,546,82976
y,1,0,547,29681
y,1,0,548,-108736
y,1,0,549,-95913
y,1,0,550,-166784
y,1,0,551,-87803
y,1,0,552,-91088
y,1,0,553,-176821
y,1,0,554,-83040
y,1,0,555,-72071
y,1,0,556,-144096
y,1,0,557,-37153
y,1,0,558,-13568
y,1,0,559,-73523
y,1,0,560,44944
y,1,0,561,79507
y,1,0,562,29984
y,1,0,563,92801
y,1,0,564,71168
y,1,0,565,95975
y,1,0,566,101504
y,1,0,567,22037
y,1,0,568,119536
y,1,0,569,106075
y,1,0,570,-19552
y,1,0,571,34825
y,1,0,572,6880
y,1,0,573,-103569
y,1,0,574,-34560
y,1,0,575,-48419
y,1,0,576,-14256
y,1,0,577,67747
y,1,0,578,66336
y,1,0,579,-18671
y,1,0,580,74688
y,1,0,581,56439
y,1,0,582,121984
y,1,0,583,109861
y,1,0,584,19888
y,1,0,585,-17045
y,1,0,586,-66656
y,1,0,587,-194663
y,1,0,588,-139104
y,1,0,589,-187905
y,1,0,590,-80128
y,1,0,591,-47891
y,1,0,592,-91376
y,1,0,593,-210765
y,1,0,594,-144096
y,1,0,595,-153695
y,1,0,596,22400
y,1,0,597,121863
y,1,0,598,144512
y,1,0,599,90165
y,1,0,600,155248
y,1,0,601,142971
y,1,0,602,184224
y,1,0,603,147753
y,1,0,604,164448
y,1,0,605,168591
y,1,0,606,94464
y,1,0,607,-58115
y,1,0,608,-52784
y,1,0,609,-124477
y,1,0,610,-39648
y,1,0,611,-30415
y,1,0,612,-96960
y,1,0,613,-108393
y,1,0,614,-64896
y,1,0,615,-97723
y,1,0,616,55088
y,1,0,617,103563
y,1,0,618,78496
y,1,0,619,144313
y,1,0,620,139552
y,1,0,621,64031
y,1,0,622,48640
y,1,0,623,-37875
y,1,0,624,-64624
y,1,0,625,-97325
y,1,0,626,-201696
y,1,0,627,-115775
y,1,0,628,-127488
y,1,0,629,-238041
y,1,0,630,-155264
y,1,0,631,-141483
y,1,0,632,-196880
y,1,0,633,-59493
y,1,0,634,8352
y,1,0,635,6473
y,1,0,636,131296
y,1,0,637,186031
y,1,0,638,170496
y,1,0,639,215581
y,1,0,640,190032
y,1,0,641,224739
y,1,0,642,188448
y,1,0,643,80977
y,1,0,644,33216
y,1,0,645,-20553
y,1,0,646,-146048
y,1,0,647,-81307
y,1,0,648,-114256
y,1,0,649,-115029
y,1,0,650,-53600
y,1,0,651,-61223
y,1,0,652,-138080
y,1,0,653,-22209
y,1,0,654,-3584
y,1,0,655,113197
y,1,0,656,166672
y,1,0,657,156659
y,1,0,658,82976
y,1,0,659,76513
y,1,0,660,6016
y,1,0,661,2375
y,1,0,662,-65664
y,1,0,663,-67211
y,1,0,664,-67984
y,1,0,665,-133701
y,1,0,666,-264544
y,1,0,667,-224151
y,1,0,668,-247456
y,1,0,669,-100913
y,1,0,670,-16640
y,1,0,671,5181
y,1,0,672,-35632
y,1,0,673,57347
y,1,0,674,87328
y,1,0,675,185201
y,1,0,676,219712
y,1,0,677,190679
y,1,0,678,228992
y,1,0,679,203397
y,1,0,680,113712
y,1,0,681,90827
y,1,0,682,3488
y,1,0,683,-17415
y,1,0,684,-37600
y,1,0,685,-122785
y,1,0,686,-142080
y,1,0,687,-121267
y,1,0,688,-192624
y,1,0,689,-63981
y,1,0,690,-25312
y,1,0,691,-45823
y,1,0,692,38912
y,1,0,693,67431
y,1,0,694,39552
y,1,0,695,86165
y,1,0,696,76016
y,1,0,697,8923
y,1,0,698,15776
y,1,0,699,-34679
y,1,0,700,-11552
y,1,0,701,-46097
y,1,0,702,-138496
y,1,0,703,-157859
y,1,0,704,-169904
y,1,0,705,-240349
y,1,0,706,-107232
y,1,0,707,-58479
y,1,0,708,-95296
y,1,0,709,8951
y,1,0,710,57472
y,1,0,711,50085
y,1,0,712,117680
y,1,0,713,129003
y,1,0,714,214944
y,1,0,715,244249
y,1,0,716,216736
y,1,0,717,132223
y,1,0,718,121600
y,1,0,719,53613
y,1,0,720,59152
y,1,0,721,6963
y,1,0,722,-103136
y,1,0,723,-74719
y,1,0,724,-104576
y,1,0,725,-192889
y,1,0,726,-77696
y,1,0,727,-74571
y,1,0,728,10864
y,1,0,729,47355
y,1,0,730,34720
y,1,0,731,-27223
y,1,0,732,-7584
y,1,0,733,-37617
y,1,0,734,13568
y,1,0,735,14717
y,1,0,736,-34352
y,1,0,737,-2749
y,1,0,738,-21728
y,1,0,739,-91471
y,1,0,740,-81088
y,1,0,741,-121833
y,1,0,742,-82816
y,1,0,743,-29755
y,1,0,744,-28368
y,1,0,745,-78837
y,1,0,746,-10336
y,1,0,747,7737
y,1,0,748,77856
y,1,0,749,98975
y,1,0,750,70912
y,1,0,751,124557
y,1,0,752,128656
y,1,0,753,83027
y,1,0,754,118560
y,1,0,755,104001
y,1,0,756,39168
y,1,0,757,54951
y,1,0,758,20096
y,1,0,759,-43
y,1,0,760,-5648
y,1,0,761,-62437
y,1,0,762,-39520
y,1,0,763,-30263
y,1,0,764,-69408
y,1,0,765,7471
y,1,0,766,13312
y,1,0,767,-53091
y,1,0,768,-30640
y,1,0,769,-50589
y,1,0,770,-113120
y,1,0,771,-87343
y,1,0,772,-104512
y,1,0,773,-33737
y,1,0,774,-6272
y,1,0,775,-22299
y,1,0,776,-82000
y,1,0,777,-54485
y,1,0,778,-71008
y,1,0,779,-679
y,1,0,780,25248
y,1,0,781,6591
y,1,0,782,8704
y,1,0,783,31405
y,1,0,784,8976
y,1,0,785,72307
y,1,0,786,64544
y,1,0,787,115553
y,1,0,788,124288
y,1,0,789,90567
y,1,0,790,14208
y,1,0,791,26101
y,1,0,792,-5008
y,1,0,793,51771
y,1,0,794,65184
y,1,0,795,35049
y,1,0,796,26720
y,1,0,797,40015
y,1,0,798,9216
y,1,0,799,65213
y,1,0,800,49104
y,1,0,801,57219
y,1,0,802,57376
y,1,0,803,19185
y,1,0,804,-57536
y,1,0,805,-67497
y,1,0,806,-114560
y,1,0,807,-96251
y,1,0,808,-113616
y,1,0,809,-166837
y,1,0,810,-125024
y,1,0,811,-119431
y,1,0,812,-150240
y,1,0,813,-86561
y,1,0,814,-59648
y,1,0,815,-69683
y,1,0,816,14224
y,1,0,817,60819
y,1,0,818,69920
y,1,0,819,106881
y,1,0,820,105984
y,1,0,821,132583
y,1,0,822,120960
y,1,0,823,70933
y,1,0,824,113392
y,1,0,825,91483
y,1,0,826,4000
y,1,0,827,12041
y,1,0,828,-15648
y,1,0,829,-79249
y,1,0,830,-47872
y,1,0,831,-52771
y,1,0,832,-28592
y,1,0,833,24483
y,1,0,834,40736
y,1,0,835,19985
y,1,0,836,93120
y,1,0,837,101239
y,1,0,838,108672
y,1,0,839,85029
y,1,0,840,30128
y,1,0,841,9323
y,1,0,842,-43104
y,1,0,843,-127335
y,1,0,844,-112480
y,1,0,845,-155393
y,1,0,846,-126208
y,1,0,847,-125971
y,1,0,848,-154864
y,1,0,849,-213069
y,1,0,850,-169696
y,1,0,851,-155999
y,1,0,852,-41088
y,1,0,853,43783
y,1,0,854,98432
y,1,0,855,122677
y,1,0,856,181872
y,1,0,857,210299
y,1,0,858,207776
y,1,0,859,174121
y,1,0,860,174688
y,1,0,861,143759
y,1,0,862,81152
y,1,0,863,-13315
y,1,0,864,-34352
y,1,0,865,-85821
y,1,0,866,-65248
y,1,0,867,-73679
y,1,0,868,-111296
y,1,0,869,-112745
y,1,0,870,-78208
y,1,0,871,-73403
y,1,0,872,32560
y,1,0,873,80779
y,1,0,874,102048
y,1,0,875,129721
y,1,0,876,133408
y,1,0,877,112927
y,1,0,878,68096
y,1,0,879,-1267
y,1,0,880,-29808
y,1,0,881,-83245
y,1,0,882,-161760
y,1,0,883,-134463
y,1,0,884,-158208
y,1,0,885,-234201
y,1,0,886,-201344
y,1,0,887,-190891
y,1,0,888,-203024
y,1,0,889,-106853
y,1,0,890,-33632
y,1,0,891,16457
y,1,0,892,108768
y,1,0,893,177583
y,1,0,894,222720
y,1,0,895,243997
y,1,0,896,241232
y,1,0,897,214243
y,1,0,898,162848
y,1,0,899,86865
y,1,0,900,51648
y,1,0,901,-8521
y,1,0,902,-93824
y,1,0,903,-73371
y,1,0,904,-104016
y,1,0,905,-121429
y,1,0,906,-95584
y,1,0,907,-92199
y,1,0,908,-111456
y,1,0,909,-22465
y,1,0,910,15872
y,1,0,911,67885
y,1,0,912,103184
y,1,0,913,121587
y,1,0,914,122912
y,1,0,915,106977
y,1,0,916,73600
y,1,0,917,22599
y,1,0,918,-46208
y,1,0,919,-67467
y,1,0,920,-106896
y,1,0,921,-164677
y,1,0,922,-240992
y,1,0,923,-230551
y,1,0,924,-237216
y,1,0,925,-158513
y,1,0,926,-95488
y,1,0,927,-48323
y,1,0,928,-17200
y,1,0,929,63235
y,1,0,930,127264
y,1,0,931,174705
y,1,0,932,205376
y,1,0,933,219095
y,1,0,934,215680
y,1,0,935,194949
y,1,0,936,156720
y,1,0,937,100811
y,1,0,938,27040
y,1,0,939,761
y,1,0,940,-43744
y,1,0,941,-106657
y,1,0,942,-122624
y,1,0,943,-117427
y,1,0,944,-157808
y,1,0,945,-82669
y,1,0,946,-50912
y,1,0,947,-31743
y,1,0,948,8192
y,1,0,949,38503
y,1,0,950,59008
y,1,0,951,69525
y,1,0,952,69872
y,1,0,953,59867
y,1,0,954,39328
y,1,0,955,8073
y,1,0,956,-34080
y,1,0,957,-87313
y,1,0,958,-151808
y,1,0,959,-162211
y,1,0,960,-184240
y,1,0,961,-218077
y,1,0,962,-132832
y,1,0,963,-85359
y,1,0,964,-76864
y,1,0,965,-11785
y,1,0,966,44160
y,1,0,967,90789
y,1,0,968,127920
y,1,0,969,155371
y,1,0,970,172960
y,1,0,971,180505
y,1,0,972,177824
y,1,0,973,164735
y,1,0,974,141056
y,1,0,975,106605
y,1,0,976,61200
y,1,0,977,4659
y,1,0,978,-63200
y,1,0,979,-77023
y,1,0,980,-102528
y,1,0,981,-139897
y,1,0,982,-58240
y,1,0,983,-42059
y,1,0,984,-28048
y,1,0,985,-16389
y,1,0,986,-7264
y,1,0,987,-855
y,1,0,988,2656
y,1,0,989,3087
y,1,0,990,256
y,1,0,991,-6019
y,1,0,992,-15920
y,1,0,993,-29629
y,1,0,994,-47328
y,1,0,995,-69199
y,1,0,996,-95424
y,1,0,997,-126185
y,1,0,998,-96128
y,1,0,999,-70971
y,1,0,1000,-50896
y,1,0,1001,-36085
y,1,0,1002,13216
y,1,0,1003,58681
y,1,0,1004,71712
y,1,0,1005,82335
y,1,0,1006,90368
y,1,0,1007,95629
y,1,0,1008,97936
y,1,0,1009,97107
y,1,0,1010,92960
y,1,0,1011,85313
y,1,0,1012,73984
y,1,0,1013,58791
y,1,0,1014,39552
y,1,0,1015,16085
y,1,0,1016,-11792
y,1,0,1017,-44261
y,1,0,1018,-15968
y,1,0,1019,-20279
y,1,0,1020,-26400
y,1,0,1021,-977
y,1,0,1022,0
y,1,0,1023,0
y,2,0,0,18617
y,2,0,1,33536
y,2,0,2,44939
y,2,0,3,53008
y,2,0,4,57925
y,2,0,5,59872
y,2,0,6,59031
y,2,0,7,55584
y,2,0,8,49713
y,2,0,9,41600
y,2,0,10,31427
y,2,0,11,19376
y,2,0,12,5629
y,2,0,13,-9632
y,2,0,14,-26225
y,2,0,15,-43968
y,2,0,16,-62679
y,2,0,17,-82176
y,2,0,18,-102277
y,2,0,19,-103856
y,2,0,20,-85707
y,2,0,21,-71200
y,2,0,22,-60153
y,2,0,23,-52384
y,2,0,24,-47711
y,2,0,25,-45952
y,2,0,26,-46925
y,2,0,27,-50448
y,2,0,28,-56339
y,2,0,29,-36768
y,2,0,30,-22529
y,2,0,31,18560
y,2,0,32,51353
y,2,0,33,76032
y,2,0,34,92779
y,2,0,35,101776
y,2,0,36,103205
y,2,0,37,97248
y,2,0,38,103031
y,2,0,39,100000
y,2,0,40,110097
y,2,0,41,109952
y,2,0,42,99747
y,2,0,43,79664
y,2,0,44,49885
y,2,0,45,10592
y,2,0,46,-38033
y,2,0,47,-95808
y,2,0,48,-97015
y,2,0,49,-107008
y,2,0,50,-125605
y,2,0,51,-87088
y,2,0,52,-56811
y,2,0,53,-34592
y,2,0,54,-20249
y,2,0,55,-13600
y,2,0,56,-14463
y,2,0,57,-22656
y,2,0,58,-19053
y,2,0,59,-2448
y,2,0,60,3789
y,2,0,61,-160
y,2,0,62,-14113
y,2,0,63,-37888
y,2,0,64,-71303
y,2,0,65,-114176
y,2,0,66,-138677
y,2,0,67,-78064
y,2,0,68,-33019
y,2,0,69,-3360
y,2,0,70,11095
y,2,0,71,76064
y,2,0,72,126193
y,2,0,73,161664
y,2,0,74,182659
y,2,0,75,189360
y,2,0,76,181949
y,2,0,77,160608
y,2,0,78,144463
y,2,0,79,134720
y,2,0,80,108009
y,2,0,81,64512
y,2,0,82,4411
y,2,0,83,-72112
y,2,0,84,-164875
y,2,0,85,-208160
y,2,0,86,-267321
y,2,0,87,-211104
y,2,0,88,-170399
y,2,0,89,-145024
y,2,0,90,-69261
y,2,0,91,-8464
y,2,0,92,37549
y,2,0,93,68960
y,2,0,94,85951
y,2,0,95,88704
y,2,0,96,77401
y,2,0,97,71168
y,2,0,98,49451
y,2,0,99,34192
y,2,0,100,2021
y,2,0,101,-46880
y,2,0,102,-84681
y,2,0,103,-142176
y,2,0,104,-121647
y,2,0,105,-123776
y,2,0,106,-148381
y,2,0,107,-64208
y,2,0,108,-2147
y,2,0,109,37984
y,2,0,110,121903
y,2,0,111,184256
y,2,0,112,225225
y,2,0,113,244992
y,2,0,114,243739
y,2,0,115,221648
y,2,0,116,178901
y,2,0,117,134624
y,2,0,118,90023
y,2,0,119,21728
y,2,0,120,-70079
y,2,0,121,-119680
y,2,0,122,-192429
y,2,0,123,-288144
y,2,0,124,-275571
y,2,0,125,-285600
y,2,0,126,-186977
y,2,0,127,-110592
y,2,0,128,-56263
y,2,0,129,-23808
y,2,0,130,52491
y,2,0,131,107280
y,2,0,132,140741
y,2,0,133,153056
y,2,0,134,144407
y,2,0,135,114976
y,2,0,136,64945
y,2,0,137,13440
y,2,0,138,-38333
y,2,0,139,-86096
y,2,0,140,-95107
y,2,0,141,-98720
y,2,0,142,-132081
y,2,0,143,-195008
y,2,0,144,-156247
y,2,0,145,-146688
y,2,0,146,-35077
y,2,0,147,47696
y,2,0,148,101813
y,2,0,149,192992
y,2,0,150,255879
y,2,0,151,290656
y,2,0,152,297505
y,2,0,153,276608
y,2,0,154,228147
y,2,0,155,152304
y,2,0,156,68205
y,2,0,157,-44704
y,2,0,158,-98945
y,2,0,159,-183424
y,2,0,160,-232423
y,2,0,161,-245760
y,2,0,162,-288789
y,2,0,163,-230256
y,2,0,164,-201051
y,2,0,165,-200992
y,2,0,166,-98825
y,2,0,167,-25440
y,2,0,168,19345
y,2,0,169,101248
y,2,0,170,154915
y,2,0,171,180528
y,2,0,172,178269
y,2,0,173,148320
y,2,0,174,90863
y,2,0,175,6080
y,2,0,176,-59255
y,2,0,177,-37376
y,2,0,178,-52517
y,2,0,179,-104496
y,2,0,180,-127595
y,2,0,181,-121632
y,2,0,182,-151961
y,2,0,183,-87328
y,2,0,184,-58623
y,2,0,185,65408
y,2,0,186,153875
y,2,0,187,206960
y,2,0,188,224845
y,2,0,189,273248
y,2,0,190,286815
y,2,0,191,265728
y,2,0,192,210169
y,2,0,193,120320
y,2,0,194,-3637
y,2,0,195,-95984
y,2,0,196,-203131
y,2,0,197,-192800
y,2,0,198,-219433
y,2,0,199,-217312
y,2,0,200,-186255
y,2,0,201,-191616
y,2,0,202,-233213
y,2,0,203,-179792
y,2,0,204,-162243
y,2,0,205,-49312
y,2,0,206,28111
y,2,0,207,70208
y,2,0,208,142697
y,2,0,209,180224
y,2,0,210,182971
y,2,0,211,151120
y,2,0,212,112501
y,2,0,213,36320
y,2,0,214,20295
y,2,0,215,-36256
y,2,0,216,-114207
y,2,0,217,-81280
y,2,0,218,-91917
y,2,0,219,-80400
y,2,0,220,-46547
y,2,0,221,-55712
y,2,0,222,23359
y,2,0,223,59776
y,2,0,224,53721
y,2,0,225,136448
y,2,0,226,177067
y,2,0,227,175760
y,2,0,228,198245
y,2,0,229,179168
y,2,0,230,118711
y,2,0,231,82592
y,2,0,232,5457
y,2,0,233,-112512
y,2,0,234,-140061
y,2,0,235,-189136
y,2,0,236,-149219
y,2,0,237,-129440
y,2,0,238,-153169
y,2,0,239,-154688
y,2,0,240,-133815
y,2,0,241,-155904
y,2,0,242,-89701
y,2,0,243,-66096
y,2,0,244,-19371
y,2,0,245,50656
y,2,0,246,78631
y,2,0,247,64736
y,2,0,248,74689
y,2,0,249,70784
y,2,0,250,119763
y,2,0,251,120944
y,2,0,252,74509
y,2,0,253,-19360
y,2,0,254,-29409
y,2,0,255,-67584
y,2,0,256,-1607
y,2,0,257,14080
y,2,0,258,45195
y,2,0,259,91920
y,2,0,260,88901
y,2,0,261,36320
y,2,0,262,65431
y,2,0,263,45344
y,2,0,264,107313
y,2,0,265,120448
y,2,0,266,84931
y,2,0,267,944
y,2,0,268,-259
y,2,0,269,-49568
y,2,0,270,-15729
y,2,0,271,-29632
y,2,0,272,-91095
y,2,0,273,-68864
y,2,0,274,-93829
y,2,0,275,-146864
y,2,0,276,-95691
y,2,0,277,-94752
y,2,0,278,-78329
y,2,0,279,-46240
y,2,0,280,-63839
y,2,0,281,-65408
y,2,0,282,-50765
y,2,0,283,-85264
y,2,0,284,-37651
y,2,0,285,-11168
y,2,0,286,-36609
y,2,0,287,49280
y,2,0,288,80281
y,2,0,289,56576
y,2,0,290,109419
y,2,0,291,107920
y,2,0,292,52261
y,2,0,293,73696
y,2,0,294,60279
y,2,0,295,122528
y,2,0,296,151313
y,2,0,297,123264
y,2,0,298,104099
y,2,0,299,94000
y,2,0,300,27613
y,2,0,301,36192
y,2,0,302,-11153
y,2,0,303,-114240
y,2,0,304,-76279
y,2,0,305,-93696
y,2,0,306,-166309
y,2,0,307,-97328
y,2,0,308,-83179
y,2,0,309,7392
y,2,0,310,43495
y,2,0,311,25312
y,2,0,312,-46975
y,2,0,313,-42112
y,2,0,314,-72045
y,2,0,315,-4496
y,2,0,316,6093
y,2,0,317,-40096
y,2,0,318,-11809
y,2,0,319,-39936
y,2,0,320,-124295
y,2,0,321,-133632
y,2,0,322,-171189
y,2,0,323,-39152
y,2,0,324,30725
y,2,0,325,38624
y,2,0,326,-15273
y,2,0,327,65824
y,2,0,328,85489
y,2,0,329,174976
y,2,0,330,203395
y,2,0,331,170928
y,2,0,332,208829
y,2,0,333,186208
y,2,0,334,122191
y,2,0,335,149056
y,2,0,336,112361
y,2,0,337,77824
y,2,0,338,45627
y,2,0,339,-49584
y,2,0,340,-207627
y,2,0,341,-231712
y,2,0,342,-318265
y,2,0,343,-204960
y,2,0,344,-153759
y,2,0,345,-164480
y,2,0,346,-40333
y,2,0,347,22256
y,2,0,348,23469
y,2,0,349,94560
y,2,0,350,104639
y,2,0,351,53888
y,2,0,352,73561
y,2,0,353,51712
y,2,0,354,33323
y,2,0,355,40336
y,2,0,356,-16155
y,2,0,357,-70432
y,2,0,358,-94665
y,2,0,359,-185184
y,2,0,360,-113199
y,2,0,361,-110464
y,2,0,362,-176797
y,2,0,363,-49872
y,2,0,364,8349
y,2,0,365,-1952
y,2,0,366,116015
y,2,0,367,165824
y,2,0,368,278729
y,2,0,369,323840
y,2,0,370,301339
y,2,0,371,211408
y,2,0,372,185301
y,2,0,373,111072
y,2,0,374,120999
y,2,0,375,60640
y,2,0,376,-69823
y,2,0,377,-139136
y,2,0,378,-212653
y,2,0,379,-355728
y,2,0,380,-306035
y,2,0,381,-325536
y,2,0,382,-151905
y,2,0,383,-47104
y,2,0,384,-10951
y,2,0,385,-43264
y,2,0,386,52747
y,2,0,387,80656
y,2,0,388,171717
y,2,0,389,195040
y,2,0,390,150807
y,2,0,391,104736
y,2,0,392,57009
y,2,0,393,-38784
y,2,0,394,-50365
y,2,0,395,-104528
y,2,0,396,-100995
y,2,0,397,-73120
y,2,0,398,-121585
y,2,0,399,-246208
y,2,0,400,-184663
y,2,0,401,-198912
y,2,0,402,-26629
y,2,0,403,70224
y,2,0,404,91829
y,2,0,405,234976
y,2,0,406,303239
y,2,0,407,296800
y,2,0,408,346913
y,2,0,409,322688
y,2,0,410,224307
y,2,0,411,183024
y,2,0,412,86893
y,2,0,413,-84640
y,2,0,414,-113025
y,2,0,415,-218240
y,2,0,416,-269031
y,2,0,417,-265216
y,2,0,418,-337685
y,2,0,419,-224112
y,2,0,420,-186459
y,2,0,421,-224544
y,2,0,422,-76041
y,2,0,423,-2912
y,2,0,424,-4975
y,2,0,425,114560
y,2,0,426,159267
y,2,0,427,194864
y,2,0,428,221533
y,2,0,429,173920
y,2,0,430,52207
y,2,0,431,-12352
y,2,0,432,-104055
y,2,0,433,-24064
y,2,0,434,-27685
y,2,0,435,-114736
y,2,0,436,-153963
y,2,0,437,-145184
y,2,0,438,-219289
y,2,0,439,-113952
y,2,0,440,-91135
y,2,0,441,111488
y,2,0,442,231955
y,2,0,443,270448
y,2,0,444,227149
y,2,0,445,298848
y,2,0,446,289119
y,2,0,447,329216
y,2,0,448,288249
y,2,0,449,166400
y,2,0,450,-36149
y,2,0,451,-122608
y,2,0,452,-270459
y,2,0,453,-216352
y,2,0,454,-245801
y,2,0,455,-227552
y,2,0,456,-161423
y,2,0,457,-178304
y,2,0,458,-278013
y,2,0,459,-198224
y,2,0,460,-200899
y,2,0,461,-23712
y,2,0,462,71375
y,2,0,463,84544
y,2,0,464,147049
y,2,0,465,193536
y,2,0,466,158651
y,2,0,467,173648
y,2,0,468,135285
y,2,0,469,12768
y,2,0,470,34887
y,2,0,471,-30112
y,2,0,472,-163103
y,2,0,473,-100736
y,2,0,474,-128525
y,2,0,475,-115216
y,2,0,476,-60627
y,2,0,477,-95648
y,2,0,478,42047
y,2,0,479,90496
y,2,0,480,49881
y,2,0,481,182528
y,2,0,482,226475
y,2,0,483,181904
y,2,0,484,245605
y,2,0,485,221152
y,2,0,486,108727
y,2,0,487,105120
y,2,0,488,13905
y,2,0,489,-164736
y,2,0,490,-168477
y,2,0,491,-240336
y,2,0,492,-138723
y,2,0,493,-103840
y,2,0,494,-159057
y,2,0,495,-173120
y,2,0,496,-145847
y,2,0,497,-208128
y,2,0,498,-97637
y,2,0,499,-76336
y,2,0,500,-12971
y,2,0,501,92640
y,2,0,502,109607
y,2,0,503,38112
y,2,0,504,74945
y,2,0,505,51328
y,2,0,506,165075
y,2,0,507,184432
y,2,0,508,109581
y,2,0,509,-59296
y,2,0,510,-59873
y,2,0,511,-155416
y,2,0,512,-77064
y,2,0,513,-88198
y,2,0,514,-57928
y,2,0,515,13564
y,2,0,516,-4976
y,2,0,517,-113730
y,2,0,518,-50736
y,2,0,519,-78320
y,2,0,520,65480
y,2,0,521,118338
y,2,0,522,80072
y,2,0,523,-49500
y,2,0,524,-8416
y,2,0,525,-59002
y,2,0,526,60704
y,2,0,527,88376
y,2,0,528,23832
y,2,0,529,129034
y,2,0,530,120920
y,2,0,531,-1716
y,2,0,532,48432
y,2,0,533,9038
y,2,0,534,10992
y,2,0,535,54112
y,2,0,536,7144
y,2,0,537,978
y,2,0,538,35432
y,2,0,539,-20748
y,2,0,540,94400
y,2,0,541,90902
y,2,0,542,-448
y,2,0,543,50312
y,2,0,544,16184
y,2,0,545,-103014
y,2,0,546,-45320
y,2,0,547,-73060
y,2,0,548,-186416
y,2,0,549,-144162
y,2,0,550,-186096
y,2,0,551,-73808
y,2,0,552,-44280
y,2,0,553,-97694
y,2,0,554,-103160
y,2,0,555,-60860
y,2,0,556,-102048
y,2,0,557,35238
y,2,0,558,88672
y,2,0,559,58072
y,2,0,560,139864
y,2,0,561,137258
y,2,0,562,50072
y,2,0,563,74732
y,2,0,564,14448
y,2,0,565,131182
y,2,0,566,162608
y,2,0,567,108544
y,2,0,568,-31192
y,2,0,569,-15374
y,2,0,570,-107352
y,2,0,571,-19820
y,2,0,572,-15104
y,2,0,573,-93386
y,2,0,574,7296
y,2,0,575,24616
y,2,0,576,-41608
y,2,0,577,70586
y,2,0,578,71224
y,2,0,579,155708
y,2,0,580,162576
y,2,0,581,91646
y,2,0,582,-57264
y,2,0,583,-87728
y,2,0,584,-196536
y,2,0,585,-121726
y,2,0,586,-125624
y,2,0,587,-208412
y,2,0,588,-108128
y,2,0,589,-107834
y,2,0,590,-208736
y,2,0,591,-123528
y,2,0,592,-114536
y,2,0,593,-50870
y,2,0,594,67288
y,2,0,595,108684
y,2,0,596,73136
y,2,0,597,157070
y,2,0,598,163696
y,2,0,599,223904
y,2,0,600,206440
y,2,0,601,111122
y,2,0,602,134376
y,2,0,603,79412
y,2,0,604,-53952
y,2,0,605,-3754
y,2,0,606,-32320
y,2,0,607,-139832
y,2,0,608,-85064
y,2,0,609,-107814
y,2,0,610,-100744
y,2,0,611,-38692
y,2,0,612,-52912
y,2,0,613,-12514
y,2,0,614,54672
y,2,0,615,48368
y,2,0,616,133000
y,2,0,617,147106
y,2,0,618,90504
y,2,0,619,94084
y,2,0,620,26592
y,2,0,621,-112154
y,2,0,622,-125728
y,2,0,623,-210920
y,2,0,624,-105768
y,2,0,625,-72598
y,2,0,626,-111592
y,2,0,627,-222932
y,2,0,628,-165392
y,2,0,629,-202322
y,2,0,630,-46416
y,2,0,631,40000
y,2,0,632,56744
y,2,0,633,69170
y,2,0,634,142632
y,2,0,635,145876
y,2,0,636,209792
y,2,0,637,203126
y,2,0,638,256768
y,2,0,639,239464
y,2,0,640,151032
y,2,0,641,-8710
y,2,0,642,-43336
y,2,0,643,-149636
y,2,0,644,-65648
y,2,0,645,-53698
y,2,0,646,-113968
y,2,0,647,-115568
y,2,0,648,-79416
y,2,0,649,-137790
y,2,0,650,-3384
y,2,0,651,33828
y,2,0,652,70176
y,2,0,653,139014
y,2,0,654,144416
y,2,0,655,86200
y,2,0,656,95256
y,2,0,657,40330
y,2,0,658,52312
y,2,0,659,-52
y,2,0,660,-116944
y,2,0,661,-101938
y,2,0,662,-151824
y,2,0,663,-266784
y,2,0,664,-184856
y,2,0,665,-168366
y,2,0,666,-217496
y,2,0,667,-91020
y,2,0,668,-28736
y,2,0,669,-54378
y,2,0,670,53824
y,2,0,671,99080
y,2,0,672,146744
y,2,0,673,196634
y,2,0,674,183032
y,2,0,675,236828
y,2,0,676,226768
y,2,0,677,152670
y,2,0,678,145424
y,2,0,679,73776
y,2,0,680,-62456
y,2,0,681,-66846
y,2,0,682,-136184
y,2,0,683,-139580
y,2,0,684,-77216
y,2,0,685,-80346
y,2,0,686,-149152
y,2,0,687,-42408
y,2,0,688,-51112
y,2,0,689,45482
y,2,0,690,85912
y,2,0,691,69996
y,2,0,692,63088
y,2,0,693,65006
y,2,0,694,10032
y,2,0,695,29056
y,2,0,696,-9176
y,2,0,697,26226
y,2,0,698,4008
y,2,0,699,-76012
y,2,0,700,-214016
y,2,0,701,-213578
y,2,0,702,-271488
y,2,0,703,-125784
y,2,0,704,-38792
y,2,0,705,-10694
y,2,0,706,-41672
y,2,0,707,43964
y,2,0,708,48400
y,2,0,709,127870
y,2,0,710,151120
y,2,0,711,183504
y,2,0,712,224840
y,2,0,713,209410
y,2,0,714,137032
y,2,0,715,138596
y,2,0,716,82848
y,2,0,717,100678
y,2,0,718,60832
y,2,0,719,-36872
y,2,0,720,-127080
y,2,0,721,-144438
y,2,0,722,-220200
y,2,0,723,-92404
y,2,0,724,-51024
y,2,0,725,-65266
y,2,0,726,29296
y,2,0,727,50464
y,2,0,728,-2968
y,2,0,729,25234
y,2,0,730,3816
y,2,0,731,-1868
y,2,0,732,8000
y,2,0,733,-32298
y,2,0,734,8128
y,2,0,735,-1976
y,2,0,736,-62792
y,2,0,737,-43430
y,2,0,738,-75144
y,2,0,739,-158116
y,2,0,740,-95920
y,2,0,741,-85346
y,2,0,742,-126576
y,2,0,743,-23184
y,2,0,744,28040
y,2,0,745,26914
y,2,0,746,83592
y,2,0,747,89348
y,2,0,748,151520
y,2,0,749,164198
y,2,0,750,127200
y,2,0,751,105880
y,2,0,752,100056
y,2,0,753,44010
y,2,0,754,68632
y,2,0,755,42668
y,2,0,756,31472
y,2,0,757,34862
y,2,0,758,-12880
y,2,0,759,-111936
y,2,0,760,-65880
y,2,0,761,-99150
y,2,0,762,-16344
y,2,0,763,21076
y,2,0,764,12928
y,2,0,765,-40970
y,2,0,766,-30464
y,2,0,767,-87832
y,2,0,768,-56840
y,2,0,769,-68742
y,2,0,770,-58184
y,2,0,771,-25348
y,2,0,772,-35952
y,2,0,773,-90178
y,2,0,774,-57136
y,2,0,775,-68080
y,2,0,776,7880
y,2,0,777,39490
y,2,0,778,26568
y,2,0,779,-31068
y,2,0,780,-2528
y,2,0,781,-19066
y,2,0,782,50208
y,2,0,783,74040
y,2,0,784,52248
y,2,0,785,115722
y,2,0,786,112472
y,2,0,787,41292
y,2,0,788,58416
y,2,0,789,32590
y,2,0,790,29168
y,2,0,791,47968
y,2,0,792,23272
y,2,0,793,20434
y,2,0,794,39272
y,2,0,795,14068
y,2,0,796,75712
y,2,0,797,65302
y,2,0,798,13632
y,2,0,799,19592
y,2,0,800,-12744
y,2,0,801,-83558
y,2,0,802,-61960
y,2,0,803,-79204
y,2,0,804,-135472
y,2,0,805,-120610
y,2,0,806,-143344
y,2,0,807,-96336
y,2,0,808,-85496
y,2,0,809,-111006
y,2,0,810,-107512
y,2,0,811,-75196
y,2,0,812,-79776
y,2,0,813,9638
y,2,0,814,61792
y,2,0,815,76504
y,2,0,816,119128
y,2,0,817,123946
y,2,0,818,90776
y,2,0,819,84972
y,2,0,820,40816
y,2,0,821,89198
y,2,0,822,98864
y,2,0,823,69632
y,2,0,824,1320
y,2,0,825,4082
y,2,0,826,-54360
y,2,0,827,-17772
y,2,0,828,-17408
y,2,0,829,-53450
y,2,0,830,4992
y,2,0,831,26664
y,2,0,832,11384
y,2,0,833,90042
y,2,0,834,103736
y,2,0,835,116796
y,2,0,836,98832
y,2,0,837,49662
y,2,0,838,-30896
y,2,0,839,-77488
y,2,0,840,-155832
y,2,0,841,-135038
y,2,0,842,-146360
y,2,0,843,-189980
y,2,0,844,-135008
y,2,0,845,-133434
y,2,0,846,-186464
y,2,0,847,-137864
y,2,0,848,-118888
y,2,0,849,-64182
y,2,0,850,26072
y,2,0,851,86156
y,2,0,852,115888
y,2,0,853,180622
y,2,0,854,214640
y,2,0,855,217760
y,2,0,856,189800
y,2,0,857,130578
y,2,0,858,105448
y,2,0,859,48692
y,2,0,860,-39872
y,2,0,861,-29354
y,2,0,862,-51008
y,2,0,863,-105016
y,2,0,864,-81224
y,2,0,865,-88358
y,2,0,866,-84616
y,2,0,867,-44836
y,2,0,868,-34736
y,2,0,869,11038
y,2,0,870,64656
y,2,0,871,91376
y,2,0,872,124552
y,2,0,873,133794
y,2,0,874,118920
y,2,0,875,79748
y,2,0,876,16096
y,2,0,877,-72218
y,2,0,878,-119840
y,2,0,879,-192488
y,2,0,880,-159272
y,2,0,881,-151446
y,2,0,882,-169192
y,2,0,883,-212692
y,2,0,884,-171792
y,2,0,885,-178770
y,2,0,886,-77392
y,2,0,887,1088
y,2,0,888,56488
y,2,0,889,88626
y,2,0,890,162856
y,2,0,891,213460
y,2,0,892,240256
y,2,0,893,243062
y,2,0,894,221696
y,2,0,895,175976
y,2,0,896,105720
y,2,0,897,10746
y,2,0,898,-43592
y,2,0,899,-123012
y,2,0,900,-96624
y,2,0,901,-95682
y,2,0,902,-120368
y,2,0,903,-105328
y,2,0,904,-71480
y,2,0,905,-85566
y,2,0,906,8648
y,2,0,907,52260
y,2,0,908,76064
y,2,0,909,113414
y,2,0,910,133920
y,2,0,911,137400
y,2,0,912,123672
y,2,0,913,92554
y,2,0,914,43864
y,2,0,915,-22580
y,2,0,916,-106960
y,2,0,917,-143922
y,2,0,918,-199184
y,2,0,919,-272928
y,2,0,920,-234264
y,2,0,921,-214446
y,2,0,922,-213656
y,2,0,923,-121740
y,2,0,924,-47424
y,2,0,925,-14442
y,2,0,926,67904
y,2,0,927,133896
y,2,0,928,183352
y,2,0,929,216090
y,2,0,930,231928
y,2,0,931,230684
y,2,0,932,212176
y,2,0,933,176222
y,2,0,934,122640
y,2,0,935,51248
y,2,0,936,-38136
y,2,0,937,-80158
y,2,0,938,-140536
y,2,0,939,-153916
y,2,0,940,-120480
y,2,0,941,-105946
y,2,0,942,-110496
y,2,0,943,-23976
y,2,0,944,-6312
y,2,0,945,32170
y,2,0,946,61080
y,2,0,947,80236
y,2,0,948,89456
y,2,0,949,88558
y,2,0,950,77360
y,2,0,951,55680
y,2,0,952,23336
y,2,0,953,-19854
y,2,0,954,-74072
y,2,0,955,-139500
y,2,0,956,-216320
y,2,0,957,-239178
y,2,0,958,-273792
y,2,0,959,-189272
y,2,0,960,-116872
y,2,0,961,-56774
y,2,0,962,-9160
y,2,0,963,70588
y,2,0,964,115728
y,2,0,965,151422
y,2,0,966,177488
y,2,0,967,193744
y,2,0,968,200008
y,2,0,969,196098
y,2,0,970,181832
y,2,0,971,157028
y,2,0,972,121504
y,2,0,973,75078
y,2,0,974,17568
y,2,0,975,-51208
y,2,0,976,-131432
y,2,0,977,-157750
y,2,0,978,-195880
y,2,0,979,-114932
y,2,0,980,-73808
y,2,0,981,-41714
y,2,0,982,14704
y,2,0,983,44320
y,2,0,984,45928
y,2,0,985,44690
y,2,0,986,40424
y,2,0,987,32948
y,2,0,988,22080
y,2,0,989,7638
y,2,0,990,-10560
y,2,0,991,-32696
y,2,0,992,-58952
y,2,0,993,-89510
y,2,0,994,-124552
y,2,0,995,-164260
y,2,0,996,-143280
y,2,0,997,-127330
y,2,0,998,-116592
y,2,0,999,-45712
y,2,0,1000,19592
y,2,0,1001,79138
y,2,0,1002,112008
y,2,0,1003,140548
y,2,0,1004,141024
y,2,0,1005,138598
y,2,0,1006,133088
y,2,0,1007,124312
y,2,0,1008,112088
y,2,0,1009,96234
y,2,0,1010,76568
y,2,0,1011,52908
y,2,0,1012,25072
y,2,0,1013,-7122
y,2,0,1014,-43856
y,2,0,1015,-85312
y,2,0,1016,-66136
y,2,0,1017,-79694
y,2,0,1018,-61656
y,2,0,1019,-42412
y,2,0,1020,-22144
y,2,0,1021,-1034
y,2,0,1022,0
y,2,0,1023,0
y,3,0,0,14190
y,3,0,1,25176
y,3,0,2,33140
y,3,0,3,38264
y,3,0,4,40730
y,3,0,5,40720
y,3,0,6,38416
y,3,0,7,34000
y,3,0,8,27654
y,3,0,9,19560
y,3,0,10,9900
y,3,0,11,-1144
y,3,0,12,-13390
y,3,0,13,-26656
y,3,0,14,-40760
y,3,0,15,-55520
y,3,0,16,-70754
y,3,0,17,-86280
y,3,0,18,-101916
y,3,0,19,-103400
y,3,0,20,-89526
y,3,0,21,-78800
y,3,0,22,-71040
y,3,0,23,-66064
y,3,0,24,-63690
y,3,0,25,-63736
y,3,0,26,-66020
y,3,0,27,-42712
y,3,0,28,7394
y,3,0,29,49152
y,3,0,30,82744
y,3,0,31,108352
y,3,0,32,126158
y,3,0,33,136344
y,3,0,34,139092
y,3,0,35,134584
y,3,0,36,123002
y,3,0,37,104528
y,3,0,38,93424
y,3,0,39,74000
y,3,0,40,63334
y,3,0,41,42920
y,3,0,42,12940
y,3,0,43,-26424
y,3,0,44,-74990
y,3,0,45,-132576
y,3,0,46,-133464
y,3,0,47,-143008
y,3,0,48,-95490
y,3,0,49,-56264
y,3,0,50,-25148
y,3,0,51,-1960
y,3,0,52,13482
y,3,0,53,21360
y,3,0,54,21856
y,3,0,55,15152
y,3,0,56,1430
y,3,0,57,-19128
y,3,0,58,-32260
y,3,0,59,-36760
y,3,0,60,-51134
y,3,0,61,-75200
y,3,0,62,-108776
y,3,0,63,-124032
y,3,0,64,-151762
y,3,0,65,-94248
y,3,0,66,-52172
y,3,0,67,-25352
y,3,0,68,51930
y,3,0,69,114320
y,3,0,70,162000
y,3,0,71,195152
y,3,0,72,213958
y,3,0,73,218600
y,3,0,74,209260
y,3,0,75,186120
y,3,0,76,149362
y,3,0,77,99168
y,3,0,78,49800
y,3,0,79,2464
y,3,0,80,-61346
y,3,0,81,-141448
y,3,0,82,-172124
y,3,0,83,-218728
y,3,0,84,-281078
y,3,0,85,-227920
y,3,0,86,-190144
y,3,0,87,-102032
y,3,0,88,-28938
y,3,0,89,29320
y,3,0,90,72924
y,3,0,91,102056
y,3,0,92,116898
y,3,0,93,117632
y,3,0,94,104440
y,3,0,95,77504
y,3,0,96,37006
y,3,0,97,-2792
y,3,0,98,-57580
y,3,0,99,-110280
y,3,0,100,-151750
y,3,0,101,-115248
y,3,0,102,-101456
y,3,0,103,-110192
y,3,0,104,-141274
y,3,0,105,-63448
y,3,0,106,-7604
y,3,0,107,91976
y,3,0,108,169938
y,3,0,109,226464
y,3,0,110,261736
y,3,0,111,275936
y,3,0,112,269246
y,3,0,113,241848
y,3,0,114,193924
y,3,0,115,125656
y,3,0,116,37226
y,3,0,117,-57104
y,3,0,118,-156128
y,3,0,119,-212816
y,3,0,120,-292522
y,3,0,121,-263992
y,3,0,122,-258116
y,3,0,123,-274712
y,3,0,124,-182526
y,3,0,125,-112448
y,3,0,126,-64296
y,3,0,127,27648
y,3,0,128,98030
y,3,0,129,147032
y,3,0,130,174836
y,3,0,131,181624
y,3,0,132,167578
y,3,0,133,132880
y,3,0,134,77712
y,3,0,135,2256
y,3,0,136,-65658
y,3,0,137,-142744
y,3,0,138,-130260
y,3,0,139,-147576
y,3,0,140,-194510
y,3,0,141,-139808
y,3,0,142,-114360
y,3,0,143,-117984
y,3,0,144,-19426
y,3,0,145,50424
y,3,0,146,157284
y,3,0,147,235800
y,3,0,148,286154
y,3,0,149,308528
y,3,0,150,303104
y,3,0,151,270064
y,3,0,152,209590
y,3,0,153,121864
y,3,0,154,7068
y,3,0,155,-69080
y,3,0,156,-157854
y,3,0,157,-274944
y,3,0,158,-272200
y,3,0,159,-299200
y,3,0,160,-224690
y,3,0,161,-179560
y,3,0,162,-163628
y,3,0,163,-176712
y,3,0,164,-87558
y,3,0,165,-27056
y,3,0,166,70512
y,3,0,167,139792
y,3,0,168,180966
y,3,0,169,194216
y,3,0,170,179724
y,3,0,171,137672
y,3,0,172,68242
y,3,0,173,-736
y,3,0,174,-2520
y,3,0,175,-37792
y,3,0,176,-92290
y,3,0,177,-164808
y,3,0,178,-142780
y,3,0,179,-157096
y,3,0,180,-76502
y,3,0,181,-31888
y,3,0,182,-23072
y,3,0,183,81200
y,3,0,184,150038
y,3,0,185,183624
y,3,0,186,247676
y,3,0,187,276840
y,3,0,188,271298
y,3,0,189,231232
y,3,0,190,156824
y,3,0,191,48256
y,3,0,192,-28754
y,3,0,193,-139560
y,3,0,194,-152908
y,3,0,195,-199688
y,3,0,196,-265638
y,3,0,197,-218480
y,3,0,198,-207792
y,3,0,199,-233392
y,3,0,200,-164026
y,3,0,201,-130584
y,3,0,202,-132884
y,3,0,203,-39672
y,3,0,204,18162
y,3,0,205,106336
y,3,0,206,159496
y,3,0,207,177824
y,3,0,208,161502
y,3,0,209,138360
y,3,0,210,77604
y,3,0,211,76952
y,3,0,212,35722
y,3,0,213,-45904
y,3,0,214,-36672
y,3,0,215,-67472
y,3,0,216,-124042
y,3,0,217,-74104
y,3,0,218,-67236
y,3,0,219,27816
y,3,0,220,80162
y,3,0,221,89984
y,3,0,222,57464
y,3,0,223,113856
y,3,0,224,128270
y,3,0,225,166424
y,3,0,226,162964
y,3,0,227,118072
y,3,0,228,97466
y,3,0,229,35792
y,3,0,230,-66768
y,3,0,231,-78960
y,3,0,232,-131674
y,3,0,233,-93656
y,3,0,234,-95796
y,3,0,235,-123832
y,3,0,236,-193454
y,3,0,237,-156512
y,3,0,238,-162584
y,3,0,239,-80416
y,3,0,240,-40898
y,3,0,241,-43848
y,3,0,242,-23548
y,3,0,243,20184
y,3,0,244,21994
y,3,0,245,47600
y,3,0,246,59296
y,3,0,247,91824
y,3,0,248,111830
y,3,0,249,84168
y,3,0,250,9020
y,3,0,251,17640
y,3,0,252,-20862
y,3,0,253,24768
y,3,0,254,23640
y,3,0,255,-9984
y,3,0,256,56174
y,3,0,257,72536
y,3,0,258,39284
y,3,0,259,87672
y,3,0,260,86810
y,3,0,261,36880
y,3,0,262,69136
y,3,0,263,52688
y,3,0,264,-12282
y,3,0,265,5480
y,3,0,266,-24916
y,3,0,267,-37752
y,3,0,268,-32846
y,3,0,269,-75552
y,3,0,270,-34616
y,3,0,271,-40928
y,3,0,272,-94306
y,3,0,273,-63496
y,3,0,274,-79388
y,3,0,275,-127720
y,3,0,276,-76214
y,3,0,277,-74448
y,3,0,278,-56704
y,3,0,279,-22800
y,3,0,280,-38090
y,3,0,281,-102392
y,3,0,282,-84452
y,3,0,283,-87512
y,3,0,284,20706
y,3,0,285,73984
y,3,0,286,72504
y,3,0,287,81984
y,3,0,288,102606
y,3,0,289,69016
y,3,0,290,112468
y,3,0,291,102072
y,3,0,292,169082
y,3,0,293,182608
y,3,0,294,156912
y,3,0,295,76304
y,3,0,296,88934
y,3,0,297,45224
y,3,0,298,76428
y,3,0,299,51656
y,3,0,300,-28910
y,3,0,301,-165088
y,3,0,302,-160088
y,3,0,303,-210336
y,3,0,304,-119042
y,3,0,305,-82632
y,3,0,306,-35388
y,3,0,307,22872
y,3,0,308,26794
y,3,0,309,-23440
y,3,0,310,3424
y,3,0,311,-23504
y,3,0,312,27030
y,3,0,313,24136
y,3,0,314,-17924
y,3,0,315,-32408
y,3,0,316,-37822
y,3,0,317,-99520
y,3,0,318,-86248
y,3,0,319,-101248
y,3,0,320,-175314
y,3,0,321,-79656
y,3,0,322,-46028
y,3,0,323,-74248
y,3,0,324,32474
y,3,0,325,77712
y,3,0,326,127184
y,3,0,327,181072
y,3,0,328,174022
y,3,0,329,237288
y,3,0,330,239980
y,3,0,331,182280
y,3,0,332,195442
y,3,0,333,148576
y,3,0,334,55944
y,3,0,335,49824
y,3,0,336,-19362
y,3,0,337,-151432
y,3,0,338,-149596
y,3,0,339,-210280
y,3,0,340,-333302
y,3,0,341,-256336
y,3,0,342,-241344
y,3,0,343,-91536
y,3,0,344,-3338
y,3,0,345,23432
y,3,0,346,54492
y,3,0,347,90024
y,3,0,348,64674
y,3,0,349,109696
y,3,0,350,94200
y,3,0,351,83904
y,3,0,352,78990
y,3,0,353,28184
y,3,0,354,-84204
y,3,0,355,-110024
y,3,0,356,-171206
y,3,0,357,-69936
y,3,0,358,-37968
y,3,0,359,-75120
y,3,0,360,-181210
y,3,0,361,-93912
y,3,0,362,-75188
y,3,0,363,71752
y,3,0,364,150482
y,3,0,365,226720
y,3,0,366,300648
y,3,0,367,306912
y,3,0,368,245694
y,3,0,369,248248
y,3,0,370,183684
y,3,0,371,183256
y,3,0,372,116074
y,3,0,373,-3600
y,3,0,374,-174560
y,3,0,375,-218704
y,3,0,376,-332458
y,3,0,377,-253496
y,3,0,378,-243780
y,3,0,379,-303128
y,3,0,380,-169214
y,3,0,381,-104000
y,3,0,382,-107304
y,3,0,383,17664
y,3,0,384,74478
y,3,0,385,128856
y,3,0,386,180980
y,3,0,387,165496
y,3,0,388,148122
y,3,0,389,129040
y,3,0,390,42896
y,3,0,391,20944
y,3,0,392,-40058
y,3,0,393,-156824
y,3,0,394,-99540
y,3,0,395,-118648
y,3,0,396,-213966
y,3,0,397,-123168
y,3,0,398,-108216
y,3,0,399,-168928
y,3,0,400,-42978
y,3,0,401,7672
y,3,0,402,179812
y,3,0,403,277016
y,3,0,404,299466
y,3,0,405,312880
y,3,0,406,317440
y,3,0,407,247792
y,3,0,408,235190
y,3,0,409,148744
y,3,0,410,-11364
y,3,0,411,-48344
y,3,0,412,-144542
y,3,0,413,-315648
y,3,0,414,-282440
y,3,0,415,-325568
y,3,0,416,-182706
y,3,0,417,-115816
y,3,0,418,-124716
y,3,0,419,-209224
y,3,0,420,-107014
y,3,0,421,-80048
y,3,0,422,68464
y,3,0,423,142096
y,3,0,424,141030
y,3,0,425,196520
y,3,0,426,177676
y,3,0,427,84680
y,3,0,428,48786
y,3,0,429,-33248
y,3,0,430,36392
y,3,0,431,25952
y,3,0,432,-50306
y,3,0,433,-191176
y,3,0,434,-153020
y,3,0,435,-197800
y,3,0,436,-63190
y,3,0,437,-11152
y,3,0,438,-41504
y,3,0,439,108080
y,3,0,440,175638
y,3,0,441,161352
y,3,0,442,262012
y,3,0,443,281192
y,3,0,444,284610
y,3,0,445,272448
y,3,0,446,179352
y,3,0,447,5504
y,3,0,448,-52306
y,3,0,449,-190504
y,3,0,450,-146764
y,3,0,451,-183048
y,3,0,452,-285094
y,3,0,453,-189552
y,3,0,454,-177072
y,3,0,455,-247472
y,3,0,456,-138426
y,3,0,457,-111896
y,3,0,458,-167700
y,3,0,459,-43512
y,3,0,460,-1294
y,3,0,461,90208
y,3,0,462,165640
y,3,0,463,159648
y,3,0,464,137950
y,3,0,465,128376
y,3,0,466,34596
y,3,0,467,85400
y,3,0,468,49034
y,3,0,469,-74320
y,3,0,470,-22336
y,3,0,471,-56976
y,3,0,472,-163978
y,3,0,473,-79992
y,3,0,474,-85668
y,3,0,475,81320
y,3,0,476,159010
y,3,0,477,147584
y,3,0,478,47224
y,3,0,479,120256
y,3,0,480,104718
y,3,0,481,197400
y,3,0,482,201876
y,3,0,483,118328
y,3,0,484,78010
y,3,0,485,15568
y,3,0,486,-134352
y,3,0,487,-109424
y,3,0,488,-171610
y,3,0,489,-58584
y,3,0,490,-32308
y,3,0,491,-78520
y,3,0,492,-212910
y,3,0,493,-156256
y,3,0,494,-189208
y,3,0,495,-49440
y,3,0,496,1086
y,3,0,497,-37448
y,3,0,498,-33788
y,3,0,499,12248
y,3,0,500,-30230
y,3,0,501,35568
y,3,0,502,40864
y,3,0,503,85936
y,3,0,504,137430
y,3,0,505,94664
y,3,0,506,-42180
y,3,0,507,-10776
y,3,0,508,-73086
y,3,0,509,33216
y,3,0,510,46168
y,3,0,511,-35789
y,3,0,512,55712
y,3,0,513,57233
y,3,0,514,-31408
y,3,0,515,51751
y,3,0,516,44384
y,3,0,517,-53691
y,3,0,518,19488
y,3,0,519,1595
y,3,0,520,-107552
y,3,0,521,-45991
y,3,0,522,-76048
y,3,0,523,-66833
y,3,0,524,-18528
y,3,0,525,-62387
y,3,0,526,63552
y,3,0,527,96963
y,3,0,528,37664
y,3,0,529,147617
y,3,0,530,148624
y,3,0,531,39479
y,3,0,532,102624
y,3,0,533,75733
y,3,0,534,89696
y,3,0,535,144331
y,3,0,536,108384
y,3,0,537,-18327
y,3,0,538,26160
y,3,0,539,-48129
y,3,0,540,19744
y,3,0,541,2781
y,3,0,542,-99200
y,3,0,543,-155309
y,3,0,544,-165728
y,3,0,545,-261711
y,3,0,546,-181296
y,3,0,547,-186809
y,3,0,548,-16288
y,3,0,549,52069
y,3,0,550,35744
y,3,0,551,-84133
y,3,0,552,-25120
y,3,0,553,-49543
y,3,0,554,104560
y,3,0,555,174863
y,3,0,556,161184
y,3,0,557,63341
y,3,0,558,77760
y,3,0,559,7651
y,3,0,560,49440
y,3,0,561,6337
y,3,0,562,9232
y,3,0,563,57943
y,3,0,564,21216
y,3,0,565,-101131
y,3,0,566,-47136
y,3,0,567,-79125
y,3,0,568,64864
y,3,0,569,106633
y,3,0,570,44976
y,3,0,571,31263
y,3,0,572,65312
y,3,0,573,15869
y,3,0,574,144896
y,3,0,575,162419
y,3,0,576,99232
y,3,0,577,119761
y,3,0,578,62544
y,3,0,579,-72601
y,3,0,580,-89248
y,3,0,581,-184187
y,3,0,582,-226528
y,3,0,583,-216453
y,3,0,584,-285216
y,3,0,585,-170855
y,3,0,586,-135696
y,3,0,587,-179921
y,3,0,588,-41568
y,3,0,589,1165
y,3,0,590,-52928
y,3,0,591,78595
y,3,0,592,133408
y,3,0,593,111329
y,3,0,594,208784
y,3,0,595,228983
y,3,0,596,171744
y,3,0,597,167957
y,3,0,598,86368
y,3,0,599,123403
y,3,0,600,82272
y,3,0,601,-37207
y,3,0,602,-104144
y,3,0,603,-118721
y,3,0,604,-212192
y,3,0,605,-122595
y,3,0,606,-112256
y,3,0,607,-50285
y,3,0,608,47264
y,3,0,609,66801
y,3,0,610,-10544
y,3,0,611,97671
y,3,0,612,101472
y,3,0,613,196261
y,3,0,614,220576
y,3,0,615,174235
y,3,0,616,57056
y,3,0,617,-71
y,3,0,618,-128400
y,3,0,619,-131505
y,3,0,620,-206176
y,3,0,621,-221523
y,3,0,622,-177728
y,3,0,623,-206045
y,3,0,624,-306656
y,3,0,625,-217599
y,3,0,626,-201200
y,3,0,627,4503
y,3,0,628,121312
y,3,0,629,148021
y,3,0,630,104928
y,3,0,631,188459
y,3,0,632,201824
y,3,0,633,275913
y,3,0,634,279472
y,3,0,635,212319
y,3,0,636,205344
y,3,0,637,127293
y,3,0,638,-22016
y,3,0,639,-46157
y,3,0,640,-141920
y,3,0,641,-178415
y,3,0,642,-155824
y,3,0,643,-205401
y,3,0,644,-196256
y,3,0,645,-128571
y,3,0,646,-133600
y,3,0,647,50619
y,3,0,648,118240
y,3,0,649,99033
y,3,0,650,177904
y,3,0,651,193391
y,3,0,652,145312
y,3,0,653,164557
y,3,0,654,119872
y,3,0,655,11075
y,3,0,656,-30944
y,3,0,657,-137439
y,3,0,658,-111984
y,3,0,659,-151369
y,3,0,660,-255776
y,3,0,661,-294315
y,3,0,662,-267168
y,3,0,663,-305589
y,3,0,664,-147616
y,3,0,665,-55575
y,3,0,666,-29648
y,3,0,667,110719
y,3,0,668,186400
y,3,0,669,178525
y,3,0,670,238464
y,3,0,671,234963
y,3,0,672,298912
y,3,0,673,299057
y,3,0,674,235216
y,3,0,675,107207
y,3,0,676,45920
y,3,0,677,-79899
y,3,0,678,-73824
y,3,0,679,-132645
y,3,0,680,-256544
y,3,0,681,-183559
y,3,0,682,-176016
y,3,0,683,-234097
y,3,0,684,-95840
y,3,0,685,-51219
y,3,0,686,95168
y,3,0,687,165987
y,3,0,688,160032
y,3,0,689,97601
y,3,0,690,109584
y,3,0,691,64727
y,3,0,692,93920
y,3,0,693,65909
y,3,0,694,-19488
y,3,0,695,-31381
y,3,0,696,-101024
y,3,0,697,-228599
y,3,0,698,-217680
y,3,0,699,-265057
y,3,0,700,-239840
y,3,0,701,-142211
y,3,0,702,-103424
y,3,0,703,-123661
y,3,0,704,-6496
y,3,0,705,51281
y,3,0,706,180560
y,3,0,707,234215
y,3,0,708,211040
y,3,0,709,262405
y,3,0,710,257056
y,3,0,711,194811
y,3,0,712,206560
y,3,0,713,161049
y,3,0,714,58096
y,3,0,715,28591
y,3,0,716,-58720
y,3,0,717,-138483
y,3,0,718,-145344
y,3,0,719,-210557
y,3,0,720,-203232
y,3,0,721,-151199
y,3,0,722,-154736
y,3,0,723,-49417
y,3,0,724,3296
y,3,0,725,3221
y,3,0,726,81248
y,3,0,727,90251
y,3,0,728,29024
y,3,0,729,48937
y,3,0,730,18736
y,3,0,731,69311
y,3,0,732,69408
y,3,0,733,18845
y,3,0,734,-82560
y,3,0,735,-103917
y,3,0,736,-176480
y,3,0,737,-103823
y,3,0,738,-82736
y,3,0,739,-113401
y,3,0,740,-130464
y,3,0,741,-68571
y,3,0,742,-58976
y,3,0,743,29211
y,3,0,744,64736
y,3,0,745,178489
y,3,0,746,223344
y,3,0,747,216783
y,3,0,748,139936
y,3,0,749,144173
y,3,0,750,98240
y,3,0,751,133027
y,3,0,752,117280
y,3,0,753,50817
y,3,0,754,-1008
y,3,0,755,-38377
y,3,0,756,-127008
y,3,0,757,-70475
y,3,0,758,-93216
y,3,0,759,-98901
y,3,0,760,-54176
y,3,0,761,-54967
y,3,0,762,-101456
y,3,0,763,-62753
y,3,0,764,-70112
y,3,0,765,7357
y,3,0,766,22528
y,3,0,767,-25805
y,3,0,768,13728
y,3,0,769,9873
y,3,0,770,-37552
y,3,0,771,2343
y,3,0,772,-1696
y,3,0,773,-49851
y,3,0,774,-11232
y,3,0,775,-17093
y,3,0,776,-67616
y,3,0,777,-31911
y,3,0,778,-41232
y,3,0,779,-30225
y,3,0,780,928
y,3,0,781,-13491
y,3,0,782,57408
y,3,0,783,82371
y,3,0,784,61216
y,3,0,785,124833
y,3,0,786,126096
y,3,0,787,63799
y,3,0,788,89312
y,3,0,789,71381
y,3,0,790,75360
y,3,0,791,101067
y,3,0,792,82784
y,3,0,793,20329
y,3,0,794,44592
y,3,0,795,-3329
y,3,0,796,6432
y,3,0,797,-22051
y,3,0,798,-88960
y,3,0,799,-128941
y,3,0,800,-142176
y,3,0,801,-194383
y,3,0,802,-154672
y,3,0,803,-154297
y,3,0,804,-62368
y,3,0,805,-26011
y,3,0,806,-27744
y,3,0,807,-86437
y,3,0,808,-50720
y,3,0,809,-51847
y,3,0,810,41072
y,3,0,811,96783
y,3,0,812,115104
y,3,0,813,95853
y,3,0,814,104384
y,3,0,815,74979
y,3,0,816,72992
y,3,0,817,32705
y,3,0,818,19472
y,3,0,819,33111
y,3,0,820,7904
y,3,0,821,-56331
y,3,0,822,-28704
y,3,0,823,-40469
y,3,0,824,39264
y,3,0,825,63369
y,3,0,826,30640
y,3,0,827,26911
y,3,0,828,52000
y,3,0,829,40189
y,3,0,830,122368
y,3,0,831,139635
y,3,0,832,122784
y,3,0,833,105169
y,3,0,834,56400
y,3,0,835,-23705
y,3,0,836,-69792
y,3,0,837,-147579
y,3,0,838,-191712
y,3,0,839,-202373
y,3,0,840,-245280
y,3,0,841,-189543
y,3,0,842,-166416
y,3,0,843,-176081
y,3,0,844,-87648
y,3,0,845,-48243
y,3,0,846,-59072
y,3,0,847,31235
y,3,0,848,91424
y,3,0,849,121313
y,3,0,850,186256
y,3,0,851,220535
y,3,0,852,223968
y,3,0,853,196373
y,3,0,854,137568
y,3,0,855,112907
y,3,0,856,56672
y,3,0,857,-31319
y,3,0,858,-85712
y,3,0,859,-106689
y,3,0,860,-159968
y,3,0,861,-114659
y,3,0,862,-102016
y,3,0,863,-56685
y,3,0,864,5280
y,3,0,865,35825
y,3,0,866,16080
y,3,0,867,97415
y,3,0,868,120928
y,3,0,869,150949
y,3,0,870,157088
y,3,0,871,139163
y,3,0,872,96992
y,3,0,873,30393
y,3,0,874,-60816
y,3,0,875,-111281
y,3,0,876,-186720
y,3,0,877,-221779
y,3,0,878,-216640
y,3,0,879,-237021
y,3,0,880,-283104
y,3,0,881,-223999
y,3,0,882,-190960
y,3,0,883,-53097
y,3,0,884,42464
y,3,0,885,94517
y,3,0,886,123360
y,3,0,887,194347
y,3,0,888,241760
y,3,0,889,265417
y,3,0,890,265136
y,3,0,891,240735
y,3,0,892,192032
y,3,0,893,118845
y,3,0,894,20992
y,3,0,895,-36173
y,3,0,896,-118368
y,3,0,897,-160239
y,3,0,898,-161968
y,3,0,899,-189273
y,3,0,900,-176800
y,3,0,901,-124731
y,3,0,902,-98784
y,3,0,903,31931
y,3,0,904,92640
y,3,0,905,113113
y,3,0,906,147184
y,3,0,907,164463
y,3,0,908,164768
y,3,0,909,147917
y,3,0,910,113728
y,3,0,911,62019
y,3,0,912,-7392
y,3,0,913,-94687
y,3,0,914,-134512
y,3,0,915,-192585
y,3,0,916,-269088
y,3,0,917,-298667
y,3,0,918,-281504
y,3,0,919,-283317
y,3,0,920,-173216
y,3,0,921,-82455
y,3,0,922,-11216
y,3,0,923,89983
y,3,0,924,173088
y,3,0,925,219229
y,3,0,926,248704
y,3,0,927,261331
y,3,0,928,256928
y,3,0,929,235313
y,3,0,930,196304
y,3,0,931,139719
y,3,0,932,65376
y,3,0,933,-26907
y,3,0,934,-71776
y,3,0,935,-134949
y,3,0,936,-216608
y,3,0,937,-185863
y,3,0,938,-173968
y,3,0,939,-181105
y,3,0,940,-76384
y,3,0,941,-18707
y,3,0,942,56256
y,3,0,943,102243
y,3,0,944,118048
y,3,0,945,123969
y,3,0,946,119824
y,3,0,947,105431
y,3,0,948,80608
y,3,0,949,45173
y,3,0,950,-1056
y,3,0,951,-58261
y,3,0,952,-126624
y,3,0,953,-206327
y,3,0,954,-232016
y,3,0,955,-269409
y,3,0,956,-253152
y,3,0,957,-183427
y,3,0,958,-125952
y,3,0,959,-80909
y,3,0,960,17056
y,3,0,961,102225
y,3,0,962,174416
y,3,0,963,217575
y,3,0,964,230496
y,3,0,965,233477
y,3,0,966,226336
y,3,0,967,208891
y,3,0,968,180960
y,3,0,969,142361
y,3,0,970,92912
y,3,0,971,32431
y,3,0,972,-39264
y,3,0,973,-122355
y,3,0,974,-151488
y,3,0,975,-192381
y,3,0,976,-179680
y,3,0,977,-141215
y,3,0,978,-111728
y,3,0,979,-57865
y,3,0,980,-10016
y,3,0,981,31637
y,3,0,982,66912
y,3,0,983,79755
y,3,0,984,68960
y,3,0,985,54825
y,3,0,986,37168
y,3,0,987,15807
y,3,0,988,-9440
y,3,0,989,-38755
y,3,0,990,-72320
y,3,0,991,-110317
y,3,0,992,-152928
y,3,0,993,-134799
y,3,0,994,-121648
y,3,0,995,-113657
y,3,0,996,-111008
y,3,0,997,-48347
y,3,0,998,8608
y,3,0,999,59675
y,3,0,1000,104672
y,3,0,1001,143417
y,3,0,1002,159856
y,3,0,1003,171471
y,3,0,1004,159392
y,3,0,1005,143917
y,3,0,1006,124864
y,3,0,1007,102051
y,3,0,1008,75296
y,3,0,1009,44417
y,3,0,1010,9232
y,3,0,1011,-30441
y,3,0,1012,-74784
y,3,0,1013,-58443
y,3,0,1014,-74784
y,3,0,1015,-93013
y,3,0,1016,-79776
y,3,0,1017,-65463
y,3,0,1018,-50256
y,3,0,1019,-34337
y,3,0,1020,-17888
y,3,0,1021,-1091
y,3,0,1022,0
y,3,0,1023,0
