kind,cout,cin,index,value
x,0,0,0,-5
x,0,0,1,-8
x,0,0,2,5
x,0,0,3,2
x,0,0,4,-1
x,0,0,5,-4
x,0,0,6,-7
x,0,0,7,6
x,0,0,8,3
x,0,0,9,0
x,0,0,10,-3
x,0,0,11,-6
x,0,0,12,7
x,0,0,13,4
x,0,0,14,1
x,0,0,15,-2
x,0,0,16,-5
x,0,0,17,-8
x,0,0,18,5
x,0,0,19,2
x,0,0,20,-1
x,0,0,21,-4
x,0,0,22,-7
x,0,0,23,6
x,0,0,24,3
x,0,0,25,0
x,0,0,26,-3
x,0,0,27,-6
x,0,0,28,7
x,0,0,29,4
x,0,0,30,1
x,0,0,31,-2
x,0,0,32,-5
x,0,0,33,-8
x,0,0,34,5
x,0,0,35,2
x,0,0,36,-1
x,0,0,37,-4
x,0,0,38,-7
x,0,0,39,6
x,0,0,40,3
x,0,0,41,0
x,0,0,42,-3
x,0,0,43,-6
x,0,0,44,7
x,0,0,45,4
x,0,0,46,1
x,0,0,47,-2
x,0,0,48,-5
x,0,0,49,-8
x,0,0,50,5
x,0,0,51,2
x,0,0,52,-1
x,0,0,53,-4
x,0,0,54,-7
x,0,0,55,6
x,0,0,56,3
x,0,0,57,0
x,0,0,58,-3
x,0,0,59,-6
x,0,0,60,7
x,0,0,61,4
x,0,0,62,1
x,0,0,63,-2
x,0,0,64,-5
x,0,0,65,-8
x,0,0,66,5
x,0,0,67,2
x,0,0,68,-1
x,0,0,69,-4
x,0,0,70,-7
x,0,0,71,6
x,0,0,72,3
x,0,0,73,0
x,0,0,74,-3
x,0,0,75,-6
x,0,0,76,7
x,0,0,77,4
x,0,0,78,1
x,0,0,79,-2
x,0,0,80,-5
x,0,0,81,-8
x,0,0,82,5
x,0,0,83,2
x,0,0,84,-1
x,0,0,85,-4
x,0,0,86,-7
x,0,0,87,6
x,0,0,88,3
x,0,0,89,0
x,0,0,90,-3
x,0,0,91,-6
x,0,0,92,7
x,0,0,93,4
x,0,0,94,1
x,0,0,95,-2
x,0,0,96,-5
x,0,0,97,-8
x,0,0,98,5
x,0,0,99,2
x,0,0,100,-1
x,0,0,101,-4
x,0,0,102,-7
x,0,0,103,6
x,0,0,104,3
x,0,0,105,0
x,0,0,106,-3
x,0,0,107,-6
x,0,0,108,7
x,0,0,109,4
x,0,0,110,1
x,0,0,111,-2
x,0,0,112,-5
x,0,0,113,-8
x,0,0,114,5
x,0,0,115,2
x,0,0,116,-1
x,0,0,117,-4
x,0,0,118,-7
x,0,0,119,6
x,0,0,120,3
x,0,0,121,0
x,0,0,122,-3
x,0,0,123,-6
x,0,0,124,7
x,0,0,125,4
x,0,0,126,1
x,0,0,127,-2
x,0,0,128,-5
x,0,0,129,-8
x,0,0,130,5
x,0,0,131,2
x,0,0,132,-1
x,0,0,133,-4
x,0,0,134,-7
x,0,0,135,6
x,0,0,136,3
x,0,0,137,0
x,0,0,138,-3
x,0,0,139,-6
x,0,0,140,7
x,0,0,141,4
x,0,0,142,1
x,0,0,143,-2
x,0,0,144,-5
x,0,0,145,-8
x,0,0,146,5
x,0,0,147,2
x,0,0,148,-1
x,0,0,149,-4
x,0,0,150,-7
x,0,0,151,6
x,0,0,152,3
x,0,0,153,0
x,0,0,154,-3
x,0,0,155,-6
x,0,0,156,7
x,0,0,157,4
x,0,0,158,1
x,0,0,159,-2
x,0,0,160,-5
x,0,0,161,-8
x,0,0,162,5
x,0,0,163,2
x,0,0,164,-1
x,0,0,165,-4
x,0,0,166,-7
x,0,0,167,6
x,0,0,168,3
x,0,0,169,0
x,0,0,170,-3
x,0,0,171,-6
x,0,0,172,7
x,0,0,173,4
x,0,0,174,1
x,0,0,175,-2
x,0,0,176,-5
x,0,0,177,-8
x,0,0,178,5
x,0,0,179,2
x,0,0,180,-1
x,0,0,181,-4
x,0,0,182,-7
x,0,0,183,6
x,0,0,184,3
x,0,0,185,0
x,0,0,186,-3
x,0,0,187,-6
x,0,0,188,7
x,0,0,189,4
x,0,0,190,1
x,0,0,191,-2
x,0,0,192,-5
x,0,0,193,-8
x,0,0,194,5
x,0,0,195,2
x,0,0,196,-1
x,0,0,197,-4
x,0,0,198,-7
x,0,0,199,6
x,0,0,200,3
x,0,0,201,0
x,0,0,202,-3
x,0,0,203,-6
x,0,0,204,7
x,0,0,205,4
x,0,0,206,1
x,0,0,207,-2
x,0,0,208,-5
x,0,0,209,-8
x,0,0,210,5
x,0,0,211,2
x,0,0,212,-1
x,0,0,213,-4
x,0,0,214,-7
x,0,0,215,6
x,0,0,216,3
x,0,0,217,0
x,0,0,218,-3
x,0,0,219,-6
x,0,0,220,7
x,0,0,221,4
x,0,0,222,1
x,0,0,223,-2
x,0,0,224,-5
x,0,0,225,-8
x,0,0,226,5
x,0,0,227,2
x,0,0,228,-1
x,0,0,229,-4
x,0,0,230,-7
x,0,0,231,6
x,0,0,232,3
x,0,0,233,0
x,0,0,234,-3
x,0,0,235,-6
x,0,0,236,7
x,0,0,237,4
x,0,0,238,1
x,0,0,239,-2
x,0,0,240,-5
x,0,0,241,-8
x,0,0,242,5
x,0,0,243,2
x,0,0,244,-1
x,0,0,245,-4
x,0,0,246,-7
x,0,0,247,6
x,0,0,248,3
x,0,0,249,0
x,0,0,250,-3
x,0,0,251,-6
x,0,0,252,7
x,0,0,253,4
x,0,0,254,1
x,0,0,255,-2
x,0,0,256,-5
x,0,0,257,-8
x,0,0,258,5
x,0,0,259,2
x,0,0,260,-1
x,0,0,261,-4
x,0,0,262,-7
x,0,0,263,6
x,0,0,264,3
x,0,0,265,0
x,0,0,266,-3
x,0,0,267,-6
x,0,0,268,7
x,0,0,269,4
x,0,0,270,1
x,0,0,271,-2
x,0,0,272,-5
x,0,0,273,-8
x,0,0,274,5
x,0,0,275,2
x,0,0,276,-1
x,0,0,277,-4
x,0,0,278,-7
x,0,0,279,6
x,0,0,280,3
x,0,0,281,0
x,0,0,282,-3
x,0,0,283,-6
x,0,0,284,7
x,0,0,285,4
x,0,0,286,1
x,0,0,287,-2
x,0,0,288,-5
x,0,0,289,-8
x,0,0,290,5
x,0,0,291,2
x,0,0,292,-1
x,0,0,293,-4
x,0,0,294,-7
x,0,0,295,6
x,0,0,296,3
x,0,0,297,0
x,0,0,298,-3
x,0,0,299,-6
x,0,0,300,7
x,0,0,301,4
x,0,0,302,1
x,0,0,303,-2
x,0,0,304,-5
x,0,0,305,-8
x,0,0,306,5
x,0,0,307,2
x,0,0,308,-1
x,0,0,309,-4
x,0,0,310,-7
x,0,0,311,6
x,0,0,312,3
x,0,0,313,0
x,0,0,314,-3
x,0,0,315,-6
x,0,0,316,7
x,0,0,317,4
x,0,0,318,1
x,0,0,319,-2
x,0,0,320,-5
x,0,0,321,-8
x,0,0,322,5
x,0,0,323,2
x,0,0,324,-1
x,0,0,325,-4
x,0,0,326,-7
x,0,0,327,6
x,0,0,328,3
x,0,0,329,0
x,0,0,330,-3
x,0,0,331,-6
x,0,0,332,7
x,0,0,333,4
x,0,0,334,1
x,0,0,335,-2
x,0,0,336,-5
x,0,0,337,-8
x,0,0,338,5
x,0,0,339,2
x,0,0,340,-1
x,0,0,341,-4
x,0,0,342,-7
x,0,0,343,6
x,0,0,344,3
x,0,0,345,0
x,0,0,346,-3
x,0,0,347,-6
x,0,0,348,7
x,0,0,349,4
x,0,0,350,1
x,0,0,351,-2
x,0,0,352,-5
x,0,0,353,-8
x,0,0,354,5
x,0,0,355,2
x,0,0,356,-1
x,0,0,357,-4
x,0,0,358,-7
x,0,0,359,6
x,0,0,360,3
x,0,0,361,0
x,0,0,362,-3
x,0,0,363,-6
x,0,0,364,7
x,0,0,365,4
x,0,0,366,1
x,0,0,367,-2
x,0,0,368,-5
x,0,0,369,-8
x,0,0,370,5
x,0,0,371,2
x,0,0,372,-1
x,0,0,373,-4
x,0,0,374,-7
x,0,0,375,6
x,0,0,376,3
x,0,0,377,0
x,0,0,378,-3
x,0,0,379,-6
x,0,0,380,7
x,0,0,381,4
x,0,0,382,1
x,0,0,383,-2
x,0,0,384,-5
x,0,0,385,-8
x,0,0,386,5
x,0,0,387,2
x,0,0,388,-1
x,0,0,389,-4
x,0,0,390,-7
x,0,0,391,6
x,0,0,392,3
x,0,0,393,0
x,0,0,394,-3
x,0,0,395,-6
x,0,0,396,7
x,0,0,397,4
x,0,0,398,1
x,0,0,399,-2
x,0,0,400,-5
x,0,0,401,-8
x,0,0,402,5
x,0,0,403,2
x,0,0,404,-1
x,0,0,405,-4
x,0,0,406,-7
x,0,0,407,6
x,0,0,408,3
x,0,0,409,0
x,0,0,410,-3
x,0,0,411,-6
x,0,0,412,7
x,0,0,413,4
x,0,0,414,1
x,0,0,415,-2
x,0,0,416,-5
x,0,0,417,-8
x,0,0,418,5
x,0,0,419,2
x,0,0,420,-1
x,0,0,421,-4
x,0,0,422,-7
x,0,0,423,6
x,0,0,424,3
x,0,0,425,0
x,0,0,426,-3
x,0,0,427,-6
x,0,0,428,7
x,0,0,429,4
x,0,0,430,1
x,0,0,431,-2
x,0,0,432,-5
x,0,0,433,-8
x,0,0,434,5
x,0,0,435,2
x,0,0,436,-1
x,0,0,437,-4
x,0,0,438,-7
x,0,0,439,6
x,0,0,440,3
x,0,0,441,0
x,0,0,442,-3
x,0,0,443,-6
x,0,0,444,7
x,0,0,445,4
x,0,0,446,1
x,0,0,447,-2
x,0,0,448,-5
x,0,0,449,-8
x,0,0,450,5
x,0,0,451,2
x,0,0,452,-1
x,0,0,453,-4
x,0,0,454,-7
x,0,0,455,6
x,0,0,456,3
x,0,0,457,0
x,0,0,458,-3
x,0,0,459,-6
x,0,0,460,7
x,0,0,461,4
x,0,0,462,1
x,0,0,463,-2
x,0,0,464,-5
x,0,0,465,-8
x,0,0,466,5
x,0,0,467,2
x,0,0,468,-1
x,0,0,469,-4
x,0,0,470,-7
x,0,0,471,6
x,0,0,472,3
x,0,0,473,0
x,0,0,474,-3
x,0,0,475,-6
x,0,0,476,7
x,0,0,477,4
x,0,0,478,1
x,0,0,479,-2
x,0,0,480,-5
x,0,0,481,-8
x,0,0,482,5
x,0,0,483,2
x,0,0,484,-1
x,0,0,485,-4
x,0,0,486,-7
x,0,0,487,6
x,0,0,488,3
x,0,0,489,0
x,0,0,490,-3
x,0,0,491,-6
x,0,0,492,7
x,0,0,493,4
x,0,0,494,1
x,0,0,495,-2
x,0,0,496,-5
x,0,0,497,-8
x,0,0,498,5
x,0,0,499,2
x,0,0,500,-1
x,0,0,501,-4
x,0,0,502,-7
x,0,0,503,6
x,0,0,504,3
x,0,0,505,0
x,0,0,506,-3
x,0,0,507,-6
x,0,0,508,7
x,0,0,509,4
x,0,0,510,1
x,0,0,511,-2
x,0,1,0,-4
x,0,1,1,-7
x,0,1,2,6
x,0,1,3,3
x,0,1,4,0
x,0,1,5,-3
x,0,1,6,-6
x,0,1,7,7
x,0,1,8,4
x,0,1,9,1
x,0,1,10,-2
x,0,1,11,-5
x,0,1,12,-8
x,0,1,13,5
x,0,1,14,2
x,0,1,15,-1
x,0,1,16,-4
x,0,1,17,-7
x,0,1,18,6
x,0,1,19,3
x,0,1,20,0
x,0,1,21,-3
x,0,1,22,-6
x,0,1,23,7
x,0,1,24,4
x,0,1,25,1
x,0,1,26,-2
x,0,1,27,-5
x,0,1,28,-8
x,0,1,29,5
x,0,1,30,2
x,0,1,31,-1
x,0,1,32,-4
x,0,1,33,-7
x,0,1,34,6
x,0,1,35,3
x,0,1,36,0
x,0,1,37,-3
x,0,1,38,-6
x,0,1,39,7
x,0,1,40,4
x,0,1,41,1
x,0,1,42,-2
x,0,1,43,-5
x,0,1,44,-8
x,0,1,45,5
x,0,1,46,2
x,0,1,47,-1
x,0,1,48,-4
x,0,1,49,-7
x,0,1,50,6
x,0,1,51,3
x,0,1,52,0
x,0,1,53,-3
x,0,1,54,-6
x,0,1,55,7
x,0,1,56,4
x,0,1,57,1
x,0,1,58,-2
x,0,1,59,-5
x,0,1,60,-8
x,0,1,61,5
x,0,1,62,2
x,0,1,63,-1
x,0,1,64,-4
x,0,1,65,-7
x,0,1,66,6
x,0,1,67,3
x,0,1,68,0
x,0,1,69,-3
x,0,1,70,-6
x,0,1,71,7
x,0,1,72,4
x,0,1,73,1
x,0,1,74,-2
x,0,1,75,-5
x,0,1,76,-8
x,0,1,77,5
x,0,1,78,2
x,0,1,79,-1
x,0,1,80,-4
x,0,1,81,-7
x,0,1,82,6
x,0,1,83,3
x,0,1,84,0
x,0,1,85,-3
x,0,1,86,-6
x,0,1,87,7
x,0,1,88,4
x,0,1,89,1
x,0,1,90,-2
x,0,1,91,-5
x,0,1,92,-8
x,0,1,93,5
x,0,1,94,2
x,0,1,95,-1
x,0,1,96,-4
x,0,1,97,-7
x,0,1,98,6
x,0,1,99,3
x,0,1,100,0
x,0,1,101,-3
x,0,1,102,-6
x,0,1,103,7
x,0,1,104,4
x,0,1,105,1
x,0,1,106,-2
x,0,1,107,-5
x,0,1,108,-8
x,0,1,109,5
x,0,1,110,2
x,0,1,111,-1
x,0,1,112,-4
x,0,1,113,-7
x,0,1,114,6
x,0,1,115,3
x,0,1,116,0
x,0,1,117,-3
x,0,1,118,-6
x,0,1,119,7
x,0,1,120,4
x,0,1,121,1
x,0,1,122,-2
x,0,1,123,-5
x,0,1,124,-8
x,0,1,125,5
x,0,1,126,2
x,0,1,127,-1
x,0,1,128,-4
x,0,1,129,-7
x,0,1,130,6
x,0,1,131,3
x,0,1,132,0
x,0,1,133,-3
x,0,1,134,-6
x,0,1,135,7
x,0,1,136,4
x,0,1,137,1
x,0,1,138,-2
x,0,1,139,-5
x,0,1,140,-8
x,0,1,141,5
x,0,1,142,2
x,0,1,143,-1
x,0,1,144,-4
x,0,1,145,-7
x,0,1,146,6
x,0,1,147,3
x,0,1,148,0
x,0,1,149,-3
x,0,1,150,-6
x,0,1,151,7
x,0,1,152,4
x,0,1,153,1
x,0,1,154,-2
x,0,1,155,-5
x,0,1,156,-8
x,0,1,157,5
x,0,1,158,2
x,0,1,159,-1
x,0,1,160,-4
x,0,1,161,-7
x,0,1,162,6
x,0,1,163,3
x,0,1,164,0
x,0,1,165,-3
x,0,1,166,-6
x,0,1,167,7
x,0,1,168,4
x,0,1,169,1
x,0,1,170,-2
x,0,1,171,-5
x,0,1,172,-8
x,0,1,173,5
x,0,1,174,2
x,0,1,175,-1
x,0,1,176,-4
x,0,1,177,-7
x,0,1,178,6
x,0,1,179,3
x,0,1,180,0
x,0,1,181,-3
x,0,1,182,-6
x,0,1,183,7
x,0,1,184,4
x,0,1,185,1
x,0,1,186,-2
x,0,1,187,-5
x,0,1,188,-8
x,0,1,189,5
x,0,1,190,2
x,0,1,191,-1
x,0,1,192,-4
x,0,1,193,-7
x,0,1,194,6
x,0,1,195,3
x,0,1,196,0
x,0,1,197,-3
x,0,1,198,-6
x,0,1,199,7
x,0,1,200,4
x,0,1,201,1
x,0,1,202,-2
x,0,1,203,-5
x,0,1,204,-8
x,0,1,205,5
x,0,1,206,2
x,0,1,207,-1
x,0,1,208,-4
x,0,1,209,-7
x,0,1,210,6
x,0,1,211,3
x,0,1,212,0
x,0,1,213,-3
x,0,1,214,-6
x,0,1,215,7
x,0,1,216,4
x,0,1,217,1
x,0,1,218,-2
x,0,1,219,-5
x,0,1,220,-8
x,0,1,221,5
x,0,1,222,2
x,0,1,223,-1
x,0,1,224,-4
x,0,1,225,-7
x,0,1,226,6
x,0,1,227,3
x,0,1,228,0
x,0,1,229,-3
x,0,1,230,-6
x,0,1,231,7
x,0,1,232,4
x,0,1,233,1
x,0,1,234,-2
x,0,1,235,-5
x,0,1,236,-8
x,0,1,237,5
x,0,1,238,2
x,0,1,239,-1
x,0,1,240,-4
x,0,1,241,-7
x,0,1,242,6
x,0,1,243,3
x,0,1,244,0
x,0,1,245,-3
x,0,1,246,-6
x,0,1,247,7
x,0,1,248,4
x,0,1,249,1
x,0,1,250,-2
x,0,1,251,-5
x,0,1,252,-8
x,0,1,253,5
x,0,1,254,2
x,0,1,255,-1
x,0,1,256,-4
x,0,1,257,-7
x,0,1,258,6
x,0,1,259,3
x,0,1,260,0
x,0,1,261,-3
x,0,1,262,-6
x,0,1,263,7
x,0,1,264,4
x,0,1,265,1
x,0,1,266,-2
x,0,1,267,-5
x,0,1,268,-8
x,0,1,269,5
x,0,1,270,2
x,0,1,271,-1
x,0,1,272,-4
x,0,1,273,-7
x,0,1,274,6
x,0,1,275,3
x,0,1,276,0
x,0,1,277,-3
x,0,1,278,-6
x,0,1,279,7
x,0,1,280,4
x,0,1,281,1
x,0,1,282,-2
x,0,1,283,-5
x,0,1,284,-8
x,0,1,285,5
x,0,1,286,2
x,0,1,287,-1
x,0,1,288,-4
x,0,1,289,-7
x,0,1,290,6
x,0,1,291,3
x,0,1,292,0
x,0,1,293,-3
x,0,1,294,-6
x,0,1,295,7
x,0,1,296,4
x,0,1,297,1
x,0,1,298,-2
x,0,1,299,-5
x,0,1,300,-8
x,0,1,301,5
x,0,1,302,2
x,0,1,303,-1
x,0,1,304,-4
x,0,1,305,-7
x,0,1,306,6
x,0,1,307,3
x,0,1,308,0
x,0,1,309,-3
x,0,1,310,-6
x,0,1,311,7
x,0,1,312,4
x,0,1,313,1
x,0,1,314,-2
x,0,1,315,-5
x,0,1,316,-8
x,0,1,317,5
x,0,1,318,2
x,0,1,319,-1
x,0,1,320,-4
x,0,1,321,-7
x,0,1,322,6
x,0,1,323,3
x,0,1,324,0
x,0,1,325,-3
x,0,1,326,-6
x,0,1,327,7
x,0,1,328,4
x,0,1,329,1
x,0,1,330,-2
x,0,1,331,-5
x,0,1,332,-8
x,0,1,333,5
x,0,1,334,2
x,0,1,335,-1
x,0,1,336,-4
x,0,1,337,-7
x,0,1,338,6
x,0,1,339,3
x,0,1,340,0
x,0,1,341,-3
x,0,1,342,-6
x,0,1,343,7
x,0,1,344,4
x,0,1,345,1
x,0,1,346,-2
x,0,1,347,-5
x,0,1,348,-8
x,0,1,349,5
x,0,1,350,2
x,0,1,351,-1
x,0,1,352,-4
x,0,1,353,-7
x,0,1,354,6
x,0,1,355,3
x,0,1,356,0
x,0,1,357,-3
x,0,1,358,-6
x,0,1,359,7
x,0,1,360,4
x,0,1,361,1
x,0,1,362,-2
x,0,1,363,-5
x,0,1,364,-8
x,0,1,365,5
x,0,1,366,2
x,0,1,367,-1
x,0,1,368,-4
x,0,1,369,-7
x,0,1,370,6
x,0,1,371,3
x,0,1,372,0
x,0,1,373,-3
x,0,1,374,-6
x,0,1,375,7
x,0,1,376,4
x,0,1,377,1
x,0,1,378,-2
x,0,1,379,-5
x,0,1,380,-8
x,0,1,381,5
x,0,1,382,2
x,0,1,383,-1
x,0,1,384,-4
x,0,1,385,-7
x,0,1,386,6
x,0,1,387,3
x,0,1,388,0
x,0,1,389,-3
x,0,1,390,-6
x,0,1,391,7
x,0,1,392,4
x,0,1,393,1
x,0,1,394,-2
x,0,1,395,-5
x,0,1,396,-8
x,0,1,397,5
x,0,1,398,2
x,0,1,399,-1
x,0,1,400,-4
x,0,1,401,-7
x,0,1,402,6
x,0,1,403,3
x,0,1,404,0
x,0,1,405,-3
x,0,1,406,-6
x,0,1,407,7
x,0,1,408,4
x,0,1,409,1
x,0,1,410,-2
x,0,1,411,-5
x,0,1,412,-8
x,0,1,413,5
x,0,1,414,2
x,0,1,415,-1
x,0,1,416,-4
x,0,1,417,-7
x,0,1,418,6
x,0,1,419,3
x,0,1,420,0
x,0,1,421,-3
x,0,1,422,-6
x,0,1,423,7
x,0,1,424,4
x,0,1,425,1
x,0,1,426,-2
x,0,1,427,-5
x,0,1,428,-8
x,0,1,429,5
x,0,1,430,2
x,0,1,431,-1
x,0,1,432,-4
x,0,1,433,-7
x,0,1,434,6
x,0,1,435,3
x,0,1,436,0
x,0,1,437,-3
x,0,1,438,-6
x,0,1,439,7
x,0,1,440,4
x,0,1,441,1
x,0,1,442,-2
x,0,1,443,-5
x,0,1,444,-8
x,0,1,445,5
x,0,1,446,2
x,0,1,447,-1
x,0,1,448,-4
x,0,1,449,-7
x,0,1,450,6
x,0,1,451,3
x,0,1,452,0
x,0,1,453,-3
x,0,1,454,-6
x,0,1,455,7
x,0,1,456,4
x,0,1,457,1
x,0,1,458,-2
x,0,1,459,-5
x,0,1,460,-8
x,0,1,461,5
x,0,1,462,2
x,0,1,463,-1
x,0,1,464,-4
x,0,1,465,-7
x,0,1,466,6
x,0,1,467,3
x,0,1,468,0
x,0,1,469,-3
x,0,1,470,-6
x,0,1,471,7
x,0,1,472,4
x,0,1,473,1
x,0,1,474,-2
x,0,1,475,-5
x,0,1,476,-8
x,0,1,477,5
x,0,1,478,2
x,0,1,479,-1
x,0,1,480,-4
x,0,1,481,-7
x,0,1,482,6
x,0,1,483,3
x,0,1,484,0
x,0,1,485,-3
x,0,1,486,-6
x,0,1,487,7
x,0,1,488,4
x,0,1,489,1
x,0,1,490,-2
x,0,1,491,-5
x,0,1,492,-8
x,0,1,493,5
x,0,1,494,2
x,0,1,495,-1
x,0,1,496,-4
x,0,1,497,-7
x,0,1,498,6
x,0,1,499,3
x,0,1,500,0
x,0,1,501,-3
x,0,1,502,-6
x,0,1,503,7
x,0,1,504,4
x,0,1,505,1
x,0,1,506,-2
x,0,1,507,-5
x,0,1,508,-8
x,0,1,509,5
x,0,1,510,2
x,0,1,511,-1
h,0,0,0,-3
h,0,0,1,4
h,0,0,2,-5
h,0,0,3,2
h,0,0,4,-7
h,0,0,5,0
h,0,0,6,7
h,0,0,7,-2
h,0,0,8,5
h,0,0,9,-4
h,0,0,10,3
h,0,0,11,-6
h,0,0,12,1
h,0,0,13,-8
h,0,0,14,-1
h,0,0,15,6
h,0,0,16,-3
h,0,0,17,4
h,0,0,18,-5
h,0,0,19,2
h,0,0,20,-7
h,0,0,21,0
h,0,0,22,7
h,0,0,23,-2
h,0,0,24,5
h,0,0,25,-4
h,0,0,26,3
h,0,0,27,-6
h,0,0,28,1
h,0,0,29,-8
h,0,0,30,-1
h,0,0,31,6
h,0,0,32,-3
h,0,0,33,4
h,0,0,34,-5
h,0,0,35,2
h,0,0,36,-7
h,0,0,37,0
h,0,0,38,7
h,0,0,39,-2
h,0,0,40,5
h,0,0,41,-4
h,0,0,42,3
h,0,0,43,-6
h,0,0,44,1
h,0,0,45,-8
h,0,0,46,-1
h,0,0,47,6
h,0,0,48,-3
h,0,0,49,4
h,0,0,50,-5
h,0,0,51,2
h,0,0,52,-7
h,0,0,53,0
h,0,0,54,7
h,0,0,55,-2
h,0,0,56,5
h,0,0,57,-4
h,0,0,58,3
h,0,0,59,-6
h,0,0,60,1
h,0,0,61,-8
h,0,0,62,-1
h,0,0,63,6
h,0,0,64,-3
h,0,0,65,4
h,0,0,66,-5
h,0,0,67,2
h,0,0,68,-7
h,0,0,69,0
h,0,0,70,7
h,0,0,71,-2
h,0,0,72,5
h,0,0,73,-4
h,0,0,74,3
h,0,0,75,-6
h,0,0,76,1
h,0,0,77,-8
h,0,0,78,-1
h,0,0,79,6
h,0,0,80,-3
h,0,0,81,4
h,0,0,82,-5
h,0,0,83,2
h,0,0,84,-7
h,0,0,85,0
h,0,0,86,7
h,0,0,87,-2
h,0,0,88,5
h,0,0,89,-4
h,0,0,90,3
h,0,0,91,-6
h,0,0,92,1
h,0,0,93,-8
h,0,0,94,-1
h,0,0,95,6
h,0,0,96,-3
h,0,0,97,4
h,0,0,98,-5
h,0,0,99,2
h,0,0,100,-7
h,0,0,101,0
h,0,0,102,7
h,0,0,103,-2
h,0,0,104,5
h,0,0,105,-4
h,0,0,106,3
h,0,0,107,-6
h,0,0,108,1
h,0,0,109,-8
h,0,0,110,-1
h,0,0,111,6
h,0,0,112,-3
h,0,0,113,4
h,0,0,114,-5
h,0,0,115,2
h,0,0,116,-7
h,0,0,117,0
h,0,0,118,7
h,0,0,119,-2
h,0,0,120,5
h,0,0,121,-4
h,0,0,122,3
h,0,0,123,-6
h,0,0,124,1
h,0,0,125,-8
h,0,0,126,-1
h,0,0,127,6
h,0,0,128,-3
h,0,0,129,4
h,0,0,130,-5
h,0,0,131,2
h,0,0,132,-7
h,0,0,133,0
h,0,0,134,7
h,0,0,135,-2
h,0,0,136,5
h,0,0,137,-4
h,0,0,138,3
h,0,0,139,-6
h,0,0,140,1
h,0,0,141,-8
h,0,0,142,-1
h,0,0,143,6
h,0,0,144,-3
h,0,0,145,4
h,0,0,146,-5
h,0,0,147,2
h,0,0,148,-7
h,0,0,149,0
h,0,0,150,7
h,0,0,151,-2
h,0,0,152,5
h,0,0,153,-4
h,0,0,154,3
h,0,0,155,-6
h,0,0,156,1
h,0,0,157,-8
h,0,0,158,-1
h,0,0,159,6
h,0,0,160,-3
h,0,0,161,4
h,0,0,162,-5
h,0,0,163,2
h,0,0,164,-7
h,0,0,165,0
h,0,0,166,7
h,0,0,167,-2
h,0,0,168,5
h,0,0,169,-4
h,0,0,170,3
h,0,0,171,-6
h,0,0,172,1
h,0,0,173,-8
h,0,0,174,-1
h,0,0,175,6
h,0,0,176,-3
h,0,0,177,4
h,0,0,178,-5
h,0,0,179,2
h,0,0,180,-7
h,0,0,181,0
h,0,0,182,7
h,0,0,183,-2
h,0,0,184,5
h,0,0,185,-4
h,0,0,186,3
h,0,0,187,-6
h,0,0,188,1
h,0,0,189,-8
h,0,0,190,-1
h,0,0,191,6
h,0,0,192,-3
h,0,0,193,4
h,0,0,194,-5
h,0,0,195,2
h,0,0,196,-7
h,0,0,197,0
h,0,0,198,7
h,0,0,199,-2
h,0,0,200,5
h,0,0,201,-4
h,0,0,202,3
h,0,0,203,-6
h,0,0,204,1
h,0,0,205,-8
h,0,0,206,-1
h,0,0,207,6
h,0,0,208,-3
h,0,0,209,4
h,0,0,210,-5
h,0,0,211,2
h,0,0,212,-7
h,0,0,213,0
h,0,0,214,7
h,0,0,215,-2
h,0,0,216,5
h,0,0,217,-4
h,0,0,218,3
h,0,0,219,-6
h,0,0,220,1
h,0,0,221,-8
h,0,0,222,-1
h,0,0,223,6
h,0,0,224,-3
h,0,0,225,4
h,0,0,226,-5
h,0,0,227,2
h,0,0,228,-7
h,0,0,229,0
h,0,0,230,7
h,0,0,231,-2
h,0,0,232,5
h,0,0,233,-4
h,0,0,234,3
h,0,0,235,-6
h,0,0,236,1
h,0,0,237,-8
h,0,0,238,-1
h,0,0,239,6
h,0,0,240,-3
h,0,0,241,4
h,0,0,242,-5
h,0,0,243,2
h,0,0,244,-7
h,0,0,245,0
h,0,0,246,7
h,0,0,247,-2
h,0,0,248,5
h,0,0,249,-4
h,0,0,250,3
h,0,0,251,-6
h,0,0,252,1
h,0,0,253,-8
h,0,0,254,-1
h,0,0,255,6
h,0,0,256,-3
h,0,0,257,4
h,0,0,258,-5
h,0,0,259,2
h,0,0,260,-7
h,0,0,261,0
h,0,0,262,7
h,0,0,263,-2
h,0,0,264,5
h,0,0,265,-4
h,0,0,266,3
h,0,0,267,-6
h,0,0,268,1
h,0,0,269,-8
h,0,0,270,-1
h,0,0,271,6
h,0,0,272,-3
h,0,0,273,4
h,0,0,274,-5
h,0,0,275,2
h,0,0,276,-7
h,0,0,277,0
h,0,0,278,7
h,0,0,279,-2
h,0,0,280,5
h,0,0,281,-4
h,0,0,282,3
h,0,0,283,-6
h,0,0,284,1
h,0,0,285,-8
h,0,0,286,-1
h,0,0,287,6
h,0,0,288,-3
h,0,0,289,4
h,0,0,290,-5
h,0,0,291,2
h,0,0,292,-7
h,0,0,293,0
h,0,0,294,7
h,0,0,295,-2
h,0,0,296,5
h,0,0,297,-4
h,0,0,298,3
h,0,0,299,-6
h,0,0,300,1
h,0,0,301,-8
h,0,0,302,-1
h,0,0,303,6
h,0,0,304,-3
h,0,0,305,4
h,0,0,306,-5
h,0,0,307,2
h,0,0,308,-7
h,0,0,309,0
h,0,0,310,7
h,0,0,311,-2
h,0,0,312,5
h,0,0,313,-4
h,0,0,314,3
h,0,0,315,-6
h,0,0,316,1
h,0,0,317,-8
h,0,0,318,-1
h,0,0,319,6
h,0,0,320,-3
h,0,0,321,4
h,0,0,322,-5
h,0,0,323,2
h,0,0,324,-7
h,0,0,325,0
h,0,0,326,7
h,0,0,327,-2
h,0,0,328,5
h,0,0,329,-4
h,0,0,330,3
h,0,0,331,-6
h,0,0,332,1
h,0,0,333,-8
h,0,0,334,-1
h,0,0,335,6
h,0,0,336,-3
h,0,0,337,4
h,0,0,338,-5
h,0,0,339,2
h,0,0,340,-7
h,0,0,341,0
h,0,0,342,7
h,0,0,343,-2
h,0,0,344,5
h,0,0,345,-4
h,0,0,346,3
h,0,0,347,-6
h,0,0,348,1
h,0,0,349,-8
h,0,0,350,-1
h,0,0,351,6
h,0,0,352,-3
h,0,0,353,4
h,0,0,354,-5
h,0,0,355,2
h,0,0,356,-7
h,0,0,357,0
h,0,0,358,7
h,0,0,359,-2
h,0,0,360,5
h,0,0,361,-4
h,0,0,362,3
h,0,0,363,-6
h,0,0,364,1
h,0,0,365,-8
h,0,0,366,-1
h,0,0,367,6
h,0,0,368,-3
h,0,0,369,4
h,0,0,370,-5
h,0,0,371,2
h,0,0,372,-7
h,0,0,373,0
h,0,0,374,7
h,0,0,375,-2
h,0,0,376,5
h,0,0,377,-4
h,0,0,378,3
h,0,0,379,-6
h,0,0,380,1
h,0,0,381,-8
h,0,0,382,-1
h,0,0,383,6
h,0,0,384,-3
h,0,0,385,4
h,0,0,386,-5
h,0,0,387,2
h,0,0,388,-7
h,0,0,389,0
h,0,0,390,7
h,0,0,391,-2
h,0,0,392,5
h,0,0,393,-4
h,0,0,394,3
h,0,0,395,-6
h,0,0,396,1
h,0,0,397,-8
h,0,0,398,-1
h,0,0,399,6
h,0,0,400,-3
h,0,0,401,4
h,0,0,402,-5
h,0,0,403,2
h,0,0,404,-7
h,0,0,405,0
h,0,0,406,7
h,0,0,407,-2
h,0,0,408,5
h,0,0,409,-4
h,0,0,410,3
h,0,0,411,-6
h,0,0,412,1
h,0,0,413,-8
h,0,0,414,-1
h,0,0,415,6
h,0,0,416,-3
h,0,0,417,4
h,0,0,418,-5
h,0,0,419,2
h,0,0,420,-7
h,0,0,421,0
h,0,0,422,7
h,0,0,423,-2
h,0,0,424,5
h,0,0,425,-4
h,0,0,426,3
h,0,0,427,-6
h,0,0,428,1
h,0,0,429,-8
h,0,0,430,-1
h,0,0,431,6
h,0,0,432,-3
h,0,0,433,4
h,0,0,434,-5
h,0,0,435,2
h,0,0,436,-7
h,0,0,437,0
h,0,0,438,7
h,0,0,439,-2
h,0,0,440,5
h,0,0,441,-4
h,0,0,442,3
h,0,0,443,-6
h,0,0,444,1
h,0,0,445,-8
h,0,0,446,-1
h,0,0,447,6
h,0,0,448,-3
h,0,0,449,4
h,0,0,450,-5
h,0,0,451,2
h,0,0,452,-7
h,0,0,453,0
h,0,0,454,7
h,0,0,455,-2
h,0,0,456,5
h,0,0,457,-4
h,0,0,458,3
h,0,0,459,-6
h,0,0,460,1
h,0,0,461,-8
h,0,0,462,-1
h,0,0,463,6
h,0,0,464,-3
h,0,0,465,4
h,0,0,466,-5
h,0,0,467,2
h,0,0,468,-7
h,0,0,469,0
h,0,0,470,7
h,0,0,471,-2
h,0,0,472,5
h,0,0,473,-4
h,0,0,474,3
h,0,0,475,-6
h,0,0,476,1
h,0,0,477,-8
h,0,0,478,-1
h,0,0,479,6
h,0,0,480,-3
h,0,0,481,4
h,0,0,482,-5
h,0,0,483,2
h,0,0,484,-7
h,0,0,485,0
h,0,0,486,7
h,0,0,487,-2
h,0,0,488,5
h,0,0,489,-4
h,0,0,490,3
h,0,0,491,-6
h,0,0,492,1
h,0,0,493,-8
h,0,0,494,-1
h,0,0,495,6
h,0,0,496,-3
h,0,0,497,4
h,0,0,498,-5
h,0,0,499,2
h,0,0,500,-7
h,0,0,501,0
h,0,0,502,7
h,0,0,503,-2
h,0,0,504,5
h,0,0,505,-4
h,0,0,506,3
h,0,0,507,-6
h,0,0,508,1
h,0,0,509,-8
h,0,0,510,-1
h,0,1,0,-8
h,0,1,1,-1
h,0,1,2,6
h,0,1,3,-3
h,0,1,4,4
h,0,1,5,-5
h,0,1,6,2
h,0,1,7,-7
h,0,1,8,0
h,0,1,9,7
h,0,1,10,-2
h,0,1,11,5
h,0,1,12,-4
h,0,1,13,3
h,0,1,14,-6
h,0,1,15,1
h,0,1,16,-8
h,0,1,17,-1
h,0,1,18,6
h,0,1,19,-3
h,0,1,20,4
h,0,1,21,-5
h,0,1,22,2
h,0,1,23,-7
h,0,1,24,0
h,0,1,25,7
h,0,1,26,-2
h,0,1,27,5
h,0,1,28,-4
h,0,1,29,3
h,0,1,30,-6
h,0,1,31,1
h,0,1,32,-8
h,0,1,33,-1
h,0,1,34,6
h,0,1,35,-3
h,0,1,36,4
h,0,1,37,-5
h,0,1,38,2
h,0,1,39,-7
h,0,1,40,0
h,0,1,41,7
h,0,1,42,-2
h,0,1,43,5
h,0,1,44,-4
h,0,1,45,3
h,0,1,46,-6
h,0,1,47,1
h,0,1,48,-8
h,0,1,49,-1
h,0,1,50,6
h,0,1,51,-3
h,0,1,52,4
h,0,1,53,-5
h,0,1,54,2
h,0,1,55,-7
h,0,1,56,0
h,0,1,57,7
h,0,1,58,-2
h,0,1,59,5
h,0,1,60,-4
h,0,1,61,3
h,0,1,62,-6
h,0,1,63,1
h,0,1,64,-8
h,0,1,65,-1
h,0,1,66,6
h,0,1,67,-3
h,0,1,68,4
h,0,1,69,-5
h,0,1,70,2
h,0,1,71,-7
h,0,1,72,0
h,0,1,73,7
h,0,1,74,-2
h,0,1,75,5
h,0,1,76,-4
h,0,1,77,3
h,0,1,78,-6
h,0,1,79,1
h,0,1,80,-8
h,0,1,81,-1
h,0,1,82,6
h,0,1,83,-3
h,0,1,84,4
h,0,1,85,-5
h,0,1,86,2
h,0,1,87,-7
h,0,1,88,0
h,0,1,89,7
h,0,1,90,-2
h,0,1,91,5
h,0,1,92,-4
h,0,1,93,3
h,0,1,94,-6
h,0,1,95,1
h,0,1,96,-8
h,0,1,97,-1
h,0,1,98,6
h,0,1,99,-3
h,0,1,100,4
h,0,1,101,-5
h,0,1,102,2
h,0,1,103,-7
h,0,1,104,0
h,0,1,105,7
h,0,1,106,-2
h,0,1,107,5
h,0,1,108,-4
h,0,1,109,3
h,0,1,110,-6
h,0,1,111,1
h,0,1,112,-8
h,0,1,113,-1
h,0,1,114,6
h,0,1,115,-3
h,0,1,116,4
h,0,1,117,-5
h,0,1,118,2
h,0,1,119,-7
h,0,1,120,0
h,0,1,121,7
h,0,1,122,-2
h,0,1,123,5
h,0,1,124,-4
h,0,1,125,3
h,0,1,126,-6
h,0,1,127,1
h,0,1,128,-8
h,0,1,129,-1
h,0,1,130,6
h,0,1,131,-3
h,0,1,132,4
h,0,1,133,-5
h,0,1,134,2
h,0,1,135,-7
h,0,1,136,0
h,0,1,137,7
h,0,1,138,-2
h,0,1,139,5
h,0,1,140,-4
h,0,1,141,3
h,0,1,142,-6
h,0,1,143,1
h,0,1,144,-8
h,0,1,145,-1
h,0,1,146,6
h,0,1,147,-3
h,0,1,148,4
h,0,1,149,-5
h,0,1,150,2
h,0,1,151,-7
h,0,1,152,0
h,0,1,153,7
h,0,1,154,-2
h,0,1,155,5
h,0,1,156,-4
h,0,1,157,3
h,0,1,158,-6
h,0,1,159,1
h,0,1,160,-8
h,0,1,161,-1
h,0,1,162,6
h,0,1,163,-3
h,0,1,164,4
h,0,1,165,-5
h,0,1,166,2
h,0,1,167,-7
h,0,1,168,0
h,0,1,169,7
h,0,1,170,-2
h,0,1,171,5
h,0,1,172,-4
h,0,1,173,3
h,0,1,174,-6
h,0,1,175,1
h,0,1,176,-8
h,0,1,177,-1
h,0,1,178,6
h,0,1,179,-3
h,0,1,180,4
h,0,1,181,-5
h,0,1,182,2
h,0,1,183,-7
h,0,1,184,0
h,0,1,185,7
h,0,1,186,-2
h,0,1,187,5
h,0,1,188,-4
h,0,1,189,3
h,0,1,190,-6
h,0,1,191,1
h,0,1,192,-8
h,0,1,193,-1
h,0,1,194,6
h,0,1,195,-3
h,0,1,196,4
h,0,1,197,-5
h,0,1,198,2
h,0,1,199,-7
h,0,1,200,0
h,0,1,201,7
h,0,1,202,-2
h,0,1,203,5
h,0,1,204,-4
h,0,1,205,3
h,0,1,206,-6
h,0,1,207,1
h,0,1,208,-8
h,0,1,209,-1
h,0,1,210,6
h,0,1,211,-3
h,0,1,212,4
h,0,1,213,-5
h,0,1,214,2
h,0,1,215,-7
h,0,1,216,0
h,0,1,217,7
h,0,1,218,-2
h,0,1,219,5
h,0,1,220,-4
h,0,1,221,3
h,0,1,222,-6
h,0,1,223,1
h,0,1,224,-8
h,0,1,225,-1
h,0,1,226,6
h,0,1,227,-3
h,0,1,228,4
h,0,1,229,-5
h,0,1,230,2
h,0,1,231,-7
h,0,1,232,0
h,0,1,233,7
h,0,1,234,-2
h,0,1,235,5
h,0,1,236,-4
h,0,1,237,3
h,0,1,238,-6
h,0,1,239,1
h,0,1,240,-8
h,0,1,241,-1
h,0,1,242,6
h,0,1,243,-3
h,0,1,244,4
h,0,1,245,-5
h,0,1,246,2
h,0,1,247,-7
h,0,1,248,0
h,0,1,249,7
h,0,1,250,-2
h,0,1,251,5
h,0,1,252,-4
h,0,1,253,3
h,0,1,254,-6
h,0,1,255,1
h,0,1,256,-8
h,0,1,257,-1
h,0,1,258,6
h,0,1,259,-3
h,0,1,260,4
h,0,1,261,-5
h,0,1,262,2
h,0,1,263,-7
h,0,1,264,0
h,0,1,265,7
h,0,1,266,-2
h,0,1,267,5
h,0,1,268,-4
h,0,1,269,3
h,0,1,270,-6
h,0,1,271,1
h,0,1,272,-8
h,0,1,273,-1
h,0,1,274,6
h,0,1,275,-3
h,0,1,276,4
h,0,1,277,-5
h,0,1,278,2
h,0,1,279,-7
h,0,1,280,0
h,0,1,281,7
h,0,1,282,-2
h,0,1,283,5
h,0,1,284,-4
h,0,1,285,3
h,0,1,286,-6
h,0,1,287,1
h,0,1,288,-8
h,0,1,289,-1
h,0,1,290,6
h,0,1,291,-3
h,0,1,292,4
h,0,1,293,-5
h,0,1,294,2
h,0,1,295,-7
h,0,1,296,0
h,0,1,297,7
h,0,1,298,-2
h,0,1,299,5
h,0,1,300,-4
h,0,1,301,3
h,0,1,302,-6
h,0,1,303,1
h,0,1,304,-8
h,0,1,305,-1
h,0,1,306,6
h,0,1,307,-3
h,0,1,308,4
h,0,1,309,-5
h,0,1,310,2
h,0,1,311,-7
h,0,1,312,0
h,0,1,313,7
h,0,1,314,-2
h,0,1,315,5
h,0,1,316,-4
h,0,1,317,3
h,0,1,318,-6
h,0,1,319,1
h,0,1,320,-8
h,0,1,321,-1
h,0,1,322,6
h,0,1,323,-3
h,0,1,324,4
h,0,1,325,-5
h,0,1,326,2
h,0,1,327,-7
h,0,1,328,0
h,0,1,329,7
h,0,1,330,-2
h,0,1,331,5
h,0,1,332,-4
h,0,1,333,3
h,0,1,334,-6
h,0,1,335,1
h,0,1,336,-8
h,0,1,337,-1
h,0,1,338,6
h,0,1,339,-3
h,0,1,340,4
h,0,1,341,-5
h,0,1,342,2
h,0,1,343,-7
h,0,1,344,0
h,0,1,345,7
h,0,1,346,-2
h,0,1,347,5
h,0,1,348,-4
h,0,1,349,3
h,0,1,350,-6
h,0,1,351,1
h,0,1,352,-8
h,0,1,353,-1
h,0,1,354,6
h,0,1,355,-3
h,0,1,356,4
h,0,1,357,-5
h,0,1,358,2
h,0,1,359,-7
h,0,1,360,0
h,0,1,361,7
h,0,1,362,-2
h,0,1,363,5
h,0,1,364,-4
h,0,1,365,3
h,0,1,366,-6
h,0,1,367,1
h,0,1,368,-8
h,0,1,369,-1
h,0,1,370,6
h,0,1,371,-3
h,0,1,372,4
h,0,1,373,-5
h,0,1,374,2
h,0,1,375,-7
h,0,1,376,0
h,0,1,377,7
h,0,1,378,-2
h,0,1,379,5
h,0,1,380,-4
h,0,1,381,3
h,0,1,382,-6
h,0,1,383,1
h,0,1,384,-8
h,0,1,385,-1
h,0,1,386,6
h,0,1,387,-3
h,0,1,388,4
h,0,1,389,-5
h,0,1,390,2
h,0,1,391,-7
h,0,1,392,0
h,0,1,393,7
h,0,1,394,-2
h,0,1,395,5
h,0,1,396,-4
h,0,1,397,3
h,0,1,398,-6
h,0,1,399,1
h,0,1,400,-8
h,0,1,401,-1
h,0,1,402,6
h,0,1,403,-3
h,0,1,404,4
h,0,1,405,-5
h,0,1,406,2
h,0,1,407,-7
h,0,1,408,0
h,0,1,409,7
h,0,1,410,-2
h,0,1,411,5
h,0,1,412,-4
h,0,1,413,3
h,0,1,414,-6
h,0,1,415,1
h,0,1,416,-8
h,0,1,417,-1
h,0,1,418,6
h,0,1,419,-3
h,0,1,420,4
h,0,1,421,-5
h,0,1,422,2
h,0,1,423,-7
h,0,1,424,0
h,0,1,425,7
h,0,1,426,-2
h,0,1,427,5
h,0,1,428,-4
h,0,1,429,3
h,0,1,430,-6
h,0,1,431,1
h,0,1,432,-8
h,0,1,433,-1
h,0,1,434,6
h,0,1,435,-3
h,0,1,436,4
h,0,1,437,-5
h,0,1,438,2
h,0,1,439,-7
h,0,1,440,0
h,0,1,441,7
h,0,1,442,-2
h,0,1,443,5
h,0,1,444,-4
h,0,1,445,3
h,0,1,446,-6
h,0,1,447,1
h,0,1,448,-8
h,0,1,449,-1
h,0,1,450,6
h,0,1,451,-3
h,0,1,452,4
h,0,1,453,-5
h,0,1,454,2
h,0,1,455,-7
h,0,1,456,0
h,0,1,457,7
h,0,1,458,-2
h,0,1,459,5
h,0,1,460,-4
h,0,1,461,3
h,0,1,462,-6
h,0,1,463,1
h,0,1,464,-8
h,0,1,465,-1
h,0,1,466,6
h,0,1,467,-3
h,0,1,468,4
h,0,1,469,-5
h,0,1,470,2
h,0,1,471,-7
h,0,1,472,0
h,0,1,473,7
h,0,1,474,-2
h,0,1,475,5
h,0,1,476,-4
h,0,1,477,3
h,0,1,478,-6
h,0,1,479,1
h,0,1,480,-8
h,0,1,481,-1
h,0,1,482,6
h,0,1,483,-3
h,0,1,484,4
h,0,1,485,-5
h,0,1,486,2
h,0,1,487,-7
h,0,1,488,0
h,0,1,489,7
h,0,1,490,-2
h,0,1,491,5
h,0,1,492,-4
h,0,1,493,3
h,0,1,494,-6
h,0,1,495,1
h,0,1,496,-8
h,0,1,497,-1
h,0,1,498,6
h,0,1,499,-3
h,0,1,500,4
h,0,1,501,-5
h,0,1,502,2
h,0,1,503,-7
h,0,1,504,0
h,0,1,505,7
h,0,1,506,-2
h,0,1,507,5
h,0,1,508,-4
h,0,1,509,3
h,0,1,510,-6
h,1,0,0,0
h,1,0,1,7
h,1,0,2,-2
h,1,0,3,5
h,1,0,4,-4
h,1,0,5,3
h,1,0,6,-6
h,1,0,7,1
h,1,0,8,-8
h,1,0,9,-1
h,1,0,10,6
h,1,0,11,-3
h,1,0,12,4
h,1,0,13,-5
h,1,0,14,2
h,1,0,15,-7
h,1,0,16,0
h,1,0,17,7
h,1,0,18,-2
h,1,0,19,5
h,1,0,20,-4
h,1,0,21,3
h,1,0,22,-6
h,1,0,23,1
h,1,0,24,-8
h,1,0,25,-1
h,1,0,26,6
h,1,0,27,-3
h,1,0,28,4
h,1,0,29,-5
h,1,0,30,2
h,1,0,31,-7
h,1,0,32,0
h,1,0,33,7
h,1,0,34,-2
h,1,0,35,5
h,1,0,36,-4
h,1,0,37,3
h,1,0,38,-6
h,1,0,39,1
h,1,0,40,-8
h,1,0,41,-1
h,1,0,42,6
h,1,0,43,-3
h,1,0,44,4
h,1,0,45,-5
h,1,0,46,2
h,1,0,47,-7
h,1,0,48,0
h,1,0,49,7
h,1,0,50,-2
h,1,0,51,5
h,1,0,52,-4
h,1,0,53,3
h,1,0,54,-6
h,1,0,55,1
h,1,0,56,-8
h,1,0,57,-1
h,1,0,58,6
h,1,0,59,-3
h,1,0,60,4
h,1,0,61,-5
h,1,0,62,2
h,1,0,63,-7
h,1,0,64,0
h,1,0,65,7
h,1,0,66,-2
h,1,0,67,5
h,1,0,68,-4
h,1,0,69,3
h,1,0,70,-6
h,1,0,71,1
h,1,0,72,-8
h,1,0,73,-1
h,1,0,74,6
h,1,0,75,-3
h,1,0,76,4
h,1,0,77,-5
h,1,0,78,2
h,1,0,79,-7
h,1,0,80,0
h,1,0,81,7
h,1,0,82,-2
h,1,0,83,5
h,1,0,84,-4
h,1,0,85,3
h,1,0,86,-6
h,1,0,87,1
h,1,0,88,-8
h,1,0,89,-1
h,1,0,90,6
h,1,0,91,-3
h,1,0,92,4
h,1,0,93,-5
h,1,0,94,2
h,1,0,95,-7
h,1,0,96,0
h,1,0,97,7
h,1,0,98,-2
h,1,0,99,5
h,1,0,100,-4
h,1,0,101,3
h,1,0,102,-6
h,1,0,103,1
h,1,0,104,-8
h,1,0,105,-1
h,1,0,106,6
h,1,0,107,-3
h,1,0,108,4
h,1,0,109,-5
h,1,0,110,2
h,1,0,111,-7
h,1,0,112,0
h,1,0,113,7
h,1,0,114,-2
h,1,0,115,5
h,1,0,116,-4
h,1,0,117,3
h,1,0,118,-6
h,1,0,119,1
h,1,0,120,-8
h,1,0,121,-1
h,1,0,122,6
h,1,0,123,-3
h,1,0,124,4
h,1,0,125,-5
h,1,0,126,2
h,1,0,127,-7
h,1,0,128,0
h,1,0,129,7
h,1,0,130,-2
h,1,0,131,5
h,1,0,132,-4
h,1,0,133,3
h,1,0,134,-6
h,1,0,135,1
h,1,0,136,-8
h,1,0,137,-1
h,1,0,138,6
h,1,0,139,-3
h,1,0,140,4
h,1,0,141,-5
h,1,0,142,2
h,1,0,143,-7
h,1,0,144,0
h,1,0,145,7
h,1,0,146,-2
h,1,0,147,5
h,1,0,148,-4
h,1,0,149,3
h,1,0,150,-6
h,1,0,151,1
h,1,0,152,-8
h,1,0,153,-1
h,1,0,154,6
h,1,0,155,-3
h,1,0,156,4
h,1,0,157,-5
h,1,0,158,2
h,1,0,159,-7
h,1,0,160,0
h,1,0,161,7
h,1,0,162,-2
h,1,0,163,5
h,1,0,164,-4
h,1,0,165,3
h,1,0,166,-6
h,1,0,167,1
h,1,0,168,-8
h,1,0,169,-1
h,1,0,170,6
h,1,0,171,-3
h,1,0,172,4
h,1,0,173,-5
h,1,0,174,2
h,1,0,175,-7
h,1,0,176,0
h,1,0,177,7
h,1,0,178,-2
h,1,0,179,5
h,1,0,180,-4
h,1,0,181,3
h,1,0,182,-6
h,1,0,183,1
h,1,0,184,-8
h,1,0,185,-1
h,1,0,186,6
h,1,0,187,-3
h,1,0,188,4
h,1,0,189,-5
h,1,0,190,2
h,1,0,191,-7
h,1,0,192,0
h,1,0,193,7
h,1,0,194,-2
h,1,0,195,5
h,1,0,196,-4
h,1,0,197,3
h,1,0,198,-6
h,1,0,199,1
h,1,0,200,-8
h,1,0,201,-1
h,1,0,202,6
h,1,0,203,-3
h,1,0,204,4
h,1,0,205,-5
h,1,0,206,2
h,1,0,207,-7
h,1,0,208,0
h,1,0,209,7
h,1,0,210,-2
h,1,0,211,5
h,1,0,212,-4
h,1,0,213,3
h,1,0,214,-6
h,1,0,215,1
h,1,0,216,-8
h,1,0,217,-1
h,1,0,218,6
h,1,0,219,-3
h,1,0,220,4
h,1,0,221,-5
h,1,0,222,2
h,1,0,223,-7
h,1,0,224,0
h,1,0,225,7
h,1,0,226,-2
h,1,0,227,5
h,1,0,228,-4
h,1,0,229,3
h,1,0,230,-6
h,1,0,231,1
h,1,0,232,-8
h,1,0,233,-1
h,1,0,234,6
h,1,0,235,-3
h,1,0,236,4
h,1,0,237,-5
h,1,0,238,2
h,1,0,239,-7
h,1,0,240,0
h,1,0,241,7
h,1,0,242,-2
h,1,0,243,5
h,1,0,244,-4
h,1,0,245,3
h,1,0,246,-6
h,1,0,247,1
h,1,0,248,-8
h,1,0,249,-1
h,1,0,250,6
h,1,0,251,-3
h,1,0,252,4
h,1,0,253,-5
h,1,0,254,2
h,1,0,255,-7
h,1,0,256,0
h,1,0,257,7
h,1,0,258,-2
h,1,0,259,5
h,1,0,260,-4
h,1,0,261,3
h,1,0,262,-6
h,1,0,263,1
h,1,0,264,-8
h,1,0,265,-1
h,1,0,266,6
h,1,0,267,-3
h,1,0,268,4
h,1,0,269,-5
h,1,0,270,2
h,1,0,271,-7
h,1,0,272,0
h,1,0,273,7
h,1,0,274,-2
h,1,0,275,5
h,1,0,276,-4
h,1,0,277,3
h,1,0,278,-6
h,1,0,279,1
h,1,0,280,-8
h,1,0,281,-1
h,1,0,282,6
h,1,0,283,-3
h,1,0,284,4
h,1,0,285,-5
h,1,0,286,2
h,1,0,287,-7
h,1,0,288,0
h,1,0,289,7
h,1,0,290,-2
h,1,0,291,5
h,1,0,292,-4
h,1,0,293,3
h,1,0,294,-6
h,1,0,295,1
h,1,0,296,-8
h,1,0,297,-1
h,1,0,298,6
h,1,0,299,-3
h,1,0,300,4
h,1,0,301,-5
h,1,0,302,2
h,1,0,303,-7
h,1,0,304,0
h,1,0,305,7
h,1,0,306,-2
h,1,0,307,5
h,1,0,308,-4
h,1,0,309,3
h,1,0,310,-6
h,1,0,311,1
h,1,0,312,-8
h,1,0,313,-1
h,1,0,314,6
h,1,0,315,-3
h,1,0,316,4
h,1,0,317,-5
h,1,0,318,2
h,1,0,319,-7
h,1,0,320,0
h,1,0,321,7
h,1,0,322,-2
h,1,0,323,5
h,1,0,324,-4
h,1,0,325,3
h,1,0,326,-6
h,1,0,327,1
h,1,0,328,-8
h,1,0,329,-1
h,1,0,330,6
h,1,0,331,-3
h,1,0,332,4
h,1,0,333,-5
h,1,0,334,2
h,1,0,335,-7
h,1,0,336,0
h,1,0,337,7
h,1,0,338,-2
h,1,0,339,5
h,1,0,340,-4
h,1,0,341,3
h,1,0,342,-6
h,1,0,343,1
h,1,0,344,-8
h,1,0,345,-1
h,1,0,346,6
h,1,0,347,-3
h,1,0,348,4
h,1,0,349,-5
h,1,0,350,2
h,1,0,351,-7
h,1,0,352,0
h,1,0,353,7
h,1,0,354,-2
h,1,0,355,5
h,1,0,356,-4
h,1,0,357,3
h,1,0,358,-6
h,1,0,359,1
h,1,0,360,-8
h,1,0,361,-1
h,1,0,362,6
h,1,0,363,-3
h,1,0,364,4
h,1,0,365,-5
h,1,0,366,2
h,1,0,367,-7
h,1,0,368,0
h,1,0,369,7
h,1,0,370,-2
h,1,0,371,5
h,1,0,372,-4
h,1,0,373,3
h,1,0,374,-6
h,1,0,375,1
h,1,0,376,-8
h,1,0,377,-1
h,1,0,378,6
h,1,0,379,-3
h,1,0,380,4
h,1,0,381,-5
h,1,0,382,2
h,1,0,383,-7
h,1,0,384,0
h,1,0,385,7
h,1,0,386,-2
h,1,0,387,5
h,1,0,388,-4
h,1,0,389,3
h,1,0,390,-6
h,1,0,391,1
h,1,0,392,-8
h,1,0,393,-1
h,1,0,394,6
h,1,0,395,-3
h,1,0,396,4
h,1,0,397,-5
h,1,0,398,2
h,1,0,399,-7
h,1,0,400,0
h,1,0,401,7
h,1,0,402,-2
h,1,0,403,5
h,1,0,404,-4
h,1,0,405,3
h,1,0,406,-6
h,1,0,407,1
h,1,0,408,-8
h,1,0,409,-1
h,1,0,410,6
h,1,0,411,-3
h,1,0,412,4
h,1,0,413,-5
h,1,0,414,2
h,1,0,415,-7
h,1,0,416,0
h,1,0,417,7
h,1,0,418,-2
h,1,0,419,5
h,1,0,420,-4
h,1,0,421,3
h,1,0,422,-6
h,1,0,423,1
h,1,0,424,-8
h,1,0,425,-1
h,1,0,426,6
h,1,0,427,-3
h,1,0,428,4
h,1,0,429,-5
h,1,0,430,2
h,1,0,431,-7
h,1,0,432,0
h,1,0,433,7
h,1,0,434,-2
h,1,0,435,5
h,1,0,436,-4
h,1,0,437,3
h,1,0,438,-6
h,1,0,439,1
h,1,0,440,-8
h,1,0,441,-1
h,1,0,442,6
h,1,0,443,-3
h,1,0,444,4
h,1,0,445,-5
h,1,0,446,2
h,1,0,447,-7
h,1,0,448,0
h,1,0,449,7
h,1,0,450,-2
h,1,0,451,5
h,1,0,452,-4
h,1,0,453,3
h,1,0,454,-6
h,1,0,455,1
h,1,0,456,-8
h,1,0,457,-1
h,1,0,458,6
h,1,0,459,-3
h,1,0,460,4
h,1,0,461,-5
h,1,0,462,2
h,1,0,463,-7
h,1,0,464,0
h,1,0,465,7
h,1,0,466,-2
h,1,0,467,5
h,1,0,468,-4
h,1,0,469,3
h,1,0,470,-6
h,1,0,471,1
h,1,0,472,-8
h,1,0,473,-1
h,1,0,474,6
h,1,0,475,-3
h,1,0,476,4
h,1,0,477,-5
h,1,0,478,2
h,1,0,479,-7
h,1,0,480,0
h,1,0,481,7
h,1,0,482,-2
h,1,0,483,5
h,1,0,484,-4
h,1,0,485,3
h,1,0,486,-6
h,1,0,487,1
h,1,0,488,-8
h,1,0,489,-1
h,1,0,490,6
h,1,0,491,-3
h,1,0,492,4
h,1,0,493,-5
h,1,0,494,2
h,1,0,495,-7
h,1,0,496,0
h,1,0,497,7
h,1,0,498,-2
h,1,0,499,5
h,1,0,500,-4
h,1,0,501,3
h,1,0,502,-6
h,1,0,503,1
h,1,0,504,-8
h,1,0,505,-1
h,1,0,506,6
h,1,0,507,-3
h,1,0,508,4
h,1,0,509,-5
h,1,0,510,2
h,1,1,0,-5
h,1,1,1,2
h,1,1,2,-7
h,1,1,3,0
h,1,1,4,7
h,1,1,5,-2
h,1,1,6,5
h,1,1,7,-4
h,1,1,8,3
h,1,1,9,-6
h,1,1,10,1
h,1,1,11,-8
h,1,1,12,-1
h,1,1,13,6
h,1,1,14,-3
h,1,1,15,4
h,1,1,16,-5
h,1,1,17,2
h,1,1,18,-7
h,1,1,19,0
h,1,1,20,7
h,1,1,21,-2
h,1,1,22,5
h,1,1,23,-4
h,1,1,24,3
h,1,1,25,-6
h,1,1,26,1
h,1,1,27,-8
h,1,1,28,-1
h,1,1,29,6
h,1,1,30,-3
h,1,1,31,4
h,1,1,32,-5
h,1,1,33,2
h,1,1,34,-7
h,1,1,35,0
h,1,1,36,7
h,1,1,37,-2
h,1,1,38,5
h,1,1,39,-4
h,1,1,40,3
h,1,1,41,-6
h,1,1,42,1
h,1,1,43,-8
h,1,1,44,-1
h,1,1,45,6
h,1,1,46,-3
h,1,1,47,4
h,1,1,48,-5
h,1,1,49,2
h,1,1,50,-7
h,1,1,51,0
h,1,1,52,7
h,1,1,53,-2
h,1,1,54,5
h,1,1,55,-4
h,1,1,56,3
h,1,1,57,-6
h,1,1,58,1
h,1,1,59,-8
h,1,1,60,-1
h,1,1,61,6
h,1,1,62,-3
h,1,1,63,4
h,1,1,64,-5
h,1,1,65,2
h,1,1,66,-7
h,1,1,67,0
h,1,1,68,7
h,1,1,69,-2
h,1,1,70,5
h,1,1,71,-4
h,1,1,72,3
h,1,1,73,-6
h,1,1,74,1
h,1,1,75,-8
h,1,1,76,-1
h,1,1,77,6
h,1,1,78,-3
h,1,1,79,4
h,1,1,80,-5
h,1,1,81,2
h,1,1,82,-7
h,1,1,83,0
h,1,1,84,7
h,1,1,85,-2
h,1,1,86,5
h,1,1,87,-4
h,1,1,88,3
h,1,1,89,-6
h,1,1,90,1
h,1,1,91,-8
h,1,1,92,-1
h,1,1,93,6
h,1,1,94,-3
h,1,1,95,4
h,1,1,96,-5
h,1,1,97,2
h,1,1,98,-7
h,1,1,99,0
h,1,1,100,7
h,1,1,101,-2
h,1,1,102,5
h,1,1,103,-4
h,1,1,104,3
h,1,1,105,-6
h,1,1,106,1
h,1,1,107,-8
h,1,1,108,-1
h,1,1,109,6
h,1,1,110,-3
h,1,1,111,4
h,1,1,112,-5
h,1,1,113,2
h,1,1,114,-7
h,1,1,115,0
h,1,1,116,7
h,1,1,117,-2
h,1,1,118,5
h,1,1,119,-4
h,1,1,120,3
h,1,1,121,-6
h,1,1,122,1
h,1,1,123,-8
h,1,1,124,-1
h,1,1,125,6
h,1,1,126,-3
h,1,1,127,4
h,1,1,128,-5
h,1,1,129,2
h,1,1,130,-7
h,1,1,131,0
h,1,1,132,7
h,1,1,133,-2
h,1,1,134,5
h,1,1,135,-4
h,1,1,136,3
h,1,1,137,-6
h,1,1,138,1
h,1,1,139,-8
h,1,1,140,-1
h,1,1,141,6
h,1,1,142,-3
h,1,1,143,4
h,1,1,144,-5
h,1,1,145,2
h,1,1,146,-7
h,1,1,147,0
h,1,1,148,7
h,1,1,149,-2
h,1,1,150,5
h,1,1,151,-4
h,1,1,152,3
h,1,1,153,-6
h,1,1,154,1
h,1,1,155,-8
h,1,1,156,-1
h,1,1,157,6
h,1,1,158,-3
h,1,1,159,4
h,1,1,160,-5
h,1,1,161,2
h,1,1,162,-7
h,1,1,163,0
h,1,1,164,7
h,1,1,165,-2
h,1,1,166,5
h,1,1,167,-4
h,1,1,168,3
h,1,1,169,-6
h,1,1,170,1
h,1,1,171,-8
h,1,1,172,-1
h,1,1,173,6
h,1,1,174,-3
h,1,1,175,4
h,1,1,176,-5
h,1,1,177,2
h,1,1,178,-7
h,1,1,179,0
h,1,1,180,7
h,1,1,181,-2
h,1,1,182,5
h,1,1,183,-4
h,1,1,184,3
h,1,1,185,-6
h,1,1,186,1
h,1,1,187,-8
h,1,1,188,-1
h,1,1,189,6
h,1,1,190,-3
h,1,1,191,4
h,1,1,192,-5
h,1,1,193,2
h,1,1,194,-7
h,1,1,195,0
h,1,1,196,7
h,1,1,197,-2
h,1,1,198,5
h,1,1,199,-4
h,1,1,200,3
h,1,1,201,-6
h,1,1,202,1
h,1,1,203,-8
h,1,1,204,-1
h,1,1,205,6
h,1,1,206,-3
h,1,1,207,4
h,1,1,208,-5
h,1,1,209,2
h,1,1,210,-7
h,1,1,211,0
h,1,1,212,7
h,1,1,213,-2
h,1,1,214,5
h,1,1,215,-4
h,1,1,216,3
h,1,1,217,-6
h,1,1,218,1
h,1,1,219,-8
h,1,1,220,-1
h,1,1,221,6
h,1,1,222,-3
h,1,1,223,4
h,1,1,224,-5
h,1,1,225,2
h,1,1,226,-7
h,1,1,227,0
h,1,1,228,7
h,1,1,229,-2
h,1,1,230,5
h,1,1,231,-4
h,1,1,232,3
h,1,1,233,-6
h,1,1,234,1
h,1,1,235,-8
h,1,1,236,-1
h,1,1,237,6
h,1,1,238,-3
h,1,1,239,4
h,1,1,240,-5
h,1,1,241,2
h,1,1,242,-7
h,1,1,243,0
h,1,1,244,7
h,1,1,245,-2
h,1,1,246,5
h,1,1,247,-4
h,1,1,248,3
h,1,1,249,-6
h,1,1,250,1
h,1,1,251,-8
h,1,1,252,-1
h,1,1,253,6
h,1,1,254,-3
h,1,1,255,4
h,1,1,256,-5
h,1,1,257,2
h,1,1,258,-7
h,1,1,259,0
h,1,1,260,7
h,1,1,261,-2
h,1,1,262,5
h,1,1,263,-4
h,1,1,264,3
h,1,1,265,-6
h,1,1,266,1
h,1,1,267,-8
h,1,1,268,-1
h,1,1,269,6
h,1,1,270,-3
h,1,1,271,4
h,1,1,272,-5
h,1,1,273,2
h,1,1,274,-7
h,1,1,275,0
h,1,1,276,7
h,1,1,277,-2
h,1,1,278,5
h,1,1,279,-4
h,1,1,280,3
h,1,1,281,-6
h,1,1,282,1
h,1,1,283,-8
h,1,1,284,-1
h,1,1,285,6
h,1,1,286,-3
h,1,1,287,4
h,1,1,288,-5
h,1,1,289,2
h,1,1,290,-7
h,1,1,291,0
h,1,1,292,7
h,1,1,293,-2
h,1,1,294,5
h,1,1,295,-4
h,1,1,296,3
h,1,1,297,-6
h,1,1,298,1
h,1,1,299,-8
h,1,1,300,-1
h,1,1,301,6
h,1,1,302,-3
h,1,1,303,4
h,1,1,304,-5
h,1,1,305,2
h,1,1,306,-7
h,1,1,307,0
h,1,1,308,7
h,1,1,309,-2
h,1,1,310,5
h,1,1,311,-4
h,1,1,312,3
h,1,1,313,-6
h,1,1,314,1
h,1,1,315,-8
h,1,1,316,-1
h,1,1,317,6
h,1,1,318,-3
h,1,1,319,4
h,1,1,320,-5
h,1,1,321,2
h,1,1,322,-7
h,1,1,323,0
h,1,1,324,7
h,1,1,325,-2
h,1,1,326,5
h,1,1,327,-4
h,1,1,328,3
h,1,1,329,-6
h,1,1,330,1
h,1,1,331,-8
h,1,1,332,-1
h,1,1,333,6
h,1,1,334,-3
h,1,1,335,4
h,1,1,336,-5
h,1,1,337,2
h,1,1,338,-7
h,1,1,339,0
h,1,1,340,7
h,1,1,341,-2
h,1,1,342,5
h,1,1,343,-4
h,1,1,344,3
h,1,1,345,-6
h,1,1,346,1
h,1,1,347,-8
h,1,1,348,-1
h,1,1,349,6
h,1,1,350,-3
h,1,1,351,4
h,1,1,352,-5
h,1,1,353,2
h,1,1,354,-7
h,1,1,355,0
h,1,1,356,7
h,1,1,357,-2
h,1,1,358,5
h,1,1,359,-4
h,1,1,360,3
h,1,1,361,-6
h,1,1,362,1
h,1,1,363,-8
h,1,1,364,-1
h,1,1,365,6
h,1,1,366,-3
h,1,1,367,4
h,1,1,368,-5
h,1,1,369,2
h,1,1,370,-7
h,1,1,371,0
h,1,1,372,7
h,1,1,373,-2
h,1,1,374,5
h,1,1,375,-4
h,1,1,376,3
h,1,1,377,-6
h,1,1,378,1
h,1,1,379,-8
h,1,1,380,-1
h,1,1,381,6
h,1,1,382,-3
h,1,1,383,4
h,1,1,384,-5
h,1,1,385,2
h,1,1,386,-7
h,1,1,387,0
h,1,1,388,7
h,1,1,389,-2
h,1,1,390,5
h,1,1,391,-4
h,1,1,392,3
h,1,1,393,-6
h,1,1,394,1
h,1,1,395,-8
h,1,1,396,-1
h,1,1,397,6
h,1,1,398,-3
h,1,1,399,4
h,1,1,400,-5
h,1,1,401,2
h,1,1,402,-7
h,1,1,403,0
h,1,1,404,7
h,1,1,405,-2
h,1,1,406,5
h,1,1,407,-4
h,1,1,408,3
h,1,1,409,-6
h,1,1,410,1
h,1,1,411,-8
h,1,1,412,-1
h,1,1,413,6
h,1,1,414,-3
h,1,1,415,4
h,1,1,416,-5
h,1,1,417,2
h,1,1,418,-7
h,1,1,419,0
h,1,1,420,7
h,1,1,421,-2
h,1,1,422,5
h,1,1,423,-4
h,1,1,424,3
h,1,1,425,-6
h,1,1,426,1
h,1,1,427,-8
h,1,1,428,-1
h,1,1,429,6
h,1,1,430,-3
h,1,1,431,4
h,1,1,432,-5
h,1,1,433,2
h,1,1,434,-7
h,1,1,435,0
h,1,1,436,7
h,1,1,437,-2
h,1,1,438,5
h,1,1,439,-4
h,1,1,440,3
h,1,1,441,-6
h,1,1,442,1
h,1,1,443,-8
h,1,1,444,-1
h,1,1,445,6
h,1,1,446,-3
h,1,1,447,4
h,1,1,448,-5
h,1,1,449,2
h,1,1,450,-7
h,1,1,451,0
h,1,1,452,7
h,1,1,453,-2
h,1,1,454,5
h,1,1,455,-4
h,1,1,456,3
h,1,1,457,-6
h,1,1,458,1
h,1,1,459,-8
h,1,1,460,-1
h,1,1,461,6
h,1,1,462,-3
h,1,1,463,4
h,1,1,464,-5
h,1,1,465,2
h,1,1,466,-7
h,1,1,467,0
h,1,1,468,7
h,1,1,469,-2
h,1,1,470,5
h,1,1,471,-4
h,1,1,472,3
h,1,1,473,-6
h,1,1,474,1
h,1,1,475,-8
h,1,1,476,-1
h,1,1,477,6
h,1,1,478,-3
h,1,1,479,4
h,1,1,480,-5
h,1,1,481,2
h,1,1,482,-7
h,1,1,483,0
h,1,1,484,7
h,1,1,485,-2
h,1,1,486,5
h,1,1,487,-4
h,1,1,488,3
h,1,1,489,-6
h,1,1,490,1
h,1,1,491,-8
h,1,1,492,-1
h,1,1,493,6
h,1,1,494,-3
h,1,1,495,4
h,1,1,496,-5
h,1,1,497,2
h,1,1,498,-7
h,1,1,499,0
h,1,1,500,7
h,1,1,501,-2
h,1,1,502,5
h,1,1,503,-4
h,1,1,504,3
h,1,1,505,-6
h,1,1,506,1
h,1,1,507,-8
h,1,1,508,-1
h,1,1,509,6
h,1,1,510,-3
h,2,0,0,3
h,2,0,1,-6
h,2,0,2,1
h,2,0,3,-8
h,2,0,4,-1
h,2,0,5,6
h,2,0,6,-3
h,2,0,7,4
h,2,0,8,-5
h,2,0,9,2
h,2,0,10,-7
h,2,0,11,0
h,2,0,12,7
h,2,0,13,-2
h,2,0,14,5
h,2,0,15,-4
h,2,0,16,3
h,2,0,17,-6
h,2,0,18,1
h,2,0,19,-8
h,2,0,20,-1
h,2,0,21,6
h,2,0,22,-3
h,2,0,23,4
h,2,0,24,-5
h,2,0,25,2
h,2,0,26,-7
h,2,0,27,0
h,2,0,28,7
h,2,0,29,-2
h,2,0,30,5
h,2,0,31,-4
h,2,0,32,3
h,2,0,33,-6
h,2,0,34,1
h,2,0,35,-8
h,2,0,36,-1
h,2,0,37,6
h,2,0,38,-3
h,2,0,39,4
h,2,0,40,-5
h,2,0,41,2
h,2,0,42,-7
h,2,0,43,0
h,2,0,44,7
h,2,0,45,-2
h,2,0,46,5
h,2,0,47,-4
h,2,0,48,3
h,2,0,49,-6
h,2,0,50,1
h,2,0,51,-8
h,2,0,52,-1
h,2,0,53,6
h,2,0,54,-3
h,2,0,55,4
h,2,0,56,-5
h,2,0,57,2
h,2,0,58,-7
h,2,0,59,0
h,2,0,60,7
h,2,0,61,-2
h,2,0,62,5
h,2,0,63,-4
h,2,0,64,3
h,2,0,65,-6
h,2,0,66,1
h,2,0,67,-8
h,2,0,68,-1
h,2,0,69,6
h,2,0,70,-3
h,2,0,71,4
h,2,0,72,-5
h,2,0,73,2
h,2,0,74,-7
h,2,0,75,0
h,2,0,76,7
h,2,0,77,-2
h,2,0,78,5
h,2,0,79,-4
h,2,0,80,3
h,2,0,81,-6
h,2,0,82,1
h,2,0,83,-8
h,2,0,84,-1
h,2,0,85,6
h,2,0,86,-3
h,2,0,87,4
h,2,0,88,-5
h,2,0,89,2
h,2,0,90,-7
h,2,0,91,0
h,2,0,92,7
h,2,0,93,-2
h,2,0,94,5
h,2,0,95,-4
h,2,0,96,3
h,2,0,97,-6
h,2,0,98,1
h,2,0,99,-8
h,2,0,100,-1
h,2,0,101,6
h,2,0,102,-3
h,2,0,103,4
h,2,0,104,-5
h,2,0,105,2
h,2,0,106,-7
h,2,0,107,0
h,2,0,108,7
h,2,0,109,-2
h,2,0,110,5
h,2,0,111,-4
h,2,0,112,3
h,2,0,113,-6
h,2,0,114,1
h,2,0,115,-8
h,2,0,116,-1
h,2,0,117,6
h,2,0,118,-3
h,2,0,119,4
h,2,0,120,-5
h,2,0,121,2
h,2,0,122,-7
h,2,0,123,0
h,2,0,124,7
h,2,0,125,-2
h,2,0,126,5
h,2,0,127,-4
h,2,0,128,3
h,2,0,129,-6
h,2,0,130,1
h,2,0,131,-8
h,2,0,132,-1
h,2,0,133,6
h,2,0,134,-3
h,2,0,135,4
h,2,0,136,-5
h,2,0,137,2
h,2,0,138,-7
h,2,0,139,0
h,2,0,140,7
h,2,0,141,-2
h,2,0,142,5
h,2,0,143,-4
h,2,0,144,3
h,2,0,145,-6
h,2,0,146,1
h,2,0,147,-8
h,2,0,148,-1
h,2,0,149,6
h,2,0,150,-3
h,2,0,151,4
h,2,0,152,-5
h,2,0,153,2
h,2,0,154,-7
h,2,0,155,0
h,2,0,156,7
h,2,0,157,-2
h,2,0,158,5
h,2,0,159,-4
h,2,0,160,3
h,2,0,161,-6
h,2,0,162,1
h,2,0,163,-8
h,2,0,164,-1
h,2,0,165,6
h,2,0,166,-3
h,2,0,167,4
h,2,0,168,-5
h,2,0,169,2
h,2,0,170,-7
h,2,0,171,0
h,2,0,172,7
h,2,0,173,-2
h,2,0,174,5
h,2,0,175,-4
h,2,0,176,3
h,2,0,177,-6
h,2,0,178,1
h,2,0,179,-8
h,2,0,180,-1
h,2,0,181,6
h,2,0,182,-3
h,2,0,183,4
h,2,0,184,-5
h,2,0,185,2
h,2,0,186,-7
h,2,0,187,0
h,2,0,188,7
h,2,0,189,-2
h,2,0,190,5
h,2,0,191,-4
h,2,0,192,3
h,2,0,193,-6
h,2,0,194,1
h,2,0,195,-8
h,2,0,196,-1
h,2,0,197,6
h,2,0,198,-3
h,2,0,199,4
h,2,0,200,-5
h,2,0,201,2
h,2,0,202,-7
h,2,0,203,0
h,2,0,204,7
h,2,0,205,-2
h,2,0,206,5
h,2,0,207,-4
h,2,0,208,3
h,2,0,209,-6
h,2,0,210,1
h,2,0,211,-8
h,2,0,212,-1
h,2,0,213,6
h,2,0,214,-3
h,2,0,215,4
h,2,0,216,-5
h,2,0,217,2
h,2,0,218,-7
h,2,0,219,0
h,2,0,220,7
h,2,0,221,-2
h,2,0,222,5
h,2,0,223,-4
h,2,0,224,3
h,2,0,225,-6
h,2,0,226,1
h,2,0,227,-8
h,2,0,228,-1
h,2,0,229,6
h,2,0,230,-3
h,2,0,231,4
h,2,0,232,-5
h,2,0,233,2
h,2,0,234,-7
h,2,0,235,0
h,2,0,236,7
h,2,0,237,-2
h,2,0,238,5
h,2,0,239,-4
h,2,0,240,3
h,2,0,241,-6
h,2,0,242,1
h,2,0,243,-8
h,2,0,244,-1
h,2,0,245,6
h,2,0,246,-3
h,2,0,247,4
h,2,0,248,-5
h,2,0,249,2
h,2,0,250,-7
h,2,0,251,0
h,2,0,252,7
h,2,0,253,-2
h,2,0,254,5
h,2,0,255,-4
h,2,0,256,3
h,2,0,257,-6
h,2,0,258,1
h,2,0,259,-8
h,2,0,260,-1
h,2,0,261,6
h,2,0,262,-3
h,2,0,263,4
h,2,0,264,-5
h,2,0,265,2
h,2,0,266,-7
h,2,0,267,0
h,2,0,268,7
h,2,0,269,-2
h,2,0,270,5
h,2,0,271,-4
h,2,0,272,3
h,2,0,273,-6
h,2,0,274,1
h,2,0,275,-8
h,2,0,276,-1
h,2,0,277,6
h,2,0,278,-3
h,2,0,279,4
h,2,0,280,-5
h,2,0,281,2
h,2,0,282,-7
h,2,0,283,0
h,2,0,284,7
h,2,0,285,-2
h,2,0,286,5
h,2,0,287,-4
h,2,0,288,3
h,2,0,289,-6
h,2,0,290,1
h,2,0,291,-8
h,2,0,292,-1
h,2,0,293,6
h,2,0,294,-3
h,2,0,295,4
h,2,0,296,-5
h,2,0,297,2
h,2,0,298,-7
h,2,0,299,0
h,2,0,300,7
h,2,0,301,-2
h,2,0,302,5
h,2,0,303,-4
h,2,0,304,3
h,2,0,305,-6
h,2,0,306,1
h,2,0,307,-8
h,2,0,308,-1
h,2,0,309,6
h,2,0,310,-3
h,2,0,311,4
h,2,0,312,-5
h,2,0,313,2
h,2,0,314,-7
h,2,0,315,0
h,2,0,316,7
h,2,0,317,-2
h,2,0,318,5
h,2,0,319,-4
h,2,0,320,3
h,2,0,321,-6
h,2,0,322,1
h,2,0,323,-8
h,2,0,324,-1
h,2,0,325,6
h,2,0,326,-3
h,2,0,327,4
h,2,0,328,-5
h,2,0,329,2
h,2,0,330,-7
h,2,0,331,0
h,2,0,332,7
h,2,0,333,-2
h,2,0,334,5
h,2,0,335,-4
h,2,0,336,3
h,2,0,337,-6
h,2,0,338,1
h,2,0,339,-8
h,2,0,340,-1
h,2,0,341,6
h,2,0,342,-3
h,2,0,343,4
h,2,0,344,-5
h,2,0,345,2
h,2,0,346,-7
h,2,0,347,0
h,2,0,348,7
h,2,0,349,-2
h,2,0,350,5
h,2,0,351,-4
h,2,0,352,3
h,2,0,353,-6
h,2,0,354,1
h,2,0,355,-8
h,2,0,356,-1
h,2,0,357,6
h,2,0,358,-3
h,2,0,359,4
h,2,0,360,-5
h,2,0,361,2
h,2,0,362,-7
h,2,0,363,0
h,2,0,364,7
h,2,0,365,-2
h,2,0,366,5
h,2,0,367,-4
h,2,0,368,3
h,2,0,369,-6
h,2,0,370,1
h,2,0,371,-8
h,2,0,372,-1
h,2,0,373,6
h,2,0,374,-3
h,2,0,375,4
h,2,0,376,-5
h,2,0,377,2
h,2,0,378,-7
h,2,0,379,0
h,2,0,380,7
h,2,0,381,-2
h,2,0,382,5
h,2,0,383,-4
h,2,0,384,3
h,2,0,385,-6
h,2,0,386,1
h,2,0,387,-8
h,2,0,388,-1
h,2,0,389,6
h,2,0,390,-3
h,2,0,391,4
h,2,0,392,-5
h,2,0,393,2
h,2,0,394,-7
h,2,0,395,0
h,2,0,396,7
h,2,0,397,-2
h,2,0,398,5
h,2,0,399,-4
h,2,0,400,3
h,2,0,401,-6
h,2,0,402,1
h,2,0,403,-8
h,2,0,404,-1
h,2,0,405,6
h,2,0,406,-3
h,2,0,407,4
h,2,0,408,-5
h,2,0,409,2
h,2,0,410,-7
h,2,0,411,0
h,2,0,412,7
h,2,0,413,-2
h,2,0,414,5
h,2,0,415,-4
h,2,0,416,3
h,2,0,417,-6
h,2,0,418,1
h,2,0,419,-8
h,2,0,420,-1
h,2,0,421,6
h,2,0,422,-3
h,2,0,423,4
h,2,0,424,-5
h,2,0,425,2
h,2,0,426,-7
h,2,0,427,0
h,2,0,428,7
h,2,0,429,-2
h,2,0,430,5
h,2,0,431,-4
h,2,0,432,3
h,2,0,433,-6
h,2,0,434,1
h,2,0,435,-8
h,2,0,436,-1
h,2,0,437,6
h,2,0,438,-3
h,2,0,439,4
h,2,0,440,-5
h,2,0,441,2
h,2,0,442,-7
h,2,0,443,0
h,2,0,444,7
h,2,0,445,-2
h,2,0,446,5
h,2,0,447,-4
h,2,0,448,3
h,2,0,449,-6
h,2,0,450,1
h,2,0,451,-8
h,2,0,452,-1
h,2,0,453,6
h,2,0,454,-3
h,2,0,455,4
h,2,0,456,-5
h,2,0,457,2
h,2,0,458,-7
h,2,0,459,0
h,2,0,460,7
h,2,0,461,-2
h,2,0,462,5
h,2,0,463,-4
h,2,0,464,3
h,2,0,465,-6
h,2,0,466,1
h,2,0,467,-8
h,2,0,468,-1
h,2,0,469,6
h,2,0,470,-3
h,2,0,471,4
h,2,0,472,-5
h,2,0,473,2
h,2,0,474,-7
h,2,0,475,0
h,2,0,476,7
h,2,0,477,-2
h,2,0,478,5
h,2,0,479,-4
h,2,0,480,3
h,2,0,481,-6
h,2,0,482,1
h,2,0,483,-8
h,2,0,484,-1
h,2,0,485,6
h,2,0,486,-3
h,2,0,487,4
h,2,0,488,-5
h,2,0,489,2
h,2,0,490,-7
h,2,0,491,0
h,2,0,492,7
h,2,0,493,-2
h,2,0,494,5
h,2,0,495,-4
h,2,0,496,3
h,2,0,497,-6
h,2,0,498,1
h,2,0,499,-8
h,2,0,500,-1
h,2,0,501,6
h,2,0,502,-3
h,2,0,503,4
h,2,0,504,-5
h,2,0,505,2
h,2,0,506,-7
h,2,0,507,0
h,2,0,508,7
h,2,0,509,-2
h,2,0,510,5
h,2,1,0,-2
h,2,1,1,5
h,2,1,2,-4
h,2,1,3,3
h,2,1,4,-6
h,2,1,5,1
h,2,1,6,-8
h,2,1,7,-1
h,2,1,8,6
h,2,1,9,-3
h,2,1,10,4
h,2,1,11,-5
h,2,1,12,2
h,2,1,13,-7
h,2,1,14,0
h,2,1,15,7
h,2,1,16,-2
h,2,1,17,5
h,2,1,18,-4
h,2,1,19,3
h,2,1,20,-6
h,2,1,21,1
h,2,1,22,-8
h,2,1,23,-1
h,2,1,24,6
h,2,1,25,-3
h,2,1,26,4
h,2,1,27,-5
h,2,1,28,2
h,2,1,29,-7
h,2,1,30,0
h,2,1,31,7
h,2,1,32,-2
h,2,1,33,5
h,2,1,34,-4
h,2,1,35,3
h,2,1,36,-6
h,2,1,37,1
h,2,1,38,-8
h,2,1,39,-1
h,2,1,40,6
h,2,1,41,-3
h,2,1,42,4
h,2,1,43,-5
h,2,1,44,2
h,2,1,45,-7
h,2,1,46,0
h,2,1,47,7
h,2,1,48,-2
h,2,1,49,5
h,2,1,50,-4
h,2,1,51,3
h,2,1,52,-6
h,2,1,53,1
h,2,1,54,-8
h,2,1,55,-1
h,2,1,56,6
h,2,1,57,-3
h,2,1,58,4
h,2,1,59,-5
h,2,1,60,2
h,2,1,61,-7
h,2,1,62,0
h,2,1,63,7
h,2,1,64,-2
h,2,1,65,5
h,2,1,66,-4
h,2,1,67,3
h,2,1,68,-6
h,2,1,69,1
h,2,1,70,-8
h,2,1,71,-1
h,2,1,72,6
h,2,1,73,-3
h,2,1,74,4
h,2,1,75,-5
h,2,1,76,2
h,2,1,77,-7
h,2,1,78,0
h,2,1,79,7
h,2,1,80,-2
h,2,1,81,5
h,2,1,82,-4
h,2,1,83,3
h,2,1,84,-6
h,2,1,85,1
h,2,1,86,-8
h,2,1,87,-1
h,2,1,88,6
h,2,1,89,-3
h,2,1,90,4
h,2,1,91,-5
h,2,1,92,2
h,2,1,93,-7
h,2,1,94,0
h,2,1,95,7
h,2,1,96,-2
h,2,1,97,5
h,2,1,98,-4
h,2,1,99,3
h,2,1,100,-6
h,2,1,101,1
h,2,1,102,-8
h,2,1,103,-1
h,2,1,104,6
h,2,1,105,-3
h,2,1,106,4
h,2,1,107,-5
h,2,1,108,2
h,2,1,109,-7
h,2,1,110,0
h,2,1,111,7
h,2,1,112,-2
h,2,1,113,5
h,2,1,114,-4
h,2,1,115,3
h,2,1,116,-6
h,2,1,117,1
h,2,1,118,-8
h,2,1,119,-1
h,2,1,120,6
h,2,1,121,-3
h,2,1,122,4
h,2,1,123,-5
h,2,1,124,2
h,2,1,125,-7
h,2,1,126,0
h,2,1,127,7
h,2,1,128,-2
h,2,1,129,5
h,2,1,130,-4
h,2,1,131,3
h,2,1,132,-6
h,2,1,133,1
h,2,1,134,-8
h,2,1,135,-1
h,2,1,136,6
h,2,1,137,-3
h,2,1,138,4
h,2,1,139,-5
h,2,1,140,2
h,2,1,141,-7
h,2,1,142,0
h,2,1,143,7
h,2,1,144,-2
h,2,1,145,5
h,2,1,146,-4
h,2,1,147,3
h,2,1,148,-6
h,2,1,149,1
h,2,1,150,-8
h,2,1,151,-1
h,2,1,152,6
h,2,1,153,-3
h,2,1,154,4
h,2,1,155,-5
h,2,1,156,2
h,2,1,157,-7
h,2,1,158,0
h,2,1,159,7
h,2,1,160,-2
h,2,1,161,5
h,2,1,162,-4
h,2,1,163,3
h,2,1,164,-6
h,2,1,165,1
h,2,1,166,-8
h,2,1,167,-1
h,2,1,168,6
h,2,1,169,-3
h,2,1,170,4
h,2,1,171,-5
h,2,1,172,2
h,2,1,173,-7
h,2,1,174,0
h,2,1,175,7
h,2,1,176,-2
h,2,1,177,5
h,2,1,178,-4
h,2,1,179,3
h,2,1,180,-6
h,2,1,181,1
h,2,1,182,-8
h,2,1,183,-1
h,2,1,184,6
h,2,1,185,-3
h,2,1,186,4
h,2,1,187,-5
h,2,1,188,2
h,2,1,189,-7
h,2,1,190,0
h,2,1,191,7
h,2,1,192,-2
h,2,1,193,5
h,2,1,194,-4
h,2,1,195,3
h,2,1,196,-6
h,2,1,197,1
h,2,1,198,-8
h,2,1,199,-1
h,2,1,200,6
h,2,1,201,-3
h,2,1,202,4
h,2,1,203,-5
h,2,1,204,2
h,2,1,205,-7
h,2,1,206,0
h,2,1,207,7
h,2,1,208,-2
h,2,1,209,5
h,2,1,210,-4
h,2,1,211,3
h,2,1,212,-6
h,2,1,213,1
h,2,1,214,-8
h,2,1,215,-1
h,2,1,216,6
h,2,1,217,-3
h,2,1,218,4
h,2,1,219,-5
h,2,1,220,2
h,2,1,221,-7
h,2,1,222,0
h,2,1,223,7
h,2,1,224,-2
h,2,1,225,5
h,2,1,226,-4
h,2,1,227,3
h,2,1,228,-6
h,2,1,229,1
h,2,1,230,-8
h,2,1,231,-1
h,2,1,232,6
h,2,1,233,-3
h,2,1,234,4
h,2,1,235,-5
h,2,1,236,2
h,2,1,237,-7
h,2,1,238,0
h,2,1,239,7
h,2,1,240,-2
h,2,1,241,5
h,2,1,242,-4
h,2,1,243,3
h,2,1,244,-6
h,2,1,245,1
h,2,1,246,-8
h,2,1,247,-1
h,2,1,248,6
h,2,1,249,-3
h,2,1,250,4
h,2,1,251,-5
h,2,1,252,2
h,2,1,253,-7
h,2,1,254,0
h,2,1,255,7
h,2,1,256,-2
h,2,1,257,5
h,2,1,258,-4
h,2,1,259,3
h,2,1,260,-6
h,2,1,261,1
h,2,1,262,-8
h,2,1,263,-1
h,2,1,264,6
h,2,1,265,-3
h,2,1,266,4
h,2,1,267,-5
h,2,1,268,2
h,2,1,269,-7
h,2,1,270,0
h,2,1,271,7
h,2,1,272,-2
h,2,1,273,5
h,2,1,274,-4
h,2,1,275,3
h,2,1,276,-6
h,2,1,277,1
h,2,1,278,-8
h,2,1,279,-1
h,2,1,280,6
h,2,1,281,-3
h,2,1,282,4
h,2,1,283,-5
h,2,1,284,2
h,2,1,285,-7
h,2,1,286,0
h,2,1,287,7
h,2,1,288,-2
h,2,1,289,5
h,2,1,290,-4
h,2,1,291,3
h,2,1,292,-6
h,2,1,293,1
h,2,1,294,-8
h,2,1,295,-1
h,2,1,296,6
h,2,1,297,-3
h,2,1,298,4
h,2,1,299,-5
h,2,1,300,2
h,2,1,301,-7
h,2,1,302,0
h,2,1,303,7
h,2,1,304,-2
h,2,1,305,5
h,2,1,306,-4
h,2,1,307,3
h,2,1,308,-6
h,2,1,309,1
h,2,1,310,-8
h,2,1,311,-1
h,2,1,312,6
h,2,1,313,-3
h,2,1,314,4
h,2,1,315,-5
h,2,1,316,2
h,2,1,317,-7
h,2,1,318,0
h,2,1,319,7
h,2,1,320,-2
h,2,1,321,5
h,2,1,322,-4
h,2,1,323,3
h,2,1,324,-6
h,2,1,325,1
h,2,1,326,-8
h,2,1,327,-1
h,2,1,328,6
h,2,1,329,-3
h,2,1,330,4
h,2,1,331,-5
h,2,1,332,2
h,2,1,333,-7
h,2,1,334,0
h,2,1,335,7
h,2,1,336,-2
h,2,1,337,5
h,2,1,338,-4
h,2,1,339,3
h,2,1,340,-6
h,2,1,341,1
h,2,1,342,-8
h,2,1,343,-1
h,2,1,344,6
h,2,1,345,-3
h,2,1,346,4
h,2,1,347,-5
h,2,1,348,2
h,2,1,349,-7
h,2,1,350,0
h,2,1,351,7
h,2,1,352,-2
h,2,1,353,5
h,2,1,354,-4
h,2,1,355,3
h,2,1,356,-6
h,2,1,357,1
h,2,1,358,-8
h,2,1,359,-1
h,2,1,360,6
h,2,1,361,-3
h,2,1,362,4
h,2,1,363,-5
h,2,1,364,2
h,2,1,365,-7
h,2,1,366,0
h,2,1,367,7
h,2,1,368,-2
h,2,1,369,5
h,2,1,370,-4
h,2,1,371,3
h,2,1,372,-6
h,2,1,373,1
h,2,1,374,-8
h,2,1,375,-1
h,2,1,376,6
h,2,1,377,-3
h,2,1,378,4
h,2,1,379,-5
h,2,1,380,2
h,2,1,381,-7
h,2,1,382,0
h,2,1,383,7
h,2,1,384,-2
h,2,1,385,5
h,2,1,386,-4
h,2,1,387,3
h,2,1,388,-6
h,2,1,389,1
h,2,1,390,-8
h,2,1,391,-1
h,2,1,392,6
h,2,1,393,-3
h,2,1,394,4
h,2,1,395,-5
h,2,1,396,2
h,2,1,397,-7
h,2,1,398,0
h,2,1,399,7
h,2,1,400,-2
h,2,1,401,5
h,2,1,402,-4
h,2,1,403,3
h,2,1,404,-6
h,2,1,405,1
h,2,1,406,-8
h,2,1,407,-1
h,2,1,408,6
h,2,1,409,-3
h,2,1,410,4
h,2,1,411,-5
h,2,1,412,2
h,2,1,413,-7
h,2,1,414,0
h,2,1,415,7
h,2,1,416,-2
h,2,1,417,5
h,2,1,418,-4
h,2,1,419,3
h,2,1,420,-6
h,2,1,421,1
h,2,1,422,-8
h,2,1,423,-1
h,2,1,424,6
h,2,1,425,-3
h,2,1,426,4
h,2,1,427,-5
h,2,1,428,2
h,2,1,429,-7
h,2,1,430,0
h,2,1,431,7
h,2,1,432,-2
h,2,1,433,5
h,2,1,434,-4
h,2,1,435,3
h,2,1,436,-6
h,2,1,437,1
h,2,1,438,-8
h,2,1,439,-1
h,2,1,440,6
h,2,1,441,-3
h,2,1,442,4
h,2,1,443,-5
h,2,1,444,2
h,2,1,445,-7
h,2,1,446,0
h,2,1,447,7
h,2,1,448,-2
h,2,1,449,5
h,2,1,450,-4
h,2,1,451,3
h,2,1,452,-6
h,2,1,453,1
h,2,1,454,-8
h,2,1,455,-1
h,2,1,456,6
h,2,1,457,-3
h,2,1,458,4
h,2,1,459,-5
h,2,1,460,2
h,2,1,461,-7
h,2,1,462,0
h,2,1,463,7
h,2,1,464,-2
h,2,1,465,5
h,2,1,466,-4
h,2,1,467,3
h,2,1,468,-6
h,2,1,469,1
h,2,1,470,-8
h,2,1,471,-1
h,2,1,472,6
h,2,1,473,-3
h,2,1,474,4
h,2,1,475,-5
h,2,1,476,2
h,2,1,477,-7
h,2,1,478,0
h,2,1,479,7
h,2,1,480,-2
h,2,1,481,5
h,2,1,482,-4
h,2,1,483,3
h,2,1,484,-6
h,2,1,485,1
h,2,1,486,-8
h,2,1,487,-1
h,2,1,488,6
h,2,1,489,-3
h,2,1,490,4
h,2,1,491,-5
h,2,1,492,2
h,2,1,493,-7
h,2,1,494,0
h,2,1,495,7
h,2,1,496,-2
h,2,1,497,5
h,2,1,498,-4
h,2,1,499,3
h,2,1,500,-6
h,2,1,501,1
h,2,1,502,-8
h,2,1,503,-1
h,2,1,504,6
h,2,1,505,-3
h,2,1,506,4
h,2,1,507,-5
h,2,1,508,2
h,2,1,509,-7
h,2,1,510,0
h,3,0,0,6
h,3,0,1,-3
h,3,0,2,4
h,3,0,3,-5
h,3,0,4,2
h,3,0,5,-7
h,3,0,6,0
h,3,0,7,7
h,3,0,8,-2
h,3,0,9,5
h,3,0,10,-4
h,3,0,11,3
h,3,0,12,-6
h,3,0,13,1
h,3,0,14,-8
h,3,0,15,-1
h,3,0,16,6
h,3,0,17,-3
h,3,0,18,4
h,3,0,19,-5
h,3,0,20,2
h,3,0,21,-7
h,3,0,22,0
h,3,0,23,7
h,3,0,24,-2
h,3,0,25,5
h,3,0,26,-4
h,3,0,27,3
h,3,0,28,-6
h,3,0,29,1
h,3,0,30,-8
h,3,0,31,-1
h,3,0,32,6
h,3,0,33,-3
h,3,0,34,4
h,3,0,35,-5
h,3,0,36,2
h,3,0,37,-7
h,3,0,38,0
h,3,0,39,7
h,3,0,40,-2
h,3,0,41,5
h,3,0,42,-4
h,3,0,43,3
h,3,0,44,-6
h,3,0,45,1
h,3,0,46,-8
h,3,0,47,-1
h,3,0,48,6
h,3,0,49,-3
h,3,0,50,4
h,3,0,51,-5
h,3,0,52,2
h,3,0,53,-7
h,3,0,54,0
h,3,0,55,7
h,3,0,56,-2
h,3,0,57,5
h,3,0,58,-4
h,3,0,59,3
h,3,0,60,-6
h,3,0,61,1
h,3,0,62,-8
h,3,0,63,-1
h,3,0,64,6
h,3,0,65,-3
h,3,0,66,4
h,3,0,67,-5
h,3,0,68,2
h,3,0,69,-7
h,3,0,70,0
h,3,0,71,7
h,3,0,72,-2
h,3,0,73,5
h,3,0,74,-4
h,3,0,75,3
h,3,0,76,-6
h,3,0,77,1
h,3,0,78,-8
h,3,0,79,-1
h,3,0,80,6
h,3,0,81,-3
h,3,0,82,4
h,3,0,83,-5
h,3,0,84,2
h,3,0,85,-7
h,3,0,86,0
h,3,0,87,7
h,3,0,88,-2
h,3,0,89,5
h,3,0,90,-4
h,3,0,91,3
h,3,0,92,-6
h,3,0,93,1
h,3,0,94,-8
h,3,0,95,-1
h,3,0,96,6
h,3,0,97,-3
h,3,0,98,4
h,3,0,99,-5
h,3,0,100,2
h,3,0,101,-7
h,3,0,102,0
h,3,0,103,7
h,3,0,104,-2
h,3,0,105,5
h,3,0,106,-4
h,3,0,107,3
h,3,0,108,-6
h,3,0,109,1
h,3,0,110,-8
h,3,0,111,-1
h,3,0,112,6
h,3,0,113,-3
h,3,0,114,4
h,3,0,115,-5
h,3,0,116,2
h,3,0,117,-7
h,3,0,118,0
h,3,0,119,7
h,3,0,120,-2
h,3,0,121,5
h,3,0,122,-4
h,3,0,123,3
h,3,0,124,-6
h,3,0,125,1
h,3,0,126,-8
h,3,0,127,-1
h,3,0,128,6
h,3,0,129,-3
h,3,0,130,4
h,3,0,131,-5
h,3,0,132,2
h,3,0,133,-7
h,3,0,134,0
h,3,0,135,7
h,3,0,136,-2
h,3,0,137,5
h,3,0,138,-4
h,3,0,139,3
h,3,0,140,-6
h,3,0,141,1
h,3,0,142,-8
h,3,0,143,-1
h,3,0,144,6
h,3,0,145,-3
h,3,0,146,4
h,3,0,147,-5
h,3,0,148,2
h,3,0,149,-7
h,3,0,150,0
h,3,0,151,7
h,3,0,152,-2
h,3,0,153,5
h,3,0,154,-4
h,3,0,155,3
h,3,0,156,-6
h,3,0,157,1
h,3,0,158,-8
h,3,0,159,-1
h,3,0,160,6
h,3,0,161,-3
h,3,0,162,4
h,3,0,163,-5
h,3,0,164,2
h,3,0,165,-7
h,3,0,166,0
h,3,0,167,7
h,3,0,168,-2
h,3,0,169,5
h,3,0,170,-4
h,3,0,171,3
h,3,0,172,-6
h,3,0,173,1
h,3,0,174,-8
h,3,0,175,-1
h,3,0,176,6
h,3,0,177,-3
h,3,0,178,4
h,3,0,179,-5
h,3,0,180,2
h,3,0,181,-7
h,3,0,182,0
h,3,0,183,7
h,3,0,184,-2
h,3,0,185,5
h,3,0,186,-4
h,3,0,187,3
h,3,0,188,-6
h,3,0,189,1
h,3,0,190,-8
h,3,0,191,-1
h,3,0,192,6
h,3,0,193,-3
h,3,0,194,4
h,3,0,195,-5
h,3,0,196,2
h,3,0,197,-7
h,3,0,198,0
h,3,0,199,7
h,3,0,200,-2
h,3,0,201,5
h,3,0,202,-4
h,3,0,203,3
h,3,0,204,-6
h,3,0,205,1
h,3,0,206,-8
h,3,0,207,-1
h,3,0,208,6
h,3,0,209,-3
h,3,0,210,4
h,3,0,211,-5
h,3,0,212,2
h,3,0,213,-7
h,3,0,214,0
h,3,0,215,7
h,3,0,216,-2
h,3,0,217,5
h,3,0,218,-4
h,3,0,219,3
h,3,0,220,-6
h,3,0,221,1
h,3,0,222,-8
h,3,0,223,-1
h,3,0,224,6
h,3,0,225,-3
h,3,0,226,4
h,3,0,227,-5
h,3,0,228,2
h,3,0,229,-7
h,3,0,230,0
h,3,0,231,7
h,3,0,232,-2
h,3,0,233,5
h,3,0,234,-4
h,3,0,235,3
h,3,0,236,-6
h,3,0,237,1
h,3,0,238,-8
h,3,0,239,-1
h,3,0,240,6
h,3,0,241,-3
h,3,0,242,4
h,3,0,243,-5
h,3,0,244,2
h,3,0,245,-7
h,3,0,246,0
h,3,0,247,7
h,3,0,248,-2
h,3,0,249,5
h,3,0,250,-4
h,3,0,251,3
h,3,0,252,-6
h,3,0,253,1
h,3,0,254,-8
h,3,0,255,-1
h,3,0,256,6
h,3,0,257,-3
h,3,0,258,4
h,3,0,259,-5
h,3,0,260,2
h,3,0,261,-7
h,3,0,262,0
h,3,0,263,7
h,3,0,264,-2
h,3,0,265,5
h,3,0,266,-4
h,3,0,267,3
h,3,0,268,-6
h,3,0,269,1
h,3,0,270,-8
h,3,0,271,-1
h,3,0,272,6
h,3,0,273,-3
h,3,0,274,4
h,3,0,275,-5
h,3,0,276,2
h,3,0,277,-7
h,3,0,278,0
h,3,0,279,7
h,3,0,280,-2
h,3,0,281,5
h,3,0,282,-4
h,3,0,283,3
h,3,0,284,-6
h,3,0,285,1
h,3,0,286,-8
h,3,0,287,-1
h,3,0,288,6
h,3,0,289,-3
h,3,0,290,4
h,3,0,291,-5
h,3,0,292,2
h,3,0,293,-7
h,3,0,294,0
h,3,0,295,7
h,3,0,296,-2
h,3,0,297,5
h,3,0,298,-4
h,3,0,299,3
h,3,0,300,-6
h,3,0,301,1
h,3,0,302,-8
h,3,0,303,-1
h,3,0,304,6
h,3,0,305,-3
h,3,0,306,4
h,3,0,307,-5
h,3,0,308,2
h,3,0,309,-7
h,3,0,310,0
h,3,0,311,7
h,3,0,312,-2
h,3,0,313,5
h,3,0,314,-4
h,3,0,315,3
h,3,0,316,-6
h,3,0,317,1
h,3,0,318,-8
h,3,0,319,-1
h,3,0,320,6
h,3,0,321,-3
h,3,0,322,4
h,3,0,323,-5
h,3,0,324,2
h,3,0,325,-7
h,3,0,326,0
h,3,0,327,7
h,3,0,328,-2
h,3,0,329,5
h,3,0,330,-4
h,3,0,331,3
h,3,0,332,-6
h,3,0,333,1
h,3,0,334,-8
h,3,0,335,-1
h,3,0,336,6
h,3,0,337,-3
h,3,0,338,4
h,3,0,339,-5
h,3,0,340,2
h,3,0,341,-7
h,3,0,342,0
h,3,0,343,7
h,3,0,344,-2
h,3,0,345,5
h,3,0,346,-4
h,3,0,347,3
h,3,0,348,-6
h,3,0,349,1
h,3,0,350,-8
h,3,0,351,-1
h,3,0,352,6
h,3,0,353,-3
h,3,0,354,4
h,3,0,355,-5
h,3,0,356,2
h,3,0,357,-7
h,3,0,358,0
h,3,0,359,7
h,3,0,360,-2
h,3,0,361,5
h,3,0,362,-4
h,3,0,363,3
h,3,0,364,-6
h,3,0,365,1
h,3,0,366,-8
h,3,0,367,-1
h,3,0,368,6
h,3,0,369,-3
h,3,0,370,4
h,3,0,371,-5
h,3,0,372,2
h,3,0,373,-7
h,3,0,374,0
h,3,0,375,7
h,3,0,376,-2
h,3,0,377,5
h,3,0,378,-4
h,3,0,379,3
h,3,0,380,-6
h,3,0,381,1
h,3,0,382,-8
h,3,0,383,-1
h,3,0,384,6
h,3,0,385,-3
h,3,0,386,4
h,3,0,387,-5
h,3,0,388,2
h,3,0,389,-7
h,3,0,390,0
h,3,0,391,7
h,3,0,392,-2
h,3,0,393,5
h,3,0,394,-4
h,3,0,395,3
h,3,0,396,-6
h,3,0,397,1
h,3,0,398,-8
h,3,0,399,-1
h,3,0,400,6
h,3,0,401,-3
h,3,0,402,4
h,3,0,403,-5
h,3,0,404,2
h,3,0,405,-7
h,3,0,406,0
h,3,0,407,7
h,3,0,408,-2
h,3,0,409,5
h,3,0,410,-4
h,3,0,411,3
h,3,0,412,-6
h,3,0,413,1
h,3,0,414,-8
h,3,0,415,-1
h,3,0,416,6
h,3,0,417,-3
h,3,0,418,4
h,3,0,419,-5
h,3,0,420,2
h,3,0,421,-7
h,3,0,422,0
h,3,0,423,7
h,3,0,424,-2
h,3,0,425,5
h,3,0,426,-4
h,3,0,427,3
h,3,0,428,-6
h,3,0,429,1
h,3,0,430,-8
h,3,0,431,-1
h,3,0,432,6
h,3,0,433,-3
h,3,0,434,4
h,3,0,435,-5
h,3,0,436,2
h,3,0,437,-7
h,3,0,438,0
h,3,0,439,7
h,3,0,440,-2
h,3,0,441,5
h,3,0,442,-4
h,3,0,443,3
h,3,0,444,-6
h,3,0,445,1
h,3,0,446,-8
h,3,0,447,-1
h,3,0,448,6
h,3,0,449,-3
h,3,0,450,4
h,3,0,451,-5
h,3,0,452,2
h,3,0,453,-7
h,3,0,454,0
h,3,0,455,7
h,3,0,456,-2
h,3,0,457,5
h,3,0,458,-4
h,3,0,459,3
h,3,0,460,-6
h,3,0,461,1
h,3,0,462,-8
h,3,0,463,-1
h,3,0,464,6
h,3,0,465,-3
h,3,0,466,4
h,3,0,467,-5
h,3,0,468,2
h,3,0,469,-7
h,3,0,470,0
h,3,0,471,7
h,3,0,472,-2
h,3,0,473,5
h,3,0,474,-4
h,3,0,475,3
h,3,0,476,-6
h,3,0,477,1
h,3,0,478,-8
h,3,0,479,-1
h,3,0,480,6
h,3,0,481,-3
h,3,0,482,4
h,3,0,483,-5
h,3,0,484,2
h,3,0,485,-7
h,3,0,486,0
h,3,0,487,7
h,3,0,488,-2
h,3,0,489,5
h,3,0,490,-4
h,3,0,491,3
h,3,0,492,-6
h,3,0,493,1
h,3,0,494,-8
h,3,0,495,-1
h,3,0,496,6
h,3,0,497,-3
h,3,0,498,4
h,3,0,499,-5
h,3,0,500,2
h,3,0,501,-7
h,3,0,502,0
h,3,0,503,7
h,3,0,504,-2
h,3,0,505,5
h,3,0,506,-4
h,3,0,507,3
h,3,0,508,-6
h,3,0,509,1
h,3,0,510,-8
h,3,1,0,1
h,3,1,1,-8
h,3,1,2,-1
h,3,1,3,6
h,3,1,4,-3
h,3,1,5,4
h,3,1,6,-5
h,3,1,7,2
h,3,1,8,-7
h,3,1,9,0
h,3,1,10,7
h,3,1,11,-2
h,3,1,12,5
h,3,1,13,-4
h,3,1,14,3
h,3,1,15,-6
h,3,1,16,1
h,3,1,17,-8
h,3,1,18,-1
h,3,1,19,6
h,3,1,20,-3
h,3,1,21,4
h,3,1,22,-5
h,3,1,23,2
h,3,1,24,-7
h,3,1,25,0
h,3,1,26,7
h,3,1,27,-2
h,3,1,28,5
h,3,1,29,-4
h,3,1,30,3
h,3,1,31,-6
h,3,1,32,1
h,3,1,33,-8
h,3,1,34,-1
h,3,1,35,6
h,3,1,36,-3
h,3,1,37,4
h,3,1,38,-5
h,3,1,39,2
h,3,1,40,-7
h,3,1,41,0
h,3,1,42,7
h,3,1,43,-2
h,3,1,44,5
h,3,1,45,-4
h,3,1,46,3
h,3,1,47,-6
h,3,1,48,1
h,3,1,49,-8
h,3,1,50,-1
h,3,1,51,6
h,3,1,52,-3
h,3,1,53,4
h,3,1,54,-5
h,3,1,55,2
h,3,1,56,-7
h,3,1,57,0
h,3,1,58,7
h,3,1,59,-2
h,3,1,60,5
h,3,1,61,-4
h,3,1,62,3
h,3,1,63,-6
h,3,1,64,1
h,3,1,65,-8
h,3,1,66,-1
h,3,1,67,6
h,3,1,68,-3
h,3,1,69,4
h,3,1,70,-5
h,3,1,71,2
h,3,1,72,-7
h,3,1,73,0
h,3,1,74,7
h,3,1,75,-2
h,3,1,76,5
h,3,1,77,-4
h,3,1,78,3
h,3,1,79,-6
h,3,1,80,1
h,3,1,81,-8
h,3,1,82,-1
h,3,1,83,6
h,3,1,84,-3
h,3,1,85,4
h,3,1,86,-5
h,3,1,87,2
h,3,1,88,-7
h,3,1,89,0
h,3,1,90,7
h,3,1,91,-2
h,3,1,92,5
h,3,1,93,-4
h,3,1,94,3
h,3,1,95,-6
h,3,1,96,1
h,3,1,97,-8
h,3,1,98,-1
h,3,1,99,6
h,3,1,100,-3
h,3,1,101,4
h,3,1,102,-5
h,3,1,103,2
h,3,1,104,-7
h,3,1,105,0
h,3,1,106,7
h,3,1,107,-2
h,3,1,108,5
h,3,1,109,-4
h,3,1,110,3
h,3,1,111,-6
h,3,1,112,1
h,3,1,113,-8
h,3,1,114,-1
h,3,1,115,6
h,3,1,116,-3
h,3,1,117,4
h,3,1,118,-5
h,3,1,119,2
h,3,1,120,-7
h,3,1,121,0
h,3,1,122,7
h,3,1,123,-2
h,3,1,124,5
h,3,1,125,-4
h,3,1,126,3
h,3,1,127,-6
h,3,1,128,1
h,3,1,129,-8
h,3,1,130,-1
h,3,1,131,6
h,3,1,132,-3
h,3,1,133,4
h,3,1,134,-5
h,3,1,135,2
h,3,1,136,-7
h,3,1,137,0
h,3,1,138,7
h,3,1,139,-2
h,3,1,140,5
h,3,1,141,-4
h,3,1,142,3
h,3,1,143,-6
h,3,1,144,1
h,3,1,145,-8
h,3,1,146,-1
h,3,1,147,6
h,3,1,148,-3
h,3,1,149,4
h,3,1,150,-5
h,3,1,151,2
h,3,1,152,-7
h,3,1,153,0
h,3,1,154,7
h,3,1,155,-2
h,3,1,156,5
h,3,1,157,-4
h,3,1,158,3
h,3,1,159,-6
h,3,1,160,1
h,3,1,161,-8
h,3,1,162,-1
h,3,1,163,6
h,3,1,164,-3
h,3,1,165,4
h,3,1,166,-5
h,3,1,167,2
h,3,1,168,-7
h,3,1,169,0
h,3,1,170,7
h,3,1,171,-2
h,3,1,172,5
h,3,1,173,-4
h,3,1,174,3
h,3,1,175,-6
h,3,1,176,1
h,3,1,177,-8
h,3,1,178,-1
h,3,1,179,6
h,3,1,180,-3
h,3,1,181,4
h,3,1,182,-5
h,3,1,183,2
h,3,1,184,-7
h,3,1,185,0
h,3,1,186,7
h,3,1,187,-2
h,3,1,188,5
h,3,1,189,-4
h,3,1,190,3
h,3,1,191,-6
h,3,1,192,1
h,3,1,193,-8
h,3,1,194,-1
h,3,1,195,6
h,3,1,196,-3
h,3,1,197,4
h,3,1,198,-5
h,3,1,199,2
h,3,1,200,-7
h,3,1,201,0
h,3,1,202,7
h,3,1,203,-2
h,3,1,204,5
h,3,1,205,-4
h,3,1,206,3
h,3,1,207,-6
h,3,1,208,1
h,3,1,209,-8
h,3,1,210,-1
h,3,1,211,6
h,3,1,212,-3
h,3,1,213,4
h,3,1,214,-5
h,3,1,215,2
h,3,1,216,-7
h,3,1,217,0
h,3,1,218,7
h,3,1,219,-2
h,3,1,220,5
h,3,1,221,-4
h,3,1,222,3
h,3,1,223,-6
h,3,1,224,1
h,3,1,225,-8
h,3,1,226,-1
h,3,1,227,6
h,3,1,228,-3
h,3,1,229,4
h,3,1,230,-5
h,3,1,231,2
h,3,1,232,-7
h,3,1,233,0
h,3,1,234,7
h,3,1,235,-2
h,3,1,236,5
h,3,1,237,-4
h,3,1,238,3
h,3,1,239,-6
h,3,1,240,1
h,3,1,241,-8
h,3,1,242,-1
h,3,1,243,6
h,3,1,244,-3
h,3,1,245,4
h,3,1,246,-5
h,3,1,247,2
h,3,1,248,-7
h,3,1,249,0
h,3,1,250,7
h,3,1,251,-2
h,3,1,252,5
h,3,1,253,-4
h,3,1,254,3
h,3,1,255,-6
h,3,1,256,1
h,3,1,257,-8
h,3,1,258,-1
h,3,1,259,6
h,3,1,260,-3
h,3,1,261,4
h,3,1,262,-5
h,3,1,263,2
h,3,1,264,-7
h,3,1,265,0
h,3,1,266,7
h,3,1,267,-2
h,3,1,268,5
h,3,1,269,-4
h,3,1,270,3
h,3,1,271,-6
h,3,1,272,1
h,3,1,273,-8
h,3,1,274,-1
h,3,1,275,6
h,3,1,276,-3
h,3,1,277,4
h,3,1,278,-5
h,3,1,279,2
h,3,1,280,-7
h,3,1,281,0
h,3,1,282,7
h,3,1,283,-2
h,3,1,284,5
h,3,1,285,-4
h,3,1,286,3
h,3,1,287,-6
h,3,1,288,1
h,3,1,289,-8
h,3,1,290,-1
h,3,1,291,6
h,3,1,292,-3
h,3,1,293,4
h,3,1,294,-5
h,3,1,295,2
h,3,1,296,-7
h,3,1,297,0
h,3,1,298,7
h,3,1,299,-2
h,3,1,300,5
h,3,1,301,-4
h,3,1,302,3
h,3,1,303,-6
h,3,1,304,1
h,3,1,305,-8
h,3,1,306,-1
h,3,1,307,6
h,3,1,308,-3
h,3,1,309,4
h,3,1,310,-5
h,3,1,311,2
h,3,1,312,-7
h,3,1,313,0
h,3,1,314,7
h,3,1,315,-2
h,3,1,316,5
h,3,1,317,-4
h,3,1,318,3
h,3,1,319,-6
h,3,1,320,1
h,3,1,321,-8
h,3,1,322,-1
h,3,1,323,6
h,3,1,324,-3
h,3,1,325,4
h,3,1,326,-5
h,3,1,327,2
h,3,1,328,-7
h,3,1,329,0
h,3,1,330,7
h,3,1,331,-2
h,3,1,332,5
h,3,1,333,-4
h,3,1,334,3
h,3,1,335,-6
h,3,1,336,1
h,3,1,337,-8
h,3,1,338,-1
h,3,1,339,6
h,3,1,340,-3
h,3,1,341,4
h,3,1,342,-5
h,3,1,343,2
h,3,1,344,-7
h,3,1,345,0
h,3,1,346,7
h,3,1,347,-2
h,3,1,348,5
h,3,1,349,-4
h,3,1,350,3
h,3,1,351,-6
h,3,1,352,1
h,3,1,353,-8
h,3,1,354,-1
h,3,1,355,6
h,3,1,356,-3
h,3,1,357,4
h,3,1,358,-5
h,3,1,359,2
h,3,1,360,-7
h,3,1,361,0
h,3,1,362,7
h,3,1,363,-2
h,3,1,364,5
h,3,1,365,-4
h,3,1,366,3
h,3,1,367,-6
h,3,1,368,1
h,3,1,369,-8
h,3,1,370,-1
h,3,1,371,6
h,3,1,372,-3
h,3,1,373,4
h,3,1,374,-5
h,3,1,375,2
h,3,1,376,-7
h,3,1,377,0
h,3,1,378,7
h,3,1,379,-2
h,3,1,380,5
h,3,1,381,-4
h,3,1,382,3
h,3,1,383,-6
h,3,1,384,1
h,3,1,385,-8
h,3,1,386,-1
h,3,1,387,6
h,3,1,388,-3
h,3,1,389,4
h,3,1,390,-5
h,3,1,391,2
h,3,1,392,-7
h,3,1,393,0
h,3,1,394,7
h,3,1,395,-2
h,3,1,396,5
h,3,1,397,-4
h,3,1,398,3
h,3,1,399,-6
h,3,1,400,1
h,3,1,401,-8
h,3,1,402,-1
h,3,1,403,6
h,3,1,404,-3
h,3,1,405,4
h,3,1,406,-5
h,3,1,407,2
h,3,1,408,-7
h,3,1,409,0
h,3,1,410,7
h,3,1,411,-2
h,3,1,412,5
h,3,1,413,-4
h,3,1,414,3
h,3,1,415,-6
h,3,1,416,1
h,3,1,417,-8
h,3,1,418,-1
h,3,1,419,6
h,3,1,420,-3
h,3,1,421,4
h,3,1,422,-5
h,3,1,423,2
h,3,1,424,-7
h,3,1,425,0
h,3,1,426,7
h,3,1,427,-2
h,3,1,428,5
h,3,1,429,-4
h,3,1,430,3
h,3,1,431,-6
h,3,1,432,1
h,3,1,433,-8
h,3,1,434,-1
h,3,1,435,6
h,3,1,436,-3
h,3,1,437,4
h,3,1,438,-5
h,3,1,439,2
h,3,1,440,-7
h,3,1,441,0
h,3,1,442,7
h,3,1,443,-2
h,3,1,444,5
h,3,1,445,-4
h,3,1,446,3
h,3,1,447,-6
h,3,1,448,1
h,3,1,449,-8
h,3,1,450,-1
h,3,1,451,6
h,3,1,452,-3
h,3,1,453,4
h,3,1,454,-5
h,3,1,455,2
h,3,1,456,-7
h,3,1,457,0
h,3,1,458,7
h,3,1,459,-2
h,3,1,460,5
h,3,1,461,-4
h,3,1,462,3
h,3,1,463,-6
h,3,1,464,1
h,3,1,465,-8
h,3,1,466,-1
h,3,1,467,6
h,3,1,468,-3
h,3,1,469,4
h,3,1,470,-5
h,3,1,471,2
h,3,1,472,-7
h,3,1,473,0
h,3,1,474,7
h,3,1,475,-2
h,3,1,476,5
h,3,1,477,-4
h,3,1,478,3
h,3,1,479,-6
h,3,1,480,1
h,3,1,481,-8
h,3,1,482,-1
h,3,1,483,6
h,3,1,484,-3
h,3,1,485,4
h,3,1,486,-5
h,3,1,487,2
h,3,1,488,-7
h,3,1,489,0
h,3,1,490,7
h,3,1,491,-2
h,3,1,492,5
h,3,1,493,-4
h,3,1,494,3
h,3,1,495,-6
h,3,1,496,1
h,3,1,497,-8
h,3,1,498,-1
h,3,1,499,6
h,3,1,500,-3
h,3,1,501,4
h,3,1,502,-5
h,3,1,503,2
h,3,1,504,-7
h,3,1,505,0
h,3,1,506,7
h,3,1,507,-2
h,3,1,508,5
h,3,1,509,-4
h,3,1,510,3
y,0,0,0,47
y,0,0,1,64
y,0,0,2,-87
y,0,0,3,-16
y,0,0,4,43
y,0,0,5,80
y,0,0,6,37
y,0,0,7,-160
y,0,0,8,55
y,0,0,9,-48
y,0,0,10,33
y,0,0,11,64
y,0,0,12,-13
y,0,0,13,112
y,0,0,14,-99
y,0,0,15,64
y,0,0,16,-65
y,0,0,17,192
y,0,0,18,-71
y,0,0,19,48
y,0,0,20,59
y,0,0,21,-48
y,0,0,22,181
y,0,0,23,-352
y,0,0,24,199
y,0,0,25,-176
y,0,0,26,49
y,0,0,27,128
y,0,0,28,3
y,0,0,29,240
y,0,0,30,-211
y,0,0,31,128
y,0,0,32,-177
y,0,0,33,320
y,0,0,34,-55
y,0,0,35,112
y,0,0,36,75
y,0,0,37,-176
y,0,0,38,325
y,0,0,39,-544
y,0,0,40,343
y,0,0,41,-304
y,0,0,42,65
y,0,0,43,192
y,0,0,44,19
y,0,0,45,368
y,0,0,46,-323
y,0,0,47,192
y,0,0,48,-289
y,0,0,49,448
y,0,0,50,-39
y,0,0,51,176
y,0,0,52,91
y,0,0,53,-304
y,0,0,54,469
y,0,0,55,-736
y,0,0,56,487
y,0,0,57,-432
y,0,0,58,81
y,0,0,59,256
y,0,0,60,35
y,0,0,61,496
y,0,0,62,-435
y,0,0,63,256
y,0,0,64,-401
y,0,0,65,576
y,0,0,66,-23
y,0,0,67,240
y,0,0,68,107
y,0,0,69,-432
y,0,0,70,613
y,0,0,71,-928
y,0,0,72,631
y,0,0,73,-560
y,0,0,74,97
y,0,0,75,320
y,0,0,76,51
y,0,0,77,624
y,0,0,78,-547
y,0,0,79,320
y,0,0,80,-513
y,0,0,81,704
y,0,0,82,-7
y,0,0,83,304
y,0,0,84,123
y,0,0,85,-560
y,0,0,86,757
y,0,0,87,-1120
y,0,0,88,775
y,0,0,89,-688
y,0,0,90,113
y,0,0,91,384
y,0,0,92,67
y,0,0,93,752
y,0,0,94,-659
y,0,0,95,384
y,0,0,96,-625
y,0,0,97,832
y,0,0,98,9
y,0,0,99,368
y,0,0,100,139
y,0,0,101,-688
y,0,0,102,901
y,0,0,103,-1312
y,0,0,104,919
y,0,0,105,-816
y,0,0,106,129
y,0,0,107,448
y,0,0,108,83
y,0,0,109,880
y,0,0,110,-771
y,0,0,111,448
y,0,0,112,-737
y,0,0,113,960
y,0,0,114,25
y,0,0,115,432
y,0,0,116,155
y,0,0,117,-816
y,0,0,118,1045
y,0,0,119,-1504
y,0,0,120,1063
y,0,0,121,-944
y,0,0,122,145
y,0,0,123,512
y,0,0,124,99
y,0,0,125,1008
y,0,0,126,-883
y,0,0,127,512
y,0,0,128,-849
y,0,0,129,1088
y,0,0,130,41
y,0,0,131,496
y,0,0,132,171
y,0,0,133,-944
y,0,0,134,1189
y,0,0,135,-1696
y,0,0,136,1207
y,0,0,137,-1072
y,0,0,138,161
y,0,0,139,576
y,0,0,140,115
y,0,0,141,1136
y,0,0,142,-995
y,0,0,143,576
y,0,0,144,-961
y,0,0,145,1216
y,0,0,146,57
y,0,0,147,560
y,0,0,148,187
y,0,0,149,-1072
y,0,0,150,1333
y,0,0,151,-1888
y,0,0,152,1351
y,0,0,153,-1200
y,0,0,154,177
y,0,0,155,640
y,0,0,156,131
y,0,0,157,1264
y,0,0,158,-1107
y,0,0,159,640
y,0,0,160,-1073
y,0,0,161,1344
y,0,0,162,73
y,0,0,163,624
y,0,0,164,203
y,0,0,165,-1200
y,0,0,166,1477
y,0,0,167,-2080
y,0,0,168,1495
y,0,0,169,-1328
y,0,0,170,193
y,0,0,171,704
y,0,0,172,147
y,0,0,173,1392
y,0,0,174,-1219
y,0,0,175,704
y,0,0,176,-1185
y,0,0,177,1472
y,0,0,178,89
y,0,0,179,688
y,0,0,180,219
y,0,0,181,-1328
y,0,0,182,1621
y,0,0,183,-2272
y,0,0,184,1639
y,0,0,185,-1456
y,0,0,186,209
y,0,0,187,768
y,0,0,188,163
y,0,0,189,1520
y,0,0,190,-1331
y,0,0,191,768
y,0,0,192,-1297
y,0,0,193,1600
y,0,0,194,105
y,0,0,195,752
y,0,0,196,235
y,0,0,197,-1456
y,0,0,198,1765
y,0,0,199,-2464
y,0,0,200,1783
y,0,0,201,-1584
y,0,0,202,225
y,0,0,203,832
y,0,0,204,179
y,0,0,205,1648
y,0,0,206,-1443
y,0,0,207,832
y,0,0,208,-1409
y,0,0,209,1728
y,0,0,210,121
y,0,0,211,816
y,0,0,212,251
y,0,0,213,-1584
y,0,0,214,1909
y,0,0,215,-2656
y,0,0,216,1927
y,0,0,217,-1712
y,0,0,218,241
y,0,0,219,896
y,0,0,220,195
y,0,0,221,1776
y,0,0,222,-1555
y,0,0,223,896
y,0,0,224,-1521
y,0,0,225,1856
y,0,0,226,137
y,0,0,227,880
y,0,0,228,267
y,0,0,229,-1712
y,0,0,230,2053
y,0,0,231,-2848
y,0,0,232,2071
y,0,0,233,-1840
y,0,0,234,257
y,0,0,235,960
y,0,0,236,211
y,0,0,237,1904
y,0,0,238,-1667
y,0,0,239,960
y,0,0,240,-1633
y,0,0,241,1984
y,0,0,242,153
y,0,0,243,944
y,0,0,244,283
y,0,0,245,-1840
y,0,0,246,2197
y,0,0,247,-3040
y,0,0,248,2215
y,0,0,249,-1968
y,0,0,250,273
y,0,0,251,1024
y,0,0,252,227
y,0,0,253,2032
y,0,0,254,-1779
y,0,0,255,1024
y,0,0,256,-1745
y,0,0,257,2112
y,0,0,258,169
y,0,0,259,1008
y,0,0,260,299
y,0,0,261,-1968
y,0,0,262,2341
y,0,0,263,-3232
y,0,0,264,2359
y,0,0,265,-2096
y,0,0,266,289
y,0,0,267,1088
y,0,0,268,243
y,0,0,269,2160
y,0,0,270,-1891
y,0,0,271,1088
y,0,0,272,-1857
y,0,0,273,2240
y,0,0,274,185
y,0,0,275,1072
y,0,0,276,315
y,0,0,277,-2096
y,0,0,278,2485
y,0,0,279,-3424
y,0,0,280,2503
y,0,0,281,-2224
y,0,0,282,305
y,0,0,283,1152
y,0,0,284,259
y,0,0,285,2288
y,0,0,286,-2003
y,0,0,287,1152
y,0,0,288,-1969
y,0,0,289,2368
y,0,0,290,201
y,0,0,291,1136
y,0,0,292,331
y,0,0,293,-2224
y,0,0,294,2629
y,0,0,295,-3616
y,0,0,296,2647
y,0,0,297,-2352
y,0,0,298,321
y,0,0,299,1216
y,0,0,300,275
y,0,0,301,2416
y,0,0,302,-2115
y,0,0,303,1216
y,0,0,304,-2081
y,0,0,305,2496
y,0,0,306,217
y,0,0,307,1200
y,0,0,308,347
y,0,0,309,-2352
y,0,0,310,2773
y,0,0,311,-3808
y,0,0,312,2791
y,0,0,313,-2480
y,0,0,314,337
y,0,0,315,1280
y,0,0,316,291
y,0,0,317,2544
y,0,0,318,-2227
y,0,0,319,1280
y,0,0,320,-2193
y,0,0,321,2624
y,0,0,322,233
y,0,0,323,1264
y,0,0,324,363
y,0,0,325,-2480
y,0,0,326,2917
y,0,0,327,-4000
y,0,0,328,2935
y,0,0,329,-2608
y,0,0,330,353
y,0,0,331,1344
y,0,0,332,307
y,0,0,333,2672
y,0,0,334,-2339
y,0,0,335,1344
y,0,0,336,-2305
y,0,0,337,2752
y,0,0,338,249
y,0,0,339,1328
y,0,0,340,379
y,0,0,341,-2608
y,0,0,342,3061
y,0,0,343,-4192
y,0,0,344,3079
y,0,0,345,-2736
y,0,0,346,369
y,0,0,347,1408
y,0,0,348,323
y,0,0,349,2800
y,0,0,350,-2451
y,0,0,351,1408
y,0,0,352,-2417
y,0,0,353,2880
y,0,0,354,265
y,0,0,355,1392
y,0,0,356,395
y,0,0,357,-2736
y,0,0,358,3205
y,0,0,359,-4384
y,0,0,360,3223
y,0,0,361,-2864
y,0,0,362,385
y,0,0,363,1472
y,0,0,364,339
y,0,0,365,2928
y,0,0,366,-2563
y,0,0,367,1472
y,0,0,368,-2529
y,0,0,369,3008
y,0,0,370,281
y,0,0,371,1456
y,0,0,372,411
y,0,0,373,-2864
y,0,0,374,3349
y,0,0,375,-4576
y,0,0,376,3367
y,0,0,377,-2992
y,0,0,378,401
y,0,0,379,1536
y,0,0,380,355
y,0,0,381,3056
y,0,0,382,-2675
y,0,0,383,1536
y,0,0,384,-2641
y,0,0,385,3136
y,0,0,386,297
y,0,0,387,1520
y,0,0,388,427
y,0,0,389,-2992
y,0,0,390,3493
y,0,0,391,-4768
y,0,0,392,3511
y,0,0,393,-3120
y,0,0,394,417
y,0,0,395,1600
y,0,0,396,371
y,0,0,397,3184
y,0,0,398,-2787
y,0,0,399,1600
y,0,0,400,-2753
y,0,0,401,3264
y,0,0,402,313
y,0,0,403,1584
y,0,0,404,443
y,0,0,405,-3120
y,0,0,406,3637
y,0,0,407,-4960
y,0,0,408,3655
y,0,0,409,-3248
y,0,0,410,433
y,0,0,411,1664
y,0,0,412,387
y,0,0,413,3312
y,0,0,414,-2899
y,0,0,415,1664
y,0,0,416,-2865
y,0,0,417,3392
y,0,0,418,329
y,0,0,419,1648
y,0,0,420,459
y,0,0,421,-3248
y,0,0,422,3781
y,0,0,423,-5152
y,0,0,424,3799
y,0,0,425,-3376
y,0,0,426,449
y,0,0,427,1728
y,0,0,428,403
y,0,0,429,3440
y,0,0,430,-3011
y,0,0,431,1728
y,0,0,432,-2977
y,0,0,433,3520
y,0,0,434,345
y,0,0,435,1712
y,0,0,436,475
y,0,0,437,-3376
y,0,0,438,3925
y,0,0,439,-5344
y,0,0,440,3943
y,0,0,441,-3504
y,0,0,442,465
y,0,0,443,1792
y,0,0,444,419
y,0,0,445,3568
y,0,0,446,-3123
y,0,0,447,1792
y,0,0,448,-3089
y,0,0,449,3648
y,0,0,450,361
y,0,0,451,1776
y,0,0,452,491
y,0,0,453,-3504
y,0,0,454,4069
y,0,0,455,-5536
y,0,0,456,4087
y,0,0,457,-3632
y,0,0,458,481
y,0,0,459,1856
y,0,0,460,435
y,0,0,461,3696
y,0,0,462,-3235
y,0,0,463,1856
y,0,0,464,-3201
y,0,0,465,3776
y,0,0,466,377
y,0,0,467,1840
y,0,0,468,507
y,0,0,469,-3632
y,0,0,470,4213
y,0,0,471,-5728
y,0,0,472,4231
y,0,0,473,-3760
y,0,0,474,497
y,0,0,475,1920
y,0,0,476,451
y,0,0,477,3824
y,0,0,478,-3347
y,0,0,479,1920
y,0,0,480,-3313
y,0,0,481,3904
y,0,0,482,393
y,0,0,483,1904
y,0,0,484,523
y,0,0,485,-3760
y,0,0,486,4357
y,0,0,487,-5920
y,0,0,488,4375
y,0,0,489,-3888
y,0,0,490,513
y,0,0,491,1984
y,0,0,492,467
y,0,0,493,3952
y,0,0,494,-3459
y,0,0,495,1984
y,0,0,496,-3425
y,0,0,497,4032
y,0,0,498,409
y,0,0,499,1968
y,0,0,500,539
y,0,0,501,-3888
y,0,0,502,4501
y,0,0,503,-6112
y,0,0,504,4519
y,0,0,505,-4016
y,0,0,506,529
y,0,0,507,2048
y,0,0,508,483
y,0,0,509,4080
y,0,0,510,-3571
y,0,0,511,2082
y,0,0,512,-3576
y,0,0,513,3996
y,0,0,514,584
y,0,0,515,2070
y,0,0,516,496
y,0,0,517,-4128
y,0,0,518,4528
y,0,0,519,-6006
y,0,0,520,4552
y,0,0,521,-4028
y,0,0,522,520
y,0,0,523,1950
y,0,0,524,496
y,0,0,525,3976
y,0,0,526,-3472
y,0,0,527,2018
y,0,0,528,-3464
y,0,0,529,3868
y,0,0,530,568
y,0,0,531,2006
y,0,0,532,480
y,0,0,533,-4000
y,0,0,534,4384
y,0,0,535,-5814
y,0,0,536,4408
y,0,0,537,-3900
y,0,0,538,504
y,0,0,539,1886
y,0,0,540,480
y,0,0,541,3848
y,0,0,542,-3360
y,0,0,543,1954
y,0,0,544,-3352
y,0,0,545,3740
y,0,0,546,552
y,0,0,547,1942
y,0,0,548,464
y,0,0,549,-3872
y,0,0,550,4240
y,0,0,551,-5622
y,0,0,552,4264
y,0,0,553,-3772
y,0,0,554,488
y,0,0,555,1822
y,0,0,556,464
y,0,0,557,3720
y,0,0,558,-3248
y,0,0,559,1890
y,0,0,560,-3240
y,0,0,561,3612
y,0,0,562,536
y,0,0,563,1878
y,0,0,564,448
y,0,0,565,-3744
y,0,0,566,4096
y,0,0,567,-5430
y,0,0,568,4120
y,0,0,569,-3644
y,0,0,570,472
y,0,0,571,1758
y,0,0,572,448
y,0,0,573,3592
y,0,0,574,-3136
y,0,0,575,1826
y,0,0,576,-3128
y,0,0,577,3484
y,0,0,578,520
y,0,0,579,1814
y,0,0,580,432
y,0,0,581,-3616
y,0,0,582,3952
y,0,0,583,-5238
y,0,0,584,3976
y,0,0,585,-3516
y,0,0,586,456
y,0,0,587,1694
y,0,0,588,432
y,0,0,589,3464
y,0,0,590,-3024
y,0,0,591,1762
y,0,0,592,-3016
y,0,0,593,3356
y,0,0,594,504
y,0,0,595,1750
y,0,0,596,416
y,0,0,597,-3488
y,0,0,598,3808
y,0,0,599,-5046
y,0,0,600,3832
y,0,0,601,-3388
y,0,0,602,440
y,0,0,603,1630
y,0,0,604,416
y,0,0,605,3336
y,0,0,606,-2912
y,0,0,607,1698
y,0,0,608,-2904
y,0,0,609,3228
y,0,0,610,488
y,0,0,611,1686
y,0,0,612,400
y,0,0,613,-3360
y,0,0,614,3664
y,0,0,615,-4854
y,0,0,616,3688
y,0,0,617,-3260
y,0,0,618,424
y,0,0,619,1566
y,0,0,620,400
y,0,0,621,3208
y,0,0,622,-2800
y,0,0,623,1634
y,0,0,624,-2792
y,0,0,625,3100
y,0,0,626,472
y,0,0,627,1622
y,0,0,628,384
y,0,0,629,-3232
y,0,0,630,3520
y,0,0,631,-4662
y,0,0,632,3544
y,0,0,633,-3132
y,0,0,634,408
y,0,0,635,1502
y,0,0,636,384
y,0,0,637,3080
y,0,0,638,-2688
y,0,0,639,1570
y,0,0,640,-2680
y,0,0,641,2972
y,0,0,642,456
y,0,0,643,1558
y,0,0,644,368
y,0,0,645,-3104
y,0,0,646,3376
y,0,0,647,-4470
y,0,0,648,3400
y,0,0,649,-3004
y,0,0,650,392
y,0,0,651,1438
y,0,0,652,368
y,0,0,653,2952
y,0,0,654,-2576
y,0,0,655,1506
y,0,0,656,-2568
y,0,0,657,2844
y,0,0,658,440
y,0,0,659,1494
y,0,0,660,352
y,0,0,661,-2976
y,0,0,662,3232
y,0,0,663,-4278
y,0,0,664,3256
y,0,0,665,-2876
y,0,0,666,376
y,0,0,667,1374
y,0,0,668,352
y,0,0,669,2824
y,0,0,670,-2464
y,0,0,671,1442
y,0,0,672,-2456
y,0,0,673,2716
y,0,0,674,424
y,0,0,675,1430
y,0,0,676,336
y,0,0,677,-2848
y,0,0,678,3088
y,0,0,679,-4086
y,0,0,680,3112
y,0,0,681,-2748
y,0,0,682,360
y,0,0,683,1310
y,0,0,684,336
y,0,0,685,2696
y,0,0,686,-2352
y,0,0,687,1378
y,0,0,688,-2344
y,0,0,689,2588
y,0,0,690,408
y,0,0,691,1366
y,0,0,692,320
y,0,0,693,-2720
y,0,0,694,2944
y,0,0,695,-3894
y,0,0,696,2968
y,0,0,697,-2620
y,0,0,698,344
y,0,0,699,1246
y,0,0,700,320
y,0,0,701,2568
y,0,0,702,-2240
y,0,0,703,1314
y,0,0,704,-2232
y,0,0,705,2460
y,0,0,706,392
y,0,0,707,1302
y,0,0,708,304
y,0,0,709,-2592
y,0,0,710,2800
y,0,0,711,-3702
y,0,0,712,2824
y,0,0,713,-2492
y,0,0,714,328
y,0,0,715,1182
y,0,0,716,304
y,0,0,717,2440
y,0,0,718,-2128
y,0,0,719,1250
y,0,0,720,-2120
y,0,0,721,2332
y,0,0,722,376
y,0,0,723,1238
y,0,0,724,288
y,0,0,725,-2464
y,0,0,726,2656
y,0,0,727,-3510
y,0,0,728,2680
y,0,0,729,-2364
y,0,0,730,312
y,0,0,731,1118
y,0,0,732,288
y,0,0,733,2312
y,0,0,734,-2016
y,0,0,735,1186
y,0,0,736,-2008
y,0,0,737,2204
y,0,0,738,360
y,0,0,739,1174
y,0,0,740,272
y,0,0,741,-2336
y,0,0,742,2512
y,0,0,743,-3318
y,0,0,744,2536
y,0,0,745,-2236
y,0,0,746,296
y,0,0,747,1054
y,0,0,748,272
y,0,0,749,2184
y,0,0,750,-1904
y,0,0,751,1122
y,0,0,752,-1896
y,0,0,753,2076
y,0,0,754,344
y,0,0,755,1110
y,0,0,756,256
y,0,0,757,-2208
y,0,0,758,2368
y,0,0,759,-3126
y,0,0,760,2392
y,0,0,761,-2108
y,0,0,762,280
y,0,0,763,990
y,0,0,764,256
y,0,0,765,2056
y,0,0,766,-1792
y,0,0,767,1058
y,0,0,768,-1784
y,0,0,769,1948
y,0,0,770,328
y,0,0,771,1046
y,0,0,772,240
y,0,0,773,-2080
y,0,0,774,2224
y,0,0,775,-2934
y,0,0,776,2248
y,0,0,777,-1980
y,0,0,778,264
y,0,0,779,926
y,0,0,780,240
y,0,0,781,1928
y,0,0,782,-1680
y,0,0,783,994
y,0,0,784,-1672
y,0,0,785,1820
y,0,0,786,312
y,0,0,787,982
y,0,0,788,224
y,0,0,789,-1952
y,0,0,790,2080
y,0,0,791,-2742
y,0,0,792,2104
y,0,0,793,-1852
y,0,0,794,248
y,0,0,795,862
y,0,0,796,224
y,0,0,797,1800
y,0,0,798,-1568
y,0,0,799,930
y,0,0,800,-1560
y,0,0,801,1692
y,0,0,802,296
y,0,0,803,918
y,0,0,804,208
y,0,0,805,-1824
y,0,0,806,1936
y,0,0,807,-2550
y,0,0,808,1960
y,0,0,809,-1724
y,0,0,810,232
y,0,0,811,798
y,0,0,812,208
y,0,0,813,1672
y,0,0,814,-1456
y,0,0,815,866
y,0,0,816,-1448
y,0,0,817,1564
y,0,0,818,280
y,0,0,819,854
y,0,0,820,192
y,0,0,821,-1696
y,0,0,822,1792
y,0,0,823,-2358
y,0,0,824,1816
y,0,0,825,-1596
y,0,0,826,216
y,0,0,827,734
y,0,0,828,192
y,0,0,829,1544
y,0,0,830,-1344
y,0,0,831,802
y,0,0,832,-1336
y,0,0,833,1436
y,0,0,834,264
y,0,0,835,790
y,0,0,836,176
y,0,0,837,-1568
y,0,0,838,1648
y,0,0,839,-2166
y,0,0,840,1672
y,0,0,841,-1468
y,0,0,842,200
y,0,0,843,670
y,0,0,844,176
y,0,0,845,1416
y,0,0,846,-1232
y,0,0,847,738
y,0,0,848,-1224
y,0,0,849,1308
y,0,0,850,248
y,0,0,851,726
y,0,0,852,160
y,0,0,853,-1440
y,0,0,854,1504
y,0,0,855,-1974
y,0,0,856,1528
y,0,0,857,-1340
y,0,0,858,184
y,0,0,859,606
y,0,0,860,160
y,0,0,861,1288
y,0,0,862,-1120
y,0,0,863,674
y,0,0,864,-1112
y,0,0,865,1180
y,0,0,866,232
y,0,0,867,662
y,0,0,868,144
y,0,0,869,-1312
y,0,0,870,1360
y,0,0,871,-1782
y,0,0,872,1384
y,0,0,873,-1212
y,0,0,874,168
y,0,0,875,542
y,0,0,876,144
y,0,0,877,1160
y,0,0,878,-1008
y,0,0,879,610
y,0,0,880,-1000
y,0,0,881,1052
y,0,0,882,216
y,0,0,883,598
y,0,0,884,128
y,0,0,885,-1184
y,0,0,886,1216
y,0,0,887,-1590
y,0,0,888,1240
y,0,0,889,-1084
y,0,0,890,152
y,0,0,891,478
y,0,0,892,128
y,0,0,893,1032
y,0,0,894,-896
y,0,0,895,546
y,0,0,896,-888
y,0,0,897,924
y,0,0,898,200
y,0,0,899,534
y,0,0,900,112
y,0,0,901,-1056
y,0,0,902,1072
y,0,0,903,-1398
y,0,0,904,1096
y,0,0,905,-956
y,0,0,906,136
y,0,0,907,414
y,0,0,908,112
y,0,0,909,904
y,0,0,910,-784
y,0,0,911,482
y,0,0,912,-776
y,0,0,913,796
y,0,0,914,184
y,0,0,915,470
y,0,0,916,96
y,0,0,917,-928
y,0,0,918,928
y,0,0,919,-1206
y,0,0,920,952
y,0,0,921,-828
y,0,0,922,120
y,0,0,923,350
y,0,0,924,96
y,0,0,925,776
y,0,0,926,-672
y,0,0,927,418
y,0,0,928,-664
y,0,0,929,668
y,0,0,930,168
y,0,0,931,406
y,0,0,932,80
y,0,0,933,-800
y,0,0,934,784
y,0,0,935,-1014
y,0,0,936,808
y,0,0,937,-700
y,0,0,938,104
y,0,0,939,286
y,0,0,940,80
y,0,0,941,648
y,0,0,942,-560
y,0,0,943,354
y,0,0,944,-552
y,0,0,945,540
y,0,0,946,152
y,0,0,947,342
y,0,0,948,64
y,0,0,949,-672
y,0,0,950,640
y,0,0,951,-822
y,0,0,952,664
y,0,0,953,-572
y,0,0,954,88
y,0,0,955,222
y,0,0,956,64
y,0,0,957,520
y,0,0,958,-448
y,0,0,959,290
y,0,0,960,-440
y,0,0,961,412
y,0,0,962,136
y,0,0,963,278
y,0,0,964,48
y,0,0,965,-544
y,0,0,966,496
y,0,0,967,-630
y,0,0,968,520
y,0,0,969,-444
y,0,0,970,72
y,0,0,971,158
y,0,0,972,48
y,0,0,973,392
y,0,0,974,-336
y,0,0,975,226
y,0,0,976,-328
y,0,0,977,284
y,0,0,978,120
y,0,0,979,214
y,0,0,980,32
y,0,0,981,-416
y,0,0,982,352
y,0,0,983,-438
y,0,0,984,376
y,0,0,985,-316
y,0,0,986,56
y,0,0,987,94
y,0,0,988,32
y,0,0,989,264
y,0,0,990,-224
y,0,0,991,162
y,0,0,992,-216
y,0,0,993,156
y,0,0,994,104
y,0,0,995,150
y,0,0,996,16
y,0,0,997,-288
y,0,0,998,208
y,0,0,999,-246
y,0,0,1000,232
y,0,0,1001,-188
y,0,0,1002,40
y,0,0,1003,30
y,0,0,1004,16
y,0,0,1005,136
y,0,0,1006,-112
y,0,0,1007,98
y,0,0,1008,-104
y,0,0,1009,28
y,0,0,1010,88
y,0,0,1011,86
y,0,0,1012,0
y,0,0,1013,-160
y,0,0,1014,64
y,0,0,1015,-54
y,0,0,1016,88
y,0,0,1017,-60
y,0,0,1018,24
y,0,0,1019,-34
y,0,0,1020,0
y,0,0,1021,8
y,0,0,1022,0
y,0,0,1023,0
y,1,0,0,20
y,1,0,1,-8
y,1,0,2,-62
y,1,0,3,72
y,1,0,4,-80
y,1,0,5,-16
y,1,0,6,30
y,1,0,7,-32
y,1,0,8,124
y,1,0,9,-24
y,1,0,10,-22
y,1,0,11,-24
y,1,0,12,136
y,1,0,13,16
y,1,0,14,54
y,1,0,15,16
y,1,0,16,-108
y,1,0,17,136
y,1,0,18,-254
y,1,0,19,216
y,1,0,20,-208
y,1,0,21,0
y,1,0,22,94
y,1,0,23,-16
y,1,0,24,252
y,1,0,25,-136
y,1,0,26,42
y,1,0,27,-136
y,1,0,28,264
y,1,0,29,32
y,1,0,30,118
y,1,0,31,32
y,1,0,32,-236
y,1,0,33,280
y,1,0,34,-446
y,1,0,35,360
y,1,0,36,-336
y,1,0,37,16
y,1,0,38,158
y,1,0,39,0
y,1,0,40,380
y,1,0,41,-248
y,1,0,42,106
y,1,0,43,-248
y,1,0,44,392
y,1,0,45,48
y,1,0,46,182
y,1,0,47,48
y,1,0,48,-364
y,1,0,49,424
y,1,0,50,-638
y,1,0,51,504
y,1,0,52,-464
y,1,0,53,32
y,1,0,54,222
y,1,0,55,16
y,1,0,56,508
y,1,0,57,-360
y,1,0,58,170
y,1,0,59,-360
y,1,0,60,520
y,1,0,61,64
y,1,0,62,246
y,1,0,63,64
y,1,0,64,-492
y,1,0,65,568
y,1,0,66,-830
y,1,0,67,648
y,1,0,68,-592
y,1,0,69,48
y,1,0,70,286
y,1,0,71,32
y,1,0,72,636
y,1,0,73,-472
y,1,0,74,234
y,1,0,75,-472
y,1,0,76,648
y,1,0,77,80
y,1,0,78,310
y,1,0,79,80
y,1,0,80,-620
y,1,0,81,712
y,1,0,82,-1022
y,1,0,83,792
y,1,0,84,-720
y,1,0,85,64
y,1,0,86,350
y,1,0,87,48
y,1,0,88,764
y,1,0,89,-584
y,1,0,90,298
y,1,0,91,-584
y,1,0,92,776
y,1,0,93,96
y,1,0,94,374
y,1,0,95,96
y,1,0,96,-748
y,1,0,97,856
y,1,0,98,-1214
y,1,0,99,936
y,1,0,100,-848
y,1,0,101,80
y,1,0,102,414
y,1,0,103,64
y,1,0,104,892
y,1,0,105,-696
y,1,0,106,362
y,1,0,107,-696
y,1,0,108,904
y,1,0,109,112
y,1,0,110,438
y,1,0,111,112
y,1,0,112,-876
y,1,0,113,1000
y,1,0,114,-1406
y,1,0,115,1080
y,1,0,116,-976
y,1,0,117,96
y,1,0,118,478
y,1,0,119,80
y,1,0,120,1020
y,1,0,121,-808
y,1,0,122,426
y,1,0,123,-808
y,1,0,124,1032
y,1,0,125,128
y,1,0,126,502
y,1,0,127,128
y,1,0,128,-1004
y,1,0,129,1144
y,1,0,130,-1598
y,1,0,131,1224
y,1,0,132,-1104
y,1,0,133,112
y,1,0,134,542
y,1,0,135,96
y,1,0,136,1148
y,1,0,137,-920
y,1,0,138,490
y,1,0,139,-920
y,1,0,140,1160
y,1,0,141,144
y,1,0,142,566
y,1,0,143,144
y,1,0,144,-1132
y,1,0,145,1288
y,1,0,146,-1790
y,1,0,147,1368
y,1,0,148,-1232
y,1,0,149,128
y,1,0,150,606
y,1,0,151,112
y,1,0,152,1276
y,1,0,153,-1032
y,1,0,154,554
y,1,0,155,-1032
y,1,0,156,1288
y,1,0,157,160
y,1,0,158,630
y,1,0,159,160
y,1,0,160,-1260
y,1,0,161,1432
y,1,0,162,-1982
y,1,0,163,1512
y,1,0,164,-1360
y,1,0,165,144
y,1,0,166,670
y,1,0,167,128
y,1,0,168,1404
y,1,0,169,-1144
y,1,0,170,618
y,1,0,171,-1144
y,1,0,172,1416
y,1,0,173,176
y,1,0,174,694
y,1,0,175,176
y,1,0,176,-1388
y,1,0,177,1576
y,1,0,178,-2174
y,1,0,179,1656
y,1,0,180,-1488
y,1,0,181,160
y,1,0,182,734
y,1,0,183,144
y,1,0,184,1532
y,1,0,185,-1256
y,1,0,186,682
y,1,0,187,-1256
y,1,0,188,1544
y,1,0,189,192
y,1,0,190,758
y,1,0,191,192
y,1,0,192,-1516
y,1,0,193,1720
y,1,0,194,-2366
y,1,0,195,1800
y,1,0,196,-1616
y,1,0,197,176
y,1,0,198,798
y,1,0,199,160
y,1,0,200,1660
y,1,0,201,-1368
y,1,0,202,746
y,1,0,203,-1368
y,1,0,204,1672
y,1,0,205,208
y,1,0,206,822
y,1,0,207,208
y,1,0,208,-1644
y,1,0,209,1864
y,1,0,210,-2558
y,1,0,211,1944
y,1,0,212,-1744
y,1,0,213,192
y,1,0,214,862
y,1,0,215,176
y,1,0,216,1788
y,1,0,217,-1480
y,1,0,218,810
y,1,0,219,-1480
y,1,0,220,1800
y,1,0,221,224
y,1,0,222,886
y,1,0,223,224
y,1,0,224,-1772
y,1,0,225,2008
y,1,0,226,-2750
y,1,0,227,2088
y,1,0,228,-1872
y,1,0,229,208
y,1,0,230,926
y,1,0,231,192
y,1,0,232,1916
y,1,0,233,-1592
y,1,0,234,874
y,1,0,235,-1592
y,1,0,236,1928
y,1,0,237,240
y,1,0,238,950
y,1,0,239,240
y,1,0,240,-1900
y,1,0,241,2152
y,1,0,242,-2942
y,1,0,243,2232
y,1,0,244,-2000
y,1,0,245,224
y,1,0,246,990
y,1,0,247,208
y,1,0,248,2044
y,1,0,249,-1704
y,1,0,250,938
y,1,0,251,-1704
y,1,0,252,2056
y,1,0,253,256
y,1,0,254,1014
y,1,0,255,256
y,1,0,256,-2028
y,1,0,257,2296
y,1,0,258,-3134
y,1,0,259,2376
y,1,0,260,-2128
y,1,0,261,240
y,1,0,262,1054
y,1,0,263,224
y,1,0,264,2172
y,1,0,265,-1816
y,1,0,266,1002
y,1,0,267,-1816
y,1,0,268,2184
y,1,0,269,272
y,1,0,270,1078
y,1,0,271,272
y,1,0,272,-2156
y,1,0,273,2440
y,1,0,274,-3326
y,1,0,275,2520
y,1,0,276,-2256
y,1,0,277,256
y,1,0,278,1118
y,1,0,279,240
y,1,0,280,2300
y,1,0,281,-1928
y,1,0,282,1066
y,1,0,283,-1928
y,1,0,284,2312
y,1,0,285,288
y,1,0,286,1142
y,1,0,287,288
y,1,0,288,-2284
y,1,0,289,2584
y,1,0,290,-3518
y,1,0,291,2664
y,1,0,292,-2384
y,1,0,293,272
y,1,0,294,1182
y,1,0,295,256
y,1,0,296,2428
y,1,0,297,-2040
y,1,0,298,1130
y,1,0,299,-2040
y,1,0,300,2440
y,1,0,301,304
y,1,0,302,1206
y,1,0,303,304
y,1,0,304,-2412
y,1,0,305,2728
y,1,0,306,-3710
y,1,0,307,2808
y,1,0,308,-2512
y,1,0,309,288
y,1,0,310,1246
y,1,0,311,272
y,1,0,312,2556
y,1,0,313,-2152
y,1,0,314,1194
y,1,0,315,-2152
y,1,0,316,2568
y,1,0,317,320
y,1,0,318,1270
y,1,0,319,320
y,1,0,320,-2540
y,1,0,321,2872
y,1,0,322,-3902
y,1,0,323,2952
y,1,0,324,-2640
y,1,0,325,304
y,1,0,326,1310
y,1,0,327,288
y,1,0,328,2684
y,1,0,329,-2264
y,1,0,330,1258
y,1,0,331,-2264
y,1,0,332,2696
y,1,0,333,336
y,1,0,334,1334
y,1,0,335,336
y,1,0,336,-2668
y,1,0,337,3016
y,1,0,338,-4094
y,1,0,339,3096
y,1,0,340,-2768
y,1,0,341,320
y,1,0,342,1374
y,1,0,343,304
y,1,0,344,2812
y,1,0,345,-2376
y,1,0,346,1322
y,1,0,347,-2376
y,1,0,348,2824
y,1,0,349,352
y,1,0,350,1398
y,1,0,351,352
y,1,0,352,-2796
y,1,0,353,3160
y,1,0,354,-4286
y,1,0,355,3240
y,1,0,356,-2896
y,1,0,357,336
y,1,0,358,1438
y,1,0,359,320
y,1,0,360,2940
y,1,0,361,-2488
y,1,0,362,1386
y,1,0,363,-2488
y,1,0,364,2952
y,1,0,365,368
y,1,0,366,1462
y,1,0,367,368
y,1,0,368,-2924
y,1,0,369,3304
y,1,0,370,-4478
y,1,0,371,3384
y,1,0,372,-3024
y,1,0,373,352
y,1,0,374,1502
y,1,0,375,336
y,1,0,376,3068
y,1,0,377,-2600
y,1,0,378,1450
y,1,0,379,-2600
y,1,0,380,3080
y,1,0,381,384
y,1,0,382,1526
y,1,0,383,384
y,1,0,384,-3052
y,1,0,385,3448
y,1,0,386,-4670
y,1,0,387,3528
y,1,0,388,-3152
y,1,0,389,368
y,1,0,390,1566
y,1,0,391,352
y,1,0,392,3196
y,1,0,393,-2712
y,1,0,394,1514
y,1,0,395,-2712
y,1,0,396,3208
y,1,0,397,400
y,1,0,398,1590
y,1,0,399,400
y,1,0,400,-3180
y,1,0,401,3592
y,1,0,402,-4862
y,1,0,403,3672
y,1,0,404,-3280
y,1,0,405,384
y,1,0,406,1630
y,1,0,407,368
y,1,0,408,3324
y,1,0,409,-2824
y,1,0,410,1578
y,1,0,411,-2824
y,1,0,412,3336
y,1,0,413,416
y,1,0,414,1654
y,1,0,415,416
y,1,0,416,-3308
y,1,0,417,3736
y,1,0,418,-5054
y,1,0,419,3816
y,1,0,420,-3408
y,1,0,421,400
y,1,0,422,1694
y,1,0,423,384
y,1,0,424,3452
y,1,0,425,-2936
y,1,0,426,1642
y,1,0,427,-2936
y,1,0,428,3464
y,1,0,429,432
y,1,0,430,1718
y,1,0,431,432
y,1,0,432,-3436
y,1,0,433,3880
y,1,0,434,-5246
y,1,0,435,3960
y,1,0,436,-3536
y,1,0,437,416
y,1,0,438,1758
y,1,0,439,400
y,1,0,440,3580
y,1,0,441,-3048
y,1,0,442,1706
y,1,0,443,-3048
y,1,0,444,3592
y,1,0,445,448
y,1,0,446,1782
y,1,0,447,448
y,1,0,448,-3564
y,1,0,449,4024
y,1,0,450,-5438
y,1,0,451,4104
y,1,0,452,-3664
y,1,0,453,432
y,1,0,454,1822
y,1,0,455,416
y,1,0,456,3708
y,1,0,457,-3160
y,1,0,458,1770
y,1,0,459,-3160
y,1,0,460,3720
y,1,0,461,464
y,1,0,462,1846
y,1,0,463,464
y,1,0,464,-3692
y,1,0,465,4168
y,1,0,466,-5630
y,1,0,467,4248
y,1,0,468,-3792
y,1,0,469,448
y,1,0,470,1886
y,1,0,471,432
y,1,0,472,3836
y,1,0,473,-3272
y,1,0,474,1834
y,1,0,475,-3272
y,1,0,476,3848
y,1,0,477,480
y,1,0,478,1910
y,1,0,479,480
y,1,0,480,-3820
y,1,0,481,4312
y,1,0,482,-5822
y,1,0,483,4392
y,1,0,484,-3920
y,1,0,485,464
y,1,0,486,1950
y,1,0,487,448
y,1,0,488,3964
y,1,0,489,-3384
y,1,0,490,1898
y,1,0,491,-3384
y,1,0,492,3976
y,1,0,493,496
y,1,0,494,1974
y,1,0,495,496
y,1,0,496,-3948
y,1,0,497,4456
y,1,0,498,-6014
y,1,0,499,4536
y,1,0,500,-4048
y,1,0,501,480
y,1,0,502,2014
y,1,0,503,464
y,1,0,504,4092
y,1,0,505,-3496
y,1,0,506,1962
y,1,0,507,-3496
y,1,0,508,4104
y,1,0,509,512
y,1,0,510,2038
y,1,0,511,493
y,1,0,512,-4144
y,1,0,513,4627
y,1,0,514,-6080
y,1,0,515,4529
y,1,0,516,-4032
y,1,0,517,503
y,1,0,518,2032
y,1,0,519,549
y,1,0,520,3968
y,1,0,521,-3573
y,1,0,522,2048
y,1,0,523,-3479
y,1,0,524,3968
y,1,0,525,495
y,1,0,526,1984
y,1,0,527,477
y,1,0,528,-4016
y,1,0,529,4483
y,1,0,530,-5888
y,1,0,531,4385
y,1,0,532,-3904
y,1,0,533,487
y,1,0,534,1968
y,1,0,535,533
y,1,0,536,3840
y,1,0,537,-3461
y,1,0,538,1984
y,1,0,539,-3367
y,1,0,540,3840
y,1,0,541,479
y,1,0,542,1920
y,1,0,543,461
y,1,0,544,-3888
y,1,0,545,4339
y,1,0,546,-5696
y,1,0,547,4241
y,1,0,548,-3776
y,1,0,549,471
y,1,0,550,1904
y,1,0,551,517
y,1,0,552,3712
y,1,0,553,-3349
y,1,0,554,1920
y,1,0,555,-3255
y,1,0,556,3712
y,1,0,557,463
y,1,0,558,1856
y,1,0,559,445
y,1,0,560,-3760
y,1,0,561,4195
y,1,0,562,-5504
y,1,0,563,4097
y,1,0,564,-3648
y,1,0,565,455
y,1,0,566,1840
y,1,0,567,501
y,1,0,568,3584
y,1,0,569,-3237
y,1,0,570,1856
y,1,0,571,-3143
y,1,0,572,3584
y,1,0,573,447
y,1,0,574,1792
y,1,0,575,429
y,1,0,576,-3632
y,1,0,577,4051
y,1,0,578,-5312
y,1,0,579,3953
y,1,0,580,-3520
y,1,0,581,439
y,1,0,582,1776
y,1,0,583,485
y,1,0,584,3456
y,1,0,585,-3125
y,1,0,586,1792
y,1,0,587,-3031
y,1,0,588,3456
y,1,0,589,431
y,1,0,590,1728
y,1,0,591,413
y,1,0,592,-3504
y,1,0,593,3907
y,1,0,594,-5120
y,1,0,595,3809
y,1,0,596,-3392
y,1,0,597,423
y,1,0,598,1712
y,1,0,599,469
y,1,0,600,3328
y,1,0,601,-3013
y,1,0,602,1728
y,1,0,603,-2919
y,1,0,604,3328
y,1,0,605,415
y,1,0,606,1664
y,1,0,607,397
y,1,0,608,-3376
y,1,0,609,3763
y,1,0,610,-4928
y,1,0,611,3665
y,1,0,612,-3264
y,1,0,613,407
y,1,0,614,1648
y,1,0,615,453
y,1,0,616,3200
y,1,0,617,-2901
y,1,0,618,1664
y,1,0,619,-2807
y,1,0,620,3200
y,1,0,621,399
y,1,0,622,1600
y,1,0,623,381
y,1,0,624,-3248
y,1,0,625,3619
y,1,0,626,-4736
y,1,0,627,3521
y,1,0,628,-3136
y,1,0,629,391
y,1,0,630,1584
y,1,0,631,437
y,1,0,632,3072
y,1,0,633,-2789
y,1,0,634,1600
y,1,0,635,-2695
y,1,0,636,3072
y,1,0,637,383
y,1,0,638,1536
y,1,0,639,365
y,1,0,640,-3120
y,1,0,641,3475
y,1,0,642,-4544
y,1,0,643,3377
y,1,0,644,-3008
y,1,0,645,375
y,1,0,646,1520
y,1,0,647,421
y,1,0,648,2944
y,1,0,649,-2677
y,1,0,650,1536
y,1,0,651,-2583
y,1,0,652,2944
y,1,0,653,367
y,1,0,654,1472
y,1,0,655,349
y,1,0,656,-2992
y,1,0,657,3331
y,1,0,658,-4352
y,1,0,659,3233
y,1,0,660,-2880
y,1,0,661,359
y,1,0,662,1456
y,1,0,663,405
y,1,0,664,2816
y,1,0,665,-2565
y,1,0,666,1472
y,1,0,667,-2471
y,1,0,668,2816
y,1,0,669,351
y,1,0,670,1408
y,1,0,671,333
y,1,0,672,-2864
y,1,0,673,3187
y,1,0,674,-4160
y,1,0,675,3089
y,1,0,676,-2752
y,1,0,677,343
y,1,0,678,1392
y,1,0,679,389
y,1,0,680,2688
y,1,0,681,-2453
y,1,0,682,1408
y,1,0,683,-2359
y,1,0,684,2688
y,1,0,685,335
y,1,0,686,1344
y,1,0,687,317
y,1,0,688,-2736
y,1,0,689,3043
y,1,0,690,-3968
y,1,0,691,2945
y,1,0,692,-2624
y,1,0,693,327
y,1,0,694,1328
y,1,0,695,373
y,1,0,696,2560
y,1,0,697,-2341
y,1,0,698,1344
y,1,0,699,-2247
y,1,0,700,2560
y,1,0,701,319
y,1,0,702,1280
y,1,0,703,301
y,1,0,704,-2608
y,1,0,705,2899
y,1,0,706,-3776
y,1,0,707,2801
y,1,0,708,-2496
y,1,0,709,311
y,1,0,710,1264
y,1,0,711,357
y,1,0,712,2432
y,1,0,713,-2229
y,1,0,714,1280
y,1,0,715,-2135
y,1,0,716,2432
y,1,0,717,303
y,1,0,718,1216
y,1,0,719,285
y,1,0,720,-2480
y,1,0,721,2755
y,1,0,722,-3584
y,1,0,723,2657
y,1,0,724,-2368
y,1,0,725,295
y,1,0,726,1200
y,1,0,727,341
y,1,0,728,2304
y,1,0,729,-2117
y,1,0,730,1216
y,1,0,731,-2023
y,1,0,732,2304
y,1,0,733,287
y,1,0,734,1152
y,1,0,735,269
y,1,0,736,-2352
y,1,0,737,2611
y,1,0,738,-3392
y,1,0,739,2513
y,1,0,740,-2240
y,1,0,741,279
y,1,0,742,1136
y,1,0,743,325
y,1,0,744,2176
y,1,0,745,-2005
y,1,0,746,1152
y,1,0,747,-1911
y,1,0,748,2176
y,1,0,749,271
y,1,0,750,1088
y,1,0,751,253
y,1,0,752,-2224
y,1,0,753,2467
y,1,0,754,-3200
y,1,0,755,2369
y,1,0,756,-2112
y,1,0,757,263
y,1,0,758,1072
y,1,0,759,309
y,1,0,760,2048
y,1,0,761,-1893
y,1,0,762,1088
y,1,0,763,-1799
y,1,0,764,2048
y,1,0,765,255
y,1,0,766,1024
y,1,0,767,237
y,1,0,768,-2096
y,1,0,769,2323
y,1,0,770,-3008
y,1,0,771,2225
y,1,0,772,-1984
y,1,0,773,247
y,1,0,774,1008
y,1,0,775,293
y,1,0,776,1920
y,1,0,777,-1781
y,1,0,778,1024
y,1,0,779,-1687
y,1,0,780,1920
y,1,0,781,239
y,1,0,782,960
y,1,0,783,221
y,1,0,784,-1968
y,1,0,785,2179
y,1,0,786,-2816
y,1,0,787,2081
y,1,0,788,-1856
y,1,0,789,231
y,1,0,790,944
y,1,0,791,277
y,1,0,792,1792
y,1,0,793,-1669
y,1,0,794,960
y,1,0,795,-1575
y,1,0,796,1792
y,1,0,797,223
y,1,0,798,896
y,1,0,799,205
y,1,0,800,-1840
y,1,0,801,2035
y,1,0,802,-2624
y,1,0,803,1937
y,1,0,804,-1728
y,1,0,805,215
y,1,0,806,880
y,1,0,807,261
y,1,0,808,1664
y,1,0,809,-1557
y,1,0,810,896
y,1,0,811,-1463
y,1,0,812,1664
y,1,0,813,207
y,1,0,814,832
y,1,0,815,189
y,1,0,816,-1712
y,1,0,817,1891
y,1,0,818,-2432
y,1,0,819,1793
y,1,0,820,-1600
y,1,0,821,199
y,1,0,822,816
y,1,0,823,245
y,1,0,824,1536
y,1,0,825,-1445
y,1,0,826,832
y,1,0,827,-1351
y,1,0,828,1536
y,1,0,829,191
y,1,0,830,768
y,1,0,831,173
y,1,0,832,-1584
y,1,0,833,1747
y,1,0,834,-2240
y,1,0,835,1649
y,1,0,836,-1472
y,1,0,837,183
y,1,0,838,752
y,1,0,839,229
y,1,0,840,1408
y,1,0,841,-1333
y,1,0,842,768
y,1,0,843,-1239
y,1,0,844,1408
y,1,0,845,175
y,1,0,846,704
y,1,0,847,157
y,1,0,848,-1456
y,1,0,849,1603
y,1,0,850,-2048
y,1,0,851,1505
y,1,0,852,-1344
y,1,0,853,167
y,1,0,854,688
y,1,0,855,213
y,1,0,856,1280
y,1,0,857,-1221
y,1,0,858,704
y,1,0,859,-1127
y,1,0,860,1280
y,1,0,861,159
y,1,0,862,640
y,1,0,863,141
y,1,0,864,-1328
y,1,0,865,1459
y,1,0,866,-1856
y,1,0,867,1361
y,1,0,868,-1216
y,1,0,869,151
y,1,0,870,624
y,1,0,871,197
y,1,0,872,1152
y,1,0,873,-1109
y,1,0,874,640
y,1,0,875,-1015
y,1,0,876,1152
y,1,0,877,143
y,1,0,878,576
y,1,0,879,125
y,1,0,880,-1200
y,1,0,881,1315
y,1,0,882,-1664
y,1,0,883,1217
y,1,0,884,-1088
y,1,0,885,135
y,1,0,886,560
y,1,0,887,181
y,1,0,888,1024
y,1,0,889,-997
y,1,0,890,576
y,1,0,891,-903
y,1,0,892,1024
y,1,0,893,127
y,1,0,894,512
y,1,0,895,109
y,1,0,896,-1072
y,1,0,897,1171
y,1,0,898,-1472
y,1,0,899,1073
y,1,0,900,-960
y,1,0,901,119
y,1,0,902,496
y,1,0,903,165
y,1,0,904,896
y,1,0,905,-885
y,1,0,906,512
y,1,0,907,-791
y,1,0,908,896
y,1,0,909,111
y,1,0,910,448
y,1,0,911,93
y,1,0,912,-944
y,1,0,913,1027
y,1,0,914,-1280
y,1,0,915,929
y,1,0,916,-832
y,1,0,917,103
y,1,0,918,432
y,1,0,919,149
y,1,0,920,768
y,1,0,921,-773
y,1,0,922,448
y,1,0,923,-679
y,1,0,924,768
y,1,0,925,95
y,1,0,926,384
y,1,0,927,77
y,1,0,928,-816
y,1,0,929,883
y,1,0,930,-1088
y,1,0,931,785
y,1,0,932,-704
y,1,0,933,87
y,1,0,934,368
y,1,0,935,133
y,1,0,936,640
y,1,0,937,-661
y,1,0,938,384
y,1,0,939,-567
y,1,0,940,640
y,1,0,941,79
y,1,0,942,320
y,1,0,943,61
y,1,0,944,-688
y,1,0,945,739
y,1,0,946,-896
y,1,0,947,641
y,1,0,948,-576
y,1,0,949,71
y,1,0,950,304
y,1,0,951,117
y,1,0,952,512
y,1,0,953,-549
y,1,0,954,320
y,1,0,955,-455
y,1,0,956,512
y,1,0,957,63
y,1,0,958,256
y,1,0,959,45
y,1,0,960,-560
y,1,0,961,595
y,1,0,962,-704
y,1,0,963,497
y,1,0,964,-448
y,1,0,965,55
y,1,0,966,240
y,1,0,967,101
y,1,0,968,384
y,1,0,969,-437
y,1,0,970,256
y,1,0,971,-343
y,1,0,972,384
y,1,0,973,47
y,1,0,974,192
y,1,0,975,29
y,1,0,976,-432
y,1,0,977,451
y,1,0,978,-512
y,1,0,979,353
y,1,0,980,-320
y,1,0,981,39
y,1,0,982,176
y,1,0,983,85
y,1,0,984,256
y,1,0,985,-325
y,1,0,986,192
y,1,0,987,-231
y,1,0,988,256
y,1,0,989,31
y,1,0,990,128
y,1,0,991,13
y,1,0,992,-304
y,1,0,993,307
y,1,0,994,-320
y,1,0,995,209
y,1,0,996,-192
y,1,0,997,23
y,1,0,998,112
y,1,0,999,69
y,1,0,1000,128
y,1,0,1001,-213
y,1,0,1002,128
y,1,0,1003,-119
y,1,0,1004,128
y,1,0,1005,15
y,1,0,1006,64
y,1,0,1007,-3
y,1,0,1008,-176
y,1,0,1009,163
y,1,0,1010,-128
y,1,0,1011,65
y,1,0,1012,-64
y,1,0,1013,7
y,1,0,1014,48
y,1,0,1015,53
y,1,0,1016,0
y,1,0,1017,-101
y,1,0,1018,64
y,1,0,1019,-7
y,1,0,1020,0
y,1,0,1021,-1
y,1,0,1022,0
y,1,0,1023,0
y,2,0,0,-7
y,2,0,1,0
y,2,0,2,27
y,2,0,3,48
y,2,0,4,53
y,2,0,5,-16
y,2,0,6,-57
y,2,0,7,112
y,2,0,8,-31
y,2,0,9,16
y,2,0,10,19
y,2,0,11,-32
y,2,0,12,109
y,2,0,13,-192
y,2,0,14,143
y,2,0,15,-128
y,2,0,16,9
y,2,0,17,64
y,2,0,18,43
y,2,0,19,176
y,2,0,20,-59
y,2,0,21,48
y,2,0,22,-169
y,2,0,23,240
y,2,0,24,-15
y,2,0,25,80
y,2,0,26,35
y,2,0,27,-160
y,2,0,28,253
y,2,0,29,-384
y,2,0,30,287
y,2,0,31,-256
y,2,0,32,25
y,2,0,33,128
y,2,0,34,59
y,2,0,35,304
y,2,0,36,-171
y,2,0,37,112
y,2,0,38,-281
y,2,0,39,368
y,2,0,40,1
y,2,0,41,144
y,2,0,42,51
y,2,0,43,-288
y,2,0,44,397
y,2,0,45,-576
y,2,0,46,431
y,2,0,47,-384
y,2,0,48,41
y,2,0,49,192
y,2,0,50,75
y,2,0,51,432
y,2,0,52,-283
y,2,0,53,176
y,2,0,54,-393
y,2,0,55,496
y,2,0,56,17
y,2,0,57,208
y,2,0,58,67
y,2,0,59,-416
y,2,0,60,541
y,2,0,61,-768
y,2,0,62,575
y,2,0,63,-512
y,2,0,64,57
y,2,0,65,256
y,2,0,66,91
y,2,0,67,560
y,2,0,68,-395
y,2,0,69,240
y,2,0,70,-505
y,2,0,71,624
y,2,0,72,33
y,2,0,73,272
y,2,0,74,83
y,2,0,75,-544
y,2,0,76,685
y,2,0,77,-960
y,2,0,78,719
y,2,0,79,-640
y,2,0,80,73
y,2,0,81,320
y,2,0,82,107
y,2,0,83,688
y,2,0,84,-507
y,2,0,85,304
y,2,0,86,-617
y,2,0,87,752
y,2,0,88,49
y,2,0,89,336
y,2,0,90,99
y,2,0,91,-672
y,2,0,92,829
y,2,0,93,-1152
y,2,0,94,863
y,2,0,95,-768
y,2,0,96,89
y,2,0,97,384
y,2,0,98,123
y,2,0,99,816
y,2,0,100,-619
y,2,0,101,368
y,2,0,102,-729
y,2,0,103,880
y,2,0,104,65
y,2,0,105,400
y,2,0,106,115
y,2,0,107,-800
y,2,0,108,973
y,2,0,109,-1344
y,2,0,110,1007
y,2,0,111,-896
y,2,0,112,105
y,2,0,113,448
y,2,0,114,139
y,2,0,115,944
y,2,0,116,-731
y,2,0,117,432
y,2,0,118,-841
y,2,0,119,1008
y,2,0,120,81
y,2,0,121,464
y,2,0,122,131
y,2,0,123,-928
y,2,0,124,1117
y,2,0,125,-1536
y,2,0,126,1151
y,2,0,127,-1024
y,2,0,128,121
y,2,0,129,512
y,2,0,130,155
y,2,0,131,1072
y,2,0,132,-843
y,2,0,133,496
y,2,0,134,-953
y,2,0,135,1136
y,2,0,136,97
y,2,0,137,528
y,2,0,138,147
y,2,0,139,-1056
y,2,0,140,1261
y,2,0,141,-1728
y,2,0,142,1295
y,2,0,143,-1152
y,2,0,144,137
y,2,0,145,576
y,2,0,146,171
y,2,0,147,1200
y,2,0,148,-955
y,2,0,149,560
y,2,0,150,-1065
y,2,0,151,1264
y,2,0,152,113
y,2,0,153,592
y,2,0,154,163
y,2,0,155,-1184
y,2,0,156,1405
y,2,0,157,-1920
y,2,0,158,1439
y,2,0,159,-1280
y,2,0,160,153
y,2,0,161,640
y,2,0,162,187
y,2,0,163,1328
y,2,0,164,-1067
y,2,0,165,624
y,2,0,166,-1177
y,2,0,167,1392
y,2,0,168,129
y,2,0,169,656
y,2,0,170,179
y,2,0,171,-1312
y,2,0,172,1549
y,2,0,173,-2112
y,2,0,174,1583
y,2,0,175,-1408
y,2,0,176,169
y,2,0,177,704
y,2,0,178,203
y,2,0,179,1456
y,2,0,180,-1179
y,2,0,181,688
y,2,0,182,-1289
y,2,0,183,1520
y,2,0,184,145
y,2,0,185,720
y,2,0,186,195
y,2,0,187,-1440
y,2,0,188,1693
y,2,0,189,-2304
y,2,0,190,1727
y,2,0,191,-1536
y,2,0,192,185
y,2,0,193,768
y,2,0,194,219
y,2,0,195,1584
y,2,0,196,-1291
y,2,0,197,752
y,2,0,198,-1401
y,2,0,199,1648
y,2,0,200,161
y,2,0,201,784
y,2,0,202,211
y,2,0,203,-1568
y,2,0,204,1837
y,2,0,205,-2496
y,2,0,206,1871
y,2,0,207,-1664
y,2,0,208,201
y,2,0,209,832
y,2,0,210,235
y,2,0,211,1712
y,2,0,212,-1403
y,2,0,213,816
y,2,0,214,-1513
y,2,0,215,1776
y,2,0,216,177
y,2,0,217,848
y,2,0,218,227
y,2,0,219,-1696
y,2,0,220,1981
y,2,0,221,-2688
y,2,0,222,2015
y,2,0,223,-1792
y,2,0,224,217
y,2,0,225,896
y,2,0,226,251
y,2,0,227,1840
y,2,0,228,-1515
y,2,0,229,880
y,2,0,230,-1625
y,2,0,231,1904
y,2,0,232,193
y,2,0,233,912
y,2,0,234,243
y,2,0,235,-1824
y,2,0,236,2125
y,2,0,237,-2880
y,2,0,238,2159
y,2,0,239,-1920
y,2,0,240,233
y,2,0,241,960
y,2,0,242,267
y,2,0,243,1968
y,2,0,244,-1627
y,2,0,245,944
y,2,0,246,-1737
y,2,0,247,2032
y,2,0,248,209
y,2,0,249,976
y,2,0,250,259
y,2,0,251,-1952
y,2,0,252,2269
y,2,0,253,-3072
y,2,0,254,2303
y,2,0,255,-2048
y,2,0,256,249
y,2,0,257,1024
y,2,0,258,283
y,2,0,259,2096
y,2,0,260,-1739
y,2,0,261,1008
y,2,0,262,-1849
y,2,0,263,2160
y,2,0,264,225
y,2,0,265,1040
y,2,0,266,275
y,2,0,267,-2080
y,2,0,268,2413
y,2,0,269,-3264
y,2,0,270,2447
y,2,0,271,-2176
y,2,0,272,265
y,2,0,273,1088
y,2,0,274,299
y,2,0,275,2224
y,2,0,276,-1851
y,2,0,277,1072
y,2,0,278,-1961
y,2,0,279,2288
y,2,0,280,241
y,2,0,281,1104
y,2,0,282,291
y,2,0,283,-2208
y,2,0,284,2557
y,2,0,285,-3456
y,2,0,286,2591
y,2,0,287,-2304
y,2,0,288,281
y,2,0,289,1152
y,2,0,290,315
y,2,0,291,2352
y,2,0,292,-1963
y,2,0,293,1136
y,2,0,294,-2073
y,2,0,295,2416
y,2,0,296,257
y,2,0,297,1168
y,2,0,298,307
y,2,0,299,-2336
y,2,0,300,2701
y,2,0,301,-3648
y,2,0,302,2735
y,2,0,303,-2432
y,2,0,304,297
y,2,0,305,1216
y,2,0,306,331
y,2,0,307,2480
y,2,0,308,-2075
y,2,0,309,1200
y,2,0,310,-2185
y,2,0,311,2544
y,2,0,312,273
y,2,0,313,1232
y,2,0,314,323
y,2,0,315,-2464
y,2,0,316,2845
y,2,0,317,-3840
y,2,0,318,2879
y,2,0,319,-2560
y,2,0,320,313
y,2,0,321,1280
y,2,0,322,347
y,2,0,323,2608
y,2,0,324,-2187
y,2,0,325,1264
y,2,0,326,-2297
y,2,0,327,2672
y,2,0,328,289
y,2,0,329,1296
y,2,0,330,339
y,2,0,331,-2592
y,2,0,332,2989
y,2,0,333,-4032
y,2,0,334,3023
y,2,0,335,-2688
y,2,0,336,329
y,2,0,337,1344
y,2,0,338,363
y,2,0,339,2736
y,2,0,340,-2299
y,2,0,341,1328
y,2,0,342,-2409
y,2,0,343,2800
y,2,0,344,305
y,2,0,345,1360
y,2,0,346,355
y,2,0,347,-2720
y,2,0,348,3133
y,2,0,349,-4224
y,2,0,350,3167
y,2,0,351,-2816
y,2,0,352,345
y,2,0,353,1408
y,2,0,354,379
y,2,0,355,2864
y,2,0,356,-2411
y,2,0,357,1392
y,2,0,358,-2521
y,2,0,359,2928
y,2,0,360,321
y,2,0,361,1424
y,2,0,362,371
y,2,0,363,-2848
y,2,0,364,3277
y,2,0,365,-4416
y,2,0,366,3311
y,2,0,367,-2944
y,2,0,368,361
y,2,0,369,1472
y,2,0,370,395
y,2,0,371,2992
y,2,0,372,-2523
y,2,0,373,1456
y,2,0,374,-2633
y,2,0,375,3056
y,2,0,376,337
y,2,0,377,1488
y,2,0,378,387
y,2,0,379,-2976
y,2,0,380,3421
y,2,0,381,-4608
y,2,0,382,3455
y,2,0,383,-3072
y,2,0,384,377
y,2,0,385,1536
y,2,0,386,411
y,2,0,387,3120
y,2,0,388,-2635
y,2,0,389,1520
y,2,0,390,-2745
y,2,0,391,3184
y,2,0,392,353
y,2,0,393,1552
y,2,0,394,403
y,2,0,395,-3104
y,2,0,396,3565
y,2,0,397,-4800
y,2,0,398,3599
y,2,0,399,-3200
y,2,0,400,393
y,2,0,401,1600
y,2,0,402,427
y,2,0,403,3248
y,2,0,404,-2747
y,2,0,405,1584
y,2,0,406,-2857
y,2,0,407,3312
y,2,0,408,369
y,2,0,409,1616
y,2,0,410,419
y,2,0,411,-3232
y,2,0,412,3709
y,2,0,413,-4992
y,2,0,414,3743
y,2,0,415,-3328
y,2,0,416,409
y,2,0,417,1664
y,2,0,418,443
y,2,0,419,3376
y,2,0,420,-2859
y,2,0,421,1648
y,2,0,422,-2969
y,2,0,423,3440
y,2,0,424,385
y,2,0,425,1680
y,2,0,426,435
y,2,0,427,-3360
y,2,0,428,3853
y,2,0,429,-5184
y,2,0,430,3887
y,2,0,431,-3456
y,2,0,432,425
y,2,0,433,1728
y,2,0,434,459
y,2,0,435,3504
y,2,0,436,-2971
y,2,0,437,1712
y,2,0,438,-3081
y,2,0,439,3568
y,2,0,440,401
y,2,0,441,1744
y,2,0,442,451
y,2,0,443,-3488
y,2,0,444,3997
y,2,0,445,-5376
y,2,0,446,4031
y,2,0,447,-3584
y,2,0,448,441
y,2,0,449,1792
y,2,0,450,475
y,2,0,451,3632
y,2,0,452,-3083
y,2,0,453,1776
y,2,0,454,-3193
y,2,0,455,3696
y,2,0,456,417
y,2,0,457,1808
y,2,0,458,467
y,2,0,459,-3616
y,2,0,460,4141
y,2,0,461,-5568
y,2,0,462,4175
y,2,0,463,-3712
y,2,0,464,457
y,2,0,465,1856
y,2,0,466,491
y,2,0,467,3760
y,2,0,468,-3195
y,2,0,469,1840
y,2,0,470,-3305
y,2,0,471,3824
y,2,0,472,433
y,2,0,473,1872
y,2,0,474,483
y,2,0,475,-3744
y,2,0,476,4285
y,2,0,477,-5760
y,2,0,478,4319
y,2,0,479,-3840
y,2,0,480,473
y,2,0,481,1920
y,2,0,482,507
y,2,0,483,3888
y,2,0,484,-3307
y,2,0,485,1904
y,2,0,486,-3417
y,2,0,487,3952
y,2,0,488,449
y,2,0,489,1936
y,2,0,490,499
y,2,0,491,-3872
y,2,0,492,4429
y,2,0,493,-5952
y,2,0,494,4463
y,2,0,495,-3968
y,2,0,496,489
y,2,0,497,1984
y,2,0,498,523
y,2,0,499,4016
y,2,0,500,-3419
y,2,0,501,1968
y,2,0,502,-3529
y,2,0,503,4080
y,2,0,504,465
y,2,0,505,2000
y,2,0,506,515
y,2,0,507,-4000
y,2,0,508,4573
y,2,0,509,-6144
y,2,0,510,4607
y,2,0,511,-4088
y,2,0,512,536
y,2,0,513,2026
y,2,0,514,472
y,2,0,515,4044
y,2,0,516,-3632
y,2,0,517,2078
y,2,0,518,-3552
y,2,0,519,3968
y,2,0,520,536
y,2,0,521,2034
y,2,0,522,504
y,2,0,523,-3980
y,2,0,524,4480
y,2,0,525,-5962
y,2,0,526,4464
y,2,0,527,-3960
y,2,0,528,520
y,2,0,529,1962
y,2,0,530,456
y,2,0,531,3916
y,2,0,532,-3520
y,2,0,533,2014
y,2,0,534,-3440
y,2,0,535,3840
y,2,0,536,520
y,2,0,537,1970
y,2,0,538,488
y,2,0,539,-3852
y,2,0,540,4336
y,2,0,541,-5770
y,2,0,542,4320
y,2,0,543,-3832
y,2,0,544,504
y,2,0,545,1898
y,2,0,546,440
y,2,0,547,3788
y,2,0,548,-3408
y,2,0,549,1950
y,2,0,550,-3328
y,2,0,551,3712
y,2,0,552,504
y,2,0,553,1906
y,2,0,554,472
y,2,0,555,-3724
y,2,0,556,4192
y,2,0,557,-5578
y,2,0,558,4176
y,2,0,559,-3704
y,2,0,560,488
y,2,0,561,1834
y,2,0,562,424
y,2,0,563,3660
y,2,0,564,-3296
y,2,0,565,1886
y,2,0,566,-3216
y,2,0,567,3584
y,2,0,568,488
y,2,0,569,1842
y,2,0,570,456
y,2,0,571,-3596
y,2,0,572,4048
y,2,0,573,-5386
y,2,0,574,4032
y,2,0,575,-3576
y,2,0,576,472
y,2,0,577,1770
y,2,0,578,408
y,2,0,579,3532
y,2,0,580,-3184
y,2,0,581,1822
y,2,0,582,-3104
y,2,0,583,3456
y,2,0,584,472
y,2,0,585,1778
y,2,0,586,440
y,2,0,587,-3468
y,2,0,588,3904
y,2,0,589,-5194
y,2,0,590,3888
y,2,0,591,-3448
y,2,0,592,456
y,2,0,593,1706
y,2,0,594,392
y,2,0,595,3404
y,2,0,596,-3072
y,2,0,597,1758
y,2,0,598,-2992
y,2,0,599,3328
y,2,0,600,456
y,2,0,601,1714
y,2,0,602,424
y,2,0,603,-3340
y,2,0,604,3760
y,2,0,605,-5002
y,2,0,606,3744
y,2,0,607,-3320
y,2,0,608,440
y,2,0,609,1642
y,2,0,610,376
y,2,0,611,3276
y,2,0,612,-2960
y,2,0,613,1694
y,2,0,614,-2880
y,2,0,615,3200
y,2,0,616,440
y,2,0,617,1650
y,2,0,618,408
y,2,0,619,-3212
y,2,0,620,3616
y,2,0,621,-4810
y,2,0,622,3600
y,2,0,623,-3192
y,2,0,624,424
y,2,0,625,1578
y,2,0,626,360
y,2,0,627,3148
y,2,0,628,-2848
y,2,0,629,1630
y,2,0,630,-2768
y,2,0,631,3072
y,2,0,632,424
y,2,0,633,1586
y,2,0,634,392
y,2,0,635,-3084
y,2,0,636,3472
y,2,0,637,-4618
y,2,0,638,3456
y,2,0,639,-3064
y,2,0,640,408
y,2,0,641,1514
y,2,0,642,344
y,2,0,643,3020
y,2,0,644,-2736
y,2,0,645,1566
y,2,0,646,-2656
y,2,0,647,2944
y,2,0,648,408
y,2,0,649,1522
y,2,0,650,376
y,2,0,651,-2956
y,2,0,652,3328
y,2,0,653,-4426
y,2,0,654,3312
y,2,0,655,-2936
y,2,0,656,392
y,2,0,657,1450
y,2,0,658,328
y,2,0,659,2892
y,2,0,660,-2624
y,2,0,661,1502
y,2,0,662,-2544
y,2,0,663,2816
y,2,0,664,392
y,2,0,665,1458
y,2,0,666,360
y,2,0,667,-2828
y,2,0,668,3184
y,2,0,669,-4234
y,2,0,670,3168
y,2,0,671,-2808
y,2,0,672,376
y,2,0,673,1386
y,2,0,674,312
y,2,0,675,2764
y,2,0,676,-2512
y,2,0,677,1438
y,2,0,678,-2432
y,2,0,679,2688
y,2,0,680,376
y,2,0,681,1394
y,2,0,682,344
y,2,0,683,-2700
y,2,0,684,3040
y,2,0,685,-4042
y,2,0,686,3024
y,2,0,687,-2680
y,2,0,688,360
y,2,0,689,1322
y,2,0,690,296
y,2,0,691,2636
y,2,0,692,-2400
y,2,0,693,1374
y,2,0,694,-2320
y,2,0,695,2560
y,2,0,696,360
y,2,0,697,1330
y,2,0,698,328
y,2,0,699,-2572
y,2,0,700,2896
y,2,0,701,-3850
y,2,0,702,2880
y,2,0,703,-2552
y,2,0,704,344
y,2,0,705,1258
y,2,0,706,280
y,2,0,707,2508
y,2,0,708,-2288
y,2,0,709,1310
y,2,0,710,-2208
y,2,0,711,2432
y,2,0,712,344
y,2,0,713,1266
y,2,0,714,312
y,2,0,715,-2444
y,2,0,716,2752
y,2,0,717,-3658
y,2,0,718,2736
y,2,0,719,-2424
y,2,0,720,328
y,2,0,721,1194
y,2,0,722,264
y,2,0,723,2380
y,2,0,724,-2176
y,2,0,725,1246
y,2,0,726,-2096
y,2,0,727,2304
y,2,0,728,328
y,2,0,729,1202
y,2,0,730,296
y,2,0,731,-2316
y,2,0,732,2608
y,2,0,733,-3466
y,2,0,734,2592
y,2,0,735,-2296
y,2,0,736,312
y,2,0,737,1130
y,2,0,738,248
y,2,0,739,2252
y,2,0,740,-2064
y,2,0,741,1182
y,2,0,742,-1984
y,2,0,743,2176
y,2,0,744,312
y,2,0,745,1138
y,2,0,746,280
y,2,0,747,-2188
y,2,0,748,2464
y,2,0,749,-3274
y,2,0,750,2448
y,2,0,751,-2168
y,2,0,752,296
y,2,0,753,1066
y,2,0,754,232
y,2,0,755,2124
y,2,0,756,-1952
y,2,0,757,1118
y,2,0,758,-1872
y,2,0,759,2048
y,2,0,760,296
y,2,0,761,1074
y,2,0,762,264
y,2,0,763,-2060
y,2,0,764,2320
y,2,0,765,-3082
y,2,0,766,2304
y,2,0,767,-2040
y,2,0,768,280
y,2,0,769,1002
y,2,0,770,216
y,2,0,771,1996
y,2,0,772,-1840
y,2,0,773,1054
y,2,0,774,-1760
y,2,0,775,1920
y,2,0,776,280
y,2,0,777,1010
y,2,0,778,248
y,2,0,779,-1932
y,2,0,780,2176
y,2,0,781,-2890
y,2,0,782,2160
y,2,0,783,-1912
y,2,0,784,264
y,2,0,785,938
y,2,0,786,200
y,2,0,787,1868
y,2,0,788,-1728
y,2,0,789,990
y,2,0,790,-1648
y,2,0,791,1792
y,2,0,792,264
y,2,0,793,946
y,2,0,794,232
y,2,0,795,-1804
y,2,0,796,2032
y,2,0,797,-2698
y,2,0,798,2016
y,2,0,799,-1784
y,2,0,800,248
y,2,0,801,874
y,2,0,802,184
y,2,0,803,1740
y,2,0,804,-1616
y,2,0,805,926
y,2,0,806,-1536
y,2,0,807,1664
y,2,0,808,248
y,2,0,809,882
y,2,0,810,216
y,2,0,811,-1676
y,2,0,812,1888
y,2,0,813,-2506
y,2,0,814,1872
y,2,0,815,-1656
y,2,0,816,232
y,2,0,817,810
y,2,0,818,168
y,2,0,819,1612
y,2,0,820,-1504
y,2,0,821,862
y,2,0,822,-1424
y,2,0,823,1536
y,2,0,824,232
y,2,0,825,818
y,2,0,826,200
y,2,0,827,-1548
y,2,0,828,1744
y,2,0,829,-2314
y,2,0,830,1728
y,2,0,831,-1528
y,2,0,832,216
y,2,0,833,746
y,2,0,834,152
y,2,0,835,1484
y,2,0,836,-1392
y,2,0,837,798
y,2,0,838,-1312
y,2,0,839,1408
y,2,0,840,216
y,2,0,841,754
y,2,0,842,184
y,2,0,843,-1420
y,2,0,844,1600
y,2,0,845,-2122
y,2,0,846,1584
y,2,0,847,-1400
y,2,0,848,200
y,2,0,849,682
y,2,0,850,136
y,2,0,851,1356
y,2,0,852,-1280
y,2,0,853,734
y,2,0,854,-1200
y,2,0,855,1280
y,2,0,856,200
y,2,0,857,690
y,2,0,858,168
y,2,0,859,-1292
y,2,0,860,1456
y,2,0,861,-1930
y,2,0,862,1440
y,2,0,863,-1272
y,2,0,864,184
y,2,0,865,618
y,2,0,866,120
y,2,0,867,1228
y,2,0,868,-1168
y,2,0,869,670
y,2,0,870,-1088
y,2,0,871,1152
y,2,0,872,184
y,2,0,873,626
y,2,0,874,152
y,2,0,875,-1164
y,2,0,876,1312
y,2,0,877,-1738
y,2,0,878,1296
y,2,0,879,-1144
y,2,0,880,168
y,2,0,881,554
y,2,0,882,104
y,2,0,883,1100
y,2,0,884,-1056
y,2,0,885,606
y,2,0,886,-976
y,2,0,887,1024
y,2,0,888,168
y,2,0,889,562
y,2,0,890,136
y,2,0,891,-1036
y,2,0,892,1168
y,2,0,893,-1546
y,2,0,894,1152
y,2,0,895,-1016
y,2,0,896,152
y,2,0,897,490
y,2,0,898,88
y,2,0,899,972
y,2,0,900,-944
y,2,0,901,542
y,2,0,902,-864
y,2,0,903,896
y,2,0,904,152
y,2,0,905,498
y,2,0,906,120
y,2,0,907,-908
y,2,0,908,1024
y,2,0,909,-1354
y,2,0,910,1008
y,2,0,911,-888
y,2,0,912,136
y,2,0,913,426
y,2,0,914,72
y,2,0,915,844
y,2,0,916,-832
y,2,0,917,478
y,2,0,918,-752
y,2,0,919,768
y,2,0,920,136
y,2,0,921,434
y,2,0,922,104
y,2,0,923,-780
y,2,0,924,880
y,2,0,925,-1162
y,2,0,926,864
y,2,0,927,-760
y,2,0,928,120
y,2,0,929,362
y,2,0,930,56
y,2,0,931,716
y,2,0,932,-720
y,2,0,933,414
y,2,0,934,-640
y,2,0,935,640
y,2,0,936,120
y,2,0,937,370
y,2,0,938,88
y,2,0,939,-652
y,2,0,940,736
y,2,0,941,-970
y,2,0,942,720
y,2,0,943,-632
y,2,0,944,104
y,2,0,945,298
y,2,0,946,40
y,2,0,947,588
y,2,0,948,-608
y,2,0,949,350
y,2,0,950,-528
y,2,0,951,512
y,2,0,952,104
y,2,0,953,306
y,2,0,954,72
y,2,0,955,-524
y,2,0,956,592
y,2,0,957,-778
y,2,0,958,576
y,2,0,959,-504
y,2,0,960,88
y,2,0,961,234
y,2,0,962,24
y,2,0,963,460
y,2,0,964,-496
y,2,0,965,286
y,2,0,966,-416
y,2,0,967,384
y,2,0,968,88
y,2,0,969,242
y,2,0,970,56
y,2,0,971,-396
y,2,0,972,448
y,2,0,973,-586
y,2,0,974,432
y,2,0,975,-376
y,2,0,976,72
y,2,0,977,170
y,2,0,978,8
y,2,0,979,332
y,2,0,980,-384
y,2,0,981,222
y,2,0,982,-304
y,2,0,983,256
y,2,0,984,72
y,2,0,985,178
y,2,0,986,40
y,2,0,987,-268
y,2,0,988,304
y,2,0,989,-394
y,2,0,990,288
y,2,0,991,-248
y,2,0,992,56
y,2,0,993,106
y,2,0,994,-8
y,2,0,995,204
y,2,0,996,-272
y,2,0,997,158
y,2,0,998,-192
y,2,0,999,128
y,2,0,1000,56
y,2,0,1001,114
y,2,0,1002,24
y,2,0,1003,-140
y,2,0,1004,160
y,2,0,1005,-202
y,2,0,1006,144
y,2,0,1007,-120
y,2,0,1008,40
y,2,0,1009,42
y,2,0,1010,-24
y,2,0,1011,76
y,2,0,1012,-160
y,2,0,1013,94
y,2,0,1014,-80
y,2,0,1015,0
y,2,0,1016,40
y,2,0,1017,50
y,2,0,1018,8
y,2,0,1019,-12
y,2,0,1020,16
y,2,0,1021,-10
y,2,0,1022,0
y,2,0,1023,0
y,3,0,0,-34
y,3,0,1,-8
y,3,0,2,100
y,3,0,3,-72
y,3,0,4,-22
y,3,0,5,16
y,3,0,6,32
y,3,0,7,80
y,3,0,8,-138
y,3,0,9,56
y,3,0,10,-68
y,3,0,11,-8
y,3,0,12,98
y,3,0,13,16
y,3,0,14,120
y,3,0,15,-112
y,3,0,16,30
y,3,0,17,-120
y,3,0,18,228
y,3,0,19,-56
y,3,0,20,42
y,3,0,21,32
y,3,0,22,-96
y,3,0,23,224
y,3,0,24,-330
y,3,0,25,200
y,3,0,26,-196
y,3,0,27,8
y,3,0,28,162
y,3,0,29,32
y,3,0,30,248
y,3,0,31,-224
y,3,0,32,94
y,3,0,33,-232
y,3,0,34,356
y,3,0,35,-40
y,3,0,36,106
y,3,0,37,48
y,3,0,38,-224
y,3,0,39,368
y,3,0,40,-522
y,3,0,41,344
y,3,0,42,-324
y,3,0,43,24
y,3,0,44,226
y,3,0,45,48
y,3,0,46,376
y,3,0,47,-336
y,3,0,48,158
y,3,0,49,-344
y,3,0,50,484
y,3,0,51,-24
y,3,0,52,170
y,3,0,53,64
y,3,0,54,-352
y,3,0,55,512
y,3,0,56,-714
y,3,0,57,488
y,3,0,58,-452
y,3,0,59,40
y,3,0,60,290
y,3,0,61,64
y,3,0,62,504
y,3,0,63,-448
y,3,0,64,222
y,3,0,65,-456
y,3,0,66,612
y,3,0,67,-8
y,3,0,68,234
y,3,0,69,80
y,3,0,70,-480
y,3,0,71,656
y,3,0,72,-906
y,3,0,73,632
y,3,0,74,-580
y,3,0,75,56
y,3,0,76,354
y,3,0,77,80
y,3,0,78,632
y,3,0,79,-560
y,3,0,80,286
y,3,0,81,-568
y,3,0,82,740
y,3,0,83,8
y,3,0,84,298
y,3,0,85,96
y,3,0,86,-608
y,3,0,87,800
y,3,0,88,-1098
y,3,0,89,776
y,3,0,90,-708
y,3,0,91,72
y,3,0,92,418
y,3,0,93,96
y,3,0,94,760
y,3,0,95,-672
y,3,0,96,350
y,3,0,97,-680
y,3,0,98,868
y,3,0,99,24
y,3,0,100,362
y,3,0,101,112
y,3,0,102,-736
y,3,0,103,944
y,3,0,104,-1290
y,3,0,105,920
y,3,0,106,-836
y,3,0,107,88
y,3,0,108,482
y,3,0,109,112
y,3,0,110,888
y,3,0,111,-784
y,3,0,112,414
y,3,0,113,-792
y,3,0,114,996
y,3,0,115,40
y,3,0,116,426
y,3,0,117,128
y,3,0,118,-864
y,3,0,119,1088
y,3,0,120,-1482
y,3,0,121,1064
y,3,0,122,-964
y,3,0,123,104
y,3,0,124,546
y,3,0,125,128
y,3,0,126,1016
y,3,0,127,-896
y,3,0,128,478
y,3,0,129,-904
y,3,0,130,1124
y,3,0,131,56
y,3,0,132,490
y,3,0,133,144
y,3,0,134,-992
y,3,0,135,1232
y,3,0,136,-1674
y,3,0,137,1208
y,3,0,138,-1092
y,3,0,139,120
y,3,0,140,610
y,3,0,141,144
y,3,0,142,1144
y,3,0,143,-1008
y,3,0,144,542
y,3,0,145,-1016
y,3,0,146,1252
y,3,0,147,72
y,3,0,148,554
y,3,0,149,160
y,3,0,150,-1120
y,3,0,151,1376
y,3,0,152,-1866
y,3,0,153,1352
y,3,0,154,-1220
y,3,0,155,136
y,3,0,156,674
y,3,0,157,160
y,3,0,158,1272
y,3,0,159,-1120
y,3,0,160,606
y,3,0,161,-1128
y,3,0,162,1380
y,3,0,163,88
y,3,0,164,618
y,3,0,165,176
y,3,0,166,-1248
y,3,0,167,1520
y,3,0,168,-2058
y,3,0,169,1496
y,3,0,170,-1348
y,3,0,171,152
y,3,0,172,738
y,3,0,173,176
y,3,0,174,1400
y,3,0,175,-1232
y,3,0,176,670
y,3,0,177,-1240
y,3,0,178,1508
y,3,0,179,104
y,3,0,180,682
y,3,0,181,192
y,3,0,182,-1376
y,3,0,183,1664
y,3,0,184,-2250
y,3,0,185,1640
y,3,0,186,-1476
y,3,0,187,168
y,3,0,188,802
y,3,0,189,192
y,3,0,190,1528
y,3,0,191,-1344
y,3,0,192,734
y,3,0,193,-1352
y,3,0,194,1636
y,3,0,195,120
y,3,0,196,746
y,3,0,197,208
y,3,0,198,-1504
y,3,0,199,1808
y,3,0,200,-2442
y,3,0,201,1784
y,3,0,202,-1604
y,3,0,203,184
y,3,0,204,866
y,3,0,205,208
y,3,0,206,1656
y,3,0,207,-1456
y,3,0,208,798
y,3,0,209,-1464
y,3,0,210,1764
y,3,0,211,136
y,3,0,212,810
y,3,0,213,224
y,3,0,214,-1632
y,3,0,215,1952
y,3,0,216,-2634
y,3,0,217,1928
y,3,0,218,-1732
y,3,0,219,200
y,3,0,220,930
y,3,0,221,224
y,3,0,222,1784
y,3,0,223,-1568
y,3,0,224,862
y,3,0,225,-1576
y,3,0,226,1892
y,3,0,227,152
y,3,0,228,874
y,3,0,229,240
y,3,0,230,-1760
y,3,0,231,2096
y,3,0,232,-2826
y,3,0,233,2072
y,3,0,234,-1860
y,3,0,235,216
y,3,0,236,994
y,3,0,237,240
y,3,0,238,1912
y,3,0,239,-1680
y,3,0,240,926
y,3,0,241,-1688
y,3,0,242,2020
y,3,0,243,168
y,3,0,244,938
y,3,0,245,256
y,3,0,246,-1888
y,3,0,247,2240
y,3,0,248,-3018
y,3,0,249,2216
y,3,0,250,-1988
y,3,0,251,232
y,3,0,252,1058
y,3,0,253,256
y,3,0,254,2040
y,3,0,255,-1792
y,3,0,256,990
y,3,0,257,-1800
y,3,0,258,2148
y,3,0,259,184
y,3,0,260,1002
y,3,0,261,272
y,3,0,262,-2016
y,3,0,263,2384
y,3,0,264,-3210
y,3,0,265,2360
y,3,0,266,-2116
y,3,0,267,248
y,3,0,268,1122
y,3,0,269,272
y,3,0,270,2168
y,3,0,271,-1904
y,3,0,272,1054
y,3,0,273,-1912
y,3,0,274,2276
y,3,0,275,200
y,3,0,276,1066
y,3,0,277,288
y,3,0,278,-2144
y,3,0,279,2528
y,3,0,280,-3402
y,3,0,281,2504
y,3,0,282,-2244
y,3,0,283,264
y,3,0,284,1186
y,3,0,285,288
y,3,0,286,2296
y,3,0,287,-2016
y,3,0,288,1118
y,3,0,289,-2024
y,3,0,290,2404
y,3,0,291,216
y,3,0,292,1130
y,3,0,293,304
y,3,0,294,-2272
y,3,0,295,2672
y,3,0,296,-3594
y,3,0,297,2648
y,3,0,298,-2372
y,3,0,299,280
y,3,0,300,1250
y,3,0,301,304
y,3,0,302,2424
y,3,0,303,-2128
y,3,0,304,1182
y,3,0,305,-2136
y,3,0,306,2532
y,3,0,307,232
y,3,0,308,1194
y,3,0,309,320
y,3,0,310,-2400
y,3,0,311,2816
y,3,0,312,-3786
y,3,0,313,2792
y,3,0,314,-2500
y,3,0,315,296
y,3,0,316,1314
y,3,0,317,320
y,3,0,318,2552
y,3,0,319,-2240
y,3,0,320,1246
y,3,0,321,-2248
y,3,0,322,2660
y,3,0,323,248
y,3,0,324,1258
y,3,0,325,336
y,3,0,326,-2528
y,3,0,327,2960
y,3,0,328,-3978
y,3,0,329,2936
y,3,0,330,-2628
y,3,0,331,312
y,3,0,332,1378
y,3,0,333,336
y,3,0,334,2680
y,3,0,335,-2352
y,3,0,336,1310
y,3,0,337,-2360
y,3,0,338,2788
y,3,0,339,264
y,3,0,340,1322
y,3,0,341,352
y,3,0,342,-2656
y,3,0,343,3104
y,3,0,344,-4170
y,3,0,345,3080
y,3,0,346,-2756
y,3,0,347,328
y,3,0,348,1442
y,3,0,349,352
y,3,0,350,2808
y,3,0,351,-2464
y,3,0,352,1374
y,3,0,353,-2472
y,3,0,354,2916
y,3,0,355,280
y,3,0,356,1386
y,3,0,357,368
y,3,0,358,-2784
y,3,0,359,3248
y,3,0,360,-4362
y,3,0,361,3224
y,3,0,362,-2884
y,3,0,363,344
y,3,0,364,1506
y,3,0,365,368
y,3,0,366,2936
y,3,0,367,-2576
y,3,0,368,1438
y,3,0,369,-2584
y,3,0,370,3044
y,3,0,371,296
y,3,0,372,1450
y,3,0,373,384
y,3,0,374,-2912
y,3,0,375,3392
y,3,0,376,-4554
y,3,0,377,3368
y,3,0,378,-3012
y,3,0,379,360
y,3,0,380,1570
y,3,0,381,384
y,3,0,382,3064
y,3,0,383,-2688
y,3,0,384,1502
y,3,0,385,-2696
y,3,0,386,3172
y,3,0,387,312
y,3,0,388,1514
y,3,0,389,400
y,3,0,390,-3040
y,3,0,391,3536
y,3,0,392,-4746
y,3,0,393,3512
y,3,0,394,-3140
y,3,0,395,376
y,3,0,396,1634
y,3,0,397,400
y,3,0,398,3192
y,3,0,399,-2800
y,3,0,400,1566
y,3,0,401,-2808
y,3,0,402,3300
y,3,0,403,328
y,3,0,404,1578
y,3,0,405,416
y,3,0,406,-3168
y,3,0,407,3680
y,3,0,408,-4938
y,3,0,409,3656
y,3,0,410,-3268
y,3,0,411,392
y,3,0,412,1698
y,3,0,413,416
y,3,0,414,3320
y,3,0,415,-2912
y,3,0,416,1630
y,3,0,417,-2920
y,3,0,418,3428
y,3,0,419,344
y,3,0,420,1642
y,3,0,421,432
y,3,0,422,-3296
y,3,0,423,3824
y,3,0,424,-5130
y,3,0,425,3800
y,3,0,426,-3396
y,3,0,427,408
y,3,0,428,1762
y,3,0,429,432
y,3,0,430,3448
y,3,0,431,-3024
y,3,0,432,1694
y,3,0,433,-3032
y,3,0,434,3556
y,3,0,435,360
y,3,0,436,1706
y,3,0,437,448
y,3,0,438,-3424
y,3,0,439,3968
y,3,0,440,-5322
y,3,0,441,3944
y,3,0,442,-3524
y,3,0,443,424
y,3,0,444,1826
y,3,0,445,448
y,3,0,446,3576
y,3,0,447,-3136
y,3,0,448,1758
y,3,0,449,-3144
y,3,0,450,3684
y,3,0,451,376
y,3,0,452,1770
y,3,0,453,464
y,3,0,454,-3552
y,3,0,455,4112
y,3,0,456,-5514
y,3,0,457,4088
y,3,0,458,-3652
y,3,0,459,440
y,3,0,460,1890
y,3,0,461,464
y,3,0,462,3704
y,3,0,463,-3248
y,3,0,464,1822
y,3,0,465,-3256
y,3,0,466,3812
y,3,0,467,392
y,3,0,468,1834
y,3,0,469,480
y,3,0,470,-3680
y,3,0,471,4256
y,3,0,472,-5706
y,3,0,473,4232
y,3,0,474,-3780
y,3,0,475,456
y,3,0,476,1954
y,3,0,477,480
y,3,0,478,3832
y,3,0,479,-3360
y,3,0,480,1886
y,3,0,481,-3368
y,3,0,482,3940
y,3,0,483,408
y,3,0,484,1898
y,3,0,485,496
y,3,0,486,-3808
y,3,0,487,4400
y,3,0,488,-5898
y,3,0,489,4376
y,3,0,490,-3908
y,3,0,491,472
y,3,0,492,2018
y,3,0,493,496
y,3,0,494,3960
y,3,0,495,-3472
y,3,0,496,1950
y,3,0,497,-3480
y,3,0,498,4068
y,3,0,499,424
y,3,0,500,1962
y,3,0,501,512
y,3,0,502,-3936
y,3,0,503,4544
y,3,0,504,-6090
y,3,0,505,4520
y,3,0,506,-4036
y,3,0,507,488
y,3,0,508,2082
y,3,0,509,512
y,3,0,510,4088
y,3,0,511,-3613
y,3,0,512,2032
y,3,0,513,-3535
y,3,0,514,4016
y,3,0,515,583
y,3,0,516,2048
y,3,0,517,453
y,3,0,518,-4080
y,3,0,519,4555
y,3,0,520,-6000
y,3,0,521,4537
y,3,0,522,-4064
y,3,0,523,479
y,3,0,524,1984
y,3,0,525,509
y,3,0,526,3968
y,3,0,527,-3501
y,3,0,528,1968
y,3,0,529,-3423
y,3,0,530,3888
y,3,0,531,567
y,3,0,532,1984
y,3,0,533,437
y,3,0,534,-3952
y,3,0,535,4411
y,3,0,536,-5808
y,3,0,537,4393
y,3,0,538,-3936
y,3,0,539,463
y,3,0,540,1920
y,3,0,541,493
y,3,0,542,3840
y,3,0,543,-3389
y,3,0,544,1904
y,3,0,545,-3311
y,3,0,546,3760
y,3,0,547,551
y,3,0,548,1920
y,3,0,549,421
y,3,0,550,-3824
y,3,0,551,4267
y,3,0,552,-5616
y,3,0,553,4249
y,3,0,554,-3808
y,3,0,555,447
y,3,0,556,1856
y,3,0,557,477
y,3,0,558,3712
y,3,0,559,-3277
y,3,0,560,1840
y,3,0,561,-3199
y,3,0,562,3632
y,3,0,563,535
y,3,0,564,1856
y,3,0,565,405
y,3,0,566,-3696
y,3,0,567,4123
y,3,0,568,-5424
y,3,0,569,4105
y,3,0,570,-3680
y,3,0,571,431
y,3,0,572,1792
y,3,0,573,461
y,3,0,574,3584
y,3,0,575,-3165
y,3,0,576,1776
y,3,0,577,-3087
y,3,0,578,3504
y,3,0,579,519
y,3,0,580,1792
y,3,0,581,389
y,3,0,582,-3568
y,3,0,583,3979
y,3,0,584,-5232
y,3,0,585,3961
y,3,0,586,-3552
y,3,0,587,415
y,3,0,588,1728
y,3,0,589,445
y,3,0,590,3456
y,3,0,591,-3053
y,3,0,592,1712
y,3,0,593,-2975
y,3,0,594,3376
y,3,0,595,503
y,3,0,596,1728
y,3,0,597,373
y,3,0,598,-3440
y,3,0,599,3835
y,3,0,600,-5040
y,3,0,601,3817
y,3,0,602,-3424
y,3,0,603,399
y,3,0,604,1664
y,3,0,605,429
y,3,0,606,3328
y,3,0,607,-2941
y,3,0,608,1648
y,3,0,609,-2863
y,3,0,610,3248
y,3,0,611,487
y,3,0,612,1664
y,3,0,613,357
y,3,0,614,-3312
y,3,0,615,3691
y,3,0,616,-4848
y,3,0,617,3673
y,3,0,618,-3296
y,3,0,619,383
y,3,0,620,1600
y,3,0,621,413
y,3,0,622,3200
y,3,0,623,-2829
y,3,0,624,1584
y,3,0,625,-2751
y,3,0,626,3120
y,3,0,627,471
y,3,0,628,1600
y,3,0,629,341
y,3,0,630,-3184
y,3,0,631,3547
y,3,0,632,-4656
y,3,0,633,3529
y,3,0,634,-3168
y,3,0,635,367
y,3,0,636,1536
y,3,0,637,397
y,3,0,638,3072
y,3,0,639,-2717
y,3,0,640,1520
y,3,0,641,-2639
y,3,0,642,2992
y,3,0,643,455
y,3,0,644,1536
y,3,0,645,325
y,3,0,646,-3056
y,3,0,647,3403
y,3,0,648,-4464
y,3,0,649,3385
y,3,0,650,-3040
y,3,0,651,351
y,3,0,652,1472
y,3,0,653,381
y,3,0,654,2944
y,3,0,655,-2605
y,3,0,656,1456
y,3,0,657,-2527
y,3,0,658,2864
y,3,0,659,439
y,3,0,660,1472
y,3,0,661,309
y,3,0,662,-2928
y,3,0,663,3259
y,3,0,664,-4272
y,3,0,665,3241
y,3,0,666,-2912
y,3,0,667,335
y,3,0,668,1408
y,3,0,669,365
y,3,0,670,2816
y,3,0,671,-2493
y,3,0,672,1392
y,3,0,673,-2415
y,3,0,674,2736
y,3,0,675,423
y,3,0,676,1408
y,3,0,677,293
y,3,0,678,-2800
y,3,0,679,3115
y,3,0,680,-4080
y,3,0,681,3097
y,3,0,682,-2784
y,3,0,683,319
y,3,0,684,1344
y,3,0,685,349
y,3,0,686,2688
y,3,0,687,-2381
y,3,0,688,1328
y,3,0,689,-2303
y,3,0,690,2608
y,3,0,691,407
y,3,0,692,1344
y,3,0,693,277
y,3,0,694,-2672
y,3,0,695,2971
y,3,0,696,-3888
y,3,0,697,2953
y,3,0,698,-2656
y,3,0,699,303
y,3,0,700,1280
y,3,0,701,333
y,3,0,702,2560
y,3,0,703,-2269
y,3,0,704,1264
y,3,0,705,-2191
y,3,0,706,2480
y,3,0,707,391
y,3,0,708,1280
y,3,0,709,261
y,3,0,710,-2544
y,3,0,711,2827
y,3,0,712,-3696
y,3,0,713,2809
y,3,0,714,-2528
y,3,0,715,287
y,3,0,716,1216
y,3,0,717,317
y,3,0,718,2432
y,3,0,719,-2157
y,3,0,720,1200
y,3,0,721,-2079
y,3,0,722,2352
y,3,0,723,375
y,3,0,724,1216
y,3,0,725,245
y,3,0,726,-2416
y,3,0,727,2683
y,3,0,728,-3504
y,3,0,729,2665
y,3,0,730,-2400
y,3,0,731,271
y,3,0,732,1152
y,3,0,733,301
y,3,0,734,2304
y,3,0,735,-2045
y,3,0,736,1136
y,3,0,737,-1967
y,3,0,738,2224
y,3,0,739,359
y,3,0,740,1152
y,3,0,741,229
y,3,0,742,-2288
y,3,0,743,2539
y,3,0,744,-3312
y,3,0,745,2521
y,3,0,746,-2272
y,3,0,747,255
y,3,0,748,1088
y,3,0,749,285
y,3,0,750,2176
y,3,0,751,-1933
y,3,0,752,1072
y,3,0,753,-1855
y,3,0,754,2096
y,3,0,755,343
y,3,0,756,1088
y,3,0,757,213
y,3,0,758,-2160
y,3,0,759,2395
y,3,0,760,-3120
y,3,0,761,2377
y,3,0,762,-2144
y,3,0,763,239
y,3,0,764,1024
y,3,0,765,269
y,3,0,766,2048
y,3,0,767,-1821
y,3,0,768,1008
y,3,0,769,-1743
y,3,0,770,1968
y,3,0,771,327
y,3,0,772,1024
y,3,0,773,197
y,3,0,774,-2032
y,3,0,775,2251
y,3,0,776,-2928
y,3,0,777,2233
y,3,0,778,-2016
y,3,0,779,223
y,3,0,780,960
y,3,0,781,253
y,3,0,782,1920
y,3,0,783,-1709
y,3,0,784,944
y,3,0,785,-1631
y,3,0,786,1840
y,3,0,787,311
y,3,0,788,960
y,3,0,789,181
y,3,0,790,-1904
y,3,0,791,2107
y,3,0,792,-2736
y,3,0,793,2089
y,3,0,794,-1888
y,3,0,795,207
y,3,0,796,896
y,3,0,797,237
y,3,0,798,1792
y,3,0,799,-1597
y,3,0,800,880
y,3,0,801,-1519
y,3,0,802,1712
y,3,0,803,295
y,3,0,804,896
y,3,0,805,165
y,3,0,806,-1776
y,3,0,807,1963
y,3,0,808,-2544
y,3,0,809,1945
y,3,0,810,-1760
y,3,0,811,191
y,3,0,812,832
y,3,0,813,221
y,3,0,814,1664
y,3,0,815,-1485
y,3,0,816,816
y,3,0,817,-1407
y,3,0,818,1584
y,3,0,819,279
y,3,0,820,832
y,3,0,821,149
y,3,0,822,-1648
y,3,0,823,1819
y,3,0,824,-2352
y,3,0,825,1801
y,3,0,826,-1632
y,3,0,827,175
y,3,0,828,768
y,3,0,829,205
y,3,0,830,1536
y,3,0,831,-1373
y,3,0,832,752
y,3,0,833,-1295
y,3,0,834,1456
y,3,0,835,263
y,3,0,836,768
y,3,0,837,133
y,3,0,838,-1520
y,3,0,839,1675
y,3,0,840,-2160
y,3,0,841,1657
y,3,0,842,-1504
y,3,0,843,159
y,3,0,844,704
y,3,0,845,189
y,3,0,846,1408
y,3,0,847,-1261
y,3,0,848,688
y,3,0,849,-1183
y,3,0,850,1328
y,3,0,851,247
y,3,0,852,704
y,3,0,853,117
y,3,0,854,-1392
y,3,0,855,1531
y,3,0,856,-1968
y,3,0,857,1513
y,3,0,858,-1376
y,3,0,859,143
y,3,0,860,640
y,3,0,861,173
y,3,0,862,1280
y,3,0,863,-1149
y,3,0,864,624
y,3,0,865,-1071
y,3,0,866,1200
y,3,0,867,231
y,3,0,868,640
y,3,0,869,101
y,3,0,870,-1264
y,3,0,871,1387
y,3,0,872,-1776
y,3,0,873,1369
y,3,0,874,-1248
y,3,0,875,127
y,3,0,876,576
y,3,0,877,157
y,3,0,878,1152
y,3,0,879,-1037
y,3,0,880,560
y,3,0,881,-959
y,3,0,882,1072
y,3,0,883,215
y,3,0,884,576
y,3,0,885,85
y,3,0,886,-1136
y,3,0,887,1243
y,3,0,888,-1584
y,3,0,889,1225
y,3,0,890,-1120
y,3,0,891,111
y,3,0,892,512
y,3,0,893,141
y,3,0,894,1024
y,3,0,895,-925
y,3,0,896,496
y,3,0,897,-847
y,3,0,898,944
y,3,0,899,199
y,3,0,900,512
y,3,0,901,69
y,3,0,902,-1008
y,3,0,903,1099
y,3,0,904,-1392
y,3,0,905,1081
y,3,0,906,-992
y,3,0,907,95
y,3,0,908,448
y,3,0,909,125
y,3,0,910,896
y,3,0,911,-813
y,3,0,912,432
y,3,0,913,-735
y,3,0,914,816
y,3,0,915,183
y,3,0,916,448
y,3,0,917,53
y,3,0,918,-880
y,3,0,919,955
y,3,0,920,-1200
y,3,0,921,937
y,3,0,922,-864
y,3,0,923,79
y,3,0,924,384
y,3,0,925,109
y,3,0,926,768
y,3,0,927,-701
y,3,0,928,368
y,3,0,929,-623
y,3,0,930,688
y,3,0,931,167
y,3,0,932,384
y,3,0,933,37
y,3,0,934,-752
y,3,0,935,811
y,3,0,936,-1008
y,3,0,937,793
y,3,0,938,-736
y,3,0,939,63
y,3,0,940,320
y,3,0,941,93
y,3,0,942,640
y,3,0,943,-589
y,3,0,944,304
y,3,0,945,-511
y,3,0,946,560
y,3,0,947,151
y,3,0,948,320
y,3,0,949,21
y,3,0,950,-624
y,3,0,951,667
y,3,0,952,-816
y,3,0,953,649
y,3,0,954,-608
y,3,0,955,47
y,3,0,956,256
y,3,0,957,77
y,3,0,958,512
y,3,0,959,-477
y,3,0,960,240
y,3,0,961,-399
y,3,0,962,432
y,3,0,963,135
y,3,0,964,256
y,3,0,965,5
y,3,0,966,-496
y,3,0,967,523
y,3,0,968,-624
y,3,0,969,505
y,3,0,970,-480
y,3,0,971,31
y,3,0,972,192
y,3,0,973,61
y,3,0,974,384
y,3,0,975,-365
y,3,0,976,176
y,3,0,977,-287
y,3,0,978,304
y,3,0,979,119
y,3,0,980,192
y,3,0,981,-11
y,3,0,982,-368
y,3,0,983,379
y,3,0,984,-432
y,3,0,985,361
y,3,0,986,-352
y,3,0,987,15
y,3,0,988,128
y,3,0,989,45
y,3,0,990,256
y,3,0,991,-253
y,3,0,992,112
y,3,0,993,-175
y,3,0,994,176
y,3,0,995,103
y,3,0,996,128
y,3,0,997,-27
y,3,0,998,-240
y,3,0,999,235
y,3,0,1000,-240
y,3,0,1001,217
y,3,0,1002,-224
y,3,0,1003,-1
y,3,0,1004,64
y,3,0,1005,29
y,3,0,1006,128
y,3,0,1007,-141
y,3,0,1008,48
y,3,0,1009,-63
y,3,0,1010,48
y,3,0,1011,87
y,3,0,1012,64
y,3,0,1013,-43
y,3,0,1014,-112
y,3,0,1015,91
y,3,0,1016,-48
y,3,0,1017,73
y,3,0,1018,-96
y,3,0,1019,-17
y,3,0,1020,0
y,3,0,1021,13
y,3,0,1022,0
y,3,0,1023,0
