kind,cout,cin,index,value
x,0,0,0,-5
x,0,0,1,-8
x,0,0,2,5
x,0,0,3,2
x,0,0,4,-1
x,0,0,5,-4
x,0,0,6,-7
x,0,0,7,6
x,0,0,8,3
x,0,0,9,0
x,0,0,10,-3
x,0,0,11,-6
x,0,0,12,7
x,0,0,13,4
x,0,0,14,1
x,0,0,15,-2
x,0,0,16,-5
x,0,0,17,-8
x,0,0,18,5
x,0,0,19,2
x,0,0,20,-1
x,0,0,21,-4
x,0,0,22,-7
x,0,0,23,6
x,0,0,24,3
x,0,0,25,0
x,0,0,26,-3
x,0,0,27,-6
x,0,0,28,7
x,0,0,29,4
x,0,0,30,1
x,0,0,31,-2
x,0,0,32,-5
x,0,0,33,-8
x,0,0,34,5
x,0,0,35,2
x,0,0,36,-1
x,0,0,37,-4
x,0,0,38,-7
x,0,0,39,6
x,0,0,40,3
x,0,0,41,0
x,0,0,42,-3
x,0,0,43,-6
x,0,0,44,7
x,0,0,45,4
x,0,0,46,1
x,0,0,47,-2
x,0,0,48,-5
x,0,0,49,-8
x,0,0,50,5
x,0,0,51,2
x,0,0,52,-1
x,0,0,53,-4
x,0,0,54,-7
x,0,0,55,6
x,0,0,56,3
x,0,0,57,0
x,0,0,58,-3
x,0,0,59,-6
x,0,0,60,7
x,0,0,61,4
x,0,0,62,1
x,0,0,63,-2
x,0,0,64,-5
x,0,0,65,-8
x,0,0,66,5
x,0,0,67,2
x,0,0,68,-1
x,0,0,69,-4
x,0,0,70,-7
x,0,0,71,6
x,0,0,72,3
x,0,0,73,0
x,0,0,74,-3
x,0,0,75,-6
x,0,0,76,7
x,0,0,77,4
x,0,0,78,1
x,0,0,79,-2
x,0,0,80,-5
x,0,0,81,-8
x,0,0,82,5
x,0,0,83,2
x,0,0,84,-1
x,0,0,85,-4
x,0,0,86,-7
x,0,0,87,6
x,0,0,88,3
x,0,0,89,0
x,0,0,90,-3
x,0,0,91,-6
x,0,0,92,7
x,0,0,93,4
x,0,0,94,1
x,0,0,95,-2
x,0,0,96,-5
x,0,0,97,-8
x,0,0,98,5
x,0,0,99,2
x,0,0,100,-1
x,0,0,101,-4
x,0,0,102,-7
x,0,0,103,6
x,0,0,104,3
x,0,0,105,0
x,0,0,106,-3
x,0,0,107,-6
x,0,0,108,7
x,0,0,109,4
x,0,0,110,1
x,0,0,111,-2
x,0,0,112,-5
x,0,0,113,-8
x,0,0,114,5
x,0,0,115,2
x,0,0,116,-1
x,0,0,117,-4
x,0,0,118,-7
x,0,0,119,6
x,0,0,120,3
x,0,0,121,0
x,0,0,122,-3
x,0,0,123,-6
x,0,0,124,7
x,0,0,125,4
x,0,0,126,1
x,0,0,127,-2
x,0,0,128,-5
x,0,0,129,-8
x,0,0,130,5
x,0,0,131,2
x,0,0,132,-1
x,0,0,133,-4
x,0,0,134,-7
x,0,0,135,6
x,0,0,136,3
x,0,0,137,0
x,0,0,138,-3
x,0,0,139,-6
x,0,0,140,7
x,0,0,141,4
x,0,0,142,1
x,0,0,143,-2
x,0,0,144,-5
x,0,0,145,-8
x,0,0,146,5
x,0,0,147,2
x,0,0,148,-1
x,0,0,149,-4
x,0,0,150,-7
x,0,0,151,6
x,0,0,152,3
x,0,0,153,0
x,0,0,154,-3
x,0,0,155,-6
x,0,0,156,7
x,0,0,157,4
x,0,0,158,1
x,0,0,159,-2
x,0,0,160,-5
x,0,0,161,-8
x,0,0,162,5
x,0,0,163,2
x,0,0,164,-1
x,0,0,165,-4
x,0,0,166,-7
x,0,0,167,6
x,0,0,168,3
x,0,0,169,0
x,0,0,170,-3
x,0,0,171,-6
x,0,0,172,7
x,0,0,173,4
x,0,0,174,1
x,0,0,175,-2
x,0,0,176,-5
x,0,0,177,-8
x,0,0,178,5
x,0,0,179,2
x,0,0,180,-1
x,0,0,181,-4
x,0,0,182,-7
x,0,0,183,6
x,0,0,184,3
x,0,0,185,0
x,0,0,186,-3
x,0,0,187,-6
x,0,0,188,7
x,0,0,189,4
x,0,0,190,1
x,0,0,191,-2
x,0,0,192,-5
x,0,0,193,-8
x,0,0,194,5
x,0,0,195,2
x,0,0,196,-1
x,0,0,197,-4
x,0,0,198,-7
x,0,0,199,6
x,0,0,200,3
x,0,0,201,0
x,0,0,202,-3
x,0,0,203,-6
x,0,0,204,7
x,0,0,205,4
x,0,0,206,1
x,0,0,207,-2
x,0,0,208,-5
x,0,0,209,-8
x,0,0,210,5
x,0,0,211,2
x,0,0,212,-1
x,0,0,213,-4
x,0,0,214,-7
x,0,0,215,6
x,0,0,216,3
x,0,0,217,0
x,0,0,218,-3
x,0,0,219,-6
x,0,0,220,7
x,0,0,221,4
x,0,0,222,1
x,0,0,223,-2
x,0,0,224,-5
x,0,0,225,-8
x,0,0,226,5
x,0,0,227,2
x,0,0,228,-1
x,0,0,229,-4
x,0,0,230,-7
x,0,0,231,6
x,0,0,232,3
x,0,0,233,0
x,0,0,234,-3
x,0,0,235,-6
x,0,0,236,7
x,0,0,237,4
x,0,0,238,1
x,0,0,239,-2
x,0,0,240,-5
x,0,0,241,-8
x,0,0,242,5
x,0,0,243,2
x,0,0,244,-1
x,0,0,245,-4
x,0,0,246,-7
x,0,0,247,6
x,0,0,248,3
x,0,0,249,0
x,0,0,250,-3
x,0,0,251,-6
x,0,0,252,7
x,0,0,253,4
x,0,0,254,1
x,0,0,255,-2
x,0,0,256,-5
x,0,0,257,-8
x,0,0,258,5
x,0,0,259,2
x,0,0,260,-1
x,0,0,261,-4
x,0,0,262,-7
x,0,0,263,6
x,0,0,264,3
x,0,0,265,0
x,0,0,266,-3
x,0,0,267,-6
x,0,0,268,7
x,0,0,269,4
x,0,0,270,1
x,0,0,271,-2
x,0,0,272,-5
x,0,0,273,-8
x,0,0,274,5
x,0,0,275,2
x,0,0,276,-1
x,0,0,277,-4
x,0,0,278,-7
x,0,0,279,6
x,0,0,280,3
x,0,0,281,0
x,0,0,282,-3
x,0,0,283,-6
x,0,0,284,7
x,0,0,285,4
x,0,0,286,1
x,0,0,287,-2
x,0,0,288,-5
x,0,0,289,-8
x,0,0,290,5
x,0,0,291,2
x,0,0,292,-1
x,0,0,293,-4
x,0,0,294,-7
x,0,0,295,6
x,0,0,296,3
x,0,0,297,0
x,0,0,298,-3
x,0,0,299,-6
x,0,0,300,7
x,0,0,301,4
x,0,0,302,1
x,0,0,303,-2
x,0,0,304,-5
x,0,0,305,-8
x,0,0,306,5
x,0,0,307,2
x,0,0,308,-1
x,0,0,309,-4
x,0,0,310,-7
x,0,0,311,6
x,0,0,312,3
x,0,0,313,0
x,0,0,314,-3
x,0,0,315,-6
x,0,0,316,7
x,0,0,317,4
x,0,0,318,1
x,0,0,319,-2
x,0,0,320,-5
x,0,0,321,-8
x,0,0,322,5
x,0,0,323,2
x,0,0,324,-1
x,0,0,325,-4
x,0,0,326,-7
x,0,0,327,6
x,0,0,328,3
x,0,0,329,0
x,0,0,330,-3
x,0,0,331,-6
x,0,0,332,7
x,0,0,333,4
x,0,0,334,1
x,0,0,335,-2
x,0,0,336,-5
x,0,0,337,-8
x,0,0,338,5
x,0,0,339,2
x,0,0,340,-1
x,0,0,341,-4
x,0,0,342,-7
x,0,0,343,6
x,0,0,344,3
x,0,0,345,0
x,0,0,346,-3
x,0,0,347,-6
x,0,0,348,7
x,0,0,349,4
x,0,0,350,1
x,0,0,351,-2
x,0,0,352,-5
x,0,0,353,-8
x,0,0,354,5
x,0,0,355,2
x,0,0,356,-1
x,0,0,357,-4
x,0,0,358,-7
x,0,0,359,6
x,0,0,360,3
x,0,0,361,0
x,0,0,362,-3
x,0,0,363,-6
x,0,0,364,7
x,0,0,365,4
x,0,0,366,1
x,0,0,367,-2
x,0,0,368,-5
x,0,0,369,-8
x,0,0,370,5
x,0,0,371,2
x,0,0,372,-1
x,0,0,373,-4
x,0,0,374,-7
x,0,0,375,6
x,0,0,376,3
x,0,0,377,0
x,0,0,378,-3
x,0,0,379,-6
x,0,0,380,7
x,0,0,381,4
x,0,0,382,1
x,0,0,383,-2
x,0,0,384,-5
x,0,0,385,-8
x,0,0,386,5
x,0,0,387,2
x,0,0,388,-1
x,0,0,389,-4
x,0,0,390,-7
x,0,0,391,6
x,0,0,392,3
x,0,0,393,0
x,0,0,394,-3
x,0,0,395,-6
x,0,0,396,7
x,0,0,397,4
x,0,0,398,1
x,0,0,399,-2
x,0,0,400,-5
x,0,0,401,-8
x,0,0,402,5
x,0,0,403,2
x,0,0,404,-1
x,0,0,405,-4
x,0,0,406,-7
x,0,0,407,6
x,0,0,408,3
x,0,0,409,0
x,0,0,410,-3
x,0,0,411,-6
x,0,0,412,7
x,0,0,413,4
x,0,0,414,1
x,0,0,415,-2
x,0,0,416,-5
x,0,0,417,-8
x,0,0,418,5
x,0,0,419,2
x,0,0,420,-1
x,0,0,421,-4
x,0,0,422,-7
x,0,0,423,6
x,0,0,424,3
x,0,0,425,0
x,0,0,426,-3
x,0,0,427,-6
x,0,0,428,7
x,0,0,429,4
x,0,0,430,1
x,0,0,431,-2
x,0,0,432,-5
x,0,0,433,-8
x,0,0,434,5
x,0,0,435,2
x,0,0,436,-1
x,0,0,437,-4
x,0,0,438,-7
x,0,0,439,6
x,0,0,440,3
x,0,0,441,0
x,0,0,442,-3
x,0,0,443,-6
x,0,0,444,7
x,0,0,445,4
x,0,0,446,1
x,0,0,447,-2
x,0,0,448,-5
x,0,0,449,-8
x,0,0,450,5
x,0,0,451,2
x,0,0,452,-1
x,0,0,453,-4
x,0,0,454,-7
x,0,0,455,6
x,0,0,456,3
x,0,0,457,0
x,0,0,458,-3
x,0,0,459,-6
x,0,0,460,7
x,0,0,461,4
x,0,0,462,1
x,0,0,463,-2
x,0,0,464,-5
x,0,0,465,-8
x,0,0,466,5
x,0,0,467,2
x,0,0,468,-1
x,0,0,469,-4
x,0,0,470,-7
x,0,0,471,6
x,0,0,472,3
x,0,0,473,0
x,0,0,474,-3
x,0,0,475,-6
x,0,0,476,7
x,0,0,477,4
x,0,0,478,1
x,0,0,479,-2
x,0,0,480,-5
x,0,0,481,-8
x,0,0,482,5
x,0,0,483,2
x,0,0,484,-1
x,0,0,485,-4
x,0,0,486,-7
x,0,0,487,6
x,0,0,488,3
x,0,0,489,0
x,0,0,490,-3
x,0,0,491,-6
x,0,0,492,7
x,0,0,493,4
x,0,0,494,1
x,0,0,495,-2
x,0,0,496,-5
x,0,0,497,-8
x,0,0,498,5
x,0,0,499,2
x,0,0,500,-1
x,0,0,501,-4
x,0,0,502,-7
x,0,0,503,6
x,0,0,504,3
x,0,0,505,0
x,0,0,506,-3
x,0,0,507,-6
x,0,0,508,7
x,0,0,509,4
x,0,0,510,1
x,0,0,511,-2
x,0,1,0,-4
x,0,1,1,-7
x,0,1,2,6
x,0,1,3,3
x,0,1,4,0
x,0,1,5,-3
x,0,1,6,-6
x,0,1,7,7
x,0,1,8,4
x,0,1,9,1
x,0,1,10,-2
x,0,1,11,-5
x,0,1,12,-8
x,0,1,13,5
x,0,1,14,2
x,0,1,15,-1
x,0,1,16,-4
x,0,1,17,-7
x,0,1,18,6
x,0,1,19,3
x,0,1,20,0
x,0,1,21,-3
x,0,1,22,-6
x,0,1,23,7
x,0,1,24,4
x,0,1,25,1
x,0,1,26,-2
x,0,1,27,-5
x,0,1,28,-8
x,0,1,29,5
x,0,1,30,2
x,0,1,31,-1
x,0,1,32,-4
x,0,1,33,-7
x,0,1,34,6
x,0,1,35,3
x,0,1,36,0
x,0,1,37,-3
x,0,1,38,-6
x,0,1,39,7
x,0,1,40,4
x,0,1,41,1
x,0,1,42,-2
x,0,1,43,-5
x,0,1,44,-8
x,0,1,45,5
x,0,1,46,2
x,0,1,47,-1
x,0,1,48,-4
x,0,1,49,-7
x,0,1,50,6
x,0,1,51,3
x,0,1,52,0
x,0,1,53,-3
x,0,1,54,-6
x,0,1,55,7
x,0,1,56,4
x,0,1,57,1
x,0,1,58,-2
x,0,1,59,-5
x,0,1,60,-8
x,0,1,61,5
x,0,1,62,2
x,0,1,63,-1
x,0,1,64,-4
x,0,1,65,-7
x,0,1,66,6
x,0,1,67,3
x,0,1,68,0
x,0,1,69,-3
x,0,1,70,-6
x,0,1,71,7
x,0,1,72,4
x,0,1,73,1
x,0,1,74,-2
x,0,1,75,-5
x,0,1,76,-8
x,0,1,77,5
x,0,1,78,2
x,0,1,79,-1
x,0,1,80,-4
x,0,1,81,-7
x,0,1,82,6
x,0,1,83,3
x,0,1,84,0
x,0,1,85,-3
x,0,1,86,-6
x,0,1,87,7
x,0,1,88,4
x,0,1,89,1
x,0,1,90,-2
x,0,1,91,-5
x,0,1,92,-8
x,0,1,93,5
x,0,1,94,2
x,0,1,95,-1
x,0,1,96,-4
x,0,1,97,-7
x,0,1,98,6
x,0,1,99,3
x,0,1,100,0
x,0,1,101,-3
x,0,1,102,-6
x,0,1,103,7
x,0,1,104,4
x,0,1,105,1
x,0,1,106,-2
x,0,1,107,-5
x,0,1,108,-8
x,0,1,109,5
x,0,1,110,2
x,0,1,111,-1
x,0,1,112,-4
x,0,1,113,-7
x,0,1,114,6
x,0,1,115,3
x,0,1,116,0
x,0,1,117,-3
x,0,1,118,-6
x,0,1,119,7
x,0,1,120,4
x,0,1,121,1
x,0,1,122,-2
x,0,1,123,-5
x,0,1,124,-8
x,0,1,125,5
x,0,1,126,2
x,0,1,127,-1
x,0,1,128,-4
x,0,1,129,-7
x,0,1,130,6
x,0,1,131,3
x,0,1,132,0
x,0,1,133,-3
x,0,1,134,-6
x,0,1,135,7
x,0,1,136,4
x,0,1,137,1
x,0,1,138,-2
x,0,1,139,-5
x,0,1,140,-8
x,0,1,141,5
x,0,1,142,2
x,0,1,143,-1
x,0,1,144,-4
x,0,1,145,-7
x,0,1,146,6
x,0,1,147,3
x,0,1,148,0
x,0,1,149,-3
x,0,1,150,-6
x,0,1,151,7
x,0,1,152,4
x,0,1,153,1
x,0,1,154,-2
x,0,1,155,-5
x,0,1,156,-8
x,0,1,157,5
x,0,1,158,2
x,0,1,159,-1
x,0,1,160,-4
x,0,1,161,-7
x,0,1,162,6
x,0,1,163,3
x,0,1,164,0
x,0,1,165,-3
x,0,1,166,-6
x,0,1,167,7
x,0,1,168,4
x,0,1,169,1
x,0,1,170,-2
x,0,1,171,-5
x,0,1,172,-8
x,0,1,173,5
x,0,1,174,2
x,0,1,175,-1
x,0,1,176,-4
x,0,1,177,-7
x,0,1,178,6
x,0,1,179,3
x,0,1,180,0
x,0,1,181,-3
x,0,1,182,-6
x,0,1,183,7
x,0,1,184,4
x,0,1,185,1
x,0,1,186,-2
x,0,1,187,-5
x,0,1,188,-8
x,0,1,189,5
x,0,1,190,2
x,0,1,191,-1
x,0,1,192,-4
x,0,1,193,-7
x,0,1,194,6
x,0,1,195,3
x,0,1,196,0
x,0,1,197,-3
x,0,1,198,-6
x,0,1,199,7
x,0,1,200,4
x,0,1,201,1
x,0,1,202,-2
x,0,1,203,-5
x,0,1,204,-8
x,0,1,205,5
x,0,1,206,2
x,0,1,207,-1
x,0,1,208,-4
x,0,1,209,-7
x,0,1,210,6
x,0,1,211,3
x,0,1,212,0
x,0,1,213,-3
x,0,1,214,-6
x,0,1,215,7
x,0,1,216,4
x,0,1,217,1
x,0,1,218,-2
x,0,1,219,-5
x,0,1,220,-8
x,0,1,221,5
x,0,1,222,2
x,0,1,223,-1
x,0,1,224,-4
x,0,1,225,-7
x,0,1,226,6
x,0,1,227,3
x,0,1,228,0
x,0,1,229,-3
x,0,1,230,-6
x,0,1,231,7
x,0,1,232,4
x,0,1,233,1
x,0,1,234,-2
x,0,1,235,-5
x,0,1,236,-8
x,0,1,237,5
x,0,1,238,2
x,0,1,239,-1
x,0,1,240,-4
x,0,1,241,-7
x,0,1,242,6
x,0,1,243,3
x,0,1,244,0
x,0,1,245,-3
x,0,1,246,-6
x,0,1,247,7
x,0,1,248,4
x,0,1,249,1
x,0,1,250,-2
x,0,1,251,-5
x,0,1,252,-8
x,0,1,253,5
x,0,1,254,2
x,0,1,255,-1
x,0,1,256,-4
x,0,1,257,-7
x,0,1,258,6
x,0,1,259,3
x,0,1,260,0
x,0,1,261,-3
x,0,1,262,-6
x,0,1,263,7
x,0,1,264,4
x,0,1,265,1
x,0,1,266,-2
x,0,1,267,-5
x,0,1,268,-8
x,0,1,269,5
x,0,1,270,2
x,0,1,271,-1
x,0,1,272,-4
x,0,1,273,-7
x,0,1,274,6
x,0,1,275,3
x,0,1,276,0
x,0,1,277,-3
x,0,1,278,-6
x,0,1,279,7
x,0,1,280,4
x,0,1,281,1
x,0,1,282,-2
x,0,1,283,-5
x,0,1,284,-8
x,0,1,285,5
x,0,1,286,2
x,0,1,287,-1
x,0,1,288,-4
x,0,1,289,-7
x,0,1,290,6
x,0,1,291,3
x,0,1,292,0
x,0,1,293,-3
x,0,1,294,-6
x,0,1,295,7
x,0,1,296,4
x,0,1,297,1
x,0,1,298,-2
x,0,1,299,-5
x,0,1,300,-8
x,0,1,301,5
x,0,1,302,2
x,0,1,303,-1
x,0,1,304,-4
x,0,1,305,-7
x,0,1,306,6
x,0,1,307,3
x,0,1,308,0
x,0,1,309,-3
x,0,1,310,-6
x,0,1,311,7
x,0,1,312,4
x,0,1,313,1
x,0,1,314,-2
x,0,1,315,-5
x,0,1,316,-8
x,0,1,317,5
x,0,1,318,2
x,0,1,319,-1
x,0,1,320,-4
x,0,1,321,-7
x,0,1,322,6
x,0,1,323,3
x,0,1,324,0
x,0,1,325,-3
x,0,1,326,-6
x,0,1,327,7
x,0,1,328,4
x,0,1,329,1
x,0,1,330,-2
x,0,1,331,-5
x,0,1,332,-8
x,0,1,333,5
x,0,1,334,2
x,0,1,335,-1
x,0,1,336,-4
x,0,1,337,-7
x,0,1,338,6
x,0,1,339,3
x,0,1,340,0
x,0,1,341,-3
x,0,1,342,-6
x,0,1,343,7
x,0,1,344,4
x,0,1,345,1
x,0,1,346,-2
x,0,1,347,-5
x,0,1,348,-8
x,0,1,349,5
x,0,1,350,2
x,0,1,351,-1
x,0,1,352,-4
x,0,1,353,-7
x,0,1,354,6
x,0,1,355,3
x,0,1,356,0
x,0,1,357,-3
x,0,1,358,-6
x,0,1,359,7
x,0,1,360,4
x,0,1,361,1
x,0,1,362,-2
x,0,1,363,-5
x,0,1,364,-8
x,0,1,365,5
x,0,1,366,2
x,0,1,367,-1
x,0,1,368,-4
x,0,1,369,-7
x,0,1,370,6
x,0,1,371,3
x,0,1,372,0
x,0,1,373,-3
x,0,1,374,-6
x,0,1,375,7
x,0,1,376,4
x,0,1,377,1
x,0,1,378,-2
x,0,1,379,-5
x,0,1,380,-8
x,0,1,381,5
x,0,1,382,2
x,0,1,383,-1
x,0,1,384,-4
x,0,1,385,-7
x,0,1,386,6
x,0,1,387,3
x,0,1,388,0
x,0,1,389,-3
x,0,1,390,-6
x,0,1,391,7
x,0,1,392,4
x,0,1,393,1
x,0,1,394,-2
x,0,1,395,-5
x,0,1,396,-8
x,0,1,397,5
x,0,1,398,2
x,0,1,399,-1
x,0,1,400,-4
x,0,1,401,-7
x,0,1,402,6
x,0,1,403,3
x,0,1,404,0
x,0,1,405,-3
x,0,1,406,-6
x,0,1,407,7
x,0,1,408,4
x,0,1,409,1
x,0,1,410,-2
x,0,1,411,-5
x,0,1,412,-8
x,0,1,413,5
x,0,1,414,2
x,0,1,415,-1
x,0,1,416,-4
x,0,1,417,-7
x,0,1,418,6
x,0,1,419,3
x,0,1,420,0
x,0,1,421,-3
x,0,1,422,-6
x,0,1,423,7
x,0,1,424,4
x,0,1,425,1
x,0,1,426,-2
x,0,1,427,-5
x,0,1,428,-8
x,0,1,429,5
x,0,1,430,2
x,0,1,431,-1
x,0,1,432,-4
x,0,1,433,-7
x,0,1,434,6
x,0,1,435,3
x,0,1,436,0
x,0,1,437,-3
x,0,1,438,-6
x,0,1,439,7
x,0,1,440,4
x,0,1,441,1
x,0,1,442,-2
x,0,1,443,-5
x,0,1,444,-8
x,0,1,445,5
x,0,1,446,2
x,0,1,447,-1
x,0,1,448,-4
x,0,1,449,-7
x,0,1,450,6
x,0,1,451,3
x,0,1,452,0
x,0,1,453,-3
x,0,1,454,-6
x,0,1,455,7
x,0,1,456,4
x,0,1,457,1
x,0,1,458,-2
x,0,1,459,-5
x,0,1,460,-8
x,0,1,461,5
x,0,1,462,2
x,0,1,463,-1
x,0,1,464,-4
x,0,1,465,-7
x,0,1,466,6
x,0,1,467,3
x,0,1,468,0
x,0,1,469,-3
x,0,1,470,-6
x,0,1,471,7
x,0,1,472,4
x,0,1,473,1
x,0,1,474,-2
x,0,1,475,-5
x,0,1,476,-8
x,0,1,477,5
x,0,1,478,2
x,0,1,479,-1
x,0,1,480,-4
x,0,1,481,-7
x,0,1,482,6
x,0,1,483,3
x,0,1,484,0
x,0,1,485,-3
x,0,1,486,-6
x,0,1,487,7
x,0,1,488,4
x,0,1,489,1
x,0,1,490,-2
x,0,1,491,-5
x,0,1,492,-8
x,0,1,493,5
x,0,1,494,2
x,0,1,495,-1
x,0,1,496,-4
x,0,1,497,-7
x,0,1,498,6
x,0,1,499,3
x,0,1,500,0
x,0,1,501,-3
x,0,1,502,-6
x,0,1,503,7
x,0,1,504,4
x,0,1,505,1
x,0,1,506,-2
x,0,1,507,-5
x,0,1,508,-8
x,0,1,509,5
x,0,1,510,2
x,0,1,511,-1
x,0,2,0,-3
x,0,2,1,-6
x,0,2,2,7
x,0,2,3,4
x,0,2,4,1
x,0,2,5,-2
x,0,2,6,-5
x,0,2,7,-8
x,0,2,8,5
x,0,2,9,2
x,0,2,10,-1
x,0,2,11,-4
x,0,2,12,-7
x,0,2,13,6
x,0,2,14,3
x,0,2,15,0
x,0,2,16,-3
x,0,2,17,-6
x,0,2,18,7
x,0,2,19,4
x,0,2,20,1
x,0,2,21,-2
x,0,2,22,-5
x,0,2,23,-8
x,0,2,24,5
x,0,2,25,2
x,0,2,26,-1
x,0,2,27,-4
x,0,2,28,-7
x,0,2,29,6
x,0,2,30,3
x,0,2,31,0
x,0,2,32,-3
x,0,2,33,-6
x,0,2,34,7
x,0,2,35,4
x,0,2,36,1
x,0,2,37,-2
x,0,2,38,-5
x,0,2,39,-8
x,0,2,40,5
x,0,2,41,2
x,0,2,42,-1
x,0,2,43,-4
x,0,2,44,-7
x,0,2,45,6
x,0,2,46,3
x,0,2,47,0
x,0,2,48,-3
x,0,2,49,-6
x,0,2,50,7
x,0,2,51,4
x,0,2,52,1
x,0,2,53,-2
x,0,2,54,-5
x,0,2,55,-8
x,0,2,56,5
x,0,2,57,2
x,0,2,58,-1
x,0,2,59,-4
x,0,2,60,-7
x,0,2,61,6
x,0,2,62,3
x,0,2,63,0
x,0,2,64,-3
x,0,2,65,-6
x,0,2,66,7
x,0,2,67,4
x,0,2,68,1
x,0,2,69,-2
x,0,2,70,-5
x,0,2,71,-8
x,0,2,72,5
x,0,2,73,2
x,0,2,74,-1
x,0,2,75,-4
x,0,2,76,-7
x,0,2,77,6
x,0,2,78,3
x,0,2,79,0
x,0,2,80,-3
x,0,2,81,-6
x,0,2,82,7
x,0,2,83,4
x,0,2,84,1
x,0,2,85,-2
x,0,2,86,-5
x,0,2,87,-8
x,0,2,88,5
x,0,2,89,2
x,0,2,90,-1
x,0,2,91,-4
x,0,2,92,-7
x,0,2,93,6
x,0,2,94,3
x,0,2,95,0
x,0,2,96,-3
x,0,2,97,-6
x,0,2,98,7
x,0,2,99,4
x,0,2,100,1
x,0,2,101,-2
x,0,2,102,-5
x,0,2,103,-8
x,0,2,104,5
x,0,2,105,2
x,0,2,106,-1
x,0,2,107,-4
x,0,2,108,-7
x,0,2,109,6
x,0,2,110,3
x,0,2,111,0
x,0,2,112,-3
x,0,2,113,-6
x,0,2,114,7
x,0,2,115,4
x,0,2,116,1
x,0,2,117,-2
x,0,2,118,-5
x,0,2,119,-8
x,0,2,120,5
x,0,2,121,2
x,0,2,122,-1
x,0,2,123,-4
x,0,2,124,-7
x,0,2,125,6
x,0,2,126,3
x,0,2,127,0
x,0,2,128,-3
x,0,2,129,-6
x,0,2,130,7
x,0,2,131,4
x,0,2,132,1
x,0,2,133,-2
x,0,2,134,-5
x,0,2,135,-8
x,0,2,136,5
x,0,2,137,2
x,0,2,138,-1
x,0,2,139,-4
x,0,2,140,-7
x,0,2,141,6
x,0,2,142,3
x,0,2,143,0
x,0,2,144,-3
x,0,2,145,-6
x,0,2,146,7
x,0,2,147,4
x,0,2,148,1
x,0,2,149,-2
x,0,2,150,-5
x,0,2,151,-8
x,0,2,152,5
x,0,2,153,2
x,0,2,154,-1
x,0,2,155,-4
x,0,2,156,-7
x,0,2,157,6
x,0,2,158,3
x,0,2,159,0
x,0,2,160,-3
x,0,2,161,-6
x,0,2,162,7
x,0,2,163,4
x,0,2,164,1
x,0,2,165,-2
x,0,2,166,-5
x,0,2,167,-8
x,0,2,168,5
x,0,2,169,2
x,0,2,170,-1
x,0,2,171,-4
x,0,2,172,-7
x,0,2,173,6
x,0,2,174,3
x,0,2,175,0
x,0,2,176,-3
x,0,2,177,-6
x,0,2,178,7
x,0,2,179,4
x,0,2,180,1
x,0,2,181,-2
x,0,2,182,-5
x,0,2,183,-8
x,0,2,184,5
x,0,2,185,2
x,0,2,186,-1
x,0,2,187,-4
x,0,2,188,-7
x,0,2,189,6
x,0,2,190,3
x,0,2,191,0
x,0,2,192,-3
x,0,2,193,-6
x,0,2,194,7
x,0,2,195,4
x,0,2,196,1
x,0,2,197,-2
x,0,2,198,-5
x,0,2,199,-8
x,0,2,200,5
x,0,2,201,2
x,0,2,202,-1
x,0,2,203,-4
x,0,2,204,-7
x,0,2,205,6
x,0,2,206,3
x,0,2,207,0
x,0,2,208,-3
x,0,2,209,-6
x,0,2,210,7
x,0,2,211,4
x,0,2,212,1
x,0,2,213,-2
x,0,2,214,-5
x,0,2,215,-8
x,0,2,216,5
x,0,2,217,2
x,0,2,218,-1
x,0,2,219,-4
x,0,2,220,-7
x,0,2,221,6
x,0,2,222,3
x,0,2,223,0
x,0,2,224,-3
x,0,2,225,-6
x,0,2,226,7
x,0,2,227,4
x,0,2,228,1
x,0,2,229,-2
x,0,2,230,-5
x,0,2,231,-8
x,0,2,232,5
x,0,2,233,2
x,0,2,234,-1
x,0,2,235,-4
x,0,2,236,-7
x,0,2,237,6
x,0,2,238,3
x,0,2,239,0
x,0,2,240,-3
x,0,2,241,-6
x,0,2,242,7
x,0,2,243,4
x,0,2,244,1
x,0,2,245,-2
x,0,2,246,-5
x,0,2,247,-8
x,0,2,248,5
x,0,2,249,2
x,0,2,250,-1
x,0,2,251,-4
x,0,2,252,-7
x,0,2,253,6
x,0,2,254,3
x,0,2,255,0
x,0,2,256,-3
x,0,2,257,-6
x,0,2,258,7
x,0,2,259,4
x,0,2,260,1
x,0,2,261,-2
x,0,2,262,-5
x,0,2,263,-8
x,0,2,264,5
x,0,2,265,2
x,0,2,266,-1
x,0,2,267,-4
x,0,2,268,-7
x,0,2,269,6
x,0,2,270,3
x,0,2,271,0
x,0,2,272,-3
x,0,2,273,-6
x,0,2,274,7
x,0,2,275,4
x,0,2,276,1
x,0,2,277,-2
x,0,2,278,-5
x,0,2,279,-8
x,0,2,280,5
x,0,2,281,2
x,0,2,282,-1
x,0,2,283,-4
x,0,2,284,-7
x,0,2,285,6
x,0,2,286,3
x,0,2,287,0
x,0,2,288,-3
x,0,2,289,-6
x,0,2,290,7
x,0,2,291,4
x,0,2,292,1
x,0,2,293,-2
x,0,2,294,-5
x,0,2,295,-8
x,0,2,296,5
x,0,2,297,2
x,0,2,298,-1
x,0,2,299,-4
x,0,2,300,-7
x,0,2,301,6
x,0,2,302,3
x,0,2,303,0
x,0,2,304,-3
x,0,2,305,-6
x,0,2,306,7
x,0,2,307,4
x,0,2,308,1
x,0,2,309,-2
x,0,2,310,-5
x,0,2,311,-8
x,0,2,312,5
x,0,2,313,2
x,0,2,314,-1
x,0,2,315,-4
x,0,2,316,-7
x,0,2,317,6
x,0,2,318,3
x,0,2,319,0
x,0,2,320,-3
x,0,2,321,-6
x,0,2,322,7
x,0,2,323,4
x,0,2,324,1
x,0,2,325,-2
x,0,2,326,-5
x,0,2,327,-8
x,0,2,328,5
x,0,2,329,2
x,0,2,330,-1
x,0,2,331,-4
x,0,2,332,-7
x,0,2,333,6
x,0,2,334,3
x,0,2,335,0
x,0,2,336,-3
x,0,2,337,-6
x,0,2,338,7
x,0,2,339,4
x,0,2,340,1
x,0,2,341,-2
x,0,2,342,-5
x,0,2,343,-8
x,0,2,344,5
x,0,2,345,2
x,0,2,346,-1
x,0,2,347,-4
x,0,2,348,-7
x,0,2,349,6
x,0,2,350,3
x,0,2,351,0
x,0,2,352,-3
x,0,2,353,-6
x,0,2,354,7
x,0,2,355,4
x,0,2,356,1
x,0,2,357,-2
x,0,2,358,-5
x,0,2,359,-8
x,0,2,360,5
x,0,2,361,2
x,0,2,362,-1
x,0,2,363,-4
x,0,2,364,-7
x,0,2,365,6
x,0,2,366,3
x,0,2,367,0
x,0,2,368,-3
x,0,2,369,-6
x,0,2,370,7
x,0,2,371,4
x,0,2,372,1
x,0,2,373,-2
x,0,2,374,-5
x,0,2,375,-8
x,0,2,376,5
x,0,2,377,2
x,0,2,378,-1
x,0,2,379,-4
x,0,2,380,-7
x,0,2,381,6
x,0,2,382,3
x,0,2,383,0
x,0,2,384,-3
x,0,2,385,-6
x,0,2,386,7
x,0,2,387,4
x,0,2,388,1
x,0,2,389,-2
x,0,2,390,-5
x,0,2,391,-8
x,0,2,392,5
x,0,2,393,2
x,0,2,394,-1
x,0,2,395,-4
x,0,2,396,-7
x,0,2,397,6
x,0,2,398,3
x,0,2,399,0
x,0,2,400,-3
x,0,2,401,-6
x,0,2,402,7
x,0,2,403,4
x,0,2,404,1
x,0,2,405,-2
x,0,2,406,-5
x,0,2,407,-8
x,0,2,408,5
x,0,2,409,2
x,0,2,410,-1
x,0,2,411,-4
x,0,2,412,-7
x,0,2,413,6
x,0,2,414,3
x,0,2,415,0
x,0,2,416,-3
x,0,2,417,-6
x,0,2,418,7
x,0,2,419,4
x,0,2,420,1
x,0,2,421,-2
x,0,2,422,-5
x,0,2,423,-8
x,0,2,424,5
x,0,2,425,2
x,0,2,426,-1
x,0,2,427,-4
x,0,2,428,-7
x,0,2,429,6
x,0,2,430,3
x,0,2,431,0
x,0,2,432,-3
x,0,2,433,-6
x,0,2,434,7
x,0,2,435,4
x,0,2,436,1
x,0,2,437,-2
x,0,2,438,-5
x,0,2,439,-8
x,0,2,440,5
x,0,2,441,2
x,0,2,442,-1
x,0,2,443,-4
x,0,2,444,-7
x,0,2,445,6
x,0,2,446,3
x,0,2,447,0
x,0,2,448,-3
x,0,2,449,-6
x,0,2,450,7
x,0,2,451,4
x,0,2,452,1
x,0,2,453,-2
x,0,2,454,-5
x,0,2,455,-8
x,0,2,456,5
x,0,2,457,2
x,0,2,458,-1
x,0,2,459,-4
x,0,2,460,-7
x,0,2,461,6
x,0,2,462,3
x,0,2,463,0
x,0,2,464,-3
x,0,2,465,-6
x,0,2,466,7
x,0,2,467,4
x,0,2,468,1
x,0,2,469,-2
x,0,2,470,-5
x,0,2,471,-8
x,0,2,472,5
x,0,2,473,2
x,0,2,474,-1
x,0,2,475,-4
x,0,2,476,-7
x,0,2,477,6
x,0,2,478,3
x,0,2,479,0
x,0,2,480,-3
x,0,2,481,-6
x,0,2,482,7
x,0,2,483,4
x,0,2,484,1
x,0,2,485,-2
x,0,2,486,-5
x,0,2,487,-8
x,0,2,488,5
x,0,2,489,2
x,0,2,490,-1
x,0,2,491,-4
x,0,2,492,-7
x,0,2,493,6
x,0,2,494,3
x,0,2,495,0
x,0,2,496,-3
x,0,2,497,-6
x,0,2,498,7
x,0,2,499,4
x,0,2,500,1
x,0,2,501,-2
x,0,2,502,-5
x,0,2,503,-8
x,0,2,504,5
x,0,2,505,2
x,0,2,506,-1
x,0,2,507,-4
x,0,2,508,-7
x,0,2,509,6
x,0,2,510,3
x,0,2,511,0
x,0,3,0,-2
x,0,3,1,-5
x,0,3,2,-8
x,0,3,3,5
x,0,3,4,2
x,0,3,5,-1
x,0,3,6,-4
x,0,3,7,-7
x,0,3,8,6
x,0,3,9,3
x,0,3,10,0
x,0,3,11,-3
x,0,3,12,-6
x,0,3,13,7
x,0,3,14,4
x,0,3,15,1
x,0,3,16,-2
x,0,3,17,-5
x,0,3,18,-8
x,0,3,19,5
x,0,3,20,2
x,0,3,21,-1
x,0,3,22,-4
x,0,3,23,-7
x,0,3,24,6
x,0,3,25,3
x,0,3,26,0
x,0,3,27,-3
x,0,3,28,-6
x,0,3,29,7
x,0,3,30,4
x,0,3,31,1
x,0,3,32,-2
x,0,3,33,-5
x,0,3,34,-8
x,0,3,35,5
x,0,3,36,2
x,0,3,37,-1
x,0,3,38,-4
x,0,3,39,-7
x,0,3,40,6
x,0,3,41,3
x,0,3,42,0
x,0,3,43,-3
x,0,3,44,-6
x,0,3,45,7
x,0,3,46,4
x,0,3,47,1
x,0,3,48,-2
x,0,3,49,-5
x,0,3,50,-8
x,0,3,51,5
x,0,3,52,2
x,0,3,53,-1
x,0,3,54,-4
x,0,3,55,-7
x,0,3,56,6
x,0,3,57,3
x,0,3,58,0
x,0,3,59,-3
x,0,3,60,-6
x,0,3,61,7
x,0,3,62,4
x,0,3,63,1
x,0,3,64,-2
x,0,3,65,-5
x,0,3,66,-8
x,0,3,67,5
x,0,3,68,2
x,0,3,69,-1
x,0,3,70,-4
x,0,3,71,-7
x,0,3,72,6
x,0,3,73,3
x,0,3,74,0
x,0,3,75,-3
x,0,3,76,-6
x,0,3,77,7
x,0,3,78,4
x,0,3,79,1
x,0,3,80,-2
x,0,3,81,-5
x,0,3,82,-8
x,0,3,83,5
x,0,3,84,2
x,0,3,85,-1
x,0,3,86,-4
x,0,3,87,-7
x,0,3,88,6
x,0,3,89,3
x,0,3,90,0
x,0,3,91,-3
x,0,3,92,-6
x,0,3,93,7
x,0,3,94,4
x,0,3,95,1
x,0,3,96,-2
x,0,3,97,-5
x,0,3,98,-8
x,0,3,99,5
x,0,3,100,2
x,0,3,101,-1
x,0,3,102,-4
x,0,3,103,-7
x,0,3,104,6
x,0,3,105,3
x,0,3,106,0
x,0,3,107,-3
x,0,3,108,-6
x,0,3,109,7
x,0,3,110,4
x,0,3,111,1
x,0,3,112,-2
x,0,3,113,-5
x,0,3,114,-8
x,0,3,115,5
x,0,3,116,2
x,0,3,117,-1
x,0,3,118,-4
x,0,3,119,-7
x,0,3,120,6
x,0,3,121,3
x,0,3,122,0
x,0,3,123,-3
x,0,3,124,-6
x,0,3,125,7
x,0,3,126,4
x,0,3,127,1
x,0,3,128,-2
x,0,3,129,-5
x,0,3,130,-8
x,0,3,131,5
x,0,3,132,2
x,0,3,133,-1
x,0,3,134,-4
x,0,3,135,-7
x,0,3,136,6
x,0,3,137,3
x,0,3,138,0
x,0,3,139,-3
x,0,3,140,-6
x,0,3,141,7
x,0,3,142,4
x,0,3,143,1
x,0,3,144,-2
x,0,3,145,-5
x,0,3,146,-8
x,0,3,147,5
x,0,3,148,2
x,0,3,149,-1
x,0,3,150,-4
x,0,3,151,-7
x,0,3,152,6
x,0,3,153,3
x,0,3,154,0
x,0,3,155,-3
x,0,3,156,-6
x,0,3,157,7
x,0,3,158,4
x,0,3,159,1
x,0,3,160,-2
x,0,3,161,-5
x,0,3,162,-8
x,0,3,163,5
x,0,3,164,2
x,0,3,165,-1
x,0,3,166,-4
x,0,3,167,-7
x,0,3,168,6
x,0,3,169,3
x,0,3,170,0
x,0,3,171,-3
x,0,3,172,-6
x,0,3,173,7
x,0,3,174,4
x,0,3,175,1
x,0,3,176,-2
x,0,3,177,-5
x,0,3,178,-8
x,0,3,179,5
x,0,3,180,2
x,0,3,181,-1
x,0,3,182,-4
x,0,3,183,-7
x,0,3,184,6
x,0,3,185,3
x,0,3,186,0
x,0,3,187,-3
x,0,3,188,-6
x,0,3,189,7
x,0,3,190,4
x,0,3,191,1
x,0,3,192,-2
x,0,3,193,-5
x,0,3,194,-8
x,0,3,195,5
x,0,3,196,2
x,0,3,197,-1
x,0,3,198,-4
x,0,3,199,-7
x,0,3,200,6
x,0,3,201,3
x,0,3,202,0
x,0,3,203,-3
x,0,3,204,-6
x,0,3,205,7
x,0,3,206,4
x,0,3,207,1
x,0,3,208,-2
x,0,3,209,-5
x,0,3,210,-8
x,0,3,211,5
x,0,3,212,2
x,0,3,213,-1
x,0,3,214,-4
x,0,3,215,-7
x,0,3,216,6
x,0,3,217,3
x,0,3,218,0
x,0,3,219,-3
x,0,3,220,-6
x,0,3,221,7
x,0,3,222,4
x,0,3,223,1
x,0,3,224,-2
x,0,3,225,-5
x,0,3,226,-8
x,0,3,227,5
x,0,3,228,2
x,0,3,229,-1
x,0,3,230,-4
x,0,3,231,-7
x,0,3,232,6
x,0,3,233,3
x,0,3,234,0
x,0,3,235,-3
x,0,3,236,-6
x,0,3,237,7
x,0,3,238,4
x,0,3,239,1
x,0,3,240,-2
x,0,3,241,-5
x,0,3,242,-8
x,0,3,243,5
x,0,3,244,2
x,0,3,245,-1
x,0,3,246,-4
x,0,3,247,-7
x,0,3,248,6
x,0,3,249,3
x,0,3,250,0
x,0,3,251,-3
x,0,3,252,-6
x,0,3,253,7
x,0,3,254,4
x,0,3,255,1
x,0,3,256,-2
x,0,3,257,-5
x,0,3,258,-8
x,0,3,259,5
x,0,3,260,2
x,0,3,261,-1
x,0,3,262,-4
x,0,3,263,-7
x,0,3,264,6
x,0,3,265,3
x,0,3,266,0
x,0,3,267,-3
x,0,3,268,-6
x,0,3,269,7
x,0,3,270,4
x,0,3,271,1
x,0,3,272,-2
x,0,3,273,-5
x,0,3,274,-8
x,0,3,275,5
x,0,3,276,2
x,0,3,277,-1
x,0,3,278,-4
x,0,3,279,-7
x,0,3,280,6
x,0,3,281,3
x,0,3,282,0
x,0,3,283,-3
x,0,3,284,-6
x,0,3,285,7
x,0,3,286,4
x,0,3,287,1
x,0,3,288,-2
x,0,3,289,-5
x,0,3,290,-8
x,0,3,291,5
x,0,3,292,2
x,0,3,293,-1
x,0,3,294,-4
x,0,3,295,-7
x,0,3,296,6
x,0,3,297,3
x,0,3,298,0
x,0,3,299,-3
x,0,3,300,-6
x,0,3,301,7
x,0,3,302,4
x,0,3,303,1
x,0,3,304,-2
x,0,3,305,-5
x,0,3,306,-8
x,0,3,307,5
x,0,3,308,2
x,0,3,309,-1
x,0,3,310,-4
x,0,3,311,-7
x,0,3,312,6
x,0,3,313,3
x,0,3,314,0
x,0,3,315,-3
x,0,3,316,-6
x,0,3,317,7
x,0,3,318,4
x,0,3,319,1
x,0,3,320,-2
x,0,3,321,-5
x,0,3,322,-8
x,0,3,323,5
x,0,3,324,2
x,0,3,325,-1
x,0,3,326,-4
x,0,3,327,-7
x,0,3,328,6
x,0,3,329,3
x,0,3,330,0
x,0,3,331,-3
x,0,3,332,-6
x,0,3,333,7
x,0,3,334,4
x,0,3,335,1
x,0,3,336,-2
x,0,3,337,-5
x,0,3,338,-8
x,0,3,339,5
x,0,3,340,2
x,0,3,341,-1
x,0,3,342,-4
x,0,3,343,-7
x,0,3,344,6
x,0,3,345,3
x,0,3,346,0
x,0,3,347,-3
x,0,3,348,-6
x,0,3,349,7
x,0,3,350,4
x,0,3,351,1
x,0,3,352,-2
x,0,3,353,-5
x,0,3,354,-8
x,0,3,355,5
x,0,3,356,2
x,0,3,357,-1
x,0,3,358,-4
x,0,3,359,-7
x,0,3,360,6
x,0,3,361,3
x,0,3,362,0
x,0,3,363,-3
x,0,3,364,-6
x,0,3,365,7
x,0,3,366,4
x,0,3,367,1
x,0,3,368,-2
x,0,3,369,-5
x,0,3,370,-8
x,0,3,371,5
x,0,3,372,2
x,0,3,373,-1
x,0,3,374,-4
x,0,3,375,-7
x,0,3,376,6
x,0,3,377,3
x,0,3,378,0
x,0,3,379,-3
x,0,3,380,-6
x,0,3,381,7
x,0,3,382,4
x,0,3,383,1
x,0,3,384,-2
x,0,3,385,-5
x,0,3,386,-8
x,0,3,387,5
x,0,3,388,2
x,0,3,389,-1
x,0,3,390,-4
x,0,3,391,-7
x,0,3,392,6
x,0,3,393,3
x,0,3,394,0
x,0,3,395,-3
x,0,3,396,-6
x,0,3,397,7
x,0,3,398,4
x,0,3,399,1
x,0,3,400,-2
x,0,3,401,-5
x,0,3,402,-8
x,0,3,403,5
x,0,3,404,2
x,0,3,405,-1
x,0,3,406,-4
x,0,3,407,-7
x,0,3,408,6
x,0,3,409,3
x,0,3,410,0
x,0,3,411,-3
x,0,3,412,-6
x,0,3,413,7
x,0,3,414,4
x,0,3,415,1
x,0,3,416,-2
x,0,3,417,-5
x,0,3,418,-8
x,0,3,419,5
x,0,3,420,2
x,0,3,421,-1
x,0,3,422,-4
x,0,3,423,-7
x,0,3,424,6
x,0,3,425,3
x,0,3,426,0
x,0,3,427,-3
x,0,3,428,-6
x,0,3,429,7
x,0,3,430,4
x,0,3,431,1
x,0,3,432,-2
x,0,3,433,-5
x,0,3,434,-8
x,0,3,435,5
x,0,3,436,2
x,0,3,437,-1
x,0,3,438,-4
x,0,3,439,-7
x,0,3,440,6
x,0,3,441,3
x,0,3,442,0
x,0,3,443,-3
x,0,3,444,-6
x,0,3,445,7
x,0,3,446,4
x,0,3,447,1
x,0,3,448,-2
x,0,3,449,-5
x,0,3,450,-8
x,0,3,451,5
x,0,3,452,2
x,0,3,453,-1
x,0,3,454,-4
x,0,3,455,-7
x,0,3,456,6
x,0,3,457,3
x,0,3,458,0
x,0,3,459,-3
x,0,3,460,-6
x,0,3,461,7
x,0,3,462,4
x,0,3,463,1
x,0,3,464,-2
x,0,3,465,-5
x,0,3,466,-8
x,0,3,467,5
x,0,3,468,2
x,0,3,469,-1
x,0,3,470,-4
x,0,3,471,-7
x,0,3,472,6
x,0,3,473,3
x,0,3,474,0
x,0,3,475,-3
x,0,3,476,-6
x,0,3,477,7
x,0,3,478,4
x,0,3,479,1
x,0,3,480,-2
x,0,3,481,-5
x,0,3,482,-8
x,0,3,483,5
x,0,3,484,2
x,0,3,485,-1
x,0,3,486,-4
x,0,3,487,-7
x,0,3,488,6
x,0,3,489,3
x,0,3,490,0
x,0,3,491,-3
x,0,3,492,-6
x,0,3,493,7
x,0,3,494,4
x,0,3,495,1
x,0,3,496,-2
x,0,3,497,-5
x,0,3,498,-8
x,0,3,499,5
x,0,3,500,2
x,0,3,501,-1
x,0,3,502,-4
x,0,3,503,-7
x,0,3,504,6
x,0,3,505,3
x,0,3,506,0
x,0,3,507,-3
x,0,3,508,-6
x,0,3,509,7
x,0,3,510,4
x,0,3,511,1
h,0,0,0,-3
h,0,0,1,4
h,0,0,2,-5
h,0,0,3,2
h,0,0,4,-7
h,0,0,5,0
h,0,0,6,7
h,0,0,7,-2
h,0,0,8,5
h,0,0,9,-4
h,0,0,10,3
h,0,0,11,-6
h,0,0,12,1
h,0,0,13,-8
h,0,0,14,-1
h,0,0,15,6
h,0,0,16,-3
h,0,0,17,4
h,0,0,18,-5
h,0,0,19,2
h,0,0,20,-7
h,0,0,21,0
h,0,0,22,7
h,0,0,23,-2
h,0,0,24,5
h,0,0,25,-4
h,0,0,26,3
h,0,0,27,-6
h,0,0,28,1
h,0,0,29,-8
h,0,0,30,-1
h,0,0,31,6
h,0,0,32,-3
h,0,0,33,4
h,0,0,34,-5
h,0,0,35,2
h,0,0,36,-7
h,0,0,37,0
h,0,0,38,7
h,0,0,39,-2
h,0,0,40,5
h,0,0,41,-4
h,0,0,42,3
h,0,0,43,-6
h,0,0,44,1
h,0,0,45,-8
h,0,0,46,-1
h,0,0,47,6
h,0,0,48,-3
h,0,0,49,4
h,0,0,50,-5
h,0,0,51,2
h,0,0,52,-7
h,0,0,53,0
h,0,0,54,7
h,0,0,55,-2
h,0,0,56,5
h,0,0,57,-4
h,0,0,58,3
h,0,0,59,-6
h,0,0,60,1
h,0,0,61,-8
h,0,0,62,-1
h,0,0,63,6
h,0,0,64,-3
h,0,0,65,4
h,0,0,66,-5
h,0,0,67,2
h,0,0,68,-7
h,0,0,69,0
h,0,0,70,7
h,0,0,71,-2
h,0,0,72,5
h,0,0,73,-4
h,0,0,74,3
h,0,0,75,-6
h,0,0,76,1
h,0,0,77,-8
h,0,0,78,-1
h,0,0,79,6
h,0,0,80,-3
h,0,0,81,4
h,0,0,82,-5
h,0,0,83,2
h,0,0,84,-7
h,0,0,85,0
h,0,0,86,7
h,0,0,87,-2
h,0,0,88,5
h,0,0,89,-4
h,0,0,90,3
h,0,0,91,-6
h,0,0,92,1
h,0,0,93,-8
h,0,0,94,-1
h,0,0,95,6
h,0,0,96,-3
h,0,0,97,4
h,0,0,98,-5
h,0,0,99,2
h,0,0,100,-7
h,0,0,101,0
h,0,0,102,7
h,0,0,103,-2
h,0,0,104,5
h,0,0,105,-4
h,0,0,106,3
h,0,0,107,-6
h,0,0,108,1
h,0,0,109,-8
h,0,0,110,-1
h,0,0,111,6
h,0,0,112,-3
h,0,0,113,4
h,0,0,114,-5
h,0,0,115,2
h,0,0,116,-7
h,0,0,117,0
h,0,0,118,7
h,0,0,119,-2
h,0,0,120,5
h,0,0,121,-4
h,0,0,122,3
h,0,0,123,-6
h,0,0,124,1
h,0,0,125,-8
h,0,0,126,-1
h,0,0,127,6
h,0,0,128,-3
h,0,0,129,4
h,0,0,130,-5
h,0,0,131,2
h,0,0,132,-7
h,0,0,133,0
h,0,0,134,7
h,0,0,135,-2
h,0,0,136,5
h,0,0,137,-4
h,0,0,138,3
h,0,0,139,-6
h,0,0,140,1
h,0,0,141,-8
h,0,0,142,-1
h,0,0,143,6
h,0,0,144,-3
h,0,0,145,4
h,0,0,146,-5
h,0,0,147,2
h,0,0,148,-7
h,0,0,149,0
h,0,0,150,7
h,0,0,151,-2
h,0,0,152,5
h,0,0,153,-4
h,0,0,154,3
h,0,0,155,-6
h,0,0,156,1
h,0,0,157,-8
h,0,0,158,-1
h,0,0,159,6
h,0,0,160,-3
h,0,0,161,4
h,0,0,162,-5
h,0,0,163,2
h,0,0,164,-7
h,0,0,165,0
h,0,0,166,7
h,0,0,167,-2
h,0,0,168,5
h,0,0,169,-4
h,0,0,170,3
h,0,0,171,-6
h,0,0,172,1
h,0,0,173,-8
h,0,0,174,-1
h,0,0,175,6
h,0,0,176,-3
h,0,0,177,4
h,0,0,178,-5
h,0,0,179,2
h,0,0,180,-7
h,0,0,181,0
h,0,0,182,7
h,0,0,183,-2
h,0,0,184,5
h,0,0,185,-4
h,0,0,186,3
h,0,0,187,-6
h,0,0,188,1
h,0,0,189,-8
h,0,0,190,-1
h,0,0,191,6
h,0,0,192,-3
h,0,0,193,4
h,0,0,194,-5
h,0,0,195,2
h,0,0,196,-7
h,0,0,197,0
h,0,0,198,7
h,0,0,199,-2
h,0,0,200,5
h,0,0,201,-4
h,0,0,202,3
h,0,0,203,-6
h,0,0,204,1
h,0,0,205,-8
h,0,0,206,-1
h,0,0,207,6
h,0,0,208,-3
h,0,0,209,4
h,0,0,210,-5
h,0,0,211,2
h,0,0,212,-7
h,0,0,213,0
h,0,0,214,7
h,0,0,215,-2
h,0,0,216,5
h,0,0,217,-4
h,0,0,218,3
h,0,0,219,-6
h,0,0,220,1
h,0,0,221,-8
h,0,0,222,-1
h,0,0,223,6
h,0,0,224,-3
h,0,0,225,4
h,0,0,226,-5
h,0,0,227,2
h,0,0,228,-7
h,0,0,229,0
h,0,0,230,7
h,0,0,231,-2
h,0,0,232,5
h,0,0,233,-4
h,0,0,234,3
h,0,0,235,-6
h,0,0,236,1
h,0,0,237,-8
h,0,0,238,-1
h,0,0,239,6
h,0,0,240,-3
h,0,0,241,4
h,0,0,242,-5
h,0,0,243,2
h,0,0,244,-7
h,0,0,245,0
h,0,0,246,7
h,0,0,247,-2
h,0,0,248,5
h,0,0,249,-4
h,0,0,250,3
h,0,0,251,-6
h,0,0,252,1
h,0,0,253,-8
h,0,0,254,-1
h,0,0,255,6
h,0,0,256,-3
h,0,0,257,4
h,0,0,258,-5
h,0,0,259,2
h,0,0,260,-7
h,0,0,261,0
h,0,0,262,7
h,0,0,263,-2
h,0,0,264,5
h,0,0,265,-4
h,0,0,266,3
h,0,0,267,-6
h,0,0,268,1
h,0,0,269,-8
h,0,0,270,-1
h,0,0,271,6
h,0,0,272,-3
h,0,0,273,4
h,0,0,274,-5
h,0,0,275,2
h,0,0,276,-7
h,0,0,277,0
h,0,0,278,7
h,0,0,279,-2
h,0,0,280,5
h,0,0,281,-4
h,0,0,282,3
h,0,0,283,-6
h,0,0,284,1
h,0,0,285,-8
h,0,0,286,-1
h,0,0,287,6
h,0,0,288,-3
h,0,0,289,4
h,0,0,290,-5
h,0,0,291,2
h,0,0,292,-7
h,0,0,293,0
h,0,0,294,7
h,0,0,295,-2
h,0,0,296,5
h,0,0,297,-4
h,0,0,298,3
h,0,0,299,-6
h,0,0,300,1
h,0,0,301,-8
h,0,0,302,-1
h,0,0,303,6
h,0,0,304,-3
h,0,0,305,4
h,0,0,306,-5
h,0,0,307,2
h,0,0,308,-7
h,0,0,309,0
h,0,0,310,7
h,0,0,311,-2
h,0,0,312,5
h,0,0,313,-4
h,0,0,314,3
h,0,0,315,-6
h,0,0,316,1
h,0,0,317,-8
h,0,0,318,-1
h,0,0,319,6
h,0,0,320,-3
h,0,0,321,4
h,0,0,322,-5
h,0,0,323,2
h,0,0,324,-7
h,0,0,325,0
h,0,0,326,7
h,0,0,327,-2
h,0,0,328,5
h,0,0,329,-4
h,0,0,330,3
h,0,0,331,-6
h,0,0,332,1
h,0,0,333,-8
h,0,0,334,-1
h,0,0,335,6
h,0,0,336,-3
h,0,0,337,4
h,0,0,338,-5
h,0,0,339,2
h,0,0,340,-7
h,0,0,341,0
h,0,0,342,7
h,0,0,343,-2
h,0,0,344,5
h,0,0,345,-4
h,0,0,346,3
h,0,0,347,-6
h,0,0,348,1
h,0,0,349,-8
h,0,0,350,-1
h,0,0,351,6
h,0,0,352,-3
h,0,0,353,4
h,0,0,354,-5
h,0,0,355,2
h,0,0,356,-7
h,0,0,357,0
h,0,0,358,7
h,0,0,359,-2
h,0,0,360,5
h,0,0,361,-4
h,0,0,362,3
h,0,0,363,-6
h,0,0,364,1
h,0,0,365,-8
h,0,0,366,-1
h,0,0,367,6
h,0,0,368,-3
h,0,0,369,4
h,0,0,370,-5
h,0,0,371,2
h,0,0,372,-7
h,0,0,373,0
h,0,0,374,7
h,0,0,375,-2
h,0,0,376,5
h,0,0,377,-4
h,0,0,378,3
h,0,0,379,-6
h,0,0,380,1
h,0,0,381,-8
h,0,0,382,-1
h,0,0,383,6
h,0,0,384,-3
h,0,0,385,4
h,0,0,386,-5
h,0,0,387,2
h,0,0,388,-7
h,0,0,389,0
h,0,0,390,7
h,0,0,391,-2
h,0,0,392,5
h,0,0,393,-4
h,0,0,394,3
h,0,0,395,-6
h,0,0,396,1
h,0,0,397,-8
h,0,0,398,-1
h,0,0,399,6
h,0,0,400,-3
h,0,0,401,4
h,0,0,402,-5
h,0,0,403,2
h,0,0,404,-7
h,0,0,405,0
h,0,0,406,7
h,0,0,407,-2
h,0,0,408,5
h,0,0,409,-4
h,0,0,410,3
h,0,0,411,-6
h,0,0,412,1
h,0,0,413,-8
h,0,0,414,-1
h,0,0,415,6
h,0,0,416,-3
h,0,0,417,4
h,0,0,418,-5
h,0,0,419,2
h,0,0,420,-7
h,0,0,421,0
h,0,0,422,7
h,0,0,423,-2
h,0,0,424,5
h,0,0,425,-4
h,0,0,426,3
h,0,0,427,-6
h,0,0,428,1
h,0,0,429,-8
h,0,0,430,-1
h,0,0,431,6
h,0,0,432,-3
h,0,0,433,4
h,0,0,434,-5
h,0,0,435,2
h,0,0,436,-7
h,0,0,437,0
h,0,0,438,7
h,0,0,439,-2
h,0,0,440,5
h,0,0,441,-4
h,0,0,442,3
h,0,0,443,-6
h,0,0,444,1
h,0,0,445,-8
h,0,0,446,-1
h,0,0,447,6
h,0,0,448,-3
h,0,0,449,4
h,0,0,450,-5
h,0,0,451,2
h,0,0,452,-7
h,0,0,453,0
h,0,0,454,7
h,0,0,455,-2
h,0,0,456,5
h,0,0,457,-4
h,0,0,458,3
h,0,0,459,-6
h,0,0,460,1
h,0,0,461,-8
h,0,0,462,-1
h,0,0,463,6
h,0,0,464,-3
h,0,0,465,4
h,0,0,466,-5
h,0,0,467,2
h,0,0,468,-7
h,0,0,469,0
h,0,0,470,7
h,0,0,471,-2
h,0,0,472,5
h,0,0,473,-4
h,0,0,474,3
h,0,0,475,-6
h,0,0,476,1
h,0,0,477,-8
h,0,0,478,-1
h,0,0,479,6
h,0,0,480,-3
h,0,0,481,4
h,0,0,482,-5
h,0,0,483,2
h,0,0,484,-7
h,0,0,485,0
h,0,0,486,7
h,0,0,487,-2
h,0,0,488,5
h,0,0,489,-4
h,0,0,490,3
h,0,0,491,-6
h,0,0,492,1
h,0,0,493,-8
h,0,0,494,-1
h,0,0,495,6
h,0,0,496,-3
h,0,0,497,4
h,0,0,498,-5
h,0,0,499,2
h,0,0,500,-7
h,0,0,501,0
h,0,0,502,7
h,0,0,503,-2
h,0,0,504,5
h,0,0,505,-4
h,0,0,506,3
h,0,0,507,-6
h,0,0,508,1
h,0,0,509,-8
h,0,0,510,-1
h,0,1,0,-8
h,0,1,1,-1
h,0,1,2,6
h,0,1,3,-3
h,0,1,4,4
h,0,1,5,-5
h,0,1,6,2
h,0,1,7,-7
h,0,1,8,0
h,0,1,9,7
h,0,1,10,-2
h,0,1,11,5
h,0,1,12,-4
h,0,1,13,3
h,0,1,14,-6
h,0,1,15,1
h,0,1,16,-8
h,0,1,17,-1
h,0,1,18,6
h,0,1,19,-3
h,0,1,20,4
h,0,1,21,-5
h,0,1,22,2
h,0,1,23,-7
h,0,1,24,0
h,0,1,25,7
h,0,1,26,-2
h,0,1,27,5
h,0,1,28,-4
h,0,1,29,3
h,0,1,30,-6
h,0,1,31,1
h,0,1,32,-8
h,0,1,33,-1
h,0,1,34,6
h,0,1,35,-3
h,0,1,36,4
h,0,1,37,-5
h,0,1,38,2
h,0,1,39,-7
h,0,1,40,0
h,0,1,41,7
h,0,1,42,-2
h,0,1,43,5
h,0,1,44,-4
h,0,1,45,3
h,0,1,46,-6
h,0,1,47,1
h,0,1,48,-8
h,0,1,49,-1
h,0,1,50,6
h,0,1,51,-3
h,0,1,52,4
h,0,1,53,-5
h,0,1,54,2
h,0,1,55,-7
h,0,1,56,0
h,0,1,57,7
h,0,1,58,-2
h,0,1,59,5
h,0,1,60,-4
h,0,1,61,3
h,0,1,62,-6
h,0,1,63,1
h,0,1,64,-8
h,0,1,65,-1
h,0,1,66,6
h,0,1,67,-3
h,0,1,68,4
h,0,1,69,-5
h,0,1,70,2
h,0,1,71,-7
h,0,1,72,0
h,0,1,73,7
h,0,1,74,-2
h,0,1,75,5
h,0,1,76,-4
h,0,1,77,3
h,0,1,78,-6
h,0,1,79,1
h,0,1,80,-8
h,0,1,81,-1
h,0,1,82,6
h,0,1,83,-3
h,0,1,84,4
h,0,1,85,-5
h,0,1,86,2
h,0,1,87,-7
h,0,1,88,0
h,0,1,89,7
h,0,1,90,-2
h,0,1,91,5
h,0,1,92,-4
h,0,1,93,3
h,0,1,94,-6
h,0,1,95,1
h,0,1,96,-8
h,0,1,97,-1
h,0,1,98,6
h,0,1,99,-3
h,0,1,100,4
h,0,1,101,-5
h,0,1,102,2
h,0,1,103,-7
h,0,1,104,0
h,0,1,105,7
h,0,1,106,-2
h,0,1,107,5
h,0,1,108,-4
h,0,1,109,3
h,0,1,110,-6
h,0,1,111,1
h,0,1,112,-8
h,0,1,113,-1
h,0,1,114,6
h,0,1,115,-3
h,0,1,116,4
h,0,1,117,-5
h,0,1,118,2
h,0,1,119,-7
h,0,1,120,0
h,0,1,121,7
h,0,1,122,-2
h,0,1,123,5
h,0,1,124,-4
h,0,1,125,3
h,0,1,126,-6
h,0,1,127,1
h,0,1,128,-8
h,0,1,129,-1
h,0,1,130,6
h,0,1,131,-3
h,0,1,132,4
h,0,1,133,-5
h,0,1,134,2
h,0,1,135,-7
h,0,1,136,0
h,0,1,137,7
h,0,1,138,-2
h,0,1,139,5
h,0,1,140,-4
h,0,1,141,3
h,0,1,142,-6
h,0,1,143,1
h,0,1,144,-8
h,0,1,145,-1
h,0,1,146,6
h,0,1,147,-3
h,0,1,148,4
h,0,1,149,-5
h,0,1,150,2
h,0,1,151,-7
h,0,1,152,0
h,0,1,153,7
h,0,1,154,-2
h,0,1,155,5
h,0,1,156,-4
h,0,1,157,3
h,0,1,158,-6
h,0,1,159,1
h,0,1,160,-8
h,0,1,161,-1
h,0,1,162,6
h,0,1,163,-3
h,0,1,164,4
h,0,1,165,-5
h,0,1,166,2
h,0,1,167,-7
h,0,1,168,0
h,0,1,169,7
h,0,1,170,-2
h,0,1,171,5
h,0,1,172,-4
h,0,1,173,3
h,0,1,174,-6
h,0,1,175,1
h,0,1,176,-8
h,0,1,177,-1
h,0,1,178,6
h,0,1,179,-3
h,0,1,180,4
h,0,1,181,-5
h,0,1,182,2
h,0,1,183,-7
h,0,1,184,0
h,0,1,185,7
h,0,1,186,-2
h,0,1,187,5
h,0,1,188,-4
h,0,1,189,3
h,0,1,190,-6
h,0,1,191,1
h,0,1,192,-8
h,0,1,193,-1
h,0,1,194,6
h,0,1,195,-3
h,0,1,196,4
h,0,1,197,-5
h,0,1,198,2
h,0,1,199,-7
h,0,1,200,0
h,0,1,201,7
h,0,1,202,-2
h,0,1,203,5
h,0,1,204,-4
h,0,1,205,3
h,0,1,206,-6
h,0,1,207,1
h,0,1,208,-8
h,0,1,209,-1
h,0,1,210,6
h,0,1,211,-3
h,0,1,212,4
h,0,1,213,-5
h,0,1,214,2
h,0,1,215,-7
h,0,1,216,0
h,0,1,217,7
h,0,1,218,-2
h,0,1,219,5
h,0,1,220,-4
h,0,1,221,3
h,0,1,222,-6
h,0,1,223,1
h,0,1,224,-8
h,0,1,225,-1
h,0,1,226,6
h,0,1,227,-3
h,0,1,228,4
h,0,1,229,-5
h,0,1,230,2
h,0,1,231,-7
h,0,1,232,0
h,0,1,233,7
h,0,1,234,-2
h,0,1,235,5
h,0,1,236,-4
h,0,1,237,3
h,0,1,238,-6
h,0,1,239,1
h,0,1,240,-8
h,0,1,241,-1
h,0,1,242,6
h,0,1,243,-3
h,0,1,244,4
h,0,1,245,-5
h,0,1,246,2
h,0,1,247,-7
h,0,1,248,0
h,0,1,249,7
h,0,1,250,-2
h,0,1,251,5
h,0,1,252,-4
h,0,1,253,3
h,0,1,254,-6
h,0,1,255,1
h,0,1,256,-8
h,0,1,257,-1
h,0,1,258,6
h,0,1,259,-3
h,0,1,260,4
h,0,1,261,-5
h,0,1,262,2
h,0,1,263,-7
h,0,1,264,0
h,0,1,265,7
h,0,1,266,-2
h,0,1,267,5
h,0,1,268,-4
h,0,1,269,3
h,0,1,270,-6
h,0,1,271,1
h,0,1,272,-8
h,0,1,273,-1
h,0,1,274,6
h,0,1,275,-3
h,0,1,276,4
h,0,1,277,-5
h,0,1,278,2
h,0,1,279,-7
h,0,1,280,0
h,0,1,281,7
h,0,1,282,-2
h,0,1,283,5
h,0,1,284,-4
h,0,1,285,3
h,0,1,286,-6
h,0,1,287,1
h,0,1,288,-8
h,0,1,289,-1
h,0,1,290,6
h,0,1,291,-3
h,0,1,292,4
h,0,1,293,-5
h,0,1,294,2
h,0,1,295,-7
h,0,1,296,0
h,0,1,297,7
h,0,1,298,-2
h,0,1,299,5
h,0,1,300,-4
h,0,1,301,3
h,0,1,302,-6
h,0,1,303,1
h,0,1,304,-8
h,0,1,305,-1
h,0,1,306,6
h,0,1,307,-3
h,0,1,308,4
h,0,1,309,-5
h,0,1,310,2
h,0,1,311,-7
h,0,1,312,0
h,0,1,313,7
h,0,1,314,-2
h,0,1,315,5
h,0,1,316,-4
h,0,1,317,3
h,0,1,318,-6
h,0,1,319,1
h,0,1,320,-8
h,0,1,321,-1
h,0,1,322,6
h,0,1,323,-3
h,0,1,324,4
h,0,1,325,-5
h,0,1,326,2
h,0,1,327,-7
h,0,1,328,0
h,0,1,329,7
h,0,1,330,-2
h,0,1,331,5
h,0,1,332,-4
h,0,1,333,3
h,0,1,334,-6
h,0,1,335,1
h,0,1,336,-8
h,0,1,337,-1
h,0,1,338,6
h,0,1,339,-3
h,0,1,340,4
h,0,1,341,-5
h,0,1,342,2
h,0,1,343,-7
h,0,1,344,0
h,0,1,345,7
h,0,1,346,-2
h,0,1,347,5
h,0,1,348,-4
h,0,1,349,3
h,0,1,350,-6
h,0,1,351,1
h,0,1,352,-8
h,0,1,353,-1
h,0,1,354,6
h,0,1,355,-3
h,0,1,356,4
h,0,1,357,-5
h,0,1,358,2
h,0,1,359,-7
h,0,1,360,0
h,0,1,361,7
h,0,1,362,-2
h,0,1,363,5
h,0,1,364,-4
h,0,1,365,3
h,0,1,366,-6
h,0,1,367,1
h,0,1,368,-8
h,0,1,369,-1
h,0,1,370,6
h,0,1,371,-3
h,0,1,372,4
h,0,1,373,-5
h,0,1,374,2
h,0,1,375,-7
h,0,1,376,0
h,0,1,377,7
h,0,1,378,-2
h,0,1,379,5
h,0,1,380,-4
h,0,1,381,3
h,0,1,382,-6
h,0,1,383,1
h,0,1,384,-8
h,0,1,385,-1
h,0,1,386,6
h,0,1,387,-3
h,0,1,388,4
h,0,1,389,-5
h,0,1,390,2
h,0,1,391,-7
h,0,1,392,0
h,0,1,393,7
h,0,1,394,-2
h,0,1,395,5
h,0,1,396,-4
h,0,1,397,3
h,0,1,398,-6
h,0,1,399,1
h,0,1,400,-8
h,0,1,401,-1
h,0,1,402,6
h,0,1,403,-3
h,0,1,404,4
h,0,1,405,-5
h,0,1,406,2
h,0,1,407,-7
h,0,1,408,0
h,0,1,409,7
h,0,1,410,-2
h,0,1,411,5
h,0,1,412,-4
h,0,1,413,3
h,0,1,414,-6
h,0,1,415,1
h,0,1,416,-8
h,0,1,417,-1
h,0,1,418,6
h,0,1,419,-3
h,0,1,420,4
h,0,1,421,-5
h,0,1,422,2
h,0,1,423,-7
h,0,1,424,0
h,0,1,425,7
h,0,1,426,-2
h,0,1,427,5
h,0,1,428,-4
h,0,1,429,3
h,0,1,430,-6
h,0,1,431,1
h,0,1,432,-8
h,0,1,433,-1
h,0,1,434,6
h,0,1,435,-3
h,0,1,436,4
h,0,1,437,-5
h,0,1,438,2
h,0,1,439,-7
h,0,1,440,0
h,0,1,441,7
h,0,1,442,-2
h,0,1,443,5
h,0,1,444,-4
h,0,1,445,3
h,0,1,446,-6
h,0,1,447,1
h,0,1,448,-8
h,0,1,449,-1
h,0,1,450,6
h,0,1,451,-3
h,0,1,452,4
h,0,1,453,-5
h,0,1,454,2
h,0,1,455,-7
h,0,1,456,0
h,0,1,457,7
h,0,1,458,-2
h,0,1,459,5
h,0,1,460,-4
h,0,1,461,3
h,0,1,462,-6
h,0,1,463,1
h,0,1,464,-8
h,0,1,465,-1
h,0,1,466,6
h,0,1,467,-3
h,0,1,468,4
h,0,1,469,-5
h,0,1,470,2
h,0,1,471,-7
h,0,1,472,0
h,0,1,473,7
h,0,1,474,-2
h,0,1,475,5
h,0,1,476,-4
h,0,1,477,3
h,0,1,478,-6
h,0,1,479,1
h,0,1,480,-8
h,0,1,481,-1
h,0,1,482,6
h,0,1,483,-3
h,0,1,484,4
h,0,1,485,-5
h,0,1,486,2
h,0,1,487,-7
h,0,1,488,0
h,0,1,489,7
h,0,1,490,-2
h,0,1,491,5
h,0,1,492,-4
h,0,1,493,3
h,0,1,494,-6
h,0,1,495,1
h,0,1,496,-8
h,0,1,497,-1
h,0,1,498,6
h,0,1,499,-3
h,0,1,500,4
h,0,1,501,-5
h,0,1,502,2
h,0,1,503,-7
h,0,1,504,0
h,0,1,505,7
h,0,1,506,-2
h,0,1,507,5
h,0,1,508,-4
h,0,1,509,3
h,0,1,510,-6
h,0,2,0,3
h,0,2,1,-6
h,0,2,2,1
h,0,2,3,-8
h,0,2,4,-1
h,0,2,5,6
h,0,2,6,-3
h,0,2,7,4
h,0,2,8,-5
h,0,2,9,2
h,0,2,10,-7
h,0,2,11,0
h,0,2,12,7
h,0,2,13,-2
h,0,2,14,5
h,0,2,15,-4
h,0,2,16,3
h,0,2,17,-6
h,0,2,18,1
h,0,2,19,-8
h,0,2,20,-1
h,0,2,21,6
h,0,2,22,-3
h,0,2,23,4
h,0,2,24,-5
h,0,2,25,2
h,0,2,26,-7
h,0,2,27,0
h,0,2,28,7
h,0,2,29,-2
h,0,2,30,5
h,0,2,31,-4
h,0,2,32,3
h,0,2,33,-6
h,0,2,34,1
h,0,2,35,-8
h,0,2,36,-1
h,0,2,37,6
h,0,2,38,-3
h,0,2,39,4
h,0,2,40,-5
h,0,2,41,2
h,0,2,42,-7
h,0,2,43,0
h,0,2,44,7
h,0,2,45,-2
h,0,2,46,5
h,0,2,47,-4
h,0,2,48,3
h,0,2,49,-6
h,0,2,50,1
h,0,2,51,-8
h,0,2,52,-1
h,0,2,53,6
h,0,2,54,-3
h,0,2,55,4
h,0,2,56,-5
h,0,2,57,2
h,0,2,58,-7
h,0,2,59,0
h,0,2,60,7
h,0,2,61,-2
h,0,2,62,5
h,0,2,63,-4
h,0,2,64,3
h,0,2,65,-6
h,0,2,66,1
h,0,2,67,-8
h,0,2,68,-1
h,0,2,69,6
h,0,2,70,-3
h,0,2,71,4
h,0,2,72,-5
h,0,2,73,2
h,0,2,74,-7
h,0,2,75,0
h,0,2,76,7
h,0,2,77,-2
h,0,2,78,5
h,0,2,79,-4
h,0,2,80,3
h,0,2,81,-6
h,0,2,82,1
h,0,2,83,-8
h,0,2,84,-1
h,0,2,85,6
h,0,2,86,-3
h,0,2,87,4
h,0,2,88,-5
h,0,2,89,2
h,0,2,90,-7
h,0,2,91,0
h,0,2,92,7
h,0,2,93,-2
h,0,2,94,5
h,0,2,95,-4
h,0,2,96,3
h,0,2,97,-6
h,0,2,98,1
h,0,2,99,-8
h,0,2,100,-1
h,0,2,101,6
h,0,2,102,-3
h,0,2,103,4
h,0,2,104,-5
h,0,2,105,2
h,0,2,106,-7
h,0,2,107,0
h,0,2,108,7
h,0,2,109,-2
h,0,2,110,5
h,0,2,111,-4
h,0,2,112,3
h,0,2,113,-6
h,0,2,114,1
h,0,2,115,-8
h,0,2,116,-1
h,0,2,117,6
h,0,2,118,-3
h,0,2,119,4
h,0,2,120,-5
h,0,2,121,2
h,0,2,122,-7
h,0,2,123,0
h,0,2,124,7
h,0,2,125,-2
h,0,2,126,5
h,0,2,127,-4
h,0,2,128,3
h,0,2,129,-6
h,0,2,130,1
h,0,2,131,-8
h,0,2,132,-1
h,0,2,133,6
h,0,2,134,-3
h,0,2,135,4
h,0,2,136,-5
h,0,2,137,2
h,0,2,138,-7
h,0,2,139,0
h,0,2,140,7
h,0,2,141,-2
h,0,2,142,5
h,0,2,143,-4
h,0,2,144,3
h,0,2,145,-6
h,0,2,146,1
h,0,2,147,-8
h,0,2,148,-1
h,0,2,149,6
h,0,2,150,-3
h,0,2,151,4
h,0,2,152,-5
h,0,2,153,2
h,0,2,154,-7
h,0,2,155,0
h,0,2,156,7
h,0,2,157,-2
h,0,2,158,5
h,0,2,159,-4
h,0,2,160,3
h,0,2,161,-6
h,0,2,162,1
h,0,2,163,-8
h,0,2,164,-1
h,0,2,165,6
h,0,2,166,-3
h,0,2,167,4
h,0,2,168,-5
h,0,2,169,2
h,0,2,170,-7
h,0,2,171,0
h,0,2,172,7
h,0,2,173,-2
h,0,2,174,5
h,0,2,175,-4
h,0,2,176,3
h,0,2,177,-6
h,0,2,178,1
h,0,2,179,-8
h,0,2,180,-1
h,0,2,181,6
h,0,2,182,-3
h,0,2,183,4
h,0,2,184,-5
h,0,2,185,2
h,0,2,186,-7
h,0,2,187,0
h,0,2,188,7
h,0,2,189,-2
h,0,2,190,5
h,0,2,191,-4
h,0,2,192,3
h,0,2,193,-6
h,0,2,194,1
h,0,2,195,-8
h,0,2,196,-1
h,0,2,197,6
h,0,2,198,-3
h,0,2,199,4
h,0,2,200,-5
h,0,2,201,2
h,0,2,202,-7
h,0,2,203,0
h,0,2,204,7
h,0,2,205,-2
h,0,2,206,5
h,0,2,207,-4
h,0,2,208,3
h,0,2,209,-6
h,0,2,210,1
h,0,2,211,-8
h,0,2,212,-1
h,0,2,213,6
h,0,2,214,-3
h,0,2,215,4
h,0,2,216,-5
h,0,2,217,2
h,0,2,218,-7
h,0,2,219,0
h,0,2,220,7
h,0,2,221,-2
h,0,2,222,5
h,0,2,223,-4
h,0,2,224,3
h,0,2,225,-6
h,0,2,226,1
h,0,2,227,-8
h,0,2,228,-1
h,0,2,229,6
h,0,2,230,-3
h,0,2,231,4
h,0,2,232,-5
h,0,2,233,2
h,0,2,234,-7
h,0,2,235,0
h,0,2,236,7
h,0,2,237,-2
h,0,2,238,5
h,0,2,239,-4
h,0,2,240,3
h,0,2,241,-6
h,0,2,242,1
h,0,2,243,-8
h,0,2,244,-1
h,0,2,245,6
h,0,2,246,-3
h,0,2,247,4
h,0,2,248,-5
h,0,2,249,2
h,0,2,250,-7
h,0,2,251,0
h,0,2,252,7
h,0,2,253,-2
h,0,2,254,5
h,0,2,255,-4
h,0,2,256,3
h,0,2,257,-6
h,0,2,258,1
h,0,2,259,-8
h,0,2,260,-1
h,0,2,261,6
h,0,2,262,-3
h,0,2,263,4
h,0,2,264,-5
h,0,2,265,2
h,0,2,266,-7
h,0,2,267,0
h,0,2,268,7
h,0,2,269,-2
h,0,2,270,5
h,0,2,271,-4
h,0,2,272,3
h,0,2,273,-6
h,0,2,274,1
h,0,2,275,-8
h,0,2,276,-1
h,0,2,277,6
h,0,2,278,-3
h,0,2,279,4
h,0,2,280,-5
h,0,2,281,2
h,0,2,282,-7
h,0,2,283,0
h,0,2,284,7
h,0,2,285,-2
h,0,2,286,5
h,0,2,287,-4
h,0,2,288,3
h,0,2,289,-6
h,0,2,290,1
h,0,2,291,-8
h,0,2,292,-1
h,0,2,293,6
h,0,2,294,-3
h,0,2,295,4
h,0,2,296,-5
h,0,2,297,2
h,0,2,298,-7
h,0,2,299,0
h,0,2,300,7
h,0,2,301,-2
h,0,2,302,5
h,0,2,303,-4
h,0,2,304,3
h,0,2,305,-6
h,0,2,306,1
h,0,2,307,-8
h,0,2,308,-1
h,0,2,309,6
h,0,2,310,-3
h,0,2,311,4
h,0,2,312,-5
h,0,2,313,2
h,0,2,314,-7
h,0,2,315,0
h,0,2,316,7
h,0,2,317,-2
h,0,2,318,5
h,0,2,319,-4
h,0,2,320,3
h,0,2,321,-6
h,0,2,322,1
h,0,2,323,-8
h,0,2,324,-1
h,0,2,325,6
h,0,2,326,-3
h,0,2,327,4
h,0,2,328,-5
h,0,2,329,2
h,0,2,330,-7
h,0,2,331,0
h,0,2,332,7
h,0,2,333,-2
h,0,2,334,5
h,0,2,335,-4
h,0,2,336,3
h,0,2,337,-6
h,0,2,338,1
h,0,2,339,-8
h,0,2,340,-1
h,0,2,341,6
h,0,2,342,-3
h,0,2,343,4
h,0,2,344,-5
h,0,2,345,2
h,0,2,346,-7
h,0,2,347,0
h,0,2,348,7
h,0,2,349,-2
h,0,2,350,5
h,0,2,351,-4
h,0,2,352,3
h,0,2,353,-6
h,0,2,354,1
h,0,2,355,-8
h,0,2,356,-1
h,0,2,357,6
h,0,2,358,-3
h,0,2,359,4
h,0,2,360,-5
h,0,2,361,2
h,0,2,362,-7
h,0,2,363,0
h,0,2,364,7
h,0,2,365,-2
h,0,2,366,5
h,0,2,367,-4
h,0,2,368,3
h,0,2,369,-6
h,0,2,370,1
h,0,2,371,-8
h,0,2,372,-1
h,0,2,373,6
h,0,2,374,-3
h,0,2,375,4
h,0,2,376,-5
h,0,2,377,2
h,0,2,378,-7
h,0,2,379,0
h,0,2,380,7
h,0,2,381,-2
h,0,2,382,5
h,0,2,383,-4
h,0,2,384,3
h,0,2,385,-6
h,0,2,386,1
h,0,2,387,-8
h,0,2,388,-1
h,0,2,389,6
h,0,2,390,-3
h,0,2,391,4
h,0,2,392,-5
h,0,2,393,2
h,0,2,394,-7
h,0,2,395,0
h,0,2,396,7
h,0,2,397,-2
h,0,2,398,5
h,0,2,399,-4
h,0,2,400,3
h,0,2,401,-6
h,0,2,402,1
h,0,2,403,-8
h,0,2,404,-1
h,0,2,405,6
h,0,2,406,-3
h,0,2,407,4
h,0,2,408,-5
h,0,2,409,2
h,0,2,410,-7
h,0,2,411,0
h,0,2,412,7
h,0,2,413,-2
h,0,2,414,5
h,0,2,415,-4
h,0,2,416,3
h,0,2,417,-6
h,0,2,418,1
h,0,2,419,-8
h,0,2,420,-1
h,0,2,421,6
h,0,2,422,-3
h,0,2,423,4
h,0,2,424,-5
h,0,2,425,2
h,0,2,426,-7
h,0,2,427,0
h,0,2,428,7
h,0,2,429,-2
h,0,2,430,5
h,0,2,431,-4
h,0,2,432,3
h,0,2,433,-6
h,0,2,434,1
h,0,2,435,-8
h,0,2,436,-1
h,0,2,437,6
h,0,2,438,-3
h,0,2,439,4
h,0,2,440,-5
h,0,2,441,2
h,0,2,442,-7
h,0,2,443,0
h,0,2,444,7
h,0,2,445,-2
h,0,2,446,5
h,0,2,447,-4
h,0,2,448,3
h,0,2,449,-6
h,0,2,450,1
h,0,2,451,-8
h,0,2,452,-1
h,0,2,453,6
h,0,2,454,-3
h,0,2,455,4
h,0,2,456,-5
h,0,2,457,2
h,0,2,458,-7
h,0,2,459,0
h,0,2,460,7
h,0,2,461,-2
h,0,2,462,5
h,0,2,463,-4
h,0,2,464,3
h,0,2,465,-6
h,0,2,466,1
h,0,2,467,-8
h,0,2,468,-1
h,0,2,469,6
h,0,2,470,-3
h,0,2,471,4
h,0,2,472,-5
h,0,2,473,2
h,0,2,474,-7
h,0,2,475,0
h,0,2,476,7
h,0,2,477,-2
h,0,2,478,5
h,0,2,479,-4
h,0,2,480,3
h,0,2,481,-6
h,0,2,482,1
h,0,2,483,-8
h,0,2,484,-1
h,0,2,485,6
h,0,2,486,-3
h,0,2,487,4
h,0,2,488,-5
h,0,2,489,2
h,0,2,490,-7
h,0,2,491,0
h,0,2,492,7
h,0,2,493,-2
h,0,2,494,5
h,0,2,495,-4
h,0,2,496,3
h,0,2,497,-6
h,0,2,498,1
h,0,2,499,-8
h,0,2,500,-1
h,0,2,501,6
h,0,2,502,-3
h,0,2,503,4
h,0,2,504,-5
h,0,2,505,2
h,0,2,506,-7
h,0,2,507,0
h,0,2,508,7
h,0,2,509,-2
h,0,2,510,5
h,0,3,0,-2
h,0,3,1,5
h,0,3,2,-4
h,0,3,3,3
h,0,3,4,-6
h,0,3,5,1
h,0,3,6,-8
h,0,3,7,-1
h,0,3,8,6
h,0,3,9,-3
h,0,3,10,4
h,0,3,11,-5
h,0,3,12,2
h,0,3,13,-7
h,0,3,14,0
h,0,3,15,7
h,0,3,16,-2
h,0,3,17,5
h,0,3,18,-4
h,0,3,19,3
h,0,3,20,-6
h,0,3,21,1
h,0,3,22,-8
h,0,3,23,-1
h,0,3,24,6
h,0,3,25,-3
h,0,3,26,4
h,0,3,27,-5
h,0,3,28,2
h,0,3,29,-7
h,0,3,30,0
h,0,3,31,7
h,0,3,32,-2
h,0,3,33,5
h,0,3,34,-4
h,0,3,35,3
h,0,3,36,-6
h,0,3,37,1
h,0,3,38,-8
h,0,3,39,-1
h,0,3,40,6
h,0,3,41,-3
h,0,3,42,4
h,0,3,43,-5
h,0,3,44,2
h,0,3,45,-7
h,0,3,46,0
h,0,3,47,7
h,0,3,48,-2
h,0,3,49,5
h,0,3,50,-4
h,0,3,51,3
h,0,3,52,-6
h,0,3,53,1
h,0,3,54,-8
h,0,3,55,-1
h,0,3,56,6
h,0,3,57,-3
h,0,3,58,4
h,0,3,59,-5
h,0,3,60,2
h,0,3,61,-7
h,0,3,62,0
h,0,3,63,7
h,0,3,64,-2
h,0,3,65,5
h,0,3,66,-4
h,0,3,67,3
h,0,3,68,-6
h,0,3,69,1
h,0,3,70,-8
h,0,3,71,-1
h,0,3,72,6
h,0,3,73,-3
h,0,3,74,4
h,0,3,75,-5
h,0,3,76,2
h,0,3,77,-7
h,0,3,78,0
h,0,3,79,7
h,0,3,80,-2
h,0,3,81,5
h,0,3,82,-4
h,0,3,83,3
h,0,3,84,-6
h,0,3,85,1
h,0,3,86,-8
h,0,3,87,-1
h,0,3,88,6
h,0,3,89,-3
h,0,3,90,4
h,0,3,91,-5
h,0,3,92,2
h,0,3,93,-7
h,0,3,94,0
h,0,3,95,7
h,0,3,96,-2
h,0,3,97,5
h,0,3,98,-4
h,0,3,99,3
h,0,3,100,-6
h,0,3,101,1
h,0,3,102,-8
h,0,3,103,-1
h,0,3,104,6
h,0,3,105,-3
h,0,3,106,4
h,0,3,107,-5
h,0,3,108,2
h,0,3,109,-7
h,0,3,110,0
h,0,3,111,7
h,0,3,112,-2
h,0,3,113,5
h,0,3,114,-4
h,0,3,115,3
h,0,3,116,-6
h,0,3,117,1
h,0,3,118,-8
h,0,3,119,-1
h,0,3,120,6
h,0,3,121,-3
h,0,3,122,4
h,0,3,123,-5
h,0,3,124,2
h,0,3,125,-7
h,0,3,126,0
h,0,3,127,7
h,0,3,128,-2
h,0,3,129,5
h,0,3,130,-4
h,0,3,131,3
h,0,3,132,-6
h,0,3,133,1
h,0,3,134,-8
h,0,3,135,-1
h,0,3,136,6
h,0,3,137,-3
h,0,3,138,4
h,0,3,139,-5
h,0,3,140,2
h,0,3,141,-7
h,0,3,142,0
h,0,3,143,7
h,0,3,144,-2
h,0,3,145,5
h,0,3,146,-4
h,0,3,147,3
h,0,3,148,-6
h,0,3,149,1
h,0,3,150,-8
h,0,3,151,-1
h,0,3,152,6
h,0,3,153,-3
h,0,3,154,4
h,0,3,155,-5
h,0,3,156,2
h,0,3,157,-7
h,0,3,158,0
h,0,3,159,7
h,0,3,160,-2
h,0,3,161,5
h,0,3,162,-4
h,0,3,163,3
h,0,3,164,-6
h,0,3,165,1
h,0,3,166,-8
h,0,3,167,-1
h,0,3,168,6
h,0,3,169,-3
h,0,3,170,4
h,0,3,171,-5
h,0,3,172,2
h,0,3,173,-7
h,0,3,174,0
h,0,3,175,7
h,0,3,176,-2
h,0,3,177,5
h,0,3,178,-4
h,0,3,179,3
h,0,3,180,-6
h,0,3,181,1
h,0,3,182,-8
h,0,3,183,-1
h,0,3,184,6
h,0,3,185,-3
h,0,3,186,4
h,0,3,187,-5
h,0,3,188,2
h,0,3,189,-7
h,0,3,190,0
h,0,3,191,7
h,0,3,192,-2
h,0,3,193,5
h,0,3,194,-4
h,0,3,195,3
h,0,3,196,-6
h,0,3,197,1
h,0,3,198,-8
h,0,3,199,-1
h,0,3,200,6
h,0,3,201,-3
h,0,3,202,4
h,0,3,203,-5
h,0,3,204,2
h,0,3,205,-7
h,0,3,206,0
h,0,3,207,7
h,0,3,208,-2
h,0,3,209,5
h,0,3,210,-4
h,0,3,211,3
h,0,3,212,-6
h,0,3,213,1
h,0,3,214,-8
h,0,3,215,-1
h,0,3,216,6
h,0,3,217,-3
h,0,3,218,4
h,0,3,219,-5
h,0,3,220,2
h,0,3,221,-7
h,0,3,222,0
h,0,3,223,7
h,0,3,224,-2
h,0,3,225,5
h,0,3,226,-4
h,0,3,227,3
h,0,3,228,-6
h,0,3,229,1
h,0,3,230,-8
h,0,3,231,-1
h,0,3,232,6
h,0,3,233,-3
h,0,3,234,4
h,0,3,235,-5
h,0,3,236,2
h,0,3,237,-7
h,0,3,238,0
h,0,3,239,7
h,0,3,240,-2
h,0,3,241,5
h,0,3,242,-4
h,0,3,243,3
h,0,3,244,-6
h,0,3,245,1
h,0,3,246,-8
h,0,3,247,-1
h,0,3,248,6
h,0,3,249,-3
h,0,3,250,4
h,0,3,251,-5
h,0,3,252,2
h,0,3,253,-7
h,0,3,254,0
h,0,3,255,7
h,0,3,256,-2
h,0,3,257,5
h,0,3,258,-4
h,0,3,259,3
h,0,3,260,-6
h,0,3,261,1
h,0,3,262,-8
h,0,3,263,-1
h,0,3,264,6
h,0,3,265,-3
h,0,3,266,4
h,0,3,267,-5
h,0,3,268,2
h,0,3,269,-7
h,0,3,270,0
h,0,3,271,7
h,0,3,272,-2
h,0,3,273,5
h,0,3,274,-4
h,0,3,275,3
h,0,3,276,-6
h,0,3,277,1
h,0,3,278,-8
h,0,3,279,-1
h,0,3,280,6
h,0,3,281,-3
h,0,3,282,4
h,0,3,283,-5
h,0,3,284,2
h,0,3,285,-7
h,0,3,286,0
h,0,3,287,7
h,0,3,288,-2
h,0,3,289,5
h,0,3,290,-4
h,0,3,291,3
h,0,3,292,-6
h,0,3,293,1
h,0,3,294,-8
h,0,3,295,-1
h,0,3,296,6
h,0,3,297,-3
h,0,3,298,4
h,0,3,299,-5
h,0,3,300,2
h,0,3,301,-7
h,0,3,302,0
h,0,3,303,7
h,0,3,304,-2
h,0,3,305,5
h,0,3,306,-4
h,0,3,307,3
h,0,3,308,-6
h,0,3,309,1
h,0,3,310,-8
h,0,3,311,-1
h,0,3,312,6
h,0,3,313,-3
h,0,3,314,4
h,0,3,315,-5
h,0,3,316,2
h,0,3,317,-7
h,0,3,318,0
h,0,3,319,7
h,0,3,320,-2
h,0,3,321,5
h,0,3,322,-4
h,0,3,323,3
h,0,3,324,-6
h,0,3,325,1
h,0,3,326,-8
h,0,3,327,-1
h,0,3,328,6
h,0,3,329,-3
h,0,3,330,4
h,0,3,331,-5
h,0,3,332,2
h,0,3,333,-7
h,0,3,334,0
h,0,3,335,7
h,0,3,336,-2
h,0,3,337,5
h,0,3,338,-4
h,0,3,339,3
h,0,3,340,-6
h,0,3,341,1
h,0,3,342,-8
h,0,3,343,-1
h,0,3,344,6
h,0,3,345,-3
h,0,3,346,4
h,0,3,347,-5
h,0,3,348,2
h,0,3,349,-7
h,0,3,350,0
h,0,3,351,7
h,0,3,352,-2
h,0,3,353,5
h,0,3,354,-4
h,0,3,355,3
h,0,3,356,-6
h,0,3,357,1
h,0,3,358,-8
h,0,3,359,-1
h,0,3,360,6
h,0,3,361,-3
h,0,3,362,4
h,0,3,363,-5
h,0,3,364,2
h,0,3,365,-7
h,0,3,366,0
h,0,3,367,7
h,0,3,368,-2
h,0,3,369,5
h,0,3,370,-4
h,0,3,371,3
h,0,3,372,-6
h,0,3,373,1
h,0,3,374,-8
h,0,3,375,-1
h,0,3,376,6
h,0,3,377,-3
h,0,3,378,4
h,0,3,379,-5
h,0,3,380,2
h,0,3,381,-7
h,0,3,382,0
h,0,3,383,7
h,0,3,384,-2
h,0,3,385,5
h,0,3,386,-4
h,0,3,387,3
h,0,3,388,-6
h,0,3,389,1
h,0,3,390,-8
h,0,3,391,-1
h,0,3,392,6
h,0,3,393,-3
h,0,3,394,4
h,0,3,395,-5
h,0,3,396,2
h,0,3,397,-7
h,0,3,398,0
h,0,3,399,7
h,0,3,400,-2
h,0,3,401,5
h,0,3,402,-4
h,0,3,403,3
h,0,3,404,-6
h,0,3,405,1
h,0,3,406,-8
h,0,3,407,-1
h,0,3,408,6
h,0,3,409,-3
h,0,3,410,4
h,0,3,411,-5
h,0,3,412,2
h,0,3,413,-7
h,0,3,414,0
h,0,3,415,7
h,0,3,416,-2
h,0,3,417,5
h,0,3,418,-4
h,0,3,419,3
h,0,3,420,-6
h,0,3,421,1
h,0,3,422,-8
h,0,3,423,-1
h,0,3,424,6
h,0,3,425,-3
h,0,3,426,4
h,0,3,427,-5
h,0,3,428,2
h,0,3,429,-7
h,0,3,430,0
h,0,3,431,7
h,0,3,432,-2
h,0,3,433,5
h,0,3,434,-4
h,0,3,435,3
h,0,3,436,-6
h,0,3,437,1
h,0,3,438,-8
h,0,3,439,-1
h,0,3,440,6
h,0,3,441,-3
h,0,3,442,4
h,0,3,443,-5
h,0,3,444,2
h,0,3,445,-7
h,0,3,446,0
h,0,3,447,7
h,0,3,448,-2
h,0,3,449,5
h,0,3,450,-4
h,0,3,451,3
h,0,3,452,-6
h,0,3,453,1
h,0,3,454,-8
h,0,3,455,-1
h,0,3,456,6
h,0,3,457,-3
h,0,3,458,4
h,0,3,459,-5
h,0,3,460,2
h,0,3,461,-7
h,0,3,462,0
h,0,3,463,7
h,0,3,464,-2
h,0,3,465,5
h,0,3,466,-4
h,0,3,467,3
h,0,3,468,-6
h,0,3,469,1
h,0,3,470,-8
h,0,3,471,-1
h,0,3,472,6
h,0,3,473,-3
h,0,3,474,4
h,0,3,475,-5
h,0,3,476,2
h,0,3,477,-7
h,0,3,478,0
h,0,3,479,7
h,0,3,480,-2
h,0,3,481,5
h,0,3,482,-4
h,0,3,483,3
h,0,3,484,-6
h,0,3,485,1
h,0,3,486,-8
h,0,3,487,-1
h,0,3,488,6
h,0,3,489,-3
h,0,3,490,4
h,0,3,491,-5
h,0,3,492,2
h,0,3,493,-7
h,0,3,494,0
h,0,3,495,7
h,0,3,496,-2
h,0,3,497,5
h,0,3,498,-4
h,0,3,499,3
h,0,3,500,-6
h,0,3,501,1
h,0,3,502,-8
h,0,3,503,-1
h,0,3,504,6
h,0,3,505,-3
h,0,3,506,4
h,0,3,507,-5
h,0,3,508,2
h,0,3,509,-7
h,0,3,510,0
h,1,0,0,0
h,1,0,1,7
h,1,0,2,-2
h,1,0,3,5
h,1,0,4,-4
h,1,0,5,3
h,1,0,6,-6
h,1,0,7,1
h,1,0,8,-8
h,1,0,9,-1
h,1,0,10,6
h,1,0,11,-3
h,1,0,12,4
h,1,0,13,-5
h,1,0,14,2
h,1,0,15,-7
h,1,0,16,0
h,1,0,17,7
h,1,0,18,-2
h,1,0,19,5
h,1,0,20,-4
h,1,0,21,3
h,1,0,22,-6
h,1,0,23,1
h,1,0,24,-8
h,1,0,25,-1
h,1,0,26,6
h,1,0,27,-3
h,1,0,28,4
h,1,0,29,-5
h,1,0,30,2
h,1,0,31,-7
h,1,0,32,0
h,1,0,33,7
h,1,0,34,-2
h,1,0,35,5
h,1,0,36,-4
h,1,0,37,3
h,1,0,38,-6
h,1,0,39,1
h,1,0,40,-8
h,1,0,41,-1
h,1,0,42,6
h,1,0,43,-3
h,1,0,44,4
h,1,0,45,-5
h,1,0,46,2
h,1,0,47,-7
h,1,0,48,0
h,1,0,49,7
h,1,0,50,-2
h,1,0,51,5
h,1,0,52,-4
h,1,0,53,3
h,1,0,54,-6
h,1,0,55,1
h,1,0,56,-8
h,1,0,57,-1
h,1,0,58,6
h,1,0,59,-3
h,1,0,60,4
h,1,0,61,-5
h,1,0,62,2
h,1,0,63,-7
h,1,0,64,0
h,1,0,65,7
h,1,0,66,-2
h,1,0,67,5
h,1,0,68,-4
h,1,0,69,3
h,1,0,70,-6
h,1,0,71,1
h,1,0,72,-8
h,1,0,73,-1
h,1,0,74,6
h,1,0,75,-3
h,1,0,76,4
h,1,0,77,-5
h,1,0,78,2
h,1,0,79,-7
h,1,0,80,0
h,1,0,81,7
h,1,0,82,-2
h,1,0,83,5
h,1,0,84,-4
h,1,0,85,3
h,1,0,86,-6
h,1,0,87,1
h,1,0,88,-8
h,1,0,89,-1
h,1,0,90,6
h,1,0,91,-3
h,1,0,92,4
h,1,0,93,-5
h,1,0,94,2
h,1,0,95,-7
h,1,0,96,0
h,1,0,97,7
h,1,0,98,-2
h,1,0,99,5
h,1,0,100,-4
h,1,0,101,3
h,1,0,102,-6
h,1,0,103,1
h,1,0,104,-8
h,1,0,105,-1
h,1,0,106,6
h,1,0,107,-3
h,1,0,108,4
h,1,0,109,-5
h,1,0,110,2
h,1,0,111,-7
h,1,0,112,0
h,1,0,113,7
h,1,0,114,-2
h,1,0,115,5
h,1,0,116,-4
h,1,0,117,3
h,1,0,118,-6
h,1,0,119,1
h,1,0,120,-8
h,1,0,121,-1
h,1,0,122,6
h,1,0,123,-3
h,1,0,124,4
h,1,0,125,-5
h,1,0,126,2
h,1,0,127,-7
h,1,0,128,0
h,1,0,129,7
h,1,0,130,-2
h,1,0,131,5
h,1,0,132,-4
h,1,0,133,3
h,1,0,134,-6
h,1,0,135,1
h,1,0,136,-8
h,1,0,137,-1
h,1,0,138,6
h,1,0,139,-3
h,1,0,140,4
h,1,0,141,-5
h,1,0,142,2
h,1,0,143,-7
h,1,0,144,0
h,1,0,145,7
h,1,0,146,-2
h,1,0,147,5
h,1,0,148,-4
h,1,0,149,3
h,1,0,150,-6
h,1,0,151,1
h,1,0,152,-8
h,1,0,153,-1
h,1,0,154,6
h,1,0,155,-3
h,1,0,156,4
h,1,0,157,-5
h,1,0,158,2
h,1,0,159,-7
h,1,0,160,0
h,1,0,161,7
h,1,0,162,-2
h,1,0,163,5
h,1,0,164,-4
h,1,0,165,3
h,1,0,166,-6
h,1,0,167,1
h,1,0,168,-8
h,1,0,169,-1
h,1,0,170,6
h,1,0,171,-3
h,1,0,172,4
h,1,0,173,-5
h,1,0,174,2
h,1,0,175,-7
h,1,0,176,0
h,1,0,177,7
h,1,0,178,-2
h,1,0,179,5
h,1,0,180,-4
h,1,0,181,3
h,1,0,182,-6
h,1,0,183,1
h,1,0,184,-8
h,1,0,185,-1
h,1,0,186,6
h,1,0,187,-3
h,1,0,188,4
h,1,0,189,-5
h,1,0,190,2
h,1,0,191,-7
h,1,0,192,0
h,1,0,193,7
h,1,0,194,-2
h,1,0,195,5
h,1,0,196,-4
h,1,0,197,3
h,1,0,198,-6
h,1,0,199,1
h,1,0,200,-8
h,1,0,201,-1
h,1,0,202,6
h,1,0,203,-3
h,1,0,204,4
h,1,0,205,-5
h,1,0,206,2
h,1,0,207,-7
h,1,0,208,0
h,1,0,209,7
h,1,0,210,-2
h,1,0,211,5
h,1,0,212,-4
h,1,0,213,3
h,1,0,214,-6
h,1,0,215,1
h,1,0,216,-8
h,1,0,217,-1
h,1,0,218,6
h,1,0,219,-3
h,1,0,220,4
h,1,0,221,-5
h,1,0,222,2
h,1,0,223,-7
h,1,0,224,0
h,1,0,225,7
h,1,0,226,-2
h,1,0,227,5
h,1,0,228,-4
h,1,0,229,3
h,1,0,230,-6
h,1,0,231,1
h,1,0,232,-8
h,1,0,233,-1
h,1,0,234,6
h,1,0,235,-3
h,1,0,236,4
h,1,0,237,-5
h,1,0,238,2
h,1,0,239,-7
h,1,0,240,0
h,1,0,241,7
h,1,0,242,-2
h,1,0,243,5
h,1,0,244,-4
h,1,0,245,3
h,1,0,246,-6
h,1,0,247,1
h,1,0,248,-8
h,1,0,249,-1
h,1,0,250,6
h,1,0,251,-3
h,1,0,252,4
h,1,0,253,-5
h,1,0,254,2
h,1,0,255,-7
h,1,0,256,0
h,1,0,257,7
h,1,0,258,-2
h,1,0,259,5
h,1,0,260,-4
h,1,0,261,3
h,1,0,262,-6
h,1,0,263,1
h,1,0,264,-8
h,1,0,265,-1
h,1,0,266,6
h,1,0,267,-3
h,1,0,268,4
h,1,0,269,-5
h,1,0,270,2
h,1,0,271,-7
h,1,0,272,0
h,1,0,273,7
h,1,0,274,-2
h,1,0,275,5
h,1,0,276,-4
h,1,0,277,3
h,1,0,278,-6
h,1,0,279,1
h,1,0,280,-8
h,1,0,281,-1
h,1,0,282,6
h,1,0,283,-3
h,1,0,284,4
h,1,0,285,-5
h,1,0,286,2
h,1,0,287,-7
h,1,0,288,0
h,1,0,289,7
h,1,0,290,-2
h,1,0,291,5
h,1,0,292,-4
h,1,0,293,3
h,1,0,294,-6
h,1,0,295,1
h,1,0,296,-8
h,1,0,297,-1
h,1,0,298,6
h,1,0,299,-3
h,1,0,300,4
h,1,0,301,-5
h,1,0,302,2
h,1,0,303,-7
h,1,0,304,0
h,1,0,305,7
h,1,0,306,-2
h,1,0,307,5
h,1,0,308,-4
h,1,0,309,3
h,1,0,310,-6
h,1,0,311,1
h,1,0,312,-8
h,1,0,313,-1
h,1,0,314,6
h,1,0,315,-3
h,1,0,316,4
h,1,0,317,-5
h,1,0,318,2
h,1,0,319,-7
h,1,0,320,0
h,1,0,321,7
h,1,0,322,-2
h,1,0,323,5
h,1,0,324,-4
h,1,0,325,3
h,1,0,326,-6
h,1,0,327,1
h,1,0,328,-8
h,1,0,329,-1
h,1,0,330,6
h,1,0,331,-3
h,1,0,332,4
h,1,0,333,-5
h,1,0,334,2
h,1,0,335,-7
h,1,0,336,0
h,1,0,337,7
h,1,0,338,-2
h,1,0,339,5
h,1,0,340,-4
h,1,0,341,3
h,1,0,342,-6
h,1,0,343,1
h,1,0,344,-8
h,1,0,345,-1
h,1,0,346,6
h,1,0,347,-3
h,1,0,348,4
h,1,0,349,-5
h,1,0,350,2
h,1,0,351,-7
h,1,0,352,0
h,1,0,353,7
h,1,0,354,-2
h,1,0,355,5
h,1,0,356,-4
h,1,0,357,3
h,1,0,358,-6
h,1,0,359,1
h,1,0,360,-8
h,1,0,361,-1
h,1,0,362,6
h,1,0,363,-3
h,1,0,364,4
h,1,0,365,-5
h,1,0,366,2
h,1,0,367,-7
h,1,0,368,0
h,1,0,369,7
h,1,0,370,-2
h,1,0,371,5
h,1,0,372,-4
h,1,0,373,3
h,1,0,374,-6
h,1,0,375,1
h,1,0,376,-8
h,1,0,377,-1
h,1,0,378,6
h,1,0,379,-3
h,1,0,380,4
h,1,0,381,-5
h,1,0,382,2
h,1,0,383,-7
h,1,0,384,0
h,1,0,385,7
h,1,0,386,-2
h,1,0,387,5
h,1,0,388,-4
h,1,0,389,3
h,1,0,390,-6
h,1,0,391,1
h,1,0,392,-8
h,1,0,393,-1
h,1,0,394,6
h,1,0,395,-3
h,1,0,396,4
h,1,0,397,-5
h,1,0,398,2
h,1,0,399,-7
h,1,0,400,0
h,1,0,401,7
h,1,0,402,-2
h,1,0,403,5
h,1,0,404,-4
h,1,0,405,3
h,1,0,406,-6
h,1,0,407,1
h,1,0,408,-8
h,1,0,409,-1
h,1,0,410,6
h,1,0,411,-3
h,1,0,412,4
h,1,0,413,-5
h,1,0,414,2
h,1,0,415,-7
h,1,0,416,0
h,1,0,417,7
h,1,0,418,-2
h,1,0,419,5
h,1,0,420,-4
h,1,0,421,3
h,1,0,422,-6
h,1,0,423,1
h,1,0,424,-8
h,1,0,425,-1
h,1,0,426,6
h,1,0,427,-3
h,1,0,428,4
h,1,0,429,-5
h,1,0,430,2
h,1,0,431,-7
h,1,0,432,0
h,1,0,433,7
h,1,0,434,-2
h,1,0,435,5
h,1,0,436,-4
h,1,0,437,3
h,1,0,438,-6
h,1,0,439,1
h,1,0,440,-8
h,1,0,441,-1
h,1,0,442,6
h,1,0,443,-3
h,1,0,444,4
h,1,0,445,-5
h,1,0,446,2
h,1,0,447,-7
h,1,0,448,0
h,1,0,449,7
h,1,0,450,-2
h,1,0,451,5
h,1,0,452,-4
h,1,0,453,3
h,1,0,454,-6
h,1,0,455,1
h,1,0,456,-8
h,1,0,457,-1
h,1,0,458,6
h,1,0,459,-3
h,1,0,460,4
h,1,0,461,-5
h,1,0,462,2
h,1,0,463,-7
h,1,0,464,0
h,1,0,465,7
h,1,0,466,-2
h,1,0,467,5
h,1,0,468,-4
h,1,0,469,3
h,1,0,470,-6
h,1,0,471,1
h,1,0,472,-8
h,1,0,473,-1
h,1,0,474,6
h,1,0,475,-3
h,1,0,476,4
h,1,0,477,-5
h,1,0,478,2
h,1,0,479,-7
h,1,0,480,0
h,1,0,481,7
h,1,0,482,-2
h,1,0,483,5
h,1,0,484,-4
h,1,0,485,3
h,1,0,486,-6
h,1,0,487,1
h,1,0,488,-8
h,1,0,489,-1
h,1,0,490,6
h,1,0,491,-3
h,1,0,492,4
h,1,0,493,-5
h,1,0,494,2
h,1,0,495,-7
h,1,0,496,0
h,1,0,497,7
h,1,0,498,-2
h,1,0,499,5
h,1,0,500,-4
h,1,0,501,3
h,1,0,502,-6
h,1,0,503,1
h,1,0,504,-8
h,1,0,505,-1
h,1,0,506,6
h,1,0,507,-3
h,1,0,508,4
h,1,0,509,-5
h,1,0,510,2
h,1,1,0,-5
h,1,1,1,2
h,1,1,2,-7
h,1,1,3,0
h,1,1,4,7
h,1,1,5,-2
h,1,1,6,5
h,1,1,7,-4
h,1,1,8,3
h,1,1,9,-6
h,1,1,10,1
h,1,1,11,-8
h,1,1,12,-1
h,1,1,13,6
h,1,1,14,-3
h,1,1,15,4
h,1,1,16,-5
h,1,1,17,2
h,1,1,18,-7
h,1,1,19,0
h,1,1,20,7
h,1,1,21,-2
h,1,1,22,5
h,1,1,23,-4
h,1,1,24,3
h,1,1,25,-6
h,1,1,26,1
h,1,1,27,-8
h,1,1,28,-1
h,1,1,29,6
h,1,1,30,-3
h,1,1,31,4
h,1,1,32,-5
h,1,1,33,2
h,1,1,34,-7
h,1,1,35,0
h,1,1,36,7
h,1,1,37,-2
h,1,1,38,5
h,1,1,39,-4
h,1,1,40,3
h,1,1,41,-6
h,1,1,42,1
h,1,1,43,-8
h,1,1,44,-1
h,1,1,45,6
h,1,1,46,-3
h,1,1,47,4
h,1,1,48,-5
h,1,1,49,2
h,1,1,50,-7
h,1,1,51,0
h,1,1,52,7
h,1,1,53,-2
h,1,1,54,5
h,1,1,55,-4
h,1,1,56,3
h,1,1,57,-6
h,1,1,58,1
h,1,1,59,-8
h,1,1,60,-1
h,1,1,61,6
h,1,1,62,-3
h,1,1,63,4
h,1,1,64,-5
h,1,1,65,2
h,1,1,66,-7
h,1,1,67,0
h,1,1,68,7
h,1,1,69,-2
h,1,1,70,5
h,1,1,71,-4
h,1,1,72,3
h,1,1,73,-6
h,1,1,74,1
h,1,1,75,-8
h,1,1,76,-1
h,1,1,77,6
h,1,1,78,-3
h,1,1,79,4
h,1,1,80,-5
h,1,1,81,2
h,1,1,82,-7
h,1,1,83,0
h,1,1,84,7
h,1,1,85,-2
h,1,1,86,5
h,1,1,87,-4
h,1,1,88,3
h,1,1,89,-6
h,1,1,90,1
h,1,1,91,-8
h,1,1,92,-1
h,1,1,93,6
h,1,1,94,-3
h,1,1,95,4
h,1,1,96,-5
h,1,1,97,2
h,1,1,98,-7
h,1,1,99,0
h,1,1,100,7
h,1,1,101,-2
h,1,1,102,5
h,1,1,103,-4
h,1,1,104,3
h,1,1,105,-6
h,1,1,106,1
h,1,1,107,-8
h,1,1,108,-1
h,1,1,109,6
h,1,1,110,-3
h,1,1,111,4
h,1,1,112,-5
h,1,1,113,2
h,1,1,114,-7
h,1,1,115,0
h,1,1,116,7
h,1,1,117,-2
h,1,1,118,5
h,1,1,119,-4
h,1,1,120,3
h,1,1,121,-6
h,1,1,122,1
h,1,1,123,-8
h,1,1,124,-1
h,1,1,125,6
h,1,1,126,-3
h,1,1,127,4
h,1,1,128,-5
h,1,1,129,2
h,1,1,130,-7
h,1,1,131,0
h,1,1,132,7
h,1,1,133,-2
h,1,1,134,5
h,1,1,135,-4
h,1,1,136,3
h,1,1,137,-6
h,1,1,138,1
h,1,1,139,-8
h,1,1,140,-1
h,1,1,141,6
h,1,1,142,-3
h,1,1,143,4
h,1,1,144,-5
h,1,1,145,2
h,1,1,146,-7
h,1,1,147,0
h,1,1,148,7
h,1,1,149,-2
h,1,1,150,5
h,1,1,151,-4
h,1,1,152,3
h,1,1,153,-6
h,1,1,154,1
h,1,1,155,-8
h,1,1,156,-1
h,1,1,157,6
h,1,1,158,-3
h,1,1,159,4
h,1,1,160,-5
h,1,1,161,2
h,1,1,162,-7
h,1,1,163,0
h,1,1,164,7
h,1,1,165,-2
h,1,1,166,5
h,1,1,167,-4
h,1,1,168,3
h,1,1,169,-6
h,1,1,170,1
h,1,1,171,-8
h,1,1,172,-1
h,1,1,173,6
h,1,1,174,-3
h,1,1,175,4
h,1,1,176,-5
h,1,1,177,2
h,1,1,178,-7
h,1,1,179,0
h,1,1,180,7
h,1,1,181,-2
h,1,1,182,5
h,1,1,183,-4
h,1,1,184,3
h,1,1,185,-6
h,1,1,186,1
h,1,1,187,-8
h,1,1,188,-1
h,1,1,189,6
h,1,1,190,-3
h,1,1,191,4
h,1,1,192,-5
h,1,1,193,2
h,1,1,194,-7
h,1,1,195,0
h,1,1,196,7
h,1,1,197,-2
h,1,1,198,5
h,1,1,199,-4
h,1,1,200,3
h,1,1,201,-6
h,1,1,202,1
h,1,1,203,-8
h,1,1,204,-1
h,1,1,205,6
h,1,1,206,-3
h,1,1,207,4
h,1,1,208,-5
h,1,1,209,2
h,1,1,210,-7
h,1,1,211,0
h,1,1,212,7
h,1,1,213,-2
h,1,1,214,5
h,1,1,215,-4
h,1,1,216,3
h,1,1,217,-6
h,1,1,218,1
h,1,1,219,-8
h,1,1,220,-1
h,1,1,221,6
h,1,1,222,-3
h,1,1,223,4
h,1,1,224,-5
h,1,1,225,2
h,1,1,226,-7
h,1,1,227,0
h,1,1,228,7
h,1,1,229,-2
h,1,1,230,5
h,1,1,231,-4
h,1,1,232,3
h,1,1,233,-6
h,1,1,234,1
h,1,1,235,-8
h,1,1,236,-1
h,1,1,237,6
h,1,1,238,-3
h,1,1,239,4
h,1,1,240,-5
h,1,1,241,2
h,1,1,242,-7
h,1,1,243,0
h,1,1,244,7
h,1,1,245,-2
h,1,1,246,5
h,1,1,247,-4
h,1,1,248,3
h,1,1,249,-6
h,1,1,250,1
h,1,1,251,-8
h,1,1,252,-1
h,1,1,253,6
h,1,1,254,-3
h,1,1,255,4
h,1,1,256,-5
h,1,1,257,2
h,1,1,258,-7
h,1,1,259,0
h,1,1,260,7
h,1,1,261,-2
h,1,1,262,5
h,1,1,263,-4
h,1,1,264,3
h,1,1,265,-6
h,1,1,266,1
h,1,1,267,-8
h,1,1,268,-1
h,1,1,269,6
h,1,1,270,-3
h,1,1,271,4
h,1,1,272,-5
h,1,1,273,2
h,1,1,274,-7
h,1,1,275,0
h,1,1,276,7
h,1,1,277,-2
h,1,1,278,5
h,1,1,279,-4
h,1,1,280,3
h,1,1,281,-6
h,1,1,282,1
h,1,1,283,-8
h,1,1,284,-1
h,1,1,285,6
h,1,1,286,-3
h,1,1,287,4
h,1,1,288,-5
h,1,1,289,2
h,1,1,290,-7
h,1,1,291,0
h,1,1,292,7
h,1,1,293,-2
h,1,1,294,5
h,1,1,295,-4
h,1,1,296,3
h,1,1,297,-6
h,1,1,298,1
h,1,1,299,-8
h,1,1,300,-1
h,1,1,301,6
h,1,1,302,-3
h,1,1,303,4
h,1,1,304,-5
h,1,1,305,2
h,1,1,306,-7
h,1,1,307,0
h,1,1,308,7
h,1,1,309,-2
h,1,1,310,5
h,1,1,311,-4
h,1,1,312,3
h,1,1,313,-6
h,1,1,314,1
h,1,1,315,-8
h,1,1,316,-1
h,1,1,317,6
h,1,1,318,-3
h,1,1,319,4
h,1,1,320,-5
h,1,1,321,2
h,1,1,322,-7
h,1,1,323,0
h,1,1,324,7
h,1,1,325,-2
h,1,1,326,5
h,1,1,327,-4
h,1,1,328,3
h,1,1,329,-6
h,1,1,330,1
h,1,1,331,-8
h,1,1,332,-1
h,1,1,333,6
h,1,1,334,-3
h,1,1,335,4
h,1,1,336,-5
h,1,1,337,2
h,1,1,338,-7
h,1,1,339,0
h,1,1,340,7
h,1,1,341,-2
h,1,1,342,5
h,1,1,343,-4
h,1,1,344,3
h,1,1,345,-6
h,1,1,346,1
h,1,1,347,-8
h,1,1,348,-1
h,1,1,349,6
h,1,1,350,-3
h,1,1,351,4
h,1,1,352,-5
h,1,1,353,2
h,1,1,354,-7
h,1,1,355,0
h,1,1,356,7
h,1,1,357,-2
h,1,1,358,5
h,1,1,359,-4
h,1,1,360,3
h,1,1,361,-6
h,1,1,362,1
h,1,1,363,-8
h,1,1,364,-1
h,1,1,365,6
h,1,1,366,-3
h,1,1,367,4
h,1,1,368,-5
h,1,1,369,2
h,1,1,370,-7
h,1,1,371,0
h,1,1,372,7
h,1,1,373,-2
h,1,1,374,5
h,1,1,375,-4
h,1,1,376,3
h,1,1,377,-6
h,1,1,378,1
h,1,1,379,-8
h,1,1,380,-1
h,1,1,381,6
h,1,1,382,-3
h,1,1,383,4
h,1,1,384,-5
h,1,1,385,2
h,1,1,386,-7
h,1,1,387,0
h,1,1,388,7
h,1,1,389,-2
h,1,1,390,5
h,1,1,391,-4
h,1,1,392,3
h,1,1,393,-6
h,1,1,394,1
h,1,1,395,-8
h,1,1,396,-1
h,1,1,397,6
h,1,1,398,-3
h,1,1,399,4
h,1,1,400,-5
h,1,1,401,2
h,1,1,402,-7
h,1,1,403,0
h,1,1,404,7
h,1,1,405,-2
h,1,1,406,5
h,1,1,407,-4
h,1,1,408,3
h,1,1,409,-6
h,1,1,410,1
h,1,1,411,-8
h,1,1,412,-1
h,1,1,413,6
h,1,1,414,-3
h,1,1,415,4
h,1,1,416,-5
h,1,1,417,2
h,1,1,418,-7
h,1,1,419,0
h,1,1,420,7
h,1,1,421,-2
h,1,1,422,5
h,1,1,423,-4
h,1,1,424,3
h,1,1,425,-6
h,1,1,426,1
h,1,1,427,-8
h,1,1,428,-1
h,1,1,429,6
h,1,1,430,-3
h,1,1,431,4
h,1,1,432,-5
h,1,1,433,2
h,1,1,434,-7
h,1,1,435,0
h,1,1,436,7
h,1,1,437,-2
h,1,1,438,5
h,1,1,439,-4
h,1,1,440,3
h,1,1,441,-6
h,1,1,442,1
h,1,1,443,-8
h,1,1,444,-1
h,1,1,445,6
h,1,1,446,-3
h,1,1,447,4
h,1,1,448,-5
h,1,1,449,2
h,1,1,450,-7
h,1,1,451,0
h,1,1,452,7
h,1,1,453,-2
h,1,1,454,5
h,1,1,455,-4
h,1,1,456,3
h,1,1,457,-6
h,1,1,458,1
h,1,1,459,-8
h,1,1,460,-1
h,1,1,461,6
h,1,1,462,-3
h,1,1,463,4
h,1,1,464,-5
h,1,1,465,2
h,1,1,466,-7
h,1,1,467,0
h,1,1,468,7
h,1,1,469,-2
h,1,1,470,5
h,1,1,471,-4
h,1,1,472,3
h,1,1,473,-6
h,1,1,474,1
h,1,1,475,-8
h,1,1,476,-1
h,1,1,477,6
h,1,1,478,-3
h,1,1,479,4
h,1,1,480,-5
h,1,1,481,2
h,1,1,482,-7
h,1,1,483,0
h,1,1,484,7
h,1,1,485,-2
h,1,1,486,5
h,1,1,487,-4
h,1,1,488,3
h,1,1,489,-6
h,1,1,490,1
h,1,1,491,-8
h,1,1,492,-1
h,1,1,493,6
h,1,1,494,-3
h,1,1,495,4
h,1,1,496,-5
h,1,1,497,2
h,1,1,498,-7
h,1,1,499,0
h,1,1,500,7
h,1,1,501,-2
h,1,1,502,5
h,1,1,503,-4
h,1,1,504,3
h,1,1,505,-6
h,1,1,506,1
h,1,1,507,-8
h,1,1,508,-1
h,1,1,509,6
h,1,1,510,-3
h,1,2,0,6
h,1,2,1,-3
h,1,2,2,4
h,1,2,3,-5
h,1,2,4,2
h,1,2,5,-7
h,1,2,6,0
h,1,2,7,7
h,1,2,8,-2
h,1,2,9,5
h,1,2,10,-4
h,1,2,11,3
h,1,2,12,-6
h,1,2,13,1
h,1,2,14,-8
h,1,2,15,-1
h,1,2,16,6
h,1,2,17,-3
h,1,2,18,4
h,1,2,19,-5
h,1,2,20,2
h,1,2,21,-7
h,1,2,22,0
h,1,2,23,7
h,1,2,24,-2
h,1,2,25,5
h,1,2,26,-4
h,1,2,27,3
h,1,2,28,-6
h,1,2,29,1
h,1,2,30,-8
h,1,2,31,-1
h,1,2,32,6
h,1,2,33,-3
h,1,2,34,4
h,1,2,35,-5
h,1,2,36,2
h,1,2,37,-7
h,1,2,38,0
h,1,2,39,7
h,1,2,40,-2
h,1,2,41,5
h,1,2,42,-4
h,1,2,43,3
h,1,2,44,-6
h,1,2,45,1
h,1,2,46,-8
h,1,2,47,-1
h,1,2,48,6
h,1,2,49,-3
h,1,2,50,4
h,1,2,51,-5
h,1,2,52,2
h,1,2,53,-7
h,1,2,54,0
h,1,2,55,7
h,1,2,56,-2
h,1,2,57,5
h,1,2,58,-4
h,1,2,59,3
h,1,2,60,-6
h,1,2,61,1
h,1,2,62,-8
h,1,2,63,-1
h,1,2,64,6
h,1,2,65,-3
h,1,2,66,4
h,1,2,67,-5
h,1,2,68,2
h,1,2,69,-7
h,1,2,70,0
h,1,2,71,7
h,1,2,72,-2
h,1,2,73,5
h,1,2,74,-4
h,1,2,75,3
h,1,2,76,-6
h,1,2,77,1
h,1,2,78,-8
h,1,2,79,-1
h,1,2,80,6
h,1,2,81,-3
h,1,2,82,4
h,1,2,83,-5
h,1,2,84,2
h,1,2,85,-7
h,1,2,86,0
h,1,2,87,7
h,1,2,88,-2
h,1,2,89,5
h,1,2,90,-4
h,1,2,91,3
h,1,2,92,-6
h,1,2,93,1
h,1,2,94,-8
h,1,2,95,-1
h,1,2,96,6
h,1,2,97,-3
h,1,2,98,4
h,1,2,99,-5
h,1,2,100,2
h,1,2,101,-7
h,1,2,102,0
h,1,2,103,7
h,1,2,104,-2
h,1,2,105,5
h,1,2,106,-4
h,1,2,107,3
h,1,2,108,-6
h,1,2,109,1
h,1,2,110,-8
h,1,2,111,-1
h,1,2,112,6
h,1,2,113,-3
h,1,2,114,4
h,1,2,115,-5
h,1,2,116,2
h,1,2,117,-7
h,1,2,118,0
h,1,2,119,7
h,1,2,120,-2
h,1,2,121,5
h,1,2,122,-4
h,1,2,123,3
h,1,2,124,-6
h,1,2,125,1
h,1,2,126,-8
h,1,2,127,-1
h,1,2,128,6
h,1,2,129,-3
h,1,2,130,4
h,1,2,131,-5
h,1,2,132,2
h,1,2,133,-7
h,1,2,134,0
h,1,2,135,7
h,1,2,136,-2
h,1,2,137,5
h,1,2,138,-4
h,1,2,139,3
h,1,2,140,-6
h,1,2,141,1
h,1,2,142,-8
h,1,2,143,-1
h,1,2,144,6
h,1,2,145,-3
h,1,2,146,4
h,1,2,147,-5
h,1,2,148,2
h,1,2,149,-7
h,1,2,150,0
h,1,2,151,7
h,1,2,152,-2
h,1,2,153,5
h,1,2,154,-4
h,1,2,155,3
h,1,2,156,-6
h,1,2,157,1
h,1,2,158,-8
h,1,2,159,-1
h,1,2,160,6
h,1,2,161,-3
h,1,2,162,4
h,1,2,163,-5
h,1,2,164,2
h,1,2,165,-7
h,1,2,166,0
h,1,2,167,7
h,1,2,168,-2
h,1,2,169,5
h,1,2,170,-4
h,1,2,171,3
h,1,2,172,-6
h,1,2,173,1
h,1,2,174,-8
h,1,2,175,-1
h,1,2,176,6
h,1,2,177,-3
h,1,2,178,4
h,1,2,179,-5
h,1,2,180,2
h,1,2,181,-7
h,1,2,182,0
h,1,2,183,7
h,1,2,184,-2
h,1,2,185,5
h,1,2,186,-4
h,1,2,187,3
h,1,2,188,-6
h,1,2,189,1
h,1,2,190,-8
h,1,2,191,-1
h,1,2,192,6
h,1,2,193,-3
h,1,2,194,4
h,1,2,195,-5
h,1,2,196,2
h,1,2,197,-7
h,1,2,198,0
h,1,2,199,7
h,1,2,200,-2
h,1,2,201,5
h,1,2,202,-4
h,1,2,203,3
h,1,2,204,-6
h,1,2,205,1
h,1,2,206,-8
h,1,2,207,-1
h,1,2,208,6
h,1,2,209,-3
h,1,2,210,4
h,1,2,211,-5
h,1,2,212,2
h,1,2,213,-7
h,1,2,214,0
h,1,2,215,7
h,1,2,216,-2
h,1,2,217,5
h,1,2,218,-4
h,1,2,219,3
h,1,2,220,-6
h,1,2,221,1
h,1,2,222,-8
h,1,2,223,-1
h,1,2,224,6
h,1,2,225,-3
h,1,2,226,4
h,1,2,227,-5
h,1,2,228,2
h,1,2,229,-7
h,1,2,230,0
h,1,2,231,7
h,1,2,232,-2
h,1,2,233,5
h,1,2,234,-4
h,1,2,235,3
h,1,2,236,-6
h,1,2,237,1
h,1,2,238,-8
h,1,2,239,-1
h,1,2,240,6
h,1,2,241,-3
h,1,2,242,4
h,1,2,243,-5
h,1,2,244,2
h,1,2,245,-7
h,1,2,246,0
h,1,2,247,7
h,1,2,248,-2
h,1,2,249,5
h,1,2,250,-4
h,1,2,251,3
h,1,2,252,-6
h,1,2,253,1
h,1,2,254,-8
h,1,2,255,-1
h,1,2,256,6
h,1,2,257,-3
h,1,2,258,4
h,1,2,259,-5
h,1,2,260,2
h,1,2,261,-7
h,1,2,262,0
h,1,2,263,7
h,1,2,264,-2
h,1,2,265,5
h,1,2,266,-4
h,1,2,267,3
h,1,2,268,-6
h,1,2,269,1
h,1,2,270,-8
h,1,2,271,-1
h,1,2,272,6
h,1,2,273,-3
h,1,2,274,4
h,1,2,275,-5
h,1,2,276,2
h,1,2,277,-7
h,1,2,278,0
h,1,2,279,7
h,1,2,280,-2
h,1,2,281,5
h,1,2,282,-4
h,1,2,283,3
h,1,2,284,-6
h,1,2,285,1
h,1,2,286,-8
h,1,2,287,-1
h,1,2,288,6
h,1,2,289,-3
h,1,2,290,4
h,1,2,291,-5
h,1,2,292,2
h,1,2,293,-7
h,1,2,294,0
h,1,2,295,7
h,1,2,296,-2
h,1,2,297,5
h,1,2,298,-4
h,1,2,299,3
h,1,2,300,-6
h,1,2,301,1
h,1,2,302,-8
h,1,2,303,-1
h,1,2,304,6
h,1,2,305,-3
h,1,2,306,4
h,1,2,307,-5
h,1,2,308,2
h,1,2,309,-7
h,1,2,310,0
h,1,2,311,7
h,1,2,312,-2
h,1,2,313,5
h,1,2,314,-4
h,1,2,315,3
h,1,2,316,-6
h,1,2,317,1
h,1,2,318,-8
h,1,2,319,-1
h,1,2,320,6
h,1,2,321,-3
h,1,2,322,4
h,1,2,323,-5
h,1,2,324,2
h,1,2,325,-7
h,1,2,326,0
h,1,2,327,7
h,1,2,328,-2
h,1,2,329,5
h,1,2,330,-4
h,1,2,331,3
h,1,2,332,-6
h,1,2,333,1
h,1,2,334,-8
h,1,2,335,-1
h,1,2,336,6
h,1,2,337,-3
h,1,2,338,4
h,1,2,339,-5
h,1,2,340,2
h,1,2,341,-7
h,1,2,342,0
h,1,2,343,7
h,1,2,344,-2
h,1,2,345,5
h,1,2,346,-4
h,1,2,347,3
h,1,2,348,-6
h,1,2,349,1
h,1,2,350,-8
h,1,2,351,-1
h,1,2,352,6
h,1,2,353,-3
h,1,2,354,4
h,1,2,355,-5
h,1,2,356,2
h,1,2,357,-7
h,1,2,358,0
h,1,2,359,7
h,1,2,360,-2
h,1,2,361,5
h,1,2,362,-4
h,1,2,363,3
h,1,2,364,-6
h,1,2,365,1
h,1,2,366,-8
h,1,2,367,-1
h,1,2,368,6
h,1,2,369,-3
h,1,2,370,4
h,1,2,371,-5
h,1,2,372,2
h,1,2,373,-7
h,1,2,374,0
h,1,2,375,7
h,1,2,376,-2
h,1,2,377,5
h,1,2,378,-4
h,1,2,379,3
h,1,2,380,-6
h,1,2,381,1
h,1,2,382,-8
h,1,2,383,-1
h,1,2,384,6
h,1,2,385,-3
h,1,2,386,4
h,1,2,387,-5
h,1,2,388,2
h,1,2,389,-7
h,1,2,390,0
h,1,2,391,7
h,1,2,392,-2
h,1,2,393,5
h,1,2,394,-4
h,1,2,395,3
h,1,2,396,-6
h,1,2,397,1
h,1,2,398,-8
h,1,2,399,-1
h,1,2,400,6
h,1,2,401,-3
h,1,2,402,4
h,1,2,403,-5
h,1,2,404,2
h,1,2,405,-7
h,1,2,406,0
h,1,2,407,7
h,1,2,408,-2
h,1,2,409,5
h,1,2,410,-4
h,1,2,411,3
h,1,2,412,-6
h,1,2,413,1
h,1,2,414,-8
h,1,2,415,-1
h,1,2,416,6
h,1,2,417,-3
h,1,2,418,4
h,1,2,419,-5
h,1,2,420,2
h,1,2,421,-7
h,1,2,422,0
h,1,2,423,7
h,1,2,424,-2
h,1,2,425,5
h,1,2,426,-4
h,1,2,427,3
h,1,2,428,-6
h,1,2,429,1
h,1,2,430,-8
h,1,2,431,-1
h,1,2,432,6
h,1,2,433,-3
h,1,2,434,4
h,1,2,435,-5
h,1,2,436,2
h,1,2,437,-7
h,1,2,438,0
h,1,2,439,7
h,1,2,440,-2
h,1,2,441,5
h,1,2,442,-4
h,1,2,443,3
h,1,2,444,-6
h,1,2,445,1
h,1,2,446,-8
h,1,2,447,-1
h,1,2,448,6
h,1,2,449,-3
h,1,2,450,4
h,1,2,451,-5
h,1,2,452,2
h,1,2,453,-7
h,1,2,454,0
h,1,2,455,7
h,1,2,456,-2
h,1,2,457,5
h,1,2,458,-4
h,1,2,459,3
h,1,2,460,-6
h,1,2,461,1
h,1,2,462,-8
h,1,2,463,-1
h,1,2,464,6
h,1,2,465,-3
h,1,2,466,4
h,1,2,467,-5
h,1,2,468,2
h,1,2,469,-7
h,1,2,470,0
h,1,2,471,7
h,1,2,472,-2
h,1,2,473,5
h,1,2,474,-4
h,1,2,475,3
h,1,2,476,-6
h,1,2,477,1
h,1,2,478,-8
h,1,2,479,-1
h,1,2,480,6
h,1,2,481,-3
h,1,2,482,4
h,1,2,483,-5
h,1,2,484,2
h,1,2,485,-7
h,1,2,486,0
h,1,2,487,7
h,1,2,488,-2
h,1,2,489,5
h,1,2,490,-4
h,1,2,491,3
h,1,2,492,-6
h,1,2,493,1
h,1,2,494,-8
h,1,2,495,-1
h,1,2,496,6
h,1,2,497,-3
h,1,2,498,4
h,1,2,499,-5
h,1,2,500,2
h,1,2,501,-7
h,1,2,502,0
h,1,2,503,7
h,1,2,504,-2
h,1,2,505,5
h,1,2,506,-4
h,1,2,507,3
h,1,2,508,-6
h,1,2,509,1
h,1,2,510,-8
h,1,3,0,1
h,1,3,1,-8
h,1,3,2,-1
h,1,3,3,6
h,1,3,4,-3
h,1,3,5,4
h,1,3,6,-5
h,1,3,7,2
h,1,3,8,-7
h,1,3,9,0
h,1,3,10,7
h,1,3,11,-2
h,1,3,12,5
h,1,3,13,-4
h,1,3,14,3
h,1,3,15,-6
h,1,3,16,1
h,1,3,17,-8
h,1,3,18,-1
h,1,3,19,6
h,1,3,20,-3
h,1,3,21,4
h,1,3,22,-5
h,1,3,23,2
h,1,3,24,-7
h,1,3,25,0
h,1,3,26,7
h,1,3,27,-2
h,1,3,28,5
h,1,3,29,-4
h,1,3,30,3
h,1,3,31,-6
h,1,3,32,1
h,1,3,33,-8
h,1,3,34,-1
h,1,3,35,6
h,1,3,36,-3
h,1,3,37,4
h,1,3,38,-5
h,1,3,39,2
h,1,3,40,-7
h,1,3,41,0
h,1,3,42,7
h,1,3,43,-2
h,1,3,44,5
h,1,3,45,-4
h,1,3,46,3
h,1,3,47,-6
h,1,3,48,1
h,1,3,49,-8
h,1,3,50,-1
h,1,3,51,6
h,1,3,52,-3
h,1,3,53,4
h,1,3,54,-5
h,1,3,55,2
h,1,3,56,-7
h,1,3,57,0
h,1,3,58,7
h,1,3,59,-2
h,1,3,60,5
h,1,3,61,-4
h,1,3,62,3
h,1,3,63,-6
h,1,3,64,1
h,1,3,65,-8
h,1,3,66,-1
h,1,3,67,6
h,1,3,68,-3
h,1,3,69,4
h,1,3,70,-5
h,1,3,71,2
h,1,3,72,-7
h,1,3,73,0
h,1,3,74,7
h,1,3,75,-2
h,1,3,76,5
h,1,3,77,-4
h,1,3,78,3
h,1,3,79,-6
h,1,3,80,1
h,1,3,81,-8
h,1,3,82,-1
h,1,3,83,6
h,1,3,84,-3
h,1,3,85,4
h,1,3,86,-5
h,1,3,87,2
h,1,3,88,-7
h,1,3,89,0
h,1,3,90,7
h,1,3,91,-2
h,1,3,92,5
h,1,3,93,-4
h,1,3,94,3
h,1,3,95,-6
h,1,3,96,1
h,1,3,97,-8
h,1,3,98,-1
h,1,3,99,6
h,1,3,100,-3
h,1,3,101,4
h,1,3,102,-5
h,1,3,103,2
h,1,3,104,-7
h,1,3,105,0
h,1,3,106,7
h,1,3,107,-2
h,1,3,108,5
h,1,3,109,-4
h,1,3,110,3
h,1,3,111,-6
h,1,3,112,1
h,1,3,113,-8
h,1,3,114,-1
h,1,3,115,6
h,1,3,116,-3
h,1,3,117,4
h,1,3,118,-5
h,1,3,119,2
h,1,3,120,-7
h,1,3,121,0
h,1,3,122,7
h,1,3,123,-2
h,1,3,124,5
h,1,3,125,-4
h,1,3,126,3
h,1,3,127,-6
h,1,3,128,1
h,1,3,129,-8
h,1,3,130,-1
h,1,3,131,6
h,1,3,132,-3
h,1,3,133,4
h,1,3,134,-5
h,1,3,135,2
h,1,3,136,-7
h,1,3,137,0
h,1,3,138,7
h,1,3,139,-2
h,1,3,140,5
h,1,3,141,-4
h,1,3,142,3
h,1,3,143,-6
h,1,3,144,1
h,1,3,145,-8
h,1,3,146,-1
h,1,3,147,6
h,1,3,148,-3
h,1,3,149,4
h,1,3,150,-5
h,1,3,151,2
h,1,3,152,-7
h,1,3,153,0
h,1,3,154,7
h,1,3,155,-2
h,1,3,156,5
h,1,3,157,-4
h,1,3,158,3
h,1,3,159,-6
h,1,3,160,1
h,1,3,161,-8
h,1,3,162,-1
h,1,3,163,6
h,1,3,164,-3
h,1,3,165,4
h,1,3,166,-5
h,1,3,167,2
h,1,3,168,-7
h,1,3,169,0
h,1,3,170,7
h,1,3,171,-2
h,1,3,172,5
h,1,3,173,-4
h,1,3,174,3
h,1,3,175,-6
h,1,3,176,1
h,1,3,177,-8
h,1,3,178,-1
h,1,3,179,6
h,1,3,180,-3
h,1,3,181,4
h,1,3,182,-5
h,1,3,183,2
h,1,3,184,-7
h,1,3,185,0
h,1,3,186,7
h,1,3,187,-2
h,1,3,188,5
h,1,3,189,-4
h,1,3,190,3
h,1,3,191,-6
h,1,3,192,1
h,1,3,193,-8
h,1,3,194,-1
h,1,3,195,6
h,1,3,196,-3
h,1,3,197,4
h,1,3,198,-5
h,1,3,199,2
h,1,3,200,-7
h,1,3,201,0
h,1,3,202,7
h,1,3,203,-2
h,1,3,204,5
h,1,3,205,-4
h,1,3,206,3
h,1,3,207,-6
h,1,3,208,1
h,1,3,209,-8
h,1,3,210,-1
h,1,3,211,6
h,1,3,212,-3
h,1,3,213,4
h,1,3,214,-5
h,1,3,215,2
h,1,3,216,-7
h,1,3,217,0
h,1,3,218,7
h,1,3,219,-2
h,1,3,220,5
h,1,3,221,-4
h,1,3,222,3
h,1,3,223,-6
h,1,3,224,1
h,1,3,225,-8
h,1,3,226,-1
h,1,3,227,6
h,1,3,228,-3
h,1,3,229,4
h,1,3,230,-5
h,1,3,231,2
h,1,3,232,-7
h,1,3,233,0
h,1,3,234,7
h,1,3,235,-2
h,1,3,236,5
h,1,3,237,-4
h,1,3,238,3
h,1,3,239,-6
h,1,3,240,1
h,1,3,241,-8
h,1,3,242,-1
h,1,3,243,6
h,1,3,244,-3
h,1,3,245,4
h,1,3,246,-5
h,1,3,247,2
h,1,3,248,-7
h,1,3,249,0
h,1,3,250,7
h,1,3,251,-2
h,1,3,252,5
h,1,3,253,-4
h,1,3,254,3
h,1,3,255,-6
h,1,3,256,1
h,1,3,257,-8
h,1,3,258,-1
h,1,3,259,6
h,1,3,260,-3
h,1,3,261,4
h,1,3,262,-5
h,1,3,263,2
h,1,3,264,-7
h,1,3,265,0
h,1,3,266,7
h,1,3,267,-2
h,1,3,268,5
h,1,3,269,-4
h,1,3,270,3
h,1,3,271,-6
h,1,3,272,1
h,1,3,273,-8
h,1,3,274,-1
h,1,3,275,6
h,1,3,276,-3
h,1,3,277,4
h,1,3,278,-5
h,1,3,279,2
h,1,3,280,-7
h,1,3,281,0
h,1,3,282,7
h,1,3,283,-2
h,1,3,284,5
h,1,3,285,-4
h,1,3,286,3
h,1,3,287,-6
h,1,3,288,1
h,1,3,289,-8
h,1,3,290,-1
h,1,3,291,6
h,1,3,292,-3
h,1,3,293,4
h,1,3,294,-5
h,1,3,295,2
h,1,3,296,-7
h,1,3,297,0
h,1,3,298,7
h,1,3,299,-2
h,1,3,300,5
h,1,3,301,-4
h,1,3,302,3
h,1,3,303,-6
h,1,3,304,1
h,1,3,305,-8
h,1,3,306,-1
h,1,3,307,6
h,1,3,308,-3
h,1,3,309,4
h,1,3,310,-5
h,1,3,311,2
h,1,3,312,-7
h,1,3,313,0
h,1,3,314,7
h,1,3,315,-2
h,1,3,316,5
h,1,3,317,-4
h,1,3,318,3
h,1,3,319,-6
h,1,3,320,1
h,1,3,321,-8
h,1,3,322,-1
h,1,3,323,6
h,1,3,324,-3
h,1,3,325,4
h,1,3,326,-5
h,1,3,327,2
h,1,3,328,-7
h,1,3,329,0
h,1,3,330,7
h,1,3,331,-2
h,1,3,332,5
h,1,3,333,-4
h,1,3,334,3
h,1,3,335,-6
h,1,3,336,1
h,1,3,337,-8
h,1,3,338,-1
h,1,3,339,6
h,1,3,340,-3
h,1,3,341,4
h,1,3,342,-5
h,1,3,343,2
h,1,3,344,-7
h,1,3,345,0
h,1,3,346,7
h,1,3,347,-2
h,1,3,348,5
h,1,3,349,-4
h,1,3,350,3
h,1,3,351,-6
h,1,3,352,1
h,1,3,353,-8
h,1,3,354,-1
h,1,3,355,6
h,1,3,356,-3
h,1,3,357,4
h,1,3,358,-5
h,1,3,359,2
h,1,3,360,-7
h,1,3,361,0
h,1,3,362,7
h,1,3,363,-2
h,1,3,364,5
h,1,3,365,-4
h,1,3,366,3
h,1,3,367,-6
h,1,3,368,1
h,1,3,369,-8
h,1,3,370,-1
h,1,3,371,6
h,1,3,372,-3
h,1,3,373,4
h,1,3,374,-5
h,1,3,375,2
h,1,3,376,-7
h,1,3,377,0
h,1,3,378,7
h,1,3,379,-2
h,1,3,380,5
h,1,3,381,-4
h,1,3,382,3
h,1,3,383,-6
h,1,3,384,1
h,1,3,385,-8
h,1,3,386,-1
h,1,3,387,6
h,1,3,388,-3
h,1,3,389,4
h,1,3,390,-5
h,1,3,391,2
h,1,3,392,-7
h,1,3,393,0
h,1,3,394,7
h,1,3,395,-2
h,1,3,396,5
h,1,3,397,-4
h,1,3,398,3
h,1,3,399,-6
h,1,3,400,1
h,1,3,401,-8
h,1,3,402,-1
h,1,3,403,6
h,1,3,404,-3
h,1,3,405,4
h,1,3,406,-5
h,1,3,407,2
h,1,3,408,-7
h,1,3,409,0
h,1,3,410,7
h,1,3,411,-2
h,1,3,412,5
h,1,3,413,-4
h,1,3,414,3
h,1,3,415,-6
h,1,3,416,1
h,1,3,417,-8
h,1,3,418,-1
h,1,3,419,6
h,1,3,420,-3
h,1,3,421,4
h,1,3,422,-5
h,1,3,423,2
h,1,3,424,-7
h,1,3,425,0
h,1,3,426,7
h,1,3,427,-2
h,1,3,428,5
h,1,3,429,-4
h,1,3,430,3
h,1,3,431,-6
h,1,3,432,1
h,1,3,433,-8
h,1,3,434,-1
h,1,3,435,6
h,1,3,436,-3
h,1,3,437,4
h,1,3,438,-5
h,1,3,439,2
h,1,3,440,-7
h,1,3,441,0
h,1,3,442,7
h,1,3,443,-2
h,1,3,444,5
h,1,3,445,-4
h,1,3,446,3
h,1,3,447,-6
h,1,3,448,1
h,1,3,449,-8
h,1,3,450,-1
h,1,3,451,6
h,1,3,452,-3
h,1,3,453,4
h,1,3,454,-5
h,1,3,455,2
h,1,3,456,-7
h,1,3,457,0
h,1,3,458,7
h,1,3,459,-2
h,1,3,460,5
h,1,3,461,-4
h,1,3,462,3
h,1,3,463,-6
h,1,3,464,1
h,1,3,465,-8
h,1,3,466,-1
h,1,3,467,6
h,1,3,468,-3
h,1,3,469,4
h,1,3,470,-5
h,1,3,471,2
h,1,3,472,-7
h,1,3,473,0
h,1,3,474,7
h,1,3,475,-2
h,1,3,476,5
h,1,3,477,-4
h,1,3,478,3
h,1,3,479,-6
h,1,3,480,1
h,1,3,481,-8
h,1,3,482,-1
h,1,3,483,6
h,1,3,484,-3
h,1,3,485,4
h,1,3,486,-5
h,1,3,487,2
h,1,3,488,-7
h,1,3,489,0
h,1,3,490,7
h,1,3,491,-2
h,1,3,492,5
h,1,3,493,-4
h,1,3,494,3
h,1,3,495,-6
h,1,3,496,1
h,1,3,497,-8
h,1,3,498,-1
h,1,3,499,6
h,1,3,500,-3
h,1,3,501,4
h,1,3,502,-5
h,1,3,503,2
h,1,3,504,-7
h,1,3,505,0
h,1,3,506,7
h,1,3,507,-2
h,1,3,508,5
h,1,3,509,-4
h,1,3,510,3
y,0,0,0,42
y,0,0,1,64
y,0,0,2,-34
y,0,0,3,-64
y,0,0,4,130
y,0,0,5,0
y,0,0,6,38
y,0,0,7,-112
y,0,0,8,138
y,0,0,9,0
y,0,0,10,-2
y,0,0,11,144
y,0,0,12,-158
y,0,0,13,224
y,0,0,14,-90
y,0,0,15,128
y,0,0,16,-54
y,0,0,17,64
y,0,0,18,126
y,0,0,19,-192
y,0,0,20,290
y,0,0,21,-256
y,0,0,22,198
y,0,0,23,-240
y,0,0,24,298
y,0,0,25,0
y,0,0,26,-98
y,0,0,27,272
y,0,0,28,-254
y,0,0,29,480
y,0,0,30,-186
y,0,0,31,256
y,0,0,32,-150
y,0,0,33,64
y,0,0,34,286
y,0,0,35,-320
y,0,0,36,450
y,0,0,37,-512
y,0,0,38,358
y,0,0,39,-368
y,0,0,40,458
y,0,0,41,0
y,0,0,42,-194
y,0,0,43,400
y,0,0,44,-350
y,0,0,45,736
y,0,0,46,-282
y,0,0,47,384
y,0,0,48,-246
y,0,0,49,64
y,0,0,50,446
y,0,0,51,-448
y,0,0,52,610
y,0,0,53,-768
y,0,0,54,518
y,0,0,55,-496
y,0,0,56,618
y,0,0,57,0
y,0,0,58,-290
y,0,0,59,528
y,0,0,60,-446
y,0,0,61,992
y,0,0,62,-378
y,0,0,63,512
y,0,0,64,-342
y,0,0,65,64
y,0,0,66,606
y,0,0,67,-576
y,0,0,68,770
y,0,0,69,-1024
y,0,0,70,678
y,0,0,71,-624
y,0,0,72,778
y,0,0,73,0
y,0,0,74,-386
y,0,0,75,656
y,0,0,76,-542
y,0,0,77,1248
y,0,0,78,-474
y,0,0,79,640
y,0,0,80,-438
y,0,0,81,64
y,0,0,82,766
y,0,0,83,-704
y,0,0,84,930
y,0,0,85,-1280
y,0,0,86,838
y,0,0,87,-752
y,0,0,88,938
y,0,0,89,0
y,0,0,90,-482
y,0,0,91,784
y,0,0,92,-638
y,0,0,93,1504
y,0,0,94,-570
y,0,0,95,768
y,0,0,96,-534
y,0,0,97,64
y,0,0,98,926
y,0,0,99,-832
y,0,0,100,1090
y,0,0,101,-1536
y,0,0,102,998
y,0,0,103,-880
y,0,0,104,1098
y,0,0,105,0
y,0,0,106,-578
y,0,0,107,912
y,0,0,108,-734
y,0,0,109,1760
y,0,0,110,-666
y,0,0,111,896
y,0,0,112,-630
y,0,0,113,64
y,0,0,114,1086
y,0,0,115,-960
y,0,0,116,1250
y,0,0,117,-1792
y,0,0,118,1158
y,0,0,119,-1008
y,0,0,120,1258
y,0,0,121,0
y,0,0,122,-674
y,0,0,123,1040
y,0,0,124,-830
y,0,0,125,2016
y,0,0,126,-762
y,0,0,127,1024
y,0,0,128,-726
y,0,0,129,64
y,0,0,130,1246
y,0,0,131,-1088
y,0,0,132,1410
y,0,0,133,-2048
y,0,0,134,1318
y,0,0,135,-1136
y,0,0,136,1418
y,0,0,137,0
y,0,0,138,-770
y,0,0,139,1168
y,0,0,140,-926
y,0,0,141,2272
y,0,0,142,-858
y,0,0,143,1152
y,0,0,144,-822
y,0,0,145,64
y,0,0,146,1406
y,0,0,147,-1216
y,0,0,148,1570
y,0,0,149,-2304
y,0,0,150,1478
y,0,0,151,-1264
y,0,0,152,1578
y,0,0,153,0
y,0,0,154,-866
y,0,0,155,1296
y,0,0,156,-1022
y,0,0,157,2528
y,0,0,158,-954
y,0,0,159,1280
y,0,0,160,-918
y,0,0,161,64
y,0,0,162,1566
y,0,0,163,-1344
y,0,0,164,1730
y,0,0,165,-2560
y,0,0,166,1638
y,0,0,167,-1392
y,0,0,168,1738
y,0,0,169,0
y,0,0,170,-962
y,0,0,171,1424
y,0,0,172,-1118
y,0,0,173,2784
y,0,0,174,-1050
y,0,0,175,1408
y,0,0,176,-1014
y,0,0,177,64
y,0,0,178,1726
y,0,0,179,-1472
y,0,0,180,1890
y,0,0,181,-2816
y,0,0,182,1798
y,0,0,183,-1520
y,0,0,184,1898
y,0,0,185,0
y,0,0,186,-1058
y,0,0,187,1552
y,0,0,188,-1214
y,0,0,189,3040
y,0,0,190,-1146
y,0,0,191,1536
y,0,0,192,-1110
y,0,0,193,64
y,0,0,194,1886
y,0,0,195,-1600
y,0,0,196,2050
y,0,0,197,-3072
y,0,0,198,1958
y,0,0,199,-1648
y,0,0,200,2058
y,0,0,201,0
y,0,0,202,-1154
y,0,0,203,1680
y,0,0,204,-1310
y,0,0,205,3296
y,0,0,206,-1242
y,0,0,207,1664
y,0,0,208,-1206
y,0,0,209,64
y,0,0,210,2046
y,0,0,211,-1728
y,0,0,212,2210
y,0,0,213,-3328
y,0,0,214,2118
y,0,0,215,-1776
y,0,0,216,2218
y,0,0,217,0
y,0,0,218,-1250
y,0,0,219,1808
y,0,0,220,-1406
y,0,0,221,3552
y,0,0,222,-1338
y,0,0,223,1792
y,0,0,224,-1302
y,0,0,225,64
y,0,0,226,2206
y,0,0,227,-1856
y,0,0,228,2370
y,0,0,229,-3584
y,0,0,230,2278
y,0,0,231,-1904
y,0,0,232,2378
y,0,0,233,0
y,0,0,234,-1346
y,0,0,235,1936
y,0,0,236,-1502
y,0,0,237,3808
y,0,0,238,-1434
y,0,0,239,1920
y,0,0,240,-1398
y,0,0,241,64
y,0,0,242,2366
y,0,0,243,-1984
y,0,0,244,2530
y,0,0,245,-3840
y,0,0,246,2438
y,0,0,247,-2032
y,0,0,248,2538
y,0,0,249,0
y,0,0,250,-1442
y,0,0,251,2064
y,0,0,252,-1598
y,0,0,253,4064
y,0,0,254,-1530
y,0,0,255,2048
y,0,0,256,-1494
y,0,0,257,64
y,0,0,258,2526
y,0,0,259,-2112
y,0,0,260,2690
y,0,0,261,-4096
y,0,0,262,2598
y,0,0,263,-2160
y,0,0,264,2698
y,0,0,265,0
y,0,0,266,-1538
y,0,0,267,2192
y,0,0,268,-1694
y,0,0,269,4320
y,0,0,270,-1626
y,0,0,271,2176
y,0,0,272,-1590
y,0,0,273,64
y,0,0,274,2686
y,0,0,275,-2240
y,0,0,276,2850
y,0,0,277,-4352
y,0,0,278,2758
y,0,0,279,-2288
y,0,0,280,2858
y,0,0,281,0
y,0,0,282,-1634
y,0,0,283,2320
y,0,0,284,-1790
y,0,0,285,4576
y,0,0,286,-1722
y,0,0,287,2304
y,0,0,288,-1686
y,0,0,289,64
y,0,0,290,2846
y,0,0,291,-2368
y,0,0,292,3010
y,0,0,293,-4608
y,0,0,294,2918
y,0,0,295,-2416
y,0,0,296,3018
y,0,0,297,0
y,0,0,298,-1730
y,0,0,299,2448
y,0,0,300,-1886
y,0,0,301,4832
y,0,0,302,-1818
y,0,0,303,2432
y,0,0,304,-1782
y,0,0,305,64
y,0,0,306,3006
y,0,0,307,-2496
y,0,0,308,3170
y,0,0,309,-4864
y,0,0,310,3078
y,0,0,311,-2544
y,0,0,312,3178
y,0,0,313,0
y,0,0,314,-1826
y,0,0,315,2576
y,0,0,316,-1982
y,0,0,317,5088
y,0,0,318,-1914
y,0,0,319,2560
y,0,0,320,-1878
y,0,0,321,64
y,0,0,322,3166
y,0,0,323,-2624
y,0,0,324,3330
y,0,0,325,-5120
y,0,0,326,3238
y,0,0,327,-2672
y,0,0,328,3338
y,0,0,329,0
y,0,0,330,-1922
y,0,0,331,2704
y,0,0,332,-2078
y,0,0,333,5344
y,0,0,334,-2010
y,0,0,335,2688
y,0,0,336,-1974
y,0,0,337,64
y,0,0,338,3326
y,0,0,339,-2752
y,0,0,340,3490
y,0,0,341,-5376
y,0,0,342,3398
y,0,0,343,-2800
y,0,0,344,3498
y,0,0,345,0
y,0,0,346,-2018
y,0,0,347,2832
y,0,0,348,-2174
y,0,0,349,5600
y,0,0,350,-2106
y,0,0,351,2816
y,0,0,352,-2070
y,0,0,353,64
y,0,0,354,3486
y,0,0,355,-2880
y,0,0,356,3650
y,0,0,357,-5632
y,0,0,358,3558
y,0,0,359,-2928
y,0,0,360,3658
y,0,0,361,0
y,0,0,362,-2114
y,0,0,363,2960
y,0,0,364,-2270
y,0,0,365,5856
y,0,0,366,-2202
y,0,0,367,2944
y,0,0,368,-2166
y,0,0,369,64
y,0,0,370,3646
y,0,0,371,-3008
y,0,0,372,3810
y,0,0,373,-5888
y,0,0,374,3718
y,0,0,375,-3056
y,0,0,376,3818
y,0,0,377,0
y,0,0,378,-2210
y,0,0,379,3088
y,0,0,380,-2366
y,0,0,381,6112
y,0,0,382,-2298
y,0,0,383,3072
y,0,0,384,-2262
y,0,0,385,64
y,0,0,386,3806
y,0,0,387,-3136
y,0,0,388,3970
y,0,0,389,-6144
y,0,0,390,3878
y,0,0,391,-3184
y,0,0,392,3978
y,0,0,393,0
y,0,0,394,-2306
y,0,0,395,3216
y,0,0,396,-2462
y,0,0,397,6368
y,0,0,398,-2394
y,0,0,399,3200
y,0,0,400,-2358
y,0,0,401,64
y,0,0,402,3966
y,0,0,403,-3264
y,0,0,404,4130
y,0,0,405,-6400
y,0,0,406,4038
y,0,0,407,-3312
y,0,0,408,4138
y,0,0,409,0
y,0,0,410,-2402
y,0,0,411,3344
y,0,0,412,-2558
y,0,0,413,6624
y,0,0,414,-2490
y,0,0,415,3328
y,0,0,416,-2454
y,0,0,417,64
y,0,0,418,4126
y,0,0,419,-3392
y,0,0,420,4290
y,0,0,421,-6656
y,0,0,422,4198
y,0,0,423,-3440
y,0,0,424,4298
y,0,0,425,0
y,0,0,426,-2498
y,0,0,427,3472
y,0,0,428,-2654
y,0,0,429,6880
y,0,0,430,-2586
y,0,0,431,3456
y,0,0,432,-2550
y,0,0,433,64
y,0,0,434,4286
y,0,0,435,-3520
y,0,0,436,4450
y,0,0,437,-6912
y,0,0,438,4358
y,0,0,439,-3568
y,0,0,440,4458
y,0,0,441,0
y,0,0,442,-2594
y,0,0,443,3600
y,0,0,444,-2750
y,0,0,445,7136
y,0,0,446,-2682
y,0,0,447,3584
y,0,0,448,-2646
y,0,0,449,64
y,0,0,450,4446
y,0,0,451,-3648
y,0,0,452,4610
y,0,0,453,-7168
y,0,0,454,4518
y,0,0,455,-3696
y,0,0,456,4618
y,0,0,457,0
y,0,0,458,-2690
y,0,0,459,3728
y,0,0,460,-2846
y,0,0,461,7392
y,0,0,462,-2778
y,0,0,463,3712
y,0,0,464,-2742
y,0,0,465,64
y,0,0,466,4606
y,0,0,467,-3776
y,0,0,468,4770
y,0,0,469,-7424
y,0,0,470,4678
y,0,0,471,-3824
y,0,0,472,4778
y,0,0,473,0
y,0,0,474,-2786
y,0,0,475,3856
y,0,0,476,-2942
y,0,0,477,7648
y,0,0,478,-2874
y,0,0,479,3840
y,0,0,480,-2838
y,0,0,481,64
y,0,0,482,4766
y,0,0,483,-3904
y,0,0,484,4930
y,0,0,485,-7680
y,0,0,486,4838
y,0,0,487,-3952
y,0,0,488,4938
y,0,0,489,0
y,0,0,490,-2882
y,0,0,491,3984
y,0,0,492,-3038
y,0,0,493,7904
y,0,0,494,-2970
y,0,0,495,3968
y,0,0,496,-2934
y,0,0,497,64
y,0,0,498,4926
y,0,0,499,-4032
y,0,0,500,5090
y,0,0,501,-7936
y,0,0,502,4998
y,0,0,503,-4080
y,0,0,504,5098
y,0,0,505,0
y,0,0,506,-2978
y,0,0,507,4112
y,0,0,508,-3134
y,0,0,509,8160
y,0,0,510,-3066
y,0,0,511,4132
y,0,0,512,-3048
y,0,0,513,-16
y,0,0,514,5120
y,0,0,515,-4036
y,0,0,516,5016
y,0,0,517,-8136
y,0,0,518,5056
y,0,0,519,-4028
y,0,0,520,4968
y,0,0,521,16
y,0,0,522,-3024
y,0,0,523,3932
y,0,0,524,-2968
y,0,0,525,7944
y,0,0,526,-2976
y,0,0,527,4004
y,0,0,528,-2952
y,0,0,529,-16
y,0,0,530,4960
y,0,0,531,-3908
y,0,0,532,4856
y,0,0,533,-7880
y,0,0,534,4896
y,0,0,535,-3900
y,0,0,536,4808
y,0,0,537,16
y,0,0,538,-2928
y,0,0,539,3804
y,0,0,540,-2872
y,0,0,541,7688
y,0,0,542,-2880
y,0,0,543,3876
y,0,0,544,-2856
y,0,0,545,-16
y,0,0,546,4800
y,0,0,547,-3780
y,0,0,548,4696
y,0,0,549,-7624
y,0,0,550,4736
y,0,0,551,-3772
y,0,0,552,4648
y,0,0,553,16
y,0,0,554,-2832
y,0,0,555,3676
y,0,0,556,-2776
y,0,0,557,7432
y,0,0,558,-2784
y,0,0,559,3748
y,0,0,560,-2760
y,0,0,561,-16
y,0,0,562,4640
y,0,0,563,-3652
y,0,0,564,4536
y,0,0,565,-7368
y,0,0,566,4576
y,0,0,567,-3644
y,0,0,568,4488
y,0,0,569,16
y,0,0,570,-2736
y,0,0,571,3548
y,0,0,572,-2680
y,0,0,573,7176
y,0,0,574,-2688
y,0,0,575,3620
y,0,0,576,-2664
y,0,0,577,-16
y,0,0,578,4480
y,0,0,579,-3524
y,0,0,580,4376
y,0,0,581,-7112
y,0,0,582,4416
y,0,0,583,-3516
y,0,0,584,4328
y,0,0,585,16
y,0,0,586,-2640
y,0,0,587,3420
y,0,0,588,-2584
y,0,0,589,6920
y,0,0,590,-2592
y,0,0,591,3492
y,0,0,592,-2568
y,0,0,593,-16
y,0,0,594,4320
y,0,0,595,-3396
y,0,0,596,4216
y,0,0,597,-6856
y,0,0,598,4256
y,0,0,599,-3388
y,0,0,600,4168
y,0,0,601,16
y,0,0,602,-2544
y,0,0,603,3292
y,0,0,604,-2488
y,0,0,605,6664
y,0,0,606,-2496
y,0,0,607,3364
y,0,0,608,-2472
y,0,0,609,-16
y,0,0,610,4160
y,0,0,611,-3268
y,0,0,612,4056
y,0,0,613,-6600
y,0,0,614,4096
y,0,0,615,-3260
y,0,0,616,4008
y,0,0,617,16
y,0,0,618,-2448
y,0,0,619,3164
y,0,0,620,-2392
y,0,0,621,6408
y,0,0,622,-2400
y,0,0,623,3236
y,0,0,624,-2376
y,0,0,625,-16
y,0,0,626,4000
y,0,0,627,-3140
y,0,0,628,3896
y,0,0,629,-6344
y,0,0,630,3936
y,0,0,631,-3132
y,0,0,632,3848
y,0,0,633,16
y,0,0,634,-2352
y,0,0,635,3036
y,0,0,636,-2296
y,0,0,637,6152
y,0,0,638,-2304
y,0,0,639,3108
y,0,0,640,-2280
y,0,0,641,-16
y,0,0,642,3840
y,0,0,643,-3012
y,0,0,644,3736
y,0,0,645,-6088
y,0,0,646,3776
y,0,0,647,-3004
y,0,0,648,3688
y,0,0,649,16
y,0,0,650,-2256
y,0,0,651,2908
y,0,0,652,-2200
y,0,0,653,5896
y,0,0,654,-2208
y,0,0,655,2980
y,0,0,656,-2184
y,0,0,657,-16
y,0,0,658,3680
y,0,0,659,-2884
y,0,0,660,3576
y,0,0,661,-5832
y,0,0,662,3616
y,0,0,663,-2876
y,0,0,664,3528
y,0,0,665,16
y,0,0,666,-2160
y,0,0,667,2780
y,0,0,668,-2104
y,0,0,669,5640
y,0,0,670,-2112
y,0,0,671,2852
y,0,0,672,-2088
y,0,0,673,-16
y,0,0,674,3520
y,0,0,675,-2756
y,0,0,676,3416
y,0,0,677,-5576
y,0,0,678,3456
y,0,0,679,-2748
y,0,0,680,3368
y,0,0,681,16
y,0,0,682,-2064
y,0,0,683,2652
y,0,0,684,-2008
y,0,0,685,5384
y,0,0,686,-2016
y,0,0,687,2724
y,0,0,688,-1992
y,0,0,689,-16
y,0,0,690,3360
y,0,0,691,-2628
y,0,0,692,3256
y,0,0,693,-5320
y,0,0,694,3296
y,0,0,695,-2620
y,0,0,696,3208
y,0,0,697,16
y,0,0,698,-1968
y,0,0,699,2524
y,0,0,700,-1912
y,0,0,701,5128
y,0,0,702,-1920
y,0,0,703,2596
y,0,0,704,-1896
y,0,0,705,-16
y,0,0,706,3200
y,0,0,707,-2500
y,0,0,708,3096
y,0,0,709,-5064
y,0,0,710,3136
y,0,0,711,-2492
y,0,0,712,3048
y,0,0,713,16
y,0,0,714,-1872
y,0,0,715,2396
y,0,0,716,-1816
y,0,0,717,4872
y,0,0,718,-1824
y,0,0,719,2468
y,0,0,720,-1800
y,0,0,721,-16
y,0,0,722,3040
y,0,0,723,-2372
y,0,0,724,2936
y,0,0,725,-4808
y,0,0,726,2976
y,0,0,727,-2364
y,0,0,728,2888
y,0,0,729,16
y,0,0,730,-1776
y,0,0,731,2268
y,0,0,732,-1720
y,0,0,733,4616
y,0,0,734,-1728
y,0,0,735,2340
y,0,0,736,-1704
y,0,0,737,-16
y,0,0,738,2880
y,0,0,739,-2244
y,0,0,740,2776
y,0,0,741,-4552
y,0,0,742,2816
y,0,0,743,-2236
y,0,0,744,2728
y,0,0,745,16
y,0,0,746,-1680
y,0,0,747,2140
y,0,0,748,-1624
y,0,0,749,4360
y,0,0,750,-1632
y,0,0,751,2212
y,0,0,752,-1608
y,0,0,753,-16
y,0,0,754,2720
y,0,0,755,-2116
y,0,0,756,2616
y,0,0,757,-4296
y,0,0,758,2656
y,0,0,759,-2108
y,0,0,760,2568
y,0,0,761,16
y,0,0,762,-1584
y,0,0,763,2012
y,0,0,764,-1528
y,0,0,765,4104
y,0,0,766,-1536
y,0,0,767,2084
y,0,0,768,-1512
y,0,0,769,-16
y,0,0,770,2560
y,0,0,771,-1988
y,0,0,772,2456
y,0,0,773,-4040
y,0,0,774,2496
y,0,0,775,-1980
y,0,0,776,2408
y,0,0,777,16
y,0,0,778,-1488
y,0,0,779,1884
y,0,0,780,-1432
y,0,0,781,3848
y,0,0,782,-1440
y,0,0,783,1956
y,0,0,784,-1416
y,0,0,785,-16
y,0,0,786,2400
y,0,0,787,-1860
y,0,0,788,2296
y,0,0,789,-3784
y,0,0,790,2336
y,0,0,791,-1852
y,0,0,792,2248
y,0,0,793,16
y,0,0,794,-1392
y,0,0,795,1756
y,0,0,796,-1336
y,0,0,797,3592
y,0,0,798,-1344
y,0,0,799,1828
y,0,0,800,-1320
y,0,0,801,-16
y,0,0,802,2240
y,0,0,803,-1732
y,0,0,804,2136
y,0,0,805,-3528
y,0,0,806,2176
y,0,0,807,-1724
y,0,0,808,2088
y,0,0,809,16
y,0,0,810,-1296
y,0,0,811,1628
y,0,0,812,-1240
y,0,0,813,3336
y,0,0,814,-1248
y,0,0,815,1700
y,0,0,816,-1224
y,0,0,817,-16
y,0,0,818,2080
y,0,0,819,-1604
y,0,0,820,1976
y,0,0,821,-3272
y,0,0,822,2016
y,0,0,823,-1596
y,0,0,824,1928
y,0,0,825,16
y,0,0,826,-1200
y,0,0,827,1500
y,0,0,828,-1144
y,0,0,829,3080
y,0,0,830,-1152
y,0,0,831,1572
y,0,0,832,-1128
y,0,0,833,-16
y,0,0,834,1920
y,0,0,835,-1476
y,0,0,836,1816
y,0,0,837,-3016
y,0,0,838,1856
y,0,0,839,-1468
y,0,0,840,1768
y,0,0,841,16
y,0,0,842,-1104
y,0,0,843,1372
y,0,0,844,-1048
y,0,0,845,2824
y,0,0,846,-1056
y,0,0,847,1444
y,0,0,848,-1032
y,0,0,849,-16
y,0,0,850,1760
y,0,0,851,-1348
y,0,0,852,1656
y,0,0,853,-2760
y,0,0,854,1696
y,0,0,855,-1340
y,0,0,856,1608
y,0,0,857,16
y,0,0,858,-1008
y,0,0,859,1244
y,0,0,860,-952
y,0,0,861,2568
y,0,0,862,-960
y,0,0,863,1316
y,0,0,864,-936
y,0,0,865,-16
y,0,0,866,1600
y,0,0,867,-1220
y,0,0,868,1496
y,0,0,869,-2504
y,0,0,870,1536
y,0,0,871,-1212
y,0,0,872,1448
y,0,0,873,16
y,0,0,874,-912
y,0,0,875,1116
y,0,0,876,-856
y,0,0,877,2312
y,0,0,878,-864
y,0,0,879,1188
y,0,0,880,-840
y,0,0,881,-16
y,0,0,882,1440
y,0,0,883,-1092
y,0,0,884,1336
y,0,0,885,-2248
y,0,0,886,1376
y,0,0,887,-1084
y,0,0,888,1288
y,0,0,889,16
y,0,0,890,-816
y,0,0,891,988
y,0,0,892,-760
y,0,0,893,2056
y,0,0,894,-768
y,0,0,895,1060
y,0,0,896,-744
y,0,0,897,-16
y,0,0,898,1280
y,0,0,899,-964
y,0,0,900,1176
y,0,0,901,-1992
y,0,0,902,1216
y,0,0,903,-956
y,0,0,904,1128
y,0,0,905,16
y,0,0,906,-720
y,0,0,907,860
y,0,0,908,-664
y,0,0,909,1800
y,0,0,910,-672
y,0,0,911,932
y,0,0,912,-648
y,0,0,913,-16
y,0,0,914,1120
y,0,0,915,-836
y,0,0,916,1016
y,0,0,917,-1736
y,0,0,918,1056
y,0,0,919,-828
y,0,0,920,968
y,0,0,921,16
y,0,0,922,-624
y,0,0,923,732
y,0,0,924,-568
y,0,0,925,1544
y,0,0,926,-576
y,0,0,927,804
y,0,0,928,-552
y,0,0,929,-16
y,0,0,930,960
y,0,0,931,-708
y,0,0,932,856
y,0,0,933,-1480
y,0,0,934,896
y,0,0,935,-700
y,0,0,936,808
y,0,0,937,16
y,0,0,938,-528
y,0,0,939,604
y,0,0,940,-472
y,0,0,941,1288
y,0,0,942,-480
y,0,0,943,676
y,0,0,944,-456
y,0,0,945,-16
y,0,0,946,800
y,0,0,947,-580
y,0,0,948,696
y,0,0,949,-1224
y,0,0,950,736
y,0,0,951,-572
y,0,0,952,648
y,0,0,953,16
y,0,0,954,-432
y,0,0,955,476
y,0,0,956,-376
y,0,0,957,1032
y,0,0,958,-384
y,0,0,959,548
y,0,0,960,-360
y,0,0,961,-16
y,0,0,962,640
y,0,0,963,-452
y,0,0,964,536
y,0,0,965,-968
y,0,0,966,576
y,0,0,967,-444
y,0,0,968,488
y,0,0,969,16
y,0,0,970,-336
y,0,0,971,348
y,0,0,972,-280
y,0,0,973,776
y,0,0,974,-288
y,0,0,975,420
y,0,0,976,-264
y,0,0,977,-16
y,0,0,978,480
y,0,0,979,-324
y,0,0,980,376
y,0,0,981,-712
y,0,0,982,416
y,0,0,983,-316
y,0,0,984,328
y,0,0,985,16
y,0,0,986,-240
y,0,0,987,220
y,0,0,988,-184
y,0,0,989,520
y,0,0,990,-192
y,0,0,991,292
y,0,0,992,-168
y,0,0,993,-16
y,0,0,994,320
y,0,0,995,-196
y,0,0,996,216
y,0,0,997,-456
y,0,0,998,256
y,0,0,999,-188
y,0,0,1000,168
y,0,0,1001,16
y,0,0,1002,-144
y,0,0,1003,92
y,0,0,1004,-88
y,0,0,1005,264
y,0,0,1006,-96
y,0,0,1007,164
y,0,0,1008,-72
y,0,0,1009,-16
y,0,0,1010,160
y,0,0,1011,-68
y,0,0,1012,56
y,0,0,1013,-200
y,0,0,1014,96
y,0,0,1015,-60
y,0,0,1016,8
y,0,0,1017,16
y,0,0,1018,-48
y,0,0,1019,-36
y,0,0,1020,8
y,0,0,1021,8
y,0,0,1022,0
y,0,0,1023,0
y,1,0,0,0
y,1,0,1,-24
y,1,0,2,20
y,1,0,3,128
y,1,0,4,-88
y,1,0,5,-104
y,1,0,6,92
y,1,0,7,-128
y,1,0,8,224
y,1,0,9,-56
y,1,0,10,4
y,1,0,11,-16
y,1,0,12,72
y,1,0,13,184
y,1,0,14,-132
y,1,0,15,160
y,1,0,16,-256
y,1,0,17,136
y,1,0,18,-108
y,1,0,19,288
y,1,0,20,-88
y,1,0,21,-200
y,1,0,22,220
y,1,0,23,-224
y,1,0,24,480
y,1,0,25,-152
y,1,0,26,132
y,1,0,27,-112
y,1,0,28,72
y,1,0,29,344
y,1,0,30,-260
y,1,0,31,320
y,1,0,32,-512
y,1,0,33,296
y,1,0,34,-236
y,1,0,35,448
y,1,0,36,-88
y,1,0,37,-296
y,1,0,38,348
y,1,0,39,-320
y,1,0,40,736
y,1,0,41,-248
y,1,0,42,260
y,1,0,43,-208
y,1,0,44,72
y,1,0,45,504
y,1,0,46,-388
y,1,0,47,480
y,1,0,48,-768
y,1,0,49,456
y,1,0,50,-364
y,1,0,51,608
y,1,0,52,-88
y,1,0,53,-392
y,1,0,54,476
y,1,0,55,-416
y,1,0,56,992
y,1,0,57,-344
y,1,0,58,388
y,1,0,59,-304
y,1,0,60,72
y,1,0,61,664
y,1,0,62,-516
y,1,0,63,640
y,1,0,64,-1024
y,1,0,65,616
y,1,0,66,-492
y,1,0,67,768
y,1,0,68,-88
y,1,0,69,-488
y,1,0,70,604
y,1,0,71,-512
y,1,0,72,1248
y,1,0,73,-440
y,1,0,74,516
y,1,0,75,-400
y,1,0,76,72
y,1,0,77,824
y,1,0,78,-644
y,1,0,79,800
y,1,0,80,-1280
y,1,0,81,776
y,1,0,82,-620
y,1,0,83,928
y,1,0,84,-88
y,1,0,85,-584
y,1,0,86,732
y,1,0,87,-608
y,1,0,88,1504
y,1,0,89,-536
y,1,0,90,644
y,1,0,91,-496
y,1,0,92,72
y,1,0,93,984
y,1,0,94,-772
y,1,0,95,960
y,1,0,96,-1536
y,1,0,97,936
y,1,0,98,-748
y,1,0,99,1088
y,1,0,100,-88
y,1,0,101,-680
y,1,0,102,860
y,1,0,103,-704
y,1,0,104,1760
y,1,0,105,-632
y,1,0,106,772
y,1,0,107,-592
y,1,0,108,72
y,1,0,109,1144
y,1,0,110,-900
y,1,0,111,1120
y,1,0,112,-1792
y,1,0,113,1096
y,1,0,114,-876
y,1,0,115,1248
y,1,0,116,-88
y,1,0,117,-776
y,1,0,118,988
y,1,0,119,-800
y,1,0,120,2016
y,1,0,121,-728
y,1,0,122,900
y,1,0,123,-688
y,1,0,124,72
y,1,0,125,1304
y,1,0,126,-1028
y,1,0,127,1280
y,1,0,128,-2048
y,1,0,129,1256
y,1,0,130,-1004
y,1,0,131,1408
y,1,0,132,-88
y,1,0,133,-872
y,1,0,134,1116
y,1,0,135,-896
y,1,0,136,2272
y,1,0,137,-824
y,1,0,138,1028
y,1,0,139,-784
y,1,0,140,72
y,1,0,141,1464
y,1,0,142,-1156
y,1,0,143,1440
y,1,0,144,-2304
y,1,0,145,1416
y,1,0,146,-1132
y,1,0,147,1568
y,1,0,148,-88
y,1,0,149,-968
y,1,0,150,1244
y,1,0,151,-992
y,1,0,152,2528
y,1,0,153,-920
y,1,0,154,1156
y,1,0,155,-880
y,1,0,156,72
y,1,0,157,1624
y,1,0,158,-1284
y,1,0,159,1600
y,1,0,160,-2560
y,1,0,161,1576
y,1,0,162,-1260
y,1,0,163,1728
y,1,0,164,-88
y,1,0,165,-1064
y,1,0,166,1372
y,1,0,167,-1088
y,1,0,168,2784
y,1,0,169,-1016
y,1,0,170,1284
y,1,0,171,-976
y,1,0,172,72
y,1,0,173,1784
y,1,0,174,-1412
y,1,0,175,1760
y,1,0,176,-2816
y,1,0,177,1736
y,1,0,178,-1388
y,1,0,179,1888
y,1,0,180,-88
y,1,0,181,-1160
y,1,0,182,1500
y,1,0,183,-1184
y,1,0,184,3040
y,1,0,185,-1112
y,1,0,186,1412
y,1,0,187,-1072
y,1,0,188,72
y,1,0,189,1944
y,1,0,190,-1540
y,1,0,191,1920
y,1,0,192,-3072
y,1,0,193,1896
y,1,0,194,-1516
y,1,0,195,2048
y,1,0,196,-88
y,1,0,197,-1256
y,1,0,198,1628
y,1,0,199,-1280
y,1,0,200,3296
y,1,0,201,-1208
y,1,0,202,1540
y,1,0,203,-1168
y,1,0,204,72
y,1,0,205,2104
y,1,0,206,-1668
y,1,0,207,2080
y,1,0,208,-3328
y,1,0,209,2056
y,1,0,210,-1644
y,1,0,211,2208
y,1,0,212,-88
y,1,0,213,-1352
y,1,0,214,1756
y,1,0,215,-1376
y,1,0,216,3552
y,1,0,217,-1304
y,1,0,218,1668
y,1,0,219,-1264
y,1,0,220,72
y,1,0,221,2264
y,1,0,222,-1796
y,1,0,223,2240
y,1,0,224,-3584
y,1,0,225,2216
y,1,0,226,-1772
y,1,0,227,2368
y,1,0,228,-88
y,1,0,229,-1448
y,1,0,230,1884
y,1,0,231,-1472
y,1,0,232,3808
y,1,0,233,-1400
y,1,0,234,1796
y,1,0,235,-1360
y,1,0,236,72
y,1,0,237,2424
y,1,0,238,-1924
y,1,0,239,2400
y,1,0,240,-3840
y,1,0,241,2376
y,1,0,242,-1900
y,1,0,243,2528
y,1,0,244,-88
y,1,0,245,-1544
y,1,0,246,2012
y,1,0,247,-1568
y,1,0,248,4064
y,1,0,249,-1496
y,1,0,250,1924
y,1,0,251,-1456
y,1,0,252,72
y,1,0,253,2584
y,1,0,254,-2052
y,1,0,255,2560
y,1,0,256,-4096
y,1,0,257,2536
y,1,0,258,-2028
y,1,0,259,2688
y,1,0,260,-88
y,1,0,261,-1640
y,1,0,262,2140
y,1,0,263,-1664
y,1,0,264,4320
y,1,0,265,-1592
y,1,0,266,2052
y,1,0,267,-1552
y,1,0,268,72
y,1,0,269,2744
y,1,0,270,-2180
y,1,0,271,2720
y,1,0,272,-4352
y,1,0,273,2696
y,1,0,274,-2156
y,1,0,275,2848
y,1,0,276,-88
y,1,0,277,-1736
y,1,0,278,2268
y,1,0,279,-1760
y,1,0,280,4576
y,1,0,281,-1688
y,1,0,282,2180
y,1,0,283,-1648
y,1,0,284,72
y,1,0,285,2904
y,1,0,286,-2308
y,1,0,287,2880
y,1,0,288,-4608
y,1,0,289,2856
y,1,0,290,-2284
y,1,0,291,3008
y,1,0,292,-88
y,1,0,293,-1832
y,1,0,294,2396
y,1,0,295,-1856
y,1,0,296,4832
y,1,0,297,-1784
y,1,0,298,2308
y,1,0,299,-1744
y,1,0,300,72
y,1,0,301,3064
y,1,0,302,-2436
y,1,0,303,3040
y,1,0,304,-4864
y,1,0,305,3016
y,1,0,306,-2412
y,1,0,307,3168
y,1,0,308,-88
y,1,0,309,-1928
y,1,0,310,2524
y,1,0,311,-1952
y,1,0,312,5088
y,1,0,313,-1880
y,1,0,314,2436
y,1,0,315,-1840
y,1,0,316,72
y,1,0,317,3224
y,1,0,318,-2564
y,1,0,319,3200
y,1,0,320,-5120
y,1,0,321,3176
y,1,0,322,-2540
y,1,0,323,3328
y,1,0,324,-88
y,1,0,325,-2024
y,1,0,326,2652
y,1,0,327,-2048
y,1,0,328,5344
y,1,0,329,-1976
y,1,0,330,2564
y,1,0,331,-1936
y,1,0,332,72
y,1,0,333,3384
y,1,0,334,-2692
y,1,0,335,3360
y,1,0,336,-5376
y,1,0,337,3336
y,1,0,338,-2668
y,1,0,339,3488
y,1,0,340,-88
y,1,0,341,-2120
y,1,0,342,2780
y,1,0,343,-2144
y,1,0,344,5600
y,1,0,345,-2072
y,1,0,346,2692
y,1,0,347,-2032
y,1,0,348,72
y,1,0,349,3544
y,1,0,350,-2820
y,1,0,351,3520
y,1,0,352,-5632
y,1,0,353,3496
y,1,0,354,-2796
y,1,0,355,3648
y,1,0,356,-88
y,1,0,357,-2216
y,1,0,358,2908
y,1,0,359,-2240
y,1,0,360,5856
y,1,0,361,-2168
y,1,0,362,2820
y,1,0,363,-2128
y,1,0,364,72
y,1,0,365,3704
y,1,0,366,-2948
y,1,0,367,3680
y,1,0,368,-5888
y,1,0,369,3656
y,1,0,370,-2924
y,1,0,371,3808
y,1,0,372,-88
y,1,0,373,-2312
y,1,0,374,3036
y,1,0,375,-2336
y,1,0,376,6112
y,1,0,377,-2264
y,1,0,378,2948
y,1,0,379,-2224
y,1,0,380,72
y,1,0,381,3864
y,1,0,382,-3076
y,1,0,383,3840
y,1,0,384,-6144
y,1,0,385,3816
y,1,0,386,-3052
y,1,0,387,3968
y,1,0,388,-88
y,1,0,389,-2408
y,1,0,390,3164
y,1,0,391,-2432
y,1,0,392,6368
y,1,0,393,-2360
y,1,0,394,3076
y,1,0,395,-2320
y,1,0,396,72
y,1,0,397,4024
y,1,0,398,-3204
y,1,0,399,4000
y,1,0,400,-6400
y,1,0,401,3976
y,1,0,402,-3180
y,1,0,403,4128
y,1,0,404,-88
y,1,0,405,-2504
y,1,0,406,3292
y,1,0,407,-2528
y,1,0,408,6624
y,1,0,409,-2456
y,1,0,410,3204
y,1,0,411,-2416
y,1,0,412,72
y,1,0,413,4184
y,1,0,414,-3332
y,1,0,415,4160
y,1,0,416,-6656
y,1,0,417,4136
y,1,0,418,-3308
y,1,0,419,4288
y,1,0,420,-88
y,1,0,421,-2600
y,1,0,422,3420
y,1,0,423,-2624
y,1,0,424,6880
y,1,0,425,-2552
y,1,0,426,3332
y,1,0,427,-2512
y,1,0,428,72
y,1,0,429,4344
y,1,0,430,-3460
y,1,0,431,4320
y,1,0,432,-6912
y,1,0,433,4296
y,1,0,434,-3436
y,1,0,435,4448
y,1,0,436,-88
y,1,0,437,-2696
y,1,0,438,3548
y,1,0,439,-2720
y,1,0,440,7136
y,1,0,441,-2648
y,1,0,442,3460
y,1,0,443,-2608
y,1,0,444,72
y,1,0,445,4504
y,1,0,446,-3588
y,1,0,447,4480
y,1,0,448,-7168
y,1,0,449,4456
y,1,0,450,-3564
y,1,0,451,4608
y,1,0,452,-88
y,1,0,453,-2792
y,1,0,454,3676
y,1,0,455,-2816
y,1,0,456,7392
y,1,0,457,-2744
y,1,0,458,3588
y,1,0,459,-2704
y,1,0,460,72
y,1,0,461,4664
y,1,0,462,-3716
y,1,0,463,4640
y,1,0,464,-7424
y,1,0,465,4616
y,1,0,466,-3692
y,1,0,467,4768
y,1,0,468,-88
y,1,0,469,-2888
y,1,0,470,3804
y,1,0,471,-2912
y,1,0,472,7648
y,1,0,473,-2840
y,1,0,474,3716
y,1,0,475,-2800
y,1,0,476,72
y,1,0,477,4824
y,1,0,478,-3844
y,1,0,479,4800
y,1,0,480,-7680
y,1,0,481,4776
y,1,0,482,-3820
y,1,0,483,4928
y,1,0,484,-88
y,1,0,485,-2984
y,1,0,486,3932
y,1,0,487,-3008
y,1,0,488,7904
y,1,0,489,-2936
y,1,0,490,3844
y,1,0,491,-2896
y,1,0,492,72
y,1,0,493,4984
y,1,0,494,-3972
y,1,0,495,4960
y,1,0,496,-7936
y,1,0,497,4936
y,1,0,498,-3948
y,1,0,499,5088
y,1,0,500,-88
y,1,0,501,-3080
y,1,0,502,4060
y,1,0,503,-3104
y,1,0,504,8160
y,1,0,505,-3032
y,1,0,506,3972
y,1,0,507,-2992
y,1,0,508,72
y,1,0,509,5144
y,1,0,510,-4100
y,1,0,511,5086
y,1,0,512,-8256
y,1,0,513,5114
y,1,0,514,-4080
y,1,0,515,4998
y,1,0,516,64
y,1,0,517,-3022
y,1,0,518,3968
y,1,0,519,-2898
y,1,0,520,7984
y,1,0,521,-3030
y,1,0,522,4048
y,1,0,523,-3018
y,1,0,524,-16
y,1,0,525,4962
y,1,0,526,-3968
y,1,0,527,4926
y,1,0,528,-8000
y,1,0,529,4954
y,1,0,530,-3952
y,1,0,531,4838
y,1,0,532,64
y,1,0,533,-2926
y,1,0,534,3840
y,1,0,535,-2802
y,1,0,536,7728
y,1,0,537,-2934
y,1,0,538,3920
y,1,0,539,-2922
y,1,0,540,-16
y,1,0,541,4802
y,1,0,542,-3840
y,1,0,543,4766
y,1,0,544,-7744
y,1,0,545,4794
y,1,0,546,-3824
y,1,0,547,4678
y,1,0,548,64
y,1,0,549,-2830
y,1,0,550,3712
y,1,0,551,-2706
y,1,0,552,7472
y,1,0,553,-2838
y,1,0,554,3792
y,1,0,555,-2826
y,1,0,556,-16
y,1,0,557,4642
y,1,0,558,-3712
y,1,0,559,4606
y,1,0,560,-7488
y,1,0,561,4634
y,1,0,562,-3696
y,1,0,563,4518
y,1,0,564,64
y,1,0,565,-2734
y,1,0,566,3584
y,1,0,567,-2610
y,1,0,568,7216
y,1,0,569,-2742
y,1,0,570,3664
y,1,0,571,-2730
y,1,0,572,-16
y,1,0,573,4482
y,1,0,574,-3584
y,1,0,575,4446
y,1,0,576,-7232
y,1,0,577,4474
y,1,0,578,-3568
y,1,0,579,4358
y,1,0,580,64
y,1,0,581,-2638
y,1,0,582,3456
y,1,0,583,-2514
y,1,0,584,6960
y,1,0,585,-2646
y,1,0,586,3536
y,1,0,587,-2634
y,1,0,588,-16
y,1,0,589,4322
y,1,0,590,-3456
y,1,0,591,4286
y,1,0,592,-6976
y,1,0,593,4314
y,1,0,594,-3440
y,1,0,595,4198
y,1,0,596,64
y,1,0,597,-2542
y,1,0,598,3328
y,1,0,599,-2418
y,1,0,600,6704
y,1,0,601,-2550
y,1,0,602,3408
y,1,0,603,-2538
y,1,0,604,-16
y,1,0,605,4162
y,1,0,606,-3328
y,1,0,607,4126
y,1,0,608,-6720
y,1,0,609,4154
y,1,0,610,-3312
y,1,0,611,4038
y,1,0,612,64
y,1,0,613,-2446
y,1,0,614,3200
y,1,0,615,-2322
y,1,0,616,6448
y,1,0,617,-2454
y,1,0,618,3280
y,1,0,619,-2442
y,1,0,620,-16
y,1,0,621,4002
y,1,0,622,-3200
y,1,0,623,3966
y,1,0,624,-6464
y,1,0,625,3994
y,1,0,626,-3184
y,1,0,627,3878
y,1,0,628,64
y,1,0,629,-2350
y,1,0,630,3072
y,1,0,631,-2226
y,1,0,632,6192
y,1,0,633,-2358
y,1,0,634,3152
y,1,0,635,-2346
y,1,0,636,-16
y,1,0,637,3842
y,1,0,638,-3072
y,1,0,639,3806
y,1,0,640,-6208
y,1,0,641,3834
y,1,0,642,-3056
y,1,0,643,3718
y,1,0,644,64
y,1,0,645,-2254
y,1,0,646,2944
y,1,0,647,-2130
y,1,0,648,5936
y,1,0,649,-2262
y,1,0,650,3024
y,1,0,651,-2250
y,1,0,652,-16
y,1,0,653,3682
y,1,0,654,-2944
y,1,0,655,3646
y,1,0,656,-5952
y,1,0,657,3674
y,1,0,658,-2928
y,1,0,659,3558
y,1,0,660,64
y,1,0,661,-2158
y,1,0,662,2816
y,1,0,663,-2034
y,1,0,664,5680
y,1,0,665,-2166
y,1,0,666,2896
y,1,0,667,-2154
y,1,0,668,-16
y,1,0,669,3522
y,1,0,670,-2816
y,1,0,671,3486
y,1,0,672,-5696
y,1,0,673,3514
y,1,0,674,-2800
y,1,0,675,3398
y,1,0,676,64
y,1,0,677,-2062
y,1,0,678,2688
y,1,0,679,-1938
y,1,0,680,5424
y,1,0,681,-2070
y,1,0,682,2768
y,1,0,683,-2058
y,1,0,684,-16
y,1,0,685,3362
y,1,0,686,-2688
y,1,0,687,3326
y,1,0,688,-5440
y,1,0,689,3354
y,1,0,690,-2672
y,1,0,691,3238
y,1,0,692,64
y,1,0,693,-1966
y,1,0,694,2560
y,1,0,695,-1842
y,1,0,696,5168
y,1,0,697,-1974
y,1,0,698,2640
y,1,0,699,-1962
y,1,0,700,-16
y,1,0,701,3202
y,1,0,702,-2560
y,1,0,703,3166
y,1,0,704,-5184
y,1,0,705,3194
y,1,0,706,-2544
y,1,0,707,3078
y,1,0,708,64
y,1,0,709,-1870
y,1,0,710,2432
y,1,0,711,-1746
y,1,0,712,4912
y,1,0,713,-1878
y,1,0,714,2512
y,1,0,715,-1866
y,1,0,716,-16
y,1,0,717,3042
y,1,0,718,-2432
y,1,0,719,3006
y,1,0,720,-4928
y,1,0,721,3034
y,1,0,722,-2416
y,1,0,723,2918
y,1,0,724,64
y,1,0,725,-1774
y,1,0,726,2304
y,1,0,727,-1650
y,1,0,728,4656
y,1,0,729,-1782
y,1,0,730,2384
y,1,0,731,-1770
y,1,0,732,-16
y,1,0,733,2882
y,1,0,734,-2304
y,1,0,735,2846
y,1,0,736,-4672
y,1,0,737,2874
y,1,0,738,-2288
y,1,0,739,2758
y,1,0,740,64
y,1,0,741,-1678
y,1,0,742,2176
y,1,0,743,-1554
y,1,0,744,4400
y,1,0,745,-1686
y,1,0,746,2256
y,1,0,747,-1674
y,1,0,748,-16
y,1,0,749,2722
y,1,0,750,-2176
y,1,0,751,2686
y,1,0,752,-4416
y,1,0,753,2714
y,1,0,754,-2160
y,1,0,755,2598
y,1,0,756,64
y,1,0,757,-1582
y,1,0,758,2048
y,1,0,759,-1458
y,1,0,760,4144
y,1,0,761,-1590
y,1,0,762,2128
y,1,0,763,-1578
y,1,0,764,-16
y,1,0,765,2562
y,1,0,766,-2048
y,1,0,767,2526
y,1,0,768,-4160
y,1,0,769,2554
y,1,0,770,-2032
y,1,0,771,2438
y,1,0,772,64
y,1,0,773,-1486
y,1,0,774,1920
y,1,0,775,-1362
y,1,0,776,3888
y,1,0,777,-1494
y,1,0,778,2000
y,1,0,779,-1482
y,1,0,780,-16
y,1,0,781,2402
y,1,0,782,-1920
y,1,0,783,2366
y,1,0,784,-3904
y,1,0,785,2394
y,1,0,786,-1904
y,1,0,787,2278
y,1,0,788,64
y,1,0,789,-1390
y,1,0,790,1792
y,1,0,791,-1266
y,1,0,792,3632
y,1,0,793,-1398
y,1,0,794,1872
y,1,0,795,-1386
y,1,0,796,-16
y,1,0,797,2242
y,1,0,798,-1792
y,1,0,799,2206
y,1,0,800,-3648
y,1,0,801,2234
y,1,0,802,-1776
y,1,0,803,2118
y,1,0,804,64
y,1,0,805,-1294
y,1,0,806,1664
y,1,0,807,-1170
y,1,0,808,3376
y,1,0,809,-1302
y,1,0,810,1744
y,1,0,811,-1290
y,1,0,812,-16
y,1,0,813,2082
y,1,0,814,-1664
y,1,0,815,2046
y,1,0,816,-3392
y,1,0,817,2074
y,1,0,818,-1648
y,1,0,819,1958
y,1,0,820,64
y,1,0,821,-1198
y,1,0,822,1536
y,1,0,823,-1074
y,1,0,824,3120
y,1,0,825,-1206
y,1,0,826,1616
y,1,0,827,-1194
y,1,0,828,-16
y,1,0,829,1922
y,1,0,830,-1536
y,1,0,831,1886
y,1,0,832,-3136
y,1,0,833,1914
y,1,0,834,-1520
y,1,0,835,1798
y,1,0,836,64
y,1,0,837,-1102
y,1,0,838,1408
y,1,0,839,-978
y,1,0,840,2864
y,1,0,841,-1110
y,1,0,842,1488
y,1,0,843,-1098
y,1,0,844,-16
y,1,0,845,1762
y,1,0,846,-1408
y,1,0,847,1726
y,1,0,848,-2880
y,1,0,849,1754
y,1,0,850,-1392
y,1,0,851,1638
y,1,0,852,64
y,1,0,853,-1006
y,1,0,854,1280
y,1,0,855,-882
y,1,0,856,2608
y,1,0,857,-1014
y,1,0,858,1360
y,1,0,859,-1002
y,1,0,860,-16
y,1,0,861,1602
y,1,0,862,-1280
y,1,0,863,1566
y,1,0,864,-2624
y,1,0,865,1594
y,1,0,866,-1264
y,1,0,867,1478
y,1,0,868,64
y,1,0,869,-910
y,1,0,870,1152
y,1,0,871,-786
y,1,0,872,2352
y,1,0,873,-918
y,1,0,874,1232
y,1,0,875,-906
y,1,0,876,-16
y,1,0,877,1442
y,1,0,878,-1152
y,1,0,879,1406
y,1,0,880,-2368
y,1,0,881,1434
y,1,0,882,-1136
y,1,0,883,1318
y,1,0,884,64
y,1,0,885,-814
y,1,0,886,1024
y,1,0,887,-690
y,1,0,888,2096
y,1,0,889,-822
y,1,0,890,1104
y,1,0,891,-810
y,1,0,892,-16
y,1,0,893,1282
y,1,0,894,-1024
y,1,0,895,1246
y,1,0,896,-2112
y,1,0,897,1274
y,1,0,898,-1008
y,1,0,899,1158
y,1,0,900,64
y,1,0,901,-718
y,1,0,902,896
y,1,0,903,-594
y,1,0,904,1840
y,1,0,905,-726
y,1,0,906,976
y,1,0,907,-714
y,1,0,908,-16
y,1,0,909,1122
y,1,0,910,-896
y,1,0,911,1086
y,1,0,912,-1856
y,1,0,913,1114
y,1,0,914,-880
y,1,0,915,998
y,1,0,916,64
y,1,0,917,-622
y,1,0,918,768
y,1,0,919,-498
y,1,0,920,1584
y,1,0,921,-630
y,1,0,922,848
y,1,0,923,-618
y,1,0,924,-16
y,1,0,925,962
y,1,0,926,-768
y,1,0,927,926
y,1,0,928,-1600
y,1,0,929,954
y,1,0,930,-752
y,1,0,931,838
y,1,0,932,64
y,1,0,933,-526
y,1,0,934,640
y,1,0,935,-402
y,1,0,936,1328
y,1,0,937,-534
y,1,0,938,720
y,1,0,939,-522
y,1,0,940,-16
y,1,0,941,802
y,1,0,942,-640
y,1,0,943,766
y,1,0,944,-1344
y,1,0,945,794
y,1,0,946,-624
y,1,0,947,678
y,1,0,948,64
y,1,0,949,-430
y,1,0,950,512
y,1,0,951,-306
y,1,0,952,1072
y,1,0,953,-438
y,1,0,954,592
y,1,0,955,-426
y,1,0,956,-16
y,1,0,957,642
y,1,0,958,-512
y,1,0,959,606
y,1,0,960,-1088
y,1,0,961,634
y,1,0,962,-496
y,1,0,963,518
y,1,0,964,64
y,1,0,965,-334
y,1,0,966,384
y,1,0,967,-210
y,1,0,968,816
y,1,0,969,-342
y,1,0,970,464
y,1,0,971,-330
y,1,0,972,-16
y,1,0,973,482
y,1,0,974,-384
y,1,0,975,446
y,1,0,976,-832
y,1,0,977,474
y,1,0,978,-368
y,1,0,979,358
y,1,0,980,64
y,1,0,981,-238
y,1,0,982,256
y,1,0,983,-114
y,1,0,984,560
y,1,0,985,-246
y,1,0,986,336
y,1,0,987,-234
y,1,0,988,-16
y,1,0,989,322
y,1,0,990,-256
y,1,0,991,286
y,1,0,992,-576
y,1,0,993,314
y,1,0,994,-240
y,1,0,995,198
y,1,0,996,64
y,1,0,997,-142
y,1,0,998,128
y,1,0,999,-18
y,1,0,1000,304
y,1,0,1001,-150
y,1,0,1002,208
y,1,0,1003,-138
y,1,0,1004,-16
y,1,0,1005,162
y,1,0,1006,-128
y,1,0,1007,126
y,1,0,1008,-320
y,1,0,1009,154
y,1,0,1010,-112
y,1,0,1011,38
y,1,0,1012,64
y,1,0,1013,-46
y,1,0,1014,0
y,1,0,1015,78
y,1,0,1016,48
y,1,0,1017,-54
y,1,0,1018,80
y,1,0,1019,-42
y,1,0,1020,-16
y,1,0,1021,2
y,1,0,1022,0
y,1,0,1023,0
