kind,cout,cin,index,value
x,0,0,0,-125
x,0,0,1,-112
x,0,0,2,-99
x,0,0,3,-86
x,0,0,4,-73
x,0,0,5,-60
x,0,0,6,-47
x,0,0,7,-34
x,0,0,8,-21
x,0,0,9,-8
x,0,0,10,5
x,0,0,11,18
x,0,0,12,31
x,0,0,13,44
x,0,0,14,57
x,0,0,15,70
x,0,0,16,83
x,0,0,17,96
x,0,0,18,109
x,0,0,19,122
x,0,0,20,-121
x,0,0,21,-108
x,0,0,22,-95
x,0,0,23,-82
x,0,0,24,-69
x,0,0,25,-56
x,0,0,26,-43
x,0,0,27,-30
x,0,0,28,-17
x,0,0,29,-4
x,0,0,30,9
x,0,0,31,22
x,0,0,32,35
x,0,0,33,48
x,0,0,34,61
x,0,0,35,74
x,0,0,36,87
x,0,0,37,100
x,0,0,38,113
x,0,0,39,126
x,0,0,40,-117
x,0,0,41,-104
x,0,0,42,-91
x,0,0,43,-78
x,0,0,44,-65
x,0,0,45,-52
x,0,0,46,-39
x,0,0,47,-26
x,0,0,48,-13
x,0,0,49,0
x,0,0,50,13
x,0,0,51,26
x,0,0,52,39
x,0,0,53,52
x,0,0,54,65
x,0,0,55,78
x,0,0,56,91
x,0,0,57,104
x,0,0,58,117
x,0,0,59,-126
x,0,0,60,-113
x,0,0,61,-100
x,0,0,62,-87
x,0,0,63,-74
x,0,0,64,-61
x,0,0,65,-48
x,0,0,66,-35
x,0,0,67,-22
x,0,0,68,-9
x,0,0,69,4
x,0,0,70,17
x,0,0,71,30
x,0,0,72,43
x,0,0,73,56
x,0,0,74,69
x,0,0,75,82
x,0,0,76,95
x,0,0,77,108
x,0,0,78,121
x,0,0,79,-122
x,0,0,80,-109
x,0,0,81,-96
x,0,0,82,-83
x,0,0,83,-70
x,0,0,84,-57
x,0,0,85,-44
x,0,0,86,-31
x,0,0,87,-18
x,0,0,88,-5
x,0,0,89,8
x,0,0,90,21
x,0,0,91,34
x,0,0,92,47
x,0,0,93,60
x,0,0,94,73
x,0,0,95,86
x,0,0,96,99
x,0,0,97,112
x,0,0,98,125
x,0,0,99,-118
x,0,0,100,-105
x,0,0,101,-92
x,0,0,102,-79
x,0,0,103,-66
x,0,0,104,-53
x,0,0,105,-40
x,0,0,106,-27
x,0,0,107,-14
x,0,0,108,-1
x,0,0,109,12
x,0,0,110,25
x,0,0,111,38
x,0,0,112,51
x,0,0,113,64
x,0,0,114,77
x,0,0,115,90
x,0,0,116,103
x,0,0,117,116
x,0,0,118,-127
x,0,0,119,-114
x,0,0,120,-101
x,0,0,121,-88
x,0,0,122,-75
x,0,0,123,-62
x,0,0,124,-49
x,0,0,125,-36
x,0,0,126,-23
x,0,0,127,-10
x,0,0,128,3
x,0,0,129,16
x,0,0,130,29
x,0,0,131,42
x,0,0,132,55
x,0,0,133,68
x,0,0,134,81
x,0,0,135,94
x,0,0,136,107
x,0,0,137,120
x,0,0,138,-123
x,0,0,139,-110
x,0,0,140,-97
x,0,0,141,-84
x,0,0,142,-71
x,0,0,143,-58
x,0,0,144,-45
x,0,0,145,-32
x,0,0,146,-19
x,0,0,147,-6
x,0,0,148,7
x,0,0,149,20
x,0,0,150,33
x,0,0,151,46
x,0,0,152,59
x,0,0,153,72
x,0,0,154,85
x,0,0,155,98
x,0,0,156,111
x,0,0,157,124
x,0,0,158,-119
x,0,0,159,-106
x,0,0,160,-93
x,0,0,161,-80
x,0,0,162,-67
x,0,0,163,-54
x,0,0,164,-41
x,0,0,165,-28
x,0,0,166,-15
x,0,0,167,-2
x,0,0,168,11
x,0,0,169,24
x,0,0,170,37
x,0,0,171,50
x,0,0,172,63
x,0,0,173,76
x,0,0,174,89
x,0,0,175,102
x,0,0,176,115
x,0,0,177,-128
x,0,0,178,-115
x,0,0,179,-102
x,0,0,180,-89
x,0,0,181,-76
x,0,0,182,-63
x,0,0,183,-50
x,0,0,184,-37
x,0,0,185,-24
x,0,0,186,-11
x,0,0,187,2
x,0,0,188,15
x,0,0,189,28
x,0,0,190,41
x,0,0,191,54
x,0,0,192,67
x,0,0,193,80
x,0,0,194,93
x,0,0,195,106
x,0,0,196,119
x,0,0,197,-124
x,0,0,198,-111
x,0,0,199,-98
x,0,0,200,-85
x,0,0,201,-72
x,0,0,202,-59
x,0,0,203,-46
x,0,0,204,-33
x,0,0,205,-20
x,0,0,206,-7
x,0,0,207,6
x,0,0,208,19
x,0,0,209,32
x,0,0,210,45
x,0,0,211,58
x,0,0,212,71
x,0,0,213,84
x,0,0,214,97
x,0,0,215,110
x,0,0,216,123
x,0,0,217,-120
x,0,0,218,-107
x,0,0,219,-94
x,0,0,220,-81
x,0,0,221,-68
x,0,0,222,-55
x,0,0,223,-42
x,0,0,224,-29
x,0,0,225,-16
x,0,0,226,-3
x,0,0,227,10
x,0,0,228,23
x,0,0,229,36
x,0,0,230,49
x,0,0,231,62
x,0,0,232,75
x,0,0,233,88
x,0,0,234,101
x,0,0,235,114
x,0,0,236,127
x,0,0,237,-116
x,0,0,238,-103
x,0,0,239,-90
x,0,0,240,-77
x,0,0,241,-64
x,0,0,242,-51
x,0,0,243,-38
x,0,0,244,-25
x,0,0,245,-12
x,0,0,246,1
x,0,0,247,14
x,0,0,248,27
x,0,0,249,40
x,0,0,250,53
x,0,0,251,66
x,0,0,252,79
x,0,0,253,92
x,0,0,254,105
x,0,0,255,118
x,0,0,256,-125
x,0,0,257,-112
x,0,0,258,-99
x,0,0,259,-86
x,0,0,260,-73
x,0,0,261,-60
x,0,0,262,-47
x,0,0,263,-34
x,0,0,264,-21
x,0,0,265,-8
x,0,0,266,5
x,0,0,267,18
x,0,0,268,31
x,0,0,269,44
x,0,0,270,57
x,0,0,271,70
x,0,0,272,83
x,0,0,273,96
x,0,0,274,109
x,0,0,275,122
x,0,0,276,-121
x,0,0,277,-108
x,0,0,278,-95
x,0,0,279,-82
x,0,0,280,-69
x,0,0,281,-56
x,0,0,282,-43
x,0,0,283,-30
x,0,0,284,-17
x,0,0,285,-4
x,0,0,286,9
x,0,0,287,22
x,0,0,288,35
x,0,0,289,48
x,0,0,290,61
x,0,0,291,74
x,0,0,292,87
x,0,0,293,100
x,0,0,294,113
x,0,0,295,126
x,0,0,296,-117
x,0,0,297,-104
x,0,0,298,-91
x,0,0,299,-78
x,0,0,300,-65
x,0,0,301,-52
x,0,0,302,-39
x,0,0,303,-26
x,0,0,304,-13
x,0,0,305,0
x,0,0,306,13
x,0,0,307,26
x,0,0,308,39
x,0,0,309,52
x,0,0,310,65
x,0,0,311,78
x,0,0,312,91
x,0,0,313,104
x,0,0,314,117
x,0,0,315,-126
x,0,0,316,-113
x,0,0,317,-100
x,0,0,318,-87
x,0,0,319,-74
x,0,0,320,-61
x,0,0,321,-48
x,0,0,322,-35
x,0,0,323,-22
x,0,0,324,-9
x,0,0,325,4
x,0,0,326,17
x,0,0,327,30
x,0,0,328,43
x,0,0,329,56
x,0,0,330,69
x,0,0,331,82
x,0,0,332,95
x,0,0,333,108
x,0,0,334,121
x,0,0,335,-122
x,0,0,336,-109
x,0,0,337,-96
x,0,0,338,-83
x,0,0,339,-70
x,0,0,340,-57
x,0,0,341,-44
x,0,0,342,-31
x,0,0,343,-18
x,0,0,344,-5
x,0,0,345,8
x,0,0,346,21
x,0,0,347,34
x,0,0,348,47
x,0,0,349,60
x,0,0,350,73
x,0,0,351,86
x,0,0,352,99
x,0,0,353,112
x,0,0,354,125
x,0,0,355,-118
x,0,0,356,-105
x,0,0,357,-92
x,0,0,358,-79
x,0,0,359,-66
x,0,0,360,-53
x,0,0,361,-40
x,0,0,362,-27
x,0,0,363,-14
x,0,0,364,-1
x,0,0,365,12
x,0,0,366,25
x,0,0,367,38
x,0,0,368,51
x,0,0,369,64
x,0,0,370,77
x,0,0,371,90
x,0,0,372,103
x,0,0,373,116
x,0,0,374,-127
x,0,0,375,-114
x,0,0,376,-101
x,0,0,377,-88
x,0,0,378,-75
x,0,0,379,-62
x,0,0,380,-49
x,0,0,381,-36
x,0,0,382,-23
x,0,0,383,-10
x,0,0,384,3
x,0,0,385,16
x,0,0,386,29
x,0,0,387,42
x,0,0,388,55
x,0,0,389,68
x,0,0,390,81
x,0,0,391,94
x,0,0,392,107
x,0,0,393,120
x,0,0,394,-123
x,0,0,395,-110
x,0,0,396,-97
x,0,0,397,-84
x,0,0,398,-71
x,0,0,399,-58
x,0,0,400,-45
x,0,0,401,-32
x,0,0,402,-19
x,0,0,403,-6
x,0,0,404,7
x,0,0,405,20
x,0,0,406,33
x,0,0,407,46
x,0,0,408,59
x,0,0,409,72
x,0,0,410,85
x,0,0,411,98
x,0,0,412,111
x,0,0,413,124
x,0,0,414,-119
x,0,0,415,-106
x,0,0,416,-93
x,0,0,417,-80
x,0,0,418,-67
x,0,0,419,-54
x,0,0,420,-41
x,0,0,421,-28
x,0,0,422,-15
x,0,0,423,-2
x,0,0,424,11
x,0,0,425,24
x,0,0,426,37
x,0,0,427,50
x,0,0,428,63
x,0,0,429,76
x,0,0,430,89
x,0,0,431,102
x,0,0,432,115
x,0,0,433,-128
x,0,0,434,-115
x,0,0,435,-102
x,0,0,436,-89
x,0,0,437,-76
x,0,0,438,-63
x,0,0,439,-50
x,0,0,440,-37
x,0,0,441,-24
x,0,0,442,-11
x,0,0,443,2
x,0,0,444,15
x,0,0,445,28
x,0,0,446,41
x,0,0,447,54
x,0,0,448,67
x,0,0,449,80
x,0,0,450,93
x,0,0,451,106
x,0,0,452,119
x,0,0,453,-124
x,0,0,454,-111
x,0,0,455,-98
x,0,0,456,-85
x,0,0,457,-72
x,0,0,458,-59
x,0,0,459,-46
x,0,0,460,-33
x,0,0,461,-20
x,0,0,462,-7
x,0,0,463,6
x,0,0,464,19
x,0,0,465,32
x,0,0,466,45
x,0,0,467,58
x,0,0,468,71
x,0,0,469,84
x,0,0,470,97
x,0,0,471,110
x,0,0,472,123
x,0,0,473,-120
x,0,0,474,-107
x,0,0,475,-94
x,0,0,476,-81
x,0,0,477,-68
x,0,0,478,-55
x,0,0,479,-42
x,0,0,480,-29
x,0,0,481,-16
x,0,0,482,-3
x,0,0,483,10
x,0,0,484,23
x,0,0,485,36
x,0,0,486,49
x,0,0,487,62
x,0,0,488,75
x,0,0,489,88
x,0,0,490,101
x,0,0,491,114
x,0,0,492,127
x,0,0,493,-116
x,0,0,494,-103
x,0,0,495,-90
x,0,0,496,-77
x,0,0,497,-64
x,0,0,498,-51
x,0,0,499,-38
x,0,0,500,-25
x,0,0,501,-12
x,0,0,502,1
x,0,0,503,14
x,0,0,504,27
x,0,0,505,40
x,0,0,506,53
x,0,0,507,66
x,0,0,508,79
x,0,0,509,92
x,0,0,510,105
x,0,0,511,118
h,0,0,0,-123
h,0,0,1,-116
h,0,0,2,-109
h,0,0,3,-102
h,0,0,4,-95
h,0,0,5,-88
h,0,0,6,-81
h,0,0,7,-74
h,0,0,8,-67
h,0,0,9,-60
h,0,0,10,-53
h,0,0,11,-46
h,0,0,12,-39
h,0,0,13,-32
h,0,0,14,-25
h,0,0,15,-18
h,0,0,16,-11
h,0,0,17,-4
h,0,0,18,3
h,0,0,19,10
h,0,0,20,17
h,0,0,21,24
h,0,0,22,31
h,0,0,23,38
h,0,0,24,45
h,0,0,25,52
h,0,0,26,59
h,0,0,27,66
h,0,0,28,73
h,0,0,29,80
h,0,0,30,87
h,0,0,31,94
h,0,0,32,101
h,0,0,33,108
h,0,0,34,115
h,0,0,35,122
h,0,0,36,-127
h,0,0,37,-120
h,0,0,38,-113
h,0,0,39,-106
h,0,0,40,-99
h,0,0,41,-92
h,0,0,42,-85
h,0,0,43,-78
h,0,0,44,-71
h,0,0,45,-64
h,0,0,46,-57
h,0,0,47,-50
h,0,0,48,-43
h,0,0,49,-36
h,0,0,50,-29
h,0,0,51,-22
h,0,0,52,-15
h,0,0,53,-8
h,0,0,54,-1
h,0,0,55,6
h,0,0,56,13
h,0,0,57,20
h,0,0,58,27
h,0,0,59,34
h,0,0,60,41
h,0,0,61,48
h,0,0,62,55
h,0,0,63,62
h,0,0,64,69
h,0,0,65,76
h,0,0,66,83
h,0,0,67,90
h,0,0,68,97
h,0,0,69,104
h,0,0,70,111
h,0,0,71,118
h,0,0,72,125
h,0,0,73,-124
h,0,0,74,-117
h,0,0,75,-110
h,0,0,76,-103
h,0,0,77,-96
h,0,0,78,-89
h,0,0,79,-82
h,0,0,80,-75
h,0,0,81,-68
h,0,0,82,-61
h,0,0,83,-54
h,0,0,84,-47
h,0,0,85,-40
h,0,0,86,-33
h,0,0,87,-26
h,0,0,88,-19
h,0,0,89,-12
h,0,0,90,-5
h,0,0,91,2
h,0,0,92,9
h,0,0,93,16
h,0,0,94,23
h,0,0,95,30
h,0,0,96,37
h,0,0,97,44
h,0,0,98,51
h,0,0,99,58
h,0,0,100,65
h,0,0,101,72
h,0,0,102,79
h,0,0,103,86
h,0,0,104,93
h,0,0,105,100
h,0,0,106,107
h,0,0,107,114
h,0,0,108,121
h,0,0,109,-128
h,0,0,110,-121
h,0,0,111,-114
h,0,0,112,-107
h,0,0,113,-100
h,0,0,114,-93
h,0,0,115,-86
h,0,0,116,-79
h,0,0,117,-72
h,0,0,118,-65
h,0,0,119,-58
h,0,0,120,-51
h,0,0,121,-44
h,0,0,122,-37
h,0,0,123,-30
h,0,0,124,-23
h,0,0,125,-16
h,0,0,126,-9
h,0,0,127,-2
h,0,0,128,5
h,0,0,129,12
h,0,0,130,19
h,0,0,131,26
h,0,0,132,33
h,0,0,133,40
h,0,0,134,47
h,0,0,135,54
h,0,0,136,61
h,0,0,137,68
h,0,0,138,75
h,0,0,139,82
h,0,0,140,89
h,0,0,141,96
h,0,0,142,103
h,0,0,143,110
h,0,0,144,117
h,0,0,145,124
h,0,0,146,-125
h,0,0,147,-118
h,0,0,148,-111
h,0,0,149,-104
h,0,0,150,-97
h,0,0,151,-90
h,0,0,152,-83
h,0,0,153,-76
h,0,0,154,-69
h,0,0,155,-62
h,0,0,156,-55
h,0,0,157,-48
h,0,0,158,-41
h,0,0,159,-34
h,0,0,160,-27
h,0,0,161,-20
h,0,0,162,-13
h,0,0,163,-6
h,0,0,164,1
h,0,0,165,8
h,0,0,166,15
h,0,0,167,22
h,0,0,168,29
h,0,0,169,36
h,0,0,170,43
h,0,0,171,50
h,0,0,172,57
h,0,0,173,64
h,0,0,174,71
h,0,0,175,78
h,0,0,176,85
h,0,0,177,92
h,0,0,178,99
h,0,0,179,106
h,0,0,180,113
h,0,0,181,120
h,0,0,182,127
h,0,0,183,-122
h,0,0,184,-115
h,0,0,185,-108
h,0,0,186,-101
h,0,0,187,-94
h,0,0,188,-87
h,0,0,189,-80
h,0,0,190,-73
h,0,0,191,-66
h,0,0,192,-59
h,0,0,193,-52
h,0,0,194,-45
h,0,0,195,-38
h,0,0,196,-31
h,0,0,197,-24
h,0,0,198,-17
h,0,0,199,-10
h,0,0,200,-3
h,0,0,201,4
h,0,0,202,11
h,0,0,203,18
h,0,0,204,25
h,0,0,205,32
h,0,0,206,39
h,0,0,207,46
h,0,0,208,53
h,0,0,209,60
h,0,0,210,67
h,0,0,211,74
h,0,0,212,81
h,0,0,213,88
h,0,0,214,95
h,0,0,215,102
h,0,0,216,109
h,0,0,217,116
h,0,0,218,123
h,0,0,219,-126
h,0,0,220,-119
h,0,0,221,-112
h,0,0,222,-105
h,0,0,223,-98
h,0,0,224,-91
h,0,0,225,-84
h,0,0,226,-77
h,0,0,227,-70
h,0,0,228,-63
h,0,0,229,-56
h,0,0,230,-49
h,0,0,231,-42
h,0,0,232,-35
h,0,0,233,-28
h,0,0,234,-21
h,0,0,235,-14
h,0,0,236,-7
h,0,0,237,0
h,0,0,238,7
h,0,0,239,14
h,0,0,240,21
h,0,0,241,28
h,0,0,242,35
h,0,0,243,42
h,0,0,244,49
h,0,0,245,56
h,0,0,246,63
h,0,0,247,70
h,0,0,248,77
h,0,0,249,84
h,0,0,250,91
h,0,0,251,98
h,0,0,252,105
h,0,0,253,112
h,0,0,254,119
h,0,0,255,126
h,0,0,256,-123
h,0,0,257,-116
h,0,0,258,-109
h,0,0,259,-102
h,0,0,260,-95
h,0,0,261,-88
h,0,0,262,-81
h,0,0,263,-74
h,0,0,264,-67
h,0,0,265,-60
h,0,0,266,-53
h,0,0,267,-46
h,0,0,268,-39
h,0,0,269,-32
h,0,0,270,-25
h,0,0,271,-18
h,0,0,272,-11
h,0,0,273,-4
h,0,0,274,3
h,0,0,275,10
h,0,0,276,17
h,0,0,277,24
h,0,0,278,31
h,0,0,279,38
h,0,0,280,45
h,0,0,281,52
h,0,0,282,59
h,0,0,283,66
h,0,0,284,73
h,0,0,285,80
h,0,0,286,87
h,0,0,287,94
h,0,0,288,101
h,0,0,289,108
h,0,0,290,115
h,0,0,291,122
h,0,0,292,-127
h,0,0,293,-120
h,0,0,294,-113
h,0,0,295,-106
h,0,0,296,-99
h,0,0,297,-92
h,0,0,298,-85
h,0,0,299,-78
h,0,0,300,-71
h,0,0,301,-64
h,0,0,302,-57
h,0,0,303,-50
h,0,0,304,-43
h,0,0,305,-36
h,0,0,306,-29
h,0,0,307,-22
h,0,0,308,-15
h,0,0,309,-8
h,0,0,310,-1
h,0,0,311,6
h,0,0,312,13
h,0,0,313,20
h,0,0,314,27
h,0,0,315,34
h,0,0,316,41
h,0,0,317,48
h,0,0,318,55
h,0,0,319,62
h,0,0,320,69
h,0,0,321,76
h,0,0,322,83
h,0,0,323,90
h,0,0,324,97
h,0,0,325,104
h,0,0,326,111
h,0,0,327,118
h,0,0,328,125
h,0,0,329,-124
h,0,0,330,-117
h,0,0,331,-110
h,0,0,332,-103
h,0,0,333,-96
h,0,0,334,-89
h,0,0,335,-82
h,0,0,336,-75
h,0,0,337,-68
h,0,0,338,-61
h,0,0,339,-54
h,0,0,340,-47
h,0,0,341,-40
h,0,0,342,-33
h,0,0,343,-26
h,0,0,344,-19
h,0,0,345,-12
h,0,0,346,-5
h,0,0,347,2
h,0,0,348,9
h,0,0,349,16
h,0,0,350,23
h,0,0,351,30
h,0,0,352,37
h,0,0,353,44
h,0,0,354,51
h,0,0,355,58
h,0,0,356,65
h,0,0,357,72
h,0,0,358,79
h,0,0,359,86
h,0,0,360,93
h,0,0,361,100
h,0,0,362,107
h,0,0,363,114
h,0,0,364,121
h,0,0,365,-128
h,0,0,366,-121
h,0,0,367,-114
h,0,0,368,-107
h,0,0,369,-100
h,0,0,370,-93
h,0,0,371,-86
h,0,0,372,-79
h,0,0,373,-72
h,0,0,374,-65
h,0,0,375,-58
h,0,0,376,-51
h,0,0,377,-44
h,0,0,378,-37
h,0,0,379,-30
h,0,0,380,-23
h,0,0,381,-16
h,0,0,382,-9
h,0,0,383,-2
h,0,0,384,5
h,0,0,385,12
h,0,0,386,19
h,0,0,387,26
h,0,0,388,33
h,0,0,389,40
h,0,0,390,47
h,0,0,391,54
h,0,0,392,61
h,0,0,393,68
h,0,0,394,75
h,0,0,395,82
h,0,0,396,89
h,0,0,397,96
h,0,0,398,103
h,0,0,399,110
h,0,0,400,117
h,0,0,401,124
h,0,0,402,-125
h,0,0,403,-118
h,0,0,404,-111
h,0,0,405,-104
h,0,0,406,-97
h,0,0,407,-90
h,0,0,408,-83
h,0,0,409,-76
h,0,0,410,-69
h,0,0,411,-62
h,0,0,412,-55
h,0,0,413,-48
h,0,0,414,-41
h,0,0,415,-34
h,0,0,416,-27
h,0,0,417,-20
h,0,0,418,-13
h,0,0,419,-6
h,0,0,420,1
h,0,0,421,8
h,0,0,422,15
h,0,0,423,22
h,0,0,424,29
h,0,0,425,36
h,0,0,426,43
h,0,0,427,50
h,0,0,428,57
h,0,0,429,64
h,0,0,430,71
h,0,0,431,78
h,0,0,432,85
h,0,0,433,92
h,0,0,434,99
h,0,0,435,106
h,0,0,436,113
h,0,0,437,120
h,0,0,438,127
h,0,0,439,-122
h,0,0,440,-115
h,0,0,441,-108
h,0,0,442,-101
h,0,0,443,-94
h,0,0,444,-87
h,0,0,445,-80
h,0,0,446,-73
h,0,0,447,-66
h,0,0,448,-59
h,0,0,449,-52
h,0,0,450,-45
h,0,0,451,-38
h,0,0,452,-31
h,0,0,453,-24
h,0,0,454,-17
h,0,0,455,-10
h,0,0,456,-3
h,0,0,457,4
h,0,0,458,11
h,0,0,459,18
h,0,0,460,25
h,0,0,461,32
h,0,0,462,39
h,0,0,463,46
h,0,0,464,53
h,0,0,465,60
h,0,0,466,67
h,0,0,467,74
h,0,0,468,81
h,0,0,469,88
h,0,0,470,95
h,0,0,471,102
h,0,0,472,109
h,0,0,473,116
h,0,0,474,123
h,0,0,475,-126
h,0,0,476,-119
h,0,0,477,-112
h,0,0,478,-105
h,0,0,479,-98
h,0,0,480,-91
h,0,0,481,-84
h,0,0,482,-77
h,0,0,483,-70
h,0,0,484,-63
h,0,0,485,-56
h,0,0,486,-49
h,0,0,487,-42
h,0,0,488,-35
h,0,0,489,-28
h,0,0,490,-21
h,0,0,491,-14
h,0,0,492,-7
h,0,0,493,0
h,0,0,494,7
h,0,0,495,14
h,0,0,496,21
h,0,0,497,28
h,0,0,498,35
h,0,0,499,42
h,0,0,500,49
h,0,0,501,56
h,0,0,502,63
h,0,0,503,70
h,0,0,504,77
h,0,0,505,84
h,0,0,506,91
h,0,0,507,98
h,0,0,508,105
h,0,0,509,112
h,0,0,510,119
h,1,0,0,-104
h,1,0,1,-97
h,1,0,2,-90
h,1,0,3,-83
h,1,0,4,-76
h,1,0,5,-69
h,1,0,6,-62
h,1,0,7,-55
h,1,0,8,-48
h,1,0,9,-41
h,1,0,10,-34
h,1,0,11,-27
h,1,0,12,-20
h,1,0,13,-13
h,1,0,14,-6
h,1,0,15,1
h,1,0,16,8
h,1,0,17,15
h,1,0,18,22
h,1,0,19,29
h,1,0,20,36
h,1,0,21,43
h,1,0,22,50
h,1,0,23,57
h,1,0,24,64
h,1,0,25,71
h,1,0,26,78
h,1,0,27,85
h,1,0,28,92
h,1,0,29,99
h,1,0,30,106
h,1,0,31,113
h,1,0,32,120
h,1,0,33,127
h,1,0,34,-122
h,1,0,35,-115
h,1,0,36,-108
h,1,0,37,-101
h,1,0,38,-94
h,1,0,39,-87
h,1,0,40,-80
h,1,0,41,-73
h,1,0,42,-66
h,1,0,43,-59
h,1,0,44,-52
h,1,0,45,-45
h,1,0,46,-38
h,1,0,47,-31
h,1,0,48,-24
h,1,0,49,-17
h,1,0,50,-10
h,1,0,51,-3
h,1,0,52,4
h,1,0,53,11
h,1,0,54,18
h,1,0,55,25
h,1,0,56,32
h,1,0,57,39
h,1,0,58,46
h,1,0,59,53
h,1,0,60,60
h,1,0,61,67
h,1,0,62,74
h,1,0,63,81
h,1,0,64,88
h,1,0,65,95
h,1,0,66,102
h,1,0,67,109
h,1,0,68,116
h,1,0,69,123
h,1,0,70,-126
h,1,0,71,-119
h,1,0,72,-112
h,1,0,73,-105
h,1,0,74,-98
h,1,0,75,-91
h,1,0,76,-84
h,1,0,77,-77
h,1,0,78,-70
h,1,0,79,-63
h,1,0,80,-56
h,1,0,81,-49
h,1,0,82,-42
h,1,0,83,-35
h,1,0,84,-28
h,1,0,85,-21
h,1,0,86,-14
h,1,0,87,-7
h,1,0,88,0
h,1,0,89,7
h,1,0,90,14
h,1,0,91,21
h,1,0,92,28
h,1,0,93,35
h,1,0,94,42
h,1,0,95,49
h,1,0,96,56
h,1,0,97,63
h,1,0,98,70
h,1,0,99,77
h,1,0,100,84
h,1,0,101,91
h,1,0,102,98
h,1,0,103,105
h,1,0,104,112
h,1,0,105,119
h,1,0,106,126
h,1,0,107,-123
h,1,0,108,-116
h,1,0,109,-109
h,1,0,110,-102
h,1,0,111,-95
h,1,0,112,-88
h,1,0,113,-81
h,1,0,114,-74
h,1,0,115,-67
h,1,0,116,-60
h,1,0,117,-53
h,1,0,118,-46
h,1,0,119,-39
h,1,0,120,-32
h,1,0,121,-25
h,1,0,122,-18
h,1,0,123,-11
h,1,0,124,-4
h,1,0,125,3
h,1,0,126,10
h,1,0,127,17
h,1,0,128,24
h,1,0,129,31
h,1,0,130,38
h,1,0,131,45
h,1,0,132,52
h,1,0,133,59
h,1,0,134,66
h,1,0,135,73
h,1,0,136,80
h,1,0,137,87
h,1,0,138,94
h,1,0,139,101
h,1,0,140,108
h,1,0,141,115
h,1,0,142,122
h,1,0,143,-127
h,1,0,144,-120
h,1,0,145,-113
h,1,0,146,-106
h,1,0,147,-99
h,1,0,148,-92
h,1,0,149,-85
h,1,0,150,-78
h,1,0,151,-71
h,1,0,152,-64
h,1,0,153,-57
h,1,0,154,-50
h,1,0,155,-43
h,1,0,156,-36
h,1,0,157,-29
h,1,0,158,-22
h,1,0,159,-15
h,1,0,160,-8
h,1,0,161,-1
h,1,0,162,6
h,1,0,163,13
h,1,0,164,20
h,1,0,165,27
h,1,0,166,34
h,1,0,167,41
h,1,0,168,48
h,1,0,169,55
h,1,0,170,62
h,1,0,171,69
h,1,0,172,76
h,1,0,173,83
h,1,0,174,90
h,1,0,175,97
h,1,0,176,104
h,1,0,177,111
h,1,0,178,118
h,1,0,179,125
h,1,0,180,-124
h,1,0,181,-117
h,1,0,182,-110
h,1,0,183,-103
h,1,0,184,-96
h,1,0,185,-89
h,1,0,186,-82
h,1,0,187,-75
h,1,0,188,-68
h,1,0,189,-61
h,1,0,190,-54
h,1,0,191,-47
h,1,0,192,-40
h,1,0,193,-33
h,1,0,194,-26
h,1,0,195,-19
h,1,0,196,-12
h,1,0,197,-5
h,1,0,198,2
h,1,0,199,9
h,1,0,200,16
h,1,0,201,23
h,1,0,202,30
h,1,0,203,37
h,1,0,204,44
h,1,0,205,51
h,1,0,206,58
h,1,0,207,65
h,1,0,208,72
h,1,0,209,79
h,1,0,210,86
h,1,0,211,93
h,1,0,212,100
h,1,0,213,107
h,1,0,214,114
h,1,0,215,121
h,1,0,216,-128
h,1,0,217,-121
h,1,0,218,-114
h,1,0,219,-107
h,1,0,220,-100
h,1,0,221,-93
h,1,0,222,-86
h,1,0,223,-79
h,1,0,224,-72
h,1,0,225,-65
h,1,0,226,-58
h,1,0,227,-51
h,1,0,228,-44
h,1,0,229,-37
h,1,0,230,-30
h,1,0,231,-23
h,1,0,232,-16
h,1,0,233,-9
h,1,0,234,-2
h,1,0,235,5
h,1,0,236,12
h,1,0,237,19
h,1,0,238,26
h,1,0,239,33
h,1,0,240,40
h,1,0,241,47
h,1,0,242,54
h,1,0,243,61
h,1,0,244,68
h,1,0,245,75
h,1,0,246,82
h,1,0,247,89
h,1,0,248,96
h,1,0,249,103
h,1,0,250,110
h,1,0,251,117
h,1,0,252,124
h,1,0,253,-125
h,1,0,254,-118
h,1,0,255,-111
h,1,0,256,-104
h,1,0,257,-97
h,1,0,258,-90
h,1,0,259,-83
h,1,0,260,-76
h,1,0,261,-69
h,1,0,262,-62
h,1,0,263,-55
h,1,0,264,-48
h,1,0,265,-41
h,1,0,266,-34
h,1,0,267,-27
h,1,0,268,-20
h,1,0,269,-13
h,1,0,270,-6
h,1,0,271,1
h,1,0,272,8
h,1,0,273,15
h,1,0,274,22
h,1,0,275,29
h,1,0,276,36
h,1,0,277,43
h,1,0,278,50
h,1,0,279,57
h,1,0,280,64
h,1,0,281,71
h,1,0,282,78
h,1,0,283,85
h,1,0,284,92
h,1,0,285,99
h,1,0,286,106
h,1,0,287,113
h,1,0,288,120
h,1,0,289,127
h,1,0,290,-122
h,1,0,291,-115
h,1,0,292,-108
h,1,0,293,-101
h,1,0,294,-94
h,1,0,295,-87
h,1,0,296,-80
h,1,0,297,-73
h,1,0,298,-66
h,1,0,299,-59
h,1,0,300,-52
h,1,0,301,-45
h,1,0,302,-38
h,1,0,303,-31
h,1,0,304,-24
h,1,0,305,-17
h,1,0,306,-10
h,1,0,307,-3
h,1,0,308,4
h,1,0,309,11
h,1,0,310,18
h,1,0,311,25
h,1,0,312,32
h,1,0,313,39
h,1,0,314,46
h,1,0,315,53
h,1,0,316,60
h,1,0,317,67
h,1,0,318,74
h,1,0,319,81
h,1,0,320,88
h,1,0,321,95
h,1,0,322,102
h,1,0,323,109
h,1,0,324,116
h,1,0,325,123
h,1,0,326,-126
h,1,0,327,-119
h,1,0,328,-112
h,1,0,329,-105
h,1,0,330,-98
h,1,0,331,-91
h,1,0,332,-84
h,1,0,333,-77
h,1,0,334,-70
h,1,0,335,-63
h,1,0,336,-56
h,1,0,337,-49
h,1,0,338,-42
h,1,0,339,-35
h,1,0,340,-28
h,1,0,341,-21
h,1,0,342,-14
h,1,0,343,-7
h,1,0,344,0
h,1,0,345,7
h,1,0,346,14
h,1,0,347,21
h,1,0,348,28
h,1,0,349,35
h,1,0,350,42
h,1,0,351,49
h,1,0,352,56
h,1,0,353,63
h,1,0,354,70
h,1,0,355,77
h,1,0,356,84
h,1,0,357,91
h,1,0,358,98
h,1,0,359,105
h,1,0,360,112
h,1,0,361,119
h,1,0,362,126
h,1,0,363,-123
h,1,0,364,-116
h,1,0,365,-109
h,1,0,366,-102
h,1,0,367,-95
h,1,0,368,-88
h,1,0,369,-81
h,1,0,370,-74
h,1,0,371,-67
h,1,0,372,-60
h,1,0,373,-53
h,1,0,374,-46
h,1,0,375,-39
h,1,0,376,-32
h,1,0,377,-25
h,1,0,378,-18
h,1,0,379,-11
h,1,0,380,-4
h,1,0,381,3
h,1,0,382,10
h,1,0,383,17
h,1,0,384,24
h,1,0,385,31
h,1,0,386,38
h,1,0,387,45
h,1,0,388,52
h,1,0,389,59
h,1,0,390,66
h,1,0,391,73
h,1,0,392,80
h,1,0,393,87
h,1,0,394,94
h,1,0,395,101
h,1,0,396,108
h,1,0,397,115
h,1,0,398,122
h,1,0,399,-127
h,1,0,400,-120
h,1,0,401,-113
h,1,0,402,-106
h,1,0,403,-99
h,1,0,404,-92
h,1,0,405,-85
h,1,0,406,-78
h,1,0,407,-71
h,1,0,408,-64
h,1,0,409,-57
h,1,0,410,-50
h,1,0,411,-43
h,1,0,412,-36
h,1,0,413,-29
h,1,0,414,-22
h,1,0,415,-15
h,1,0,416,-8
h,1,0,417,-1
h,1,0,418,6
h,1,0,419,13
h,1,0,420,20
h,1,0,421,27
h,1,0,422,34
h,1,0,423,41
h,1,0,424,48
h,1,0,425,55
h,1,0,426,62
h,1,0,427,69
h,1,0,428,76
h,1,0,429,83
h,1,0,430,90
h,1,0,431,97
h,1,0,432,104
h,1,0,433,111
h,1,0,434,118
h,1,0,435,125
h,1,0,436,-124
h,1,0,437,-117
h,1,0,438,-110
h,1,0,439,-103
h,1,0,440,-96
h,1,0,441,-89
h,1,0,442,-82
h,1,0,443,-75
h,1,0,444,-68
h,1,0,445,-61
h,1,0,446,-54
h,1,0,447,-47
h,1,0,448,-40
h,1,0,449,-33
h,1,0,450,-26
h,1,0,451,-19
h,1,0,452,-12
h,1,0,453,-5
h,1,0,454,2
h,1,0,455,9
h,1,0,456,16
h,1,0,457,23
h,1,0,458,30
h,1,0,459,37
h,1,0,460,44
h,1,0,461,51
h,1,0,462,58
h,1,0,463,65
h,1,0,464,72
h,1,0,465,79
h,1,0,466,86
h,1,0,467,93
h,1,0,468,100
h,1,0,469,107
h,1,0,470,114
h,1,0,471,121
h,1,0,472,-128
h,1,0,473,-121
h,1,0,474,-114
h,1,0,475,-107
h,1,0,476,-100
h,1,0,477,-93
h,1,0,478,-86
h,1,0,479,-79
h,1,0,480,-72
h,1,0,481,-65
h,1,0,482,-58
h,1,0,483,-51
h,1,0,484,-44
h,1,0,485,-37
h,1,0,486,-30
h,1,0,487,-23
h,1,0,488,-16
h,1,0,489,-9
h,1,0,490,-2
h,1,0,491,5
h,1,0,492,12
h,1,0,493,19
h,1,0,494,26
h,1,0,495,33
h,1,0,496,40
h,1,0,497,47
h,1,0,498,54
h,1,0,499,61
h,1,0,500,68
h,1,0,501,75
h,1,0,502,82
h,1,0,503,89
h,1,0,504,96
h,1,0,505,103
h,1,0,506,110
h,1,0,507,117
h,1,0,508,124
h,1,0,509,-125
h,1,0,510,-118
h,2,0,0,-85
h,2,0,1,-78
h,2,0,2,-71
h,2,0,3,-64
h,2,0,4,-57
h,2,0,5,-50
h,2,0,6,-43
h,2,0,7,-36
h,2,0,8,-29
h,2,0,9,-22
h,2,0,10,-15
h,2,0,11,-8
h,2,0,12,-1
h,2,0,13,6
h,2,0,14,13
h,2,0,15,20
h,2,0,16,27
h,2,0,17,34
h,2,0,18,41
h,2,0,19,48
h,2,0,20,55
h,2,0,21,62
h,2,0,22,69
h,2,0,23,76
h,2,0,24,83
h,2,0,25,90
h,2,0,26,97
h,2,0,27,104
h,2,0,28,111
h,2,0,29,118
h,2,0,30,125
h,2,0,31,-124
h,2,0,32,-117
h,2,0,33,-110
h,2,0,34,-103
h,2,0,35,-96
h,2,0,36,-89
h,2,0,37,-82
h,2,0,38,-75
h,2,0,39,-68
h,2,0,40,-61
h,2,0,41,-54
h,2,0,42,-47
h,2,0,43,-40
h,2,0,44,-33
h,2,0,45,-26
h,2,0,46,-19
h,2,0,47,-12
h,2,0,48,-5
h,2,0,49,2
h,2,0,50,9
h,2,0,51,16
h,2,0,52,23
h,2,0,53,30
h,2,0,54,37
h,2,0,55,44
h,2,0,56,51
h,2,0,57,58
h,2,0,58,65
h,2,0,59,72
h,2,0,60,79
h,2,0,61,86
h,2,0,62,93
h,2,0,63,100
h,2,0,64,107
h,2,0,65,114
h,2,0,66,121
h,2,0,67,-128
h,2,0,68,-121
h,2,0,69,-114
h,2,0,70,-107
h,2,0,71,-100
h,2,0,72,-93
h,2,0,73,-86
h,2,0,74,-79
h,2,0,75,-72
h,2,0,76,-65
h,2,0,77,-58
h,2,0,78,-51
h,2,0,79,-44
h,2,0,80,-37
h,2,0,81,-30
h,2,0,82,-23
h,2,0,83,-16
h,2,0,84,-9
h,2,0,85,-2
h,2,0,86,5
h,2,0,87,12
h,2,0,88,19
h,2,0,89,26
h,2,0,90,33
h,2,0,91,40
h,2,0,92,47
h,2,0,93,54
h,2,0,94,61
h,2,0,95,68
h,2,0,96,75
h,2,0,97,82
h,2,0,98,89
h,2,0,99,96
h,2,0,100,103
h,2,0,101,110
h,2,0,102,117
h,2,0,103,124
h,2,0,104,-125
h,2,0,105,-118
h,2,0,106,-111
h,2,0,107,-104
h,2,0,108,-97
h,2,0,109,-90
h,2,0,110,-83
h,2,0,111,-76
h,2,0,112,-69
h,2,0,113,-62
h,2,0,114,-55
h,2,0,115,-48
h,2,0,116,-41
h,2,0,117,-34
h,2,0,118,-27
h,2,0,119,-20
h,2,0,120,-13
h,2,0,121,-6
h,2,0,122,1
h,2,0,123,8
h,2,0,124,15
h,2,0,125,22
h,2,0,126,29
h,2,0,127,36
h,2,0,128,43
h,2,0,129,50
h,2,0,130,57
h,2,0,131,64
h,2,0,132,71
h,2,0,133,78
h,2,0,134,85
h,2,0,135,92
h,2,0,136,99
h,2,0,137,106
h,2,0,138,113
h,2,0,139,120
h,2,0,140,127
h,2,0,141,-122
h,2,0,142,-115
h,2,0,143,-108
h,2,0,144,-101
h,2,0,145,-94
h,2,0,146,-87
h,2,0,147,-80
h,2,0,148,-73
h,2,0,149,-66
h,2,0,150,-59
h,2,0,151,-52
h,2,0,152,-45
h,2,0,153,-38
h,2,0,154,-31
h,2,0,155,-24
h,2,0,156,-17
h,2,0,157,-10
h,2,0,158,-3
h,2,0,159,4
h,2,0,160,11
h,2,0,161,18
h,2,0,162,25
h,2,0,163,32
h,2,0,164,39
h,2,0,165,46
h,2,0,166,53
h,2,0,167,60
h,2,0,168,67
h,2,0,169,74
h,2,0,170,81
h,2,0,171,88
h,2,0,172,95
h,2,0,173,102
h,2,0,174,109
h,2,0,175,116
h,2,0,176,123
h,2,0,177,-126
h,2,0,178,-119
h,2,0,179,-112
h,2,0,180,-105
h,2,0,181,-98
h,2,0,182,-91
h,2,0,183,-84
h,2,0,184,-77
h,2,0,185,-70
h,2,0,186,-63
h,2,0,187,-56
h,2,0,188,-49
h,2,0,189,-42
h,2,0,190,-35
h,2,0,191,-28
h,2,0,192,-21
h,2,0,193,-14
h,2,0,194,-7
h,2,0,195,0
h,2,0,196,7
h,2,0,197,14
h,2,0,198,21
h,2,0,199,28
h,2,0,200,35
h,2,0,201,42
h,2,0,202,49
h,2,0,203,56
h,2,0,204,63
h,2,0,205,70
h,2,0,206,77
h,2,0,207,84
h,2,0,208,91
h,2,0,209,98
h,2,0,210,105
h,2,0,211,112
h,2,0,212,119
h,2,0,213,126
h,2,0,214,-123
h,2,0,215,-116
h,2,0,216,-109
h,2,0,217,-102
h,2,0,218,-95
h,2,0,219,-88
h,2,0,220,-81
h,2,0,221,-74
h,2,0,222,-67
h,2,0,223,-60
h,2,0,224,-53
h,2,0,225,-46
h,2,0,226,-39
h,2,0,227,-32
h,2,0,228,-25
h,2,0,229,-18
h,2,0,230,-11
h,2,0,231,-4
h,2,0,232,3
h,2,0,233,10
h,2,0,234,17
h,2,0,235,24
h,2,0,236,31
h,2,0,237,38
h,2,0,238,45
h,2,0,239,52
h,2,0,240,59
h,2,0,241,66
h,2,0,242,73
h,2,0,243,80
h,2,0,244,87
h,2,0,245,94
h,2,0,246,101
h,2,0,247,108
h,2,0,248,115
h,2,0,249,122
h,2,0,250,-127
h,2,0,251,-120
h,2,0,252,-113
h,2,0,253,-106
h,2,0,254,-99
h,2,0,255,-92
h,2,0,256,-85
h,2,0,257,-78
h,2,0,258,-71
h,2,0,259,-64
h,2,0,260,-57
h,2,0,261,-50
h,2,0,262,-43
h,2,0,263,-36
h,2,0,264,-29
h,2,0,265,-22
h,2,0,266,-15
h,2,0,267,-8
h,2,0,268,-1
h,2,0,269,6
h,2,0,270,13
h,2,0,271,20
h,2,0,272,27
h,2,0,273,34
h,2,0,274,41
h,2,0,275,48
h,2,0,276,55
h,2,0,277,62
h,2,0,278,69
h,2,0,279,76
h,2,0,280,83
h,2,0,281,90
h,2,0,282,97
h,2,0,283,104
h,2,0,284,111
h,2,0,285,118
h,2,0,286,125
h,2,0,287,-124
h,2,0,288,-117
h,2,0,289,-110
h,2,0,290,-103
h,2,0,291,-96
h,2,0,292,-89
h,2,0,293,-82
h,2,0,294,-75
h,2,0,295,-68
h,2,0,296,-61
h,2,0,297,-54
h,2,0,298,-47
h,2,0,299,-40
h,2,0,300,-33
h,2,0,301,-26
h,2,0,302,-19
h,2,0,303,-12
h,2,0,304,-5
h,2,0,305,2
h,2,0,306,9
h,2,0,307,16
h,2,0,308,23
h,2,0,309,30
h,2,0,310,37
h,2,0,311,44
h,2,0,312,51
h,2,0,313,58
h,2,0,314,65
h,2,0,315,72
h,2,0,316,79
h,2,0,317,86
h,2,0,318,93
h,2,0,319,100
h,2,0,320,107
h,2,0,321,114
h,2,0,322,121
h,2,0,323,-128
h,2,0,324,-121
h,2,0,325,-114
h,2,0,326,-107
h,2,0,327,-100
h,2,0,328,-93
h,2,0,329,-86
h,2,0,330,-79
h,2,0,331,-72
h,2,0,332,-65
h,2,0,333,-58
h,2,0,334,-51
h,2,0,335,-44
h,2,0,336,-37
h,2,0,337,-30
h,2,0,338,-23
h,2,0,339,-16
h,2,0,340,-9
h,2,0,341,-2
h,2,0,342,5
h,2,0,343,12
h,2,0,344,19
h,2,0,345,26
h,2,0,346,33
h,2,0,347,40
h,2,0,348,47
h,2,0,349,54
h,2,0,350,61
h,2,0,351,68
h,2,0,352,75
h,2,0,353,82
h,2,0,354,89
h,2,0,355,96
h,2,0,356,103
h,2,0,357,110
h,2,0,358,117
h,2,0,359,124
h,2,0,360,-125
h,2,0,361,-118
h,2,0,362,-111
h,2,0,363,-104
h,2,0,364,-97
h,2,0,365,-90
h,2,0,366,-83
h,2,0,367,-76
h,2,0,368,-69
h,2,0,369,-62
h,2,0,370,-55
h,2,0,371,-48
h,2,0,372,-41
h,2,0,373,-34
h,2,0,374,-27
h,2,0,375,-20
h,2,0,376,-13
h,2,0,377,-6
h,2,0,378,1
h,2,0,379,8
h,2,0,380,15
h,2,0,381,22
h,2,0,382,29
h,2,0,383,36
h,2,0,384,43
h,2,0,385,50
h,2,0,386,57
h,2,0,387,64
h,2,0,388,71
h,2,0,389,78
h,2,0,390,85
h,2,0,391,92
h,2,0,392,99
h,2,0,393,106
h,2,0,394,113
h,2,0,395,120
h,2,0,396,127
h,2,0,397,-122
h,2,0,398,-115
h,2,0,399,-108
h,2,0,400,-101
h,2,0,401,-94
h,2,0,402,-87
h,2,0,403,-80
h,2,0,404,-73
h,2,0,405,-66
h,2,0,406,-59
h,2,0,407,-52
h,2,0,408,-45
h,2,0,409,-38
h,2,0,410,-31
h,2,0,411,-24
h,2,0,412,-17
h,2,0,413,-10
h,2,0,414,-3
h,2,0,415,4
h,2,0,416,11
h,2,0,417,18
h,2,0,418,25
h,2,0,419,32
h,2,0,420,39
h,2,0,421,46
h,2,0,422,53
h,2,0,423,60
h,2,0,424,67
h,2,0,425,74
h,2,0,426,81
h,2,0,427,88
h,2,0,428,95
h,2,0,429,102
h,2,0,430,109
h,2,0,431,116
h,2,0,432,123
h,2,0,433,-126
h,2,0,434,-119
h,2,0,435,-112
h,2,0,436,-105
h,2,0,437,-98
h,2,0,438,-91
h,2,0,439,-84
h,2,0,440,-77
h,2,0,441,-70
h,2,0,442,-63
h,2,0,443,-56
h,2,0,444,-49
h,2,0,445,-42
h,2,0,446,-35
h,2,0,447,-28
h,2,0,448,-21
h,2,0,449,-14
h,2,0,450,-7
h,2,0,451,0
h,2,0,452,7
h,2,0,453,14
h,2,0,454,21
h,2,0,455,28
h,2,0,456,35
h,2,0,457,42
h,2,0,458,49
h,2,0,459,56
h,2,0,460,63
h,2,0,461,70
h,2,0,462,77
h,2,0,463,84
h,2,0,464,91
h,2,0,465,98
h,2,0,466,105
h,2,0,467,112
h,2,0,468,119
h,2,0,469,126
h,2,0,470,-123
h,2,0,471,-116
h,2,0,472,-109
h,2,0,473,-102
h,2,0,474,-95
h,2,0,475,-88
h,2,0,476,-81
h,2,0,477,-74
h,2,0,478,-67
h,2,0,479,-60
h,2,0,480,-53
h,2,0,481,-46
h,2,0,482,-39
h,2,0,483,-32
h,2,0,484,-25
h,2,0,485,-18
h,2,0,486,-11
h,2,0,487,-4
h,2,0,488,3
h,2,0,489,10
h,2,0,490,17
h,2,0,491,24
h,2,0,492,31
h,2,0,493,38
h,2,0,494,45
h,2,0,495,52
h,2,0,496,59
h,2,0,497,66
h,2,0,498,73
h,2,0,499,80
h,2,0,500,87
h,2,0,501,94
h,2,0,502,101
h,2,0,503,108
h,2,0,504,115
h,2,0,505,122
h,2,0,506,-127
h,2,0,507,-120
h,2,0,508,-113
h,2,0,509,-106
h,2,0,510,-99
h,3,0,0,-66
h,3,0,1,-59
h,3,0,2,-52
h,3,0,3,-45
h,3,0,4,-38
h,3,0,5,-31
h,3,0,6,-24
h,3,0,7,-17
h,3,0,8,-10
h,3,0,9,-3
h,3,0,10,4
h,3,0,11,11
h,3,0,12,18
h,3,0,13,25
h,3,0,14,32
h,3,0,15,39
h,3,0,16,46
h,3,0,17,53
h,3,0,18,60
h,3,0,19,67
h,3,0,20,74
h,3,0,21,81
h,3,0,22,88
h,3,0,23,95
h,3,0,24,102
h,3,0,25,109
h,3,0,26,116
h,3,0,27,123
h,3,0,28,-126
h,3,0,29,-119
h,3,0,30,-112
h,3,0,31,-105
h,3,0,32,-98
h,3,0,33,-91
h,3,0,34,-84
h,3,0,35,-77
h,3,0,36,-70
h,3,0,37,-63
h,3,0,38,-56
h,3,0,39,-49
h,3,0,40,-42
h,3,0,41,-35
h,3,0,42,-28
h,3,0,43,-21
h,3,0,44,-14
h,3,0,45,-7
h,3,0,46,0
h,3,0,47,7
h,3,0,48,14
h,3,0,49,21
h,3,0,50,28
h,3,0,51,35
h,3,0,52,42
h,3,0,53,49
h,3,0,54,56
h,3,0,55,63
h,3,0,56,70
h,3,0,57,77
h,3,0,58,84
h,3,0,59,91
h,3,0,60,98
h,3,0,61,105
h,3,0,62,112
h,3,0,63,119
h,3,0,64,126
h,3,0,65,-123
h,3,0,66,-116
h,3,0,67,-109
h,3,0,68,-102
h,3,0,69,-95
h,3,0,70,-88
h,3,0,71,-81
h,3,0,72,-74
h,3,0,73,-67
h,3,0,74,-60
h,3,0,75,-53
h,3,0,76,-46
h,3,0,77,-39
h,3,0,78,-32
h,3,0,79,-25
h,3,0,80,-18
h,3,0,81,-11
h,3,0,82,-4
h,3,0,83,3
h,3,0,84,10
h,3,0,85,17
h,3,0,86,24
h,3,0,87,31
h,3,0,88,38
h,3,0,89,45
h,3,0,90,52
h,3,0,91,59
h,3,0,92,66
h,3,0,93,73
h,3,0,94,80
h,3,0,95,87
h,3,0,96,94
h,3,0,97,101
h,3,0,98,108
h,3,0,99,115
h,3,0,100,122
h,3,0,101,-127
h,3,0,102,-120
h,3,0,103,-113
h,3,0,104,-106
h,3,0,105,-99
h,3,0,106,-92
h,3,0,107,-85
h,3,0,108,-78
h,3,0,109,-71
h,3,0,110,-64
h,3,0,111,-57
h,3,0,112,-50
h,3,0,113,-43
h,3,0,114,-36
h,3,0,115,-29
h,3,0,116,-22
h,3,0,117,-15
h,3,0,118,-8
h,3,0,119,-1
h,3,0,120,6
h,3,0,121,13
h,3,0,122,20
h,3,0,123,27
h,3,0,124,34
h,3,0,125,41
h,3,0,126,48
h,3,0,127,55
h,3,0,128,62
h,3,0,129,69
h,3,0,130,76
h,3,0,131,83
h,3,0,132,90
h,3,0,133,97
h,3,0,134,104
h,3,0,135,111
h,3,0,136,118
h,3,0,137,125
h,3,0,138,-124
h,3,0,139,-117
h,3,0,140,-110
h,3,0,141,-103
h,3,0,142,-96
h,3,0,143,-89
h,3,0,144,-82
h,3,0,145,-75
h,3,0,146,-68
h,3,0,147,-61
h,3,0,148,-54
h,3,0,149,-47
h,3,0,150,-40
h,3,0,151,-33
h,3,0,152,-26
h,3,0,153,-19
h,3,0,154,-12
h,3,0,155,-5
h,3,0,156,2
h,3,0,157,9
h,3,0,158,16
h,3,0,159,23
h,3,0,160,30
h,3,0,161,37
h,3,0,162,44
h,3,0,163,51
h,3,0,164,58
h,3,0,165,65
h,3,0,166,72
h,3,0,167,79
h,3,0,168,86
h,3,0,169,93
h,3,0,170,100
h,3,0,171,107
h,3,0,172,114
h,3,0,173,121
h,3,0,174,-128
h,3,0,175,-121
h,3,0,176,-114
h,3,0,177,-107
h,3,0,178,-100
h,3,0,179,-93
h,3,0,180,-86
h,3,0,181,-79
h,3,0,182,-72
h,3,0,183,-65
h,3,0,184,-58
h,3,0,185,-51
h,3,0,186,-44
h,3,0,187,-37
h,3,0,188,-30
h,3,0,189,-23
h,3,0,190,-16
h,3,0,191,-9
h,3,0,192,-2
h,3,0,193,5
h,3,0,194,12
h,3,0,195,19
h,3,0,196,26
h,3,0,197,33
h,3,0,198,40
h,3,0,199,47
h,3,0,200,54
h,3,0,201,61
h,3,0,202,68
h,3,0,203,75
h,3,0,204,82
h,3,0,205,89
h,3,0,206,96
h,3,0,207,103
h,3,0,208,110
h,3,0,209,117
h,3,0,210,124
h,3,0,211,-125
h,3,0,212,-118
h,3,0,213,-111
h,3,0,214,-104
h,3,0,215,-97
h,3,0,216,-90
h,3,0,217,-83
h,3,0,218,-76
h,3,0,219,-69
h,3,0,220,-62
h,3,0,221,-55
h,3,0,222,-48
h,3,0,223,-41
h,3,0,224,-34
h,3,0,225,-27
h,3,0,226,-20
h,3,0,227,-13
h,3,0,228,-6
h,3,0,229,1
h,3,0,230,8
h,3,0,231,15
h,3,0,232,22
h,3,0,233,29
h,3,0,234,36
h,3,0,235,43
h,3,0,236,50
h,3,0,237,57
h,3,0,238,64
h,3,0,239,71
h,3,0,240,78
h,3,0,241,85
h,3,0,242,92
h,3,0,243,99
h,3,0,244,106
h,3,0,245,113
h,3,0,246,120
h,3,0,247,127
h,3,0,248,-122
h,3,0,249,-115
h,3,0,250,-108
h,3,0,251,-101
h,3,0,252,-94
h,3,0,253,-87
h,3,0,254,-80
h,3,0,255,-73
h,3,0,256,-66
h,3,0,257,-59
h,3,0,258,-52
h,3,0,259,-45
h,3,0,260,-38
h,3,0,261,-31
h,3,0,262,-24
h,3,0,263,-17
h,3,0,264,-10
h,3,0,265,-3
h,3,0,266,4
h,3,0,267,11
h,3,0,268,18
h,3,0,269,25
h,3,0,270,32
h,3,0,271,39
h,3,0,272,46
h,3,0,273,53
h,3,0,274,60
h,3,0,275,67
h,3,0,276,74
h,3,0,277,81
h,3,0,278,88
h,3,0,279,95
h,3,0,280,102
h,3,0,281,109
h,3,0,282,116
h,3,0,283,123
h,3,0,284,-126
h,3,0,285,-119
h,3,0,286,-112
h,3,0,287,-105
h,3,0,288,-98
h,3,0,289,-91
h,3,0,290,-84
h,3,0,291,-77
h,3,0,292,-70
h,3,0,293,-63
h,3,0,294,-56
h,3,0,295,-49
h,3,0,296,-42
h,3,0,297,-35
h,3,0,298,-28
h,3,0,299,-21
h,3,0,300,-14
h,3,0,301,-7
h,3,0,302,0
h,3,0,303,7
h,3,0,304,14
h,3,0,305,21
h,3,0,306,28
h,3,0,307,35
h,3,0,308,42
h,3,0,309,49
h,3,0,310,56
h,3,0,311,63
h,3,0,312,70
h,3,0,313,77
h,3,0,314,84
h,3,0,315,91
h,3,0,316,98
h,3,0,317,105
h,3,0,318,112
h,3,0,319,119
h,3,0,320,126
h,3,0,321,-123
h,3,0,322,-116
h,3,0,323,-109
h,3,0,324,-102
h,3,0,325,-95
h,3,0,326,-88
h,3,0,327,-81
h,3,0,328,-74
h,3,0,329,-67
h,3,0,330,-60
h,3,0,331,-53
h,3,0,332,-46
h,3,0,333,-39
h,3,0,334,-32
h,3,0,335,-25
h,3,0,336,-18
h,3,0,337,-11
h,3,0,338,-4
h,3,0,339,3
h,3,0,340,10
h,3,0,341,17
h,3,0,342,24
h,3,0,343,31
h,3,0,344,38
h,3,0,345,45
h,3,0,346,52
h,3,0,347,59
h,3,0,348,66
h,3,0,349,73
h,3,0,350,80
h,3,0,351,87
h,3,0,352,94
h,3,0,353,101
h,3,0,354,108
h,3,0,355,115
h,3,0,356,122
h,3,0,357,-127
h,3,0,358,-120
h,3,0,359,-113
h,3,0,360,-106
h,3,0,361,-99
h,3,0,362,-92
h,3,0,363,-85
h,3,0,364,-78
h,3,0,365,-71
h,3,0,366,-64
h,3,0,367,-57
h,3,0,368,-50
h,3,0,369,-43
h,3,0,370,-36
h,3,0,371,-29
h,3,0,372,-22
h,3,0,373,-15
h,3,0,374,-8
h,3,0,375,-1
h,3,0,376,6
h,3,0,377,13
h,3,0,378,20
h,3,0,379,27
h,3,0,380,34
h,3,0,381,41
h,3,0,382,48
h,3,0,383,55
h,3,0,384,62
h,3,0,385,69
h,3,0,386,76
h,3,0,387,83
h,3,0,388,90
h,3,0,389,97
h,3,0,390,104
h,3,0,391,111
h,3,0,392,118
h,3,0,393,125
h,3,0,394,-124
h,3,0,395,-117
h,3,0,396,-110
h,3,0,397,-103
h,3,0,398,-96
h,3,0,399,-89
h,3,0,400,-82
h,3,0,401,-75
h,3,0,402,-68
h,3,0,403,-61
h,3,0,404,-54
h,3,0,405,-47
h,3,0,406,-40
h,3,0,407,-33
h,3,0,408,-26
h,3,0,409,-19
h,3,0,410,-12
h,3,0,411,-5
h,3,0,412,2
h,3,0,413,9
h,3,0,414,16
h,3,0,415,23
h,3,0,416,30
h,3,0,417,37
h,3,0,418,44
h,3,0,419,51
h,3,0,420,58
h,3,0,421,65
h,3,0,422,72
h,3,0,423,79
h,3,0,424,86
h,3,0,425,93
h,3,0,426,100
h,3,0,427,107
h,3,0,428,114
h,3,0,429,121
h,3,0,430,-128
h,3,0,431,-121
h,3,0,432,-114
h,3,0,433,-107
h,3,0,434,-100
h,3,0,435,-93
h,3,0,436,-86
h,3,0,437,-79
h,3,0,438,-72
h,3,0,439,-65
h,3,0,440,-58
h,3,0,441,-51
h,3,0,442,-44
h,3,0,443,-37
h,3,0,444,-30
h,3,0,445,-23
h,3,0,446,-16
h,3,0,447,-9
h,3,0,448,-2
h,3,0,449,5
h,3,0,450,12
h,3,0,451,19
h,3,0,452,26
h,3,0,453,33
h,3,0,454,40
h,3,0,455,47
h,3,0,456,54
h,3,0,457,61
h,3,0,458,68
h,3,0,459,75
h,3,0,460,82
h,3,0,461,89
h,3,0,462,96
h,3,0,463,103
h,3,0,464,110
h,3,0,465,117
h,3,0,466,124
h,3,0,467,-125
h,3,0,468,-118
h,3,0,469,-111
h,3,0,470,-104
h,3,0,471,-97
h,3,0,472,-90
h,3,0,473,-83
h,3,0,474,-76
h,3,0,475,-69
h,3,0,476,-62
h,3,0,477,-55
h,3,0,478,-48
h,3,0,479,-41
h,3,0,480,-34
h,3,0,481,-27
h,3,0,482,-20
h,3,0,483,-13
h,3,0,484,-6
h,3,0,485,1
h,3,0,486,8
h,3,0,487,15
h,3,0,488,22
h,3,0,489,29
h,3,0,490,36
h,3,0,491,43
h,3,0,492,50
h,3,0,493,57
h,3,0,494,64
h,3,0,495,71
h,3,0,496,78
h,3,0,497,85
h,3,0,498,92
h,3,0,499,99
h,3,0,500,106
h,3,0,501,113
h,3,0,502,120
h,3,0,503,127
h,3,0,504,-122
h,3,0,505,-115
h,3,0,506,-108
h,3,0,507,-101
h,3,0,508,-94
h,3,0,509,-87
h,3,0,510,-80
y,0,0,0,15375
y,0,0,1,28276
y,0,0,2,38794
y,0,0,3,47020
y,0,0,4,53045
y,0,0,5,56960
y,0,0,6,58856
y,0,0,7,58824
y,0,0,8,56955
y,0,0,9,53340
y,0,0,10,48070
y,0,0,11,41236
y,0,0,12,32929
y,0,0,13,23240
y,0,0,14,12260
y,0,0,15,80
y,0,0,16,-13209
y,0,0,17,-27516
y,0,0,18,-42750
y,0,0,19,-58820
y,0,0,20,-44147
y,0,0,21,-31920
y,0,0,22,-22048
y,0,0,23,-14440
y,0,0,24,-9005
y,0,0,25,-5652
y,0,0,26,-4290
y,0,0,27,-4828
y,0,0,28,-7175
y,0,0,29,-11240
y,0,0,30,-16932
y,0,0,31,-24160
y,0,0,32,-32833
y,0,0,33,-42860
y,0,0,34,-54150
y,0,0,35,-66612
y,0,0,36,-48155
y,0,0,37,-34016
y,0,0,38,-24104
y,0,0,39,-18328
y,0,0,40,14891
y,0,0,41,42364
y,0,0,42,64182
y,0,0,43,80436
y,0,0,44,91217
y,0,0,45,96616
y,0,0,46,96724
y,0,0,47,91632
y,0,0,48,81431
y,0,0,49,66212
y,0,0,50,46066
y,0,0,51,21084
y,0,0,52,-8643
y,0,0,53,-43024
y,0,0,54,-81968
y,0,0,55,-125384
y,0,0,56,-107645
y,0,0,57,-94196
y,0,0,58,-84946
y,0,0,59,-48316
y,0,0,60,-17495
y,0,0,61,7608
y,0,0,62,27084
y,0,0,63,41024
y,0,0,64,49519
y,0,0,65,52660
y,0,0,66,50538
y,0,0,67,43244
y,0,0,68,30869
y,0,0,69,13504
y,0,0,70,-8760
y,0,0,71,-35832
y,0,0,72,-67621
y,0,0,73,-72036
y,0,0,74,-84314
y,0,0,75,-104364
y,0,0,76,-66559
y,0,0,77,-36344
y,0,0,78,-13628
y,0,0,79,33168
y,0,0,80,70855
y,0,0,81,99524
y,0,0,82,119266
y,0,0,83,130172
y,0,0,84,132333
y,0,0,85,125840
y,0,0,86,110784
y,0,0,87,87256
y,0,0,88,55347
y,0,0,89,15148
y,0,0,90,-33250
y,0,0,91,-89756
y,0,0,92,-154279
y,0,0,93,-161192
y,0,0,94,-175940
y,0,0,95,-132896
y,0,0,96,-97505
y,0,0,97,-69676
y,0,0,98,-49318
y,0,0,99,-4852
y,0,0,100,30533
y,0,0,101,56928
y,0,0,102,74424
y,0,0,103,83112
y,0,0,104,83083
y,0,0,105,74428
y,0,0,106,57238
y,0,0,107,31604
y,0,0,108,-2383
y,0,0,109,-12632
y,0,0,110,-34380
y,0,0,111,-67536
y,0,0,112,-112009
y,0,0,113,-102172
y,0,0,114,-103470
y,0,0,115,-50276
y,0,0,116,-8035
y,0,0,117,23344
y,0,0,118,75440
y,0,0,119,115064
y,0,0,120,142307
y,0,0,121,157260
y,0,0,122,160014
y,0,0,123,150660
y,0,0,124,129289
y,0,0,125,95992
y,0,0,126,50860
y,0,0,127,-6016
y,0,0,128,-74545
y,0,0,129,-89100
y,0,0,130,-115126
y,0,0,131,-152532
y,0,0,132,-135691
y,0,0,133,-130048
y,0,0,134,-135512
y,0,0,135,-86456
y,0,0,136,-48325
y,0,0,137,-21028
y,0,0,138,27014
y,0,0,139,62612
y,0,0,140,85857
y,0,0,141,96840
y,0,0,142,95652
y,0,0,143,82384
y,0,0,144,57127
y,0,0,145,19972
y,0,0,146,3010
y,0,0,147,-28996
y,0,0,148,-75955
y,0,0,149,-72240
y,0,0,150,-83296
y,0,0,151,-109032
y,0,0,152,-83821
y,0,0,153,-73108
y,0,0,154,-11266
y,0,0,155,36260
y,0,0,156,69561
y,0,0,157,88728
y,0,0,158,125340
y,0,0,159,146208
y,0,0,160,151423
y,0,0,161,141076
y,0,0,162,115258
y,0,0,163,74060
y,0,0,164,17573
y,0,0,165,-54112
y,0,0,166,-75368
y,0,0,167,-111640
y,0,0,168,-97301
y,0,0,169,-97796
y,0,0,170,-113034
y,0,0,171,-142924
y,0,0,172,-121839
y,0,0,173,-115224
y,0,0,174,-57452
y,0,0,175,-13968
y,0,0,176,15319
y,0,0,177,61988
y,0,0,178,92850
y,0,0,179,107996
y,0,0,180,107517
y,0,0,181,91504
y,0,0,182,60048
y,0,0,183,45240
y,0,0,184,11843
y,0,0,185,-40052
y,0,0,186,-44818
y,0,0,187,-67900
y,0,0,188,-43671
y,0,0,189,-37576
y,0,0,190,-49524
y,0,0,191,-13888
y,0,0,192,3887
y,0,0,193,3892
y,0,0,194,51754
y,0,0,195,82028
y,0,0,196,94805
y,0,0,197,121664
y,0,0,198,129416
y,0,0,199,118152
y,0,0,200,87963
y,0,0,201,38940
y,0,0,202,-28826
y,0,0,203,-49708
y,0,0,204,-89151
y,0,0,205,-81528
y,0,0,206,-92284
y,0,0,207,-121328
y,0,0,208,-103033
y,0,0,209,-102844
y,0,0,210,-120670
y,0,0,211,-90884
y,0,0,212,-78931
y,0,0,213,-19184
y,0,0,214,22912
y,0,0,215,47448
y,0,0,216,54515
y,0,0,217,75692
y,0,0,218,77790
y,0,0,219,92900
y,0,0,220,85785
y,0,0,221,56536
y,0,0,222,5244
y,0,0,223,-2464
y,0,0,224,-32033
y,0,0,225,-17836
y,0,0,226,-25318
y,0,0,227,11148
y,0,0,228,26117
y,0,0,229,19680
y,0,0,230,-8072
y,0,0,231,8488
y,0,0,232,3915
y,0,0,233,43836
y,0,0,234,62806
y,0,0,235,60916
y,0,0,236,38257
y,0,0,237,26408
y,0,0,238,-7820
y,0,0,239,1200
y,0,0,240,-11977
y,0,0,241,-47260
y,0,0,242,-39022
y,0,0,243,-52708
y,0,0,244,-88227
y,0,0,245,-79952
y,0,0,246,-93328
y,0,0,247,-62728
y,0,0,248,-53597
y,0,0,249,-65844
y,0,0,250,-33842
y,0,0,251,-23036
y,0,0,252,-33335
y,0,0,253,888
y,0,0,254,14188
y,0,0,255,6656
y,0,0,256,41871
y,0,0,257,51316
y,0,0,258,35082
y,0,0,259,58796
y,0,0,260,57013
y,0,0,261,29824
y,0,0,262,42856
y,0,0,263,30664
y,0,0,264,58875
y,0,0,265,62044
y,0,0,266,40262
y,0,0,267,59156
y,0,0,268,53281
y,0,0,269,22728
y,0,0,270,33124
y,0,0,271,19024
y,0,0,272,-19481
y,0,0,273,-16764
y,0,0,274,-38270
y,0,0,275,-83908
y,0,0,276,-56563
y,0,0,277,-54960
y,0,0,278,-13472
y,0,0,279,2456
y,0,0,280,-7085
y,0,0,281,-42004
y,0,0,282,-36674
y,0,0,283,-56540
y,0,0,284,-35975
y,0,0,285,-40424
y,0,0,286,-4260
y,0,0,287,7072
y,0,0,288,-6337
y,0,0,289,-44396
y,0,0,290,-41478
y,0,0,291,-63028
y,0,0,292,-11419
y,0,0,293,12576
y,0,0,294,9048
y,0,0,295,-21912
y,0,0,296,16811
y,0,0,297,26492
y,0,0,298,72758
y,0,0,299,90164
y,0,0,300,78801
y,0,0,301,104296
y,0,0,302,101204
y,0,0,303,69616
y,0,0,304,75159
y,0,0,305,52388
y,0,0,306,66930
y,0,0,307,53340
y,0,0,308,11709
y,0,0,309,-57872
y,0,0,310,-89776
y,0,0,311,-149448
y,0,0,312,-105725
y,0,0,313,-89588
y,0,0,314,-100946
y,0,0,315,-42684
y,0,0,316,-13527
y,0,0,317,-13384
y,0,0,318,23372
y,0,0,319,31296
y,0,0,320,10479
y,0,0,321,26548
y,0,0,322,14058
y,0,0,323,38636
y,0,0,324,34837
y,0,0,325,2752
y,0,0,326,8008
y,0,0,327,-14840
y,0,0,328,-65701
y,0,0,329,-46948
y,0,0,330,-59354
y,0,0,331,-102828
y,0,0,332,-46207
y,0,0,333,-20472
y,0,0,334,-25532
y,0,0,335,35728
y,0,0,336,64583
y,0,0,337,126660
y,0,0,338,156514
y,0,0,339,154236
y,0,0,340,119917
y,0,0,341,119184
y,0,0,342,86592
y,0,0,343,87768
y,0,0,344,57267
y,0,0,345,-4820
y,0,0,346,-32866
y,0,0,347,-92316
y,0,0,348,-183079
y,0,0,349,-173992
y,0,0,350,-196036
y,0,0,351,-118048
y,0,0,352,-71009
y,0,0,353,-54828
y,0,0,354,-69414
y,0,0,355,-17652
y,0,0,356,1733
y,0,0,357,54368
y,0,0,358,74808
y,0,0,359,63144
y,0,0,360,85003
y,0,0,361,74940
y,0,0,362,33046
y,0,0,363,24948
y,0,0,364,-14799
y,0,0,365,11432
y,0,0,366,2868
y,0,0,367,-40400
y,0,0,368,-118281
y,0,0,369,-99612
y,0,0,370,-115374
y,0,0,371,-34404
y,0,0,372,12317
y,0,0,373,24880
y,0,0,374,100400
y,0,0,375,140152
y,0,0,376,144227
y,0,0,377,178252
y,0,0,378,176782
y,0,0,379,139908
y,0,0,380,133257
y,0,0,381,91384
y,0,0,382,14380
y,0,0,383,-32128
y,0,0,384,-113585
y,0,0,385,-98828
y,0,0,386,-118838
y,0,0,387,-173524
y,0,0,388,-131723
y,0,0,389,-124416
y,0,0,390,-151512
y,0,0,391,-81848
y,0,0,392,-46405
y,0,0,393,-45092
y,0,0,394,19206
y,0,0,395,47764
y,0,0,396,106209
y,0,0,397,129096
y,0,0,398,116516
y,0,0,399,68560
y,0,0,400,50855
y,0,0,401,-2044
y,0,0,402,7490
y,0,0,403,-21316
y,0,0,404,-88371
y,0,0,405,-62512
y,0,0,406,-74720
y,0,0,407,-124904
y,0,0,408,-81901
y,0,0,409,-76692
y,0,0,410,21886
y,0,0,411,82852
y,0,0,412,106297
y,0,0,413,92312
y,0,0,414,138012
y,0,0,415,144672
y,0,0,416,177919
y,0,0,417,172308
y,0,0,418,127930
y,0,0,419,44876
y,0,0,420,-11227
y,0,0,421,-105824
y,0,0,422,-107752
y,0,0,423,-147992
y,0,0,424,-95381
y,0,0,425,-80900
y,0,0,426,-104458
y,0,0,427,-165964
y,0,0,428,-134255
y,0,0,429,-140312
y,0,0,430,-52972
y,0,0,431,-3216
y,0,0,432,9047
y,0,0,433,80932
y,0,0,434,113714
y,0,0,435,107484
y,0,0,436,127869
y,0,0,437,109424
y,0,0,438,52240
y,0,0,439,53944
y,0,0,440,13763
y,0,0,441,-68212
y,0,0,442,-60818
y,0,0,443,-95036
y,0,0,444,-39703
y,0,0,445,-25800
y,0,0,446,-53236
y,0,0,447,9152
y,0,0,448,30383
y,0,0,449,10548
y,0,0,450,80810
y,0,0,451,110188
y,0,0,452,98773
y,0,0,453,143680
y,0,0,454,146184
y,0,0,455,106376
y,0,0,456,89883
y,0,0,457,31260
y,0,0,458,-69402
y,0,0,459,-80940
y,0,0,460,-134335
y,0,0,461,-98424
y,0,0,462,-104188
y,0,0,463,-151536
y,0,0,464,-109305
y,0,0,465,-108476
y,0,0,466,-148958
y,0,0,467,-99588
y,0,0,468,-91347
y,0,0,469,6928
y,0,0,470,64256
y,0,0,471,80728
y,0,0,472,56435
y,0,0,473,88492
y,0,0,474,78174
y,0,0,475,123108
y,0,0,476,122521
y,0,0,477,76504
y,0,0,478,-14852
y,0,0,479,-20384
y,0,0,480,-71073
y,0,0,481,-35756
y,0,0,482,-45414
y,0,0,483,31116
y,0,0,484,62853
y,0,0,485,49888
y,0,0,486,-7688
y,0,0,487,21288
y,0,0,488,5835
y,0,0,489,77116
y,0,0,490,104150
y,0,0,491,87028
y,0,0,492,25841
y,0,0,493,17704
y,0,0,494,-36108
y,0,0,495,-4432
y,0,0,496,-18249
y,0,0,497,-77468
y,0,0,498,-50926
y,0,0,499,-69604
y,0,0,500,-133411
y,0,0,501,-111184
y,0,0,502,-133904
y,0,0,503,-70408
y,0,0,504,-51677
y,0,0,505,-77620
y,0,0,506,-17074
y,0,0,507,-1020
y,0,0,508,-29367
y,0,0,509,29048
y,0,0,510,43244
y,0,0,511,29062
y,0,0,512,51729
y,0,0,513,30278
y,0,0,514,-35382
y,0,0,515,-14270
y,0,0,516,-37549
y,0,0,517,-105310
y,0,0,518,-86572
y,0,0,519,-112498
y,0,0,520,-52107
y,0,0,521,-36562
y,0,0,522,-65954
y,0,0,523,-9302
y,0,0,524,2231
y,0,0,525,-31446
y,0,0,526,20648
y,0,0,527,27350
y,0,0,528,-11431
y,0,0,529,35286
y,0,0,530,36338
y,0,0,531,23890
y,0,0,532,32923
y,0,0,533,-2190
y,0,0,534,49532
y,0,0,535,56926
y,0,0,536,19901
y,0,0,537,-61634
y,0,0,538,-56698
y,0,0,539,-96454
y,0,0,540,-49921
y,0,0,541,-48262
y,0,0,542,39504
y,0,0,543,82214
y,0,0,544,79777
y,0,0,545,32102
y,0,0,546,70170
y,0,0,547,62818
y,0,0,548,109027
y,0,0,549,112962
y,0,0,550,74532
y,0,0,551,25902
y,0,0,552,2053
y,0,0,553,-62642
y,0,0,554,-37202
y,0,0,555,-52790
y,0,0,556,-109497
y,0,0,557,-76342
y,0,0,558,-84488
y,0,0,559,-134026
y,0,0,560,-93975
y,0,0,561,-95498
y,0,0,562,-7614
y,0,0,563,38514
y,0,0,564,42795
y,0,0,565,5138
y,0,0,566,56524
y,0,0,567,65790
y,0,0,568,98381
y,0,0,569,88670
y,0,0,570,68822
y,0,0,571,73818
y,0,0,572,38031
y,0,0,573,-38630
y,0,0,574,-25184
y,0,0,575,-52794
y,0,0,576,-121551
y,0,0,577,-100474
y,0,0,578,-120726
y,0,0,579,-51326
y,0,0,580,-23437
y,0,0,581,-37150
y,0,0,582,38516
y,0,0,583,72398
y,0,0,584,64405
y,0,0,585,113518
y,0,0,586,123902
y,0,0,587,95466
y,0,0,588,93655
y,0,0,589,52842
y,0,0,590,5192
y,0,0,591,-14314
y,0,0,592,-71303
y,0,0,593,-34794
y,0,0,594,-35950
y,0,0,595,-74862
y,0,0,596,-151621
y,0,0,597,-135246
y,0,0,598,-156900
y,0,0,599,-85602
y,0,0,600,-52515
y,0,0,601,-57730
y,0,0,602,29734
y,0,0,603,78714
y,0,0,604,89119
y,0,0,605,126394
y,0,0,606,124912
y,0,0,607,150118
y,0,0,608,136385
y,0,0,609,83622
y,0,0,610,23994
y,0,0,611,-7518
y,0,0,612,-76541
y,0,0,613,-52094
y,0,0,614,-65340
y,0,0,615,-116370
y,0,0,616,-74203
y,0,0,617,-70002
y,0,0,618,-103858
y,0,0,619,-44790
y,0,0,620,-23961
y,0,0,621,57610
y,0,0,622,104088
y,0,0,623,115382
y,0,0,624,91401
y,0,0,625,97590
y,0,0,626,68322
y,0,0,627,69042
y,0,0,628,34123
y,0,0,629,-4270
y,0,0,630,-11156
y,0,0,631,-52162
y,0,0,632,-127379
y,0,0,633,-105826
y,0,0,634,-118666
y,0,0,635,-165990
y,0,0,636,-116817
y,0,0,637,-102310
y,0,0,638,-122560
y,0,0,639,-46586
y,0,0,640,-5551
y,0,0,641,65990
y,0,0,642,102410
y,0,0,643,103618
y,0,0,644,135059
y,0,0,645,131106
y,0,0,646,91668
y,0,0,647,82190
y,0,0,648,37045
y,0,0,649,-11602
y,0,0,650,-28770
y,0,0,651,-80086
y,0,0,652,-34569
y,0,0,653,-23382
y,0,0,654,-46616
y,0,0,655,-104362
y,0,0,656,-65639
y,0,0,657,-61610
y,0,0,658,6706
y,0,0,659,43474
y,0,0,660,48603
y,0,0,661,87538
y,0,0,662,94652
y,0,0,663,69854
y,0,0,664,78589
y,0,0,665,55230
y,0,0,666,65222
y,0,0,667,42938
y,0,0,668,-11713
y,0,0,669,-66566
y,0,0,670,-86640
y,0,0,671,-137562
y,0,0,672,-88351
y,0,0,673,-70170
y,0,0,674,-83110
y,0,0,675,-127262
y,0,0,676,-71645
y,0,0,677,-47422
y,0,0,678,10852
y,0,0,679,37550
y,0,0,680,98117
y,0,0,681,126926
y,0,0,682,123886
y,0,0,683,88906
y,0,0,684,87431
y,0,0,685,53834
y,0,0,686,53560
y,0,0,687,20982
y,0,0,688,-11735
y,0,0,689,-9610
y,0,0,690,-38270
y,0,0,691,-97806
y,0,0,692,-57237
y,0,0,693,-47726
y,0,0,694,-69364
y,0,0,695,-23170
y,0,0,696,-4979
y,0,0,697,-14882
y,0,0,698,12566
y,0,0,699,11738
y,0,0,700,48079
y,0,0,701,55962
y,0,0,702,35296
y,0,0,703,51526
y,0,0,704,39025
y,0,0,705,-2298
y,0,0,706,-6998
y,0,0,707,-40702
y,0,0,708,-71245
y,0,0,709,-63646
y,0,0,710,-83532
y,0,0,711,-130994
y,0,0,712,-75051
y,0,0,713,-46866
y,0,0,714,-46530
y,0,0,715,-8598
y,0,0,716,1303
y,0,0,717,48618
y,0,0,718,67720
y,0,0,719,58518
y,0,0,720,86457
y,0,0,721,85910
y,0,0,722,56786
y,0,0,723,64530
y,0,0,724,43515
y,0,0,725,59186
y,0,0,726,45916
y,0,0,727,3614
y,0,0,728,-35555
y,0,0,729,-36610
y,0,0,730,-65178
y,0,0,731,-22278
y,0,0,732,-3745
y,0,0,733,-9670
y,0,0,734,-40144
y,0,0,735,-29722
y,0,0,736,-44031
y,0,0,737,-17626
y,0,0,738,-16134
y,0,0,739,25890
y,0,0,740,42819
y,0,0,741,34562
y,0,0,742,1028
y,0,0,743,7662
y,0,0,744,-11163
y,0,0,745,9998
y,0,0,746,5518
y,0,0,747,-24694
y,0,0,748,-48473
y,0,0,749,-30838
y,0,0,750,-37416
y,0,0,751,-2762
y,0,0,752,7497
y,0,0,753,-6730
y,0,0,754,20002
y,0,0,755,22066
y,0,0,756,-629
y,0,0,757,17362
y,0,0,758,10412
y,0,0,759,43966
y,0,0,760,52397
y,0,0,761,35614
y,0,0,762,59062
y,0,0,763,57114
y,0,0,764,29679
y,0,0,765,42202
y,0,0,766,29056
y,0,0,767,22406
y,0,0,768,25233
y,0,0,769,7238
y,0,0,770,-31670
y,0,0,771,-26046
y,0,0,772,-41517
y,0,0,773,-78174
y,0,0,774,-70572
y,0,0,775,-84338
y,0,0,776,-54027
y,0,0,777,-45266
y,0,0,778,-58146
y,0,0,779,-27222
y,0,0,780,-18121
y,0,0,781,-30934
y,0,0,782,-216
y,0,0,783,8406
y,0,0,784,-5159
y,0,0,785,24534
y,0,0,786,31858
y,0,0,787,48978
y,0,0,788,45339
y,0,0,789,20850
y,0,0,790,40956
y,0,0,791,40030
y,0,0,792,17981
y,0,0,793,-25282
y,0,0,794,-24314
y,0,0,795,-44742
y,0,0,796,-21121
y,0,0,797,-19078
y,0,0,798,26832
y,0,0,799,50982
y,0,0,800,53281
y,0,0,801,33638
y,0,0,802,57498
y,0,0,803,59234
y,0,0,804,72291
y,0,0,805,66370
y,0,0,806,41380
y,0,0,807,29486
y,0,0,808,133
y,0,0,809,-46770
y,0,0,810,-45778
y,0,0,811,-62518
y,0,0,812,-97081
y,0,0,813,-84022
y,0,0,814,-88968
y,0,0,815,-112010
y,0,0,816,-87703
y,0,0,817,-81674
y,0,0,818,-28478
y,0,0,819,6258
y,0,0,820,22443
y,0,0,821,19986
y,0,0,822,64332
y,0,0,823,89854
y,0,0,824,96461
y,0,0,825,84062
y,0,0,826,84822
y,0,0,827,68186
y,0,0,828,34063
y,0,0,829,-17638
y,0,0,830,-21472
y,0,0,831,-43066
y,0,0,832,-82511
y,0,0,833,-74362
y,0,0,834,-84246
y,0,0,835,-46718
y,0,0,836,-27405
y,0,0,837,-26398
y,0,0,838,21748
y,0,0,839,51406
y,0,0,840,62485
y,0,0,841,88430
y,0,0,842,98942
y,0,0,843,93930
y,0,0,844,73303
y,0,0,845,36970
y,0,0,846,17096
y,0,0,847,-16874
y,0,0,848,-65031
y,0,0,849,-61930
y,0,0,850,-73198
y,0,0,851,-98926
y,0,0,852,-139205
y,0,0,853,-128590
y,0,0,854,-132708
y,0,0,855,-86114
y,0,0,856,-54435
y,0,0,857,-37762
y,0,0,858,29350
y,0,0,859,81274
y,0,0,860,117919
y,0,0,861,139194
y,0,0,862,145008
y,0,0,863,135270
y,0,0,864,109889
y,0,0,865,68774
y,0,0,866,44090
y,0,0,867,5282
y,0,0,868,-47741
y,0,0,869,-49534
y,0,0,870,-65724
y,0,0,871,-96402
y,0,0,872,-76123
y,0,0,873,-70514
y,0,0,874,-79666
y,0,0,875,-38134
y,0,0,876,-11545
y,0,0,877,33546
y,0,0,878,66840
y,0,0,879,88246
y,0,0,880,97673
y,0,0,881,95030
y,0,0,882,80226
y,0,0,883,53170
y,0,0,884,13771
y,0,0,885,-5806
y,0,0,886,-36116
y,0,0,887,-77250
y,0,0,888,-129299
y,0,0,889,-126818
y,0,0,890,-135434
y,0,0,891,-155238
y,0,0,892,-120785
y,0,0,893,-97702
y,0,0,894,-86080
y,0,0,895,-20474
y,0,0,896,33489
y,0,0,897,75718
y,0,0,898,106122
y,0,0,899,124610
y,0,0,900,131091
y,0,0,901,125474
y,0,0,902,107668
y,0,0,903,77582
y,0,0,904,35125
y,0,0,905,12462
y,0,0,906,-20962
y,0,0,907,-65238
y,0,0,908,-54921
y,0,0,909,-55638
y,0,0,910,-67480
y,0,0,911,-90538
y,0,0,912,-59367
y,0,0,913,-39594
y,0,0,914,2226
y,0,0,915,35794
y,0,0,916,61019
y,0,0,917,77810
y,0,0,918,86076
y,0,0,919,85726
y,0,0,920,76669
y,0,0,921,58814
y,0,0,922,32070
y,0,0,923,-3654
y,0,0,924,-48449
y,0,0,925,-70150
y,0,0,926,-99312
y,0,0,927,-136026
y,0,0,928,-114847
y,0,0,929,-101402
y,0,0,930,-95782
y,0,0,931,-98078
y,0,0,932,-42845
y,0,0,933,4290
y,0,0,934,43236
y,0,0,935,73902
y,0,0,936,96197
y,0,0,937,110030
y,0,0,938,115310
y,0,0,939,111946
y,0,0,940,99847
y,0,0,941,78922
y,0,0,942,49080
y,0,0,943,10230
y,0,0,944,-5463
y,0,0,945,-28554
y,0,0,946,-59134
y,0,0,947,-97294
y,0,0,948,-77589
y,0,0,949,-65646
y,0,0,950,-61556
y,0,0,951,-31874
y,0,0,952,-6899
y,0,0,953,13278
y,0,0,954,28566
y,0,0,955,38874
y,0,0,956,44111
y,0,0,957,44186
y,0,0,958,39008
y,0,0,959,28486
y,0,0,960,12529
y,0,0,961,-8954
y,0,0,962,-36054
y,0,0,963,-68862
y,0,0,964,-75213
y,0,0,965,-85662
y,0,0,966,-100300
y,0,0,967,-119218
y,0,0,968,-76971
y,0,0,969,-39186
y,0,0,970,-5954
y,0,0,971,22634
y,0,0,972,46487
y,0,0,973,65514
y,0,0,974,79624
y,0,0,975,88726
y,0,0,976,92729
y,0,0,977,91542
y,0,0,978,85074
y,0,0,979,73234
y,0,0,980,55931
y,0,0,981,33074
y,0,0,982,4572
y,0,0,983,-29666
y,0,0,984,-37475
y,0,0,985,-49410
y,0,0,986,-65562
y,0,0,987,-52486
y,0,0,988,-40481
y,0,0,989,-29638
y,0,0,990,-20048
y,0,0,991,-11802
y,0,0,992,-4991
y,0,0,993,294
y,0,0,994,3962
y,0,0,995,5922
y,0,0,996,6083
y,0,0,997,4354
y,0,0,998,644
y,0,0,999,-5138
y,0,0,1000,-13083
y,0,0,1001,-23282
y,0,0,1002,-35826
y,0,0,1003,-50806
y,0,0,1004,-36057
y,0,0,1005,-22134
y,0,0,1006,-9128
y,0,0,1007,2870
y,0,0,1008,13769
y,0,0,1009,23478
y,0,0,1010,31906
y,0,0,1011,38962
y,0,0,1012,44555
y,0,0,1013,48594
y,0,0,1014,50988
y,0,0,1015,51646
y,0,0,1016,50477
y,0,0,1017,47390
y,0,0,1018,42294
y,0,0,1019,35098
y,0,0,1020,25711
y,0,0,1021,14042
y,0,0,1022,0
y,0,0,1023,0
y,1,0,0,13000
y,1,0,1,23773
y,1,0,2,32410
y,1,0,3,39002
y,1,0,4,43640
y,1,0,5,46415
y,1,0,6,47418
y,1,0,7,46740
y,1,0,8,44472
y,1,0,9,40705
y,1,0,10,35530
y,1,0,11,29038
y,1,0,12,21320
y,1,0,13,12467
y,1,0,14,2570
y,1,0,15,-8280
y,1,0,16,-19992
y,1,0,17,-32475
y,1,0,18,-45638
y,1,0,19,-59390
y,1,0,20,-47016
y,1,0,21,-36841
y,1,0,22,-28774
y,1,0,23,-22724
y,1,0,24,-18600
y,1,0,25,-16311
y,1,0,26,-15766
y,1,0,27,-16874
y,1,0,28,-19544
y,1,0,29,-23685
y,1,0,30,-29206
y,1,0,31,-36016
y,1,0,32,-44024
y,1,0,33,-53139
y,1,0,34,-31270
y,1,0,35,-13654
y,1,0,36,-200
y,1,0,37,9183
y,1,0,38,14586
y,1,0,39,16100
y,1,0,40,40440
y,1,0,41,59281
y,1,0,42,72714
y,1,0,43,80830
y,1,0,44,83720
y,1,0,45,81475
y,1,0,46,74186
y,1,0,47,61944
y,1,0,48,44840
y,1,0,49,22965
y,1,0,50,-3590
y,1,0,51,-34734
y,1,0,52,-70376
y,1,0,53,-110425
y,1,0,54,-89254
y,1,0,55,-72308
y,1,0,56,-59496
y,1,0,57,-50727
y,1,0,58,-45910
y,1,0,59,-18330
y,1,0,60,3688
y,1,0,61,20235
y,1,0,62,31402
y,1,0,63,37280
y,1,0,64,37960
y,1,0,65,33533
y,1,0,66,24090
y,1,0,67,9722
y,1,0,68,-9480
y,1,0,69,-33425
y,1,0,70,-30022
y,1,0,71,-34508
y,1,0,72,-46792
y,1,0,73,-66783
y,1,0,74,-28854
y,1,0,75,1550
y,1,0,76,24520
y,1,0,77,40147
y,1,0,78,48522
y,1,0,79,76360
y,1,0,80,95336
y,1,0,81,105541
y,1,0,82,107066
y,1,0,83,100002
y,1,0,84,84440
y,1,0,85,60471
y,1,0,86,28186
y,1,0,87,-12324
y,1,0,88,-60968
y,1,0,89,-117655
y,1,0,90,-116758
y,1,0,91,-123722
y,1,0,92,-138456
y,1,0,93,-95333
y,1,0,94,-59798
y,1,0,95,-31760
y,1,0,96,-11128
y,1,0,97,2189
y,1,0,98,8282
y,1,0,99,33866
y,1,0,100,50616
y,1,0,101,58623
y,1,0,102,57978
y,1,0,103,48772
y,1,0,104,31096
y,1,0,105,5041
y,1,0,106,-29302
y,1,0,107,-39842
y,1,0,108,-61816
y,1,0,109,-95133
y,1,0,110,-74166
y,1,0,111,-64360
y,1,0,112,-65624
y,1,0,113,-12331
y,1,0,114,30074
y,1,0,115,61682
y,1,0,116,82584
y,1,0,117,92871
y,1,0,118,119258
y,1,0,119,133420
y,1,0,120,135448
y,1,0,121,125433
y,1,0,122,103466
y,1,0,123,69638
y,1,0,124,24040
y,1,0,125,-33237
y,1,0,126,-102102
y,1,0,127,-116928
y,1,0,128,-143160
y,1,0,129,-115171
y,1,0,130,-98406
y,1,0,131,-92774
y,1,0,132,-98184
y,1,0,133,-49009
y,1,0,134,-10694
y,1,0,135,16852
y,1,0,136,33720
y,1,0,137,40001
y,1,0,138,62410
y,1,0,139,72622
y,1,0,140,70728
y,1,0,141,56819
y,1,0,142,30986
y,1,0,143,25320
y,1,0,144,4584
y,1,0,145,-31131
y,1,0,146,-81734
y,1,0,147,-81598
y,1,0,148,-96168
y,1,0,149,-59817
y,1,0,150,-37990
y,1,0,151,-30596
y,1,0,152,27992
y,1,0,153,72329
y,1,0,154,102506
y,1,0,155,118614
y,1,0,156,120744
y,1,0,157,108987
y,1,0,158,110058
y,1,0,159,95632
y,1,0,160,65800
y,1,0,161,20653
y,1,0,162,-39718
y,1,0,163,-49686
y,1,0,164,-74696
y,1,0,165,-114657
y,1,0,166,-103942
y,1,0,167,-107996
y,1,0,168,-126728
y,1,0,169,-94511
y,1,0,170,-76790
y,1,0,171,-73474
y,1,0,172,-18936
y,1,0,173,21379
y,1,0,174,47562
y,1,0,175,59704
y,1,0,176,57896
y,1,0,177,68853
y,1,0,178,64250
y,1,0,179,44178
y,1,0,180,40728
y,1,0,181,18663
y,1,0,182,-21926
y,1,0,183,-15412
y,1,0,184,-27240
y,1,0,185,-57319
y,1,0,186,-40022
y,1,0,187,-40794
y,1,0,188,5992
y,1,0,189,34891
y,1,0,190,45994
y,1,0,191,39392
y,1,0,192,80712
y,1,0,193,104509
y,1,0,194,110874
y,1,0,195,99898
y,1,0,196,71672
y,1,0,197,52911
y,1,0,198,15290
y,1,0,199,-41100
y,1,0,200,-50632
y,1,0,201,-78751
y,1,0,202,-59830
y,1,0,203,-59314
y,1,0,204,-77112
y,1,0,205,-113133
y,1,0,206,-101750
y,1,0,207,-108408
y,1,0,208,-67480
y,1,0,209,-44411
y,1,0,210,-39110
y,1,0,211,14050
y,1,0,212,49624
y,1,0,213,67703
y,1,0,214,68378
y,1,0,215,51740
y,1,0,216,49880
y,1,0,217,54185
y,1,0,218,36330
y,1,0,219,-3594
y,1,0,220,40
y,1,0,221,-18213
y,1,0,222,7274
y,1,0,223,11056
y,1,0,224,-6776
y,1,0,225,19405
y,1,0,226,24154
y,1,0,227,7562
y,1,0,228,35256
y,1,0,229,41791
y,1,0,230,27258
y,1,0,231,57284
y,1,0,232,66424
y,1,0,233,54769
y,1,0,234,22410
y,1,0,235,-30562
y,1,0,236,-38520
y,1,0,237,-40285
y,1,0,238,-64182
y,1,0,239,-44584
y,1,0,240,-46936
y,1,0,241,-71147
y,1,0,242,-51590
y,1,0,243,-53710
y,1,0,244,-77416
y,1,0,245,-57081
y,1,0,246,-58150
y,1,0,247,-14996
y,1,0,248,6936
y,1,0,249,7737
y,1,0,250,-12502
y,1,0,251,11846
y,1,0,252,15336
y,1,0,253,30059
y,1,0,254,20778
y,1,0,255,-12416
y,1,0,256,22728
y,1,0,257,32349
y,1,0,258,16538
y,1,0,259,40922
y,1,0,260,40056
y,1,0,261,79567
y,1,0,262,94010
y,1,0,263,83476
y,1,0,264,48056
y,1,0,265,53377
y,1,0,266,33994
y,1,0,267,55534
y,1,0,268,52552
y,1,0,269,25139
y,1,0,270,-26614
y,1,0,271,-37080
y,1,0,272,-71704
y,1,0,273,-64859
y,1,0,274,-81990
y,1,0,275,-57470
y,1,0,276,-30120
y,1,0,277,-28265
y,1,0,278,-51814
y,1,0,279,-35140
y,1,0,280,-43688
y,1,0,281,-11831
y,1,0,282,-5014
y,1,0,283,-23146
y,1,0,284,-600
y,1,0,285,-2821
y,1,0,286,-29718
y,1,0,287,-15664
y,1,0,288,-26104
y,1,0,289,-60947
y,1,0,290,-22566
y,1,0,291,-11734
y,1,0,292,-28360
y,1,0,293,-6817
y,1,0,294,-12550
y,1,0,295,20068
y,1,0,296,52216
y,1,0,297,55569
y,1,0,298,95754
y,1,0,299,107326
y,1,0,300,90376
y,1,0,301,110531
y,1,0,302,102346
y,1,0,303,65912
y,1,0,304,66856
y,1,0,305,39733
y,1,0,306,-15366
y,1,0,307,-32814
y,1,0,308,-78056
y,1,0,309,-151001
y,1,0,310,-120486
y,1,0,311,-117492
y,1,0,312,-76392
y,1,0,313,-62631
y,1,0,314,-76118
y,1,0,315,-24602
y,1,0,316,-1944
y,1,0,317,-8053
y,1,0,318,22698
y,1,0,319,24864
y,1,0,320,64072
y,1,0,321,74877
y,1,0,322,57370
y,1,0,323,11642
y,1,0,324,3320
y,1,0,325,-33041
y,1,0,326,186
y,1,0,327,2228
y,1,0,328,-26824
y,1,0,329,-86879
y,1,0,330,-46774
y,1,0,331,-37490
y,1,0,332,6600
y,1,0,333,20051
y,1,0,334,68490
y,1,0,335,113096
y,1,0,336,125544
y,1,0,337,105925
y,1,0,338,119866
y,1,0,339,101922
y,1,0,340,117720
y,1,0,341,101815
y,1,0,342,54298
y,1,0,343,-24740
y,1,0,344,-69672
y,1,0,345,-145943
y,1,0,346,-122390
y,1,0,347,-129994
y,1,0,348,-168664
y,1,0,349,-107237
y,1,0,350,-76694
y,1,0,351,-76944
y,1,0,352,-42360
y,1,0,353,-38387
y,1,0,354,602
y,1,0,355,35786
y,1,0,356,38840
y,1,0,357,75391
y,1,0,358,79994
y,1,0,359,52740
y,1,0,360,59256
y,1,0,361,34097
y,1,0,362,-22646
y,1,0,363,-13346
y,1,0,364,-38776
y,1,0,365,-98845
y,1,0,366,-62390
y,1,0,367,-60392
y,1,0,368,-92760
y,1,0,369,-28331
y,1,0,370,1914
y,1,0,371,63602
y,1,0,372,91288
y,1,0,373,85063
y,1,0,374,137178
y,1,0,375,153772
y,1,0,376,134936
y,1,0,377,146297
y,1,0,378,122410
y,1,0,379,63366
y,1,0,380,34792
y,1,0,381,-28757
y,1,0,382,-127190
y,1,0,383,-129344
y,1,0,384,-166200
y,1,0,385,-106595
y,1,0,386,-81510
y,1,0,387,-90854
y,1,0,388,-134536
y,1,0,389,-81393
y,1,0,390,-62406
y,1,0,391,-11948
y,1,0,392,4536
y,1,0,393,52673
y,1,0,394,93642
y,1,0,395,99118
y,1,0,396,69192
y,1,0,397,69491
y,1,0,398,34570
y,1,0,399,62056
y,1,0,400,51176
y,1,0,401,2021
y,1,0,402,-85318
y,1,0,403,-79678
y,1,0,404,-112040
y,1,0,405,-51241
y,1,0,406,-28262
y,1,0,407,-43012
y,1,0,408,35672
y,1,0,409,76809
y,1,0,410,80490
y,1,0,411,112342
y,1,0,412,106920
y,1,0,413,129851
y,1,0,414,142314
y,1,0,415,115984
y,1,0,416,50952
y,1,0,417,12845
y,1,0,418,-63782
y,1,0,419,-47766
y,1,0,420,-70088
y,1,0,421,-130657
y,1,0,422,-98310
y,1,0,423,-104028
y,1,0,424,-147720
y,1,0,425,-98223
y,1,0,426,-86518
y,1,0,427,-112514
y,1,0,428,-45048
y,1,0,429,-15101
y,1,0,430,42954
y,1,0,431,63672
y,1,0,432,47144
y,1,0,433,85621
y,1,0,434,85242
y,1,0,435,46098
y,1,0,436,65816
y,1,0,437,43623
y,1,0,438,-20390
y,1,0,439,4940
y,1,0,440,-11368
y,1,0,441,-69223
y,1,0,442,-37462
y,1,0,443,-47066
y,1,0,444,33128
y,1,0,445,72139
y,1,0,446,70058
y,1,0,447,26976
y,1,0,448,74056
y,1,0,449,80317
y,1,0,450,111386
y,1,0,451,101818
y,1,0,452,51704
y,1,0,453,53295
y,1,0,454,12730
y,1,0,455,-69900
y,1,0,456,-63432
y,1,0,457,-98847
y,1,0,458,-44982
y,1,0,459,-32818
y,1,0,460,-62264
y,1,0,461,-133229
y,1,0,462,-114550
y,1,0,463,-137208
y,1,0,464,-70040
y,1,0,465,-44027
y,1,0,466,-59078
y,1,0,467,15970
y,1,0,468,50136
y,1,0,469,43511
y,1,0,470,61722
y,1,0,471,39324
y,1,0,472,73944
y,1,0,473,91433
y,1,0,474,63466
y,1,0,475,-9866
y,1,0,476,2600
y,1,0,477,-30117
y,1,0,478,23146
y,1,0,479,31408
y,1,0,480,-5240
y,1,0,481,44365
y,1,0,482,49242
y,1,0,483,9482
y,1,0,484,56248
y,1,0,485,58559
y,1,0,486,16506
y,1,0,487,61252
y,1,0,488,61816
y,1,0,489,18289
y,1,0,490,-3702
y,1,0,491,-69602
y,1,0,492,-48248
y,1,0,493,-43997
y,1,0,494,-85174
y,1,0,495,-40616
y,1,0,496,-41304
y,1,0,497,-87147
y,1,0,498,-46982
y,1,0,499,-51790
y,1,0,500,-101480
y,1,0,501,-64889
y,1,0,502,-72998
y,1,0,503,5356
y,1,0,504,39192
y,1,0,505,28601
y,1,0,506,-26326
y,1,0,507,5574
y,1,0,508,-6680
y,1,0,509,34539
y,1,0,510,28458
y,1,0,511,-38707
y,1,0,512,-5976
y,1,0,513,-17610
y,1,0,514,-73700
y,1,0,515,-43265
y,1,0,516,-57468
y,1,0,517,14672
y,1,0,518,41992
y,1,0,519,24401
y,1,0,520,-38192
y,1,0,521,-14806
y,1,0,522,-36604
y,1,0,523,27395
y,1,0,524,46028
y,1,0,525,19204
y,1,0,526,-53168
y,1,0,527,-40107
y,1,0,528,-72776
y,1,0,529,-20194
y,1,0,530,-13524
y,1,0,531,49799
y,1,0,532,68820
y,1,0,533,43448
y,1,0,534,-26408
y,1,0,535,-9767
y,1,0,536,-37792
y,1,0,537,20498
y,1,0,538,33940
y,1,0,539,2443
y,1,0,540,56988
y,1,0,541,66412
y,1,0,542,30624
y,1,0,543,80605
y,1,0,544,85192
y,1,0,545,44294
y,1,0,546,56892
y,1,0,547,27151
y,1,0,548,-45020
y,1,0,549,-28640
y,1,0,550,-54872
y,1,0,551,-21151
y,1,0,552,-28432
y,1,0,553,-76806
y,1,0,554,-35292
y,1,0,555,-35053
y,1,0,556,-76180
y,1,0,557,-27692
y,1,0,558,-20752
y,1,0,559,-55451
y,1,0,560,-808
y,1,0,561,12014
y,1,0,562,-17076
y,1,0,563,42903
y,1,0,564,60788
y,1,0,565,36488
y,1,0,566,35448
y,1,0,567,-7959
y,1,0,568,37248
y,1,0,569,39906
y,1,0,570,-28492
y,1,0,571,-6757
y,1,0,572,-26052
y,1,0,573,-86468
y,1,0,574,-57024
y,1,0,575,-68883
y,1,0,576,8936
y,1,0,577,45270
y,1,0,578,40028
y,1,0,579,-6881
y,1,0,580,35524
y,1,0,581,36080
y,1,0,582,93768
y,1,0,583,112753
y,1,0,584,92944
y,1,0,585,34250
y,1,0,586,2116
y,1,0,587,-69085
y,1,0,588,-48372
y,1,0,589,-66908
y,1,0,590,-22128
y,1,0,591,-14987
y,1,0,592,-45576
y,1,0,593,-113986
y,1,0,594,-89236
y,1,0,595,-102489
y,1,0,596,-22764
y,1,0,597,18776
y,1,0,598,22040
y,1,0,599,-13063
y,1,0,600,44448
y,1,0,601,63410
y,1,0,602,109268
y,1,0,603,116395
y,1,0,604,84700
y,1,0,605,79628
y,1,0,606,35552
y,1,0,607,-47619
y,1,0,608,-38904
y,1,0,609,-69466
y,1,0,610,-36740
y,1,0,611,-41681
y,1,0,612,-84380
y,1,0,613,-33856
y,1,0,614,-21272
y,1,0,615,-46719
y,1,0,616,20784
y,1,0,617,50074
y,1,0,618,41060
y,1,0,619,92723
y,1,0,620,109228
y,1,0,621,90484
y,1,0,622,101936
y,1,0,623,77957
y,1,0,624,18456
y,1,0,625,-11122
y,1,0,626,-76404
y,1,0,627,-46409
y,1,0,628,-52300
y,1,0,629,-122584
y,1,0,630,-96072
y,1,0,631,-103927
y,1,0,632,-146240
y,1,0,633,-92030
y,1,0,634,-72460
y,1,0,635,-87621
y,1,0,636,-6532
y,1,0,637,39644
y,1,0,638,50816
y,1,0,639,92429
y,1,0,640,98856
y,1,0,641,135542
y,1,0,642,136860
y,1,0,643,102719
y,1,0,644,33028
y,1,0,645,-6768
y,1,0,646,-82296
y,1,0,647,-62575
y,1,0,648,-78768
y,1,0,649,-28310
y,1,0,650,-12156
y,1,0,651,-30397
y,1,0,652,-83124
y,1,0,653,-39356
y,1,0,654,-30256
y,1,0,655,43157
y,1,0,656,85048
y,1,0,657,95326
y,1,0,658,73900
y,1,0,659,86215
y,1,0,660,66644
y,1,0,661,80632
y,1,0,662,62552
y,1,0,663,12313
y,1,0,664,-4640
y,1,0,665,-53934
y,1,0,666,-135660
y,1,0,667,-118837
y,1,0,668,-134628
y,1,0,669,-80468
y,1,0,670,-57312
y,1,0,671,-65251
y,1,0,672,-104376
y,1,0,673,-43706
y,1,0,674,-14404
y,1,0,675,48975
y,1,0,676,80804
y,1,0,677,80992
y,1,0,678,114984
y,1,0,679,117153
y,1,0,680,87408
y,1,0,681,91194
y,1,0,682,62884
y,1,0,683,2387
y,1,0,684,-24852
y,1,0,685,-84460
y,1,0,686,-45456
y,1,0,687,-39003
y,1,0,688,-93608
y,1,0,689,-48082
y,1,0,690,-33588
y,1,0,691,-50217
y,1,0,692,1012
y,1,0,693,24264
y,1,0,694,19448
y,1,0,695,52009
y,1,0,696,56320
y,1,0,697,32290
y,1,0,698,45364
y,1,0,699,29915
y,1,0,700,51388
y,1,0,701,44156
y,1,0,702,8128
y,1,0,703,-56787
y,1,0,704,-85144
y,1,0,705,-142570
y,1,0,706,-98084
y,1,0,707,-82849
y,1,0,708,-125372
y,1,0,709,-64464
y,1,0,710,-31288
y,1,0,711,-25935
y,1,0,712,17040
y,1,0,713,32010
y,1,0,714,84420
y,1,0,715,108643
y,1,0,716,104588
y,1,0,717,72164
y,1,0,718,76816
y,1,0,719,52917
y,1,0,720,65912
y,1,0,721,50174
y,1,0,722,5612
y,1,0,723,-2329
y,1,0,724,-39276
y,1,0,725,-105320
y,1,0,726,-69480
y,1,0,727,-62919
y,1,0,728,-15072
y,1,0,729,8434
y,1,0,730,7508
y,1,0,731,-17941
y,1,0,732,-2468
y,1,0,733,-11700
y,1,0,734,19808
y,1,0,735,26429
y,1,0,736,8072
y,1,0,737,30182
y,1,0,738,27132
y,1,0,739,-1169
y,1,0,740,10724
y,1,0,741,-2816
y,1,0,742,-41880
y,1,0,743,-41023
y,1,0,744,-65872
y,1,0,745,-116518
y,1,0,746,-61980
y,1,0,747,-33421
y,1,0,748,6188
y,1,0,749,21428
y,1,0,750,12208
y,1,0,751,43973
y,1,0,752,51096
y,1,0,753,33486
y,1,0,754,56588
y,1,0,755,54775
y,1,0,756,27956
y,1,0,757,41576
y,1,0,758,30008
y,1,0,759,58697
y,1,0,760,62016
y,1,0,761,39874
y,1,0,762,-7820
y,1,0,763,-15621
y,1,0,764,-49156
y,1,0,765,-9444
y,1,0,766,7680
y,1,0,767,-26291
y,1,0,768,-15704
y,1,0,769,-26186
y,1,0,770,-57828
y,1,0,771,-45185
y,1,0,772,-53884
y,1,0,773,-18480
y,1,0,774,-4600
y,1,0,775,-12335
y,1,0,776,-41776
y,1,0,777,-27478
y,1,0,778,-35068
y,1,0,779,899
y,1,0,780,14796
y,1,0,781,6532
y,1,0,782,-23984
y,1,0,783,-11307
y,1,0,784,-21064
y,1,0,785,12190
y,1,0,786,22828
y,1,0,787,47879
y,1,0,788,51924
y,1,0,789,34872
y,1,0,790,-3368
y,1,0,791,2649
y,1,0,792,-12704
y,1,0,793,16018
y,1,0,794,23188
y,1,0,795,8715
y,1,0,796,38044
y,1,0,797,45548
y,1,0,798,31136
y,1,0,799,60253
y,1,0,800,67272
y,1,0,801,52102
y,1,0,802,48188
y,1,0,803,25231
y,1,0,804,-16860
y,1,0,805,-12640
y,1,0,806,-27736
y,1,0,807,-25119
y,1,0,808,-40208
y,1,0,809,-73094
y,1,0,810,-58332
y,1,0,811,-61549
y,1,0,812,-82836
y,1,0,813,-56748
y,1,0,814,-48912
y,1,0,815,-59419
y,1,0,816,-22824
y,1,0,817,-4754
y,1,0,818,-5300
y,1,0,819,40983
y,1,0,820,68468
y,1,0,821,77064
y,1,0,822,66680
y,1,0,823,37225
y,1,0,824,54144
y,1,0,825,51810
y,1,0,826,1716
y,1,0,827,-485
y,1,0,828,-20420
y,1,0,829,-58180
y,1,0,830,-48320
y,1,0,831,-56467
y,1,0,832,-17176
y,1,0,833,3926
y,1,0,834,6748
y,1,0,835,-8801
y,1,0,836,22724
y,1,0,837,35696
y,1,0,838,63560
y,1,0,839,76017
y,1,0,840,72976
y,1,0,841,54346
y,1,0,842,20036
y,1,0,843,-30045
y,1,0,844,-30452
y,1,0,845,-46812
y,1,0,846,-42096
y,1,0,847,-51723
y,1,0,848,-75784
y,1,0,849,-114370
y,1,0,850,-102036
y,1,0,851,-104409
y,1,0,852,-56044
y,1,0,853,-22568
y,1,0,854,-4072
y,1,0,855,-647
y,1,0,856,53152
y,1,0,857,91698
y,1,0,858,114900
y,1,0,859,122667
y,1,0,860,114908
y,1,0,861,91532
y,1,0,862,52448
y,1,0,863,-2435
y,1,0,864,-7672
y,1,0,865,-28890
y,1,0,866,-29060
y,1,0,867,-43601
y,1,0,868,-72604
y,1,0,869,-50624
y,1,0,870,-43288
y,1,0,871,-50687
y,1,0,872,-7376
y,1,0,873,21018
y,1,0,874,34404
y,1,0,875,66227
y,1,0,876,86188
y,1,0,877,94196
y,1,0,878,90160
y,1,0,879,73989
y,1,0,880,45592
y,1,0,881,4878
y,1,0,882,-48244
y,1,0,883,-48329
y,1,0,884,-61004
y,1,0,885,-114776
y,1,0,886,-113992
y,1,0,887,-124279
y,1,0,888,-145728
y,1,0,889,-112894
y,1,0,890,-91404
y,1,0,891,-81349
y,1,0,892,-17284
y,1,0,893,35164
y,1,0,894,75904
y,1,0,895,104845
y,1,0,896,121896
y,1,0,897,126966
y,1,0,898,119964
y,1,0,899,100799
y,1,0,900,69380
y,1,0,901,25616
y,1,0,902,-30584
y,1,0,903,-33775
y,1,0,904,-49584
y,1,0,905,-40982
y,1,0,906,-43388
y,1,0,907,-56893
y,1,0,908,-81588
y,1,0,909,-52028
y,1,0,910,-33840
y,1,0,911,6421
y,1,0,912,38456
y,1,0,913,62174
y,1,0,914,77484
y,1,0,915,84295
y,1,0,916,82516
y,1,0,917,72056
y,1,0,918,52824
y,1,0,919,24729
y,1,0,920,-12320
y,1,0,921,-58414
y,1,0,922,-113644
y,1,0,923,-112565
y,1,0,924,-120804
y,1,0,925,-101332
y,1,0,926,-89568
y,1,0,927,-85603
y,1,0,928,-89528
y,1,0,929,-35898
y,1,0,930,9660
y,1,0,931,47055
y,1,0,932,76196
y,1,0,933,96992
y,1,0,934,109352
y,1,0,935,113185
y,1,0,936,108400
y,1,0,937,94906
y,1,0,938,72612
y,1,0,939,41427
y,1,0,940,1260
y,1,0,941,-47980
y,1,0,942,-40848
y,1,0,943,-42971
y,1,0,944,-82856
y,1,0,945,-64850
y,1,0,946,-54580
y,1,0,947,-52137
y,1,0,948,-24076
y,1,0,949,-696
y,1,0,950,17912
y,1,0,951,31657
y,1,0,952,40448
y,1,0,953,44194
y,1,0,954,42804
y,1,0,955,36187
y,1,0,956,24252
y,1,0,957,6908
y,1,0,958,-15936
y,1,0,959,-44371
y,1,0,960,-78488
y,1,0,961,-118378
y,1,0,962,-98596
y,1,0,963,-84769
y,1,0,964,-105404
y,1,0,965,-64848
y,1,0,966,-28728
y,1,0,967,2865
y,1,0,968,29840
y,1,0,969,52106
y,1,0,970,69572
y,1,0,971,82147
y,1,0,972,89740
y,1,0,973,92260
y,1,0,974,89616
y,1,0,975,81717
y,1,0,976,68472
y,1,0,977,49790
y,1,0,978,25580
y,1,0,979,-4249
y,1,0,980,-39788
y,1,0,981,-81128
y,1,0,982,-62824
y,1,0,983,-50503
y,1,0,984,-39136
y,1,0,985,-28814
y,1,0,986,-19628
y,1,0,987,-11669
y,1,0,988,-5028
y,1,0,989,204
y,1,0,990,3936
y,1,0,991,6077
y,1,0,992,6536
y,1,0,993,5222
y,1,0,994,2044
y,1,0,995,-3089
y,1,0,996,-10268
y,1,0,997,-19584
y,1,0,998,-31128
y,1,0,999,-44991
y,1,0,1000,-61264
y,1,0,1001,-80038
y,1,0,1002,-35868
y,1,0,1003,5619
y,1,0,1004,15916
y,1,0,1005,25140
y,1,0,1006,33200
y,1,0,1007,40005
y,1,0,1008,45464
y,1,0,1009,49486
y,1,0,1010,51980
y,1,0,1011,52855
y,1,0,1012,52020
y,1,0,1013,49384
y,1,0,1014,44856
y,1,0,1015,38345
y,1,0,1016,29760
y,1,0,1017,19010
y,1,0,1018,6004
y,1,0,1019,-9349
y,1,0,1020,-27140
y,1,0,1021,-13924
y,1,0,1022,0
y,1,0,1023,0
y,2,0,0,10625
y,2,0,1,19270
y,2,0,2,26026
y,2,0,3,30984
y,2,0,4,34235
y,2,0,5,35870
y,2,0,6,35980
y,2,0,7,34656
y,2,0,8,31989
y,2,0,9,28070
y,2,0,10,22990
y,2,0,11,16840
y,2,0,12,9711
y,2,0,13,1694
y,2,0,14,-7120
y,2,0,15,-16640
y,2,0,16,-26775
y,2,0,17,-37434
y,2,0,18,-48526
y,2,0,19,-59960
y,2,0,20,-49885
y,2,0,21,-41762
y,2,0,22,-35500
y,2,0,23,-31008
y,2,0,24,-28195
y,2,0,25,-26970
y,2,0,26,-27242
y,2,0,27,-28920
y,2,0,28,-31913
y,2,0,29,-36130
y,2,0,30,-41480
y,2,0,31,-15872
y,2,0,32,5457
y,2,0,33,22598
y,2,0,34,35642
y,2,0,35,44680
y,2,0,36,49803
y,2,0,37,51102
y,2,0,38,48668
y,2,0,39,42592
y,2,0,40,54725
y,2,0,41,61606
y,2,0,42,63326
y,2,0,43,59976
y,2,0,44,51647
y,2,0,45,38430
y,2,0,46,20416
y,2,0,47,-2304
y,2,0,48,-29639
y,2,0,49,-61498
y,2,0,50,-97790
y,2,0,51,-72888
y,2,0,52,-52237
y,2,0,53,-35746
y,2,0,54,-23324
y,2,0,55,-14880
y,2,0,56,-10323
y,2,0,57,-9562
y,2,0,58,-12506
y,2,0,59,2696
y,2,0,60,12583
y,2,0,61,17246
y,2,0,62,16776
y,2,0,63,11264
y,2,0,64,801
y,2,0,65,-14522
y,2,0,66,-34614
y,2,0,67,-27384
y,2,0,68,-28069
y,2,0,69,-36578
y,2,0,70,-52820
y,2,0,71,-11168
y,2,0,72,22933
y,2,0,73,49574
y,2,0,74,68846
y,2,0,75,80840
y,2,0,76,85647
y,2,0,77,83358
y,2,0,78,74064
y,2,0,79,79616
y,2,0,80,76553
y,2,0,81,64966
y,2,0,82,44946
y,2,0,83,16584
y,2,0,84,-20029
y,2,0,85,-64802
y,2,0,86,-117644
y,2,0,87,-112928
y,2,0,88,-116099
y,2,0,89,-127066
y,2,0,90,-80202
y,2,0,91,-40952
y,2,0,92,-9225
y,2,0,93,15070
y,2,0,94,32024
y,2,0,95,41728
y,2,0,96,44273
y,2,0,97,39750
y,2,0,98,28250
y,2,0,99,31624
y,2,0,100,26411
y,2,0,101,12702
y,2,0,102,-9412
y,2,0,103,-39840
y,2,0,104,-46491
y,2,0,105,-64602
y,2,0,106,-94082
y,2,0,107,-69304
y,2,0,108,-55713
y,2,0,109,-53218
y,2,0,110,3808
y,2,0,111,49920
y,2,0,112,85209
y,2,0,113,109766
y,2,0,114,123682
y,2,0,115,127048
y,2,0,116,119955
y,2,0,117,102494
y,2,0,118,96516
y,2,0,119,78560
y,2,0,120,48717
y,2,0,121,7078
y,2,0,122,-46266
y,2,0,123,-111224
y,2,0,124,-122169
y,2,0,125,-144546
y,2,0,126,-112728
y,2,0,127,-92160
y,2,0,128,-82751
y,2,0,129,-84410
y,2,0,130,-31510
y,2,0,131,10504
y,2,0,132,41723
y,2,0,133,62238
y,2,0,134,72140
y,2,0,135,71520
y,2,0,136,60469
y,2,0,137,39078
y,2,0,138,29198
y,2,0,139,7368
y,2,0,140,-26321
y,2,0,141,-39778
y,2,0,142,-68240
y,2,0,143,-111616
y,2,0,144,-104279
y,2,0,145,-111674
y,2,0,146,-68174
y,2,0,147,-39224
y,2,0,148,-24733
y,2,0,149,40926
y,2,0,150,92308
y,2,0,151,129504
y,2,0,152,152605
y,2,0,153,161702
y,2,0,154,156886
y,2,0,155,138248
y,2,0,156,105879
y,2,0,157,59870
y,2,0,158,22072
y,2,0,159,-30976
y,2,0,160,-99183
y,2,0,161,-116922
y,2,0,162,-149638
y,2,0,163,-131704
y,2,0,164,-128565
y,2,0,165,-140130
y,2,0,166,-100772
y,2,0,167,-75936
y,2,0,168,-65531
y,2,0,169,-3930
y,2,0,170,43422
y,2,0,171,76616
y,2,0,172,95743
y,2,0,173,100894
y,2,0,174,92160
y,2,0,175,69632
y,2,0,176,33401
y,2,0,177,37318
y,2,0,178,22594
y,2,0,179,-10680
y,2,0,180,-62413
y,2,0,181,-66978
y,2,0,182,-89820
y,2,0,183,-65312
y,2,0,184,-58899
y,2,0,185,-4954
y,2,0,186,31078
y,2,0,187,49288
y,2,0,188,49767
y,2,0,189,98142
y,2,0,190,128968
y,2,0,191,142336
y,2,0,192,138337
y,2,0,193,117062
y,2,0,194,78602
y,2,0,195,23048
y,2,0,196,-49509
y,2,0,197,-51682
y,2,0,198,-72468
y,2,0,199,-111776
y,2,0,200,-103979
y,2,0,201,-114522
y,2,0,202,-143314
y,2,0,203,-124728
y,2,0,204,-124209
y,2,0,205,-76130
y,2,0,206,-45936
y,2,0,207,-33536
y,2,0,208,26697
y,2,0,209,69318
y,2,0,210,94418
y,2,0,211,102088
y,2,0,212,92419
y,2,0,213,65502
y,2,0,214,53428
y,2,0,215,20960
y,2,0,216,-31811
y,2,0,217,-17498
y,2,0,218,-25098
y,2,0,219,-54520
y,2,0,220,-40137
y,2,0,221,-47394
y,2,0,222,-10664
y,2,0,223,4608
y,2,0,224,-1487
y,2,0,225,36678
y,2,0,226,53658
y,2,0,227,49544
y,2,0,228,89963
y,2,0,229,109470
y,2,0,230,108156
y,2,0,231,86112
y,2,0,232,43429
y,2,0,233,-19802
y,2,0,234,-37954
y,2,0,235,-76472
y,2,0,236,-69729
y,2,0,237,-61410
y,2,0,238,-74976
y,2,0,239,-110336
y,2,0,240,-101863
y,2,0,241,-115002
y,2,0,242,-84126
y,2,0,243,-74680
y,2,0,244,-21037
y,2,0,245,11358
y,2,0,246,22596
y,2,0,247,12768
y,2,0,248,47501
y,2,0,249,61350
y,2,0,250,86406
y,2,0,251,87432
y,2,0,252,64519
y,2,0,253,17758
y,2,0,254,12776
y,2,0,255,-15872
y,2,0,256,19201
y,2,0,257,28998
y,2,0,258,13610
y,2,0,259,38664
y,2,0,260,38715
y,2,0,261,13854
y,2,0,262,29708
y,2,0,263,20832
y,2,0,264,52853
y,2,0,265,60326
y,2,0,266,43342
y,2,0,267,1992
y,2,0,268,1903
y,2,0,269,-22370
y,2,0,270,-5200
y,2,0,271,-12032
y,2,0,272,-42775
y,2,0,273,-31802
y,2,0,274,-44558
y,2,0,275,-80952
y,2,0,276,-53597
y,2,0,277,-51490
y,2,0,278,-74540
y,2,0,279,-57120
y,2,0,280,-64675
y,2,0,281,-31578
y,2,0,282,-23274
y,2,0,283,-39672
y,2,0,284,-15145
y,2,0,285,-15138
y,2,0,286,-39560
y,2,0,287,9216
y,2,0,288,30417
y,2,0,289,24134
y,2,0,290,55994
y,2,0,291,60552
y,2,0,292,37899
y,2,0,293,53662
y,2,0,294,42396
y,2,0,295,69728
y,2,0,296,91973
y,2,0,297,85670
y,2,0,298,50910
y,2,0,299,53320
y,2,0,300,27455
y,2,0,301,38942
y,2,0,302,22336
y,2,0,303,-22272
y,2,0,304,-29255
y,2,0,305,-64058
y,2,0,306,-126590
y,2,0,307,-85688
y,2,0,308,-72333
y,2,0,309,-20898
y,2,0,310,3172
y,2,0,311,-32
y,2,0,312,-30419
y,2,0,313,-22362
y,2,0,314,-41306
y,2,0,315,136
y,2,0,316,12967
y,2,0,317,-2722
y,2,0,318,18696
y,2,0,319,11776
y,2,0,320,-23391
y,2,0,321,-21178
y,2,0,322,-47030
y,2,0,323,-3320
y,2,0,324,9179
y,2,0,325,-9442
y,2,0,326,-59092
y,2,0,327,-8608
y,2,0,328,11029
y,2,0,329,65446
y,2,0,330,89198
y,2,0,331,82376
y,2,0,332,110607
y,2,0,333,108446
y,2,0,334,75984
y,2,0,335,100608
y,2,0,336,93321
y,2,0,337,54214
y,2,0,338,48914
y,2,0,339,11976
y,2,0,340,-56509
y,2,0,341,-90914
y,2,0,342,-156684
y,2,0,343,-122656
y,2,0,344,-119811
y,2,0,345,-148058
y,2,0,346,-76234
y,2,0,347,-35320
y,2,0,348,-25225
y,2,0,349,19678
y,2,0,350,33944
y,2,0,351,17664
y,2,0,352,36465
y,2,0,353,24902
y,2,0,354,48602
y,2,0,355,63880
y,2,0,356,47275
y,2,0,357,-1122
y,2,0,358,-15684
y,2,0,359,-61856
y,2,0,360,-42011
y,2,0,361,-56922
y,2,0,362,-106498
y,2,0,363,-59576
y,2,0,364,-47137
y,2,0,365,-69090
y,2,0,366,5728
y,2,0,367,46336
y,2,0,368,118361
y,2,0,369,156358
y,2,0,370,160418
y,2,0,371,130632
y,2,0,372,132627
y,2,0,373,100958
y,2,0,374,123012
y,2,0,375,109792
y,2,0,376,61389
y,2,0,377,-22106
y,2,0,378,-75066
y,2,0,379,-162936
y,2,0,380,-154553
y,2,0,381,-180898
y,2,0,382,-110808
y,2,0,383,-75264
y,2,0,384,-74175
y,2,0,385,-107450
y,2,0,386,-43926
y,2,0,387,-14584
y,2,0,388,46203
y,2,0,389,72990
y,2,0,390,65868
y,2,0,391,90464
y,2,0,392,81333
y,2,0,393,38566
y,2,0,394,49550
y,2,0,395,25288
y,2,0,396,-34129
y,2,0,397,-31074
y,2,0,398,-66320
y,2,0,399,-139776
y,2,0,400,-120279
y,2,0,401,-138810
y,2,0,402,-64206
y,2,0,403,-27448
y,2,0,404,-28445
y,2,0,405,63966
y,2,0,406,118804
y,2,0,407,136160
y,2,0,408,181661
y,2,0,409,189862
y,2,0,410,160854
y,2,0,411,160264
y,2,0,412,122647
y,2,0,413,48094
y,2,0,414,23992
y,2,0,415,-38656
y,2,0,416,-139759
y,2,0,417,-148154
y,2,0,418,-194822
y,2,0,419,-148600
y,2,0,420,-140469
y,2,0,421,-170338
y,2,0,422,-107044
y,2,0,423,-81568
y,2,0,424,-93819
y,2,0,425,-12634
y,2,0,426,31006
y,2,0,427,102728
y,2,0,428,137087
y,2,0,429,134174
y,2,0,430,94080
y,2,0,431,82432
y,2,0,432,33785
y,2,0,433,67526
y,2,0,434,59330
y,2,0,435,9288
y,2,0,436,-82509
y,2,0,437,-84898
y,2,0,438,-128860
y,2,0,439,-83232
y,2,0,440,-78995
y,2,0,441,15014
y,2,0,442,67814
y,2,0,443,79496
y,2,0,444,50151
y,2,0,445,110942
y,2,0,446,130888
y,2,0,447,175616
y,2,0,448,179681
y,2,0,449,143174
y,2,0,450,66186
y,2,0,451,14344
y,2,0,452,-77797
y,2,0,453,-57314
y,2,0,454,-78740
y,2,0,455,-141984
y,2,0,456,-115883
y,2,0,457,-131418
y,2,0,458,-188498
y,2,0,459,-155960
y,2,0,460,-164785
y,2,0,461,-83810
y,2,0,462,-44016
y,2,0,463,-45312
y,2,0,464,43465
y,2,0,465,91334
y,2,0,466,98386
y,2,0,467,130248
y,2,0,468,121475
y,2,0,469,72158
y,2,0,470,79924
y,2,0,471,44000
y,2,0,472,-35523
y,2,0,473,-5722
y,2,0,474,-21130
y,2,0,475,-81656
y,2,0,476,-56137
y,2,0,477,-75554
y,2,0,478,-8744
y,2,0,479,13312
y,2,0,480,-9295
y,2,0,481,54598
y,2,0,482,74010
y,2,0,483,49032
y,2,0,484,110827
y,2,0,485,128414
y,2,0,486,101884
y,2,0,487,96864
y,2,0,488,47909
y,2,0,489,-44890
y,2,0,490,-50370
y,2,0,491,-99512
y,2,0,492,-61153
y,2,0,493,-44514
y,2,0,494,-73056
y,2,0,495,-146688
y,2,0,496,-134247
y,2,0,497,-166714
y,2,0,498,-112926
y,2,0,499,-103864
y,2,0,500,-8365
y,2,0,501,42590
y,2,0,502,49092
y,2,0,503,11232
y,2,0,504,60173
y,2,0,505,64934
y,2,0,506,123142
y,2,0,507,134024
y,2,0,508,97671
y,2,0,509,14174
y,2,0,510,14696
y,2,0,511,-43244
y,2,0,512,-3777
y,2,0,513,-8922
y,2,0,514,-58770
y,2,0,515,-22340
y,2,0,516,-30795
y,2,0,517,-84226
y,2,0,518,-51652
y,2,0,519,-64236
y,2,0,520,9003
y,2,0,521,36902
y,2,0,522,19370
y,2,0,523,-43684
y,2,0,524,-21279
y,2,0,525,-44578
y,2,0,526,17400
y,2,0,527,33492
y,2,0,528,3607
y,2,0,529,58726
y,2,0,530,67686
y,2,0,531,6844
y,2,0,532,32525
y,2,0,533,13566
y,2,0,534,-50124
y,2,0,535,-27564
y,2,0,536,-49917
y,2,0,537,13798
y,2,0,538,32418
y,2,0,539,5852
y,2,0,540,65081
y,2,0,541,78942
y,2,0,542,47344
y,2,0,543,69268
y,2,0,544,48879
y,2,0,545,-13914
y,2,0,546,11870
y,2,0,547,-4932
y,2,0,548,-64411
y,2,0,549,-35586
y,2,0,550,-49620
y,2,0,551,916
y,2,0,552,10203
y,2,0,553,-21850
y,2,0,554,-95334
y,2,0,555,-79268
y,2,0,556,-104815
y,2,0,557,-40994
y,2,0,558,-18968
y,2,0,559,-38828
y,2,0,560,30407
y,2,0,561,57574
y,2,0,562,42582
y,2,0,563,50876
y,2,0,564,16829
y,2,0,565,71422
y,2,0,566,83492
y,2,0,567,52948
y,2,0,568,-20301
y,2,0,569,-5274
y,2,0,570,-56686
y,2,0,571,-18212
y,2,0,572,-21015
y,2,0,573,-65186
y,2,0,574,-19744
y,2,0,575,-15852
y,2,0,576,-53601
y,2,0,577,-2010
y,2,0,578,7758
y,2,0,579,74684
y,2,0,580,102933
y,2,0,581,92414
y,2,0,582,43036
y,2,0,583,20244
y,2,0,584,-41589
y,2,0,585,-11482
y,2,0,586,-20598
y,2,0,587,-69028
y,2,0,588,-25791
y,2,0,589,-22050
y,2,0,590,-81448
y,2,0,591,-47660
y,2,0,592,-51849
y,2,0,593,-94106
y,2,0,594,-43450
y,2,0,595,-31044
y,2,0,596,-56979
y,2,0,597,9726
y,2,0,598,37908
y,2,0,599,93012
y,2,0,600,109411
y,2,0,601,87014
y,2,0,602,91266
y,2,0,603,56540
y,2,0,604,-17255
y,2,0,605,862
y,2,0,606,-20272
y,2,0,607,-80748
y,2,0,608,-49585
y,2,0,609,-57946
y,2,0,610,1598
y,2,0,611,23228
y,2,0,612,6853
y,2,0,613,-47618
y,2,0,614,-9204
y,2,0,615,-9068
y,2,0,616,51771
y,2,0,617,77478
y,2,0,618,67962
y,2,0,619,88668
y,2,0,620,73969
y,2,0,621,23774
y,2,0,622,3528
y,2,0,623,-52396
y,2,0,624,-13017
y,2,0,625,-9498
y,2,0,626,-41930
y,2,0,627,-110404
y,2,0,628,-83939
y,2,0,629,-117250
y,2,0,630,-54012
y,2,0,631,-25388
y,2,0,632,-31469
y,2,0,633,-72346
y,2,0,634,-17038
y,2,0,635,3292
y,2,0,636,54089
y,2,0,637,69726
y,2,0,638,115648
y,2,0,639,126228
y,2,0,640,101375
y,2,0,641,40998
y,2,0,642,10542
y,2,0,643,-55620
y,2,0,644,-26507
y,2,0,645,-33282
y,2,0,646,-76036
y,2,0,647,-23788
y,2,0,648,-7701
y,2,0,649,-51418
y,2,0,650,1386
y,2,0,651,19548
y,2,0,652,2977
y,2,0,653,50654
y,2,0,654,66744
y,2,0,655,51156
y,2,0,656,69335
y,2,0,657,55654
y,2,0,658,75558
y,2,0,659,63420
y,2,0,660,19149
y,2,0,661,8190
y,2,0,662,-35084
y,2,0,663,-110764
y,2,0,664,-87869
y,2,0,665,-97562
y,2,0,666,-139934
y,2,0,667,-84004
y,2,0,668,-60935
y,2,0,669,-94370
y,2,0,670,-27984
y,2,0,671,7060
y,2,0,672,10671
y,2,0,673,48294
y,2,0,674,54302
y,2,0,675,94140
y,2,0,676,102181
y,2,0,677,78334
y,2,0,678,88044
y,2,0,679,65684
y,2,0,680,11163
y,2,0,681,-10074
y,2,0,682,-63654
y,2,0,683,-18596
y,2,0,684,-6063
y,2,0,685,-26146
y,2,0,686,-78936
y,2,0,687,-33452
y,2,0,688,-44409
y,2,0,689,12518
y,2,0,690,41494
y,2,0,691,42428
y,2,0,692,15229
y,2,0,693,25342
y,2,0,694,7140
y,2,0,695,26068
y,2,0,696,16499
y,2,0,697,43878
y,2,0,698,42578
y,2,0,699,12508
y,2,0,700,-46423
y,2,0,701,-68770
y,2,0,702,-120160
y,2,0,703,-69612
y,2,0,704,-48289
y,2,0,705,-56282
y,2,0,706,-93682
y,2,0,707,-29508
y,2,0,708,-18475
y,2,0,709,30206
y,2,0,710,50908
y,2,0,711,43540
y,2,0,712,73547
y,2,0,713,75302
y,2,0,714,48714
y,2,0,715,59228
y,2,0,716,41217
y,2,0,717,60126
y,2,0,718,50328
y,2,0,719,11732
y,2,0,720,9783
y,2,0,721,-21146
y,2,0,722,-81146
y,2,0,723,-39236
y,2,0,724,-26579
y,2,0,725,-43266
y,2,0,726,9684
y,2,0,727,36436
y,2,0,728,13347
y,2,0,729,31206
y,2,0,730,24386
y,2,0,731,-7204
y,2,0,732,1881
y,2,0,733,-13986
y,2,0,734,10640
y,2,0,735,10132
y,2,0,736,-15601
y,2,0,737,-1114
y,2,0,738,-12034
y,2,0,739,-48452
y,2,0,740,-44923
y,2,0,741,-67074
y,2,0,742,-114996
y,2,0,743,-57708
y,2,0,744,-26373
y,2,0,745,-21082
y,2,0,746,23610
y,2,0,747,42076
y,2,0,748,76209
y,2,0,749,85726
y,2,0,750,70536
y,2,0,751,30548
y,2,0,752,31207
y,2,0,753,6886
y,2,0,754,23030
y,2,0,755,14012
y,2,0,756,45277
y,2,0,757,51198
y,2,0,758,31684
y,2,0,759,-13356
y,2,0,760,-18477
y,2,0,761,-49306
y,2,0,762,-6862
y,2,0,763,13020
y,2,0,764,10249
y,2,0,765,-15266
y,2,0,766,1920
y,2,0,767,-27372
y,2,0,768,-12353
y,2,0,769,-18650
y,2,0,770,-46354
y,2,0,771,-30020
y,2,0,772,-35275
y,2,0,773,-62210
y,2,0,774,-45380
y,2,0,775,-50412
y,2,0,776,-11861
y,2,0,777,4646
y,2,0,778,-982
y,2,0,779,-28836
y,2,0,780,-13471
y,2,0,781,-20514
y,2,0,782,15480
y,2,0,783,28884
y,2,0,784,19607
y,2,0,785,53094
y,2,0,786,63718
y,2,0,787,27836
y,2,0,788,36237
y,2,0,789,23294
y,2,0,790,-11084
y,2,0,791,-1452
y,2,0,792,-13437
y,2,0,793,18406
y,2,0,794,28450
y,2,0,795,16604
y,2,0,796,48313
y,2,0,797,57950
y,2,0,798,45424
y,2,0,799,44180
y,2,0,800,23919
y,2,0,801,-15450
y,2,0,802,-8482
y,2,0,803,-20804
y,2,0,804,-52507
y,2,0,805,-38146
y,2,0,806,-43348
y,2,0,807,-26220
y,2,0,808,-27045
y,2,0,809,-45914
y,2,0,810,-82918
y,2,0,811,-72612
y,2,0,812,-80623
y,2,0,813,-41506
y,2,0,814,-20888
y,2,0,815,-18860
y,2,0,816,30023
y,2,0,817,60134
y,2,0,818,71382
y,2,0,819,63676
y,2,0,820,36925
y,2,0,821,56574
y,2,0,822,56996
y,2,0,823,38100
y,2,0,824,-205
y,2,0,825,7526
y,2,0,826,-27886
y,2,0,827,-15652
y,2,0,828,-21399
y,2,0,829,-45218
y,2,0,830,-21664
y,2,0,831,-16364
y,2,0,832,-29409
y,2,0,833,4646
y,2,0,834,20174
y,2,0,835,50620
y,2,0,836,65685
y,2,0,837,65278
y,2,0,838,49308
y,2,0,839,17684
y,2,0,840,-29685
y,2,0,841,-27354
y,2,0,842,-40950
y,2,0,843,-70564
y,2,0,844,-50751
y,2,0,845,-47138
y,2,0,846,-83368
y,2,0,847,-68652
y,2,0,848,-68617
y,2,0,849,-83354
y,2,0,850,-47418
y,2,0,851,-26436
y,2,0,852,-20499
y,2,0,853,35838
y,2,0,854,76948
y,2,0,855,102740
y,2,0,856,113123
y,2,0,857,108006
y,2,0,858,87298
y,2,0,859,50908
y,2,0,860,-1255
y,2,0,861,-3746
y,2,0,862,-22192
y,2,0,863,-56684
y,2,0,864,-41777
y,2,0,865,-43098
y,2,0,866,-18754
y,2,0,867,-9028
y,2,0,868,-14011
y,2,0,869,-33794
y,2,0,870,-2932
y,2,0,871,12948
y,2,0,872,47291
y,2,0,873,69798
y,2,0,874,80378
y,2,0,875,78940
y,2,0,876,65393
y,2,0,877,39646
y,2,0,878,1608
y,2,0,879,-48812
y,2,0,880,-46169
y,2,0,881,-56090
y,2,0,882,-78666
y,2,0,883,-113988
y,2,0,884,-96611
y,2,0,885,-115714
y,2,0,886,-80508
y,2,0,887,-56620
y,2,0,888,-44141
y,2,0,889,-43162
y,2,0,890,11762
y,2,0,891,55004
y,2,0,892,86473
y,2,0,893,106078
y,2,0,894,113728
y,2,0,895,109332
y,2,0,896,92799
y,2,0,897,64038
y,2,0,898,22958
y,2,0,899,-30532
y,2,0,900,-30987
y,2,0,901,-44034
y,2,0,902,-69764
y,2,0,903,-42732
y,2,0,904,-28565
y,2,0,905,-50906
y,2,0,906,-18966
y,2,0,907,1628
y,2,0,908,10785
y,2,0,909,41950
y,2,0,910,64824
y,2,0,911,79316
y,2,0,912,85335
y,2,0,913,82790
y,2,0,914,71590
y,2,0,915,51644
y,2,0,916,22861
y,2,0,917,-14850
y,2,0,918,-61580
y,2,0,919,-117420
y,2,0,920,-116925
y,2,0,921,-125722
y,2,0,922,-143902
y,2,0,923,-106020
y,2,0,924,-77703
y,2,0,925,-82594
y,2,0,926,-29904
y,2,0,927,14740
y,2,0,928,51247
y,2,0,929,79526
y,2,0,930,99486
y,2,0,931,111036
y,2,0,932,114085
y,2,0,933,108542
y,2,0,934,94316
y,2,0,935,71316
y,2,0,936,39451
y,2,0,937,-1370
y,2,0,938,-51238
y,2,0,939,-44708
y,2,0,940,-47407
y,2,0,941,-59426
y,2,0,942,-80856
y,2,0,943,-46252
y,2,0,944,-44793
y,2,0,945,-17690
y,2,0,946,4758
y,2,0,947,22460
y,2,0,948,35325
y,2,0,949,43262
y,2,0,950,46180
y,2,0,951,43988
y,2,0,952,36595
y,2,0,953,23910
y,2,0,954,5842
y,2,0,955,-17700
y,2,0,956,-46807
y,2,0,957,-81570
y,2,0,958,-122080
y,2,0,959,-102892
y,2,0,960,-89633
y,2,0,961,-82394
y,2,0,962,-81266
y,2,0,963,-20804
y,2,0,964,9813
y,2,0,965,35838
y,2,0,966,57180
y,2,0,967,73748
y,2,0,968,85451
y,2,0,969,92198
y,2,0,970,93898
y,2,0,971,90460
y,2,0,972,81793
y,2,0,973,67806
y,2,0,974,48408
y,2,0,975,23508
y,2,0,976,-6985
y,2,0,977,-43162
y,2,0,978,-85114
y,2,0,979,-67396
y,2,0,980,-55635
y,2,0,981,-49922
y,2,0,982,-16812
y,2,0,983,13396
y,2,0,984,17059
y,2,0,985,19430
y,2,0,986,20418
y,2,0,987,19932
y,2,0,988,17881
y,2,0,989,14174
y,2,0,990,8720
y,2,0,991,1428
y,2,0,992,-7793
y,2,0,993,-19034
y,2,0,994,-32386
y,2,0,995,-47940
y,2,0,996,-65787
y,2,0,997,-86018
y,2,0,998,-108724
y,2,0,999,-68460
y,2,0,1000,-30853
y,2,0,1001,4006
y,2,0,1002,36026
y,2,0,1003,65116
y,2,0,1004,67633
y,2,0,1005,68830
y,2,0,1006,68616
y,2,0,1007,66900
y,2,0,1008,63591
y,2,0,1009,58598
y,2,0,1010,51830
y,2,0,1011,43196
y,2,0,1012,32605
y,2,0,1013,19966
y,2,0,1014,5188
y,2,0,1015,-11820
y,2,0,1016,-31149
y,2,0,1017,-52890
y,2,0,1018,-43598
y,2,0,1019,-33572
y,2,0,1020,-22903
y,2,0,1021,-11682
y,2,0,1022,0
y,2,0,1023,0
y,3,0,0,8250
y,3,0,1,14767
y,3,0,2,19642
y,3,0,3,22966
y,3,0,4,24830
y,3,0,5,25325
y,3,0,6,24542
y,3,0,7,22572
y,3,0,8,19506
y,3,0,9,15435
y,3,0,10,10450
y,3,0,11,4642
y,3,0,12,-1898
y,3,0,13,-9079
y,3,0,14,-16810
y,3,0,15,-25000
y,3,0,16,-33558
y,3,0,17,-42393
y,3,0,18,-51414
y,3,0,19,-60530
y,3,0,20,-52754
y,3,0,21,-46683
y,3,0,22,-42226
y,3,0,23,-39292
y,3,0,24,-37790
y,3,0,25,-37629
y,3,0,26,-38718
y,3,0,27,-40966
y,3,0,28,-12282
y,3,0,29,12097
y,3,0,30,32262
y,3,0,31,48304
y,3,0,32,60314
y,3,0,33,68383
y,3,0,34,72602
y,3,0,35,73062
y,3,0,36,69854
y,3,0,37,63069
y,3,0,38,52798
y,3,0,39,39132
y,3,0,40,39058
y,3,0,41,33979
y,3,0,42,23986
y,3,0,43,9170
y,3,0,44,-10378
y,3,0,45,-34567
y,3,0,46,-63306
y,3,0,47,-96504
y,3,0,48,-68534
y,3,0,49,-44841
y,3,0,50,-25334
y,3,0,51,-9922
y,3,0,52,1486
y,3,0,53,8981
y,3,0,54,12654
y,3,0,55,12596
y,3,0,56,8898
y,3,0,57,1651
y,3,0,58,-9054
y,3,0,59,-6230
y,3,0,60,-8474
y,3,0,61,-15695
y,3,0,62,-27802
y,3,0,63,-44704
y,3,0,64,-66310
y,3,0,65,-60529
y,3,0,66,-62598
y,3,0,67,-72426
y,3,0,68,-24386
y,3,0,69,16077
y,3,0,70,49054
y,3,0,71,74636
y,3,0,72,92914
y,3,0,73,103979
y,3,0,74,107922
y,3,0,75,104834
y,3,0,76,94806
y,3,0,77,77929
y,3,0,78,54294
y,3,0,79,40888
y,3,0,80,19114
y,3,0,81,-10937
y,3,0,82,-49174
y,3,0,83,-95506
y,3,0,84,-149842
y,3,0,85,-146555
y,3,0,86,-151090
y,3,0,87,-97820
y,3,0,88,-52190
y,3,0,89,-14109
y,3,0,90,16514
y,3,0,91,39770
y,3,0,92,55750
y,3,0,93,64545
y,3,0,94,66246
y,3,0,95,60944
y,3,0,96,48730
y,3,0,97,29695
y,3,0,98,3930
y,3,0,99,-11578
y,3,0,100,-35426
y,3,0,101,-35523
y,3,0,102,-47106
y,3,0,103,-70084
y,3,0,104,-104366
y,3,0,105,-84325
y,3,0,106,-75406
y,3,0,107,-11982
y,3,0,108,40502
y,3,0,109,82137
y,3,0,110,113014
y,3,0,111,133224
y,3,0,112,142858
y,3,0,113,142007
y,3,0,114,130762
y,3,0,115,109214
y,3,0,116,77454
y,3,0,117,35573
y,3,0,118,558
y,3,0,119,-46188
y,3,0,120,-104574
y,3,0,121,-108973
y,3,0,122,-124830
y,3,0,123,-152054
y,3,0,124,-125018
y,3,0,125,-109167
y,3,0,126,-104410
y,3,0,127,-45120
y,3,0,128,3258
y,3,0,129,40815
y,3,0,130,67642
y,3,0,131,83830
y,3,0,132,89470
y,3,0,133,84653
y,3,0,134,69470
y,3,0,135,44012
y,3,0,136,8370
y,3,0,137,-37365
y,3,0,138,-44206
y,3,0,139,-66078
y,3,0,140,-102890
y,3,0,141,-89015
y,3,0,142,-89898
y,3,0,143,-105448
y,3,0,144,-70038
y,3,0,145,-49113
y,3,0,146,22954
y,3,0,147,80718
y,3,0,148,124270
y,3,0,149,153701
y,3,0,150,169102
y,3,0,151,170564
y,3,0,152,158178
y,3,0,153,132035
y,3,0,154,92226
y,3,0,155,38842
y,3,0,156,-28026
y,3,0,157,-108287
y,3,0,158,-119418
y,3,0,159,-145552
y,3,0,160,-121062
y,3,0,161,-111393
y,3,0,162,-116454
y,3,0,163,-136154
y,3,0,164,-104866
y,3,0,165,-88035
y,3,0,166,-20034
y,3,0,167,33692
y,3,0,168,73234
y,3,0,169,98683
y,3,0,170,110130
y,3,0,171,107666
y,3,0,172,91382
y,3,0,173,61369
y,3,0,174,49718
y,3,0,175,21192
y,3,0,176,-24118
y,3,0,177,-69225
y,3,0,178,-67190
y,3,0,179,-83458
y,3,0,180,-52402
y,3,0,181,-39467
y,3,0,182,-44562
y,3,0,183,-2060
y,3,0,184,22594
y,3,0,185,29491
y,3,0,186,84258
y,3,0,187,121450
y,3,0,188,141158
y,3,0,189,143473
y,3,0,190,128486
y,3,0,191,96288
y,3,0,192,46970
y,3,0,193,-19377
y,3,0,194,-37126
y,3,0,195,-71722
y,3,0,196,-123074
y,3,0,197,-108659
y,3,0,198,-112610
y,3,0,199,-134836
y,3,0,200,-109710
y,3,0,201,-102677
y,3,0,202,-113646
y,3,0,203,-76990
y,3,0,204,-58154
y,3,0,205,8489
y,3,0,206,57494
y,3,0,207,88952
y,3,0,208,102954
y,3,0,209,99591
y,3,0,210,78954
y,3,0,211,73134
y,3,0,212,46894
y,3,0,213,325
y,3,0,214,-946
y,3,0,215,-22364
y,3,0,216,-63838
y,3,0,217,-42845
y,3,0,218,-43518
y,3,0,219,-230
y,3,0,220,21574
y,3,0,221,21985
y,3,0,222,1094
y,3,0,223,24528
y,3,0,224,26842
y,3,0,225,73663
y,3,0,226,99546
y,3,0,227,104582
y,3,0,228,88862
y,3,0,229,52477
y,3,0,230,-4482
y,3,0,231,-16388
y,3,0,232,-48686
y,3,0,233,-35749
y,3,0,234,-43022
y,3,0,235,-70414
y,3,0,236,-117834
y,3,0,237,-102759
y,3,0,238,-109322
y,3,0,239,-71896
y,3,0,240,-55926
y,3,0,241,-61321
y,3,0,242,-22454
y,3,0,243,-4770
y,3,0,244,-8178
y,3,0,245,32949
y,3,0,246,53166
y,3,0,247,52564
y,3,0,248,63234
y,3,0,249,49939
y,3,0,250,12770
y,3,0,251,17354
y,3,0,252,-1754
y,3,0,253,21073
y,3,0,254,20390
y,3,0,255,-3712
y,3,0,256,31290
y,3,0,257,41263
y,3,0,258,26298
y,3,0,259,52022
y,3,0,260,52990
y,3,0,261,29293
y,3,0,262,46558
y,3,0,263,39340
y,3,0,264,7730
y,3,0,265,17355
y,3,0,266,2770
y,3,0,267,-35934
y,3,0,268,-33130
y,3,0,269,-54263
y,3,0,270,-33706
y,3,0,271,-36904
y,3,0,272,-63766
y,3,0,273,-48665
y,3,0,274,-57046
y,3,0,275,-88818
y,3,0,276,-61458
y,3,0,277,-59099
y,3,0,278,-16114
y,3,0,279,2052
y,3,0,280,-4510
y,3,0,281,-35709
y,3,0,282,-25918
y,3,0,283,-40582
y,3,0,284,17926
y,3,0,285,48833
y,3,0,286,52230
y,3,0,287,28208
y,3,0,288,42394
y,3,0,289,29343
y,3,0,290,54682
y,3,0,291,52966
y,3,0,292,89822
y,3,0,293,99805
y,3,0,294,83006
y,3,0,295,39516
y,3,0,296,51858
y,3,0,297,35899
y,3,0,298,57266
y,3,0,299,50514
y,3,0,300,15734
y,3,0,301,-46983
y,3,0,302,-72010
y,3,0,303,-124792
y,3,0,304,-74166
y,3,0,305,-51113
y,3,0,306,-55542
y,3,0,307,-21826
y,3,0,308,-15410
y,3,0,309,-36203
y,3,0,310,-18578
y,3,0,311,-27980
y,3,0,312,1218
y,3,0,313,3571
y,3,0,314,-20830
y,3,0,315,10538
y,3,0,316,13542
y,3,0,317,-11727
y,3,0,318,358
y,3,0,319,-15648
y,3,0,320,-59654
y,3,0,321,-34033
y,3,0,322,-39558
y,3,0,323,-76138
y,3,0,324,-12610
y,3,0,325,20045
y,3,0,326,21918
y,3,0,327,58636
y,3,0,328,64754
y,3,0,329,105899
y,3,0,330,116626
y,3,0,331,97026
y,3,0,332,112726
y,3,0,333,98281
y,3,0,334,53782
y,3,0,335,61752
y,3,0,336,38058
y,3,0,337,-17209
y,3,0,338,-38422
y,3,0,339,-91026
y,3,0,340,-174930
y,3,0,341,-158971
y,3,0,342,-174130
y,3,0,343,-89244
y,3,0,344,-35294
y,3,0,345,-12189
y,3,0,346,-19838
y,3,0,347,7386
y,3,0,348,4038
y,3,0,349,35745
y,3,0,350,37062
y,3,0,351,73616
y,3,0,352,79962
y,3,0,353,56191
y,3,0,354,2394
y,3,0,355,1094
y,3,0,356,-31842
y,3,0,357,1213
y,3,0,358,-514
y,3,0,359,-36932
y,3,0,360,-107950
y,3,0,361,-82405
y,3,0,362,-91278
y,3,0,363,-3406
y,3,0,364,50230
y,3,0,365,69721
y,3,0,366,120694
y,3,0,367,137704
y,3,0,368,120842
y,3,0,369,135735
y,3,0,370,116938
y,3,0,371,130078
y,3,0,372,109710
y,3,0,373,55925
y,3,0,374,-14290
y,3,0,375,-53996
y,3,0,376,-128638
y,3,0,377,-107053
y,3,0,378,-120222
y,3,0,379,-168054
y,3,0,380,-119386
y,3,0,381,-105199
y,3,0,382,-125402
y,3,0,383,-48832
y,3,0,384,-6470
y,3,0,385,1775
y,3,0,386,41530
y,3,0,387,47350
y,3,0,388,84862
y,3,0,389,88621
y,3,0,390,58718
y,3,0,391,60780
y,3,0,392,29362
y,3,0,393,-35445
y,3,0,394,-19118
y,3,0,395,-41118
y,3,0,396,-101354
y,3,0,397,-68663
y,3,0,398,-74026
y,3,0,399,-117352
y,3,0,400,-67478
y,3,0,401,-55385
y,3,0,402,50090
y,3,0,403,117966
y,3,0,404,148334
y,3,0,405,141285
y,3,0,406,162446
y,3,0,407,146372
y,3,0,408,158690
y,3,0,409,133955
y,3,0,410,72258
y,3,0,411,39226
y,3,0,412,-30586
y,3,0,413,-137087
y,3,0,414,-132218
y,3,0,415,-165648
y,3,0,416,-106214
y,3,0,417,-84897
y,3,0,418,-101606
y,3,0,419,-156250
y,3,0,420,-117666
y,3,0,421,-116835
y,3,0,422,-22594
y,3,0,423,34076
y,3,0,424,53266
y,3,0,425,100603
y,3,0,426,110642
y,3,0,427,83474
y,3,0,428,84726
y,3,0,429,48953
y,3,0,430,73782
y,3,0,431,58440
y,3,0,432,3018
y,3,0,433,-75497
y,3,0,434,-64630
y,3,0,435,-95362
y,3,0,436,-36530
y,3,0,437,-19115
y,3,0,438,-43026
y,3,0,439,22900
y,3,0,440,47682
y,3,0,441,31411
y,3,0,442,105250
y,3,0,443,138218
y,3,0,444,130406
y,3,0,445,147441
y,3,0,446,123878
y,3,0,447,59808
y,3,0,448,20858
y,3,0,449,-58417
y,3,0,450,-46854
y,3,0,451,-75434
y,3,0,452,-144066
y,3,0,453,-104691
y,3,0,454,-106978
y,3,0,455,-150836
y,3,0,456,-105102
y,3,0,457,-100757
y,3,0,458,-137710
y,3,0,459,-84798
y,3,0,460,-73002
y,3,0,461,28841
y,3,0,462,89750
y,3,0,463,109816
y,3,0,464,89130
y,3,0,465,93319
y,3,0,466,56938
y,3,0,467,77614
y,3,0,468,54574
y,3,0,469,-12091
y,3,0,470,8782
y,3,0,471,-13788
y,3,0,472,-79710
y,3,0,473,-40925
y,3,0,474,-47102
y,3,0,475,32922
y,3,0,476,68166
y,3,0,477,58721
y,3,0,478,4678
y,3,0,479,37200
y,3,0,480,25306
y,3,0,481,100159
y,3,0,482,130778
y,3,0,483,117254
y,3,0,484,59678
y,3,0,485,23677
y,3,0,486,-56194
y,3,0,487,-48772
y,3,0,488,-85038
y,3,0,489,-33829
y,3,0,490,-26126
y,3,0,491,-61838
y,3,0,492,-140874
y,3,0,493,-115175
y,3,0,494,-134410
y,3,0,495,-67416
y,3,0,496,-45174
y,3,0,497,-67593
y,3,0,498,-3510
y,3,0,499,16094
y,3,0,500,-8690
y,3,0,501,53301
y,3,0,502,71086
y,3,0,503,44756
y,3,0,504,71938
y,3,0,505,51859
y,3,0,506,-15390
y,3,0,507,1354
y,3,0,508,-28890
y,3,0,509,25041
y,3,0,510,32166
y,3,0,511,-16549
y,3,0,512,29654
y,3,0,513,30998
y,3,0,514,-12608
y,3,0,515,29817
y,3,0,516,27110
y,3,0,517,-20820
y,3,0,518,17008
y,3,0,519,9431
y,3,0,520,-43642
y,3,0,521,-11230
y,3,0,522,-24496
y,3,0,523,-83531
y,3,0,524,-57354
y,3,0,525,-77128
y,3,0,526,-11872
y,3,0,527,7251
y,3,0,528,-19850
y,3,0,529,37806
y,3,0,530,49056
y,3,0,531,-4879
y,3,0,532,27462
y,3,0,533,14916
y,3,0,534,88464
y,3,0,535,116943
y,3,0,536,100262
y,3,0,537,38330
y,3,0,538,62128
y,3,0,539,40493
y,3,0,540,72406
y,3,0,541,62032
y,3,0,542,9280
y,3,0,543,-85941
y,3,0,544,-92650
y,3,0,545,-142010
y,3,0,546,-103040
y,3,0,547,-106903
y,3,0,548,-22618
y,3,0,549,18652
y,3,0,550,16816
y,3,0,551,-46905
y,3,0,552,-21050
y,3,0,553,-36782
y,3,0,554,36880
y,3,0,555,68773
y,3,0,556,58806
y,3,0,557,6888
y,3,0,558,44000
y,3,0,559,38979
y,3,0,560,57270
y,3,0,561,33246
y,3,0,562,-33184
y,3,0,563,-11039
y,3,0,564,-31482
y,3,0,565,-94604
y,3,0,566,-69424
y,3,0,567,-87105
y,3,0,568,-16666
y,3,0,569,10730
y,3,0,570,-23696
y,3,0,571,31517
y,3,0,572,45206
y,3,0,573,17280
y,3,0,574,78720
y,3,0,575,98363
y,3,0,576,76118
y,3,0,577,110966
y,3,0,578,107072
y,3,0,579,64345
y,3,0,580,48230
y,3,0,581,-6900
y,3,0,582,-101136
y,3,0,583,-103497
y,3,0,584,-145146
y,3,0,585,-95102
y,3,0,586,-84528
y,3,0,587,-113515
y,3,0,588,-51082
y,3,0,589,-28392
y,3,0,590,-64224
y,3,0,591,-7117
y,3,0,592,11766
y,3,0,593,-7666
y,3,0,594,65568
y,3,0,595,100305
y,3,0,596,96454
y,3,0,597,119460
y,3,0,598,103696
y,3,0,599,114607
y,3,0,600,86566
y,3,0,601,19482
y,3,0,602,-86736
y,3,0,603,-101107
y,3,0,604,-154794
y,3,0,605,-116816
y,3,0,606,-118336
y,3,0,607,-28373
y,3,0,608,21910
y,3,0,609,32422
y,3,0,610,-15616
y,3,0,611,29257
y,3,0,612,35878
y,3,0,613,103228
y,3,0,614,135472
y,3,0,615,132519
y,3,0,616,94278
y,3,0,617,86194
y,3,0,618,42640
y,3,0,619,29061
y,3,0,620,-20170
y,3,0,621,-105144
y,3,0,622,-94880
y,3,0,623,-120541
y,3,0,624,-182218
y,3,0,625,-148930
y,3,0,626,-151840
y,3,0,627,-59967
y,3,0,628,-4474
y,3,0,629,-4140
y,3,0,630,-38576
y,3,0,631,23199
y,3,0,632,50022
y,3,0,633,107338
y,3,0,634,129520
y,3,0,635,116477
y,3,0,636,133654
y,3,0,637,115424
y,3,0,638,61696
y,3,0,639,37915
y,3,0,640,-21546
y,3,0,641,-116778
y,3,0,642,-116800
y,3,0,643,-152775
y,3,0,644,-93722
y,3,0,645,-70804
y,3,0,646,-84112
y,3,0,647,-2665
y,3,0,648,42374
y,3,0,649,32226
y,3,0,650,86352
y,3,0,651,108917
y,3,0,652,99830
y,3,0,653,124536
y,3,0,654,117408
y,3,0,655,78355
y,3,0,656,72822
y,3,0,657,35182
y,3,0,658,30880
y,3,0,659,-5711
y,3,0,660,-74682
y,3,0,661,-176124
y,3,0,662,-179056
y,3,0,663,-214641
y,3,0,664,-151898
y,3,0,665,-121990
y,3,0,666,-125008
y,3,0,667,-29971
y,3,0,668,31958
y,3,0,669,42000
y,3,0,670,86080
y,3,0,671,98571
y,3,0,672,144918
y,3,0,673,159494
y,3,0,674,142208
y,3,0,675,92969
y,3,0,676,77222
y,3,0,677,29340
y,3,0,678,14768
y,3,0,679,-32121
y,3,0,680,-111418
y,3,0,681,-92142
y,3,0,682,-105456
y,3,0,683,-151451
y,3,0,684,-99146
y,3,0,685,-79704
y,3,0,686,5856
y,3,0,687,61699
y,3,0,688,69046
y,3,0,689,48286
y,3,0,690,64864
y,3,0,691,53153
y,3,0,692,78598
y,3,0,693,75572
y,3,0,694,43984
y,3,0,695,49279
y,3,0,696,25830
y,3,0,697,-26454
y,3,0,698,-42128
y,3,0,699,-86819
y,3,0,700,-160618
y,3,0,701,-132544
y,3,0,702,-133760
y,3,0,703,-164357
y,3,0,704,-93354
y,3,0,705,-51914
y,3,0,706,25408
y,3,0,707,72985
y,3,0,708,72038
y,3,0,709,108492
y,3,0,710,116720
y,3,0,711,96631
y,3,0,712,113670
y,3,0,713,102210
y,3,0,714,62160
y,3,0,715,58965
y,3,0,716,26998
y,3,0,717,31704
y,3,0,718,7456
y,3,0,719,-45837
y,3,0,720,-128266
y,3,0,721,-108850
y,3,0,722,-118752
y,3,0,723,-58991
y,3,0,724,-25402
y,3,0,725,-18076
y,3,0,726,28432
y,3,0,727,48495
y,3,0,728,23334
y,3,0,729,38874
y,3,0,730,29488
y,3,0,731,60621
y,3,0,732,66646
y,3,0,733,47472
y,3,0,734,3008
y,3,0,735,-1301
y,3,0,736,-31082
y,3,0,737,-20890
y,3,0,738,-36352
y,3,0,739,-77559
y,3,0,740,-144602
y,3,0,741,-106500
y,3,0,742,-94416
y,3,0,743,-42905
y,3,0,744,-17594
y,3,0,745,46962
y,3,0,746,85136
y,3,0,747,96837
y,3,0,748,63286
y,3,0,749,70408
y,3,0,750,52576
y,3,0,751,75235
y,3,0,752,72758
y,3,0,753,45054
y,3,0,754,57568
y,3,0,755,44673
y,3,0,756,6278
y,3,0,757,7828
y,3,0,758,-16304
y,3,0,759,-66209
y,3,0,760,-42906
y,3,0,761,-42230
y,3,0,762,-64272
y,3,0,763,-43587
y,3,0,764,-45802
y,3,0,765,-5472
y,3,0,766,11776
y,3,0,767,-12837
y,3,0,768,6614
y,3,0,769,4502
y,3,0,770,-19264
y,3,0,771,761
y,3,0,772,-1050
y,3,0,773,-24788
y,3,0,774,-5008
y,3,0,775,-7337
y,3,0,776,-31866
y,3,0,777,-13150
y,3,0,778,-16816
y,3,0,779,-42955
y,3,0,780,-26122
y,3,0,781,-31944
y,3,0,782,5024
y,3,0,783,19155
y,3,0,784,10358
y,3,0,785,44078
y,3,0,786,54688
y,3,0,787,23409
y,3,0,788,36166
y,3,0,789,27332
y,3,0,790,62352
y,3,0,791,75599
y,3,0,792,66982
y,3,0,793,36410
y,3,0,794,49328
y,3,0,795,40109
y,3,0,796,42198
y,3,0,797,25296
y,3,0,798,-10688
y,3,0,799,-65845
y,3,0,800,-74730
y,3,0,801,-102970
y,3,0,802,-85120
y,3,0,803,-86807
y,3,0,804,-42586
y,3,0,805,-18084
y,3,0,806,-13392
y,3,0,807,-47289
y,3,0,808,-33850
y,3,0,809,-38702
y,3,0,810,3600
y,3,0,811,27429
y,3,0,812,32694
y,3,0,813,19304
y,3,0,814,52704
y,3,0,815,67267
y,3,0,816,62902
y,3,0,817,39518
y,3,0,818,-2976
y,3,0,819,865
y,3,0,820,-14586
y,3,0,821,-49420
y,3,0,822,-38192
y,3,0,823,-46529
y,3,0,824,-8986
y,3,0,825,8810
y,3,0,826,-11920
y,3,0,827,14749
y,3,0,828,23190
y,3,0,829,13312
y,3,0,830,50560
y,3,0,831,69307
y,3,0,832,69462
y,3,0,833,84470
y,3,0,834,84032
y,3,0,835,68057
y,3,0,836,36454
y,3,0,837,-10868
y,3,0,838,-74000
y,3,0,839,-87497
y,3,0,840,-116986
y,3,0,841,-97022
y,3,0,842,-93232
y,3,0,843,-105707
y,3,0,844,-69002
y,3,0,845,-48744
y,3,0,846,-63712
y,3,0,847,-27981
y,3,0,848,-7178
y,3,0,849,-1394
y,3,0,850,54816
y,3,0,851,95825
y,3,0,852,121542
y,3,0,853,131876
y,3,0,854,126736
y,3,0,855,106031
y,3,0,856,69670
y,3,0,857,17562
y,3,0,858,-50384
y,3,0,859,-68723
y,3,0,860,-103082
y,3,0,861,-88016
y,3,0,862,-89152
y,3,0,863,-41045
y,3,0,864,-9322
y,3,0,865,5926
y,3,0,866,-14080
y,3,0,867,16585
y,3,0,868,32294
y,3,0,869,66492
y,3,0,870,88880
y,3,0,871,99367
y,3,0,872,97862
y,3,0,873,84274
y,3,0,874,58512
y,3,0,875,20485
y,3,0,876,-29898
y,3,0,877,-92728
y,3,0,878,-102560
y,3,0,879,-125021
y,3,0,880,-160202
y,3,0,881,-142658
y,3,0,882,-138016
y,3,0,883,-80831
y,3,0,884,-36730
y,3,0,885,-24492
y,3,0,886,-23728
y,3,0,887,31007
y,3,0,888,74086
y,3,0,889,105418
y,3,0,890,124912
y,3,0,891,132477
y,3,0,892,128022
y,3,0,893,111456
y,3,0,894,82688
y,3,0,895,41627
y,3,0,896,-11818
y,3,0,897,-77738
y,3,0,898,-90688
y,3,0,899,-116295
y,3,0,900,-89114
y,3,0,901,-74772
y,3,0,902,-73360
y,3,0,903,-19433
y,3,0,904,21382
y,3,0,905,30306
y,3,0,906,61264
y,3,0,907,83957
y,3,0,908,98294
y,3,0,909,104184
y,3,0,910,101536
y,3,0,911,90259
y,3,0,912,70262
y,3,0,913,41454
y,3,0,914,3744
y,3,0,915,-42959
y,3,0,916,-98746
y,3,0,917,-163708
y,3,0,918,-172400
y,3,0,919,-190449
y,3,0,920,-152410
y,3,0,921,-123910
y,3,0,922,-105040
y,3,0,923,-30355
y,3,0,924,34518
y,3,0,925,70800
y,3,0,926,98880
y,3,0,927,118667
y,3,0,928,130070
y,3,0,929,132998
y,3,0,930,127360
y,3,0,931,113065
y,3,0,932,90022
y,3,0,933,58140
y,3,0,934,17328
y,3,0,935,-32505
y,3,0,936,-91450
y,3,0,937,-94062
y,3,0,938,-105968
y,3,0,939,-127259
y,3,0,940,-92490
y,3,0,941,-67288
y,3,0,942,-18208
y,3,0,943,24451
y,3,0,944,41910
y,3,0,945,54558
y,3,0,946,62304
y,3,0,947,65057
y,3,0,948,62726
y,3,0,949,55220
y,3,0,950,42448
y,3,0,951,24319
y,3,0,952,742
y,3,0,953,-28374
y,3,0,954,-63120
y,3,0,955,-103587
y,3,0,956,-149866
y,3,0,957,-136512
y,3,0,958,-129152
y,3,0,959,-127877
y,3,0,960,-67242
y,3,0,961,-12874
y,3,0,962,35136
y,3,0,963,76697
y,3,0,964,93030
y,3,0,965,104524
y,3,0,966,111088
y,3,0,967,112631
y,3,0,968,109062
y,3,0,969,100290
y,3,0,970,86224
y,3,0,971,66773
y,3,0,972,41846
y,3,0,973,11352
y,3,0,974,-24800
y,3,0,975,-66701
y,3,0,976,-114442
y,3,0,977,-102578
y,3,0,978,-96736
y,3,0,979,-63471
y,3,0,980,-33082
y,3,0,981,-5660
y,3,0,982,18704
y,3,0,983,39919
y,3,0,984,39206
y,3,0,985,36954
y,3,0,986,33072
y,3,0,987,27469
y,3,0,988,20054
y,3,0,989,10736
y,3,0,990,-576
y,3,0,991,-13973
y,3,0,992,-29546
y,3,0,993,-47386
y,3,0,994,-67584
y,3,0,995,-90231
y,3,0,996,-115418
y,3,0,997,-77700
y,3,0,998,-42704
y,3,0,999,-10521
y,3,0,1000,18758
y,3,0,1001,45042
y,3,0,1002,68240
y,3,0,1003,88261
y,3,0,1004,86326
y,3,0,1005,82824
y,3,0,1006,77664
y,3,0,1007,70755
y,3,0,1008,62006
y,3,0,1009,51326
y,3,0,1010,38624
y,3,0,1011,23809
y,3,0,1012,6790
y,3,0,1013,-12524
y,3,0,1014,-34224
y,3,0,1015,-58401
y,3,0,1016,-51610
y,3,0,1017,-44150
y,3,0,1018,-36112
y,3,0,1019,-27587
y,3,0,1020,-18666
y,3,0,1021,-9440
y,3,0,1022,0
y,3,0,1023,0
