kind,cout,cin,index,value
x,0,0,0,-125
x,0,0,1,-112
x,0,0,2,-99
x,0,0,3,-86
x,0,0,4,-73
x,0,0,5,-60
x,0,0,6,-47
x,0,0,7,-34
x,0,0,8,-21
x,0,0,9,-8
x,0,0,10,5
x,0,0,11,18
x,0,0,12,31
x,0,0,13,44
x,0,0,14,57
x,0,0,15,70
x,0,0,16,83
x,0,0,17,96
x,0,0,18,109
x,0,0,19,122
x,0,0,20,-121
x,0,0,21,-108
x,0,0,22,-95
x,0,0,23,-82
x,0,0,24,-69
x,0,0,25,-56
x,0,0,26,-43
x,0,0,27,-30
x,0,0,28,-17
x,0,0,29,-4
x,0,0,30,9
x,0,0,31,22
x,0,0,32,35
x,0,0,33,48
x,0,0,34,61
x,0,0,35,74
x,0,0,36,87
x,0,0,37,100
x,0,0,38,113
x,0,0,39,126
x,0,0,40,-117
x,0,0,41,-104
x,0,0,42,-91
x,0,0,43,-78
x,0,0,44,-65
x,0,0,45,-52
x,0,0,46,-39
x,0,0,47,-26
x,0,0,48,-13
x,0,0,49,0
x,0,0,50,13
x,0,0,51,26
x,0,0,52,39
x,0,0,53,52
x,0,0,54,65
x,0,0,55,78
x,0,0,56,91
x,0,0,57,104
x,0,0,58,117
x,0,0,59,-126
x,0,0,60,-113
x,0,0,61,-100
x,0,0,62,-87
x,0,0,63,-74
x,0,0,64,-61
x,0,0,65,-48
x,0,0,66,-35
x,0,0,67,-22
x,0,0,68,-9
x,0,0,69,4
x,0,0,70,17
x,0,0,71,30
x,0,0,72,43
x,0,0,73,56
x,0,0,74,69
x,0,0,75,82
x,0,0,76,95
x,0,0,77,108
x,0,0,78,121
x,0,0,79,-122
x,0,0,80,-109
x,0,0,81,-96
x,0,0,82,-83
x,0,0,83,-70
x,0,0,84,-57
x,0,0,85,-44
x,0,0,86,-31
x,0,0,87,-18
x,0,0,88,-5
x,0,0,89,8
x,0,0,90,21
x,0,0,91,34
x,0,0,92,47
x,0,0,93,60
x,0,0,94,73
x,0,0,95,86
x,0,0,96,99
x,0,0,97,112
x,0,0,98,125
x,0,0,99,-118
x,0,0,100,-105
x,0,0,101,-92
x,0,0,102,-79
x,0,0,103,-66
x,0,0,104,-53
x,0,0,105,-40
x,0,0,106,-27
x,0,0,107,-14
x,0,0,108,-1
x,0,0,109,12
x,0,0,110,25
x,0,0,111,38
x,0,0,112,51
x,0,0,113,64
x,0,0,114,77
x,0,0,115,90
x,0,0,116,103
x,0,0,117,116
x,0,0,118,-127
x,0,0,119,-114
x,0,0,120,-101
x,0,0,121,-88
x,0,0,122,-75
x,0,0,123,-62
x,0,0,124,-49
x,0,0,125,-36
x,0,0,126,-23
x,0,0,127,-10
x,0,0,128,3
x,0,0,129,16
x,0,0,130,29
x,0,0,131,42
x,0,0,132,55
x,0,0,133,68
x,0,0,134,81
x,0,0,135,94
x,0,0,136,107
x,0,0,137,120
x,0,0,138,-123
x,0,0,139,-110
x,0,0,140,-97
x,0,0,141,-84
x,0,0,142,-71
x,0,0,143,-58
x,0,0,144,-45
x,0,0,145,-32
x,0,0,146,-19
x,0,0,147,-6
x,0,0,148,7
x,0,0,149,20
x,0,0,150,33
x,0,0,151,46
x,0,0,152,59
x,0,0,153,72
x,0,0,154,85
x,0,0,155,98
x,0,0,156,111
x,0,0,157,124
x,0,0,158,-119
x,0,0,159,-106
x,0,0,160,-93
x,0,0,161,-80
x,0,0,162,-67
x,0,0,163,-54
x,0,0,164,-41
x,0,0,165,-28
x,0,0,166,-15
x,0,0,167,-2
x,0,0,168,11
x,0,0,169,24
x,0,0,170,37
x,0,0,171,50
x,0,0,172,63
x,0,0,173,76
x,0,0,174,89
x,0,0,175,102
x,0,0,176,115
x,0,0,177,-128
x,0,0,178,-115
x,0,0,179,-102
x,0,0,180,-89
x,0,0,181,-76
x,0,0,182,-63
x,0,0,183,-50
x,0,0,184,-37
x,0,0,185,-24
x,0,0,186,-11
x,0,0,187,2
x,0,0,188,15
x,0,0,189,28
x,0,0,190,41
x,0,0,191,54
x,0,0,192,67
x,0,0,193,80
x,0,0,194,93
x,0,0,195,106
x,0,0,196,119
x,0,0,197,-124
x,0,0,198,-111
x,0,0,199,-98
x,0,0,200,-85
x,0,0,201,-72
x,0,0,202,-59
x,0,0,203,-46
x,0,0,204,-33
x,0,0,205,-20
x,0,0,206,-7
x,0,0,207,6
x,0,0,208,19
x,0,0,209,32
x,0,0,210,45
x,0,0,211,58
x,0,0,212,71
x,0,0,213,84
x,0,0,214,97
x,0,0,215,110
x,0,0,216,123
x,0,0,217,-120
x,0,0,218,-107
x,0,0,219,-94
x,0,0,220,-81
x,0,0,221,-68
x,0,0,222,-55
x,0,0,223,-42
x,0,0,224,-29
x,0,0,225,-16
x,0,0,226,-3
x,0,0,227,10
x,0,0,228,23
x,0,0,229,36
x,0,0,230,49
x,0,0,231,62
x,0,0,232,75
x,0,0,233,88
x,0,0,234,101
x,0,0,235,114
x,0,0,236,127
x,0,0,237,-116
x,0,0,238,-103
x,0,0,239,-90
x,0,0,240,-77
x,0,0,241,-64
x,0,0,242,-51
x,0,0,243,-38
x,0,0,244,-25
x,0,0,245,-12
x,0,0,246,1
x,0,0,247,14
x,0,0,248,27
x,0,0,249,40
x,0,0,250,53
x,0,0,251,66
x,0,0,252,79
x,0,0,253,92
x,0,0,254,105
x,0,0,255,118
x,0,1,0,-108
x,0,1,1,-95
x,0,1,2,-82
x,0,1,3,-69
x,0,1,4,-56
x,0,1,5,-43
x,0,1,6,-30
x,0,1,7,-17
x,0,1,8,-4
x,0,1,9,9
x,0,1,10,22
x,0,1,11,35
x,0,1,12,48
x,0,1,13,61
x,0,1,14,74
x,0,1,15,87
x,0,1,16,100
x,0,1,17,113
x,0,1,18,126
x,0,1,19,-117
x,0,1,20,-104
x,0,1,21,-91
x,0,1,22,-78
x,0,1,23,-65
x,0,1,24,-52
x,0,1,25,-39
x,0,1,26,-26
x,0,1,27,-13
x,0,1,28,0
x,0,1,29,13
x,0,1,30,26
x,0,1,31,39
x,0,1,32,52
x,0,1,33,65
x,0,1,34,78
x,0,1,35,91
x,0,1,36,104
x,0,1,37,117
x,0,1,38,-126
x,0,1,39,-113
x,0,1,40,-100
x,0,1,41,-87
x,0,1,42,-74
x,0,1,43,-61
x,0,1,44,-48
x,0,1,45,-35
x,0,1,46,-22
x,0,1,47,-9
x,0,1,48,4
x,0,1,49,17
x,0,1,50,30
x,0,1,51,43
x,0,1,52,56
x,0,1,53,69
x,0,1,54,82
x,0,1,55,95
x,0,1,56,108
x,0,1,57,121
x,0,1,58,-122
x,0,1,59,-109
x,0,1,60,-96
x,0,1,61,-83
x,0,1,62,-70
x,0,1,63,-57
x,0,1,64,-44
x,0,1,65,-31
x,0,1,66,-18
x,0,1,67,-5
x,0,1,68,8
x,0,1,69,21
x,0,1,70,34
x,0,1,71,47
x,0,1,72,60
x,0,1,73,73
x,0,1,74,86
x,0,1,75,99
x,0,1,76,112
x,0,1,77,125
x,0,1,78,-118
x,0,1,79,-105
x,0,1,80,-92
x,0,1,81,-79
x,0,1,82,-66
x,0,1,83,-53
x,0,1,84,-40
x,0,1,85,-27
x,0,1,86,-14
x,0,1,87,-1
x,0,1,88,12
x,0,1,89,25
x,0,1,90,38
x,0,1,91,51
x,0,1,92,64
x,0,1,93,77
x,0,1,94,90
x,0,1,95,103
x,0,1,96,116
x,0,1,97,-127
x,0,1,98,-114
x,0,1,99,-101
x,0,1,100,-88
x,0,1,101,-75
x,0,1,102,-62
x,0,1,103,-49
x,0,1,104,-36
x,0,1,105,-23
x,0,1,106,-10
x,0,1,107,3
x,0,1,108,16
x,0,1,109,29
x,0,1,110,42
x,0,1,111,55
x,0,1,112,68
x,0,1,113,81
x,0,1,114,94
x,0,1,115,107
x,0,1,116,120
x,0,1,117,-123
x,0,1,118,-110
x,0,1,119,-97
x,0,1,120,-84
x,0,1,121,-71
x,0,1,122,-58
x,0,1,123,-45
x,0,1,124,-32
x,0,1,125,-19
x,0,1,126,-6
x,0,1,127,7
x,0,1,128,20
x,0,1,129,33
x,0,1,130,46
x,0,1,131,59
x,0,1,132,72
x,0,1,133,85
x,0,1,134,98
x,0,1,135,111
x,0,1,136,124
x,0,1,137,-119
x,0,1,138,-106
x,0,1,139,-93
x,0,1,140,-80
x,0,1,141,-67
x,0,1,142,-54
x,0,1,143,-41
x,0,1,144,-28
x,0,1,145,-15
x,0,1,146,-2
x,0,1,147,11
x,0,1,148,24
x,0,1,149,37
x,0,1,150,50
x,0,1,151,63
x,0,1,152,76
x,0,1,153,89
x,0,1,154,102
x,0,1,155,115
x,0,1,156,-128
x,0,1,157,-115
x,0,1,158,-102
x,0,1,159,-89
x,0,1,160,-76
x,0,1,161,-63
x,0,1,162,-50
x,0,1,163,-37
x,0,1,164,-24
x,0,1,165,-11
x,0,1,166,2
x,0,1,167,15
x,0,1,168,28
x,0,1,169,41
x,0,1,170,54
x,0,1,171,67
x,0,1,172,80
x,0,1,173,93
x,0,1,174,106
x,0,1,175,119
x,0,1,176,-124
x,0,1,177,-111
x,0,1,178,-98
x,0,1,179,-85
x,0,1,180,-72
x,0,1,181,-59
x,0,1,182,-46
x,0,1,183,-33
x,0,1,184,-20
x,0,1,185,-7
x,0,1,186,6
x,0,1,187,19
x,0,1,188,32
x,0,1,189,45
x,0,1,190,58
x,0,1,191,71
x,0,1,192,84
x,0,1,193,97
x,0,1,194,110
x,0,1,195,123
x,0,1,196,-120
x,0,1,197,-107
x,0,1,198,-94
x,0,1,199,-81
x,0,1,200,-68
x,0,1,201,-55
x,0,1,202,-42
x,0,1,203,-29
x,0,1,204,-16
x,0,1,205,-3
x,0,1,206,10
x,0,1,207,23
x,0,1,208,36
x,0,1,209,49
x,0,1,210,62
x,0,1,211,75
x,0,1,212,88
x,0,1,213,101
x,0,1,214,114
x,0,1,215,127
x,0,1,216,-116
x,0,1,217,-103
x,0,1,218,-90
x,0,1,219,-77
x,0,1,220,-64
x,0,1,221,-51
x,0,1,222,-38
x,0,1,223,-25
x,0,1,224,-12
x,0,1,225,1
x,0,1,226,14
x,0,1,227,27
x,0,1,228,40
x,0,1,229,53
x,0,1,230,66
x,0,1,231,79
x,0,1,232,92
x,0,1,233,105
x,0,1,234,118
x,0,1,235,-125
x,0,1,236,-112
x,0,1,237,-99
x,0,1,238,-86
x,0,1,239,-73
x,0,1,240,-60
x,0,1,241,-47
x,0,1,242,-34
x,0,1,243,-21
x,0,1,244,-8
x,0,1,245,5
x,0,1,246,18
x,0,1,247,31
x,0,1,248,44
x,0,1,249,57
x,0,1,250,70
x,0,1,251,83
x,0,1,252,96
x,0,1,253,109
x,0,1,254,122
x,0,1,255,-121
x,0,2,0,-91
x,0,2,1,-78
x,0,2,2,-65
x,0,2,3,-52
x,0,2,4,-39
x,0,2,5,-26
x,0,2,6,-13
x,0,2,7,0
x,0,2,8,13
x,0,2,9,26
x,0,2,10,39
x,0,2,11,52
x,0,2,12,65
x,0,2,13,78
x,0,2,14,91
x,0,2,15,104
x,0,2,16,117
x,0,2,17,-126
x,0,2,18,-113
x,0,2,19,-100
x,0,2,20,-87
x,0,2,21,-74
x,0,2,22,-61
x,0,2,23,-48
x,0,2,24,-35
x,0,2,25,-22
x,0,2,26,-9
x,0,2,27,4
x,0,2,28,17
x,0,2,29,30
x,0,2,30,43
x,0,2,31,56
x,0,2,32,69
x,0,2,33,82
x,0,2,34,95
x,0,2,35,108
x,0,2,36,121
x,0,2,37,-122
x,0,2,38,-109
x,0,2,39,-96
x,0,2,40,-83
x,0,2,41,-70
x,0,2,42,-57
x,0,2,43,-44
x,0,2,44,-31
x,0,2,45,-18
x,0,2,46,-5
x,0,2,47,8
x,0,2,48,21
x,0,2,49,34
x,0,2,50,47
x,0,2,51,60
x,0,2,52,73
x,0,2,53,86
x,0,2,54,99
x,0,2,55,112
x,0,2,56,125
x,0,2,57,-118
x,0,2,58,-105
x,0,2,59,-92
x,0,2,60,-79
x,0,2,61,-66
x,0,2,62,-53
x,0,2,63,-40
x,0,2,64,-27
x,0,2,65,-14
x,0,2,66,-1
x,0,2,67,12
x,0,2,68,25
x,0,2,69,38
x,0,2,70,51
x,0,2,71,64
x,0,2,72,77
x,0,2,73,90
x,0,2,74,103
x,0,2,75,116
x,0,2,76,-127
x,0,2,77,-114
x,0,2,78,-101
x,0,2,79,-88
x,0,2,80,-75
x,0,2,81,-62
x,0,2,82,-49
x,0,2,83,-36
x,0,2,84,-23
x,0,2,85,-10
x,0,2,86,3
x,0,2,87,16
x,0,2,88,29
x,0,2,89,42
x,0,2,90,55
x,0,2,91,68
x,0,2,92,81
x,0,2,93,94
x,0,2,94,107
x,0,2,95,120
x,0,2,96,-123
x,0,2,97,-110
x,0,2,98,-97
x,0,2,99,-84
x,0,2,100,-71
x,0,2,101,-58
x,0,2,102,-45
x,0,2,103,-32
x,0,2,104,-19
x,0,2,105,-6
x,0,2,106,7
x,0,2,107,20
x,0,2,108,33
x,0,2,109,46
x,0,2,110,59
x,0,2,111,72
x,0,2,112,85
x,0,2,113,98
x,0,2,114,111
x,0,2,115,124
x,0,2,116,-119
x,0,2,117,-106
x,0,2,118,-93
x,0,2,119,-80
x,0,2,120,-67
x,0,2,121,-54
x,0,2,122,-41
x,0,2,123,-28
x,0,2,124,-15
x,0,2,125,-2
x,0,2,126,11
x,0,2,127,24
x,0,2,128,37
x,0,2,129,50
x,0,2,130,63
x,0,2,131,76
x,0,2,132,89
x,0,2,133,102
x,0,2,134,115
x,0,2,135,-128
x,0,2,136,-115
x,0,2,137,-102
x,0,2,138,-89
x,0,2,139,-76
x,0,2,140,-63
x,0,2,141,-50
x,0,2,142,-37
x,0,2,143,-24
x,0,2,144,-11
x,0,2,145,2
x,0,2,146,15
x,0,2,147,28
x,0,2,148,41
x,0,2,149,54
x,0,2,150,67
x,0,2,151,80
x,0,2,152,93
x,0,2,153,106
x,0,2,154,119
x,0,2,155,-124
x,0,2,156,-111
x,0,2,157,-98
x,0,2,158,-85
x,0,2,159,-72
x,0,2,160,-59
x,0,2,161,-46
x,0,2,162,-33
x,0,2,163,-20
x,0,2,164,-7
x,0,2,165,6
x,0,2,166,19
x,0,2,167,32
x,0,2,168,45
x,0,2,169,58
x,0,2,170,71
x,0,2,171,84
x,0,2,172,97
x,0,2,173,110
x,0,2,174,123
x,0,2,175,-120
x,0,2,176,-107
x,0,2,177,-94
x,0,2,178,-81
x,0,2,179,-68
x,0,2,180,-55
x,0,2,181,-42
x,0,2,182,-29
x,0,2,183,-16
x,0,2,184,-3
x,0,2,185,10
x,0,2,186,23
x,0,2,187,36
x,0,2,188,49
x,0,2,189,62
x,0,2,190,75
x,0,2,191,88
x,0,2,192,101
x,0,2,193,114
x,0,2,194,127
x,0,2,195,-116
x,0,2,196,-103
x,0,2,197,-90
x,0,2,198,-77
x,0,2,199,-64
x,0,2,200,-51
x,0,2,201,-38
x,0,2,202,-25
x,0,2,203,-12
x,0,2,204,1
x,0,2,205,14
x,0,2,206,27
x,0,2,207,40
x,0,2,208,53
x,0,2,209,66
x,0,2,210,79
x,0,2,211,92
x,0,2,212,105
x,0,2,213,118
x,0,2,214,-125
x,0,2,215,-112
x,0,2,216,-99
x,0,2,217,-86
x,0,2,218,-73
x,0,2,219,-60
x,0,2,220,-47
x,0,2,221,-34
x,0,2,222,-21
x,0,2,223,-8
x,0,2,224,5
x,0,2,225,18
x,0,2,226,31
x,0,2,227,44
x,0,2,228,57
x,0,2,229,70
x,0,2,230,83
x,0,2,231,96
x,0,2,232,109
x,0,2,233,122
x,0,2,234,-121
x,0,2,235,-108
x,0,2,236,-95
x,0,2,237,-82
x,0,2,238,-69
x,0,2,239,-56
x,0,2,240,-43
x,0,2,241,-30
x,0,2,242,-17
x,0,2,243,-4
x,0,2,244,9
x,0,2,245,22
x,0,2,246,35
x,0,2,247,48
x,0,2,248,61
x,0,2,249,74
x,0,2,250,87
x,0,2,251,100
x,0,2,252,113
x,0,2,253,126
x,0,2,254,-117
x,0,2,255,-104
x,0,3,0,-74
x,0,3,1,-61
x,0,3,2,-48
x,0,3,3,-35
x,0,3,4,-22
x,0,3,5,-9
x,0,3,6,4
x,0,3,7,17
x,0,3,8,30
x,0,3,9,43
x,0,3,10,56
x,0,3,11,69
x,0,3,12,82
x,0,3,13,95
x,0,3,14,108
x,0,3,15,121
x,0,3,16,-122
x,0,3,17,-109
x,0,3,18,-96
x,0,3,19,-83
x,0,3,20,-70
x,0,3,21,-57
x,0,3,22,-44
x,0,3,23,-31
x,0,3,24,-18
x,0,3,25,-5
x,0,3,26,8
x,0,3,27,21
x,0,3,28,34
x,0,3,29,47
x,0,3,30,60
x,0,3,31,73
x,0,3,32,86
x,0,3,33,99
x,0,3,34,112
x,0,3,35,125
x,0,3,36,-118
x,0,3,37,-105
x,0,3,38,-92
x,0,3,39,-79
x,0,3,40,-66
x,0,3,41,-53
x,0,3,42,-40
x,0,3,43,-27
x,0,3,44,-14
x,0,3,45,-1
x,0,3,46,12
x,0,3,47,25
x,0,3,48,38
x,0,3,49,51
x,0,3,50,64
x,0,3,51,77
x,0,3,52,90
x,0,3,53,103
x,0,3,54,116
x,0,3,55,-127
x,0,3,56,-114
x,0,3,57,-101
x,0,3,58,-88
x,0,3,59,-75
x,0,3,60,-62
x,0,3,61,-49
x,0,3,62,-36
x,0,3,63,-23
x,0,3,64,-10
x,0,3,65,3
x,0,3,66,16
x,0,3,67,29
x,0,3,68,42
x,0,3,69,55
x,0,3,70,68
x,0,3,71,81
x,0,3,72,94
x,0,3,73,107
x,0,3,74,120
x,0,3,75,-123
x,0,3,76,-110
x,0,3,77,-97
x,0,3,78,-84
x,0,3,79,-71
x,0,3,80,-58
x,0,3,81,-45
x,0,3,82,-32
x,0,3,83,-19
x,0,3,84,-6
x,0,3,85,7
x,0,3,86,20
x,0,3,87,33
x,0,3,88,46
x,0,3,89,59
x,0,3,90,72
x,0,3,91,85
x,0,3,92,98
x,0,3,93,111
x,0,3,94,124
x,0,3,95,-119
x,0,3,96,-106
x,0,3,97,-93
x,0,3,98,-80
x,0,3,99,-67
x,0,3,100,-54
x,0,3,101,-41
x,0,3,102,-28
x,0,3,103,-15
x,0,3,104,-2
x,0,3,105,11
x,0,3,106,24
x,0,3,107,37
x,0,3,108,50
x,0,3,109,63
x,0,3,110,76
x,0,3,111,89
x,0,3,112,102
x,0,3,113,115
x,0,3,114,-128
x,0,3,115,-115
x,0,3,116,-102
x,0,3,117,-89
x,0,3,118,-76
x,0,3,119,-63
x,0,3,120,-50
x,0,3,121,-37
x,0,3,122,-24
x,0,3,123,-11
x,0,3,124,2
x,0,3,125,15
x,0,3,126,28
x,0,3,127,41
x,0,3,128,54
x,0,3,129,67
x,0,3,130,80
x,0,3,131,93
x,0,3,132,106
x,0,3,133,119
x,0,3,134,-124
x,0,3,135,-111
x,0,3,136,-98
x,0,3,137,-85
x,0,3,138,-72
x,0,3,139,-59
x,0,3,140,-46
x,0,3,141,-33
x,0,3,142,-20
x,0,3,143,-7
x,0,3,144,6
x,0,3,145,19
x,0,3,146,32
x,0,3,147,45
x,0,3,148,58
x,0,3,149,71
x,0,3,150,84
x,0,3,151,97
x,0,3,152,110
x,0,3,153,123
x,0,3,154,-120
x,0,3,155,-107
x,0,3,156,-94
x,0,3,157,-81
x,0,3,158,-68
x,0,3,159,-55
x,0,3,160,-42
x,0,3,161,-29
x,0,3,162,-16
x,0,3,163,-3
x,0,3,164,10
x,0,3,165,23
x,0,3,166,36
x,0,3,167,49
x,0,3,168,62
x,0,3,169,75
x,0,3,170,88
x,0,3,171,101
x,0,3,172,114
x,0,3,173,127
x,0,3,174,-116
x,0,3,175,-103
x,0,3,176,-90
x,0,3,177,-77
x,0,3,178,-64
x,0,3,179,-51
x,0,3,180,-38
x,0,3,181,-25
x,0,3,182,-12
x,0,3,183,1
x,0,3,184,14
x,0,3,185,27
x,0,3,186,40
x,0,3,187,53
x,0,3,188,66
x,0,3,189,79
x,0,3,190,92
x,0,3,191,105
x,0,3,192,118
x,0,3,193,-125
x,0,3,194,-112
x,0,3,195,-99
x,0,3,196,-86
x,0,3,197,-73
x,0,3,198,-60
x,0,3,199,-47
x,0,3,200,-34
x,0,3,201,-21
x,0,3,202,-8
x,0,3,203,5
x,0,3,204,18
x,0,3,205,31
x,0,3,206,44
x,0,3,207,57
x,0,3,208,70
x,0,3,209,83
x,0,3,210,96
x,0,3,211,109
x,0,3,212,122
x,0,3,213,-121
x,0,3,214,-108
x,0,3,215,-95
x,0,3,216,-82
x,0,3,217,-69
x,0,3,218,-56
x,0,3,219,-43
x,0,3,220,-30
x,0,3,221,-17
x,0,3,222,-4
x,0,3,223,9
x,0,3,224,22
x,0,3,225,35
x,0,3,226,48
x,0,3,227,61
x,0,3,228,74
x,0,3,229,87
x,0,3,230,100
x,0,3,231,113
x,0,3,232,126
x,0,3,233,-117
x,0,3,234,-104
x,0,3,235,-91
x,0,3,236,-78
x,0,3,237,-65
x,0,3,238,-52
x,0,3,239,-39
x,0,3,240,-26
x,0,3,241,-13
x,0,3,242,0
x,0,3,243,13
x,0,3,244,26
x,0,3,245,39
x,0,3,246,52
x,0,3,247,65
x,0,3,248,78
x,0,3,249,91
x,0,3,250,104
x,0,3,251,117
x,0,3,252,-126
x,0,3,253,-113
x,0,3,254,-100
x,0,3,255,-87
h,0,0,0,-123
h,0,0,1,-116
h,0,0,2,-109
h,0,0,3,-102
h,0,0,4,-95
h,0,0,5,-88
h,0,0,6,-81
h,0,0,7,-74
h,0,0,8,-67
h,0,0,9,-60
h,0,0,10,-53
h,0,0,11,-46
h,0,0,12,-39
h,0,0,13,-32
h,0,0,14,-25
h,0,0,15,-18
h,0,0,16,-11
h,0,0,17,-4
h,0,0,18,3
h,0,0,19,10
h,0,0,20,17
h,0,0,21,24
h,0,0,22,31
h,0,0,23,38
h,0,0,24,45
h,0,0,25,52
h,0,0,26,59
h,0,0,27,66
h,0,0,28,73
h,0,0,29,80
h,0,0,30,87
h,0,0,31,94
h,0,0,32,101
h,0,0,33,108
h,0,0,34,115
h,0,0,35,122
h,0,0,36,-127
h,0,0,37,-120
h,0,0,38,-113
h,0,0,39,-106
h,0,0,40,-99
h,0,0,41,-92
h,0,0,42,-85
h,0,0,43,-78
h,0,0,44,-71
h,0,0,45,-64
h,0,0,46,-57
h,0,0,47,-50
h,0,0,48,-43
h,0,0,49,-36
h,0,0,50,-29
h,0,0,51,-22
h,0,0,52,-15
h,0,0,53,-8
h,0,0,54,-1
h,0,0,55,6
h,0,0,56,13
h,0,0,57,20
h,0,0,58,27
h,0,0,59,34
h,0,0,60,41
h,0,0,61,48
h,0,0,62,55
h,0,0,63,62
h,0,0,64,69
h,0,0,65,76
h,0,0,66,83
h,0,0,67,90
h,0,0,68,97
h,0,0,69,104
h,0,0,70,111
h,0,0,71,118
h,0,0,72,125
h,0,0,73,-124
h,0,0,74,-117
h,0,0,75,-110
h,0,0,76,-103
h,0,0,77,-96
h,0,0,78,-89
h,0,0,79,-82
h,0,0,80,-75
h,0,0,81,-68
h,0,0,82,-61
h,0,0,83,-54
h,0,0,84,-47
h,0,0,85,-40
h,0,0,86,-33
h,0,0,87,-26
h,0,0,88,-19
h,0,0,89,-12
h,0,0,90,-5
h,0,0,91,2
h,0,0,92,9
h,0,0,93,16
h,0,0,94,23
h,0,0,95,30
h,0,0,96,37
h,0,0,97,44
h,0,0,98,51
h,0,0,99,58
h,0,0,100,65
h,0,0,101,72
h,0,0,102,79
h,0,0,103,86
h,0,0,104,93
h,0,0,105,100
h,0,0,106,107
h,0,0,107,114
h,0,0,108,121
h,0,0,109,-128
h,0,0,110,-121
h,0,0,111,-114
h,0,0,112,-107
h,0,0,113,-100
h,0,0,114,-93
h,0,0,115,-86
h,0,0,116,-79
h,0,0,117,-72
h,0,0,118,-65
h,0,0,119,-58
h,0,0,120,-51
h,0,0,121,-44
h,0,0,122,-37
h,0,0,123,-30
h,0,0,124,-23
h,0,0,125,-16
h,0,0,126,-9
h,0,0,127,-2
h,0,0,128,5
h,0,0,129,12
h,0,0,130,19
h,0,0,131,26
h,0,0,132,33
h,0,0,133,40
h,0,0,134,47
h,0,0,135,54
h,0,0,136,61
h,0,0,137,68
h,0,0,138,75
h,0,0,139,82
h,0,0,140,89
h,0,0,141,96
h,0,0,142,103
h,0,0,143,110
h,0,0,144,117
h,0,0,145,124
h,0,0,146,-125
h,0,0,147,-118
h,0,0,148,-111
h,0,0,149,-104
h,0,0,150,-97
h,0,0,151,-90
h,0,0,152,-83
h,0,0,153,-76
h,0,0,154,-69
h,0,0,155,-62
h,0,0,156,-55
h,0,0,157,-48
h,0,0,158,-41
h,0,0,159,-34
h,0,0,160,-27
h,0,0,161,-20
h,0,0,162,-13
h,0,0,163,-6
h,0,0,164,1
h,0,0,165,8
h,0,0,166,15
h,0,0,167,22
h,0,0,168,29
h,0,0,169,36
h,0,0,170,43
h,0,0,171,50
h,0,0,172,57
h,0,0,173,64
h,0,0,174,71
h,0,0,175,78
h,0,0,176,85
h,0,0,177,92
h,0,0,178,99
h,0,0,179,106
h,0,0,180,113
h,0,0,181,120
h,0,0,182,127
h,0,0,183,-122
h,0,0,184,-115
h,0,0,185,-108
h,0,0,186,-101
h,0,0,187,-94
h,0,0,188,-87
h,0,0,189,-80
h,0,0,190,-73
h,0,0,191,-66
h,0,0,192,-59
h,0,0,193,-52
h,0,0,194,-45
h,0,0,195,-38
h,0,0,196,-31
h,0,0,197,-24
h,0,0,198,-17
h,0,0,199,-10
h,0,0,200,-3
h,0,0,201,4
h,0,0,202,11
h,0,0,203,18
h,0,0,204,25
h,0,0,205,32
h,0,0,206,39
h,0,0,207,46
h,0,0,208,53
h,0,0,209,60
h,0,0,210,67
h,0,0,211,74
h,0,0,212,81
h,0,0,213,88
h,0,0,214,95
h,0,0,215,102
h,0,0,216,109
h,0,0,217,116
h,0,0,218,123
h,0,0,219,-126
h,0,0,220,-119
h,0,0,221,-112
h,0,0,222,-105
h,0,0,223,-98
h,0,0,224,-91
h,0,0,225,-84
h,0,0,226,-77
h,0,0,227,-70
h,0,0,228,-63
h,0,0,229,-56
h,0,0,230,-49
h,0,0,231,-42
h,0,0,232,-35
h,0,0,233,-28
h,0,0,234,-21
h,0,0,235,-14
h,0,0,236,-7
h,0,0,237,0
h,0,0,238,7
h,0,0,239,14
h,0,0,240,21
h,0,0,241,28
h,0,0,242,35
h,0,0,243,42
h,0,0,244,49
h,0,0,245,56
h,0,0,246,63
h,0,0,247,70
h,0,0,248,77
h,0,0,249,84
h,0,0,250,91
h,0,0,251,98
h,0,0,252,105
h,0,0,253,112
h,0,0,254,119
h,0,1,0,-112
h,0,1,1,-105
h,0,1,2,-98
h,0,1,3,-91
h,0,1,4,-84
h,0,1,5,-77
h,0,1,6,-70
h,0,1,7,-63
h,0,1,8,-56
h,0,1,9,-49
h,0,1,10,-42
h,0,1,11,-35
h,0,1,12,-28
h,0,1,13,-21
h,0,1,14,-14
h,0,1,15,-7
h,0,1,16,0
h,0,1,17,7
h,0,1,18,14
h,0,1,19,21
h,0,1,20,28
h,0,1,21,35
h,0,1,22,42
h,0,1,23,49
h,0,1,24,56
h,0,1,25,63
h,0,1,26,70
h,0,1,27,77
h,0,1,28,84
h,0,1,29,91
h,0,1,30,98
h,0,1,31,105
h,0,1,32,112
h,0,1,33,119
h,0,1,34,126
h,0,1,35,-123
h,0,1,36,-116
h,0,1,37,-109
h,0,1,38,-102
h,0,1,39,-95
h,0,1,40,-88
h,0,1,41,-81
h,0,1,42,-74
h,0,1,43,-67
h,0,1,44,-60
h,0,1,45,-53
h,0,1,46,-46
h,0,1,47,-39
h,0,1,48,-32
h,0,1,49,-25
h,0,1,50,-18
h,0,1,51,-11
h,0,1,52,-4
h,0,1,53,3
h,0,1,54,10
h,0,1,55,17
h,0,1,56,24
h,0,1,57,31
h,0,1,58,38
h,0,1,59,45
h,0,1,60,52
h,0,1,61,59
h,0,1,62,66
h,0,1,63,73
h,0,1,64,80
h,0,1,65,87
h,0,1,66,94
h,0,1,67,101
h,0,1,68,108
h,0,1,69,115
h,0,1,70,122
h,0,1,71,-127
h,0,1,72,-120
h,0,1,73,-113
h,0,1,74,-106
h,0,1,75,-99
h,0,1,76,-92
h,0,1,77,-85
h,0,1,78,-78
h,0,1,79,-71
h,0,1,80,-64
h,0,1,81,-57
h,0,1,82,-50
h,0,1,83,-43
h,0,1,84,-36
h,0,1,85,-29
h,0,1,86,-22
h,0,1,87,-15
h,0,1,88,-8
h,0,1,89,-1
h,0,1,90,6
h,0,1,91,13
h,0,1,92,20
h,0,1,93,27
h,0,1,94,34
h,0,1,95,41
h,0,1,96,48
h,0,1,97,55
h,0,1,98,62
h,0,1,99,69
h,0,1,100,76
h,0,1,101,83
h,0,1,102,90
h,0,1,103,97
h,0,1,104,104
h,0,1,105,111
h,0,1,106,118
h,0,1,107,125
h,0,1,108,-124
h,0,1,109,-117
h,0,1,110,-110
h,0,1,111,-103
h,0,1,112,-96
h,0,1,113,-89
h,0,1,114,-82
h,0,1,115,-75
h,0,1,116,-68
h,0,1,117,-61
h,0,1,118,-54
h,0,1,119,-47
h,0,1,120,-40
h,0,1,121,-33
h,0,1,122,-26
h,0,1,123,-19
h,0,1,124,-12
h,0,1,125,-5
h,0,1,126,2
h,0,1,127,9
h,0,1,128,16
h,0,1,129,23
h,0,1,130,30
h,0,1,131,37
h,0,1,132,44
h,0,1,133,51
h,0,1,134,58
h,0,1,135,65
h,0,1,136,72
h,0,1,137,79
h,0,1,138,86
h,0,1,139,93
h,0,1,140,100
h,0,1,141,107
h,0,1,142,114
h,0,1,143,121
h,0,1,144,-128
h,0,1,145,-121
h,0,1,146,-114
h,0,1,147,-107
h,0,1,148,-100
h,0,1,149,-93
h,0,1,150,-86
h,0,1,151,-79
h,0,1,152,-72
h,0,1,153,-65
h,0,1,154,-58
h,0,1,155,-51
h,0,1,156,-44
h,0,1,157,-37
h,0,1,158,-30
h,0,1,159,-23
h,0,1,160,-16
h,0,1,161,-9
h,0,1,162,-2
h,0,1,163,5
h,0,1,164,12
h,0,1,165,19
h,0,1,166,26
h,0,1,167,33
h,0,1,168,40
h,0,1,169,47
h,0,1,170,54
h,0,1,171,61
h,0,1,172,68
h,0,1,173,75
h,0,1,174,82
h,0,1,175,89
h,0,1,176,96
h,0,1,177,103
h,0,1,178,110
h,0,1,179,117
h,0,1,180,124
h,0,1,181,-125
h,0,1,182,-118
h,0,1,183,-111
h,0,1,184,-104
h,0,1,185,-97
h,0,1,186,-90
h,0,1,187,-83
h,0,1,188,-76
h,0,1,189,-69
h,0,1,190,-62
h,0,1,191,-55
h,0,1,192,-48
h,0,1,193,-41
h,0,1,194,-34
h,0,1,195,-27
h,0,1,196,-20
h,0,1,197,-13
h,0,1,198,-6
h,0,1,199,1
h,0,1,200,8
h,0,1,201,15
h,0,1,202,22
h,0,1,203,29
h,0,1,204,36
h,0,1,205,43
h,0,1,206,50
h,0,1,207,57
h,0,1,208,64
h,0,1,209,71
h,0,1,210,78
h,0,1,211,85
h,0,1,212,92
h,0,1,213,99
h,0,1,214,106
h,0,1,215,113
h,0,1,216,120
h,0,1,217,127
h,0,1,218,-122
h,0,1,219,-115
h,0,1,220,-108
h,0,1,221,-101
h,0,1,222,-94
h,0,1,223,-87
h,0,1,224,-80
h,0,1,225,-73
h,0,1,226,-66
h,0,1,227,-59
h,0,1,228,-52
h,0,1,229,-45
h,0,1,230,-38
h,0,1,231,-31
h,0,1,232,-24
h,0,1,233,-17
h,0,1,234,-10
h,0,1,235,-3
h,0,1,236,4
h,0,1,237,11
h,0,1,238,18
h,0,1,239,25
h,0,1,240,32
h,0,1,241,39
h,0,1,242,46
h,0,1,243,53
h,0,1,244,60
h,0,1,245,67
h,0,1,246,74
h,0,1,247,81
h,0,1,248,88
h,0,1,249,95
h,0,1,250,102
h,0,1,251,109
h,0,1,252,116
h,0,1,253,123
h,0,1,254,-126
h,0,2,0,-101
h,0,2,1,-94
h,0,2,2,-87
h,0,2,3,-80
h,0,2,4,-73
h,0,2,5,-66
h,0,2,6,-59
h,0,2,7,-52
h,0,2,8,-45
h,0,2,9,-38
h,0,2,10,-31
h,0,2,11,-24
h,0,2,12,-17
h,0,2,13,-10
h,0,2,14,-3
h,0,2,15,4
h,0,2,16,11
h,0,2,17,18
h,0,2,18,25
h,0,2,19,32
h,0,2,20,39
h,0,2,21,46
h,0,2,22,53
h,0,2,23,60
h,0,2,24,67
h,0,2,25,74
h,0,2,26,81
h,0,2,27,88
h,0,2,28,95
h,0,2,29,102
h,0,2,30,109
h,0,2,31,116
h,0,2,32,123
h,0,2,33,-126
h,0,2,34,-119
h,0,2,35,-112
h,0,2,36,-105
h,0,2,37,-98
h,0,2,38,-91
h,0,2,39,-84
h,0,2,40,-77
h,0,2,41,-70
h,0,2,42,-63
h,0,2,43,-56
h,0,2,44,-49
h,0,2,45,-42
h,0,2,46,-35
h,0,2,47,-28
h,0,2,48,-21
h,0,2,49,-14
h,0,2,50,-7
h,0,2,51,0
h,0,2,52,7
h,0,2,53,14
h,0,2,54,21
h,0,2,55,28
h,0,2,56,35
h,0,2,57,42
h,0,2,58,49
h,0,2,59,56
h,0,2,60,63
h,0,2,61,70
h,0,2,62,77
h,0,2,63,84
h,0,2,64,91
h,0,2,65,98
h,0,2,66,105
h,0,2,67,112
h,0,2,68,119
h,0,2,69,126
h,0,2,70,-123
h,0,2,71,-116
h,0,2,72,-109
h,0,2,73,-102
h,0,2,74,-95
h,0,2,75,-88
h,0,2,76,-81
h,0,2,77,-74
h,0,2,78,-67
h,0,2,79,-60
h,0,2,80,-53
h,0,2,81,-46
h,0,2,82,-39
h,0,2,83,-32
h,0,2,84,-25
h,0,2,85,-18
h,0,2,86,-11
h,0,2,87,-4
h,0,2,88,3
h,0,2,89,10
h,0,2,90,17
h,0,2,91,24
h,0,2,92,31
h,0,2,93,38
h,0,2,94,45
h,0,2,95,52
h,0,2,96,59
h,0,2,97,66
h,0,2,98,73
h,0,2,99,80
h,0,2,100,87
h,0,2,101,94
h,0,2,102,101
h,0,2,103,108
h,0,2,104,115
h,0,2,105,122
h,0,2,106,-127
h,0,2,107,-120
h,0,2,108,-113
h,0,2,109,-106
h,0,2,110,-99
h,0,2,111,-92
h,0,2,112,-85
h,0,2,113,-78
h,0,2,114,-71
h,0,2,115,-64
h,0,2,116,-57
h,0,2,117,-50
h,0,2,118,-43
h,0,2,119,-36
h,0,2,120,-29
h,0,2,121,-22
h,0,2,122,-15
h,0,2,123,-8
h,0,2,124,-1
h,0,2,125,6
h,0,2,126,13
h,0,2,127,20
h,0,2,128,27
h,0,2,129,34
h,0,2,130,41
h,0,2,131,48
h,0,2,132,55
h,0,2,133,62
h,0,2,134,69
h,0,2,135,76
h,0,2,136,83
h,0,2,137,90
h,0,2,138,97
h,0,2,139,104
h,0,2,140,111
h,0,2,141,118
h,0,2,142,125
h,0,2,143,-124
h,0,2,144,-117
h,0,2,145,-110
h,0,2,146,-103
h,0,2,147,-96
h,0,2,148,-89
h,0,2,149,-82
h,0,2,150,-75
h,0,2,151,-68
h,0,2,152,-61
h,0,2,153,-54
h,0,2,154,-47
h,0,2,155,-40
h,0,2,156,-33
h,0,2,157,-26
h,0,2,158,-19
h,0,2,159,-12
h,0,2,160,-5
h,0,2,161,2
h,0,2,162,9
h,0,2,163,16
h,0,2,164,23
h,0,2,165,30
h,0,2,166,37
h,0,2,167,44
h,0,2,168,51
h,0,2,169,58
h,0,2,170,65
h,0,2,171,72
h,0,2,172,79
h,0,2,173,86
h,0,2,174,93
h,0,2,175,100
h,0,2,176,107
h,0,2,177,114
h,0,2,178,121
h,0,2,179,-128
h,0,2,180,-121
h,0,2,181,-114
h,0,2,182,-107
h,0,2,183,-100
h,0,2,184,-93
h,0,2,185,-86
h,0,2,186,-79
h,0,2,187,-72
h,0,2,188,-65
h,0,2,189,-58
h,0,2,190,-51
h,0,2,191,-44
h,0,2,192,-37
h,0,2,193,-30
h,0,2,194,-23
h,0,2,195,-16
h,0,2,196,-9
h,0,2,197,-2
h,0,2,198,5
h,0,2,199,12
h,0,2,200,19
h,0,2,201,26
h,0,2,202,33
h,0,2,203,40
h,0,2,204,47
h,0,2,205,54
h,0,2,206,61
h,0,2,207,68
h,0,2,208,75
h,0,2,209,82
h,0,2,210,89
h,0,2,211,96
h,0,2,212,103
h,0,2,213,110
h,0,2,214,117
h,0,2,215,124
h,0,2,216,-125
h,0,2,217,-118
h,0,2,218,-111
h,0,2,219,-104
h,0,2,220,-97
h,0,2,221,-90
h,0,2,222,-83
h,0,2,223,-76
h,0,2,224,-69
h,0,2,225,-62
h,0,2,226,-55
h,0,2,227,-48
h,0,2,228,-41
h,0,2,229,-34
h,0,2,230,-27
h,0,2,231,-20
h,0,2,232,-13
h,0,2,233,-6
h,0,2,234,1
h,0,2,235,8
h,0,2,236,15
h,0,2,237,22
h,0,2,238,29
h,0,2,239,36
h,0,2,240,43
h,0,2,241,50
h,0,2,242,57
h,0,2,243,64
h,0,2,244,71
h,0,2,245,78
h,0,2,246,85
h,0,2,247,92
h,0,2,248,99
h,0,2,249,106
h,0,2,250,113
h,0,2,251,120
h,0,2,252,127
h,0,2,253,-122
h,0,2,254,-115
h,0,3,0,-90
h,0,3,1,-83
h,0,3,2,-76
h,0,3,3,-69
h,0,3,4,-62
h,0,3,5,-55
h,0,3,6,-48
h,0,3,7,-41
h,0,3,8,-34
h,0,3,9,-27
h,0,3,10,-20
h,0,3,11,-13
h,0,3,12,-6
h,0,3,13,1
h,0,3,14,8
h,0,3,15,15
h,0,3,16,22
h,0,3,17,29
h,0,3,18,36
h,0,3,19,43
h,0,3,20,50
h,0,3,21,57
h,0,3,22,64
h,0,3,23,71
h,0,3,24,78
h,0,3,25,85
h,0,3,26,92
h,0,3,27,99
h,0,3,28,106
h,0,3,29,113
h,0,3,30,120
h,0,3,31,127
h,0,3,32,-122
h,0,3,33,-115
h,0,3,34,-108
h,0,3,35,-101
h,0,3,36,-94
h,0,3,37,-87
h,0,3,38,-80
h,0,3,39,-73
h,0,3,40,-66
h,0,3,41,-59
h,0,3,42,-52
h,0,3,43,-45
h,0,3,44,-38
h,0,3,45,-31
h,0,3,46,-24
h,0,3,47,-17
h,0,3,48,-10
h,0,3,49,-3
h,0,3,50,4
h,0,3,51,11
h,0,3,52,18
h,0,3,53,25
h,0,3,54,32
h,0,3,55,39
h,0,3,56,46
h,0,3,57,53
h,0,3,58,60
h,0,3,59,67
h,0,3,60,74
h,0,3,61,81
h,0,3,62,88
h,0,3,63,95
h,0,3,64,102
h,0,3,65,109
h,0,3,66,116
h,0,3,67,123
h,0,3,68,-126
h,0,3,69,-119
h,0,3,70,-112
h,0,3,71,-105
h,0,3,72,-98
h,0,3,73,-91
h,0,3,74,-84
h,0,3,75,-77
h,0,3,76,-70
h,0,3,77,-63
h,0,3,78,-56
h,0,3,79,-49
h,0,3,80,-42
h,0,3,81,-35
h,0,3,82,-28
h,0,3,83,-21
h,0,3,84,-14
h,0,3,85,-7
h,0,3,86,0
h,0,3,87,7
h,0,3,88,14
h,0,3,89,21
h,0,3,90,28
h,0,3,91,35
h,0,3,92,42
h,0,3,93,49
h,0,3,94,56
h,0,3,95,63
h,0,3,96,70
h,0,3,97,77
h,0,3,98,84
h,0,3,99,91
h,0,3,100,98
h,0,3,101,105
h,0,3,102,112
h,0,3,103,119
h,0,3,104,126
h,0,3,105,-123
h,0,3,106,-116
h,0,3,107,-109
h,0,3,108,-102
h,0,3,109,-95
h,0,3,110,-88
h,0,3,111,-81
h,0,3,112,-74
h,0,3,113,-67
h,0,3,114,-60
h,0,3,115,-53
h,0,3,116,-46
h,0,3,117,-39
h,0,3,118,-32
h,0,3,119,-25
h,0,3,120,-18
h,0,3,121,-11
h,0,3,122,-4
h,0,3,123,3
h,0,3,124,10
h,0,3,125,17
h,0,3,126,24
h,0,3,127,31
h,0,3,128,38
h,0,3,129,45
h,0,3,130,52
h,0,3,131,59
h,0,3,132,66
h,0,3,133,73
h,0,3,134,80
h,0,3,135,87
h,0,3,136,94
h,0,3,137,101
h,0,3,138,108
h,0,3,139,115
h,0,3,140,122
h,0,3,141,-127
h,0,3,142,-120
h,0,3,143,-113
h,0,3,144,-106
h,0,3,145,-99
h,0,3,146,-92
h,0,3,147,-85
h,0,3,148,-78
h,0,3,149,-71
h,0,3,150,-64
h,0,3,151,-57
h,0,3,152,-50
h,0,3,153,-43
h,0,3,154,-36
h,0,3,155,-29
h,0,3,156,-22
h,0,3,157,-15
h,0,3,158,-8
h,0,3,159,-1
h,0,3,160,6
h,0,3,161,13
h,0,3,162,20
h,0,3,163,27
h,0,3,164,34
h,0,3,165,41
h,0,3,166,48
h,0,3,167,55
h,0,3,168,62
h,0,3,169,69
h,0,3,170,76
h,0,3,171,83
h,0,3,172,90
h,0,3,173,97
h,0,3,174,104
h,0,3,175,111
h,0,3,176,118
h,0,3,177,125
h,0,3,178,-124
h,0,3,179,-117
h,0,3,180,-110
h,0,3,181,-103
h,0,3,182,-96
h,0,3,183,-89
h,0,3,184,-82
h,0,3,185,-75
h,0,3,186,-68
h,0,3,187,-61
h,0,3,188,-54
h,0,3,189,-47
h,0,3,190,-40
h,0,3,191,-33
h,0,3,192,-26
h,0,3,193,-19
h,0,3,194,-12
h,0,3,195,-5
h,0,3,196,2
h,0,3,197,9
h,0,3,198,16
h,0,3,199,23
h,0,3,200,30
h,0,3,201,37
h,0,3,202,44
h,0,3,203,51
h,0,3,204,58
h,0,3,205,65
h,0,3,206,72
h,0,3,207,79
h,0,3,208,86
h,0,3,209,93
h,0,3,210,100
h,0,3,211,107
h,0,3,212,114
h,0,3,213,121
h,0,3,214,-128
h,0,3,215,-121
h,0,3,216,-114
h,0,3,217,-107
h,0,3,218,-100
h,0,3,219,-93
h,0,3,220,-86
h,0,3,221,-79
h,0,3,222,-72
h,0,3,223,-65
h,0,3,224,-58
h,0,3,225,-51
h,0,3,226,-44
h,0,3,227,-37
h,0,3,228,-30
h,0,3,229,-23
h,0,3,230,-16
h,0,3,231,-9
h,0,3,232,-2
h,0,3,233,5
h,0,3,234,12
h,0,3,235,19
h,0,3,236,26
h,0,3,237,33
h,0,3,238,40
h,0,3,239,47
h,0,3,240,54
h,0,3,241,61
h,0,3,242,68
h,0,3,243,75
h,0,3,244,82
h,0,3,245,89
h,0,3,246,96
h,0,3,247,103
h,0,3,248,110
h,0,3,249,117
h,0,3,250,124
h,0,3,251,-125
h,0,3,252,-118
h,0,3,253,-111
h,0,3,254,-104
h,1,0,0,-104
h,1,0,1,-97
h,1,0,2,-90
h,1,0,3,-83
h,1,0,4,-76
h,1,0,5,-69
h,1,0,6,-62
h,1,0,7,-55
h,1,0,8,-48
h,1,0,9,-41
h,1,0,10,-34
h,1,0,11,-27
h,1,0,12,-20
h,1,0,13,-13
h,1,0,14,-6
h,1,0,15,1
h,1,0,16,8
h,1,0,17,15
h,1,0,18,22
h,1,0,19,29
h,1,0,20,36
h,1,0,21,43
h,1,0,22,50
h,1,0,23,57
h,1,0,24,64
h,1,0,25,71
h,1,0,26,78
h,1,0,27,85
h,1,0,28,92
h,1,0,29,99
h,1,0,30,106
h,1,0,31,113
h,1,0,32,120
h,1,0,33,127
h,1,0,34,-122
h,1,0,35,-115
h,1,0,36,-108
h,1,0,37,-101
h,1,0,38,-94
h,1,0,39,-87
h,1,0,40,-80
h,1,0,41,-73
h,1,0,42,-66
h,1,0,43,-59
h,1,0,44,-52
h,1,0,45,-45
h,1,0,46,-38
h,1,0,47,-31
h,1,0,48,-24
h,1,0,49,-17
h,1,0,50,-10
h,1,0,51,-3
h,1,0,52,4
h,1,0,53,11
h,1,0,54,18
h,1,0,55,25
h,1,0,56,32
h,1,0,57,39
h,1,0,58,46
h,1,0,59,53
h,1,0,60,60
h,1,0,61,67
h,1,0,62,74
h,1,0,63,81
h,1,0,64,88
h,1,0,65,95
h,1,0,66,102
h,1,0,67,109
h,1,0,68,116
h,1,0,69,123
h,1,0,70,-126
h,1,0,71,-119
h,1,0,72,-112
h,1,0,73,-105
h,1,0,74,-98
h,1,0,75,-91
h,1,0,76,-84
h,1,0,77,-77
h,1,0,78,-70
h,1,0,79,-63
h,1,0,80,-56
h,1,0,81,-49
h,1,0,82,-42
h,1,0,83,-35
h,1,0,84,-28
h,1,0,85,-21
h,1,0,86,-14
h,1,0,87,-7
h,1,0,88,0
h,1,0,89,7
h,1,0,90,14
h,1,0,91,21
h,1,0,92,28
h,1,0,93,35
h,1,0,94,42
h,1,0,95,49
h,1,0,96,56
h,1,0,97,63
h,1,0,98,70
h,1,0,99,77
h,1,0,100,84
h,1,0,101,91
h,1,0,102,98
h,1,0,103,105
h,1,0,104,112
h,1,0,105,119
h,1,0,106,126
h,1,0,107,-123
h,1,0,108,-116
h,1,0,109,-109
h,1,0,110,-102
h,1,0,111,-95
h,1,0,112,-88
h,1,0,113,-81
h,1,0,114,-74
h,1,0,115,-67
h,1,0,116,-60
h,1,0,117,-53
h,1,0,118,-46
h,1,0,119,-39
h,1,0,120,-32
h,1,0,121,-25
h,1,0,122,-18
h,1,0,123,-11
h,1,0,124,-4
h,1,0,125,3
h,1,0,126,10
h,1,0,127,17
h,1,0,128,24
h,1,0,129,31
h,1,0,130,38
h,1,0,131,45
h,1,0,132,52
h,1,0,133,59
h,1,0,134,66
h,1,0,135,73
h,1,0,136,80
h,1,0,137,87
h,1,0,138,94
h,1,0,139,101
h,1,0,140,108
h,1,0,141,115
h,1,0,142,122
h,1,0,143,-127
h,1,0,144,-120
h,1,0,145,-113
h,1,0,146,-106
h,1,0,147,-99
h,1,0,148,-92
h,1,0,149,-85
h,1,0,150,-78
h,1,0,151,-71
h,1,0,152,-64
h,1,0,153,-57
h,1,0,154,-50
h,1,0,155,-43
h,1,0,156,-36
h,1,0,157,-29
h,1,0,158,-22
h,1,0,159,-15
h,1,0,160,-8
h,1,0,161,-1
h,1,0,162,6
h,1,0,163,13
h,1,0,164,20
h,1,0,165,27
h,1,0,166,34
h,1,0,167,41
h,1,0,168,48
h,1,0,169,55
h,1,0,170,62
h,1,0,171,69
h,1,0,172,76
h,1,0,173,83
h,1,0,174,90
h,1,0,175,97
h,1,0,176,104
h,1,0,177,111
h,1,0,178,118
h,1,0,179,125
h,1,0,180,-124
h,1,0,181,-117
h,1,0,182,-110
h,1,0,183,-103
h,1,0,184,-96
h,1,0,185,-89
h,1,0,186,-82
h,1,0,187,-75
h,1,0,188,-68
h,1,0,189,-61
h,1,0,190,-54
h,1,0,191,-47
h,1,0,192,-40
h,1,0,193,-33
h,1,0,194,-26
h,1,0,195,-19
h,1,0,196,-12
h,1,0,197,-5
h,1,0,198,2
h,1,0,199,9
h,1,0,200,16
h,1,0,201,23
h,1,0,202,30
h,1,0,203,37
h,1,0,204,44
h,1,0,205,51
h,1,0,206,58
h,1,0,207,65
h,1,0,208,72
h,1,0,209,79
h,1,0,210,86
h,1,0,211,93
h,1,0,212,100
h,1,0,213,107
h,1,0,214,114
h,1,0,215,121
h,1,0,216,-128
h,1,0,217,-121
h,1,0,218,-114
h,1,0,219,-107
h,1,0,220,-100
h,1,0,221,-93
h,1,0,222,-86
h,1,0,223,-79
h,1,0,224,-72
h,1,0,225,-65
h,1,0,226,-58
h,1,0,227,-51
h,1,0,228,-44
h,1,0,229,-37
h,1,0,230,-30
h,1,0,231,-23
h,1,0,232,-16
h,1,0,233,-9
h,1,0,234,-2
h,1,0,235,5
h,1,0,236,12
h,1,0,237,19
h,1,0,238,26
h,1,0,239,33
h,1,0,240,40
h,1,0,241,47
h,1,0,242,54
h,1,0,243,61
h,1,0,244,68
h,1,0,245,75
h,1,0,246,82
h,1,0,247,89
h,1,0,248,96
h,1,0,249,103
h,1,0,250,110
h,1,0,251,117
h,1,0,252,124
h,1,0,253,-125
h,1,0,254,-118
h,1,1,0,-93
h,1,1,1,-86
h,1,1,2,-79
h,1,1,3,-72
h,1,1,4,-65
h,1,1,5,-58
h,1,1,6,-51
h,1,1,7,-44
h,1,1,8,-37
h,1,1,9,-30
h,1,1,10,-23
h,1,1,11,-16
h,1,1,12,-9
h,1,1,13,-2
h,1,1,14,5
h,1,1,15,12
h,1,1,16,19
h,1,1,17,26
h,1,1,18,33
h,1,1,19,40
h,1,1,20,47
h,1,1,21,54
h,1,1,22,61
h,1,1,23,68
h,1,1,24,75
h,1,1,25,82
h,1,1,26,89
h,1,1,27,96
h,1,1,28,103
h,1,1,29,110
h,1,1,30,117
h,1,1,31,124
h,1,1,32,-125
h,1,1,33,-118
h,1,1,34,-111
h,1,1,35,-104
h,1,1,36,-97
h,1,1,37,-90
h,1,1,38,-83
h,1,1,39,-76
h,1,1,40,-69
h,1,1,41,-62
h,1,1,42,-55
h,1,1,43,-48
h,1,1,44,-41
h,1,1,45,-34
h,1,1,46,-27
h,1,1,47,-20
h,1,1,48,-13
h,1,1,49,-6
h,1,1,50,1
h,1,1,51,8
h,1,1,52,15
h,1,1,53,22
h,1,1,54,29
h,1,1,55,36
h,1,1,56,43
h,1,1,57,50
h,1,1,58,57
h,1,1,59,64
h,1,1,60,71
h,1,1,61,78
h,1,1,62,85
h,1,1,63,92
h,1,1,64,99
h,1,1,65,106
h,1,1,66,113
h,1,1,67,120
h,1,1,68,127
h,1,1,69,-122
h,1,1,70,-115
h,1,1,71,-108
h,1,1,72,-101
h,1,1,73,-94
h,1,1,74,-87
h,1,1,75,-80
h,1,1,76,-73
h,1,1,77,-66
h,1,1,78,-59
h,1,1,79,-52
h,1,1,80,-45
h,1,1,81,-38
h,1,1,82,-31
h,1,1,83,-24
h,1,1,84,-17
h,1,1,85,-10
h,1,1,86,-3
h,1,1,87,4
h,1,1,88,11
h,1,1,89,18
h,1,1,90,25
h,1,1,91,32
h,1,1,92,39
h,1,1,93,46
h,1,1,94,53
h,1,1,95,60
h,1,1,96,67
h,1,1,97,74
h,1,1,98,81
h,1,1,99,88
h,1,1,100,95
h,1,1,101,102
h,1,1,102,109
h,1,1,103,116
h,1,1,104,123
h,1,1,105,-126
h,1,1,106,-119
h,1,1,107,-112
h,1,1,108,-105
h,1,1,109,-98
h,1,1,110,-91
h,1,1,111,-84
h,1,1,112,-77
h,1,1,113,-70
h,1,1,114,-63
h,1,1,115,-56
h,1,1,116,-49
h,1,1,117,-42
h,1,1,118,-35
h,1,1,119,-28
h,1,1,120,-21
h,1,1,121,-14
h,1,1,122,-7
h,1,1,123,0
h,1,1,124,7
h,1,1,125,14
h,1,1,126,21
h,1,1,127,28
h,1,1,128,35
h,1,1,129,42
h,1,1,130,49
h,1,1,131,56
h,1,1,132,63
h,1,1,133,70
h,1,1,134,77
h,1,1,135,84
h,1,1,136,91
h,1,1,137,98
h,1,1,138,105
h,1,1,139,112
h,1,1,140,119
h,1,1,141,126
h,1,1,142,-123
h,1,1,143,-116
h,1,1,144,-109
h,1,1,145,-102
h,1,1,146,-95
h,1,1,147,-88
h,1,1,148,-81
h,1,1,149,-74
h,1,1,150,-67
h,1,1,151,-60
h,1,1,152,-53
h,1,1,153,-46
h,1,1,154,-39
h,1,1,155,-32
h,1,1,156,-25
h,1,1,157,-18
h,1,1,158,-11
h,1,1,159,-4
h,1,1,160,3
h,1,1,161,10
h,1,1,162,17
h,1,1,163,24
h,1,1,164,31
h,1,1,165,38
h,1,1,166,45
h,1,1,167,52
h,1,1,168,59
h,1,1,169,66
h,1,1,170,73
h,1,1,171,80
h,1,1,172,87
h,1,1,173,94
h,1,1,174,101
h,1,1,175,108
h,1,1,176,115
h,1,1,177,122
h,1,1,178,-127
h,1,1,179,-120
h,1,1,180,-113
h,1,1,181,-106
h,1,1,182,-99
h,1,1,183,-92
h,1,1,184,-85
h,1,1,185,-78
h,1,1,186,-71
h,1,1,187,-64
h,1,1,188,-57
h,1,1,189,-50
h,1,1,190,-43
h,1,1,191,-36
h,1,1,192,-29
h,1,1,193,-22
h,1,1,194,-15
h,1,1,195,-8
h,1,1,196,-1
h,1,1,197,6
h,1,1,198,13
h,1,1,199,20
h,1,1,200,27
h,1,1,201,34
h,1,1,202,41
h,1,1,203,48
h,1,1,204,55
h,1,1,205,62
h,1,1,206,69
h,1,1,207,76
h,1,1,208,83
h,1,1,209,90
h,1,1,210,97
h,1,1,211,104
h,1,1,212,111
h,1,1,213,118
h,1,1,214,125
h,1,1,215,-124
h,1,1,216,-117
h,1,1,217,-110
h,1,1,218,-103
h,1,1,219,-96
h,1,1,220,-89
h,1,1,221,-82
h,1,1,222,-75
h,1,1,223,-68
h,1,1,224,-61
h,1,1,225,-54
h,1,1,226,-47
h,1,1,227,-40
h,1,1,228,-33
h,1,1,229,-26
h,1,1,230,-19
h,1,1,231,-12
h,1,1,232,-5
h,1,1,233,2
h,1,1,234,9
h,1,1,235,16
h,1,1,236,23
h,1,1,237,30
h,1,1,238,37
h,1,1,239,44
h,1,1,240,51
h,1,1,241,58
h,1,1,242,65
h,1,1,243,72
h,1,1,244,79
h,1,1,245,86
h,1,1,246,93
h,1,1,247,100
h,1,1,248,107
h,1,1,249,114
h,1,1,250,121
h,1,1,251,-128
h,1,1,252,-121
h,1,1,253,-114
h,1,1,254,-107
h,1,2,0,-82
h,1,2,1,-75
h,1,2,2,-68
h,1,2,3,-61
h,1,2,4,-54
h,1,2,5,-47
h,1,2,6,-40
h,1,2,7,-33
h,1,2,8,-26
h,1,2,9,-19
h,1,2,10,-12
h,1,2,11,-5
h,1,2,12,2
h,1,2,13,9
h,1,2,14,16
h,1,2,15,23
h,1,2,16,30
h,1,2,17,37
h,1,2,18,44
h,1,2,19,51
h,1,2,20,58
h,1,2,21,65
h,1,2,22,72
h,1,2,23,79
h,1,2,24,86
h,1,2,25,93
h,1,2,26,100
h,1,2,27,107
h,1,2,28,114
h,1,2,29,121
h,1,2,30,-128
h,1,2,31,-121
h,1,2,32,-114
h,1,2,33,-107
h,1,2,34,-100
h,1,2,35,-93
h,1,2,36,-86
h,1,2,37,-79
h,1,2,38,-72
h,1,2,39,-65
h,1,2,40,-58
h,1,2,41,-51
h,1,2,42,-44
h,1,2,43,-37
h,1,2,44,-30
h,1,2,45,-23
h,1,2,46,-16
h,1,2,47,-9
h,1,2,48,-2
h,1,2,49,5
h,1,2,50,12
h,1,2,51,19
h,1,2,52,26
h,1,2,53,33
h,1,2,54,40
h,1,2,55,47
h,1,2,56,54
h,1,2,57,61
h,1,2,58,68
h,1,2,59,75
h,1,2,60,82
h,1,2,61,89
h,1,2,62,96
h,1,2,63,103
h,1,2,64,110
h,1,2,65,117
h,1,2,66,124
h,1,2,67,-125
h,1,2,68,-118
h,1,2,69,-111
h,1,2,70,-104
h,1,2,71,-97
h,1,2,72,-90
h,1,2,73,-83
h,1,2,74,-76
h,1,2,75,-69
h,1,2,76,-62
h,1,2,77,-55
h,1,2,78,-48
h,1,2,79,-41
h,1,2,80,-34
h,1,2,81,-27
h,1,2,82,-20
h,1,2,83,-13
h,1,2,84,-6
h,1,2,85,1
h,1,2,86,8
h,1,2,87,15
h,1,2,88,22
h,1,2,89,29
h,1,2,90,36
h,1,2,91,43
h,1,2,92,50
h,1,2,93,57
h,1,2,94,64
h,1,2,95,71
h,1,2,96,78
h,1,2,97,85
h,1,2,98,92
h,1,2,99,99
h,1,2,100,106
h,1,2,101,113
h,1,2,102,120
h,1,2,103,127
h,1,2,104,-122
h,1,2,105,-115
h,1,2,106,-108
h,1,2,107,-101
h,1,2,108,-94
h,1,2,109,-87
h,1,2,110,-80
h,1,2,111,-73
h,1,2,112,-66
h,1,2,113,-59
h,1,2,114,-52
h,1,2,115,-45
h,1,2,116,-38
h,1,2,117,-31
h,1,2,118,-24
h,1,2,119,-17
h,1,2,120,-10
h,1,2,121,-3
h,1,2,122,4
h,1,2,123,11
h,1,2,124,18
h,1,2,125,25
h,1,2,126,32
h,1,2,127,39
h,1,2,128,46
h,1,2,129,53
h,1,2,130,60
h,1,2,131,67
h,1,2,132,74
h,1,2,133,81
h,1,2,134,88
h,1,2,135,95
h,1,2,136,102
h,1,2,137,109
h,1,2,138,116
h,1,2,139,123
h,1,2,140,-126
h,1,2,141,-119
h,1,2,142,-112
h,1,2,143,-105
h,1,2,144,-98
h,1,2,145,-91
h,1,2,146,-84
h,1,2,147,-77
h,1,2,148,-70
h,1,2,149,-63
h,1,2,150,-56
h,1,2,151,-49
h,1,2,152,-42
h,1,2,153,-35
h,1,2,154,-28
h,1,2,155,-21
h,1,2,156,-14
h,1,2,157,-7
h,1,2,158,0
h,1,2,159,7
h,1,2,160,14
h,1,2,161,21
h,1,2,162,28
h,1,2,163,35
h,1,2,164,42
h,1,2,165,49
h,1,2,166,56
h,1,2,167,63
h,1,2,168,70
h,1,2,169,77
h,1,2,170,84
h,1,2,171,91
h,1,2,172,98
h,1,2,173,105
h,1,2,174,112
h,1,2,175,119
h,1,2,176,126
h,1,2,177,-123
h,1,2,178,-116
h,1,2,179,-109
h,1,2,180,-102
h,1,2,181,-95
h,1,2,182,-88
h,1,2,183,-81
h,1,2,184,-74
h,1,2,185,-67
h,1,2,186,-60
h,1,2,187,-53
h,1,2,188,-46
h,1,2,189,-39
h,1,2,190,-32
h,1,2,191,-25
h,1,2,192,-18
h,1,2,193,-11
h,1,2,194,-4
h,1,2,195,3
h,1,2,196,10
h,1,2,197,17
h,1,2,198,24
h,1,2,199,31
h,1,2,200,38
h,1,2,201,45
h,1,2,202,52
h,1,2,203,59
h,1,2,204,66
h,1,2,205,73
h,1,2,206,80
h,1,2,207,87
h,1,2,208,94
h,1,2,209,101
h,1,2,210,108
h,1,2,211,115
h,1,2,212,122
h,1,2,213,-127
h,1,2,214,-120
h,1,2,215,-113
h,1,2,216,-106
h,1,2,217,-99
h,1,2,218,-92
h,1,2,219,-85
h,1,2,220,-78
h,1,2,221,-71
h,1,2,222,-64
h,1,2,223,-57
h,1,2,224,-50
h,1,2,225,-43
h,1,2,226,-36
h,1,2,227,-29
h,1,2,228,-22
h,1,2,229,-15
h,1,2,230,-8
h,1,2,231,-1
h,1,2,232,6
h,1,2,233,13
h,1,2,234,20
h,1,2,235,27
h,1,2,236,34
h,1,2,237,41
h,1,2,238,48
h,1,2,239,55
h,1,2,240,62
h,1,2,241,69
h,1,2,242,76
h,1,2,243,83
h,1,2,244,90
h,1,2,245,97
h,1,2,246,104
h,1,2,247,111
h,1,2,248,118
h,1,2,249,125
h,1,2,250,-124
h,1,2,251,-117
h,1,2,252,-110
h,1,2,253,-103
h,1,2,254,-96
h,1,3,0,-71
h,1,3,1,-64
h,1,3,2,-57
h,1,3,3,-50
h,1,3,4,-43
h,1,3,5,-36
h,1,3,6,-29
h,1,3,7,-22
h,1,3,8,-15
h,1,3,9,-8
h,1,3,10,-1
h,1,3,11,6
h,1,3,12,13
h,1,3,13,20
h,1,3,14,27
h,1,3,15,34
h,1,3,16,41
h,1,3,17,48
h,1,3,18,55
h,1,3,19,62
h,1,3,20,69
h,1,3,21,76
h,1,3,22,83
h,1,3,23,90
h,1,3,24,97
h,1,3,25,104
h,1,3,26,111
h,1,3,27,118
h,1,3,28,125
h,1,3,29,-124
h,1,3,30,-117
h,1,3,31,-110
h,1,3,32,-103
h,1,3,33,-96
h,1,3,34,-89
h,1,3,35,-82
h,1,3,36,-75
h,1,3,37,-68
h,1,3,38,-61
h,1,3,39,-54
h,1,3,40,-47
h,1,3,41,-40
h,1,3,42,-33
h,1,3,43,-26
h,1,3,44,-19
h,1,3,45,-12
h,1,3,46,-5
h,1,3,47,2
h,1,3,48,9
h,1,3,49,16
h,1,3,50,23
h,1,3,51,30
h,1,3,52,37
h,1,3,53,44
h,1,3,54,51
h,1,3,55,58
h,1,3,56,65
h,1,3,57,72
h,1,3,58,79
h,1,3,59,86
h,1,3,60,93
h,1,3,61,100
h,1,3,62,107
h,1,3,63,114
h,1,3,64,121
h,1,3,65,-128
h,1,3,66,-121
h,1,3,67,-114
h,1,3,68,-107
h,1,3,69,-100
h,1,3,70,-93
h,1,3,71,-86
h,1,3,72,-79
h,1,3,73,-72
h,1,3,74,-65
h,1,3,75,-58
h,1,3,76,-51
h,1,3,77,-44
h,1,3,78,-37
h,1,3,79,-30
h,1,3,80,-23
h,1,3,81,-16
h,1,3,82,-9
h,1,3,83,-2
h,1,3,84,5
h,1,3,85,12
h,1,3,86,19
h,1,3,87,26
h,1,3,88,33
h,1,3,89,40
h,1,3,90,47
h,1,3,91,54
h,1,3,92,61
h,1,3,93,68
h,1,3,94,75
h,1,3,95,82
h,1,3,96,89
h,1,3,97,96
h,1,3,98,103
h,1,3,99,110
h,1,3,100,117
h,1,3,101,124
h,1,3,102,-125
h,1,3,103,-118
h,1,3,104,-111
h,1,3,105,-104
h,1,3,106,-97
h,1,3,107,-90
h,1,3,108,-83
h,1,3,109,-76
h,1,3,110,-69
h,1,3,111,-62
h,1,3,112,-55
h,1,3,113,-48
h,1,3,114,-41
h,1,3,115,-34
h,1,3,116,-27
h,1,3,117,-20
h,1,3,118,-13
h,1,3,119,-6
h,1,3,120,1
h,1,3,121,8
h,1,3,122,15
h,1,3,123,22
h,1,3,124,29
h,1,3,125,36
h,1,3,126,43
h,1,3,127,50
h,1,3,128,57
h,1,3,129,64
h,1,3,130,71
h,1,3,131,78
h,1,3,132,85
h,1,3,133,92
h,1,3,134,99
h,1,3,135,106
h,1,3,136,113
h,1,3,137,120
h,1,3,138,127
h,1,3,139,-122
h,1,3,140,-115
h,1,3,141,-108
h,1,3,142,-101
h,1,3,143,-94
h,1,3,144,-87
h,1,3,145,-80
h,1,3,146,-73
h,1,3,147,-66
h,1,3,148,-59
h,1,3,149,-52
h,1,3,150,-45
h,1,3,151,-38
h,1,3,152,-31
h,1,3,153,-24
h,1,3,154,-17
h,1,3,155,-10
h,1,3,156,-3
h,1,3,157,4
h,1,3,158,11
h,1,3,159,18
h,1,3,160,25
h,1,3,161,32
h,1,3,162,39
h,1,3,163,46
h,1,3,164,53
h,1,3,165,60
h,1,3,166,67
h,1,3,167,74
h,1,3,168,81
h,1,3,169,88
h,1,3,170,95
h,1,3,171,102
h,1,3,172,109
h,1,3,173,116
h,1,3,174,123
h,1,3,175,-126
h,1,3,176,-119
h,1,3,177,-112
h,1,3,178,-105
h,1,3,179,-98
h,1,3,180,-91
h,1,3,181,-84
h,1,3,182,-77
h,1,3,183,-70
h,1,3,184,-63
h,1,3,185,-56
h,1,3,186,-49
h,1,3,187,-42
h,1,3,188,-35
h,1,3,189,-28
h,1,3,190,-21
h,1,3,191,-14
h,1,3,192,-7
h,1,3,193,0
h,1,3,194,7
h,1,3,195,14
h,1,3,196,21
h,1,3,197,28
h,1,3,198,35
h,1,3,199,42
h,1,3,200,49
h,1,3,201,56
h,1,3,202,63
h,1,3,203,70
h,1,3,204,77
h,1,3,205,84
h,1,3,206,91
h,1,3,207,98
h,1,3,208,105
h,1,3,209,112
h,1,3,210,119
h,1,3,211,126
h,1,3,212,-123
h,1,3,213,-116
h,1,3,214,-109
h,1,3,215,-102
h,1,3,216,-95
h,1,3,217,-88
h,1,3,218,-81
h,1,3,219,-74
h,1,3,220,-67
h,1,3,221,-60
h,1,3,222,-53
h,1,3,223,-46
h,1,3,224,-39
h,1,3,225,-32
h,1,3,226,-25
h,1,3,227,-18
h,1,3,228,-11
h,1,3,229,-4
h,1,3,230,3
h,1,3,231,10
h,1,3,232,17
h,1,3,233,24
h,1,3,234,31
h,1,3,235,38
h,1,3,236,45
h,1,3,237,52
h,1,3,238,59
h,1,3,239,66
h,1,3,240,73
h,1,3,241,80
h,1,3,242,87
h,1,3,243,94
h,1,3,244,101
h,1,3,245,108
h,1,3,246,115
h,1,3,247,122
h,1,3,248,-127
h,1,3,249,-120
h,1,3,250,-113
h,1,3,251,-106
h,1,3,252,-99
h,1,3,253,-92
h,1,3,254,-85
h,2,0,0,-85
h,2,0,1,-78
h,2,0,2,-71
h,2,0,3,-64
h,2,0,4,-57
h,2,0,5,-50
h,2,0,6,-43
h,2,0,7,-36
h,2,0,8,-29
h,2,0,9,-22
h,2,0,10,-15
h,2,0,11,-8
h,2,0,12,-1
h,2,0,13,6
h,2,0,14,13
h,2,0,15,20
h,2,0,16,27
h,2,0,17,34
h,2,0,18,41
h,2,0,19,48
h,2,0,20,55
h,2,0,21,62
h,2,0,22,69
h,2,0,23,76
h,2,0,24,83
h,2,0,25,90
h,2,0,26,97
h,2,0,27,104
h,2,0,28,111
h,2,0,29,118
h,2,0,30,125
h,2,0,31,-124
h,2,0,32,-117
h,2,0,33,-110
h,2,0,34,-103
h,2,0,35,-96
h,2,0,36,-89
h,2,0,37,-82
h,2,0,38,-75
h,2,0,39,-68
h,2,0,40,-61
h,2,0,41,-54
h,2,0,42,-47
h,2,0,43,-40
h,2,0,44,-33
h,2,0,45,-26
h,2,0,46,-19
h,2,0,47,-12
h,2,0,48,-5
h,2,0,49,2
h,2,0,50,9
h,2,0,51,16
h,2,0,52,23
h,2,0,53,30
h,2,0,54,37
h,2,0,55,44
h,2,0,56,51
h,2,0,57,58
h,2,0,58,65
h,2,0,59,72
h,2,0,60,79
h,2,0,61,86
h,2,0,62,93
h,2,0,63,100
h,2,0,64,107
h,2,0,65,114
h,2,0,66,121
h,2,0,67,-128
h,2,0,68,-121
h,2,0,69,-114
h,2,0,70,-107
h,2,0,71,-100
h,2,0,72,-93
h,2,0,73,-86
h,2,0,74,-79
h,2,0,75,-72
h,2,0,76,-65
h,2,0,77,-58
h,2,0,78,-51
h,2,0,79,-44
h,2,0,80,-37
h,2,0,81,-30
h,2,0,82,-23
h,2,0,83,-16
h,2,0,84,-9
h,2,0,85,-2
h,2,0,86,5
h,2,0,87,12
h,2,0,88,19
h,2,0,89,26
h,2,0,90,33
h,2,0,91,40
h,2,0,92,47
h,2,0,93,54
h,2,0,94,61
h,2,0,95,68
h,2,0,96,75
h,2,0,97,82
h,2,0,98,89
h,2,0,99,96
h,2,0,100,103
h,2,0,101,110
h,2,0,102,117
h,2,0,103,124
h,2,0,104,-125
h,2,0,105,-118
h,2,0,106,-111
h,2,0,107,-104
h,2,0,108,-97
h,2,0,109,-90
h,2,0,110,-83
h,2,0,111,-76
h,2,0,112,-69
h,2,0,113,-62
h,2,0,114,-55
h,2,0,115,-48
h,2,0,116,-41
h,2,0,117,-34
h,2,0,118,-27
h,2,0,119,-20
h,2,0,120,-13
h,2,0,121,-6
h,2,0,122,1
h,2,0,123,8
h,2,0,124,15
h,2,0,125,22
h,2,0,126,29
h,2,0,127,36
h,2,0,128,43
h,2,0,129,50
h,2,0,130,57
h,2,0,131,64
h,2,0,132,71
h,2,0,133,78
h,2,0,134,85
h,2,0,135,92
h,2,0,136,99
h,2,0,137,106
h,2,0,138,113
h,2,0,139,120
h,2,0,140,127
h,2,0,141,-122
h,2,0,142,-115
h,2,0,143,-108
h,2,0,144,-101
h,2,0,145,-94
h,2,0,146,-87
h,2,0,147,-80
h,2,0,148,-73
h,2,0,149,-66
h,2,0,150,-59
h,2,0,151,-52
h,2,0,152,-45
h,2,0,153,-38
h,2,0,154,-31
h,2,0,155,-24
h,2,0,156,-17
h,2,0,157,-10
h,2,0,158,-3
h,2,0,159,4
h,2,0,160,11
h,2,0,161,18
h,2,0,162,25
h,2,0,163,32
h,2,0,164,39
h,2,0,165,46
h,2,0,166,53
h,2,0,167,60
h,2,0,168,67
h,2,0,169,74
h,2,0,170,81
h,2,0,171,88
h,2,0,172,95
h,2,0,173,102
h,2,0,174,109
h,2,0,175,116
h,2,0,176,123
h,2,0,177,-126
h,2,0,178,-119
h,2,0,179,-112
h,2,0,180,-105
h,2,0,181,-98
h,2,0,182,-91
h,2,0,183,-84
h,2,0,184,-77
h,2,0,185,-70
h,2,0,186,-63
h,2,0,187,-56
h,2,0,188,-49
h,2,0,189,-42
h,2,0,190,-35
h,2,0,191,-28
h,2,0,192,-21
h,2,0,193,-14
h,2,0,194,-7
h,2,0,195,0
h,2,0,196,7
h,2,0,197,14
h,2,0,198,21
h,2,0,199,28
h,2,0,200,35
h,2,0,201,42
h,2,0,202,49
h,2,0,203,56
h,2,0,204,63
h,2,0,205,70
h,2,0,206,77
h,2,0,207,84
h,2,0,208,91
h,2,0,209,98
h,2,0,210,105
h,2,0,211,112
h,2,0,212,119
h,2,0,213,126
h,2,0,214,-123
h,2,0,215,-116
h,2,0,216,-109
h,2,0,217,-102
h,2,0,218,-95
h,2,0,219,-88
h,2,0,220,-81
h,2,0,221,-74
h,2,0,222,-67
h,2,0,223,-60
h,2,0,224,-53
h,2,0,225,-46
h,2,0,226,-39
h,2,0,227,-32
h,2,0,228,-25
h,2,0,229,-18
h,2,0,230,-11
h,2,0,231,-4
h,2,0,232,3
h,2,0,233,10
h,2,0,234,17
h,2,0,235,24
h,2,0,236,31
h,2,0,237,38
h,2,0,238,45
h,2,0,239,52
h,2,0,240,59
h,2,0,241,66
h,2,0,242,73
h,2,0,243,80
h,2,0,244,87
h,2,0,245,94
h,2,0,246,101
h,2,0,247,108
h,2,0,248,115
h,2,0,249,122
h,2,0,250,-127
h,2,0,251,-120
h,2,0,252,-113
h,2,0,253,-106
h,2,0,254,-99
h,2,1,0,-74
h,2,1,1,-67
h,2,1,2,-60
h,2,1,3,-53
h,2,1,4,-46
h,2,1,5,-39
h,2,1,6,-32
h,2,1,7,-25
h,2,1,8,-18
h,2,1,9,-11
h,2,1,10,-4
h,2,1,11,3
h,2,1,12,10
h,2,1,13,17
h,2,1,14,24
h,2,1,15,31
h,2,1,16,38
h,2,1,17,45
h,2,1,18,52
h,2,1,19,59
h,2,1,20,66
h,2,1,21,73
h,2,1,22,80
h,2,1,23,87
h,2,1,24,94
h,2,1,25,101
h,2,1,26,108
h,2,1,27,115
h,2,1,28,122
h,2,1,29,-127
h,2,1,30,-120
h,2,1,31,-113
h,2,1,32,-106
h,2,1,33,-99
h,2,1,34,-92
h,2,1,35,-85
h,2,1,36,-78
h,2,1,37,-71
h,2,1,38,-64
h,2,1,39,-57
h,2,1,40,-50
h,2,1,41,-43
h,2,1,42,-36
h,2,1,43,-29
h,2,1,44,-22
h,2,1,45,-15
h,2,1,46,-8
h,2,1,47,-1
h,2,1,48,6
h,2,1,49,13
h,2,1,50,20
h,2,1,51,27
h,2,1,52,34
h,2,1,53,41
h,2,1,54,48
h,2,1,55,55
h,2,1,56,62
h,2,1,57,69
h,2,1,58,76
h,2,1,59,83
h,2,1,60,90
h,2,1,61,97
h,2,1,62,104
h,2,1,63,111
h,2,1,64,118
h,2,1,65,125
h,2,1,66,-124
h,2,1,67,-117
h,2,1,68,-110
h,2,1,69,-103
h,2,1,70,-96
h,2,1,71,-89
h,2,1,72,-82
h,2,1,73,-75
h,2,1,74,-68
h,2,1,75,-61
h,2,1,76,-54
h,2,1,77,-47
h,2,1,78,-40
h,2,1,79,-33
h,2,1,80,-26
h,2,1,81,-19
h,2,1,82,-12
h,2,1,83,-5
h,2,1,84,2
h,2,1,85,9
h,2,1,86,16
h,2,1,87,23
h,2,1,88,30
h,2,1,89,37
h,2,1,90,44
h,2,1,91,51
h,2,1,92,58
h,2,1,93,65
h,2,1,94,72
h,2,1,95,79
h,2,1,96,86
h,2,1,97,93
h,2,1,98,100
h,2,1,99,107
h,2,1,100,114
h,2,1,101,121
h,2,1,102,-128
h,2,1,103,-121
h,2,1,104,-114
h,2,1,105,-107
h,2,1,106,-100
h,2,1,107,-93
h,2,1,108,-86
h,2,1,109,-79
h,2,1,110,-72
h,2,1,111,-65
h,2,1,112,-58
h,2,1,113,-51
h,2,1,114,-44
h,2,1,115,-37
h,2,1,116,-30
h,2,1,117,-23
h,2,1,118,-16
h,2,1,119,-9
h,2,1,120,-2
h,2,1,121,5
h,2,1,122,12
h,2,1,123,19
h,2,1,124,26
h,2,1,125,33
h,2,1,126,40
h,2,1,127,47
h,2,1,128,54
h,2,1,129,61
h,2,1,130,68
h,2,1,131,75
h,2,1,132,82
h,2,1,133,89
h,2,1,134,96
h,2,1,135,103
h,2,1,136,110
h,2,1,137,117
h,2,1,138,124
h,2,1,139,-125
h,2,1,140,-118
h,2,1,141,-111
h,2,1,142,-104
h,2,1,143,-97
h,2,1,144,-90
h,2,1,145,-83
h,2,1,146,-76
h,2,1,147,-69
h,2,1,148,-62
h,2,1,149,-55
h,2,1,150,-48
h,2,1,151,-41
h,2,1,152,-34
h,2,1,153,-27
h,2,1,154,-20
h,2,1,155,-13
h,2,1,156,-6
h,2,1,157,1
h,2,1,158,8
h,2,1,159,15
h,2,1,160,22
h,2,1,161,29
h,2,1,162,36
h,2,1,163,43
h,2,1,164,50
h,2,1,165,57
h,2,1,166,64
h,2,1,167,71
h,2,1,168,78
h,2,1,169,85
h,2,1,170,92
h,2,1,171,99
h,2,1,172,106
h,2,1,173,113
h,2,1,174,120
h,2,1,175,127
h,2,1,176,-122
h,2,1,177,-115
h,2,1,178,-108
h,2,1,179,-101
h,2,1,180,-94
h,2,1,181,-87
h,2,1,182,-80
h,2,1,183,-73
h,2,1,184,-66
h,2,1,185,-59
h,2,1,186,-52
h,2,1,187,-45
h,2,1,188,-38
h,2,1,189,-31
h,2,1,190,-24
h,2,1,191,-17
h,2,1,192,-10
h,2,1,193,-3
h,2,1,194,4
h,2,1,195,11
h,2,1,196,18
h,2,1,197,25
h,2,1,198,32
h,2,1,199,39
h,2,1,200,46
h,2,1,201,53
h,2,1,202,60
h,2,1,203,67
h,2,1,204,74
h,2,1,205,81
h,2,1,206,88
h,2,1,207,95
h,2,1,208,102
h,2,1,209,109
h,2,1,210,116
h,2,1,211,123
h,2,1,212,-126
h,2,1,213,-119
h,2,1,214,-112
h,2,1,215,-105
h,2,1,216,-98
h,2,1,217,-91
h,2,1,218,-84
h,2,1,219,-77
h,2,1,220,-70
h,2,1,221,-63
h,2,1,222,-56
h,2,1,223,-49
h,2,1,224,-42
h,2,1,225,-35
h,2,1,226,-28
h,2,1,227,-21
h,2,1,228,-14
h,2,1,229,-7
h,2,1,230,0
h,2,1,231,7
h,2,1,232,14
h,2,1,233,21
h,2,1,234,28
h,2,1,235,35
h,2,1,236,42
h,2,1,237,49
h,2,1,238,56
h,2,1,239,63
h,2,1,240,70
h,2,1,241,77
h,2,1,242,84
h,2,1,243,91
h,2,1,244,98
h,2,1,245,105
h,2,1,246,112
h,2,1,247,119
h,2,1,248,126
h,2,1,249,-123
h,2,1,250,-116
h,2,1,251,-109
h,2,1,252,-102
h,2,1,253,-95
h,2,1,254,-88
h,2,2,0,-63
h,2,2,1,-56
h,2,2,2,-49
h,2,2,3,-42
h,2,2,4,-35
h,2,2,5,-28
h,2,2,6,-21
h,2,2,7,-14
h,2,2,8,-7
h,2,2,9,0
h,2,2,10,7
h,2,2,11,14
h,2,2,12,21
h,2,2,13,28
h,2,2,14,35
h,2,2,15,42
h,2,2,16,49
h,2,2,17,56
h,2,2,18,63
h,2,2,19,70
h,2,2,20,77
h,2,2,21,84
h,2,2,22,91
h,2,2,23,98
h,2,2,24,105
h,2,2,25,112
h,2,2,26,119
h,2,2,27,126
h,2,2,28,-123
h,2,2,29,-116
h,2,2,30,-109
h,2,2,31,-102
h,2,2,32,-95
h,2,2,33,-88
h,2,2,34,-81
h,2,2,35,-74
h,2,2,36,-67
h,2,2,37,-60
h,2,2,38,-53
h,2,2,39,-46
h,2,2,40,-39
h,2,2,41,-32
h,2,2,42,-25
h,2,2,43,-18
h,2,2,44,-11
h,2,2,45,-4
h,2,2,46,3
h,2,2,47,10
h,2,2,48,17
h,2,2,49,24
h,2,2,50,31
h,2,2,51,38
h,2,2,52,45
h,2,2,53,52
h,2,2,54,59
h,2,2,55,66
h,2,2,56,73
h,2,2,57,80
h,2,2,58,87
h,2,2,59,94
h,2,2,60,101
h,2,2,61,108
h,2,2,62,115
h,2,2,63,122
h,2,2,64,-127
h,2,2,65,-120
h,2,2,66,-113
h,2,2,67,-106
h,2,2,68,-99
h,2,2,69,-92
h,2,2,70,-85
h,2,2,71,-78
h,2,2,72,-71
h,2,2,73,-64
h,2,2,74,-57
h,2,2,75,-50
h,2,2,76,-43
h,2,2,77,-36
h,2,2,78,-29
h,2,2,79,-22
h,2,2,80,-15
h,2,2,81,-8
h,2,2,82,-1
h,2,2,83,6
h,2,2,84,13
h,2,2,85,20
h,2,2,86,27
h,2,2,87,34
h,2,2,88,41
h,2,2,89,48
h,2,2,90,55
h,2,2,91,62
h,2,2,92,69
h,2,2,93,76
h,2,2,94,83
h,2,2,95,90
h,2,2,96,97
h,2,2,97,104
h,2,2,98,111
h,2,2,99,118
h,2,2,100,125
h,2,2,101,-124
h,2,2,102,-117
h,2,2,103,-110
h,2,2,104,-103
h,2,2,105,-96
h,2,2,106,-89
h,2,2,107,-82
h,2,2,108,-75
h,2,2,109,-68
h,2,2,110,-61
h,2,2,111,-54
h,2,2,112,-47
h,2,2,113,-40
h,2,2,114,-33
h,2,2,115,-26
h,2,2,116,-19
h,2,2,117,-12
h,2,2,118,-5
h,2,2,119,2
h,2,2,120,9
h,2,2,121,16
h,2,2,122,23
h,2,2,123,30
h,2,2,124,37
h,2,2,125,44
h,2,2,126,51
h,2,2,127,58
h,2,2,128,65
h,2,2,129,72
h,2,2,130,79
h,2,2,131,86
h,2,2,132,93
h,2,2,133,100
h,2,2,134,107
h,2,2,135,114
h,2,2,136,121
h,2,2,137,-128
h,2,2,138,-121
h,2,2,139,-114
h,2,2,140,-107
h,2,2,141,-100
h,2,2,142,-93
h,2,2,143,-86
h,2,2,144,-79
h,2,2,145,-72
h,2,2,146,-65
h,2,2,147,-58
h,2,2,148,-51
h,2,2,149,-44
h,2,2,150,-37
h,2,2,151,-30
h,2,2,152,-23
h,2,2,153,-16
h,2,2,154,-9
h,2,2,155,-2
h,2,2,156,5
h,2,2,157,12
h,2,2,158,19
h,2,2,159,26
h,2,2,160,33
h,2,2,161,40
h,2,2,162,47
h,2,2,163,54
h,2,2,164,61
h,2,2,165,68
h,2,2,166,75
h,2,2,167,82
h,2,2,168,89
h,2,2,169,96
h,2,2,170,103
h,2,2,171,110
h,2,2,172,117
h,2,2,173,124
h,2,2,174,-125
h,2,2,175,-118
h,2,2,176,-111
h,2,2,177,-104
h,2,2,178,-97
h,2,2,179,-90
h,2,2,180,-83
h,2,2,181,-76
h,2,2,182,-69
h,2,2,183,-62
h,2,2,184,-55
h,2,2,185,-48
h,2,2,186,-41
h,2,2,187,-34
h,2,2,188,-27
h,2,2,189,-20
h,2,2,190,-13
h,2,2,191,-6
h,2,2,192,1
h,2,2,193,8
h,2,2,194,15
h,2,2,195,22
h,2,2,196,29
h,2,2,197,36
h,2,2,198,43
h,2,2,199,50
h,2,2,200,57
h,2,2,201,64
h,2,2,202,71
h,2,2,203,78
h,2,2,204,85
h,2,2,205,92
h,2,2,206,99
h,2,2,207,106
h,2,2,208,113
h,2,2,209,120
h,2,2,210,127
h,2,2,211,-122
h,2,2,212,-115
h,2,2,213,-108
h,2,2,214,-101
h,2,2,215,-94
h,2,2,216,-87
h,2,2,217,-80
h,2,2,218,-73
h,2,2,219,-66
h,2,2,220,-59
h,2,2,221,-52
h,2,2,222,-45
h,2,2,223,-38
h,2,2,224,-31
h,2,2,225,-24
h,2,2,226,-17
h,2,2,227,-10
h,2,2,228,-3
h,2,2,229,4
h,2,2,230,11
h,2,2,231,18
h,2,2,232,25
h,2,2,233,32
h,2,2,234,39
h,2,2,235,46
h,2,2,236,53
h,2,2,237,60
h,2,2,238,67
h,2,2,239,74
h,2,2,240,81
h,2,2,241,88
h,2,2,242,95
h,2,2,243,102
h,2,2,244,109
h,2,2,245,116
h,2,2,246,123
h,2,2,247,-126
h,2,2,248,-119
h,2,2,249,-112
h,2,2,250,-105
h,2,2,251,-98
h,2,2,252,-91
h,2,2,253,-84
h,2,2,254,-77
h,2,3,0,-52
h,2,3,1,-45
h,2,3,2,-38
h,2,3,3,-31
h,2,3,4,-24
h,2,3,5,-17
h,2,3,6,-10
h,2,3,7,-3
h,2,3,8,4
h,2,3,9,11
h,2,3,10,18
h,2,3,11,25
h,2,3,12,32
h,2,3,13,39
h,2,3,14,46
h,2,3,15,53
h,2,3,16,60
h,2,3,17,67
h,2,3,18,74
h,2,3,19,81
h,2,3,20,88
h,2,3,21,95
h,2,3,22,102
h,2,3,23,109
h,2,3,24,116
h,2,3,25,123
h,2,3,26,-126
h,2,3,27,-119
h,2,3,28,-112
h,2,3,29,-105
h,2,3,30,-98
h,2,3,31,-91
h,2,3,32,-84
h,2,3,33,-77
h,2,3,34,-70
h,2,3,35,-63
h,2,3,36,-56
h,2,3,37,-49
h,2,3,38,-42
h,2,3,39,-35
h,2,3,40,-28
h,2,3,41,-21
h,2,3,42,-14
h,2,3,43,-7
h,2,3,44,0
h,2,3,45,7
h,2,3,46,14
h,2,3,47,21
h,2,3,48,28
h,2,3,49,35
h,2,3,50,42
h,2,3,51,49
h,2,3,52,56
h,2,3,53,63
h,2,3,54,70
h,2,3,55,77
h,2,3,56,84
h,2,3,57,91
h,2,3,58,98
h,2,3,59,105
h,2,3,60,112
h,2,3,61,119
h,2,3,62,126
h,2,3,63,-123
h,2,3,64,-116
h,2,3,65,-109
h,2,3,66,-102
h,2,3,67,-95
h,2,3,68,-88
h,2,3,69,-81
h,2,3,70,-74
h,2,3,71,-67
h,2,3,72,-60
h,2,3,73,-53
h,2,3,74,-46
h,2,3,75,-39
h,2,3,76,-32
h,2,3,77,-25
h,2,3,78,-18
h,2,3,79,-11
h,2,3,80,-4
h,2,3,81,3
h,2,3,82,10
h,2,3,83,17
h,2,3,84,24
h,2,3,85,31
h,2,3,86,38
h,2,3,87,45
h,2,3,88,52
h,2,3,89,59
h,2,3,90,66
h,2,3,91,73
h,2,3,92,80
h,2,3,93,87
h,2,3,94,94
h,2,3,95,101
h,2,3,96,108
h,2,3,97,115
h,2,3,98,122
h,2,3,99,-127
h,2,3,100,-120
h,2,3,101,-113
h,2,3,102,-106
h,2,3,103,-99
h,2,3,104,-92
h,2,3,105,-85
h,2,3,106,-78
h,2,3,107,-71
h,2,3,108,-64
h,2,3,109,-57
h,2,3,110,-50
h,2,3,111,-43
h,2,3,112,-36
h,2,3,113,-29
h,2,3,114,-22
h,2,3,115,-15
h,2,3,116,-8
h,2,3,117,-1
h,2,3,118,6
h,2,3,119,13
h,2,3,120,20
h,2,3,121,27
h,2,3,122,34
h,2,3,123,41
h,2,3,124,48
h,2,3,125,55
h,2,3,126,62
h,2,3,127,69
h,2,3,128,76
h,2,3,129,83
h,2,3,130,90
h,2,3,131,97
h,2,3,132,104
h,2,3,133,111
h,2,3,134,118
h,2,3,135,125
h,2,3,136,-124
h,2,3,137,-117
h,2,3,138,-110
h,2,3,139,-103
h,2,3,140,-96
h,2,3,141,-89
h,2,3,142,-82
h,2,3,143,-75
h,2,3,144,-68
h,2,3,145,-61
h,2,3,146,-54
h,2,3,147,-47
h,2,3,148,-40
h,2,3,149,-33
h,2,3,150,-26
h,2,3,151,-19
h,2,3,152,-12
h,2,3,153,-5
h,2,3,154,2
h,2,3,155,9
h,2,3,156,16
h,2,3,157,23
h,2,3,158,30
h,2,3,159,37
h,2,3,160,44
h,2,3,161,51
h,2,3,162,58
h,2,3,163,65
h,2,3,164,72
h,2,3,165,79
h,2,3,166,86
h,2,3,167,93
h,2,3,168,100
h,2,3,169,107
h,2,3,170,114
h,2,3,171,121
h,2,3,172,-128
h,2,3,173,-121
h,2,3,174,-114
h,2,3,175,-107
h,2,3,176,-100
h,2,3,177,-93
h,2,3,178,-86
h,2,3,179,-79
h,2,3,180,-72
h,2,3,181,-65
h,2,3,182,-58
h,2,3,183,-51
h,2,3,184,-44
h,2,3,185,-37
h,2,3,186,-30
h,2,3,187,-23
h,2,3,188,-16
h,2,3,189,-9
h,2,3,190,-2
h,2,3,191,5
h,2,3,192,12
h,2,3,193,19
h,2,3,194,26
h,2,3,195,33
h,2,3,196,40
h,2,3,197,47
h,2,3,198,54
h,2,3,199,61
h,2,3,200,68
h,2,3,201,75
h,2,3,202,82
h,2,3,203,89
h,2,3,204,96
h,2,3,205,103
h,2,3,206,110
h,2,3,207,117
h,2,3,208,124
h,2,3,209,-125
h,2,3,210,-118
h,2,3,211,-111
h,2,3,212,-104
h,2,3,213,-97
h,2,3,214,-90
h,2,3,215,-83
h,2,3,216,-76
h,2,3,217,-69
h,2,3,218,-62
h,2,3,219,-55
h,2,3,220,-48
h,2,3,221,-41
h,2,3,222,-34
h,2,3,223,-27
h,2,3,224,-20
h,2,3,225,-13
h,2,3,226,-6
h,2,3,227,1
h,2,3,228,8
h,2,3,229,15
h,2,3,230,22
h,2,3,231,29
h,2,3,232,36
h,2,3,233,43
h,2,3,234,50
h,2,3,235,57
h,2,3,236,64
h,2,3,237,71
h,2,3,238,78
h,2,3,239,85
h,2,3,240,92
h,2,3,241,99
h,2,3,242,106
h,2,3,243,113
h,2,3,244,120
h,2,3,245,127
h,2,3,246,-122
h,2,3,247,-115
h,2,3,248,-108
h,2,3,249,-101
h,2,3,250,-94
h,2,3,251,-87
h,2,3,252,-80
h,2,3,253,-73
h,2,3,254,-66
h,3,0,0,-66
h,3,0,1,-59
h,3,0,2,-52
h,3,0,3,-45
h,3,0,4,-38
h,3,0,5,-31
h,3,0,6,-24
h,3,0,7,-17
h,3,0,8,-10
h,3,0,9,-3
h,3,0,10,4
h,3,0,11,11
h,3,0,12,18
h,3,0,13,25
h,3,0,14,32
h,3,0,15,39
h,3,0,16,46
h,3,0,17,53
h,3,0,18,60
h,3,0,19,67
h,3,0,20,74
h,3,0,21,81
h,3,0,22,88
h,3,0,23,95
h,3,0,24,102
h,3,0,25,109
h,3,0,26,116
h,3,0,27,123
h,3,0,28,-126
h,3,0,29,-119
h,3,0,30,-112
h,3,0,31,-105
h,3,0,32,-98
h,3,0,33,-91
h,3,0,34,-84
h,3,0,35,-77
h,3,0,36,-70
h,3,0,37,-63
h,3,0,38,-56
h,3,0,39,-49
h,3,0,40,-42
h,3,0,41,-35
h,3,0,42,-28
h,3,0,43,-21
h,3,0,44,-14
h,3,0,45,-7
h,3,0,46,0
h,3,0,47,7
h,3,0,48,14
h,3,0,49,21
h,3,0,50,28
h,3,0,51,35
h,3,0,52,42
h,3,0,53,49
h,3,0,54,56
h,3,0,55,63
h,3,0,56,70
h,3,0,57,77
h,3,0,58,84
h,3,0,59,91
h,3,0,60,98
h,3,0,61,105
h,3,0,62,112
h,3,0,63,119
h,3,0,64,126
h,3,0,65,-123
h,3,0,66,-116
h,3,0,67,-109
h,3,0,68,-102
h,3,0,69,-95
h,3,0,70,-88
h,3,0,71,-81
h,3,0,72,-74
h,3,0,73,-67
h,3,0,74,-60
h,3,0,75,-53
h,3,0,76,-46
h,3,0,77,-39
h,3,0,78,-32
h,3,0,79,-25
h,3,0,80,-18
h,3,0,81,-11
h,3,0,82,-4
h,3,0,83,3
h,3,0,84,10
h,3,0,85,17
h,3,0,86,24
h,3,0,87,31
h,3,0,88,38
h,3,0,89,45
h,3,0,90,52
h,3,0,91,59
h,3,0,92,66
h,3,0,93,73
h,3,0,94,80
h,3,0,95,87
h,3,0,96,94
h,3,0,97,101
h,3,0,98,108
h,3,0,99,115
h,3,0,100,122
h,3,0,101,-127
h,3,0,102,-120
h,3,0,103,-113
h,3,0,104,-106
h,3,0,105,-99
h,3,0,106,-92
h,3,0,107,-85
h,3,0,108,-78
h,3,0,109,-71
h,3,0,110,-64
h,3,0,111,-57
h,3,0,112,-50
h,3,0,113,-43
h,3,0,114,-36
h,3,0,115,-29
h,3,0,116,-22
h,3,0,117,-15
h,3,0,118,-8
h,3,0,119,-1
h,3,0,120,6
h,3,0,121,13
h,3,0,122,20
h,3,0,123,27
h,3,0,124,34
h,3,0,125,41
h,3,0,126,48
h,3,0,127,55
h,3,0,128,62
h,3,0,129,69
h,3,0,130,76
h,3,0,131,83
h,3,0,132,90
h,3,0,133,97
h,3,0,134,104
h,3,0,135,111
h,3,0,136,118
h,3,0,137,125
h,3,0,138,-124
h,3,0,139,-117
h,3,0,140,-110
h,3,0,141,-103
h,3,0,142,-96
h,3,0,143,-89
h,3,0,144,-82
h,3,0,145,-75
h,3,0,146,-68
h,3,0,147,-61
h,3,0,148,-54
h,3,0,149,-47
h,3,0,150,-40
h,3,0,151,-33
h,3,0,152,-26
h,3,0,153,-19
h,3,0,154,-12
h,3,0,155,-5
h,3,0,156,2
h,3,0,157,9
h,3,0,158,16
h,3,0,159,23
h,3,0,160,30
h,3,0,161,37
h,3,0,162,44
h,3,0,163,51
h,3,0,164,58
h,3,0,165,65
h,3,0,166,72
h,3,0,167,79
h,3,0,168,86
h,3,0,169,93
h,3,0,170,100
h,3,0,171,107
h,3,0,172,114
h,3,0,173,121
h,3,0,174,-128
h,3,0,175,-121
h,3,0,176,-114
h,3,0,177,-107
h,3,0,178,-100
h,3,0,179,-93
h,3,0,180,-86
h,3,0,181,-79
h,3,0,182,-72
h,3,0,183,-65
h,3,0,184,-58
h,3,0,185,-51
h,3,0,186,-44
h,3,0,187,-37
h,3,0,188,-30
h,3,0,189,-23
h,3,0,190,-16
h,3,0,191,-9
h,3,0,192,-2
h,3,0,193,5
h,3,0,194,12
h,3,0,195,19
h,3,0,196,26
h,3,0,197,33
h,3,0,198,40
h,3,0,199,47
h,3,0,200,54
h,3,0,201,61
h,3,0,202,68
h,3,0,203,75
h,3,0,204,82
h,3,0,205,89
h,3,0,206,96
h,3,0,207,103
h,3,0,208,110
h,3,0,209,117
h,3,0,210,124
h,3,0,211,-125
h,3,0,212,-118
h,3,0,213,-111
h,3,0,214,-104
h,3,0,215,-97
h,3,0,216,-90
h,3,0,217,-83
h,3,0,218,-76
h,3,0,219,-69
h,3,0,220,-62
h,3,0,221,-55
h,3,0,222,-48
h,3,0,223,-41
h,3,0,224,-34
h,3,0,225,-27
h,3,0,226,-20
h,3,0,227,-13
h,3,0,228,-6
h,3,0,229,1
h,3,0,230,8
h,3,0,231,15
h,3,0,232,22
h,3,0,233,29
h,3,0,234,36
h,3,0,235,43
h,3,0,236,50
h,3,0,237,57
h,3,0,238,64
h,3,0,239,71
h,3,0,240,78
h,3,0,241,85
h,3,0,242,92
h,3,0,243,99
h,3,0,244,106
h,3,0,245,113
h,3,0,246,120
h,3,0,247,127
h,3,0,248,-122
h,3,0,249,-115
h,3,0,250,-108
h,3,0,251,-101
h,3,0,252,-94
h,3,0,253,-87
h,3,0,254,-80
h,3,1,0,-55
h,3,1,1,-48
h,3,1,2,-41
h,3,1,3,-34
h,3,1,4,-27
h,3,1,5,-20
h,3,1,6,-13
h,3,1,7,-6
h,3,1,8,1
h,3,1,9,8
h,3,1,10,15
h,3,1,11,22
h,3,1,12,29
h,3,1,13,36
h,3,1,14,43
h,3,1,15,50
h,3,1,16,57
h,3,1,17,64
h,3,1,18,71
h,3,1,19,78
h,3,1,20,85
h,3,1,21,92
h,3,1,22,99
h,3,1,23,106
h,3,1,24,113
h,3,1,25,120
h,3,1,26,127
h,3,1,27,-122
h,3,1,28,-115
h,3,1,29,-108
h,3,1,30,-101
h,3,1,31,-94
h,3,1,32,-87
h,3,1,33,-80
h,3,1,34,-73
h,3,1,35,-66
h,3,1,36,-59
h,3,1,37,-52
h,3,1,38,-45
h,3,1,39,-38
h,3,1,40,-31
h,3,1,41,-24
h,3,1,42,-17
h,3,1,43,-10
h,3,1,44,-3
h,3,1,45,4
h,3,1,46,11
h,3,1,47,18
h,3,1,48,25
h,3,1,49,32
h,3,1,50,39
h,3,1,51,46
h,3,1,52,53
h,3,1,53,60
h,3,1,54,67
h,3,1,55,74
h,3,1,56,81
h,3,1,57,88
h,3,1,58,95
h,3,1,59,102
h,3,1,60,109
h,3,1,61,116
h,3,1,62,123
h,3,1,63,-126
h,3,1,64,-119
h,3,1,65,-112
h,3,1,66,-105
h,3,1,67,-98
h,3,1,68,-91
h,3,1,69,-84
h,3,1,70,-77
h,3,1,71,-70
h,3,1,72,-63
h,3,1,73,-56
h,3,1,74,-49
h,3,1,75,-42
h,3,1,76,-35
h,3,1,77,-28
h,3,1,78,-21
h,3,1,79,-14
h,3,1,80,-7
h,3,1,81,0
h,3,1,82,7
h,3,1,83,14
h,3,1,84,21
h,3,1,85,28
h,3,1,86,35
h,3,1,87,42
h,3,1,88,49
h,3,1,89,56
h,3,1,90,63
h,3,1,91,70
h,3,1,92,77
h,3,1,93,84
h,3,1,94,91
h,3,1,95,98
h,3,1,96,105
h,3,1,97,112
h,3,1,98,119
h,3,1,99,126
h,3,1,100,-123
h,3,1,101,-116
h,3,1,102,-109
h,3,1,103,-102
h,3,1,104,-95
h,3,1,105,-88
h,3,1,106,-81
h,3,1,107,-74
h,3,1,108,-67
h,3,1,109,-60
h,3,1,110,-53
h,3,1,111,-46
h,3,1,112,-39
h,3,1,113,-32
h,3,1,114,-25
h,3,1,115,-18
h,3,1,116,-11
h,3,1,117,-4
h,3,1,118,3
h,3,1,119,10
h,3,1,120,17
h,3,1,121,24
h,3,1,122,31
h,3,1,123,38
h,3,1,124,45
h,3,1,125,52
h,3,1,126,59
h,3,1,127,66
h,3,1,128,73
h,3,1,129,80
h,3,1,130,87
h,3,1,131,94
h,3,1,132,101
h,3,1,133,108
h,3,1,134,115
h,3,1,135,122
h,3,1,136,-127
h,3,1,137,-120
h,3,1,138,-113
h,3,1,139,-106
h,3,1,140,-99
h,3,1,141,-92
h,3,1,142,-85
h,3,1,143,-78
h,3,1,144,-71
h,3,1,145,-64
h,3,1,146,-57
h,3,1,147,-50
h,3,1,148,-43
h,3,1,149,-36
h,3,1,150,-29
h,3,1,151,-22
h,3,1,152,-15
h,3,1,153,-8
h,3,1,154,-1
h,3,1,155,6
h,3,1,156,13
h,3,1,157,20
h,3,1,158,27
h,3,1,159,34
h,3,1,160,41
h,3,1,161,48
h,3,1,162,55
h,3,1,163,62
h,3,1,164,69
h,3,1,165,76
h,3,1,166,83
h,3,1,167,90
h,3,1,168,97
h,3,1,169,104
h,3,1,170,111
h,3,1,171,118
h,3,1,172,125
h,3,1,173,-124
h,3,1,174,-117
h,3,1,175,-110
h,3,1,176,-103
h,3,1,177,-96
h,3,1,178,-89
h,3,1,179,-82
h,3,1,180,-75
h,3,1,181,-68
h,3,1,182,-61
h,3,1,183,-54
h,3,1,184,-47
h,3,1,185,-40
h,3,1,186,-33
h,3,1,187,-26
h,3,1,188,-19
h,3,1,189,-12
h,3,1,190,-5
h,3,1,191,2
h,3,1,192,9
h,3,1,193,16
h,3,1,194,23
h,3,1,195,30
h,3,1,196,37
h,3,1,197,44
h,3,1,198,51
h,3,1,199,58
h,3,1,200,65
h,3,1,201,72
h,3,1,202,79
h,3,1,203,86
h,3,1,204,93
h,3,1,205,100
h,3,1,206,107
h,3,1,207,114
h,3,1,208,121
h,3,1,209,-128
h,3,1,210,-121
h,3,1,211,-114
h,3,1,212,-107
h,3,1,213,-100
h,3,1,214,-93
h,3,1,215,-86
h,3,1,216,-79
h,3,1,217,-72
h,3,1,218,-65
h,3,1,219,-58
h,3,1,220,-51
h,3,1,221,-44
h,3,1,222,-37
h,3,1,223,-30
h,3,1,224,-23
h,3,1,225,-16
h,3,1,226,-9
h,3,1,227,-2
h,3,1,228,5
h,3,1,229,12
h,3,1,230,19
h,3,1,231,26
h,3,1,232,33
h,3,1,233,40
h,3,1,234,47
h,3,1,235,54
h,3,1,236,61
h,3,1,237,68
h,3,1,238,75
h,3,1,239,82
h,3,1,240,89
h,3,1,241,96
h,3,1,242,103
h,3,1,243,110
h,3,1,244,117
h,3,1,245,124
h,3,1,246,-125
h,3,1,247,-118
h,3,1,248,-111
h,3,1,249,-104
h,3,1,250,-97
h,3,1,251,-90
h,3,1,252,-83
h,3,1,253,-76
h,3,1,254,-69
h,3,2,0,-44
h,3,2,1,-37
h,3,2,2,-30
h,3,2,3,-23
h,3,2,4,-16
h,3,2,5,-9
h,3,2,6,-2
h,3,2,7,5
h,3,2,8,12
h,3,2,9,19
h,3,2,10,26
h,3,2,11,33
h,3,2,12,40
h,3,2,13,47
h,3,2,14,54
h,3,2,15,61
h,3,2,16,68
h,3,2,17,75
h,3,2,18,82
h,3,2,19,89
h,3,2,20,96
h,3,2,21,103
h,3,2,22,110
h,3,2,23,117
h,3,2,24,124
h,3,2,25,-125
h,3,2,26,-118
h,3,2,27,-111
h,3,2,28,-104
h,3,2,29,-97
h,3,2,30,-90
h,3,2,31,-83
h,3,2,32,-76
h,3,2,33,-69
h,3,2,34,-62
h,3,2,35,-55
h,3,2,36,-48
h,3,2,37,-41
h,3,2,38,-34
h,3,2,39,-27
h,3,2,40,-20
h,3,2,41,-13
h,3,2,42,-6
h,3,2,43,1
h,3,2,44,8
h,3,2,45,15
h,3,2,46,22
h,3,2,47,29
h,3,2,48,36
h,3,2,49,43
h,3,2,50,50
h,3,2,51,57
h,3,2,52,64
h,3,2,53,71
h,3,2,54,78
h,3,2,55,85
h,3,2,56,92
h,3,2,57,99
h,3,2,58,106
h,3,2,59,113
h,3,2,60,120
h,3,2,61,127
h,3,2,62,-122
h,3,2,63,-115
h,3,2,64,-108
h,3,2,65,-101
h,3,2,66,-94
h,3,2,67,-87
h,3,2,68,-80
h,3,2,69,-73
h,3,2,70,-66
h,3,2,71,-59
h,3,2,72,-52
h,3,2,73,-45
h,3,2,74,-38
h,3,2,75,-31
h,3,2,76,-24
h,3,2,77,-17
h,3,2,78,-10
h,3,2,79,-3
h,3,2,80,4
h,3,2,81,11
h,3,2,82,18
h,3,2,83,25
h,3,2,84,32
h,3,2,85,39
h,3,2,86,46
h,3,2,87,53
h,3,2,88,60
h,3,2,89,67
h,3,2,90,74
h,3,2,91,81
h,3,2,92,88
h,3,2,93,95
h,3,2,94,102
h,3,2,95,109
h,3,2,96,116
h,3,2,97,123
h,3,2,98,-126
h,3,2,99,-119
h,3,2,100,-112
h,3,2,101,-105
h,3,2,102,-98
h,3,2,103,-91
h,3,2,104,-84
h,3,2,105,-77
h,3,2,106,-70
h,3,2,107,-63
h,3,2,108,-56
h,3,2,109,-49
h,3,2,110,-42
h,3,2,111,-35
h,3,2,112,-28
h,3,2,113,-21
h,3,2,114,-14
h,3,2,115,-7
h,3,2,116,0
h,3,2,117,7
h,3,2,118,14
h,3,2,119,21
h,3,2,120,28
h,3,2,121,35
h,3,2,122,42
h,3,2,123,49
h,3,2,124,56
h,3,2,125,63
h,3,2,126,70
h,3,2,127,77
h,3,2,128,84
h,3,2,129,91
h,3,2,130,98
h,3,2,131,105
h,3,2,132,112
h,3,2,133,119
h,3,2,134,126
h,3,2,135,-123
h,3,2,136,-116
h,3,2,137,-109
h,3,2,138,-102
h,3,2,139,-95
h,3,2,140,-88
h,3,2,141,-81
h,3,2,142,-74
h,3,2,143,-67
h,3,2,144,-60
h,3,2,145,-53
h,3,2,146,-46
h,3,2,147,-39
h,3,2,148,-32
h,3,2,149,-25
h,3,2,150,-18
h,3,2,151,-11
h,3,2,152,-4
h,3,2,153,3
h,3,2,154,10
h,3,2,155,17
h,3,2,156,24
h,3,2,157,31
h,3,2,158,38
h,3,2,159,45
h,3,2,160,52
h,3,2,161,59
h,3,2,162,66
h,3,2,163,73
h,3,2,164,80
h,3,2,165,87
h,3,2,166,94
h,3,2,167,101
h,3,2,168,108
h,3,2,169,115
h,3,2,170,122
h,3,2,171,-127
h,3,2,172,-120
h,3,2,173,-113
h,3,2,174,-106
h,3,2,175,-99
h,3,2,176,-92
h,3,2,177,-85
h,3,2,178,-78
h,3,2,179,-71
h,3,2,180,-64
h,3,2,181,-57
h,3,2,182,-50
h,3,2,183,-43
h,3,2,184,-36
h,3,2,185,-29
h,3,2,186,-22
h,3,2,187,-15
h,3,2,188,-8
h,3,2,189,-1
h,3,2,190,6
h,3,2,191,13
h,3,2,192,20
h,3,2,193,27
h,3,2,194,34
h,3,2,195,41
h,3,2,196,48
h,3,2,197,55
h,3,2,198,62
h,3,2,199,69
h,3,2,200,76
h,3,2,201,83
h,3,2,202,90
h,3,2,203,97
h,3,2,204,104
h,3,2,205,111
h,3,2,206,118
h,3,2,207,125
h,3,2,208,-124
h,3,2,209,-117
h,3,2,210,-110
h,3,2,211,-103
h,3,2,212,-96
h,3,2,213,-89
h,3,2,214,-82
h,3,2,215,-75
h,3,2,216,-68
h,3,2,217,-61
h,3,2,218,-54
h,3,2,219,-47
h,3,2,220,-40
h,3,2,221,-33
h,3,2,222,-26
h,3,2,223,-19
h,3,2,224,-12
h,3,2,225,-5
h,3,2,226,2
h,3,2,227,9
h,3,2,228,16
h,3,2,229,23
h,3,2,230,30
h,3,2,231,37
h,3,2,232,44
h,3,2,233,51
h,3,2,234,58
h,3,2,235,65
h,3,2,236,72
h,3,2,237,79
h,3,2,238,86
h,3,2,239,93
h,3,2,240,100
h,3,2,241,107
h,3,2,242,114
h,3,2,243,121
h,3,2,244,-128
h,3,2,245,-121
h,3,2,246,-114
h,3,2,247,-107
h,3,2,248,-100
h,3,2,249,-93
h,3,2,250,-86
h,3,2,251,-79
h,3,2,252,-72
h,3,2,253,-65
h,3,2,254,-58
h,3,3,0,-33
h,3,3,1,-26
h,3,3,2,-19
h,3,3,3,-12
h,3,3,4,-5
h,3,3,5,2
h,3,3,6,9
h,3,3,7,16
h,3,3,8,23
h,3,3,9,30
h,3,3,10,37
h,3,3,11,44
h,3,3,12,51
h,3,3,13,58
h,3,3,14,65
h,3,3,15,72
h,3,3,16,79
h,3,3,17,86
h,3,3,18,93
h,3,3,19,100
h,3,3,20,107
h,3,3,21,114
h,3,3,22,121
h,3,3,23,-128
h,3,3,24,-121
h,3,3,25,-114
h,3,3,26,-107
h,3,3,27,-100
h,3,3,28,-93
h,3,3,29,-86
h,3,3,30,-79
h,3,3,31,-72
h,3,3,32,-65
h,3,3,33,-58
h,3,3,34,-51
h,3,3,35,-44
h,3,3,36,-37
h,3,3,37,-30
h,3,3,38,-23
h,3,3,39,-16
h,3,3,40,-9
h,3,3,41,-2
h,3,3,42,5
h,3,3,43,12
h,3,3,44,19
h,3,3,45,26
h,3,3,46,33
h,3,3,47,40
h,3,3,48,47
h,3,3,49,54
h,3,3,50,61
h,3,3,51,68
h,3,3,52,75
h,3,3,53,82
h,3,3,54,89
h,3,3,55,96
h,3,3,56,103
h,3,3,57,110
h,3,3,58,117
h,3,3,59,124
h,3,3,60,-125
h,3,3,61,-118
h,3,3,62,-111
h,3,3,63,-104
h,3,3,64,-97
h,3,3,65,-90
h,3,3,66,-83
h,3,3,67,-76
h,3,3,68,-69
h,3,3,69,-62
h,3,3,70,-55
h,3,3,71,-48
h,3,3,72,-41
h,3,3,73,-34
h,3,3,74,-27
h,3,3,75,-20
h,3,3,76,-13
h,3,3,77,-6
h,3,3,78,1
h,3,3,79,8
h,3,3,80,15
h,3,3,81,22
h,3,3,82,29
h,3,3,83,36
h,3,3,84,43
h,3,3,85,50
h,3,3,86,57
h,3,3,87,64
h,3,3,88,71
h,3,3,89,78
h,3,3,90,85
h,3,3,91,92
h,3,3,92,99
h,3,3,93,106
h,3,3,94,113
h,3,3,95,120
h,3,3,96,127
h,3,3,97,-122
h,3,3,98,-115
h,3,3,99,-108
h,3,3,100,-101
h,3,3,101,-94
h,3,3,102,-87
h,3,3,103,-80
h,3,3,104,-73
h,3,3,105,-66
h,3,3,106,-59
h,3,3,107,-52
h,3,3,108,-45
h,3,3,109,-38
h,3,3,110,-31
h,3,3,111,-24
h,3,3,112,-17
h,3,3,113,-10
h,3,3,114,-3
h,3,3,115,4
h,3,3,116,11
h,3,3,117,18
h,3,3,118,25
h,3,3,119,32
h,3,3,120,39
h,3,3,121,46
h,3,3,122,53
h,3,3,123,60
h,3,3,124,67
h,3,3,125,74
h,3,3,126,81
h,3,3,127,88
h,3,3,128,95
h,3,3,129,102
h,3,3,130,109
h,3,3,131,116
h,3,3,132,123
h,3,3,133,-126
h,3,3,134,-119
h,3,3,135,-112
h,3,3,136,-105
h,3,3,137,-98
h,3,3,138,-91
h,3,3,139,-84
h,3,3,140,-77
h,3,3,141,-70
h,3,3,142,-63
h,3,3,143,-56
h,3,3,144,-49
h,3,3,145,-42
h,3,3,146,-35
h,3,3,147,-28
h,3,3,148,-21
h,3,3,149,-14
h,3,3,150,-7
h,3,3,151,0
h,3,3,152,7
h,3,3,153,14
h,3,3,154,21
h,3,3,155,28
h,3,3,156,35
h,3,3,157,42
h,3,3,158,49
h,3,3,159,56
h,3,3,160,63
h,3,3,161,70
h,3,3,162,77
h,3,3,163,84
h,3,3,164,91
h,3,3,165,98
h,3,3,166,105
h,3,3,167,112
h,3,3,168,119
h,3,3,169,126
h,3,3,170,-123
h,3,3,171,-116
h,3,3,172,-109
h,3,3,173,-102
h,3,3,174,-95
h,3,3,175,-88
h,3,3,176,-81
h,3,3,177,-74
h,3,3,178,-67
h,3,3,179,-60
h,3,3,180,-53
h,3,3,181,-46
h,3,3,182,-39
h,3,3,183,-32
h,3,3,184,-25
h,3,3,185,-18
h,3,3,186,-11
h,3,3,187,-4
h,3,3,188,3
h,3,3,189,10
h,3,3,190,17
h,3,3,191,24
h,3,3,192,31
h,3,3,193,38
h,3,3,194,45
h,3,3,195,52
h,3,3,196,59
h,3,3,197,66
h,3,3,198,73
h,3,3,199,80
h,3,3,200,87
h,3,3,201,94
h,3,3,202,101
h,3,3,203,108
h,3,3,204,115
h,3,3,205,122
h,3,3,206,-127
h,3,3,207,-120
h,3,3,208,-113
h,3,3,209,-106
h,3,3,210,-99
h,3,3,211,-92
h,3,3,212,-85
h,3,3,213,-78
h,3,3,214,-71
h,3,3,215,-64
h,3,3,216,-57
h,3,3,217,-50
h,3,3,218,-43
h,3,3,219,-36
h,3,3,220,-29
h,3,3,221,-22
h,3,3,222,-15
h,3,3,223,-8
h,3,3,224,-1
h,3,3,225,6
h,3,3,226,13
h,3,3,227,20
h,3,3,228,27
h,3,3,229,34
h,3,3,230,41
h,3,3,231,48
h,3,3,232,55
h,3,3,233,62
h,3,3,234,69
h,3,3,235,76
h,3,3,236,83
h,3,3,237,90
h,3,3,238,97
h,3,3,239,104
h,3,3,240,111
h,3,3,241,118
h,3,3,242,125
h,3,3,243,-124
h,3,3,244,-117
h,3,3,245,-110
h,3,3,246,-103
h,3,3,247,-96
h,3,3,248,-89
h,3,3,249,-82
h,3,3,250,-75
h,3,3,251,-68
h,3,3,252,-61
h,3,3,253,-54
h,3,3,254,-47
y,0,0,0,43322
y,0,0,1,78320
y,0,0,2,105358
y,0,0,3,124800
y,0,0,4,137010
y,0,0,5,142352
y,0,0,6,141190
y,0,0,7,133888
y,0,0,8,120810
y,0,0,9,102320
y,0,0,10,78782
y,0,0,11,50560
y,0,0,12,18018
y,0,0,13,-18480
y,0,0,14,-58570
y,0,0,15,-101888
y,0,0,16,-125030
y,0,0,17,-126608
y,0,0,18,-133906
y,0,0,19,-117888
y,0,0,20,-77166
y,0,0,21,-44656
y,0,0,22,-19994
y,0,0,23,-2816
y,0,0,24,7242
y,0,0,25,10544
y,0,0,26,7454
y,0,0,27,-1664
y,0,0,28,-16446
y,0,0,29,-36528
y,0,0,30,-61546
y,0,0,31,-91136
y,0,0,32,-105990
y,0,0,33,-104720
y,0,0,34,-113586
y,0,0,35,-104576
y,0,0,36,-53262
y,0,0,37,6416
y,0,0,38,75846
y,0,0,39,124928
y,0,0,40,185514
y,0,0,41,224688
y,0,0,42,242814
y,0,0,43,240256
y,0,0,44,217378
y,0,0,45,174544
y,0,0,46,112118
y,0,0,47,30464
y,0,0,48,-4518
y,0,0,49,-58000
y,0,0,50,-64082
y,0,0,51,-87936
y,0,0,52,-129198
y,0,0,53,-187504
y,0,0,54,-196954
y,0,0,55,-199680
y,0,0,56,-154614
y,0,0,57,-101072
y,0,0,58,-37666
y,0,0,59,36992
y,0,0,60,89986
y,0,0,61,121680
y,0,0,62,132438
y,0,0,63,122624
y,0,0,64,92602
y,0,0,65,42736
y,0,0,66,-26610
y,0,0,67,-115072
y,0,0,68,-137806
y,0,0,69,-182256
y,0,0,70,-159226
y,0,0,71,-132864
y,0,0,72,-133782
y,0,0,73,-64080
y,0,0,74,-24258
y,0,0,75,9088
y,0,0,76,102882
y,0,0,77,164304
y,0,0,78,222390
y,0,0,79,278528
y,0,0,80,299802
y,0,0,81,286576
y,0,0,82,239214
y,0,0,83,158080
y,0,0,84,109074
y,0,0,85,27024
y,0,0,86,-87706
y,0,0,87,-103680
y,0,0,88,-151606
y,0,0,89,-231120
y,0,0,90,-210786
y,0,0,91,-221312
y,0,0,92,-262334
y,0,0,93,-202416
y,0,0,94,-172266
y,0,0,95,-82944
y,0,0,96,1402
y,0,0,97,82160
y,0,0,98,129230
y,0,0,99,174464
y,0,0,100,184946
y,0,0,101,161040
y,0,0,102,103110
y,0,0,103,11520
y,0,0,104,-47830
y,0,0,105,-121168
y,0,0,106,-207106
y,0,0,107,-200832
y,0,0,108,-205406
y,0,0,109,-88368
y,0,0,110,-15754
y,0,0,111,12800
y,0,0,112,-2342
y,0,0,113,70256
y,0,0,114,122926
y,0,0,115,196736
y,0,0,116,252370
y,0,0,117,291216
y,0,0,118,314662
y,0,0,119,289792
y,0,0,120,216970
y,0,0,121,162096
y,0,0,122,59998
y,0,0,123,42112
y,0,0,124,-22270
y,0,0,125,-132784
y,0,0,126,-289066
y,0,0,127,-294144
y,0,0,128,-344262
y,0,0,129,-242448
y,0,0,130,-184946
y,0,0,131,-171392
y,0,0,132,-70350
y,0,0,133,-12528
y,0,0,134,25478
y,0,0,135,110592
y,0,0,136,149994
y,0,0,137,172720
y,0,0,138,180158
y,0,0,139,139392
y,0,0,140,50786
y,0,0,141,-816
y,0,0,142,-102858
y,0,0,143,-100608
y,0,0,144,-123750
y,0,0,145,-202896
y,0,0,146,-109074
y,0,0,147,-73856
y,0,0,148,-96878
y,0,0,149,18832
y,0,0,150,77030
y,0,0,151,78080
y,0,0,152,153418
y,0,0,153,172336
y,0,0,154,223774
y,0,0,155,243584
y,0,0,156,233154
y,0,0,157,227920
y,0,0,158,194198
y,0,0,159,99072
y,0,0,160,73978
y,0,0,161,-11792
y,0,0,162,-157874
y,0,0,163,-167296
y,0,0,164,-236302
y,0,0,165,-364528
y,0,0,166,-289466
y,0,0,167,-272896
y,0,0,168,-117846
y,0,0,169,-20560
y,0,0,170,19326
y,0,0,171,2176
y,0,0,172,59426
y,0,0,173,60368
y,0,0,174,93942
y,0,0,175,96000
y,0,0,176,67930
y,0,0,177,76656
y,0,0,178,42670
y,0,0,179,-32640
y,0,0,180,-44462
y,0,0,181,-95856
y,0,0,182,-20826
y,0,0,183,16384
y,0,0,184,-19190
y,0,0,185,-127184
y,0,0,186,-45090
y,0,0,187,-34688
y,0,0,188,100994
y,0,0,189,165712
y,0,0,190,159830
y,0,0,191,214784
y,0,0,192,199866
y,0,0,193,138480
y,0,0,194,137230
y,0,0,195,91264
y,0,0,196,133042
y,0,0,197,132880
y,0,0,198,57862
y,0,0,199,-91648
y,0,0,200,-118678
y,0,0,201,-219472
y,0,0,202,-197058
y,0,0,203,-182144
y,0,0,204,-239902
y,0,0,205,-173360
y,0,0,206,-113226
y,0,0,207,-124672
y,0,0,208,-10726
y,0,0,209,32368
y,0,0,210,4974
y,0,0,211,38528
y,0,0,212,2322
y,0,0,213,-14704
y,0,0,214,7782
y,0,0,215,-45312
y,0,0,216,9418
y,0,0,217,15664
y,0,0,218,-31842
y,0,0,219,64896
y,0,0,220,74306
y,0,0,221,-3248
y,0,0,222,29206
y,0,0,223,40960
y,0,0,224,-33158
y,0,0,225,69360
y,0,0,226,86734
y,0,0,227,150400
y,0,0,228,195186
y,0,0,229,155920
y,0,0,230,98502
y,0,0,231,88832
y,0,0,232,-3798
y,0,0,233,40624
y,0,0,234,26878
y,0,0,235,-43648
y,0,0,236,-69982
y,0,0,237,-85808
y,0,0,238,-189578
y,0,0,239,-118784
y,0,0,240,-135206
y,0,0,241,-107408
y,0,0,242,-35026
y,0,0,243,-48768
y,0,0,244,-148270
y,0,0,245,-71024
y,0,0,246,-78810
y,0,0,247,25344
y,0,0,248,45194
y,0,0,249,-18896
y,0,0,250,-35490
y,0,0,251,-50816
y,0,0,252,-129278
y,0,0,253,-75440
y,0,0,254,-58666
y,0,0,255,8420
y,0,0,256,37816
y,0,0,257,-17648
y,0,0,258,-158336
y,0,0,259,-122468
y,0,0,260,-172552
y,0,0,261,-112344
y,0,0,262,-73280
y,0,0,263,-121260
y,0,0,264,-125576
y,0,0,265,-86592
y,0,0,266,-135744
y,0,0,267,-11252
y,0,0,268,24376
y,0,0,269,36312
y,0,0,270,155264
y,0,0,271,159428
y,0,0,272,47416
y,0,0,273,110448
y,0,0,274,55552
y,0,0,275,77948
y,0,0,276,81272
y,0,0,277,-376
y,0,0,278,29248
y,0,0,279,38708
y,0,0,280,-37896
y,0,0,281,-4320
y,0,0,282,8000
y,0,0,283,-66836
y,0,0,284,32952
y,0,0,285,44856
y,0,0,286,34048
y,0,0,287,131236
y,0,0,288,120504
y,0,0,289,66000
y,0,0,290,125056
y,0,0,291,48220
y,0,0,292,95224
y,0,0,293,37864
y,0,0,294,-91968
y,0,0,295,-131308
y,0,0,296,-176520
y,0,0,297,-293504
y,0,0,298,-220480
y,0,0,299,-219956
y,0,0,300,-226760
y,0,0,301,-110184
y,0,0,302,-67200
y,0,0,303,-98172
y,0,0,304,-6856
y,0,0,305,9776
y,0,0,306,147968
y,0,0,307,210748
y,0,0,308,197752
y,0,0,309,174152
y,0,0,310,180288
y,0,0,311,111348
y,0,0,312,135928
y,0,0,313,56032
y,0,0,314,1344
y,0,0,315,6572
y,0,0,316,-59720
y,0,0,317,-197896
y,0,0,318,-146176
y,0,0,319,-167068
y,0,0,320,-64328
y,0,0,321,30608
y,0,0,322,51840
y,0,0,323,64540
y,0,0,324,114936
y,0,0,325,93864
y,0,0,326,174272
y,0,0,327,158164
y,0,0,328,141688
y,0,0,329,158016
y,0,0,330,86208
y,0,0,331,-75124
y,0,0,332,-100296
y,0,0,333,-216744
y,0,0,334,-229248
y,0,0,335,-234172
y,0,0,336,-297416
y,0,0,337,-288272
y,0,0,338,-207104
y,0,0,339,-185348
y,0,0,340,-92296
y,0,0,341,6152
y,0,0,342,44096
y,0,0,343,152244
y,0,0,344,199160
y,0,0,345,184480
y,0,0,346,238912
y,0,0,347,231020
y,0,0,348,225976
y,0,0,349,223416
y,0,0,350,132608
y,0,0,351,83236
y,0,0,352,8376
y,0,0,353,-125616
y,0,0,354,-155776
y,0,0,355,-178468
y,0,0,356,-259592
y,0,0,357,-137368
y,0,0,358,-74304
y,0,0,359,-70764
y,0,0,360,69496
y,0,0,361,130560
y,0,0,362,111040
y,0,0,363,168268
y,0,0,364,143160
y,0,0,365,165400
y,0,0,366,138880
y,0,0,367,63236
y,0,0,368,3640
y,0,0,369,-65104
y,0,0,370,-182272
y,0,0,371,-179268
y,0,0,372,-254088
y,0,0,373,-342584
y,0,0,374,-278976
y,0,0,375,-260236
y,0,0,376,-286728
y,0,0,377,-162208
y,0,0,378,-83648
y,0,0,379,14124
y,0,0,380,130744
y,0,0,381,200312
y,0,0,382,222464
y,0,0,383,262372
y,0,0,384,254136
y,0,0,385,262928
y,0,0,386,222848
y,0,0,387,133532
y,0,0,388,125688
y,0,0,389,43048
y,0,0,390,-115776
y,0,0,391,-125100
y,0,0,392,-212360
y,0,0,393,-182336
y,0,0,394,-131392
y,0,0,395,-125428
y,0,0,396,-99272
y,0,0,397,-6696
y,0,0,398,43136
y,0,0,399,92100
y,0,0,400,138808
y,0,0,401,148336
y,0,0,402,153856
y,0,0,403,124796
y,0,0,404,60792
y,0,0,405,27016
y,0,0,406,-42432
y,0,0,407,-82380
y,0,0,408,-93192
y,0,0,409,-165600
y,0,0,410,-235456
y,0,0,411,-238612
y,0,0,412,-274248
y,0,0,413,-244936
y,0,0,414,-181504
y,0,0,415,-149852
y,0,0,416,-19272
y,0,0,417,78800
y,0,0,418,144000
y,0,0,419,175964
y,0,0,420,239864
y,0,0,421,269800
y,0,0,422,265408
y,0,0,423,226324
y,0,0,424,152184
y,0,0,425,108160
y,0,0,426,28352
y,0,0,427,-22068
y,0,0,428,-43464
y,0,0,429,-126568
y,0,0,430,-76160
y,0,0,431,-90236
y,0,0,432,-104648
y,0,0,433,-84688
y,0,0,434,-49664
y,0,0,435,-66500
y,0,0,436,22136
y,0,0,437,57160
y,0,0,438,69184
y,0,0,439,91380
y,0,0,440,93176
y,0,0,441,74208
y,0,0,442,34112
y,0,0,443,-27476
y,0,0,444,-45384
y,0,0,445,-85512
y,0,0,446,-148224
y,0,0,447,-168348
y,0,0,448,-171080
y,0,0,449,-195696
y,0,0,450,-139136
y,0,0,451,-133860
y,0,0,452,-115720
y,0,0,453,-50008
y,0,0,454,-2624
y,0,0,455,26068
y,0,0,456,101240
y,0,0,457,156992
y,0,0,458,192960
y,0,0,459,208780
y,0,0,460,204088
y,0,0,461,178520
y,0,0,462,131712
y,0,0,463,63300
y,0,0,464,38456
y,0,0,465,-8720
y,0,0,466,-13056
y,0,0,467,25084
y,0,0,468,14968
y,0,0,469,-44792
y,0,0,470,-12992
y,0,0,471,-29260
y,0,0,472,-52744
y,0,0,473,-22112
y,0,0,474,-30912
y,0,0,475,-14996
y,0,0,476,-4936
y,0,0,477,-1096
y,0,0,478,-3840
y,0,0,479,-13532
y,0,0,480,-30536
y,0,0,481,-55216
y,0,0,482,-87936
y,0,0,483,-129060
y,0,0,484,-113416
y,0,0,485,-106904
y,0,0,486,-109888
y,0,0,487,-57196
y,0,0,488,-39560
y,0,0,489,7168
y,0,0,490,16064
y,0,0,491,19020
y,0,0,492,47928
y,0,0,493,71960
y,0,0,494,90752
y,0,0,495,103940
y,0,0,496,111160
y,0,0,497,112048
y,0,0,498,106240
y,0,0,499,93372
y,0,0,500,73080
y,0,0,501,45000
y,0,0,502,8768
y,0,0,503,29556
y,0,0,504,41464
y,0,0,505,44128
y,0,0,506,37184
y,0,0,507,42028
y,0,0,508,41656
y,0,0,509,50296
y,0,0,510,0
y,0,0,511,0
y,1,0,0,35760
y,1,0,1,64184
y,1,0,2,85636
y,1,0,3,100480
y,1,0,4,109080
y,1,0,5,111800
y,1,0,6,109004
y,1,0,7,101056
y,1,0,8,88320
y,1,0,9,71160
y,1,0,10,49940
y,1,0,11,25024
y,1,0,12,-3224
y,1,0,13,-34440
y,1,0,14,-68260
y,1,0,15,-104320
y,1,0,16,-124080
y,1,0,17,-126152
y,1,0,18,-132956
y,1,0,19,-120320
y,1,0,20,-86856
y,1,0,21,-60616
y,1,0,22,-41236
y,1,0,23,-28352
y,1,0,24,-21600
y,1,0,25,-20616
y,1,0,26,-25036
y,1,0,27,-34496
y,1,0,28,-48632
y,1,0,29,-48136
y,1,0,30,-31620
y,1,0,31,-25344
y,1,0,32,-1296
y,1,0,33,9912
y,1,0,34,40644
y,1,0,35,55936
y,1,0,36,74328
y,1,0,37,97208
y,1,0,38,125964
y,1,0,39,135360
y,1,0,40,152384
y,1,0,41,148984
y,1,0,42,125524
y,1,0,43,82368
y,1,0,44,19880
y,1,0,45,3960
y,1,0,46,-30564
y,1,0,47,-17792
y,1,0,48,-22896
y,1,0,49,-45512
y,1,0,50,-85276
y,1,0,51,-76288
y,1,0,52,-83720
y,1,0,53,-107208
y,1,0,54,-80852
y,1,0,55,-51648
y,1,0,56,-39200
y,1,0,57,-22152
y,1,0,58,884
y,1,0,59,31296
y,1,0,60,41032
y,1,0,61,30456
y,1,0,62,-68
y,1,0,63,-50176
y,1,0,64,-119504
y,1,0,65,-123208
y,1,0,66,-148732
y,1,0,67,-106880
y,1,0,68,-89448
y,1,0,69,-68424
y,1,0,70,23116
y,1,0,71,84672
y,1,0,72,116608
y,1,0,73,119288
y,1,0,74,158612
y,1,0,75,187584
y,1,0,76,207592
y,1,0,77,196216
y,1,0,78,177628
y,1,0,79,153216
y,1,0,80,94928
y,1,0,81,68664
y,1,0,82,9252
y,1,0,83,-82944
y,1,0,84,-76488
y,1,0,85,-102088
y,1,0,86,-159380
y,1,0,87,-182464
y,1,0,88,-170976
y,1,0,89,-190088
y,1,0,90,-108364
y,1,0,91,-56512
y,1,0,92,-34168
y,1,0,93,24568
y,1,0,94,54524
y,1,0,95,74240
y,1,0,96,85104
y,1,0,97,88504
y,1,0,98,59204
y,1,0,99,24192
y,1,0,100,-44584
y,1,0,101,-81224
y,1,0,102,-131956
y,1,0,103,-218688
y,1,0,104,-186688
y,1,0,105,-165640
y,1,0,106,-120620
y,1,0,107,-19264
y,1,0,108,37928
y,1,0,109,51320
y,1,0,110,152348
y,1,0,111,210304
y,1,0,112,225552
y,1,0,113,263992
y,1,0,114,278628
y,1,0,115,249856
y,1,0,116,199032
y,1,0,117,127544
y,1,0,118,102316
y,1,0,119,29760
y,1,0,120,-24224
y,1,0,121,-59272
y,1,0,122,-140556
y,1,0,123,-267712
y,1,0,124,-243768
y,1,0,125,-264968
y,1,0,126,-265412
y,1,0,127,-179200
y,1,0,128,-137040
y,1,0,129,-7496
y,1,0,130,78724
y,1,0,131,121984
y,1,0,132,122648
y,1,0,133,146616
y,1,0,134,146892
y,1,0,135,124864
y,1,0,136,58112
y,1,0,137,-29192
y,1,0,138,-70124
y,1,0,139,-139328
y,1,0,140,-169880
y,1,0,141,-188040
y,1,0,142,-231332
y,1,0,143,-101760
y,1,0,144,-30896
y,1,0,145,-18376
y,1,0,146,1700
y,1,0,147,95232
y,1,0,148,131512
y,1,0,149,241976
y,1,0,150,295916
y,1,0,151,293696
y,1,0,152,301216
y,1,0,153,253304
y,1,0,154,168500
y,1,0,155,113728
y,1,0,156,24840
y,1,0,157,7672
y,1,0,158,-41860
y,1,0,159,-151808
y,1,0,160,-256272
y,1,0,161,-289352
y,1,0,162,-381756
y,1,0,163,-270976
y,1,0,164,-218792
y,1,0,165,-159304
y,1,0,166,-26612
y,1,0,167,48576
y,1,0,168,66624
y,1,0,169,158968
y,1,0,170,194900
y,1,0,171,174784
y,1,0,172,164520
y,1,0,173,98936
y,1,0,174,-3428
y,1,0,175,-56704
y,1,0,176,-147312
y,1,0,177,-119496
y,1,0,178,-131356
y,1,0,179,-147968
y,1,0,180,-71432
y,1,0,181,-67784
y,1,0,182,-136660
y,1,0,183,-15552
y,1,0,184,33760
y,1,0,185,77176
y,1,0,186,180596
y,1,0,187,213312
y,1,0,188,306760
y,1,0,189,330232
y,1,0,190,284092
y,1,0,191,234240
y,1,0,192,181040
y,1,0,193,77496
y,1,0,194,35076
y,1,0,195,-55936
y,1,0,196,-194152
y,1,0,197,-181576
y,1,0,198,-242868
y,1,0,199,-312128
y,1,0,200,-257920
y,1,0,201,-276488
y,1,0,202,-170860
y,1,0,203,-71744
y,1,0,204,-44312
y,1,0,205,-22664
y,1,0,206,59100
y,1,0,207,70272
y,1,0,208,142288
y,1,0,209,144440
y,1,0,210,77092
y,1,0,211,71680
y,1,0,212,16440
y,1,0,213,-69064
y,1,0,214,-78996
y,1,0,215,-139200
y,1,0,216,-27872
y,1,0,217,24440
y,1,0,218,-10316
y,1,0,219,-66240
y,1,0,220,-11896
y,1,0,221,-43528
y,1,0,222,101372
y,1,0,223,161024
y,1,0,224,135792
y,1,0,225,222648
y,1,0,226,225348
y,1,0,227,144256
y,1,0,228,176344
y,1,0,229,125368
y,1,0,230,122764
y,1,0,231,103360
y,1,0,232,1984
y,1,0,233,-162824
y,1,0,234,-193068
y,1,0,235,-283968
y,1,0,236,-198616
y,1,0,237,-172168
y,1,0,238,-232676
y,1,0,239,-117632
y,1,0,240,-88816
y,1,0,241,-145864
y,1,0,242,-26268
y,1,0,243,8192
y,1,0,244,23416
y,1,0,245,85304
y,1,0,246,63148
y,1,0,247,22848
y,1,0,248,49248
y,1,0,249,-10632
y,1,0,250,-2060
y,1,0,251,10816
y,1,0,252,-49976
y,1,0,253,24568
y,1,0,254,23868
y,1,0,255,-89234
y,1,0,256,-40720
y,1,0,257,-78054
y,1,0,258,-136064
y,1,0,259,-84042
y,1,0,260,-118960
y,1,0,261,-110110
y,1,0,262,-57856
y,1,0,263,-93634
y,1,0,264,-86736
y,1,0,265,-37526
y,1,0,266,-77440
y,1,0,267,55302
y,1,0,268,98192
y,1,0,269,50866
y,1,0,270,109568
y,1,0,271,122894
y,1,0,272,23920
y,1,0,273,99002
y,1,0,274,60032
y,1,0,275,102230
y,1,0,276,124368
y,1,0,277,60546
y,1,0,278,-24064
y,1,0,279,1246
y,1,0,280,-60496
y,1,0,281,52490
y,1,0,282,77696
y,1,0,283,14758
y,1,0,284,59920
y,1,0,285,62802
y,1,0,286,-43520
y,1,0,287,29358
y,1,0,288,-8720
y,1,0,289,69466
y,1,0,290,100480
y,1,0,291,33782
y,1,0,292,-132016
y,1,0,293,-136158
y,1,0,294,-213760
y,1,0,295,-131458
y,1,0,296,-121552
y,1,0,297,-184406
y,1,0,298,-123776
y,1,0,299,-71098
y,1,0,300,-92272
y,1,0,301,8946
y,1,0,302,35584
y,1,0,303,52814
y,1,0,304,125808
y,1,0,305,123130
y,1,0,306,44416
y,1,0,307,85910
y,1,0,308,50640
y,1,0,309,134850
y,1,0,310,121600
y,1,0,311,32286
y,1,0,312,40368
y,1,0,313,13386
y,1,0,314,-115584
y,1,0,315,-54554
y,1,0,316,-66032
y,1,0,317,-84846
y,1,0,318,19712
y,1,0,319,50670
y,1,0,320,73200
y,1,0,321,133530
y,1,0,322,122496
y,1,0,323,81974
y,1,0,324,103760
y,1,0,325,28770
y,1,0,326,52224
y,1,0,327,12478
y,1,0,328,-90832
y,1,0,329,-61462
y,1,0,330,-116352
y,1,0,331,-256890
y,1,0,332,-196720
y,1,0,333,-223950
y,1,0,334,-208896
y,1,0,335,-121714
y,1,0,336,-93840
y,1,0,337,-125638
y,1,0,338,-20864
y,1,0,339,23510
y,1,0,340,138192
y,1,0,341,191746
y,1,0,342,183808
y,1,0,343,179550
y,1,0,344,178608
y,1,0,345,115082
y,1,0,346,119680
y,1,0,347,60966
y,1,0,348,69648
y,1,0,349,79826
y,1,0,350,5632
y,1,0,351,-154322
y,1,0,352,-139280
y,1,0,353,-184358
y,1,0,354,-56192
y,1,0,355,12918
y,1,0,356,22608
y,1,0,357,38050
y,1,0,358,105472
y,1,0,359,115710
y,1,0,360,176176
y,1,0,361,154410
y,1,0,362,146560
y,1,0,363,120262
y,1,0,364,44944
y,1,0,365,-79758
y,1,0,366,-123136
y,1,0,367,-216626
y,1,0,368,-163984
y,1,0,369,-182150
y,1,0,370,-249728
y,1,0,371,-258794
y,1,0,372,-210736
y,1,0,373,-238014
y,1,0,374,-114176
y,1,0,375,-36194
y,1,0,376,-4432
y,1,0,377,111818
y,1,0,378,181120
y,1,0,379,203110
y,1,0,380,242960
y,1,0,381,234770
y,1,0,382,243712
y,1,0,383,203886
y,1,0,384,114928
y,1,0,385,42010
y,1,0,386,-15232
y,1,0,387,-122698
y,1,0,388,-84144
y,1,0,389,-116510
y,1,0,390,-221184
y,1,0,391,-111810
y,1,0,392,-76496
y,1,0,393,-51094
y,1,0,394,59776
y,1,0,395,105734
y,1,0,396,85392
y,1,0,397,156082
y,1,0,398,158720
y,1,0,399,157454
y,1,0,400,121712
y,1,0,401,51130
y,1,0,402,10880
y,1,0,403,-64938
y,1,0,404,-176688
y,1,0,405,-193662
y,1,0,406,-247296
y,1,0,407,-272418
y,1,0,408,-203856
y,1,0,409,-193014
y,1,0,410,-241280
y,1,0,411,-153434
y,1,0,412,-99056
y,1,0,413,24146
y,1,0,414,114944
y,1,0,415,172974
y,1,0,416,197872
y,1,0,417,254810
y,1,0,418,277888
y,1,0,419,266742
y,1,0,420,221008
y,1,0,421,140322
y,1,0,422,89856
y,1,0,423,3710
y,1,0,424,-118480
y,1,0,425,-146006
y,1,0,426,-210304
y,1,0,427,-115130
y,1,0,428,-57456
y,1,0,429,-57614
y,1,0,430,-51456
y,1,0,431,6222
y,1,0,432,5232
y,1,0,433,83194
y,1,0,434,107648
y,1,0,435,109206
y,1,0,436,121040
y,1,0,437,112578
y,1,0,438,83456
y,1,0,439,33310
y,1,0,440,-38224
y,1,0,441,-65974
y,1,0,442,-115840
y,1,0,443,-188186
y,1,0,444,-283376
y,1,0,445,-270702
y,1,0,446,-281600
y,1,0,447,-185362
y,1,0,448,-133392
y,1,0,449,-104294
y,1,0,450,9856
y,1,0,451,76598
y,1,0,452,94544
y,1,0,453,159074
y,1,0,454,204288
y,1,0,455,229822
y,1,0,456,235312
y,1,0,457,220394
y,1,0,458,184704
y,1,0,459,127878
y,1,0,460,49552
y,1,0,461,14898
y,1,0,462,-41984
y,1,0,463,-121458
y,1,0,464,-92816
y,1,0,465,-87494
y,1,0,466,-105856
y,1,0,467,-17194
y,1,0,468,8144
y,1,0,469,-32254
y,1,0,470,43520
y,1,0,471,50782
y,1,0,472,52656
y,1,0,473,48778
y,1,0,474,38784
y,1,0,475,22310
y,1,0,476,-1008
y,1,0,477,-31534
y,1,0,478,-69632
y,1,0,479,-115666
y,1,0,480,-170000
y,1,0,481,-167462
y,1,0,482,-173952
y,1,0,483,-189834
y,1,0,484,-149936
y,1,0,485,-120158
y,1,0,486,-35328
y,1,0,487,38654
y,1,0,488,81456
y,1,0,489,91690
y,1,0,490,133504
y,1,0,491,168390
y,1,0,492,167568
y,1,0,493,160882
y,1,0,494,147968
y,1,0,495,128462
y,1,0,496,102000
y,1,0,497,68218
y,1,0,498,26752
y,1,0,499,-22762
y,1,0,500,-15152
y,1,0,501,-16318
y,1,0,502,-26624
y,1,0,503,-46434
y,1,0,504,-29520
y,1,0,505,-19510
y,1,0,506,25472
y,1,0,507,18534
y,1,0,508,12048
y,1,0,509,16402
y,1,0,510,0
y,1,0,511,0
y,2,0,0,28198
y,2,0,1,50048
y,2,0,2,65914
y,2,0,3,76160
y,2,0,4,81150
y,2,0,5,81248
y,2,0,6,76818
y,2,0,7,68224
y,2,0,8,55830
y,2,0,9,40000
y,2,0,10,21098
y,2,0,11,-512
y,2,0,12,-24466
y,2,0,13,-50400
y,2,0,14,-77950
y,2,0,15,-106752
y,2,0,16,-123130
y,2,0,17,-125696
y,2,0,18,-132006
y,2,0,19,-122752
y,2,0,20,-96546
y,2,0,21,-76576
y,2,0,22,-62478
y,2,0,23,-53888
y,2,0,24,-50442
y,2,0,25,-51776
y,2,0,26,-38582
y,2,0,27,-32768
y,2,0,28,-10674
y,2,0,29,29088
y,2,0,30,55906
y,2,0,31,102144
y,2,0,32,132838
y,2,0,33,148352
y,2,0,34,149050
y,2,0,35,135296
y,2,0,36,120766
y,2,0,37,106848
y,2,0,38,94930
y,2,0,39,64640
y,2,0,40,38102
y,2,0,41,-7872
y,2,0,42,-7382
y,2,0,43,-25600
y,2,0,44,-62162
y,2,0,45,-51168
y,2,0,46,-57790
y,2,0,47,-81664
y,2,0,48,-56890
y,2,0,49,-48640
y,2,0,50,-56550
y,2,0,51,-14720
y,2,0,52,11678
y,2,0,53,23008
y,2,0,54,19634
y,2,0,55,15232
y,2,0,56,-4938
y,2,0,57,-24384
y,2,0,58,-41718
y,2,0,59,-55552
y,2,0,60,-89074
y,2,0,61,-141920
y,2,0,62,-148190
y,2,0,63,-154112
y,2,0,64,-158298
y,2,0,65,-121472
y,2,0,66,-81158
y,2,0,67,29568
y,2,0,68,110206
y,2,0,69,161120
y,2,0,70,182674
y,2,0,71,240768
y,2,0,72,270230
y,2,0,73,271424
y,2,0,74,244714
y,2,0,75,203776
y,2,0,76,149998
y,2,0,77,65824
y,2,0,78,-29438
y,2,0,79,-68864
y,2,0,80,-141178
y,2,0,81,-114944
y,2,0,82,-120870
y,2,0,83,-158592
y,2,0,84,-227746
y,2,0,85,-196896
y,2,0,86,-196750
y,2,0,87,-95872
y,2,0,88,-24970
y,2,0,89,16320
y,2,0,90,93898
y,2,0,91,142592
y,2,0,92,162766
y,2,0,93,154784
y,2,0,94,119010
y,2,0,95,69120
y,2,0,96,6502
y,2,0,97,-67456
y,2,0,98,-173126
y,2,0,99,-203904
y,2,0,100,-270786
y,2,0,101,-219040
y,2,0,102,-178350
y,2,0,103,-179328
y,2,0,104,-58538
y,2,0,105,17984
y,2,0,106,50602
y,2,0,107,170752
y,2,0,108,247726
y,2,0,109,281888
y,2,0,110,339138
y,2,0,111,354304
y,2,0,112,327750
y,2,0,113,259840
y,2,0,114,164250
y,2,0,115,91776
y,2,0,116,-6626
y,2,0,117,-129568
y,2,0,118,-144590
y,2,0,119,-205952
y,2,0,120,-313290
y,2,0,121,-269632
y,2,0,122,-271222
y,2,0,123,-317696
y,2,0,124,-212082
y,2,0,125,-150624
y,2,0,126,-1886
y,2,0,127,103424
y,2,0,128,165670
y,2,0,129,185216
y,2,0,130,227962
y,2,0,131,228736
y,2,0,132,187902
y,2,0,133,105824
y,2,0,134,-3822
y,2,0,135,-74112
y,2,0,136,-169194
y,2,0,137,-268736
y,2,0,138,-266902
y,2,0,139,-290304
y,2,0,140,-172946
y,2,0,141,-79072
y,2,0,142,-43646
y,2,0,143,-66304
y,2,0,144,49926
y,2,0,145,108800
y,2,0,146,241754
y,2,0,147,318080
y,2,0,148,338142
y,2,0,149,367840
y,2,0,150,342002
y,2,0,151,260992
y,2,0,152,190710
y,2,0,153,65984
y,2,0,154,31562
y,2,0,155,-42240
y,2,0,156,-154034
y,2,0,157,-324192
y,2,0,158,-333982
y,2,0,159,-403200
y,2,0,160,-334874
y,2,0,161,-259712
y,2,0,162,-242886
y,2,0,163,-87424
y,2,0,164,10430
y,2,0,165,51040
y,2,0,166,165842
y,2,0,167,224128
y,2,0,168,226262
y,2,0,169,238144
y,2,0,170,194602
y,2,0,171,96000
y,2,0,172,27182
y,2,0,173,-99296
y,2,0,174,-115390
y,2,0,175,-177408
y,2,0,176,-256314
y,2,0,177,-153088
y,2,0,178,-122854
y,2,0,179,-165248
y,2,0,180,-83298
y,2,0,181,-7712
y,2,0,182,-3662
y,2,0,183,125824
y,2,0,184,184502
y,2,0,185,303808
y,2,0,186,353034
y,2,0,187,332544
y,2,0,188,308238
y,2,0,189,280480
y,2,0,190,184098
y,2,0,191,150528
y,2,0,192,49062
y,2,0,193,-106624
y,2,0,194,-200198
y,2,0,195,-280704
y,2,0,196,-412290
y,2,0,197,-331424
y,2,0,198,-323438
y,2,0,199,-256896
y,2,0,200,-131434
y,2,0,201,-77760
y,2,0,202,-95510
y,2,0,203,12288
y,2,0,204,49390
y,2,0,205,147232
y,2,0,206,175106
y,2,0,207,133376
y,2,0,208,153478
y,2,0,209,123648
y,2,0,210,21978
y,2,0,211,3200
y,2,0,212,-62370
y,2,0,213,-60960
y,2,0,214,-24718
y,2,0,215,-72064
y,2,0,216,-183690
y,2,0,217,-96064
y,2,0,218,-94518
y,2,0,219,17920
y,2,0,220,110542
y,2,0,221,118176
y,2,0,222,172258
y,2,0,223,207616
y,2,0,224,159078
y,2,0,225,223616
y,2,0,226,204986
y,2,0,227,169088
y,2,0,228,181822
y,2,0,229,112480
y,2,0,230,-38574
y,2,0,231,-74368
y,2,0,232,-191146
y,2,0,233,-244160
y,2,0,234,-232022
y,2,0,235,-284416
y,2,0,236,-225106
y,2,0,237,-163040
y,2,0,238,-186942
y,2,0,239,-99840
y,2,0,240,-32442
y,2,0,241,-49920
y,2,0,242,44698
y,2,0,243,55168
y,2,0,244,47390
y,2,0,245,87264
y,2,0,246,63026
y,2,0,247,41600
y,2,0,248,62262
y,2,0,249,21952
y,2,0,250,118666
y,2,0,251,120832
y,2,0,252,42126
y,2,0,253,-1120
y,2,0,254,7586
y,2,0,255,-92424
y,2,0,256,-28120
y,2,0,257,-50652
y,2,0,258,-94848
y,2,0,259,-30000
y,2,0,260,-53080
y,2,0,261,-164452
y,2,0,262,-102336
y,2,0,263,-129240
y,2,0,264,16616
y,2,0,265,72724
y,2,0,266,38720
y,2,0,267,-20224
y,2,0,268,26600
y,2,0,269,-17780
y,2,0,270,108416
y,2,0,271,127576
y,2,0,272,103848
y,2,0,273,187652
y,2,0,274,161280
y,2,0,275,23344
y,2,0,276,60968
y,2,0,277,11644
y,2,0,278,71616
y,2,0,279,109448
y,2,0,280,59240
y,2,0,281,-13836
y,2,0,282,1984
y,2,0,283,-68000
y,2,0,284,14696
y,2,0,285,-13460
y,2,0,286,-56320
y,2,0,287,-15176
y,2,0,288,-51672
y,2,0,289,-166172
y,2,0,290,-96896
y,2,0,291,-121456
y,2,0,292,-110168
y,2,0,293,-64420
y,2,0,294,-93120
y,2,0,295,-89112
y,2,0,296,-27416
y,2,0,297,-39468
y,2,0,298,5440
y,2,0,299,41408
y,2,0,300,2536
y,2,0,301,85068
y,2,0,302,92032
y,2,0,303,23064
y,2,0,304,74408
y,2,0,305,49092
y,2,0,306,12288
y,2,0,307,29168
y,2,0,308,-31704
y,2,0,309,25916
y,2,0,310,55488
y,2,0,311,8008
y,2,0,312,-3736
y,2,0,313,18868
y,2,0,314,-56640
y,2,0,315,56864
y,2,0,316,96872
y,2,0,317,63020
y,2,0,318,151552
y,2,0,319,146552
y,2,0,320,46632
y,2,0,321,74660
y,2,0,322,6016
y,2,0,323,35920
y,2,0,324,2728
y,2,0,325,-93924
y,2,0,326,-188864
y,2,0,327,-216920
y,2,0,328,-309528
y,2,0,329,-204908
y,2,0,330,-180672
y,2,0,331,-238208
y,2,0,332,-96024
y,2,0,333,-37364
y,2,0,334,-63616
y,2,0,335,46808
y,2,0,336,96936
y,2,0,337,151940
y,2,0,338,211456
y,2,0,339,209584
y,2,0,340,145960
y,2,0,341,151292
y,2,0,342,94144
y,2,0,343,105224
y,2,0,344,53096
y,2,0,345,-62604
y,2,0,346,-45632
y,2,0,347,-92960
y,2,0,348,-204952
y,2,0,349,-119828
y,2,0,350,-115200
y,2,0,351,-61384
y,2,0,352,40232
y,2,0,353,80740
y,2,0,354,101760
y,2,0,355,174864
y,2,0,356,190888
y,2,0,357,191708
y,2,0,358,175936
y,2,0,359,108648
y,2,0,360,88552
y,2,0,361,19540
y,2,0,362,-98752
y,2,0,363,-135616
y,2,0,364,-222488
y,2,0,365,-294196
y,2,0,366,-285568
y,2,0,367,-328040
y,2,0,368,-290904
y,2,0,369,-189628
y,2,0,370,-138752
y,2,0,371,-91024
y,2,0,372,17704
y,2,0,373,54972
y,2,0,374,176832
y,2,0,375,251848
y,2,0,376,279656
y,2,0,377,259892
y,2,0,378,257728
y,2,0,379,207264
y,2,0,380,173672
y,2,0,381,91052
y,2,0,382,24576
y,2,0,383,-26120
y,2,0,384,-126936
y,2,0,385,-212700
y,2,0,386,-218240
y,2,0,387,-274992
y,2,0,388,-121176
y,2,0,389,-34404
y,2,0,390,-16064
y,2,0,391,84264
y,2,0,392,161000
y,2,0,393,146196
y,2,0,394,222528
y,2,0,395,230912
y,2,0,396,201960
y,2,0,397,168844
y,2,0,398,100992
y,2,0,399,-1960
y,2,0,400,-74840
y,2,0,401,-183548
y,2,0,402,-197376
y,2,0,403,-247760
y,2,0,404,-335064
y,2,0,405,-328580
y,2,0,406,-294208
y,2,0,407,-297848
y,2,0,408,-143256
y,2,0,409,-42508
y,2,0,410,3008
y,2,0,411,122976
y,2,0,412,208488
y,2,0,413,235628
y,2,0,414,294912
y,2,0,415,320440
y,2,0,416,311848
y,2,0,417,268772
y,2,0,418,190848
y,2,0,419,77712
y,2,0,420,-5464
y,2,0,421,-124580
y,2,0,422,-148928
y,2,0,423,-209944
y,2,0,424,-242456
y,2,0,425,-181292
y,2,0,426,-157888
y,2,0,427,-107072
y,2,0,428,17384
y,2,0,429,91212
y,2,0,430,89728
y,2,0,431,169240
y,2,0,432,169640
y,2,0,433,180420
y,2,0,434,171008
y,2,0,435,141040
y,2,0,436,90152
y,2,0,437,17980
y,2,0,438,-75840
y,2,0,439,-126136
y,2,0,440,-198808
y,2,0,441,-294220
y,2,0,442,-281664
y,2,0,443,-292576
y,2,0,444,-327320
y,2,0,445,-255188
y,2,0,446,-207616
y,2,0,447,-53896
y,2,0,448,59432
y,2,0,449,148900
y,2,0,450,196224
y,2,0,451,265552
y,2,0,452,289960
y,2,0,453,294428
y,2,0,454,278592
y,2,0,455,242088
y,2,0,456,184552
y,2,0,457,105620
y,2,0,458,4928
y,2,0,459,-52352
y,2,0,460,-132120
y,2,0,461,-103668
y,2,0,462,-98432
y,2,0,463,-116776
y,2,0,464,-159064
y,2,0,465,-113532
y,2,0,466,-89344
y,2,0,467,20912
y,2,0,468,69672
y,2,0,469,86524
y,2,0,470,124352
y,2,0,471,131848
y,2,0,472,107624
y,2,0,473,76660
y,2,0,474,38592
y,2,0,475,-6944
y,2,0,476,-60312
y,2,0,477,-121876
y,2,0,478,-192000
y,2,0,479,-205512
y,2,0,480,-228312
y,2,0,481,-195228
y,2,0,482,-172160
y,2,0,483,-159472
y,2,0,484,-91992
y,2,0,485,-35620
y,2,0,486,9280
y,2,0,487,107880
y,2,0,488,179176
y,2,0,489,221780
y,2,0,490,234304
y,2,0,491,238912
y,2,0,492,211688
y,2,0,493,177612
y,2,0,494,136320
y,2,0,495,87448
y,2,0,496,30632
y,2,0,497,-34492
y,2,0,498,-42752
y,2,0,499,-60048
y,2,0,500,-86744
y,2,0,501,-57668
y,2,0,502,-57664
y,2,0,503,-88120
y,2,0,504,-57240
y,2,0,505,-58572
y,2,0,506,-27968
y,2,0,507,-11104
y,2,0,508,8552
y,2,0,509,12716
y,2,0,510,0
y,2,0,511,0
y,3,0,0,20636
y,3,0,1,35912
y,3,0,2,46192
y,3,0,3,51840
y,3,0,4,53220
y,3,0,5,50696
y,3,0,6,44632
y,3,0,7,35392
y,3,0,8,23340
y,3,0,9,8840
y,3,0,10,-7744
y,3,0,11,-26048
y,3,0,12,-45708
y,3,0,13,-66360
y,3,0,14,-87640
y,3,0,15,-109184
y,3,0,16,-122180
y,3,0,17,-125240
y,3,0,18,-131056
y,3,0,19,-125184
y,3,0,20,-106236
y,3,0,21,-92536
y,3,0,22,-83720
y,3,0,23,-60480
y,3,0,24,-44724
y,3,0,25,-12792
y,3,0,26,9056
y,3,0,27,48832
y,3,0,28,107924
y,3,0,29,151368
y,3,0,30,179528
y,3,0,31,192768
y,3,0,32,191452
y,3,0,33,175944
y,3,0,34,146608
y,3,0,35,103808
y,3,0,36,56356
y,3,0,37,5640
y,3,0,38,-46952
y,3,0,39,-51392
y,3,0,40,-55956
y,3,0,41,-78968
y,3,0,42,-54528
y,3,0,43,-47808
y,3,0,44,-58444
y,3,0,45,-86072
y,3,0,46,-64792
y,3,0,47,-59776
y,3,0,48,-5124
y,3,0,49,33992
y,3,0,50,57936
y,3,0,51,67072
y,3,0,52,61764
y,3,0,53,42376
y,3,0,54,9272
y,3,0,55,-28736
y,3,0,56,-81524
y,3,0,57,-137464
y,3,0,58,-195168
y,3,0,59,-187712
y,3,0,60,-180012
y,3,0,61,-193976
y,3,0,62,-140408
y,3,0,63,-83456
y,3,0,64,-53732
y,3,0,65,46664
y,3,0,66,117232
y,3,0,67,158336
y,3,0,68,235876
y,3,0,69,284680
y,3,0,70,305112
y,3,0,71,297536
y,3,0,72,262316
y,3,0,73,199816
y,3,0,74,110400
y,3,0,75,2880
y,3,0,76,-55820
y,3,0,77,-143928
y,3,0,78,-181464
y,3,0,79,-167040
y,3,0,80,-184516
y,3,0,81,-233528
y,3,0,82,-182640
y,3,0,83,-162560
y,3,0,84,-172924
y,3,0,85,-82296
y,3,0,86,-21384
y,3,0,87,75712
y,3,0,88,143820
y,3,0,89,183304
y,3,0,90,194528
y,3,0,91,177856
y,3,0,92,133652
y,3,0,93,62280
y,3,0,94,-35896
y,3,0,95,-152064
y,3,0,96,-219300
y,3,0,97,-282808
y,3,0,98,-291536
y,3,0,99,-254848
y,3,0,100,-228956
y,3,0,101,-81400
y,3,0,102,21784
y,3,0,103,80960
y,3,0,104,96492
y,3,0,105,199816
y,3,0,106,260224
y,3,0,107,343616
y,3,0,108,384820
y,3,0,109,384200
y,3,0,110,342120
y,3,0,111,258944
y,3,0,112,135036
y,3,0,113,36296
y,3,0,114,-94000
y,3,0,115,-134656
y,3,0,116,-205116
y,3,0,117,-303992
y,3,0,118,-364360
y,3,0,119,-339008
y,3,0,120,-358644
y,3,0,121,-226296
y,3,0,122,-138208
y,3,0,123,-94016
y,3,0,124,37716
y,3,0,125,126280
y,3,0,126,172040
y,3,0,127,240896
y,3,0,128,267676
y,3,0,129,252744
y,3,0,130,196464
y,3,0,131,99200
y,3,0,132,-38684
y,3,0,133,-132344
y,3,0,134,-260776
y,3,0,135,-268224
y,3,0,136,-297428
y,3,0,137,-299384
y,3,0,138,-175168
y,3,0,139,-109504
y,3,0,140,-102028
y,3,0,141,44232
y,3,0,142,133032
y,3,0,143,164736
y,3,0,144,270780
y,3,0,145,320456
y,3,0,146,379664
y,3,0,147,383232
y,3,0,148,331524
y,3,0,149,290440
y,3,0,150,194808
y,3,0,151,44992
y,3,0,152,-27572
y,3,0,153,-153592
y,3,0,154,-324256
y,3,0,155,-341568
y,3,0,156,-400748
y,3,0,157,-451768
y,3,0,158,-346296
y,3,0,159,-299264
y,3,0,160,-113700
y,3,0,161,14152
y,3,0,162,84656
y,3,0,163,98176
y,3,0,164,186148
y,3,0,165,217864
y,3,0,166,259224
y,3,0,167,245056
y,3,0,168,175724
y,3,0,169,117128
y,3,0,170,23040
y,3,0,171,-105152
y,3,0,172,-162636
y,3,0,173,-252472
y,3,0,174,-168216
y,3,0,175,-140416
y,3,0,176,-167684
y,3,0,177,-183096
y,3,0,178,-73904
y,3,0,179,-36352
y,3,0,180,126532
y,3,0,181,218504
y,3,0,182,239928
y,3,0,183,322240
y,3,0,184,334732
y,3,0,185,277768
y,3,0,186,282784
y,3,0,187,219072
y,3,0,188,218068
y,3,0,189,149064
y,3,0,190,12424
y,3,0,191,-191488
y,3,0,192,-265700
y,3,0,193,-398008
y,3,0,194,-336144
y,3,0,195,-330624
y,3,0,196,-380060
y,3,0,197,-220920
y,3,0,198,-133672
y,3,0,199,-117952
y,3,0,200,23212
y,3,0,201,93576
y,3,0,202,93504
y,3,0,203,154432
y,3,0,204,145652
y,3,0,205,133064
y,3,0,206,135976
y,3,0,207,66944
y,3,0,208,80700
y,3,0,209,47560
y,3,0,210,-63088
y,3,0,211,-22272
y,3,0,212,-61564
y,3,0,213,-172152
y,3,0,214,-90504
y,3,0,215,-91456
y,3,0,216,-95028
y,3,0,217,31240
y,3,0,218,72416
y,3,0,219,159936
y,3,0,220,228628
y,3,0,221,213320
y,3,0,222,179912
y,3,0,223,194304
y,3,0,224,125788
y,3,0,225,171336
y,3,0,226,134704
y,3,0,227,16256
y,3,0,228,12964
y,3,0,229,-71416
y,3,0,230,-236520
y,3,0,231,-219840
y,3,0,232,-283156
y,3,0,233,-221048
y,3,0,234,-163200
y,3,0,235,-173760
y,3,0,236,-202700
y,3,0,237,-101688
y,3,0,238,-85656
y,3,0,239,42368
y,3,0,240,86140
y,3,0,241,46024
y,3,0,242,53456
y,3,0,243,62208
y,3,0,244,8132
y,3,0,245,61576
y,3,0,246,53944
y,3,0,247,151232
y,3,0,248,189196
y,3,0,249,132872
y,3,0,250,-17376
y,3,0,251,960
y,3,0,252,-65452
y,3,0,253,35656
y,3,0,254,53768
y,3,0,255,-33150
y,3,0,256,-18592
y,3,0,257,-26322
y,3,0,258,-122240
y,3,0,259,-44566
y,3,0,260,-55808
y,3,0,261,-25258
y,3,0,262,46720
y,3,0,263,28690
y,3,0,264,-79712
y,3,0,265,-16706
y,3,0,266,-44800
y,3,0,267,32250
y,3,0,268,83008
y,3,0,269,41574
y,3,0,270,104192
y,3,0,271,129186
y,3,0,272,49632
y,3,0,273,142158
y,3,0,274,128384
y,3,0,275,72458
y,3,0,276,125568
y,3,0,277,90742
y,3,0,278,33152
y,3,0,279,64562
y,3,0,280,10272
y,3,0,281,-22306
y,3,0,282,-6912
y,3,0,283,-102630
y,3,0,284,-48704
y,3,0,285,-72314
y,3,0,286,-173824
y,3,0,287,-156990
y,3,0,288,-153248
y,3,0,289,-228498
y,3,0,290,-120960
y,3,0,291,-103382
y,3,0,292,-46080
y,3,0,293,49558
y,3,0,294,69760
y,3,0,295,-4526
y,3,0,296,43424
y,3,0,297,16638
y,3,0,298,111360
y,3,0,299,130618
y,3,0,300,74048
y,3,0,301,72358
y,3,0,302,59648
y,3,0,303,-29982
y,3,0,304,-288
y,3,0,305,-48242
y,3,0,306,-43136
y,3,0,307,14666
y,3,0,308,-6272
y,3,0,309,-106314
y,3,0,310,-33920
y,3,0,311,-39566
y,3,0,312,125472
y,3,0,313,197662
y,3,0,314,175616
y,3,0,315,144986
y,3,0,316,152000
y,3,0,317,87494
y,3,0,318,124416
y,3,0,319,64770
y,3,0,320,70240
y,3,0,321,42926
y,3,0,322,-47744
y,3,0,323,-202134
y,3,0,324,-224000
y,3,0,325,-310314
y,3,0,326,-264832
y,3,0,327,-218990
y,3,0,328,-238688
y,3,0,329,-193218
y,3,0,330,-93184
y,3,0,331,-71046
y,3,0,332,84288
y,3,0,333,159974
y,3,0,334,154624
y,3,0,335,219426
y,3,0,336,222944
y,3,0,337,164814
y,3,0,338,175744
y,3,0,339,124298
y,3,0,340,141184
y,3,0,341,94966
y,3,0,342,-14720
y,3,0,343,-57166
y,3,0,344,-98272
y,3,0,345,-203938
y,3,0,346,-177920
y,3,0,347,-151654
y,3,0,348,-191040
y,3,0,349,-34298
y,3,0,350,45824
y,3,0,351,113474
y,3,0,352,232800
y,3,0,353,271086
y,3,0,354,208256
y,3,0,355,222122
y,3,0,356,153600
y,3,0,357,132374
y,3,0,358,62336
y,3,0,359,-56878
y,3,0,360,-94560
y,3,0,361,-182146
y,3,0,362,-320000
y,3,0,363,-311878
y,3,0,364,-354752
y,3,0,365,-383450
y,3,0,366,-267264
y,3,0,367,-203166
y,3,0,368,-191520
y,3,0,369,-46322
y,3,0,370,47488
y,3,0,371,207562
y,3,0,372,301440
y,3,0,373,327734
y,3,0,374,306560
y,3,0,375,303090
y,3,0,376,251424
y,3,0,377,216734
y,3,0,378,133120
y,3,0,379,65754
y,3,0,380,14272
y,3,0,381,-87226
y,3,0,382,-239104
y,3,0,383,-245118
y,3,0,384,-302240
y,3,0,385,-214226
y,3,0,386,-112512
y,3,0,387,-62998
y,3,0,388,-512
y,3,0,389,110934
y,3,0,390,161152
y,3,0,391,272402
y,3,0,392,296352
y,3,0,393,262590
y,3,0,394,224768
y,3,0,395,152314
y,3,0,396,44864
y,3,0,397,-32410
y,3,0,398,-145408
y,3,0,399,-163422
y,3,0,400,-217888
y,3,0,401,-309170
y,3,0,402,-372096
y,3,0,403,-341494
y,3,0,404,-348800
y,3,0,405,-263306
y,3,0,406,-150912
y,3,0,407,-77518
y,3,0,408,87584
y,3,0,409,202718
y,3,0,410,266496
y,3,0,411,343066
y,3,0,412,384192
y,3,0,413,370822
y,3,0,414,323072
y,3,0,415,240578
y,3,0,416,122976
y,3,0,417,35438
y,3,0,418,-87936
y,3,0,419,-116438
y,3,0,420,-181504
y,3,0,421,-283498
y,3,0,422,-226176
y,3,0,423,-206510
y,3,0,424,-224864
y,3,0,425,-84994
y,3,0,426,-2816
y,3,0,427,20282
y,3,0,428,141632
y,3,0,429,191910
y,3,0,430,234240
y,3,0,431,237026
y,3,0,432,198880
y,3,0,433,139918
y,3,0,434,59776
y,3,0,435,-41910
y,3,0,436,-99968
y,3,0,437,-180298
y,3,0,438,-283264
y,3,0,439,-278158
y,3,0,440,-296416
y,3,0,441,-338402
y,3,0,442,-273408
y,3,0,443,-232870
y,3,0,444,-151616
y,3,0,445,-30010
y,3,0,446,66048
y,3,0,447,136194
y,3,0,448,235360
y,3,0,449,309678
y,3,0,450,345728
y,3,0,451,342122
y,3,0,452,297472
y,3,0,453,231894
y,3,0,454,145024
y,3,0,455,36498
y,3,0,456,-28512
y,3,0,457,-115906
y,3,0,458,-94976
y,3,0,459,-97158
y,3,0,460,-122816
y,3,0,461,-172314
y,3,0,462,-133888
y,3,0,463,-116702
y,3,0,464,-78880
y,3,0,465,-21810
y,3,0,466,19584
y,3,0,467,78474
y,3,0,468,114048
y,3,0,469,124918
y,3,0,470,125568
y,3,0,471,99762
y,3,0,472,46112
y,3,0,473,-15266
y,3,0,474,-84736
y,3,0,475,-162662
y,3,0,476,-183872
y,3,0,477,-214266
y,3,0,478,-188672
y,3,0,479,-172990
y,3,0,480,-167584
y,3,0,481,-107282
y,3,0,482,-57984
y,3,0,483,-20054
y,3,0,484,6144
y,3,0,485,85782
y,3,0,486,152960
y,3,0,487,207314
y,3,0,488,238240
y,3,0,489,244350
y,3,0,490,224256
y,3,0,491,195258
y,3,0,492,138304
y,3,0,493,73510
y,3,0,494,512
y,3,0,495,-15518
y,3,0,496,-40480
y,3,0,497,-74738
y,3,0,498,-53120
y,3,0,499,-60470
y,3,0,500,-98176
y,3,0,501,-74442
y,3,0,502,-82816
y,3,0,503,-92686
y,3,0,504,-70880
y,3,0,505,-47970
y,3,0,506,-24320
y,3,0,507,-10534
y,3,0,508,5056
y,3,0,509,9030
y,3,0,510,0
y,3,0,511,0
