Copyright 1986-2022 Xilinx, Inc. All Rights Reserved. Copyright 2022-2024 Advanced Micro Devices, Inc. All Rights Reserved.
-----------------------------------------------------------------------------------------------------------------------------------------------------------------------------------------------------------------------------------------------------------------------------------
| Tool Version      : Vivado v.2024.2 (win64) Build 5239630 Fri Nov 08 22:35:27 MST 2024
| Date              : Fri Aug 14 00:56:35 2026
| Host              : <REDACTED>
| Command           : <REDACTED>
| Design            : direct_spatial_parpipe_baseline_top
| Device            : xczu9eg-ffvb1156
| Speed File        : -2  PRODUCTION 1.30 05-15-2022
| Design State      : Physopt postRoute
| Temperature Grade : E
-----------------------------------------------------------------------------------------------------------------------------------------------------------------------------------------------------------------------------------------------------------------------------------

Timing Summary Report

------------------------------------------------------------------------------------------------
| Timer Settings
| --------------
------------------------------------------------------------------------------------------------

  Enable Multi Corner Analysis               :  Yes
  Enable Pessimism Removal                   :  Yes
  Pessimism Removal Resolution               :  Nearest Common Node
  Enable Input Delay Default Clock           :  No
  Enable Preset / Clear Arcs                 :  No
  Disable Flight Delays                      :  No
  Ignore I/O Paths                           :  No
  Timing Early Launch at Borrowing Latches   :  No
  Borrow Time for Max Delay Exceptions       :  Yes
  Merge Timing Exceptions                    :  Yes
  Inter-SLR Compensation                     :  Conservative

  Corner  Analyze    Analyze    
  Name    Max Paths  Min Paths  
  ------  ---------  ---------  
  Slow    Yes        Yes        
  Fast    Yes        Yes        


------------------------------------------------------------------------------------------------
| Report Methodology
| ------------------
------------------------------------------------------------------------------------------------

No report available as report_methodology has not been run prior. Run report_methodology on the current design for the summary of methodology violations.



check_timing report

Table of Contents
-----------------
1. checking no_clock (0)
2. checking constant_clock (0)
3. checking pulse_width_clock (0)
4. checking unconstrained_internal_endpoints (0)
5. checking no_input_delay (32)
6. checking no_output_delay (75)
7. checking multiple_clock (0)
8. checking generated_clocks (0)
9. checking loops (0)
10. checking partial_input_delay (0)
11. checking partial_output_delay (0)
12. checking latch_loops (0)

1. checking no_clock (0)
------------------------
 There are 0 register/latch pins with no clock.


2. checking constant_clock (0)
------------------------------
 There are 0 register/latch pins with constant_clock.


3. checking pulse_width_clock (0)
---------------------------------
 There are 0 register/latch pins which need pulse_width check


4. checking unconstrained_internal_endpoints (0)
------------------------------------------------
 There are 0 pins that are not constrained for maximum delay.

 There are 0 pins that are not constrained for maximum delay due to constant clock.


5. checking no_input_delay (32)
-------------------------------
 There are 32 input ports with no input delay specified. (HIGH)

 There are 0 input ports with no input delay but user has a false path constraint.


6. checking no_output_delay (75)
--------------------------------
 There are 75 ports with no output delay specified. (HIGH)

 There are 0 ports with no output delay but user has a false path constraint

 There are 0 ports with no output delay but with a timing clock defined on it or propagating through it


7. checking multiple_clock (0)
------------------------------
 There are 0 register/latch pins with multiple clocks.


8. checking generated_clocks (0)
--------------------------------
 There are 0 generated clocks that are not connected to a clock source.


9. checking loops (0)
---------------------
 There are 0 combinational loops in the design.


10. checking partial_input_delay (0)
------------------------------------
 There are 0 input ports with partial input delay specified.


11. checking partial_output_delay (0)
-------------------------------------
 There are 0 ports with partial output delay specified.


12. checking latch_loops (0)
----------------------------
 There are 0 combinational latch loops in the design through latch input



------------------------------------------------------------------------------------------------
| Design Timing Summary
| ---------------------
------------------------------------------------------------------------------------------------

    WNS(ns)      TNS(ns)  TNS Failing Endpoints  TNS Total Endpoints      WHS(ns)      THS(ns)  THS Failing Endpoints  THS Total Endpoints     WPWS(ns)     TPWS(ns)  TPWS Failing Endpoints  TPWS Total Endpoints  
    -------      -------  ---------------------  -------------------      -------      -------  ---------------------  -------------------     --------     --------  ----------------------  --------------------  
      0.060        0.000                      0                 1611        0.054        0.000                      0                 1611        2.208        0.000                       0                   255  


All user specified timing constraints are met.


------------------------------------------------------------------------------------------------
| Clock Summary
| -------------
------------------------------------------------------------------------------------------------

Clock  Waveform(ns)         Period(ns)      Frequency(MHz)
-----  ------------         ----------      --------------
clk    {0.000 2.750}        5.500           181.818         


------------------------------------------------------------------------------------------------
| Intra Clock Table
| -----------------
------------------------------------------------------------------------------------------------

Clock             WNS(ns)      TNS(ns)  TNS Failing Endpoints  TNS Total Endpoints      WHS(ns)      THS(ns)  THS Failing Endpoints  THS Total Endpoints     WPWS(ns)     TPWS(ns)  TPWS Failing Endpoints  TPWS Total Endpoints  
-----             -------      -------  ---------------------  -------------------      -------      -------  ---------------------  -------------------     --------     --------  ----------------------  --------------------  
clk                 0.060        0.000                      0                 1611        0.054        0.000                      0                 1611        2.208        0.000                       0                   255  


------------------------------------------------------------------------------------------------
| Inter Clock Table
| -----------------
------------------------------------------------------------------------------------------------

From Clock    To Clock          WNS(ns)      TNS(ns)  TNS Failing Endpoints  TNS Total Endpoints      WHS(ns)      THS(ns)  THS Failing Endpoints  THS Total Endpoints  
----------    --------          -------      -------  ---------------------  -------------------      -------      -------  ---------------------  -------------------  


------------------------------------------------------------------------------------------------
| Other Path Groups Table
| -----------------------
------------------------------------------------------------------------------------------------

Path Group    From Clock    To Clock          WNS(ns)      TNS(ns)  TNS Failing Endpoints  TNS Total Endpoints      WHS(ns)      THS(ns)  THS Failing Endpoints  THS Total Endpoints  
----------    ----------    --------          -------      -------  ---------------------  -------------------      -------      -------  ---------------------  -------------------  


------------------------------------------------------------------------------------------------
| Timing Details
| --------------
------------------------------------------------------------------------------------------------


---------------------------------------------------------------------------------------------------
From Clock:  clk
  To Clock:  clk

Setup :            0  Failing Endpoints,  Worst Slack        0.060ns,  Total Violation        0.000ns
Hold  :            0  Failing Endpoints,  Worst Slack        0.054ns,  Total Violation        0.000ns
PW    :            0  Failing Endpoints,  Worst Slack        2.208ns,  Total Violation        0.000ns
---------------------------------------------------------------------------------------------------


Max Delay Paths
--------------------------------------------------------------------------------------
Slack (MET) :             0.060ns  (required time - arrival time)
  Source:                 u_baseline/g_lane_mem[0].h1_mem_reg_bram_0/CLKARDCLK
                            (rising edge-triggered cell RAMB18E2 clocked by clk  {rise@0.000ns fall@2.750ns period=5.500ns})
  Destination:            u_baseline/lane_sum_q_reg[31]/D
                            (rising edge-triggered cell FDRE clocked by clk  {rise@0.000ns fall@2.750ns period=5.500ns})
  Path Group:             clk
  Path Type:              Setup (Max at Slow Process Corner)
  Requirement:            5.500ns  (clk rise@5.500ns - clk rise@0.000ns)
  Data Path Delay:        5.275ns  (logic 3.193ns (60.527%)  route 2.082ns (39.473%))
  Logic Levels:           18  (CARRY8=7 DSP_A_B_DATA=1 DSP_ALU=1 DSP_OUTPUT=1 LUT4=2 LUT5=4 LUT6=2)
  Clock Path Skew:        -0.155ns (DCD - SCD + CPR)
    Destination Clock Delay (DCD):    1.271ns = ( 6.771 - 5.500 ) 
    Source Clock Delay      (SCD):    1.737ns
    Clock Pessimism Removal (CPR):    0.312ns
  Clock Uncertainty:      0.035ns  ((TSJ^2 + TIJ^2)^1/2 + DJ) / 2 + PE
    Total System Jitter     (TSJ):    0.071ns
    Total Input Jitter      (TIJ):    0.000ns
    Discrete Jitter          (DJ):    0.000ns
    Phase Error              (PE):    0.000ns
  Clock Net Delay (Source):      0.842ns (routing 0.001ns, distribution 0.841ns)
  Clock Net Delay (Destination): 0.667ns (routing 0.001ns, distribution 0.666ns)

    Location             Delay type                Incr(ns)  Path(ns)    Netlist Resource(s)
  -------------------------------------------------------------------    -------------------
                         (clock clk rise edge)        0.000     0.000 r  
    P11                                               0.000     0.000 r  clk (IN)
                         net (fo=0)                   0.000     0.000    clk_IBUF_inst/I
    P11                  INBUF (Prop_INBUF_HPIOB_M_PAD_O)
                                                      0.548     0.548 r  clk_IBUF_inst/INBUF_INST/O
                         net (fo=1, routed)           0.000     0.548    clk_IBUF_inst/OUT
    P11                  IBUFCTRL (Prop_IBUFCTRL_HPIOB_M_I_O)
                                                      0.000     0.548 r  clk_IBUF_inst/IBUFCTRL_INST/O
                         net (fo=1, routed)           0.319     0.867    clk_IBUF
    BUFGCE_X0Y77         BUFGCE (Prop_BUFCE_BUFGCE_I_O)
                                                      0.028     0.895 r  clk_IBUF_BUFG_inst/O
    X3Y3 (CLOCK_ROOT)    net (fo=335, routed)         0.842     1.737    u_baseline/clk_IBUF_BUFG
    RAMB18_X12Y90        RAMB18E2                                     r  u_baseline/g_lane_mem[0].h1_mem_reg_bram_0/CLKARDCLK
  -------------------------------------------------------------------    -------------------
    RAMB18_X12Y90        RAMB18E2 (Prop_RAMB18E2_L_RAMB180_CLKARDCLK_DOUTADOUT[3])
                                                      0.915     2.652 f  u_baseline/g_lane_mem[0].h1_mem_reg_bram_0/DOUTADOUT[3]
                         net (fo=1, routed)           0.407     3.059    u_baseline/lane_sum_c0/B[3]
    DSP48E2_X17Y90       DSP_A_B_DATA (Prop_DSP_A_B_DATA_DSP48E2_B[3]_B_ALU[3])
                                                      0.165     3.224 r  u_baseline/lane_sum_c0/DSP_A_B_DATA_INST/B_ALU[3]
                         net (fo=1, routed)           0.000     3.224    u_baseline/lane_sum_c0/DSP_A_B_DATA.B_ALU<3>
    DSP48E2_X17Y90       DSP_ALU (Prop_DSP_ALU_DSP48E2_B_ALU[3]_ALU_OUT[5])
                                                      0.541     3.765 f  u_baseline/lane_sum_c0/DSP_ALU_INST/ALU_OUT[5]
                         net (fo=1, routed)           0.000     3.765    u_baseline/lane_sum_c0/DSP_ALU.ALU_OUT<5>
    DSP48E2_X17Y90       DSP_OUTPUT (Prop_DSP_OUTPUT_DSP48E2_ALU_OUT[5]_P[5])
                                                      0.109     3.874 r  u_baseline/lane_sum_c0/DSP_OUTPUT_INST/P[5]
                         net (fo=1, routed)           0.212     4.086    u_baseline/lane_sum_c0_n_100
    SLICE_X91Y225        LUT5 (Prop_A6LUT_SLICEM_I0_O)
                                                      0.053     4.139 r  u_baseline/lane_sum_c0__0_carry_i_18/O
                         net (fo=2, routed)           0.142     4.281    u_baseline/lane_sum_c__31[5]
    SLICE_X91Y228        LUT5 (Prop_D6LUT_SLICEM_I0_O)
                                                      0.037     4.318 r  u_baseline/lane_sum_c0__0_carry_i_2/O
                         net (fo=2, routed)           0.153     4.472    u_baseline/lane_sum_c0__0_carry_i_2_n_0
    SLICE_X90Y227        LUT6 (Prop_G6LUT_SLICEM_I0_O)
                                                      0.052     4.524 r  u_baseline/lane_sum_c0__0_carry_i_9/O
                         net (fo=1, routed)           0.016     4.540    u_baseline/lane_sum_c0__0_carry_i_9_n_0
    SLICE_X90Y227        CARRY8 (Prop_CARRY8_SLICEM_S[6]_CO[7])
                                                      0.117     4.657 r  u_baseline/lane_sum_c0__0_carry/CO[7]
                         net (fo=1, routed)           0.026     4.683    u_baseline/lane_sum_c0__0_carry_n_0
    SLICE_X90Y228        CARRY8 (Prop_CARRY8_SLICEM_CI_O[6])
                                                      0.103     4.786 r  u_baseline/lane_sum_c0__0_carry__0/O[6]
                         net (fo=2, routed)           0.183     4.969    u_baseline/lane_sum_c0__0_carry__0_n_9
    SLICE_X88Y228        LUT5 (Prop_C6LUT_SLICEM_I0_O)
                                                      0.051     5.020 r  u_baseline/i___0_carry__0_i_1/O
                         net (fo=2, routed)           0.184     5.204    u_baseline/i___0_carry__0_i_1_n_0
    SLICE_X89Y227        LUT6 (Prop_H6LUT_SLICEL_I2_O)
                                                      0.051     5.255 r  u_baseline/i___0_carry__0_i_9/O
                         net (fo=1, routed)           0.010     5.265    u_baseline/i___0_carry__0_i_9_n_0
    SLICE_X89Y227        CARRY8 (Prop_CARRY8_SLICEL_S[7]_CO[7])
                                                      0.115     5.380 r  u_baseline/lane_sum_c0_inferred__0/i___0_carry__0/CO[7]
                         net (fo=1, routed)           0.026     5.406    u_baseline/lane_sum_c0_inferred__0/i___0_carry__0_n_0
    SLICE_X89Y228        CARRY8 (Prop_CARRY8_SLICEL_CI_O[0])
                                                      0.056     5.462 r  u_baseline/lane_sum_c0_inferred__0/i___0_carry__1/O[0]
                         net (fo=4, routed)           0.191     5.653    u_baseline/lane_sum_c0_inferred__0/i___0_carry__1_n_15
    SLICE_X89Y224        LUT4 (Prop_A5LUT_SLICEL_I1_O)
                                                      0.138     5.791 r  u_baseline/i___247_carry__1_i_7/O
                         net (fo=2, routed)           0.258     6.050    u_baseline/i___247_carry__1_i_7_n_0
    SLICE_X89Y224        LUT5 (Prop_B6LUT_SLICEL_I4_O)
                                                      0.090     6.140 r  u_baseline/i___247_carry__1_i_15/O
                         net (fo=1, routed)           0.009     6.149    u_baseline/i___247_carry__1_i_15_n_0
    SLICE_X89Y224        CARRY8 (Prop_CARRY8_SLICEL_S[1]_CO[7])
                                                      0.186     6.335 r  u_baseline/lane_sum_c0_inferred__0/i___247_carry__1/CO[7]
                         net (fo=1, routed)           0.026     6.361    u_baseline/lane_sum_c0_inferred__0/i___247_carry__1_n_0
    SLICE_X89Y225        CARRY8 (Prop_CARRY8_SLICEL_CI_O[1])
                                                      0.076     6.437 r  u_baseline/lane_sum_c0_inferred__0/i___247_carry__2/O[1]
                         net (fo=3, routed)           0.196     6.633    u_baseline/lane_sum_c0_inferred__0/i___247_carry__2_n_14
    SLICE_X90Y225        LUT4 (Prop_B6LUT_SLICEM_I3_O)
                                                      0.100     6.733 r  u_baseline/i___341_carry__2_i_14/O
                         net (fo=1, routed)           0.016     6.749    u_baseline/i___341_carry__2_i_14_n_0
    SLICE_X90Y225        CARRY8 (Prop_CARRY8_SLICEM_S[1]_O[7])
                                                      0.238     6.987 r  u_baseline/lane_sum_c0_inferred__0/i___341_carry__2/O[7]
                         net (fo=1, routed)           0.026     7.013    u_baseline/lane_sum_c0_inferred__0/i___341_carry__2_n_8
    SLICE_X90Y225        FDRE                                         r  u_baseline/lane_sum_q_reg[31]/D
  -------------------------------------------------------------------    -------------------

                         (clock clk rise edge)        5.500     5.500 r  
    P11                                               0.000     5.500 r  clk (IN)
                         net (fo=0)                   0.000     5.500    clk_IBUF_inst/I
    P11                  INBUF (Prop_INBUF_HPIOB_M_PAD_O)
                                                      0.298     5.798 r  clk_IBUF_inst/INBUF_INST/O
                         net (fo=1, routed)           0.000     5.798    clk_IBUF_inst/OUT
    P11                  IBUFCTRL (Prop_IBUFCTRL_HPIOB_M_I_O)
                                                      0.000     5.798 r  clk_IBUF_inst/IBUFCTRL_INST/O
                         net (fo=1, routed)           0.282     6.080    clk_IBUF
    BUFGCE_X0Y77         BUFGCE (Prop_BUFCE_BUFGCE_I_O)
                                                      0.024     6.104 r  clk_IBUF_BUFG_inst/O
    X3Y3 (CLOCK_ROOT)    net (fo=335, routed)         0.667     6.771    u_baseline/clk_IBUF_BUFG
    SLICE_X90Y225        FDRE                                         r  u_baseline/lane_sum_q_reg[31]/C
                         clock pessimism              0.312     7.083    
                         clock uncertainty           -0.035     7.047    
    SLICE_X90Y225        FDRE (Setup_HFF_SLICEM_C_D)
                                                      0.025     7.072    u_baseline/lane_sum_q_reg[31]
  -------------------------------------------------------------------
                         required time                          7.072    
                         arrival time                          -7.013    
  -------------------------------------------------------------------
                         slack                                  0.060    

Slack (MET) :             0.062ns  (required time - arrival time)
  Source:                 u_baseline/g_lane_mem[0].h1_mem_reg_bram_0/CLKARDCLK
                            (rising edge-triggered cell RAMB18E2 clocked by clk  {rise@0.000ns fall@2.750ns period=5.500ns})
  Destination:            u_baseline/lane_sum_q_reg[29]/D
                            (rising edge-triggered cell FDRE clocked by clk  {rise@0.000ns fall@2.750ns period=5.500ns})
  Path Group:             clk
  Path Type:              Setup (Max at Slow Process Corner)
  Requirement:            5.500ns  (clk rise@5.500ns - clk rise@0.000ns)
  Data Path Delay:        5.273ns  (logic 3.192ns (60.531%)  route 2.081ns (39.469%))
  Logic Levels:           18  (CARRY8=7 DSP_A_B_DATA=1 DSP_ALU=1 DSP_OUTPUT=1 LUT4=2 LUT5=4 LUT6=2)
  Clock Path Skew:        -0.155ns (DCD - SCD + CPR)
    Destination Clock Delay (DCD):    1.271ns = ( 6.771 - 5.500 ) 
    Source Clock Delay      (SCD):    1.737ns
    Clock Pessimism Removal (CPR):    0.312ns
  Clock Uncertainty:      0.035ns  ((TSJ^2 + TIJ^2)^1/2 + DJ) / 2 + PE
    Total System Jitter     (TSJ):    0.071ns
    Total Input Jitter      (TIJ):    0.000ns
    Discrete Jitter          (DJ):    0.000ns
    Phase Error              (PE):    0.000ns
  Clock Net Delay (Source):      0.842ns (routing 0.001ns, distribution 0.841ns)
  Clock Net Delay (Destination): 0.667ns (routing 0.001ns, distribution 0.666ns)

    Location             Delay type                Incr(ns)  Path(ns)    Netlist Resource(s)
  -------------------------------------------------------------------    -------------------
                         (clock clk rise edge)        0.000     0.000 r  
    P11                                               0.000     0.000 r  clk (IN)
                         net (fo=0)                   0.000     0.000    clk_IBUF_inst/I
    P11                  INBUF (Prop_INBUF_HPIOB_M_PAD_O)
                                                      0.548     0.548 r  clk_IBUF_inst/INBUF_INST/O
                         net (fo=1, routed)           0.000     0.548    clk_IBUF_inst/OUT
    P11                  IBUFCTRL (Prop_IBUFCTRL_HPIOB_M_I_O)
                                                      0.000     0.548 r  clk_IBUF_inst/IBUFCTRL_INST/O
                         net (fo=1, routed)           0.319     0.867    clk_IBUF
    BUFGCE_X0Y77         BUFGCE (Prop_BUFCE_BUFGCE_I_O)
                                                      0.028     0.895 r  clk_IBUF_BUFG_inst/O
    X3Y3 (CLOCK_ROOT)    net (fo=335, routed)         0.842     1.737    u_baseline/clk_IBUF_BUFG
    RAMB18_X12Y90        RAMB18E2                                     r  u_baseline/g_lane_mem[0].h1_mem_reg_bram_0/CLKARDCLK
  -------------------------------------------------------------------    -------------------
    RAMB18_X12Y90        RAMB18E2 (Prop_RAMB18E2_L_RAMB180_CLKARDCLK_DOUTADOUT[3])
                                                      0.915     2.652 f  u_baseline/g_lane_mem[0].h1_mem_reg_bram_0/DOUTADOUT[3]
                         net (fo=1, routed)           0.407     3.059    u_baseline/lane_sum_c0/B[3]
    DSP48E2_X17Y90       DSP_A_B_DATA (Prop_DSP_A_B_DATA_DSP48E2_B[3]_B_ALU[3])
                                                      0.165     3.224 r  u_baseline/lane_sum_c0/DSP_A_B_DATA_INST/B_ALU[3]
                         net (fo=1, routed)           0.000     3.224    u_baseline/lane_sum_c0/DSP_A_B_DATA.B_ALU<3>
    DSP48E2_X17Y90       DSP_ALU (Prop_DSP_ALU_DSP48E2_B_ALU[3]_ALU_OUT[5])
                                                      0.541     3.765 f  u_baseline/lane_sum_c0/DSP_ALU_INST/ALU_OUT[5]
                         net (fo=1, routed)           0.000     3.765    u_baseline/lane_sum_c0/DSP_ALU.ALU_OUT<5>
    DSP48E2_X17Y90       DSP_OUTPUT (Prop_DSP_OUTPUT_DSP48E2_ALU_OUT[5]_P[5])
                                                      0.109     3.874 r  u_baseline/lane_sum_c0/DSP_OUTPUT_INST/P[5]
                         net (fo=1, routed)           0.212     4.086    u_baseline/lane_sum_c0_n_100
    SLICE_X91Y225        LUT5 (Prop_A6LUT_SLICEM_I0_O)
                                                      0.053     4.139 r  u_baseline/lane_sum_c0__0_carry_i_18/O
                         net (fo=2, routed)           0.142     4.281    u_baseline/lane_sum_c__31[5]
    SLICE_X91Y228        LUT5 (Prop_D6LUT_SLICEM_I0_O)
                                                      0.037     4.318 r  u_baseline/lane_sum_c0__0_carry_i_2/O
                         net (fo=2, routed)           0.153     4.472    u_baseline/lane_sum_c0__0_carry_i_2_n_0
    SLICE_X90Y227        LUT6 (Prop_G6LUT_SLICEM_I0_O)
                                                      0.052     4.524 r  u_baseline/lane_sum_c0__0_carry_i_9/O
                         net (fo=1, routed)           0.016     4.540    u_baseline/lane_sum_c0__0_carry_i_9_n_0
    SLICE_X90Y227        CARRY8 (Prop_CARRY8_SLICEM_S[6]_CO[7])
                                                      0.117     4.657 r  u_baseline/lane_sum_c0__0_carry/CO[7]
                         net (fo=1, routed)           0.026     4.683    u_baseline/lane_sum_c0__0_carry_n_0
    SLICE_X90Y228        CARRY8 (Prop_CARRY8_SLICEM_CI_O[6])
                                                      0.103     4.786 r  u_baseline/lane_sum_c0__0_carry__0/O[6]
                         net (fo=2, routed)           0.183     4.969    u_baseline/lane_sum_c0__0_carry__0_n_9
    SLICE_X88Y228        LUT5 (Prop_C6LUT_SLICEM_I0_O)
                                                      0.051     5.020 r  u_baseline/i___0_carry__0_i_1/O
                         net (fo=2, routed)           0.184     5.204    u_baseline/i___0_carry__0_i_1_n_0
    SLICE_X89Y227        LUT6 (Prop_H6LUT_SLICEL_I2_O)
                                                      0.051     5.255 r  u_baseline/i___0_carry__0_i_9/O
                         net (fo=1, routed)           0.010     5.265    u_baseline/i___0_carry__0_i_9_n_0
    SLICE_X89Y227        CARRY8 (Prop_CARRY8_SLICEL_S[7]_CO[7])
                                                      0.115     5.380 r  u_baseline/lane_sum_c0_inferred__0/i___0_carry__0/CO[7]
                         net (fo=1, routed)           0.026     5.406    u_baseline/lane_sum_c0_inferred__0/i___0_carry__0_n_0
    SLICE_X89Y228        CARRY8 (Prop_CARRY8_SLICEL_CI_O[0])
                                                      0.056     5.462 r  u_baseline/lane_sum_c0_inferred__0/i___0_carry__1/O[0]
                         net (fo=4, routed)           0.191     5.653    u_baseline/lane_sum_c0_inferred__0/i___0_carry__1_n_15
    SLICE_X89Y224        LUT4 (Prop_A5LUT_SLICEL_I1_O)
                                                      0.138     5.791 r  u_baseline/i___247_carry__1_i_7/O
                         net (fo=2, routed)           0.258     6.050    u_baseline/i___247_carry__1_i_7_n_0
    SLICE_X89Y224        LUT5 (Prop_B6LUT_SLICEL_I4_O)
                                                      0.090     6.140 r  u_baseline/i___247_carry__1_i_15/O
                         net (fo=1, routed)           0.009     6.149    u_baseline/i___247_carry__1_i_15_n_0
    SLICE_X89Y224        CARRY8 (Prop_CARRY8_SLICEL_S[1]_CO[7])
                                                      0.186     6.335 r  u_baseline/lane_sum_c0_inferred__0/i___247_carry__1/CO[7]
                         net (fo=1, routed)           0.026     6.361    u_baseline/lane_sum_c0_inferred__0/i___247_carry__1_n_0
    SLICE_X89Y225        CARRY8 (Prop_CARRY8_SLICEL_CI_O[1])
                                                      0.076     6.437 r  u_baseline/lane_sum_c0_inferred__0/i___247_carry__2/O[1]
                         net (fo=3, routed)           0.196     6.633    u_baseline/lane_sum_c0_inferred__0/i___247_carry__2_n_14
    SLICE_X90Y225        LUT4 (Prop_B6LUT_SLICEM_I3_O)
                                                      0.100     6.733 r  u_baseline/i___341_carry__2_i_14/O
                         net (fo=1, routed)           0.016     6.749    u_baseline/i___341_carry__2_i_14_n_0
    SLICE_X90Y225        CARRY8 (Prop_CARRY8_SLICEM_S[1]_O[5])
                                                      0.237     6.986 r  u_baseline/lane_sum_c0_inferred__0/i___341_carry__2/O[5]
                         net (fo=1, routed)           0.025     7.011    u_baseline/lane_sum_c0_inferred__0/i___341_carry__2_n_10
    SLICE_X90Y225        FDRE                                         r  u_baseline/lane_sum_q_reg[29]/D
  -------------------------------------------------------------------    -------------------

                         (clock clk rise edge)        5.500     5.500 r  
    P11                                               0.000     5.500 r  clk (IN)
                         net (fo=0)                   0.000     5.500    clk_IBUF_inst/I
    P11                  INBUF (Prop_INBUF_HPIOB_M_PAD_O)
                                                      0.298     5.798 r  clk_IBUF_inst/INBUF_INST/O
                         net (fo=1, routed)           0.000     5.798    clk_IBUF_inst/OUT
    P11                  IBUFCTRL (Prop_IBUFCTRL_HPIOB_M_I_O)
                                                      0.000     5.798 r  clk_IBUF_inst/IBUFCTRL_INST/O
                         net (fo=1, routed)           0.282     6.080    clk_IBUF
    BUFGCE_X0Y77         BUFGCE (Prop_BUFCE_BUFGCE_I_O)
                                                      0.024     6.104 r  clk_IBUF_BUFG_inst/O
    X3Y3 (CLOCK_ROOT)    net (fo=335, routed)         0.667     6.771    u_baseline/clk_IBUF_BUFG
    SLICE_X90Y225        FDRE                                         r  u_baseline/lane_sum_q_reg[29]/C
                         clock pessimism              0.312     7.083    
                         clock uncertainty           -0.035     7.047    
    SLICE_X90Y225        FDRE (Setup_FFF_SLICEM_C_D)
                                                      0.025     7.072    u_baseline/lane_sum_q_reg[29]
  -------------------------------------------------------------------
                         required time                          7.072    
                         arrival time                          -7.011    
  -------------------------------------------------------------------
                         slack                                  0.062    

Slack (MET) :             0.074ns  (required time - arrival time)
  Source:                 u_baseline/g_lane_mem[0].h1_mem_reg_bram_0/CLKARDCLK
                            (rising edge-triggered cell RAMB18E2 clocked by clk  {rise@0.000ns fall@2.750ns period=5.500ns})
  Destination:            u_baseline/lane_sum_q_reg[30]/D
                            (rising edge-triggered cell FDRE clocked by clk  {rise@0.000ns fall@2.750ns period=5.500ns})
  Path Group:             clk
  Path Type:              Setup (Max at Slow Process Corner)
  Requirement:            5.500ns  (clk rise@5.500ns - clk rise@0.000ns)
  Data Path Delay:        5.261ns  (logic 3.179ns (60.422%)  route 2.082ns (39.578%))
  Logic Levels:           18  (CARRY8=7 DSP_A_B_DATA=1 DSP_ALU=1 DSP_OUTPUT=1 LUT4=2 LUT5=4 LUT6=2)
  Clock Path Skew:        -0.155ns (DCD - SCD + CPR)
    Destination Clock Delay (DCD):    1.271ns = ( 6.771 - 5.500 ) 
    Source Clock Delay      (SCD):    1.737ns
    Clock Pessimism Removal (CPR):    0.312ns
  Clock Uncertainty:      0.035ns  ((TSJ^2 + TIJ^2)^1/2 + DJ) / 2 + PE
    Total System Jitter     (TSJ):    0.071ns
    Total Input Jitter      (TIJ):    0.000ns
    Discrete Jitter          (DJ):    0.000ns
    Phase Error              (PE):    0.000ns
  Clock Net Delay (Source):      0.842ns (routing 0.001ns, distribution 0.841ns)
  Clock Net Delay (Destination): 0.667ns (routing 0.001ns, distribution 0.666ns)

    Location             Delay type                Incr(ns)  Path(ns)    Netlist Resource(s)
  -------------------------------------------------------------------    -------------------
                         (clock clk rise edge)        0.000     0.000 r  
    P11                                               0.000     0.000 r  clk (IN)
                         net (fo=0)                   0.000     0.000    clk_IBUF_inst/I
    P11                  INBUF (Prop_INBUF_HPIOB_M_PAD_O)
                                                      0.548     0.548 r  clk_IBUF_inst/INBUF_INST/O
                         net (fo=1, routed)           0.000     0.548    clk_IBUF_inst/OUT
    P11                  IBUFCTRL (Prop_IBUFCTRL_HPIOB_M_I_O)
                                                      0.000     0.548 r  clk_IBUF_inst/IBUFCTRL_INST/O
                         net (fo=1, routed)           0.319     0.867    clk_IBUF
    BUFGCE_X0Y77         BUFGCE (Prop_BUFCE_BUFGCE_I_O)
                                                      0.028     0.895 r  clk_IBUF_BUFG_inst/O
    X3Y3 (CLOCK_ROOT)    net (fo=335, routed)         0.842     1.737    u_baseline/clk_IBUF_BUFG
    RAMB18_X12Y90        RAMB18E2                                     r  u_baseline/g_lane_mem[0].h1_mem_reg_bram_0/CLKARDCLK
  -------------------------------------------------------------------    -------------------
    RAMB18_X12Y90        RAMB18E2 (Prop_RAMB18E2_L_RAMB180_CLKARDCLK_DOUTADOUT[3])
                                                      0.915     2.652 f  u_baseline/g_lane_mem[0].h1_mem_reg_bram_0/DOUTADOUT[3]
                         net (fo=1, routed)           0.407     3.059    u_baseline/lane_sum_c0/B[3]
    DSP48E2_X17Y90       DSP_A_B_DATA (Prop_DSP_A_B_DATA_DSP48E2_B[3]_B_ALU[3])
                                                      0.165     3.224 r  u_baseline/lane_sum_c0/DSP_A_B_DATA_INST/B_ALU[3]
                         net (fo=1, routed)           0.000     3.224    u_baseline/lane_sum_c0/DSP_A_B_DATA.B_ALU<3>
    DSP48E2_X17Y90       DSP_ALU (Prop_DSP_ALU_DSP48E2_B_ALU[3]_ALU_OUT[5])
                                                      0.541     3.765 f  u_baseline/lane_sum_c0/DSP_ALU_INST/ALU_OUT[5]
                         net (fo=1, routed)           0.000     3.765    u_baseline/lane_sum_c0/DSP_ALU.ALU_OUT<5>
    DSP48E2_X17Y90       DSP_OUTPUT (Prop_DSP_OUTPUT_DSP48E2_ALU_OUT[5]_P[5])
                                                      0.109     3.874 r  u_baseline/lane_sum_c0/DSP_OUTPUT_INST/P[5]
                         net (fo=1, routed)           0.212     4.086    u_baseline/lane_sum_c0_n_100
    SLICE_X91Y225        LUT5 (Prop_A6LUT_SLICEM_I0_O)
                                                      0.053     4.139 r  u_baseline/lane_sum_c0__0_carry_i_18/O
                         net (fo=2, routed)           0.142     4.281    u_baseline/lane_sum_c__31[5]
    SLICE_X91Y228        LUT5 (Prop_D6LUT_SLICEM_I0_O)
                                                      0.037     4.318 r  u_baseline/lane_sum_c0__0_carry_i_2/O
                         net (fo=2, routed)           0.153     4.472    u_baseline/lane_sum_c0__0_carry_i_2_n_0
    SLICE_X90Y227        LUT6 (Prop_G6LUT_SLICEM_I0_O)
                                                      0.052     4.524 r  u_baseline/lane_sum_c0__0_carry_i_9/O
                         net (fo=1, routed)           0.016     4.540    u_baseline/lane_sum_c0__0_carry_i_9_n_0
    SLICE_X90Y227        CARRY8 (Prop_CARRY8_SLICEM_S[6]_CO[7])
                                                      0.117     4.657 r  u_baseline/lane_sum_c0__0_carry/CO[7]
                         net (fo=1, routed)           0.026     4.683    u_baseline/lane_sum_c0__0_carry_n_0
    SLICE_X90Y228        CARRY8 (Prop_CARRY8_SLICEM_CI_O[6])
                                                      0.103     4.786 r  u_baseline/lane_sum_c0__0_carry__0/O[6]
                         net (fo=2, routed)           0.183     4.969    u_baseline/lane_sum_c0__0_carry__0_n_9
    SLICE_X88Y228        LUT5 (Prop_C6LUT_SLICEM_I0_O)
                                                      0.051     5.020 r  u_baseline/i___0_carry__0_i_1/O
                         net (fo=2, routed)           0.184     5.204    u_baseline/i___0_carry__0_i_1_n_0
    SLICE_X89Y227        LUT6 (Prop_H6LUT_SLICEL_I2_O)
                                                      0.051     5.255 r  u_baseline/i___0_carry__0_i_9/O
                         net (fo=1, routed)           0.010     5.265    u_baseline/i___0_carry__0_i_9_n_0
    SLICE_X89Y227        CARRY8 (Prop_CARRY8_SLICEL_S[7]_CO[7])
                                                      0.115     5.380 r  u_baseline/lane_sum_c0_inferred__0/i___0_carry__0/CO[7]
                         net (fo=1, routed)           0.026     5.406    u_baseline/lane_sum_c0_inferred__0/i___0_carry__0_n_0
    SLICE_X89Y228        CARRY8 (Prop_CARRY8_SLICEL_CI_O[0])
                                                      0.056     5.462 r  u_baseline/lane_sum_c0_inferred__0/i___0_carry__1/O[0]
                         net (fo=4, routed)           0.191     5.653    u_baseline/lane_sum_c0_inferred__0/i___0_carry__1_n_15
    SLICE_X89Y224        LUT4 (Prop_A5LUT_SLICEL_I1_O)
                                                      0.138     5.791 r  u_baseline/i___247_carry__1_i_7/O
                         net (fo=2, routed)           0.258     6.050    u_baseline/i___247_carry__1_i_7_n_0
    SLICE_X89Y224        LUT5 (Prop_B6LUT_SLICEL_I4_O)
                                                      0.090     6.140 r  u_baseline/i___247_carry__1_i_15/O
                         net (fo=1, routed)           0.009     6.149    u_baseline/i___247_carry__1_i_15_n_0
    SLICE_X89Y224        CARRY8 (Prop_CARRY8_SLICEL_S[1]_CO[7])
                                                      0.186     6.335 r  u_baseline/lane_sum_c0_inferred__0/i___247_carry__1/CO[7]
                         net (fo=1, routed)           0.026     6.361    u_baseline/lane_sum_c0_inferred__0/i___247_carry__1_n_0
    SLICE_X89Y225        CARRY8 (Prop_CARRY8_SLICEL_CI_O[1])
                                                      0.076     6.437 r  u_baseline/lane_sum_c0_inferred__0/i___247_carry__2/O[1]
                         net (fo=3, routed)           0.196     6.633    u_baseline/lane_sum_c0_inferred__0/i___247_carry__2_n_14
    SLICE_X90Y225        LUT4 (Prop_B6LUT_SLICEM_I3_O)
                                                      0.100     6.733 r  u_baseline/i___341_carry__2_i_14/O
                         net (fo=1, routed)           0.016     6.749    u_baseline/i___341_carry__2_i_14_n_0
    SLICE_X90Y225        CARRY8 (Prop_CARRY8_SLICEM_S[1]_O[6])
                                                      0.224     6.973 r  u_baseline/lane_sum_c0_inferred__0/i___341_carry__2/O[6]
                         net (fo=1, routed)           0.026     6.999    u_baseline/lane_sum_c0_inferred__0/i___341_carry__2_n_9
    SLICE_X90Y225        FDRE                                         r  u_baseline/lane_sum_q_reg[30]/D
  -------------------------------------------------------------------    -------------------

                         (clock clk rise edge)        5.500     5.500 r  
    P11                                               0.000     5.500 r  clk (IN)
                         net (fo=0)                   0.000     5.500    clk_IBUF_inst/I
    P11                  INBUF (Prop_INBUF_HPIOB_M_PAD_O)
                                                      0.298     5.798 r  clk_IBUF_inst/INBUF_INST/O
                         net (fo=1, routed)           0.000     5.798    clk_IBUF_inst/OUT
    P11                  IBUFCTRL (Prop_IBUFCTRL_HPIOB_M_I_O)
                                                      0.000     5.798 r  clk_IBUF_inst/IBUFCTRL_INST/O
                         net (fo=1, routed)           0.282     6.080    clk_IBUF
    BUFGCE_X0Y77         BUFGCE (Prop_BUFCE_BUFGCE_I_O)
                                                      0.024     6.104 r  clk_IBUF_BUFG_inst/O
    X3Y3 (CLOCK_ROOT)    net (fo=335, routed)         0.667     6.771    u_baseline/clk_IBUF_BUFG
    SLICE_X90Y225        FDRE                                         r  u_baseline/lane_sum_q_reg[30]/C
                         clock pessimism              0.312     7.083    
                         clock uncertainty           -0.035     7.047    
    SLICE_X90Y225        FDRE (Setup_GFF_SLICEM_C_D)
                                                      0.025     7.072    u_baseline/lane_sum_q_reg[30]
  -------------------------------------------------------------------
                         required time                          7.072    
                         arrival time                          -6.999    
  -------------------------------------------------------------------
                         slack                                  0.074    

Slack (MET) :             0.095ns  (required time - arrival time)
  Source:                 u_baseline/g_lane_mem[0].h1_mem_reg_bram_0/CLKARDCLK
                            (rising edge-triggered cell RAMB18E2 clocked by clk  {rise@0.000ns fall@2.750ns period=5.500ns})
  Destination:            u_baseline/lane_sum_q_reg[28]/D
                            (rising edge-triggered cell FDRE clocked by clk  {rise@0.000ns fall@2.750ns period=5.500ns})
  Path Group:             clk
  Path Type:              Setup (Max at Slow Process Corner)
  Requirement:            5.500ns  (clk rise@5.500ns - clk rise@0.000ns)
  Data Path Delay:        5.240ns  (logic 3.159ns (60.282%)  route 2.081ns (39.718%))
  Logic Levels:           18  (CARRY8=7 DSP_A_B_DATA=1 DSP_ALU=1 DSP_OUTPUT=1 LUT4=2 LUT5=4 LUT6=2)
  Clock Path Skew:        -0.155ns (DCD - SCD + CPR)
    Destination Clock Delay (DCD):    1.271ns = ( 6.771 - 5.500 ) 
    Source Clock Delay      (SCD):    1.737ns
    Clock Pessimism Removal (CPR):    0.312ns
  Clock Uncertainty:      0.035ns  ((TSJ^2 + TIJ^2)^1/2 + DJ) / 2 + PE
    Total System Jitter     (TSJ):    0.071ns
    Total Input Jitter      (TIJ):    0.000ns
    Discrete Jitter          (DJ):    0.000ns
    Phase Error              (PE):    0.000ns
  Clock Net Delay (Source):      0.842ns (routing 0.001ns, distribution 0.841ns)
  Clock Net Delay (Destination): 0.667ns (routing 0.001ns, distribution 0.666ns)

    Location             Delay type                Incr(ns)  Path(ns)    Netlist Resource(s)
  -------------------------------------------------------------------    -------------------
                         (clock clk rise edge)        0.000     0.000 r  
    P11                                               0.000     0.000 r  clk (IN)
                         net (fo=0)                   0.000     0.000    clk_IBUF_inst/I
    P11                  INBUF (Prop_INBUF_HPIOB_M_PAD_O)
                                                      0.548     0.548 r  clk_IBUF_inst/INBUF_INST/O
                         net (fo=1, routed)           0.000     0.548    clk_IBUF_inst/OUT
    P11                  IBUFCTRL (Prop_IBUFCTRL_HPIOB_M_I_O)
                                                      0.000     0.548 r  clk_IBUF_inst/IBUFCTRL_INST/O
                         net (fo=1, routed)           0.319     0.867    clk_IBUF
    BUFGCE_X0Y77         BUFGCE (Prop_BUFCE_BUFGCE_I_O)
                                                      0.028     0.895 r  clk_IBUF_BUFG_inst/O
    X3Y3 (CLOCK_ROOT)    net (fo=335, routed)         0.842     1.737    u_baseline/clk_IBUF_BUFG
    RAMB18_X12Y90        RAMB18E2                                     r  u_baseline/g_lane_mem[0].h1_mem_reg_bram_0/CLKARDCLK
  -------------------------------------------------------------------    -------------------
    RAMB18_X12Y90        RAMB18E2 (Prop_RAMB18E2_L_RAMB180_CLKARDCLK_DOUTADOUT[3])
                                                      0.915     2.652 f  u_baseline/g_lane_mem[0].h1_mem_reg_bram_0/DOUTADOUT[3]
                         net (fo=1, routed)           0.407     3.059    u_baseline/lane_sum_c0/B[3]
    DSP48E2_X17Y90       DSP_A_B_DATA (Prop_DSP_A_B_DATA_DSP48E2_B[3]_B_ALU[3])
                                                      0.165     3.224 r  u_baseline/lane_sum_c0/DSP_A_B_DATA_INST/B_ALU[3]
                         net (fo=1, routed)           0.000     3.224    u_baseline/lane_sum_c0/DSP_A_B_DATA.B_ALU<3>
    DSP48E2_X17Y90       DSP_ALU (Prop_DSP_ALU_DSP48E2_B_ALU[3]_ALU_OUT[5])
                                                      0.541     3.765 f  u_baseline/lane_sum_c0/DSP_ALU_INST/ALU_OUT[5]
                         net (fo=1, routed)           0.000     3.765    u_baseline/lane_sum_c0/DSP_ALU.ALU_OUT<5>
    DSP48E2_X17Y90       DSP_OUTPUT (Prop_DSP_OUTPUT_DSP48E2_ALU_OUT[5]_P[5])
                                                      0.109     3.874 r  u_baseline/lane_sum_c0/DSP_OUTPUT_INST/P[5]
                         net (fo=1, routed)           0.212     4.086    u_baseline/lane_sum_c0_n_100
    SLICE_X91Y225        LUT5 (Prop_A6LUT_SLICEM_I0_O)
                                                      0.053     4.139 r  u_baseline/lane_sum_c0__0_carry_i_18/O
                         net (fo=2, routed)           0.142     4.281    u_baseline/lane_sum_c__31[5]
    SLICE_X91Y228        LUT5 (Prop_D6LUT_SLICEM_I0_O)
                                                      0.037     4.318 r  u_baseline/lane_sum_c0__0_carry_i_2/O
                         net (fo=2, routed)           0.153     4.472    u_baseline/lane_sum_c0__0_carry_i_2_n_0
    SLICE_X90Y227        LUT6 (Prop_G6LUT_SLICEM_I0_O)
                                                      0.052     4.524 r  u_baseline/lane_sum_c0__0_carry_i_9/O
                         net (fo=1, routed)           0.016     4.540    u_baseline/lane_sum_c0__0_carry_i_9_n_0
    SLICE_X90Y227        CARRY8 (Prop_CARRY8_SLICEM_S[6]_CO[7])
                                                      0.117     4.657 r  u_baseline/lane_sum_c0__0_carry/CO[7]
                         net (fo=1, routed)           0.026     4.683    u_baseline/lane_sum_c0__0_carry_n_0
    SLICE_X90Y228        CARRY8 (Prop_CARRY8_SLICEM_CI_O[6])
                                                      0.103     4.786 r  u_baseline/lane_sum_c0__0_carry__0/O[6]
                         net (fo=2, routed)           0.183     4.969    u_baseline/lane_sum_c0__0_carry__0_n_9
    SLICE_X88Y228        LUT5 (Prop_C6LUT_SLICEM_I0_O)
                                                      0.051     5.020 r  u_baseline/i___0_carry__0_i_1/O
                         net (fo=2, routed)           0.184     5.204    u_baseline/i___0_carry__0_i_1_n_0
    SLICE_X89Y227        LUT6 (Prop_H6LUT_SLICEL_I2_O)
                                                      0.051     5.255 r  u_baseline/i___0_carry__0_i_9/O
                         net (fo=1, routed)           0.010     5.265    u_baseline/i___0_carry__0_i_9_n_0
    SLICE_X89Y227        CARRY8 (Prop_CARRY8_SLICEL_S[7]_CO[7])
                                                      0.115     5.380 r  u_baseline/lane_sum_c0_inferred__0/i___0_carry__0/CO[7]
                         net (fo=1, routed)           0.026     5.406    u_baseline/lane_sum_c0_inferred__0/i___0_carry__0_n_0
    SLICE_X89Y228        CARRY8 (Prop_CARRY8_SLICEL_CI_O[0])
                                                      0.056     5.462 r  u_baseline/lane_sum_c0_inferred__0/i___0_carry__1/O[0]
                         net (fo=4, routed)           0.191     5.653    u_baseline/lane_sum_c0_inferred__0/i___0_carry__1_n_15
    SLICE_X89Y224        LUT4 (Prop_A5LUT_SLICEL_I1_O)
                                                      0.138     5.791 r  u_baseline/i___247_carry__1_i_7/O
                         net (fo=2, routed)           0.258     6.050    u_baseline/i___247_carry__1_i_7_n_0
    SLICE_X89Y224        LUT5 (Prop_B6LUT_SLICEL_I4_O)
                                                      0.090     6.140 r  u_baseline/i___247_carry__1_i_15/O
                         net (fo=1, routed)           0.009     6.149    u_baseline/i___247_carry__1_i_15_n_0
    SLICE_X89Y224        CARRY8 (Prop_CARRY8_SLICEL_S[1]_CO[7])
                                                      0.186     6.335 r  u_baseline/lane_sum_c0_inferred__0/i___247_carry__1/CO[7]
                         net (fo=1, routed)           0.026     6.361    u_baseline/lane_sum_c0_inferred__0/i___247_carry__1_n_0
    SLICE_X89Y225        CARRY8 (Prop_CARRY8_SLICEL_CI_O[1])
                                                      0.076     6.437 r  u_baseline/lane_sum_c0_inferred__0/i___247_carry__2/O[1]
                         net (fo=3, routed)           0.196     6.633    u_baseline/lane_sum_c0_inferred__0/i___247_carry__2_n_14
    SLICE_X90Y225        LUT4 (Prop_B6LUT_SLICEM_I3_O)
                                                      0.100     6.733 r  u_baseline/i___341_carry__2_i_14/O
                         net (fo=1, routed)           0.016     6.749    u_baseline/i___341_carry__2_i_14_n_0
    SLICE_X90Y225        CARRY8 (Prop_CARRY8_SLICEM_S[1]_O[4])
                                                      0.204     6.953 r  u_baseline/lane_sum_c0_inferred__0/i___341_carry__2/O[4]
                         net (fo=1, routed)           0.025     6.978    u_baseline/lane_sum_c0_inferred__0/i___341_carry__2_n_11
    SLICE_X90Y225        FDRE                                         r  u_baseline/lane_sum_q_reg[28]/D
  -------------------------------------------------------------------    -------------------

                         (clock clk rise edge)        5.500     5.500 r  
    P11                                               0.000     5.500 r  clk (IN)
                         net (fo=0)                   0.000     5.500    clk_IBUF_inst/I
    P11                  INBUF (Prop_INBUF_HPIOB_M_PAD_O)
                                                      0.298     5.798 r  clk_IBUF_inst/INBUF_INST/O
                         net (fo=1, routed)           0.000     5.798    clk_IBUF_inst/OUT
    P11                  IBUFCTRL (Prop_IBUFCTRL_HPIOB_M_I_O)
                                                      0.000     5.798 r  clk_IBUF_inst/IBUFCTRL_INST/O
                         net (fo=1, routed)           0.282     6.080    clk_IBUF
    BUFGCE_X0Y77         BUFGCE (Prop_BUFCE_BUFGCE_I_O)
                                                      0.024     6.104 r  clk_IBUF_BUFG_inst/O
    X3Y3 (CLOCK_ROOT)    net (fo=335, routed)         0.667     6.771    u_baseline/clk_IBUF_BUFG
    SLICE_X90Y225        FDRE                                         r  u_baseline/lane_sum_q_reg[28]/C
                         clock pessimism              0.312     7.083    
                         clock uncertainty           -0.035     7.047    
    SLICE_X90Y225        FDRE (Setup_EFF_SLICEM_C_D)
                                                      0.025     7.072    u_baseline/lane_sum_q_reg[28]
  -------------------------------------------------------------------
                         required time                          7.072    
                         arrival time                          -6.978    
  -------------------------------------------------------------------
                         slack                                  0.095    

Slack (MET) :             0.105ns  (required time - arrival time)
  Source:                 u_baseline/g_lane_mem[0].h1_mem_reg_bram_0/CLKARDCLK
                            (rising edge-triggered cell RAMB18E2 clocked by clk  {rise@0.000ns fall@2.750ns period=5.500ns})
  Destination:            u_baseline/lane_sum_q_reg[27]/D
                            (rising edge-triggered cell FDRE clocked by clk  {rise@0.000ns fall@2.750ns period=5.500ns})
  Path Group:             clk
  Path Type:              Setup (Max at Slow Process Corner)
  Requirement:            5.500ns  (clk rise@5.500ns - clk rise@0.000ns)
  Data Path Delay:        5.231ns  (logic 3.132ns (59.877%)  route 2.099ns (40.123%))
  Logic Levels:           18  (CARRY8=7 DSP_A_B_DATA=1 DSP_ALU=1 DSP_OUTPUT=1 LUT4=2 LUT5=4 LUT6=2)
  Clock Path Skew:        -0.154ns (DCD - SCD + CPR)
    Destination Clock Delay (DCD):    1.272ns = ( 6.772 - 5.500 ) 
    Source Clock Delay      (SCD):    1.737ns
    Clock Pessimism Removal (CPR):    0.312ns
  Clock Uncertainty:      0.035ns  ((TSJ^2 + TIJ^2)^1/2 + DJ) / 2 + PE
    Total System Jitter     (TSJ):    0.071ns
    Total Input Jitter      (TIJ):    0.000ns
    Discrete Jitter          (DJ):    0.000ns
    Phase Error              (PE):    0.000ns
  Clock Net Delay (Source):      0.842ns (routing 0.001ns, distribution 0.841ns)
  Clock Net Delay (Destination): 0.668ns (routing 0.001ns, distribution 0.667ns)

    Location             Delay type                Incr(ns)  Path(ns)    Netlist Resource(s)
  -------------------------------------------------------------------    -------------------
                         (clock clk rise edge)        0.000     0.000 r  
    P11                                               0.000     0.000 r  clk (IN)
                         net (fo=0)                   0.000     0.000    clk_IBUF_inst/I
    P11                  INBUF (Prop_INBUF_HPIOB_M_PAD_O)
                                                      0.548     0.548 r  clk_IBUF_inst/INBUF_INST/O
                         net (fo=1, routed)           0.000     0.548    clk_IBUF_inst/OUT
    P11                  IBUFCTRL (Prop_IBUFCTRL_HPIOB_M_I_O)
                                                      0.000     0.548 r  clk_IBUF_inst/IBUFCTRL_INST/O
                         net (fo=1, routed)           0.319     0.867    clk_IBUF
    BUFGCE_X0Y77         BUFGCE (Prop_BUFCE_BUFGCE_I_O)
                                                      0.028     0.895 r  clk_IBUF_BUFG_inst/O
    X3Y3 (CLOCK_ROOT)    net (fo=335, routed)         0.842     1.737    u_baseline/clk_IBUF_BUFG
    RAMB18_X12Y90        RAMB18E2                                     r  u_baseline/g_lane_mem[0].h1_mem_reg_bram_0/CLKARDCLK
  -------------------------------------------------------------------    -------------------
    RAMB18_X12Y90        RAMB18E2 (Prop_RAMB18E2_L_RAMB180_CLKARDCLK_DOUTADOUT[3])
                                                      0.915     2.652 f  u_baseline/g_lane_mem[0].h1_mem_reg_bram_0/DOUTADOUT[3]
                         net (fo=1, routed)           0.407     3.059    u_baseline/lane_sum_c0/B[3]
    DSP48E2_X17Y90       DSP_A_B_DATA (Prop_DSP_A_B_DATA_DSP48E2_B[3]_B_ALU[3])
                                                      0.165     3.224 r  u_baseline/lane_sum_c0/DSP_A_B_DATA_INST/B_ALU[3]
                         net (fo=1, routed)           0.000     3.224    u_baseline/lane_sum_c0/DSP_A_B_DATA.B_ALU<3>
    DSP48E2_X17Y90       DSP_ALU (Prop_DSP_ALU_DSP48E2_B_ALU[3]_ALU_OUT[5])
                                                      0.541     3.765 f  u_baseline/lane_sum_c0/DSP_ALU_INST/ALU_OUT[5]
                         net (fo=1, routed)           0.000     3.765    u_baseline/lane_sum_c0/DSP_ALU.ALU_OUT<5>
    DSP48E2_X17Y90       DSP_OUTPUT (Prop_DSP_OUTPUT_DSP48E2_ALU_OUT[5]_P[5])
                                                      0.109     3.874 r  u_baseline/lane_sum_c0/DSP_OUTPUT_INST/P[5]
                         net (fo=1, routed)           0.212     4.086    u_baseline/lane_sum_c0_n_100
    SLICE_X91Y225        LUT5 (Prop_A6LUT_SLICEM_I0_O)
                                                      0.053     4.139 r  u_baseline/lane_sum_c0__0_carry_i_18/O
                         net (fo=2, routed)           0.142     4.281    u_baseline/lane_sum_c__31[5]
    SLICE_X91Y228        LUT5 (Prop_D6LUT_SLICEM_I0_O)
                                                      0.037     4.318 r  u_baseline/lane_sum_c0__0_carry_i_2/O
                         net (fo=2, routed)           0.153     4.472    u_baseline/lane_sum_c0__0_carry_i_2_n_0
    SLICE_X90Y227        LUT6 (Prop_G6LUT_SLICEM_I0_O)
                                                      0.052     4.524 r  u_baseline/lane_sum_c0__0_carry_i_9/O
                         net (fo=1, routed)           0.016     4.540    u_baseline/lane_sum_c0__0_carry_i_9_n_0
    SLICE_X90Y227        CARRY8 (Prop_CARRY8_SLICEM_S[6]_CO[7])
                                                      0.117     4.657 r  u_baseline/lane_sum_c0__0_carry/CO[7]
                         net (fo=1, routed)           0.026     4.683    u_baseline/lane_sum_c0__0_carry_n_0
    SLICE_X90Y228        CARRY8 (Prop_CARRY8_SLICEM_CI_O[6])
                                                      0.103     4.786 r  u_baseline/lane_sum_c0__0_carry__0/O[6]
                         net (fo=2, routed)           0.183     4.969    u_baseline/lane_sum_c0__0_carry__0_n_9
    SLICE_X88Y228        LUT5 (Prop_C6LUT_SLICEM_I0_O)
                                                      0.051     5.020 r  u_baseline/i___0_carry__0_i_1/O
                         net (fo=2, routed)           0.184     5.204    u_baseline/i___0_carry__0_i_1_n_0
    SLICE_X89Y227        LUT6 (Prop_H6LUT_SLICEL_I2_O)
                                                      0.051     5.255 r  u_baseline/i___0_carry__0_i_9/O
                         net (fo=1, routed)           0.010     5.265    u_baseline/i___0_carry__0_i_9_n_0
    SLICE_X89Y227        CARRY8 (Prop_CARRY8_SLICEL_S[7]_CO[7])
                                                      0.115     5.380 r  u_baseline/lane_sum_c0_inferred__0/i___0_carry__0/CO[7]
                         net (fo=1, routed)           0.026     5.406    u_baseline/lane_sum_c0_inferred__0/i___0_carry__0_n_0
    SLICE_X89Y228        CARRY8 (Prop_CARRY8_SLICEL_CI_O[0])
                                                      0.056     5.462 r  u_baseline/lane_sum_c0_inferred__0/i___0_carry__1/O[0]
                         net (fo=4, routed)           0.191     5.653    u_baseline/lane_sum_c0_inferred__0/i___0_carry__1_n_15
    SLICE_X89Y224        LUT4 (Prop_A5LUT_SLICEL_I1_O)
                                                      0.138     5.791 r  u_baseline/i___247_carry__1_i_7/O
                         net (fo=2, routed)           0.258     6.050    u_baseline/i___247_carry__1_i_7_n_0
    SLICE_X89Y224        LUT5 (Prop_B6LUT_SLICEL_I4_O)
                                                      0.090     6.140 r  u_baseline/i___247_carry__1_i_15/O
                         net (fo=1, routed)           0.009     6.149    u_baseline/i___247_carry__1_i_15_n_0
    SLICE_X89Y224        CARRY8 (Prop_CARRY8_SLICEL_S[1]_O[4])
                                                      0.200     6.349 r  u_baseline/lane_sum_c0_inferred__0/i___247_carry__1/O[4]
                         net (fo=3, routed)           0.207     6.555    u_baseline/lane_sum_c0_inferred__0/i___247_carry__1_n_11
    SLICE_X90Y224        LUT4 (Prop_F6LUT_SLICEM_I0_O)
                                                      0.098     6.653 r  u_baseline/i___341_carry__1_i_11/O
                         net (fo=1, routed)           0.022     6.675    u_baseline/i___341_carry__1_i_11_n_0
    SLICE_X90Y224        CARRY8 (Prop_CARRY8_SLICEM_S[5]_CO[7])
                                                      0.159     6.834 r  u_baseline/lane_sum_c0_inferred__0/i___341_carry__1/CO[7]
                         net (fo=1, routed)           0.026     6.860    u_baseline/lane_sum_c0_inferred__0/i___341_carry__1_n_0
    SLICE_X90Y225        CARRY8 (Prop_CARRY8_SLICEM_CI_O[3])
                                                      0.082     6.942 r  u_baseline/lane_sum_c0_inferred__0/i___341_carry__2/O[3]
                         net (fo=1, routed)           0.026     6.968    u_baseline/lane_sum_c0_inferred__0/i___341_carry__2_n_12
    SLICE_X90Y225        FDRE                                         r  u_baseline/lane_sum_q_reg[27]/D
  -------------------------------------------------------------------    -------------------

                         (clock clk rise edge)        5.500     5.500 r  
    P11                                               0.000     5.500 r  clk (IN)
                         net (fo=0)                   0.000     5.500    clk_IBUF_inst/I
    P11                  INBUF (Prop_INBUF_HPIOB_M_PAD_O)
                                                      0.298     5.798 r  clk_IBUF_inst/INBUF_INST/O
                         net (fo=1, routed)           0.000     5.798    clk_IBUF_inst/OUT
    P11                  IBUFCTRL (Prop_IBUFCTRL_HPIOB_M_I_O)
                                                      0.000     5.798 r  clk_IBUF_inst/IBUFCTRL_INST/O
                         net (fo=1, routed)           0.282     6.080    clk_IBUF
    BUFGCE_X0Y77         BUFGCE (Prop_BUFCE_BUFGCE_I_O)
                                                      0.024     6.104 r  clk_IBUF_BUFG_inst/O
    X3Y3 (CLOCK_ROOT)    net (fo=335, routed)         0.668     6.772    u_baseline/clk_IBUF_BUFG
    SLICE_X90Y225        FDRE                                         r  u_baseline/lane_sum_q_reg[27]/C
                         clock pessimism              0.312     7.084    
                         clock uncertainty           -0.035     7.048    
    SLICE_X90Y225        FDRE (Setup_DFF_SLICEM_C_D)
                                                      0.025     7.073    u_baseline/lane_sum_q_reg[27]
  -------------------------------------------------------------------
                         required time                          7.073    
                         arrival time                          -6.968    
  -------------------------------------------------------------------
                         slack                                  0.105    

Slack (MET) :             0.112ns  (required time - arrival time)
  Source:                 u_baseline/g_lane_mem[0].h1_mem_reg_bram_0/CLKARDCLK
                            (rising edge-triggered cell RAMB18E2 clocked by clk  {rise@0.000ns fall@2.750ns period=5.500ns})
  Destination:            u_baseline/lane_sum_q_reg[25]/D
                            (rising edge-triggered cell FDRE clocked by clk  {rise@0.000ns fall@2.750ns period=5.500ns})
  Path Group:             clk
  Path Type:              Setup (Max at Slow Process Corner)
  Requirement:            5.500ns  (clk rise@5.500ns - clk rise@0.000ns)
  Data Path Delay:        5.224ns  (logic 3.126ns (59.842%)  route 2.098ns (40.158%))
  Logic Levels:           18  (CARRY8=7 DSP_A_B_DATA=1 DSP_ALU=1 DSP_OUTPUT=1 LUT4=2 LUT5=4 LUT6=2)
  Clock Path Skew:        -0.154ns (DCD - SCD + CPR)
    Destination Clock Delay (DCD):    1.272ns = ( 6.772 - 5.500 ) 
    Source Clock Delay      (SCD):    1.737ns
    Clock Pessimism Removal (CPR):    0.312ns
  Clock Uncertainty:      0.035ns  ((TSJ^2 + TIJ^2)^1/2 + DJ) / 2 + PE
    Total System Jitter     (TSJ):    0.071ns
    Total Input Jitter      (TIJ):    0.000ns
    Discrete Jitter          (DJ):    0.000ns
    Phase Error              (PE):    0.000ns
  Clock Net Delay (Source):      0.842ns (routing 0.001ns, distribution 0.841ns)
  Clock Net Delay (Destination): 0.668ns (routing 0.001ns, distribution 0.667ns)

    Location             Delay type                Incr(ns)  Path(ns)    Netlist Resource(s)
  -------------------------------------------------------------------    -------------------
                         (clock clk rise edge)        0.000     0.000 r  
    P11                                               0.000     0.000 r  clk (IN)
                         net (fo=0)                   0.000     0.000    clk_IBUF_inst/I
    P11                  INBUF (Prop_INBUF_HPIOB_M_PAD_O)
                                                      0.548     0.548 r  clk_IBUF_inst/INBUF_INST/O
                         net (fo=1, routed)           0.000     0.548    clk_IBUF_inst/OUT
    P11                  IBUFCTRL (Prop_IBUFCTRL_HPIOB_M_I_O)
                                                      0.000     0.548 r  clk_IBUF_inst/IBUFCTRL_INST/O
                         net (fo=1, routed)           0.319     0.867    clk_IBUF
    BUFGCE_X0Y77         BUFGCE (Prop_BUFCE_BUFGCE_I_O)
                                                      0.028     0.895 r  clk_IBUF_BUFG_inst/O
    X3Y3 (CLOCK_ROOT)    net (fo=335, routed)         0.842     1.737    u_baseline/clk_IBUF_BUFG
    RAMB18_X12Y90        RAMB18E2                                     r  u_baseline/g_lane_mem[0].h1_mem_reg_bram_0/CLKARDCLK
  -------------------------------------------------------------------    -------------------
    RAMB18_X12Y90        RAMB18E2 (Prop_RAMB18E2_L_RAMB180_CLKARDCLK_DOUTADOUT[3])
                                                      0.915     2.652 f  u_baseline/g_lane_mem[0].h1_mem_reg_bram_0/DOUTADOUT[3]
                         net (fo=1, routed)           0.407     3.059    u_baseline/lane_sum_c0/B[3]
    DSP48E2_X17Y90       DSP_A_B_DATA (Prop_DSP_A_B_DATA_DSP48E2_B[3]_B_ALU[3])
                                                      0.165     3.224 r  u_baseline/lane_sum_c0/DSP_A_B_DATA_INST/B_ALU[3]
                         net (fo=1, routed)           0.000     3.224    u_baseline/lane_sum_c0/DSP_A_B_DATA.B_ALU<3>
    DSP48E2_X17Y90       DSP_ALU (Prop_DSP_ALU_DSP48E2_B_ALU[3]_ALU_OUT[5])
                                                      0.541     3.765 f  u_baseline/lane_sum_c0/DSP_ALU_INST/ALU_OUT[5]
                         net (fo=1, routed)           0.000     3.765    u_baseline/lane_sum_c0/DSP_ALU.ALU_OUT<5>
    DSP48E2_X17Y90       DSP_OUTPUT (Prop_DSP_OUTPUT_DSP48E2_ALU_OUT[5]_P[5])
                                                      0.109     3.874 r  u_baseline/lane_sum_c0/DSP_OUTPUT_INST/P[5]
                         net (fo=1, routed)           0.212     4.086    u_baseline/lane_sum_c0_n_100
    SLICE_X91Y225        LUT5 (Prop_A6LUT_SLICEM_I0_O)
                                                      0.053     4.139 r  u_baseline/lane_sum_c0__0_carry_i_18/O
                         net (fo=2, routed)           0.142     4.281    u_baseline/lane_sum_c__31[5]
    SLICE_X91Y228        LUT5 (Prop_D6LUT_SLICEM_I0_O)
                                                      0.037     4.318 r  u_baseline/lane_sum_c0__0_carry_i_2/O
                         net (fo=2, routed)           0.153     4.472    u_baseline/lane_sum_c0__0_carry_i_2_n_0
    SLICE_X90Y227        LUT6 (Prop_G6LUT_SLICEM_I0_O)
                                                      0.052     4.524 r  u_baseline/lane_sum_c0__0_carry_i_9/O
                         net (fo=1, routed)           0.016     4.540    u_baseline/lane_sum_c0__0_carry_i_9_n_0
    SLICE_X90Y227        CARRY8 (Prop_CARRY8_SLICEM_S[6]_CO[7])
                                                      0.117     4.657 r  u_baseline/lane_sum_c0__0_carry/CO[7]
                         net (fo=1, routed)           0.026     4.683    u_baseline/lane_sum_c0__0_carry_n_0
    SLICE_X90Y228        CARRY8 (Prop_CARRY8_SLICEM_CI_O[6])
                                                      0.103     4.786 r  u_baseline/lane_sum_c0__0_carry__0/O[6]
                         net (fo=2, routed)           0.183     4.969    u_baseline/lane_sum_c0__0_carry__0_n_9
    SLICE_X88Y228        LUT5 (Prop_C6LUT_SLICEM_I0_O)
                                                      0.051     5.020 r  u_baseline/i___0_carry__0_i_1/O
                         net (fo=2, routed)           0.184     5.204    u_baseline/i___0_carry__0_i_1_n_0
    SLICE_X89Y227        LUT6 (Prop_H6LUT_SLICEL_I2_O)
                                                      0.051     5.255 r  u_baseline/i___0_carry__0_i_9/O
                         net (fo=1, routed)           0.010     5.265    u_baseline/i___0_carry__0_i_9_n_0
    SLICE_X89Y227        CARRY8 (Prop_CARRY8_SLICEL_S[7]_CO[7])
                                                      0.115     5.380 r  u_baseline/lane_sum_c0_inferred__0/i___0_carry__0/CO[7]
                         net (fo=1, routed)           0.026     5.406    u_baseline/lane_sum_c0_inferred__0/i___0_carry__0_n_0
    SLICE_X89Y228        CARRY8 (Prop_CARRY8_SLICEL_CI_O[0])
                                                      0.056     5.462 r  u_baseline/lane_sum_c0_inferred__0/i___0_carry__1/O[0]
                         net (fo=4, routed)           0.191     5.653    u_baseline/lane_sum_c0_inferred__0/i___0_carry__1_n_15
    SLICE_X89Y224        LUT4 (Prop_A5LUT_SLICEL_I1_O)
                                                      0.138     5.791 r  u_baseline/i___247_carry__1_i_7/O
                         net (fo=2, routed)           0.258     6.050    u_baseline/i___247_carry__1_i_7_n_0
    SLICE_X89Y224        LUT5 (Prop_B6LUT_SLICEL_I4_O)
                                                      0.090     6.140 r  u_baseline/i___247_carry__1_i_15/O
                         net (fo=1, routed)           0.009     6.149    u_baseline/i___247_carry__1_i_15_n_0
    SLICE_X89Y224        CARRY8 (Prop_CARRY8_SLICEL_S[1]_O[4])
                                                      0.200     6.349 r  u_baseline/lane_sum_c0_inferred__0/i___247_carry__1/O[4]
                         net (fo=3, routed)           0.207     6.555    u_baseline/lane_sum_c0_inferred__0/i___247_carry__1_n_11
    SLICE_X90Y224        LUT4 (Prop_F6LUT_SLICEM_I0_O)
                                                      0.098     6.653 r  u_baseline/i___341_carry__1_i_11/O
                         net (fo=1, routed)           0.022     6.675    u_baseline/i___341_carry__1_i_11_n_0
    SLICE_X90Y224        CARRY8 (Prop_CARRY8_SLICEM_S[5]_CO[7])
                                                      0.159     6.834 r  u_baseline/lane_sum_c0_inferred__0/i___341_carry__1/CO[7]
                         net (fo=1, routed)           0.026     6.860    u_baseline/lane_sum_c0_inferred__0/i___341_carry__1_n_0
    SLICE_X90Y225        CARRY8 (Prop_CARRY8_SLICEM_CI_O[1])
                                                      0.076     6.936 r  u_baseline/lane_sum_c0_inferred__0/i___341_carry__2/O[1]
                         net (fo=1, routed)           0.025     6.961    u_baseline/lane_sum_c0_inferred__0/i___341_carry__2_n_14
    SLICE_X90Y225        FDRE                                         r  u_baseline/lane_sum_q_reg[25]/D
  -------------------------------------------------------------------    -------------------

                         (clock clk rise edge)        5.500     5.500 r  
    P11                                               0.000     5.500 r  clk (IN)
                         net (fo=0)                   0.000     5.500    clk_IBUF_inst/I
    P11                  INBUF (Prop_INBUF_HPIOB_M_PAD_O)
                                                      0.298     5.798 r  clk_IBUF_inst/INBUF_INST/O
                         net (fo=1, routed)           0.000     5.798    clk_IBUF_inst/OUT
    P11                  IBUFCTRL (Prop_IBUFCTRL_HPIOB_M_I_O)
                                                      0.000     5.798 r  clk_IBUF_inst/IBUFCTRL_INST/O
                         net (fo=1, routed)           0.282     6.080    clk_IBUF
    BUFGCE_X0Y77         BUFGCE (Prop_BUFCE_BUFGCE_I_O)
                                                      0.024     6.104 r  clk_IBUF_BUFG_inst/O
    X3Y3 (CLOCK_ROOT)    net (fo=335, routed)         0.668     6.772    u_baseline/clk_IBUF_BUFG
    SLICE_X90Y225        FDRE                                         r  u_baseline/lane_sum_q_reg[25]/C
                         clock pessimism              0.312     7.084    
                         clock uncertainty           -0.035     7.048    
    SLICE_X90Y225        FDRE (Setup_BFF_SLICEM_C_D)
                                                      0.025     7.073    u_baseline/lane_sum_q_reg[25]
  -------------------------------------------------------------------
                         required time                          7.073    
                         arrival time                          -6.961    
  -------------------------------------------------------------------
                         slack                                  0.112    

Slack (MET) :             0.120ns  (required time - arrival time)
  Source:                 u_baseline/g_lane_mem[0].h1_mem_reg_bram_0/CLKARDCLK
                            (rising edge-triggered cell RAMB18E2 clocked by clk  {rise@0.000ns fall@2.750ns period=5.500ns})
  Destination:            u_baseline/lane_sum_q_reg[26]/D
                            (rising edge-triggered cell FDRE clocked by clk  {rise@0.000ns fall@2.750ns period=5.500ns})
  Path Group:             clk
  Path Type:              Setup (Max at Slow Process Corner)
  Requirement:            5.500ns  (clk rise@5.500ns - clk rise@0.000ns)
  Data Path Delay:        5.216ns  (logic 3.117ns (59.761%)  route 2.099ns (40.239%))
  Logic Levels:           18  (CARRY8=7 DSP_A_B_DATA=1 DSP_ALU=1 DSP_OUTPUT=1 LUT4=2 LUT5=4 LUT6=2)
  Clock Path Skew:        -0.154ns (DCD - SCD + CPR)
    Destination Clock Delay (DCD):    1.272ns = ( 6.772 - 5.500 ) 
    Source Clock Delay      (SCD):    1.737ns
    Clock Pessimism Removal (CPR):    0.312ns
  Clock Uncertainty:      0.035ns  ((TSJ^2 + TIJ^2)^1/2 + DJ) / 2 + PE
    Total System Jitter     (TSJ):    0.071ns
    Total Input Jitter      (TIJ):    0.000ns
    Discrete Jitter          (DJ):    0.000ns
    Phase Error              (PE):    0.000ns
  Clock Net Delay (Source):      0.842ns (routing 0.001ns, distribution 0.841ns)
  Clock Net Delay (Destination): 0.668ns (routing 0.001ns, distribution 0.667ns)

    Location             Delay type                Incr(ns)  Path(ns)    Netlist Resource(s)
  -------------------------------------------------------------------    -------------------
                         (clock clk rise edge)        0.000     0.000 r  
    P11                                               0.000     0.000 r  clk (IN)
                         net (fo=0)                   0.000     0.000    clk_IBUF_inst/I
    P11                  INBUF (Prop_INBUF_HPIOB_M_PAD_O)
                                                      0.548     0.548 r  clk_IBUF_inst/INBUF_INST/O
                         net (fo=1, routed)           0.000     0.548    clk_IBUF_inst/OUT
    P11                  IBUFCTRL (Prop_IBUFCTRL_HPIOB_M_I_O)
                                                      0.000     0.548 r  clk_IBUF_inst/IBUFCTRL_INST/O
                         net (fo=1, routed)           0.319     0.867    clk_IBUF
    BUFGCE_X0Y77         BUFGCE (Prop_BUFCE_BUFGCE_I_O)
                                                      0.028     0.895 r  clk_IBUF_BUFG_inst/O
    X3Y3 (CLOCK_ROOT)    net (fo=335, routed)         0.842     1.737    u_baseline/clk_IBUF_BUFG
    RAMB18_X12Y90        RAMB18E2                                     r  u_baseline/g_lane_mem[0].h1_mem_reg_bram_0/CLKARDCLK
  -------------------------------------------------------------------    -------------------
    RAMB18_X12Y90        RAMB18E2 (Prop_RAMB18E2_L_RAMB180_CLKARDCLK_DOUTADOUT[3])
                                                      0.915     2.652 f  u_baseline/g_lane_mem[0].h1_mem_reg_bram_0/DOUTADOUT[3]
                         net (fo=1, routed)           0.407     3.059    u_baseline/lane_sum_c0/B[3]
    DSP48E2_X17Y90       DSP_A_B_DATA (Prop_DSP_A_B_DATA_DSP48E2_B[3]_B_ALU[3])
                                                      0.165     3.224 r  u_baseline/lane_sum_c0/DSP_A_B_DATA_INST/B_ALU[3]
                         net (fo=1, routed)           0.000     3.224    u_baseline/lane_sum_c0/DSP_A_B_DATA.B_ALU<3>
    DSP48E2_X17Y90       DSP_ALU (Prop_DSP_ALU_DSP48E2_B_ALU[3]_ALU_OUT[5])
                                                      0.541     3.765 f  u_baseline/lane_sum_c0/DSP_ALU_INST/ALU_OUT[5]
                         net (fo=1, routed)           0.000     3.765    u_baseline/lane_sum_c0/DSP_ALU.ALU_OUT<5>
    DSP48E2_X17Y90       DSP_OUTPUT (Prop_DSP_OUTPUT_DSP48E2_ALU_OUT[5]_P[5])
                                                      0.109     3.874 r  u_baseline/lane_sum_c0/DSP_OUTPUT_INST/P[5]
                         net (fo=1, routed)           0.212     4.086    u_baseline/lane_sum_c0_n_100
    SLICE_X91Y225        LUT5 (Prop_A6LUT_SLICEM_I0_O)
                                                      0.053     4.139 r  u_baseline/lane_sum_c0__0_carry_i_18/O
                         net (fo=2, routed)           0.142     4.281    u_baseline/lane_sum_c__31[5]
    SLICE_X91Y228        LUT5 (Prop_D6LUT_SLICEM_I0_O)
                                                      0.037     4.318 r  u_baseline/lane_sum_c0__0_carry_i_2/O
                         net (fo=2, routed)           0.153     4.472    u_baseline/lane_sum_c0__0_carry_i_2_n_0
    SLICE_X90Y227        LUT6 (Prop_G6LUT_SLICEM_I0_O)
                                                      0.052     4.524 r  u_baseline/lane_sum_c0__0_carry_i_9/O
                         net (fo=1, routed)           0.016     4.540    u_baseline/lane_sum_c0__0_carry_i_9_n_0
    SLICE_X90Y227        CARRY8 (Prop_CARRY8_SLICEM_S[6]_CO[7])
                                                      0.117     4.657 r  u_baseline/lane_sum_c0__0_carry/CO[7]
                         net (fo=1, routed)           0.026     4.683    u_baseline/lane_sum_c0__0_carry_n_0
    SLICE_X90Y228        CARRY8 (Prop_CARRY8_SLICEM_CI_O[6])
                                                      0.103     4.786 r  u_baseline/lane_sum_c0__0_carry__0/O[6]
                         net (fo=2, routed)           0.183     4.969    u_baseline/lane_sum_c0__0_carry__0_n_9
    SLICE_X88Y228        LUT5 (Prop_C6LUT_SLICEM_I0_O)
                                                      0.051     5.020 r  u_baseline/i___0_carry__0_i_1/O
                         net (fo=2, routed)           0.184     5.204    u_baseline/i___0_carry__0_i_1_n_0
    SLICE_X89Y227        LUT6 (Prop_H6LUT_SLICEL_I2_O)
                                                      0.051     5.255 r  u_baseline/i___0_carry__0_i_9/O
                         net (fo=1, routed)           0.010     5.265    u_baseline/i___0_carry__0_i_9_n_0
    SLICE_X89Y227        CARRY8 (Prop_CARRY8_SLICEL_S[7]_CO[7])
                                                      0.115     5.380 r  u_baseline/lane_sum_c0_inferred__0/i___0_carry__0/CO[7]
                         net (fo=1, routed)           0.026     5.406    u_baseline/lane_sum_c0_inferred__0/i___0_carry__0_n_0
    SLICE_X89Y228        CARRY8 (Prop_CARRY8_SLICEL_CI_O[0])
                                                      0.056     5.462 r  u_baseline/lane_sum_c0_inferred__0/i___0_carry__1/O[0]
                         net (fo=4, routed)           0.191     5.653    u_baseline/lane_sum_c0_inferred__0/i___0_carry__1_n_15
    SLICE_X89Y224        LUT4 (Prop_A5LUT_SLICEL_I1_O)
                                                      0.138     5.791 r  u_baseline/i___247_carry__1_i_7/O
                         net (fo=2, routed)           0.258     6.050    u_baseline/i___247_carry__1_i_7_n_0
    SLICE_X89Y224        LUT5 (Prop_B6LUT_SLICEL_I4_O)
                                                      0.090     6.140 r  u_baseline/i___247_carry__1_i_15/O
                         net (fo=1, routed)           0.009     6.149    u_baseline/i___247_carry__1_i_15_n_0
    SLICE_X89Y224        CARRY8 (Prop_CARRY8_SLICEL_S[1]_O[4])
                                                      0.200     6.349 r  u_baseline/lane_sum_c0_inferred__0/i___247_carry__1/O[4]
                         net (fo=3, routed)           0.207     6.555    u_baseline/lane_sum_c0_inferred__0/i___247_carry__1_n_11
    SLICE_X90Y224        LUT4 (Prop_F6LUT_SLICEM_I0_O)
                                                      0.098     6.653 r  u_baseline/i___341_carry__1_i_11/O
                         net (fo=1, routed)           0.022     6.675    u_baseline/i___341_carry__1_i_11_n_0
    SLICE_X90Y224        CARRY8 (Prop_CARRY8_SLICEM_S[5]_CO[7])
                                                      0.159     6.834 r  u_baseline/lane_sum_c0_inferred__0/i___341_carry__1/CO[7]
                         net (fo=1, routed)           0.026     6.860    u_baseline/lane_sum_c0_inferred__0/i___341_carry__1_n_0
    SLICE_X90Y225        CARRY8 (Prop_CARRY8_SLICEM_CI_O[2])
                                                      0.067     6.927 r  u_baseline/lane_sum_c0_inferred__0/i___341_carry__2/O[2]
                         net (fo=1, routed)           0.026     6.953    u_baseline/lane_sum_c0_inferred__0/i___341_carry__2_n_13
    SLICE_X90Y225        FDRE                                         r  u_baseline/lane_sum_q_reg[26]/D
  -------------------------------------------------------------------    -------------------

                         (clock clk rise edge)        5.500     5.500 r  
    P11                                               0.000     5.500 r  clk (IN)
                         net (fo=0)                   0.000     5.500    clk_IBUF_inst/I
    P11                  INBUF (Prop_INBUF_HPIOB_M_PAD_O)
                                                      0.298     5.798 r  clk_IBUF_inst/INBUF_INST/O
                         net (fo=1, routed)           0.000     5.798    clk_IBUF_inst/OUT
    P11                  IBUFCTRL (Prop_IBUFCTRL_HPIOB_M_I_O)
                                                      0.000     5.798 r  clk_IBUF_inst/IBUFCTRL_INST/O
                         net (fo=1, routed)           0.282     6.080    clk_IBUF
    BUFGCE_X0Y77         BUFGCE (Prop_BUFCE_BUFGCE_I_O)
                                                      0.024     6.104 r  clk_IBUF_BUFG_inst/O
    X3Y3 (CLOCK_ROOT)    net (fo=335, routed)         0.668     6.772    u_baseline/clk_IBUF_BUFG
    SLICE_X90Y225        FDRE                                         r  u_baseline/lane_sum_q_reg[26]/C
                         clock pessimism              0.312     7.084    
                         clock uncertainty           -0.035     7.048    
    SLICE_X90Y225        FDRE (Setup_CFF_SLICEM_C_D)
                                                      0.025     7.073    u_baseline/lane_sum_q_reg[26]
  -------------------------------------------------------------------
                         required time                          7.073    
                         arrival time                          -6.953    
  -------------------------------------------------------------------
                         slack                                  0.120    

Slack (MET) :             0.132ns  (required time - arrival time)
  Source:                 u_baseline/g_lane_mem[0].h1_mem_reg_bram_0/CLKARDCLK
                            (rising edge-triggered cell RAMB18E2 clocked by clk  {rise@0.000ns fall@2.750ns period=5.500ns})
  Destination:            u_baseline/lane_sum_q_reg[24]/D
                            (rising edge-triggered cell FDRE clocked by clk  {rise@0.000ns fall@2.750ns period=5.500ns})
  Path Group:             clk
  Path Type:              Setup (Max at Slow Process Corner)
  Requirement:            5.500ns  (clk rise@5.500ns - clk rise@0.000ns)
  Data Path Delay:        5.204ns  (logic 3.106ns (59.688%)  route 2.098ns (40.312%))
  Logic Levels:           18  (CARRY8=7 DSP_A_B_DATA=1 DSP_ALU=1 DSP_OUTPUT=1 LUT4=2 LUT5=4 LUT6=2)
  Clock Path Skew:        -0.154ns (DCD - SCD + CPR)
    Destination Clock Delay (DCD):    1.272ns = ( 6.772 - 5.500 ) 
    Source Clock Delay      (SCD):    1.737ns
    Clock Pessimism Removal (CPR):    0.312ns
  Clock Uncertainty:      0.035ns  ((TSJ^2 + TIJ^2)^1/2 + DJ) / 2 + PE
    Total System Jitter     (TSJ):    0.071ns
    Total Input Jitter      (TIJ):    0.000ns
    Discrete Jitter          (DJ):    0.000ns
    Phase Error              (PE):    0.000ns
  Clock Net Delay (Source):      0.842ns (routing 0.001ns, distribution 0.841ns)
  Clock Net Delay (Destination): 0.668ns (routing 0.001ns, distribution 0.667ns)

    Location             Delay type                Incr(ns)  Path(ns)    Netlist Resource(s)
  -------------------------------------------------------------------    -------------------
                         (clock clk rise edge)        0.000     0.000 r  
    P11                                               0.000     0.000 r  clk (IN)
                         net (fo=0)                   0.000     0.000    clk_IBUF_inst/I
    P11                  INBUF (Prop_INBUF_HPIOB_M_PAD_O)
                                                      0.548     0.548 r  clk_IBUF_inst/INBUF_INST/O
                         net (fo=1, routed)           0.000     0.548    clk_IBUF_inst/OUT
    P11                  IBUFCTRL (Prop_IBUFCTRL_HPIOB_M_I_O)
                                                      0.000     0.548 r  clk_IBUF_inst/IBUFCTRL_INST/O
                         net (fo=1, routed)           0.319     0.867    clk_IBUF
    BUFGCE_X0Y77         BUFGCE (Prop_BUFCE_BUFGCE_I_O)
                                                      0.028     0.895 r  clk_IBUF_BUFG_inst/O
    X3Y3 (CLOCK_ROOT)    net (fo=335, routed)         0.842     1.737    u_baseline/clk_IBUF_BUFG
    RAMB18_X12Y90        RAMB18E2                                     r  u_baseline/g_lane_mem[0].h1_mem_reg_bram_0/CLKARDCLK
  -------------------------------------------------------------------    -------------------
    RAMB18_X12Y90        RAMB18E2 (Prop_RAMB18E2_L_RAMB180_CLKARDCLK_DOUTADOUT[3])
                                                      0.915     2.652 f  u_baseline/g_lane_mem[0].h1_mem_reg_bram_0/DOUTADOUT[3]
                         net (fo=1, routed)           0.407     3.059    u_baseline/lane_sum_c0/B[3]
    DSP48E2_X17Y90       DSP_A_B_DATA (Prop_DSP_A_B_DATA_DSP48E2_B[3]_B_ALU[3])
                                                      0.165     3.224 r  u_baseline/lane_sum_c0/DSP_A_B_DATA_INST/B_ALU[3]
                         net (fo=1, routed)           0.000     3.224    u_baseline/lane_sum_c0/DSP_A_B_DATA.B_ALU<3>
    DSP48E2_X17Y90       DSP_ALU (Prop_DSP_ALU_DSP48E2_B_ALU[3]_ALU_OUT[5])
                                                      0.541     3.765 f  u_baseline/lane_sum_c0/DSP_ALU_INST/ALU_OUT[5]
                         net (fo=1, routed)           0.000     3.765    u_baseline/lane_sum_c0/DSP_ALU.ALU_OUT<5>
    DSP48E2_X17Y90       DSP_OUTPUT (Prop_DSP_OUTPUT_DSP48E2_ALU_OUT[5]_P[5])
                                                      0.109     3.874 r  u_baseline/lane_sum_c0/DSP_OUTPUT_INST/P[5]
                         net (fo=1, routed)           0.212     4.086    u_baseline/lane_sum_c0_n_100
    SLICE_X91Y225        LUT5 (Prop_A6LUT_SLICEM_I0_O)
                                                      0.053     4.139 r  u_baseline/lane_sum_c0__0_carry_i_18/O
                         net (fo=2, routed)           0.142     4.281    u_baseline/lane_sum_c__31[5]
    SLICE_X91Y228        LUT5 (Prop_D6LUT_SLICEM_I0_O)
                                                      0.037     4.318 r  u_baseline/lane_sum_c0__0_carry_i_2/O
                         net (fo=2, routed)           0.153     4.472    u_baseline/lane_sum_c0__0_carry_i_2_n_0
    SLICE_X90Y227        LUT6 (Prop_G6LUT_SLICEM_I0_O)
                                                      0.052     4.524 r  u_baseline/lane_sum_c0__0_carry_i_9/O
                         net (fo=1, routed)           0.016     4.540    u_baseline/lane_sum_c0__0_carry_i_9_n_0
    SLICE_X90Y227        CARRY8 (Prop_CARRY8_SLICEM_S[6]_CO[7])
                                                      0.117     4.657 r  u_baseline/lane_sum_c0__0_carry/CO[7]
                         net (fo=1, routed)           0.026     4.683    u_baseline/lane_sum_c0__0_carry_n_0
    SLICE_X90Y228        CARRY8 (Prop_CARRY8_SLICEM_CI_O[6])
                                                      0.103     4.786 r  u_baseline/lane_sum_c0__0_carry__0/O[6]
                         net (fo=2, routed)           0.183     4.969    u_baseline/lane_sum_c0__0_carry__0_n_9
    SLICE_X88Y228        LUT5 (Prop_C6LUT_SLICEM_I0_O)
                                                      0.051     5.020 r  u_baseline/i___0_carry__0_i_1/O
                         net (fo=2, routed)           0.184     5.204    u_baseline/i___0_carry__0_i_1_n_0
    SLICE_X89Y227        LUT6 (Prop_H6LUT_SLICEL_I2_O)
                                                      0.051     5.255 r  u_baseline/i___0_carry__0_i_9/O
                         net (fo=1, routed)           0.010     5.265    u_baseline/i___0_carry__0_i_9_n_0
    SLICE_X89Y227        CARRY8 (Prop_CARRY8_SLICEL_S[7]_CO[7])
                                                      0.115     5.380 r  u_baseline/lane_sum_c0_inferred__0/i___0_carry__0/CO[7]
                         net (fo=1, routed)           0.026     5.406    u_baseline/lane_sum_c0_inferred__0/i___0_carry__0_n_0
    SLICE_X89Y228        CARRY8 (Prop_CARRY8_SLICEL_CI_O[0])
                                                      0.056     5.462 r  u_baseline/lane_sum_c0_inferred__0/i___0_carry__1/O[0]
                         net (fo=4, routed)           0.191     5.653    u_baseline/lane_sum_c0_inferred__0/i___0_carry__1_n_15
    SLICE_X89Y224        LUT4 (Prop_A5LUT_SLICEL_I1_O)
                                                      0.138     5.791 r  u_baseline/i___247_carry__1_i_7/O
                         net (fo=2, routed)           0.258     6.050    u_baseline/i___247_carry__1_i_7_n_0
    SLICE_X89Y224        LUT5 (Prop_B6LUT_SLICEL_I4_O)
                                                      0.090     6.140 r  u_baseline/i___247_carry__1_i_15/O
                         net (fo=1, routed)           0.009     6.149    u_baseline/i___247_carry__1_i_15_n_0
    SLICE_X89Y224        CARRY8 (Prop_CARRY8_SLICEL_S[1]_O[4])
                                                      0.200     6.349 r  u_baseline/lane_sum_c0_inferred__0/i___247_carry__1/O[4]
                         net (fo=3, routed)           0.207     6.555    u_baseline/lane_sum_c0_inferred__0/i___247_carry__1_n_11
    SLICE_X90Y224        LUT4 (Prop_F6LUT_SLICEM_I0_O)
                                                      0.098     6.653 r  u_baseline/i___341_carry__1_i_11/O
                         net (fo=1, routed)           0.022     6.675    u_baseline/i___341_carry__1_i_11_n_0
    SLICE_X90Y224        CARRY8 (Prop_CARRY8_SLICEM_S[5]_CO[7])
                                                      0.159     6.834 r  u_baseline/lane_sum_c0_inferred__0/i___341_carry__1/CO[7]
                         net (fo=1, routed)           0.026     6.860    u_baseline/lane_sum_c0_inferred__0/i___341_carry__1_n_0
    SLICE_X90Y225        CARRY8 (Prop_CARRY8_SLICEM_CI_O[0])
                                                      0.056     6.916 r  u_baseline/lane_sum_c0_inferred__0/i___341_carry__2/O[0]
                         net (fo=1, routed)           0.025     6.941    u_baseline/lane_sum_c0_inferred__0/i___341_carry__2_n_15
    SLICE_X90Y225        FDRE                                         r  u_baseline/lane_sum_q_reg[24]/D
  -------------------------------------------------------------------    -------------------

                         (clock clk rise edge)        5.500     5.500 r  
    P11                                               0.000     5.500 r  clk (IN)
                         net (fo=0)                   0.000     5.500    clk_IBUF_inst/I
    P11                  INBUF (Prop_INBUF_HPIOB_M_PAD_O)
                                                      0.298     5.798 r  clk_IBUF_inst/INBUF_INST/O
                         net (fo=1, routed)           0.000     5.798    clk_IBUF_inst/OUT
    P11                  IBUFCTRL (Prop_IBUFCTRL_HPIOB_M_I_O)
                                                      0.000     5.798 r  clk_IBUF_inst/IBUFCTRL_INST/O
                         net (fo=1, routed)           0.282     6.080    clk_IBUF
    BUFGCE_X0Y77         BUFGCE (Prop_BUFCE_BUFGCE_I_O)
                                                      0.024     6.104 r  clk_IBUF_BUFG_inst/O
    X3Y3 (CLOCK_ROOT)    net (fo=335, routed)         0.668     6.772    u_baseline/clk_IBUF_BUFG
    SLICE_X90Y225        FDRE                                         r  u_baseline/lane_sum_q_reg[24]/C
                         clock pessimism              0.312     7.084    
                         clock uncertainty           -0.035     7.048    
    SLICE_X90Y225        FDRE (Setup_AFF_SLICEM_C_D)
                                                      0.025     7.073    u_baseline/lane_sum_q_reg[24]
  -------------------------------------------------------------------
                         required time                          7.073    
                         arrival time                          -6.941    
  -------------------------------------------------------------------
                         slack                                  0.132    

Slack (MET) :             0.232ns  (required time - arrival time)
  Source:                 u_baseline/g_lane_mem[0].h1_mem_reg_bram_0/CLKARDCLK
                            (rising edge-triggered cell RAMB18E2 clocked by clk  {rise@0.000ns fall@2.750ns period=5.500ns})
  Destination:            u_baseline/lane_sum_q_reg[23]/D
                            (rising edge-triggered cell FDRE clocked by clk  {rise@0.000ns fall@2.750ns period=5.500ns})
  Path Group:             clk
  Path Type:              Setup (Max at Slow Process Corner)
  Requirement:            5.500ns  (clk rise@5.500ns - clk rise@0.000ns)
  Data Path Delay:        5.102ns  (logic 2.982ns (58.443%)  route 2.120ns (41.557%))
  Logic Levels:           17  (CARRY8=6 DSP_A_B_DATA=1 DSP_ALU=1 DSP_OUTPUT=1 LUT4=2 LUT5=4 LUT6=2)
  Clock Path Skew:        -0.156ns (DCD - SCD + CPR)
    Destination Clock Delay (DCD):    1.270ns = ( 6.770 - 5.500 ) 
    Source Clock Delay      (SCD):    1.737ns
    Clock Pessimism Removal (CPR):    0.312ns
  Clock Uncertainty:      0.035ns  ((TSJ^2 + TIJ^2)^1/2 + DJ) / 2 + PE
    Total System Jitter     (TSJ):    0.071ns
    Total Input Jitter      (TIJ):    0.000ns
    Discrete Jitter          (DJ):    0.000ns
    Phase Error              (PE):    0.000ns
  Clock Net Delay (Source):      0.842ns (routing 0.001ns, distribution 0.841ns)
  Clock Net Delay (Destination): 0.666ns (routing 0.001ns, distribution 0.665ns)

    Location             Delay type                Incr(ns)  Path(ns)    Netlist Resource(s)
  -------------------------------------------------------------------    -------------------
                         (clock clk rise edge)        0.000     0.000 r  
    P11                                               0.000     0.000 r  clk (IN)
                         net (fo=0)                   0.000     0.000    clk_IBUF_inst/I
    P11                  INBUF (Prop_INBUF_HPIOB_M_PAD_O)
                                                      0.548     0.548 r  clk_IBUF_inst/INBUF_INST/O
                         net (fo=1, routed)           0.000     0.548    clk_IBUF_inst/OUT
    P11                  IBUFCTRL (Prop_IBUFCTRL_HPIOB_M_I_O)
                                                      0.000     0.548 r  clk_IBUF_inst/IBUFCTRL_INST/O
                         net (fo=1, routed)           0.319     0.867    clk_IBUF
    BUFGCE_X0Y77         BUFGCE (Prop_BUFCE_BUFGCE_I_O)
                                                      0.028     0.895 r  clk_IBUF_BUFG_inst/O
    X3Y3 (CLOCK_ROOT)    net (fo=335, routed)         0.842     1.737    u_baseline/clk_IBUF_BUFG
    RAMB18_X12Y90        RAMB18E2                                     r  u_baseline/g_lane_mem[0].h1_mem_reg_bram_0/CLKARDCLK
  -------------------------------------------------------------------    -------------------
    RAMB18_X12Y90        RAMB18E2 (Prop_RAMB18E2_L_RAMB180_CLKARDCLK_DOUTADOUT[3])
                                                      0.915     2.652 f  u_baseline/g_lane_mem[0].h1_mem_reg_bram_0/DOUTADOUT[3]
                         net (fo=1, routed)           0.407     3.059    u_baseline/lane_sum_c0/B[3]
    DSP48E2_X17Y90       DSP_A_B_DATA (Prop_DSP_A_B_DATA_DSP48E2_B[3]_B_ALU[3])
                                                      0.165     3.224 r  u_baseline/lane_sum_c0/DSP_A_B_DATA_INST/B_ALU[3]
                         net (fo=1, routed)           0.000     3.224    u_baseline/lane_sum_c0/DSP_A_B_DATA.B_ALU<3>
    DSP48E2_X17Y90       DSP_ALU (Prop_DSP_ALU_DSP48E2_B_ALU[3]_ALU_OUT[5])
                                                      0.541     3.765 f  u_baseline/lane_sum_c0/DSP_ALU_INST/ALU_OUT[5]
                         net (fo=1, routed)           0.000     3.765    u_baseline/lane_sum_c0/DSP_ALU.ALU_OUT<5>
    DSP48E2_X17Y90       DSP_OUTPUT (Prop_DSP_OUTPUT_DSP48E2_ALU_OUT[5]_P[5])
                                                      0.109     3.874 r  u_baseline/lane_sum_c0/DSP_OUTPUT_INST/P[5]
                         net (fo=1, routed)           0.212     4.086    u_baseline/lane_sum_c0_n_100
    SLICE_X91Y225        LUT5 (Prop_A6LUT_SLICEM_I0_O)
                                                      0.053     4.139 r  u_baseline/lane_sum_c0__0_carry_i_18/O
                         net (fo=2, routed)           0.142     4.281    u_baseline/lane_sum_c__31[5]
    SLICE_X91Y228        LUT5 (Prop_D6LUT_SLICEM_I0_O)
                                                      0.037     4.318 r  u_baseline/lane_sum_c0__0_carry_i_2/O
                         net (fo=2, routed)           0.153     4.472    u_baseline/lane_sum_c0__0_carry_i_2_n_0
    SLICE_X90Y227        LUT6 (Prop_G6LUT_SLICEM_I0_O)
                                                      0.052     4.524 r  u_baseline/lane_sum_c0__0_carry_i_9/O
                         net (fo=1, routed)           0.016     4.540    u_baseline/lane_sum_c0__0_carry_i_9_n_0
    SLICE_X90Y227        CARRY8 (Prop_CARRY8_SLICEM_S[6]_CO[7])
                                                      0.117     4.657 r  u_baseline/lane_sum_c0__0_carry/CO[7]
                         net (fo=1, routed)           0.026     4.683    u_baseline/lane_sum_c0__0_carry_n_0
    SLICE_X90Y228        CARRY8 (Prop_CARRY8_SLICEM_CI_O[6])
                                                      0.103     4.786 r  u_baseline/lane_sum_c0__0_carry__0/O[6]
                         net (fo=2, routed)           0.183     4.969    u_baseline/lane_sum_c0__0_carry__0_n_9
    SLICE_X88Y228        LUT5 (Prop_C6LUT_SLICEM_I0_O)
                                                      0.051     5.020 r  u_baseline/i___0_carry__0_i_1/O
                         net (fo=2, routed)           0.184     5.204    u_baseline/i___0_carry__0_i_1_n_0
    SLICE_X89Y227        LUT6 (Prop_H6LUT_SLICEL_I2_O)
                                                      0.051     5.255 r  u_baseline/i___0_carry__0_i_9/O
                         net (fo=1, routed)           0.010     5.265    u_baseline/i___0_carry__0_i_9_n_0
    SLICE_X89Y227        CARRY8 (Prop_CARRY8_SLICEL_S[7]_CO[7])
                                                      0.115     5.380 r  u_baseline/lane_sum_c0_inferred__0/i___0_carry__0/CO[7]
                         net (fo=1, routed)           0.026     5.406    u_baseline/lane_sum_c0_inferred__0/i___0_carry__0_n_0
    SLICE_X89Y228        CARRY8 (Prop_CARRY8_SLICEL_CI_O[0])
                                                      0.056     5.462 r  u_baseline/lane_sum_c0_inferred__0/i___0_carry__1/O[0]
                         net (fo=4, routed)           0.191     5.653    u_baseline/lane_sum_c0_inferred__0/i___0_carry__1_n_15
    SLICE_X89Y224        LUT4 (Prop_A5LUT_SLICEL_I1_O)
                                                      0.138     5.791 r  u_baseline/i___247_carry__1_i_7/O
                         net (fo=2, routed)           0.258     6.050    u_baseline/i___247_carry__1_i_7_n_0
    SLICE_X89Y224        LUT5 (Prop_B6LUT_SLICEL_I4_O)
                                                      0.090     6.140 r  u_baseline/i___247_carry__1_i_15/O
                         net (fo=1, routed)           0.009     6.149    u_baseline/i___247_carry__1_i_15_n_0
    SLICE_X89Y224        CARRY8 (Prop_CARRY8_SLICEL_S[1]_O[2])
                                                      0.114     6.263 r  u_baseline/lane_sum_c0_inferred__0/i___247_carry__1/O[2]
                         net (fo=3, routed)           0.251     6.514    u_baseline/lane_sum_c0_inferred__0/i___247_carry__1_n_13
    SLICE_X90Y224        LUT4 (Prop_D6LUT_SLICEM_I0_O)
                                                      0.088     6.602 r  u_baseline/i___341_carry__1_i_13/O
                         net (fo=1, routed)           0.025     6.627    u_baseline/i___341_carry__1_i_13_n_0
    SLICE_X90Y224        CARRY8 (Prop_CARRY8_SLICEM_S[3]_O[7])
                                                      0.187     6.814 r  u_baseline/lane_sum_c0_inferred__0/i___341_carry__1/O[7]
                         net (fo=1, routed)           0.026     6.840    u_baseline/lane_sum_c0_inferred__0/i___341_carry__1_n_8
    SLICE_X90Y224        FDRE                                         r  u_baseline/lane_sum_q_reg[23]/D
  -------------------------------------------------------------------    -------------------

                         (clock clk rise edge)        5.500     5.500 r  
    P11                                               0.000     5.500 r  clk (IN)
                         net (fo=0)                   0.000     5.500    clk_IBUF_inst/I
    P11                  INBUF (Prop_INBUF_HPIOB_M_PAD_O)
                                                      0.298     5.798 r  clk_IBUF_inst/INBUF_INST/O
                         net (fo=1, routed)           0.000     5.798    clk_IBUF_inst/OUT
    P11                  IBUFCTRL (Prop_IBUFCTRL_HPIOB_M_I_O)
                                                      0.000     5.798 r  clk_IBUF_inst/IBUFCTRL_INST/O
                         net (fo=1, routed)           0.282     6.080    clk_IBUF
    BUFGCE_X0Y77         BUFGCE (Prop_BUFCE_BUFGCE_I_O)
                                                      0.024     6.104 r  clk_IBUF_BUFG_inst/O
    X3Y3 (CLOCK_ROOT)    net (fo=335, routed)         0.666     6.770    u_baseline/clk_IBUF_BUFG
    SLICE_X90Y224        FDRE                                         r  u_baseline/lane_sum_q_reg[23]/C
                         clock pessimism              0.312     7.082    
                         clock uncertainty           -0.035     7.046    
    SLICE_X90Y224        FDRE (Setup_HFF_SLICEM_C_D)
                                                      0.025     7.071    u_baseline/lane_sum_q_reg[23]
  -------------------------------------------------------------------
                         required time                          7.071    
                         arrival time                          -6.840    
  -------------------------------------------------------------------
                         slack                                  0.232    

Slack (MET) :             0.236ns  (required time - arrival time)
  Source:                 u_baseline/g_lane_mem[0].h1_mem_reg_bram_0/CLKARDCLK
                            (rising edge-triggered cell RAMB18E2 clocked by clk  {rise@0.000ns fall@2.750ns period=5.500ns})
  Destination:            u_baseline/lane_sum_q_reg[21]/D
                            (rising edge-triggered cell FDRE clocked by clk  {rise@0.000ns fall@2.750ns period=5.500ns})
  Path Group:             clk
  Path Type:              Setup (Max at Slow Process Corner)
  Requirement:            5.500ns  (clk rise@5.500ns - clk rise@0.000ns)
  Data Path Delay:        5.098ns  (logic 2.979ns (58.430%)  route 2.119ns (41.570%))
  Logic Levels:           17  (CARRY8=6 DSP_A_B_DATA=1 DSP_ALU=1 DSP_OUTPUT=1 LUT4=2 LUT5=4 LUT6=2)
  Clock Path Skew:        -0.156ns (DCD - SCD + CPR)
    Destination Clock Delay (DCD):    1.270ns = ( 6.770 - 5.500 ) 
    Source Clock Delay      (SCD):    1.737ns
    Clock Pessimism Removal (CPR):    0.312ns
  Clock Uncertainty:      0.035ns  ((TSJ^2 + TIJ^2)^1/2 + DJ) / 2 + PE
    Total System Jitter     (TSJ):    0.071ns
    Total Input Jitter      (TIJ):    0.000ns
    Discrete Jitter          (DJ):    0.000ns
    Phase Error              (PE):    0.000ns
  Clock Net Delay (Source):      0.842ns (routing 0.001ns, distribution 0.841ns)
  Clock Net Delay (Destination): 0.666ns (routing 0.001ns, distribution 0.665ns)

    Location             Delay type                Incr(ns)  Path(ns)    Netlist Resource(s)
  -------------------------------------------------------------------    -------------------
                         (clock clk rise edge)        0.000     0.000 r  
    P11                                               0.000     0.000 r  clk (IN)
                         net (fo=0)                   0.000     0.000    clk_IBUF_inst/I
    P11                  INBUF (Prop_INBUF_HPIOB_M_PAD_O)
                                                      0.548     0.548 r  clk_IBUF_inst/INBUF_INST/O
                         net (fo=1, routed)           0.000     0.548    clk_IBUF_inst/OUT
    P11                  IBUFCTRL (Prop_IBUFCTRL_HPIOB_M_I_O)
                                                      0.000     0.548 r  clk_IBUF_inst/IBUFCTRL_INST/O
                         net (fo=1, routed)           0.319     0.867    clk_IBUF
    BUFGCE_X0Y77         BUFGCE (Prop_BUFCE_BUFGCE_I_O)
                                                      0.028     0.895 r  clk_IBUF_BUFG_inst/O
    X3Y3 (CLOCK_ROOT)    net (fo=335, routed)         0.842     1.737    u_baseline/clk_IBUF_BUFG
    RAMB18_X12Y90        RAMB18E2                                     r  u_baseline/g_lane_mem[0].h1_mem_reg_bram_0/CLKARDCLK
  -------------------------------------------------------------------    -------------------
    RAMB18_X12Y90        RAMB18E2 (Prop_RAMB18E2_L_RAMB180_CLKARDCLK_DOUTADOUT[3])
                                                      0.915     2.652 f  u_baseline/g_lane_mem[0].h1_mem_reg_bram_0/DOUTADOUT[3]
                         net (fo=1, routed)           0.407     3.059    u_baseline/lane_sum_c0/B[3]
    DSP48E2_X17Y90       DSP_A_B_DATA (Prop_DSP_A_B_DATA_DSP48E2_B[3]_B_ALU[3])
                                                      0.165     3.224 r  u_baseline/lane_sum_c0/DSP_A_B_DATA_INST/B_ALU[3]
                         net (fo=1, routed)           0.000     3.224    u_baseline/lane_sum_c0/DSP_A_B_DATA.B_ALU<3>
    DSP48E2_X17Y90       DSP_ALU (Prop_DSP_ALU_DSP48E2_B_ALU[3]_ALU_OUT[5])
                                                      0.541     3.765 f  u_baseline/lane_sum_c0/DSP_ALU_INST/ALU_OUT[5]
                         net (fo=1, routed)           0.000     3.765    u_baseline/lane_sum_c0/DSP_ALU.ALU_OUT<5>
    DSP48E2_X17Y90       DSP_OUTPUT (Prop_DSP_OUTPUT_DSP48E2_ALU_OUT[5]_P[5])
                                                      0.109     3.874 r  u_baseline/lane_sum_c0/DSP_OUTPUT_INST/P[5]
                         net (fo=1, routed)           0.212     4.086    u_baseline/lane_sum_c0_n_100
    SLICE_X91Y225        LUT5 (Prop_A6LUT_SLICEM_I0_O)
                                                      0.053     4.139 r  u_baseline/lane_sum_c0__0_carry_i_18/O
                         net (fo=2, routed)           0.142     4.281    u_baseline/lane_sum_c__31[5]
    SLICE_X91Y228        LUT5 (Prop_D6LUT_SLICEM_I0_O)
                                                      0.037     4.318 r  u_baseline/lane_sum_c0__0_carry_i_2/O
                         net (fo=2, routed)           0.153     4.472    u_baseline/lane_sum_c0__0_carry_i_2_n_0
    SLICE_X90Y227        LUT6 (Prop_G6LUT_SLICEM_I0_O)
                                                      0.052     4.524 r  u_baseline/lane_sum_c0__0_carry_i_9/O
                         net (fo=1, routed)           0.016     4.540    u_baseline/lane_sum_c0__0_carry_i_9_n_0
    SLICE_X90Y227        CARRY8 (Prop_CARRY8_SLICEM_S[6]_CO[7])
                                                      0.117     4.657 r  u_baseline/lane_sum_c0__0_carry/CO[7]
                         net (fo=1, routed)           0.026     4.683    u_baseline/lane_sum_c0__0_carry_n_0
    SLICE_X90Y228        CARRY8 (Prop_CARRY8_SLICEM_CI_O[6])
                                                      0.103     4.786 r  u_baseline/lane_sum_c0__0_carry__0/O[6]
                         net (fo=2, routed)           0.183     4.969    u_baseline/lane_sum_c0__0_carry__0_n_9
    SLICE_X88Y228        LUT5 (Prop_C6LUT_SLICEM_I0_O)
                                                      0.051     5.020 r  u_baseline/i___0_carry__0_i_1/O
                         net (fo=2, routed)           0.184     5.204    u_baseline/i___0_carry__0_i_1_n_0
    SLICE_X89Y227        LUT6 (Prop_H6LUT_SLICEL_I2_O)
                                                      0.051     5.255 r  u_baseline/i___0_carry__0_i_9/O
                         net (fo=1, routed)           0.010     5.265    u_baseline/i___0_carry__0_i_9_n_0
    SLICE_X89Y227        CARRY8 (Prop_CARRY8_SLICEL_S[7]_CO[7])
                                                      0.115     5.380 r  u_baseline/lane_sum_c0_inferred__0/i___0_carry__0/CO[7]
                         net (fo=1, routed)           0.026     5.406    u_baseline/lane_sum_c0_inferred__0/i___0_carry__0_n_0
    SLICE_X89Y228        CARRY8 (Prop_CARRY8_SLICEL_CI_O[0])
                                                      0.056     5.462 r  u_baseline/lane_sum_c0_inferred__0/i___0_carry__1/O[0]
                         net (fo=4, routed)           0.191     5.653    u_baseline/lane_sum_c0_inferred__0/i___0_carry__1_n_15
    SLICE_X89Y224        LUT4 (Prop_A5LUT_SLICEL_I1_O)
                                                      0.138     5.791 r  u_baseline/i___247_carry__1_i_7/O
                         net (fo=2, routed)           0.258     6.050    u_baseline/i___247_carry__1_i_7_n_0
    SLICE_X89Y224        LUT5 (Prop_B6LUT_SLICEL_I4_O)
                                                      0.090     6.140 r  u_baseline/i___247_carry__1_i_15/O
                         net (fo=1, routed)           0.009     6.149    u_baseline/i___247_carry__1_i_15_n_0
    SLICE_X89Y224        CARRY8 (Prop_CARRY8_SLICEL_S[1]_O[2])
                                                      0.114     6.263 r  u_baseline/lane_sum_c0_inferred__0/i___247_carry__1/O[2]
                         net (fo=3, routed)           0.251     6.514    u_baseline/lane_sum_c0_inferred__0/i___247_carry__1_n_13
    SLICE_X90Y224        LUT4 (Prop_D6LUT_SLICEM_I0_O)
                                                      0.088     6.602 r  u_baseline/i___341_carry__1_i_13/O
                         net (fo=1, routed)           0.025     6.627    u_baseline/i___341_carry__1_i_13_n_0
    SLICE_X90Y224        CARRY8 (Prop_CARRY8_SLICEM_S[3]_O[5])
                                                      0.184     6.811 r  u_baseline/lane_sum_c0_inferred__0/i___341_carry__1/O[5]
                         net (fo=1, routed)           0.025     6.836    u_baseline/lane_sum_c0_inferred__0/i___341_carry__1_n_10
    SLICE_X90Y224        FDRE                                         r  u_baseline/lane_sum_q_reg[21]/D
  -------------------------------------------------------------------    -------------------

                         (clock clk rise edge)        5.500     5.500 r  
    P11                                               0.000     5.500 r  clk (IN)
                         net (fo=0)                   0.000     5.500    clk_IBUF_inst/I
    P11                  INBUF (Prop_INBUF_HPIOB_M_PAD_O)
                                                      0.298     5.798 r  clk_IBUF_inst/INBUF_INST/O
                         net (fo=1, routed)           0.000     5.798    clk_IBUF_inst/OUT
    P11                  IBUFCTRL (Prop_IBUFCTRL_HPIOB_M_I_O)
                                                      0.000     5.798 r  clk_IBUF_inst/IBUFCTRL_INST/O
                         net (fo=1, routed)           0.282     6.080    clk_IBUF
    BUFGCE_X0Y77         BUFGCE (Prop_BUFCE_BUFGCE_I_O)
                                                      0.024     6.104 r  clk_IBUF_BUFG_inst/O
    X3Y3 (CLOCK_ROOT)    net (fo=335, routed)         0.666     6.770    u_baseline/clk_IBUF_BUFG
    SLICE_X90Y224        FDRE                                         r  u_baseline/lane_sum_q_reg[21]/C
                         clock pessimism              0.312     7.082    
                         clock uncertainty           -0.035     7.046    
    SLICE_X90Y224        FDRE (Setup_FFF_SLICEM_C_D)
                                                      0.025     7.071    u_baseline/lane_sum_q_reg[21]
  -------------------------------------------------------------------
                         required time                          7.071    
                         arrival time                          -6.836    
  -------------------------------------------------------------------
                         slack                                  0.236    

Slack (MET) :             0.239ns  (required time - arrival time)
  Source:                 u_baseline/g_lane_mem[0].h1_mem_reg_bram_0/CLKARDCLK
                            (rising edge-triggered cell RAMB18E2 clocked by clk  {rise@0.000ns fall@2.750ns period=5.500ns})
  Destination:            u_baseline/lane_sum_q_reg[22]/D
                            (rising edge-triggered cell FDRE clocked by clk  {rise@0.000ns fall@2.750ns period=5.500ns})
  Path Group:             clk
  Path Type:              Setup (Max at Slow Process Corner)
  Requirement:            5.500ns  (clk rise@5.500ns - clk rise@0.000ns)
  Data Path Delay:        5.095ns  (logic 3.022ns (59.316%)  route 2.073ns (40.684%))
  Logic Levels:           17  (CARRY8=6 DSP_A_B_DATA=1 DSP_ALU=1 DSP_OUTPUT=1 LUT4=2 LUT5=4 LUT6=2)
  Clock Path Skew:        -0.156ns (DCD - SCD + CPR)
    Destination Clock Delay (DCD):    1.270ns = ( 6.770 - 5.500 ) 
    Source Clock Delay      (SCD):    1.737ns
    Clock Pessimism Removal (CPR):    0.312ns
  Clock Uncertainty:      0.035ns  ((TSJ^2 + TIJ^2)^1/2 + DJ) / 2 + PE
    Total System Jitter     (TSJ):    0.071ns
    Total Input Jitter      (TIJ):    0.000ns
    Discrete Jitter          (DJ):    0.000ns
    Phase Error              (PE):    0.000ns
  Clock Net Delay (Source):      0.842ns (routing 0.001ns, distribution 0.841ns)
  Clock Net Delay (Destination): 0.666ns (routing 0.001ns, distribution 0.665ns)

    Location             Delay type                Incr(ns)  Path(ns)    Netlist Resource(s)
  -------------------------------------------------------------------    -------------------
                         (clock clk rise edge)        0.000     0.000 r  
    P11                                               0.000     0.000 r  clk (IN)
                         net (fo=0)                   0.000     0.000    clk_IBUF_inst/I
    P11                  INBUF (Prop_INBUF_HPIOB_M_PAD_O)
                                                      0.548     0.548 r  clk_IBUF_inst/INBUF_INST/O
                         net (fo=1, routed)           0.000     0.548    clk_IBUF_inst/OUT
    P11                  IBUFCTRL (Prop_IBUFCTRL_HPIOB_M_I_O)
                                                      0.000     0.548 r  clk_IBUF_inst/IBUFCTRL_INST/O
                         net (fo=1, routed)           0.319     0.867    clk_IBUF
    BUFGCE_X0Y77         BUFGCE (Prop_BUFCE_BUFGCE_I_O)
                                                      0.028     0.895 r  clk_IBUF_BUFG_inst/O
    X3Y3 (CLOCK_ROOT)    net (fo=335, routed)         0.842     1.737    u_baseline/clk_IBUF_BUFG
    RAMB18_X12Y90        RAMB18E2                                     r  u_baseline/g_lane_mem[0].h1_mem_reg_bram_0/CLKARDCLK
  -------------------------------------------------------------------    -------------------
    RAMB18_X12Y90        RAMB18E2 (Prop_RAMB18E2_L_RAMB180_CLKARDCLK_DOUTADOUT[3])
                                                      0.915     2.652 f  u_baseline/g_lane_mem[0].h1_mem_reg_bram_0/DOUTADOUT[3]
                         net (fo=1, routed)           0.407     3.059    u_baseline/lane_sum_c0/B[3]
    DSP48E2_X17Y90       DSP_A_B_DATA (Prop_DSP_A_B_DATA_DSP48E2_B[3]_B_ALU[3])
                                                      0.165     3.224 r  u_baseline/lane_sum_c0/DSP_A_B_DATA_INST/B_ALU[3]
                         net (fo=1, routed)           0.000     3.224    u_baseline/lane_sum_c0/DSP_A_B_DATA.B_ALU<3>
    DSP48E2_X17Y90       DSP_ALU (Prop_DSP_ALU_DSP48E2_B_ALU[3]_ALU_OUT[5])
                                                      0.541     3.765 f  u_baseline/lane_sum_c0/DSP_ALU_INST/ALU_OUT[5]
                         net (fo=1, routed)           0.000     3.765    u_baseline/lane_sum_c0/DSP_ALU.ALU_OUT<5>
    DSP48E2_X17Y90       DSP_OUTPUT (Prop_DSP_OUTPUT_DSP48E2_ALU_OUT[5]_P[5])
                                                      0.109     3.874 r  u_baseline/lane_sum_c0/DSP_OUTPUT_INST/P[5]
                         net (fo=1, routed)           0.212     4.086    u_baseline/lane_sum_c0_n_100
    SLICE_X91Y225        LUT5 (Prop_A6LUT_SLICEM_I0_O)
                                                      0.053     4.139 r  u_baseline/lane_sum_c0__0_carry_i_18/O
                         net (fo=2, routed)           0.142     4.281    u_baseline/lane_sum_c__31[5]
    SLICE_X91Y228        LUT5 (Prop_D6LUT_SLICEM_I0_O)
                                                      0.037     4.318 r  u_baseline/lane_sum_c0__0_carry_i_2/O
                         net (fo=2, routed)           0.153     4.472    u_baseline/lane_sum_c0__0_carry_i_2_n_0
    SLICE_X90Y227        LUT6 (Prop_G6LUT_SLICEM_I0_O)
                                                      0.052     4.524 r  u_baseline/lane_sum_c0__0_carry_i_9/O
                         net (fo=1, routed)           0.016     4.540    u_baseline/lane_sum_c0__0_carry_i_9_n_0
    SLICE_X90Y227        CARRY8 (Prop_CARRY8_SLICEM_S[6]_CO[7])
                                                      0.117     4.657 r  u_baseline/lane_sum_c0__0_carry/CO[7]
                         net (fo=1, routed)           0.026     4.683    u_baseline/lane_sum_c0__0_carry_n_0
    SLICE_X90Y228        CARRY8 (Prop_CARRY8_SLICEM_CI_O[6])
                                                      0.103     4.786 r  u_baseline/lane_sum_c0__0_carry__0/O[6]
                         net (fo=2, routed)           0.183     4.969    u_baseline/lane_sum_c0__0_carry__0_n_9
    SLICE_X88Y228        LUT5 (Prop_C6LUT_SLICEM_I0_O)
                                                      0.051     5.020 r  u_baseline/i___0_carry__0_i_1/O
                         net (fo=2, routed)           0.184     5.204    u_baseline/i___0_carry__0_i_1_n_0
    SLICE_X89Y227        LUT6 (Prop_H6LUT_SLICEL_I2_O)
                                                      0.051     5.255 r  u_baseline/i___0_carry__0_i_9/O
                         net (fo=1, routed)           0.010     5.265    u_baseline/i___0_carry__0_i_9_n_0
    SLICE_X89Y227        CARRY8 (Prop_CARRY8_SLICEL_S[7]_CO[7])
                                                      0.115     5.380 r  u_baseline/lane_sum_c0_inferred__0/i___0_carry__0/CO[7]
                         net (fo=1, routed)           0.026     5.406    u_baseline/lane_sum_c0_inferred__0/i___0_carry__0_n_0
    SLICE_X89Y228        CARRY8 (Prop_CARRY8_SLICEL_CI_O[0])
                                                      0.056     5.462 r  u_baseline/lane_sum_c0_inferred__0/i___0_carry__1/O[0]
                         net (fo=4, routed)           0.191     5.653    u_baseline/lane_sum_c0_inferred__0/i___0_carry__1_n_15
    SLICE_X89Y224        LUT4 (Prop_A5LUT_SLICEL_I1_O)
                                                      0.138     5.791 r  u_baseline/i___247_carry__1_i_7/O
                         net (fo=2, routed)           0.258     6.050    u_baseline/i___247_carry__1_i_7_n_0
    SLICE_X89Y224        LUT5 (Prop_B6LUT_SLICEL_I4_O)
                                                      0.090     6.140 r  u_baseline/i___247_carry__1_i_15/O
                         net (fo=1, routed)           0.009     6.149    u_baseline/i___247_carry__1_i_15_n_0
    SLICE_X89Y224        CARRY8 (Prop_CARRY8_SLICEL_S[1]_O[4])
                                                      0.200     6.349 r  u_baseline/lane_sum_c0_inferred__0/i___247_carry__1/O[4]
                         net (fo=3, routed)           0.207     6.555    u_baseline/lane_sum_c0_inferred__0/i___247_carry__1_n_11
    SLICE_X90Y224        LUT4 (Prop_F6LUT_SLICEM_I0_O)
                                                      0.098     6.653 r  u_baseline/i___341_carry__1_i_11/O
                         net (fo=1, routed)           0.022     6.675    u_baseline/i___341_carry__1_i_11_n_0
    SLICE_X90Y224        CARRY8 (Prop_CARRY8_SLICEM_S[5]_O[6])
                                                      0.131     6.806 r  u_baseline/lane_sum_c0_inferred__0/i___341_carry__1/O[6]
                         net (fo=1, routed)           0.026     6.832    u_baseline/lane_sum_c0_inferred__0/i___341_carry__1_n_9
    SLICE_X90Y224        FDRE                                         r  u_baseline/lane_sum_q_reg[22]/D
  -------------------------------------------------------------------    -------------------

                         (clock clk rise edge)        5.500     5.500 r  
    P11                                               0.000     5.500 r  clk (IN)
                         net (fo=0)                   0.000     5.500    clk_IBUF_inst/I
    P11                  INBUF (Prop_INBUF_HPIOB_M_PAD_O)
                                                      0.298     5.798 r  clk_IBUF_inst/INBUF_INST/O
                         net (fo=1, routed)           0.000     5.798    clk_IBUF_inst/OUT
    P11                  IBUFCTRL (Prop_IBUFCTRL_HPIOB_M_I_O)
                                                      0.000     5.798 r  clk_IBUF_inst/IBUFCTRL_INST/O
                         net (fo=1, routed)           0.282     6.080    clk_IBUF
    BUFGCE_X0Y77         BUFGCE (Prop_BUFCE_BUFGCE_I_O)
                                                      0.024     6.104 r  clk_IBUF_BUFG_inst/O
    X3Y3 (CLOCK_ROOT)    net (fo=335, routed)         0.666     6.770    u_baseline/clk_IBUF_BUFG
    SLICE_X90Y224        FDRE                                         r  u_baseline/lane_sum_q_reg[22]/C
                         clock pessimism              0.312     7.082    
                         clock uncertainty           -0.035     7.046    
    SLICE_X90Y224        FDRE (Setup_GFF_SLICEM_C_D)
                                                      0.025     7.071    u_baseline/lane_sum_q_reg[22]
  -------------------------------------------------------------------
                         required time                          7.071    
                         arrival time                          -6.832    
  -------------------------------------------------------------------
                         slack                                  0.239    

Slack (MET) :             0.271ns  (required time - arrival time)
  Source:                 u_baseline/g_lane_mem[0].h1_mem_reg_bram_0/CLKARDCLK
                            (rising edge-triggered cell RAMB18E2 clocked by clk  {rise@0.000ns fall@2.750ns period=5.500ns})
  Destination:            u_baseline/lane_sum_q_reg[20]/D
                            (rising edge-triggered cell FDRE clocked by clk  {rise@0.000ns fall@2.750ns period=5.500ns})
  Path Group:             clk
  Path Type:              Setup (Max at Slow Process Corner)
  Requirement:            5.500ns  (clk rise@5.500ns - clk rise@0.000ns)
  Data Path Delay:        5.063ns  (logic 2.944ns (58.142%)  route 2.119ns (41.858%))
  Logic Levels:           17  (CARRY8=6 DSP_A_B_DATA=1 DSP_ALU=1 DSP_OUTPUT=1 LUT4=2 LUT5=4 LUT6=2)
  Clock Path Skew:        -0.156ns (DCD - SCD + CPR)
    Destination Clock Delay (DCD):    1.270ns = ( 6.770 - 5.500 ) 
    Source Clock Delay      (SCD):    1.737ns
    Clock Pessimism Removal (CPR):    0.312ns
  Clock Uncertainty:      0.035ns  ((TSJ^2 + TIJ^2)^1/2 + DJ) / 2 + PE
    Total System Jitter     (TSJ):    0.071ns
    Total Input Jitter      (TIJ):    0.000ns
    Discrete Jitter          (DJ):    0.000ns
    Phase Error              (PE):    0.000ns
  Clock Net Delay (Source):      0.842ns (routing 0.001ns, distribution 0.841ns)
  Clock Net Delay (Destination): 0.666ns (routing 0.001ns, distribution 0.665ns)

    Location             Delay type                Incr(ns)  Path(ns)    Netlist Resource(s)
  -------------------------------------------------------------------    -------------------
                         (clock clk rise edge)        0.000     0.000 r  
    P11                                               0.000     0.000 r  clk (IN)
                         net (fo=0)                   0.000     0.000    clk_IBUF_inst/I
    P11                  INBUF (Prop_INBUF_HPIOB_M_PAD_O)
                                                      0.548     0.548 r  clk_IBUF_inst/INBUF_INST/O
                         net (fo=1, routed)           0.000     0.548    clk_IBUF_inst/OUT
    P11                  IBUFCTRL (Prop_IBUFCTRL_HPIOB_M_I_O)
                                                      0.000     0.548 r  clk_IBUF_inst/IBUFCTRL_INST/O
                         net (fo=1, routed)           0.319     0.867    clk_IBUF
    BUFGCE_X0Y77         BUFGCE (Prop_BUFCE_BUFGCE_I_O)
                                                      0.028     0.895 r  clk_IBUF_BUFG_inst/O
    X3Y3 (CLOCK_ROOT)    net (fo=335, routed)         0.842     1.737    u_baseline/clk_IBUF_BUFG
    RAMB18_X12Y90        RAMB18E2                                     r  u_baseline/g_lane_mem[0].h1_mem_reg_bram_0/CLKARDCLK
  -------------------------------------------------------------------    -------------------
    RAMB18_X12Y90        RAMB18E2 (Prop_RAMB18E2_L_RAMB180_CLKARDCLK_DOUTADOUT[3])
                                                      0.915     2.652 f  u_baseline/g_lane_mem[0].h1_mem_reg_bram_0/DOUTADOUT[3]
                         net (fo=1, routed)           0.407     3.059    u_baseline/lane_sum_c0/B[3]
    DSP48E2_X17Y90       DSP_A_B_DATA (Prop_DSP_A_B_DATA_DSP48E2_B[3]_B_ALU[3])
                                                      0.165     3.224 r  u_baseline/lane_sum_c0/DSP_A_B_DATA_INST/B_ALU[3]
                         net (fo=1, routed)           0.000     3.224    u_baseline/lane_sum_c0/DSP_A_B_DATA.B_ALU<3>
    DSP48E2_X17Y90       DSP_ALU (Prop_DSP_ALU_DSP48E2_B_ALU[3]_ALU_OUT[5])
                                                      0.541     3.765 f  u_baseline/lane_sum_c0/DSP_ALU_INST/ALU_OUT[5]
                         net (fo=1, routed)           0.000     3.765    u_baseline/lane_sum_c0/DSP_ALU.ALU_OUT<5>
    DSP48E2_X17Y90       DSP_OUTPUT (Prop_DSP_OUTPUT_DSP48E2_ALU_OUT[5]_P[5])
                                                      0.109     3.874 r  u_baseline/lane_sum_c0/DSP_OUTPUT_INST/P[5]
                         net (fo=1, routed)           0.212     4.086    u_baseline/lane_sum_c0_n_100
    SLICE_X91Y225        LUT5 (Prop_A6LUT_SLICEM_I0_O)
                                                      0.053     4.139 r  u_baseline/lane_sum_c0__0_carry_i_18/O
                         net (fo=2, routed)           0.142     4.281    u_baseline/lane_sum_c__31[5]
    SLICE_X91Y228        LUT5 (Prop_D6LUT_SLICEM_I0_O)
                                                      0.037     4.318 r  u_baseline/lane_sum_c0__0_carry_i_2/O
                         net (fo=2, routed)           0.153     4.472    u_baseline/lane_sum_c0__0_carry_i_2_n_0
    SLICE_X90Y227        LUT6 (Prop_G6LUT_SLICEM_I0_O)
                                                      0.052     4.524 r  u_baseline/lane_sum_c0__0_carry_i_9/O
                         net (fo=1, routed)           0.016     4.540    u_baseline/lane_sum_c0__0_carry_i_9_n_0
    SLICE_X90Y227        CARRY8 (Prop_CARRY8_SLICEM_S[6]_CO[7])
                                                      0.117     4.657 r  u_baseline/lane_sum_c0__0_carry/CO[7]
                         net (fo=1, routed)           0.026     4.683    u_baseline/lane_sum_c0__0_carry_n_0
    SLICE_X90Y228        CARRY8 (Prop_CARRY8_SLICEM_CI_O[6])
                                                      0.103     4.786 r  u_baseline/lane_sum_c0__0_carry__0/O[6]
                         net (fo=2, routed)           0.183     4.969    u_baseline/lane_sum_c0__0_carry__0_n_9
    SLICE_X88Y228        LUT5 (Prop_C6LUT_SLICEM_I0_O)
                                                      0.051     5.020 r  u_baseline/i___0_carry__0_i_1/O
                         net (fo=2, routed)           0.184     5.204    u_baseline/i___0_carry__0_i_1_n_0
    SLICE_X89Y227        LUT6 (Prop_H6LUT_SLICEL_I2_O)
                                                      0.051     5.255 r  u_baseline/i___0_carry__0_i_9/O
                         net (fo=1, routed)           0.010     5.265    u_baseline/i___0_carry__0_i_9_n_0
    SLICE_X89Y227        CARRY8 (Prop_CARRY8_SLICEL_S[7]_CO[7])
                                                      0.115     5.380 r  u_baseline/lane_sum_c0_inferred__0/i___0_carry__0/CO[7]
                         net (fo=1, routed)           0.026     5.406    u_baseline/lane_sum_c0_inferred__0/i___0_carry__0_n_0
    SLICE_X89Y228        CARRY8 (Prop_CARRY8_SLICEL_CI_O[0])
                                                      0.056     5.462 r  u_baseline/lane_sum_c0_inferred__0/i___0_carry__1/O[0]
                         net (fo=4, routed)           0.191     5.653    u_baseline/lane_sum_c0_inferred__0/i___0_carry__1_n_15
    SLICE_X89Y224        LUT4 (Prop_A5LUT_SLICEL_I1_O)
                                                      0.138     5.791 r  u_baseline/i___247_carry__1_i_7/O
                         net (fo=2, routed)           0.258     6.050    u_baseline/i___247_carry__1_i_7_n_0
    SLICE_X89Y224        LUT5 (Prop_B6LUT_SLICEL_I4_O)
                                                      0.090     6.140 r  u_baseline/i___247_carry__1_i_15/O
                         net (fo=1, routed)           0.009     6.149    u_baseline/i___247_carry__1_i_15_n_0
    SLICE_X89Y224        CARRY8 (Prop_CARRY8_SLICEL_S[1]_O[2])
                                                      0.114     6.263 r  u_baseline/lane_sum_c0_inferred__0/i___247_carry__1/O[2]
                         net (fo=3, routed)           0.251     6.514    u_baseline/lane_sum_c0_inferred__0/i___247_carry__1_n_13
    SLICE_X90Y224        LUT4 (Prop_D6LUT_SLICEM_I0_O)
                                                      0.088     6.602 r  u_baseline/i___341_carry__1_i_13/O
                         net (fo=1, routed)           0.025     6.627    u_baseline/i___341_carry__1_i_13_n_0
    SLICE_X90Y224        CARRY8 (Prop_CARRY8_SLICEM_S[3]_O[4])
                                                      0.149     6.776 r  u_baseline/lane_sum_c0_inferred__0/i___341_carry__1/O[4]
                         net (fo=1, routed)           0.025     6.801    u_baseline/lane_sum_c0_inferred__0/i___341_carry__1_n_11
    SLICE_X90Y224        FDRE                                         r  u_baseline/lane_sum_q_reg[20]/D
  -------------------------------------------------------------------    -------------------

                         (clock clk rise edge)        5.500     5.500 r  
    P11                                               0.000     5.500 r  clk (IN)
                         net (fo=0)                   0.000     5.500    clk_IBUF_inst/I
    P11                  INBUF (Prop_INBUF_HPIOB_M_PAD_O)
                                                      0.298     5.798 r  clk_IBUF_inst/INBUF_INST/O
                         net (fo=1, routed)           0.000     5.798    clk_IBUF_inst/OUT
    P11                  IBUFCTRL (Prop_IBUFCTRL_HPIOB_M_I_O)
                                                      0.000     5.798 r  clk_IBUF_inst/IBUFCTRL_INST/O
                         net (fo=1, routed)           0.282     6.080    clk_IBUF
    BUFGCE_X0Y77         BUFGCE (Prop_BUFCE_BUFGCE_I_O)
                                                      0.024     6.104 r  clk_IBUF_BUFG_inst/O
    X3Y3 (CLOCK_ROOT)    net (fo=335, routed)         0.666     6.770    u_baseline/clk_IBUF_BUFG
    SLICE_X90Y224        FDRE                                         r  u_baseline/lane_sum_q_reg[20]/C
                         clock pessimism              0.312     7.082    
                         clock uncertainty           -0.035     7.046    
    SLICE_X90Y224        FDRE (Setup_EFF_SLICEM_C_D)
                                                      0.025     7.071    u_baseline/lane_sum_q_reg[20]
  -------------------------------------------------------------------
                         required time                          7.071    
                         arrival time                          -6.801    
  -------------------------------------------------------------------
                         slack                                  0.271    

Slack (MET) :             0.279ns  (required time - arrival time)
  Source:                 u_baseline/g_lane_mem[0].h1_mem_reg_bram_0/CLKARDCLK
                            (rising edge-triggered cell RAMB18E2 clocked by clk  {rise@0.000ns fall@2.750ns period=5.500ns})
  Destination:            u_baseline/lane_sum_q_reg[19]/D
                            (rising edge-triggered cell FDRE clocked by clk  {rise@0.000ns fall@2.750ns period=5.500ns})
  Path Group:             clk
  Path Type:              Setup (Max at Slow Process Corner)
  Requirement:            5.500ns  (clk rise@5.500ns - clk rise@0.000ns)
  Data Path Delay:        5.056ns  (logic 3.076ns (60.838%)  route 1.980ns (39.162%))
  Logic Levels:           18  (CARRY8=6 DSP_A_B_DATA=1 DSP_ALU=1 DSP_OUTPUT=1 LUT3=1 LUT4=1 LUT5=4 LUT6=3)
  Clock Path Skew:        -0.155ns (DCD - SCD + CPR)
    Destination Clock Delay (DCD):    1.271ns = ( 6.771 - 5.500 ) 
    Source Clock Delay      (SCD):    1.737ns
    Clock Pessimism Removal (CPR):    0.312ns
  Clock Uncertainty:      0.035ns  ((TSJ^2 + TIJ^2)^1/2 + DJ) / 2 + PE
    Total System Jitter     (TSJ):    0.071ns
    Total Input Jitter      (TIJ):    0.000ns
    Discrete Jitter          (DJ):    0.000ns
    Phase Error              (PE):    0.000ns
  Clock Net Delay (Source):      0.842ns (routing 0.001ns, distribution 0.841ns)
  Clock Net Delay (Destination): 0.667ns (routing 0.001ns, distribution 0.666ns)

    Location             Delay type                Incr(ns)  Path(ns)    Netlist Resource(s)
  -------------------------------------------------------------------    -------------------
                         (clock clk rise edge)        0.000     0.000 r  
    P11                                               0.000     0.000 r  clk (IN)
                         net (fo=0)                   0.000     0.000    clk_IBUF_inst/I
    P11                  INBUF (Prop_INBUF_HPIOB_M_PAD_O)
                                                      0.548     0.548 r  clk_IBUF_inst/INBUF_INST/O
                         net (fo=1, routed)           0.000     0.548    clk_IBUF_inst/OUT
    P11                  IBUFCTRL (Prop_IBUFCTRL_HPIOB_M_I_O)
                                                      0.000     0.548 r  clk_IBUF_inst/IBUFCTRL_INST/O
                         net (fo=1, routed)           0.319     0.867    clk_IBUF
    BUFGCE_X0Y77         BUFGCE (Prop_BUFCE_BUFGCE_I_O)
                                                      0.028     0.895 r  clk_IBUF_BUFG_inst/O
    X3Y3 (CLOCK_ROOT)    net (fo=335, routed)         0.842     1.737    u_baseline/clk_IBUF_BUFG
    RAMB18_X12Y90        RAMB18E2                                     r  u_baseline/g_lane_mem[0].h1_mem_reg_bram_0/CLKARDCLK
  -------------------------------------------------------------------    -------------------
    RAMB18_X12Y90        RAMB18E2 (Prop_RAMB18E2_L_RAMB180_CLKARDCLK_DOUTADOUT[0])
                                                      0.972     2.709 f  u_baseline/g_lane_mem[0].h1_mem_reg_bram_0/DOUTADOUT[0]
                         net (fo=1, routed)           0.310     3.019    u_baseline/lane_sum_c0/B[0]
    DSP48E2_X17Y90       DSP_A_B_DATA (Prop_DSP_A_B_DATA_DSP48E2_B[0]_B_ALU[0])
                                                      0.165     3.184 r  u_baseline/lane_sum_c0/DSP_A_B_DATA_INST/B_ALU[0]
                         net (fo=1, routed)           0.000     3.184    u_baseline/lane_sum_c0/DSP_A_B_DATA.B_ALU<0>
    DSP48E2_X17Y90       DSP_ALU (Prop_DSP_ALU_DSP48E2_B_ALU[0]_ALU_OUT[0])
                                                      0.541     3.725 f  u_baseline/lane_sum_c0/DSP_ALU_INST/ALU_OUT[0]
                         net (fo=1, routed)           0.000     3.725    u_baseline/lane_sum_c0/DSP_ALU.ALU_OUT<0>
    DSP48E2_X17Y90       DSP_OUTPUT (Prop_DSP_OUTPUT_DSP48E2_ALU_OUT[0]_P[0])
                                                      0.109     3.834 r  u_baseline/lane_sum_c0/DSP_OUTPUT_INST/P[0]
                         net (fo=1, routed)           0.163     3.997    u_baseline/lane_sum_c0_n_105
    SLICE_X91Y225        LUT5 (Prop_E6LUT_SLICEM_I0_O)
                                                      0.124     4.121 r  u_baseline/lane_sum_c0__0_carry_i_23/O
                         net (fo=2, routed)           0.097     4.218    u_baseline/lane_sum_c[0]
    SLICE_X91Y227        LUT5 (Prop_E6LUT_SLICEM_I0_O)
                                                      0.037     4.255 r  u_baseline/lane_sum_c0__0_carry_i_7/O
                         net (fo=2, routed)           0.110     4.365    u_baseline/lane_sum_c0__0_carry_i_7_n_0
    SLICE_X90Y227        LUT6 (Prop_B6LUT_SLICEM_I0_O)
                                                      0.037     4.402 r  u_baseline/lane_sum_c0__0_carry_i_14/O
                         net (fo=1, routed)           0.016     4.418    u_baseline/lane_sum_c0__0_carry_i_14_n_0
    SLICE_X90Y227        CARRY8 (Prop_CARRY8_SLICEM_S[1]_O[6])
                                                      0.224     4.642 r  u_baseline/lane_sum_c0__0_carry/O[6]
                         net (fo=2, routed)           0.125     4.767    u_baseline/lane_sum_c0__0_carry_n_9
    SLICE_X90Y226        LUT5 (Prop_E6LUT_SLICEM_I0_O)
                                                      0.037     4.804 r  u_baseline/i___0_carry_i_1/O
                         net (fo=2, routed)           0.219     5.023    u_baseline/i___0_carry_i_1_n_0
    SLICE_X89Y226        LUT6 (Prop_H6LUT_SLICEL_I0_O)
                                                      0.051     5.074 r  u_baseline/i___0_carry_i_8/O
                         net (fo=1, routed)           0.010     5.084    u_baseline/i___0_carry_i_8_n_0
    SLICE_X89Y226        CARRY8 (Prop_CARRY8_SLICEL_S[7]_CO[7])
                                                      0.115     5.199 r  u_baseline/lane_sum_c0_inferred__0/i___0_carry/CO[7]
                         net (fo=1, routed)           0.026     5.225    u_baseline/lane_sum_c0_inferred__0/i___0_carry_n_0
    SLICE_X89Y227        CARRY8 (Prop_CARRY8_SLICEL_CI_O[0])
                                                      0.056     5.281 r  u_baseline/lane_sum_c0_inferred__0/i___0_carry__0/O[0]
                         net (fo=2, routed)           0.191     5.472    u_baseline/lane_sum_c0_inferred__0/i___0_carry__0_n_15
    SLICE_X88Y223        LUT5 (Prop_D6LUT_SLICEM_I4_O)
                                                      0.051     5.523 r  u_baseline/i___247_carry__0_i_7/O
                         net (fo=2, routed)           0.184     5.706    u_baseline/i___247_carry__0_i_7_n_0
    SLICE_X89Y223        LUT6 (Prop_B6LUT_SLICEL_I2_O)
                                                      0.036     5.742 r  u_baseline/i___247_carry__0_i_15/O
                         net (fo=1, routed)           0.009     5.751    u_baseline/i___247_carry__0_i_15_n_0
    SLICE_X89Y223        CARRY8 (Prop_CARRY8_SLICEL_S[1]_O[2])
                                                      0.114     5.865 r  u_baseline/lane_sum_c0_inferred__0/i___247_carry__0/O[2]
                         net (fo=2, routed)           0.223     6.088    u_baseline/lane_sum_c0_inferred__0/i___247_carry__0_n_13
    SLICE_X90Y223        LUT3 (Prop_C5LUT_SLICEM_I1_O)
                                                      0.111     6.199 r  u_baseline/i___341_carry__0_i_5/O
                         net (fo=2, routed)           0.221     6.420    u_baseline/i___341_carry__0_i_5_n_0
    SLICE_X90Y223        LUT4 (Prop_D6LUT_SLICEM_I3_O)
                                                      0.051     6.471 r  u_baseline/i___341_carry__0_i_13/O
                         net (fo=1, routed)           0.025     6.496    u_baseline/i___341_carry__0_i_13_n_0
    SLICE_X90Y223        CARRY8 (Prop_CARRY8_SLICEM_S[3]_CO[7])
                                                      0.163     6.659 r  u_baseline/lane_sum_c0_inferred__0/i___341_carry__0/CO[7]
                         net (fo=1, routed)           0.026     6.685    u_baseline/lane_sum_c0_inferred__0/i___341_carry__0_n_0
    SLICE_X90Y224        CARRY8 (Prop_CARRY8_SLICEM_CI_O[3])
                                                      0.082     6.767 r  u_baseline/lane_sum_c0_inferred__0/i___341_carry__1/O[3]
                         net (fo=1, routed)           0.026     6.793    u_baseline/lane_sum_c0_inferred__0/i___341_carry__1_n_12
    SLICE_X90Y224        FDRE                                         r  u_baseline/lane_sum_q_reg[19]/D
  -------------------------------------------------------------------    -------------------

                         (clock clk rise edge)        5.500     5.500 r  
    P11                                               0.000     5.500 r  clk (IN)
                         net (fo=0)                   0.000     5.500    clk_IBUF_inst/I
    P11                  INBUF (Prop_INBUF_HPIOB_M_PAD_O)
                                                      0.298     5.798 r  clk_IBUF_inst/INBUF_INST/O
                         net (fo=1, routed)           0.000     5.798    clk_IBUF_inst/OUT
    P11                  IBUFCTRL (Prop_IBUFCTRL_HPIOB_M_I_O)
                                                      0.000     5.798 r  clk_IBUF_inst/IBUFCTRL_INST/O
                         net (fo=1, routed)           0.282     6.080    clk_IBUF
    BUFGCE_X0Y77         BUFGCE (Prop_BUFCE_BUFGCE_I_O)
                                                      0.024     6.104 r  clk_IBUF_BUFG_inst/O
    X3Y3 (CLOCK_ROOT)    net (fo=335, routed)         0.667     6.771    u_baseline/clk_IBUF_BUFG
    SLICE_X90Y224        FDRE                                         r  u_baseline/lane_sum_q_reg[19]/C
                         clock pessimism              0.312     7.083    
                         clock uncertainty           -0.035     7.047    
    SLICE_X90Y224        FDRE (Setup_DFF_SLICEM_C_D)
                                                      0.025     7.072    u_baseline/lane_sum_q_reg[19]
  -------------------------------------------------------------------
                         required time                          7.072    
                         arrival time                          -6.793    
  -------------------------------------------------------------------
                         slack                                  0.279    

Slack (MET) :             0.286ns  (required time - arrival time)
  Source:                 u_baseline/g_lane_mem[0].h1_mem_reg_bram_0/CLKARDCLK
                            (rising edge-triggered cell RAMB18E2 clocked by clk  {rise@0.000ns fall@2.750ns period=5.500ns})
  Destination:            u_baseline/lane_sum_q_reg[17]/D
                            (rising edge-triggered cell FDRE clocked by clk  {rise@0.000ns fall@2.750ns period=5.500ns})
  Path Group:             clk
  Path Type:              Setup (Max at Slow Process Corner)
  Requirement:            5.500ns  (clk rise@5.500ns - clk rise@0.000ns)
  Data Path Delay:        5.049ns  (logic 3.070ns (60.803%)  route 1.979ns (39.197%))
  Logic Levels:           18  (CARRY8=6 DSP_A_B_DATA=1 DSP_ALU=1 DSP_OUTPUT=1 LUT3=1 LUT4=1 LUT5=4 LUT6=3)
  Clock Path Skew:        -0.155ns (DCD - SCD + CPR)
    Destination Clock Delay (DCD):    1.271ns = ( 6.771 - 5.500 ) 
    Source Clock Delay      (SCD):    1.737ns
    Clock Pessimism Removal (CPR):    0.312ns
  Clock Uncertainty:      0.035ns  ((TSJ^2 + TIJ^2)^1/2 + DJ) / 2 + PE
    Total System Jitter     (TSJ):    0.071ns
    Total Input Jitter      (TIJ):    0.000ns
    Discrete Jitter          (DJ):    0.000ns
    Phase Error              (PE):    0.000ns
  Clock Net Delay (Source):      0.842ns (routing 0.001ns, distribution 0.841ns)
  Clock Net Delay (Destination): 0.667ns (routing 0.001ns, distribution 0.666ns)

    Location             Delay type                Incr(ns)  Path(ns)    Netlist Resource(s)
  -------------------------------------------------------------------    -------------------
                         (clock clk rise edge)        0.000     0.000 r  
    P11                                               0.000     0.000 r  clk (IN)
                         net (fo=0)                   0.000     0.000    clk_IBUF_inst/I
    P11                  INBUF (Prop_INBUF_HPIOB_M_PAD_O)
                                                      0.548     0.548 r  clk_IBUF_inst/INBUF_INST/O
                         net (fo=1, routed)           0.000     0.548    clk_IBUF_inst/OUT
    P11                  IBUFCTRL (Prop_IBUFCTRL_HPIOB_M_I_O)
                                                      0.000     0.548 r  clk_IBUF_inst/IBUFCTRL_INST/O
                         net (fo=1, routed)           0.319     0.867    clk_IBUF
    BUFGCE_X0Y77         BUFGCE (Prop_BUFCE_BUFGCE_I_O)
                                                      0.028     0.895 r  clk_IBUF_BUFG_inst/O
    X3Y3 (CLOCK_ROOT)    net (fo=335, routed)         0.842     1.737    u_baseline/clk_IBUF_BUFG
    RAMB18_X12Y90        RAMB18E2                                     r  u_baseline/g_lane_mem[0].h1_mem_reg_bram_0/CLKARDCLK
  -------------------------------------------------------------------    -------------------
    RAMB18_X12Y90        RAMB18E2 (Prop_RAMB18E2_L_RAMB180_CLKARDCLK_DOUTADOUT[0])
                                                      0.972     2.709 f  u_baseline/g_lane_mem[0].h1_mem_reg_bram_0/DOUTADOUT[0]
                         net (fo=1, routed)           0.310     3.019    u_baseline/lane_sum_c0/B[0]
    DSP48E2_X17Y90       DSP_A_B_DATA (Prop_DSP_A_B_DATA_DSP48E2_B[0]_B_ALU[0])
                                                      0.165     3.184 r  u_baseline/lane_sum_c0/DSP_A_B_DATA_INST/B_ALU[0]
                         net (fo=1, routed)           0.000     3.184    u_baseline/lane_sum_c0/DSP_A_B_DATA.B_ALU<0>
    DSP48E2_X17Y90       DSP_ALU (Prop_DSP_ALU_DSP48E2_B_ALU[0]_ALU_OUT[0])
                                                      0.541     3.725 f  u_baseline/lane_sum_c0/DSP_ALU_INST/ALU_OUT[0]
                         net (fo=1, routed)           0.000     3.725    u_baseline/lane_sum_c0/DSP_ALU.ALU_OUT<0>
    DSP48E2_X17Y90       DSP_OUTPUT (Prop_DSP_OUTPUT_DSP48E2_ALU_OUT[0]_P[0])
                                                      0.109     3.834 r  u_baseline/lane_sum_c0/DSP_OUTPUT_INST/P[0]
                         net (fo=1, routed)           0.163     3.997    u_baseline/lane_sum_c0_n_105
    SLICE_X91Y225        LUT5 (Prop_E6LUT_SLICEM_I0_O)
                                                      0.124     4.121 r  u_baseline/lane_sum_c0__0_carry_i_23/O
                         net (fo=2, routed)           0.097     4.218    u_baseline/lane_sum_c[0]
    SLICE_X91Y227        LUT5 (Prop_E6LUT_SLICEM_I0_O)
                                                      0.037     4.255 r  u_baseline/lane_sum_c0__0_carry_i_7/O
                         net (fo=2, routed)           0.110     4.365    u_baseline/lane_sum_c0__0_carry_i_7_n_0
    SLICE_X90Y227        LUT6 (Prop_B6LUT_SLICEM_I0_O)
                                                      0.037     4.402 r  u_baseline/lane_sum_c0__0_carry_i_14/O
                         net (fo=1, routed)           0.016     4.418    u_baseline/lane_sum_c0__0_carry_i_14_n_0
    SLICE_X90Y227        CARRY8 (Prop_CARRY8_SLICEM_S[1]_O[6])
                                                      0.224     4.642 r  u_baseline/lane_sum_c0__0_carry/O[6]
                         net (fo=2, routed)           0.125     4.767    u_baseline/lane_sum_c0__0_carry_n_9
    SLICE_X90Y226        LUT5 (Prop_E6LUT_SLICEM_I0_O)
                                                      0.037     4.804 r  u_baseline/i___0_carry_i_1/O
                         net (fo=2, routed)           0.219     5.023    u_baseline/i___0_carry_i_1_n_0
    SLICE_X89Y226        LUT6 (Prop_H6LUT_SLICEL_I0_O)
                                                      0.051     5.074 r  u_baseline/i___0_carry_i_8/O
                         net (fo=1, routed)           0.010     5.084    u_baseline/i___0_carry_i_8_n_0
    SLICE_X89Y226        CARRY8 (Prop_CARRY8_SLICEL_S[7]_CO[7])
                                                      0.115     5.199 r  u_baseline/lane_sum_c0_inferred__0/i___0_carry/CO[7]
                         net (fo=1, routed)           0.026     5.225    u_baseline/lane_sum_c0_inferred__0/i___0_carry_n_0
    SLICE_X89Y227        CARRY8 (Prop_CARRY8_SLICEL_CI_O[0])
                                                      0.056     5.281 r  u_baseline/lane_sum_c0_inferred__0/i___0_carry__0/O[0]
                         net (fo=2, routed)           0.191     5.472    u_baseline/lane_sum_c0_inferred__0/i___0_carry__0_n_15
    SLICE_X88Y223        LUT5 (Prop_D6LUT_SLICEM_I4_O)
                                                      0.051     5.523 r  u_baseline/i___247_carry__0_i_7/O
                         net (fo=2, routed)           0.184     5.706    u_baseline/i___247_carry__0_i_7_n_0
    SLICE_X89Y223        LUT6 (Prop_B6LUT_SLICEL_I2_O)
                                                      0.036     5.742 r  u_baseline/i___247_carry__0_i_15/O
                         net (fo=1, routed)           0.009     5.751    u_baseline/i___247_carry__0_i_15_n_0
    SLICE_X89Y223        CARRY8 (Prop_CARRY8_SLICEL_S[1]_O[2])
                                                      0.114     5.865 r  u_baseline/lane_sum_c0_inferred__0/i___247_carry__0/O[2]
                         net (fo=2, routed)           0.223     6.088    u_baseline/lane_sum_c0_inferred__0/i___247_carry__0_n_13
    SLICE_X90Y223        LUT3 (Prop_C5LUT_SLICEM_I1_O)
                                                      0.111     6.199 r  u_baseline/i___341_carry__0_i_5/O
                         net (fo=2, routed)           0.221     6.420    u_baseline/i___341_carry__0_i_5_n_0
    SLICE_X90Y223        LUT4 (Prop_D6LUT_SLICEM_I3_O)
                                                      0.051     6.471 r  u_baseline/i___341_carry__0_i_13/O
                         net (fo=1, routed)           0.025     6.496    u_baseline/i___341_carry__0_i_13_n_0
    SLICE_X90Y223        CARRY8 (Prop_CARRY8_SLICEM_S[3]_CO[7])
                                                      0.163     6.659 r  u_baseline/lane_sum_c0_inferred__0/i___341_carry__0/CO[7]
                         net (fo=1, routed)           0.026     6.685    u_baseline/lane_sum_c0_inferred__0/i___341_carry__0_n_0
    SLICE_X90Y224        CARRY8 (Prop_CARRY8_SLICEM_CI_O[1])
                                                      0.076     6.761 r  u_baseline/lane_sum_c0_inferred__0/i___341_carry__1/O[1]
                         net (fo=1, routed)           0.025     6.786    u_baseline/lane_sum_c0_inferred__0/i___341_carry__1_n_14
    SLICE_X90Y224        FDRE                                         r  u_baseline/lane_sum_q_reg[17]/D
  -------------------------------------------------------------------    -------------------

                         (clock clk rise edge)        5.500     5.500 r  
    P11                                               0.000     5.500 r  clk (IN)
                         net (fo=0)                   0.000     5.500    clk_IBUF_inst/I
    P11                  INBUF (Prop_INBUF_HPIOB_M_PAD_O)
                                                      0.298     5.798 r  clk_IBUF_inst/INBUF_INST/O
                         net (fo=1, routed)           0.000     5.798    clk_IBUF_inst/OUT
    P11                  IBUFCTRL (Prop_IBUFCTRL_HPIOB_M_I_O)
                                                      0.000     5.798 r  clk_IBUF_inst/IBUFCTRL_INST/O
                         net (fo=1, routed)           0.282     6.080    clk_IBUF
    BUFGCE_X0Y77         BUFGCE (Prop_BUFCE_BUFGCE_I_O)
                                                      0.024     6.104 r  clk_IBUF_BUFG_inst/O
    X3Y3 (CLOCK_ROOT)    net (fo=335, routed)         0.667     6.771    u_baseline/clk_IBUF_BUFG
    SLICE_X90Y224        FDRE                                         r  u_baseline/lane_sum_q_reg[17]/C
                         clock pessimism              0.312     7.083    
                         clock uncertainty           -0.035     7.047    
    SLICE_X90Y224        FDRE (Setup_BFF_SLICEM_C_D)
                                                      0.025     7.072    u_baseline/lane_sum_q_reg[17]
  -------------------------------------------------------------------
                         required time                          7.072    
                         arrival time                          -6.786    
  -------------------------------------------------------------------
                         slack                                  0.286    

Slack (MET) :             0.294ns  (required time - arrival time)
  Source:                 u_baseline/g_lane_mem[0].h1_mem_reg_bram_0/CLKARDCLK
                            (rising edge-triggered cell RAMB18E2 clocked by clk  {rise@0.000ns fall@2.750ns period=5.500ns})
  Destination:            u_baseline/lane_sum_q_reg[18]/D
                            (rising edge-triggered cell FDRE clocked by clk  {rise@0.000ns fall@2.750ns period=5.500ns})
  Path Group:             clk
  Path Type:              Setup (Max at Slow Process Corner)
  Requirement:            5.500ns  (clk rise@5.500ns - clk rise@0.000ns)
  Data Path Delay:        5.041ns  (logic 3.061ns (60.721%)  route 1.980ns (39.279%))
  Logic Levels:           18  (CARRY8=6 DSP_A_B_DATA=1 DSP_ALU=1 DSP_OUTPUT=1 LUT3=1 LUT4=1 LUT5=4 LUT6=3)
  Clock Path Skew:        -0.155ns (DCD - SCD + CPR)
    Destination Clock Delay (DCD):    1.271ns = ( 6.771 - 5.500 ) 
    Source Clock Delay      (SCD):    1.737ns
    Clock Pessimism Removal (CPR):    0.312ns
  Clock Uncertainty:      0.035ns  ((TSJ^2 + TIJ^2)^1/2 + DJ) / 2 + PE
    Total System Jitter     (TSJ):    0.071ns
    Total Input Jitter      (TIJ):    0.000ns
    Discrete Jitter          (DJ):    0.000ns
    Phase Error              (PE):    0.000ns
  Clock Net Delay (Source):      0.842ns (routing 0.001ns, distribution 0.841ns)
  Clock Net Delay (Destination): 0.667ns (routing 0.001ns, distribution 0.666ns)

    Location             Delay type                Incr(ns)  Path(ns)    Netlist Resource(s)
  -------------------------------------------------------------------    -------------------
                         (clock clk rise edge)        0.000     0.000 r  
    P11                                               0.000     0.000 r  clk (IN)
                         net (fo=0)                   0.000     0.000    clk_IBUF_inst/I
    P11                  INBUF (Prop_INBUF_HPIOB_M_PAD_O)
                                                      0.548     0.548 r  clk_IBUF_inst/INBUF_INST/O
                         net (fo=1, routed)           0.000     0.548    clk_IBUF_inst/OUT
    P11                  IBUFCTRL (Prop_IBUFCTRL_HPIOB_M_I_O)
                                                      0.000     0.548 r  clk_IBUF_inst/IBUFCTRL_INST/O
                         net (fo=1, routed)           0.319     0.867    clk_IBUF
    BUFGCE_X0Y77         BUFGCE (Prop_BUFCE_BUFGCE_I_O)
                                                      0.028     0.895 r  clk_IBUF_BUFG_inst/O
    X3Y3 (CLOCK_ROOT)    net (fo=335, routed)         0.842     1.737    u_baseline/clk_IBUF_BUFG
    RAMB18_X12Y90        RAMB18E2                                     r  u_baseline/g_lane_mem[0].h1_mem_reg_bram_0/CLKARDCLK
  -------------------------------------------------------------------    -------------------
    RAMB18_X12Y90        RAMB18E2 (Prop_RAMB18E2_L_RAMB180_CLKARDCLK_DOUTADOUT[0])
                                                      0.972     2.709 f  u_baseline/g_lane_mem[0].h1_mem_reg_bram_0/DOUTADOUT[0]
                         net (fo=1, routed)           0.310     3.019    u_baseline/lane_sum_c0/B[0]
    DSP48E2_X17Y90       DSP_A_B_DATA (Prop_DSP_A_B_DATA_DSP48E2_B[0]_B_ALU[0])
                                                      0.165     3.184 r  u_baseline/lane_sum_c0/DSP_A_B_DATA_INST/B_ALU[0]
                         net (fo=1, routed)           0.000     3.184    u_baseline/lane_sum_c0/DSP_A_B_DATA.B_ALU<0>
    DSP48E2_X17Y90       DSP_ALU (Prop_DSP_ALU_DSP48E2_B_ALU[0]_ALU_OUT[0])
                                                      0.541     3.725 f  u_baseline/lane_sum_c0/DSP_ALU_INST/ALU_OUT[0]
                         net (fo=1, routed)           0.000     3.725    u_baseline/lane_sum_c0/DSP_ALU.ALU_OUT<0>
    DSP48E2_X17Y90       DSP_OUTPUT (Prop_DSP_OUTPUT_DSP48E2_ALU_OUT[0]_P[0])
                                                      0.109     3.834 r  u_baseline/lane_sum_c0/DSP_OUTPUT_INST/P[0]
                         net (fo=1, routed)           0.163     3.997    u_baseline/lane_sum_c0_n_105
    SLICE_X91Y225        LUT5 (Prop_E6LUT_SLICEM_I0_O)
                                                      0.124     4.121 r  u_baseline/lane_sum_c0__0_carry_i_23/O
                         net (fo=2, routed)           0.097     4.218    u_baseline/lane_sum_c[0]
    SLICE_X91Y227        LUT5 (Prop_E6LUT_SLICEM_I0_O)
                                                      0.037     4.255 r  u_baseline/lane_sum_c0__0_carry_i_7/O
                         net (fo=2, routed)           0.110     4.365    u_baseline/lane_sum_c0__0_carry_i_7_n_0
    SLICE_X90Y227        LUT6 (Prop_B6LUT_SLICEM_I0_O)
                                                      0.037     4.402 r  u_baseline/lane_sum_c0__0_carry_i_14/O
                         net (fo=1, routed)           0.016     4.418    u_baseline/lane_sum_c0__0_carry_i_14_n_0
    SLICE_X90Y227        CARRY8 (Prop_CARRY8_SLICEM_S[1]_O[6])
                                                      0.224     4.642 r  u_baseline/lane_sum_c0__0_carry/O[6]
                         net (fo=2, routed)           0.125     4.767    u_baseline/lane_sum_c0__0_carry_n_9
    SLICE_X90Y226        LUT5 (Prop_E6LUT_SLICEM_I0_O)
                                                      0.037     4.804 r  u_baseline/i___0_carry_i_1/O
                         net (fo=2, routed)           0.219     5.023    u_baseline/i___0_carry_i_1_n_0
    SLICE_X89Y226        LUT6 (Prop_H6LUT_SLICEL_I0_O)
                                                      0.051     5.074 r  u_baseline/i___0_carry_i_8/O
                         net (fo=1, routed)           0.010     5.084    u_baseline/i___0_carry_i_8_n_0
    SLICE_X89Y226        CARRY8 (Prop_CARRY8_SLICEL_S[7]_CO[7])
                                                      0.115     5.199 r  u_baseline/lane_sum_c0_inferred__0/i___0_carry/CO[7]
                         net (fo=1, routed)           0.026     5.225    u_baseline/lane_sum_c0_inferred__0/i___0_carry_n_0
    SLICE_X89Y227        CARRY8 (Prop_CARRY8_SLICEL_CI_O[0])
                                                      0.056     5.281 r  u_baseline/lane_sum_c0_inferred__0/i___0_carry__0/O[0]
                         net (fo=2, routed)           0.191     5.472    u_baseline/lane_sum_c0_inferred__0/i___0_carry__0_n_15
    SLICE_X88Y223        LUT5 (Prop_D6LUT_SLICEM_I4_O)
                                                      0.051     5.523 r  u_baseline/i___247_carry__0_i_7/O
                         net (fo=2, routed)           0.184     5.706    u_baseline/i___247_carry__0_i_7_n_0
    SLICE_X89Y223        LUT6 (Prop_B6LUT_SLICEL_I2_O)
                                                      0.036     5.742 r  u_baseline/i___247_carry__0_i_15/O
                         net (fo=1, routed)           0.009     5.751    u_baseline/i___247_carry__0_i_15_n_0
    SLICE_X89Y223        CARRY8 (Prop_CARRY8_SLICEL_S[1]_O[2])
                                                      0.114     5.865 r  u_baseline/lane_sum_c0_inferred__0/i___247_carry__0/O[2]
                         net (fo=2, routed)           0.223     6.088    u_baseline/lane_sum_c0_inferred__0/i___247_carry__0_n_13
    SLICE_X90Y223        LUT3 (Prop_C5LUT_SLICEM_I1_O)
                                                      0.111     6.199 r  u_baseline/i___341_carry__0_i_5/O
                         net (fo=2, routed)           0.221     6.420    u_baseline/i___341_carry__0_i_5_n_0
    SLICE_X90Y223        LUT4 (Prop_D6LUT_SLICEM_I3_O)
                                                      0.051     6.471 r  u_baseline/i___341_carry__0_i_13/O
                         net (fo=1, routed)           0.025     6.496    u_baseline/i___341_carry__0_i_13_n_0
    SLICE_X90Y223        CARRY8 (Prop_CARRY8_SLICEM_S[3]_CO[7])
                                                      0.163     6.659 r  u_baseline/lane_sum_c0_inferred__0/i___341_carry__0/CO[7]
                         net (fo=1, routed)           0.026     6.685    u_baseline/lane_sum_c0_inferred__0/i___341_carry__0_n_0
    SLICE_X90Y224        CARRY8 (Prop_CARRY8_SLICEM_CI_O[2])
                                                      0.067     6.752 r  u_baseline/lane_sum_c0_inferred__0/i___341_carry__1/O[2]
                         net (fo=1, routed)           0.026     6.778    u_baseline/lane_sum_c0_inferred__0/i___341_carry__1_n_13
    SLICE_X90Y224        FDRE                                         r  u_baseline/lane_sum_q_reg[18]/D
  -------------------------------------------------------------------    -------------------

                         (clock clk rise edge)        5.500     5.500 r  
    P11                                               0.000     5.500 r  clk (IN)
                         net (fo=0)                   0.000     5.500    clk_IBUF_inst/I
    P11                  INBUF (Prop_INBUF_HPIOB_M_PAD_O)
                                                      0.298     5.798 r  clk_IBUF_inst/INBUF_INST/O
                         net (fo=1, routed)           0.000     5.798    clk_IBUF_inst/OUT
    P11                  IBUFCTRL (Prop_IBUFCTRL_HPIOB_M_I_O)
                                                      0.000     5.798 r  clk_IBUF_inst/IBUFCTRL_INST/O
                         net (fo=1, routed)           0.282     6.080    clk_IBUF
    BUFGCE_X0Y77         BUFGCE (Prop_BUFCE_BUFGCE_I_O)
                                                      0.024     6.104 r  clk_IBUF_BUFG_inst/O
    X3Y3 (CLOCK_ROOT)    net (fo=335, routed)         0.667     6.771    u_baseline/clk_IBUF_BUFG
    SLICE_X90Y224        FDRE                                         r  u_baseline/lane_sum_q_reg[18]/C
                         clock pessimism              0.312     7.083    
                         clock uncertainty           -0.035     7.047    
    SLICE_X90Y224        FDRE (Setup_CFF_SLICEM_C_D)
                                                      0.025     7.072    u_baseline/lane_sum_q_reg[18]
  -------------------------------------------------------------------
                         required time                          7.072    
                         arrival time                          -6.778    
  -------------------------------------------------------------------
                         slack                                  0.294    

Slack (MET) :             0.306ns  (required time - arrival time)
  Source:                 u_baseline/g_lane_mem[0].h1_mem_reg_bram_0/CLKARDCLK
                            (rising edge-triggered cell RAMB18E2 clocked by clk  {rise@0.000ns fall@2.750ns period=5.500ns})
  Destination:            u_baseline/lane_sum_q_reg[16]/D
                            (rising edge-triggered cell FDRE clocked by clk  {rise@0.000ns fall@2.750ns period=5.500ns})
  Path Group:             clk
  Path Type:              Setup (Max at Slow Process Corner)
  Requirement:            5.500ns  (clk rise@5.500ns - clk rise@0.000ns)
  Data Path Delay:        5.029ns  (logic 3.050ns (60.648%)  route 1.979ns (39.352%))
  Logic Levels:           18  (CARRY8=6 DSP_A_B_DATA=1 DSP_ALU=1 DSP_OUTPUT=1 LUT3=1 LUT4=1 LUT5=4 LUT6=3)
  Clock Path Skew:        -0.155ns (DCD - SCD + CPR)
    Destination Clock Delay (DCD):    1.271ns = ( 6.771 - 5.500 ) 
    Source Clock Delay      (SCD):    1.737ns
    Clock Pessimism Removal (CPR):    0.312ns
  Clock Uncertainty:      0.035ns  ((TSJ^2 + TIJ^2)^1/2 + DJ) / 2 + PE
    Total System Jitter     (TSJ):    0.071ns
    Total Input Jitter      (TIJ):    0.000ns
    Discrete Jitter          (DJ):    0.000ns
    Phase Error              (PE):    0.000ns
  Clock Net Delay (Source):      0.842ns (routing 0.001ns, distribution 0.841ns)
  Clock Net Delay (Destination): 0.667ns (routing 0.001ns, distribution 0.666ns)

    Location             Delay type                Incr(ns)  Path(ns)    Netlist Resource(s)
  -------------------------------------------------------------------    -------------------
                         (clock clk rise edge)        0.000     0.000 r  
    P11                                               0.000     0.000 r  clk (IN)
                         net (fo=0)                   0.000     0.000    clk_IBUF_inst/I
    P11                  INBUF (Prop_INBUF_HPIOB_M_PAD_O)
                                                      0.548     0.548 r  clk_IBUF_inst/INBUF_INST/O
                         net (fo=1, routed)           0.000     0.548    clk_IBUF_inst/OUT
    P11                  IBUFCTRL (Prop_IBUFCTRL_HPIOB_M_I_O)
                                                      0.000     0.548 r  clk_IBUF_inst/IBUFCTRL_INST/O
                         net (fo=1, routed)           0.319     0.867    clk_IBUF
    BUFGCE_X0Y77         BUFGCE (Prop_BUFCE_BUFGCE_I_O)
                                                      0.028     0.895 r  clk_IBUF_BUFG_inst/O
    X3Y3 (CLOCK_ROOT)    net (fo=335, routed)         0.842     1.737    u_baseline/clk_IBUF_BUFG
    RAMB18_X12Y90        RAMB18E2                                     r  u_baseline/g_lane_mem[0].h1_mem_reg_bram_0/CLKARDCLK
  -------------------------------------------------------------------    -------------------
    RAMB18_X12Y90        RAMB18E2 (Prop_RAMB18E2_L_RAMB180_CLKARDCLK_DOUTADOUT[0])
                                                      0.972     2.709 f  u_baseline/g_lane_mem[0].h1_mem_reg_bram_0/DOUTADOUT[0]
                         net (fo=1, routed)           0.310     3.019    u_baseline/lane_sum_c0/B[0]
    DSP48E2_X17Y90       DSP_A_B_DATA (Prop_DSP_A_B_DATA_DSP48E2_B[0]_B_ALU[0])
                                                      0.165     3.184 r  u_baseline/lane_sum_c0/DSP_A_B_DATA_INST/B_ALU[0]
                         net (fo=1, routed)           0.000     3.184    u_baseline/lane_sum_c0/DSP_A_B_DATA.B_ALU<0>
    DSP48E2_X17Y90       DSP_ALU (Prop_DSP_ALU_DSP48E2_B_ALU[0]_ALU_OUT[0])
                                                      0.541     3.725 f  u_baseline/lane_sum_c0/DSP_ALU_INST/ALU_OUT[0]
                         net (fo=1, routed)           0.000     3.725    u_baseline/lane_sum_c0/DSP_ALU.ALU_OUT<0>
    DSP48E2_X17Y90       DSP_OUTPUT (Prop_DSP_OUTPUT_DSP48E2_ALU_OUT[0]_P[0])
                                                      0.109     3.834 r  u_baseline/lane_sum_c0/DSP_OUTPUT_INST/P[0]
                         net (fo=1, routed)           0.163     3.997    u_baseline/lane_sum_c0_n_105
    SLICE_X91Y225        LUT5 (Prop_E6LUT_SLICEM_I0_O)
                                                      0.124     4.121 r  u_baseline/lane_sum_c0__0_carry_i_23/O
                         net (fo=2, routed)           0.097     4.218    u_baseline/lane_sum_c[0]
    SLICE_X91Y227        LUT5 (Prop_E6LUT_SLICEM_I0_O)
                                                      0.037     4.255 r  u_baseline/lane_sum_c0__0_carry_i_7/O
                         net (fo=2, routed)           0.110     4.365    u_baseline/lane_sum_c0__0_carry_i_7_n_0
    SLICE_X90Y227        LUT6 (Prop_B6LUT_SLICEM_I0_O)
                                                      0.037     4.402 r  u_baseline/lane_sum_c0__0_carry_i_14/O
                         net (fo=1, routed)           0.016     4.418    u_baseline/lane_sum_c0__0_carry_i_14_n_0
    SLICE_X90Y227        CARRY8 (Prop_CARRY8_SLICEM_S[1]_O[6])
                                                      0.224     4.642 r  u_baseline/lane_sum_c0__0_carry/O[6]
                         net (fo=2, routed)           0.125     4.767    u_baseline/lane_sum_c0__0_carry_n_9
    SLICE_X90Y226        LUT5 (Prop_E6LUT_SLICEM_I0_O)
                                                      0.037     4.804 r  u_baseline/i___0_carry_i_1/O
                         net (fo=2, routed)           0.219     5.023    u_baseline/i___0_carry_i_1_n_0
    SLICE_X89Y226        LUT6 (Prop_H6LUT_SLICEL_I0_O)
                                                      0.051     5.074 r  u_baseline/i___0_carry_i_8/O
                         net (fo=1, routed)           0.010     5.084    u_baseline/i___0_carry_i_8_n_0
    SLICE_X89Y226        CARRY8 (Prop_CARRY8_SLICEL_S[7]_CO[7])
                                                      0.115     5.199 r  u_baseline/lane_sum_c0_inferred__0/i___0_carry/CO[7]
                         net (fo=1, routed)           0.026     5.225    u_baseline/lane_sum_c0_inferred__0/i___0_carry_n_0
    SLICE_X89Y227        CARRY8 (Prop_CARRY8_SLICEL_CI_O[0])
                                                      0.056     5.281 r  u_baseline/lane_sum_c0_inferred__0/i___0_carry__0/O[0]
                         net (fo=2, routed)           0.191     5.472    u_baseline/lane_sum_c0_inferred__0/i___0_carry__0_n_15
    SLICE_X88Y223        LUT5 (Prop_D6LUT_SLICEM_I4_O)
                                                      0.051     5.523 r  u_baseline/i___247_carry__0_i_7/O
                         net (fo=2, routed)           0.184     5.706    u_baseline/i___247_carry__0_i_7_n_0
    SLICE_X89Y223        LUT6 (Prop_B6LUT_SLICEL_I2_O)
                                                      0.036     5.742 r  u_baseline/i___247_carry__0_i_15/O
                         net (fo=1, routed)           0.009     5.751    u_baseline/i___247_carry__0_i_15_n_0
    SLICE_X89Y223        CARRY8 (Prop_CARRY8_SLICEL_S[1]_O[2])
                                                      0.114     5.865 r  u_baseline/lane_sum_c0_inferred__0/i___247_carry__0/O[2]
                         net (fo=2, routed)           0.223     6.088    u_baseline/lane_sum_c0_inferred__0/i___247_carry__0_n_13
    SLICE_X90Y223        LUT3 (Prop_C5LUT_SLICEM_I1_O)
                                                      0.111     6.199 r  u_baseline/i___341_carry__0_i_5/O
                         net (fo=2, routed)           0.221     6.420    u_baseline/i___341_carry__0_i_5_n_0
    SLICE_X90Y223        LUT4 (Prop_D6LUT_SLICEM_I3_O)
                                                      0.051     6.471 r  u_baseline/i___341_carry__0_i_13/O
                         net (fo=1, routed)           0.025     6.496    u_baseline/i___341_carry__0_i_13_n_0
    SLICE_X90Y223        CARRY8 (Prop_CARRY8_SLICEM_S[3]_CO[7])
                                                      0.163     6.659 r  u_baseline/lane_sum_c0_inferred__0/i___341_carry__0/CO[7]
                         net (fo=1, routed)           0.026     6.685    u_baseline/lane_sum_c0_inferred__0/i___341_carry__0_n_0
    SLICE_X90Y224        CARRY8 (Prop_CARRY8_SLICEM_CI_O[0])
                                                      0.056     6.741 r  u_baseline/lane_sum_c0_inferred__0/i___341_carry__1/O[0]
                         net (fo=1, routed)           0.025     6.766    u_baseline/lane_sum_c0_inferred__0/i___341_carry__1_n_15
    SLICE_X90Y224        FDRE                                         r  u_baseline/lane_sum_q_reg[16]/D
  -------------------------------------------------------------------    -------------------

                         (clock clk rise edge)        5.500     5.500 r  
    P11                                               0.000     5.500 r  clk (IN)
                         net (fo=0)                   0.000     5.500    clk_IBUF_inst/I
    P11                  INBUF (Prop_INBUF_HPIOB_M_PAD_O)
                                                      0.298     5.798 r  clk_IBUF_inst/INBUF_INST/O
                         net (fo=1, routed)           0.000     5.798    clk_IBUF_inst/OUT
    P11                  IBUFCTRL (Prop_IBUFCTRL_HPIOB_M_I_O)
                                                      0.000     5.798 r  clk_IBUF_inst/IBUFCTRL_INST/O
                         net (fo=1, routed)           0.282     6.080    clk_IBUF
    BUFGCE_X0Y77         BUFGCE (Prop_BUFCE_BUFGCE_I_O)
                                                      0.024     6.104 r  clk_IBUF_BUFG_inst/O
    X3Y3 (CLOCK_ROOT)    net (fo=335, routed)         0.667     6.771    u_baseline/clk_IBUF_BUFG
    SLICE_X90Y224        FDRE                                         r  u_baseline/lane_sum_q_reg[16]/C
                         clock pessimism              0.312     7.083    
                         clock uncertainty           -0.035     7.047    
    SLICE_X90Y224        FDRE (Setup_AFF_SLICEM_C_D)
                                                      0.025     7.072    u_baseline/lane_sum_q_reg[16]
  -------------------------------------------------------------------
                         required time                          7.072    
                         arrival time                          -6.766    
  -------------------------------------------------------------------
                         slack                                  0.306    

Slack (MET) :             0.367ns  (required time - arrival time)
  Source:                 u_baseline/g_lane_mem[0].h1_mem_reg_bram_0/CLKARDCLK
                            (rising edge-triggered cell RAMB18E2 clocked by clk  {rise@0.000ns fall@2.750ns period=5.500ns})
  Destination:            u_baseline/lane_sum_q_reg[15]/D
                            (rising edge-triggered cell FDRE clocked by clk  {rise@0.000ns fall@2.750ns period=5.500ns})
  Path Group:             clk
  Path Type:              Setup (Max at Slow Process Corner)
  Requirement:            5.500ns  (clk rise@5.500ns - clk rise@0.000ns)
  Data Path Delay:        4.972ns  (logic 3.018ns (60.699%)  route 1.954ns (39.301%))
  Logic Levels:           17  (CARRY8=5 DSP_A_B_DATA=1 DSP_ALU=1 DSP_OUTPUT=1 LUT3=1 LUT4=1 LUT5=4 LUT6=3)
  Clock Path Skew:        -0.151ns (DCD - SCD + CPR)
    Destination Clock Delay (DCD):    1.274ns = ( 6.774 - 5.500 ) 
    Source Clock Delay      (SCD):    1.737ns
    Clock Pessimism Removal (CPR):    0.312ns
  Clock Uncertainty:      0.035ns  ((TSJ^2 + TIJ^2)^1/2 + DJ) / 2 + PE
    Total System Jitter     (TSJ):    0.071ns
    Total Input Jitter      (TIJ):    0.000ns
    Discrete Jitter          (DJ):    0.000ns
    Phase Error              (PE):    0.000ns
  Clock Net Delay (Source):      0.842ns (routing 0.001ns, distribution 0.841ns)
  Clock Net Delay (Destination): 0.670ns (routing 0.001ns, distribution 0.669ns)

    Location             Delay type                Incr(ns)  Path(ns)    Netlist Resource(s)
  -------------------------------------------------------------------    -------------------
                         (clock clk rise edge)        0.000     0.000 r  
    P11                                               0.000     0.000 r  clk (IN)
                         net (fo=0)                   0.000     0.000    clk_IBUF_inst/I
    P11                  INBUF (Prop_INBUF_HPIOB_M_PAD_O)
                                                      0.548     0.548 r  clk_IBUF_inst/INBUF_INST/O
                         net (fo=1, routed)           0.000     0.548    clk_IBUF_inst/OUT
    P11                  IBUFCTRL (Prop_IBUFCTRL_HPIOB_M_I_O)
                                                      0.000     0.548 r  clk_IBUF_inst/IBUFCTRL_INST/O
                         net (fo=1, routed)           0.319     0.867    clk_IBUF
    BUFGCE_X0Y77         BUFGCE (Prop_BUFCE_BUFGCE_I_O)
                                                      0.028     0.895 r  clk_IBUF_BUFG_inst/O
    X3Y3 (CLOCK_ROOT)    net (fo=335, routed)         0.842     1.737    u_baseline/clk_IBUF_BUFG
    RAMB18_X12Y90        RAMB18E2                                     r  u_baseline/g_lane_mem[0].h1_mem_reg_bram_0/CLKARDCLK
  -------------------------------------------------------------------    -------------------
    RAMB18_X12Y90        RAMB18E2 (Prop_RAMB18E2_L_RAMB180_CLKARDCLK_DOUTADOUT[0])
                                                      0.972     2.709 f  u_baseline/g_lane_mem[0].h1_mem_reg_bram_0/DOUTADOUT[0]
                         net (fo=1, routed)           0.310     3.019    u_baseline/lane_sum_c0/B[0]
    DSP48E2_X17Y90       DSP_A_B_DATA (Prop_DSP_A_B_DATA_DSP48E2_B[0]_B_ALU[0])
                                                      0.165     3.184 r  u_baseline/lane_sum_c0/DSP_A_B_DATA_INST/B_ALU[0]
                         net (fo=1, routed)           0.000     3.184    u_baseline/lane_sum_c0/DSP_A_B_DATA.B_ALU<0>
    DSP48E2_X17Y90       DSP_ALU (Prop_DSP_ALU_DSP48E2_B_ALU[0]_ALU_OUT[0])
                                                      0.541     3.725 f  u_baseline/lane_sum_c0/DSP_ALU_INST/ALU_OUT[0]
                         net (fo=1, routed)           0.000     3.725    u_baseline/lane_sum_c0/DSP_ALU.ALU_OUT<0>
    DSP48E2_X17Y90       DSP_OUTPUT (Prop_DSP_OUTPUT_DSP48E2_ALU_OUT[0]_P[0])
                                                      0.109     3.834 r  u_baseline/lane_sum_c0/DSP_OUTPUT_INST/P[0]
                         net (fo=1, routed)           0.163     3.997    u_baseline/lane_sum_c0_n_105
    SLICE_X91Y225        LUT5 (Prop_E6LUT_SLICEM_I0_O)
                                                      0.124     4.121 r  u_baseline/lane_sum_c0__0_carry_i_23/O
                         net (fo=2, routed)           0.097     4.218    u_baseline/lane_sum_c[0]
    SLICE_X91Y227        LUT5 (Prop_E6LUT_SLICEM_I0_O)
                                                      0.037     4.255 r  u_baseline/lane_sum_c0__0_carry_i_7/O
                         net (fo=2, routed)           0.110     4.365    u_baseline/lane_sum_c0__0_carry_i_7_n_0
    SLICE_X90Y227        LUT6 (Prop_B6LUT_SLICEM_I0_O)
                                                      0.037     4.402 r  u_baseline/lane_sum_c0__0_carry_i_14/O
                         net (fo=1, routed)           0.016     4.418    u_baseline/lane_sum_c0__0_carry_i_14_n_0
    SLICE_X90Y227        CARRY8 (Prop_CARRY8_SLICEM_S[1]_O[6])
                                                      0.224     4.642 r  u_baseline/lane_sum_c0__0_carry/O[6]
                         net (fo=2, routed)           0.125     4.767    u_baseline/lane_sum_c0__0_carry_n_9
    SLICE_X90Y226        LUT5 (Prop_E6LUT_SLICEM_I0_O)
                                                      0.037     4.804 r  u_baseline/i___0_carry_i_1/O
                         net (fo=2, routed)           0.219     5.023    u_baseline/i___0_carry_i_1_n_0
    SLICE_X89Y226        LUT6 (Prop_H6LUT_SLICEL_I0_O)
                                                      0.051     5.074 r  u_baseline/i___0_carry_i_8/O
                         net (fo=1, routed)           0.010     5.084    u_baseline/i___0_carry_i_8_n_0
    SLICE_X89Y226        CARRY8 (Prop_CARRY8_SLICEL_S[7]_CO[7])
                                                      0.115     5.199 r  u_baseline/lane_sum_c0_inferred__0/i___0_carry/CO[7]
                         net (fo=1, routed)           0.026     5.225    u_baseline/lane_sum_c0_inferred__0/i___0_carry_n_0
    SLICE_X89Y227        CARRY8 (Prop_CARRY8_SLICEL_CI_O[0])
                                                      0.056     5.281 r  u_baseline/lane_sum_c0_inferred__0/i___0_carry__0/O[0]
                         net (fo=2, routed)           0.191     5.472    u_baseline/lane_sum_c0_inferred__0/i___0_carry__0_n_15
    SLICE_X88Y223        LUT5 (Prop_D6LUT_SLICEM_I4_O)
                                                      0.051     5.523 r  u_baseline/i___247_carry__0_i_7/O
                         net (fo=2, routed)           0.184     5.706    u_baseline/i___247_carry__0_i_7_n_0
    SLICE_X89Y223        LUT6 (Prop_B6LUT_SLICEL_I2_O)
                                                      0.036     5.742 r  u_baseline/i___247_carry__0_i_15/O
                         net (fo=1, routed)           0.009     5.751    u_baseline/i___247_carry__0_i_15_n_0
    SLICE_X89Y223        CARRY8 (Prop_CARRY8_SLICEL_S[1]_O[2])
                                                      0.114     5.865 r  u_baseline/lane_sum_c0_inferred__0/i___247_carry__0/O[2]
                         net (fo=2, routed)           0.223     6.088    u_baseline/lane_sum_c0_inferred__0/i___247_carry__0_n_13
    SLICE_X90Y223        LUT3 (Prop_C5LUT_SLICEM_I1_O)
                                                      0.111     6.199 r  u_baseline/i___341_carry__0_i_5/O
                         net (fo=2, routed)           0.221     6.420    u_baseline/i___341_carry__0_i_5_n_0
    SLICE_X90Y223        LUT4 (Prop_D6LUT_SLICEM_I3_O)
                                                      0.051     6.471 r  u_baseline/i___341_carry__0_i_13/O
                         net (fo=1, routed)           0.025     6.496    u_baseline/i___341_carry__0_i_13_n_0
    SLICE_X90Y223        CARRY8 (Prop_CARRY8_SLICEM_S[3]_O[7])
                                                      0.187     6.683 r  u_baseline/lane_sum_c0_inferred__0/i___341_carry__0/O[7]
                         net (fo=1, routed)           0.026     6.709    u_baseline/lane_sum_c0_inferred__0/i___341_carry__0_n_8
    SLICE_X90Y223        FDRE                                         r  u_baseline/lane_sum_q_reg[15]/D
  -------------------------------------------------------------------    -------------------

                         (clock clk rise edge)        5.500     5.500 r  
    P11                                               0.000     5.500 r  clk (IN)
                         net (fo=0)                   0.000     5.500    clk_IBUF_inst/I
    P11                  INBUF (Prop_INBUF_HPIOB_M_PAD_O)
                                                      0.298     5.798 r  clk_IBUF_inst/INBUF_INST/O
                         net (fo=1, routed)           0.000     5.798    clk_IBUF_inst/OUT
    P11                  IBUFCTRL (Prop_IBUFCTRL_HPIOB_M_I_O)
                                                      0.000     5.798 r  clk_IBUF_inst/IBUFCTRL_INST/O
                         net (fo=1, routed)           0.282     6.080    clk_IBUF
    BUFGCE_X0Y77         BUFGCE (Prop_BUFCE_BUFGCE_I_O)
                                                      0.024     6.104 r  clk_IBUF_BUFG_inst/O
    X3Y3 (CLOCK_ROOT)    net (fo=335, routed)         0.670     6.774    u_baseline/clk_IBUF_BUFG
    SLICE_X90Y223        FDRE                                         r  u_baseline/lane_sum_q_reg[15]/C
                         clock pessimism              0.312     7.086    
                         clock uncertainty           -0.035     7.051    
    SLICE_X90Y223        FDRE (Setup_HFF_SLICEM_C_D)
                                                      0.025     7.076    u_baseline/lane_sum_q_reg[15]
  -------------------------------------------------------------------
                         required time                          7.076    
                         arrival time                          -6.709    
  -------------------------------------------------------------------
                         slack                                  0.367    

Slack (MET) :             0.371ns  (required time - arrival time)
  Source:                 u_baseline/g_lane_mem[0].h1_mem_reg_bram_0/CLKARDCLK
                            (rising edge-triggered cell RAMB18E2 clocked by clk  {rise@0.000ns fall@2.750ns period=5.500ns})
  Destination:            u_baseline/lane_sum_q_reg[13]/D
                            (rising edge-triggered cell FDRE clocked by clk  {rise@0.000ns fall@2.750ns period=5.500ns})
  Path Group:             clk
  Path Type:              Setup (Max at Slow Process Corner)
  Requirement:            5.500ns  (clk rise@5.500ns - clk rise@0.000ns)
  Data Path Delay:        4.968ns  (logic 3.015ns (60.688%)  route 1.953ns (39.312%))
  Logic Levels:           17  (CARRY8=5 DSP_A_B_DATA=1 DSP_ALU=1 DSP_OUTPUT=1 LUT3=1 LUT4=1 LUT5=4 LUT6=3)
  Clock Path Skew:        -0.151ns (DCD - SCD + CPR)
    Destination Clock Delay (DCD):    1.274ns = ( 6.774 - 5.500 ) 
    Source Clock Delay      (SCD):    1.737ns
    Clock Pessimism Removal (CPR):    0.312ns
  Clock Uncertainty:      0.035ns  ((TSJ^2 + TIJ^2)^1/2 + DJ) / 2 + PE
    Total System Jitter     (TSJ):    0.071ns
    Total Input Jitter      (TIJ):    0.000ns
    Discrete Jitter          (DJ):    0.000ns
    Phase Error              (PE):    0.000ns
  Clock Net Delay (Source):      0.842ns (routing 0.001ns, distribution 0.841ns)
  Clock Net Delay (Destination): 0.670ns (routing 0.001ns, distribution 0.669ns)

    Location             Delay type                Incr(ns)  Path(ns)    Netlist Resource(s)
  -------------------------------------------------------------------    -------------------
                         (clock clk rise edge)        0.000     0.000 r  
    P11                                               0.000     0.000 r  clk (IN)
                         net (fo=0)                   0.000     0.000    clk_IBUF_inst/I
    P11                  INBUF (Prop_INBUF_HPIOB_M_PAD_O)
                                                      0.548     0.548 r  clk_IBUF_inst/INBUF_INST/O
                         net (fo=1, routed)           0.000     0.548    clk_IBUF_inst/OUT
    P11                  IBUFCTRL (Prop_IBUFCTRL_HPIOB_M_I_O)
                                                      0.000     0.548 r  clk_IBUF_inst/IBUFCTRL_INST/O
                         net (fo=1, routed)           0.319     0.867    clk_IBUF
    BUFGCE_X0Y77         BUFGCE (Prop_BUFCE_BUFGCE_I_O)
                                                      0.028     0.895 r  clk_IBUF_BUFG_inst/O
    X3Y3 (CLOCK_ROOT)    net (fo=335, routed)         0.842     1.737    u_baseline/clk_IBUF_BUFG
    RAMB18_X12Y90        RAMB18E2                                     r  u_baseline/g_lane_mem[0].h1_mem_reg_bram_0/CLKARDCLK
  -------------------------------------------------------------------    -------------------
    RAMB18_X12Y90        RAMB18E2 (Prop_RAMB18E2_L_RAMB180_CLKARDCLK_DOUTADOUT[0])
                                                      0.972     2.709 f  u_baseline/g_lane_mem[0].h1_mem_reg_bram_0/DOUTADOUT[0]
                         net (fo=1, routed)           0.310     3.019    u_baseline/lane_sum_c0/B[0]
    DSP48E2_X17Y90       DSP_A_B_DATA (Prop_DSP_A_B_DATA_DSP48E2_B[0]_B_ALU[0])
                                                      0.165     3.184 r  u_baseline/lane_sum_c0/DSP_A_B_DATA_INST/B_ALU[0]
                         net (fo=1, routed)           0.000     3.184    u_baseline/lane_sum_c0/DSP_A_B_DATA.B_ALU<0>
    DSP48E2_X17Y90       DSP_ALU (Prop_DSP_ALU_DSP48E2_B_ALU[0]_ALU_OUT[0])
                                                      0.541     3.725 f  u_baseline/lane_sum_c0/DSP_ALU_INST/ALU_OUT[0]
                         net (fo=1, routed)           0.000     3.725    u_baseline/lane_sum_c0/DSP_ALU.ALU_OUT<0>
    DSP48E2_X17Y90       DSP_OUTPUT (Prop_DSP_OUTPUT_DSP48E2_ALU_OUT[0]_P[0])
                                                      0.109     3.834 r  u_baseline/lane_sum_c0/DSP_OUTPUT_INST/P[0]
                         net (fo=1, routed)           0.163     3.997    u_baseline/lane_sum_c0_n_105
    SLICE_X91Y225        LUT5 (Prop_E6LUT_SLICEM_I0_O)
                                                      0.124     4.121 r  u_baseline/lane_sum_c0__0_carry_i_23/O
                         net (fo=2, routed)           0.097     4.218    u_baseline/lane_sum_c[0]
    SLICE_X91Y227        LUT5 (Prop_E6LUT_SLICEM_I0_O)
                                                      0.037     4.255 r  u_baseline/lane_sum_c0__0_carry_i_7/O
                         net (fo=2, routed)           0.110     4.365    u_baseline/lane_sum_c0__0_carry_i_7_n_0
    SLICE_X90Y227        LUT6 (Prop_B6LUT_SLICEM_I0_O)
                                                      0.037     4.402 r  u_baseline/lane_sum_c0__0_carry_i_14/O
                         net (fo=1, routed)           0.016     4.418    u_baseline/lane_sum_c0__0_carry_i_14_n_0
    SLICE_X90Y227        CARRY8 (Prop_CARRY8_SLICEM_S[1]_O[6])
                                                      0.224     4.642 r  u_baseline/lane_sum_c0__0_carry/O[6]
                         net (fo=2, routed)           0.125     4.767    u_baseline/lane_sum_c0__0_carry_n_9
    SLICE_X90Y226        LUT5 (Prop_E6LUT_SLICEM_I0_O)
                                                      0.037     4.804 r  u_baseline/i___0_carry_i_1/O
                         net (fo=2, routed)           0.219     5.023    u_baseline/i___0_carry_i_1_n_0
    SLICE_X89Y226        LUT6 (Prop_H6LUT_SLICEL_I0_O)
                                                      0.051     5.074 r  u_baseline/i___0_carry_i_8/O
                         net (fo=1, routed)           0.010     5.084    u_baseline/i___0_carry_i_8_n_0
    SLICE_X89Y226        CARRY8 (Prop_CARRY8_SLICEL_S[7]_CO[7])
                                                      0.115     5.199 r  u_baseline/lane_sum_c0_inferred__0/i___0_carry/CO[7]
                         net (fo=1, routed)           0.026     5.225    u_baseline/lane_sum_c0_inferred__0/i___0_carry_n_0
    SLICE_X89Y227        CARRY8 (Prop_CARRY8_SLICEL_CI_O[0])
                                                      0.056     5.281 r  u_baseline/lane_sum_c0_inferred__0/i___0_carry__0/O[0]
                         net (fo=2, routed)           0.191     5.472    u_baseline/lane_sum_c0_inferred__0/i___0_carry__0_n_15
    SLICE_X88Y223        LUT5 (Prop_D6LUT_SLICEM_I4_O)
                                                      0.051     5.523 r  u_baseline/i___247_carry__0_i_7/O
                         net (fo=2, routed)           0.184     5.706    u_baseline/i___247_carry__0_i_7_n_0
    SLICE_X89Y223        LUT6 (Prop_B6LUT_SLICEL_I2_O)
                                                      0.036     5.742 r  u_baseline/i___247_carry__0_i_15/O
                         net (fo=1, routed)           0.009     5.751    u_baseline/i___247_carry__0_i_15_n_0
    SLICE_X89Y223        CARRY8 (Prop_CARRY8_SLICEL_S[1]_O[2])
                                                      0.114     5.865 r  u_baseline/lane_sum_c0_inferred__0/i___247_carry__0/O[2]
                         net (fo=2, routed)           0.223     6.088    u_baseline/lane_sum_c0_inferred__0/i___247_carry__0_n_13
    SLICE_X90Y223        LUT3 (Prop_C5LUT_SLICEM_I1_O)
                                                      0.111     6.199 r  u_baseline/i___341_carry__0_i_5/O
                         net (fo=2, routed)           0.221     6.420    u_baseline/i___341_carry__0_i_5_n_0
    SLICE_X90Y223        LUT4 (Prop_D6LUT_SLICEM_I3_O)
                                                      0.051     6.471 r  u_baseline/i___341_carry__0_i_13/O
                         net (fo=1, routed)           0.025     6.496    u_baseline/i___341_carry__0_i_13_n_0
    SLICE_X90Y223        CARRY8 (Prop_CARRY8_SLICEM_S[3]_O[5])
                                                      0.184     6.680 r  u_baseline/lane_sum_c0_inferred__0/i___341_carry__0/O[5]
                         net (fo=1, routed)           0.025     6.705    u_baseline/lane_sum_c0_inferred__0/i___341_carry__0_n_10
    SLICE_X90Y223        FDRE                                         r  u_baseline/lane_sum_q_reg[13]/D
  -------------------------------------------------------------------    -------------------

                         (clock clk rise edge)        5.500     5.500 r  
    P11                                               0.000     5.500 r  clk (IN)
                         net (fo=0)                   0.000     5.500    clk_IBUF_inst/I
    P11                  INBUF (Prop_INBUF_HPIOB_M_PAD_O)
                                                      0.298     5.798 r  clk_IBUF_inst/INBUF_INST/O
                         net (fo=1, routed)           0.000     5.798    clk_IBUF_inst/OUT
    P11                  IBUFCTRL (Prop_IBUFCTRL_HPIOB_M_I_O)
                                                      0.000     5.798 r  clk_IBUF_inst/IBUFCTRL_INST/O
                         net (fo=1, routed)           0.282     6.080    clk_IBUF
    BUFGCE_X0Y77         BUFGCE (Prop_BUFCE_BUFGCE_I_O)
                                                      0.024     6.104 r  clk_IBUF_BUFG_inst/O
    X3Y3 (CLOCK_ROOT)    net (fo=335, routed)         0.670     6.774    u_baseline/clk_IBUF_BUFG
    SLICE_X90Y223        FDRE                                         r  u_baseline/lane_sum_q_reg[13]/C
                         clock pessimism              0.312     7.086    
                         clock uncertainty           -0.035     7.051    
    SLICE_X90Y223        FDRE (Setup_FFF_SLICEM_C_D)
                                                      0.025     7.076    u_baseline/lane_sum_q_reg[13]
  -------------------------------------------------------------------
                         required time                          7.076    
                         arrival time                          -6.705    
  -------------------------------------------------------------------
                         slack                                  0.371    

Slack (MET) :             0.382ns  (required time - arrival time)
  Source:                 u_baseline/g_lane_mem[0].h1_mem_reg_bram_0/CLKARDCLK
                            (rising edge-triggered cell RAMB18E2 clocked by clk  {rise@0.000ns fall@2.750ns period=5.500ns})
  Destination:            u_baseline/lane_sum_q_reg[14]/D
                            (rising edge-triggered cell FDRE clocked by clk  {rise@0.000ns fall@2.750ns period=5.500ns})
  Path Group:             clk
  Path Type:              Setup (Max at Slow Process Corner)
  Requirement:            5.500ns  (clk rise@5.500ns - clk rise@0.000ns)
  Data Path Delay:        4.957ns  (logic 3.003ns (60.580%)  route 1.954ns (39.420%))
  Logic Levels:           17  (CARRY8=5 DSP_A_B_DATA=1 DSP_ALU=1 DSP_OUTPUT=1 LUT3=1 LUT4=1 LUT5=4 LUT6=3)
  Clock Path Skew:        -0.151ns (DCD - SCD + CPR)
    Destination Clock Delay (DCD):    1.274ns = ( 6.774 - 5.500 ) 
    Source Clock Delay      (SCD):    1.737ns
    Clock Pessimism Removal (CPR):    0.312ns
  Clock Uncertainty:      0.035ns  ((TSJ^2 + TIJ^2)^1/2 + DJ) / 2 + PE
    Total System Jitter     (TSJ):    0.071ns
    Total Input Jitter      (TIJ):    0.000ns
    Discrete Jitter          (DJ):    0.000ns
    Phase Error              (PE):    0.000ns
  Clock Net Delay (Source):      0.842ns (routing 0.001ns, distribution 0.841ns)
  Clock Net Delay (Destination): 0.670ns (routing 0.001ns, distribution 0.669ns)

    Location             Delay type                Incr(ns)  Path(ns)    Netlist Resource(s)
  -------------------------------------------------------------------    -------------------
                         (clock clk rise edge)        0.000     0.000 r  
    P11                                               0.000     0.000 r  clk (IN)
                         net (fo=0)                   0.000     0.000    clk_IBUF_inst/I
    P11                  INBUF (Prop_INBUF_HPIOB_M_PAD_O)
                                                      0.548     0.548 r  clk_IBUF_inst/INBUF_INST/O
                         net (fo=1, routed)           0.000     0.548    clk_IBUF_inst/OUT
    P11                  IBUFCTRL (Prop_IBUFCTRL_HPIOB_M_I_O)
                                                      0.000     0.548 r  clk_IBUF_inst/IBUFCTRL_INST/O
                         net (fo=1, routed)           0.319     0.867    clk_IBUF
    BUFGCE_X0Y77         BUFGCE (Prop_BUFCE_BUFGCE_I_O)
                                                      0.028     0.895 r  clk_IBUF_BUFG_inst/O
    X3Y3 (CLOCK_ROOT)    net (fo=335, routed)         0.842     1.737    u_baseline/clk_IBUF_BUFG
    RAMB18_X12Y90        RAMB18E2                                     r  u_baseline/g_lane_mem[0].h1_mem_reg_bram_0/CLKARDCLK
  -------------------------------------------------------------------    -------------------
    RAMB18_X12Y90        RAMB18E2 (Prop_RAMB18E2_L_RAMB180_CLKARDCLK_DOUTADOUT[0])
                                                      0.972     2.709 f  u_baseline/g_lane_mem[0].h1_mem_reg_bram_0/DOUTADOUT[0]
                         net (fo=1, routed)           0.310     3.019    u_baseline/lane_sum_c0/B[0]
    DSP48E2_X17Y90       DSP_A_B_DATA (Prop_DSP_A_B_DATA_DSP48E2_B[0]_B_ALU[0])
                                                      0.165     3.184 r  u_baseline/lane_sum_c0/DSP_A_B_DATA_INST/B_ALU[0]
                         net (fo=1, routed)           0.000     3.184    u_baseline/lane_sum_c0/DSP_A_B_DATA.B_ALU<0>
    DSP48E2_X17Y90       DSP_ALU (Prop_DSP_ALU_DSP48E2_B_ALU[0]_ALU_OUT[0])
                                                      0.541     3.725 f  u_baseline/lane_sum_c0/DSP_ALU_INST/ALU_OUT[0]
                         net (fo=1, routed)           0.000     3.725    u_baseline/lane_sum_c0/DSP_ALU.ALU_OUT<0>
    DSP48E2_X17Y90       DSP_OUTPUT (Prop_DSP_OUTPUT_DSP48E2_ALU_OUT[0]_P[0])
                                                      0.109     3.834 r  u_baseline/lane_sum_c0/DSP_OUTPUT_INST/P[0]
                         net (fo=1, routed)           0.163     3.997    u_baseline/lane_sum_c0_n_105
    SLICE_X91Y225        LUT5 (Prop_E6LUT_SLICEM_I0_O)
                                                      0.124     4.121 r  u_baseline/lane_sum_c0__0_carry_i_23/O
                         net (fo=2, routed)           0.097     4.218    u_baseline/lane_sum_c[0]
    SLICE_X91Y227        LUT5 (Prop_E6LUT_SLICEM_I0_O)
                                                      0.037     4.255 r  u_baseline/lane_sum_c0__0_carry_i_7/O
                         net (fo=2, routed)           0.110     4.365    u_baseline/lane_sum_c0__0_carry_i_7_n_0
    SLICE_X90Y227        LUT6 (Prop_B6LUT_SLICEM_I0_O)
                                                      0.037     4.402 r  u_baseline/lane_sum_c0__0_carry_i_14/O
                         net (fo=1, routed)           0.016     4.418    u_baseline/lane_sum_c0__0_carry_i_14_n_0
    SLICE_X90Y227        CARRY8 (Prop_CARRY8_SLICEM_S[1]_O[6])
                                                      0.224     4.642 r  u_baseline/lane_sum_c0__0_carry/O[6]
                         net (fo=2, routed)           0.125     4.767    u_baseline/lane_sum_c0__0_carry_n_9
    SLICE_X90Y226        LUT5 (Prop_E6LUT_SLICEM_I0_O)
                                                      0.037     4.804 r  u_baseline/i___0_carry_i_1/O
                         net (fo=2, routed)           0.219     5.023    u_baseline/i___0_carry_i_1_n_0
    SLICE_X89Y226        LUT6 (Prop_H6LUT_SLICEL_I0_O)
                                                      0.051     5.074 r  u_baseline/i___0_carry_i_8/O
                         net (fo=1, routed)           0.010     5.084    u_baseline/i___0_carry_i_8_n_0
    SLICE_X89Y226        CARRY8 (Prop_CARRY8_SLICEL_S[7]_CO[7])
                                                      0.115     5.199 r  u_baseline/lane_sum_c0_inferred__0/i___0_carry/CO[7]
                         net (fo=1, routed)           0.026     5.225    u_baseline/lane_sum_c0_inferred__0/i___0_carry_n_0
    SLICE_X89Y227        CARRY8 (Prop_CARRY8_SLICEL_CI_O[0])
                                                      0.056     5.281 r  u_baseline/lane_sum_c0_inferred__0/i___0_carry__0/O[0]
                         net (fo=2, routed)           0.191     5.472    u_baseline/lane_sum_c0_inferred__0/i___0_carry__0_n_15
    SLICE_X88Y223        LUT5 (Prop_D6LUT_SLICEM_I4_O)
                                                      0.051     5.523 r  u_baseline/i___247_carry__0_i_7/O
                         net (fo=2, routed)           0.184     5.706    u_baseline/i___247_carry__0_i_7_n_0
    SLICE_X89Y223        LUT6 (Prop_B6LUT_SLICEL_I2_O)
                                                      0.036     5.742 r  u_baseline/i___247_carry__0_i_15/O
                         net (fo=1, routed)           0.009     5.751    u_baseline/i___247_carry__0_i_15_n_0
    SLICE_X89Y223        CARRY8 (Prop_CARRY8_SLICEL_S[1]_O[2])
                                                      0.114     5.865 r  u_baseline/lane_sum_c0_inferred__0/i___247_carry__0/O[2]
                         net (fo=2, routed)           0.223     6.088    u_baseline/lane_sum_c0_inferred__0/i___247_carry__0_n_13
    SLICE_X90Y223        LUT3 (Prop_C5LUT_SLICEM_I1_O)
                                                      0.111     6.199 r  u_baseline/i___341_carry__0_i_5/O
                         net (fo=2, routed)           0.221     6.420    u_baseline/i___341_carry__0_i_5_n_0
    SLICE_X90Y223        LUT4 (Prop_D6LUT_SLICEM_I3_O)
                                                      0.051     6.471 r  u_baseline/i___341_carry__0_i_13/O
                         net (fo=1, routed)           0.025     6.496    u_baseline/i___341_carry__0_i_13_n_0
    SLICE_X90Y223        CARRY8 (Prop_CARRY8_SLICEM_S[3]_O[6])
                                                      0.172     6.668 r  u_baseline/lane_sum_c0_inferred__0/i___341_carry__0/O[6]
                         net (fo=1, routed)           0.026     6.694    u_baseline/lane_sum_c0_inferred__0/i___341_carry__0_n_9
    SLICE_X90Y223        FDRE                                         r  u_baseline/lane_sum_q_reg[14]/D
  -------------------------------------------------------------------    -------------------

                         (clock clk rise edge)        5.500     5.500 r  
    P11                                               0.000     5.500 r  clk (IN)
                         net (fo=0)                   0.000     5.500    clk_IBUF_inst/I
    P11                  INBUF (Prop_INBUF_HPIOB_M_PAD_O)
                                                      0.298     5.798 r  clk_IBUF_inst/INBUF_INST/O
                         net (fo=1, routed)           0.000     5.798    clk_IBUF_inst/OUT
    P11                  IBUFCTRL (Prop_IBUFCTRL_HPIOB_M_I_O)
                                                      0.000     5.798 r  clk_IBUF_inst/IBUFCTRL_INST/O
                         net (fo=1, routed)           0.282     6.080    clk_IBUF
    BUFGCE_X0Y77         BUFGCE (Prop_BUFCE_BUFGCE_I_O)
                                                      0.024     6.104 r  clk_IBUF_BUFG_inst/O
    X3Y3 (CLOCK_ROOT)    net (fo=335, routed)         0.670     6.774    u_baseline/clk_IBUF_BUFG
    SLICE_X90Y223        FDRE                                         r  u_baseline/lane_sum_q_reg[14]/C
                         clock pessimism              0.312     7.086    
                         clock uncertainty           -0.035     7.051    
    SLICE_X90Y223        FDRE (Setup_GFF_SLICEM_C_D)
                                                      0.025     7.076    u_baseline/lane_sum_q_reg[14]
  -------------------------------------------------------------------
                         required time                          7.076    
                         arrival time                          -6.694    
  -------------------------------------------------------------------
                         slack                                  0.382    

Slack (MET) :             0.406ns  (required time - arrival time)
  Source:                 u_baseline/g_lane_mem[0].h1_mem_reg_bram_0/CLKARDCLK
                            (rising edge-triggered cell RAMB18E2 clocked by clk  {rise@0.000ns fall@2.750ns period=5.500ns})
  Destination:            u_baseline/lane_sum_q_reg[12]/D
                            (rising edge-triggered cell FDRE clocked by clk  {rise@0.000ns fall@2.750ns period=5.500ns})
  Path Group:             clk
  Path Type:              Setup (Max at Slow Process Corner)
  Requirement:            5.500ns  (clk rise@5.500ns - clk rise@0.000ns)
  Data Path Delay:        4.933ns  (logic 2.980ns (60.409%)  route 1.953ns (39.591%))
  Logic Levels:           17  (CARRY8=5 DSP_A_B_DATA=1 DSP_ALU=1 DSP_OUTPUT=1 LUT3=1 LUT4=1 LUT5=4 LUT6=3)
  Clock Path Skew:        -0.151ns (DCD - SCD + CPR)
    Destination Clock Delay (DCD):    1.274ns = ( 6.774 - 5.500 ) 
    Source Clock Delay      (SCD):    1.737ns
    Clock Pessimism Removal (CPR):    0.312ns
  Clock Uncertainty:      0.035ns  ((TSJ^2 + TIJ^2)^1/2 + DJ) / 2 + PE
    Total System Jitter     (TSJ):    0.071ns
    Total Input Jitter      (TIJ):    0.000ns
    Discrete Jitter          (DJ):    0.000ns
    Phase Error              (PE):    0.000ns
  Clock Net Delay (Source):      0.842ns (routing 0.001ns, distribution 0.841ns)
  Clock Net Delay (Destination): 0.670ns (routing 0.001ns, distribution 0.669ns)

    Location             Delay type                Incr(ns)  Path(ns)    Netlist Resource(s)
  -------------------------------------------------------------------    -------------------
                         (clock clk rise edge)        0.000     0.000 r  
    P11                                               0.000     0.000 r  clk (IN)
                         net (fo=0)                   0.000     0.000    clk_IBUF_inst/I
    P11                  INBUF (Prop_INBUF_HPIOB_M_PAD_O)
                                                      0.548     0.548 r  clk_IBUF_inst/INBUF_INST/O
                         net (fo=1, routed)           0.000     0.548    clk_IBUF_inst/OUT
    P11                  IBUFCTRL (Prop_IBUFCTRL_HPIOB_M_I_O)
                                                      0.000     0.548 r  clk_IBUF_inst/IBUFCTRL_INST/O
                         net (fo=1, routed)           0.319     0.867    clk_IBUF
    BUFGCE_X0Y77         BUFGCE (Prop_BUFCE_BUFGCE_I_O)
                                                      0.028     0.895 r  clk_IBUF_BUFG_inst/O
    X3Y3 (CLOCK_ROOT)    net (fo=335, routed)         0.842     1.737    u_baseline/clk_IBUF_BUFG
    RAMB18_X12Y90        RAMB18E2                                     r  u_baseline/g_lane_mem[0].h1_mem_reg_bram_0/CLKARDCLK
  -------------------------------------------------------------------    -------------------
    RAMB18_X12Y90        RAMB18E2 (Prop_RAMB18E2_L_RAMB180_CLKARDCLK_DOUTADOUT[0])
                                                      0.972     2.709 f  u_baseline/g_lane_mem[0].h1_mem_reg_bram_0/DOUTADOUT[0]
                         net (fo=1, routed)           0.310     3.019    u_baseline/lane_sum_c0/B[0]
    DSP48E2_X17Y90       DSP_A_B_DATA (Prop_DSP_A_B_DATA_DSP48E2_B[0]_B_ALU[0])
                                                      0.165     3.184 r  u_baseline/lane_sum_c0/DSP_A_B_DATA_INST/B_ALU[0]
                         net (fo=1, routed)           0.000     3.184    u_baseline/lane_sum_c0/DSP_A_B_DATA.B_ALU<0>
    DSP48E2_X17Y90       DSP_ALU (Prop_DSP_ALU_DSP48E2_B_ALU[0]_ALU_OUT[0])
                                                      0.541     3.725 f  u_baseline/lane_sum_c0/DSP_ALU_INST/ALU_OUT[0]
                         net (fo=1, routed)           0.000     3.725    u_baseline/lane_sum_c0/DSP_ALU.ALU_OUT<0>
    DSP48E2_X17Y90       DSP_OUTPUT (Prop_DSP_OUTPUT_DSP48E2_ALU_OUT[0]_P[0])
                                                      0.109     3.834 r  u_baseline/lane_sum_c0/DSP_OUTPUT_INST/P[0]
                         net (fo=1, routed)           0.163     3.997    u_baseline/lane_sum_c0_n_105
    SLICE_X91Y225        LUT5 (Prop_E6LUT_SLICEM_I0_O)
                                                      0.124     4.121 r  u_baseline/lane_sum_c0__0_carry_i_23/O
                         net (fo=2, routed)           0.097     4.218    u_baseline/lane_sum_c[0]
    SLICE_X91Y227        LUT5 (Prop_E6LUT_SLICEM_I0_O)
                                                      0.037     4.255 r  u_baseline/lane_sum_c0__0_carry_i_7/O
                         net (fo=2, routed)           0.110     4.365    u_baseline/lane_sum_c0__0_carry_i_7_n_0
    SLICE_X90Y227        LUT6 (Prop_B6LUT_SLICEM_I0_O)
                                                      0.037     4.402 r  u_baseline/lane_sum_c0__0_carry_i_14/O
                         net (fo=1, routed)           0.016     4.418    u_baseline/lane_sum_c0__0_carry_i_14_n_0
    SLICE_X90Y227        CARRY8 (Prop_CARRY8_SLICEM_S[1]_O[6])
                                                      0.224     4.642 r  u_baseline/lane_sum_c0__0_carry/O[6]
                         net (fo=2, routed)           0.125     4.767    u_baseline/lane_sum_c0__0_carry_n_9
    SLICE_X90Y226        LUT5 (Prop_E6LUT_SLICEM_I0_O)
                                                      0.037     4.804 r  u_baseline/i___0_carry_i_1/O
                         net (fo=2, routed)           0.219     5.023    u_baseline/i___0_carry_i_1_n_0
    SLICE_X89Y226        LUT6 (Prop_H6LUT_SLICEL_I0_O)
                                                      0.051     5.074 r  u_baseline/i___0_carry_i_8/O
                         net (fo=1, routed)           0.010     5.084    u_baseline/i___0_carry_i_8_n_0
    SLICE_X89Y226        CARRY8 (Prop_CARRY8_SLICEL_S[7]_CO[7])
                                                      0.115     5.199 r  u_baseline/lane_sum_c0_inferred__0/i___0_carry/CO[7]
                         net (fo=1, routed)           0.026     5.225    u_baseline/lane_sum_c0_inferred__0/i___0_carry_n_0
    SLICE_X89Y227        CARRY8 (Prop_CARRY8_SLICEL_CI_O[0])
                                                      0.056     5.281 r  u_baseline/lane_sum_c0_inferred__0/i___0_carry__0/O[0]
                         net (fo=2, routed)           0.191     5.472    u_baseline/lane_sum_c0_inferred__0/i___0_carry__0_n_15
    SLICE_X88Y223        LUT5 (Prop_D6LUT_SLICEM_I4_O)
                                                      0.051     5.523 r  u_baseline/i___247_carry__0_i_7/O
                         net (fo=2, routed)           0.184     5.706    u_baseline/i___247_carry__0_i_7_n_0
    SLICE_X89Y223        LUT6 (Prop_B6LUT_SLICEL_I2_O)
                                                      0.036     5.742 r  u_baseline/i___247_carry__0_i_15/O
                         net (fo=1, routed)           0.009     5.751    u_baseline/i___247_carry__0_i_15_n_0
    SLICE_X89Y223        CARRY8 (Prop_CARRY8_SLICEL_S[1]_O[2])
                                                      0.114     5.865 r  u_baseline/lane_sum_c0_inferred__0/i___247_carry__0/O[2]
                         net (fo=2, routed)           0.223     6.088    u_baseline/lane_sum_c0_inferred__0/i___247_carry__0_n_13
    SLICE_X90Y223        LUT3 (Prop_C5LUT_SLICEM_I1_O)
                                                      0.111     6.199 r  u_baseline/i___341_carry__0_i_5/O
                         net (fo=2, routed)           0.221     6.420    u_baseline/i___341_carry__0_i_5_n_0
    SLICE_X90Y223        LUT4 (Prop_D6LUT_SLICEM_I3_O)
                                                      0.051     6.471 r  u_baseline/i___341_carry__0_i_13/O
                         net (fo=1, routed)           0.025     6.496    u_baseline/i___341_carry__0_i_13_n_0
    SLICE_X90Y223        CARRY8 (Prop_CARRY8_SLICEM_S[3]_O[4])
                                                      0.149     6.645 r  u_baseline/lane_sum_c0_inferred__0/i___341_carry__0/O[4]
                         net (fo=1, routed)           0.025     6.670    u_baseline/lane_sum_c0_inferred__0/i___341_carry__0_n_11
    SLICE_X90Y223        FDRE                                         r  u_baseline/lane_sum_q_reg[12]/D
  -------------------------------------------------------------------    -------------------

                         (clock clk rise edge)        5.500     5.500 r  
    P11                                               0.000     5.500 r  clk (IN)
                         net (fo=0)                   0.000     5.500    clk_IBUF_inst/I
    P11                  INBUF (Prop_INBUF_HPIOB_M_PAD_O)
                                                      0.298     5.798 r  clk_IBUF_inst/INBUF_INST/O
                         net (fo=1, routed)           0.000     5.798    clk_IBUF_inst/OUT
    P11                  IBUFCTRL (Prop_IBUFCTRL_HPIOB_M_I_O)
                                                      0.000     5.798 r  clk_IBUF_inst/IBUFCTRL_INST/O
                         net (fo=1, routed)           0.282     6.080    clk_IBUF
    BUFGCE_X0Y77         BUFGCE (Prop_BUFCE_BUFGCE_I_O)
                                                      0.024     6.104 r  clk_IBUF_BUFG_inst/O
    X3Y3 (CLOCK_ROOT)    net (fo=335, routed)         0.670     6.774    u_baseline/clk_IBUF_BUFG
    SLICE_X90Y223        FDRE                                         r  u_baseline/lane_sum_q_reg[12]/C
                         clock pessimism              0.312     7.086    
                         clock uncertainty           -0.035     7.051    
    SLICE_X90Y223        FDRE (Setup_EFF_SLICEM_C_D)
                                                      0.025     7.076    u_baseline/lane_sum_q_reg[12]
  -------------------------------------------------------------------
                         required time                          7.076    
                         arrival time                          -6.670    
  -------------------------------------------------------------------
                         slack                                  0.406    

Slack (MET) :             0.454ns  (required time - arrival time)
  Source:                 u_baseline/g_lane_mem[0].h1_mem_reg_bram_0/CLKARDCLK
                            (rising edge-triggered cell RAMB18E2 clocked by clk  {rise@0.000ns fall@2.750ns period=5.500ns})
  Destination:            u_baseline/lane_sum_q_reg[11]/D
                            (rising edge-triggered cell FDRE clocked by clk  {rise@0.000ns fall@2.750ns period=5.500ns})
  Path Group:             clk
  Path Type:              Setup (Max at Slow Process Corner)
  Requirement:            5.500ns  (clk rise@5.500ns - clk rise@0.000ns)
  Data Path Delay:        4.885ns  (logic 2.941ns (60.201%)  route 1.944ns (39.799%))
  Logic Levels:           15  (CARRY8=5 DSP_A_B_DATA=1 DSP_ALU=1 DSP_OUTPUT=1 LUT3=1 LUT4=1 LUT5=3 LUT6=2)
  Clock Path Skew:        -0.150ns (DCD - SCD + CPR)
    Destination Clock Delay (DCD):    1.275ns = ( 6.775 - 5.500 ) 
    Source Clock Delay      (SCD):    1.737ns
    Clock Pessimism Removal (CPR):    0.312ns
  Clock Uncertainty:      0.035ns  ((TSJ^2 + TIJ^2)^1/2 + DJ) / 2 + PE
    Total System Jitter     (TSJ):    0.071ns
    Total Input Jitter      (TIJ):    0.000ns
    Discrete Jitter          (DJ):    0.000ns
    Phase Error              (PE):    0.000ns
  Clock Net Delay (Source):      0.842ns (routing 0.001ns, distribution 0.841ns)
  Clock Net Delay (Destination): 0.671ns (routing 0.001ns, distribution 0.670ns)

    Location             Delay type                Incr(ns)  Path(ns)    Netlist Resource(s)
  -------------------------------------------------------------------    -------------------
                         (clock clk rise edge)        0.000     0.000 r  
    P11                                               0.000     0.000 r  clk (IN)
                         net (fo=0)                   0.000     0.000    clk_IBUF_inst/I
    P11                  INBUF (Prop_INBUF_HPIOB_M_PAD_O)
                                                      0.548     0.548 r  clk_IBUF_inst/INBUF_INST/O
                         net (fo=1, routed)           0.000     0.548    clk_IBUF_inst/OUT
    P11                  IBUFCTRL (Prop_IBUFCTRL_HPIOB_M_I_O)
                                                      0.000     0.548 r  clk_IBUF_inst/IBUFCTRL_INST/O
                         net (fo=1, routed)           0.319     0.867    clk_IBUF
    BUFGCE_X0Y77         BUFGCE (Prop_BUFCE_BUFGCE_I_O)
                                                      0.028     0.895 r  clk_IBUF_BUFG_inst/O
    X3Y3 (CLOCK_ROOT)    net (fo=335, routed)         0.842     1.737    u_baseline/clk_IBUF_BUFG
    RAMB18_X12Y90        RAMB18E2                                     r  u_baseline/g_lane_mem[0].h1_mem_reg_bram_0/CLKARDCLK
  -------------------------------------------------------------------    -------------------
    RAMB18_X12Y90        RAMB18E2 (Prop_RAMB18E2_L_RAMB180_CLKARDCLK_DOUTADOUT[0])
                                                      0.972     2.709 f  u_baseline/g_lane_mem[0].h1_mem_reg_bram_0/DOUTADOUT[0]
                         net (fo=1, routed)           0.310     3.019    u_baseline/lane_sum_c0/B[0]
    DSP48E2_X17Y90       DSP_A_B_DATA (Prop_DSP_A_B_DATA_DSP48E2_B[0]_B_ALU[0])
                                                      0.165     3.184 r  u_baseline/lane_sum_c0/DSP_A_B_DATA_INST/B_ALU[0]
                         net (fo=1, routed)           0.000     3.184    u_baseline/lane_sum_c0/DSP_A_B_DATA.B_ALU<0>
    DSP48E2_X17Y90       DSP_ALU (Prop_DSP_ALU_DSP48E2_B_ALU[0]_ALU_OUT[0])
                                                      0.541     3.725 f  u_baseline/lane_sum_c0/DSP_ALU_INST/ALU_OUT[0]
                         net (fo=1, routed)           0.000     3.725    u_baseline/lane_sum_c0/DSP_ALU.ALU_OUT<0>
    DSP48E2_X17Y90       DSP_OUTPUT (Prop_DSP_OUTPUT_DSP48E2_ALU_OUT[0]_P[0])
                                                      0.109     3.834 r  u_baseline/lane_sum_c0/DSP_OUTPUT_INST/P[0]
                         net (fo=1, routed)           0.163     3.997    u_baseline/lane_sum_c0_n_105
    SLICE_X91Y225        LUT5 (Prop_E6LUT_SLICEM_I0_O)
                                                      0.124     4.121 r  u_baseline/lane_sum_c0__0_carry_i_23/O
                         net (fo=2, routed)           0.156     4.277    u_baseline/lane_sum_c[0]
    SLICE_X90Y227        LUT5 (Prop_A6LUT_SLICEM_I0_O)
                                                      0.038     4.315 r  u_baseline/lane_sum_c0__0_carry_i_15/O
                         net (fo=1, routed)           0.013     4.328    u_baseline/lane_sum_c0__0_carry_i_15_n_0
    SLICE_X90Y227        CARRY8 (Prop_CARRY8_SLICEM_S[0]_O[0])
                                                      0.065     4.393 r  u_baseline/lane_sum_c0__0_carry/O[0]
                         net (fo=2, routed)           0.296     4.690    u_baseline/lane_sum_c0__0_carry_n_15
    SLICE_X89Y226        LUT6 (Prop_A6LUT_SLICEL_I0_O)
                                                      0.050     4.740 r  u_baseline/i___0_carry_i_15/O
                         net (fo=1, routed)           0.009     4.749    u_baseline/i___0_carry_i_15_n_0
    SLICE_X89Y226        CARRY8 (Prop_CARRY8_SLICEL_S[0]_O[0])
                                                      0.063     4.812 r  u_baseline/lane_sum_c0_inferred__0/i___0_carry/O[0]
                         net (fo=2, routed)           0.272     5.084    u_baseline/lane_sum_c0_inferred__0/i___0_carry_n_15
    SLICE_X89Y222        LUT5 (Prop_A5LUT_SLICEL_I4_O)
                                                      0.069     5.153 r  u_baseline/i___247_carry_i_7/O
                         net (fo=2, routed)           0.164     5.317    u_baseline/i___247_carry_i_7_n_0
    SLICE_X89Y222        LUT6 (Prop_B6LUT_SLICEL_I2_O)
                                                      0.124     5.441 r  u_baseline/i___247_carry_i_14/O
                         net (fo=1, routed)           0.009     5.450    u_baseline/i___247_carry_i_14_n_0
    SLICE_X89Y222        CARRY8 (Prop_CARRY8_SLICEL_S[1]_O[6])
                                                      0.220     5.670 r  u_baseline/lane_sum_c0_inferred__0/i___247_carry/O[6]
                         net (fo=2, routed)           0.226     5.896    u_baseline/lane_sum_c0_inferred__0/i___247_carry_n_9
    SLICE_X90Y222        LUT3 (Prop_G5LUT_SLICEM_I1_O)
                                                      0.112     6.008 r  u_baseline/i___341_carry_i_1/O
                         net (fo=2, routed)           0.259     6.267    u_baseline/i___341_carry_i_1_n_0
    SLICE_X90Y222        LUT4 (Prop_H6LUT_SLICEM_I3_O)
                                                      0.090     6.357 r  u_baseline/i___341_carry_i_8/O
                         net (fo=1, routed)           0.015     6.372    u_baseline/i___341_carry_i_8_n_0
    SLICE_X90Y222        CARRY8 (Prop_CARRY8_SLICEM_S[7]_CO[7])
                                                      0.117     6.489 r  u_baseline/lane_sum_c0_inferred__0/i___341_carry/CO[7]
                         net (fo=1, routed)           0.026     6.515    u_baseline/lane_sum_c0_inferred__0/i___341_carry_n_0
    SLICE_X90Y223        CARRY8 (Prop_CARRY8_SLICEM_CI_O[3])
                                                      0.082     6.597 r  u_baseline/lane_sum_c0_inferred__0/i___341_carry__0/O[3]
                         net (fo=1, routed)           0.026     6.623    u_baseline/lane_sum_c0_inferred__0/i___341_carry__0_n_12
    SLICE_X90Y223        FDRE                                         r  u_baseline/lane_sum_q_reg[11]/D
  -------------------------------------------------------------------    -------------------

                         (clock clk rise edge)        5.500     5.500 r  
    P11                                               0.000     5.500 r  clk (IN)
                         net (fo=0)                   0.000     5.500    clk_IBUF_inst/I
    P11                  INBUF (Prop_INBUF_HPIOB_M_PAD_O)
                                                      0.298     5.798 r  clk_IBUF_inst/INBUF_INST/O
                         net (fo=1, routed)           0.000     5.798    clk_IBUF_inst/OUT
    P11                  IBUFCTRL (Prop_IBUFCTRL_HPIOB_M_I_O)
                                                      0.000     5.798 r  clk_IBUF_inst/IBUFCTRL_INST/O
                         net (fo=1, routed)           0.282     6.080    clk_IBUF
    BUFGCE_X0Y77         BUFGCE (Prop_BUFCE_BUFGCE_I_O)
                                                      0.024     6.104 r  clk_IBUF_BUFG_inst/O
    X3Y3 (CLOCK_ROOT)    net (fo=335, routed)         0.671     6.775    u_baseline/clk_IBUF_BUFG
    SLICE_X90Y223        FDRE                                         r  u_baseline/lane_sum_q_reg[11]/C
                         clock pessimism              0.312     7.087    
                         clock uncertainty           -0.035     7.052    
    SLICE_X90Y223        FDRE (Setup_DFF_SLICEM_C_D)
                                                      0.025     7.077    u_baseline/lane_sum_q_reg[11]
  -------------------------------------------------------------------
                         required time                          7.077    
                         arrival time                          -6.623    
  -------------------------------------------------------------------
                         slack                                  0.454    

Slack (MET) :             0.461ns  (required time - arrival time)
  Source:                 u_baseline/g_lane_mem[0].h1_mem_reg_bram_0/CLKARDCLK
                            (rising edge-triggered cell RAMB18E2 clocked by clk  {rise@0.000ns fall@2.750ns period=5.500ns})
  Destination:            u_baseline/lane_sum_q_reg[9]/D
                            (rising edge-triggered cell FDRE clocked by clk  {rise@0.000ns fall@2.750ns period=5.500ns})
  Path Group:             clk
  Path Type:              Setup (Max at Slow Process Corner)
  Requirement:            5.500ns  (clk rise@5.500ns - clk rise@0.000ns)
  Data Path Delay:        4.878ns  (logic 2.935ns (60.164%)  route 1.943ns (39.836%))
  Logic Levels:           15  (CARRY8=5 DSP_A_B_DATA=1 DSP_ALU=1 DSP_OUTPUT=1 LUT3=1 LUT4=1 LUT5=3 LUT6=2)
  Clock Path Skew:        -0.150ns (DCD - SCD + CPR)
    Destination Clock Delay (DCD):    1.275ns = ( 6.775 - 5.500 ) 
    Source Clock Delay      (SCD):    1.737ns
    Clock Pessimism Removal (CPR):    0.312ns
  Clock Uncertainty:      0.035ns  ((TSJ^2 + TIJ^2)^1/2 + DJ) / 2 + PE
    Total System Jitter     (TSJ):    0.071ns
    Total Input Jitter      (TIJ):    0.000ns
    Discrete Jitter          (DJ):    0.000ns
    Phase Error              (PE):    0.000ns
  Clock Net Delay (Source):      0.842ns (routing 0.001ns, distribution 0.841ns)
  Clock Net Delay (Destination): 0.671ns (routing 0.001ns, distribution 0.670ns)

    Location             Delay type                Incr(ns)  Path(ns)    Netlist Resource(s)
  -------------------------------------------------------------------    -------------------
                         (clock clk rise edge)        0.000     0.000 r  
    P11                                               0.000     0.000 r  clk (IN)
                         net (fo=0)                   0.000     0.000    clk_IBUF_inst/I
    P11                  INBUF (Prop_INBUF_HPIOB_M_PAD_O)
                                                      0.548     0.548 r  clk_IBUF_inst/INBUF_INST/O
                         net (fo=1, routed)           0.000     0.548    clk_IBUF_inst/OUT
    P11                  IBUFCTRL (Prop_IBUFCTRL_HPIOB_M_I_O)
                                                      0.000     0.548 r  clk_IBUF_inst/IBUFCTRL_INST/O
                         net (fo=1, routed)           0.319     0.867    clk_IBUF
    BUFGCE_X0Y77         BUFGCE (Prop_BUFCE_BUFGCE_I_O)
                                                      0.028     0.895 r  clk_IBUF_BUFG_inst/O
    X3Y3 (CLOCK_ROOT)    net (fo=335, routed)         0.842     1.737    u_baseline/clk_IBUF_BUFG
    RAMB18_X12Y90        RAMB18E2                                     r  u_baseline/g_lane_mem[0].h1_mem_reg_bram_0/CLKARDCLK
  -------------------------------------------------------------------    -------------------
    RAMB18_X12Y90        RAMB18E2 (Prop_RAMB18E2_L_RAMB180_CLKARDCLK_DOUTADOUT[0])
                                                      0.972     2.709 f  u_baseline/g_lane_mem[0].h1_mem_reg_bram_0/DOUTADOUT[0]
                         net (fo=1, routed)           0.310     3.019    u_baseline/lane_sum_c0/B[0]
    DSP48E2_X17Y90       DSP_A_B_DATA (Prop_DSP_A_B_DATA_DSP48E2_B[0]_B_ALU[0])
                                                      0.165     3.184 r  u_baseline/lane_sum_c0/DSP_A_B_DATA_INST/B_ALU[0]
                         net (fo=1, routed)           0.000     3.184    u_baseline/lane_sum_c0/DSP_A_B_DATA.B_ALU<0>
    DSP48E2_X17Y90       DSP_ALU (Prop_DSP_ALU_DSP48E2_B_ALU[0]_ALU_OUT[0])
                                                      0.541     3.725 f  u_baseline/lane_sum_c0/DSP_ALU_INST/ALU_OUT[0]
                         net (fo=1, routed)           0.000     3.725    u_baseline/lane_sum_c0/DSP_ALU.ALU_OUT<0>
    DSP48E2_X17Y90       DSP_OUTPUT (Prop_DSP_OUTPUT_DSP48E2_ALU_OUT[0]_P[0])
                                                      0.109     3.834 r  u_baseline/lane_sum_c0/DSP_OUTPUT_INST/P[0]
                         net (fo=1, routed)           0.163     3.997    u_baseline/lane_sum_c0_n_105
    SLICE_X91Y225        LUT5 (Prop_E6LUT_SLICEM_I0_O)
                                                      0.124     4.121 r  u_baseline/lane_sum_c0__0_carry_i_23/O
                         net (fo=2, routed)           0.156     4.277    u_baseline/lane_sum_c[0]
    SLICE_X90Y227        LUT5 (Prop_A6LUT_SLICEM_I0_O)
                                                      0.038     4.315 r  u_baseline/lane_sum_c0__0_carry_i_15/O
                         net (fo=1, routed)           0.013     4.328    u_baseline/lane_sum_c0__0_carry_i_15_n_0
    SLICE_X90Y227        CARRY8 (Prop_CARRY8_SLICEM_S[0]_O[0])
                                                      0.065     4.393 r  u_baseline/lane_sum_c0__0_carry/O[0]
                         net (fo=2, routed)           0.296     4.690    u_baseline/lane_sum_c0__0_carry_n_15
    SLICE_X89Y226        LUT6 (Prop_A6LUT_SLICEL_I0_O)
                                                      0.050     4.740 r  u_baseline/i___0_carry_i_15/O
                         net (fo=1, routed)           0.009     4.749    u_baseline/i___0_carry_i_15_n_0
    SLICE_X89Y226        CARRY8 (Prop_CARRY8_SLICEL_S[0]_O[0])
                                                      0.063     4.812 r  u_baseline/lane_sum_c0_inferred__0/i___0_carry/O[0]
                         net (fo=2, routed)           0.272     5.084    u_baseline/lane_sum_c0_inferred__0/i___0_carry_n_15
    SLICE_X89Y222        LUT5 (Prop_A5LUT_SLICEL_I4_O)
                                                      0.069     5.153 r  u_baseline/i___247_carry_i_7/O
                         net (fo=2, routed)           0.164     5.317    u_baseline/i___247_carry_i_7_n_0
    SLICE_X89Y222        LUT6 (Prop_B6LUT_SLICEL_I2_O)
                                                      0.124     5.441 r  u_baseline/i___247_carry_i_14/O
                         net (fo=1, routed)           0.009     5.450    u_baseline/i___247_carry_i_14_n_0
    SLICE_X89Y222        CARRY8 (Prop_CARRY8_SLICEL_S[1]_O[6])
                                                      0.220     5.670 r  u_baseline/lane_sum_c0_inferred__0/i___247_carry/O[6]
                         net (fo=2, routed)           0.226     5.896    u_baseline/lane_sum_c0_inferred__0/i___247_carry_n_9
    SLICE_X90Y222        LUT3 (Prop_G5LUT_SLICEM_I1_O)
                                                      0.112     6.008 r  u_baseline/i___341_carry_i_1/O
                         net (fo=2, routed)           0.259     6.267    u_baseline/i___341_carry_i_1_n_0
    SLICE_X90Y222        LUT4 (Prop_H6LUT_SLICEM_I3_O)
                                                      0.090     6.357 r  u_baseline/i___341_carry_i_8/O
                         net (fo=1, routed)           0.015     6.372    u_baseline/i___341_carry_i_8_n_0
    SLICE_X90Y222        CARRY8 (Prop_CARRY8_SLICEM_S[7]_CO[7])
                                                      0.117     6.489 r  u_baseline/lane_sum_c0_inferred__0/i___341_carry/CO[7]
                         net (fo=1, routed)           0.026     6.515    u_baseline/lane_sum_c0_inferred__0/i___341_carry_n_0
    SLICE_X90Y223        CARRY8 (Prop_CARRY8_SLICEM_CI_O[1])
                                                      0.076     6.591 r  u_baseline/lane_sum_c0_inferred__0/i___341_carry__0/O[1]
                         net (fo=1, routed)           0.025     6.616    u_baseline/lane_sum_c0_inferred__0/i___341_carry__0_n_14
    SLICE_X90Y223        FDRE                                         r  u_baseline/lane_sum_q_reg[9]/D
  -------------------------------------------------------------------    -------------------

                         (clock clk rise edge)        5.500     5.500 r  
    P11                                               0.000     5.500 r  clk (IN)
                         net (fo=0)                   0.000     5.500    clk_IBUF_inst/I
    P11                  INBUF (Prop_INBUF_HPIOB_M_PAD_O)
                                                      0.298     5.798 r  clk_IBUF_inst/INBUF_INST/O
                         net (fo=1, routed)           0.000     5.798    clk_IBUF_inst/OUT
    P11                  IBUFCTRL (Prop_IBUFCTRL_HPIOB_M_I_O)
                                                      0.000     5.798 r  clk_IBUF_inst/IBUFCTRL_INST/O
                         net (fo=1, routed)           0.282     6.080    clk_IBUF
    BUFGCE_X0Y77         BUFGCE (Prop_BUFCE_BUFGCE_I_O)
                                                      0.024     6.104 r  clk_IBUF_BUFG_inst/O
    X3Y3 (CLOCK_ROOT)    net (fo=335, routed)         0.671     6.775    u_baseline/clk_IBUF_BUFG
    SLICE_X90Y223        FDRE                                         r  u_baseline/lane_sum_q_reg[9]/C
                         clock pessimism              0.312     7.087    
                         clock uncertainty           -0.035     7.052    
    SLICE_X90Y223        FDRE (Setup_BFF_SLICEM_C_D)
                                                      0.025     7.077    u_baseline/lane_sum_q_reg[9]
  -------------------------------------------------------------------
                         required time                          7.077    
                         arrival time                          -6.616    
  -------------------------------------------------------------------
                         slack                                  0.461    

Slack (MET) :             0.469ns  (required time - arrival time)
  Source:                 u_baseline/g_lane_mem[0].h1_mem_reg_bram_0/CLKARDCLK
                            (rising edge-triggered cell RAMB18E2 clocked by clk  {rise@0.000ns fall@2.750ns period=5.500ns})
  Destination:            u_baseline/lane_sum_q_reg[10]/D
                            (rising edge-triggered cell FDRE clocked by clk  {rise@0.000ns fall@2.750ns period=5.500ns})
  Path Group:             clk
  Path Type:              Setup (Max at Slow Process Corner)
  Requirement:            5.500ns  (clk rise@5.500ns - clk rise@0.000ns)
  Data Path Delay:        4.870ns  (logic 2.926ns (60.078%)  route 1.944ns (39.922%))
  Logic Levels:           15  (CARRY8=5 DSP_A_B_DATA=1 DSP_ALU=1 DSP_OUTPUT=1 LUT3=1 LUT4=1 LUT5=3 LUT6=2)
  Clock Path Skew:        -0.150ns (DCD - SCD + CPR)
    Destination Clock Delay (DCD):    1.275ns = ( 6.775 - 5.500 ) 
    Source Clock Delay      (SCD):    1.737ns
    Clock Pessimism Removal (CPR):    0.312ns
  Clock Uncertainty:      0.035ns  ((TSJ^2 + TIJ^2)^1/2 + DJ) / 2 + PE
    Total System Jitter     (TSJ):    0.071ns
    Total Input Jitter      (TIJ):    0.000ns
    Discrete Jitter          (DJ):    0.000ns
    Phase Error              (PE):    0.000ns
  Clock Net Delay (Source):      0.842ns (routing 0.001ns, distribution 0.841ns)
  Clock Net Delay (Destination): 0.671ns (routing 0.001ns, distribution 0.670ns)

    Location             Delay type                Incr(ns)  Path(ns)    Netlist Resource(s)
  -------------------------------------------------------------------    -------------------
                         (clock clk rise edge)        0.000     0.000 r  
    P11                                               0.000     0.000 r  clk (IN)
                         net (fo=0)                   0.000     0.000    clk_IBUF_inst/I
    P11                  INBUF (Prop_INBUF_HPIOB_M_PAD_O)
                                                      0.548     0.548 r  clk_IBUF_inst/INBUF_INST/O
                         net (fo=1, routed)           0.000     0.548    clk_IBUF_inst/OUT
    P11                  IBUFCTRL (Prop_IBUFCTRL_HPIOB_M_I_O)
                                                      0.000     0.548 r  clk_IBUF_inst/IBUFCTRL_INST/O
                         net (fo=1, routed)           0.319     0.867    clk_IBUF
    BUFGCE_X0Y77         BUFGCE (Prop_BUFCE_BUFGCE_I_O)
                                                      0.028     0.895 r  clk_IBUF_BUFG_inst/O
    X3Y3 (CLOCK_ROOT)    net (fo=335, routed)         0.842     1.737    u_baseline/clk_IBUF_BUFG
    RAMB18_X12Y90        RAMB18E2                                     r  u_baseline/g_lane_mem[0].h1_mem_reg_bram_0/CLKARDCLK
  -------------------------------------------------------------------    -------------------
    RAMB18_X12Y90        RAMB18E2 (Prop_RAMB18E2_L_RAMB180_CLKARDCLK_DOUTADOUT[0])
                                                      0.972     2.709 f  u_baseline/g_lane_mem[0].h1_mem_reg_bram_0/DOUTADOUT[0]
                         net (fo=1, routed)           0.310     3.019    u_baseline/lane_sum_c0/B[0]
    DSP48E2_X17Y90       DSP_A_B_DATA (Prop_DSP_A_B_DATA_DSP48E2_B[0]_B_ALU[0])
                                                      0.165     3.184 r  u_baseline/lane_sum_c0/DSP_A_B_DATA_INST/B_ALU[0]
                         net (fo=1, routed)           0.000     3.184    u_baseline/lane_sum_c0/DSP_A_B_DATA.B_ALU<0>
    DSP48E2_X17Y90       DSP_ALU (Prop_DSP_ALU_DSP48E2_B_ALU[0]_ALU_OUT[0])
                                                      0.541     3.725 f  u_baseline/lane_sum_c0/DSP_ALU_INST/ALU_OUT[0]
                         net (fo=1, routed)           0.000     3.725    u_baseline/lane_sum_c0/DSP_ALU.ALU_OUT<0>
    DSP48E2_X17Y90       DSP_OUTPUT (Prop_DSP_OUTPUT_DSP48E2_ALU_OUT[0]_P[0])
                                                      0.109     3.834 r  u_baseline/lane_sum_c0/DSP_OUTPUT_INST/P[0]
                         net (fo=1, routed)           0.163     3.997    u_baseline/lane_sum_c0_n_105
    SLICE_X91Y225        LUT5 (Prop_E6LUT_SLICEM_I0_O)
                                                      0.124     4.121 r  u_baseline/lane_sum_c0__0_carry_i_23/O
                         net (fo=2, routed)           0.156     4.277    u_baseline/lane_sum_c[0]
    SLICE_X90Y227        LUT5 (Prop_A6LUT_SLICEM_I0_O)
                                                      0.038     4.315 r  u_baseline/lane_sum_c0__0_carry_i_15/O
                         net (fo=1, routed)           0.013     4.328    u_baseline/lane_sum_c0__0_carry_i_15_n_0
    SLICE_X90Y227        CARRY8 (Prop_CARRY8_SLICEM_S[0]_O[0])
                                                      0.065     4.393 r  u_baseline/lane_sum_c0__0_carry/O[0]
                         net (fo=2, routed)           0.296     4.690    u_baseline/lane_sum_c0__0_carry_n_15
    SLICE_X89Y226        LUT6 (Prop_A6LUT_SLICEL_I0_O)
                                                      0.050     4.740 r  u_baseline/i___0_carry_i_15/O
                         net (fo=1, routed)           0.009     4.749    u_baseline/i___0_carry_i_15_n_0
    SLICE_X89Y226        CARRY8 (Prop_CARRY8_SLICEL_S[0]_O[0])
                                                      0.063     4.812 r  u_baseline/lane_sum_c0_inferred__0/i___0_carry/O[0]
                         net (fo=2, routed)           0.272     5.084    u_baseline/lane_sum_c0_inferred__0/i___0_carry_n_15
    SLICE_X89Y222        LUT5 (Prop_A5LUT_SLICEL_I4_O)
                                                      0.069     5.153 r  u_baseline/i___247_carry_i_7/O
                         net (fo=2, routed)           0.164     5.317    u_baseline/i___247_carry_i_7_n_0
    SLICE_X89Y222        LUT6 (Prop_B6LUT_SLICEL_I2_O)
                                                      0.124     5.441 r  u_baseline/i___247_carry_i_14/O
                         net (fo=1, routed)           0.009     5.450    u_baseline/i___247_carry_i_14_n_0
    SLICE_X89Y222        CARRY8 (Prop_CARRY8_SLICEL_S[1]_O[6])
                                                      0.220     5.670 r  u_baseline/lane_sum_c0_inferred__0/i___247_carry/O[6]
                         net (fo=2, routed)           0.226     5.896    u_baseline/lane_sum_c0_inferred__0/i___247_carry_n_9
    SLICE_X90Y222        LUT3 (Prop_G5LUT_SLICEM_I1_O)
                                                      0.112     6.008 r  u_baseline/i___341_carry_i_1/O
                         net (fo=2, routed)           0.259     6.267    u_baseline/i___341_carry_i_1_n_0
    SLICE_X90Y222        LUT4 (Prop_H6LUT_SLICEM_I3_O)
                                                      0.090     6.357 r  u_baseline/i___341_carry_i_8/O
                         net (fo=1, routed)           0.015     6.372    u_baseline/i___341_carry_i_8_n_0
    SLICE_X90Y222        CARRY8 (Prop_CARRY8_SLICEM_S[7]_CO[7])
                                                      0.117     6.489 r  u_baseline/lane_sum_c0_inferred__0/i___341_carry/CO[7]
                         net (fo=1, routed)           0.026     6.515    u_baseline/lane_sum_c0_inferred__0/i___341_carry_n_0
    SLICE_X90Y223        CARRY8 (Prop_CARRY8_SLICEM_CI_O[2])
                                                      0.067     6.582 r  u_baseline/lane_sum_c0_inferred__0/i___341_carry__0/O[2]
                         net (fo=1, routed)           0.026     6.608    u_baseline/lane_sum_c0_inferred__0/i___341_carry__0_n_13
    SLICE_X90Y223        FDRE                                         r  u_baseline/lane_sum_q_reg[10]/D
  -------------------------------------------------------------------    -------------------

                         (clock clk rise edge)        5.500     5.500 r  
    P11                                               0.000     5.500 r  clk (IN)
                         net (fo=0)                   0.000     5.500    clk_IBUF_inst/I
    P11                  INBUF (Prop_INBUF_HPIOB_M_PAD_O)
                                                      0.298     5.798 r  clk_IBUF_inst/INBUF_INST/O
                         net (fo=1, routed)           0.000     5.798    clk_IBUF_inst/OUT
    P11                  IBUFCTRL (Prop_IBUFCTRL_HPIOB_M_I_O)
                                                      0.000     5.798 r  clk_IBUF_inst/IBUFCTRL_INST/O
                         net (fo=1, routed)           0.282     6.080    clk_IBUF
    BUFGCE_X0Y77         BUFGCE (Prop_BUFCE_BUFGCE_I_O)
                                                      0.024     6.104 r  clk_IBUF_BUFG_inst/O
    X3Y3 (CLOCK_ROOT)    net (fo=335, routed)         0.671     6.775    u_baseline/clk_IBUF_BUFG
    SLICE_X90Y223        FDRE                                         r  u_baseline/lane_sum_q_reg[10]/C
                         clock pessimism              0.312     7.087    
                         clock uncertainty           -0.035     7.052    
    SLICE_X90Y223        FDRE (Setup_CFF_SLICEM_C_D)
                                                      0.025     7.077    u_baseline/lane_sum_q_reg[10]
  -------------------------------------------------------------------
                         required time                          7.077    
                         arrival time                          -6.608    
  -------------------------------------------------------------------
                         slack                                  0.469    

Slack (MET) :             0.481ns  (required time - arrival time)
  Source:                 u_baseline/g_lane_mem[0].h1_mem_reg_bram_0/CLKARDCLK
                            (rising edge-triggered cell RAMB18E2 clocked by clk  {rise@0.000ns fall@2.750ns period=5.500ns})
  Destination:            u_baseline/lane_sum_q_reg[8]/D
                            (rising edge-triggered cell FDRE clocked by clk  {rise@0.000ns fall@2.750ns period=5.500ns})
  Path Group:             clk
  Path Type:              Setup (Max at Slow Process Corner)
  Requirement:            5.500ns  (clk rise@5.500ns - clk rise@0.000ns)
  Data Path Delay:        4.858ns  (logic 2.915ns (60.000%)  route 1.943ns (40.000%))
  Logic Levels:           15  (CARRY8=5 DSP_A_B_DATA=1 DSP_ALU=1 DSP_OUTPUT=1 LUT3=1 LUT4=1 LUT5=3 LUT6=2)
  Clock Path Skew:        -0.150ns (DCD - SCD + CPR)
    Destination Clock Delay (DCD):    1.275ns = ( 6.775 - 5.500 ) 
    Source Clock Delay      (SCD):    1.737ns
    Clock Pessimism Removal (CPR):    0.312ns
  Clock Uncertainty:      0.035ns  ((TSJ^2 + TIJ^2)^1/2 + DJ) / 2 + PE
    Total System Jitter     (TSJ):    0.071ns
    Total Input Jitter      (TIJ):    0.000ns
    Discrete Jitter          (DJ):    0.000ns
    Phase Error              (PE):    0.000ns
  Clock Net Delay (Source):      0.842ns (routing 0.001ns, distribution 0.841ns)
  Clock Net Delay (Destination): 0.671ns (routing 0.001ns, distribution 0.670ns)

    Location             Delay type                Incr(ns)  Path(ns)    Netlist Resource(s)
  -------------------------------------------------------------------    -------------------
                         (clock clk rise edge)        0.000     0.000 r  
    P11                                               0.000     0.000 r  clk (IN)
                         net (fo=0)                   0.000     0.000    clk_IBUF_inst/I
    P11                  INBUF (Prop_INBUF_HPIOB_M_PAD_O)
                                                      0.548     0.548 r  clk_IBUF_inst/INBUF_INST/O
                         net (fo=1, routed)           0.000     0.548    clk_IBUF_inst/OUT
    P11                  IBUFCTRL (Prop_IBUFCTRL_HPIOB_M_I_O)
                                                      0.000     0.548 r  clk_IBUF_inst/IBUFCTRL_INST/O
                         net (fo=1, routed)           0.319     0.867    clk_IBUF
    BUFGCE_X0Y77         BUFGCE (Prop_BUFCE_BUFGCE_I_O)
                                                      0.028     0.895 r  clk_IBUF_BUFG_inst/O
    X3Y3 (CLOCK_ROOT)    net (fo=335, routed)         0.842     1.737    u_baseline/clk_IBUF_BUFG
    RAMB18_X12Y90        RAMB18E2                                     r  u_baseline/g_lane_mem[0].h1_mem_reg_bram_0/CLKARDCLK
  -------------------------------------------------------------------    -------------------
    RAMB18_X12Y90        RAMB18E2 (Prop_RAMB18E2_L_RAMB180_CLKARDCLK_DOUTADOUT[0])
                                                      0.972     2.709 f  u_baseline/g_lane_mem[0].h1_mem_reg_bram_0/DOUTADOUT[0]
                         net (fo=1, routed)           0.310     3.019    u_baseline/lane_sum_c0/B[0]
    DSP48E2_X17Y90       DSP_A_B_DATA (Prop_DSP_A_B_DATA_DSP48E2_B[0]_B_ALU[0])
                                                      0.165     3.184 r  u_baseline/lane_sum_c0/DSP_A_B_DATA_INST/B_ALU[0]
                         net (fo=1, routed)           0.000     3.184    u_baseline/lane_sum_c0/DSP_A_B_DATA.B_ALU<0>
    DSP48E2_X17Y90       DSP_ALU (Prop_DSP_ALU_DSP48E2_B_ALU[0]_ALU_OUT[0])
                                                      0.541     3.725 f  u_baseline/lane_sum_c0/DSP_ALU_INST/ALU_OUT[0]
                         net (fo=1, routed)           0.000     3.725    u_baseline/lane_sum_c0/DSP_ALU.ALU_OUT<0>
    DSP48E2_X17Y90       DSP_OUTPUT (Prop_DSP_OUTPUT_DSP48E2_ALU_OUT[0]_P[0])
                                                      0.109     3.834 r  u_baseline/lane_sum_c0/DSP_OUTPUT_INST/P[0]
                         net (fo=1, routed)           0.163     3.997    u_baseline/lane_sum_c0_n_105
    SLICE_X91Y225        LUT5 (Prop_E6LUT_SLICEM_I0_O)
                                                      0.124     4.121 r  u_baseline/lane_sum_c0__0_carry_i_23/O
                         net (fo=2, routed)           0.156     4.277    u_baseline/lane_sum_c[0]
    SLICE_X90Y227        LUT5 (Prop_A6LUT_SLICEM_I0_O)
                                                      0.038     4.315 r  u_baseline/lane_sum_c0__0_carry_i_15/O
                         net (fo=1, routed)           0.013     4.328    u_baseline/lane_sum_c0__0_carry_i_15_n_0
    SLICE_X90Y227        CARRY8 (Prop_CARRY8_SLICEM_S[0]_O[0])
                                                      0.065     4.393 r  u_baseline/lane_sum_c0__0_carry/O[0]
                         net (fo=2, routed)           0.296     4.690    u_baseline/lane_sum_c0__0_carry_n_15
    SLICE_X89Y226        LUT6 (Prop_A6LUT_SLICEL_I0_O)
                                                      0.050     4.740 r  u_baseline/i___0_carry_i_15/O
                         net (fo=1, routed)           0.009     4.749    u_baseline/i___0_carry_i_15_n_0
    SLICE_X89Y226        CARRY8 (Prop_CARRY8_SLICEL_S[0]_O[0])
                                                      0.063     4.812 r  u_baseline/lane_sum_c0_inferred__0/i___0_carry/O[0]
                         net (fo=2, routed)           0.272     5.084    u_baseline/lane_sum_c0_inferred__0/i___0_carry_n_15
    SLICE_X89Y222        LUT5 (Prop_A5LUT_SLICEL_I4_O)
                                                      0.069     5.153 r  u_baseline/i___247_carry_i_7/O
                         net (fo=2, routed)           0.164     5.317    u_baseline/i___247_carry_i_7_n_0
    SLICE_X89Y222        LUT6 (Prop_B6LUT_SLICEL_I2_O)
                                                      0.124     5.441 r  u_baseline/i___247_carry_i_14/O
                         net (fo=1, routed)           0.009     5.450    u_baseline/i___247_carry_i_14_n_0
    SLICE_X89Y222        CARRY8 (Prop_CARRY8_SLICEL_S[1]_O[6])
                                                      0.220     5.670 r  u_baseline/lane_sum_c0_inferred__0/i___247_carry/O[6]
                         net (fo=2, routed)           0.226     5.896    u_baseline/lane_sum_c0_inferred__0/i___247_carry_n_9
    SLICE_X90Y222        LUT3 (Prop_G5LUT_SLICEM_I1_O)
                                                      0.112     6.008 r  u_baseline/i___341_carry_i_1/O
                         net (fo=2, routed)           0.259     6.267    u_baseline/i___341_carry_i_1_n_0
    SLICE_X90Y222        LUT4 (Prop_H6LUT_SLICEM_I3_O)
                                                      0.090     6.357 r  u_baseline/i___341_carry_i_8/O
                         net (fo=1, routed)           0.015     6.372    u_baseline/i___341_carry_i_8_n_0
    SLICE_X90Y222        CARRY8 (Prop_CARRY8_SLICEM_S[7]_CO[7])
                                                      0.117     6.489 r  u_baseline/lane_sum_c0_inferred__0/i___341_carry/CO[7]
                         net (fo=1, routed)           0.026     6.515    u_baseline/lane_sum_c0_inferred__0/i___341_carry_n_0
    SLICE_X90Y223        CARRY8 (Prop_CARRY8_SLICEM_CI_O[0])
                                                      0.056     6.571 r  u_baseline/lane_sum_c0_inferred__0/i___341_carry__0/O[0]
                         net (fo=1, routed)           0.025     6.596    u_baseline/lane_sum_c0_inferred__0/i___341_carry__0_n_15
    SLICE_X90Y223        FDRE                                         r  u_baseline/lane_sum_q_reg[8]/D
  -------------------------------------------------------------------    -------------------

                         (clock clk rise edge)        5.500     5.500 r  
    P11                                               0.000     5.500 r  clk (IN)
                         net (fo=0)                   0.000     5.500    clk_IBUF_inst/I
    P11                  INBUF (Prop_INBUF_HPIOB_M_PAD_O)
                                                      0.298     5.798 r  clk_IBUF_inst/INBUF_INST/O
                         net (fo=1, routed)           0.000     5.798    clk_IBUF_inst/OUT
    P11                  IBUFCTRL (Prop_IBUFCTRL_HPIOB_M_I_O)
                                                      0.000     5.798 r  clk_IBUF_inst/IBUFCTRL_INST/O
                         net (fo=1, routed)           0.282     6.080    clk_IBUF
    BUFGCE_X0Y77         BUFGCE (Prop_BUFCE_BUFGCE_I_O)
                                                      0.024     6.104 r  clk_IBUF_BUFG_inst/O
    X3Y3 (CLOCK_ROOT)    net (fo=335, routed)         0.671     6.775    u_baseline/clk_IBUF_BUFG
    SLICE_X90Y223        FDRE                                         r  u_baseline/lane_sum_q_reg[8]/C
                         clock pessimism              0.312     7.087    
                         clock uncertainty           -0.035     7.052    
    SLICE_X90Y223        FDRE (Setup_AFF_SLICEM_C_D)
                                                      0.025     7.077    u_baseline/lane_sum_q_reg[8]
  -------------------------------------------------------------------
                         required time                          7.077    
                         arrival time                          -6.596    
  -------------------------------------------------------------------
                         slack                                  0.481    

Slack (MET) :             0.617ns  (required time - arrival time)
  Source:                 u_baseline/g_lane_mem[0].h1_mem_reg_bram_0/CLKARDCLK
                            (rising edge-triggered cell RAMB18E2 clocked by clk  {rise@0.000ns fall@2.750ns period=5.500ns})
  Destination:            u_baseline/lane_sum_q_reg[7]/D
                            (rising edge-triggered cell FDRE clocked by clk  {rise@0.000ns fall@2.750ns period=5.500ns})
  Path Group:             clk
  Path Type:              Setup (Max at Slow Process Corner)
  Requirement:            5.500ns  (clk rise@5.500ns - clk rise@0.000ns)
  Data Path Delay:        4.716ns  (logic 2.798ns (59.326%)  route 1.918ns (40.674%))
  Logic Levels:           14  (CARRY8=4 DSP_A_B_DATA=1 DSP_ALU=1 DSP_OUTPUT=1 LUT3=1 LUT4=1 LUT5=3 LUT6=2)
  Clock Path Skew:        -0.157ns (DCD - SCD + CPR)
    Destination Clock Delay (DCD):    1.269ns = ( 6.769 - 5.500 ) 
    Source Clock Delay      (SCD):    1.737ns
    Clock Pessimism Removal (CPR):    0.312ns
  Clock Uncertainty:      0.035ns  ((TSJ^2 + TIJ^2)^1/2 + DJ) / 2 + PE
    Total System Jitter     (TSJ):    0.071ns
    Total Input Jitter      (TIJ):    0.000ns
    Discrete Jitter          (DJ):    0.000ns
    Phase Error              (PE):    0.000ns
  Clock Net Delay (Source):      0.842ns (routing 0.001ns, distribution 0.841ns)
  Clock Net Delay (Destination): 0.665ns (routing 0.001ns, distribution 0.664ns)

    Location             Delay type                Incr(ns)  Path(ns)    Netlist Resource(s)
  -------------------------------------------------------------------    -------------------
                         (clock clk rise edge)        0.000     0.000 r  
    P11                                               0.000     0.000 r  clk (IN)
                         net (fo=0)                   0.000     0.000    clk_IBUF_inst/I
    P11                  INBUF (Prop_INBUF_HPIOB_M_PAD_O)
                                                      0.548     0.548 r  clk_IBUF_inst/INBUF_INST/O
                         net (fo=1, routed)           0.000     0.548    clk_IBUF_inst/OUT
    P11                  IBUFCTRL (Prop_IBUFCTRL_HPIOB_M_I_O)
                                                      0.000     0.548 r  clk_IBUF_inst/IBUFCTRL_INST/O
                         net (fo=1, routed)           0.319     0.867    clk_IBUF
    BUFGCE_X0Y77         BUFGCE (Prop_BUFCE_BUFGCE_I_O)
                                                      0.028     0.895 r  clk_IBUF_BUFG_inst/O
    X3Y3 (CLOCK_ROOT)    net (fo=335, routed)         0.842     1.737    u_baseline/clk_IBUF_BUFG
    RAMB18_X12Y90        RAMB18E2                                     r  u_baseline/g_lane_mem[0].h1_mem_reg_bram_0/CLKARDCLK
  -------------------------------------------------------------------    -------------------
    RAMB18_X12Y90        RAMB18E2 (Prop_RAMB18E2_L_RAMB180_CLKARDCLK_DOUTADOUT[0])
                                                      0.972     2.709 f  u_baseline/g_lane_mem[0].h1_mem_reg_bram_0/DOUTADOUT[0]
                         net (fo=1, routed)           0.310     3.019    u_baseline/lane_sum_c0/B[0]
    DSP48E2_X17Y90       DSP_A_B_DATA (Prop_DSP_A_B_DATA_DSP48E2_B[0]_B_ALU[0])
                                                      0.165     3.184 r  u_baseline/lane_sum_c0/DSP_A_B_DATA_INST/B_ALU[0]
                         net (fo=1, routed)           0.000     3.184    u_baseline/lane_sum_c0/DSP_A_B_DATA.B_ALU<0>
    DSP48E2_X17Y90       DSP_ALU (Prop_DSP_ALU_DSP48E2_B_ALU[0]_ALU_OUT[0])
                                                      0.541     3.725 f  u_baseline/lane_sum_c0/DSP_ALU_INST/ALU_OUT[0]
                         net (fo=1, routed)           0.000     3.725    u_baseline/lane_sum_c0/DSP_ALU.ALU_OUT<0>
    DSP48E2_X17Y90       DSP_OUTPUT (Prop_DSP_OUTPUT_DSP48E2_ALU_OUT[0]_P[0])
                                                      0.109     3.834 r  u_baseline/lane_sum_c0/DSP_OUTPUT_INST/P[0]
                         net (fo=1, routed)           0.163     3.997    u_baseline/lane_sum_c0_n_105
    SLICE_X91Y225        LUT5 (Prop_E6LUT_SLICEM_I0_O)
                                                      0.124     4.121 r  u_baseline/lane_sum_c0__0_carry_i_23/O
                         net (fo=2, routed)           0.156     4.277    u_baseline/lane_sum_c[0]
    SLICE_X90Y227        LUT5 (Prop_A6LUT_SLICEM_I0_O)
                                                      0.038     4.315 r  u_baseline/lane_sum_c0__0_carry_i_15/O
                         net (fo=1, routed)           0.013     4.328    u_baseline/lane_sum_c0__0_carry_i_15_n_0
    SLICE_X90Y227        CARRY8 (Prop_CARRY8_SLICEM_S[0]_O[0])
                                                      0.065     4.393 r  u_baseline/lane_sum_c0__0_carry/O[0]
                         net (fo=2, routed)           0.296     4.690    u_baseline/lane_sum_c0__0_carry_n_15
    SLICE_X89Y226        LUT6 (Prop_A6LUT_SLICEL_I0_O)
                                                      0.050     4.740 r  u_baseline/i___0_carry_i_15/O
                         net (fo=1, routed)           0.009     4.749    u_baseline/i___0_carry_i_15_n_0
    SLICE_X89Y226        CARRY8 (Prop_CARRY8_SLICEL_S[0]_O[0])
                                                      0.063     4.812 r  u_baseline/lane_sum_c0_inferred__0/i___0_carry/O[0]
                         net (fo=2, routed)           0.272     5.084    u_baseline/lane_sum_c0_inferred__0/i___0_carry_n_15
    SLICE_X89Y222        LUT5 (Prop_A5LUT_SLICEL_I4_O)
                                                      0.069     5.153 r  u_baseline/i___247_carry_i_7/O
                         net (fo=2, routed)           0.164     5.317    u_baseline/i___247_carry_i_7_n_0
    SLICE_X89Y222        LUT6 (Prop_B6LUT_SLICEL_I2_O)
                                                      0.124     5.441 r  u_baseline/i___247_carry_i_14/O
                         net (fo=1, routed)           0.009     5.450    u_baseline/i___247_carry_i_14_n_0
    SLICE_X89Y222        CARRY8 (Prop_CARRY8_SLICEL_S[1]_O[6])
                                                      0.220     5.670 r  u_baseline/lane_sum_c0_inferred__0/i___247_carry/O[6]
                         net (fo=2, routed)           0.226     5.896    u_baseline/lane_sum_c0_inferred__0/i___247_carry_n_9
    SLICE_X90Y222        LUT3 (Prop_G5LUT_SLICEM_I1_O)
                                                      0.112     6.008 r  u_baseline/i___341_carry_i_1/O
                         net (fo=2, routed)           0.259     6.267    u_baseline/i___341_carry_i_1_n_0
    SLICE_X90Y222        LUT4 (Prop_H6LUT_SLICEM_I3_O)
                                                      0.090     6.357 r  u_baseline/i___341_carry_i_8/O
                         net (fo=1, routed)           0.015     6.372    u_baseline/i___341_carry_i_8_n_0
    SLICE_X90Y222        CARRY8 (Prop_CARRY8_SLICEM_S[7]_O[7])
                                                      0.056     6.428 r  u_baseline/lane_sum_c0_inferred__0/i___341_carry/O[7]
                         net (fo=1, routed)           0.026     6.454    u_baseline/lane_sum_c0_inferred__0/i___341_carry_n_8
    SLICE_X90Y222        FDRE                                         r  u_baseline/lane_sum_q_reg[7]/D
  -------------------------------------------------------------------    -------------------

                         (clock clk rise edge)        5.500     5.500 r  
    P11                                               0.000     5.500 r  clk (IN)
                         net (fo=0)                   0.000     5.500    clk_IBUF_inst/I
    P11                  INBUF (Prop_INBUF_HPIOB_M_PAD_O)
                                                      0.298     5.798 r  clk_IBUF_inst/INBUF_INST/O
                         net (fo=1, routed)           0.000     5.798    clk_IBUF_inst/OUT
    P11                  IBUFCTRL (Prop_IBUFCTRL_HPIOB_M_I_O)
                                                      0.000     5.798 r  clk_IBUF_inst/IBUFCTRL_INST/O
                         net (fo=1, routed)           0.282     6.080    clk_IBUF
    BUFGCE_X0Y77         BUFGCE (Prop_BUFCE_BUFGCE_I_O)
                                                      0.024     6.104 r  clk_IBUF_BUFG_inst/O
    X3Y3 (CLOCK_ROOT)    net (fo=335, routed)         0.665     6.769    u_baseline/clk_IBUF_BUFG
    SLICE_X90Y222        FDRE                                         r  u_baseline/lane_sum_q_reg[7]/C
                         clock pessimism              0.312     7.081    
                         clock uncertainty           -0.035     7.045    
    SLICE_X90Y222        FDRE (Setup_HFF_SLICEM_C_D)
                                                      0.025     7.070    u_baseline/lane_sum_q_reg[7]
  -------------------------------------------------------------------
                         required time                          7.070    
                         arrival time                          -6.454    
  -------------------------------------------------------------------
                         slack                                  0.617    

Slack (MET) :             0.653ns  (required time - arrival time)
  Source:                 u_baseline/g_lane_mem[0].h1_mem_reg_bram_0/CLKARDCLK
                            (rising edge-triggered cell RAMB18E2 clocked by clk  {rise@0.000ns fall@2.750ns period=5.500ns})
  Destination:            u_baseline/lane_sum_q_reg[6]/D
                            (rising edge-triggered cell FDRE clocked by clk  {rise@0.000ns fall@2.750ns period=5.500ns})
  Path Group:             clk
  Path Type:              Setup (Max at Slow Process Corner)
  Requirement:            5.500ns  (clk rise@5.500ns - clk rise@0.000ns)
  Data Path Delay:        4.680ns  (logic 2.828ns (60.427%)  route 1.852ns (39.573%))
  Logic Levels:           14  (CARRY8=4 DSP_A_B_DATA=1 DSP_ALU=1 DSP_OUTPUT=1 LUT3=1 LUT4=1 LUT5=3 LUT6=2)
  Clock Path Skew:        -0.157ns (DCD - SCD + CPR)
    Destination Clock Delay (DCD):    1.269ns = ( 6.769 - 5.500 ) 
    Source Clock Delay      (SCD):    1.737ns
    Clock Pessimism Removal (CPR):    0.312ns
  Clock Uncertainty:      0.035ns  ((TSJ^2 + TIJ^2)^1/2 + DJ) / 2 + PE
    Total System Jitter     (TSJ):    0.071ns
    Total Input Jitter      (TIJ):    0.000ns
    Discrete Jitter          (DJ):    0.000ns
    Phase Error              (PE):    0.000ns
  Clock Net Delay (Source):      0.842ns (routing 0.001ns, distribution 0.841ns)
  Clock Net Delay (Destination): 0.665ns (routing 0.001ns, distribution 0.664ns)

    Location             Delay type                Incr(ns)  Path(ns)    Netlist Resource(s)
  -------------------------------------------------------------------    -------------------
                         (clock clk rise edge)        0.000     0.000 r  
    P11                                               0.000     0.000 r  clk (IN)
                         net (fo=0)                   0.000     0.000    clk_IBUF_inst/I
    P11                  INBUF (Prop_INBUF_HPIOB_M_PAD_O)
                                                      0.548     0.548 r  clk_IBUF_inst/INBUF_INST/O
                         net (fo=1, routed)           0.000     0.548    clk_IBUF_inst/OUT
    P11                  IBUFCTRL (Prop_IBUFCTRL_HPIOB_M_I_O)
                                                      0.000     0.548 r  clk_IBUF_inst/IBUFCTRL_INST/O
                         net (fo=1, routed)           0.319     0.867    clk_IBUF
    BUFGCE_X0Y77         BUFGCE (Prop_BUFCE_BUFGCE_I_O)
                                                      0.028     0.895 r  clk_IBUF_BUFG_inst/O
    X3Y3 (CLOCK_ROOT)    net (fo=335, routed)         0.842     1.737    u_baseline/clk_IBUF_BUFG
    RAMB18_X12Y90        RAMB18E2                                     r  u_baseline/g_lane_mem[0].h1_mem_reg_bram_0/CLKARDCLK
  -------------------------------------------------------------------    -------------------
    RAMB18_X12Y90        RAMB18E2 (Prop_RAMB18E2_L_RAMB180_CLKARDCLK_DOUTADOUT[0])
                                                      0.972     2.709 f  u_baseline/g_lane_mem[0].h1_mem_reg_bram_0/DOUTADOUT[0]
                         net (fo=1, routed)           0.310     3.019    u_baseline/lane_sum_c0/B[0]
    DSP48E2_X17Y90       DSP_A_B_DATA (Prop_DSP_A_B_DATA_DSP48E2_B[0]_B_ALU[0])
                                                      0.165     3.184 r  u_baseline/lane_sum_c0/DSP_A_B_DATA_INST/B_ALU[0]
                         net (fo=1, routed)           0.000     3.184    u_baseline/lane_sum_c0/DSP_A_B_DATA.B_ALU<0>
    DSP48E2_X17Y90       DSP_ALU (Prop_DSP_ALU_DSP48E2_B_ALU[0]_ALU_OUT[0])
                                                      0.541     3.725 f  u_baseline/lane_sum_c0/DSP_ALU_INST/ALU_OUT[0]
                         net (fo=1, routed)           0.000     3.725    u_baseline/lane_sum_c0/DSP_ALU.ALU_OUT<0>
    DSP48E2_X17Y90       DSP_OUTPUT (Prop_DSP_OUTPUT_DSP48E2_ALU_OUT[0]_P[0])
                                                      0.109     3.834 r  u_baseline/lane_sum_c0/DSP_OUTPUT_INST/P[0]
                         net (fo=1, routed)           0.163     3.997    u_baseline/lane_sum_c0_n_105
    SLICE_X91Y225        LUT5 (Prop_E6LUT_SLICEM_I0_O)
                                                      0.124     4.121 r  u_baseline/lane_sum_c0__0_carry_i_23/O
                         net (fo=2, routed)           0.156     4.277    u_baseline/lane_sum_c[0]
    SLICE_X90Y227        LUT5 (Prop_A6LUT_SLICEM_I0_O)
                                                      0.038     4.315 r  u_baseline/lane_sum_c0__0_carry_i_15/O
                         net (fo=1, routed)           0.013     4.328    u_baseline/lane_sum_c0__0_carry_i_15_n_0
    SLICE_X90Y227        CARRY8 (Prop_CARRY8_SLICEM_S[0]_O[0])
                                                      0.065     4.393 r  u_baseline/lane_sum_c0__0_carry/O[0]
                         net (fo=2, routed)           0.296     4.690    u_baseline/lane_sum_c0__0_carry_n_15
    SLICE_X89Y226        LUT6 (Prop_A6LUT_SLICEL_I0_O)
                                                      0.050     4.740 r  u_baseline/i___0_carry_i_15/O
                         net (fo=1, routed)           0.009     4.749    u_baseline/i___0_carry_i_15_n_0
    SLICE_X89Y226        CARRY8 (Prop_CARRY8_SLICEL_S[0]_O[0])
                                                      0.063     4.812 r  u_baseline/lane_sum_c0_inferred__0/i___0_carry/O[0]
                         net (fo=2, routed)           0.272     5.084    u_baseline/lane_sum_c0_inferred__0/i___0_carry_n_15
    SLICE_X89Y222        LUT5 (Prop_A5LUT_SLICEL_I4_O)
                                                      0.069     5.153 r  u_baseline/i___247_carry_i_7/O
                         net (fo=2, routed)           0.164     5.317    u_baseline/i___247_carry_i_7_n_0
    SLICE_X89Y222        LUT6 (Prop_B6LUT_SLICEL_I2_O)
                                                      0.124     5.441 r  u_baseline/i___247_carry_i_14/O
                         net (fo=1, routed)           0.009     5.450    u_baseline/i___247_carry_i_14_n_0
    SLICE_X89Y222        CARRY8 (Prop_CARRY8_SLICEL_S[1]_O[3])
                                                      0.120     5.570 r  u_baseline/lane_sum_c0_inferred__0/i___247_carry/O[3]
                         net (fo=2, routed)           0.226     5.796    u_baseline/lane_sum_c0_inferred__0/i___247_carry_n_12
    SLICE_X90Y222        LUT3 (Prop_D5LUT_SLICEM_I1_O)
                                                      0.135     5.931 r  u_baseline/i___341_carry_i_4/O
                         net (fo=2, routed)           0.194     6.124    u_baseline/i___341_carry_i_4_n_0
    SLICE_X90Y222        LUT4 (Prop_E6LUT_SLICEM_I3_O)
                                                      0.124     6.248 r  u_baseline/i___341_carry_i_11/O
                         net (fo=1, routed)           0.014     6.262    u_baseline/i___341_carry_i_11_n_0
    SLICE_X90Y222        CARRY8 (Prop_CARRY8_SLICEM_S[4]_O[6])
                                                      0.129     6.391 r  u_baseline/lane_sum_c0_inferred__0/i___341_carry/O[6]
                         net (fo=1, routed)           0.026     6.417    u_baseline/lane_sum_c0_inferred__0/i___341_carry_n_9
    SLICE_X90Y222        FDRE                                         r  u_baseline/lane_sum_q_reg[6]/D
  -------------------------------------------------------------------    -------------------

                         (clock clk rise edge)        5.500     5.500 r  
    P11                                               0.000     5.500 r  clk (IN)
                         net (fo=0)                   0.000     5.500    clk_IBUF_inst/I
    P11                  INBUF (Prop_INBUF_HPIOB_M_PAD_O)
                                                      0.298     5.798 r  clk_IBUF_inst/INBUF_INST/O
                         net (fo=1, routed)           0.000     5.798    clk_IBUF_inst/OUT
    P11                  IBUFCTRL (Prop_IBUFCTRL_HPIOB_M_I_O)
                                                      0.000     5.798 r  clk_IBUF_inst/IBUFCTRL_INST/O
                         net (fo=1, routed)           0.282     6.080    clk_IBUF
    BUFGCE_X0Y77         BUFGCE (Prop_BUFCE_BUFGCE_I_O)
                                                      0.024     6.104 r  clk_IBUF_BUFG_inst/O
    X3Y3 (CLOCK_ROOT)    net (fo=335, routed)         0.665     6.769    u_baseline/clk_IBUF_BUFG
    SLICE_X90Y222        FDRE                                         r  u_baseline/lane_sum_q_reg[6]/C
                         clock pessimism              0.312     7.081    
                         clock uncertainty           -0.035     7.045    
    SLICE_X90Y222        FDRE (Setup_GFF_SLICEM_C_D)
                                                      0.025     7.070    u_baseline/lane_sum_q_reg[6]
  -------------------------------------------------------------------
                         required time                          7.070    
                         arrival time                          -6.417    
  -------------------------------------------------------------------
                         slack                                  0.653    

Slack (MET) :             0.688ns  (required time - arrival time)
  Source:                 u_baseline/g_lane_mem[0].h1_mem_reg_bram_0/CLKARDCLK
                            (rising edge-triggered cell RAMB18E2 clocked by clk  {rise@0.000ns fall@2.750ns period=5.500ns})
  Destination:            u_baseline/lane_sum_q_reg[5]/D
                            (rising edge-triggered cell FDRE clocked by clk  {rise@0.000ns fall@2.750ns period=5.500ns})
  Path Group:             clk
  Path Type:              Setup (Max at Slow Process Corner)
  Requirement:            5.500ns  (clk rise@5.500ns - clk rise@0.000ns)
  Data Path Delay:        4.645ns  (logic 2.794ns (60.150%)  route 1.851ns (39.850%))
  Logic Levels:           14  (CARRY8=4 DSP_A_B_DATA=1 DSP_ALU=1 DSP_OUTPUT=1 LUT3=1 LUT4=1 LUT5=3 LUT6=2)
  Clock Path Skew:        -0.157ns (DCD - SCD + CPR)
    Destination Clock Delay (DCD):    1.269ns = ( 6.769 - 5.500 ) 
    Source Clock Delay      (SCD):    1.737ns
    Clock Pessimism Removal (CPR):    0.312ns
  Clock Uncertainty:      0.035ns  ((TSJ^2 + TIJ^2)^1/2 + DJ) / 2 + PE
    Total System Jitter     (TSJ):    0.071ns
    Total Input Jitter      (TIJ):    0.000ns
    Discrete Jitter          (DJ):    0.000ns
    Phase Error              (PE):    0.000ns
  Clock Net Delay (Source):      0.842ns (routing 0.001ns, distribution 0.841ns)
  Clock Net Delay (Destination): 0.665ns (routing 0.001ns, distribution 0.664ns)

    Location             Delay type                Incr(ns)  Path(ns)    Netlist Resource(s)
  -------------------------------------------------------------------    -------------------
                         (clock clk rise edge)        0.000     0.000 r  
    P11                                               0.000     0.000 r  clk (IN)
                         net (fo=0)                   0.000     0.000    clk_IBUF_inst/I
    P11                  INBUF (Prop_INBUF_HPIOB_M_PAD_O)
                                                      0.548     0.548 r  clk_IBUF_inst/INBUF_INST/O
                         net (fo=1, routed)           0.000     0.548    clk_IBUF_inst/OUT
    P11                  IBUFCTRL (Prop_IBUFCTRL_HPIOB_M_I_O)
                                                      0.000     0.548 r  clk_IBUF_inst/IBUFCTRL_INST/O
                         net (fo=1, routed)           0.319     0.867    clk_IBUF
    BUFGCE_X0Y77         BUFGCE (Prop_BUFCE_BUFGCE_I_O)
                                                      0.028     0.895 r  clk_IBUF_BUFG_inst/O
    X3Y3 (CLOCK_ROOT)    net (fo=335, routed)         0.842     1.737    u_baseline/clk_IBUF_BUFG
    RAMB18_X12Y90        RAMB18E2                                     r  u_baseline/g_lane_mem[0].h1_mem_reg_bram_0/CLKARDCLK
  -------------------------------------------------------------------    -------------------
    RAMB18_X12Y90        RAMB18E2 (Prop_RAMB18E2_L_RAMB180_CLKARDCLK_DOUTADOUT[0])
                                                      0.972     2.709 f  u_baseline/g_lane_mem[0].h1_mem_reg_bram_0/DOUTADOUT[0]
                         net (fo=1, routed)           0.310     3.019    u_baseline/lane_sum_c0/B[0]
    DSP48E2_X17Y90       DSP_A_B_DATA (Prop_DSP_A_B_DATA_DSP48E2_B[0]_B_ALU[0])
                                                      0.165     3.184 r  u_baseline/lane_sum_c0/DSP_A_B_DATA_INST/B_ALU[0]
                         net (fo=1, routed)           0.000     3.184    u_baseline/lane_sum_c0/DSP_A_B_DATA.B_ALU<0>
    DSP48E2_X17Y90       DSP_ALU (Prop_DSP_ALU_DSP48E2_B_ALU[0]_ALU_OUT[0])
                                                      0.541     3.725 f  u_baseline/lane_sum_c0/DSP_ALU_INST/ALU_OUT[0]
                         net (fo=1, routed)           0.000     3.725    u_baseline/lane_sum_c0/DSP_ALU.ALU_OUT<0>
    DSP48E2_X17Y90       DSP_OUTPUT (Prop_DSP_OUTPUT_DSP48E2_ALU_OUT[0]_P[0])
                                                      0.109     3.834 r  u_baseline/lane_sum_c0/DSP_OUTPUT_INST/P[0]
                         net (fo=1, routed)           0.163     3.997    u_baseline/lane_sum_c0_n_105
    SLICE_X91Y225        LUT5 (Prop_E6LUT_SLICEM_I0_O)
                                                      0.124     4.121 r  u_baseline/lane_sum_c0__0_carry_i_23/O
                         net (fo=2, routed)           0.156     4.277    u_baseline/lane_sum_c[0]
    SLICE_X90Y227        LUT5 (Prop_A6LUT_SLICEM_I0_O)
                                                      0.038     4.315 r  u_baseline/lane_sum_c0__0_carry_i_15/O
                         net (fo=1, routed)           0.013     4.328    u_baseline/lane_sum_c0__0_carry_i_15_n_0
    SLICE_X90Y227        CARRY8 (Prop_CARRY8_SLICEM_S[0]_O[0])
                                                      0.065     4.393 r  u_baseline/lane_sum_c0__0_carry/O[0]
                         net (fo=2, routed)           0.296     4.690    u_baseline/lane_sum_c0__0_carry_n_15
    SLICE_X89Y226        LUT6 (Prop_A6LUT_SLICEL_I0_O)
                                                      0.050     4.740 r  u_baseline/i___0_carry_i_15/O
                         net (fo=1, routed)           0.009     4.749    u_baseline/i___0_carry_i_15_n_0
    SLICE_X89Y226        CARRY8 (Prop_CARRY8_SLICEL_S[0]_O[0])
                                                      0.063     4.812 r  u_baseline/lane_sum_c0_inferred__0/i___0_carry/O[0]
                         net (fo=2, routed)           0.272     5.084    u_baseline/lane_sum_c0_inferred__0/i___0_carry_n_15
    SLICE_X89Y222        LUT5 (Prop_A5LUT_SLICEL_I4_O)
                                                      0.069     5.153 r  u_baseline/i___247_carry_i_7/O
                         net (fo=2, routed)           0.164     5.317    u_baseline/i___247_carry_i_7_n_0
    SLICE_X89Y222        LUT6 (Prop_B6LUT_SLICEL_I2_O)
                                                      0.124     5.441 r  u_baseline/i___247_carry_i_14/O
                         net (fo=1, routed)           0.009     5.450    u_baseline/i___247_carry_i_14_n_0
    SLICE_X89Y222        CARRY8 (Prop_CARRY8_SLICEL_S[1]_O[3])
                                                      0.120     5.570 r  u_baseline/lane_sum_c0_inferred__0/i___247_carry/O[3]
                         net (fo=2, routed)           0.226     5.796    u_baseline/lane_sum_c0_inferred__0/i___247_carry_n_12
    SLICE_X90Y222        LUT3 (Prop_D5LUT_SLICEM_I1_O)
                                                      0.135     5.931 r  u_baseline/i___341_carry_i_4/O
                         net (fo=2, routed)           0.194     6.124    u_baseline/i___341_carry_i_4_n_0
    SLICE_X90Y222        LUT4 (Prop_E6LUT_SLICEM_I3_O)
                                                      0.124     6.248 r  u_baseline/i___341_carry_i_11/O
                         net (fo=1, routed)           0.014     6.262    u_baseline/i___341_carry_i_11_n_0
    SLICE_X90Y222        CARRY8 (Prop_CARRY8_SLICEM_S[4]_O[5])
                                                      0.095     6.357 r  u_baseline/lane_sum_c0_inferred__0/i___341_carry/O[5]
                         net (fo=1, routed)           0.025     6.382    u_baseline/lane_sum_c0_inferred__0/i___341_carry_n_10
    SLICE_X90Y222        FDRE                                         r  u_baseline/lane_sum_q_reg[5]/D
  -------------------------------------------------------------------    -------------------

                         (clock clk rise edge)        5.500     5.500 r  
    P11                                               0.000     5.500 r  clk (IN)
                         net (fo=0)                   0.000     5.500    clk_IBUF_inst/I
    P11                  INBUF (Prop_INBUF_HPIOB_M_PAD_O)
                                                      0.298     5.798 r  clk_IBUF_inst/INBUF_INST/O
                         net (fo=1, routed)           0.000     5.798    clk_IBUF_inst/OUT
    P11                  IBUFCTRL (Prop_IBUFCTRL_HPIOB_M_I_O)
                                                      0.000     5.798 r  clk_IBUF_inst/IBUFCTRL_INST/O
                         net (fo=1, routed)           0.282     6.080    clk_IBUF
    BUFGCE_X0Y77         BUFGCE (Prop_BUFCE_BUFGCE_I_O)
                                                      0.024     6.104 r  clk_IBUF_BUFG_inst/O
    X3Y3 (CLOCK_ROOT)    net (fo=335, routed)         0.665     6.769    u_baseline/clk_IBUF_BUFG
    SLICE_X90Y222        FDRE                                         r  u_baseline/lane_sum_q_reg[5]/C
                         clock pessimism              0.312     7.081    
                         clock uncertainty           -0.035     7.045    
    SLICE_X90Y222        FDRE (Setup_FFF_SLICEM_C_D)
                                                      0.025     7.070    u_baseline/lane_sum_q_reg[5]
  -------------------------------------------------------------------
                         required time                          7.070    
                         arrival time                          -6.382    
  -------------------------------------------------------------------
                         slack                                  0.688    

Slack (MET) :             0.720ns  (required time - arrival time)
  Source:                 u_baseline/g_lane_mem[0].h1_mem_reg_bram_0/CLKARDCLK
                            (rising edge-triggered cell RAMB18E2 clocked by clk  {rise@0.000ns fall@2.750ns period=5.500ns})
  Destination:            u_baseline/lane_sum_q_reg[4]/D
                            (rising edge-triggered cell FDRE clocked by clk  {rise@0.000ns fall@2.750ns period=5.500ns})
  Path Group:             clk
  Path Type:              Setup (Max at Slow Process Corner)
  Requirement:            5.500ns  (clk rise@5.500ns - clk rise@0.000ns)
  Data Path Delay:        4.613ns  (logic 2.762ns (59.874%)  route 1.851ns (40.126%))
  Logic Levels:           14  (CARRY8=4 DSP_A_B_DATA=1 DSP_ALU=1 DSP_OUTPUT=1 LUT3=1 LUT4=1 LUT5=3 LUT6=2)
  Clock Path Skew:        -0.157ns (DCD - SCD + CPR)
    Destination Clock Delay (DCD):    1.269ns = ( 6.769 - 5.500 ) 
    Source Clock Delay      (SCD):    1.737ns
    Clock Pessimism Removal (CPR):    0.312ns
  Clock Uncertainty:      0.035ns  ((TSJ^2 + TIJ^2)^1/2 + DJ) / 2 + PE
    Total System Jitter     (TSJ):    0.071ns
    Total Input Jitter      (TIJ):    0.000ns
    Discrete Jitter          (DJ):    0.000ns
    Phase Error              (PE):    0.000ns
  Clock Net Delay (Source):      0.842ns (routing 0.001ns, distribution 0.841ns)
  Clock Net Delay (Destination): 0.665ns (routing 0.001ns, distribution 0.664ns)

    Location             Delay type                Incr(ns)  Path(ns)    Netlist Resource(s)
  -------------------------------------------------------------------    -------------------
                         (clock clk rise edge)        0.000     0.000 r  
    P11                                               0.000     0.000 r  clk (IN)
                         net (fo=0)                   0.000     0.000    clk_IBUF_inst/I
    P11                  INBUF (Prop_INBUF_HPIOB_M_PAD_O)
                                                      0.548     0.548 r  clk_IBUF_inst/INBUF_INST/O
                         net (fo=1, routed)           0.000     0.548    clk_IBUF_inst/OUT
    P11                  IBUFCTRL (Prop_IBUFCTRL_HPIOB_M_I_O)
                                                      0.000     0.548 r  clk_IBUF_inst/IBUFCTRL_INST/O
                         net (fo=1, routed)           0.319     0.867    clk_IBUF
    BUFGCE_X0Y77         BUFGCE (Prop_BUFCE_BUFGCE_I_O)
                                                      0.028     0.895 r  clk_IBUF_BUFG_inst/O
    X3Y3 (CLOCK_ROOT)    net (fo=335, routed)         0.842     1.737    u_baseline/clk_IBUF_BUFG
    RAMB18_X12Y90        RAMB18E2                                     r  u_baseline/g_lane_mem[0].h1_mem_reg_bram_0/CLKARDCLK
  -------------------------------------------------------------------    -------------------
    RAMB18_X12Y90        RAMB18E2 (Prop_RAMB18E2_L_RAMB180_CLKARDCLK_DOUTADOUT[0])
                                                      0.972     2.709 f  u_baseline/g_lane_mem[0].h1_mem_reg_bram_0/DOUTADOUT[0]
                         net (fo=1, routed)           0.310     3.019    u_baseline/lane_sum_c0/B[0]
    DSP48E2_X17Y90       DSP_A_B_DATA (Prop_DSP_A_B_DATA_DSP48E2_B[0]_B_ALU[0])
                                                      0.165     3.184 r  u_baseline/lane_sum_c0/DSP_A_B_DATA_INST/B_ALU[0]
                         net (fo=1, routed)           0.000     3.184    u_baseline/lane_sum_c0/DSP_A_B_DATA.B_ALU<0>
    DSP48E2_X17Y90       DSP_ALU (Prop_DSP_ALU_DSP48E2_B_ALU[0]_ALU_OUT[0])
                                                      0.541     3.725 f  u_baseline/lane_sum_c0/DSP_ALU_INST/ALU_OUT[0]
                         net (fo=1, routed)           0.000     3.725    u_baseline/lane_sum_c0/DSP_ALU.ALU_OUT<0>
    DSP48E2_X17Y90       DSP_OUTPUT (Prop_DSP_OUTPUT_DSP48E2_ALU_OUT[0]_P[0])
                                                      0.109     3.834 r  u_baseline/lane_sum_c0/DSP_OUTPUT_INST/P[0]
                         net (fo=1, routed)           0.163     3.997    u_baseline/lane_sum_c0_n_105
    SLICE_X91Y225        LUT5 (Prop_E6LUT_SLICEM_I0_O)
                                                      0.124     4.121 r  u_baseline/lane_sum_c0__0_carry_i_23/O
                         net (fo=2, routed)           0.156     4.277    u_baseline/lane_sum_c[0]
    SLICE_X90Y227        LUT5 (Prop_A6LUT_SLICEM_I0_O)
                                                      0.038     4.315 r  u_baseline/lane_sum_c0__0_carry_i_15/O
                         net (fo=1, routed)           0.013     4.328    u_baseline/lane_sum_c0__0_carry_i_15_n_0
    SLICE_X90Y227        CARRY8 (Prop_CARRY8_SLICEM_S[0]_O[0])
                                                      0.065     4.393 r  u_baseline/lane_sum_c0__0_carry/O[0]
                         net (fo=2, routed)           0.296     4.690    u_baseline/lane_sum_c0__0_carry_n_15
    SLICE_X89Y226        LUT6 (Prop_A6LUT_SLICEL_I0_O)
                                                      0.050     4.740 r  u_baseline/i___0_carry_i_15/O
                         net (fo=1, routed)           0.009     4.749    u_baseline/i___0_carry_i_15_n_0
    SLICE_X89Y226        CARRY8 (Prop_CARRY8_SLICEL_S[0]_O[0])
                                                      0.063     4.812 r  u_baseline/lane_sum_c0_inferred__0/i___0_carry/O[0]
                         net (fo=2, routed)           0.272     5.084    u_baseline/lane_sum_c0_inferred__0/i___0_carry_n_15
    SLICE_X89Y222        LUT5 (Prop_A5LUT_SLICEL_I4_O)
                                                      0.069     5.153 r  u_baseline/i___247_carry_i_7/O
                         net (fo=2, routed)           0.164     5.317    u_baseline/i___247_carry_i_7_n_0
    SLICE_X89Y222        LUT6 (Prop_B6LUT_SLICEL_I2_O)
                                                      0.124     5.441 r  u_baseline/i___247_carry_i_14/O
                         net (fo=1, routed)           0.009     5.450    u_baseline/i___247_carry_i_14_n_0
    SLICE_X89Y222        CARRY8 (Prop_CARRY8_SLICEL_S[1]_O[3])
                                                      0.120     5.570 r  u_baseline/lane_sum_c0_inferred__0/i___247_carry/O[3]
                         net (fo=2, routed)           0.226     5.796    u_baseline/lane_sum_c0_inferred__0/i___247_carry_n_12
    SLICE_X90Y222        LUT3 (Prop_D5LUT_SLICEM_I1_O)
                                                      0.135     5.931 r  u_baseline/i___341_carry_i_4/O
                         net (fo=2, routed)           0.194     6.124    u_baseline/i___341_carry_i_4_n_0
    SLICE_X90Y222        LUT4 (Prop_E6LUT_SLICEM_I3_O)
                                                      0.124     6.248 r  u_baseline/i___341_carry_i_11/O
                         net (fo=1, routed)           0.014     6.262    u_baseline/i___341_carry_i_11_n_0
    SLICE_X90Y222        CARRY8 (Prop_CARRY8_SLICEM_S[4]_O[4])
                                                      0.063     6.325 r  u_baseline/lane_sum_c0_inferred__0/i___341_carry/O[4]
                         net (fo=1, routed)           0.025     6.350    u_baseline/lane_sum_c0_inferred__0/i___341_carry_n_11
    SLICE_X90Y222        FDRE                                         r  u_baseline/lane_sum_q_reg[4]/D
  -------------------------------------------------------------------    -------------------

                         (clock clk rise edge)        5.500     5.500 r  
    P11                                               0.000     5.500 r  clk (IN)
                         net (fo=0)                   0.000     5.500    clk_IBUF_inst/I
    P11                  INBUF (Prop_INBUF_HPIOB_M_PAD_O)
                                                      0.298     5.798 r  clk_IBUF_inst/INBUF_INST/O
                         net (fo=1, routed)           0.000     5.798    clk_IBUF_inst/OUT
    P11                  IBUFCTRL (Prop_IBUFCTRL_HPIOB_M_I_O)
                                                      0.000     5.798 r  clk_IBUF_inst/IBUFCTRL_INST/O
                         net (fo=1, routed)           0.282     6.080    clk_IBUF
    BUFGCE_X0Y77         BUFGCE (Prop_BUFCE_BUFGCE_I_O)
                                                      0.024     6.104 r  clk_IBUF_BUFG_inst/O
    X3Y3 (CLOCK_ROOT)    net (fo=335, routed)         0.665     6.769    u_baseline/clk_IBUF_BUFG
    SLICE_X90Y222        FDRE                                         r  u_baseline/lane_sum_q_reg[4]/C
                         clock pessimism              0.312     7.081    
                         clock uncertainty           -0.035     7.045    
    SLICE_X90Y222        FDRE (Setup_EFF_SLICEM_C_D)
                                                      0.025     7.070    u_baseline/lane_sum_q_reg[4]
  -------------------------------------------------------------------
                         required time                          7.070    
                         arrival time                          -6.350    
  -------------------------------------------------------------------
                         slack                                  0.720    

Slack (MET) :             0.841ns  (required time - arrival time)
  Source:                 u_baseline/g_lane_mem[0].h1_mem_reg_bram_0/CLKARDCLK
                            (rising edge-triggered cell RAMB18E2 clocked by clk  {rise@0.000ns fall@2.750ns period=5.500ns})
  Destination:            u_baseline/lane_sum_q_reg[3]/D
                            (rising edge-triggered cell FDRE clocked by clk  {rise@0.000ns fall@2.750ns period=5.500ns})
  Path Group:             clk
  Path Type:              Setup (Max at Slow Process Corner)
  Requirement:            5.500ns  (clk rise@5.500ns - clk rise@0.000ns)
  Data Path Delay:        4.493ns  (logic 2.731ns (60.781%)  route 1.762ns (39.219%))
  Logic Levels:           14  (CARRY8=4 DSP_A_B_DATA=1 DSP_ALU=1 DSP_OUTPUT=1 LUT3=1 LUT4=1 LUT5=3 LUT6=2)
  Clock Path Skew:        -0.156ns (DCD - SCD + CPR)
    Destination Clock Delay (DCD):    1.270ns = ( 6.770 - 5.500 ) 
    Source Clock Delay      (SCD):    1.737ns
    Clock Pessimism Removal (CPR):    0.312ns
  Clock Uncertainty:      0.035ns  ((TSJ^2 + TIJ^2)^1/2 + DJ) / 2 + PE
    Total System Jitter     (TSJ):    0.071ns
    Total Input Jitter      (TIJ):    0.000ns
    Discrete Jitter          (DJ):    0.000ns
    Phase Error              (PE):    0.000ns
  Clock Net Delay (Source):      0.842ns (routing 0.001ns, distribution 0.841ns)
  Clock Net Delay (Destination): 0.666ns (routing 0.001ns, distribution 0.665ns)

    Location             Delay type                Incr(ns)  Path(ns)    Netlist Resource(s)
  -------------------------------------------------------------------    -------------------
                         (clock clk rise edge)        0.000     0.000 r  
    P11                                               0.000     0.000 r  clk (IN)
                         net (fo=0)                   0.000     0.000    clk_IBUF_inst/I
    P11                  INBUF (Prop_INBUF_HPIOB_M_PAD_O)
                                                      0.548     0.548 r  clk_IBUF_inst/INBUF_INST/O
                         net (fo=1, routed)           0.000     0.548    clk_IBUF_inst/OUT
    P11                  IBUFCTRL (Prop_IBUFCTRL_HPIOB_M_I_O)
                                                      0.000     0.548 r  clk_IBUF_inst/IBUFCTRL_INST/O
                         net (fo=1, routed)           0.319     0.867    clk_IBUF
    BUFGCE_X0Y77         BUFGCE (Prop_BUFCE_BUFGCE_I_O)
                                                      0.028     0.895 r  clk_IBUF_BUFG_inst/O
    X3Y3 (CLOCK_ROOT)    net (fo=335, routed)         0.842     1.737    u_baseline/clk_IBUF_BUFG
    RAMB18_X12Y90        RAMB18E2                                     r  u_baseline/g_lane_mem[0].h1_mem_reg_bram_0/CLKARDCLK
  -------------------------------------------------------------------    -------------------
    RAMB18_X12Y90        RAMB18E2 (Prop_RAMB18E2_L_RAMB180_CLKARDCLK_DOUTADOUT[0])
                                                      0.972     2.709 f  u_baseline/g_lane_mem[0].h1_mem_reg_bram_0/DOUTADOUT[0]
                         net (fo=1, routed)           0.310     3.019    u_baseline/lane_sum_c0/B[0]
    DSP48E2_X17Y90       DSP_A_B_DATA (Prop_DSP_A_B_DATA_DSP48E2_B[0]_B_ALU[0])
                                                      0.165     3.184 r  u_baseline/lane_sum_c0/DSP_A_B_DATA_INST/B_ALU[0]
                         net (fo=1, routed)           0.000     3.184    u_baseline/lane_sum_c0/DSP_A_B_DATA.B_ALU<0>
    DSP48E2_X17Y90       DSP_ALU (Prop_DSP_ALU_DSP48E2_B_ALU[0]_ALU_OUT[0])
                                                      0.541     3.725 f  u_baseline/lane_sum_c0/DSP_ALU_INST/ALU_OUT[0]
                         net (fo=1, routed)           0.000     3.725    u_baseline/lane_sum_c0/DSP_ALU.ALU_OUT<0>
    DSP48E2_X17Y90       DSP_OUTPUT (Prop_DSP_OUTPUT_DSP48E2_ALU_OUT[0]_P[0])
                                                      0.109     3.834 r  u_baseline/lane_sum_c0/DSP_OUTPUT_INST/P[0]
                         net (fo=1, routed)           0.163     3.997    u_baseline/lane_sum_c0_n_105
    SLICE_X91Y225        LUT5 (Prop_E6LUT_SLICEM_I0_O)
                                                      0.124     4.121 r  u_baseline/lane_sum_c0__0_carry_i_23/O
                         net (fo=2, routed)           0.156     4.277    u_baseline/lane_sum_c[0]
    SLICE_X90Y227        LUT5 (Prop_A6LUT_SLICEM_I0_O)
                                                      0.038     4.315 r  u_baseline/lane_sum_c0__0_carry_i_15/O
                         net (fo=1, routed)           0.013     4.328    u_baseline/lane_sum_c0__0_carry_i_15_n_0
    SLICE_X90Y227        CARRY8 (Prop_CARRY8_SLICEM_S[0]_O[0])
                                                      0.065     4.393 r  u_baseline/lane_sum_c0__0_carry/O[0]
                         net (fo=2, routed)           0.296     4.690    u_baseline/lane_sum_c0__0_carry_n_15
    SLICE_X89Y226        LUT6 (Prop_A6LUT_SLICEL_I0_O)
                                                      0.050     4.740 r  u_baseline/i___0_carry_i_15/O
                         net (fo=1, routed)           0.009     4.749    u_baseline/i___0_carry_i_15_n_0
    SLICE_X89Y226        CARRY8 (Prop_CARRY8_SLICEL_S[0]_O[0])
                                                      0.063     4.812 r  u_baseline/lane_sum_c0_inferred__0/i___0_carry/O[0]
                         net (fo=2, routed)           0.272     5.084    u_baseline/lane_sum_c0_inferred__0/i___0_carry_n_15
    SLICE_X89Y222        LUT5 (Prop_A5LUT_SLICEL_I4_O)
                                                      0.069     5.153 r  u_baseline/i___247_carry_i_7/O
                         net (fo=2, routed)           0.164     5.317    u_baseline/i___247_carry_i_7_n_0
    SLICE_X89Y222        LUT6 (Prop_B6LUT_SLICEL_I2_O)
                                                      0.124     5.441 r  u_baseline/i___247_carry_i_14/O
                         net (fo=1, routed)           0.009     5.450    u_baseline/i___247_carry_i_14_n_0
    SLICE_X89Y222        CARRY8 (Prop_CARRY8_SLICEL_S[1]_O[2])
                                                      0.114     5.564 r  u_baseline/lane_sum_c0_inferred__0/i___247_carry/O[2]
                         net (fo=2, routed)           0.187     5.751    u_baseline/lane_sum_c0_inferred__0/i___247_carry_n_13
    SLICE_X90Y222        LUT3 (Prop_C5LUT_SLICEM_I1_O)
                                                      0.137     5.888 r  u_baseline/i___341_carry_i_5/O
                         net (fo=2, routed)           0.132     6.020    u_baseline/i___341_carry_i_5_n_0
    SLICE_X90Y222        LUT4 (Prop_D6LUT_SLICEM_I3_O)
                                                      0.099     6.119 r  u_baseline/i___341_carry_i_12/O
                         net (fo=1, routed)           0.025     6.144    u_baseline/i___341_carry_i_12_n_0
    SLICE_X90Y222        CARRY8 (Prop_CARRY8_SLICEM_S[3]_O[3])
                                                      0.061     6.205 r  u_baseline/lane_sum_c0_inferred__0/i___341_carry/O[3]
                         net (fo=1, routed)           0.026     6.231    u_baseline/lane_sum_c0_inferred__0/i___341_carry_n_12
    SLICE_X90Y222        FDRE                                         r  u_baseline/lane_sum_q_reg[3]/D
  -------------------------------------------------------------------    -------------------

                         (clock clk rise edge)        5.500     5.500 r  
    P11                                               0.000     5.500 r  clk (IN)
                         net (fo=0)                   0.000     5.500    clk_IBUF_inst/I
    P11                  INBUF (Prop_INBUF_HPIOB_M_PAD_O)
                                                      0.298     5.798 r  clk_IBUF_inst/INBUF_INST/O
                         net (fo=1, routed)           0.000     5.798    clk_IBUF_inst/OUT
    P11                  IBUFCTRL (Prop_IBUFCTRL_HPIOB_M_I_O)
                                                      0.000     5.798 r  clk_IBUF_inst/IBUFCTRL_INST/O
                         net (fo=1, routed)           0.282     6.080    clk_IBUF
    BUFGCE_X0Y77         BUFGCE (Prop_BUFCE_BUFGCE_I_O)
                                                      0.024     6.104 r  clk_IBUF_BUFG_inst/O
    X3Y3 (CLOCK_ROOT)    net (fo=335, routed)         0.666     6.770    u_baseline/clk_IBUF_BUFG
    SLICE_X90Y222        FDRE                                         r  u_baseline/lane_sum_q_reg[3]/C
                         clock pessimism              0.312     7.082    
                         clock uncertainty           -0.035     7.046    
    SLICE_X90Y222        FDRE (Setup_DFF_SLICEM_C_D)
                                                      0.025     7.071    u_baseline/lane_sum_q_reg[3]
  -------------------------------------------------------------------
                         required time                          7.071    
                         arrival time                          -6.231    
  -------------------------------------------------------------------
                         slack                                  0.841    

Slack (MET) :             0.904ns  (required time - arrival time)
  Source:                 u_baseline/g_lane_mem[0].h1_mem_reg_bram_0/CLKARDCLK
                            (rising edge-triggered cell RAMB18E2 clocked by clk  {rise@0.000ns fall@2.750ns period=5.500ns})
  Destination:            u_baseline/lane_sum_q_reg[2]/D
                            (rising edge-triggered cell FDRE clocked by clk  {rise@0.000ns fall@2.750ns period=5.500ns})
  Path Group:             clk
  Path Type:              Setup (Max at Slow Process Corner)
  Requirement:            5.500ns  (clk rise@5.500ns - clk rise@0.000ns)
  Data Path Delay:        4.430ns  (logic 2.601ns (58.711%)  route 1.829ns (41.289%))
  Logic Levels:           14  (CARRY8=4 DSP_A_B_DATA=1 DSP_ALU=1 DSP_OUTPUT=1 LUT3=1 LUT4=1 LUT5=3 LUT6=2)
  Clock Path Skew:        -0.156ns (DCD - SCD + CPR)
    Destination Clock Delay (DCD):    1.270ns = ( 6.770 - 5.500 ) 
    Source Clock Delay      (SCD):    1.737ns
    Clock Pessimism Removal (CPR):    0.312ns
  Clock Uncertainty:      0.035ns  ((TSJ^2 + TIJ^2)^1/2 + DJ) / 2 + PE
    Total System Jitter     (TSJ):    0.071ns
    Total Input Jitter      (TIJ):    0.000ns
    Discrete Jitter          (DJ):    0.000ns
    Phase Error              (PE):    0.000ns
  Clock Net Delay (Source):      0.842ns (routing 0.001ns, distribution 0.841ns)
  Clock Net Delay (Destination): 0.666ns (routing 0.001ns, distribution 0.665ns)

    Location             Delay type                Incr(ns)  Path(ns)    Netlist Resource(s)
  -------------------------------------------------------------------    -------------------
                         (clock clk rise edge)        0.000     0.000 r  
    P11                                               0.000     0.000 r  clk (IN)
                         net (fo=0)                   0.000     0.000    clk_IBUF_inst/I
    P11                  INBUF (Prop_INBUF_HPIOB_M_PAD_O)
                                                      0.548     0.548 r  clk_IBUF_inst/INBUF_INST/O
                         net (fo=1, routed)           0.000     0.548    clk_IBUF_inst/OUT
    P11                  IBUFCTRL (Prop_IBUFCTRL_HPIOB_M_I_O)
                                                      0.000     0.548 r  clk_IBUF_inst/IBUFCTRL_INST/O
                         net (fo=1, routed)           0.319     0.867    clk_IBUF
    BUFGCE_X0Y77         BUFGCE (Prop_BUFCE_BUFGCE_I_O)
                                                      0.028     0.895 r  clk_IBUF_BUFG_inst/O
    X3Y3 (CLOCK_ROOT)    net (fo=335, routed)         0.842     1.737    u_baseline/clk_IBUF_BUFG
    RAMB18_X12Y90        RAMB18E2                                     r  u_baseline/g_lane_mem[0].h1_mem_reg_bram_0/CLKARDCLK
  -------------------------------------------------------------------    -------------------
    RAMB18_X12Y90        RAMB18E2 (Prop_RAMB18E2_L_RAMB180_CLKARDCLK_DOUTADOUT[0])
                                                      0.972     2.709 f  u_baseline/g_lane_mem[0].h1_mem_reg_bram_0/DOUTADOUT[0]
                         net (fo=1, routed)           0.310     3.019    u_baseline/lane_sum_c0/B[0]
    DSP48E2_X17Y90       DSP_A_B_DATA (Prop_DSP_A_B_DATA_DSP48E2_B[0]_B_ALU[0])
                                                      0.165     3.184 r  u_baseline/lane_sum_c0/DSP_A_B_DATA_INST/B_ALU[0]
                         net (fo=1, routed)           0.000     3.184    u_baseline/lane_sum_c0/DSP_A_B_DATA.B_ALU<0>
    DSP48E2_X17Y90       DSP_ALU (Prop_DSP_ALU_DSP48E2_B_ALU[0]_ALU_OUT[0])
                                                      0.541     3.725 f  u_baseline/lane_sum_c0/DSP_ALU_INST/ALU_OUT[0]
                         net (fo=1, routed)           0.000     3.725    u_baseline/lane_sum_c0/DSP_ALU.ALU_OUT<0>
    DSP48E2_X17Y90       DSP_OUTPUT (Prop_DSP_OUTPUT_DSP48E2_ALU_OUT[0]_P[0])
                                                      0.109     3.834 r  u_baseline/lane_sum_c0/DSP_OUTPUT_INST/P[0]
                         net (fo=1, routed)           0.163     3.997    u_baseline/lane_sum_c0_n_105
    SLICE_X91Y225        LUT5 (Prop_E6LUT_SLICEM_I0_O)
                                                      0.124     4.121 r  u_baseline/lane_sum_c0__0_carry_i_23/O
                         net (fo=2, routed)           0.156     4.277    u_baseline/lane_sum_c[0]
    SLICE_X90Y227        LUT5 (Prop_A6LUT_SLICEM_I0_O)
                                                      0.038     4.315 r  u_baseline/lane_sum_c0__0_carry_i_15/O
                         net (fo=1, routed)           0.013     4.328    u_baseline/lane_sum_c0__0_carry_i_15_n_0
    SLICE_X90Y227        CARRY8 (Prop_CARRY8_SLICEM_S[0]_O[0])
                                                      0.065     4.393 r  u_baseline/lane_sum_c0__0_carry/O[0]
                         net (fo=2, routed)           0.296     4.690    u_baseline/lane_sum_c0__0_carry_n_15
    SLICE_X89Y226        LUT6 (Prop_A6LUT_SLICEL_I0_O)
                                                      0.050     4.740 r  u_baseline/i___0_carry_i_15/O
                         net (fo=1, routed)           0.009     4.749    u_baseline/i___0_carry_i_15_n_0
    SLICE_X89Y226        CARRY8 (Prop_CARRY8_SLICEL_S[0]_O[0])
                                                      0.063     4.812 r  u_baseline/lane_sum_c0_inferred__0/i___0_carry/O[0]
                         net (fo=2, routed)           0.272     5.084    u_baseline/lane_sum_c0_inferred__0/i___0_carry_n_15
    SLICE_X89Y222        LUT5 (Prop_A5LUT_SLICEL_I4_O)
                                                      0.069     5.153 r  u_baseline/i___247_carry_i_7/O
                         net (fo=2, routed)           0.164     5.317    u_baseline/i___247_carry_i_7_n_0
    SLICE_X89Y222        LUT6 (Prop_B6LUT_SLICEL_I2_O)
                                                      0.124     5.441 r  u_baseline/i___247_carry_i_14/O
                         net (fo=1, routed)           0.009     5.450    u_baseline/i___247_carry_i_14_n_0
    SLICE_X89Y222        CARRY8 (Prop_CARRY8_SLICEL_S[1]_O[1])
                                                      0.053     5.503 r  u_baseline/lane_sum_c0_inferred__0/i___247_carry/O[1]
                         net (fo=2, routed)           0.218     5.721    u_baseline/lane_sum_c0_inferred__0/i___247_carry_n_14
    SLICE_X90Y222        LUT3 (Prop_B5LUT_SLICEM_I1_O)
                                                      0.072     5.793 r  u_baseline/i___341_carry_i_6/O
                         net (fo=2, routed)           0.172     5.965    u_baseline/i___341_carry_i_6_n_0
    SLICE_X90Y222        LUT4 (Prop_C6LUT_SLICEM_I3_O)
                                                      0.098     6.063 r  u_baseline/i___341_carry_i_13/O
                         net (fo=1, routed)           0.021     6.084    u_baseline/i___341_carry_i_13_n_0
    SLICE_X90Y222        CARRY8 (Prop_CARRY8_SLICEM_S[2]_O[2])
                                                      0.058     6.142 r  u_baseline/lane_sum_c0_inferred__0/i___341_carry/O[2]
                         net (fo=1, routed)           0.026     6.168    u_baseline/lane_sum_c0_inferred__0/i___341_carry_n_13
    SLICE_X90Y222        FDRE                                         r  u_baseline/lane_sum_q_reg[2]/D
  -------------------------------------------------------------------    -------------------

                         (clock clk rise edge)        5.500     5.500 r  
    P11                                               0.000     5.500 r  clk (IN)
                         net (fo=0)                   0.000     5.500    clk_IBUF_inst/I
    P11                  INBUF (Prop_INBUF_HPIOB_M_PAD_O)
                                                      0.298     5.798 r  clk_IBUF_inst/INBUF_INST/O
                         net (fo=1, routed)           0.000     5.798    clk_IBUF_inst/OUT
    P11                  IBUFCTRL (Prop_IBUFCTRL_HPIOB_M_I_O)
                                                      0.000     5.798 r  clk_IBUF_inst/IBUFCTRL_INST/O
                         net (fo=1, routed)           0.282     6.080    clk_IBUF
    BUFGCE_X0Y77         BUFGCE (Prop_BUFCE_BUFGCE_I_O)
                                                      0.024     6.104 r  clk_IBUF_BUFG_inst/O
    X3Y3 (CLOCK_ROOT)    net (fo=335, routed)         0.666     6.770    u_baseline/clk_IBUF_BUFG
    SLICE_X90Y222        FDRE                                         r  u_baseline/lane_sum_q_reg[2]/C
                         clock pessimism              0.312     7.082    
                         clock uncertainty           -0.035     7.046    
    SLICE_X90Y222        FDRE (Setup_CFF_SLICEM_C_D)
                                                      0.025     7.071    u_baseline/lane_sum_q_reg[2]
  -------------------------------------------------------------------
                         required time                          7.071    
                         arrival time                          -6.168    
  -------------------------------------------------------------------
                         slack                                  0.904    

Slack (MET) :             1.157ns  (required time - arrival time)
  Source:                 u_baseline/g_lane_mem[0].h1_mem_reg_bram_0/CLKARDCLK
                            (rising edge-triggered cell RAMB18E2 clocked by clk  {rise@0.000ns fall@2.750ns period=5.500ns})
  Destination:            u_baseline/lane_sum_q_reg[1]/D
                            (rising edge-triggered cell FDRE clocked by clk  {rise@0.000ns fall@2.750ns period=5.500ns})
  Path Group:             clk
  Path Type:              Setup (Max at Slow Process Corner)
  Requirement:            5.500ns  (clk rise@5.500ns - clk rise@0.000ns)
  Data Path Delay:        4.177ns  (logic 2.521ns (60.353%)  route 1.656ns (39.647%))
  Logic Levels:           13  (CARRY8=4 DSP_A_B_DATA=1 DSP_ALU=1 DSP_OUTPUT=1 LUT3=1 LUT4=1 LUT5=3 LUT6=1)
  Clock Path Skew:        -0.156ns (DCD - SCD + CPR)
    Destination Clock Delay (DCD):    1.270ns = ( 6.770 - 5.500 ) 
    Source Clock Delay      (SCD):    1.737ns
    Clock Pessimism Removal (CPR):    0.312ns
  Clock Uncertainty:      0.035ns  ((TSJ^2 + TIJ^2)^1/2 + DJ) / 2 + PE
    Total System Jitter     (TSJ):    0.071ns
    Total Input Jitter      (TIJ):    0.000ns
    Discrete Jitter          (DJ):    0.000ns
    Phase Error              (PE):    0.000ns
  Clock Net Delay (Source):      0.842ns (routing 0.001ns, distribution 0.841ns)
  Clock Net Delay (Destination): 0.666ns (routing 0.001ns, distribution 0.665ns)

    Location             Delay type                Incr(ns)  Path(ns)    Netlist Resource(s)
  -------------------------------------------------------------------    -------------------
                         (clock clk rise edge)        0.000     0.000 r  
    P11                                               0.000     0.000 r  clk (IN)
                         net (fo=0)                   0.000     0.000    clk_IBUF_inst/I
    P11                  INBUF (Prop_INBUF_HPIOB_M_PAD_O)
                                                      0.548     0.548 r  clk_IBUF_inst/INBUF_INST/O
                         net (fo=1, routed)           0.000     0.548    clk_IBUF_inst/OUT
    P11                  IBUFCTRL (Prop_IBUFCTRL_HPIOB_M_I_O)
                                                      0.000     0.548 r  clk_IBUF_inst/IBUFCTRL_INST/O
                         net (fo=1, routed)           0.319     0.867    clk_IBUF
    BUFGCE_X0Y77         BUFGCE (Prop_BUFCE_BUFGCE_I_O)
                                                      0.028     0.895 r  clk_IBUF_BUFG_inst/O
    X3Y3 (CLOCK_ROOT)    net (fo=335, routed)         0.842     1.737    u_baseline/clk_IBUF_BUFG
    RAMB18_X12Y90        RAMB18E2                                     r  u_baseline/g_lane_mem[0].h1_mem_reg_bram_0/CLKARDCLK
  -------------------------------------------------------------------    -------------------
    RAMB18_X12Y90        RAMB18E2 (Prop_RAMB18E2_L_RAMB180_CLKARDCLK_DOUTADOUT[0])
                                                      0.972     2.709 f  u_baseline/g_lane_mem[0].h1_mem_reg_bram_0/DOUTADOUT[0]
                         net (fo=1, routed)           0.310     3.019    u_baseline/lane_sum_c0/B[0]
    DSP48E2_X17Y90       DSP_A_B_DATA (Prop_DSP_A_B_DATA_DSP48E2_B[0]_B_ALU[0])
                                                      0.165     3.184 r  u_baseline/lane_sum_c0/DSP_A_B_DATA_INST/B_ALU[0]
                         net (fo=1, routed)           0.000     3.184    u_baseline/lane_sum_c0/DSP_A_B_DATA.B_ALU<0>
    DSP48E2_X17Y90       DSP_ALU (Prop_DSP_ALU_DSP48E2_B_ALU[0]_ALU_OUT[0])
                                                      0.541     3.725 f  u_baseline/lane_sum_c0/DSP_ALU_INST/ALU_OUT[0]
                         net (fo=1, routed)           0.000     3.725    u_baseline/lane_sum_c0/DSP_ALU.ALU_OUT<0>
    DSP48E2_X17Y90       DSP_OUTPUT (Prop_DSP_OUTPUT_DSP48E2_ALU_OUT[0]_P[0])
                                                      0.109     3.834 r  u_baseline/lane_sum_c0/DSP_OUTPUT_INST/P[0]
                         net (fo=1, routed)           0.163     3.997    u_baseline/lane_sum_c0_n_105
    SLICE_X91Y225        LUT5 (Prop_E6LUT_SLICEM_I0_O)
                                                      0.124     4.121 r  u_baseline/lane_sum_c0__0_carry_i_23/O
                         net (fo=2, routed)           0.156     4.277    u_baseline/lane_sum_c[0]
    SLICE_X90Y227        LUT5 (Prop_A6LUT_SLICEM_I0_O)
                                                      0.038     4.315 r  u_baseline/lane_sum_c0__0_carry_i_15/O
                         net (fo=1, routed)           0.013     4.328    u_baseline/lane_sum_c0__0_carry_i_15_n_0
    SLICE_X90Y227        CARRY8 (Prop_CARRY8_SLICEM_S[0]_O[0])
                                                      0.065     4.393 r  u_baseline/lane_sum_c0__0_carry/O[0]
                         net (fo=2, routed)           0.296     4.690    u_baseline/lane_sum_c0__0_carry_n_15
    SLICE_X89Y226        LUT6 (Prop_A6LUT_SLICEL_I0_O)
                                                      0.050     4.740 r  u_baseline/i___0_carry_i_15/O
                         net (fo=1, routed)           0.009     4.749    u_baseline/i___0_carry_i_15_n_0
    SLICE_X89Y226        CARRY8 (Prop_CARRY8_SLICEL_S[0]_O[0])
                                                      0.063     4.812 r  u_baseline/lane_sum_c0_inferred__0/i___0_carry/O[0]
                         net (fo=2, routed)           0.272     5.084    u_baseline/lane_sum_c0_inferred__0/i___0_carry_n_15
    SLICE_X89Y222        LUT5 (Prop_A6LUT_SLICEL_I4_O)
                                                      0.050     5.134 r  u_baseline/i___247_carry_i_15/O
                         net (fo=1, routed)           0.009     5.143    u_baseline/i___247_carry_i_15_n_0
    SLICE_X89Y222        CARRY8 (Prop_CARRY8_SLICEL_S[0]_O[0])
                                                      0.063     5.206 r  u_baseline/lane_sum_c0_inferred__0/i___247_carry/O[0]
                         net (fo=2, routed)           0.196     5.402    u_baseline/lane_sum_c0_inferred__0/i___247_carry_n_15
    SLICE_X90Y222        LUT3 (Prop_A5LUT_SLICEM_I1_O)
                                                      0.100     5.502 r  u_baseline/i___341_carry_i_7/O
                         net (fo=2, routed)           0.191     5.693    u_baseline/i___341_carry_i_7_n_0
    SLICE_X90Y222        LUT4 (Prop_B6LUT_SLICEM_I3_O)
                                                      0.125     5.818 r  u_baseline/i___341_carry_i_14/O
                         net (fo=1, routed)           0.016     5.834    u_baseline/i___341_carry_i_14_n_0
    SLICE_X90Y222        CARRY8 (Prop_CARRY8_SLICEM_S[1]_O[1])
                                                      0.056     5.890 r  u_baseline/lane_sum_c0_inferred__0/i___341_carry/O[1]
                         net (fo=1, routed)           0.025     5.915    u_baseline/lane_sum_c0_inferred__0/i___341_carry_n_14
    SLICE_X90Y222        FDRE                                         r  u_baseline/lane_sum_q_reg[1]/D
  -------------------------------------------------------------------    -------------------

                         (clock clk rise edge)        5.500     5.500 r  
    P11                                               0.000     5.500 r  clk (IN)
                         net (fo=0)                   0.000     5.500    clk_IBUF_inst/I
    P11                  INBUF (Prop_INBUF_HPIOB_M_PAD_O)
                                                      0.298     5.798 r  clk_IBUF_inst/INBUF_INST/O
                         net (fo=1, routed)           0.000     5.798    clk_IBUF_inst/OUT
    P11                  IBUFCTRL (Prop_IBUFCTRL_HPIOB_M_I_O)
                                                      0.000     5.798 r  clk_IBUF_inst/IBUFCTRL_INST/O
                         net (fo=1, routed)           0.282     6.080    clk_IBUF
    BUFGCE_X0Y77         BUFGCE (Prop_BUFCE_BUFGCE_I_O)
                                                      0.024     6.104 r  clk_IBUF_BUFG_inst/O
    X3Y3 (CLOCK_ROOT)    net (fo=335, routed)         0.666     6.770    u_baseline/clk_IBUF_BUFG
    SLICE_X90Y222        FDRE                                         r  u_baseline/lane_sum_q_reg[1]/C
                         clock pessimism              0.312     7.082    
                         clock uncertainty           -0.035     7.046    
    SLICE_X90Y222        FDRE (Setup_BFF_SLICEM_C_D)
                                                      0.025     7.071    u_baseline/lane_sum_q_reg[1]
  -------------------------------------------------------------------
                         required time                          7.071    
                         arrival time                          -5.915    
  -------------------------------------------------------------------
                         slack                                  1.157    

Slack (MET) :             1.477ns  (required time - arrival time)
  Source:                 u_baseline/g_lane_mem[0].h1_mem_reg_bram_0/CLKARDCLK
                            (rising edge-triggered cell RAMB18E2 clocked by clk  {rise@0.000ns fall@2.750ns period=5.500ns})
  Destination:            u_baseline/lane_sum_q_reg[0]/D
                            (rising edge-triggered cell FDRE clocked by clk  {rise@0.000ns fall@2.750ns period=5.500ns})
  Path Group:             clk
  Path Type:              Setup (Max at Slow Process Corner)
  Requirement:            5.500ns  (clk rise@5.500ns - clk rise@0.000ns)
  Data Path Delay:        3.857ns  (logic 2.395ns (62.094%)  route 1.462ns (37.906%))
  Logic Levels:           12  (CARRY8=4 DSP_A_B_DATA=1 DSP_ALU=1 DSP_OUTPUT=1 LUT3=1 LUT5=3 LUT6=1)
  Clock Path Skew:        -0.156ns (DCD - SCD + CPR)
    Destination Clock Delay (DCD):    1.270ns = ( 6.770 - 5.500 ) 
    Source Clock Delay      (SCD):    1.737ns
    Clock Pessimism Removal (CPR):    0.312ns
  Clock Uncertainty:      0.035ns  ((TSJ^2 + TIJ^2)^1/2 + DJ) / 2 + PE
    Total System Jitter     (TSJ):    0.071ns
    Total Input Jitter      (TIJ):    0.000ns
    Discrete Jitter          (DJ):    0.000ns
    Phase Error              (PE):    0.000ns
  Clock Net Delay (Source):      0.842ns (routing 0.001ns, distribution 0.841ns)
  Clock Net Delay (Destination): 0.666ns (routing 0.001ns, distribution 0.665ns)

    Location             Delay type                Incr(ns)  Path(ns)    Netlist Resource(s)
  -------------------------------------------------------------------    -------------------
                         (clock clk rise edge)        0.000     0.000 r  
    P11                                               0.000     0.000 r  clk (IN)
                         net (fo=0)                   0.000     0.000    clk_IBUF_inst/I
    P11                  INBUF (Prop_INBUF_HPIOB_M_PAD_O)
                                                      0.548     0.548 r  clk_IBUF_inst/INBUF_INST/O
                         net (fo=1, routed)           0.000     0.548    clk_IBUF_inst/OUT
    P11                  IBUFCTRL (Prop_IBUFCTRL_HPIOB_M_I_O)
                                                      0.000     0.548 r  clk_IBUF_inst/IBUFCTRL_INST/O
                         net (fo=1, routed)           0.319     0.867    clk_IBUF
    BUFGCE_X0Y77         BUFGCE (Prop_BUFCE_BUFGCE_I_O)
                                                      0.028     0.895 r  clk_IBUF_BUFG_inst/O
    X3Y3 (CLOCK_ROOT)    net (fo=335, routed)         0.842     1.737    u_baseline/clk_IBUF_BUFG
    RAMB18_X12Y90        RAMB18E2                                     r  u_baseline/g_lane_mem[0].h1_mem_reg_bram_0/CLKARDCLK
  -------------------------------------------------------------------    -------------------
    RAMB18_X12Y90        RAMB18E2 (Prop_RAMB18E2_L_RAMB180_CLKARDCLK_DOUTADOUT[0])
                                                      0.972     2.709 f  u_baseline/g_lane_mem[0].h1_mem_reg_bram_0/DOUTADOUT[0]
                         net (fo=1, routed)           0.310     3.019    u_baseline/lane_sum_c0/B[0]
    DSP48E2_X17Y90       DSP_A_B_DATA (Prop_DSP_A_B_DATA_DSP48E2_B[0]_B_ALU[0])
                                                      0.165     3.184 r  u_baseline/lane_sum_c0/DSP_A_B_DATA_INST/B_ALU[0]
                         net (fo=1, routed)           0.000     3.184    u_baseline/lane_sum_c0/DSP_A_B_DATA.B_ALU<0>
    DSP48E2_X17Y90       DSP_ALU (Prop_DSP_ALU_DSP48E2_B_ALU[0]_ALU_OUT[0])
                                                      0.541     3.725 f  u_baseline/lane_sum_c0/DSP_ALU_INST/ALU_OUT[0]
                         net (fo=1, routed)           0.000     3.725    u_baseline/lane_sum_c0/DSP_ALU.ALU_OUT<0>
    DSP48E2_X17Y90       DSP_OUTPUT (Prop_DSP_OUTPUT_DSP48E2_ALU_OUT[0]_P[0])
                                                      0.109     3.834 r  u_baseline/lane_sum_c0/DSP_OUTPUT_INST/P[0]
                         net (fo=1, routed)           0.163     3.997    u_baseline/lane_sum_c0_n_105
    SLICE_X91Y225        LUT5 (Prop_E6LUT_SLICEM_I0_O)
                                                      0.124     4.121 r  u_baseline/lane_sum_c0__0_carry_i_23/O
                         net (fo=2, routed)           0.156     4.277    u_baseline/lane_sum_c[0]
    SLICE_X90Y227        LUT5 (Prop_A6LUT_SLICEM_I0_O)
                                                      0.038     4.315 r  u_baseline/lane_sum_c0__0_carry_i_15/O
                         net (fo=1, routed)           0.013     4.328    u_baseline/lane_sum_c0__0_carry_i_15_n_0
    SLICE_X90Y227        CARRY8 (Prop_CARRY8_SLICEM_S[0]_O[0])
                                                      0.065     4.393 r  u_baseline/lane_sum_c0__0_carry/O[0]
                         net (fo=2, routed)           0.296     4.690    u_baseline/lane_sum_c0__0_carry_n_15
    SLICE_X89Y226        LUT6 (Prop_A6LUT_SLICEL_I0_O)
                                                      0.050     4.740 r  u_baseline/i___0_carry_i_15/O
                         net (fo=1, routed)           0.009     4.749    u_baseline/i___0_carry_i_15_n_0
    SLICE_X89Y226        CARRY8 (Prop_CARRY8_SLICEL_S[0]_O[0])
                                                      0.063     4.812 r  u_baseline/lane_sum_c0_inferred__0/i___0_carry/O[0]
                         net (fo=2, routed)           0.272     5.084    u_baseline/lane_sum_c0_inferred__0/i___0_carry_n_15
    SLICE_X89Y222        LUT5 (Prop_A6LUT_SLICEL_I4_O)
                                                      0.050     5.134 r  u_baseline/i___247_carry_i_15/O
                         net (fo=1, routed)           0.009     5.143    u_baseline/i___247_carry_i_15_n_0
    SLICE_X89Y222        CARRY8 (Prop_CARRY8_SLICEL_S[0]_O[0])
                                                      0.063     5.206 r  u_baseline/lane_sum_c0_inferred__0/i___247_carry/O[0]
                         net (fo=2, routed)           0.196     5.402    u_baseline/lane_sum_c0_inferred__0/i___247_carry_n_15
    SLICE_X90Y222        LUT3 (Prop_A6LUT_SLICEM_I1_O)
                                                      0.090     5.492 r  u_baseline/i___341_carry_i_15/O
                         net (fo=1, routed)           0.013     5.505    u_baseline/i___341_carry_i_15_n_0
    SLICE_X90Y222        CARRY8 (Prop_CARRY8_SLICEM_S[0]_O[0])
                                                      0.065     5.570 r  u_baseline/lane_sum_c0_inferred__0/i___341_carry/O[0]
                         net (fo=1, routed)           0.025     5.595    u_baseline/lane_sum_c0_inferred__0/i___341_carry_n_15
    SLICE_X90Y222        FDRE                                         r  u_baseline/lane_sum_q_reg[0]/D
  -------------------------------------------------------------------    -------------------

                         (clock clk rise edge)        5.500     5.500 r  
    P11                                               0.000     5.500 r  clk (IN)
                         net (fo=0)                   0.000     5.500    clk_IBUF_inst/I
    P11                  INBUF (Prop_INBUF_HPIOB_M_PAD_O)
                                                      0.298     5.798 r  clk_IBUF_inst/INBUF_INST/O
                         net (fo=1, routed)           0.000     5.798    clk_IBUF_inst/OUT
    P11                  IBUFCTRL (Prop_IBUFCTRL_HPIOB_M_I_O)
                                                      0.000     5.798 r  clk_IBUF_inst/IBUFCTRL_INST/O
                         net (fo=1, routed)           0.282     6.080    clk_IBUF
    BUFGCE_X0Y77         BUFGCE (Prop_BUFCE_BUFGCE_I_O)
                                                      0.024     6.104 r  clk_IBUF_BUFG_inst/O
    X3Y3 (CLOCK_ROOT)    net (fo=335, routed)         0.666     6.770    u_baseline/clk_IBUF_BUFG
    SLICE_X90Y222        FDRE                                         r  u_baseline/lane_sum_q_reg[0]/C
                         clock pessimism              0.312     7.082    
                         clock uncertainty           -0.035     7.046    
    SLICE_X90Y222        FDRE (Setup_AFF_SLICEM_C_D)
                                                      0.025     7.071    u_baseline/lane_sum_q_reg[0]
  -------------------------------------------------------------------
                         required time                          7.071    
                         arrival time                          -5.595    
  -------------------------------------------------------------------
                         slack                                  1.477    

Slack (MET) :             1.710ns  (required time - arrival time)
  Source:                 u_baseline/g_lane_mem[2].x2_mem_reg_bram_0/CLKARDCLK
                            (rising edge-triggered cell RAMB18E2 clocked by clk  {rise@0.000ns fall@2.750ns period=5.500ns})
  Destination:            u_baseline/prod_q_reg[2][2]/DSP_OUTPUT_INST/ALU_OUT[20]
                            (rising edge-triggered cell DSP_OUTPUT clocked by clk  {rise@0.000ns fall@2.750ns period=5.500ns})
  Path Group:             clk
  Path Type:              Setup (Max at Slow Process Corner)
  Requirement:            5.500ns  (clk rise@5.500ns - clk rise@0.000ns)
  Data Path Delay:        3.549ns  (logic 2.295ns (64.664%)  route 1.254ns (35.336%))
  Logic Levels:           5  (DSP_A_B_DATA=1 DSP_ALU=1 DSP_M_DATA=1 DSP_MULTIPLIER=1 DSP_PREADD_DATA=1)
  Clock Path Skew:        -0.220ns (DCD - SCD + CPR)
    Destination Clock Delay (DCD):    1.276ns = ( 6.776 - 5.500 ) 
    Source Clock Delay      (SCD):    1.809ns
    Clock Pessimism Removal (CPR):    0.312ns
  Clock Uncertainty:      0.035ns  ((TSJ^2 + TIJ^2)^1/2 + DJ) / 2 + PE
    Total System Jitter     (TSJ):    0.071ns
    Total Input Jitter      (TIJ):    0.000ns
    Discrete Jitter          (DJ):    0.000ns
    Phase Error              (PE):    0.000ns
  Clock Net Delay (Source):      0.913ns (routing 0.001ns, distribution 0.912ns)
  Clock Net Delay (Destination): 0.672ns (routing 0.001ns, distribution 0.671ns)

    Location             Delay type                Incr(ns)  Path(ns)    Netlist Resource(s)
  -------------------------------------------------------------------    -------------------
                         (clock clk rise edge)        0.000     0.000 r  
    P11                                               0.000     0.000 r  clk (IN)
                         net (fo=0)                   0.000     0.000    clk_IBUF_inst/I
    P11                  INBUF (Prop_INBUF_HPIOB_M_PAD_O)
                                                      0.548     0.548 r  clk_IBUF_inst/INBUF_INST/O
                         net (fo=1, routed)           0.000     0.548    clk_IBUF_inst/OUT
    P11                  IBUFCTRL (Prop_IBUFCTRL_HPIOB_M_I_O)
                                                      0.000     0.548 r  clk_IBUF_inst/IBUFCTRL_INST/O
                         net (fo=1, routed)           0.319     0.867    clk_IBUF
    BUFGCE_X0Y77         BUFGCE (Prop_BUFCE_BUFGCE_I_O)
                                                      0.028     0.895 r  clk_IBUF_BUFG_inst/O
    X3Y3 (CLOCK_ROOT)    net (fo=335, routed)         0.913     1.809    u_baseline/clk_IBUF_BUFG
    RAMB18_X11Y82        RAMB18E2                                     r  u_baseline/g_lane_mem[2].x2_mem_reg_bram_0/CLKARDCLK
  -------------------------------------------------------------------    -------------------
    RAMB18_X11Y82        RAMB18E2 (Prop_RAMB18E2_L_RAMB180_CLKARDCLK_DOUTADOUT[7])
                                                      0.890     2.699 f  u_baseline/g_lane_mem[2].x2_mem_reg_bram_0/DOUTADOUT[7]
                         net (fo=23, routed)          1.254     3.953    u_baseline/prod_q_reg[2][2]/A[19]
    DSP48E2_X17Y82       DSP_A_B_DATA (Prop_DSP_A_B_DATA_DSP48E2_A[19]_A2_DATA[19])
                                                      0.192     4.145 r  u_baseline/prod_q_reg[2][2]/DSP_A_B_DATA_INST/A2_DATA[19]
                         net (fo=1, routed)           0.000     4.145    u_baseline/prod_q_reg[2][2]/DSP_A_B_DATA.A2_DATA<19>
    DSP48E2_X17Y82       DSP_PREADD_DATA (Prop_DSP_PREADD_DATA_DSP48E2_A2_DATA[19]_A2A1[19])
                                                      0.076     4.221 r  u_baseline/prod_q_reg[2][2]/DSP_PREADD_DATA_INST/A2A1[19]
                         net (fo=1, routed)           0.000     4.221    u_baseline/prod_q_reg[2][2]/DSP_PREADD_DATA.A2A1<19>
    DSP48E2_X17Y82       DSP_MULTIPLIER (Prop_DSP_MULTIPLIER_DSP48E2_A2A1[19]_U[20])
                                                      0.505     4.726 f  u_baseline/prod_q_reg[2][2]/DSP_MULTIPLIER_INST/U[20]
                         net (fo=1, routed)           0.000     4.726    u_baseline/prod_q_reg[2][2]/DSP_MULTIPLIER.U<20>
    DSP48E2_X17Y82       DSP_M_DATA (Prop_DSP_M_DATA_DSP48E2_U[20]_U_DATA[20])
                                                      0.047     4.773 r  u_baseline/prod_q_reg[2][2]/DSP_M_DATA_INST/U_DATA[20]
                         net (fo=1, routed)           0.000     4.773    u_baseline/prod_q_reg[2][2]/DSP_M_DATA.U_DATA<20>
    DSP48E2_X17Y82       DSP_ALU (Prop_DSP_ALU_DSP48E2_U_DATA[20]_ALU_OUT[20])
                                                      0.585     5.358 r  u_baseline/prod_q_reg[2][2]/DSP_ALU_INST/ALU_OUT[20]
                         net (fo=1, routed)           0.000     5.358    u_baseline/prod_q_reg[2][2]/DSP_ALU.ALU_OUT<20>
    DSP48E2_X17Y82       DSP_OUTPUT                                   r  u_baseline/prod_q_reg[2][2]/DSP_OUTPUT_INST/ALU_OUT[20]
  -------------------------------------------------------------------    -------------------

                         (clock clk rise edge)        5.500     5.500 r  
    P11                                               0.000     5.500 r  clk (IN)
                         net (fo=0)                   0.000     5.500    clk_IBUF_inst/I
    P11                  INBUF (Prop_INBUF_HPIOB_M_PAD_O)
                                                      0.298     5.798 r  clk_IBUF_inst/INBUF_INST/O
                         net (fo=1, routed)           0.000     5.798    clk_IBUF_inst/OUT
    P11                  IBUFCTRL (Prop_IBUFCTRL_HPIOB_M_I_O)
                                                      0.000     5.798 r  clk_IBUF_inst/IBUFCTRL_INST/O
                         net (fo=1, routed)           0.282     6.080    clk_IBUF
    BUFGCE_X0Y77         BUFGCE (Prop_BUFCE_BUFGCE_I_O)
                                                      0.024     6.104 r  clk_IBUF_BUFG_inst/O
    X3Y3 (CLOCK_ROOT)    net (fo=335, routed)         0.672     6.776    u_baseline/prod_q_reg[2][2]/CLK
    DSP48E2_X17Y82       DSP_OUTPUT                                   r  u_baseline/prod_q_reg[2][2]/DSP_OUTPUT_INST/CLK
                         clock pessimism              0.312     7.088    
                         clock uncertainty           -0.035     7.053    
    DSP48E2_X17Y82       DSP_OUTPUT (Setup_DSP_OUTPUT_DSP48E2_CLK_ALU_OUT[20])
                                                      0.015     7.068    u_baseline/prod_q_reg[2][2]/DSP_OUTPUT_INST
  -------------------------------------------------------------------
                         required time                          7.068    
                         arrival time                          -5.358    
  -------------------------------------------------------------------
                         slack                                  1.710    

Slack (MET) :             1.710ns  (required time - arrival time)
  Source:                 u_baseline/g_lane_mem[2].x2_mem_reg_bram_0/CLKARDCLK
                            (rising edge-triggered cell RAMB18E2 clocked by clk  {rise@0.000ns fall@2.750ns period=5.500ns})
  Destination:            u_baseline/prod_q_reg[2][2]/DSP_OUTPUT_INST/ALU_OUT[21]
                            (rising edge-triggered cell DSP_OUTPUT clocked by clk  {rise@0.000ns fall@2.750ns period=5.500ns})
  Path Group:             clk
  Path Type:              Setup (Max at Slow Process Corner)
  Requirement:            5.500ns  (clk rise@5.500ns - clk rise@0.000ns)
  Data Path Delay:        3.549ns  (logic 2.295ns (64.664%)  route 1.254ns (35.336%))
  Logic Levels:           5  (DSP_A_B_DATA=1 DSP_ALU=1 DSP_M_DATA=1 DSP_MULTIPLIER=1 DSP_PREADD_DATA=1)
  Clock Path Skew:        -0.220ns (DCD - SCD + CPR)
    Destination Clock Delay (DCD):    1.276ns = ( 6.776 - 5.500 ) 
    Source Clock Delay      (SCD):    1.809ns
    Clock Pessimism Removal (CPR):    0.312ns
  Clock Uncertainty:      0.035ns  ((TSJ^2 + TIJ^2)^1/2 + DJ) / 2 + PE
    Total System Jitter     (TSJ):    0.071ns
    Total Input Jitter      (TIJ):    0.000ns
    Discrete Jitter          (DJ):    0.000ns
    Phase Error              (PE):    0.000ns
  Clock Net Delay (Source):      0.913ns (routing 0.001ns, distribution 0.912ns)
  Clock Net Delay (Destination): 0.672ns (routing 0.001ns, distribution 0.671ns)

    Location             Delay type                Incr(ns)  Path(ns)    Netlist Resource(s)
  -------------------------------------------------------------------    -------------------
                         (clock clk rise edge)        0.000     0.000 r  
    P11                                               0.000     0.000 r  clk (IN)
                         net (fo=0)                   0.000     0.000    clk_IBUF_inst/I
    P11                  INBUF (Prop_INBUF_HPIOB_M_PAD_O)
                                                      0.548     0.548 r  clk_IBUF_inst/INBUF_INST/O
                         net (fo=1, routed)           0.000     0.548    clk_IBUF_inst/OUT
    P11                  IBUFCTRL (Prop_IBUFCTRL_HPIOB_M_I_O)
                                                      0.000     0.548 r  clk_IBUF_inst/IBUFCTRL_INST/O
                         net (fo=1, routed)           0.319     0.867    clk_IBUF
    BUFGCE_X0Y77         BUFGCE (Prop_BUFCE_BUFGCE_I_O)
                                                      0.028     0.895 r  clk_IBUF_BUFG_inst/O
    X3Y3 (CLOCK_ROOT)    net (fo=335, routed)         0.913     1.809    u_baseline/clk_IBUF_BUFG
    RAMB18_X11Y82        RAMB18E2                                     r  u_baseline/g_lane_mem[2].x2_mem_reg_bram_0/CLKARDCLK
  -------------------------------------------------------------------    -------------------
    RAMB18_X11Y82        RAMB18E2 (Prop_RAMB18E2_L_RAMB180_CLKARDCLK_DOUTADOUT[7])
                                                      0.890     2.699 f  u_baseline/g_lane_mem[2].x2_mem_reg_bram_0/DOUTADOUT[7]
                         net (fo=23, routed)          1.254     3.953    u_baseline/prod_q_reg[2][2]/A[19]
    DSP48E2_X17Y82       DSP_A_B_DATA (Prop_DSP_A_B_DATA_DSP48E2_A[19]_A2_DATA[19])
                                                      0.192     4.145 r  u_baseline/prod_q_reg[2][2]/DSP_A_B_DATA_INST/A2_DATA[19]
                         net (fo=1, routed)           0.000     4.145    u_baseline/prod_q_reg[2][2]/DSP_A_B_DATA.A2_DATA<19>
    DSP48E2_X17Y82       DSP_PREADD_DATA (Prop_DSP_PREADD_DATA_DSP48E2_A2_DATA[19]_A2A1[19])
                                                      0.076     4.221 r  u_baseline/prod_q_reg[2][2]/DSP_PREADD_DATA_INST/A2A1[19]
                         net (fo=1, routed)           0.000     4.221    u_baseline/prod_q_reg[2][2]/DSP_PREADD_DATA.A2A1<19>
    DSP48E2_X17Y82       DSP_MULTIPLIER (Prop_DSP_MULTIPLIER_DSP48E2_A2A1[19]_U[21])
                                                      0.505     4.726 f  u_baseline/prod_q_reg[2][2]/DSP_MULTIPLIER_INST/U[21]
                         net (fo=1, routed)           0.000     4.726    u_baseline/prod_q_reg[2][2]/DSP_MULTIPLIER.U<21>
    DSP48E2_X17Y82       DSP_M_DATA (Prop_DSP_M_DATA_DSP48E2_U[21]_U_DATA[21])
                                                      0.047     4.773 r  u_baseline/prod_q_reg[2][2]/DSP_M_DATA_INST/U_DATA[21]
                         net (fo=1, routed)           0.000     4.773    u_baseline/prod_q_reg[2][2]/DSP_M_DATA.U_DATA<21>
    DSP48E2_X17Y82       DSP_ALU (Prop_DSP_ALU_DSP48E2_U_DATA[21]_ALU_OUT[21])
                                                      0.585     5.358 r  u_baseline/prod_q_reg[2][2]/DSP_ALU_INST/ALU_OUT[21]
                         net (fo=1, routed)           0.000     5.358    u_baseline/prod_q_reg[2][2]/DSP_ALU.ALU_OUT<21>
    DSP48E2_X17Y82       DSP_OUTPUT                                   r  u_baseline/prod_q_reg[2][2]/DSP_OUTPUT_INST/ALU_OUT[21]
  -------------------------------------------------------------------    -------------------

                         (clock clk rise edge)        5.500     5.500 r  
    P11                                               0.000     5.500 r  clk (IN)
                         net (fo=0)                   0.000     5.500    clk_IBUF_inst/I
    P11                  INBUF (Prop_INBUF_HPIOB_M_PAD_O)
                                                      0.298     5.798 r  clk_IBUF_inst/INBUF_INST/O
                         net (fo=1, routed)           0.000     5.798    clk_IBUF_inst/OUT
    P11                  IBUFCTRL (Prop_IBUFCTRL_HPIOB_M_I_O)
                                                      0.000     5.798 r  clk_IBUF_inst/IBUFCTRL_INST/O
                         net (fo=1, routed)           0.282     6.080    clk_IBUF
    BUFGCE_X0Y77         BUFGCE (Prop_BUFCE_BUFGCE_I_O)
                                                      0.024     6.104 r  clk_IBUF_BUFG_inst/O
    X3Y3 (CLOCK_ROOT)    net (fo=335, routed)         0.672     6.776    u_baseline/prod_q_reg[2][2]/CLK
    DSP48E2_X17Y82       DSP_OUTPUT                                   r  u_baseline/prod_q_reg[2][2]/DSP_OUTPUT_INST/CLK
                         clock pessimism              0.312     7.088    
                         clock uncertainty           -0.035     7.053    
    DSP48E2_X17Y82       DSP_OUTPUT (Setup_DSP_OUTPUT_DSP48E2_CLK_ALU_OUT[21])
                                                      0.015     7.068    u_baseline/prod_q_reg[2][2]/DSP_OUTPUT_INST
  -------------------------------------------------------------------
                         required time                          7.068    
                         arrival time                          -5.358    
  -------------------------------------------------------------------
                         slack                                  1.710    

Slack (MET) :             1.710ns  (required time - arrival time)
  Source:                 u_baseline/g_lane_mem[2].x2_mem_reg_bram_0/CLKARDCLK
                            (rising edge-triggered cell RAMB18E2 clocked by clk  {rise@0.000ns fall@2.750ns period=5.500ns})
  Destination:            u_baseline/prod_q_reg[2][2]/DSP_OUTPUT_INST/ALU_OUT[22]
                            (rising edge-triggered cell DSP_OUTPUT clocked by clk  {rise@0.000ns fall@2.750ns period=5.500ns})
  Path Group:             clk
  Path Type:              Setup (Max at Slow Process Corner)
  Requirement:            5.500ns  (clk rise@5.500ns - clk rise@0.000ns)
  Data Path Delay:        3.549ns  (logic 2.295ns (64.664%)  route 1.254ns (35.336%))
  Logic Levels:           5  (DSP_A_B_DATA=1 DSP_ALU=1 DSP_M_DATA=1 DSP_MULTIPLIER=1 DSP_PREADD_DATA=1)
  Clock Path Skew:        -0.220ns (DCD - SCD + CPR)
    Destination Clock Delay (DCD):    1.276ns = ( 6.776 - 5.500 ) 
    Source Clock Delay      (SCD):    1.809ns
    Clock Pessimism Removal (CPR):    0.312ns
  Clock Uncertainty:      0.035ns  ((TSJ^2 + TIJ^2)^1/2 + DJ) / 2 + PE
    Total System Jitter     (TSJ):    0.071ns
    Total Input Jitter      (TIJ):    0.000ns
    Discrete Jitter          (DJ):    0.000ns
    Phase Error              (PE):    0.000ns
  Clock Net Delay (Source):      0.913ns (routing 0.001ns, distribution 0.912ns)
  Clock Net Delay (Destination): 0.672ns (routing 0.001ns, distribution 0.671ns)

    Location             Delay type                Incr(ns)  Path(ns)    Netlist Resource(s)
  -------------------------------------------------------------------    -------------------
                         (clock clk rise edge)        0.000     0.000 r  
    P11                                               0.000     0.000 r  clk (IN)
                         net (fo=0)                   0.000     0.000    clk_IBUF_inst/I
    P11                  INBUF (Prop_INBUF_HPIOB_M_PAD_O)
                                                      0.548     0.548 r  clk_IBUF_inst/INBUF_INST/O
                         net (fo=1, routed)           0.000     0.548    clk_IBUF_inst/OUT
    P11                  IBUFCTRL (Prop_IBUFCTRL_HPIOB_M_I_O)
                                                      0.000     0.548 r  clk_IBUF_inst/IBUFCTRL_INST/O
                         net (fo=1, routed)           0.319     0.867    clk_IBUF
    BUFGCE_X0Y77         BUFGCE (Prop_BUFCE_BUFGCE_I_O)
                                                      0.028     0.895 r  clk_IBUF_BUFG_inst/O
    X3Y3 (CLOCK_ROOT)    net (fo=335, routed)         0.913     1.809    u_baseline/clk_IBUF_BUFG
    RAMB18_X11Y82        RAMB18E2                                     r  u_baseline/g_lane_mem[2].x2_mem_reg_bram_0/CLKARDCLK
  -------------------------------------------------------------------    -------------------
    RAMB18_X11Y82        RAMB18E2 (Prop_RAMB18E2_L_RAMB180_CLKARDCLK_DOUTADOUT[7])
                                                      0.890     2.699 f  u_baseline/g_lane_mem[2].x2_mem_reg_bram_0/DOUTADOUT[7]
                         net (fo=23, routed)          1.254     3.953    u_baseline/prod_q_reg[2][2]/A[19]
    DSP48E2_X17Y82       DSP_A_B_DATA (Prop_DSP_A_B_DATA_DSP48E2_A[19]_A2_DATA[19])
                                                      0.192     4.145 r  u_baseline/prod_q_reg[2][2]/DSP_A_B_DATA_INST/A2_DATA[19]
                         net (fo=1, routed)           0.000     4.145    u_baseline/prod_q_reg[2][2]/DSP_A_B_DATA.A2_DATA<19>
    DSP48E2_X17Y82       DSP_PREADD_DATA (Prop_DSP_PREADD_DATA_DSP48E2_A2_DATA[19]_A2A1[19])
                                                      0.076     4.221 r  u_baseline/prod_q_reg[2][2]/DSP_PREADD_DATA_INST/A2A1[19]
                         net (fo=1, routed)           0.000     4.221    u_baseline/prod_q_reg[2][2]/DSP_PREADD_DATA.A2A1<19>
    DSP48E2_X17Y82       DSP_MULTIPLIER (Prop_DSP_MULTIPLIER_DSP48E2_A2A1[19]_U[22])
                                                      0.505     4.726 f  u_baseline/prod_q_reg[2][2]/DSP_MULTIPLIER_INST/U[22]
                         net (fo=1, routed)           0.000     4.726    u_baseline/prod_q_reg[2][2]/DSP_MULTIPLIER.U<22>
    DSP48E2_X17Y82       DSP_M_DATA (Prop_DSP_M_DATA_DSP48E2_U[22]_U_DATA[22])
                                                      0.047     4.773 r  u_baseline/prod_q_reg[2][2]/DSP_M_DATA_INST/U_DATA[22]
                         net (fo=1, routed)           0.000     4.773    u_baseline/prod_q_reg[2][2]/DSP_M_DATA.U_DATA<22>
    DSP48E2_X17Y82       DSP_ALU (Prop_DSP_ALU_DSP48E2_U_DATA[22]_ALU_OUT[22])
                                                      0.585     5.358 r  u_baseline/prod_q_reg[2][2]/DSP_ALU_INST/ALU_OUT[22]
                         net (fo=1, routed)           0.000     5.358    u_baseline/prod_q_reg[2][2]/DSP_ALU.ALU_OUT<22>
    DSP48E2_X17Y82       DSP_OUTPUT                                   r  u_baseline/prod_q_reg[2][2]/DSP_OUTPUT_INST/ALU_OUT[22]
  -------------------------------------------------------------------    -------------------

                         (clock clk rise edge)        5.500     5.500 r  
    P11                                               0.000     5.500 r  clk (IN)
                         net (fo=0)                   0.000     5.500    clk_IBUF_inst/I
    P11                  INBUF (Prop_INBUF_HPIOB_M_PAD_O)
                                                      0.298     5.798 r  clk_IBUF_inst/INBUF_INST/O
                         net (fo=1, routed)           0.000     5.798    clk_IBUF_inst/OUT
    P11                  IBUFCTRL (Prop_IBUFCTRL_HPIOB_M_I_O)
                                                      0.000     5.798 r  clk_IBUF_inst/IBUFCTRL_INST/O
                         net (fo=1, routed)           0.282     6.080    clk_IBUF
    BUFGCE_X0Y77         BUFGCE (Prop_BUFCE_BUFGCE_I_O)
                                                      0.024     6.104 r  clk_IBUF_BUFG_inst/O
    X3Y3 (CLOCK_ROOT)    net (fo=335, routed)         0.672     6.776    u_baseline/prod_q_reg[2][2]/CLK
    DSP48E2_X17Y82       DSP_OUTPUT                                   r  u_baseline/prod_q_reg[2][2]/DSP_OUTPUT_INST/CLK
                         clock pessimism              0.312     7.088    
                         clock uncertainty           -0.035     7.053    
    DSP48E2_X17Y82       DSP_OUTPUT (Setup_DSP_OUTPUT_DSP48E2_CLK_ALU_OUT[22])
                                                      0.015     7.068    u_baseline/prod_q_reg[2][2]/DSP_OUTPUT_INST
  -------------------------------------------------------------------
                         required time                          7.068    
                         arrival time                          -5.358    
  -------------------------------------------------------------------
                         slack                                  1.710    

Slack (MET) :             1.710ns  (required time - arrival time)
  Source:                 u_baseline/g_lane_mem[2].x2_mem_reg_bram_0/CLKARDCLK
                            (rising edge-triggered cell RAMB18E2 clocked by clk  {rise@0.000ns fall@2.750ns period=5.500ns})
  Destination:            u_baseline/prod_q_reg[2][2]/DSP_OUTPUT_INST/ALU_OUT[23]
                            (rising edge-triggered cell DSP_OUTPUT clocked by clk  {rise@0.000ns fall@2.750ns period=5.500ns})
  Path Group:             clk
  Path Type:              Setup (Max at Slow Process Corner)
  Requirement:            5.500ns  (clk rise@5.500ns - clk rise@0.000ns)
  Data Path Delay:        3.549ns  (logic 2.295ns (64.664%)  route 1.254ns (35.336%))
  Logic Levels:           5  (DSP_A_B_DATA=1 DSP_ALU=1 DSP_M_DATA=1 DSP_MULTIPLIER=1 DSP_PREADD_DATA=1)
  Clock Path Skew:        -0.220ns (DCD - SCD + CPR)
    Destination Clock Delay (DCD):    1.276ns = ( 6.776 - 5.500 ) 
    Source Clock Delay      (SCD):    1.809ns
    Clock Pessimism Removal (CPR):    0.312ns
  Clock Uncertainty:      0.035ns  ((TSJ^2 + TIJ^2)^1/2 + DJ) / 2 + PE
    Total System Jitter     (TSJ):    0.071ns
    Total Input Jitter      (TIJ):    0.000ns
    Discrete Jitter          (DJ):    0.000ns
    Phase Error              (PE):    0.000ns
  Clock Net Delay (Source):      0.913ns (routing 0.001ns, distribution 0.912ns)
  Clock Net Delay (Destination): 0.672ns (routing 0.001ns, distribution 0.671ns)

    Location             Delay type                Incr(ns)  Path(ns)    Netlist Resource(s)
  -------------------------------------------------------------------    -------------------
                         (clock clk rise edge)        0.000     0.000 r  
    P11                                               0.000     0.000 r  clk (IN)
                         net (fo=0)                   0.000     0.000    clk_IBUF_inst/I
    P11                  INBUF (Prop_INBUF_HPIOB_M_PAD_O)
                                                      0.548     0.548 r  clk_IBUF_inst/INBUF_INST/O
                         net (fo=1, routed)           0.000     0.548    clk_IBUF_inst/OUT
    P11                  IBUFCTRL (Prop_IBUFCTRL_HPIOB_M_I_O)
                                                      0.000     0.548 r  clk_IBUF_inst/IBUFCTRL_INST/O
                         net (fo=1, routed)           0.319     0.867    clk_IBUF
    BUFGCE_X0Y77         BUFGCE (Prop_BUFCE_BUFGCE_I_O)
                                                      0.028     0.895 r  clk_IBUF_BUFG_inst/O
    X3Y3 (CLOCK_ROOT)    net (fo=335, routed)         0.913     1.809    u_baseline/clk_IBUF_BUFG
    RAMB18_X11Y82        RAMB18E2                                     r  u_baseline/g_lane_mem[2].x2_mem_reg_bram_0/CLKARDCLK
  -------------------------------------------------------------------    -------------------
    RAMB18_X11Y82        RAMB18E2 (Prop_RAMB18E2_L_RAMB180_CLKARDCLK_DOUTADOUT[7])
                                                      0.890     2.699 f  u_baseline/g_lane_mem[2].x2_mem_reg_bram_0/DOUTADOUT[7]
                         net (fo=23, routed)          1.254     3.953    u_baseline/prod_q_reg[2][2]/A[19]
    DSP48E2_X17Y82       DSP_A_B_DATA (Prop_DSP_A_B_DATA_DSP48E2_A[19]_A2_DATA[19])
                                                      0.192     4.145 r  u_baseline/prod_q_reg[2][2]/DSP_A_B_DATA_INST/A2_DATA[19]
                         net (fo=1, routed)           0.000     4.145    u_baseline/prod_q_reg[2][2]/DSP_A_B_DATA.A2_DATA<19>
    DSP48E2_X17Y82       DSP_PREADD_DATA (Prop_DSP_PREADD_DATA_DSP48E2_A2_DATA[19]_A2A1[19])
                                                      0.076     4.221 r  u_baseline/prod_q_reg[2][2]/DSP_PREADD_DATA_INST/A2A1[19]
                         net (fo=1, routed)           0.000     4.221    u_baseline/prod_q_reg[2][2]/DSP_PREADD_DATA.A2A1<19>
    DSP48E2_X17Y82       DSP_MULTIPLIER (Prop_DSP_MULTIPLIER_DSP48E2_A2A1[19]_U[23])
                                                      0.505     4.726 f  u_baseline/prod_q_reg[2][2]/DSP_MULTIPLIER_INST/U[23]
                         net (fo=1, routed)           0.000     4.726    u_baseline/prod_q_reg[2][2]/DSP_MULTIPLIER.U<23>
    DSP48E2_X17Y82       DSP_M_DATA (Prop_DSP_M_DATA_DSP48E2_U[23]_U_DATA[23])
                                                      0.047     4.773 r  u_baseline/prod_q_reg[2][2]/DSP_M_DATA_INST/U_DATA[23]
                         net (fo=1, routed)           0.000     4.773    u_baseline/prod_q_reg[2][2]/DSP_M_DATA.U_DATA<23>
    DSP48E2_X17Y82       DSP_ALU (Prop_DSP_ALU_DSP48E2_U_DATA[23]_ALU_OUT[23])
                                                      0.585     5.358 r  u_baseline/prod_q_reg[2][2]/DSP_ALU_INST/ALU_OUT[23]
                         net (fo=1, routed)           0.000     5.358    u_baseline/prod_q_reg[2][2]/DSP_ALU.ALU_OUT<23>
    DSP48E2_X17Y82       DSP_OUTPUT                                   r  u_baseline/prod_q_reg[2][2]/DSP_OUTPUT_INST/ALU_OUT[23]
  -------------------------------------------------------------------    -------------------

                         (clock clk rise edge)        5.500     5.500 r  
    P11                                               0.000     5.500 r  clk (IN)
                         net (fo=0)                   0.000     5.500    clk_IBUF_inst/I
    P11                  INBUF (Prop_INBUF_HPIOB_M_PAD_O)
                                                      0.298     5.798 r  clk_IBUF_inst/INBUF_INST/O
                         net (fo=1, routed)           0.000     5.798    clk_IBUF_inst/OUT
    P11                  IBUFCTRL (Prop_IBUFCTRL_HPIOB_M_I_O)
                                                      0.000     5.798 r  clk_IBUF_inst/IBUFCTRL_INST/O
                         net (fo=1, routed)           0.282     6.080    clk_IBUF
    BUFGCE_X0Y77         BUFGCE (Prop_BUFCE_BUFGCE_I_O)
                                                      0.024     6.104 r  clk_IBUF_BUFG_inst/O
    X3Y3 (CLOCK_ROOT)    net (fo=335, routed)         0.672     6.776    u_baseline/prod_q_reg[2][2]/CLK
    DSP48E2_X17Y82       DSP_OUTPUT                                   r  u_baseline/prod_q_reg[2][2]/DSP_OUTPUT_INST/CLK
                         clock pessimism              0.312     7.088    
                         clock uncertainty           -0.035     7.053    
    DSP48E2_X17Y82       DSP_OUTPUT (Setup_DSP_OUTPUT_DSP48E2_CLK_ALU_OUT[23])
                                                      0.015     7.068    u_baseline/prod_q_reg[2][2]/DSP_OUTPUT_INST
  -------------------------------------------------------------------
                         required time                          7.068    
                         arrival time                          -5.358    
  -------------------------------------------------------------------
                         slack                                  1.710    

Slack (MET) :             1.710ns  (required time - arrival time)
  Source:                 u_baseline/g_lane_mem[2].x2_mem_reg_bram_0/CLKARDCLK
                            (rising edge-triggered cell RAMB18E2 clocked by clk  {rise@0.000ns fall@2.750ns period=5.500ns})
  Destination:            u_baseline/prod_q_reg[2][2]/DSP_OUTPUT_INST/ALU_OUT[24]
                            (rising edge-triggered cell DSP_OUTPUT clocked by clk  {rise@0.000ns fall@2.750ns period=5.500ns})
  Path Group:             clk
  Path Type:              Setup (Max at Slow Process Corner)
  Requirement:            5.500ns  (clk rise@5.500ns - clk rise@0.000ns)
  Data Path Delay:        3.549ns  (logic 2.295ns (64.664%)  route 1.254ns (35.336%))
  Logic Levels:           5  (DSP_A_B_DATA=1 DSP_ALU=1 DSP_M_DATA=1 DSP_MULTIPLIER=1 DSP_PREADD_DATA=1)
  Clock Path Skew:        -0.220ns (DCD - SCD + CPR)
    Destination Clock Delay (DCD):    1.276ns = ( 6.776 - 5.500 ) 
    Source Clock Delay      (SCD):    1.809ns
    Clock Pessimism Removal (CPR):    0.312ns
  Clock Uncertainty:      0.035ns  ((TSJ^2 + TIJ^2)^1/2 + DJ) / 2 + PE
    Total System Jitter     (TSJ):    0.071ns
    Total Input Jitter      (TIJ):    0.000ns
    Discrete Jitter          (DJ):    0.000ns
    Phase Error              (PE):    0.000ns
  Clock Net Delay (Source):      0.913ns (routing 0.001ns, distribution 0.912ns)
  Clock Net Delay (Destination): 0.672ns (routing 0.001ns, distribution 0.671ns)

    Location             Delay type                Incr(ns)  Path(ns)    Netlist Resource(s)
  -------------------------------------------------------------------    -------------------
                         (clock clk rise edge)        0.000     0.000 r  
    P11                                               0.000     0.000 r  clk (IN)
                         net (fo=0)                   0.000     0.000    clk_IBUF_inst/I
    P11                  INBUF (Prop_INBUF_HPIOB_M_PAD_O)
                                                      0.548     0.548 r  clk_IBUF_inst/INBUF_INST/O
                         net (fo=1, routed)           0.000     0.548    clk_IBUF_inst/OUT
    P11                  IBUFCTRL (Prop_IBUFCTRL_HPIOB_M_I_O)
                                                      0.000     0.548 r  clk_IBUF_inst/IBUFCTRL_INST/O
                         net (fo=1, routed)           0.319     0.867    clk_IBUF
    BUFGCE_X0Y77         BUFGCE (Prop_BUFCE_BUFGCE_I_O)
                                                      0.028     0.895 r  clk_IBUF_BUFG_inst/O
    X3Y3 (CLOCK_ROOT)    net (fo=335, routed)         0.913     1.809    u_baseline/clk_IBUF_BUFG
    RAMB18_X11Y82        RAMB18E2                                     r  u_baseline/g_lane_mem[2].x2_mem_reg_bram_0/CLKARDCLK
  -------------------------------------------------------------------    -------------------
    RAMB18_X11Y82        RAMB18E2 (Prop_RAMB18E2_L_RAMB180_CLKARDCLK_DOUTADOUT[7])
                                                      0.890     2.699 f  u_baseline/g_lane_mem[2].x2_mem_reg_bram_0/DOUTADOUT[7]
                         net (fo=23, routed)          1.254     3.953    u_baseline/prod_q_reg[2][2]/A[19]
    DSP48E2_X17Y82       DSP_A_B_DATA (Prop_DSP_A_B_DATA_DSP48E2_A[19]_A2_DATA[19])
                                                      0.192     4.145 r  u_baseline/prod_q_reg[2][2]/DSP_A_B_DATA_INST/A2_DATA[19]
                         net (fo=1, routed)           0.000     4.145    u_baseline/prod_q_reg[2][2]/DSP_A_B_DATA.A2_DATA<19>
    DSP48E2_X17Y82       DSP_PREADD_DATA (Prop_DSP_PREADD_DATA_DSP48E2_A2_DATA[19]_A2A1[19])
                                                      0.076     4.221 r  u_baseline/prod_q_reg[2][2]/DSP_PREADD_DATA_INST/A2A1[19]
                         net (fo=1, routed)           0.000     4.221    u_baseline/prod_q_reg[2][2]/DSP_PREADD_DATA.A2A1<19>
    DSP48E2_X17Y82       DSP_MULTIPLIER (Prop_DSP_MULTIPLIER_DSP48E2_A2A1[19]_U[24])
                                                      0.505     4.726 f  u_baseline/prod_q_reg[2][2]/DSP_MULTIPLIER_INST/U[24]
                         net (fo=1, routed)           0.000     4.726    u_baseline/prod_q_reg[2][2]/DSP_MULTIPLIER.U<24>
    DSP48E2_X17Y82       DSP_M_DATA (Prop_DSP_M_DATA_DSP48E2_U[24]_U_DATA[24])
                                                      0.047     4.773 r  u_baseline/prod_q_reg[2][2]/DSP_M_DATA_INST/U_DATA[24]
                         net (fo=1, routed)           0.000     4.773    u_baseline/prod_q_reg[2][2]/DSP_M_DATA.U_DATA<24>
    DSP48E2_X17Y82       DSP_ALU (Prop_DSP_ALU_DSP48E2_U_DATA[24]_ALU_OUT[24])
                                                      0.585     5.358 r  u_baseline/prod_q_reg[2][2]/DSP_ALU_INST/ALU_OUT[24]
                         net (fo=1, routed)           0.000     5.358    u_baseline/prod_q_reg[2][2]/DSP_ALU.ALU_OUT<24>
    DSP48E2_X17Y82       DSP_OUTPUT                                   r  u_baseline/prod_q_reg[2][2]/DSP_OUTPUT_INST/ALU_OUT[24]
  -------------------------------------------------------------------    -------------------

                         (clock clk rise edge)        5.500     5.500 r  
    P11                                               0.000     5.500 r  clk (IN)
                         net (fo=0)                   0.000     5.500    clk_IBUF_inst/I
    P11                  INBUF (Prop_INBUF_HPIOB_M_PAD_O)
                                                      0.298     5.798 r  clk_IBUF_inst/INBUF_INST/O
                         net (fo=1, routed)           0.000     5.798    clk_IBUF_inst/OUT
    P11                  IBUFCTRL (Prop_IBUFCTRL_HPIOB_M_I_O)
                                                      0.000     5.798 r  clk_IBUF_inst/IBUFCTRL_INST/O
                         net (fo=1, routed)           0.282     6.080    clk_IBUF
    BUFGCE_X0Y77         BUFGCE (Prop_BUFCE_BUFGCE_I_O)
                                                      0.024     6.104 r  clk_IBUF_BUFG_inst/O
    X3Y3 (CLOCK_ROOT)    net (fo=335, routed)         0.672     6.776    u_baseline/prod_q_reg[2][2]/CLK
    DSP48E2_X17Y82       DSP_OUTPUT                                   r  u_baseline/prod_q_reg[2][2]/DSP_OUTPUT_INST/CLK
                         clock pessimism              0.312     7.088    
                         clock uncertainty           -0.035     7.053    
    DSP48E2_X17Y82       DSP_OUTPUT (Setup_DSP_OUTPUT_DSP48E2_CLK_ALU_OUT[24])
                                                      0.015     7.068    u_baseline/prod_q_reg[2][2]/DSP_OUTPUT_INST
  -------------------------------------------------------------------
                         required time                          7.068    
                         arrival time                          -5.358    
  -------------------------------------------------------------------
                         slack                                  1.710    

Slack (MET) :             1.710ns  (required time - arrival time)
  Source:                 u_baseline/g_lane_mem[2].x2_mem_reg_bram_0/CLKARDCLK
                            (rising edge-triggered cell RAMB18E2 clocked by clk  {rise@0.000ns fall@2.750ns period=5.500ns})
  Destination:            u_baseline/prod_q_reg[2][2]/DSP_OUTPUT_INST/ALU_OUT[25]
                            (rising edge-triggered cell DSP_OUTPUT clocked by clk  {rise@0.000ns fall@2.750ns period=5.500ns})
  Path Group:             clk
  Path Type:              Setup (Max at Slow Process Corner)
  Requirement:            5.500ns  (clk rise@5.500ns - clk rise@0.000ns)
  Data Path Delay:        3.549ns  (logic 2.295ns (64.664%)  route 1.254ns (35.336%))
  Logic Levels:           5  (DSP_A_B_DATA=1 DSP_ALU=1 DSP_M_DATA=1 DSP_MULTIPLIER=1 DSP_PREADD_DATA=1)
  Clock Path Skew:        -0.220ns (DCD - SCD + CPR)
    Destination Clock Delay (DCD):    1.276ns = ( 6.776 - 5.500 ) 
    Source Clock Delay      (SCD):    1.809ns
    Clock Pessimism Removal (CPR):    0.312ns
  Clock Uncertainty:      0.035ns  ((TSJ^2 + TIJ^2)^1/2 + DJ) / 2 + PE
    Total System Jitter     (TSJ):    0.071ns
    Total Input Jitter      (TIJ):    0.000ns
    Discrete Jitter          (DJ):    0.000ns
    Phase Error              (PE):    0.000ns
  Clock Net Delay (Source):      0.913ns (routing 0.001ns, distribution 0.912ns)
  Clock Net Delay (Destination): 0.672ns (routing 0.001ns, distribution 0.671ns)

    Location             Delay type                Incr(ns)  Path(ns)    Netlist Resource(s)
  -------------------------------------------------------------------    -------------------
                         (clock clk rise edge)        0.000     0.000 r  
    P11                                               0.000     0.000 r  clk (IN)
                         net (fo=0)                   0.000     0.000    clk_IBUF_inst/I
    P11                  INBUF (Prop_INBUF_HPIOB_M_PAD_O)
                                                      0.548     0.548 r  clk_IBUF_inst/INBUF_INST/O
                         net (fo=1, routed)           0.000     0.548    clk_IBUF_inst/OUT
    P11                  IBUFCTRL (Prop_IBUFCTRL_HPIOB_M_I_O)
                                                      0.000     0.548 r  clk_IBUF_inst/IBUFCTRL_INST/O
                         net (fo=1, routed)           0.319     0.867    clk_IBUF
    BUFGCE_X0Y77         BUFGCE (Prop_BUFCE_BUFGCE_I_O)
                                                      0.028     0.895 r  clk_IBUF_BUFG_inst/O
    X3Y3 (CLOCK_ROOT)    net (fo=335, routed)         0.913     1.809    u_baseline/clk_IBUF_BUFG
    RAMB18_X11Y82        RAMB18E2                                     r  u_baseline/g_lane_mem[2].x2_mem_reg_bram_0/CLKARDCLK
  -------------------------------------------------------------------    -------------------
    RAMB18_X11Y82        RAMB18E2 (Prop_RAMB18E2_L_RAMB180_CLKARDCLK_DOUTADOUT[7])
                                                      0.890     2.699 f  u_baseline/g_lane_mem[2].x2_mem_reg_bram_0/DOUTADOUT[7]
                         net (fo=23, routed)          1.254     3.953    u_baseline/prod_q_reg[2][2]/A[19]
    DSP48E2_X17Y82       DSP_A_B_DATA (Prop_DSP_A_B_DATA_DSP48E2_A[19]_A2_DATA[19])
                                                      0.192     4.145 r  u_baseline/prod_q_reg[2][2]/DSP_A_B_DATA_INST/A2_DATA[19]
                         net (fo=1, routed)           0.000     4.145    u_baseline/prod_q_reg[2][2]/DSP_A_B_DATA.A2_DATA<19>
    DSP48E2_X17Y82       DSP_PREADD_DATA (Prop_DSP_PREADD_DATA_DSP48E2_A2_DATA[19]_A2A1[19])
                                                      0.076     4.221 r  u_baseline/prod_q_reg[2][2]/DSP_PREADD_DATA_INST/A2A1[19]
                         net (fo=1, routed)           0.000     4.221    u_baseline/prod_q_reg[2][2]/DSP_PREADD_DATA.A2A1<19>
    DSP48E2_X17Y82       DSP_MULTIPLIER (Prop_DSP_MULTIPLIER_DSP48E2_A2A1[19]_U[25])
                                                      0.505     4.726 f  u_baseline/prod_q_reg[2][2]/DSP_MULTIPLIER_INST/U[25]
                         net (fo=1, routed)           0.000     4.726    u_baseline/prod_q_reg[2][2]/DSP_MULTIPLIER.U<25>
    DSP48E2_X17Y82       DSP_M_DATA (Prop_DSP_M_DATA_DSP48E2_U[25]_U_DATA[25])
                                                      0.047     4.773 r  u_baseline/prod_q_reg[2][2]/DSP_M_DATA_INST/U_DATA[25]
                         net (fo=1, routed)           0.000     4.773    u_baseline/prod_q_reg[2][2]/DSP_M_DATA.U_DATA<25>
    DSP48E2_X17Y82       DSP_ALU (Prop_DSP_ALU_DSP48E2_U_DATA[25]_ALU_OUT[25])
                                                      0.585     5.358 r  u_baseline/prod_q_reg[2][2]/DSP_ALU_INST/ALU_OUT[25]
                         net (fo=1, routed)           0.000     5.358    u_baseline/prod_q_reg[2][2]/DSP_ALU.ALU_OUT<25>
    DSP48E2_X17Y82       DSP_OUTPUT                                   r  u_baseline/prod_q_reg[2][2]/DSP_OUTPUT_INST/ALU_OUT[25]
  -------------------------------------------------------------------    -------------------

                         (clock clk rise edge)        5.500     5.500 r  
    P11                                               0.000     5.500 r  clk (IN)
                         net (fo=0)                   0.000     5.500    clk_IBUF_inst/I
    P11                  INBUF (Prop_INBUF_HPIOB_M_PAD_O)
                                                      0.298     5.798 r  clk_IBUF_inst/INBUF_INST/O
                         net (fo=1, routed)           0.000     5.798    clk_IBUF_inst/OUT
    P11                  IBUFCTRL (Prop_IBUFCTRL_HPIOB_M_I_O)
                                                      0.000     5.798 r  clk_IBUF_inst/IBUFCTRL_INST/O
                         net (fo=1, routed)           0.282     6.080    clk_IBUF
    BUFGCE_X0Y77         BUFGCE (Prop_BUFCE_BUFGCE_I_O)
                                                      0.024     6.104 r  clk_IBUF_BUFG_inst/O
    X3Y3 (CLOCK_ROOT)    net (fo=335, routed)         0.672     6.776    u_baseline/prod_q_reg[2][2]/CLK
    DSP48E2_X17Y82       DSP_OUTPUT                                   r  u_baseline/prod_q_reg[2][2]/DSP_OUTPUT_INST/CLK
                         clock pessimism              0.312     7.088    
                         clock uncertainty           -0.035     7.053    
    DSP48E2_X17Y82       DSP_OUTPUT (Setup_DSP_OUTPUT_DSP48E2_CLK_ALU_OUT[25])
                                                      0.015     7.068    u_baseline/prod_q_reg[2][2]/DSP_OUTPUT_INST
  -------------------------------------------------------------------
                         required time                          7.068    
                         arrival time                          -5.358    
  -------------------------------------------------------------------
                         slack                                  1.710    

Slack (MET) :             1.710ns  (required time - arrival time)
  Source:                 u_baseline/g_lane_mem[2].x2_mem_reg_bram_0/CLKARDCLK
                            (rising edge-triggered cell RAMB18E2 clocked by clk  {rise@0.000ns fall@2.750ns period=5.500ns})
  Destination:            u_baseline/prod_q_reg[2][2]/DSP_OUTPUT_INST/ALU_OUT[26]
                            (rising edge-triggered cell DSP_OUTPUT clocked by clk  {rise@0.000ns fall@2.750ns period=5.500ns})
  Path Group:             clk
  Path Type:              Setup (Max at Slow Process Corner)
  Requirement:            5.500ns  (clk rise@5.500ns - clk rise@0.000ns)
  Data Path Delay:        3.549ns  (logic 2.295ns (64.664%)  route 1.254ns (35.336%))
  Logic Levels:           5  (DSP_A_B_DATA=1 DSP_ALU=1 DSP_M_DATA=1 DSP_MULTIPLIER=1 DSP_PREADD_DATA=1)
  Clock Path Skew:        -0.220ns (DCD - SCD + CPR)
    Destination Clock Delay (DCD):    1.276ns = ( 6.776 - 5.500 ) 
    Source Clock Delay      (SCD):    1.809ns
    Clock Pessimism Removal (CPR):    0.312ns
  Clock Uncertainty:      0.035ns  ((TSJ^2 + TIJ^2)^1/2 + DJ) / 2 + PE
    Total System Jitter     (TSJ):    0.071ns
    Total Input Jitter      (TIJ):    0.000ns
    Discrete Jitter          (DJ):    0.000ns
    Phase Error              (PE):    0.000ns
  Clock Net Delay (Source):      0.913ns (routing 0.001ns, distribution 0.912ns)
  Clock Net Delay (Destination): 0.672ns (routing 0.001ns, distribution 0.671ns)

    Location             Delay type                Incr(ns)  Path(ns)    Netlist Resource(s)
  -------------------------------------------------------------------    -------------------
                         (clock clk rise edge)        0.000     0.000 r  
    P11                                               0.000     0.000 r  clk (IN)
                         net (fo=0)                   0.000     0.000    clk_IBUF_inst/I
    P11                  INBUF (Prop_INBUF_HPIOB_M_PAD_O)
                                                      0.548     0.548 r  clk_IBUF_inst/INBUF_INST/O
                         net (fo=1, routed)           0.000     0.548    clk_IBUF_inst/OUT
    P11                  IBUFCTRL (Prop_IBUFCTRL_HPIOB_M_I_O)
                                                      0.000     0.548 r  clk_IBUF_inst/IBUFCTRL_INST/O
                         net (fo=1, routed)           0.319     0.867    clk_IBUF
    BUFGCE_X0Y77         BUFGCE (Prop_BUFCE_BUFGCE_I_O)
                                                      0.028     0.895 r  clk_IBUF_BUFG_inst/O
    X3Y3 (CLOCK_ROOT)    net (fo=335, routed)         0.913     1.809    u_baseline/clk_IBUF_BUFG
    RAMB18_X11Y82        RAMB18E2                                     r  u_baseline/g_lane_mem[2].x2_mem_reg_bram_0/CLKARDCLK
  -------------------------------------------------------------------    -------------------
    RAMB18_X11Y82        RAMB18E2 (Prop_RAMB18E2_L_RAMB180_CLKARDCLK_DOUTADOUT[7])
                                                      0.890     2.699 f  u_baseline/g_lane_mem[2].x2_mem_reg_bram_0/DOUTADOUT[7]
                         net (fo=23, routed)          1.254     3.953    u_baseline/prod_q_reg[2][2]/A[19]
    DSP48E2_X17Y82       DSP_A_B_DATA (Prop_DSP_A_B_DATA_DSP48E2_A[19]_A2_DATA[19])
                                                      0.192     4.145 r  u_baseline/prod_q_reg[2][2]/DSP_A_B_DATA_INST/A2_DATA[19]
                         net (fo=1, routed)           0.000     4.145    u_baseline/prod_q_reg[2][2]/DSP_A_B_DATA.A2_DATA<19>
    DSP48E2_X17Y82       DSP_PREADD_DATA (Prop_DSP_PREADD_DATA_DSP48E2_A2_DATA[19]_A2A1[19])
                                                      0.076     4.221 r  u_baseline/prod_q_reg[2][2]/DSP_PREADD_DATA_INST/A2A1[19]
                         net (fo=1, routed)           0.000     4.221    u_baseline/prod_q_reg[2][2]/DSP_PREADD_DATA.A2A1<19>
    DSP48E2_X17Y82       DSP_MULTIPLIER (Prop_DSP_MULTIPLIER_DSP48E2_A2A1[19]_U[26])
                                                      0.505     4.726 f  u_baseline/prod_q_reg[2][2]/DSP_MULTIPLIER_INST/U[26]
                         net (fo=1, routed)           0.000     4.726    u_baseline/prod_q_reg[2][2]/DSP_MULTIPLIER.U<26>
    DSP48E2_X17Y82       DSP_M_DATA (Prop_DSP_M_DATA_DSP48E2_U[26]_U_DATA[26])
                                                      0.047     4.773 r  u_baseline/prod_q_reg[2][2]/DSP_M_DATA_INST/U_DATA[26]
                         net (fo=1, routed)           0.000     4.773    u_baseline/prod_q_reg[2][2]/DSP_M_DATA.U_DATA<26>
    DSP48E2_X17Y82       DSP_ALU (Prop_DSP_ALU_DSP48E2_U_DATA[26]_ALU_OUT[26])
                                                      0.585     5.358 r  u_baseline/prod_q_reg[2][2]/DSP_ALU_INST/ALU_OUT[26]
                         net (fo=1, routed)           0.000     5.358    u_baseline/prod_q_reg[2][2]/DSP_ALU.ALU_OUT<26>
    DSP48E2_X17Y82       DSP_OUTPUT                                   r  u_baseline/prod_q_reg[2][2]/DSP_OUTPUT_INST/ALU_OUT[26]
  -------------------------------------------------------------------    -------------------

                         (clock clk rise edge)        5.500     5.500 r  
    P11                                               0.000     5.500 r  clk (IN)
                         net (fo=0)                   0.000     5.500    clk_IBUF_inst/I
    P11                  INBUF (Prop_INBUF_HPIOB_M_PAD_O)
                                                      0.298     5.798 r  clk_IBUF_inst/INBUF_INST/O
                         net (fo=1, routed)           0.000     5.798    clk_IBUF_inst/OUT
    P11                  IBUFCTRL (Prop_IBUFCTRL_HPIOB_M_I_O)
                                                      0.000     5.798 r  clk_IBUF_inst/IBUFCTRL_INST/O
                         net (fo=1, routed)           0.282     6.080    clk_IBUF
    BUFGCE_X0Y77         BUFGCE (Prop_BUFCE_BUFGCE_I_O)
                                                      0.024     6.104 r  clk_IBUF_BUFG_inst/O
    X3Y3 (CLOCK_ROOT)    net (fo=335, routed)         0.672     6.776    u_baseline/prod_q_reg[2][2]/CLK
    DSP48E2_X17Y82       DSP_OUTPUT                                   r  u_baseline/prod_q_reg[2][2]/DSP_OUTPUT_INST/CLK
                         clock pessimism              0.312     7.088    
                         clock uncertainty           -0.035     7.053    
    DSP48E2_X17Y82       DSP_OUTPUT (Setup_DSP_OUTPUT_DSP48E2_CLK_ALU_OUT[26])
                                                      0.015     7.068    u_baseline/prod_q_reg[2][2]/DSP_OUTPUT_INST
  -------------------------------------------------------------------
                         required time                          7.068    
                         arrival time                          -5.358    
  -------------------------------------------------------------------
                         slack                                  1.710    

Slack (MET) :             1.710ns  (required time - arrival time)
  Source:                 u_baseline/g_lane_mem[2].x2_mem_reg_bram_0/CLKARDCLK
                            (rising edge-triggered cell RAMB18E2 clocked by clk  {rise@0.000ns fall@2.750ns period=5.500ns})
  Destination:            u_baseline/prod_q_reg[2][2]/DSP_OUTPUT_INST/ALU_OUT[27]
                            (rising edge-triggered cell DSP_OUTPUT clocked by clk  {rise@0.000ns fall@2.750ns period=5.500ns})
  Path Group:             clk
  Path Type:              Setup (Max at Slow Process Corner)
  Requirement:            5.500ns  (clk rise@5.500ns - clk rise@0.000ns)
  Data Path Delay:        3.549ns  (logic 2.295ns (64.664%)  route 1.254ns (35.336%))
  Logic Levels:           5  (DSP_A_B_DATA=1 DSP_ALU=1 DSP_M_DATA=1 DSP_MULTIPLIER=1 DSP_PREADD_DATA=1)
  Clock Path Skew:        -0.220ns (DCD - SCD + CPR)
    Destination Clock Delay (DCD):    1.276ns = ( 6.776 - 5.500 ) 
    Source Clock Delay      (SCD):    1.809ns
    Clock Pessimism Removal (CPR):    0.312ns
  Clock Uncertainty:      0.035ns  ((TSJ^2 + TIJ^2)^1/2 + DJ) / 2 + PE
    Total System Jitter     (TSJ):    0.071ns
    Total Input Jitter      (TIJ):    0.000ns
    Discrete Jitter          (DJ):    0.000ns
    Phase Error              (PE):    0.000ns
  Clock Net Delay (Source):      0.913ns (routing 0.001ns, distribution 0.912ns)
  Clock Net Delay (Destination): 0.672ns (routing 0.001ns, distribution 0.671ns)

    Location             Delay type                Incr(ns)  Path(ns)    Netlist Resource(s)
  -------------------------------------------------------------------    -------------------
                         (clock clk rise edge)        0.000     0.000 r  
    P11                                               0.000     0.000 r  clk (IN)
                         net (fo=0)                   0.000     0.000    clk_IBUF_inst/I
    P11                  INBUF (Prop_INBUF_HPIOB_M_PAD_O)
                                                      0.548     0.548 r  clk_IBUF_inst/INBUF_INST/O
                         net (fo=1, routed)           0.000     0.548    clk_IBUF_inst/OUT
    P11                  IBUFCTRL (Prop_IBUFCTRL_HPIOB_M_I_O)
                                                      0.000     0.548 r  clk_IBUF_inst/IBUFCTRL_INST/O
                         net (fo=1, routed)           0.319     0.867    clk_IBUF
    BUFGCE_X0Y77         BUFGCE (Prop_BUFCE_BUFGCE_I_O)
                                                      0.028     0.895 r  clk_IBUF_BUFG_inst/O
    X3Y3 (CLOCK_ROOT)    net (fo=335, routed)         0.913     1.809    u_baseline/clk_IBUF_BUFG
    RAMB18_X11Y82        RAMB18E2                                     r  u_baseline/g_lane_mem[2].x2_mem_reg_bram_0/CLKARDCLK
  -------------------------------------------------------------------    -------------------
    RAMB18_X11Y82        RAMB18E2 (Prop_RAMB18E2_L_RAMB180_CLKARDCLK_DOUTADOUT[7])
                                                      0.890     2.699 f  u_baseline/g_lane_mem[2].x2_mem_reg_bram_0/DOUTADOUT[7]
                         net (fo=23, routed)          1.254     3.953    u_baseline/prod_q_reg[2][2]/A[19]
    DSP48E2_X17Y82       DSP_A_B_DATA (Prop_DSP_A_B_DATA_DSP48E2_A[19]_A2_DATA[19])
                                                      0.192     4.145 r  u_baseline/prod_q_reg[2][2]/DSP_A_B_DATA_INST/A2_DATA[19]
                         net (fo=1, routed)           0.000     4.145    u_baseline/prod_q_reg[2][2]/DSP_A_B_DATA.A2_DATA<19>
    DSP48E2_X17Y82       DSP_PREADD_DATA (Prop_DSP_PREADD_DATA_DSP48E2_A2_DATA[19]_A2A1[19])
                                                      0.076     4.221 r  u_baseline/prod_q_reg[2][2]/DSP_PREADD_DATA_INST/A2A1[19]
                         net (fo=1, routed)           0.000     4.221    u_baseline/prod_q_reg[2][2]/DSP_PREADD_DATA.A2A1<19>
    DSP48E2_X17Y82       DSP_MULTIPLIER (Prop_DSP_MULTIPLIER_DSP48E2_A2A1[19]_U[27])
                                                      0.505     4.726 f  u_baseline/prod_q_reg[2][2]/DSP_MULTIPLIER_INST/U[27]
                         net (fo=1, routed)           0.000     4.726    u_baseline/prod_q_reg[2][2]/DSP_MULTIPLIER.U<27>
    DSP48E2_X17Y82       DSP_M_DATA (Prop_DSP_M_DATA_DSP48E2_U[27]_U_DATA[27])
                                                      0.047     4.773 r  u_baseline/prod_q_reg[2][2]/DSP_M_DATA_INST/U_DATA[27]
                         net (fo=1, routed)           0.000     4.773    u_baseline/prod_q_reg[2][2]/DSP_M_DATA.U_DATA<27>
    DSP48E2_X17Y82       DSP_ALU (Prop_DSP_ALU_DSP48E2_U_DATA[27]_ALU_OUT[27])
                                                      0.585     5.358 r  u_baseline/prod_q_reg[2][2]/DSP_ALU_INST/ALU_OUT[27]
                         net (fo=1, routed)           0.000     5.358    u_baseline/prod_q_reg[2][2]/DSP_ALU.ALU_OUT<27>
    DSP48E2_X17Y82       DSP_OUTPUT                                   r  u_baseline/prod_q_reg[2][2]/DSP_OUTPUT_INST/ALU_OUT[27]
  -------------------------------------------------------------------    -------------------

                         (clock clk rise edge)        5.500     5.500 r  
    P11                                               0.000     5.500 r  clk (IN)
                         net (fo=0)                   0.000     5.500    clk_IBUF_inst/I
    P11                  INBUF (Prop_INBUF_HPIOB_M_PAD_O)
                                                      0.298     5.798 r  clk_IBUF_inst/INBUF_INST/O
                         net (fo=1, routed)           0.000     5.798    clk_IBUF_inst/OUT
    P11                  IBUFCTRL (Prop_IBUFCTRL_HPIOB_M_I_O)
                                                      0.000     5.798 r  clk_IBUF_inst/IBUFCTRL_INST/O
                         net (fo=1, routed)           0.282     6.080    clk_IBUF
    BUFGCE_X0Y77         BUFGCE (Prop_BUFCE_BUFGCE_I_O)
                                                      0.024     6.104 r  clk_IBUF_BUFG_inst/O
    X3Y3 (CLOCK_ROOT)    net (fo=335, routed)         0.672     6.776    u_baseline/prod_q_reg[2][2]/CLK
    DSP48E2_X17Y82       DSP_OUTPUT                                   r  u_baseline/prod_q_reg[2][2]/DSP_OUTPUT_INST/CLK
                         clock pessimism              0.312     7.088    
                         clock uncertainty           -0.035     7.053    
    DSP48E2_X17Y82       DSP_OUTPUT (Setup_DSP_OUTPUT_DSP48E2_CLK_ALU_OUT[27])
                                                      0.015     7.068    u_baseline/prod_q_reg[2][2]/DSP_OUTPUT_INST
  -------------------------------------------------------------------
                         required time                          7.068    
                         arrival time                          -5.358    
  -------------------------------------------------------------------
                         slack                                  1.710    

Slack (MET) :             1.710ns  (required time - arrival time)
  Source:                 u_baseline/g_lane_mem[2].x2_mem_reg_bram_0/CLKARDCLK
                            (rising edge-triggered cell RAMB18E2 clocked by clk  {rise@0.000ns fall@2.750ns period=5.500ns})
  Destination:            u_baseline/prod_q_reg[2][2]/DSP_OUTPUT_INST/ALU_OUT[28]
                            (rising edge-triggered cell DSP_OUTPUT clocked by clk  {rise@0.000ns fall@2.750ns period=5.500ns})
  Path Group:             clk
  Path Type:              Setup (Max at Slow Process Corner)
  Requirement:            5.500ns  (clk rise@5.500ns - clk rise@0.000ns)
  Data Path Delay:        3.549ns  (logic 2.295ns (64.664%)  route 1.254ns (35.336%))
  Logic Levels:           5  (DSP_A_B_DATA=1 DSP_ALU=1 DSP_M_DATA=1 DSP_MULTIPLIER=1 DSP_PREADD_DATA=1)
  Clock Path Skew:        -0.220ns (DCD - SCD + CPR)
    Destination Clock Delay (DCD):    1.276ns = ( 6.776 - 5.500 ) 
    Source Clock Delay      (SCD):    1.809ns
    Clock Pessimism Removal (CPR):    0.312ns
  Clock Uncertainty:      0.035ns  ((TSJ^2 + TIJ^2)^1/2 + DJ) / 2 + PE
    Total System Jitter     (TSJ):    0.071ns
    Total Input Jitter      (TIJ):    0.000ns
    Discrete Jitter          (DJ):    0.000ns
    Phase Error              (PE):    0.000ns
  Clock Net Delay (Source):      0.913ns (routing 0.001ns, distribution 0.912ns)
  Clock Net Delay (Destination): 0.672ns (routing 0.001ns, distribution 0.671ns)

    Location             Delay type                Incr(ns)  Path(ns)    Netlist Resource(s)
  -------------------------------------------------------------------    -------------------
                         (clock clk rise edge)        0.000     0.000 r  
    P11                                               0.000     0.000 r  clk (IN)
                         net (fo=0)                   0.000     0.000    clk_IBUF_inst/I
    P11                  INBUF (Prop_INBUF_HPIOB_M_PAD_O)
                                                      0.548     0.548 r  clk_IBUF_inst/INBUF_INST/O
                         net (fo=1, routed)           0.000     0.548    clk_IBUF_inst/OUT
    P11                  IBUFCTRL (Prop_IBUFCTRL_HPIOB_M_I_O)
                                                      0.000     0.548 r  clk_IBUF_inst/IBUFCTRL_INST/O
                         net (fo=1, routed)           0.319     0.867    clk_IBUF
    BUFGCE_X0Y77         BUFGCE (Prop_BUFCE_BUFGCE_I_O)
                                                      0.028     0.895 r  clk_IBUF_BUFG_inst/O
    X3Y3 (CLOCK_ROOT)    net (fo=335, routed)         0.913     1.809    u_baseline/clk_IBUF_BUFG
    RAMB18_X11Y82        RAMB18E2                                     r  u_baseline/g_lane_mem[2].x2_mem_reg_bram_0/CLKARDCLK
  -------------------------------------------------------------------    -------------------
    RAMB18_X11Y82        RAMB18E2 (Prop_RAMB18E2_L_RAMB180_CLKARDCLK_DOUTADOUT[7])
                                                      0.890     2.699 f  u_baseline/g_lane_mem[2].x2_mem_reg_bram_0/DOUTADOUT[7]
                         net (fo=23, routed)          1.254     3.953    u_baseline/prod_q_reg[2][2]/A[19]
    DSP48E2_X17Y82       DSP_A_B_DATA (Prop_DSP_A_B_DATA_DSP48E2_A[19]_A2_DATA[19])
                                                      0.192     4.145 r  u_baseline/prod_q_reg[2][2]/DSP_A_B_DATA_INST/A2_DATA[19]
                         net (fo=1, routed)           0.000     4.145    u_baseline/prod_q_reg[2][2]/DSP_A_B_DATA.A2_DATA<19>
    DSP48E2_X17Y82       DSP_PREADD_DATA (Prop_DSP_PREADD_DATA_DSP48E2_A2_DATA[19]_A2A1[19])
                                                      0.076     4.221 r  u_baseline/prod_q_reg[2][2]/DSP_PREADD_DATA_INST/A2A1[19]
                         net (fo=1, routed)           0.000     4.221    u_baseline/prod_q_reg[2][2]/DSP_PREADD_DATA.A2A1<19>
    DSP48E2_X17Y82       DSP_MULTIPLIER (Prop_DSP_MULTIPLIER_DSP48E2_A2A1[19]_U[28])
                                                      0.505     4.726 f  u_baseline/prod_q_reg[2][2]/DSP_MULTIPLIER_INST/U[28]
                         net (fo=1, routed)           0.000     4.726    u_baseline/prod_q_reg[2][2]/DSP_MULTIPLIER.U<28>
    DSP48E2_X17Y82       DSP_M_DATA (Prop_DSP_M_DATA_DSP48E2_U[28]_U_DATA[28])
                                                      0.047     4.773 r  u_baseline/prod_q_reg[2][2]/DSP_M_DATA_INST/U_DATA[28]
                         net (fo=1, routed)           0.000     4.773    u_baseline/prod_q_reg[2][2]/DSP_M_DATA.U_DATA<28>
    DSP48E2_X17Y82       DSP_ALU (Prop_DSP_ALU_DSP48E2_U_DATA[28]_ALU_OUT[28])
                                                      0.585     5.358 r  u_baseline/prod_q_reg[2][2]/DSP_ALU_INST/ALU_OUT[28]
                         net (fo=1, routed)           0.000     5.358    u_baseline/prod_q_reg[2][2]/DSP_ALU.ALU_OUT<28>
    DSP48E2_X17Y82       DSP_OUTPUT                                   r  u_baseline/prod_q_reg[2][2]/DSP_OUTPUT_INST/ALU_OUT[28]
  -------------------------------------------------------------------    -------------------

                         (clock clk rise edge)        5.500     5.500 r  
    P11                                               0.000     5.500 r  clk (IN)
                         net (fo=0)                   0.000     5.500    clk_IBUF_inst/I
    P11                  INBUF (Prop_INBUF_HPIOB_M_PAD_O)
                                                      0.298     5.798 r  clk_IBUF_inst/INBUF_INST/O
                         net (fo=1, routed)           0.000     5.798    clk_IBUF_inst/OUT
    P11                  IBUFCTRL (Prop_IBUFCTRL_HPIOB_M_I_O)
                                                      0.000     5.798 r  clk_IBUF_inst/IBUFCTRL_INST/O
                         net (fo=1, routed)           0.282     6.080    clk_IBUF
    BUFGCE_X0Y77         BUFGCE (Prop_BUFCE_BUFGCE_I_O)
                                                      0.024     6.104 r  clk_IBUF_BUFG_inst/O
    X3Y3 (CLOCK_ROOT)    net (fo=335, routed)         0.672     6.776    u_baseline/prod_q_reg[2][2]/CLK
    DSP48E2_X17Y82       DSP_OUTPUT                                   r  u_baseline/prod_q_reg[2][2]/DSP_OUTPUT_INST/CLK
                         clock pessimism              0.312     7.088    
                         clock uncertainty           -0.035     7.053    
    DSP48E2_X17Y82       DSP_OUTPUT (Setup_DSP_OUTPUT_DSP48E2_CLK_ALU_OUT[28])
                                                      0.015     7.068    u_baseline/prod_q_reg[2][2]/DSP_OUTPUT_INST
  -------------------------------------------------------------------
                         required time                          7.068    
                         arrival time                          -5.358    
  -------------------------------------------------------------------
                         slack                                  1.710    

Slack (MET) :             1.710ns  (required time - arrival time)
  Source:                 u_baseline/g_lane_mem[2].x2_mem_reg_bram_0/CLKARDCLK
                            (rising edge-triggered cell RAMB18E2 clocked by clk  {rise@0.000ns fall@2.750ns period=5.500ns})
  Destination:            u_baseline/prod_q_reg[2][2]/DSP_OUTPUT_INST/ALU_OUT[29]
                            (rising edge-triggered cell DSP_OUTPUT clocked by clk  {rise@0.000ns fall@2.750ns period=5.500ns})
  Path Group:             clk
  Path Type:              Setup (Max at Slow Process Corner)
  Requirement:            5.500ns  (clk rise@5.500ns - clk rise@0.000ns)
  Data Path Delay:        3.549ns  (logic 2.295ns (64.664%)  route 1.254ns (35.336%))
  Logic Levels:           5  (DSP_A_B_DATA=1 DSP_ALU=1 DSP_M_DATA=1 DSP_MULTIPLIER=1 DSP_PREADD_DATA=1)
  Clock Path Skew:        -0.220ns (DCD - SCD + CPR)
    Destination Clock Delay (DCD):    1.276ns = ( 6.776 - 5.500 ) 
    Source Clock Delay      (SCD):    1.809ns
    Clock Pessimism Removal (CPR):    0.312ns
  Clock Uncertainty:      0.035ns  ((TSJ^2 + TIJ^2)^1/2 + DJ) / 2 + PE
    Total System Jitter     (TSJ):    0.071ns
    Total Input Jitter      (TIJ):    0.000ns
    Discrete Jitter          (DJ):    0.000ns
    Phase Error              (PE):    0.000ns
  Clock Net Delay (Source):      0.913ns (routing 0.001ns, distribution 0.912ns)
  Clock Net Delay (Destination): 0.672ns (routing 0.001ns, distribution 0.671ns)

    Location             Delay type                Incr(ns)  Path(ns)    Netlist Resource(s)
  -------------------------------------------------------------------    -------------------
                         (clock clk rise edge)        0.000     0.000 r  
    P11                                               0.000     0.000 r  clk (IN)
                         net (fo=0)                   0.000     0.000    clk_IBUF_inst/I
    P11                  INBUF (Prop_INBUF_HPIOB_M_PAD_O)
                                                      0.548     0.548 r  clk_IBUF_inst/INBUF_INST/O
                         net (fo=1, routed)           0.000     0.548    clk_IBUF_inst/OUT
    P11                  IBUFCTRL (Prop_IBUFCTRL_HPIOB_M_I_O)
                                                      0.000     0.548 r  clk_IBUF_inst/IBUFCTRL_INST/O
                         net (fo=1, routed)           0.319     0.867    clk_IBUF
    BUFGCE_X0Y77         BUFGCE (Prop_BUFCE_BUFGCE_I_O)
                                                      0.028     0.895 r  clk_IBUF_BUFG_inst/O
    X3Y3 (CLOCK_ROOT)    net (fo=335, routed)         0.913     1.809    u_baseline/clk_IBUF_BUFG
    RAMB18_X11Y82        RAMB18E2                                     r  u_baseline/g_lane_mem[2].x2_mem_reg_bram_0/CLKARDCLK
  -------------------------------------------------------------------    -------------------
    RAMB18_X11Y82        RAMB18E2 (Prop_RAMB18E2_L_RAMB180_CLKARDCLK_DOUTADOUT[7])
                                                      0.890     2.699 f  u_baseline/g_lane_mem[2].x2_mem_reg_bram_0/DOUTADOUT[7]
                         net (fo=23, routed)          1.254     3.953    u_baseline/prod_q_reg[2][2]/A[19]
    DSP48E2_X17Y82       DSP_A_B_DATA (Prop_DSP_A_B_DATA_DSP48E2_A[19]_A2_DATA[19])
                                                      0.192     4.145 r  u_baseline/prod_q_reg[2][2]/DSP_A_B_DATA_INST/A2_DATA[19]
                         net (fo=1, routed)           0.000     4.145    u_baseline/prod_q_reg[2][2]/DSP_A_B_DATA.A2_DATA<19>
    DSP48E2_X17Y82       DSP_PREADD_DATA (Prop_DSP_PREADD_DATA_DSP48E2_A2_DATA[19]_A2A1[19])
                                                      0.076     4.221 r  u_baseline/prod_q_reg[2][2]/DSP_PREADD_DATA_INST/A2A1[19]
                         net (fo=1, routed)           0.000     4.221    u_baseline/prod_q_reg[2][2]/DSP_PREADD_DATA.A2A1<19>
    DSP48E2_X17Y82       DSP_MULTIPLIER (Prop_DSP_MULTIPLIER_DSP48E2_A2A1[19]_U[29])
                                                      0.505     4.726 f  u_baseline/prod_q_reg[2][2]/DSP_MULTIPLIER_INST/U[29]
                         net (fo=1, routed)           0.000     4.726    u_baseline/prod_q_reg[2][2]/DSP_MULTIPLIER.U<29>
    DSP48E2_X17Y82       DSP_M_DATA (Prop_DSP_M_DATA_DSP48E2_U[29]_U_DATA[29])
                                                      0.047     4.773 r  u_baseline/prod_q_reg[2][2]/DSP_M_DATA_INST/U_DATA[29]
                         net (fo=1, routed)           0.000     4.773    u_baseline/prod_q_reg[2][2]/DSP_M_DATA.U_DATA<29>
    DSP48E2_X17Y82       DSP_ALU (Prop_DSP_ALU_DSP48E2_U_DATA[29]_ALU_OUT[29])
                                                      0.585     5.358 r  u_baseline/prod_q_reg[2][2]/DSP_ALU_INST/ALU_OUT[29]
                         net (fo=1, routed)           0.000     5.358    u_baseline/prod_q_reg[2][2]/DSP_ALU.ALU_OUT<29>
    DSP48E2_X17Y82       DSP_OUTPUT                                   r  u_baseline/prod_q_reg[2][2]/DSP_OUTPUT_INST/ALU_OUT[29]
  -------------------------------------------------------------------    -------------------

                         (clock clk rise edge)        5.500     5.500 r  
    P11                                               0.000     5.500 r  clk (IN)
                         net (fo=0)                   0.000     5.500    clk_IBUF_inst/I
    P11                  INBUF (Prop_INBUF_HPIOB_M_PAD_O)
                                                      0.298     5.798 r  clk_IBUF_inst/INBUF_INST/O
                         net (fo=1, routed)           0.000     5.798    clk_IBUF_inst/OUT
    P11                  IBUFCTRL (Prop_IBUFCTRL_HPIOB_M_I_O)
                                                      0.000     5.798 r  clk_IBUF_inst/IBUFCTRL_INST/O
                         net (fo=1, routed)           0.282     6.080    clk_IBUF
    BUFGCE_X0Y77         BUFGCE (Prop_BUFCE_BUFGCE_I_O)
                                                      0.024     6.104 r  clk_IBUF_BUFG_inst/O
    X3Y3 (CLOCK_ROOT)    net (fo=335, routed)         0.672     6.776    u_baseline/prod_q_reg[2][2]/CLK
    DSP48E2_X17Y82       DSP_OUTPUT                                   r  u_baseline/prod_q_reg[2][2]/DSP_OUTPUT_INST/CLK
                         clock pessimism              0.312     7.088    
                         clock uncertainty           -0.035     7.053    
    DSP48E2_X17Y82       DSP_OUTPUT (Setup_DSP_OUTPUT_DSP48E2_CLK_ALU_OUT[29])
                                                      0.015     7.068    u_baseline/prod_q_reg[2][2]/DSP_OUTPUT_INST
  -------------------------------------------------------------------
                         required time                          7.068    
                         arrival time                          -5.358    
  -------------------------------------------------------------------
                         slack                                  1.710    

Slack (MET) :             1.710ns  (required time - arrival time)
  Source:                 u_baseline/g_lane_mem[2].x2_mem_reg_bram_0/CLKARDCLK
                            (rising edge-triggered cell RAMB18E2 clocked by clk  {rise@0.000ns fall@2.750ns period=5.500ns})
  Destination:            u_baseline/prod_q_reg[2][2]/DSP_OUTPUT_INST/ALU_OUT[30]
                            (rising edge-triggered cell DSP_OUTPUT clocked by clk  {rise@0.000ns fall@2.750ns period=5.500ns})
  Path Group:             clk
  Path Type:              Setup (Max at Slow Process Corner)
  Requirement:            5.500ns  (clk rise@5.500ns - clk rise@0.000ns)
  Data Path Delay:        3.549ns  (logic 2.295ns (64.664%)  route 1.254ns (35.336%))
  Logic Levels:           5  (DSP_A_B_DATA=1 DSP_ALU=1 DSP_M_DATA=1 DSP_MULTIPLIER=1 DSP_PREADD_DATA=1)
  Clock Path Skew:        -0.220ns (DCD - SCD + CPR)
    Destination Clock Delay (DCD):    1.276ns = ( 6.776 - 5.500 ) 
    Source Clock Delay      (SCD):    1.809ns
    Clock Pessimism Removal (CPR):    0.312ns
  Clock Uncertainty:      0.035ns  ((TSJ^2 + TIJ^2)^1/2 + DJ) / 2 + PE
    Total System Jitter     (TSJ):    0.071ns
    Total Input Jitter      (TIJ):    0.000ns
    Discrete Jitter          (DJ):    0.000ns
    Phase Error              (PE):    0.000ns
  Clock Net Delay (Source):      0.913ns (routing 0.001ns, distribution 0.912ns)
  Clock Net Delay (Destination): 0.672ns (routing 0.001ns, distribution 0.671ns)

    Location             Delay type                Incr(ns)  Path(ns)    Netlist Resource(s)
  -------------------------------------------------------------------    -------------------
                         (clock clk rise edge)        0.000     0.000 r  
    P11                                               0.000     0.000 r  clk (IN)
                         net (fo=0)                   0.000     0.000    clk_IBUF_inst/I
    P11                  INBUF (Prop_INBUF_HPIOB_M_PAD_O)
                                                      0.548     0.548 r  clk_IBUF_inst/INBUF_INST/O
                         net (fo=1, routed)           0.000     0.548    clk_IBUF_inst/OUT
    P11                  IBUFCTRL (Prop_IBUFCTRL_HPIOB_M_I_O)
                                                      0.000     0.548 r  clk_IBUF_inst/IBUFCTRL_INST/O
                         net (fo=1, routed)           0.319     0.867    clk_IBUF
    BUFGCE_X0Y77         BUFGCE (Prop_BUFCE_BUFGCE_I_O)
                                                      0.028     0.895 r  clk_IBUF_BUFG_inst/O
    X3Y3 (CLOCK_ROOT)    net (fo=335, routed)         0.913     1.809    u_baseline/clk_IBUF_BUFG
    RAMB18_X11Y82        RAMB18E2                                     r  u_baseline/g_lane_mem[2].x2_mem_reg_bram_0/CLKARDCLK
  -------------------------------------------------------------------    -------------------
    RAMB18_X11Y82        RAMB18E2 (Prop_RAMB18E2_L_RAMB180_CLKARDCLK_DOUTADOUT[7])
                                                      0.890     2.699 f  u_baseline/g_lane_mem[2].x2_mem_reg_bram_0/DOUTADOUT[7]
                         net (fo=23, routed)          1.254     3.953    u_baseline/prod_q_reg[2][2]/A[19]
    DSP48E2_X17Y82       DSP_A_B_DATA (Prop_DSP_A_B_DATA_DSP48E2_A[19]_A2_DATA[19])
                                                      0.192     4.145 r  u_baseline/prod_q_reg[2][2]/DSP_A_B_DATA_INST/A2_DATA[19]
                         net (fo=1, routed)           0.000     4.145    u_baseline/prod_q_reg[2][2]/DSP_A_B_DATA.A2_DATA<19>
    DSP48E2_X17Y82       DSP_PREADD_DATA (Prop_DSP_PREADD_DATA_DSP48E2_A2_DATA[19]_A2A1[19])
                                                      0.076     4.221 r  u_baseline/prod_q_reg[2][2]/DSP_PREADD_DATA_INST/A2A1[19]
                         net (fo=1, routed)           0.000     4.221    u_baseline/prod_q_reg[2][2]/DSP_PREADD_DATA.A2A1<19>
    DSP48E2_X17Y82       DSP_MULTIPLIER (Prop_DSP_MULTIPLIER_DSP48E2_A2A1[19]_U[30])
                                                      0.505     4.726 f  u_baseline/prod_q_reg[2][2]/DSP_MULTIPLIER_INST/U[30]
                         net (fo=1, routed)           0.000     4.726    u_baseline/prod_q_reg[2][2]/DSP_MULTIPLIER.U<30>
    DSP48E2_X17Y82       DSP_M_DATA (Prop_DSP_M_DATA_DSP48E2_U[30]_U_DATA[30])
                                                      0.047     4.773 r  u_baseline/prod_q_reg[2][2]/DSP_M_DATA_INST/U_DATA[30]
                         net (fo=1, routed)           0.000     4.773    u_baseline/prod_q_reg[2][2]/DSP_M_DATA.U_DATA<30>
    DSP48E2_X17Y82       DSP_ALU (Prop_DSP_ALU_DSP48E2_U_DATA[30]_ALU_OUT[30])
                                                      0.585     5.358 r  u_baseline/prod_q_reg[2][2]/DSP_ALU_INST/ALU_OUT[30]
                         net (fo=1, routed)           0.000     5.358    u_baseline/prod_q_reg[2][2]/DSP_ALU.ALU_OUT<30>
    DSP48E2_X17Y82       DSP_OUTPUT                                   r  u_baseline/prod_q_reg[2][2]/DSP_OUTPUT_INST/ALU_OUT[30]
  -------------------------------------------------------------------    -------------------

                         (clock clk rise edge)        5.500     5.500 r  
    P11                                               0.000     5.500 r  clk (IN)
                         net (fo=0)                   0.000     5.500    clk_IBUF_inst/I
    P11                  INBUF (Prop_INBUF_HPIOB_M_PAD_O)
                                                      0.298     5.798 r  clk_IBUF_inst/INBUF_INST/O
                         net (fo=1, routed)           0.000     5.798    clk_IBUF_inst/OUT
    P11                  IBUFCTRL (Prop_IBUFCTRL_HPIOB_M_I_O)
                                                      0.000     5.798 r  clk_IBUF_inst/IBUFCTRL_INST/O
                         net (fo=1, routed)           0.282     6.080    clk_IBUF
    BUFGCE_X0Y77         BUFGCE (Prop_BUFCE_BUFGCE_I_O)
                                                      0.024     6.104 r  clk_IBUF_BUFG_inst/O
    X3Y3 (CLOCK_ROOT)    net (fo=335, routed)         0.672     6.776    u_baseline/prod_q_reg[2][2]/CLK
    DSP48E2_X17Y82       DSP_OUTPUT                                   r  u_baseline/prod_q_reg[2][2]/DSP_OUTPUT_INST/CLK
                         clock pessimism              0.312     7.088    
                         clock uncertainty           -0.035     7.053    
    DSP48E2_X17Y82       DSP_OUTPUT (Setup_DSP_OUTPUT_DSP48E2_CLK_ALU_OUT[30])
                                                      0.015     7.068    u_baseline/prod_q_reg[2][2]/DSP_OUTPUT_INST
  -------------------------------------------------------------------
                         required time                          7.068    
                         arrival time                          -5.358    
  -------------------------------------------------------------------
                         slack                                  1.710    

Slack (MET) :             1.710ns  (required time - arrival time)
  Source:                 u_baseline/g_lane_mem[2].x2_mem_reg_bram_0/CLKARDCLK
                            (rising edge-triggered cell RAMB18E2 clocked by clk  {rise@0.000ns fall@2.750ns period=5.500ns})
  Destination:            u_baseline/prod_q_reg[2][2]/DSP_OUTPUT_INST/ALU_OUT[31]
                            (rising edge-triggered cell DSP_OUTPUT clocked by clk  {rise@0.000ns fall@2.750ns period=5.500ns})
  Path Group:             clk
  Path Type:              Setup (Max at Slow Process Corner)
  Requirement:            5.500ns  (clk rise@5.500ns - clk rise@0.000ns)
  Data Path Delay:        3.549ns  (logic 2.295ns (64.664%)  route 1.254ns (35.336%))
  Logic Levels:           5  (DSP_A_B_DATA=1 DSP_ALU=1 DSP_M_DATA=1 DSP_MULTIPLIER=1 DSP_PREADD_DATA=1)
  Clock Path Skew:        -0.220ns (DCD - SCD + CPR)
    Destination Clock Delay (DCD):    1.276ns = ( 6.776 - 5.500 ) 
    Source Clock Delay      (SCD):    1.809ns
    Clock Pessimism Removal (CPR):    0.312ns
  Clock Uncertainty:      0.035ns  ((TSJ^2 + TIJ^2)^1/2 + DJ) / 2 + PE
    Total System Jitter     (TSJ):    0.071ns
    Total Input Jitter      (TIJ):    0.000ns
    Discrete Jitter          (DJ):    0.000ns
    Phase Error              (PE):    0.000ns
  Clock Net Delay (Source):      0.913ns (routing 0.001ns, distribution 0.912ns)
  Clock Net Delay (Destination): 0.672ns (routing 0.001ns, distribution 0.671ns)

    Location             Delay type                Incr(ns)  Path(ns)    Netlist Resource(s)
  -------------------------------------------------------------------    -------------------
                         (clock clk rise edge)        0.000     0.000 r  
    P11                                               0.000     0.000 r  clk (IN)
                         net (fo=0)                   0.000     0.000    clk_IBUF_inst/I
    P11                  INBUF (Prop_INBUF_HPIOB_M_PAD_O)
                                                      0.548     0.548 r  clk_IBUF_inst/INBUF_INST/O
                         net (fo=1, routed)           0.000     0.548    clk_IBUF_inst/OUT
    P11                  IBUFCTRL (Prop_IBUFCTRL_HPIOB_M_I_O)
                                                      0.000     0.548 r  clk_IBUF_inst/IBUFCTRL_INST/O
                         net (fo=1, routed)           0.319     0.867    clk_IBUF
    BUFGCE_X0Y77         BUFGCE (Prop_BUFCE_BUFGCE_I_O)
                                                      0.028     0.895 r  clk_IBUF_BUFG_inst/O
    X3Y3 (CLOCK_ROOT)    net (fo=335, routed)         0.913     1.809    u_baseline/clk_IBUF_BUFG
    RAMB18_X11Y82        RAMB18E2                                     r  u_baseline/g_lane_mem[2].x2_mem_reg_bram_0/CLKARDCLK
  -------------------------------------------------------------------    -------------------
    RAMB18_X11Y82        RAMB18E2 (Prop_RAMB18E2_L_RAMB180_CLKARDCLK_DOUTADOUT[7])
                                                      0.890     2.699 f  u_baseline/g_lane_mem[2].x2_mem_reg_bram_0/DOUTADOUT[7]
                         net (fo=23, routed)          1.254     3.953    u_baseline/prod_q_reg[2][2]/A[19]
    DSP48E2_X17Y82       DSP_A_B_DATA (Prop_DSP_A_B_DATA_DSP48E2_A[19]_A2_DATA[19])
                                                      0.192     4.145 r  u_baseline/prod_q_reg[2][2]/DSP_A_B_DATA_INST/A2_DATA[19]
                         net (fo=1, routed)           0.000     4.145    u_baseline/prod_q_reg[2][2]/DSP_A_B_DATA.A2_DATA<19>
    DSP48E2_X17Y82       DSP_PREADD_DATA (Prop_DSP_PREADD_DATA_DSP48E2_A2_DATA[19]_A2A1[19])
                                                      0.076     4.221 r  u_baseline/prod_q_reg[2][2]/DSP_PREADD_DATA_INST/A2A1[19]
                         net (fo=1, routed)           0.000     4.221    u_baseline/prod_q_reg[2][2]/DSP_PREADD_DATA.A2A1<19>
    DSP48E2_X17Y82       DSP_MULTIPLIER (Prop_DSP_MULTIPLIER_DSP48E2_A2A1[19]_U[31])
                                                      0.505     4.726 f  u_baseline/prod_q_reg[2][2]/DSP_MULTIPLIER_INST/U[31]
                         net (fo=1, routed)           0.000     4.726    u_baseline/prod_q_reg[2][2]/DSP_MULTIPLIER.U<31>
    DSP48E2_X17Y82       DSP_M_DATA (Prop_DSP_M_DATA_DSP48E2_U[31]_U_DATA[31])
                                                      0.047     4.773 r  u_baseline/prod_q_reg[2][2]/DSP_M_DATA_INST/U_DATA[31]
                         net (fo=1, routed)           0.000     4.773    u_baseline/prod_q_reg[2][2]/DSP_M_DATA.U_DATA<31>
    DSP48E2_X17Y82       DSP_ALU (Prop_DSP_ALU_DSP48E2_U_DATA[31]_ALU_OUT[31])
                                                      0.585     5.358 r  u_baseline/prod_q_reg[2][2]/DSP_ALU_INST/ALU_OUT[31]
                         net (fo=1, routed)           0.000     5.358    u_baseline/prod_q_reg[2][2]/DSP_ALU.ALU_OUT<31>
    DSP48E2_X17Y82       DSP_OUTPUT                                   r  u_baseline/prod_q_reg[2][2]/DSP_OUTPUT_INST/ALU_OUT[31]
  -------------------------------------------------------------------    -------------------

                         (clock clk rise edge)        5.500     5.500 r  
    P11                                               0.000     5.500 r  clk (IN)
                         net (fo=0)                   0.000     5.500    clk_IBUF_inst/I
    P11                  INBUF (Prop_INBUF_HPIOB_M_PAD_O)
                                                      0.298     5.798 r  clk_IBUF_inst/INBUF_INST/O
                         net (fo=1, routed)           0.000     5.798    clk_IBUF_inst/OUT
    P11                  IBUFCTRL (Prop_IBUFCTRL_HPIOB_M_I_O)
                                                      0.000     5.798 r  clk_IBUF_inst/IBUFCTRL_INST/O
                         net (fo=1, routed)           0.282     6.080    clk_IBUF
    BUFGCE_X0Y77         BUFGCE (Prop_BUFCE_BUFGCE_I_O)
                                                      0.024     6.104 r  clk_IBUF_BUFG_inst/O
    X3Y3 (CLOCK_ROOT)    net (fo=335, routed)         0.672     6.776    u_baseline/prod_q_reg[2][2]/CLK
    DSP48E2_X17Y82       DSP_OUTPUT                                   r  u_baseline/prod_q_reg[2][2]/DSP_OUTPUT_INST/CLK
                         clock pessimism              0.312     7.088    
                         clock uncertainty           -0.035     7.053    
    DSP48E2_X17Y82       DSP_OUTPUT (Setup_DSP_OUTPUT_DSP48E2_CLK_ALU_OUT[31])
                                                      0.015     7.068    u_baseline/prod_q_reg[2][2]/DSP_OUTPUT_INST
  -------------------------------------------------------------------
                         required time                          7.068    
                         arrival time                          -5.358    
  -------------------------------------------------------------------
                         slack                                  1.710    

Slack (MET) :             1.710ns  (required time - arrival time)
  Source:                 u_baseline/g_lane_mem[2].x2_mem_reg_bram_0/CLKARDCLK
                            (rising edge-triggered cell RAMB18E2 clocked by clk  {rise@0.000ns fall@2.750ns period=5.500ns})
  Destination:            u_baseline/prod_q_reg[2][2]/DSP_OUTPUT_INST/ALU_OUT[32]
                            (rising edge-triggered cell DSP_OUTPUT clocked by clk  {rise@0.000ns fall@2.750ns period=5.500ns})
  Path Group:             clk
  Path Type:              Setup (Max at Slow Process Corner)
  Requirement:            5.500ns  (clk rise@5.500ns - clk rise@0.000ns)
  Data Path Delay:        3.549ns  (logic 2.295ns (64.664%)  route 1.254ns (35.336%))
  Logic Levels:           5  (DSP_A_B_DATA=1 DSP_ALU=1 DSP_M_DATA=1 DSP_MULTIPLIER=1 DSP_PREADD_DATA=1)
  Clock Path Skew:        -0.220ns (DCD - SCD + CPR)
    Destination Clock Delay (DCD):    1.276ns = ( 6.776 - 5.500 ) 
    Source Clock Delay      (SCD):    1.809ns
    Clock Pessimism Removal (CPR):    0.312ns
  Clock Uncertainty:      0.035ns  ((TSJ^2 + TIJ^2)^1/2 + DJ) / 2 + PE
    Total System Jitter     (TSJ):    0.071ns
    Total Input Jitter      (TIJ):    0.000ns
    Discrete Jitter          (DJ):    0.000ns
    Phase Error              (PE):    0.000ns
  Clock Net Delay (Source):      0.913ns (routing 0.001ns, distribution 0.912ns)
  Clock Net Delay (Destination): 0.672ns (routing 0.001ns, distribution 0.671ns)

    Location             Delay type                Incr(ns)  Path(ns)    Netlist Resource(s)
  -------------------------------------------------------------------    -------------------
                         (clock clk rise edge)        0.000     0.000 r  
    P11                                               0.000     0.000 r  clk (IN)
                         net (fo=0)                   0.000     0.000    clk_IBUF_inst/I
    P11                  INBUF (Prop_INBUF_HPIOB_M_PAD_O)
                                                      0.548     0.548 r  clk_IBUF_inst/INBUF_INST/O
                         net (fo=1, routed)           0.000     0.548    clk_IBUF_inst/OUT
    P11                  IBUFCTRL (Prop_IBUFCTRL_HPIOB_M_I_O)
                                                      0.000     0.548 r  clk_IBUF_inst/IBUFCTRL_INST/O
                         net (fo=1, routed)           0.319     0.867    clk_IBUF
    BUFGCE_X0Y77         BUFGCE (Prop_BUFCE_BUFGCE_I_O)
                                                      0.028     0.895 r  clk_IBUF_BUFG_inst/O
    X3Y3 (CLOCK_ROOT)    net (fo=335, routed)         0.913     1.809    u_baseline/clk_IBUF_BUFG
    RAMB18_X11Y82        RAMB18E2                                     r  u_baseline/g_lane_mem[2].x2_mem_reg_bram_0/CLKARDCLK
  -------------------------------------------------------------------    -------------------
    RAMB18_X11Y82        RAMB18E2 (Prop_RAMB18E2_L_RAMB180_CLKARDCLK_DOUTADOUT[7])
                                                      0.890     2.699 f  u_baseline/g_lane_mem[2].x2_mem_reg_bram_0/DOUTADOUT[7]
                         net (fo=23, routed)          1.254     3.953    u_baseline/prod_q_reg[2][2]/A[19]
    DSP48E2_X17Y82       DSP_A_B_DATA (Prop_DSP_A_B_DATA_DSP48E2_A[19]_A2_DATA[19])
                                                      0.192     4.145 r  u_baseline/prod_q_reg[2][2]/DSP_A_B_DATA_INST/A2_DATA[19]
                         net (fo=1, routed)           0.000     4.145    u_baseline/prod_q_reg[2][2]/DSP_A_B_DATA.A2_DATA<19>
    DSP48E2_X17Y82       DSP_PREADD_DATA (Prop_DSP_PREADD_DATA_DSP48E2_A2_DATA[19]_A2A1[19])
                                                      0.076     4.221 r  u_baseline/prod_q_reg[2][2]/DSP_PREADD_DATA_INST/A2A1[19]
                         net (fo=1, routed)           0.000     4.221    u_baseline/prod_q_reg[2][2]/DSP_PREADD_DATA.A2A1<19>
    DSP48E2_X17Y82       DSP_MULTIPLIER (Prop_DSP_MULTIPLIER_DSP48E2_A2A1[19]_U[32])
                                                      0.505     4.726 f  u_baseline/prod_q_reg[2][2]/DSP_MULTIPLIER_INST/U[32]
                         net (fo=1, routed)           0.000     4.726    u_baseline/prod_q_reg[2][2]/DSP_MULTIPLIER.U<32>
    DSP48E2_X17Y82       DSP_M_DATA (Prop_DSP_M_DATA_DSP48E2_U[32]_U_DATA[32])
                                                      0.047     4.773 r  u_baseline/prod_q_reg[2][2]/DSP_M_DATA_INST/U_DATA[32]
                         net (fo=1, routed)           0.000     4.773    u_baseline/prod_q_reg[2][2]/DSP_M_DATA.U_DATA<32>
    DSP48E2_X17Y82       DSP_ALU (Prop_DSP_ALU_DSP48E2_U_DATA[32]_ALU_OUT[32])
                                                      0.585     5.358 r  u_baseline/prod_q_reg[2][2]/DSP_ALU_INST/ALU_OUT[32]
                         net (fo=1, routed)           0.000     5.358    u_baseline/prod_q_reg[2][2]/DSP_ALU.ALU_OUT<32>
    DSP48E2_X17Y82       DSP_OUTPUT                                   r  u_baseline/prod_q_reg[2][2]/DSP_OUTPUT_INST/ALU_OUT[32]
  -------------------------------------------------------------------    -------------------

                         (clock clk rise edge)        5.500     5.500 r  
    P11                                               0.000     5.500 r  clk (IN)
                         net (fo=0)                   0.000     5.500    clk_IBUF_inst/I
    P11                  INBUF (Prop_INBUF_HPIOB_M_PAD_O)
                                                      0.298     5.798 r  clk_IBUF_inst/INBUF_INST/O
                         net (fo=1, routed)           0.000     5.798    clk_IBUF_inst/OUT
    P11                  IBUFCTRL (Prop_IBUFCTRL_HPIOB_M_I_O)
                                                      0.000     5.798 r  clk_IBUF_inst/IBUFCTRL_INST/O
                         net (fo=1, routed)           0.282     6.080    clk_IBUF
    BUFGCE_X0Y77         BUFGCE (Prop_BUFCE_BUFGCE_I_O)
                                                      0.024     6.104 r  clk_IBUF_BUFG_inst/O
    X3Y3 (CLOCK_ROOT)    net (fo=335, routed)         0.672     6.776    u_baseline/prod_q_reg[2][2]/CLK
    DSP48E2_X17Y82       DSP_OUTPUT                                   r  u_baseline/prod_q_reg[2][2]/DSP_OUTPUT_INST/CLK
                         clock pessimism              0.312     7.088    
                         clock uncertainty           -0.035     7.053    
    DSP48E2_X17Y82       DSP_OUTPUT (Setup_DSP_OUTPUT_DSP48E2_CLK_ALU_OUT[32])
                                                      0.015     7.068    u_baseline/prod_q_reg[2][2]/DSP_OUTPUT_INST
  -------------------------------------------------------------------
                         required time                          7.068    
                         arrival time                          -5.358    
  -------------------------------------------------------------------
                         slack                                  1.710    

Slack (MET) :             1.710ns  (required time - arrival time)
  Source:                 u_baseline/g_lane_mem[2].x2_mem_reg_bram_0/CLKARDCLK
                            (rising edge-triggered cell RAMB18E2 clocked by clk  {rise@0.000ns fall@2.750ns period=5.500ns})
  Destination:            u_baseline/prod_q_reg[2][2]/DSP_OUTPUT_INST/ALU_OUT[33]
                            (rising edge-triggered cell DSP_OUTPUT clocked by clk  {rise@0.000ns fall@2.750ns period=5.500ns})
  Path Group:             clk
  Path Type:              Setup (Max at Slow Process Corner)
  Requirement:            5.500ns  (clk rise@5.500ns - clk rise@0.000ns)
  Data Path Delay:        3.549ns  (logic 2.295ns (64.664%)  route 1.254ns (35.336%))
  Logic Levels:           5  (DSP_A_B_DATA=1 DSP_ALU=1 DSP_M_DATA=1 DSP_MULTIPLIER=1 DSP_PREADD_DATA=1)
  Clock Path Skew:        -0.220ns (DCD - SCD + CPR)
    Destination Clock Delay (DCD):    1.276ns = ( 6.776 - 5.500 ) 
    Source Clock Delay      (SCD):    1.809ns
    Clock Pessimism Removal (CPR):    0.312ns
  Clock Uncertainty:      0.035ns  ((TSJ^2 + TIJ^2)^1/2 + DJ) / 2 + PE
    Total System Jitter     (TSJ):    0.071ns
    Total Input Jitter      (TIJ):    0.000ns
    Discrete Jitter          (DJ):    0.000ns
    Phase Error              (PE):    0.000ns
  Clock Net Delay (Source):      0.913ns (routing 0.001ns, distribution 0.912ns)
  Clock Net Delay (Destination): 0.672ns (routing 0.001ns, distribution 0.671ns)

    Location             Delay type                Incr(ns)  Path(ns)    Netlist Resource(s)
  -------------------------------------------------------------------    -------------------
                         (clock clk rise edge)        0.000     0.000 r  
    P11                                               0.000     0.000 r  clk (IN)
                         net (fo=0)                   0.000     0.000    clk_IBUF_inst/I
    P11                  INBUF (Prop_INBUF_HPIOB_M_PAD_O)
                                                      0.548     0.548 r  clk_IBUF_inst/INBUF_INST/O
                         net (fo=1, routed)           0.000     0.548    clk_IBUF_inst/OUT
    P11                  IBUFCTRL (Prop_IBUFCTRL_HPIOB_M_I_O)
                                                      0.000     0.548 r  clk_IBUF_inst/IBUFCTRL_INST/O
                         net (fo=1, routed)           0.319     0.867    clk_IBUF
    BUFGCE_X0Y77         BUFGCE (Prop_BUFCE_BUFGCE_I_O)
                                                      0.028     0.895 r  clk_IBUF_BUFG_inst/O
    X3Y3 (CLOCK_ROOT)    net (fo=335, routed)         0.913     1.809    u_baseline/clk_IBUF_BUFG
    RAMB18_X11Y82        RAMB18E2                                     r  u_baseline/g_lane_mem[2].x2_mem_reg_bram_0/CLKARDCLK
  -------------------------------------------------------------------    -------------------
    RAMB18_X11Y82        RAMB18E2 (Prop_RAMB18E2_L_RAMB180_CLKARDCLK_DOUTADOUT[7])
                                                      0.890     2.699 f  u_baseline/g_lane_mem[2].x2_mem_reg_bram_0/DOUTADOUT[7]
                         net (fo=23, routed)          1.254     3.953    u_baseline/prod_q_reg[2][2]/A[19]
    DSP48E2_X17Y82       DSP_A_B_DATA (Prop_DSP_A_B_DATA_DSP48E2_A[19]_A2_DATA[19])
                                                      0.192     4.145 r  u_baseline/prod_q_reg[2][2]/DSP_A_B_DATA_INST/A2_DATA[19]
                         net (fo=1, routed)           0.000     4.145    u_baseline/prod_q_reg[2][2]/DSP_A_B_DATA.A2_DATA<19>
    DSP48E2_X17Y82       DSP_PREADD_DATA (Prop_DSP_PREADD_DATA_DSP48E2_A2_DATA[19]_A2A1[19])
                                                      0.076     4.221 r  u_baseline/prod_q_reg[2][2]/DSP_PREADD_DATA_INST/A2A1[19]
                         net (fo=1, routed)           0.000     4.221    u_baseline/prod_q_reg[2][2]/DSP_PREADD_DATA.A2A1<19>
    DSP48E2_X17Y82       DSP_MULTIPLIER (Prop_DSP_MULTIPLIER_DSP48E2_A2A1[19]_U[33])
                                                      0.505     4.726 f  u_baseline/prod_q_reg[2][2]/DSP_MULTIPLIER_INST/U[33]
                         net (fo=1, routed)           0.000     4.726    u_baseline/prod_q_reg[2][2]/DSP_MULTIPLIER.U<33>
    DSP48E2_X17Y82       DSP_M_DATA (Prop_DSP_M_DATA_DSP48E2_U[33]_U_DATA[33])
                                                      0.047     4.773 r  u_baseline/prod_q_reg[2][2]/DSP_M_DATA_INST/U_DATA[33]
                         net (fo=1, routed)           0.000     4.773    u_baseline/prod_q_reg[2][2]/DSP_M_DATA.U_DATA<33>
    DSP48E2_X17Y82       DSP_ALU (Prop_DSP_ALU_DSP48E2_U_DATA[33]_ALU_OUT[33])
                                                      0.585     5.358 r  u_baseline/prod_q_reg[2][2]/DSP_ALU_INST/ALU_OUT[33]
                         net (fo=1, routed)           0.000     5.358    u_baseline/prod_q_reg[2][2]/DSP_ALU.ALU_OUT<33>
    DSP48E2_X17Y82       DSP_OUTPUT                                   r  u_baseline/prod_q_reg[2][2]/DSP_OUTPUT_INST/ALU_OUT[33]
  -------------------------------------------------------------------    -------------------

                         (clock clk rise edge)        5.500     5.500 r  
    P11                                               0.000     5.500 r  clk (IN)
                         net (fo=0)                   0.000     5.500    clk_IBUF_inst/I
    P11                  INBUF (Prop_INBUF_HPIOB_M_PAD_O)
                                                      0.298     5.798 r  clk_IBUF_inst/INBUF_INST/O
                         net (fo=1, routed)           0.000     5.798    clk_IBUF_inst/OUT
    P11                  IBUFCTRL (Prop_IBUFCTRL_HPIOB_M_I_O)
                                                      0.000     5.798 r  clk_IBUF_inst/IBUFCTRL_INST/O
                         net (fo=1, routed)           0.282     6.080    clk_IBUF
    BUFGCE_X0Y77         BUFGCE (Prop_BUFCE_BUFGCE_I_O)
                                                      0.024     6.104 r  clk_IBUF_BUFG_inst/O
    X3Y3 (CLOCK_ROOT)    net (fo=335, routed)         0.672     6.776    u_baseline/prod_q_reg[2][2]/CLK
    DSP48E2_X17Y82       DSP_OUTPUT                                   r  u_baseline/prod_q_reg[2][2]/DSP_OUTPUT_INST/CLK
                         clock pessimism              0.312     7.088    
                         clock uncertainty           -0.035     7.053    
    DSP48E2_X17Y82       DSP_OUTPUT (Setup_DSP_OUTPUT_DSP48E2_CLK_ALU_OUT[33])
                                                      0.015     7.068    u_baseline/prod_q_reg[2][2]/DSP_OUTPUT_INST
  -------------------------------------------------------------------
                         required time                          7.068    
                         arrival time                          -5.358    
  -------------------------------------------------------------------
                         slack                                  1.710    

Slack (MET) :             1.710ns  (required time - arrival time)
  Source:                 u_baseline/g_lane_mem[2].x2_mem_reg_bram_0/CLKARDCLK
                            (rising edge-triggered cell RAMB18E2 clocked by clk  {rise@0.000ns fall@2.750ns period=5.500ns})
  Destination:            u_baseline/prod_q_reg[2][2]/DSP_OUTPUT_INST/ALU_OUT[34]
                            (rising edge-triggered cell DSP_OUTPUT clocked by clk  {rise@0.000ns fall@2.750ns period=5.500ns})
  Path Group:             clk
  Path Type:              Setup (Max at Slow Process Corner)
  Requirement:            5.500ns  (clk rise@5.500ns - clk rise@0.000ns)
  Data Path Delay:        3.549ns  (logic 2.295ns (64.664%)  route 1.254ns (35.336%))
  Logic Levels:           5  (DSP_A_B_DATA=1 DSP_ALU=1 DSP_M_DATA=1 DSP_MULTIPLIER=1 DSP_PREADD_DATA=1)
  Clock Path Skew:        -0.220ns (DCD - SCD + CPR)
    Destination Clock Delay (DCD):    1.276ns = ( 6.776 - 5.500 ) 
    Source Clock Delay      (SCD):    1.809ns
    Clock Pessimism Removal (CPR):    0.312ns
  Clock Uncertainty:      0.035ns  ((TSJ^2 + TIJ^2)^1/2 + DJ) / 2 + PE
    Total System Jitter     (TSJ):    0.071ns
    Total Input Jitter      (TIJ):    0.000ns
    Discrete Jitter          (DJ):    0.000ns
    Phase Error              (PE):    0.000ns
  Clock Net Delay (Source):      0.913ns (routing 0.001ns, distribution 0.912ns)
  Clock Net Delay (Destination): 0.672ns (routing 0.001ns, distribution 0.671ns)

    Location             Delay type                Incr(ns)  Path(ns)    Netlist Resource(s)
  -------------------------------------------------------------------    -------------------
                         (clock clk rise edge)        0.000     0.000 r  
    P11                                               0.000     0.000 r  clk (IN)
                         net (fo=0)                   0.000     0.000    clk_IBUF_inst/I
    P11                  INBUF (Prop_INBUF_HPIOB_M_PAD_O)
                                                      0.548     0.548 r  clk_IBUF_inst/INBUF_INST/O
                         net (fo=1, routed)           0.000     0.548    clk_IBUF_inst/OUT
    P11                  IBUFCTRL (Prop_IBUFCTRL_HPIOB_M_I_O)
                                                      0.000     0.548 r  clk_IBUF_inst/IBUFCTRL_INST/O
                         net (fo=1, routed)           0.319     0.867    clk_IBUF
    BUFGCE_X0Y77         BUFGCE (Prop_BUFCE_BUFGCE_I_O)
                                                      0.028     0.895 r  clk_IBUF_BUFG_inst/O
    X3Y3 (CLOCK_ROOT)    net (fo=335, routed)         0.913     1.809    u_baseline/clk_IBUF_BUFG
    RAMB18_X11Y82        RAMB18E2                                     r  u_baseline/g_lane_mem[2].x2_mem_reg_bram_0/CLKARDCLK
  -------------------------------------------------------------------    -------------------
    RAMB18_X11Y82        RAMB18E2 (Prop_RAMB18E2_L_RAMB180_CLKARDCLK_DOUTADOUT[7])
                                                      0.890     2.699 f  u_baseline/g_lane_mem[2].x2_mem_reg_bram_0/DOUTADOUT[7]
                         net (fo=23, routed)          1.254     3.953    u_baseline/prod_q_reg[2][2]/A[19]
    DSP48E2_X17Y82       DSP_A_B_DATA (Prop_DSP_A_B_DATA_DSP48E2_A[19]_A2_DATA[19])
                                                      0.192     4.145 r  u_baseline/prod_q_reg[2][2]/DSP_A_B_DATA_INST/A2_DATA[19]
                         net (fo=1, routed)           0.000     4.145    u_baseline/prod_q_reg[2][2]/DSP_A_B_DATA.A2_DATA<19>
    DSP48E2_X17Y82       DSP_PREADD_DATA (Prop_DSP_PREADD_DATA_DSP48E2_A2_DATA[19]_A2A1[19])
                                                      0.076     4.221 r  u_baseline/prod_q_reg[2][2]/DSP_PREADD_DATA_INST/A2A1[19]
                         net (fo=1, routed)           0.000     4.221    u_baseline/prod_q_reg[2][2]/DSP_PREADD_DATA.A2A1<19>
    DSP48E2_X17Y82       DSP_MULTIPLIER (Prop_DSP_MULTIPLIER_DSP48E2_A2A1[19]_U[34])
                                                      0.505     4.726 f  u_baseline/prod_q_reg[2][2]/DSP_MULTIPLIER_INST/U[34]
                         net (fo=1, routed)           0.000     4.726    u_baseline/prod_q_reg[2][2]/DSP_MULTIPLIER.U<34>
    DSP48E2_X17Y82       DSP_M_DATA (Prop_DSP_M_DATA_DSP48E2_U[34]_U_DATA[34])
                                                      0.047     4.773 r  u_baseline/prod_q_reg[2][2]/DSP_M_DATA_INST/U_DATA[34]
                         net (fo=1, routed)           0.000     4.773    u_baseline/prod_q_reg[2][2]/DSP_M_DATA.U_DATA<34>
    DSP48E2_X17Y82       DSP_ALU (Prop_DSP_ALU_DSP48E2_U_DATA[34]_ALU_OUT[34])
                                                      0.585     5.358 r  u_baseline/prod_q_reg[2][2]/DSP_ALU_INST/ALU_OUT[34]
                         net (fo=1, routed)           0.000     5.358    u_baseline/prod_q_reg[2][2]/DSP_ALU.ALU_OUT<34>
    DSP48E2_X17Y82       DSP_OUTPUT                                   r  u_baseline/prod_q_reg[2][2]/DSP_OUTPUT_INST/ALU_OUT[34]
  -------------------------------------------------------------------    -------------------

                         (clock clk rise edge)        5.500     5.500 r  
    P11                                               0.000     5.500 r  clk (IN)
                         net (fo=0)                   0.000     5.500    clk_IBUF_inst/I
    P11                  INBUF (Prop_INBUF_HPIOB_M_PAD_O)
                                                      0.298     5.798 r  clk_IBUF_inst/INBUF_INST/O
                         net (fo=1, routed)           0.000     5.798    clk_IBUF_inst/OUT
    P11                  IBUFCTRL (Prop_IBUFCTRL_HPIOB_M_I_O)
                                                      0.000     5.798 r  clk_IBUF_inst/IBUFCTRL_INST/O
                         net (fo=1, routed)           0.282     6.080    clk_IBUF
    BUFGCE_X0Y77         BUFGCE (Prop_BUFCE_BUFGCE_I_O)
                                                      0.024     6.104 r  clk_IBUF_BUFG_inst/O
    X3Y3 (CLOCK_ROOT)    net (fo=335, routed)         0.672     6.776    u_baseline/prod_q_reg[2][2]/CLK
    DSP48E2_X17Y82       DSP_OUTPUT                                   r  u_baseline/prod_q_reg[2][2]/DSP_OUTPUT_INST/CLK
                         clock pessimism              0.312     7.088    
                         clock uncertainty           -0.035     7.053    
    DSP48E2_X17Y82       DSP_OUTPUT (Setup_DSP_OUTPUT_DSP48E2_CLK_ALU_OUT[34])
                                                      0.015     7.068    u_baseline/prod_q_reg[2][2]/DSP_OUTPUT_INST
  -------------------------------------------------------------------
                         required time                          7.068    
                         arrival time                          -5.358    
  -------------------------------------------------------------------
                         slack                                  1.710    

Slack (MET) :             1.710ns  (required time - arrival time)
  Source:                 u_baseline/g_lane_mem[2].x2_mem_reg_bram_0/CLKARDCLK
                            (rising edge-triggered cell RAMB18E2 clocked by clk  {rise@0.000ns fall@2.750ns period=5.500ns})
  Destination:            u_baseline/prod_q_reg[2][2]/DSP_OUTPUT_INST/ALU_OUT[35]
                            (rising edge-triggered cell DSP_OUTPUT clocked by clk  {rise@0.000ns fall@2.750ns period=5.500ns})
  Path Group:             clk
  Path Type:              Setup (Max at Slow Process Corner)
  Requirement:            5.500ns  (clk rise@5.500ns - clk rise@0.000ns)
  Data Path Delay:        3.549ns  (logic 2.295ns (64.664%)  route 1.254ns (35.336%))
  Logic Levels:           5  (DSP_A_B_DATA=1 DSP_ALU=1 DSP_M_DATA=1 DSP_MULTIPLIER=1 DSP_PREADD_DATA=1)
  Clock Path Skew:        -0.220ns (DCD - SCD + CPR)
    Destination Clock Delay (DCD):    1.276ns = ( 6.776 - 5.500 ) 
    Source Clock Delay      (SCD):    1.809ns
    Clock Pessimism Removal (CPR):    0.312ns
  Clock Uncertainty:      0.035ns  ((TSJ^2 + TIJ^2)^1/2 + DJ) / 2 + PE
    Total System Jitter     (TSJ):    0.071ns
    Total Input Jitter      (TIJ):    0.000ns
    Discrete Jitter          (DJ):    0.000ns
    Phase Error              (PE):    0.000ns
  Clock Net Delay (Source):      0.913ns (routing 0.001ns, distribution 0.912ns)
  Clock Net Delay (Destination): 0.672ns (routing 0.001ns, distribution 0.671ns)

    Location             Delay type                Incr(ns)  Path(ns)    Netlist Resource(s)
  -------------------------------------------------------------------    -------------------
                         (clock clk rise edge)        0.000     0.000 r  
    P11                                               0.000     0.000 r  clk (IN)
                         net (fo=0)                   0.000     0.000    clk_IBUF_inst/I
    P11                  INBUF (Prop_INBUF_HPIOB_M_PAD_O)
                                                      0.548     0.548 r  clk_IBUF_inst/INBUF_INST/O
                         net (fo=1, routed)           0.000     0.548    clk_IBUF_inst/OUT
    P11                  IBUFCTRL (Prop_IBUFCTRL_HPIOB_M_I_O)
                                                      0.000     0.548 r  clk_IBUF_inst/IBUFCTRL_INST/O
                         net (fo=1, routed)           0.319     0.867    clk_IBUF
    BUFGCE_X0Y77         BUFGCE (Prop_BUFCE_BUFGCE_I_O)
                                                      0.028     0.895 r  clk_IBUF_BUFG_inst/O
    X3Y3 (CLOCK_ROOT)    net (fo=335, routed)         0.913     1.809    u_baseline/clk_IBUF_BUFG
    RAMB18_X11Y82        RAMB18E2                                     r  u_baseline/g_lane_mem[2].x2_mem_reg_bram_0/CLKARDCLK
  -------------------------------------------------------------------    -------------------
    RAMB18_X11Y82        RAMB18E2 (Prop_RAMB18E2_L_RAMB180_CLKARDCLK_DOUTADOUT[7])
                                                      0.890     2.699 f  u_baseline/g_lane_mem[2].x2_mem_reg_bram_0/DOUTADOUT[7]
                         net (fo=23, routed)          1.254     3.953    u_baseline/prod_q_reg[2][2]/A[19]
    DSP48E2_X17Y82       DSP_A_B_DATA (Prop_DSP_A_B_DATA_DSP48E2_A[19]_A2_DATA[19])
                                                      0.192     4.145 r  u_baseline/prod_q_reg[2][2]/DSP_A_B_DATA_INST/A2_DATA[19]
                         net (fo=1, routed)           0.000     4.145    u_baseline/prod_q_reg[2][2]/DSP_A_B_DATA.A2_DATA<19>
    DSP48E2_X17Y82       DSP_PREADD_DATA (Prop_DSP_PREADD_DATA_DSP48E2_A2_DATA[19]_A2A1[19])
                                                      0.076     4.221 r  u_baseline/prod_q_reg[2][2]/DSP_PREADD_DATA_INST/A2A1[19]
                         net (fo=1, routed)           0.000     4.221    u_baseline/prod_q_reg[2][2]/DSP_PREADD_DATA.A2A1<19>
    DSP48E2_X17Y82       DSP_MULTIPLIER (Prop_DSP_MULTIPLIER_DSP48E2_A2A1[19]_U[35])
                                                      0.505     4.726 f  u_baseline/prod_q_reg[2][2]/DSP_MULTIPLIER_INST/U[35]
                         net (fo=1, routed)           0.000     4.726    u_baseline/prod_q_reg[2][2]/DSP_MULTIPLIER.U<35>
    DSP48E2_X17Y82       DSP_M_DATA (Prop_DSP_M_DATA_DSP48E2_U[35]_U_DATA[35])
                                                      0.047     4.773 r  u_baseline/prod_q_reg[2][2]/DSP_M_DATA_INST/U_DATA[35]
                         net (fo=1, routed)           0.000     4.773    u_baseline/prod_q_reg[2][2]/DSP_M_DATA.U_DATA<35>
    DSP48E2_X17Y82       DSP_ALU (Prop_DSP_ALU_DSP48E2_U_DATA[35]_ALU_OUT[35])
                                                      0.585     5.358 r  u_baseline/prod_q_reg[2][2]/DSP_ALU_INST/ALU_OUT[35]
                         net (fo=1, routed)           0.000     5.358    u_baseline/prod_q_reg[2][2]/DSP_ALU.ALU_OUT<35>
    DSP48E2_X17Y82       DSP_OUTPUT                                   r  u_baseline/prod_q_reg[2][2]/DSP_OUTPUT_INST/ALU_OUT[35]
  -------------------------------------------------------------------    -------------------

                         (clock clk rise edge)        5.500     5.500 r  
    P11                                               0.000     5.500 r  clk (IN)
                         net (fo=0)                   0.000     5.500    clk_IBUF_inst/I
    P11                  INBUF (Prop_INBUF_HPIOB_M_PAD_O)
                                                      0.298     5.798 r  clk_IBUF_inst/INBUF_INST/O
                         net (fo=1, routed)           0.000     5.798    clk_IBUF_inst/OUT
    P11                  IBUFCTRL (Prop_IBUFCTRL_HPIOB_M_I_O)
                                                      0.000     5.798 r  clk_IBUF_inst/IBUFCTRL_INST/O
                         net (fo=1, routed)           0.282     6.080    clk_IBUF
    BUFGCE_X0Y77         BUFGCE (Prop_BUFCE_BUFGCE_I_O)
                                                      0.024     6.104 r  clk_IBUF_BUFG_inst/O
    X3Y3 (CLOCK_ROOT)    net (fo=335, routed)         0.672     6.776    u_baseline/prod_q_reg[2][2]/CLK
    DSP48E2_X17Y82       DSP_OUTPUT                                   r  u_baseline/prod_q_reg[2][2]/DSP_OUTPUT_INST/CLK
                         clock pessimism              0.312     7.088    
                         clock uncertainty           -0.035     7.053    
    DSP48E2_X17Y82       DSP_OUTPUT (Setup_DSP_OUTPUT_DSP48E2_CLK_ALU_OUT[35])
                                                      0.015     7.068    u_baseline/prod_q_reg[2][2]/DSP_OUTPUT_INST
  -------------------------------------------------------------------
                         required time                          7.068    
                         arrival time                          -5.358    
  -------------------------------------------------------------------
                         slack                                  1.710    

Slack (MET) :             1.710ns  (required time - arrival time)
  Source:                 u_baseline/g_lane_mem[2].x2_mem_reg_bram_0/CLKARDCLK
                            (rising edge-triggered cell RAMB18E2 clocked by clk  {rise@0.000ns fall@2.750ns period=5.500ns})
  Destination:            u_baseline/prod_q_reg[2][2]/DSP_OUTPUT_INST/ALU_OUT[36]
                            (rising edge-triggered cell DSP_OUTPUT clocked by clk  {rise@0.000ns fall@2.750ns period=5.500ns})
  Path Group:             clk
  Path Type:              Setup (Max at Slow Process Corner)
  Requirement:            5.500ns  (clk rise@5.500ns - clk rise@0.000ns)
  Data Path Delay:        3.549ns  (logic 2.295ns (64.664%)  route 1.254ns (35.336%))
  Logic Levels:           5  (DSP_A_B_DATA=1 DSP_ALU=1 DSP_M_DATA=1 DSP_MULTIPLIER=1 DSP_PREADD_DATA=1)
  Clock Path Skew:        -0.220ns (DCD - SCD + CPR)
    Destination Clock Delay (DCD):    1.276ns = ( 6.776 - 5.500 ) 
    Source Clock Delay      (SCD):    1.809ns
    Clock Pessimism Removal (CPR):    0.312ns
  Clock Uncertainty:      0.035ns  ((TSJ^2 + TIJ^2)^1/2 + DJ) / 2 + PE
    Total System Jitter     (TSJ):    0.071ns
    Total Input Jitter      (TIJ):    0.000ns
    Discrete Jitter          (DJ):    0.000ns
    Phase Error              (PE):    0.000ns
  Clock Net Delay (Source):      0.913ns (routing 0.001ns, distribution 0.912ns)
  Clock Net Delay (Destination): 0.672ns (routing 0.001ns, distribution 0.671ns)

    Location             Delay type                Incr(ns)  Path(ns)    Netlist Resource(s)
  -------------------------------------------------------------------    -------------------
                         (clock clk rise edge)        0.000     0.000 r  
    P11                                               0.000     0.000 r  clk (IN)
                         net (fo=0)                   0.000     0.000    clk_IBUF_inst/I
    P11                  INBUF (Prop_INBUF_HPIOB_M_PAD_O)
                                                      0.548     0.548 r  clk_IBUF_inst/INBUF_INST/O
                         net (fo=1, routed)           0.000     0.548    clk_IBUF_inst/OUT
    P11                  IBUFCTRL (Prop_IBUFCTRL_HPIOB_M_I_O)
                                                      0.000     0.548 r  clk_IBUF_inst/IBUFCTRL_INST/O
                         net (fo=1, routed)           0.319     0.867    clk_IBUF
    BUFGCE_X0Y77         BUFGCE (Prop_BUFCE_BUFGCE_I_O)
                                                      0.028     0.895 r  clk_IBUF_BUFG_inst/O
    X3Y3 (CLOCK_ROOT)    net (fo=335, routed)         0.913     1.809    u_baseline/clk_IBUF_BUFG
    RAMB18_X11Y82        RAMB18E2                                     r  u_baseline/g_lane_mem[2].x2_mem_reg_bram_0/CLKARDCLK
  -------------------------------------------------------------------    -------------------
    RAMB18_X11Y82        RAMB18E2 (Prop_RAMB18E2_L_RAMB180_CLKARDCLK_DOUTADOUT[7])
                                                      0.890     2.699 f  u_baseline/g_lane_mem[2].x2_mem_reg_bram_0/DOUTADOUT[7]
                         net (fo=23, routed)          1.254     3.953    u_baseline/prod_q_reg[2][2]/A[19]
    DSP48E2_X17Y82       DSP_A_B_DATA (Prop_DSP_A_B_DATA_DSP48E2_A[19]_A2_DATA[19])
                                                      0.192     4.145 r  u_baseline/prod_q_reg[2][2]/DSP_A_B_DATA_INST/A2_DATA[19]
                         net (fo=1, routed)           0.000     4.145    u_baseline/prod_q_reg[2][2]/DSP_A_B_DATA.A2_DATA<19>
    DSP48E2_X17Y82       DSP_PREADD_DATA (Prop_DSP_PREADD_DATA_DSP48E2_A2_DATA[19]_A2A1[19])
                                                      0.076     4.221 r  u_baseline/prod_q_reg[2][2]/DSP_PREADD_DATA_INST/A2A1[19]
                         net (fo=1, routed)           0.000     4.221    u_baseline/prod_q_reg[2][2]/DSP_PREADD_DATA.A2A1<19>
    DSP48E2_X17Y82       DSP_MULTIPLIER (Prop_DSP_MULTIPLIER_DSP48E2_A2A1[19]_U[36])
                                                      0.505     4.726 f  u_baseline/prod_q_reg[2][2]/DSP_MULTIPLIER_INST/U[36]
                         net (fo=1, routed)           0.000     4.726    u_baseline/prod_q_reg[2][2]/DSP_MULTIPLIER.U<36>
    DSP48E2_X17Y82       DSP_M_DATA (Prop_DSP_M_DATA_DSP48E2_U[36]_U_DATA[36])
                                                      0.047     4.773 r  u_baseline/prod_q_reg[2][2]/DSP_M_DATA_INST/U_DATA[36]
                         net (fo=1, routed)           0.000     4.773    u_baseline/prod_q_reg[2][2]/DSP_M_DATA.U_DATA<36>
    DSP48E2_X17Y82       DSP_ALU (Prop_DSP_ALU_DSP48E2_U_DATA[36]_ALU_OUT[36])
                                                      0.585     5.358 r  u_baseline/prod_q_reg[2][2]/DSP_ALU_INST/ALU_OUT[36]
                         net (fo=1, routed)           0.000     5.358    u_baseline/prod_q_reg[2][2]/DSP_ALU.ALU_OUT<36>
    DSP48E2_X17Y82       DSP_OUTPUT                                   r  u_baseline/prod_q_reg[2][2]/DSP_OUTPUT_INST/ALU_OUT[36]
  -------------------------------------------------------------------    -------------------

                         (clock clk rise edge)        5.500     5.500 r  
    P11                                               0.000     5.500 r  clk (IN)
                         net (fo=0)                   0.000     5.500    clk_IBUF_inst/I
    P11                  INBUF (Prop_INBUF_HPIOB_M_PAD_O)
                                                      0.298     5.798 r  clk_IBUF_inst/INBUF_INST/O
                         net (fo=1, routed)           0.000     5.798    clk_IBUF_inst/OUT
    P11                  IBUFCTRL (Prop_IBUFCTRL_HPIOB_M_I_O)
                                                      0.000     5.798 r  clk_IBUF_inst/IBUFCTRL_INST/O
                         net (fo=1, routed)           0.282     6.080    clk_IBUF
    BUFGCE_X0Y77         BUFGCE (Prop_BUFCE_BUFGCE_I_O)
                                                      0.024     6.104 r  clk_IBUF_BUFG_inst/O
    X3Y3 (CLOCK_ROOT)    net (fo=335, routed)         0.672     6.776    u_baseline/prod_q_reg[2][2]/CLK
    DSP48E2_X17Y82       DSP_OUTPUT                                   r  u_baseline/prod_q_reg[2][2]/DSP_OUTPUT_INST/CLK
                         clock pessimism              0.312     7.088    
                         clock uncertainty           -0.035     7.053    
    DSP48E2_X17Y82       DSP_OUTPUT (Setup_DSP_OUTPUT_DSP48E2_CLK_ALU_OUT[36])
                                                      0.015     7.068    u_baseline/prod_q_reg[2][2]/DSP_OUTPUT_INST
  -------------------------------------------------------------------
                         required time                          7.068    
                         arrival time                          -5.358    
  -------------------------------------------------------------------
                         slack                                  1.710    

Slack (MET) :             1.710ns  (required time - arrival time)
  Source:                 u_baseline/g_lane_mem[2].x2_mem_reg_bram_0/CLKARDCLK
                            (rising edge-triggered cell RAMB18E2 clocked by clk  {rise@0.000ns fall@2.750ns period=5.500ns})
  Destination:            u_baseline/prod_q_reg[2][2]/DSP_OUTPUT_INST/ALU_OUT[37]
                            (rising edge-triggered cell DSP_OUTPUT clocked by clk  {rise@0.000ns fall@2.750ns period=5.500ns})
  Path Group:             clk
  Path Type:              Setup (Max at Slow Process Corner)
  Requirement:            5.500ns  (clk rise@5.500ns - clk rise@0.000ns)
  Data Path Delay:        3.549ns  (logic 2.295ns (64.664%)  route 1.254ns (35.336%))
  Logic Levels:           5  (DSP_A_B_DATA=1 DSP_ALU=1 DSP_M_DATA=1 DSP_MULTIPLIER=1 DSP_PREADD_DATA=1)
  Clock Path Skew:        -0.220ns (DCD - SCD + CPR)
    Destination Clock Delay (DCD):    1.276ns = ( 6.776 - 5.500 ) 
    Source Clock Delay      (SCD):    1.809ns
    Clock Pessimism Removal (CPR):    0.312ns
  Clock Uncertainty:      0.035ns  ((TSJ^2 + TIJ^2)^1/2 + DJ) / 2 + PE
    Total System Jitter     (TSJ):    0.071ns
    Total Input Jitter      (TIJ):    0.000ns
    Discrete Jitter          (DJ):    0.000ns
    Phase Error              (PE):    0.000ns
  Clock Net Delay (Source):      0.913ns (routing 0.001ns, distribution 0.912ns)
  Clock Net Delay (Destination): 0.672ns (routing 0.001ns, distribution 0.671ns)

    Location             Delay type                Incr(ns)  Path(ns)    Netlist Resource(s)
  -------------------------------------------------------------------    -------------------
                         (clock clk rise edge)        0.000     0.000 r  
    P11                                               0.000     0.000 r  clk (IN)
                         net (fo=0)                   0.000     0.000    clk_IBUF_inst/I
    P11                  INBUF (Prop_INBUF_HPIOB_M_PAD_O)
                                                      0.548     0.548 r  clk_IBUF_inst/INBUF_INST/O
                         net (fo=1, routed)           0.000     0.548    clk_IBUF_inst/OUT
    P11                  IBUFCTRL (Prop_IBUFCTRL_HPIOB_M_I_O)
                                                      0.000     0.548 r  clk_IBUF_inst/IBUFCTRL_INST/O
                         net (fo=1, routed)           0.319     0.867    clk_IBUF
    BUFGCE_X0Y77         BUFGCE (Prop_BUFCE_BUFGCE_I_O)
                                                      0.028     0.895 r  clk_IBUF_BUFG_inst/O
    X3Y3 (CLOCK_ROOT)    net (fo=335, routed)         0.913     1.809    u_baseline/clk_IBUF_BUFG
    RAMB18_X11Y82        RAMB18E2                                     r  u_baseline/g_lane_mem[2].x2_mem_reg_bram_0/CLKARDCLK
  -------------------------------------------------------------------    -------------------
    RAMB18_X11Y82        RAMB18E2 (Prop_RAMB18E2_L_RAMB180_CLKARDCLK_DOUTADOUT[7])
                                                      0.890     2.699 f  u_baseline/g_lane_mem[2].x2_mem_reg_bram_0/DOUTADOUT[7]
                         net (fo=23, routed)          1.254     3.953    u_baseline/prod_q_reg[2][2]/A[19]
    DSP48E2_X17Y82       DSP_A_B_DATA (Prop_DSP_A_B_DATA_DSP48E2_A[19]_A2_DATA[19])
                                                      0.192     4.145 r  u_baseline/prod_q_reg[2][2]/DSP_A_B_DATA_INST/A2_DATA[19]
                         net (fo=1, routed)           0.000     4.145    u_baseline/prod_q_reg[2][2]/DSP_A_B_DATA.A2_DATA<19>
    DSP48E2_X17Y82       DSP_PREADD_DATA (Prop_DSP_PREADD_DATA_DSP48E2_A2_DATA[19]_A2A1[19])
                                                      0.076     4.221 r  u_baseline/prod_q_reg[2][2]/DSP_PREADD_DATA_INST/A2A1[19]
                         net (fo=1, routed)           0.000     4.221    u_baseline/prod_q_reg[2][2]/DSP_PREADD_DATA.A2A1<19>
    DSP48E2_X17Y82       DSP_MULTIPLIER (Prop_DSP_MULTIPLIER_DSP48E2_A2A1[19]_U[37])
                                                      0.505     4.726 f  u_baseline/prod_q_reg[2][2]/DSP_MULTIPLIER_INST/U[37]
                         net (fo=1, routed)           0.000     4.726    u_baseline/prod_q_reg[2][2]/DSP_MULTIPLIER.U<37>
    DSP48E2_X17Y82       DSP_M_DATA (Prop_DSP_M_DATA_DSP48E2_U[37]_U_DATA[37])
                                                      0.047     4.773 r  u_baseline/prod_q_reg[2][2]/DSP_M_DATA_INST/U_DATA[37]
                         net (fo=1, routed)           0.000     4.773    u_baseline/prod_q_reg[2][2]/DSP_M_DATA.U_DATA<37>
    DSP48E2_X17Y82       DSP_ALU (Prop_DSP_ALU_DSP48E2_U_DATA[37]_ALU_OUT[37])
                                                      0.585     5.358 r  u_baseline/prod_q_reg[2][2]/DSP_ALU_INST/ALU_OUT[37]
                         net (fo=1, routed)           0.000     5.358    u_baseline/prod_q_reg[2][2]/DSP_ALU.ALU_OUT<37>
    DSP48E2_X17Y82       DSP_OUTPUT                                   r  u_baseline/prod_q_reg[2][2]/DSP_OUTPUT_INST/ALU_OUT[37]
  -------------------------------------------------------------------    -------------------

                         (clock clk rise edge)        5.500     5.500 r  
    P11                                               0.000     5.500 r  clk (IN)
                         net (fo=0)                   0.000     5.500    clk_IBUF_inst/I
    P11                  INBUF (Prop_INBUF_HPIOB_M_PAD_O)
                                                      0.298     5.798 r  clk_IBUF_inst/INBUF_INST/O
                         net (fo=1, routed)           0.000     5.798    clk_IBUF_inst/OUT
    P11                  IBUFCTRL (Prop_IBUFCTRL_HPIOB_M_I_O)
                                                      0.000     5.798 r  clk_IBUF_inst/IBUFCTRL_INST/O
                         net (fo=1, routed)           0.282     6.080    clk_IBUF
    BUFGCE_X0Y77         BUFGCE (Prop_BUFCE_BUFGCE_I_O)
                                                      0.024     6.104 r  clk_IBUF_BUFG_inst/O
    X3Y3 (CLOCK_ROOT)    net (fo=335, routed)         0.672     6.776    u_baseline/prod_q_reg[2][2]/CLK
    DSP48E2_X17Y82       DSP_OUTPUT                                   r  u_baseline/prod_q_reg[2][2]/DSP_OUTPUT_INST/CLK
                         clock pessimism              0.312     7.088    
                         clock uncertainty           -0.035     7.053    
    DSP48E2_X17Y82       DSP_OUTPUT (Setup_DSP_OUTPUT_DSP48E2_CLK_ALU_OUT[37])
                                                      0.015     7.068    u_baseline/prod_q_reg[2][2]/DSP_OUTPUT_INST
  -------------------------------------------------------------------
                         required time                          7.068    
                         arrival time                          -5.358    
  -------------------------------------------------------------------
                         slack                                  1.710    





Min Delay Paths
--------------------------------------------------------------------------------------
Slack (MET) :             0.054ns  (arrival time - required time)
  Source:                 u_baseline/rd_lane_valid_q_reg[0]/C
                            (rising edge-triggered cell FDRE clocked by clk  {rise@0.000ns fall@2.750ns period=5.500ns})
  Destination:            u_baseline/mul_lane_valid_q_reg[0]/D
                            (rising edge-triggered cell FDRE clocked by clk  {rise@0.000ns fall@2.750ns period=5.500ns})
  Path Group:             clk
  Path Type:              Hold (Min at Fast Process Corner)
  Requirement:            0.000ns  (clk rise@0.000ns - clk rise@0.000ns)
  Data Path Delay:        0.114ns  (logic 0.038ns (33.333%)  route 0.076ns (66.667%))
  Logic Levels:           0  
  Clock Path Skew:        0.014ns (DCD - SCD - CPR)
    Destination Clock Delay (DCD):    1.064ns
    Source Clock Delay      (SCD):    0.781ns
    Clock Pessimism Removal (CPR):    0.270ns
  Clock Net Delay (Source):      0.432ns (routing 0.000ns, distribution 0.432ns)
  Clock Net Delay (Destination): 0.488ns (routing 0.001ns, distribution 0.487ns)

    Location             Delay type                Incr(ns)  Path(ns)    Netlist Resource(s)
  -------------------------------------------------------------------    -------------------
                         (clock clk rise edge)        0.000     0.000 r  
    P11                                               0.000     0.000 r  clk (IN)
                         net (fo=0)                   0.000     0.000    clk_IBUF_inst/I
    P11                  INBUF (Prop_INBUF_HPIOB_M_PAD_O)
                                                      0.183     0.183 r  clk_IBUF_inst/INBUF_INST/O
                         net (fo=1, routed)           0.000     0.183    clk_IBUF_inst/OUT
    P11                  IBUFCTRL (Prop_IBUFCTRL_HPIOB_M_I_O)
                                                      0.000     0.183 r  clk_IBUF_inst/IBUFCTRL_INST/O
                         net (fo=1, routed)           0.149     0.332    clk_IBUF
    BUFGCE_X0Y77         BUFGCE (Prop_BUFCE_BUFGCE_I_O)
                                                      0.017     0.349 r  clk_IBUF_BUFG_inst/O
    X3Y3 (CLOCK_ROOT)    net (fo=335, routed)         0.432     0.781    u_baseline/clk_IBUF_BUFG
    SLICE_X90Y220        FDRE                                         r  u_baseline/rd_lane_valid_q_reg[0]/C
  -------------------------------------------------------------------    -------------------
    SLICE_X90Y220        FDRE (Prop_AFF_SLICEM_C_Q)
                                                      0.038     0.819 r  u_baseline/rd_lane_valid_q_reg[0]/Q
                         net (fo=1, routed)           0.076     0.895    u_baseline/rd_lane_valid_q[0]
    SLICE_X90Y221        FDRE                                         r  u_baseline/mul_lane_valid_q_reg[0]/D
  -------------------------------------------------------------------    -------------------

                         (clock clk rise edge)        0.000     0.000 r  
    P11                                               0.000     0.000 r  clk (IN)
                         net (fo=0)                   0.000     0.000    clk_IBUF_inst/I
    P11                  INBUF (Prop_INBUF_HPIOB_M_PAD_O)
                                                      0.368     0.368 r  clk_IBUF_inst/INBUF_INST/O
                         net (fo=1, routed)           0.000     0.368    clk_IBUF_inst/OUT
    P11                  IBUFCTRL (Prop_IBUFCTRL_HPIOB_M_I_O)
                                                      0.000     0.368 r  clk_IBUF_inst/IBUFCTRL_INST/O
                         net (fo=1, routed)           0.189     0.557    clk_IBUF
    BUFGCE_X0Y77         BUFGCE (Prop_BUFCE_BUFGCE_I_O)
                                                      0.019     0.576 r  clk_IBUF_BUFG_inst/O
    X3Y3 (CLOCK_ROOT)    net (fo=335, routed)         0.488     1.064    u_baseline/clk_IBUF_BUFG
    SLICE_X90Y221        FDRE                                         r  u_baseline/mul_lane_valid_q_reg[0]/C
                         clock pessimism             -0.270     0.794    
    SLICE_X90Y221        FDRE (Hold_EFF_SLICEM_C_D)
                                                      0.046     0.840    u_baseline/mul_lane_valid_q_reg[0]
  -------------------------------------------------------------------
                         required time                         -0.840    
                         arrival time                           0.895    
  -------------------------------------------------------------------
                         slack                                  0.054    

Slack (MET) :             0.055ns  (arrival time - required time)
  Source:                 u_baseline/acc_q_reg[3]/C
                            (rising edge-triggered cell FDRE clocked by clk  {rise@0.000ns fall@2.750ns period=5.500ns})
  Destination:            u_baseline/out_data_reg[3]/D
                            (rising edge-triggered cell FDRE clocked by clk  {rise@0.000ns fall@2.750ns period=5.500ns})
  Path Group:             clk
  Path Type:              Hold (Min at Slow Process Corner)
  Requirement:            0.000ns  (clk rise@0.000ns - clk rise@0.000ns)
  Data Path Delay:        0.188ns  (logic 0.059ns (31.395%)  route 0.129ns (68.605%))
  Logic Levels:           0  
  Clock Path Skew:        0.073ns (DCD - SCD - CPR)
    Destination Clock Delay (DCD):    1.657ns
    Source Clock Delay      (SCD):    1.275ns
    Clock Pessimism Removal (CPR):    0.310ns
  Clock Net Delay (Source):      0.671ns (routing 0.001ns, distribution 0.670ns)
  Clock Net Delay (Destination): 0.762ns (routing 0.001ns, distribution 0.761ns)

    Location             Delay type                Incr(ns)  Path(ns)    Netlist Resource(s)
  -------------------------------------------------------------------    -------------------
                         (clock clk rise edge)        0.000     0.000 r  
    P11                                               0.000     0.000 r  clk (IN)
                         net (fo=0)                   0.000     0.000    clk_IBUF_inst/I
    P11                  INBUF (Prop_INBUF_HPIOB_M_PAD_O)
                                                      0.298     0.298 r  clk_IBUF_inst/INBUF_INST/O
                         net (fo=1, routed)           0.000     0.298    clk_IBUF_inst/OUT
    P11                  IBUFCTRL (Prop_IBUFCTRL_HPIOB_M_I_O)
                                                      0.000     0.298 r  clk_IBUF_inst/IBUFCTRL_INST/O
                         net (fo=1, routed)           0.282     0.580    clk_IBUF
    BUFGCE_X0Y77         BUFGCE (Prop_BUFCE_BUFGCE_I_O)
                                                      0.024     0.604 r  clk_IBUF_BUFG_inst/O
    X3Y3 (CLOCK_ROOT)    net (fo=335, routed)         0.671     1.275    u_baseline/clk_IBUF_BUFG
    SLICE_X89Y218        FDRE                                         r  u_baseline/acc_q_reg[3]/C
  -------------------------------------------------------------------    -------------------
    SLICE_X89Y218        FDRE (Prop_DFF_SLICEL_C_Q)
                                                      0.059     1.334 r  u_baseline/acc_q_reg[3]/Q
                         net (fo=2, routed)           0.129     1.463    u_baseline/acc_q_reg[3]
    SLICE_X90Y216        FDRE                                         r  u_baseline/out_data_reg[3]/D
  -------------------------------------------------------------------    -------------------

                         (clock clk rise edge)        0.000     0.000 r  
    P11                                               0.000     0.000 r  clk (IN)
                         net (fo=0)                   0.000     0.000    clk_IBUF_inst/I
    P11                  INBUF (Prop_INBUF_HPIOB_M_PAD_O)
                                                      0.548     0.548 r  clk_IBUF_inst/INBUF_INST/O
                         net (fo=1, routed)           0.000     0.548    clk_IBUF_inst/OUT
    P11                  IBUFCTRL (Prop_IBUFCTRL_HPIOB_M_I_O)
                                                      0.000     0.548 r  clk_IBUF_inst/IBUFCTRL_INST/O
                         net (fo=1, routed)           0.319     0.867    clk_IBUF
    BUFGCE_X0Y77         BUFGCE (Prop_BUFCE_BUFGCE_I_O)
                                                      0.028     0.895 r  clk_IBUF_BUFG_inst/O
    X3Y3 (CLOCK_ROOT)    net (fo=335, routed)         0.762     1.657    u_baseline/clk_IBUF_BUFG
    SLICE_X90Y216        FDRE                                         r  u_baseline/out_data_reg[3]/C
                         clock pessimism             -0.310     1.348    
    SLICE_X90Y216        FDRE (Hold_CFF_SLICEM_C_D)
                                                      0.060     1.408    u_baseline/out_data_reg[3]
  -------------------------------------------------------------------
                         required time                         -1.408    
                         arrival time                           1.463    
  -------------------------------------------------------------------
                         slack                                  0.055    

Slack (MET) :             0.056ns  (arrival time - required time)
  Source:                 u_baseline/acc_q_reg[15]/C
                            (rising edge-triggered cell FDRE clocked by clk  {rise@0.000ns fall@2.750ns period=5.500ns})
  Destination:            u_baseline/out_data_reg[15]/D
                            (rising edge-triggered cell FDRE clocked by clk  {rise@0.000ns fall@2.750ns period=5.500ns})
  Path Group:             clk
  Path Type:              Hold (Min at Fast Process Corner)
  Requirement:            0.000ns  (clk rise@0.000ns - clk rise@0.000ns)
  Data Path Delay:        0.149ns  (logic 0.039ns (26.158%)  route 0.110ns (73.842%))
  Logic Levels:           0  
  Clock Path Skew:        0.047ns (DCD - SCD - CPR)
    Destination Clock Delay (DCD):    1.068ns
    Source Clock Delay      (SCD):    0.782ns
    Clock Pessimism Removal (CPR):    0.239ns
  Clock Net Delay (Source):      0.433ns (routing 0.000ns, distribution 0.433ns)
  Clock Net Delay (Destination): 0.491ns (routing 0.001ns, distribution 0.490ns)

    Location             Delay type                Incr(ns)  Path(ns)    Netlist Resource(s)
  -------------------------------------------------------------------    -------------------
                         (clock clk rise edge)        0.000     0.000 r  
    P11                                               0.000     0.000 r  clk (IN)
                         net (fo=0)                   0.000     0.000    clk_IBUF_inst/I
    P11                  INBUF (Prop_INBUF_HPIOB_M_PAD_O)
                                                      0.183     0.183 r  clk_IBUF_inst/INBUF_INST/O
                         net (fo=1, routed)           0.000     0.183    clk_IBUF_inst/OUT
    P11                  IBUFCTRL (Prop_IBUFCTRL_HPIOB_M_I_O)
                                                      0.000     0.183 r  clk_IBUF_inst/IBUFCTRL_INST/O
                         net (fo=1, routed)           0.149     0.332    clk_IBUF
    BUFGCE_X0Y77         BUFGCE (Prop_BUFCE_BUFGCE_I_O)
                                                      0.017     0.349 r  clk_IBUF_BUFG_inst/O
    X3Y3 (CLOCK_ROOT)    net (fo=335, routed)         0.433     0.782    u_baseline/clk_IBUF_BUFG
    SLICE_X89Y219        FDRE                                         r  u_baseline/acc_q_reg[15]/C
  -------------------------------------------------------------------    -------------------
    SLICE_X89Y219        FDRE (Prop_HFF_SLICEL_C_Q)
                                                      0.039     0.821 r  u_baseline/acc_q_reg[15]/Q
                         net (fo=2, routed)           0.110     0.931    u_baseline/acc_q_reg[15]
    SLICE_X90Y216        FDRE                                         r  u_baseline/out_data_reg[15]/D
  -------------------------------------------------------------------    -------------------

                         (clock clk rise edge)        0.000     0.000 r  
    P11                                               0.000     0.000 r  clk (IN)
                         net (fo=0)                   0.000     0.000    clk_IBUF_inst/I
    P11                  INBUF (Prop_INBUF_HPIOB_M_PAD_O)
                                                      0.368     0.368 r  clk_IBUF_inst/INBUF_INST/O
                         net (fo=1, routed)           0.000     0.368    clk_IBUF_inst/OUT
    P11                  IBUFCTRL (Prop_IBUFCTRL_HPIOB_M_I_O)
                                                      0.000     0.368 r  clk_IBUF_inst/IBUFCTRL_INST/O
                         net (fo=1, routed)           0.189     0.557    clk_IBUF
    BUFGCE_X0Y77         BUFGCE (Prop_BUFCE_BUFGCE_I_O)
                                                      0.019     0.576 r  clk_IBUF_BUFG_inst/O
    X3Y3 (CLOCK_ROOT)    net (fo=335, routed)         0.491     1.068    u_baseline/clk_IBUF_BUFG
    SLICE_X90Y216        FDRE                                         r  u_baseline/out_data_reg[15]/C
                         clock pessimism             -0.239     0.828    
    SLICE_X90Y216        FDRE (Hold_BFF_SLICEM_C_D)
                                                      0.046     0.874    u_baseline/out_data_reg[15]
  -------------------------------------------------------------------
                         required time                         -0.874    
                         arrival time                           0.931    
  -------------------------------------------------------------------
                         slack                                  0.056    

Slack (MET) :             0.061ns  (arrival time - required time)
  Source:                 u_baseline/acc_q_reg[15]/C
                            (rising edge-triggered cell FDRE clocked by clk  {rise@0.000ns fall@2.750ns period=5.500ns})
  Destination:            u_baseline/acc_q_reg[15]/D
                            (rising edge-triggered cell FDRE clocked by clk  {rise@0.000ns fall@2.750ns period=5.500ns})
  Path Group:             clk
  Path Type:              Hold (Min at Fast Process Corner)
  Requirement:            0.000ns  (clk rise@0.000ns - clk rise@0.000ns)
  Data Path Delay:        0.113ns  (logic 0.071ns (63.009%)  route 0.042ns (36.991%))
  Logic Levels:           2  (CARRY8=1 LUT2=1)
  Clock Path Skew:        0.006ns (DCD - SCD - CPR)
    Destination Clock Delay (DCD):    1.072ns
    Source Clock Delay      (SCD):    0.782ns
    Clock Pessimism Removal (CPR):    0.284ns
  Clock Net Delay (Source):      0.433ns (routing 0.000ns, distribution 0.433ns)
  Clock Net Delay (Destination): 0.495ns (routing 0.001ns, distribution 0.494ns)

    Location             Delay type                Incr(ns)  Path(ns)    Netlist Resource(s)
  -------------------------------------------------------------------    -------------------
                         (clock clk rise edge)        0.000     0.000 r  
    P11                                               0.000     0.000 r  clk (IN)
                         net (fo=0)                   0.000     0.000    clk_IBUF_inst/I
    P11                  INBUF (Prop_INBUF_HPIOB_M_PAD_O)
                                                      0.183     0.183 r  clk_IBUF_inst/INBUF_INST/O
                         net (fo=1, routed)           0.000     0.183    clk_IBUF_inst/OUT
    P11                  IBUFCTRL (Prop_IBUFCTRL_HPIOB_M_I_O)
                                                      0.000     0.183 r  clk_IBUF_inst/IBUFCTRL_INST/O
                         net (fo=1, routed)           0.149     0.332    clk_IBUF
    BUFGCE_X0Y77         BUFGCE (Prop_BUFCE_BUFGCE_I_O)
                                                      0.017     0.349 r  clk_IBUF_BUFG_inst/O
    X3Y3 (CLOCK_ROOT)    net (fo=335, routed)         0.433     0.782    u_baseline/clk_IBUF_BUFG
    SLICE_X89Y219        FDRE                                         r  u_baseline/acc_q_reg[15]/C
  -------------------------------------------------------------------    -------------------
    SLICE_X89Y219        FDRE (Prop_HFF_SLICEL_C_Q)
                                                      0.039     0.821 r  u_baseline/acc_q_reg[15]/Q
                         net (fo=2, routed)           0.027     0.847    u_baseline/acc_q_reg[15]
    SLICE_X89Y219        LUT2 (Prop_H6LUT_SLICEL_I1_O)
                                                      0.015     0.862 r  u_baseline/acc_q[8]_i_2/O
                         net (fo=1, routed)           0.008     0.870    u_baseline/acc_q[8]_i_2_n_0
    SLICE_X89Y219        CARRY8 (Prop_CARRY8_SLICEL_S[7]_O[7])
                                                      0.017     0.887 r  u_baseline/acc_q_reg[8]_i_1/O[7]
                         net (fo=1, routed)           0.007     0.894    u_baseline/acc_q_reg[8]_i_1_n_8
    SLICE_X89Y219        FDRE                                         r  u_baseline/acc_q_reg[15]/D
  -------------------------------------------------------------------    -------------------

                         (clock clk rise edge)        0.000     0.000 r  
    P11                                               0.000     0.000 r  clk (IN)
                         net (fo=0)                   0.000     0.000    clk_IBUF_inst/I
    P11                  INBUF (Prop_INBUF_HPIOB_M_PAD_O)
                                                      0.368     0.368 r  clk_IBUF_inst/INBUF_INST/O
                         net (fo=1, routed)           0.000     0.368    clk_IBUF_inst/OUT
    P11                  IBUFCTRL (Prop_IBUFCTRL_HPIOB_M_I_O)
                                                      0.000     0.368 r  clk_IBUF_inst/IBUFCTRL_INST/O
                         net (fo=1, routed)           0.189     0.557    clk_IBUF
    BUFGCE_X0Y77         BUFGCE (Prop_BUFCE_BUFGCE_I_O)
                                                      0.019     0.576 r  clk_IBUF_BUFG_inst/O
    X3Y3 (CLOCK_ROOT)    net (fo=335, routed)         0.495     1.072    u_baseline/clk_IBUF_BUFG
    SLICE_X89Y219        FDRE                                         r  u_baseline/acc_q_reg[15]/C
                         clock pessimism             -0.284     0.788    
    SLICE_X89Y219        FDRE (Hold_HFF_SLICEL_C_D)
                                                      0.046     0.834    u_baseline/acc_q_reg[15]
  -------------------------------------------------------------------
                         required time                         -0.834    
                         arrival time                           0.894    
  -------------------------------------------------------------------
                         slack                                  0.061    

Slack (MET) :             0.061ns  (arrival time - required time)
  Source:                 u_baseline/acc_q_reg[7]/C
                            (rising edge-triggered cell FDRE clocked by clk  {rise@0.000ns fall@2.750ns period=5.500ns})
  Destination:            u_baseline/acc_q_reg[7]/D
                            (rising edge-triggered cell FDRE clocked by clk  {rise@0.000ns fall@2.750ns period=5.500ns})
  Path Group:             clk
  Path Type:              Hold (Min at Fast Process Corner)
  Requirement:            0.000ns  (clk rise@0.000ns - clk rise@0.000ns)
  Data Path Delay:        0.113ns  (logic 0.071ns (63.009%)  route 0.042ns (36.991%))
  Logic Levels:           2  (CARRY8=1 LUT2=1)
  Clock Path Skew:        0.006ns (DCD - SCD - CPR)
    Destination Clock Delay (DCD):    1.079ns
    Source Clock Delay      (SCD):    0.789ns
    Clock Pessimism Removal (CPR):    0.284ns
  Clock Net Delay (Source):      0.440ns (routing 0.000ns, distribution 0.440ns)
  Clock Net Delay (Destination): 0.503ns (routing 0.001ns, distribution 0.502ns)

    Location             Delay type                Incr(ns)  Path(ns)    Netlist Resource(s)
  -------------------------------------------------------------------    -------------------
                         (clock clk rise edge)        0.000     0.000 r  
    P11                                               0.000     0.000 r  clk (IN)
                         net (fo=0)                   0.000     0.000    clk_IBUF_inst/I
    P11                  INBUF (Prop_INBUF_HPIOB_M_PAD_O)
                                                      0.183     0.183 r  clk_IBUF_inst/INBUF_INST/O
                         net (fo=1, routed)           0.000     0.183    clk_IBUF_inst/OUT
    P11                  IBUFCTRL (Prop_IBUFCTRL_HPIOB_M_I_O)
                                                      0.000     0.183 r  clk_IBUF_inst/IBUFCTRL_INST/O
                         net (fo=1, routed)           0.149     0.332    clk_IBUF
    BUFGCE_X0Y77         BUFGCE (Prop_BUFCE_BUFGCE_I_O)
                                                      0.017     0.349 r  clk_IBUF_BUFG_inst/O
    X3Y3 (CLOCK_ROOT)    net (fo=335, routed)         0.440     0.789    u_baseline/clk_IBUF_BUFG
    SLICE_X89Y218        FDRE                                         r  u_baseline/acc_q_reg[7]/C
  -------------------------------------------------------------------    -------------------
    SLICE_X89Y218        FDRE (Prop_HFF_SLICEL_C_Q)
                                                      0.039     0.828 r  u_baseline/acc_q_reg[7]/Q
                         net (fo=2, routed)           0.027     0.854    u_baseline/acc_q_reg[7]
    SLICE_X89Y218        LUT2 (Prop_H6LUT_SLICEL_I1_O)
                                                      0.015     0.869 r  u_baseline/acc_q[0]_i_4/O
                         net (fo=1, routed)           0.008     0.877    u_baseline/acc_q[0]_i_4_n_0
    SLICE_X89Y218        CARRY8 (Prop_CARRY8_SLICEL_S[7]_O[7])
                                                      0.017     0.894 r  u_baseline/acc_q_reg[0]_i_3/O[7]
                         net (fo=1, routed)           0.007     0.901    u_baseline/acc_q_reg[0]_i_3_n_8
    SLICE_X89Y218        FDRE                                         r  u_baseline/acc_q_reg[7]/D
  -------------------------------------------------------------------    -------------------

                         (clock clk rise edge)        0.000     0.000 r  
    P11                                               0.000     0.000 r  clk (IN)
                         net (fo=0)                   0.000     0.000    clk_IBUF_inst/I
    P11                  INBUF (Prop_INBUF_HPIOB_M_PAD_O)
                                                      0.368     0.368 r  clk_IBUF_inst/INBUF_INST/O
                         net (fo=1, routed)           0.000     0.368    clk_IBUF_inst/OUT
    P11                  IBUFCTRL (Prop_IBUFCTRL_HPIOB_M_I_O)
                                                      0.000     0.368 r  clk_IBUF_inst/IBUFCTRL_INST/O
                         net (fo=1, routed)           0.189     0.557    clk_IBUF
    BUFGCE_X0Y77         BUFGCE (Prop_BUFCE_BUFGCE_I_O)
                                                      0.019     0.576 r  clk_IBUF_BUFG_inst/O
    X3Y3 (CLOCK_ROOT)    net (fo=335, routed)         0.503     1.079    u_baseline/clk_IBUF_BUFG
    SLICE_X89Y218        FDRE                                         r  u_baseline/acc_q_reg[7]/C
                         clock pessimism             -0.284     0.795    
    SLICE_X89Y218        FDRE (Hold_HFF_SLICEL_C_D)
                                                      0.046     0.841    u_baseline/acc_q_reg[7]
  -------------------------------------------------------------------
                         required time                         -0.841    
                         arrival time                           0.901    
  -------------------------------------------------------------------
                         slack                                  0.061    

Slack (MET) :             0.061ns  (arrival time - required time)
  Source:                 u_baseline/acc_q_reg[23]/C
                            (rising edge-triggered cell FDRE clocked by clk  {rise@0.000ns fall@2.750ns period=5.500ns})
  Destination:            u_baseline/acc_q_reg[23]/D
                            (rising edge-triggered cell FDRE clocked by clk  {rise@0.000ns fall@2.750ns period=5.500ns})
  Path Group:             clk
  Path Type:              Hold (Min at Fast Process Corner)
  Requirement:            0.000ns  (clk rise@0.000ns - clk rise@0.000ns)
  Data Path Delay:        0.113ns  (logic 0.071ns (63.009%)  route 0.042ns (36.991%))
  Logic Levels:           2  (CARRY8=1 LUT2=1)
  Clock Path Skew:        0.006ns (DCD - SCD - CPR)
    Destination Clock Delay (DCD):    1.073ns
    Source Clock Delay      (SCD):    0.783ns
    Clock Pessimism Removal (CPR):    0.284ns
  Clock Net Delay (Source):      0.434ns (routing 0.000ns, distribution 0.434ns)
  Clock Net Delay (Destination): 0.496ns (routing 0.001ns, distribution 0.495ns)

    Location             Delay type                Incr(ns)  Path(ns)    Netlist Resource(s)
  -------------------------------------------------------------------    -------------------
                         (clock clk rise edge)        0.000     0.000 r  
    P11                                               0.000     0.000 r  clk (IN)
                         net (fo=0)                   0.000     0.000    clk_IBUF_inst/I
    P11                  INBUF (Prop_INBUF_HPIOB_M_PAD_O)
                                                      0.183     0.183 r  clk_IBUF_inst/INBUF_INST/O
                         net (fo=1, routed)           0.000     0.183    clk_IBUF_inst/OUT
    P11                  IBUFCTRL (Prop_IBUFCTRL_HPIOB_M_I_O)
                                                      0.000     0.183 r  clk_IBUF_inst/IBUFCTRL_INST/O
                         net (fo=1, routed)           0.149     0.332    clk_IBUF
    BUFGCE_X0Y77         BUFGCE (Prop_BUFCE_BUFGCE_I_O)
                                                      0.017     0.349 r  clk_IBUF_BUFG_inst/O
    X3Y3 (CLOCK_ROOT)    net (fo=335, routed)         0.434     0.783    u_baseline/clk_IBUF_BUFG
    SLICE_X89Y220        FDRE                                         r  u_baseline/acc_q_reg[23]/C
  -------------------------------------------------------------------    -------------------
    SLICE_X89Y220        FDRE (Prop_HFF_SLICEL_C_Q)
                                                      0.039     0.822 r  u_baseline/acc_q_reg[23]/Q
                         net (fo=2, routed)           0.027     0.848    u_baseline/acc_q_reg[23]
    SLICE_X89Y220        LUT2 (Prop_H6LUT_SLICEL_I1_O)
                                                      0.015     0.863 r  u_baseline/acc_q[16]_i_2/O
                         net (fo=1, routed)           0.008     0.871    u_baseline/acc_q[16]_i_2_n_0
    SLICE_X89Y220        CARRY8 (Prop_CARRY8_SLICEL_S[7]_O[7])
                                                      0.017     0.888 r  u_baseline/acc_q_reg[16]_i_1/O[7]
                         net (fo=1, routed)           0.007     0.895    u_baseline/acc_q_reg[16]_i_1_n_8
    SLICE_X89Y220        FDRE                                         r  u_baseline/acc_q_reg[23]/D
  -------------------------------------------------------------------    -------------------

                         (clock clk rise edge)        0.000     0.000 r  
    P11                                               0.000     0.000 r  clk (IN)
                         net (fo=0)                   0.000     0.000    clk_IBUF_inst/I
    P11                  INBUF (Prop_INBUF_HPIOB_M_PAD_O)
                                                      0.368     0.368 r  clk_IBUF_inst/INBUF_INST/O
                         net (fo=1, routed)           0.000     0.368    clk_IBUF_inst/OUT
    P11                  IBUFCTRL (Prop_IBUFCTRL_HPIOB_M_I_O)
                                                      0.000     0.368 r  clk_IBUF_inst/IBUFCTRL_INST/O
                         net (fo=1, routed)           0.189     0.557    clk_IBUF
    BUFGCE_X0Y77         BUFGCE (Prop_BUFCE_BUFGCE_I_O)
                                                      0.019     0.576 r  clk_IBUF_BUFG_inst/O
    X3Y3 (CLOCK_ROOT)    net (fo=335, routed)         0.496     1.073    u_baseline/clk_IBUF_BUFG
    SLICE_X89Y220        FDRE                                         r  u_baseline/acc_q_reg[23]/C
                         clock pessimism             -0.284     0.789    
    SLICE_X89Y220        FDRE (Hold_HFF_SLICEL_C_D)
                                                      0.046     0.835    u_baseline/acc_q_reg[23]
  -------------------------------------------------------------------
                         required time                         -0.835    
                         arrival time                           0.895    
  -------------------------------------------------------------------
                         slack                                  0.061    

Slack (MET) :             0.061ns  (arrival time - required time)
  Source:                 u_baseline/acc_q_reg[31]/C
                            (rising edge-triggered cell FDRE clocked by clk  {rise@0.000ns fall@2.750ns period=5.500ns})
  Destination:            u_baseline/acc_q_reg[31]/D
                            (rising edge-triggered cell FDRE clocked by clk  {rise@0.000ns fall@2.750ns period=5.500ns})
  Path Group:             clk
  Path Type:              Hold (Min at Fast Process Corner)
  Requirement:            0.000ns  (clk rise@0.000ns - clk rise@0.000ns)
  Data Path Delay:        0.113ns  (logic 0.071ns (63.009%)  route 0.042ns (36.991%))
  Logic Levels:           2  (CARRY8=1 LUT2=1)
  Clock Path Skew:        0.006ns (DCD - SCD - CPR)
    Destination Clock Delay (DCD):    1.073ns
    Source Clock Delay      (SCD):    0.783ns
    Clock Pessimism Removal (CPR):    0.284ns
  Clock Net Delay (Source):      0.434ns (routing 0.000ns, distribution 0.434ns)
  Clock Net Delay (Destination): 0.496ns (routing 0.001ns, distribution 0.495ns)

    Location             Delay type                Incr(ns)  Path(ns)    Netlist Resource(s)
  -------------------------------------------------------------------    -------------------
                         (clock clk rise edge)        0.000     0.000 r  
    P11                                               0.000     0.000 r  clk (IN)
                         net (fo=0)                   0.000     0.000    clk_IBUF_inst/I
    P11                  INBUF (Prop_INBUF_HPIOB_M_PAD_O)
                                                      0.183     0.183 r  clk_IBUF_inst/INBUF_INST/O
                         net (fo=1, routed)           0.000     0.183    clk_IBUF_inst/OUT
    P11                  IBUFCTRL (Prop_IBUFCTRL_HPIOB_M_I_O)
                                                      0.000     0.183 r  clk_IBUF_inst/IBUFCTRL_INST/O
                         net (fo=1, routed)           0.149     0.332    clk_IBUF
    BUFGCE_X0Y77         BUFGCE (Prop_BUFCE_BUFGCE_I_O)
                                                      0.017     0.349 r  clk_IBUF_BUFG_inst/O
    X3Y3 (CLOCK_ROOT)    net (fo=335, routed)         0.434     0.783    u_baseline/clk_IBUF_BUFG
    SLICE_X89Y221        FDRE                                         r  u_baseline/acc_q_reg[31]/C
  -------------------------------------------------------------------    -------------------
    SLICE_X89Y221        FDRE (Prop_HFF_SLICEL_C_Q)
                                                      0.039     0.822 r  u_baseline/acc_q_reg[31]/Q
                         net (fo=2, routed)           0.027     0.848    u_baseline/acc_q_reg[31]
    SLICE_X89Y221        LUT2 (Prop_H6LUT_SLICEL_I1_O)
                                                      0.015     0.863 r  u_baseline/acc_q[24]_i_2/O
                         net (fo=1, routed)           0.008     0.871    u_baseline/acc_q[24]_i_2_n_0
    SLICE_X89Y221        CARRY8 (Prop_CARRY8_SLICEL_S[7]_O[7])
                                                      0.017     0.888 r  u_baseline/acc_q_reg[24]_i_1/O[7]
                         net (fo=1, routed)           0.007     0.895    u_baseline/acc_q_reg[24]_i_1_n_8
    SLICE_X89Y221        FDRE                                         r  u_baseline/acc_q_reg[31]/D
  -------------------------------------------------------------------    -------------------

                         (clock clk rise edge)        0.000     0.000 r  
    P11                                               0.000     0.000 r  clk (IN)
                         net (fo=0)                   0.000     0.000    clk_IBUF_inst/I
    P11                  INBUF (Prop_INBUF_HPIOB_M_PAD_O)
                                                      0.368     0.368 r  clk_IBUF_inst/INBUF_INST/O
                         net (fo=1, routed)           0.000     0.368    clk_IBUF_inst/OUT
    P11                  IBUFCTRL (Prop_IBUFCTRL_HPIOB_M_I_O)
                                                      0.000     0.368 r  clk_IBUF_inst/IBUFCTRL_INST/O
                         net (fo=1, routed)           0.189     0.557    clk_IBUF
    BUFGCE_X0Y77         BUFGCE (Prop_BUFCE_BUFGCE_I_O)
                                                      0.019     0.576 r  clk_IBUF_BUFG_inst/O
    X3Y3 (CLOCK_ROOT)    net (fo=335, routed)         0.496     1.073    u_baseline/clk_IBUF_BUFG
    SLICE_X89Y221        FDRE                                         r  u_baseline/acc_q_reg[31]/C
                         clock pessimism             -0.284     0.789    
    SLICE_X89Y221        FDRE (Hold_HFF_SLICEL_C_D)
                                                      0.046     0.835    u_baseline/acc_q_reg[31]
  -------------------------------------------------------------------
                         required time                         -0.835    
                         arrival time                           0.895    
  -------------------------------------------------------------------
                         slack                                  0.061    

Slack (MET) :             0.061ns  (arrival time - required time)
  Source:                 u_baseline/acc_q_reg[10]/C
                            (rising edge-triggered cell FDRE clocked by clk  {rise@0.000ns fall@2.750ns period=5.500ns})
  Destination:            u_baseline/acc_q_reg[10]/D
                            (rising edge-triggered cell FDRE clocked by clk  {rise@0.000ns fall@2.750ns period=5.500ns})
  Path Group:             clk
  Path Type:              Hold (Min at Fast Process Corner)
  Requirement:            0.000ns  (clk rise@0.000ns - clk rise@0.000ns)
  Data Path Delay:        0.113ns  (logic 0.070ns (62.121%)  route 0.043ns (37.879%))
  Logic Levels:           2  (CARRY8=1 LUT2=1)
  Clock Path Skew:        0.006ns (DCD - SCD - CPR)
    Destination Clock Delay (DCD):    1.068ns
    Source Clock Delay      (SCD):    0.779ns
    Clock Pessimism Removal (CPR):    0.283ns
  Clock Net Delay (Source):      0.430ns (routing 0.000ns, distribution 0.430ns)
  Clock Net Delay (Destination): 0.491ns (routing 0.001ns, distribution 0.490ns)

    Location             Delay type                Incr(ns)  Path(ns)    Netlist Resource(s)
  -------------------------------------------------------------------    -------------------
                         (clock clk rise edge)        0.000     0.000 r  
    P11                                               0.000     0.000 r  clk (IN)
                         net (fo=0)                   0.000     0.000    clk_IBUF_inst/I
    P11                  INBUF (Prop_INBUF_HPIOB_M_PAD_O)
                                                      0.183     0.183 r  clk_IBUF_inst/INBUF_INST/O
                         net (fo=1, routed)           0.000     0.183    clk_IBUF_inst/OUT
    P11                  IBUFCTRL (Prop_IBUFCTRL_HPIOB_M_I_O)
                                                      0.000     0.183 r  clk_IBUF_inst/IBUFCTRL_INST/O
                         net (fo=1, routed)           0.149     0.332    clk_IBUF
    BUFGCE_X0Y77         BUFGCE (Prop_BUFCE_BUFGCE_I_O)
                                                      0.017     0.349 r  clk_IBUF_BUFG_inst/O
    X3Y3 (CLOCK_ROOT)    net (fo=335, routed)         0.430     0.779    u_baseline/clk_IBUF_BUFG
    SLICE_X89Y219        FDRE                                         r  u_baseline/acc_q_reg[10]/C
  -------------------------------------------------------------------    -------------------
    SLICE_X89Y219        FDRE (Prop_CFF_SLICEL_C_Q)
                                                      0.039     0.818 r  u_baseline/acc_q_reg[10]/Q
                         net (fo=2, routed)           0.028     0.845    u_baseline/acc_q_reg[10]
    SLICE_X89Y219        LUT2 (Prop_C6LUT_SLICEL_I1_O)
                                                      0.014     0.859 r  u_baseline/acc_q[8]_i_7/O
                         net (fo=1, routed)           0.008     0.867    u_baseline/acc_q[8]_i_7_n_0
    SLICE_X89Y219        CARRY8 (Prop_CARRY8_SLICEL_S[2]_O[2])
                                                      0.017     0.884 r  u_baseline/acc_q_reg[8]_i_1/O[2]
                         net (fo=1, routed)           0.007     0.891    u_baseline/acc_q_reg[8]_i_1_n_13
    SLICE_X89Y219        FDRE                                         r  u_baseline/acc_q_reg[10]/D
  -------------------------------------------------------------------    -------------------

                         (clock clk rise edge)        0.000     0.000 r  
    P11                                               0.000     0.000 r  clk (IN)
                         net (fo=0)                   0.000     0.000    clk_IBUF_inst/I
    P11                  INBUF (Prop_INBUF_HPIOB_M_PAD_O)
                                                      0.368     0.368 r  clk_IBUF_inst/INBUF_INST/O
                         net (fo=1, routed)           0.000     0.368    clk_IBUF_inst/OUT
    P11                  IBUFCTRL (Prop_IBUFCTRL_HPIOB_M_I_O)
                                                      0.000     0.368 r  clk_IBUF_inst/IBUFCTRL_INST/O
                         net (fo=1, routed)           0.189     0.557    clk_IBUF
    BUFGCE_X0Y77         BUFGCE (Prop_BUFCE_BUFGCE_I_O)
                                                      0.019     0.576 r  clk_IBUF_BUFG_inst/O
    X3Y3 (CLOCK_ROOT)    net (fo=335, routed)         0.491     1.068    u_baseline/clk_IBUF_BUFG
    SLICE_X89Y219        FDRE                                         r  u_baseline/acc_q_reg[10]/C
                         clock pessimism             -0.283     0.785    
    SLICE_X89Y219        FDRE (Hold_CFF_SLICEL_C_D)
                                                      0.046     0.831    u_baseline/acc_q_reg[10]
  -------------------------------------------------------------------
                         required time                         -0.831    
                         arrival time                           0.891    
  -------------------------------------------------------------------
                         slack                                  0.061    

Slack (MET) :             0.061ns  (arrival time - required time)
  Source:                 u_baseline/acc_q_reg[18]/C
                            (rising edge-triggered cell FDRE clocked by clk  {rise@0.000ns fall@2.750ns period=5.500ns})
  Destination:            u_baseline/acc_q_reg[18]/D
                            (rising edge-triggered cell FDRE clocked by clk  {rise@0.000ns fall@2.750ns period=5.500ns})
  Path Group:             clk
  Path Type:              Hold (Min at Fast Process Corner)
  Requirement:            0.000ns  (clk rise@0.000ns - clk rise@0.000ns)
  Data Path Delay:        0.113ns  (logic 0.070ns (62.121%)  route 0.043ns (37.879%))
  Logic Levels:           2  (CARRY8=1 LUT2=1)
  Clock Path Skew:        0.006ns (DCD - SCD - CPR)
    Destination Clock Delay (DCD):    1.069ns
    Source Clock Delay      (SCD):    0.780ns
    Clock Pessimism Removal (CPR):    0.283ns
  Clock Net Delay (Source):      0.431ns (routing 0.000ns, distribution 0.431ns)
  Clock Net Delay (Destination): 0.492ns (routing 0.001ns, distribution 0.491ns)

    Location             Delay type                Incr(ns)  Path(ns)    Netlist Resource(s)
  -------------------------------------------------------------------    -------------------
                         (clock clk rise edge)        0.000     0.000 r  
    P11                                               0.000     0.000 r  clk (IN)
                         net (fo=0)                   0.000     0.000    clk_IBUF_inst/I
    P11                  INBUF (Prop_INBUF_HPIOB_M_PAD_O)
                                                      0.183     0.183 r  clk_IBUF_inst/INBUF_INST/O
                         net (fo=1, routed)           0.000     0.183    clk_IBUF_inst/OUT
    P11                  IBUFCTRL (Prop_IBUFCTRL_HPIOB_M_I_O)
                                                      0.000     0.183 r  clk_IBUF_inst/IBUFCTRL_INST/O
                         net (fo=1, routed)           0.149     0.332    clk_IBUF
    BUFGCE_X0Y77         BUFGCE (Prop_BUFCE_BUFGCE_I_O)
                                                      0.017     0.349 r  clk_IBUF_BUFG_inst/O
    X3Y3 (CLOCK_ROOT)    net (fo=335, routed)         0.431     0.780    u_baseline/clk_IBUF_BUFG
    SLICE_X89Y220        FDRE                                         r  u_baseline/acc_q_reg[18]/C
  -------------------------------------------------------------------    -------------------
    SLICE_X89Y220        FDRE (Prop_CFF_SLICEL_C_Q)
                                                      0.039     0.819 r  u_baseline/acc_q_reg[18]/Q
                         net (fo=2, routed)           0.028     0.846    u_baseline/acc_q_reg[18]
    SLICE_X89Y220        LUT2 (Prop_C6LUT_SLICEL_I1_O)
                                                      0.014     0.860 r  u_baseline/acc_q[16]_i_7/O
                         net (fo=1, routed)           0.008     0.868    u_baseline/acc_q[16]_i_7_n_0
    SLICE_X89Y220        CARRY8 (Prop_CARRY8_SLICEL_S[2]_O[2])
                                                      0.017     0.885 r  u_baseline/acc_q_reg[16]_i_1/O[2]
                         net (fo=1, routed)           0.007     0.892    u_baseline/acc_q_reg[16]_i_1_n_13
    SLICE_X89Y220        FDRE                                         r  u_baseline/acc_q_reg[18]/D
  -------------------------------------------------------------------    -------------------

                         (clock clk rise edge)        0.000     0.000 r  
    P11                                               0.000     0.000 r  clk (IN)
                         net (fo=0)                   0.000     0.000    clk_IBUF_inst/I
    P11                  INBUF (Prop_INBUF_HPIOB_M_PAD_O)
                                                      0.368     0.368 r  clk_IBUF_inst/INBUF_INST/O
                         net (fo=1, routed)           0.000     0.368    clk_IBUF_inst/OUT
    P11                  IBUFCTRL (Prop_IBUFCTRL_HPIOB_M_I_O)
                                                      0.000     0.368 r  clk_IBUF_inst/IBUFCTRL_INST/O
                         net (fo=1, routed)           0.189     0.557    clk_IBUF
    BUFGCE_X0Y77         BUFGCE (Prop_BUFCE_BUFGCE_I_O)
                                                      0.019     0.576 r  clk_IBUF_BUFG_inst/O
    X3Y3 (CLOCK_ROOT)    net (fo=335, routed)         0.492     1.069    u_baseline/clk_IBUF_BUFG
    SLICE_X89Y220        FDRE                                         r  u_baseline/acc_q_reg[18]/C
                         clock pessimism             -0.283     0.786    
    SLICE_X89Y220        FDRE (Hold_CFF_SLICEL_C_D)
                                                      0.046     0.832    u_baseline/acc_q_reg[18]
  -------------------------------------------------------------------
                         required time                         -0.832    
                         arrival time                           0.892    
  -------------------------------------------------------------------
                         slack                                  0.061    

Slack (MET) :             0.061ns  (arrival time - required time)
  Source:                 u_baseline/acc_q_reg[26]/C
                            (rising edge-triggered cell FDRE clocked by clk  {rise@0.000ns fall@2.750ns period=5.500ns})
  Destination:            u_baseline/acc_q_reg[26]/D
                            (rising edge-triggered cell FDRE clocked by clk  {rise@0.000ns fall@2.750ns period=5.500ns})
  Path Group:             clk
  Path Type:              Hold (Min at Fast Process Corner)
  Requirement:            0.000ns  (clk rise@0.000ns - clk rise@0.000ns)
  Data Path Delay:        0.113ns  (logic 0.070ns (62.121%)  route 0.043ns (37.879%))
  Logic Levels:           2  (CARRY8=1 LUT2=1)
  Clock Path Skew:        0.006ns (DCD - SCD - CPR)
    Destination Clock Delay (DCD):    1.069ns
    Source Clock Delay      (SCD):    0.780ns
    Clock Pessimism Removal (CPR):    0.283ns
  Clock Net Delay (Source):      0.431ns (routing 0.000ns, distribution 0.431ns)
  Clock Net Delay (Destination): 0.492ns (routing 0.001ns, distribution 0.491ns)

    Location             Delay type                Incr(ns)  Path(ns)    Netlist Resource(s)
  -------------------------------------------------------------------    -------------------
                         (clock clk rise edge)        0.000     0.000 r  
    P11                                               0.000     0.000 r  clk (IN)
                         net (fo=0)                   0.000     0.000    clk_IBUF_inst/I
    P11                  INBUF (Prop_INBUF_HPIOB_M_PAD_O)
                                                      0.183     0.183 r  clk_IBUF_inst/INBUF_INST/O
                         net (fo=1, routed)           0.000     0.183    clk_IBUF_inst/OUT
    P11                  IBUFCTRL (Prop_IBUFCTRL_HPIOB_M_I_O)
                                                      0.000     0.183 r  clk_IBUF_inst/IBUFCTRL_INST/O
                         net (fo=1, routed)           0.149     0.332    clk_IBUF
    BUFGCE_X0Y77         BUFGCE (Prop_BUFCE_BUFGCE_I_O)
                                                      0.017     0.349 r  clk_IBUF_BUFG_inst/O
    X3Y3 (CLOCK_ROOT)    net (fo=335, routed)         0.431     0.780    u_baseline/clk_IBUF_BUFG
    SLICE_X89Y221        FDRE                                         r  u_baseline/acc_q_reg[26]/C
  -------------------------------------------------------------------    -------------------
    SLICE_X89Y221        FDRE (Prop_CFF_SLICEL_C_Q)
                                                      0.039     0.819 r  u_baseline/acc_q_reg[26]/Q
                         net (fo=2, routed)           0.028     0.846    u_baseline/acc_q_reg[26]
    SLICE_X89Y221        LUT2 (Prop_C6LUT_SLICEL_I1_O)
                                                      0.014     0.860 r  u_baseline/acc_q[24]_i_7/O
                         net (fo=1, routed)           0.008     0.868    u_baseline/acc_q[24]_i_7_n_0
    SLICE_X89Y221        CARRY8 (Prop_CARRY8_SLICEL_S[2]_O[2])
                                                      0.017     0.885 r  u_baseline/acc_q_reg[24]_i_1/O[2]
                         net (fo=1, routed)           0.007     0.892    u_baseline/acc_q_reg[24]_i_1_n_13
    SLICE_X89Y221        FDRE                                         r  u_baseline/acc_q_reg[26]/D
  -------------------------------------------------------------------    -------------------

                         (clock clk rise edge)        0.000     0.000 r  
    P11                                               0.000     0.000 r  clk (IN)
                         net (fo=0)                   0.000     0.000    clk_IBUF_inst/I
    P11                  INBUF (Prop_INBUF_HPIOB_M_PAD_O)
                                                      0.368     0.368 r  clk_IBUF_inst/INBUF_INST/O
                         net (fo=1, routed)           0.000     0.368    clk_IBUF_inst/OUT
    P11                  IBUFCTRL (Prop_IBUFCTRL_HPIOB_M_I_O)
                                                      0.000     0.368 r  clk_IBUF_inst/IBUFCTRL_INST/O
                         net (fo=1, routed)           0.189     0.557    clk_IBUF
    BUFGCE_X0Y77         BUFGCE (Prop_BUFCE_BUFGCE_I_O)
                                                      0.019     0.576 r  clk_IBUF_BUFG_inst/O
    X3Y3 (CLOCK_ROOT)    net (fo=335, routed)         0.492     1.069    u_baseline/clk_IBUF_BUFG
    SLICE_X89Y221        FDRE                                         r  u_baseline/acc_q_reg[26]/C
                         clock pessimism             -0.283     0.786    
    SLICE_X89Y221        FDRE (Hold_CFF_SLICEL_C_D)
                                                      0.046     0.832    u_baseline/acc_q_reg[26]
  -------------------------------------------------------------------
                         required time                         -0.832    
                         arrival time                           0.892    
  -------------------------------------------------------------------
                         slack                                  0.061    

Slack (MET) :             0.061ns  (arrival time - required time)
  Source:                 u_baseline/acc_q_reg[2]/C
                            (rising edge-triggered cell FDRE clocked by clk  {rise@0.000ns fall@2.750ns period=5.500ns})
  Destination:            u_baseline/acc_q_reg[2]/D
                            (rising edge-triggered cell FDRE clocked by clk  {rise@0.000ns fall@2.750ns period=5.500ns})
  Path Group:             clk
  Path Type:              Hold (Min at Fast Process Corner)
  Requirement:            0.000ns  (clk rise@0.000ns - clk rise@0.000ns)
  Data Path Delay:        0.113ns  (logic 0.070ns (62.121%)  route 0.043ns (37.879%))
  Logic Levels:           2  (CARRY8=1 LUT2=1)
  Clock Path Skew:        0.006ns (DCD - SCD - CPR)
    Destination Clock Delay (DCD):    1.075ns
    Source Clock Delay      (SCD):    0.786ns
    Clock Pessimism Removal (CPR):    0.283ns
  Clock Net Delay (Source):      0.437ns (routing 0.000ns, distribution 0.437ns)
  Clock Net Delay (Destination): 0.499ns (routing 0.001ns, distribution 0.498ns)

    Location             Delay type                Incr(ns)  Path(ns)    Netlist Resource(s)
  -------------------------------------------------------------------    -------------------
                         (clock clk rise edge)        0.000     0.000 r  
    P11                                               0.000     0.000 r  clk (IN)
                         net (fo=0)                   0.000     0.000    clk_IBUF_inst/I
    P11                  INBUF (Prop_INBUF_HPIOB_M_PAD_O)
                                                      0.183     0.183 r  clk_IBUF_inst/INBUF_INST/O
                         net (fo=1, routed)           0.000     0.183    clk_IBUF_inst/OUT
    P11                  IBUFCTRL (Prop_IBUFCTRL_HPIOB_M_I_O)
                                                      0.000     0.183 r  clk_IBUF_inst/IBUFCTRL_INST/O
                         net (fo=1, routed)           0.149     0.332    clk_IBUF
    BUFGCE_X0Y77         BUFGCE (Prop_BUFCE_BUFGCE_I_O)
                                                      0.017     0.349 r  clk_IBUF_BUFG_inst/O
    X3Y3 (CLOCK_ROOT)    net (fo=335, routed)         0.437     0.786    u_baseline/clk_IBUF_BUFG
    SLICE_X89Y218        FDRE                                         r  u_baseline/acc_q_reg[2]/C
  -------------------------------------------------------------------    -------------------
    SLICE_X89Y218        FDRE (Prop_CFF_SLICEL_C_Q)
                                                      0.039     0.825 r  u_baseline/acc_q_reg[2]/Q
                         net (fo=2, routed)           0.028     0.852    u_baseline/acc_q_reg[2]
    SLICE_X89Y218        LUT2 (Prop_C6LUT_SLICEL_I1_O)
                                                      0.014     0.866 r  u_baseline/acc_q[0]_i_9/O
                         net (fo=1, routed)           0.008     0.874    u_baseline/acc_q[0]_i_9_n_0
    SLICE_X89Y218        CARRY8 (Prop_CARRY8_SLICEL_S[2]_O[2])
                                                      0.017     0.891 r  u_baseline/acc_q_reg[0]_i_3/O[2]
                         net (fo=1, routed)           0.007     0.898    u_baseline/acc_q_reg[0]_i_3_n_13
    SLICE_X89Y218        FDRE                                         r  u_baseline/acc_q_reg[2]/D
  -------------------------------------------------------------------    -------------------

                         (clock clk rise edge)        0.000     0.000 r  
    P11                                               0.000     0.000 r  clk (IN)
                         net (fo=0)                   0.000     0.000    clk_IBUF_inst/I
    P11                  INBUF (Prop_INBUF_HPIOB_M_PAD_O)
                                                      0.368     0.368 r  clk_IBUF_inst/INBUF_INST/O
                         net (fo=1, routed)           0.000     0.368    clk_IBUF_inst/OUT
    P11                  IBUFCTRL (Prop_IBUFCTRL_HPIOB_M_I_O)
                                                      0.000     0.368 r  clk_IBUF_inst/IBUFCTRL_INST/O
                         net (fo=1, routed)           0.189     0.557    clk_IBUF
    BUFGCE_X0Y77         BUFGCE (Prop_BUFCE_BUFGCE_I_O)
                                                      0.019     0.576 r  clk_IBUF_BUFG_inst/O
    X3Y3 (CLOCK_ROOT)    net (fo=335, routed)         0.499     1.075    u_baseline/clk_IBUF_BUFG
    SLICE_X89Y218        FDRE                                         r  u_baseline/acc_q_reg[2]/C
                         clock pessimism             -0.283     0.792    
    SLICE_X89Y218        FDRE (Hold_CFF_SLICEL_C_D)
                                                      0.046     0.838    u_baseline/acc_q_reg[2]
  -------------------------------------------------------------------
                         required time                         -0.838    
                         arrival time                           0.898    
  -------------------------------------------------------------------
                         slack                                  0.061    

Slack (MET) :             0.066ns  (arrival time - required time)
  Source:                 u_baseline/compute_cycles_reg[9]/C
                            (rising edge-triggered cell FDRE clocked by clk  {rise@0.000ns fall@2.750ns period=5.500ns})
  Destination:            u_baseline/compute_cycles_reg[9]/D
                            (rising edge-triggered cell FDRE clocked by clk  {rise@0.000ns fall@2.750ns period=5.500ns})
  Path Group:             clk
  Path Type:              Hold (Min at Fast Process Corner)
  Requirement:            0.000ns  (clk rise@0.000ns - clk rise@0.000ns)
  Data Path Delay:        0.118ns  (logic 0.056ns (47.585%)  route 0.062ns (52.415%))
  Logic Levels:           1  (CARRY8=1)
  Clock Path Skew:        0.006ns (DCD - SCD - CPR)
    Destination Clock Delay (DCD):    1.056ns
    Source Clock Delay      (SCD):    0.767ns
    Clock Pessimism Removal (CPR):    0.283ns
  Clock Net Delay (Source):      0.418ns (routing 0.000ns, distribution 0.418ns)
  Clock Net Delay (Destination): 0.479ns (routing 0.001ns, distribution 0.478ns)

    Location             Delay type                Incr(ns)  Path(ns)    Netlist Resource(s)
  -------------------------------------------------------------------    -------------------
                         (clock clk rise edge)        0.000     0.000 r  
    P11                                               0.000     0.000 r  clk (IN)
                         net (fo=0)                   0.000     0.000    clk_IBUF_inst/I
    P11                  INBUF (Prop_INBUF_HPIOB_M_PAD_O)
                                                      0.183     0.183 r  clk_IBUF_inst/INBUF_INST/O
                         net (fo=1, routed)           0.000     0.183    clk_IBUF_inst/OUT
    P11                  IBUFCTRL (Prop_IBUFCTRL_HPIOB_M_I_O)
                                                      0.000     0.183 r  clk_IBUF_inst/IBUFCTRL_INST/O
                         net (fo=1, routed)           0.149     0.332    clk_IBUF
    BUFGCE_X0Y77         BUFGCE (Prop_BUFCE_BUFGCE_I_O)
                                                      0.017     0.349 r  clk_IBUF_BUFG_inst/O
    X3Y3 (CLOCK_ROOT)    net (fo=335, routed)         0.418     0.767    u_baseline/clk_IBUF_BUFG
    SLICE_X96Y219        FDRE                                         r  u_baseline/compute_cycles_reg[9]/C
  -------------------------------------------------------------------    -------------------
    SLICE_X96Y219        FDRE (Prop_BFF_SLICEM_C_Q)
                                                      0.038     0.805 r  u_baseline/compute_cycles_reg[9]/Q
                         net (fo=2, routed)           0.055     0.859    u_baseline/compute_cycles[9]
    SLICE_X96Y219        CARRY8 (Prop_CARRY8_SLICEM_S[1]_O[1])
                                                      0.018     0.877 r  u_baseline/compute_cycles_reg[8]_i_1/O[1]
                         net (fo=1, routed)           0.007     0.884    u_baseline/compute_cycles_reg[8]_i_1_n_14
    SLICE_X96Y219        FDRE                                         r  u_baseline/compute_cycles_reg[9]/D
  -------------------------------------------------------------------    -------------------

                         (clock clk rise edge)        0.000     0.000 r  
    P11                                               0.000     0.000 r  clk (IN)
                         net (fo=0)                   0.000     0.000    clk_IBUF_inst/I
    P11                  INBUF (Prop_INBUF_HPIOB_M_PAD_O)
                                                      0.368     0.368 r  clk_IBUF_inst/INBUF_INST/O
                         net (fo=1, routed)           0.000     0.368    clk_IBUF_inst/OUT
    P11                  IBUFCTRL (Prop_IBUFCTRL_HPIOB_M_I_O)
                                                      0.000     0.368 r  clk_IBUF_inst/IBUFCTRL_INST/O
                         net (fo=1, routed)           0.189     0.557    clk_IBUF
    BUFGCE_X0Y77         BUFGCE (Prop_BUFCE_BUFGCE_I_O)
                                                      0.019     0.576 r  clk_IBUF_BUFG_inst/O
    X3Y3 (CLOCK_ROOT)    net (fo=335, routed)         0.479     1.056    u_baseline/clk_IBUF_BUFG
    SLICE_X96Y219        FDRE                                         r  u_baseline/compute_cycles_reg[9]/C
                         clock pessimism             -0.283     0.773    
    SLICE_X96Y219        FDRE (Hold_BFF_SLICEM_C_D)
                                                      0.046     0.819    u_baseline/compute_cycles_reg[9]
  -------------------------------------------------------------------
                         required time                         -0.819    
                         arrival time                           0.884    
  -------------------------------------------------------------------
                         slack                                  0.066    

Slack (MET) :             0.066ns  (arrival time - required time)
  Source:                 u_baseline/compute_cycles_reg[1]/C
                            (rising edge-triggered cell FDRE clocked by clk  {rise@0.000ns fall@2.750ns period=5.500ns})
  Destination:            u_baseline/compute_cycles_reg[1]/D
                            (rising edge-triggered cell FDRE clocked by clk  {rise@0.000ns fall@2.750ns period=5.500ns})
  Path Group:             clk
  Path Type:              Hold (Min at Fast Process Corner)
  Requirement:            0.000ns  (clk rise@0.000ns - clk rise@0.000ns)
  Data Path Delay:        0.118ns  (logic 0.056ns (47.585%)  route 0.062ns (52.415%))
  Logic Levels:           1  (CARRY8=1)
  Clock Path Skew:        0.006ns (DCD - SCD - CPR)
    Destination Clock Delay (DCD):    1.055ns
    Source Clock Delay      (SCD):    0.767ns
    Clock Pessimism Removal (CPR):    0.282ns
  Clock Net Delay (Source):      0.418ns (routing 0.000ns, distribution 0.418ns)
  Clock Net Delay (Destination): 0.478ns (routing 0.001ns, distribution 0.477ns)

    Location             Delay type                Incr(ns)  Path(ns)    Netlist Resource(s)
  -------------------------------------------------------------------    -------------------
                         (clock clk rise edge)        0.000     0.000 r  
    P11                                               0.000     0.000 r  clk (IN)
                         net (fo=0)                   0.000     0.000    clk_IBUF_inst/I
    P11                  INBUF (Prop_INBUF_HPIOB_M_PAD_O)
                                                      0.183     0.183 r  clk_IBUF_inst/INBUF_INST/O
                         net (fo=1, routed)           0.000     0.183    clk_IBUF_inst/OUT
    P11                  IBUFCTRL (Prop_IBUFCTRL_HPIOB_M_I_O)
                                                      0.000     0.183 r  clk_IBUF_inst/IBUFCTRL_INST/O
                         net (fo=1, routed)           0.149     0.332    clk_IBUF
    BUFGCE_X0Y77         BUFGCE (Prop_BUFCE_BUFGCE_I_O)
                                                      0.017     0.349 r  clk_IBUF_BUFG_inst/O
    X3Y3 (CLOCK_ROOT)    net (fo=335, routed)         0.418     0.767    u_baseline/clk_IBUF_BUFG
    SLICE_X96Y218        FDRE                                         r  u_baseline/compute_cycles_reg[1]/C
  -------------------------------------------------------------------    -------------------
    SLICE_X96Y218        FDRE (Prop_BFF_SLICEM_C_Q)
                                                      0.038     0.805 r  u_baseline/compute_cycles_reg[1]/Q
                         net (fo=2, routed)           0.055     0.859    u_baseline/compute_cycles[1]
    SLICE_X96Y218        CARRY8 (Prop_CARRY8_SLICEM_S[1]_O[1])
                                                      0.018     0.877 r  u_baseline/compute_cycles_reg[0]_i_1/O[1]
                         net (fo=1, routed)           0.007     0.884    u_baseline/compute_cycles_reg[0]_i_1_n_14
    SLICE_X96Y218        FDRE                                         r  u_baseline/compute_cycles_reg[1]/D
  -------------------------------------------------------------------    -------------------

                         (clock clk rise edge)        0.000     0.000 r  
    P11                                               0.000     0.000 r  clk (IN)
                         net (fo=0)                   0.000     0.000    clk_IBUF_inst/I
    P11                  INBUF (Prop_INBUF_HPIOB_M_PAD_O)
                                                      0.368     0.368 r  clk_IBUF_inst/INBUF_INST/O
                         net (fo=1, routed)           0.000     0.368    clk_IBUF_inst/OUT
    P11                  IBUFCTRL (Prop_IBUFCTRL_HPIOB_M_I_O)
                                                      0.000     0.368 r  clk_IBUF_inst/IBUFCTRL_INST/O
                         net (fo=1, routed)           0.189     0.557    clk_IBUF
    BUFGCE_X0Y77         BUFGCE (Prop_BUFCE_BUFGCE_I_O)
                                                      0.019     0.576 r  clk_IBUF_BUFG_inst/O
    X3Y3 (CLOCK_ROOT)    net (fo=335, routed)         0.478     1.055    u_baseline/clk_IBUF_BUFG
    SLICE_X96Y218        FDRE                                         r  u_baseline/compute_cycles_reg[1]/C
                         clock pessimism             -0.282     0.773    
    SLICE_X96Y218        FDRE (Hold_BFF_SLICEM_C_D)
                                                      0.046     0.819    u_baseline/compute_cycles_reg[1]
  -------------------------------------------------------------------
                         required time                         -0.819    
                         arrival time                           0.884    
  -------------------------------------------------------------------
                         slack                                  0.066    

Slack (MET) :             0.066ns  (arrival time - required time)
  Source:                 u_baseline/compute_cycles_reg[17]/C
                            (rising edge-triggered cell FDRE clocked by clk  {rise@0.000ns fall@2.750ns period=5.500ns})
  Destination:            u_baseline/compute_cycles_reg[17]/D
                            (rising edge-triggered cell FDRE clocked by clk  {rise@0.000ns fall@2.750ns period=5.500ns})
  Path Group:             clk
  Path Type:              Hold (Min at Fast Process Corner)
  Requirement:            0.000ns  (clk rise@0.000ns - clk rise@0.000ns)
  Data Path Delay:        0.118ns  (logic 0.056ns (47.585%)  route 0.062ns (52.415%))
  Logic Levels:           1  (CARRY8=1)
  Clock Path Skew:        0.006ns (DCD - SCD - CPR)
    Destination Clock Delay (DCD):    1.057ns
    Source Clock Delay      (SCD):    0.768ns
    Clock Pessimism Removal (CPR):    0.283ns
  Clock Net Delay (Source):      0.419ns (routing 0.000ns, distribution 0.419ns)
  Clock Net Delay (Destination): 0.480ns (routing 0.001ns, distribution 0.479ns)

    Location             Delay type                Incr(ns)  Path(ns)    Netlist Resource(s)
  -------------------------------------------------------------------    -------------------
                         (clock clk rise edge)        0.000     0.000 r  
    P11                                               0.000     0.000 r  clk (IN)
                         net (fo=0)                   0.000     0.000    clk_IBUF_inst/I
    P11                  INBUF (Prop_INBUF_HPIOB_M_PAD_O)
                                                      0.183     0.183 r  clk_IBUF_inst/INBUF_INST/O
                         net (fo=1, routed)           0.000     0.183    clk_IBUF_inst/OUT
    P11                  IBUFCTRL (Prop_IBUFCTRL_HPIOB_M_I_O)
                                                      0.000     0.183 r  clk_IBUF_inst/IBUFCTRL_INST/O
                         net (fo=1, routed)           0.149     0.332    clk_IBUF
    BUFGCE_X0Y77         BUFGCE (Prop_BUFCE_BUFGCE_I_O)
                                                      0.017     0.349 r  clk_IBUF_BUFG_inst/O
    X3Y3 (CLOCK_ROOT)    net (fo=335, routed)         0.419     0.768    u_baseline/clk_IBUF_BUFG
    SLICE_X96Y220        FDRE                                         r  u_baseline/compute_cycles_reg[17]/C
  -------------------------------------------------------------------    -------------------
    SLICE_X96Y220        FDRE (Prop_BFF_SLICEM_C_Q)
                                                      0.038     0.806 r  u_baseline/compute_cycles_reg[17]/Q
                         net (fo=2, routed)           0.055     0.860    u_baseline/compute_cycles[17]
    SLICE_X96Y220        CARRY8 (Prop_CARRY8_SLICEM_S[1]_O[1])
                                                      0.018     0.878 r  u_baseline/compute_cycles_reg[16]_i_1/O[1]
                         net (fo=1, routed)           0.007     0.885    u_baseline/compute_cycles_reg[16]_i_1_n_14
    SLICE_X96Y220        FDRE                                         r  u_baseline/compute_cycles_reg[17]/D
  -------------------------------------------------------------------    -------------------

                         (clock clk rise edge)        0.000     0.000 r  
    P11                                               0.000     0.000 r  clk (IN)
                         net (fo=0)                   0.000     0.000    clk_IBUF_inst/I
    P11                  INBUF (Prop_INBUF_HPIOB_M_PAD_O)
                                                      0.368     0.368 r  clk_IBUF_inst/INBUF_INST/O
                         net (fo=1, routed)           0.000     0.368    clk_IBUF_inst/OUT
    P11                  IBUFCTRL (Prop_IBUFCTRL_HPIOB_M_I_O)
                                                      0.000     0.368 r  clk_IBUF_inst/IBUFCTRL_INST/O
                         net (fo=1, routed)           0.189     0.557    clk_IBUF
    BUFGCE_X0Y77         BUFGCE (Prop_BUFCE_BUFGCE_I_O)
                                                      0.019     0.576 r  clk_IBUF_BUFG_inst/O
    X3Y3 (CLOCK_ROOT)    net (fo=335, routed)         0.480     1.057    u_baseline/clk_IBUF_BUFG
    SLICE_X96Y220        FDRE                                         r  u_baseline/compute_cycles_reg[17]/C
                         clock pessimism             -0.283     0.774    
    SLICE_X96Y220        FDRE (Hold_BFF_SLICEM_C_D)
                                                      0.046     0.820    u_baseline/compute_cycles_reg[17]
  -------------------------------------------------------------------
                         required time                         -0.820    
                         arrival time                           0.885    
  -------------------------------------------------------------------
                         slack                                  0.066    

Slack (MET) :             0.066ns  (arrival time - required time)
  Source:                 u_baseline/compute_cycles_reg[25]/C
                            (rising edge-triggered cell FDRE clocked by clk  {rise@0.000ns fall@2.750ns period=5.500ns})
  Destination:            u_baseline/compute_cycles_reg[25]/D
                            (rising edge-triggered cell FDRE clocked by clk  {rise@0.000ns fall@2.750ns period=5.500ns})
  Path Group:             clk
  Path Type:              Hold (Min at Fast Process Corner)
  Requirement:            0.000ns  (clk rise@0.000ns - clk rise@0.000ns)
  Data Path Delay:        0.118ns  (logic 0.056ns (47.585%)  route 0.062ns (52.415%))
  Logic Levels:           1  (CARRY8=1)
  Clock Path Skew:        0.006ns (DCD - SCD - CPR)
    Destination Clock Delay (DCD):    1.057ns
    Source Clock Delay      (SCD):    0.768ns
    Clock Pessimism Removal (CPR):    0.283ns
  Clock Net Delay (Source):      0.419ns (routing 0.000ns, distribution 0.419ns)
  Clock Net Delay (Destination): 0.480ns (routing 0.001ns, distribution 0.479ns)

    Location             Delay type                Incr(ns)  Path(ns)    Netlist Resource(s)
  -------------------------------------------------------------------    -------------------
                         (clock clk rise edge)        0.000     0.000 r  
    P11                                               0.000     0.000 r  clk (IN)
                         net (fo=0)                   0.000     0.000    clk_IBUF_inst/I
    P11                  INBUF (Prop_INBUF_HPIOB_M_PAD_O)
                                                      0.183     0.183 r  clk_IBUF_inst/INBUF_INST/O
                         net (fo=1, routed)           0.000     0.183    clk_IBUF_inst/OUT
    P11                  IBUFCTRL (Prop_IBUFCTRL_HPIOB_M_I_O)
                                                      0.000     0.183 r  clk_IBUF_inst/IBUFCTRL_INST/O
                         net (fo=1, routed)           0.149     0.332    clk_IBUF
    BUFGCE_X0Y77         BUFGCE (Prop_BUFCE_BUFGCE_I_O)
                                                      0.017     0.349 r  clk_IBUF_BUFG_inst/O
    X3Y3 (CLOCK_ROOT)    net (fo=335, routed)         0.419     0.768    u_baseline/clk_IBUF_BUFG
    SLICE_X96Y221        FDRE                                         r  u_baseline/compute_cycles_reg[25]/C
  -------------------------------------------------------------------    -------------------
    SLICE_X96Y221        FDRE (Prop_BFF_SLICEM_C_Q)
                                                      0.038     0.806 r  u_baseline/compute_cycles_reg[25]/Q
                         net (fo=2, routed)           0.055     0.860    u_baseline/compute_cycles[25]
    SLICE_X96Y221        CARRY8 (Prop_CARRY8_SLICEM_S[1]_O[1])
                                                      0.018     0.878 r  u_baseline/compute_cycles_reg[24]_i_1/O[1]
                         net (fo=1, routed)           0.007     0.885    u_baseline/compute_cycles_reg[24]_i_1_n_14
    SLICE_X96Y221        FDRE                                         r  u_baseline/compute_cycles_reg[25]/D
  -------------------------------------------------------------------    -------------------

                         (clock clk rise edge)        0.000     0.000 r  
    P11                                               0.000     0.000 r  clk (IN)
                         net (fo=0)                   0.000     0.000    clk_IBUF_inst/I
    P11                  INBUF (Prop_INBUF_HPIOB_M_PAD_O)
                                                      0.368     0.368 r  clk_IBUF_inst/INBUF_INST/O
                         net (fo=1, routed)           0.000     0.368    clk_IBUF_inst/OUT
    P11                  IBUFCTRL (Prop_IBUFCTRL_HPIOB_M_I_O)
                                                      0.000     0.368 r  clk_IBUF_inst/IBUFCTRL_INST/O
                         net (fo=1, routed)           0.189     0.557    clk_IBUF
    BUFGCE_X0Y77         BUFGCE (Prop_BUFCE_BUFGCE_I_O)
                                                      0.019     0.576 r  clk_IBUF_BUFG_inst/O
    X3Y3 (CLOCK_ROOT)    net (fo=335, routed)         0.480     1.057    u_baseline/clk_IBUF_BUFG
    SLICE_X96Y221        FDRE                                         r  u_baseline/compute_cycles_reg[25]/C
                         clock pessimism             -0.283     0.774    
    SLICE_X96Y221        FDRE (Hold_BFF_SLICEM_C_D)
                                                      0.046     0.820    u_baseline/compute_cycles_reg[25]
  -------------------------------------------------------------------
                         required time                         -0.820    
                         arrival time                           0.885    
  -------------------------------------------------------------------
                         slack                                  0.066    

Slack (MET) :             0.067ns  (arrival time - required time)
  Source:                 u_baseline/out_idx_q_reg[1]/C
                            (rising edge-triggered cell FDRE clocked by clk  {rise@0.000ns fall@2.750ns period=5.500ns})
  Destination:            u_baseline/out_idx_q_reg[2]/D
                            (rising edge-triggered cell FDRE clocked by clk  {rise@0.000ns fall@2.750ns period=5.500ns})
  Path Group:             clk
  Path Type:              Hold (Min at Fast Process Corner)
  Requirement:            0.000ns  (clk rise@0.000ns - clk rise@0.000ns)
  Data Path Delay:        0.120ns  (logic 0.076ns (63.484%)  route 0.044ns (36.516%))
  Logic Levels:           1  (LUT3=1)
  Clock Path Skew:        0.006ns (DCD - SCD - CPR)
    Destination Clock Delay (DCD):    1.072ns
    Source Clock Delay      (SCD):    0.781ns
    Clock Pessimism Removal (CPR):    0.285ns
  Clock Net Delay (Source):      0.432ns (routing 0.000ns, distribution 0.432ns)
  Clock Net Delay (Destination): 0.495ns (routing 0.001ns, distribution 0.494ns)

    Location             Delay type                Incr(ns)  Path(ns)    Netlist Resource(s)
  -------------------------------------------------------------------    -------------------
                         (clock clk rise edge)        0.000     0.000 r  
    P11                                               0.000     0.000 r  clk (IN)
                         net (fo=0)                   0.000     0.000    clk_IBUF_inst/I
    P11                  INBUF (Prop_INBUF_HPIOB_M_PAD_O)
                                                      0.183     0.183 r  clk_IBUF_inst/INBUF_INST/O
                         net (fo=1, routed)           0.000     0.183    clk_IBUF_inst/OUT
    P11                  IBUFCTRL (Prop_IBUFCTRL_HPIOB_M_I_O)
                                                      0.000     0.183 r  clk_IBUF_inst/IBUFCTRL_INST/O
                         net (fo=1, routed)           0.149     0.332    clk_IBUF
    BUFGCE_X0Y77         BUFGCE (Prop_BUFCE_BUFGCE_I_O)
                                                      0.017     0.349 r  clk_IBUF_BUFG_inst/O
    X3Y3 (CLOCK_ROOT)    net (fo=335, routed)         0.432     0.781    u_baseline/clk_IBUF_BUFG
    SLICE_X88Y217        FDRE                                         r  u_baseline/out_idx_q_reg[1]/C
  -------------------------------------------------------------------    -------------------
    SLICE_X88Y217        FDRE (Prop_DFF_SLICEM_C_Q)
                                                      0.039     0.820 r  u_baseline/out_idx_q_reg[1]/Q
                         net (fo=35, routed)          0.035     0.854    u_baseline/out_idx_q_reg[1]
    SLICE_X88Y217        LUT3 (Prop_D5LUT_SLICEM_I0_O)
                                                      0.037     0.891 r  u_baseline/out_idx_q[2]_i_1/O
                         net (fo=1, routed)           0.009     0.900    u_baseline/out_idx_q[2]_i_1_n_0
    SLICE_X88Y217        FDRE                                         r  u_baseline/out_idx_q_reg[2]/D
  -------------------------------------------------------------------    -------------------

                         (clock clk rise edge)        0.000     0.000 r  
    P11                                               0.000     0.000 r  clk (IN)
                         net (fo=0)                   0.000     0.000    clk_IBUF_inst/I
    P11                  INBUF (Prop_INBUF_HPIOB_M_PAD_O)
                                                      0.368     0.368 r  clk_IBUF_inst/INBUF_INST/O
                         net (fo=1, routed)           0.000     0.368    clk_IBUF_inst/OUT
    P11                  IBUFCTRL (Prop_IBUFCTRL_HPIOB_M_I_O)
                                                      0.000     0.368 r  clk_IBUF_inst/IBUFCTRL_INST/O
                         net (fo=1, routed)           0.189     0.557    clk_IBUF
    BUFGCE_X0Y77         BUFGCE (Prop_BUFCE_BUFGCE_I_O)
                                                      0.019     0.576 r  clk_IBUF_BUFG_inst/O
    X3Y3 (CLOCK_ROOT)    net (fo=335, routed)         0.495     1.072    u_baseline/clk_IBUF_BUFG
    SLICE_X88Y217        FDRE                                         r  u_baseline/out_idx_q_reg[2]/C
                         clock pessimism             -0.285     0.787    
    SLICE_X88Y217        FDRE (Hold_DFF2_SLICEM_C_D)
                                                      0.047     0.834    u_baseline/out_idx_q_reg[2]
  -------------------------------------------------------------------
                         required time                         -0.834    
                         arrival time                           0.900    
  -------------------------------------------------------------------
                         slack                                  0.067    

Slack (MET) :             0.067ns  (arrival time - required time)
  Source:                 u_baseline/acc_q_reg[23]/C
                            (rising edge-triggered cell FDRE clocked by clk  {rise@0.000ns fall@2.750ns period=5.500ns})
  Destination:            u_baseline/out_data_reg[23]/D
                            (rising edge-triggered cell FDRE clocked by clk  {rise@0.000ns fall@2.750ns period=5.500ns})
  Path Group:             clk
  Path Type:              Hold (Min at Fast Process Corner)
  Requirement:            0.000ns  (clk rise@0.000ns - clk rise@0.000ns)
  Data Path Delay:        0.158ns  (logic 0.039ns (24.669%)  route 0.119ns (75.331%))
  Logic Levels:           0  
  Clock Path Skew:        0.044ns (DCD - SCD - CPR)
    Destination Clock Delay (DCD):    1.066ns
    Source Clock Delay      (SCD):    0.783ns
    Clock Pessimism Removal (CPR):    0.239ns
  Clock Net Delay (Source):      0.434ns (routing 0.000ns, distribution 0.434ns)
  Clock Net Delay (Destination): 0.489ns (routing 0.001ns, distribution 0.488ns)

    Location             Delay type                Incr(ns)  Path(ns)    Netlist Resource(s)
  -------------------------------------------------------------------    -------------------
                         (clock clk rise edge)        0.000     0.000 r  
    P11                                               0.000     0.000 r  clk (IN)
                         net (fo=0)                   0.000     0.000    clk_IBUF_inst/I
    P11                  INBUF (Prop_INBUF_HPIOB_M_PAD_O)
                                                      0.183     0.183 r  clk_IBUF_inst/INBUF_INST/O
                         net (fo=1, routed)           0.000     0.183    clk_IBUF_inst/OUT
    P11                  IBUFCTRL (Prop_IBUFCTRL_HPIOB_M_I_O)
                                                      0.000     0.183 r  clk_IBUF_inst/IBUFCTRL_INST/O
                         net (fo=1, routed)           0.149     0.332    clk_IBUF
    BUFGCE_X0Y77         BUFGCE (Prop_BUFCE_BUFGCE_I_O)
                                                      0.017     0.349 r  clk_IBUF_BUFG_inst/O
    X3Y3 (CLOCK_ROOT)    net (fo=335, routed)         0.434     0.783    u_baseline/clk_IBUF_BUFG
    SLICE_X89Y220        FDRE                                         r  u_baseline/acc_q_reg[23]/C
  -------------------------------------------------------------------    -------------------
    SLICE_X89Y220        FDRE (Prop_HFF_SLICEL_C_Q)
                                                      0.039     0.822 r  u_baseline/acc_q_reg[23]/Q
                         net (fo=2, routed)           0.119     0.941    u_baseline/acc_q_reg[23]
    SLICE_X90Y216        FDRE                                         r  u_baseline/out_data_reg[23]/D
  -------------------------------------------------------------------    -------------------

                         (clock clk rise edge)        0.000     0.000 r  
    P11                                               0.000     0.000 r  clk (IN)
                         net (fo=0)                   0.000     0.000    clk_IBUF_inst/I
    P11                  INBUF (Prop_INBUF_HPIOB_M_PAD_O)
                                                      0.368     0.368 r  clk_IBUF_inst/INBUF_INST/O
                         net (fo=1, routed)           0.000     0.368    clk_IBUF_inst/OUT
    P11                  IBUFCTRL (Prop_IBUFCTRL_HPIOB_M_I_O)
                                                      0.000     0.368 r  clk_IBUF_inst/IBUFCTRL_INST/O
                         net (fo=1, routed)           0.189     0.557    clk_IBUF
    BUFGCE_X0Y77         BUFGCE (Prop_BUFCE_BUFGCE_I_O)
                                                      0.019     0.576 r  clk_IBUF_BUFG_inst/O
    X3Y3 (CLOCK_ROOT)    net (fo=335, routed)         0.489     1.066    u_baseline/clk_IBUF_BUFG
    SLICE_X90Y216        FDRE                                         r  u_baseline/out_data_reg[23]/C
                         clock pessimism             -0.239     0.826    
    SLICE_X90Y216        FDRE (Hold_EFF2_SLICEM_C_D)
                                                      0.047     0.873    u_baseline/out_data_reg[23]
  -------------------------------------------------------------------
                         required time                         -0.873    
                         arrival time                           0.941    
  -------------------------------------------------------------------
                         slack                                  0.067    

Slack (MET) :             0.068ns  (arrival time - required time)
  Source:                 u_baseline/acc_q_reg[14]/C
                            (rising edge-triggered cell FDRE clocked by clk  {rise@0.000ns fall@2.750ns period=5.500ns})
  Destination:            u_baseline/acc_q_reg[14]/D
                            (rising edge-triggered cell FDRE clocked by clk  {rise@0.000ns fall@2.750ns period=5.500ns})
  Path Group:             clk
  Path Type:              Hold (Min at Fast Process Corner)
  Requirement:            0.000ns  (clk rise@0.000ns - clk rise@0.000ns)
  Data Path Delay:        0.120ns  (logic 0.078ns (65.172%)  route 0.042ns (34.828%))
  Logic Levels:           2  (CARRY8=1 LUT2=1)
  Clock Path Skew:        0.006ns (DCD - SCD - CPR)
    Destination Clock Delay (DCD):    1.072ns
    Source Clock Delay      (SCD):    0.782ns
    Clock Pessimism Removal (CPR):    0.284ns
  Clock Net Delay (Source):      0.433ns (routing 0.000ns, distribution 0.433ns)
  Clock Net Delay (Destination): 0.495ns (routing 0.001ns, distribution 0.494ns)

    Location             Delay type                Incr(ns)  Path(ns)    Netlist Resource(s)
  -------------------------------------------------------------------    -------------------
                         (clock clk rise edge)        0.000     0.000 r  
    P11                                               0.000     0.000 r  clk (IN)
                         net (fo=0)                   0.000     0.000    clk_IBUF_inst/I
    P11                  INBUF (Prop_INBUF_HPIOB_M_PAD_O)
                                                      0.183     0.183 r  clk_IBUF_inst/INBUF_INST/O
                         net (fo=1, routed)           0.000     0.183    clk_IBUF_inst/OUT
    P11                  IBUFCTRL (Prop_IBUFCTRL_HPIOB_M_I_O)
                                                      0.000     0.183 r  clk_IBUF_inst/IBUFCTRL_INST/O
                         net (fo=1, routed)           0.149     0.332    clk_IBUF
    BUFGCE_X0Y77         BUFGCE (Prop_BUFCE_BUFGCE_I_O)
                                                      0.017     0.349 r  clk_IBUF_BUFG_inst/O
    X3Y3 (CLOCK_ROOT)    net (fo=335, routed)         0.433     0.782    u_baseline/clk_IBUF_BUFG
    SLICE_X89Y219        FDRE                                         r  u_baseline/acc_q_reg[14]/C
  -------------------------------------------------------------------    -------------------
    SLICE_X89Y219        FDRE (Prop_GFF_SLICEL_C_Q)
                                                      0.039     0.821 r  u_baseline/acc_q_reg[14]/Q
                         net (fo=2, routed)           0.028     0.848    u_baseline/acc_q_reg[14]
    SLICE_X89Y219        LUT2 (Prop_G6LUT_SLICEL_I1_O)
                                                      0.022     0.870 r  u_baseline/acc_q[8]_i_3/O
                         net (fo=1, routed)           0.007     0.877    u_baseline/acc_q[8]_i_3_n_0
    SLICE_X89Y219        CARRY8 (Prop_CARRY8_SLICEL_S[6]_O[6])
                                                      0.017     0.894 r  u_baseline/acc_q_reg[8]_i_1/O[6]
                         net (fo=1, routed)           0.007     0.901    u_baseline/acc_q_reg[8]_i_1_n_9
    SLICE_X89Y219        FDRE                                         r  u_baseline/acc_q_reg[14]/D
  -------------------------------------------------------------------    -------------------

                         (clock clk rise edge)        0.000     0.000 r  
    P11                                               0.000     0.000 r  clk (IN)
                         net (fo=0)                   0.000     0.000    clk_IBUF_inst/I
    P11                  INBUF (Prop_INBUF_HPIOB_M_PAD_O)
                                                      0.368     0.368 r  clk_IBUF_inst/INBUF_INST/O
                         net (fo=1, routed)           0.000     0.368    clk_IBUF_inst/OUT
    P11                  IBUFCTRL (Prop_IBUFCTRL_HPIOB_M_I_O)
                                                      0.000     0.368 r  clk_IBUF_inst/IBUFCTRL_INST/O
                         net (fo=1, routed)           0.189     0.557    clk_IBUF
    BUFGCE_X0Y77         BUFGCE (Prop_BUFCE_BUFGCE_I_O)
                                                      0.019     0.576 r  clk_IBUF_BUFG_inst/O
    X3Y3 (CLOCK_ROOT)    net (fo=335, routed)         0.495     1.072    u_baseline/clk_IBUF_BUFG
    SLICE_X89Y219        FDRE                                         r  u_baseline/acc_q_reg[14]/C
                         clock pessimism             -0.284     0.788    
    SLICE_X89Y219        FDRE (Hold_GFF_SLICEL_C_D)
                                                      0.046     0.834    u_baseline/acc_q_reg[14]
  -------------------------------------------------------------------
                         required time                         -0.834    
                         arrival time                           0.901    
  -------------------------------------------------------------------
                         slack                                  0.068    

Slack (MET) :             0.068ns  (arrival time - required time)
  Source:                 u_baseline/acc_q_reg[6]/C
                            (rising edge-triggered cell FDRE clocked by clk  {rise@0.000ns fall@2.750ns period=5.500ns})
  Destination:            u_baseline/acc_q_reg[6]/D
                            (rising edge-triggered cell FDRE clocked by clk  {rise@0.000ns fall@2.750ns period=5.500ns})
  Path Group:             clk
  Path Type:              Hold (Min at Fast Process Corner)
  Requirement:            0.000ns  (clk rise@0.000ns - clk rise@0.000ns)
  Data Path Delay:        0.120ns  (logic 0.078ns (65.172%)  route 0.042ns (34.828%))
  Logic Levels:           2  (CARRY8=1 LUT2=1)
  Clock Path Skew:        0.006ns (DCD - SCD - CPR)
    Destination Clock Delay (DCD):    1.079ns
    Source Clock Delay      (SCD):    0.789ns
    Clock Pessimism Removal (CPR):    0.284ns
  Clock Net Delay (Source):      0.440ns (routing 0.000ns, distribution 0.440ns)
  Clock Net Delay (Destination): 0.503ns (routing 0.001ns, distribution 0.502ns)

    Location             Delay type                Incr(ns)  Path(ns)    Netlist Resource(s)
  -------------------------------------------------------------------    -------------------
                         (clock clk rise edge)        0.000     0.000 r  
    P11                                               0.000     0.000 r  clk (IN)
                         net (fo=0)                   0.000     0.000    clk_IBUF_inst/I
    P11                  INBUF (Prop_INBUF_HPIOB_M_PAD_O)
                                                      0.183     0.183 r  clk_IBUF_inst/INBUF_INST/O
                         net (fo=1, routed)           0.000     0.183    clk_IBUF_inst/OUT
    P11                  IBUFCTRL (Prop_IBUFCTRL_HPIOB_M_I_O)
                                                      0.000     0.183 r  clk_IBUF_inst/IBUFCTRL_INST/O
                         net (fo=1, routed)           0.149     0.332    clk_IBUF
    BUFGCE_X0Y77         BUFGCE (Prop_BUFCE_BUFGCE_I_O)
                                                      0.017     0.349 r  clk_IBUF_BUFG_inst/O
    X3Y3 (CLOCK_ROOT)    net (fo=335, routed)         0.440     0.789    u_baseline/clk_IBUF_BUFG
    SLICE_X89Y218        FDRE                                         r  u_baseline/acc_q_reg[6]/C
  -------------------------------------------------------------------    -------------------
    SLICE_X89Y218        FDRE (Prop_GFF_SLICEL_C_Q)
                                                      0.039     0.828 r  u_baseline/acc_q_reg[6]/Q
                         net (fo=2, routed)           0.028     0.855    u_baseline/acc_q_reg[6]
    SLICE_X89Y218        LUT2 (Prop_G6LUT_SLICEL_I1_O)
                                                      0.022     0.877 r  u_baseline/acc_q[0]_i_5/O
                         net (fo=1, routed)           0.007     0.884    u_baseline/acc_q[0]_i_5_n_0
    SLICE_X89Y218        CARRY8 (Prop_CARRY8_SLICEL_S[6]_O[6])
                                                      0.017     0.901 r  u_baseline/acc_q_reg[0]_i_3/O[6]
                         net (fo=1, routed)           0.007     0.908    u_baseline/acc_q_reg[0]_i_3_n_9
    SLICE_X89Y218        FDRE                                         r  u_baseline/acc_q_reg[6]/D
  -------------------------------------------------------------------    -------------------

                         (clock clk rise edge)        0.000     0.000 r  
    P11                                               0.000     0.000 r  clk (IN)
                         net (fo=0)                   0.000     0.000    clk_IBUF_inst/I
    P11                  INBUF (Prop_INBUF_HPIOB_M_PAD_O)
                                                      0.368     0.368 r  clk_IBUF_inst/INBUF_INST/O
                         net (fo=1, routed)           0.000     0.368    clk_IBUF_inst/OUT
    P11                  IBUFCTRL (Prop_IBUFCTRL_HPIOB_M_I_O)
                                                      0.000     0.368 r  clk_IBUF_inst/IBUFCTRL_INST/O
                         net (fo=1, routed)           0.189     0.557    clk_IBUF
    BUFGCE_X0Y77         BUFGCE (Prop_BUFCE_BUFGCE_I_O)
                                                      0.019     0.576 r  clk_IBUF_BUFG_inst/O
    X3Y3 (CLOCK_ROOT)    net (fo=335, routed)         0.503     1.079    u_baseline/clk_IBUF_BUFG
    SLICE_X89Y218        FDRE                                         r  u_baseline/acc_q_reg[6]/C
                         clock pessimism             -0.284     0.795    
    SLICE_X89Y218        FDRE (Hold_GFF_SLICEL_C_D)
                                                      0.046     0.841    u_baseline/acc_q_reg[6]
  -------------------------------------------------------------------
                         required time                         -0.841    
                         arrival time                           0.908    
  -------------------------------------------------------------------
                         slack                                  0.068    

Slack (MET) :             0.068ns  (arrival time - required time)
  Source:                 u_baseline/acc_q_reg[17]/C
                            (rising edge-triggered cell FDRE clocked by clk  {rise@0.000ns fall@2.750ns period=5.500ns})
  Destination:            u_baseline/acc_q_reg[17]/D
                            (rising edge-triggered cell FDRE clocked by clk  {rise@0.000ns fall@2.750ns period=5.500ns})
  Path Group:             clk
  Path Type:              Hold (Min at Fast Process Corner)
  Requirement:            0.000ns  (clk rise@0.000ns - clk rise@0.000ns)
  Data Path Delay:        0.120ns  (logic 0.079ns (66.008%)  route 0.041ns (33.992%))
  Logic Levels:           2  (CARRY8=1 LUT2=1)
  Clock Path Skew:        0.006ns (DCD - SCD - CPR)
    Destination Clock Delay (DCD):    1.069ns
    Source Clock Delay      (SCD):    0.780ns
    Clock Pessimism Removal (CPR):    0.283ns
  Clock Net Delay (Source):      0.431ns (routing 0.000ns, distribution 0.431ns)
  Clock Net Delay (Destination): 0.492ns (routing 0.001ns, distribution 0.491ns)

    Location             Delay type                Incr(ns)  Path(ns)    Netlist Resource(s)
  -------------------------------------------------------------------    -------------------
                         (clock clk rise edge)        0.000     0.000 r  
    P11                                               0.000     0.000 r  clk (IN)
                         net (fo=0)                   0.000     0.000    clk_IBUF_inst/I
    P11                  INBUF (Prop_INBUF_HPIOB_M_PAD_O)
                                                      0.183     0.183 r  clk_IBUF_inst/INBUF_INST/O
                         net (fo=1, routed)           0.000     0.183    clk_IBUF_inst/OUT
    P11                  IBUFCTRL (Prop_IBUFCTRL_HPIOB_M_I_O)
                                                      0.000     0.183 r  clk_IBUF_inst/IBUFCTRL_INST/O
                         net (fo=1, routed)           0.149     0.332    clk_IBUF
    BUFGCE_X0Y77         BUFGCE (Prop_BUFCE_BUFGCE_I_O)
                                                      0.017     0.349 r  clk_IBUF_BUFG_inst/O
    X3Y3 (CLOCK_ROOT)    net (fo=335, routed)         0.431     0.780    u_baseline/clk_IBUF_BUFG
    SLICE_X89Y220        FDRE                                         r  u_baseline/acc_q_reg[17]/C
  -------------------------------------------------------------------    -------------------
    SLICE_X89Y220        FDRE (Prop_BFF_SLICEL_C_Q)
                                                      0.039     0.819 r  u_baseline/acc_q_reg[17]/Q
                         net (fo=2, routed)           0.027     0.845    u_baseline/acc_q_reg[17]
    SLICE_X89Y220        LUT2 (Prop_B6LUT_SLICEL_I1_O)
                                                      0.023     0.868 r  u_baseline/acc_q[16]_i_8/O
                         net (fo=1, routed)           0.007     0.875    u_baseline/acc_q[16]_i_8_n_0
    SLICE_X89Y220        CARRY8 (Prop_CARRY8_SLICEL_S[1]_O[1])
                                                      0.017     0.892 r  u_baseline/acc_q_reg[16]_i_1/O[1]
                         net (fo=1, routed)           0.007     0.899    u_baseline/acc_q_reg[16]_i_1_n_14
    SLICE_X89Y220        FDRE                                         r  u_baseline/acc_q_reg[17]/D
  -------------------------------------------------------------------    -------------------

                         (clock clk rise edge)        0.000     0.000 r  
    P11                                               0.000     0.000 r  clk (IN)
                         net (fo=0)                   0.000     0.000    clk_IBUF_inst/I
    P11                  INBUF (Prop_INBUF_HPIOB_M_PAD_O)
                                                      0.368     0.368 r  clk_IBUF_inst/INBUF_INST/O
                         net (fo=1, routed)           0.000     0.368    clk_IBUF_inst/OUT
    P11                  IBUFCTRL (Prop_IBUFCTRL_HPIOB_M_I_O)
                                                      0.000     0.368 r  clk_IBUF_inst/IBUFCTRL_INST/O
                         net (fo=1, routed)           0.189     0.557    clk_IBUF
    BUFGCE_X0Y77         BUFGCE (Prop_BUFCE_BUFGCE_I_O)
                                                      0.019     0.576 r  clk_IBUF_BUFG_inst/O
    X3Y3 (CLOCK_ROOT)    net (fo=335, routed)         0.492     1.069    u_baseline/clk_IBUF_BUFG
    SLICE_X89Y220        FDRE                                         r  u_baseline/acc_q_reg[17]/C
                         clock pessimism             -0.283     0.786    
    SLICE_X89Y220        FDRE (Hold_BFF_SLICEL_C_D)
                                                      0.046     0.832    u_baseline/acc_q_reg[17]
  -------------------------------------------------------------------
                         required time                         -0.832    
                         arrival time                           0.899    
  -------------------------------------------------------------------
                         slack                                  0.068    

Slack (MET) :             0.068ns  (arrival time - required time)
  Source:                 u_baseline/acc_q_reg[22]/C
                            (rising edge-triggered cell FDRE clocked by clk  {rise@0.000ns fall@2.750ns period=5.500ns})
  Destination:            u_baseline/acc_q_reg[22]/D
                            (rising edge-triggered cell FDRE clocked by clk  {rise@0.000ns fall@2.750ns period=5.500ns})
  Path Group:             clk
  Path Type:              Hold (Min at Fast Process Corner)
  Requirement:            0.000ns  (clk rise@0.000ns - clk rise@0.000ns)
  Data Path Delay:        0.120ns  (logic 0.078ns (65.172%)  route 0.042ns (34.828%))
  Logic Levels:           2  (CARRY8=1 LUT2=1)
  Clock Path Skew:        0.006ns (DCD - SCD - CPR)
    Destination Clock Delay (DCD):    1.073ns
    Source Clock Delay      (SCD):    0.783ns
    Clock Pessimism Removal (CPR):    0.284ns
  Clock Net Delay (Source):      0.434ns (routing 0.000ns, distribution 0.434ns)
  Clock Net Delay (Destination): 0.496ns (routing 0.001ns, distribution 0.495ns)

    Location             Delay type                Incr(ns)  Path(ns)    Netlist Resource(s)
  -------------------------------------------------------------------    -------------------
                         (clock clk rise edge)        0.000     0.000 r  
    P11                                               0.000     0.000 r  clk (IN)
                         net (fo=0)                   0.000     0.000    clk_IBUF_inst/I
    P11                  INBUF (Prop_INBUF_HPIOB_M_PAD_O)
                                                      0.183     0.183 r  clk_IBUF_inst/INBUF_INST/O
                         net (fo=1, routed)           0.000     0.183    clk_IBUF_inst/OUT
    P11                  IBUFCTRL (Prop_IBUFCTRL_HPIOB_M_I_O)
                                                      0.000     0.183 r  clk_IBUF_inst/IBUFCTRL_INST/O
                         net (fo=1, routed)           0.149     0.332    clk_IBUF
    BUFGCE_X0Y77         BUFGCE (Prop_BUFCE_BUFGCE_I_O)
                                                      0.017     0.349 r  clk_IBUF_BUFG_inst/O
    X3Y3 (CLOCK_ROOT)    net (fo=335, routed)         0.434     0.783    u_baseline/clk_IBUF_BUFG
    SLICE_X89Y220        FDRE                                         r  u_baseline/acc_q_reg[22]/C
  -------------------------------------------------------------------    -------------------
    SLICE_X89Y220        FDRE (Prop_GFF_SLICEL_C_Q)
                                                      0.039     0.822 r  u_baseline/acc_q_reg[22]/Q
                         net (fo=2, routed)           0.028     0.849    u_baseline/acc_q_reg[22]
    SLICE_X89Y220        LUT2 (Prop_G6LUT_SLICEL_I1_O)
                                                      0.022     0.871 r  u_baseline/acc_q[16]_i_3/O
                         net (fo=1, routed)           0.007     0.878    u_baseline/acc_q[16]_i_3_n_0
    SLICE_X89Y220        CARRY8 (Prop_CARRY8_SLICEL_S[6]_O[6])
                                                      0.017     0.895 r  u_baseline/acc_q_reg[16]_i_1/O[6]
                         net (fo=1, routed)           0.007     0.902    u_baseline/acc_q_reg[16]_i_1_n_9
    SLICE_X89Y220        FDRE                                         r  u_baseline/acc_q_reg[22]/D
  -------------------------------------------------------------------    -------------------

                         (clock clk rise edge)        0.000     0.000 r  
    P11                                               0.000     0.000 r  clk (IN)
                         net (fo=0)                   0.000     0.000    clk_IBUF_inst/I
    P11                  INBUF (Prop_INBUF_HPIOB_M_PAD_O)
                                                      0.368     0.368 r  clk_IBUF_inst/INBUF_INST/O
                         net (fo=1, routed)           0.000     0.368    clk_IBUF_inst/OUT
    P11                  IBUFCTRL (Prop_IBUFCTRL_HPIOB_M_I_O)
                                                      0.000     0.368 r  clk_IBUF_inst/IBUFCTRL_INST/O
                         net (fo=1, routed)           0.189     0.557    clk_IBUF
    BUFGCE_X0Y77         BUFGCE (Prop_BUFCE_BUFGCE_I_O)
                                                      0.019     0.576 r  clk_IBUF_BUFG_inst/O
    X3Y3 (CLOCK_ROOT)    net (fo=335, routed)         0.496     1.073    u_baseline/clk_IBUF_BUFG
    SLICE_X89Y220        FDRE                                         r  u_baseline/acc_q_reg[22]/C
                         clock pessimism             -0.284     0.789    
    SLICE_X89Y220        FDRE (Hold_GFF_SLICEL_C_D)
                                                      0.046     0.835    u_baseline/acc_q_reg[22]
  -------------------------------------------------------------------
                         required time                         -0.835    
                         arrival time                           0.902    
  -------------------------------------------------------------------
                         slack                                  0.068    

Slack (MET) :             0.068ns  (arrival time - required time)
  Source:                 u_baseline/acc_q_reg[25]/C
                            (rising edge-triggered cell FDRE clocked by clk  {rise@0.000ns fall@2.750ns period=5.500ns})
  Destination:            u_baseline/acc_q_reg[25]/D
                            (rising edge-triggered cell FDRE clocked by clk  {rise@0.000ns fall@2.750ns period=5.500ns})
  Path Group:             clk
  Path Type:              Hold (Min at Fast Process Corner)
  Requirement:            0.000ns  (clk rise@0.000ns - clk rise@0.000ns)
  Data Path Delay:        0.120ns  (logic 0.079ns (66.008%)  route 0.041ns (33.992%))
  Logic Levels:           2  (CARRY8=1 LUT2=1)
  Clock Path Skew:        0.006ns (DCD - SCD - CPR)
    Destination Clock Delay (DCD):    1.069ns
    Source Clock Delay      (SCD):    0.780ns
    Clock Pessimism Removal (CPR):    0.283ns
  Clock Net Delay (Source):      0.431ns (routing 0.000ns, distribution 0.431ns)
  Clock Net Delay (Destination): 0.492ns (routing 0.001ns, distribution 0.491ns)

    Location             Delay type                Incr(ns)  Path(ns)    Netlist Resource(s)
  -------------------------------------------------------------------    -------------------
                         (clock clk rise edge)        0.000     0.000 r  
    P11                                               0.000     0.000 r  clk (IN)
                         net (fo=0)                   0.000     0.000    clk_IBUF_inst/I
    P11                  INBUF (Prop_INBUF_HPIOB_M_PAD_O)
                                                      0.183     0.183 r  clk_IBUF_inst/INBUF_INST/O
                         net (fo=1, routed)           0.000     0.183    clk_IBUF_inst/OUT
    P11                  IBUFCTRL (Prop_IBUFCTRL_HPIOB_M_I_O)
                                                      0.000     0.183 r  clk_IBUF_inst/IBUFCTRL_INST/O
                         net (fo=1, routed)           0.149     0.332    clk_IBUF
    BUFGCE_X0Y77         BUFGCE (Prop_BUFCE_BUFGCE_I_O)
                                                      0.017     0.349 r  clk_IBUF_BUFG_inst/O
    X3Y3 (CLOCK_ROOT)    net (fo=335, routed)         0.431     0.780    u_baseline/clk_IBUF_BUFG
    SLICE_X89Y221        FDRE                                         r  u_baseline/acc_q_reg[25]/C
  -------------------------------------------------------------------    -------------------
    SLICE_X89Y221        FDRE (Prop_BFF_SLICEL_C_Q)
                                                      0.039     0.819 r  u_baseline/acc_q_reg[25]/Q
                         net (fo=2, routed)           0.027     0.845    u_baseline/acc_q_reg[25]
    SLICE_X89Y221        LUT2 (Prop_B6LUT_SLICEL_I1_O)
                                                      0.023     0.868 r  u_baseline/acc_q[24]_i_8/O
                         net (fo=1, routed)           0.007     0.875    u_baseline/acc_q[24]_i_8_n_0
    SLICE_X89Y221        CARRY8 (Prop_CARRY8_SLICEL_S[1]_O[1])
                                                      0.017     0.892 r  u_baseline/acc_q_reg[24]_i_1/O[1]
                         net (fo=1, routed)           0.007     0.899    u_baseline/acc_q_reg[24]_i_1_n_14
    SLICE_X89Y221        FDRE                                         r  u_baseline/acc_q_reg[25]/D
  -------------------------------------------------------------------    -------------------

                         (clock clk rise edge)        0.000     0.000 r  
    P11                                               0.000     0.000 r  clk (IN)
                         net (fo=0)                   0.000     0.000    clk_IBUF_inst/I
    P11                  INBUF (Prop_INBUF_HPIOB_M_PAD_O)
                                                      0.368     0.368 r  clk_IBUF_inst/INBUF_INST/O
                         net (fo=1, routed)           0.000     0.368    clk_IBUF_inst/OUT
    P11                  IBUFCTRL (Prop_IBUFCTRL_HPIOB_M_I_O)
                                                      0.000     0.368 r  clk_IBUF_inst/IBUFCTRL_INST/O
                         net (fo=1, routed)           0.189     0.557    clk_IBUF
    BUFGCE_X0Y77         BUFGCE (Prop_BUFCE_BUFGCE_I_O)
                                                      0.019     0.576 r  clk_IBUF_BUFG_inst/O
    X3Y3 (CLOCK_ROOT)    net (fo=335, routed)         0.492     1.069    u_baseline/clk_IBUF_BUFG
    SLICE_X89Y221        FDRE                                         r  u_baseline/acc_q_reg[25]/C
                         clock pessimism             -0.283     0.786    
    SLICE_X89Y221        FDRE (Hold_BFF_SLICEL_C_D)
                                                      0.046     0.832    u_baseline/acc_q_reg[25]
  -------------------------------------------------------------------
                         required time                         -0.832    
                         arrival time                           0.899    
  -------------------------------------------------------------------
                         slack                                  0.068    

Slack (MET) :             0.068ns  (arrival time - required time)
  Source:                 u_baseline/acc_q_reg[30]/C
                            (rising edge-triggered cell FDRE clocked by clk  {rise@0.000ns fall@2.750ns period=5.500ns})
  Destination:            u_baseline/acc_q_reg[30]/D
                            (rising edge-triggered cell FDRE clocked by clk  {rise@0.000ns fall@2.750ns period=5.500ns})
  Path Group:             clk
  Path Type:              Hold (Min at Fast Process Corner)
  Requirement:            0.000ns  (clk rise@0.000ns - clk rise@0.000ns)
  Data Path Delay:        0.120ns  (logic 0.078ns (65.172%)  route 0.042ns (34.828%))
  Logic Levels:           2  (CARRY8=1 LUT2=1)
  Clock Path Skew:        0.006ns (DCD - SCD - CPR)
    Destination Clock Delay (DCD):    1.073ns
    Source Clock Delay      (SCD):    0.783ns
    Clock Pessimism Removal (CPR):    0.284ns
  Clock Net Delay (Source):      0.434ns (routing 0.000ns, distribution 0.434ns)
  Clock Net Delay (Destination): 0.496ns (routing 0.001ns, distribution 0.495ns)

    Location             Delay type                Incr(ns)  Path(ns)    Netlist Resource(s)
  -------------------------------------------------------------------    -------------------
                         (clock clk rise edge)        0.000     0.000 r  
    P11                                               0.000     0.000 r  clk (IN)
                         net (fo=0)                   0.000     0.000    clk_IBUF_inst/I
    P11                  INBUF (Prop_INBUF_HPIOB_M_PAD_O)
                                                      0.183     0.183 r  clk_IBUF_inst/INBUF_INST/O
                         net (fo=1, routed)           0.000     0.183    clk_IBUF_inst/OUT
    P11                  IBUFCTRL (Prop_IBUFCTRL_HPIOB_M_I_O)
                                                      0.000     0.183 r  clk_IBUF_inst/IBUFCTRL_INST/O
                         net (fo=1, routed)           0.149     0.332    clk_IBUF
    BUFGCE_X0Y77         BUFGCE (Prop_BUFCE_BUFGCE_I_O)
                                                      0.017     0.349 r  clk_IBUF_BUFG_inst/O
    X3Y3 (CLOCK_ROOT)    net (fo=335, routed)         0.434     0.783    u_baseline/clk_IBUF_BUFG
    SLICE_X89Y221        FDRE                                         r  u_baseline/acc_q_reg[30]/C
  -------------------------------------------------------------------    -------------------
    SLICE_X89Y221        FDRE (Prop_GFF_SLICEL_C_Q)
                                                      0.039     0.822 r  u_baseline/acc_q_reg[30]/Q
                         net (fo=2, routed)           0.028     0.849    u_baseline/acc_q_reg[30]
    SLICE_X89Y221        LUT2 (Prop_G6LUT_SLICEL_I1_O)
                                                      0.022     0.871 r  u_baseline/acc_q[24]_i_3/O
                         net (fo=1, routed)           0.007     0.878    u_baseline/acc_q[24]_i_3_n_0
    SLICE_X89Y221        CARRY8 (Prop_CARRY8_SLICEL_S[6]_O[6])
                                                      0.017     0.895 r  u_baseline/acc_q_reg[24]_i_1/O[6]
                         net (fo=1, routed)           0.007     0.902    u_baseline/acc_q_reg[24]_i_1_n_9
    SLICE_X89Y221        FDRE                                         r  u_baseline/acc_q_reg[30]/D
  -------------------------------------------------------------------    -------------------

                         (clock clk rise edge)        0.000     0.000 r  
    P11                                               0.000     0.000 r  clk (IN)
                         net (fo=0)                   0.000     0.000    clk_IBUF_inst/I
    P11                  INBUF (Prop_INBUF_HPIOB_M_PAD_O)
                                                      0.368     0.368 r  clk_IBUF_inst/INBUF_INST/O
                         net (fo=1, routed)           0.000     0.368    clk_IBUF_inst/OUT
    P11                  IBUFCTRL (Prop_IBUFCTRL_HPIOB_M_I_O)
                                                      0.000     0.368 r  clk_IBUF_inst/IBUFCTRL_INST/O
                         net (fo=1, routed)           0.189     0.557    clk_IBUF
    BUFGCE_X0Y77         BUFGCE (Prop_BUFCE_BUFGCE_I_O)
                                                      0.019     0.576 r  clk_IBUF_BUFG_inst/O
    X3Y3 (CLOCK_ROOT)    net (fo=335, routed)         0.496     1.073    u_baseline/clk_IBUF_BUFG
    SLICE_X89Y221        FDRE                                         r  u_baseline/acc_q_reg[30]/C
                         clock pessimism             -0.284     0.789    
    SLICE_X89Y221        FDRE (Hold_GFF_SLICEL_C_D)
                                                      0.046     0.835    u_baseline/acc_q_reg[30]
  -------------------------------------------------------------------
                         required time                         -0.835    
                         arrival time                           0.902    
  -------------------------------------------------------------------
                         slack                                  0.068    

Slack (MET) :             0.068ns  (arrival time - required time)
  Source:                 u_baseline/acc_q_reg[9]/C
                            (rising edge-triggered cell FDRE clocked by clk  {rise@0.000ns fall@2.750ns period=5.500ns})
  Destination:            u_baseline/acc_q_reg[9]/D
                            (rising edge-triggered cell FDRE clocked by clk  {rise@0.000ns fall@2.750ns period=5.500ns})
  Path Group:             clk
  Path Type:              Hold (Min at Fast Process Corner)
  Requirement:            0.000ns  (clk rise@0.000ns - clk rise@0.000ns)
  Data Path Delay:        0.120ns  (logic 0.079ns (66.008%)  route 0.041ns (33.992%))
  Logic Levels:           2  (CARRY8=1 LUT2=1)
  Clock Path Skew:        0.006ns (DCD - SCD - CPR)
    Destination Clock Delay (DCD):    1.068ns
    Source Clock Delay      (SCD):    0.779ns
    Clock Pessimism Removal (CPR):    0.283ns
  Clock Net Delay (Source):      0.430ns (routing 0.000ns, distribution 0.430ns)
  Clock Net Delay (Destination): 0.491ns (routing 0.001ns, distribution 0.490ns)

    Location             Delay type                Incr(ns)  Path(ns)    Netlist Resource(s)
  -------------------------------------------------------------------    -------------------
                         (clock clk rise edge)        0.000     0.000 r  
    P11                                               0.000     0.000 r  clk (IN)
                         net (fo=0)                   0.000     0.000    clk_IBUF_inst/I
    P11                  INBUF (Prop_INBUF_HPIOB_M_PAD_O)
                                                      0.183     0.183 r  clk_IBUF_inst/INBUF_INST/O
                         net (fo=1, routed)           0.000     0.183    clk_IBUF_inst/OUT
    P11                  IBUFCTRL (Prop_IBUFCTRL_HPIOB_M_I_O)
                                                      0.000     0.183 r  clk_IBUF_inst/IBUFCTRL_INST/O
                         net (fo=1, routed)           0.149     0.332    clk_IBUF
    BUFGCE_X0Y77         BUFGCE (Prop_BUFCE_BUFGCE_I_O)
                                                      0.017     0.349 r  clk_IBUF_BUFG_inst/O
    X3Y3 (CLOCK_ROOT)    net (fo=335, routed)         0.430     0.779    u_baseline/clk_IBUF_BUFG
    SLICE_X89Y219        FDRE                                         r  u_baseline/acc_q_reg[9]/C
  -------------------------------------------------------------------    -------------------
    SLICE_X89Y219        FDRE (Prop_BFF_SLICEL_C_Q)
                                                      0.039     0.818 r  u_baseline/acc_q_reg[9]/Q
                         net (fo=2, routed)           0.027     0.844    u_baseline/acc_q_reg[9]
    SLICE_X89Y219        LUT2 (Prop_B6LUT_SLICEL_I1_O)
                                                      0.023     0.867 r  u_baseline/acc_q[8]_i_8/O
                         net (fo=1, routed)           0.007     0.874    u_baseline/acc_q[8]_i_8_n_0
    SLICE_X89Y219        CARRY8 (Prop_CARRY8_SLICEL_S[1]_O[1])
                                                      0.017     0.891 r  u_baseline/acc_q_reg[8]_i_1/O[1]
                         net (fo=1, routed)           0.007     0.898    u_baseline/acc_q_reg[8]_i_1_n_14
    SLICE_X89Y219        FDRE                                         r  u_baseline/acc_q_reg[9]/D
  -------------------------------------------------------------------    -------------------

                         (clock clk rise edge)        0.000     0.000 r  
    P11                                               0.000     0.000 r  clk (IN)
                         net (fo=0)                   0.000     0.000    clk_IBUF_inst/I
    P11                  INBUF (Prop_INBUF_HPIOB_M_PAD_O)
                                                      0.368     0.368 r  clk_IBUF_inst/INBUF_INST/O
                         net (fo=1, routed)           0.000     0.368    clk_IBUF_inst/OUT
    P11                  IBUFCTRL (Prop_IBUFCTRL_HPIOB_M_I_O)
                                                      0.000     0.368 r  clk_IBUF_inst/IBUFCTRL_INST/O
                         net (fo=1, routed)           0.189     0.557    clk_IBUF
    BUFGCE_X0Y77         BUFGCE (Prop_BUFCE_BUFGCE_I_O)
                                                      0.019     0.576 r  clk_IBUF_BUFG_inst/O
    X3Y3 (CLOCK_ROOT)    net (fo=335, routed)         0.491     1.068    u_baseline/clk_IBUF_BUFG
    SLICE_X89Y219        FDRE                                         r  u_baseline/acc_q_reg[9]/C
                         clock pessimism             -0.283     0.785    
    SLICE_X89Y219        FDRE (Hold_BFF_SLICEL_C_D)
                                                      0.046     0.831    u_baseline/acc_q_reg[9]
  -------------------------------------------------------------------
                         required time                         -0.831    
                         arrival time                           0.898    
  -------------------------------------------------------------------
                         slack                                  0.068    

Slack (MET) :             0.068ns  (arrival time - required time)
  Source:                 u_baseline/acc_q_reg[1]/C
                            (rising edge-triggered cell FDRE clocked by clk  {rise@0.000ns fall@2.750ns period=5.500ns})
  Destination:            u_baseline/acc_q_reg[1]/D
                            (rising edge-triggered cell FDRE clocked by clk  {rise@0.000ns fall@2.750ns period=5.500ns})
  Path Group:             clk
  Path Type:              Hold (Min at Fast Process Corner)
  Requirement:            0.000ns  (clk rise@0.000ns - clk rise@0.000ns)
  Data Path Delay:        0.120ns  (logic 0.079ns (66.008%)  route 0.041ns (33.992%))
  Logic Levels:           2  (CARRY8=1 LUT2=1)
  Clock Path Skew:        0.006ns (DCD - SCD - CPR)
    Destination Clock Delay (DCD):    1.075ns
    Source Clock Delay      (SCD):    0.786ns
    Clock Pessimism Removal (CPR):    0.283ns
  Clock Net Delay (Source):      0.437ns (routing 0.000ns, distribution 0.437ns)
  Clock Net Delay (Destination): 0.499ns (routing 0.001ns, distribution 0.498ns)

    Location             Delay type                Incr(ns)  Path(ns)    Netlist Resource(s)
  -------------------------------------------------------------------    -------------------
                         (clock clk rise edge)        0.000     0.000 r  
    P11                                               0.000     0.000 r  clk (IN)
                         net (fo=0)                   0.000     0.000    clk_IBUF_inst/I
    P11                  INBUF (Prop_INBUF_HPIOB_M_PAD_O)
                                                      0.183     0.183 r  clk_IBUF_inst/INBUF_INST/O
                         net (fo=1, routed)           0.000     0.183    clk_IBUF_inst/OUT
    P11                  IBUFCTRL (Prop_IBUFCTRL_HPIOB_M_I_O)
                                                      0.000     0.183 r  clk_IBUF_inst/IBUFCTRL_INST/O
                         net (fo=1, routed)           0.149     0.332    clk_IBUF
    BUFGCE_X0Y77         BUFGCE (Prop_BUFCE_BUFGCE_I_O)
                                                      0.017     0.349 r  clk_IBUF_BUFG_inst/O
    X3Y3 (CLOCK_ROOT)    net (fo=335, routed)         0.437     0.786    u_baseline/clk_IBUF_BUFG
    SLICE_X89Y218        FDRE                                         r  u_baseline/acc_q_reg[1]/C
  -------------------------------------------------------------------    -------------------
    SLICE_X89Y218        FDRE (Prop_BFF_SLICEL_C_Q)
                                                      0.039     0.825 r  u_baseline/acc_q_reg[1]/Q
                         net (fo=2, routed)           0.027     0.851    u_baseline/acc_q_reg[1]
    SLICE_X89Y218        LUT2 (Prop_B6LUT_SLICEL_I1_O)
                                                      0.023     0.874 r  u_baseline/acc_q[0]_i_10/O
                         net (fo=1, routed)           0.007     0.881    u_baseline/acc_q[0]_i_10_n_0
    SLICE_X89Y218        CARRY8 (Prop_CARRY8_SLICEL_S[1]_O[1])
                                                      0.017     0.898 r  u_baseline/acc_q_reg[0]_i_3/O[1]
                         net (fo=1, routed)           0.007     0.905    u_baseline/acc_q_reg[0]_i_3_n_14
    SLICE_X89Y218        FDRE                                         r  u_baseline/acc_q_reg[1]/D
  -------------------------------------------------------------------    -------------------

                         (clock clk rise edge)        0.000     0.000 r  
    P11                                               0.000     0.000 r  clk (IN)
                         net (fo=0)                   0.000     0.000    clk_IBUF_inst/I
    P11                  INBUF (Prop_INBUF_HPIOB_M_PAD_O)
                                                      0.368     0.368 r  clk_IBUF_inst/INBUF_INST/O
                         net (fo=1, routed)           0.000     0.368    clk_IBUF_inst/OUT
    P11                  IBUFCTRL (Prop_IBUFCTRL_HPIOB_M_I_O)
                                                      0.000     0.368 r  clk_IBUF_inst/IBUFCTRL_INST/O
                         net (fo=1, routed)           0.189     0.557    clk_IBUF
    BUFGCE_X0Y77         BUFGCE (Prop_BUFCE_BUFGCE_I_O)
                                                      0.019     0.576 r  clk_IBUF_BUFG_inst/O
    X3Y3 (CLOCK_ROOT)    net (fo=335, routed)         0.499     1.075    u_baseline/clk_IBUF_BUFG
    SLICE_X89Y218        FDRE                                         r  u_baseline/acc_q_reg[1]/C
                         clock pessimism             -0.283     0.792    
    SLICE_X89Y218        FDRE (Hold_BFF_SLICEL_C_D)
                                                      0.046     0.838    u_baseline/acc_q_reg[1]
  -------------------------------------------------------------------
                         required time                         -0.838    
                         arrival time                           0.905    
  -------------------------------------------------------------------
                         slack                                  0.068    

Slack (MET) :             0.069ns  (arrival time - required time)
  Source:                 u_baseline/out_idx_q_reg[5]/C
                            (rising edge-triggered cell FDRE clocked by clk  {rise@0.000ns fall@2.750ns period=5.500ns})
  Destination:            u_baseline/out_idx_q_reg[5]/D
                            (rising edge-triggered cell FDRE clocked by clk  {rise@0.000ns fall@2.750ns period=5.500ns})
  Path Group:             clk
  Path Type:              Hold (Min at Fast Process Corner)
  Requirement:            0.000ns  (clk rise@0.000ns - clk rise@0.000ns)
  Data Path Delay:        0.121ns  (logic 0.060ns (49.697%)  route 0.061ns (50.303%))
  Logic Levels:           1  (LUT6=1)
  Clock Path Skew:        0.006ns (DCD - SCD - CPR)
    Destination Clock Delay (DCD):    1.072ns
    Source Clock Delay      (SCD):    0.781ns
    Clock Pessimism Removal (CPR):    0.285ns
  Clock Net Delay (Source):      0.432ns (routing 0.000ns, distribution 0.432ns)
  Clock Net Delay (Destination): 0.495ns (routing 0.001ns, distribution 0.494ns)

    Location             Delay type                Incr(ns)  Path(ns)    Netlist Resource(s)
  -------------------------------------------------------------------    -------------------
                         (clock clk rise edge)        0.000     0.000 r  
    P11                                               0.000     0.000 r  clk (IN)
                         net (fo=0)                   0.000     0.000    clk_IBUF_inst/I
    P11                  INBUF (Prop_INBUF_HPIOB_M_PAD_O)
                                                      0.183     0.183 r  clk_IBUF_inst/INBUF_INST/O
                         net (fo=1, routed)           0.000     0.183    clk_IBUF_inst/OUT
    P11                  IBUFCTRL (Prop_IBUFCTRL_HPIOB_M_I_O)
                                                      0.000     0.183 r  clk_IBUF_inst/IBUFCTRL_INST/O
                         net (fo=1, routed)           0.149     0.332    clk_IBUF
    BUFGCE_X0Y77         BUFGCE (Prop_BUFCE_BUFGCE_I_O)
                                                      0.017     0.349 r  clk_IBUF_BUFG_inst/O
    X3Y3 (CLOCK_ROOT)    net (fo=335, routed)         0.432     0.781    u_baseline/clk_IBUF_BUFG
    SLICE_X88Y217        FDRE                                         r  u_baseline/out_idx_q_reg[5]/C
  -------------------------------------------------------------------    -------------------
    SLICE_X88Y217        FDRE (Prop_BFF_SLICEM_C_Q)
                                                      0.038     0.819 r  u_baseline/out_idx_q_reg[5]/Q
                         net (fo=10, routed)          0.040     0.858    u_baseline/out_idx_q_reg[5]
    SLICE_X88Y217        LUT6 (Prop_B6LUT_SLICEM_I5_O)
                                                      0.022     0.880 r  u_baseline/out_idx_q[5]_i_1/O
                         net (fo=1, routed)           0.021     0.901    u_baseline/out_idx_q[5]_i_1_n_0
    SLICE_X88Y217        FDRE                                         r  u_baseline/out_idx_q_reg[5]/D
  -------------------------------------------------------------------    -------------------

                         (clock clk rise edge)        0.000     0.000 r  
    P11                                               0.000     0.000 r  clk (IN)
                         net (fo=0)                   0.000     0.000    clk_IBUF_inst/I
    P11                  INBUF (Prop_INBUF_HPIOB_M_PAD_O)
                                                      0.368     0.368 r  clk_IBUF_inst/INBUF_INST/O
                         net (fo=1, routed)           0.000     0.368    clk_IBUF_inst/OUT
    P11                  IBUFCTRL (Prop_IBUFCTRL_HPIOB_M_I_O)
                                                      0.000     0.368 r  clk_IBUF_inst/IBUFCTRL_INST/O
                         net (fo=1, routed)           0.189     0.557    clk_IBUF
    BUFGCE_X0Y77         BUFGCE (Prop_BUFCE_BUFGCE_I_O)
                                                      0.019     0.576 r  clk_IBUF_BUFG_inst/O
    X3Y3 (CLOCK_ROOT)    net (fo=335, routed)         0.495     1.072    u_baseline/clk_IBUF_BUFG
    SLICE_X88Y217        FDRE                                         r  u_baseline/out_idx_q_reg[5]/C
                         clock pessimism             -0.285     0.787    
    SLICE_X88Y217        FDRE (Hold_BFF_SLICEM_C_D)
                                                      0.046     0.833    u_baseline/out_idx_q_reg[5]
  -------------------------------------------------------------------
                         required time                         -0.833    
                         arrival time                           0.901    
  -------------------------------------------------------------------
                         slack                                  0.069    

Slack (MET) :             0.069ns  (arrival time - required time)
  Source:                 u_baseline/acc_q_reg[0]/C
                            (rising edge-triggered cell FDRE clocked by clk  {rise@0.000ns fall@2.750ns period=5.500ns})
  Destination:            u_baseline/out_data_reg[0]/D
                            (rising edge-triggered cell FDRE clocked by clk  {rise@0.000ns fall@2.750ns period=5.500ns})
  Path Group:             clk
  Path Type:              Hold (Min at Fast Process Corner)
  Requirement:            0.000ns  (clk rise@0.000ns - clk rise@0.000ns)
  Data Path Delay:        0.131ns  (logic 0.039ns (29.750%)  route 0.092ns (70.250%))
  Logic Levels:           0  
  Clock Path Skew:        0.016ns (DCD - SCD - CPR)
    Destination Clock Delay (DCD):    1.073ns
    Source Clock Delay      (SCD):    0.786ns
    Clock Pessimism Removal (CPR):    0.271ns
  Clock Net Delay (Source):      0.437ns (routing 0.000ns, distribution 0.437ns)
  Clock Net Delay (Destination): 0.496ns (routing 0.001ns, distribution 0.495ns)

    Location             Delay type                Incr(ns)  Path(ns)    Netlist Resource(s)
  -------------------------------------------------------------------    -------------------
                         (clock clk rise edge)        0.000     0.000 r  
    P11                                               0.000     0.000 r  clk (IN)
                         net (fo=0)                   0.000     0.000    clk_IBUF_inst/I
    P11                  INBUF (Prop_INBUF_HPIOB_M_PAD_O)
                                                      0.183     0.183 r  clk_IBUF_inst/INBUF_INST/O
                         net (fo=1, routed)           0.000     0.183    clk_IBUF_inst/OUT
    P11                  IBUFCTRL (Prop_IBUFCTRL_HPIOB_M_I_O)
                                                      0.000     0.183 r  clk_IBUF_inst/IBUFCTRL_INST/O
                         net (fo=1, routed)           0.149     0.332    clk_IBUF
    BUFGCE_X0Y77         BUFGCE (Prop_BUFCE_BUFGCE_I_O)
                                                      0.017     0.349 r  clk_IBUF_BUFG_inst/O
    X3Y3 (CLOCK_ROOT)    net (fo=335, routed)         0.437     0.786    u_baseline/clk_IBUF_BUFG
    SLICE_X89Y218        FDRE                                         r  u_baseline/acc_q_reg[0]/C
  -------------------------------------------------------------------    -------------------
    SLICE_X89Y218        FDRE (Prop_AFF_SLICEL_C_Q)
                                                      0.039     0.825 r  u_baseline/acc_q_reg[0]/Q
                         net (fo=2, routed)           0.092     0.917    u_baseline/acc_q_reg[0]
    SLICE_X89Y215        FDRE                                         r  u_baseline/out_data_reg[0]/D
  -------------------------------------------------------------------    -------------------

                         (clock clk rise edge)        0.000     0.000 r  
    P11                                               0.000     0.000 r  clk (IN)
                         net (fo=0)                   0.000     0.000    clk_IBUF_inst/I
    P11                  INBUF (Prop_INBUF_HPIOB_M_PAD_O)
                                                      0.368     0.368 r  clk_IBUF_inst/INBUF_INST/O
                         net (fo=1, routed)           0.000     0.368    clk_IBUF_inst/OUT
    P11                  IBUFCTRL (Prop_IBUFCTRL_HPIOB_M_I_O)
                                                      0.000     0.368 r  clk_IBUF_inst/IBUFCTRL_INST/O
                         net (fo=1, routed)           0.189     0.557    clk_IBUF
    BUFGCE_X0Y77         BUFGCE (Prop_BUFCE_BUFGCE_I_O)
                                                      0.019     0.576 r  clk_IBUF_BUFG_inst/O
    X3Y3 (CLOCK_ROOT)    net (fo=335, routed)         0.496     1.073    u_baseline/clk_IBUF_BUFG
    SLICE_X89Y215        FDRE                                         r  u_baseline/out_data_reg[0]/C
                         clock pessimism             -0.271     0.802    
    SLICE_X89Y215        FDRE (Hold_HFF_SLICEL_C_D)
                                                      0.046     0.848    u_baseline/out_data_reg[0]
  -------------------------------------------------------------------
                         required time                         -0.848    
                         arrival time                           0.917    
  -------------------------------------------------------------------
                         slack                                  0.069    

Slack (MET) :             0.070ns  (arrival time - required time)
  Source:                 u_baseline/compute_cycles_reg[10]/C
                            (rising edge-triggered cell FDRE clocked by clk  {rise@0.000ns fall@2.750ns period=5.500ns})
  Destination:            u_baseline/compute_cycles_reg[10]/D
                            (rising edge-triggered cell FDRE clocked by clk  {rise@0.000ns fall@2.750ns period=5.500ns})
  Path Group:             clk
  Path Type:              Hold (Min at Fast Process Corner)
  Requirement:            0.000ns  (clk rise@0.000ns - clk rise@0.000ns)
  Data Path Delay:        0.122ns  (logic 0.057ns (46.843%)  route 0.065ns (53.157%))
  Logic Levels:           1  (CARRY8=1)
  Clock Path Skew:        0.006ns (DCD - SCD - CPR)
    Destination Clock Delay (DCD):    1.056ns
    Source Clock Delay      (SCD):    0.767ns
    Clock Pessimism Removal (CPR):    0.283ns
  Clock Net Delay (Source):      0.418ns (routing 0.000ns, distribution 0.418ns)
  Clock Net Delay (Destination): 0.479ns (routing 0.001ns, distribution 0.478ns)

    Location             Delay type                Incr(ns)  Path(ns)    Netlist Resource(s)
  -------------------------------------------------------------------    -------------------
                         (clock clk rise edge)        0.000     0.000 r  
    P11                                               0.000     0.000 r  clk (IN)
                         net (fo=0)                   0.000     0.000    clk_IBUF_inst/I
    P11                  INBUF (Prop_INBUF_HPIOB_M_PAD_O)
                                                      0.183     0.183 r  clk_IBUF_inst/INBUF_INST/O
                         net (fo=1, routed)           0.000     0.183    clk_IBUF_inst/OUT
    P11                  IBUFCTRL (Prop_IBUFCTRL_HPIOB_M_I_O)
                                                      0.000     0.183 r  clk_IBUF_inst/IBUFCTRL_INST/O
                         net (fo=1, routed)           0.149     0.332    clk_IBUF
    BUFGCE_X0Y77         BUFGCE (Prop_BUFCE_BUFGCE_I_O)
                                                      0.017     0.349 r  clk_IBUF_BUFG_inst/O
    X3Y3 (CLOCK_ROOT)    net (fo=335, routed)         0.418     0.767    u_baseline/clk_IBUF_BUFG
    SLICE_X96Y219        FDRE                                         r  u_baseline/compute_cycles_reg[10]/C
  -------------------------------------------------------------------    -------------------
    SLICE_X96Y219        FDRE (Prop_CFF_SLICEM_C_Q)
                                                      0.038     0.805 r  u_baseline/compute_cycles_reg[10]/Q
                         net (fo=2, routed)           0.058     0.862    u_baseline/compute_cycles[10]
    SLICE_X96Y219        CARRY8 (Prop_CARRY8_SLICEM_S[2]_O[2])
                                                      0.019     0.881 r  u_baseline/compute_cycles_reg[8]_i_1/O[2]
                         net (fo=1, routed)           0.007     0.888    u_baseline/compute_cycles_reg[8]_i_1_n_13
    SLICE_X96Y219        FDRE                                         r  u_baseline/compute_cycles_reg[10]/D
  -------------------------------------------------------------------    -------------------

                         (clock clk rise edge)        0.000     0.000 r  
    P11                                               0.000     0.000 r  clk (IN)
                         net (fo=0)                   0.000     0.000    clk_IBUF_inst/I
    P11                  INBUF (Prop_INBUF_HPIOB_M_PAD_O)
                                                      0.368     0.368 r  clk_IBUF_inst/INBUF_INST/O
                         net (fo=1, routed)           0.000     0.368    clk_IBUF_inst/OUT
    P11                  IBUFCTRL (Prop_IBUFCTRL_HPIOB_M_I_O)
                                                      0.000     0.368 r  clk_IBUF_inst/IBUFCTRL_INST/O
                         net (fo=1, routed)           0.189     0.557    clk_IBUF
    BUFGCE_X0Y77         BUFGCE (Prop_BUFCE_BUFGCE_I_O)
                                                      0.019     0.576 r  clk_IBUF_BUFG_inst/O
    X3Y3 (CLOCK_ROOT)    net (fo=335, routed)         0.479     1.056    u_baseline/clk_IBUF_BUFG
    SLICE_X96Y219        FDRE                                         r  u_baseline/compute_cycles_reg[10]/C
                         clock pessimism             -0.283     0.773    
    SLICE_X96Y219        FDRE (Hold_CFF_SLICEM_C_D)
                                                      0.046     0.819    u_baseline/compute_cycles_reg[10]
  -------------------------------------------------------------------
                         required time                         -0.819    
                         arrival time                           0.888    
  -------------------------------------------------------------------
                         slack                                  0.070    

Slack (MET) :             0.070ns  (arrival time - required time)
  Source:                 u_baseline/compute_cycles_reg[18]/C
                            (rising edge-triggered cell FDRE clocked by clk  {rise@0.000ns fall@2.750ns period=5.500ns})
  Destination:            u_baseline/compute_cycles_reg[18]/D
                            (rising edge-triggered cell FDRE clocked by clk  {rise@0.000ns fall@2.750ns period=5.500ns})
  Path Group:             clk
  Path Type:              Hold (Min at Fast Process Corner)
  Requirement:            0.000ns  (clk rise@0.000ns - clk rise@0.000ns)
  Data Path Delay:        0.122ns  (logic 0.057ns (46.843%)  route 0.065ns (53.157%))
  Logic Levels:           1  (CARRY8=1)
  Clock Path Skew:        0.006ns (DCD - SCD - CPR)
    Destination Clock Delay (DCD):    1.057ns
    Source Clock Delay      (SCD):    0.768ns
    Clock Pessimism Removal (CPR):    0.283ns
  Clock Net Delay (Source):      0.419ns (routing 0.000ns, distribution 0.419ns)
  Clock Net Delay (Destination): 0.480ns (routing 0.001ns, distribution 0.479ns)

    Location             Delay type                Incr(ns)  Path(ns)    Netlist Resource(s)
  -------------------------------------------------------------------    -------------------
                         (clock clk rise edge)        0.000     0.000 r  
    P11                                               0.000     0.000 r  clk (IN)
                         net (fo=0)                   0.000     0.000    clk_IBUF_inst/I
    P11                  INBUF (Prop_INBUF_HPIOB_M_PAD_O)
                                                      0.183     0.183 r  clk_IBUF_inst/INBUF_INST/O
                         net (fo=1, routed)           0.000     0.183    clk_IBUF_inst/OUT
    P11                  IBUFCTRL (Prop_IBUFCTRL_HPIOB_M_I_O)
                                                      0.000     0.183 r  clk_IBUF_inst/IBUFCTRL_INST/O
                         net (fo=1, routed)           0.149     0.332    clk_IBUF
    BUFGCE_X0Y77         BUFGCE (Prop_BUFCE_BUFGCE_I_O)
                                                      0.017     0.349 r  clk_IBUF_BUFG_inst/O
    X3Y3 (CLOCK_ROOT)    net (fo=335, routed)         0.419     0.768    u_baseline/clk_IBUF_BUFG
    SLICE_X96Y220        FDRE                                         r  u_baseline/compute_cycles_reg[18]/C
  -------------------------------------------------------------------    -------------------
    SLICE_X96Y220        FDRE (Prop_CFF_SLICEM_C_Q)
                                                      0.038     0.806 r  u_baseline/compute_cycles_reg[18]/Q
                         net (fo=2, routed)           0.058     0.863    u_baseline/compute_cycles[18]
    SLICE_X96Y220        CARRY8 (Prop_CARRY8_SLICEM_S[2]_O[2])
                                                      0.019     0.882 r  u_baseline/compute_cycles_reg[16]_i_1/O[2]
                         net (fo=1, routed)           0.007     0.889    u_baseline/compute_cycles_reg[16]_i_1_n_13
    SLICE_X96Y220        FDRE                                         r  u_baseline/compute_cycles_reg[18]/D
  -------------------------------------------------------------------    -------------------

                         (clock clk rise edge)        0.000     0.000 r  
    P11                                               0.000     0.000 r  clk (IN)
                         net (fo=0)                   0.000     0.000    clk_IBUF_inst/I
    P11                  INBUF (Prop_INBUF_HPIOB_M_PAD_O)
                                                      0.368     0.368 r  clk_IBUF_inst/INBUF_INST/O
                         net (fo=1, routed)           0.000     0.368    clk_IBUF_inst/OUT
    P11                  IBUFCTRL (Prop_IBUFCTRL_HPIOB_M_I_O)
                                                      0.000     0.368 r  clk_IBUF_inst/IBUFCTRL_INST/O
                         net (fo=1, routed)           0.189     0.557    clk_IBUF
    BUFGCE_X0Y77         BUFGCE (Prop_BUFCE_BUFGCE_I_O)
                                                      0.019     0.576 r  clk_IBUF_BUFG_inst/O
    X3Y3 (CLOCK_ROOT)    net (fo=335, routed)         0.480     1.057    u_baseline/clk_IBUF_BUFG
    SLICE_X96Y220        FDRE                                         r  u_baseline/compute_cycles_reg[18]/C
                         clock pessimism             -0.283     0.774    
    SLICE_X96Y220        FDRE (Hold_CFF_SLICEM_C_D)
                                                      0.046     0.820    u_baseline/compute_cycles_reg[18]
  -------------------------------------------------------------------
                         required time                         -0.820    
                         arrival time                           0.889    
  -------------------------------------------------------------------
                         slack                                  0.070    

Slack (MET) :             0.070ns  (arrival time - required time)
  Source:                 u_baseline/compute_cycles_reg[26]/C
                            (rising edge-triggered cell FDRE clocked by clk  {rise@0.000ns fall@2.750ns period=5.500ns})
  Destination:            u_baseline/compute_cycles_reg[26]/D
                            (rising edge-triggered cell FDRE clocked by clk  {rise@0.000ns fall@2.750ns period=5.500ns})
  Path Group:             clk
  Path Type:              Hold (Min at Fast Process Corner)
  Requirement:            0.000ns  (clk rise@0.000ns - clk rise@0.000ns)
  Data Path Delay:        0.122ns  (logic 0.057ns (46.843%)  route 0.065ns (53.157%))
  Logic Levels:           1  (CARRY8=1)
  Clock Path Skew:        0.006ns (DCD - SCD - CPR)
    Destination Clock Delay (DCD):    1.057ns
    Source Clock Delay      (SCD):    0.768ns
    Clock Pessimism Removal (CPR):    0.283ns
  Clock Net Delay (Source):      0.419ns (routing 0.000ns, distribution 0.419ns)
  Clock Net Delay (Destination): 0.480ns (routing 0.001ns, distribution 0.479ns)

    Location             Delay type                Incr(ns)  Path(ns)    Netlist Resource(s)
  -------------------------------------------------------------------    -------------------
                         (clock clk rise edge)        0.000     0.000 r  
    P11                                               0.000     0.000 r  clk (IN)
                         net (fo=0)                   0.000     0.000    clk_IBUF_inst/I
    P11                  INBUF (Prop_INBUF_HPIOB_M_PAD_O)
                                                      0.183     0.183 r  clk_IBUF_inst/INBUF_INST/O
                         net (fo=1, routed)           0.000     0.183    clk_IBUF_inst/OUT
    P11                  IBUFCTRL (Prop_IBUFCTRL_HPIOB_M_I_O)
                                                      0.000     0.183 r  clk_IBUF_inst/IBUFCTRL_INST/O
                         net (fo=1, routed)           0.149     0.332    clk_IBUF
    BUFGCE_X0Y77         BUFGCE (Prop_BUFCE_BUFGCE_I_O)
                                                      0.017     0.349 r  clk_IBUF_BUFG_inst/O
    X3Y3 (CLOCK_ROOT)    net (fo=335, routed)         0.419     0.768    u_baseline/clk_IBUF_BUFG
    SLICE_X96Y221        FDRE                                         r  u_baseline/compute_cycles_reg[26]/C
  -------------------------------------------------------------------    -------------------
    SLICE_X96Y221        FDRE (Prop_CFF_SLICEM_C_Q)
                                                      0.038     0.806 r  u_baseline/compute_cycles_reg[26]/Q
                         net (fo=2, routed)           0.058     0.863    u_baseline/compute_cycles[26]
    SLICE_X96Y221        CARRY8 (Prop_CARRY8_SLICEM_S[2]_O[2])
                                                      0.019     0.882 r  u_baseline/compute_cycles_reg[24]_i_1/O[2]
                         net (fo=1, routed)           0.007     0.889    u_baseline/compute_cycles_reg[24]_i_1_n_13
    SLICE_X96Y221        FDRE                                         r  u_baseline/compute_cycles_reg[26]/D
  -------------------------------------------------------------------    -------------------

                         (clock clk rise edge)        0.000     0.000 r  
    P11                                               0.000     0.000 r  clk (IN)
                         net (fo=0)                   0.000     0.000    clk_IBUF_inst/I
    P11                  INBUF (Prop_INBUF_HPIOB_M_PAD_O)
                                                      0.368     0.368 r  clk_IBUF_inst/INBUF_INST/O
                         net (fo=1, routed)           0.000     0.368    clk_IBUF_inst/OUT
    P11                  IBUFCTRL (Prop_IBUFCTRL_HPIOB_M_I_O)
                                                      0.000     0.368 r  clk_IBUF_inst/IBUFCTRL_INST/O
                         net (fo=1, routed)           0.189     0.557    clk_IBUF
    BUFGCE_X0Y77         BUFGCE (Prop_BUFCE_BUFGCE_I_O)
                                                      0.019     0.576 r  clk_IBUF_BUFG_inst/O
    X3Y3 (CLOCK_ROOT)    net (fo=335, routed)         0.480     1.057    u_baseline/clk_IBUF_BUFG
    SLICE_X96Y221        FDRE                                         r  u_baseline/compute_cycles_reg[26]/C
                         clock pessimism             -0.283     0.774    
    SLICE_X96Y221        FDRE (Hold_CFF_SLICEM_C_D)
                                                      0.046     0.820    u_baseline/compute_cycles_reg[26]
  -------------------------------------------------------------------
                         required time                         -0.820    
                         arrival time                           0.889    
  -------------------------------------------------------------------
                         slack                                  0.070    

Slack (MET) :             0.070ns  (arrival time - required time)
  Source:                 u_baseline/compute_cycles_reg[2]/C
                            (rising edge-triggered cell FDRE clocked by clk  {rise@0.000ns fall@2.750ns period=5.500ns})
  Destination:            u_baseline/compute_cycles_reg[2]/D
                            (rising edge-triggered cell FDRE clocked by clk  {rise@0.000ns fall@2.750ns period=5.500ns})
  Path Group:             clk
  Path Type:              Hold (Min at Fast Process Corner)
  Requirement:            0.000ns  (clk rise@0.000ns - clk rise@0.000ns)
  Data Path Delay:        0.122ns  (logic 0.057ns (46.843%)  route 0.065ns (53.157%))
  Logic Levels:           1  (CARRY8=1)
  Clock Path Skew:        0.006ns (DCD - SCD - CPR)
    Destination Clock Delay (DCD):    1.055ns
    Source Clock Delay      (SCD):    0.767ns
    Clock Pessimism Removal (CPR):    0.282ns
  Clock Net Delay (Source):      0.418ns (routing 0.000ns, distribution 0.418ns)
  Clock Net Delay (Destination): 0.478ns (routing 0.001ns, distribution 0.477ns)

    Location             Delay type                Incr(ns)  Path(ns)    Netlist Resource(s)
  -------------------------------------------------------------------    -------------------
                         (clock clk rise edge)        0.000     0.000 r  
    P11                                               0.000     0.000 r  clk (IN)
                         net (fo=0)                   0.000     0.000    clk_IBUF_inst/I
    P11                  INBUF (Prop_INBUF_HPIOB_M_PAD_O)
                                                      0.183     0.183 r  clk_IBUF_inst/INBUF_INST/O
                         net (fo=1, routed)           0.000     0.183    clk_IBUF_inst/OUT
    P11                  IBUFCTRL (Prop_IBUFCTRL_HPIOB_M_I_O)
                                                      0.000     0.183 r  clk_IBUF_inst/IBUFCTRL_INST/O
                         net (fo=1, routed)           0.149     0.332    clk_IBUF
    BUFGCE_X0Y77         BUFGCE (Prop_BUFCE_BUFGCE_I_O)
                                                      0.017     0.349 r  clk_IBUF_BUFG_inst/O
    X3Y3 (CLOCK_ROOT)    net (fo=335, routed)         0.418     0.767    u_baseline/clk_IBUF_BUFG
    SLICE_X96Y218        FDRE                                         r  u_baseline/compute_cycles_reg[2]/C
  -------------------------------------------------------------------    -------------------
    SLICE_X96Y218        FDRE (Prop_CFF_SLICEM_C_Q)
                                                      0.038     0.805 r  u_baseline/compute_cycles_reg[2]/Q
                         net (fo=2, routed)           0.058     0.862    u_baseline/compute_cycles[2]
    SLICE_X96Y218        CARRY8 (Prop_CARRY8_SLICEM_S[2]_O[2])
                                                      0.019     0.881 r  u_baseline/compute_cycles_reg[0]_i_1/O[2]
                         net (fo=1, routed)           0.007     0.888    u_baseline/compute_cycles_reg[0]_i_1_n_13
    SLICE_X96Y218        FDRE                                         r  u_baseline/compute_cycles_reg[2]/D
  -------------------------------------------------------------------    -------------------

                         (clock clk rise edge)        0.000     0.000 r  
    P11                                               0.000     0.000 r  clk (IN)
                         net (fo=0)                   0.000     0.000    clk_IBUF_inst/I
    P11                  INBUF (Prop_INBUF_HPIOB_M_PAD_O)
                                                      0.368     0.368 r  clk_IBUF_inst/INBUF_INST/O
                         net (fo=1, routed)           0.000     0.368    clk_IBUF_inst/OUT
    P11                  IBUFCTRL (Prop_IBUFCTRL_HPIOB_M_I_O)
                                                      0.000     0.368 r  clk_IBUF_inst/IBUFCTRL_INST/O
                         net (fo=1, routed)           0.189     0.557    clk_IBUF
    BUFGCE_X0Y77         BUFGCE (Prop_BUFCE_BUFGCE_I_O)
                                                      0.019     0.576 r  clk_IBUF_BUFG_inst/O
    X3Y3 (CLOCK_ROOT)    net (fo=335, routed)         0.478     1.055    u_baseline/clk_IBUF_BUFG
    SLICE_X96Y218        FDRE                                         r  u_baseline/compute_cycles_reg[2]/C
                         clock pessimism             -0.282     0.773    
    SLICE_X96Y218        FDRE (Hold_CFF_SLICEM_C_D)
                                                      0.046     0.819    u_baseline/compute_cycles_reg[2]
  -------------------------------------------------------------------
                         required time                         -0.819    
                         arrival time                           0.888    
  -------------------------------------------------------------------
                         slack                                  0.070    

Slack (MET) :             0.070ns  (arrival time - required time)
  Source:                 u_baseline/acc_q_reg[10]/C
                            (rising edge-triggered cell FDRE clocked by clk  {rise@0.000ns fall@2.750ns period=5.500ns})
  Destination:            u_baseline/acc_q_reg[11]/D
                            (rising edge-triggered cell FDRE clocked by clk  {rise@0.000ns fall@2.750ns period=5.500ns})
  Path Group:             clk
  Path Type:              Hold (Min at Fast Process Corner)
  Requirement:            0.000ns  (clk rise@0.000ns - clk rise@0.000ns)
  Data Path Delay:        0.122ns  (logic 0.079ns (64.923%)  route 0.043ns (35.077%))
  Logic Levels:           2  (CARRY8=1 LUT2=1)
  Clock Path Skew:        0.006ns (DCD - SCD - CPR)
    Destination Clock Delay (DCD):    1.068ns
    Source Clock Delay      (SCD):    0.779ns
    Clock Pessimism Removal (CPR):    0.283ns
  Clock Net Delay (Source):      0.430ns (routing 0.000ns, distribution 0.430ns)
  Clock Net Delay (Destination): 0.491ns (routing 0.001ns, distribution 0.490ns)

    Location             Delay type                Incr(ns)  Path(ns)    Netlist Resource(s)
  -------------------------------------------------------------------    -------------------
                         (clock clk rise edge)        0.000     0.000 r  
    P11                                               0.000     0.000 r  clk (IN)
                         net (fo=0)                   0.000     0.000    clk_IBUF_inst/I
    P11                  INBUF (Prop_INBUF_HPIOB_M_PAD_O)
                                                      0.183     0.183 r  clk_IBUF_inst/INBUF_INST/O
                         net (fo=1, routed)           0.000     0.183    clk_IBUF_inst/OUT
    P11                  IBUFCTRL (Prop_IBUFCTRL_HPIOB_M_I_O)
                                                      0.000     0.183 r  clk_IBUF_inst/IBUFCTRL_INST/O
                         net (fo=1, routed)           0.149     0.332    clk_IBUF
    BUFGCE_X0Y77         BUFGCE (Prop_BUFCE_BUFGCE_I_O)
                                                      0.017     0.349 r  clk_IBUF_BUFG_inst/O
    X3Y3 (CLOCK_ROOT)    net (fo=335, routed)         0.430     0.779    u_baseline/clk_IBUF_BUFG
    SLICE_X89Y219        FDRE                                         r  u_baseline/acc_q_reg[10]/C
  -------------------------------------------------------------------    -------------------
    SLICE_X89Y219        FDRE (Prop_CFF_SLICEL_C_Q)
                                                      0.039     0.818 r  u_baseline/acc_q_reg[10]/Q
                         net (fo=2, routed)           0.028     0.845    u_baseline/acc_q_reg[10]
    SLICE_X89Y219        LUT2 (Prop_C6LUT_SLICEL_I1_O)
                                                      0.014     0.859 r  u_baseline/acc_q[8]_i_7/O
                         net (fo=1, routed)           0.008     0.867    u_baseline/acc_q[8]_i_7_n_0
    SLICE_X89Y219        CARRY8 (Prop_CARRY8_SLICEL_S[2]_O[3])
                                                      0.026     0.893 r  u_baseline/acc_q_reg[8]_i_1/O[3]
                         net (fo=1, routed)           0.007     0.900    u_baseline/acc_q_reg[8]_i_1_n_12
    SLICE_X89Y219        FDRE                                         r  u_baseline/acc_q_reg[11]/D
  -------------------------------------------------------------------    -------------------

                         (clock clk rise edge)        0.000     0.000 r  
    P11                                               0.000     0.000 r  clk (IN)
                         net (fo=0)                   0.000     0.000    clk_IBUF_inst/I
    P11                  INBUF (Prop_INBUF_HPIOB_M_PAD_O)
                                                      0.368     0.368 r  clk_IBUF_inst/INBUF_INST/O
                         net (fo=1, routed)           0.000     0.368    clk_IBUF_inst/OUT
    P11                  IBUFCTRL (Prop_IBUFCTRL_HPIOB_M_I_O)
                                                      0.000     0.368 r  clk_IBUF_inst/IBUFCTRL_INST/O
                         net (fo=1, routed)           0.189     0.557    clk_IBUF
    BUFGCE_X0Y77         BUFGCE (Prop_BUFCE_BUFGCE_I_O)
                                                      0.019     0.576 r  clk_IBUF_BUFG_inst/O
    X3Y3 (CLOCK_ROOT)    net (fo=335, routed)         0.491     1.068    u_baseline/clk_IBUF_BUFG
    SLICE_X89Y219        FDRE                                         r  u_baseline/acc_q_reg[11]/C
                         clock pessimism             -0.283     0.785    
    SLICE_X89Y219        FDRE (Hold_DFF_SLICEL_C_D)
                                                      0.046     0.831    u_baseline/acc_q_reg[11]
  -------------------------------------------------------------------
                         required time                         -0.831    
                         arrival time                           0.900    
  -------------------------------------------------------------------
                         slack                                  0.070    

Slack (MET) :             0.070ns  (arrival time - required time)
  Source:                 u_baseline/acc_q_reg[16]/C
                            (rising edge-triggered cell FDRE clocked by clk  {rise@0.000ns fall@2.750ns period=5.500ns})
  Destination:            u_baseline/acc_q_reg[16]/D
                            (rising edge-triggered cell FDRE clocked by clk  {rise@0.000ns fall@2.750ns period=5.500ns})
  Path Group:             clk
  Path Type:              Hold (Min at Fast Process Corner)
  Requirement:            0.000ns  (clk rise@0.000ns - clk rise@0.000ns)
  Data Path Delay:        0.122ns  (logic 0.079ns (64.923%)  route 0.043ns (35.077%))
  Logic Levels:           2  (CARRY8=1 LUT2=1)
  Clock Path Skew:        0.006ns (DCD - SCD - CPR)
    Destination Clock Delay (DCD):    1.069ns
    Source Clock Delay      (SCD):    0.780ns
    Clock Pessimism Removal (CPR):    0.283ns
  Clock Net Delay (Source):      0.431ns (routing 0.000ns, distribution 0.431ns)
  Clock Net Delay (Destination): 0.492ns (routing 0.001ns, distribution 0.491ns)

    Location             Delay type                Incr(ns)  Path(ns)    Netlist Resource(s)
  -------------------------------------------------------------------    -------------------
                         (clock clk rise edge)        0.000     0.000 r  
    P11                                               0.000     0.000 r  clk (IN)
                         net (fo=0)                   0.000     0.000    clk_IBUF_inst/I
    P11                  INBUF (Prop_INBUF_HPIOB_M_PAD_O)
                                                      0.183     0.183 r  clk_IBUF_inst/INBUF_INST/O
                         net (fo=1, routed)           0.000     0.183    clk_IBUF_inst/OUT
    P11                  IBUFCTRL (Prop_IBUFCTRL_HPIOB_M_I_O)
                                                      0.000     0.183 r  clk_IBUF_inst/IBUFCTRL_INST/O
                         net (fo=1, routed)           0.149     0.332    clk_IBUF
    BUFGCE_X0Y77         BUFGCE (Prop_BUFCE_BUFGCE_I_O)
                                                      0.017     0.349 r  clk_IBUF_BUFG_inst/O
    X3Y3 (CLOCK_ROOT)    net (fo=335, routed)         0.431     0.780    u_baseline/clk_IBUF_BUFG
    SLICE_X89Y220        FDRE                                         r  u_baseline/acc_q_reg[16]/C
  -------------------------------------------------------------------    -------------------
    SLICE_X89Y220        FDRE (Prop_AFF_SLICEL_C_Q)
                                                      0.039     0.819 r  u_baseline/acc_q_reg[16]/Q
                         net (fo=2, routed)           0.028     0.846    u_baseline/acc_q_reg[16]
    SLICE_X89Y220        LUT2 (Prop_A6LUT_SLICEL_I1_O)
                                                      0.022     0.868 r  u_baseline/acc_q[16]_i_9/O
                         net (fo=1, routed)           0.008     0.876    u_baseline/acc_q[16]_i_9_n_0
    SLICE_X89Y220        CARRY8 (Prop_CARRY8_SLICEL_S[0]_O[0])
                                                      0.018     0.894 r  u_baseline/acc_q_reg[16]_i_1/O[0]
                         net (fo=1, routed)           0.007     0.901    u_baseline/acc_q_reg[16]_i_1_n_15
    SLICE_X89Y220        FDRE                                         r  u_baseline/acc_q_reg[16]/D
  -------------------------------------------------------------------    -------------------

                         (clock clk rise edge)        0.000     0.000 r  
    P11                                               0.000     0.000 r  clk (IN)
                         net (fo=0)                   0.000     0.000    clk_IBUF_inst/I
    P11                  INBUF (Prop_INBUF_HPIOB_M_PAD_O)
                                                      0.368     0.368 r  clk_IBUF_inst/INBUF_INST/O
                         net (fo=1, routed)           0.000     0.368    clk_IBUF_inst/OUT
    P11                  IBUFCTRL (Prop_IBUFCTRL_HPIOB_M_I_O)
                                                      0.000     0.368 r  clk_IBUF_inst/IBUFCTRL_INST/O
                         net (fo=1, routed)           0.189     0.557    clk_IBUF
    BUFGCE_X0Y77         BUFGCE (Prop_BUFCE_BUFGCE_I_O)
                                                      0.019     0.576 r  clk_IBUF_BUFG_inst/O
    X3Y3 (CLOCK_ROOT)    net (fo=335, routed)         0.492     1.069    u_baseline/clk_IBUF_BUFG
    SLICE_X89Y220        FDRE                                         r  u_baseline/acc_q_reg[16]/C
                         clock pessimism             -0.283     0.786    
    SLICE_X89Y220        FDRE (Hold_AFF_SLICEL_C_D)
                                                      0.046     0.832    u_baseline/acc_q_reg[16]
  -------------------------------------------------------------------
                         required time                         -0.832    
                         arrival time                           0.901    
  -------------------------------------------------------------------
                         slack                                  0.070    

Slack (MET) :             0.070ns  (arrival time - required time)
  Source:                 u_baseline/acc_q_reg[18]/C
                            (rising edge-triggered cell FDRE clocked by clk  {rise@0.000ns fall@2.750ns period=5.500ns})
  Destination:            u_baseline/acc_q_reg[19]/D
                            (rising edge-triggered cell FDRE clocked by clk  {rise@0.000ns fall@2.750ns period=5.500ns})
  Path Group:             clk
  Path Type:              Hold (Min at Fast Process Corner)
  Requirement:            0.000ns  (clk rise@0.000ns - clk rise@0.000ns)
  Data Path Delay:        0.122ns  (logic 0.079ns (64.923%)  route 0.043ns (35.077%))
  Logic Levels:           2  (CARRY8=1 LUT2=1)
  Clock Path Skew:        0.006ns (DCD - SCD - CPR)
    Destination Clock Delay (DCD):    1.069ns
    Source Clock Delay      (SCD):    0.780ns
    Clock Pessimism Removal (CPR):    0.283ns
  Clock Net Delay (Source):      0.431ns (routing 0.000ns, distribution 0.431ns)
  Clock Net Delay (Destination): 0.492ns (routing 0.001ns, distribution 0.491ns)

    Location             Delay type                Incr(ns)  Path(ns)    Netlist Resource(s)
  -------------------------------------------------------------------    -------------------
                         (clock clk rise edge)        0.000     0.000 r  
    P11                                               0.000     0.000 r  clk (IN)
                         net (fo=0)                   0.000     0.000    clk_IBUF_inst/I
    P11                  INBUF (Prop_INBUF_HPIOB_M_PAD_O)
                                                      0.183     0.183 r  clk_IBUF_inst/INBUF_INST/O
                         net (fo=1, routed)           0.000     0.183    clk_IBUF_inst/OUT
    P11                  IBUFCTRL (Prop_IBUFCTRL_HPIOB_M_I_O)
                                                      0.000     0.183 r  clk_IBUF_inst/IBUFCTRL_INST/O
                         net (fo=1, routed)           0.149     0.332    clk_IBUF
    BUFGCE_X0Y77         BUFGCE (Prop_BUFCE_BUFGCE_I_O)
                                                      0.017     0.349 r  clk_IBUF_BUFG_inst/O
    X3Y3 (CLOCK_ROOT)    net (fo=335, routed)         0.431     0.780    u_baseline/clk_IBUF_BUFG
    SLICE_X89Y220        FDRE                                         r  u_baseline/acc_q_reg[18]/C
  -------------------------------------------------------------------    -------------------
    SLICE_X89Y220        FDRE (Prop_CFF_SLICEL_C_Q)
                                                      0.039     0.819 r  u_baseline/acc_q_reg[18]/Q
                         net (fo=2, routed)           0.028     0.846    u_baseline/acc_q_reg[18]
    SLICE_X89Y220        LUT2 (Prop_C6LUT_SLICEL_I1_O)
                                                      0.014     0.860 r  u_baseline/acc_q[16]_i_7/O
                         net (fo=1, routed)           0.008     0.868    u_baseline/acc_q[16]_i_7_n_0
    SLICE_X89Y220        CARRY8 (Prop_CARRY8_SLICEL_S[2]_O[3])
                                                      0.026     0.894 r  u_baseline/acc_q_reg[16]_i_1/O[3]
                         net (fo=1, routed)           0.007     0.901    u_baseline/acc_q_reg[16]_i_1_n_12
    SLICE_X89Y220        FDRE                                         r  u_baseline/acc_q_reg[19]/D
  -------------------------------------------------------------------    -------------------

                         (clock clk rise edge)        0.000     0.000 r  
    P11                                               0.000     0.000 r  clk (IN)
                         net (fo=0)                   0.000     0.000    clk_IBUF_inst/I
    P11                  INBUF (Prop_INBUF_HPIOB_M_PAD_O)
                                                      0.368     0.368 r  clk_IBUF_inst/INBUF_INST/O
                         net (fo=1, routed)           0.000     0.368    clk_IBUF_inst/OUT
    P11                  IBUFCTRL (Prop_IBUFCTRL_HPIOB_M_I_O)
                                                      0.000     0.368 r  clk_IBUF_inst/IBUFCTRL_INST/O
                         net (fo=1, routed)           0.189     0.557    clk_IBUF
    BUFGCE_X0Y77         BUFGCE (Prop_BUFCE_BUFGCE_I_O)
                                                      0.019     0.576 r  clk_IBUF_BUFG_inst/O
    X3Y3 (CLOCK_ROOT)    net (fo=335, routed)         0.492     1.069    u_baseline/clk_IBUF_BUFG
    SLICE_X89Y220        FDRE                                         r  u_baseline/acc_q_reg[19]/C
                         clock pessimism             -0.283     0.786    
    SLICE_X89Y220        FDRE (Hold_DFF_SLICEL_C_D)
                                                      0.046     0.832    u_baseline/acc_q_reg[19]
  -------------------------------------------------------------------
                         required time                         -0.832    
                         arrival time                           0.901    
  -------------------------------------------------------------------
                         slack                                  0.070    

Slack (MET) :             0.070ns  (arrival time - required time)
  Source:                 u_baseline/acc_q_reg[24]/C
                            (rising edge-triggered cell FDRE clocked by clk  {rise@0.000ns fall@2.750ns period=5.500ns})
  Destination:            u_baseline/acc_q_reg[24]/D
                            (rising edge-triggered cell FDRE clocked by clk  {rise@0.000ns fall@2.750ns period=5.500ns})
  Path Group:             clk
  Path Type:              Hold (Min at Fast Process Corner)
  Requirement:            0.000ns  (clk rise@0.000ns - clk rise@0.000ns)
  Data Path Delay:        0.122ns  (logic 0.079ns (64.923%)  route 0.043ns (35.077%))
  Logic Levels:           2  (CARRY8=1 LUT2=1)
  Clock Path Skew:        0.006ns (DCD - SCD - CPR)
    Destination Clock Delay (DCD):    1.069ns
    Source Clock Delay      (SCD):    0.780ns
    Clock Pessimism Removal (CPR):    0.283ns
  Clock Net Delay (Source):      0.431ns (routing 0.000ns, distribution 0.431ns)
  Clock Net Delay (Destination): 0.492ns (routing 0.001ns, distribution 0.491ns)

    Location             Delay type                Incr(ns)  Path(ns)    Netlist Resource(s)
  -------------------------------------------------------------------    -------------------
                         (clock clk rise edge)        0.000     0.000 r  
    P11                                               0.000     0.000 r  clk (IN)
                         net (fo=0)                   0.000     0.000    clk_IBUF_inst/I
    P11                  INBUF (Prop_INBUF_HPIOB_M_PAD_O)
                                                      0.183     0.183 r  clk_IBUF_inst/INBUF_INST/O
                         net (fo=1, routed)           0.000     0.183    clk_IBUF_inst/OUT
    P11                  IBUFCTRL (Prop_IBUFCTRL_HPIOB_M_I_O)
                                                      0.000     0.183 r  clk_IBUF_inst/IBUFCTRL_INST/O
                         net (fo=1, routed)           0.149     0.332    clk_IBUF
    BUFGCE_X0Y77         BUFGCE (Prop_BUFCE_BUFGCE_I_O)
                                                      0.017     0.349 r  clk_IBUF_BUFG_inst/O
    X3Y3 (CLOCK_ROOT)    net (fo=335, routed)         0.431     0.780    u_baseline/clk_IBUF_BUFG
    SLICE_X89Y221        FDRE                                         r  u_baseline/acc_q_reg[24]/C
  -------------------------------------------------------------------    -------------------
    SLICE_X89Y221        FDRE (Prop_AFF_SLICEL_C_Q)
                                                      0.039     0.819 r  u_baseline/acc_q_reg[24]/Q
                         net (fo=2, routed)           0.028     0.846    u_baseline/acc_q_reg[24]
    SLICE_X89Y221        LUT2 (Prop_A6LUT_SLICEL_I1_O)
                                                      0.022     0.868 r  u_baseline/acc_q[24]_i_9/O
                         net (fo=1, routed)           0.008     0.876    u_baseline/acc_q[24]_i_9_n_0
    SLICE_X89Y221        CARRY8 (Prop_CARRY8_SLICEL_S[0]_O[0])
                                                      0.018     0.894 r  u_baseline/acc_q_reg[24]_i_1/O[0]
                         net (fo=1, routed)           0.007     0.901    u_baseline/acc_q_reg[24]_i_1_n_15
    SLICE_X89Y221        FDRE                                         r  u_baseline/acc_q_reg[24]/D
  -------------------------------------------------------------------    -------------------

                         (clock clk rise edge)        0.000     0.000 r  
    P11                                               0.000     0.000 r  clk (IN)
                         net (fo=0)                   0.000     0.000    clk_IBUF_inst/I
    P11                  INBUF (Prop_INBUF_HPIOB_M_PAD_O)
                                                      0.368     0.368 r  clk_IBUF_inst/INBUF_INST/O
                         net (fo=1, routed)           0.000     0.368    clk_IBUF_inst/OUT
    P11                  IBUFCTRL (Prop_IBUFCTRL_HPIOB_M_I_O)
                                                      0.000     0.368 r  clk_IBUF_inst/IBUFCTRL_INST/O
                         net (fo=1, routed)           0.189     0.557    clk_IBUF
    BUFGCE_X0Y77         BUFGCE (Prop_BUFCE_BUFGCE_I_O)
                                                      0.019     0.576 r  clk_IBUF_BUFG_inst/O
    X3Y3 (CLOCK_ROOT)    net (fo=335, routed)         0.492     1.069    u_baseline/clk_IBUF_BUFG
    SLICE_X89Y221        FDRE                                         r  u_baseline/acc_q_reg[24]/C
                         clock pessimism             -0.283     0.786    
    SLICE_X89Y221        FDRE (Hold_AFF_SLICEL_C_D)
                                                      0.046     0.832    u_baseline/acc_q_reg[24]
  -------------------------------------------------------------------
                         required time                         -0.832    
                         arrival time                           0.901    
  -------------------------------------------------------------------
                         slack                                  0.070    

Slack (MET) :             0.070ns  (arrival time - required time)
  Source:                 u_baseline/acc_q_reg[26]/C
                            (rising edge-triggered cell FDRE clocked by clk  {rise@0.000ns fall@2.750ns period=5.500ns})
  Destination:            u_baseline/acc_q_reg[27]/D
                            (rising edge-triggered cell FDRE clocked by clk  {rise@0.000ns fall@2.750ns period=5.500ns})
  Path Group:             clk
  Path Type:              Hold (Min at Fast Process Corner)
  Requirement:            0.000ns  (clk rise@0.000ns - clk rise@0.000ns)
  Data Path Delay:        0.122ns  (logic 0.079ns (64.923%)  route 0.043ns (35.077%))
  Logic Levels:           2  (CARRY8=1 LUT2=1)
  Clock Path Skew:        0.006ns (DCD - SCD - CPR)
    Destination Clock Delay (DCD):    1.069ns
    Source Clock Delay      (SCD):    0.780ns
    Clock Pessimism Removal (CPR):    0.283ns
  Clock Net Delay (Source):      0.431ns (routing 0.000ns, distribution 0.431ns)
  Clock Net Delay (Destination): 0.492ns (routing 0.001ns, distribution 0.491ns)

    Location             Delay type                Incr(ns)  Path(ns)    Netlist Resource(s)
  -------------------------------------------------------------------    -------------------
                         (clock clk rise edge)        0.000     0.000 r  
    P11                                               0.000     0.000 r  clk (IN)
                         net (fo=0)                   0.000     0.000    clk_IBUF_inst/I
    P11                  INBUF (Prop_INBUF_HPIOB_M_PAD_O)
                                                      0.183     0.183 r  clk_IBUF_inst/INBUF_INST/O
                         net (fo=1, routed)           0.000     0.183    clk_IBUF_inst/OUT
    P11                  IBUFCTRL (Prop_IBUFCTRL_HPIOB_M_I_O)
                                                      0.000     0.183 r  clk_IBUF_inst/IBUFCTRL_INST/O
                         net (fo=1, routed)           0.149     0.332    clk_IBUF
    BUFGCE_X0Y77         BUFGCE (Prop_BUFCE_BUFGCE_I_O)
                                                      0.017     0.349 r  clk_IBUF_BUFG_inst/O
    X3Y3 (CLOCK_ROOT)    net (fo=335, routed)         0.431     0.780    u_baseline/clk_IBUF_BUFG
    SLICE_X89Y221        FDRE                                         r  u_baseline/acc_q_reg[26]/C
  -------------------------------------------------------------------    -------------------
    SLICE_X89Y221        FDRE (Prop_CFF_SLICEL_C_Q)
                                                      0.039     0.819 r  u_baseline/acc_q_reg[26]/Q
                         net (fo=2, routed)           0.028     0.846    u_baseline/acc_q_reg[26]
    SLICE_X89Y221        LUT2 (Prop_C6LUT_SLICEL_I1_O)
                                                      0.014     0.860 r  u_baseline/acc_q[24]_i_7/O
                         net (fo=1, routed)           0.008     0.868    u_baseline/acc_q[24]_i_7_n_0
    SLICE_X89Y221        CARRY8 (Prop_CARRY8_SLICEL_S[2]_O[3])
                                                      0.026     0.894 r  u_baseline/acc_q_reg[24]_i_1/O[3]
                         net (fo=1, routed)           0.007     0.901    u_baseline/acc_q_reg[24]_i_1_n_12
    SLICE_X89Y221        FDRE                                         r  u_baseline/acc_q_reg[27]/D
  -------------------------------------------------------------------    -------------------

                         (clock clk rise edge)        0.000     0.000 r  
    P11                                               0.000     0.000 r  clk (IN)
                         net (fo=0)                   0.000     0.000    clk_IBUF_inst/I
    P11                  INBUF (Prop_INBUF_HPIOB_M_PAD_O)
                                                      0.368     0.368 r  clk_IBUF_inst/INBUF_INST/O
                         net (fo=1, routed)           0.000     0.368    clk_IBUF_inst/OUT
    P11                  IBUFCTRL (Prop_IBUFCTRL_HPIOB_M_I_O)
                                                      0.000     0.368 r  clk_IBUF_inst/IBUFCTRL_INST/O
                         net (fo=1, routed)           0.189     0.557    clk_IBUF
    BUFGCE_X0Y77         BUFGCE (Prop_BUFCE_BUFGCE_I_O)
                                                      0.019     0.576 r  clk_IBUF_BUFG_inst/O
    X3Y3 (CLOCK_ROOT)    net (fo=335, routed)         0.492     1.069    u_baseline/clk_IBUF_BUFG
    SLICE_X89Y221        FDRE                                         r  u_baseline/acc_q_reg[27]/C
                         clock pessimism             -0.283     0.786    
    SLICE_X89Y221        FDRE (Hold_DFF_SLICEL_C_D)
                                                      0.046     0.832    u_baseline/acc_q_reg[27]
  -------------------------------------------------------------------
                         required time                         -0.832    
                         arrival time                           0.901    
  -------------------------------------------------------------------
                         slack                                  0.070    

Slack (MET) :             0.070ns  (arrival time - required time)
  Source:                 u_baseline/acc_q_reg[8]/C
                            (rising edge-triggered cell FDRE clocked by clk  {rise@0.000ns fall@2.750ns period=5.500ns})
  Destination:            u_baseline/acc_q_reg[8]/D
                            (rising edge-triggered cell FDRE clocked by clk  {rise@0.000ns fall@2.750ns period=5.500ns})
  Path Group:             clk
  Path Type:              Hold (Min at Fast Process Corner)
  Requirement:            0.000ns  (clk rise@0.000ns - clk rise@0.000ns)
  Data Path Delay:        0.122ns  (logic 0.079ns (64.923%)  route 0.043ns (35.077%))
  Logic Levels:           2  (CARRY8=1 LUT2=1)
  Clock Path Skew:        0.006ns (DCD - SCD - CPR)
    Destination Clock Delay (DCD):    1.068ns
    Source Clock Delay      (SCD):    0.779ns
    Clock Pessimism Removal (CPR):    0.283ns
  Clock Net Delay (Source):      0.430ns (routing 0.000ns, distribution 0.430ns)
  Clock Net Delay (Destination): 0.491ns (routing 0.001ns, distribution 0.490ns)

    Location             Delay type                Incr(ns)  Path(ns)    Netlist Resource(s)
  -------------------------------------------------------------------    -------------------
                         (clock clk rise edge)        0.000     0.000 r  
    P11                                               0.000     0.000 r  clk (IN)
                         net (fo=0)                   0.000     0.000    clk_IBUF_inst/I
    P11                  INBUF (Prop_INBUF_HPIOB_M_PAD_O)
                                                      0.183     0.183 r  clk_IBUF_inst/INBUF_INST/O
                         net (fo=1, routed)           0.000     0.183    clk_IBUF_inst/OUT
    P11                  IBUFCTRL (Prop_IBUFCTRL_HPIOB_M_I_O)
                                                      0.000     0.183 r  clk_IBUF_inst/IBUFCTRL_INST/O
                         net (fo=1, routed)           0.149     0.332    clk_IBUF
    BUFGCE_X0Y77         BUFGCE (Prop_BUFCE_BUFGCE_I_O)
                                                      0.017     0.349 r  clk_IBUF_BUFG_inst/O
    X3Y3 (CLOCK_ROOT)    net (fo=335, routed)         0.430     0.779    u_baseline/clk_IBUF_BUFG
    SLICE_X89Y219        FDRE                                         r  u_baseline/acc_q_reg[8]/C
  -------------------------------------------------------------------    -------------------
    SLICE_X89Y219        FDRE (Prop_AFF_SLICEL_C_Q)
                                                      0.039     0.818 r  u_baseline/acc_q_reg[8]/Q
                         net (fo=2, routed)           0.028     0.845    u_baseline/acc_q_reg[8]
    SLICE_X89Y219        LUT2 (Prop_A6LUT_SLICEL_I1_O)
                                                      0.022     0.867 r  u_baseline/acc_q[8]_i_9/O
                         net (fo=1, routed)           0.008     0.875    u_baseline/acc_q[8]_i_9_n_0
    SLICE_X89Y219        CARRY8 (Prop_CARRY8_SLICEL_S[0]_O[0])
                                                      0.018     0.893 r  u_baseline/acc_q_reg[8]_i_1/O[0]
                         net (fo=1, routed)           0.007     0.900    u_baseline/acc_q_reg[8]_i_1_n_15
    SLICE_X89Y219        FDRE                                         r  u_baseline/acc_q_reg[8]/D
  -------------------------------------------------------------------    -------------------

                         (clock clk rise edge)        0.000     0.000 r  
    P11                                               0.000     0.000 r  clk (IN)
                         net (fo=0)                   0.000     0.000    clk_IBUF_inst/I
    P11                  INBUF (Prop_INBUF_HPIOB_M_PAD_O)
                                                      0.368     0.368 r  clk_IBUF_inst/INBUF_INST/O
                         net (fo=1, routed)           0.000     0.368    clk_IBUF_inst/OUT
    P11                  IBUFCTRL (Prop_IBUFCTRL_HPIOB_M_I_O)
                                                      0.000     0.368 r  clk_IBUF_inst/IBUFCTRL_INST/O
                         net (fo=1, routed)           0.189     0.557    clk_IBUF
    BUFGCE_X0Y77         BUFGCE (Prop_BUFCE_BUFGCE_I_O)
                                                      0.019     0.576 r  clk_IBUF_BUFG_inst/O
    X3Y3 (CLOCK_ROOT)    net (fo=335, routed)         0.491     1.068    u_baseline/clk_IBUF_BUFG
    SLICE_X89Y219        FDRE                                         r  u_baseline/acc_q_reg[8]/C
                         clock pessimism             -0.283     0.785    
    SLICE_X89Y219        FDRE (Hold_AFF_SLICEL_C_D)
                                                      0.046     0.831    u_baseline/acc_q_reg[8]
  -------------------------------------------------------------------
                         required time                         -0.831    
                         arrival time                           0.900    
  -------------------------------------------------------------------
                         slack                                  0.070    

Slack (MET) :             0.070ns  (arrival time - required time)
  Source:                 u_baseline/acc_q_reg[0]/C
                            (rising edge-triggered cell FDRE clocked by clk  {rise@0.000ns fall@2.750ns period=5.500ns})
  Destination:            u_baseline/acc_q_reg[0]/D
                            (rising edge-triggered cell FDRE clocked by clk  {rise@0.000ns fall@2.750ns period=5.500ns})
  Path Group:             clk
  Path Type:              Hold (Min at Fast Process Corner)
  Requirement:            0.000ns  (clk rise@0.000ns - clk rise@0.000ns)
  Data Path Delay:        0.122ns  (logic 0.079ns (64.923%)  route 0.043ns (35.077%))
  Logic Levels:           2  (CARRY8=1 LUT2=1)
  Clock Path Skew:        0.006ns (DCD - SCD - CPR)
    Destination Clock Delay (DCD):    1.075ns
    Source Clock Delay      (SCD):    0.786ns
    Clock Pessimism Removal (CPR):    0.283ns
  Clock Net Delay (Source):      0.437ns (routing 0.000ns, distribution 0.437ns)
  Clock Net Delay (Destination): 0.499ns (routing 0.001ns, distribution 0.498ns)

    Location             Delay type                Incr(ns)  Path(ns)    Netlist Resource(s)
  -------------------------------------------------------------------    -------------------
                         (clock clk rise edge)        0.000     0.000 r  
    P11                                               0.000     0.000 r  clk (IN)
                         net (fo=0)                   0.000     0.000    clk_IBUF_inst/I
    P11                  INBUF (Prop_INBUF_HPIOB_M_PAD_O)
                                                      0.183     0.183 r  clk_IBUF_inst/INBUF_INST/O
                         net (fo=1, routed)           0.000     0.183    clk_IBUF_inst/OUT
    P11                  IBUFCTRL (Prop_IBUFCTRL_HPIOB_M_I_O)
                                                      0.000     0.183 r  clk_IBUF_inst/IBUFCTRL_INST/O
                         net (fo=1, routed)           0.149     0.332    clk_IBUF
    BUFGCE_X0Y77         BUFGCE (Prop_BUFCE_BUFGCE_I_O)
                                                      0.017     0.349 r  clk_IBUF_BUFG_inst/O
    X3Y3 (CLOCK_ROOT)    net (fo=335, routed)         0.437     0.786    u_baseline/clk_IBUF_BUFG
    SLICE_X89Y218        FDRE                                         r  u_baseline/acc_q_reg[0]/C
  -------------------------------------------------------------------    -------------------
    SLICE_X89Y218        FDRE (Prop_AFF_SLICEL_C_Q)
                                                      0.039     0.825 r  u_baseline/acc_q_reg[0]/Q
                         net (fo=2, routed)           0.028     0.852    u_baseline/acc_q_reg[0]
    SLICE_X89Y218        LUT2 (Prop_A6LUT_SLICEL_I1_O)
                                                      0.022     0.874 r  u_baseline/acc_q[0]_i_11/O
                         net (fo=1, routed)           0.008     0.882    u_baseline/acc_q[0]_i_11_n_0
    SLICE_X89Y218        CARRY8 (Prop_CARRY8_SLICEL_S[0]_O[0])
                                                      0.018     0.900 r  u_baseline/acc_q_reg[0]_i_3/O[0]
                         net (fo=1, routed)           0.007     0.907    u_baseline/acc_q_reg[0]_i_3_n_15
    SLICE_X89Y218        FDRE                                         r  u_baseline/acc_q_reg[0]/D
  -------------------------------------------------------------------    -------------------

                         (clock clk rise edge)        0.000     0.000 r  
    P11                                               0.000     0.000 r  clk (IN)
                         net (fo=0)                   0.000     0.000    clk_IBUF_inst/I
    P11                  INBUF (Prop_INBUF_HPIOB_M_PAD_O)
                                                      0.368     0.368 r  clk_IBUF_inst/INBUF_INST/O
                         net (fo=1, routed)           0.000     0.368    clk_IBUF_inst/OUT
    P11                  IBUFCTRL (Prop_IBUFCTRL_HPIOB_M_I_O)
                                                      0.000     0.368 r  clk_IBUF_inst/IBUFCTRL_INST/O
                         net (fo=1, routed)           0.189     0.557    clk_IBUF
    BUFGCE_X0Y77         BUFGCE (Prop_BUFCE_BUFGCE_I_O)
                                                      0.019     0.576 r  clk_IBUF_BUFG_inst/O
    X3Y3 (CLOCK_ROOT)    net (fo=335, routed)         0.499     1.075    u_baseline/clk_IBUF_BUFG
    SLICE_X89Y218        FDRE                                         r  u_baseline/acc_q_reg[0]/C
                         clock pessimism             -0.283     0.792    
    SLICE_X89Y218        FDRE (Hold_AFF_SLICEL_C_D)
                                                      0.046     0.838    u_baseline/acc_q_reg[0]
  -------------------------------------------------------------------
                         required time                         -0.838    
                         arrival time                           0.907    
  -------------------------------------------------------------------
                         slack                                  0.070    

Slack (MET) :             0.070ns  (arrival time - required time)
  Source:                 u_baseline/acc_q_reg[2]/C
                            (rising edge-triggered cell FDRE clocked by clk  {rise@0.000ns fall@2.750ns period=5.500ns})
  Destination:            u_baseline/acc_q_reg[3]/D
                            (rising edge-triggered cell FDRE clocked by clk  {rise@0.000ns fall@2.750ns period=5.500ns})
  Path Group:             clk
  Path Type:              Hold (Min at Fast Process Corner)
  Requirement:            0.000ns  (clk rise@0.000ns - clk rise@0.000ns)
  Data Path Delay:        0.122ns  (logic 0.079ns (64.923%)  route 0.043ns (35.077%))
  Logic Levels:           2  (CARRY8=1 LUT2=1)
  Clock Path Skew:        0.006ns (DCD - SCD - CPR)
    Destination Clock Delay (DCD):    1.075ns
    Source Clock Delay      (SCD):    0.786ns
    Clock Pessimism Removal (CPR):    0.283ns
  Clock Net Delay (Source):      0.437ns (routing 0.000ns, distribution 0.437ns)
  Clock Net Delay (Destination): 0.499ns (routing 0.001ns, distribution 0.498ns)

    Location             Delay type                Incr(ns)  Path(ns)    Netlist Resource(s)
  -------------------------------------------------------------------    -------------------
                         (clock clk rise edge)        0.000     0.000 r  
    P11                                               0.000     0.000 r  clk (IN)
                         net (fo=0)                   0.000     0.000    clk_IBUF_inst/I
    P11                  INBUF (Prop_INBUF_HPIOB_M_PAD_O)
                                                      0.183     0.183 r  clk_IBUF_inst/INBUF_INST/O
                         net (fo=1, routed)           0.000     0.183    clk_IBUF_inst/OUT
    P11                  IBUFCTRL (Prop_IBUFCTRL_HPIOB_M_I_O)
                                                      0.000     0.183 r  clk_IBUF_inst/IBUFCTRL_INST/O
                         net (fo=1, routed)           0.149     0.332    clk_IBUF
    BUFGCE_X0Y77         BUFGCE (Prop_BUFCE_BUFGCE_I_O)
                                                      0.017     0.349 r  clk_IBUF_BUFG_inst/O
    X3Y3 (CLOCK_ROOT)    net (fo=335, routed)         0.437     0.786    u_baseline/clk_IBUF_BUFG
    SLICE_X89Y218        FDRE                                         r  u_baseline/acc_q_reg[2]/C
  -------------------------------------------------------------------    -------------------
    SLICE_X89Y218        FDRE (Prop_CFF_SLICEL_C_Q)
                                                      0.039     0.825 r  u_baseline/acc_q_reg[2]/Q
                         net (fo=2, routed)           0.028     0.852    u_baseline/acc_q_reg[2]
    SLICE_X89Y218        LUT2 (Prop_C6LUT_SLICEL_I1_O)
                                                      0.014     0.866 r  u_baseline/acc_q[0]_i_9/O
                         net (fo=1, routed)           0.008     0.874    u_baseline/acc_q[0]_i_9_n_0
    SLICE_X89Y218        CARRY8 (Prop_CARRY8_SLICEL_S[2]_O[3])
                                                      0.026     0.900 r  u_baseline/acc_q_reg[0]_i_3/O[3]
                         net (fo=1, routed)           0.007     0.907    u_baseline/acc_q_reg[0]_i_3_n_12
    SLICE_X89Y218        FDRE                                         r  u_baseline/acc_q_reg[3]/D
  -------------------------------------------------------------------    -------------------

                         (clock clk rise edge)        0.000     0.000 r  
    P11                                               0.000     0.000 r  clk (IN)
                         net (fo=0)                   0.000     0.000    clk_IBUF_inst/I
    P11                  INBUF (Prop_INBUF_HPIOB_M_PAD_O)
                                                      0.368     0.368 r  clk_IBUF_inst/INBUF_INST/O
                         net (fo=1, routed)           0.000     0.368    clk_IBUF_inst/OUT
    P11                  IBUFCTRL (Prop_IBUFCTRL_HPIOB_M_I_O)
                                                      0.000     0.368 r  clk_IBUF_inst/IBUFCTRL_INST/O
                         net (fo=1, routed)           0.189     0.557    clk_IBUF
    BUFGCE_X0Y77         BUFGCE (Prop_BUFCE_BUFGCE_I_O)
                                                      0.019     0.576 r  clk_IBUF_BUFG_inst/O
    X3Y3 (CLOCK_ROOT)    net (fo=335, routed)         0.499     1.075    u_baseline/clk_IBUF_BUFG
    SLICE_X89Y218        FDRE                                         r  u_baseline/acc_q_reg[3]/C
                         clock pessimism             -0.283     0.792    
    SLICE_X89Y218        FDRE (Hold_DFF_SLICEL_C_D)
                                                      0.046     0.838    u_baseline/acc_q_reg[3]
  -------------------------------------------------------------------
                         required time                         -0.838    
                         arrival time                           0.907    
  -------------------------------------------------------------------
                         slack                                  0.070    

Slack (MET) :             0.071ns  (arrival time - required time)
  Source:                 u_baseline/compute_cycles_reg[23]/C
                            (rising edge-triggered cell FDRE clocked by clk  {rise@0.000ns fall@2.750ns period=5.500ns})
  Destination:            u_baseline/compute_cycles_reg[23]/D
                            (rising edge-triggered cell FDRE clocked by clk  {rise@0.000ns fall@2.750ns period=5.500ns})
  Path Group:             clk
  Path Type:              Hold (Min at Fast Process Corner)
  Requirement:            0.000ns  (clk rise@0.000ns - clk rise@0.000ns)
  Data Path Delay:        0.123ns  (logic 0.057ns (46.461%)  route 0.066ns (53.539%))
  Logic Levels:           1  (CARRY8=1)
  Clock Path Skew:        0.006ns (DCD - SCD - CPR)
    Destination Clock Delay (DCD):    1.055ns
    Source Clock Delay      (SCD):    0.767ns
    Clock Pessimism Removal (CPR):    0.282ns
  Clock Net Delay (Source):      0.418ns (routing 0.000ns, distribution 0.418ns)
  Clock Net Delay (Destination): 0.478ns (routing 0.001ns, distribution 0.477ns)

    Location             Delay type                Incr(ns)  Path(ns)    Netlist Resource(s)
  -------------------------------------------------------------------    -------------------
                         (clock clk rise edge)        0.000     0.000 r  
    P11                                               0.000     0.000 r  clk (IN)
                         net (fo=0)                   0.000     0.000    clk_IBUF_inst/I
    P11                  INBUF (Prop_INBUF_HPIOB_M_PAD_O)
                                                      0.183     0.183 r  clk_IBUF_inst/INBUF_INST/O
                         net (fo=1, routed)           0.000     0.183    clk_IBUF_inst/OUT
    P11                  IBUFCTRL (Prop_IBUFCTRL_HPIOB_M_I_O)
                                                      0.000     0.183 r  clk_IBUF_inst/IBUFCTRL_INST/O
                         net (fo=1, routed)           0.149     0.332    clk_IBUF
    BUFGCE_X0Y77         BUFGCE (Prop_BUFCE_BUFGCE_I_O)
                                                      0.017     0.349 r  clk_IBUF_BUFG_inst/O
    X3Y3 (CLOCK_ROOT)    net (fo=335, routed)         0.418     0.767    u_baseline/clk_IBUF_BUFG
    SLICE_X96Y220        FDRE                                         r  u_baseline/compute_cycles_reg[23]/C
  -------------------------------------------------------------------    -------------------
    SLICE_X96Y220        FDRE (Prop_HFF_SLICEM_C_Q)
                                                      0.039     0.806 r  u_baseline/compute_cycles_reg[23]/Q
                         net (fo=2, routed)           0.059     0.864    u_baseline/compute_cycles[23]
    SLICE_X96Y220        CARRY8 (Prop_CARRY8_SLICEM_S[7]_O[7])
                                                      0.018     0.882 r  u_baseline/compute_cycles_reg[16]_i_1/O[7]
                         net (fo=1, routed)           0.007     0.889    u_baseline/compute_cycles_reg[16]_i_1_n_8
    SLICE_X96Y220        FDRE                                         r  u_baseline/compute_cycles_reg[23]/D
  -------------------------------------------------------------------    -------------------

                         (clock clk rise edge)        0.000     0.000 r  
    P11                                               0.000     0.000 r  clk (IN)
                         net (fo=0)                   0.000     0.000    clk_IBUF_inst/I
    P11                  INBUF (Prop_INBUF_HPIOB_M_PAD_O)
                                                      0.368     0.368 r  clk_IBUF_inst/INBUF_INST/O
                         net (fo=1, routed)           0.000     0.368    clk_IBUF_inst/OUT
    P11                  IBUFCTRL (Prop_IBUFCTRL_HPIOB_M_I_O)
                                                      0.000     0.368 r  clk_IBUF_inst/IBUFCTRL_INST/O
                         net (fo=1, routed)           0.189     0.557    clk_IBUF
    BUFGCE_X0Y77         BUFGCE (Prop_BUFCE_BUFGCE_I_O)
                                                      0.019     0.576 r  clk_IBUF_BUFG_inst/O
    X3Y3 (CLOCK_ROOT)    net (fo=335, routed)         0.478     1.055    u_baseline/clk_IBUF_BUFG
    SLICE_X96Y220        FDRE                                         r  u_baseline/compute_cycles_reg[23]/C
                         clock pessimism             -0.282     0.773    
    SLICE_X96Y220        FDRE (Hold_HFF_SLICEM_C_D)
                                                      0.046     0.819    u_baseline/compute_cycles_reg[23]
  -------------------------------------------------------------------
                         required time                         -0.819    
                         arrival time                           0.889    
  -------------------------------------------------------------------
                         slack                                  0.071    

Slack (MET) :             0.071ns  (arrival time - required time)
  Source:                 u_baseline/compute_cycles_reg[31]/C
                            (rising edge-triggered cell FDRE clocked by clk  {rise@0.000ns fall@2.750ns period=5.500ns})
  Destination:            u_baseline/compute_cycles_reg[31]/D
                            (rising edge-triggered cell FDRE clocked by clk  {rise@0.000ns fall@2.750ns period=5.500ns})
  Path Group:             clk
  Path Type:              Hold (Min at Fast Process Corner)
  Requirement:            0.000ns  (clk rise@0.000ns - clk rise@0.000ns)
  Data Path Delay:        0.123ns  (logic 0.057ns (46.461%)  route 0.066ns (53.539%))
  Logic Levels:           1  (CARRY8=1)
  Clock Path Skew:        0.006ns (DCD - SCD - CPR)
    Destination Clock Delay (DCD):    1.055ns
    Source Clock Delay      (SCD):    0.767ns
    Clock Pessimism Removal (CPR):    0.282ns
  Clock Net Delay (Source):      0.418ns (routing 0.000ns, distribution 0.418ns)
  Clock Net Delay (Destination): 0.478ns (routing 0.001ns, distribution 0.477ns)

    Location             Delay type                Incr(ns)  Path(ns)    Netlist Resource(s)
  -------------------------------------------------------------------    -------------------
                         (clock clk rise edge)        0.000     0.000 r  
    P11                                               0.000     0.000 r  clk (IN)
                         net (fo=0)                   0.000     0.000    clk_IBUF_inst/I
    P11                  INBUF (Prop_INBUF_HPIOB_M_PAD_O)
                                                      0.183     0.183 r  clk_IBUF_inst/INBUF_INST/O
                         net (fo=1, routed)           0.000     0.183    clk_IBUF_inst/OUT
    P11                  IBUFCTRL (Prop_IBUFCTRL_HPIOB_M_I_O)
                                                      0.000     0.183 r  clk_IBUF_inst/IBUFCTRL_INST/O
                         net (fo=1, routed)           0.149     0.332    clk_IBUF
    BUFGCE_X0Y77         BUFGCE (Prop_BUFCE_BUFGCE_I_O)
                                                      0.017     0.349 r  clk_IBUF_BUFG_inst/O
    X3Y3 (CLOCK_ROOT)    net (fo=335, routed)         0.418     0.767    u_baseline/clk_IBUF_BUFG
    SLICE_X96Y221        FDRE                                         r  u_baseline/compute_cycles_reg[31]/C
  -------------------------------------------------------------------    -------------------
    SLICE_X96Y221        FDRE (Prop_HFF_SLICEM_C_Q)
                                                      0.039     0.806 r  u_baseline/compute_cycles_reg[31]/Q
                         net (fo=2, routed)           0.059     0.864    u_baseline/compute_cycles[31]
    SLICE_X96Y221        CARRY8 (Prop_CARRY8_SLICEM_S[7]_O[7])
                                                      0.018     0.882 r  u_baseline/compute_cycles_reg[24]_i_1/O[7]
                         net (fo=1, routed)           0.007     0.889    u_baseline/compute_cycles_reg[24]_i_1_n_8
    SLICE_X96Y221        FDRE                                         r  u_baseline/compute_cycles_reg[31]/D
  -------------------------------------------------------------------    -------------------

                         (clock clk rise edge)        0.000     0.000 r  
    P11                                               0.000     0.000 r  clk (IN)
                         net (fo=0)                   0.000     0.000    clk_IBUF_inst/I
    P11                  INBUF (Prop_INBUF_HPIOB_M_PAD_O)
                                                      0.368     0.368 r  clk_IBUF_inst/INBUF_INST/O
                         net (fo=1, routed)           0.000     0.368    clk_IBUF_inst/OUT
    P11                  IBUFCTRL (Prop_IBUFCTRL_HPIOB_M_I_O)
                                                      0.000     0.368 r  clk_IBUF_inst/IBUFCTRL_INST/O
                         net (fo=1, routed)           0.189     0.557    clk_IBUF
    BUFGCE_X0Y77         BUFGCE (Prop_BUFCE_BUFGCE_I_O)
                                                      0.019     0.576 r  clk_IBUF_BUFG_inst/O
    X3Y3 (CLOCK_ROOT)    net (fo=335, routed)         0.478     1.055    u_baseline/clk_IBUF_BUFG
    SLICE_X96Y221        FDRE                                         r  u_baseline/compute_cycles_reg[31]/C
                         clock pessimism             -0.282     0.773    
    SLICE_X96Y221        FDRE (Hold_HFF_SLICEM_C_D)
                                                      0.046     0.819    u_baseline/compute_cycles_reg[31]
  -------------------------------------------------------------------
                         required time                         -0.819    
                         arrival time                           0.889    
  -------------------------------------------------------------------
                         slack                                  0.071    

Slack (MET) :             0.071ns  (arrival time - required time)
  Source:                 u_baseline/compute_cycles_reg[7]/C
                            (rising edge-triggered cell FDRE clocked by clk  {rise@0.000ns fall@2.750ns period=5.500ns})
  Destination:            u_baseline/compute_cycles_reg[7]/D
                            (rising edge-triggered cell FDRE clocked by clk  {rise@0.000ns fall@2.750ns period=5.500ns})
  Path Group:             clk
  Path Type:              Hold (Min at Fast Process Corner)
  Requirement:            0.000ns  (clk rise@0.000ns - clk rise@0.000ns)
  Data Path Delay:        0.123ns  (logic 0.057ns (46.461%)  route 0.066ns (53.539%))
  Logic Levels:           1  (CARRY8=1)
  Clock Path Skew:        0.006ns (DCD - SCD - CPR)
    Destination Clock Delay (DCD):    1.053ns
    Source Clock Delay      (SCD):    0.766ns
    Clock Pessimism Removal (CPR):    0.281ns
  Clock Net Delay (Source):      0.417ns (routing 0.000ns, distribution 0.417ns)
  Clock Net Delay (Destination): 0.476ns (routing 0.001ns, distribution 0.475ns)

    Location             Delay type                Incr(ns)  Path(ns)    Netlist Resource(s)
  -------------------------------------------------------------------    -------------------
                         (clock clk rise edge)        0.000     0.000 r  
    P11                                               0.000     0.000 r  clk (IN)
                         net (fo=0)                   0.000     0.000    clk_IBUF_inst/I
    P11                  INBUF (Prop_INBUF_HPIOB_M_PAD_O)
                                                      0.183     0.183 r  clk_IBUF_inst/INBUF_INST/O
                         net (fo=1, routed)           0.000     0.183    clk_IBUF_inst/OUT
    P11                  IBUFCTRL (Prop_IBUFCTRL_HPIOB_M_I_O)
                                                      0.000     0.183 r  clk_IBUF_inst/IBUFCTRL_INST/O
                         net (fo=1, routed)           0.149     0.332    clk_IBUF
    BUFGCE_X0Y77         BUFGCE (Prop_BUFCE_BUFGCE_I_O)
                                                      0.017     0.349 r  clk_IBUF_BUFG_inst/O
    X3Y3 (CLOCK_ROOT)    net (fo=335, routed)         0.417     0.766    u_baseline/clk_IBUF_BUFG
    SLICE_X96Y218        FDRE                                         r  u_baseline/compute_cycles_reg[7]/C
  -------------------------------------------------------------------    -------------------
    SLICE_X96Y218        FDRE (Prop_HFF_SLICEM_C_Q)
                                                      0.039     0.805 r  u_baseline/compute_cycles_reg[7]/Q
                         net (fo=2, routed)           0.059     0.863    u_baseline/compute_cycles[7]
    SLICE_X96Y218        CARRY8 (Prop_CARRY8_SLICEM_S[7]_O[7])
                                                      0.018     0.881 r  u_baseline/compute_cycles_reg[0]_i_1/O[7]
                         net (fo=1, routed)           0.007     0.888    u_baseline/compute_cycles_reg[0]_i_1_n_8
    SLICE_X96Y218        FDRE                                         r  u_baseline/compute_cycles_reg[7]/D
  -------------------------------------------------------------------    -------------------

                         (clock clk rise edge)        0.000     0.000 r  
    P11                                               0.000     0.000 r  clk (IN)
                         net (fo=0)                   0.000     0.000    clk_IBUF_inst/I
    P11                  INBUF (Prop_INBUF_HPIOB_M_PAD_O)
                                                      0.368     0.368 r  clk_IBUF_inst/INBUF_INST/O
                         net (fo=1, routed)           0.000     0.368    clk_IBUF_inst/OUT
    P11                  IBUFCTRL (Prop_IBUFCTRL_HPIOB_M_I_O)
                                                      0.000     0.368 r  clk_IBUF_inst/IBUFCTRL_INST/O
                         net (fo=1, routed)           0.189     0.557    clk_IBUF
    BUFGCE_X0Y77         BUFGCE (Prop_BUFCE_BUFGCE_I_O)
                                                      0.019     0.576 r  clk_IBUF_BUFG_inst/O
    X3Y3 (CLOCK_ROOT)    net (fo=335, routed)         0.476     1.053    u_baseline/clk_IBUF_BUFG
    SLICE_X96Y218        FDRE                                         r  u_baseline/compute_cycles_reg[7]/C
                         clock pessimism             -0.281     0.772    
    SLICE_X96Y218        FDRE (Hold_HFF_SLICEM_C_D)
                                                      0.046     0.818    u_baseline/compute_cycles_reg[7]
  -------------------------------------------------------------------
                         required time                         -0.818    
                         arrival time                           0.888    
  -------------------------------------------------------------------
                         slack                                  0.071    

Slack (MET) :             0.071ns  (arrival time - required time)
  Source:                 u_baseline/compute_cycles_reg[15]/C
                            (rising edge-triggered cell FDRE clocked by clk  {rise@0.000ns fall@2.750ns period=5.500ns})
  Destination:            u_baseline/compute_cycles_reg[15]/D
                            (rising edge-triggered cell FDRE clocked by clk  {rise@0.000ns fall@2.750ns period=5.500ns})
  Path Group:             clk
  Path Type:              Hold (Min at Fast Process Corner)
  Requirement:            0.000ns  (clk rise@0.000ns - clk rise@0.000ns)
  Data Path Delay:        0.123ns  (logic 0.057ns (46.461%)  route 0.066ns (53.539%))
  Logic Levels:           1  (CARRY8=1)
  Clock Path Skew:        0.006ns (DCD - SCD - CPR)
    Destination Clock Delay (DCD):    1.054ns
    Source Clock Delay      (SCD):    0.766ns
    Clock Pessimism Removal (CPR):    0.282ns
  Clock Net Delay (Source):      0.417ns (routing 0.000ns, distribution 0.417ns)
  Clock Net Delay (Destination): 0.477ns (routing 0.001ns, distribution 0.476ns)

    Location             Delay type                Incr(ns)  Path(ns)    Netlist Resource(s)
  -------------------------------------------------------------------    -------------------
                         (clock clk rise edge)        0.000     0.000 r  
    P11                                               0.000     0.000 r  clk (IN)
                         net (fo=0)                   0.000     0.000    clk_IBUF_inst/I
    P11                  INBUF (Prop_INBUF_HPIOB_M_PAD_O)
                                                      0.183     0.183 r  clk_IBUF_inst/INBUF_INST/O
                         net (fo=1, routed)           0.000     0.183    clk_IBUF_inst/OUT
    P11                  IBUFCTRL (Prop_IBUFCTRL_HPIOB_M_I_O)
                                                      0.000     0.183 r  clk_IBUF_inst/IBUFCTRL_INST/O
                         net (fo=1, routed)           0.149     0.332    clk_IBUF
    BUFGCE_X0Y77         BUFGCE (Prop_BUFCE_BUFGCE_I_O)
                                                      0.017     0.349 r  clk_IBUF_BUFG_inst/O
    X3Y3 (CLOCK_ROOT)    net (fo=335, routed)         0.417     0.766    u_baseline/clk_IBUF_BUFG
    SLICE_X96Y219        FDRE                                         r  u_baseline/compute_cycles_reg[15]/C
  -------------------------------------------------------------------    -------------------
    SLICE_X96Y219        FDRE (Prop_HFF_SLICEM_C_Q)
                                                      0.039     0.805 r  u_baseline/compute_cycles_reg[15]/Q
                         net (fo=2, routed)           0.059     0.863    u_baseline/compute_cycles[15]
    SLICE_X96Y219        CARRY8 (Prop_CARRY8_SLICEM_S[7]_O[7])
                                                      0.018     0.881 r  u_baseline/compute_cycles_reg[8]_i_1/O[7]
                         net (fo=1, routed)           0.007     0.888    u_baseline/compute_cycles_reg[8]_i_1_n_8
    SLICE_X96Y219        FDRE                                         r  u_baseline/compute_cycles_reg[15]/D
  -------------------------------------------------------------------    -------------------

                         (clock clk rise edge)        0.000     0.000 r  
    P11                                               0.000     0.000 r  clk (IN)
                         net (fo=0)                   0.000     0.000    clk_IBUF_inst/I
    P11                  INBUF (Prop_INBUF_HPIOB_M_PAD_O)
                                                      0.368     0.368 r  clk_IBUF_inst/INBUF_INST/O
                         net (fo=1, routed)           0.000     0.368    clk_IBUF_inst/OUT
    P11                  IBUFCTRL (Prop_IBUFCTRL_HPIOB_M_I_O)
                                                      0.000     0.368 r  clk_IBUF_inst/IBUFCTRL_INST/O
                         net (fo=1, routed)           0.189     0.557    clk_IBUF
    BUFGCE_X0Y77         BUFGCE (Prop_BUFCE_BUFGCE_I_O)
                                                      0.019     0.576 r  clk_IBUF_BUFG_inst/O
    X3Y3 (CLOCK_ROOT)    net (fo=335, routed)         0.477     1.054    u_baseline/clk_IBUF_BUFG
    SLICE_X96Y219        FDRE                                         r  u_baseline/compute_cycles_reg[15]/C
                         clock pessimism             -0.282     0.772    
    SLICE_X96Y219        FDRE (Hold_HFF_SLICEM_C_D)
                                                      0.046     0.818    u_baseline/compute_cycles_reg[15]
  -------------------------------------------------------------------
                         required time                         -0.818    
                         arrival time                           0.888    
  -------------------------------------------------------------------
                         slack                                  0.071    

Slack (MET) :             0.071ns  (arrival time - required time)
  Source:                 u_baseline/acc_q_reg[10]/C
                            (rising edge-triggered cell FDRE clocked by clk  {rise@0.000ns fall@2.750ns period=5.500ns})
  Destination:            u_baseline/out_data_reg[10]/D
                            (rising edge-triggered cell FDRE clocked by clk  {rise@0.000ns fall@2.750ns period=5.500ns})
  Path Group:             clk
  Path Type:              Hold (Min at Fast Process Corner)
  Requirement:            0.000ns  (clk rise@0.000ns - clk rise@0.000ns)
  Data Path Delay:        0.167ns  (logic 0.039ns (23.340%)  route 0.128ns (76.660%))
  Logic Levels:           0  
  Clock Path Skew:        0.050ns (DCD - SCD - CPR)
    Destination Clock Delay (DCD):    1.068ns
    Source Clock Delay      (SCD):    0.779ns
    Clock Pessimism Removal (CPR):    0.239ns
  Clock Net Delay (Source):      0.430ns (routing 0.000ns, distribution 0.430ns)
  Clock Net Delay (Destination): 0.491ns (routing 0.001ns, distribution 0.490ns)

    Location             Delay type                Incr(ns)  Path(ns)    Netlist Resource(s)
  -------------------------------------------------------------------    -------------------
                         (clock clk rise edge)        0.000     0.000 r  
    P11                                               0.000     0.000 r  clk (IN)
                         net (fo=0)                   0.000     0.000    clk_IBUF_inst/I
    P11                  INBUF (Prop_INBUF_HPIOB_M_PAD_O)
                                                      0.183     0.183 r  clk_IBUF_inst/INBUF_INST/O
                         net (fo=1, routed)           0.000     0.183    clk_IBUF_inst/OUT
    P11                  IBUFCTRL (Prop_IBUFCTRL_HPIOB_M_I_O)
                                                      0.000     0.183 r  clk_IBUF_inst/IBUFCTRL_INST/O
                         net (fo=1, routed)           0.149     0.332    clk_IBUF
    BUFGCE_X0Y77         BUFGCE (Prop_BUFCE_BUFGCE_I_O)
                                                      0.017     0.349 r  clk_IBUF_BUFG_inst/O
    X3Y3 (CLOCK_ROOT)    net (fo=335, routed)         0.430     0.779    u_baseline/clk_IBUF_BUFG
    SLICE_X89Y219        FDRE                                         r  u_baseline/acc_q_reg[10]/C
  -------------------------------------------------------------------    -------------------
    SLICE_X89Y219        FDRE (Prop_CFF_SLICEL_C_Q)
                                                      0.039     0.818 r  u_baseline/acc_q_reg[10]/Q
                         net (fo=2, routed)           0.128     0.946    u_baseline/acc_q_reg[10]
    SLICE_X90Y216        FDRE                                         r  u_baseline/out_data_reg[10]/D
  -------------------------------------------------------------------    -------------------

                         (clock clk rise edge)        0.000     0.000 r  
    P11                                               0.000     0.000 r  clk (IN)
                         net (fo=0)                   0.000     0.000    clk_IBUF_inst/I
    P11                  INBUF (Prop_INBUF_HPIOB_M_PAD_O)
                                                      0.368     0.368 r  clk_IBUF_inst/INBUF_INST/O
                         net (fo=1, routed)           0.000     0.368    clk_IBUF_inst/OUT
    P11                  IBUFCTRL (Prop_IBUFCTRL_HPIOB_M_I_O)
                                                      0.000     0.368 r  clk_IBUF_inst/IBUFCTRL_INST/O
                         net (fo=1, routed)           0.189     0.557    clk_IBUF
    BUFGCE_X0Y77         BUFGCE (Prop_BUFCE_BUFGCE_I_O)
                                                      0.019     0.576 r  clk_IBUF_BUFG_inst/O
    X3Y3 (CLOCK_ROOT)    net (fo=335, routed)         0.491     1.068    u_baseline/clk_IBUF_BUFG
    SLICE_X90Y216        FDRE                                         r  u_baseline/out_data_reg[10]/C
                         clock pessimism             -0.239     0.828    
    SLICE_X90Y216        FDRE (Hold_AFF_SLICEM_C_D)
                                                      0.046     0.874    u_baseline/out_data_reg[10]
  -------------------------------------------------------------------
                         required time                         -0.874    
                         arrival time                           0.946    
  -------------------------------------------------------------------
                         slack                                  0.071    

Slack (MET) :             0.072ns  (arrival time - required time)
  Source:                 u_baseline/acc_q_reg[1]/C
                            (rising edge-triggered cell FDRE clocked by clk  {rise@0.000ns fall@2.750ns period=5.500ns})
  Destination:            u_baseline/out_data_reg[1]/D
                            (rising edge-triggered cell FDRE clocked by clk  {rise@0.000ns fall@2.750ns period=5.500ns})
  Path Group:             clk
  Path Type:              Hold (Min at Fast Process Corner)
  Requirement:            0.000ns  (clk rise@0.000ns - clk rise@0.000ns)
  Data Path Delay:        0.134ns  (logic 0.039ns (29.084%)  route 0.095ns (70.916%))
  Logic Levels:           0  
  Clock Path Skew:        0.016ns (DCD - SCD - CPR)
    Destination Clock Delay (DCD):    1.073ns
    Source Clock Delay      (SCD):    0.786ns
    Clock Pessimism Removal (CPR):    0.271ns
  Clock Net Delay (Source):      0.437ns (routing 0.000ns, distribution 0.437ns)
  Clock Net Delay (Destination): 0.496ns (routing 0.001ns, distribution 0.495ns)

    Location             Delay type                Incr(ns)  Path(ns)    Netlist Resource(s)
  -------------------------------------------------------------------    -------------------
                         (clock clk rise edge)        0.000     0.000 r  
    P11                                               0.000     0.000 r  clk (IN)
                         net (fo=0)                   0.000     0.000    clk_IBUF_inst/I
    P11                  INBUF (Prop_INBUF_HPIOB_M_PAD_O)
                                                      0.183     0.183 r  clk_IBUF_inst/INBUF_INST/O
                         net (fo=1, routed)           0.000     0.183    clk_IBUF_inst/OUT
    P11                  IBUFCTRL (Prop_IBUFCTRL_HPIOB_M_I_O)
                                                      0.000     0.183 r  clk_IBUF_inst/IBUFCTRL_INST/O
                         net (fo=1, routed)           0.149     0.332    clk_IBUF
    BUFGCE_X0Y77         BUFGCE (Prop_BUFCE_BUFGCE_I_O)
                                                      0.017     0.349 r  clk_IBUF_BUFG_inst/O
    X3Y3 (CLOCK_ROOT)    net (fo=335, routed)         0.437     0.786    u_baseline/clk_IBUF_BUFG
    SLICE_X89Y218        FDRE                                         r  u_baseline/acc_q_reg[1]/C
  -------------------------------------------------------------------    -------------------
    SLICE_X89Y218        FDRE (Prop_BFF_SLICEL_C_Q)
                                                      0.039     0.825 r  u_baseline/acc_q_reg[1]/Q
                         net (fo=2, routed)           0.095     0.920    u_baseline/acc_q_reg[1]
    SLICE_X89Y215        FDRE                                         r  u_baseline/out_data_reg[1]/D
  -------------------------------------------------------------------    -------------------

                         (clock clk rise edge)        0.000     0.000 r  
    P11                                               0.000     0.000 r  clk (IN)
                         net (fo=0)                   0.000     0.000    clk_IBUF_inst/I
    P11                  INBUF (Prop_INBUF_HPIOB_M_PAD_O)
                                                      0.368     0.368 r  clk_IBUF_inst/INBUF_INST/O
                         net (fo=1, routed)           0.000     0.368    clk_IBUF_inst/OUT
    P11                  IBUFCTRL (Prop_IBUFCTRL_HPIOB_M_I_O)
                                                      0.000     0.368 r  clk_IBUF_inst/IBUFCTRL_INST/O
                         net (fo=1, routed)           0.189     0.557    clk_IBUF
    BUFGCE_X0Y77         BUFGCE (Prop_BUFCE_BUFGCE_I_O)
                                                      0.019     0.576 r  clk_IBUF_BUFG_inst/O
    X3Y3 (CLOCK_ROOT)    net (fo=335, routed)         0.496     1.073    u_baseline/clk_IBUF_BUFG
    SLICE_X89Y215        FDRE                                         r  u_baseline/out_data_reg[1]/C
                         clock pessimism             -0.271     0.802    
    SLICE_X89Y215        FDRE (Hold_EFF_SLICEL_C_D)
                                                      0.046     0.848    u_baseline/out_data_reg[1]
  -------------------------------------------------------------------
                         required time                         -0.848    
                         arrival time                           0.920    
  -------------------------------------------------------------------
                         slack                                  0.072    

Slack (MET) :             0.073ns  (arrival time - required time)
  Source:                 u_baseline/acc_q_reg[9]/C
                            (rising edge-triggered cell FDRE clocked by clk  {rise@0.000ns fall@2.750ns period=5.500ns})
  Destination:            u_baseline/out_data_reg[9]/D
                            (rising edge-triggered cell FDRE clocked by clk  {rise@0.000ns fall@2.750ns period=5.500ns})
  Path Group:             clk
  Path Type:              Hold (Min at Fast Process Corner)
  Requirement:            0.000ns  (clk rise@0.000ns - clk rise@0.000ns)
  Data Path Delay:        0.169ns  (logic 0.039ns (23.064%)  route 0.130ns (76.936%))
  Logic Levels:           0  
  Clock Path Skew:        0.050ns (DCD - SCD - CPR)
    Destination Clock Delay (DCD):    1.068ns
    Source Clock Delay      (SCD):    0.779ns
    Clock Pessimism Removal (CPR):    0.239ns
  Clock Net Delay (Source):      0.430ns (routing 0.000ns, distribution 0.430ns)
  Clock Net Delay (Destination): 0.491ns (routing 0.001ns, distribution 0.490ns)

    Location             Delay type                Incr(ns)  Path(ns)    Netlist Resource(s)
  -------------------------------------------------------------------    -------------------
                         (clock clk rise edge)        0.000     0.000 r  
    P11                                               0.000     0.000 r  clk (IN)
                         net (fo=0)                   0.000     0.000    clk_IBUF_inst/I
    P11                  INBUF (Prop_INBUF_HPIOB_M_PAD_O)
                                                      0.183     0.183 r  clk_IBUF_inst/INBUF_INST/O
                         net (fo=1, routed)           0.000     0.183    clk_IBUF_inst/OUT
    P11                  IBUFCTRL (Prop_IBUFCTRL_HPIOB_M_I_O)
                                                      0.000     0.183 r  clk_IBUF_inst/IBUFCTRL_INST/O
                         net (fo=1, routed)           0.149     0.332    clk_IBUF
    BUFGCE_X0Y77         BUFGCE (Prop_BUFCE_BUFGCE_I_O)
                                                      0.017     0.349 r  clk_IBUF_BUFG_inst/O
    X3Y3 (CLOCK_ROOT)    net (fo=335, routed)         0.430     0.779    u_baseline/clk_IBUF_BUFG
    SLICE_X89Y219        FDRE                                         r  u_baseline/acc_q_reg[9]/C
  -------------------------------------------------------------------    -------------------
    SLICE_X89Y219        FDRE (Prop_BFF_SLICEL_C_Q)
                                                      0.039     0.818 r  u_baseline/acc_q_reg[9]/Q
                         net (fo=2, routed)           0.130     0.948    u_baseline/acc_q_reg[9]
    SLICE_X90Y216        FDRE                                         r  u_baseline/out_data_reg[9]/D
  -------------------------------------------------------------------    -------------------

                         (clock clk rise edge)        0.000     0.000 r  
    P11                                               0.000     0.000 r  clk (IN)
                         net (fo=0)                   0.000     0.000    clk_IBUF_inst/I
    P11                  INBUF (Prop_INBUF_HPIOB_M_PAD_O)
                                                      0.368     0.368 r  clk_IBUF_inst/INBUF_INST/O
                         net (fo=1, routed)           0.000     0.368    clk_IBUF_inst/OUT
    P11                  IBUFCTRL (Prop_IBUFCTRL_HPIOB_M_I_O)
                                                      0.000     0.368 r  clk_IBUF_inst/IBUFCTRL_INST/O
                         net (fo=1, routed)           0.189     0.557    clk_IBUF
    BUFGCE_X0Y77         BUFGCE (Prop_BUFCE_BUFGCE_I_O)
                                                      0.019     0.576 r  clk_IBUF_BUFG_inst/O
    X3Y3 (CLOCK_ROOT)    net (fo=335, routed)         0.491     1.068    u_baseline/clk_IBUF_BUFG
    SLICE_X90Y216        FDRE                                         r  u_baseline/out_data_reg[9]/C
                         clock pessimism             -0.239     0.828    
    SLICE_X90Y216        FDRE (Hold_DFF_SLICEM_C_D)
                                                      0.046     0.874    u_baseline/out_data_reg[9]
  -------------------------------------------------------------------
                         required time                         -0.874    
                         arrival time                           0.948    
  -------------------------------------------------------------------
                         slack                                  0.073    

Slack (MET) :             0.074ns  (arrival time - required time)
  Source:                 u_baseline/rd_lane_valid_q_reg[1]/C
                            (rising edge-triggered cell FDRE clocked by clk  {rise@0.000ns fall@2.750ns period=5.500ns})
  Destination:            u_baseline/mul_lane_valid_q_reg[1]/D
                            (rising edge-triggered cell FDRE clocked by clk  {rise@0.000ns fall@2.750ns period=5.500ns})
  Path Group:             clk
  Path Type:              Hold (Min at Fast Process Corner)
  Requirement:            0.000ns  (clk rise@0.000ns - clk rise@0.000ns)
  Data Path Delay:        0.132ns  (logic 0.039ns (29.545%)  route 0.093ns (70.455%))
  Logic Levels:           0  
  Clock Path Skew:        0.012ns (DCD - SCD - CPR)
    Destination Clock Delay (DCD):    1.069ns
    Source Clock Delay      (SCD):    0.781ns
    Clock Pessimism Removal (CPR):    0.276ns
  Clock Net Delay (Source):      0.432ns (routing 0.000ns, distribution 0.432ns)
  Clock Net Delay (Destination): 0.492ns (routing 0.001ns, distribution 0.491ns)

    Location             Delay type                Incr(ns)  Path(ns)    Netlist Resource(s)
  -------------------------------------------------------------------    -------------------
                         (clock clk rise edge)        0.000     0.000 r  
    P11                                               0.000     0.000 r  clk (IN)
                         net (fo=0)                   0.000     0.000    clk_IBUF_inst/I
    P11                  INBUF (Prop_INBUF_HPIOB_M_PAD_O)
                                                      0.183     0.183 r  clk_IBUF_inst/INBUF_INST/O
                         net (fo=1, routed)           0.000     0.183    clk_IBUF_inst/OUT
    P11                  IBUFCTRL (Prop_IBUFCTRL_HPIOB_M_I_O)
                                                      0.000     0.183 r  clk_IBUF_inst/IBUFCTRL_INST/O
                         net (fo=1, routed)           0.149     0.332    clk_IBUF
    BUFGCE_X0Y77         BUFGCE (Prop_BUFCE_BUFGCE_I_O)
                                                      0.017     0.349 r  clk_IBUF_BUFG_inst/O
    X3Y3 (CLOCK_ROOT)    net (fo=335, routed)         0.432     0.781    u_baseline/clk_IBUF_BUFG
    SLICE_X90Y220        FDRE                                         r  u_baseline/rd_lane_valid_q_reg[1]/C
  -------------------------------------------------------------------    -------------------
    SLICE_X90Y220        FDRE (Prop_DFF_SLICEM_C_Q)
                                                      0.039     0.820 r  u_baseline/rd_lane_valid_q_reg[1]/Q
                         net (fo=1, routed)           0.093     0.913    u_baseline/rd_lane_valid_q[1]
    SLICE_X90Y220        FDRE                                         r  u_baseline/mul_lane_valid_q_reg[1]/D
  -------------------------------------------------------------------    -------------------

                         (clock clk rise edge)        0.000     0.000 r  
    P11                                               0.000     0.000 r  clk (IN)
                         net (fo=0)                   0.000     0.000    clk_IBUF_inst/I
    P11                  INBUF (Prop_INBUF_HPIOB_M_PAD_O)
                                                      0.368     0.368 r  clk_IBUF_inst/INBUF_INST/O
                         net (fo=1, routed)           0.000     0.368    clk_IBUF_inst/OUT
    P11                  IBUFCTRL (Prop_IBUFCTRL_HPIOB_M_I_O)
                                                      0.000     0.368 r  clk_IBUF_inst/IBUFCTRL_INST/O
                         net (fo=1, routed)           0.189     0.557    clk_IBUF
    BUFGCE_X0Y77         BUFGCE (Prop_BUFCE_BUFGCE_I_O)
                                                      0.019     0.576 r  clk_IBUF_BUFG_inst/O
    X3Y3 (CLOCK_ROOT)    net (fo=335, routed)         0.492     1.069    u_baseline/clk_IBUF_BUFG
    SLICE_X90Y220        FDRE                                         r  u_baseline/mul_lane_valid_q_reg[1]/C
                         clock pessimism             -0.276     0.792    
    SLICE_X90Y220        FDRE (Hold_EFF_SLICEM_C_D)
                                                      0.046     0.838    u_baseline/mul_lane_valid_q_reg[1]
  -------------------------------------------------------------------
                         required time                         -0.838    
                         arrival time                           0.913    
  -------------------------------------------------------------------
                         slack                                  0.074    

Slack (MET) :             0.075ns  (arrival time - required time)
  Source:                 u_baseline/acc_q_reg[16]/C
                            (rising edge-triggered cell FDRE clocked by clk  {rise@0.000ns fall@2.750ns period=5.500ns})
  Destination:            u_baseline/out_data_reg[16]/D
                            (rising edge-triggered cell FDRE clocked by clk  {rise@0.000ns fall@2.750ns period=5.500ns})
  Path Group:             clk
  Path Type:              Hold (Min at Fast Process Corner)
  Requirement:            0.000ns  (clk rise@0.000ns - clk rise@0.000ns)
  Data Path Delay:        0.143ns  (logic 0.039ns (27.255%)  route 0.104ns (72.745%))
  Logic Levels:           0  
  Clock Path Skew:        0.022ns (DCD - SCD - CPR)
    Destination Clock Delay (DCD):    1.073ns
    Source Clock Delay      (SCD):    0.780ns
    Clock Pessimism Removal (CPR):    0.271ns
  Clock Net Delay (Source):      0.431ns (routing 0.000ns, distribution 0.431ns)
  Clock Net Delay (Destination): 0.496ns (routing 0.001ns, distribution 0.495ns)

    Location             Delay type                Incr(ns)  Path(ns)    Netlist Resource(s)
  -------------------------------------------------------------------    -------------------
                         (clock clk rise edge)        0.000     0.000 r  
    P11                                               0.000     0.000 r  clk (IN)
                         net (fo=0)                   0.000     0.000    clk_IBUF_inst/I
    P11                  INBUF (Prop_INBUF_HPIOB_M_PAD_O)
                                                      0.183     0.183 r  clk_IBUF_inst/INBUF_INST/O
                         net (fo=1, routed)           0.000     0.183    clk_IBUF_inst/OUT
    P11                  IBUFCTRL (Prop_IBUFCTRL_HPIOB_M_I_O)
                                                      0.000     0.183 r  clk_IBUF_inst/IBUFCTRL_INST/O
                         net (fo=1, routed)           0.149     0.332    clk_IBUF
    BUFGCE_X0Y77         BUFGCE (Prop_BUFCE_BUFGCE_I_O)
                                                      0.017     0.349 r  clk_IBUF_BUFG_inst/O
    X3Y3 (CLOCK_ROOT)    net (fo=335, routed)         0.431     0.780    u_baseline/clk_IBUF_BUFG
    SLICE_X89Y220        FDRE                                         r  u_baseline/acc_q_reg[16]/C
  -------------------------------------------------------------------    -------------------
    SLICE_X89Y220        FDRE (Prop_AFF_SLICEL_C_Q)
                                                      0.039     0.819 r  u_baseline/acc_q_reg[16]/Q
                         net (fo=2, routed)           0.104     0.923    u_baseline/acc_q_reg[16]
    SLICE_X89Y215        FDRE                                         r  u_baseline/out_data_reg[16]/D
  -------------------------------------------------------------------    -------------------

                         (clock clk rise edge)        0.000     0.000 r  
    P11                                               0.000     0.000 r  clk (IN)
                         net (fo=0)                   0.000     0.000    clk_IBUF_inst/I
    P11                  INBUF (Prop_INBUF_HPIOB_M_PAD_O)
                                                      0.368     0.368 r  clk_IBUF_inst/INBUF_INST/O
                         net (fo=1, routed)           0.000     0.368    clk_IBUF_inst/OUT
    P11                  IBUFCTRL (Prop_IBUFCTRL_HPIOB_M_I_O)
                                                      0.000     0.368 r  clk_IBUF_inst/IBUFCTRL_INST/O
                         net (fo=1, routed)           0.189     0.557    clk_IBUF
    BUFGCE_X0Y77         BUFGCE (Prop_BUFCE_BUFGCE_I_O)
                                                      0.019     0.576 r  clk_IBUF_BUFG_inst/O
    X3Y3 (CLOCK_ROOT)    net (fo=335, routed)         0.496     1.073    u_baseline/clk_IBUF_BUFG
    SLICE_X89Y215        FDRE                                         r  u_baseline/out_data_reg[16]/C
                         clock pessimism             -0.271     0.802    
    SLICE_X89Y215        FDRE (Hold_FFF_SLICEL_C_D)
                                                      0.046     0.848    u_baseline/out_data_reg[16]
  -------------------------------------------------------------------
                         required time                         -0.848    
                         arrival time                           0.923    
  -------------------------------------------------------------------
                         slack                                  0.075    

Slack (MET) :             0.075ns  (arrival time - required time)
  Source:                 u_baseline/rd_lane_valid_q_reg[3]/C
                            (rising edge-triggered cell FDRE clocked by clk  {rise@0.000ns fall@2.750ns period=5.500ns})
  Destination:            u_baseline/mul_lane_valid_q_reg[3]/D
                            (rising edge-triggered cell FDRE clocked by clk  {rise@0.000ns fall@2.750ns period=5.500ns})
  Path Group:             clk
  Path Type:              Hold (Min at Fast Process Corner)
  Requirement:            0.000ns  (clk rise@0.000ns - clk rise@0.000ns)
  Data Path Delay:        0.134ns  (logic 0.041ns (30.597%)  route 0.093ns (69.403%))
  Logic Levels:           0  
  Clock Path Skew:        0.012ns (DCD - SCD - CPR)
    Destination Clock Delay (DCD):    1.069ns
    Source Clock Delay      (SCD):    0.781ns
    Clock Pessimism Removal (CPR):    0.276ns
  Clock Net Delay (Source):      0.432ns (routing 0.000ns, distribution 0.432ns)
  Clock Net Delay (Destination): 0.492ns (routing 0.001ns, distribution 0.491ns)

    Location             Delay type                Incr(ns)  Path(ns)    Netlist Resource(s)
  -------------------------------------------------------------------    -------------------
                         (clock clk rise edge)        0.000     0.000 r  
    P11                                               0.000     0.000 r  clk (IN)
                         net (fo=0)                   0.000     0.000    clk_IBUF_inst/I
    P11                  INBUF (Prop_INBUF_HPIOB_M_PAD_O)
                                                      0.183     0.183 r  clk_IBUF_inst/INBUF_INST/O
                         net (fo=1, routed)           0.000     0.183    clk_IBUF_inst/OUT
    P11                  IBUFCTRL (Prop_IBUFCTRL_HPIOB_M_I_O)
                                                      0.000     0.183 r  clk_IBUF_inst/IBUFCTRL_INST/O
                         net (fo=1, routed)           0.149     0.332    clk_IBUF
    BUFGCE_X0Y77         BUFGCE (Prop_BUFCE_BUFGCE_I_O)
                                                      0.017     0.349 r  clk_IBUF_BUFG_inst/O
    X3Y3 (CLOCK_ROOT)    net (fo=335, routed)         0.432     0.781    u_baseline/clk_IBUF_BUFG
    SLICE_X90Y220        FDRE                                         r  u_baseline/rd_lane_valid_q_reg[3]/C
  -------------------------------------------------------------------    -------------------
    SLICE_X90Y220        FDRE (Prop_DFF2_SLICEM_C_Q)
                                                      0.041     0.822 r  u_baseline/rd_lane_valid_q_reg[3]/Q
                         net (fo=1, routed)           0.093     0.915    u_baseline/rd_lane_valid_q[3]
    SLICE_X90Y220        FDRE                                         r  u_baseline/mul_lane_valid_q_reg[3]/D
  -------------------------------------------------------------------    -------------------

                         (clock clk rise edge)        0.000     0.000 r  
    P11                                               0.000     0.000 r  clk (IN)
                         net (fo=0)                   0.000     0.000    clk_IBUF_inst/I
    P11                  INBUF (Prop_INBUF_HPIOB_M_PAD_O)
                                                      0.368     0.368 r  clk_IBUF_inst/INBUF_INST/O
                         net (fo=1, routed)           0.000     0.368    clk_IBUF_inst/OUT
    P11                  IBUFCTRL (Prop_IBUFCTRL_HPIOB_M_I_O)
                                                      0.000     0.368 r  clk_IBUF_inst/IBUFCTRL_INST/O
                         net (fo=1, routed)           0.189     0.557    clk_IBUF
    BUFGCE_X0Y77         BUFGCE (Prop_BUFCE_BUFGCE_I_O)
                                                      0.019     0.576 r  clk_IBUF_BUFG_inst/O
    X3Y3 (CLOCK_ROOT)    net (fo=335, routed)         0.492     1.069    u_baseline/clk_IBUF_BUFG
    SLICE_X90Y220        FDRE                                         r  u_baseline/mul_lane_valid_q_reg[3]/C
                         clock pessimism             -0.276     0.792    
    SLICE_X90Y220        FDRE (Hold_EFF2_SLICEM_C_D)
                                                      0.047     0.839    u_baseline/mul_lane_valid_q_reg[3]
  -------------------------------------------------------------------
                         required time                         -0.839    
                         arrival time                           0.915    
  -------------------------------------------------------------------
                         slack                                  0.075    

Slack (MET) :             0.076ns  (arrival time - required time)
  Source:                 u_baseline/compute_cycles_reg[0]/C
                            (rising edge-triggered cell FDRE clocked by clk  {rise@0.000ns fall@2.750ns period=5.500ns})
  Destination:            u_baseline/compute_cycles_reg[0]/D
                            (rising edge-triggered cell FDRE clocked by clk  {rise@0.000ns fall@2.750ns period=5.500ns})
  Path Group:             clk
  Path Type:              Hold (Min at Fast Process Corner)
  Requirement:            0.000ns  (clk rise@0.000ns - clk rise@0.000ns)
  Data Path Delay:        0.128ns  (logic 0.080ns (62.655%)  route 0.048ns (37.345%))
  Logic Levels:           2  (CARRY8=1 LUT1=1)
  Clock Path Skew:        0.006ns (DCD - SCD - CPR)
    Destination Clock Delay (DCD):    1.055ns
    Source Clock Delay      (SCD):    0.767ns
    Clock Pessimism Removal (CPR):    0.282ns
  Clock Net Delay (Source):      0.418ns (routing 0.000ns, distribution 0.418ns)
  Clock Net Delay (Destination): 0.478ns (routing 0.001ns, distribution 0.477ns)

    Location             Delay type                Incr(ns)  Path(ns)    Netlist Resource(s)
  -------------------------------------------------------------------    -------------------
                         (clock clk rise edge)        0.000     0.000 r  
    P11                                               0.000     0.000 r  clk (IN)
                         net (fo=0)                   0.000     0.000    clk_IBUF_inst/I
    P11                  INBUF (Prop_INBUF_HPIOB_M_PAD_O)
                                                      0.183     0.183 r  clk_IBUF_inst/INBUF_INST/O
                         net (fo=1, routed)           0.000     0.183    clk_IBUF_inst/OUT
    P11                  IBUFCTRL (Prop_IBUFCTRL_HPIOB_M_I_O)
                                                      0.000     0.183 r  clk_IBUF_inst/IBUFCTRL_INST/O
                         net (fo=1, routed)           0.149     0.332    clk_IBUF
    BUFGCE_X0Y77         BUFGCE (Prop_BUFCE_BUFGCE_I_O)
                                                      0.017     0.349 r  clk_IBUF_BUFG_inst/O
    X3Y3 (CLOCK_ROOT)    net (fo=335, routed)         0.418     0.767    u_baseline/clk_IBUF_BUFG
    SLICE_X96Y218        FDRE                                         r  u_baseline/compute_cycles_reg[0]/C
  -------------------------------------------------------------------    -------------------
    SLICE_X96Y218        FDRE (Prop_AFF_SLICEM_C_Q)
                                                      0.038     0.805 f  u_baseline/compute_cycles_reg[0]/Q
                         net (fo=2, routed)           0.031     0.835    u_baseline/compute_cycles[0]
    SLICE_X96Y218        LUT1 (Prop_A6LUT_SLICEM_I0_O)
                                                      0.023     0.858 r  u_baseline/compute_cycles[0]_i_2/O
                         net (fo=1, routed)           0.010     0.868    u_baseline/compute_cycles[0]_i_2_n_0
    SLICE_X96Y218        CARRY8 (Prop_CARRY8_SLICEM_S[0]_O[0])
                                                      0.019     0.887 r  u_baseline/compute_cycles_reg[0]_i_1/O[0]
                         net (fo=1, routed)           0.007     0.894    u_baseline/compute_cycles_reg[0]_i_1_n_15
    SLICE_X96Y218        FDRE                                         r  u_baseline/compute_cycles_reg[0]/D
  -------------------------------------------------------------------    -------------------

                         (clock clk rise edge)        0.000     0.000 r  
    P11                                               0.000     0.000 r  clk (IN)
                         net (fo=0)                   0.000     0.000    clk_IBUF_inst/I
    P11                  INBUF (Prop_INBUF_HPIOB_M_PAD_O)
                                                      0.368     0.368 r  clk_IBUF_inst/INBUF_INST/O
                         net (fo=1, routed)           0.000     0.368    clk_IBUF_inst/OUT
    P11                  IBUFCTRL (Prop_IBUFCTRL_HPIOB_M_I_O)
                                                      0.000     0.368 r  clk_IBUF_inst/IBUFCTRL_INST/O
                         net (fo=1, routed)           0.189     0.557    clk_IBUF
    BUFGCE_X0Y77         BUFGCE (Prop_BUFCE_BUFGCE_I_O)
                                                      0.019     0.576 r  clk_IBUF_BUFG_inst/O
    X3Y3 (CLOCK_ROOT)    net (fo=335, routed)         0.478     1.055    u_baseline/clk_IBUF_BUFG
    SLICE_X96Y218        FDRE                                         r  u_baseline/compute_cycles_reg[0]/C
                         clock pessimism             -0.282     0.773    
    SLICE_X96Y218        FDRE (Hold_AFF_SLICEM_C_D)
                                                      0.046     0.819    u_baseline/compute_cycles_reg[0]
  -------------------------------------------------------------------
                         required time                         -0.819    
                         arrival time                           0.894    
  -------------------------------------------------------------------
                         slack                                  0.076    





Pulse Width Checks
--------------------------------------------------------------------------------------
Clock Name:         clk
Waveform(ns):       { 0.000 2.750 }
Period(ns):         5.500
Sources:            { clk }

Check Type        Corner  Lib Pin             Reference Pin  Required(ns)  Actual(ns)  Slack(ns)  Location       Pin
Min Period        n/a     RAMB18E2/CLKBWRCLK  n/a            1.569         5.500       3.931      RAMB18_X12Y91  u_baseline/g_lane_mem[0].h0_mem_reg_bram_0/CLKBWRCLK
Min Period        n/a     RAMB18E2/CLKBWRCLK  n/a            1.569         5.500       3.931      RAMB18_X12Y90  u_baseline/g_lane_mem[0].h1_mem_reg_bram_0/CLKBWRCLK
Min Period        n/a     RAMB18E2/CLKBWRCLK  n/a            1.569         5.500       3.931      RAMB18_X12Y88  u_baseline/g_lane_mem[0].h2_mem_reg_bram_0/CLKBWRCLK
Min Period        n/a     RAMB18E2/CLKBWRCLK  n/a            1.569         5.500       3.931      RAMB18_X12Y92  u_baseline/g_lane_mem[0].h3_mem_reg_bram_0/CLKBWRCLK
Min Period        n/a     RAMB18E2/CLKBWRCLK  n/a            1.569         5.500       3.931      RAMB18_X12Y87  u_baseline/g_lane_mem[0].x0_mem_reg_bram_0/CLKBWRCLK
Min Period        n/a     RAMB18E2/CLKBWRCLK  n/a            1.569         5.500       3.931      RAMB18_X12Y89  u_baseline/g_lane_mem[0].x1_mem_reg_bram_0/CLKBWRCLK
Min Period        n/a     RAMB18E2/CLKBWRCLK  n/a            1.569         5.500       3.931      RAMB18_X12Y86  u_baseline/g_lane_mem[0].x2_mem_reg_bram_0/CLKBWRCLK
Min Period        n/a     RAMB18E2/CLKBWRCLK  n/a            1.569         5.500       3.931      RAMB18_X12Y93  u_baseline/g_lane_mem[0].x3_mem_reg_bram_0/CLKBWRCLK
Min Period        n/a     RAMB18E2/CLKBWRCLK  n/a            1.569         5.500       3.931      RAMB18_X11Y90  u_baseline/g_lane_mem[1].h0_mem_reg_bram_0/CLKBWRCLK
Min Period        n/a     RAMB18E2/CLKBWRCLK  n/a            1.569         5.500       3.931      RAMB18_X10Y87  u_baseline/g_lane_mem[1].h1_mem_reg_bram_0/CLKBWRCLK
Min Period        n/a     RAMB18E2/CLKBWRCLK  n/a            1.569         5.500       3.931      RAMB18_X10Y89  u_baseline/g_lane_mem[1].h2_mem_reg_bram_0/CLKBWRCLK
Min Period        n/a     RAMB18E2/CLKBWRCLK  n/a            1.569         5.500       3.931      RAMB18_X10Y90  u_baseline/g_lane_mem[1].h3_mem_reg_bram_0/CLKBWRCLK
Min Period        n/a     RAMB18E2/CLKBWRCLK  n/a            1.569         5.500       3.931      RAMB18_X11Y91  u_baseline/g_lane_mem[1].x0_mem_reg_bram_0/CLKBWRCLK
Min Period        n/a     RAMB18E2/CLKBWRCLK  n/a            1.569         5.500       3.931      RAMB18_X11Y88  u_baseline/g_lane_mem[1].x1_mem_reg_bram_0/CLKBWRCLK
Min Period        n/a     RAMB18E2/CLKBWRCLK  n/a            1.569         5.500       3.931      RAMB18_X10Y91  u_baseline/g_lane_mem[1].x2_mem_reg_bram_0/CLKBWRCLK
Min Period        n/a     RAMB18E2/CLKBWRCLK  n/a            1.569         5.500       3.931      RAMB18_X10Y88  u_baseline/g_lane_mem[1].x3_mem_reg_bram_0/CLKBWRCLK
Min Period        n/a     RAMB18E2/CLKBWRCLK  n/a            1.569         5.500       3.931      RAMB18_X12Y82  u_baseline/g_lane_mem[2].h0_mem_reg_bram_0/CLKBWRCLK
Min Period        n/a     RAMB18E2/CLKBWRCLK  n/a            1.569         5.500       3.931      RAMB18_X12Y83  u_baseline/g_lane_mem[2].h1_mem_reg_bram_0/CLKBWRCLK
Min Period        n/a     RAMB18E2/CLKBWRCLK  n/a            1.569         5.500       3.931      RAMB18_X12Y81  u_baseline/g_lane_mem[2].h2_mem_reg_bram_0/CLKBWRCLK
Min Period        n/a     RAMB18E2/CLKBWRCLK  n/a            1.569         5.500       3.931      RAMB18_X11Y80  u_baseline/g_lane_mem[2].h3_mem_reg_bram_0/CLKBWRCLK
Min Period        n/a     RAMB18E2/CLKBWRCLK  n/a            1.569         5.500       3.931      RAMB18_X11Y81  u_baseline/g_lane_mem[2].x0_mem_reg_bram_0/CLKBWRCLK
Min Period        n/a     RAMB18E2/CLKBWRCLK  n/a            1.569         5.500       3.931      RAMB18_X12Y84  u_baseline/g_lane_mem[2].x1_mem_reg_bram_0/CLKBWRCLK
Min Period        n/a     RAMB18E2/CLKBWRCLK  n/a            1.569         5.500       3.931      RAMB18_X11Y82  u_baseline/g_lane_mem[2].x2_mem_reg_bram_0/CLKBWRCLK
Min Period        n/a     RAMB18E2/CLKBWRCLK  n/a            1.569         5.500       3.931      RAMB18_X11Y83  u_baseline/g_lane_mem[2].x3_mem_reg_bram_0/CLKBWRCLK
Min Period        n/a     RAMB18E2/CLKBWRCLK  n/a            1.569         5.500       3.931      RAMB18_X11Y84  u_baseline/g_lane_mem[3].h0_mem_reg_bram_0/CLKBWRCLK
Min Period        n/a     RAMB18E2/CLKBWRCLK  n/a            1.569         5.500       3.931      RAMB18_X10Y85  u_baseline/g_lane_mem[3].h1_mem_reg_bram_0/CLKBWRCLK
Min Period        n/a     RAMB18E2/CLKBWRCLK  n/a            1.569         5.500       3.931      RAMB18_X11Y89  u_baseline/g_lane_mem[3].h2_mem_reg_bram_0/CLKBWRCLK
Min Period        n/a     RAMB18E2/CLKBWRCLK  n/a            1.569         5.500       3.931      RAMB18_X11Y87  u_baseline/g_lane_mem[3].h3_mem_reg_bram_0/CLKBWRCLK
Min Period        n/a     RAMB18E2/CLKBWRCLK  n/a            1.569         5.500       3.931      RAMB18_X10Y84  u_baseline/g_lane_mem[3].x0_mem_reg_bram_0/CLKBWRCLK
Min Period        n/a     RAMB18E2/CLKBWRCLK  n/a            1.569         5.500       3.931      RAMB18_X11Y85  u_baseline/g_lane_mem[3].x1_mem_reg_bram_0/CLKBWRCLK
Min Period        n/a     RAMB18E2/CLKBWRCLK  n/a            1.569         5.500       3.931      RAMB18_X10Y86  u_baseline/g_lane_mem[3].x2_mem_reg_bram_0/CLKBWRCLK
Min Period        n/a     RAMB18E2/CLKBWRCLK  n/a            1.569         5.500       3.931      RAMB18_X11Y86  u_baseline/g_lane_mem[3].x3_mem_reg_bram_0/CLKBWRCLK
Min Period        n/a     RAMB18E2/CLKARDCLK  n/a            1.355         5.500       4.145      RAMB18_X12Y91  u_baseline/g_lane_mem[0].h0_mem_reg_bram_0/CLKARDCLK
Min Period        n/a     RAMB18E2/CLKARDCLK  n/a            1.355         5.500       4.145      RAMB18_X12Y90  u_baseline/g_lane_mem[0].h1_mem_reg_bram_0/CLKARDCLK
Min Period        n/a     RAMB18E2/CLKARDCLK  n/a            1.355         5.500       4.145      RAMB18_X12Y88  u_baseline/g_lane_mem[0].h2_mem_reg_bram_0/CLKARDCLK
Min Period        n/a     RAMB18E2/CLKARDCLK  n/a            1.355         5.500       4.145      RAMB18_X12Y92  u_baseline/g_lane_mem[0].h3_mem_reg_bram_0/CLKARDCLK
Min Period        n/a     RAMB18E2/CLKARDCLK  n/a            1.355         5.500       4.145      RAMB18_X12Y87  u_baseline/g_lane_mem[0].x0_mem_reg_bram_0/CLKARDCLK
Min Period        n/a     RAMB18E2/CLKARDCLK  n/a            1.355         5.500       4.145      RAMB18_X12Y89  u_baseline/g_lane_mem[0].x1_mem_reg_bram_0/CLKARDCLK
Min Period        n/a     RAMB18E2/CLKARDCLK  n/a            1.355         5.500       4.145      RAMB18_X12Y86  u_baseline/g_lane_mem[0].x2_mem_reg_bram_0/CLKARDCLK
Min Period        n/a     RAMB18E2/CLKARDCLK  n/a            1.355         5.500       4.145      RAMB18_X12Y93  u_baseline/g_lane_mem[0].x3_mem_reg_bram_0/CLKARDCLK
Min Period        n/a     RAMB18E2/CLKARDCLK  n/a            1.355         5.500       4.145      RAMB18_X11Y90  u_baseline/g_lane_mem[1].h0_mem_reg_bram_0/CLKARDCLK
Min Period        n/a     RAMB18E2/CLKARDCLK  n/a            1.355         5.500       4.145      RAMB18_X10Y87  u_baseline/g_lane_mem[1].h1_mem_reg_bram_0/CLKARDCLK
Min Period        n/a     RAMB18E2/CLKARDCLK  n/a            1.355         5.500       4.145      RAMB18_X10Y89  u_baseline/g_lane_mem[1].h2_mem_reg_bram_0/CLKARDCLK
Min Period        n/a     RAMB18E2/CLKARDCLK  n/a            1.355         5.500       4.145      RAMB18_X10Y90  u_baseline/g_lane_mem[1].h3_mem_reg_bram_0/CLKARDCLK
Min Period        n/a     RAMB18E2/CLKARDCLK  n/a            1.355         5.500       4.145      RAMB18_X11Y91  u_baseline/g_lane_mem[1].x0_mem_reg_bram_0/CLKARDCLK
Min Period        n/a     RAMB18E2/CLKARDCLK  n/a            1.355         5.500       4.145      RAMB18_X11Y88  u_baseline/g_lane_mem[1].x1_mem_reg_bram_0/CLKARDCLK
Min Period        n/a     RAMB18E2/CLKARDCLK  n/a            1.355         5.500       4.145      RAMB18_X10Y91  u_baseline/g_lane_mem[1].x2_mem_reg_bram_0/CLKARDCLK
Min Period        n/a     RAMB18E2/CLKARDCLK  n/a            1.355         5.500       4.145      RAMB18_X10Y88  u_baseline/g_lane_mem[1].x3_mem_reg_bram_0/CLKARDCLK
Min Period        n/a     RAMB18E2/CLKARDCLK  n/a            1.355         5.500       4.145      RAMB18_X12Y82  u_baseline/g_lane_mem[2].h0_mem_reg_bram_0/CLKARDCLK
Min Period        n/a     RAMB18E2/CLKARDCLK  n/a            1.355         5.500       4.145      RAMB18_X12Y83  u_baseline/g_lane_mem[2].h1_mem_reg_bram_0/CLKARDCLK
Low Pulse Width   Slow    RAMB18E2/CLKARDCLK  n/a            0.542         2.750       2.208      RAMB18_X12Y91  u_baseline/g_lane_mem[0].h0_mem_reg_bram_0/CLKARDCLK
Low Pulse Width   Fast    RAMB18E2/CLKARDCLK  n/a            0.542         2.750       2.208      RAMB18_X12Y91  u_baseline/g_lane_mem[0].h0_mem_reg_bram_0/CLKARDCLK
Low Pulse Width   Slow    RAMB18E2/CLKBWRCLK  n/a            0.542         2.750       2.208      RAMB18_X12Y91  u_baseline/g_lane_mem[0].h0_mem_reg_bram_0/CLKBWRCLK
Low Pulse Width   Fast    RAMB18E2/CLKBWRCLK  n/a            0.542         2.750       2.208      RAMB18_X12Y91  u_baseline/g_lane_mem[0].h0_mem_reg_bram_0/CLKBWRCLK
Low Pulse Width   Slow    RAMB18E2/CLKARDCLK  n/a            0.542         2.750       2.208      RAMB18_X12Y90  u_baseline/g_lane_mem[0].h1_mem_reg_bram_0/CLKARDCLK
Low Pulse Width   Fast    RAMB18E2/CLKARDCLK  n/a            0.542         2.750       2.208      RAMB18_X12Y90  u_baseline/g_lane_mem[0].h1_mem_reg_bram_0/CLKARDCLK
Low Pulse Width   Slow    RAMB18E2/CLKBWRCLK  n/a            0.542         2.750       2.208      RAMB18_X12Y90  u_baseline/g_lane_mem[0].h1_mem_reg_bram_0/CLKBWRCLK
Low Pulse Width   Fast    RAMB18E2/CLKBWRCLK  n/a            0.542         2.750       2.208      RAMB18_X12Y90  u_baseline/g_lane_mem[0].h1_mem_reg_bram_0/CLKBWRCLK
Low Pulse Width   Slow    RAMB18E2/CLKARDCLK  n/a            0.542         2.750       2.208      RAMB18_X12Y88  u_baseline/g_lane_mem[0].h2_mem_reg_bram_0/CLKARDCLK
Low Pulse Width   Fast    RAMB18E2/CLKARDCLK  n/a            0.542         2.750       2.208      RAMB18_X12Y88  u_baseline/g_lane_mem[0].h2_mem_reg_bram_0/CLKARDCLK
Low Pulse Width   Slow    RAMB18E2/CLKBWRCLK  n/a            0.542         2.750       2.208      RAMB18_X12Y88  u_baseline/g_lane_mem[0].h2_mem_reg_bram_0/CLKBWRCLK
Low Pulse Width   Fast    RAMB18E2/CLKBWRCLK  n/a            0.542         2.750       2.208      RAMB18_X12Y88  u_baseline/g_lane_mem[0].h2_mem_reg_bram_0/CLKBWRCLK
Low Pulse Width   Slow    RAMB18E2/CLKARDCLK  n/a            0.542         2.750       2.208      RAMB18_X12Y92  u_baseline/g_lane_mem[0].h3_mem_reg_bram_0/CLKARDCLK
Low Pulse Width   Fast    RAMB18E2/CLKARDCLK  n/a            0.542         2.750       2.208      RAMB18_X12Y92  u_baseline/g_lane_mem[0].h3_mem_reg_bram_0/CLKARDCLK
Low Pulse Width   Slow    RAMB18E2/CLKBWRCLK  n/a            0.542         2.750       2.208      RAMB18_X12Y92  u_baseline/g_lane_mem[0].h3_mem_reg_bram_0/CLKBWRCLK
Low Pulse Width   Fast    RAMB18E2/CLKBWRCLK  n/a            0.542         2.750       2.208      RAMB18_X12Y92  u_baseline/g_lane_mem[0].h3_mem_reg_bram_0/CLKBWRCLK
Low Pulse Width   Slow    RAMB18E2/CLKARDCLK  n/a            0.542         2.750       2.208      RAMB18_X12Y87  u_baseline/g_lane_mem[0].x0_mem_reg_bram_0/CLKARDCLK
Low Pulse Width   Fast    RAMB18E2/CLKARDCLK  n/a            0.542         2.750       2.208      RAMB18_X12Y87  u_baseline/g_lane_mem[0].x0_mem_reg_bram_0/CLKARDCLK
Low Pulse Width   Slow    RAMB18E2/CLKBWRCLK  n/a            0.542         2.750       2.208      RAMB18_X12Y87  u_baseline/g_lane_mem[0].x0_mem_reg_bram_0/CLKBWRCLK
Low Pulse Width   Fast    RAMB18E2/CLKBWRCLK  n/a            0.542         2.750       2.208      RAMB18_X12Y87  u_baseline/g_lane_mem[0].x0_mem_reg_bram_0/CLKBWRCLK
Low Pulse Width   Slow    RAMB18E2/CLKARDCLK  n/a            0.542         2.750       2.208      RAMB18_X12Y89  u_baseline/g_lane_mem[0].x1_mem_reg_bram_0/CLKARDCLK
Low Pulse Width   Fast    RAMB18E2/CLKARDCLK  n/a            0.542         2.750       2.208      RAMB18_X12Y89  u_baseline/g_lane_mem[0].x1_mem_reg_bram_0/CLKARDCLK
Low Pulse Width   Slow    RAMB18E2/CLKBWRCLK  n/a            0.542         2.750       2.208      RAMB18_X12Y89  u_baseline/g_lane_mem[0].x1_mem_reg_bram_0/CLKBWRCLK
Low Pulse Width   Fast    RAMB18E2/CLKBWRCLK  n/a            0.542         2.750       2.208      RAMB18_X12Y89  u_baseline/g_lane_mem[0].x1_mem_reg_bram_0/CLKBWRCLK
Low Pulse Width   Slow    RAMB18E2/CLKARDCLK  n/a            0.542         2.750       2.208      RAMB18_X12Y86  u_baseline/g_lane_mem[0].x2_mem_reg_bram_0/CLKARDCLK
Low Pulse Width   Fast    RAMB18E2/CLKARDCLK  n/a            0.542         2.750       2.208      RAMB18_X12Y86  u_baseline/g_lane_mem[0].x2_mem_reg_bram_0/CLKARDCLK
Low Pulse Width   Slow    RAMB18E2/CLKBWRCLK  n/a            0.542         2.750       2.208      RAMB18_X12Y86  u_baseline/g_lane_mem[0].x2_mem_reg_bram_0/CLKBWRCLK
Low Pulse Width   Fast    RAMB18E2/CLKBWRCLK  n/a            0.542         2.750       2.208      RAMB18_X12Y86  u_baseline/g_lane_mem[0].x2_mem_reg_bram_0/CLKBWRCLK
Low Pulse Width   Slow    RAMB18E2/CLKARDCLK  n/a            0.542         2.750       2.208      RAMB18_X12Y93  u_baseline/g_lane_mem[0].x3_mem_reg_bram_0/CLKARDCLK
Low Pulse Width   Fast    RAMB18E2/CLKARDCLK  n/a            0.542         2.750       2.208      RAMB18_X12Y93  u_baseline/g_lane_mem[0].x3_mem_reg_bram_0/CLKARDCLK
Low Pulse Width   Slow    RAMB18E2/CLKBWRCLK  n/a            0.542         2.750       2.208      RAMB18_X12Y93  u_baseline/g_lane_mem[0].x3_mem_reg_bram_0/CLKBWRCLK
Low Pulse Width   Fast    RAMB18E2/CLKBWRCLK  n/a            0.542         2.750       2.208      RAMB18_X12Y93  u_baseline/g_lane_mem[0].x3_mem_reg_bram_0/CLKBWRCLK
Low Pulse Width   Slow    RAMB18E2/CLKARDCLK  n/a            0.542         2.750       2.208      RAMB18_X11Y90  u_baseline/g_lane_mem[1].h0_mem_reg_bram_0/CLKARDCLK
Low Pulse Width   Fast    RAMB18E2/CLKARDCLK  n/a            0.542         2.750       2.208      RAMB18_X11Y90  u_baseline/g_lane_mem[1].h0_mem_reg_bram_0/CLKARDCLK
Low Pulse Width   Slow    RAMB18E2/CLKBWRCLK  n/a            0.542         2.750       2.208      RAMB18_X11Y90  u_baseline/g_lane_mem[1].h0_mem_reg_bram_0/CLKBWRCLK
Low Pulse Width   Fast    RAMB18E2/CLKBWRCLK  n/a            0.542         2.750       2.208      RAMB18_X11Y90  u_baseline/g_lane_mem[1].h0_mem_reg_bram_0/CLKBWRCLK
Low Pulse Width   Slow    RAMB18E2/CLKARDCLK  n/a            0.542         2.750       2.208      RAMB18_X10Y87  u_baseline/g_lane_mem[1].h1_mem_reg_bram_0/CLKARDCLK
Low Pulse Width   Fast    RAMB18E2/CLKARDCLK  n/a            0.542         2.750       2.208      RAMB18_X10Y87  u_baseline/g_lane_mem[1].h1_mem_reg_bram_0/CLKARDCLK
Low Pulse Width   Slow    RAMB18E2/CLKBWRCLK  n/a            0.542         2.750       2.208      RAMB18_X10Y87  u_baseline/g_lane_mem[1].h1_mem_reg_bram_0/CLKBWRCLK
Low Pulse Width   Fast    RAMB18E2/CLKBWRCLK  n/a            0.542         2.750       2.208      RAMB18_X10Y87  u_baseline/g_lane_mem[1].h1_mem_reg_bram_0/CLKBWRCLK
Low Pulse Width   Slow    RAMB18E2/CLKARDCLK  n/a            0.542         2.750       2.208      RAMB18_X10Y89  u_baseline/g_lane_mem[1].h2_mem_reg_bram_0/CLKARDCLK
Low Pulse Width   Fast    RAMB18E2/CLKARDCLK  n/a            0.542         2.750       2.208      RAMB18_X10Y89  u_baseline/g_lane_mem[1].h2_mem_reg_bram_0/CLKARDCLK
Low Pulse Width   Slow    RAMB18E2/CLKBWRCLK  n/a            0.542         2.750       2.208      RAMB18_X10Y89  u_baseline/g_lane_mem[1].h2_mem_reg_bram_0/CLKBWRCLK
Low Pulse Width   Fast    RAMB18E2/CLKBWRCLK  n/a            0.542         2.750       2.208      RAMB18_X10Y89  u_baseline/g_lane_mem[1].h2_mem_reg_bram_0/CLKBWRCLK
Low Pulse Width   Slow    RAMB18E2/CLKARDCLK  n/a            0.542         2.750       2.208      RAMB18_X10Y90  u_baseline/g_lane_mem[1].h3_mem_reg_bram_0/CLKARDCLK
Low Pulse Width   Fast    RAMB18E2/CLKARDCLK  n/a            0.542         2.750       2.208      RAMB18_X10Y90  u_baseline/g_lane_mem[1].h3_mem_reg_bram_0/CLKARDCLK
Low Pulse Width   Slow    RAMB18E2/CLKBWRCLK  n/a            0.542         2.750       2.208      RAMB18_X10Y90  u_baseline/g_lane_mem[1].h3_mem_reg_bram_0/CLKBWRCLK
Low Pulse Width   Fast    RAMB18E2/CLKBWRCLK  n/a            0.542         2.750       2.208      RAMB18_X10Y90  u_baseline/g_lane_mem[1].h3_mem_reg_bram_0/CLKBWRCLK
Low Pulse Width   Slow    RAMB18E2/CLKARDCLK  n/a            0.542         2.750       2.208      RAMB18_X11Y91  u_baseline/g_lane_mem[1].x0_mem_reg_bram_0/CLKARDCLK
Low Pulse Width   Fast    RAMB18E2/CLKARDCLK  n/a            0.542         2.750       2.208      RAMB18_X11Y91  u_baseline/g_lane_mem[1].x0_mem_reg_bram_0/CLKARDCLK
High Pulse Width  Slow    RAMB18E2/CLKARDCLK  n/a            0.542         2.750       2.208      RAMB18_X12Y91  u_baseline/g_lane_mem[0].h0_mem_reg_bram_0/CLKARDCLK
High Pulse Width  Fast    RAMB18E2/CLKARDCLK  n/a            0.542         2.750       2.208      RAMB18_X12Y91  u_baseline/g_lane_mem[0].h0_mem_reg_bram_0/CLKARDCLK
High Pulse Width  Slow    RAMB18E2/CLKBWRCLK  n/a            0.542         2.750       2.208      RAMB18_X12Y91  u_baseline/g_lane_mem[0].h0_mem_reg_bram_0/CLKBWRCLK
High Pulse Width  Fast    RAMB18E2/CLKBWRCLK  n/a            0.542         2.750       2.208      RAMB18_X12Y91  u_baseline/g_lane_mem[0].h0_mem_reg_bram_0/CLKBWRCLK
High Pulse Width  Slow    RAMB18E2/CLKARDCLK  n/a            0.542         2.750       2.208      RAMB18_X12Y90  u_baseline/g_lane_mem[0].h1_mem_reg_bram_0/CLKARDCLK
High Pulse Width  Fast    RAMB18E2/CLKARDCLK  n/a            0.542         2.750       2.208      RAMB18_X12Y90  u_baseline/g_lane_mem[0].h1_mem_reg_bram_0/CLKARDCLK
High Pulse Width  Slow    RAMB18E2/CLKBWRCLK  n/a            0.542         2.750       2.208      RAMB18_X12Y90  u_baseline/g_lane_mem[0].h1_mem_reg_bram_0/CLKBWRCLK
High Pulse Width  Fast    RAMB18E2/CLKBWRCLK  n/a            0.542         2.750       2.208      RAMB18_X12Y90  u_baseline/g_lane_mem[0].h1_mem_reg_bram_0/CLKBWRCLK
High Pulse Width  Slow    RAMB18E2/CLKARDCLK  n/a            0.542         2.750       2.208      RAMB18_X12Y88  u_baseline/g_lane_mem[0].h2_mem_reg_bram_0/CLKARDCLK
High Pulse Width  Fast    RAMB18E2/CLKARDCLK  n/a            0.542         2.750       2.208      RAMB18_X12Y88  u_baseline/g_lane_mem[0].h2_mem_reg_bram_0/CLKARDCLK
High Pulse Width  Slow    RAMB18E2/CLKBWRCLK  n/a            0.542         2.750       2.208      RAMB18_X12Y88  u_baseline/g_lane_mem[0].h2_mem_reg_bram_0/CLKBWRCLK
High Pulse Width  Fast    RAMB18E2/CLKBWRCLK  n/a            0.542         2.750       2.208      RAMB18_X12Y88  u_baseline/g_lane_mem[0].h2_mem_reg_bram_0/CLKBWRCLK
High Pulse Width  Slow    RAMB18E2/CLKARDCLK  n/a            0.542         2.750       2.208      RAMB18_X12Y92  u_baseline/g_lane_mem[0].h3_mem_reg_bram_0/CLKARDCLK
High Pulse Width  Fast    RAMB18E2/CLKARDCLK  n/a            0.542         2.750       2.208      RAMB18_X12Y92  u_baseline/g_lane_mem[0].h3_mem_reg_bram_0/CLKARDCLK
High Pulse Width  Slow    RAMB18E2/CLKBWRCLK  n/a            0.542         2.750       2.208      RAMB18_X12Y92  u_baseline/g_lane_mem[0].h3_mem_reg_bram_0/CLKBWRCLK
High Pulse Width  Fast    RAMB18E2/CLKBWRCLK  n/a            0.542         2.750       2.208      RAMB18_X12Y92  u_baseline/g_lane_mem[0].h3_mem_reg_bram_0/CLKBWRCLK
High Pulse Width  Slow    RAMB18E2/CLKARDCLK  n/a            0.542         2.750       2.208      RAMB18_X12Y87  u_baseline/g_lane_mem[0].x0_mem_reg_bram_0/CLKARDCLK
High Pulse Width  Fast    RAMB18E2/CLKARDCLK  n/a            0.542         2.750       2.208      RAMB18_X12Y87  u_baseline/g_lane_mem[0].x0_mem_reg_bram_0/CLKARDCLK
High Pulse Width  Slow    RAMB18E2/CLKBWRCLK  n/a            0.542         2.750       2.208      RAMB18_X12Y87  u_baseline/g_lane_mem[0].x0_mem_reg_bram_0/CLKBWRCLK
High Pulse Width  Fast    RAMB18E2/CLKBWRCLK  n/a            0.542         2.750       2.208      RAMB18_X12Y87  u_baseline/g_lane_mem[0].x0_mem_reg_bram_0/CLKBWRCLK
High Pulse Width  Slow    RAMB18E2/CLKARDCLK  n/a            0.542         2.750       2.208      RAMB18_X12Y89  u_baseline/g_lane_mem[0].x1_mem_reg_bram_0/CLKARDCLK
High Pulse Width  Fast    RAMB18E2/CLKARDCLK  n/a            0.542         2.750       2.208      RAMB18_X12Y89  u_baseline/g_lane_mem[0].x1_mem_reg_bram_0/CLKARDCLK
High Pulse Width  Slow    RAMB18E2/CLKBWRCLK  n/a            0.542         2.750       2.208      RAMB18_X12Y89  u_baseline/g_lane_mem[0].x1_mem_reg_bram_0/CLKBWRCLK
High Pulse Width  Fast    RAMB18E2/CLKBWRCLK  n/a            0.542         2.750       2.208      RAMB18_X12Y89  u_baseline/g_lane_mem[0].x1_mem_reg_bram_0/CLKBWRCLK
High Pulse Width  Slow    RAMB18E2/CLKARDCLK  n/a            0.542         2.750       2.208      RAMB18_X12Y86  u_baseline/g_lane_mem[0].x2_mem_reg_bram_0/CLKARDCLK
High Pulse Width  Fast    RAMB18E2/CLKARDCLK  n/a            0.542         2.750       2.208      RAMB18_X12Y86  u_baseline/g_lane_mem[0].x2_mem_reg_bram_0/CLKARDCLK
High Pulse Width  Slow    RAMB18E2/CLKBWRCLK  n/a            0.542         2.750       2.208      RAMB18_X12Y86  u_baseline/g_lane_mem[0].x2_mem_reg_bram_0/CLKBWRCLK
High Pulse Width  Fast    RAMB18E2/CLKBWRCLK  n/a            0.542         2.750       2.208      RAMB18_X12Y86  u_baseline/g_lane_mem[0].x2_mem_reg_bram_0/CLKBWRCLK
High Pulse Width  Slow    RAMB18E2/CLKARDCLK  n/a            0.542         2.750       2.208      RAMB18_X12Y93  u_baseline/g_lane_mem[0].x3_mem_reg_bram_0/CLKARDCLK
High Pulse Width  Fast    RAMB18E2/CLKARDCLK  n/a            0.542         2.750       2.208      RAMB18_X12Y93  u_baseline/g_lane_mem[0].x3_mem_reg_bram_0/CLKARDCLK
High Pulse Width  Slow    RAMB18E2/CLKBWRCLK  n/a            0.542         2.750       2.208      RAMB18_X12Y93  u_baseline/g_lane_mem[0].x3_mem_reg_bram_0/CLKBWRCLK
High Pulse Width  Fast    RAMB18E2/CLKBWRCLK  n/a            0.542         2.750       2.208      RAMB18_X12Y93  u_baseline/g_lane_mem[0].x3_mem_reg_bram_0/CLKBWRCLK
High Pulse Width  Slow    RAMB18E2/CLKARDCLK  n/a            0.542         2.750       2.208      RAMB18_X11Y90  u_baseline/g_lane_mem[1].h0_mem_reg_bram_0/CLKARDCLK
High Pulse Width  Fast    RAMB18E2/CLKARDCLK  n/a            0.542         2.750       2.208      RAMB18_X11Y90  u_baseline/g_lane_mem[1].h0_mem_reg_bram_0/CLKARDCLK
High Pulse Width  Slow    RAMB18E2/CLKBWRCLK  n/a            0.542         2.750       2.208      RAMB18_X11Y90  u_baseline/g_lane_mem[1].h0_mem_reg_bram_0/CLKBWRCLK
High Pulse Width  Fast    RAMB18E2/CLKBWRCLK  n/a            0.542         2.750       2.208      RAMB18_X11Y90  u_baseline/g_lane_mem[1].h0_mem_reg_bram_0/CLKBWRCLK
High Pulse Width  Slow    RAMB18E2/CLKARDCLK  n/a            0.542         2.750       2.208      RAMB18_X10Y87  u_baseline/g_lane_mem[1].h1_mem_reg_bram_0/CLKARDCLK
High Pulse Width  Fast    RAMB18E2/CLKARDCLK  n/a            0.542         2.750       2.208      RAMB18_X10Y87  u_baseline/g_lane_mem[1].h1_mem_reg_bram_0/CLKARDCLK
High Pulse Width  Slow    RAMB18E2/CLKBWRCLK  n/a            0.542         2.750       2.208      RAMB18_X10Y87  u_baseline/g_lane_mem[1].h1_mem_reg_bram_0/CLKBWRCLK
High Pulse Width  Fast    RAMB18E2/CLKBWRCLK  n/a            0.542         2.750       2.208      RAMB18_X10Y87  u_baseline/g_lane_mem[1].h1_mem_reg_bram_0/CLKBWRCLK
High Pulse Width  Slow    RAMB18E2/CLKARDCLK  n/a            0.542         2.750       2.208      RAMB18_X10Y89  u_baseline/g_lane_mem[1].h2_mem_reg_bram_0/CLKARDCLK
High Pulse Width  Fast    RAMB18E2/CLKARDCLK  n/a            0.542         2.750       2.208      RAMB18_X10Y89  u_baseline/g_lane_mem[1].h2_mem_reg_bram_0/CLKARDCLK
High Pulse Width  Slow    RAMB18E2/CLKBWRCLK  n/a            0.542         2.750       2.208      RAMB18_X10Y89  u_baseline/g_lane_mem[1].h2_mem_reg_bram_0/CLKBWRCLK
High Pulse Width  Fast    RAMB18E2/CLKBWRCLK  n/a            0.542         2.750       2.208      RAMB18_X10Y89  u_baseline/g_lane_mem[1].h2_mem_reg_bram_0/CLKBWRCLK
High Pulse Width  Slow    RAMB18E2/CLKARDCLK  n/a            0.542         2.750       2.208      RAMB18_X10Y90  u_baseline/g_lane_mem[1].h3_mem_reg_bram_0/CLKARDCLK
High Pulse Width  Fast    RAMB18E2/CLKARDCLK  n/a            0.542         2.750       2.208      RAMB18_X10Y90  u_baseline/g_lane_mem[1].h3_mem_reg_bram_0/CLKARDCLK
High Pulse Width  Slow    RAMB18E2/CLKBWRCLK  n/a            0.542         2.750       2.208      RAMB18_X10Y90  u_baseline/g_lane_mem[1].h3_mem_reg_bram_0/CLKBWRCLK
High Pulse Width  Fast    RAMB18E2/CLKBWRCLK  n/a            0.542         2.750       2.208      RAMB18_X10Y90  u_baseline/g_lane_mem[1].h3_mem_reg_bram_0/CLKBWRCLK
High Pulse Width  Slow    RAMB18E2/CLKARDCLK  n/a            0.542         2.750       2.208      RAMB18_X11Y91  u_baseline/g_lane_mem[1].x0_mem_reg_bram_0/CLKARDCLK
High Pulse Width  Fast    RAMB18E2/CLKARDCLK  n/a            0.542         2.750       2.208      RAMB18_X11Y91  u_baseline/g_lane_mem[1].x0_mem_reg_bram_0/CLKARDCLK



