Copyright 1986-2022 Xilinx, Inc. All Rights Reserved. Copyright 2022-2024 Advanced Micro Devices, Inc. All Rights Reserved.
-------------------------------------------------------------------------------------------------------------------------------------------------------------------------------------------------------------------------------------------------------------------------------------
| Tool Version      : Vivado v.2024.2 (win64) Build 5239630 Fri Nov 08 22:35:27 MST 2024
| Date              : Fri Aug 14 01:07:17 2026
| Host              : <REDACTED>
| Command           : <REDACTED>
| Design            : direct_spatial_parpipe_baseline_top
| Device            : xczu9eg-ffvb1156
| Speed File        : -2  PRODUCTION 1.30 05-15-2022
| Design State      : Physopt postRoute
| Temperature Grade : E
-------------------------------------------------------------------------------------------------------------------------------------------------------------------------------------------------------------------------------------------------------------------------------------

Timing Summary Report

------------------------------------------------------------------------------------------------
| Timer Settings
| --------------
------------------------------------------------------------------------------------------------

  Enable Multi Corner Analysis               :  Yes
  Enable Pessimism Removal                   :  Yes
  Pessimism Removal Resolution               :  Nearest Common Node
  Enable Input Delay Default Clock           :  No
  Enable Preset / Clear Arcs                 :  No
  Disable Flight Delays                      :  No
  Ignore I/O Paths                           :  No
  Timing Early Launch at Borrowing Latches   :  No
  Borrow Time for Max Delay Exceptions       :  Yes
  Merge Timing Exceptions                    :  Yes
  Inter-SLR Compensation                     :  Conservative

  Corner  Analyze    Analyze    
  Name    Max Paths  Min Paths  
  ------  ---------  ---------  
  Slow    Yes        Yes        
  Fast    Yes        Yes        


------------------------------------------------------------------------------------------------
| Report Methodology
| ------------------
------------------------------------------------------------------------------------------------

No report available as report_methodology has not been run prior. Run report_methodology on the current design for the summary of methodology violations.



check_timing report

Table of Contents
-----------------
1. checking no_clock (0)
2. checking constant_clock (0)
3. checking pulse_width_clock (0)
4. checking unconstrained_internal_endpoints (0)
5. checking no_input_delay (36)
6. checking no_output_delay (77)
7. checking multiple_clock (0)
8. checking generated_clocks (0)
9. checking loops (0)
10. checking partial_input_delay (0)
11. checking partial_output_delay (0)
12. checking latch_loops (0)

1. checking no_clock (0)
------------------------
 There are 0 register/latch pins with no clock.


2. checking constant_clock (0)
------------------------------
 There are 0 register/latch pins with constant_clock.


3. checking pulse_width_clock (0)
---------------------------------
 There are 0 register/latch pins which need pulse_width check


4. checking unconstrained_internal_endpoints (0)
------------------------------------------------
 There are 0 pins that are not constrained for maximum delay.

 There are 0 pins that are not constrained for maximum delay due to constant clock.


5. checking no_input_delay (36)
-------------------------------
 There are 36 input ports with no input delay specified. (HIGH)

 There are 0 input ports with no input delay but user has a false path constraint.


6. checking no_output_delay (77)
--------------------------------
 There are 77 ports with no output delay specified. (HIGH)

 There are 0 ports with no output delay but user has a false path constraint

 There are 0 ports with no output delay but with a timing clock defined on it or propagating through it


7. checking multiple_clock (0)
------------------------------
 There are 0 register/latch pins with multiple clocks.


8. checking generated_clocks (0)
--------------------------------
 There are 0 generated clocks that are not connected to a clock source.


9. checking loops (0)
---------------------
 There are 0 combinational loops in the design.


10. checking partial_input_delay (0)
------------------------------------
 There are 0 input ports with partial input delay specified.


11. checking partial_output_delay (0)
-------------------------------------
 There are 0 ports with partial output delay specified.


12. checking latch_loops (0)
----------------------------
 There are 0 combinational latch loops in the design through latch input



------------------------------------------------------------------------------------------------
| Design Timing Summary
| ---------------------
------------------------------------------------------------------------------------------------

    WNS(ns)      TNS(ns)  TNS Failing Endpoints  TNS Total Endpoints      WHS(ns)      THS(ns)  THS Failing Endpoints  THS Total Endpoints     WPWS(ns)     TPWS(ns)  TPWS Failing Endpoints  TPWS Total Endpoints  
    -------      -------  ---------------------  -------------------      -------      -------  ---------------------  -------------------     --------     --------  ----------------------  --------------------  
      0.007        0.000                      0                 1693        0.049        0.000                      0                 1693        2.208        0.000                       0                   263  


All user specified timing constraints are met.


------------------------------------------------------------------------------------------------
| Clock Summary
| -------------
------------------------------------------------------------------------------------------------

Clock  Waveform(ns)         Period(ns)      Frequency(MHz)
-----  ------------         ----------      --------------
clk    {0.000 2.750}        5.500           181.818         


------------------------------------------------------------------------------------------------
| Intra Clock Table
| -----------------
------------------------------------------------------------------------------------------------

Clock             WNS(ns)      TNS(ns)  TNS Failing Endpoints  TNS Total Endpoints      WHS(ns)      THS(ns)  THS Failing Endpoints  THS Total Endpoints     WPWS(ns)     TPWS(ns)  TPWS Failing Endpoints  TPWS Total Endpoints  
-----             -------      -------  ---------------------  -------------------      -------      -------  ---------------------  -------------------     --------     --------  ----------------------  --------------------  
clk                 0.007        0.000                      0                 1693        0.049        0.000                      0                 1693        2.208        0.000                       0                   263  


------------------------------------------------------------------------------------------------
| Inter Clock Table
| -----------------
------------------------------------------------------------------------------------------------

From Clock    To Clock          WNS(ns)      TNS(ns)  TNS Failing Endpoints  TNS Total Endpoints      WHS(ns)      THS(ns)  THS Failing Endpoints  THS Total Endpoints  
----------    --------          -------      -------  ---------------------  -------------------      -------      -------  ---------------------  -------------------  


------------------------------------------------------------------------------------------------
| Other Path Groups Table
| -----------------------
------------------------------------------------------------------------------------------------

Path Group    From Clock    To Clock          WNS(ns)      TNS(ns)  TNS Failing Endpoints  TNS Total Endpoints      WHS(ns)      THS(ns)  THS Failing Endpoints  THS Total Endpoints  
----------    ----------    --------          -------      -------  ---------------------  -------------------      -------      -------  ---------------------  -------------------  


------------------------------------------------------------------------------------------------
| Timing Details
| --------------
------------------------------------------------------------------------------------------------


---------------------------------------------------------------------------------------------------
From Clock:  clk
  To Clock:  clk

Setup :            0  Failing Endpoints,  Worst Slack        0.007ns,  Total Violation        0.000ns
Hold  :            0  Failing Endpoints,  Worst Slack        0.049ns,  Total Violation        0.000ns
PW    :            0  Failing Endpoints,  Worst Slack        2.208ns,  Total Violation        0.000ns
---------------------------------------------------------------------------------------------------


Max Delay Paths
--------------------------------------------------------------------------------------
Slack (MET) :             0.007ns  (required time - arrival time)
  Source:                 u_baseline/g_lane_mem[0].h1_mem_reg_bram_0/CLKARDCLK
                            (rising edge-triggered cell RAMB18E2 clocked by clk  {rise@0.000ns fall@2.750ns period=5.500ns})
  Destination:            u_baseline/lane_sum_q_reg[31]/D
                            (rising edge-triggered cell FDRE clocked by clk  {rise@0.000ns fall@2.750ns period=5.500ns})
  Path Group:             clk
  Path Type:              Setup (Max at Slow Process Corner)
  Requirement:            5.500ns  (clk rise@5.500ns - clk rise@0.000ns)
  Data Path Delay:        5.319ns  (logic 3.160ns (59.407%)  route 2.159ns (40.593%))
  Logic Levels:           18  (CARRY8=7 DSP_A_B_DATA=1 DSP_ALU=1 DSP_OUTPUT=1 LUT4=2 LUT5=4 LUT6=2)
  Clock Path Skew:        -0.164ns (DCD - SCD + CPR)
    Destination Clock Delay (DCD):    1.361ns = ( 6.861 - 5.500 ) 
    Source Clock Delay      (SCD):    1.839ns
    Clock Pessimism Removal (CPR):    0.314ns
  Clock Uncertainty:      0.035ns  ((TSJ^2 + TIJ^2)^1/2 + DJ) / 2 + PE
    Total System Jitter     (TSJ):    0.071ns
    Total Input Jitter      (TIJ):    0.000ns
    Discrete Jitter          (DJ):    0.000ns
    Phase Error              (PE):    0.000ns
  Clock Net Delay (Source):      0.944ns (routing 0.001ns, distribution 0.943ns)
  Clock Net Delay (Destination): 0.757ns (routing 0.001ns, distribution 0.756ns)

    Location             Delay type                Incr(ns)  Path(ns)    Netlist Resource(s)
  -------------------------------------------------------------------    -------------------
                         (clock clk rise edge)        0.000     0.000 r  
    P11                                               0.000     0.000 r  clk (IN)
                         net (fo=0)                   0.000     0.000    clk_IBUF_inst/I
    P11                  INBUF (Prop_INBUF_HPIOB_M_PAD_O)
                                                      0.548     0.548 r  clk_IBUF_inst/INBUF_INST/O
                         net (fo=1, routed)           0.000     0.548    clk_IBUF_inst/OUT
    P11                  IBUFCTRL (Prop_IBUFCTRL_HPIOB_M_I_O)
                                                      0.000     0.548 r  clk_IBUF_inst/IBUFCTRL_INST/O
                         net (fo=1, routed)           0.319     0.867    clk_IBUF
    BUFGCE_X0Y77         BUFGCE (Prop_BUFCE_BUFGCE_I_O)
                                                      0.028     0.895 r  clk_IBUF_BUFG_inst/O
    X3Y3 (CLOCK_ROOT)    net (fo=343, routed)         0.944     1.839    u_baseline/clk_IBUF_BUFG
    RAMB18_X10Y78        RAMB18E2                                     r  u_baseline/g_lane_mem[0].h1_mem_reg_bram_0/CLKARDCLK
  -------------------------------------------------------------------    -------------------
    RAMB18_X10Y78        RAMB18E2 (Prop_RAMB18E2_L_RAMB180_CLKARDCLK_DOUTADOUT[3])
                                                      0.915     2.754 f  u_baseline/g_lane_mem[0].h1_mem_reg_bram_0/DOUTADOUT[3]
                         net (fo=1, routed)           0.411     3.165    u_baseline/lane_sum_c0/B[3]
    DSP48E2_X15Y78       DSP_A_B_DATA (Prop_DSP_A_B_DATA_DSP48E2_B[3]_B_ALU[3])
                                                      0.165     3.330 r  u_baseline/lane_sum_c0/DSP_A_B_DATA_INST/B_ALU[3]
                         net (fo=1, routed)           0.000     3.330    u_baseline/lane_sum_c0/DSP_A_B_DATA.B_ALU<3>
    DSP48E2_X15Y78       DSP_ALU (Prop_DSP_ALU_DSP48E2_B_ALU[3]_ALU_OUT[4])
                                                      0.541     3.871 f  u_baseline/lane_sum_c0/DSP_ALU_INST/ALU_OUT[4]
                         net (fo=1, routed)           0.000     3.871    u_baseline/lane_sum_c0/DSP_ALU.ALU_OUT<4>
    DSP48E2_X15Y78       DSP_OUTPUT (Prop_DSP_OUTPUT_DSP48E2_ALU_OUT[4]_P[4])
                                                      0.109     3.980 r  u_baseline/lane_sum_c0/DSP_OUTPUT_INST/P[4]
                         net (fo=1, routed)           0.239     4.219    u_baseline/lane_sum_c0_n_101
    SLICE_X74Y196        LUT5 (Prop_F6LUT_SLICEM_I0_O)
                                                      0.037     4.256 r  u_baseline/lane_sum_c0__0_carry_i_19/O
                         net (fo=2, routed)           0.089     4.345    u_baseline/lane_sum_c__31[4]
    SLICE_X74Y197        LUT5 (Prop_E6LUT_SLICEM_I0_O)
                                                      0.037     4.382 r  u_baseline/lane_sum_c0__0_carry_i_3/O
                         net (fo=2, routed)           0.154     4.536    u_baseline/lane_sum_c0__0_carry_i_3_n_0
    SLICE_X76Y197        LUT6 (Prop_F6LUT_SLICEM_I0_O)
                                                      0.051     4.587 r  u_baseline/lane_sum_c0__0_carry_i_10/O
                         net (fo=1, routed)           0.022     4.609    u_baseline/lane_sum_c0__0_carry_i_10_n_0
    SLICE_X76Y197        CARRY8 (Prop_CARRY8_SLICEM_S[5]_CO[7])
                                                      0.159     4.768 r  u_baseline/lane_sum_c0__0_carry/CO[7]
                         net (fo=1, routed)           0.026     4.794    u_baseline/lane_sum_c0__0_carry_n_0
    SLICE_X76Y198        CARRY8 (Prop_CARRY8_SLICEM_CI_O[4])
                                                      0.086     4.880 r  u_baseline/lane_sum_c0__0_carry__0/O[4]
                         net (fo=2, routed)           0.218     5.098    u_baseline/lane_sum_c0__0_carry__0_n_11
    SLICE_X75Y200        LUT5 (Prop_F6LUT_SLICEL_I0_O)
                                                      0.035     5.133 r  u_baseline/i___0_carry__0_i_3/O
                         net (fo=2, routed)           0.135     5.268    u_baseline/i___0_carry__0_i_3_n_0
    SLICE_X75Y197        LUT6 (Prop_F6LUT_SLICEL_I0_O)
                                                      0.035     5.303 r  u_baseline/i___0_carry__0_i_11/O
                         net (fo=1, routed)           0.011     5.314    u_baseline/i___0_carry__0_i_11_n_0
    SLICE_X75Y197        CARRY8 (Prop_CARRY8_SLICEL_S[5]_CO[7])
                                                      0.155     5.469 r  u_baseline/lane_sum_c0_inferred__0/i___0_carry__0/CO[7]
                         net (fo=1, routed)           0.026     5.495    u_baseline/lane_sum_c0_inferred__0/i___0_carry__0_n_0
    SLICE_X75Y198        CARRY8 (Prop_CARRY8_SLICEL_CI_O[0])
                                                      0.056     5.551 r  u_baseline/lane_sum_c0_inferred__0/i___0_carry__1/O[0]
                         net (fo=4, routed)           0.232     5.783    u_baseline/lane_sum_c0_inferred__0/i___0_carry__1_n_15
    SLICE_X76Y195        LUT4 (Prop_A5LUT_SLICEM_I1_O)
                                                      0.139     5.922 r  u_baseline/i___247_carry__1_i_7/O
                         net (fo=2, routed)           0.219     6.141    u_baseline/i___247_carry__1_i_7_n_0
    SLICE_X76Y195        LUT5 (Prop_B6LUT_SLICEM_I4_O)
                                                      0.089     6.230 r  u_baseline/i___247_carry__1_i_15/O
                         net (fo=1, routed)           0.016     6.246    u_baseline/i___247_carry__1_i_15_n_0
    SLICE_X76Y195        CARRY8 (Prop_CARRY8_SLICEM_S[1]_CO[7])
                                                      0.190     6.436 r  u_baseline/lane_sum_c0_inferred__0/i___247_carry__1/CO[7]
                         net (fo=1, routed)           0.026     6.462    u_baseline/lane_sum_c0_inferred__0/i___247_carry__1_n_0
    SLICE_X76Y196        CARRY8 (Prop_CARRY8_SLICEM_CI_O[2])
                                                      0.067     6.529 r  u_baseline/lane_sum_c0_inferred__0/i___247_carry__2/O[2]
                         net (fo=3, routed)           0.300     6.828    u_baseline/lane_sum_c0_inferred__0/i___247_carry__2_n_13
    SLICE_X75Y195        LUT4 (Prop_C6LUT_SLICEL_I3_O)
                                                      0.096     6.924 r  u_baseline/i___341_carry__2_i_13/O
                         net (fo=1, routed)           0.010     6.934    u_baseline/i___341_carry__2_i_13_n_0
    SLICE_X75Y195        CARRY8 (Prop_CARRY8_SLICEL_S[2]_O[7])
                                                      0.198     7.132 r  u_baseline/lane_sum_c0_inferred__0/i___341_carry__2/O[7]
                         net (fo=1, routed)           0.026     7.158    u_baseline/lane_sum_c0_inferred__0/i___341_carry__2_n_8
    SLICE_X75Y195        FDRE                                         r  u_baseline/lane_sum_q_reg[31]/D
  -------------------------------------------------------------------    -------------------

                         (clock clk rise edge)        5.500     5.500 r  
    P11                                               0.000     5.500 r  clk (IN)
                         net (fo=0)                   0.000     5.500    clk_IBUF_inst/I
    P11                  INBUF (Prop_INBUF_HPIOB_M_PAD_O)
                                                      0.298     5.798 r  clk_IBUF_inst/INBUF_INST/O
                         net (fo=1, routed)           0.000     5.798    clk_IBUF_inst/OUT
    P11                  IBUFCTRL (Prop_IBUFCTRL_HPIOB_M_I_O)
                                                      0.000     5.798 r  clk_IBUF_inst/IBUFCTRL_INST/O
                         net (fo=1, routed)           0.282     6.080    clk_IBUF
    BUFGCE_X0Y77         BUFGCE (Prop_BUFCE_BUFGCE_I_O)
                                                      0.024     6.104 r  clk_IBUF_BUFG_inst/O
    X3Y3 (CLOCK_ROOT)    net (fo=343, routed)         0.757     6.861    u_baseline/clk_IBUF_BUFG
    SLICE_X75Y195        FDRE                                         r  u_baseline/lane_sum_q_reg[31]/C
                         clock pessimism              0.314     7.175    
                         clock uncertainty           -0.035     7.140    
    SLICE_X75Y195        FDRE (Setup_HFF_SLICEL_C_D)
                                                      0.025     7.165    u_baseline/lane_sum_q_reg[31]
  -------------------------------------------------------------------
                         required time                          7.165    
                         arrival time                          -7.158    
  -------------------------------------------------------------------
                         slack                                  0.007    

Slack (MET) :             0.010ns  (required time - arrival time)
  Source:                 u_baseline/g_lane_mem[0].h1_mem_reg_bram_0/CLKARDCLK
                            (rising edge-triggered cell RAMB18E2 clocked by clk  {rise@0.000ns fall@2.750ns period=5.500ns})
  Destination:            u_baseline/lane_sum_q_reg[29]/D
                            (rising edge-triggered cell FDRE clocked by clk  {rise@0.000ns fall@2.750ns period=5.500ns})
  Path Group:             clk
  Path Type:              Setup (Max at Slow Process Corner)
  Requirement:            5.500ns  (clk rise@5.500ns - clk rise@0.000ns)
  Data Path Delay:        5.316ns  (logic 3.158ns (59.403%)  route 2.158ns (40.597%))
  Logic Levels:           18  (CARRY8=7 DSP_A_B_DATA=1 DSP_ALU=1 DSP_OUTPUT=1 LUT4=2 LUT5=4 LUT6=2)
  Clock Path Skew:        -0.164ns (DCD - SCD + CPR)
    Destination Clock Delay (DCD):    1.361ns = ( 6.861 - 5.500 ) 
    Source Clock Delay      (SCD):    1.839ns
    Clock Pessimism Removal (CPR):    0.314ns
  Clock Uncertainty:      0.035ns  ((TSJ^2 + TIJ^2)^1/2 + DJ) / 2 + PE
    Total System Jitter     (TSJ):    0.071ns
    Total Input Jitter      (TIJ):    0.000ns
    Discrete Jitter          (DJ):    0.000ns
    Phase Error              (PE):    0.000ns
  Clock Net Delay (Source):      0.944ns (routing 0.001ns, distribution 0.943ns)
  Clock Net Delay (Destination): 0.757ns (routing 0.001ns, distribution 0.756ns)

    Location             Delay type                Incr(ns)  Path(ns)    Netlist Resource(s)
  -------------------------------------------------------------------    -------------------
                         (clock clk rise edge)        0.000     0.000 r  
    P11                                               0.000     0.000 r  clk (IN)
                         net (fo=0)                   0.000     0.000    clk_IBUF_inst/I
    P11                  INBUF (Prop_INBUF_HPIOB_M_PAD_O)
                                                      0.548     0.548 r  clk_IBUF_inst/INBUF_INST/O
                         net (fo=1, routed)           0.000     0.548    clk_IBUF_inst/OUT
    P11                  IBUFCTRL (Prop_IBUFCTRL_HPIOB_M_I_O)
                                                      0.000     0.548 r  clk_IBUF_inst/IBUFCTRL_INST/O
                         net (fo=1, routed)           0.319     0.867    clk_IBUF
    BUFGCE_X0Y77         BUFGCE (Prop_BUFCE_BUFGCE_I_O)
                                                      0.028     0.895 r  clk_IBUF_BUFG_inst/O
    X3Y3 (CLOCK_ROOT)    net (fo=343, routed)         0.944     1.839    u_baseline/clk_IBUF_BUFG
    RAMB18_X10Y78        RAMB18E2                                     r  u_baseline/g_lane_mem[0].h1_mem_reg_bram_0/CLKARDCLK
  -------------------------------------------------------------------    -------------------
    RAMB18_X10Y78        RAMB18E2 (Prop_RAMB18E2_L_RAMB180_CLKARDCLK_DOUTADOUT[3])
                                                      0.915     2.754 f  u_baseline/g_lane_mem[0].h1_mem_reg_bram_0/DOUTADOUT[3]
                         net (fo=1, routed)           0.411     3.165    u_baseline/lane_sum_c0/B[3]
    DSP48E2_X15Y78       DSP_A_B_DATA (Prop_DSP_A_B_DATA_DSP48E2_B[3]_B_ALU[3])
                                                      0.165     3.330 r  u_baseline/lane_sum_c0/DSP_A_B_DATA_INST/B_ALU[3]
                         net (fo=1, routed)           0.000     3.330    u_baseline/lane_sum_c0/DSP_A_B_DATA.B_ALU<3>
    DSP48E2_X15Y78       DSP_ALU (Prop_DSP_ALU_DSP48E2_B_ALU[3]_ALU_OUT[4])
                                                      0.541     3.871 f  u_baseline/lane_sum_c0/DSP_ALU_INST/ALU_OUT[4]
                         net (fo=1, routed)           0.000     3.871    u_baseline/lane_sum_c0/DSP_ALU.ALU_OUT<4>
    DSP48E2_X15Y78       DSP_OUTPUT (Prop_DSP_OUTPUT_DSP48E2_ALU_OUT[4]_P[4])
                                                      0.109     3.980 r  u_baseline/lane_sum_c0/DSP_OUTPUT_INST/P[4]
                         net (fo=1, routed)           0.239     4.219    u_baseline/lane_sum_c0_n_101
    SLICE_X74Y196        LUT5 (Prop_F6LUT_SLICEM_I0_O)
                                                      0.037     4.256 r  u_baseline/lane_sum_c0__0_carry_i_19/O
                         net (fo=2, routed)           0.089     4.345    u_baseline/lane_sum_c__31[4]
    SLICE_X74Y197        LUT5 (Prop_E6LUT_SLICEM_I0_O)
                                                      0.037     4.382 r  u_baseline/lane_sum_c0__0_carry_i_3/O
                         net (fo=2, routed)           0.154     4.536    u_baseline/lane_sum_c0__0_carry_i_3_n_0
    SLICE_X76Y197        LUT6 (Prop_F6LUT_SLICEM_I0_O)
                                                      0.051     4.587 r  u_baseline/lane_sum_c0__0_carry_i_10/O
                         net (fo=1, routed)           0.022     4.609    u_baseline/lane_sum_c0__0_carry_i_10_n_0
    SLICE_X76Y197        CARRY8 (Prop_CARRY8_SLICEM_S[5]_CO[7])
                                                      0.159     4.768 r  u_baseline/lane_sum_c0__0_carry/CO[7]
                         net (fo=1, routed)           0.026     4.794    u_baseline/lane_sum_c0__0_carry_n_0
    SLICE_X76Y198        CARRY8 (Prop_CARRY8_SLICEM_CI_O[4])
                                                      0.086     4.880 r  u_baseline/lane_sum_c0__0_carry__0/O[4]
                         net (fo=2, routed)           0.218     5.098    u_baseline/lane_sum_c0__0_carry__0_n_11
    SLICE_X75Y200        LUT5 (Prop_F6LUT_SLICEL_I0_O)
                                                      0.035     5.133 r  u_baseline/i___0_carry__0_i_3/O
                         net (fo=2, routed)           0.135     5.268    u_baseline/i___0_carry__0_i_3_n_0
    SLICE_X75Y197        LUT6 (Prop_F6LUT_SLICEL_I0_O)
                                                      0.035     5.303 r  u_baseline/i___0_carry__0_i_11/O
                         net (fo=1, routed)           0.011     5.314    u_baseline/i___0_carry__0_i_11_n_0
    SLICE_X75Y197        CARRY8 (Prop_CARRY8_SLICEL_S[5]_CO[7])
                                                      0.155     5.469 r  u_baseline/lane_sum_c0_inferred__0/i___0_carry__0/CO[7]
                         net (fo=1, routed)           0.026     5.495    u_baseline/lane_sum_c0_inferred__0/i___0_carry__0_n_0
    SLICE_X75Y198        CARRY8 (Prop_CARRY8_SLICEL_CI_O[0])
                                                      0.056     5.551 r  u_baseline/lane_sum_c0_inferred__0/i___0_carry__1/O[0]
                         net (fo=4, routed)           0.232     5.783    u_baseline/lane_sum_c0_inferred__0/i___0_carry__1_n_15
    SLICE_X76Y195        LUT4 (Prop_A5LUT_SLICEM_I1_O)
                                                      0.139     5.922 r  u_baseline/i___247_carry__1_i_7/O
                         net (fo=2, routed)           0.219     6.141    u_baseline/i___247_carry__1_i_7_n_0
    SLICE_X76Y195        LUT5 (Prop_B6LUT_SLICEM_I4_O)
                                                      0.089     6.230 r  u_baseline/i___247_carry__1_i_15/O
                         net (fo=1, routed)           0.016     6.246    u_baseline/i___247_carry__1_i_15_n_0
    SLICE_X76Y195        CARRY8 (Prop_CARRY8_SLICEM_S[1]_CO[7])
                                                      0.190     6.436 r  u_baseline/lane_sum_c0_inferred__0/i___247_carry__1/CO[7]
                         net (fo=1, routed)           0.026     6.462    u_baseline/lane_sum_c0_inferred__0/i___247_carry__1_n_0
    SLICE_X76Y196        CARRY8 (Prop_CARRY8_SLICEM_CI_O[2])
                                                      0.067     6.529 r  u_baseline/lane_sum_c0_inferred__0/i___247_carry__2/O[2]
                         net (fo=3, routed)           0.300     6.828    u_baseline/lane_sum_c0_inferred__0/i___247_carry__2_n_13
    SLICE_X75Y195        LUT4 (Prop_C6LUT_SLICEL_I3_O)
                                                      0.096     6.924 r  u_baseline/i___341_carry__2_i_13/O
                         net (fo=1, routed)           0.010     6.934    u_baseline/i___341_carry__2_i_13_n_0
    SLICE_X75Y195        CARRY8 (Prop_CARRY8_SLICEL_S[2]_O[5])
                                                      0.196     7.130 r  u_baseline/lane_sum_c0_inferred__0/i___341_carry__2/O[5]
                         net (fo=1, routed)           0.025     7.155    u_baseline/lane_sum_c0_inferred__0/i___341_carry__2_n_10
    SLICE_X75Y195        FDRE                                         r  u_baseline/lane_sum_q_reg[29]/D
  -------------------------------------------------------------------    -------------------

                         (clock clk rise edge)        5.500     5.500 r  
    P11                                               0.000     5.500 r  clk (IN)
                         net (fo=0)                   0.000     5.500    clk_IBUF_inst/I
    P11                  INBUF (Prop_INBUF_HPIOB_M_PAD_O)
                                                      0.298     5.798 r  clk_IBUF_inst/INBUF_INST/O
                         net (fo=1, routed)           0.000     5.798    clk_IBUF_inst/OUT
    P11                  IBUFCTRL (Prop_IBUFCTRL_HPIOB_M_I_O)
                                                      0.000     5.798 r  clk_IBUF_inst/IBUFCTRL_INST/O
                         net (fo=1, routed)           0.282     6.080    clk_IBUF
    BUFGCE_X0Y77         BUFGCE (Prop_BUFCE_BUFGCE_I_O)
                                                      0.024     6.104 r  clk_IBUF_BUFG_inst/O
    X3Y3 (CLOCK_ROOT)    net (fo=343, routed)         0.757     6.861    u_baseline/clk_IBUF_BUFG
    SLICE_X75Y195        FDRE                                         r  u_baseline/lane_sum_q_reg[29]/C
                         clock pessimism              0.314     7.175    
                         clock uncertainty           -0.035     7.140    
    SLICE_X75Y195        FDRE (Setup_FFF_SLICEL_C_D)
                                                      0.025     7.165    u_baseline/lane_sum_q_reg[29]
  -------------------------------------------------------------------
                         required time                          7.165    
                         arrival time                          -7.155    
  -------------------------------------------------------------------
                         slack                                  0.010    

Slack (MET) :             0.021ns  (required time - arrival time)
  Source:                 u_baseline/g_lane_mem[0].h1_mem_reg_bram_0/CLKARDCLK
                            (rising edge-triggered cell RAMB18E2 clocked by clk  {rise@0.000ns fall@2.750ns period=5.500ns})
  Destination:            u_baseline/lane_sum_q_reg[30]/D
                            (rising edge-triggered cell FDRE clocked by clk  {rise@0.000ns fall@2.750ns period=5.500ns})
  Path Group:             clk
  Path Type:              Setup (Max at Slow Process Corner)
  Requirement:            5.500ns  (clk rise@5.500ns - clk rise@0.000ns)
  Data Path Delay:        5.305ns  (logic 3.146ns (59.300%)  route 2.159ns (40.700%))
  Logic Levels:           18  (CARRY8=7 DSP_A_B_DATA=1 DSP_ALU=1 DSP_OUTPUT=1 LUT4=2 LUT5=4 LUT6=2)
  Clock Path Skew:        -0.164ns (DCD - SCD + CPR)
    Destination Clock Delay (DCD):    1.361ns = ( 6.861 - 5.500 ) 
    Source Clock Delay      (SCD):    1.839ns
    Clock Pessimism Removal (CPR):    0.314ns
  Clock Uncertainty:      0.035ns  ((TSJ^2 + TIJ^2)^1/2 + DJ) / 2 + PE
    Total System Jitter     (TSJ):    0.071ns
    Total Input Jitter      (TIJ):    0.000ns
    Discrete Jitter          (DJ):    0.000ns
    Phase Error              (PE):    0.000ns
  Clock Net Delay (Source):      0.944ns (routing 0.001ns, distribution 0.943ns)
  Clock Net Delay (Destination): 0.757ns (routing 0.001ns, distribution 0.756ns)

    Location             Delay type                Incr(ns)  Path(ns)    Netlist Resource(s)
  -------------------------------------------------------------------    -------------------
                         (clock clk rise edge)        0.000     0.000 r  
    P11                                               0.000     0.000 r  clk (IN)
                         net (fo=0)                   0.000     0.000    clk_IBUF_inst/I
    P11                  INBUF (Prop_INBUF_HPIOB_M_PAD_O)
                                                      0.548     0.548 r  clk_IBUF_inst/INBUF_INST/O
                         net (fo=1, routed)           0.000     0.548    clk_IBUF_inst/OUT
    P11                  IBUFCTRL (Prop_IBUFCTRL_HPIOB_M_I_O)
                                                      0.000     0.548 r  clk_IBUF_inst/IBUFCTRL_INST/O
                         net (fo=1, routed)           0.319     0.867    clk_IBUF
    BUFGCE_X0Y77         BUFGCE (Prop_BUFCE_BUFGCE_I_O)
                                                      0.028     0.895 r  clk_IBUF_BUFG_inst/O
    X3Y3 (CLOCK_ROOT)    net (fo=343, routed)         0.944     1.839    u_baseline/clk_IBUF_BUFG
    RAMB18_X10Y78        RAMB18E2                                     r  u_baseline/g_lane_mem[0].h1_mem_reg_bram_0/CLKARDCLK
  -------------------------------------------------------------------    -------------------
    RAMB18_X10Y78        RAMB18E2 (Prop_RAMB18E2_L_RAMB180_CLKARDCLK_DOUTADOUT[3])
                                                      0.915     2.754 f  u_baseline/g_lane_mem[0].h1_mem_reg_bram_0/DOUTADOUT[3]
                         net (fo=1, routed)           0.411     3.165    u_baseline/lane_sum_c0/B[3]
    DSP48E2_X15Y78       DSP_A_B_DATA (Prop_DSP_A_B_DATA_DSP48E2_B[3]_B_ALU[3])
                                                      0.165     3.330 r  u_baseline/lane_sum_c0/DSP_A_B_DATA_INST/B_ALU[3]
                         net (fo=1, routed)           0.000     3.330    u_baseline/lane_sum_c0/DSP_A_B_DATA.B_ALU<3>
    DSP48E2_X15Y78       DSP_ALU (Prop_DSP_ALU_DSP48E2_B_ALU[3]_ALU_OUT[4])
                                                      0.541     3.871 f  u_baseline/lane_sum_c0/DSP_ALU_INST/ALU_OUT[4]
                         net (fo=1, routed)           0.000     3.871    u_baseline/lane_sum_c0/DSP_ALU.ALU_OUT<4>
    DSP48E2_X15Y78       DSP_OUTPUT (Prop_DSP_OUTPUT_DSP48E2_ALU_OUT[4]_P[4])
                                                      0.109     3.980 r  u_baseline/lane_sum_c0/DSP_OUTPUT_INST/P[4]
                         net (fo=1, routed)           0.239     4.219    u_baseline/lane_sum_c0_n_101
    SLICE_X74Y196        LUT5 (Prop_F6LUT_SLICEM_I0_O)
                                                      0.037     4.256 r  u_baseline/lane_sum_c0__0_carry_i_19/O
                         net (fo=2, routed)           0.089     4.345    u_baseline/lane_sum_c__31[4]
    SLICE_X74Y197        LUT5 (Prop_E6LUT_SLICEM_I0_O)
                                                      0.037     4.382 r  u_baseline/lane_sum_c0__0_carry_i_3/O
                         net (fo=2, routed)           0.154     4.536    u_baseline/lane_sum_c0__0_carry_i_3_n_0
    SLICE_X76Y197        LUT6 (Prop_F6LUT_SLICEM_I0_O)
                                                      0.051     4.587 r  u_baseline/lane_sum_c0__0_carry_i_10/O
                         net (fo=1, routed)           0.022     4.609    u_baseline/lane_sum_c0__0_carry_i_10_n_0
    SLICE_X76Y197        CARRY8 (Prop_CARRY8_SLICEM_S[5]_CO[7])
                                                      0.159     4.768 r  u_baseline/lane_sum_c0__0_carry/CO[7]
                         net (fo=1, routed)           0.026     4.794    u_baseline/lane_sum_c0__0_carry_n_0
    SLICE_X76Y198        CARRY8 (Prop_CARRY8_SLICEM_CI_O[4])
                                                      0.086     4.880 r  u_baseline/lane_sum_c0__0_carry__0/O[4]
                         net (fo=2, routed)           0.218     5.098    u_baseline/lane_sum_c0__0_carry__0_n_11
    SLICE_X75Y200        LUT5 (Prop_F6LUT_SLICEL_I0_O)
                                                      0.035     5.133 r  u_baseline/i___0_carry__0_i_3/O
                         net (fo=2, routed)           0.135     5.268    u_baseline/i___0_carry__0_i_3_n_0
    SLICE_X75Y197        LUT6 (Prop_F6LUT_SLICEL_I0_O)
                                                      0.035     5.303 r  u_baseline/i___0_carry__0_i_11/O
                         net (fo=1, routed)           0.011     5.314    u_baseline/i___0_carry__0_i_11_n_0
    SLICE_X75Y197        CARRY8 (Prop_CARRY8_SLICEL_S[5]_CO[7])
                                                      0.155     5.469 r  u_baseline/lane_sum_c0_inferred__0/i___0_carry__0/CO[7]
                         net (fo=1, routed)           0.026     5.495    u_baseline/lane_sum_c0_inferred__0/i___0_carry__0_n_0
    SLICE_X75Y198        CARRY8 (Prop_CARRY8_SLICEL_CI_O[0])
                                                      0.056     5.551 r  u_baseline/lane_sum_c0_inferred__0/i___0_carry__1/O[0]
                         net (fo=4, routed)           0.232     5.783    u_baseline/lane_sum_c0_inferred__0/i___0_carry__1_n_15
    SLICE_X76Y195        LUT4 (Prop_A5LUT_SLICEM_I1_O)
                                                      0.139     5.922 r  u_baseline/i___247_carry__1_i_7/O
                         net (fo=2, routed)           0.219     6.141    u_baseline/i___247_carry__1_i_7_n_0
    SLICE_X76Y195        LUT5 (Prop_B6LUT_SLICEM_I4_O)
                                                      0.089     6.230 r  u_baseline/i___247_carry__1_i_15/O
                         net (fo=1, routed)           0.016     6.246    u_baseline/i___247_carry__1_i_15_n_0
    SLICE_X76Y195        CARRY8 (Prop_CARRY8_SLICEM_S[1]_CO[7])
                                                      0.190     6.436 r  u_baseline/lane_sum_c0_inferred__0/i___247_carry__1/CO[7]
                         net (fo=1, routed)           0.026     6.462    u_baseline/lane_sum_c0_inferred__0/i___247_carry__1_n_0
    SLICE_X76Y196        CARRY8 (Prop_CARRY8_SLICEM_CI_O[2])
                                                      0.067     6.529 r  u_baseline/lane_sum_c0_inferred__0/i___247_carry__2/O[2]
                         net (fo=3, routed)           0.300     6.828    u_baseline/lane_sum_c0_inferred__0/i___247_carry__2_n_13
    SLICE_X75Y195        LUT4 (Prop_C6LUT_SLICEL_I3_O)
                                                      0.096     6.924 r  u_baseline/i___341_carry__2_i_13/O
                         net (fo=1, routed)           0.010     6.934    u_baseline/i___341_carry__2_i_13_n_0
    SLICE_X75Y195        CARRY8 (Prop_CARRY8_SLICEL_S[2]_O[6])
                                                      0.184     7.118 r  u_baseline/lane_sum_c0_inferred__0/i___341_carry__2/O[6]
                         net (fo=1, routed)           0.026     7.144    u_baseline/lane_sum_c0_inferred__0/i___341_carry__2_n_9
    SLICE_X75Y195        FDRE                                         r  u_baseline/lane_sum_q_reg[30]/D
  -------------------------------------------------------------------    -------------------

                         (clock clk rise edge)        5.500     5.500 r  
    P11                                               0.000     5.500 r  clk (IN)
                         net (fo=0)                   0.000     5.500    clk_IBUF_inst/I
    P11                  INBUF (Prop_INBUF_HPIOB_M_PAD_O)
                                                      0.298     5.798 r  clk_IBUF_inst/INBUF_INST/O
                         net (fo=1, routed)           0.000     5.798    clk_IBUF_inst/OUT
    P11                  IBUFCTRL (Prop_IBUFCTRL_HPIOB_M_I_O)
                                                      0.000     5.798 r  clk_IBUF_inst/IBUFCTRL_INST/O
                         net (fo=1, routed)           0.282     6.080    clk_IBUF
    BUFGCE_X0Y77         BUFGCE (Prop_BUFCE_BUFGCE_I_O)
                                                      0.024     6.104 r  clk_IBUF_BUFG_inst/O
    X3Y3 (CLOCK_ROOT)    net (fo=343, routed)         0.757     6.861    u_baseline/clk_IBUF_BUFG
    SLICE_X75Y195        FDRE                                         r  u_baseline/lane_sum_q_reg[30]/C
                         clock pessimism              0.314     7.175    
                         clock uncertainty           -0.035     7.140    
    SLICE_X75Y195        FDRE (Setup_GFF_SLICEL_C_D)
                                                      0.025     7.165    u_baseline/lane_sum_q_reg[30]
  -------------------------------------------------------------------
                         required time                          7.165    
                         arrival time                          -7.144    
  -------------------------------------------------------------------
                         slack                                  0.021    

Slack (MET) :             0.043ns  (required time - arrival time)
  Source:                 u_baseline/g_lane_mem[0].h1_mem_reg_bram_0/CLKARDCLK
                            (rising edge-triggered cell RAMB18E2 clocked by clk  {rise@0.000ns fall@2.750ns period=5.500ns})
  Destination:            u_baseline/lane_sum_q_reg[28]/D
                            (rising edge-triggered cell FDRE clocked by clk  {rise@0.000ns fall@2.750ns period=5.500ns})
  Path Group:             clk
  Path Type:              Setup (Max at Slow Process Corner)
  Requirement:            5.500ns  (clk rise@5.500ns - clk rise@0.000ns)
  Data Path Delay:        5.283ns  (logic 3.125ns (59.149%)  route 2.158ns (40.851%))
  Logic Levels:           18  (CARRY8=7 DSP_A_B_DATA=1 DSP_ALU=1 DSP_OUTPUT=1 LUT4=2 LUT5=4 LUT6=2)
  Clock Path Skew:        -0.164ns (DCD - SCD + CPR)
    Destination Clock Delay (DCD):    1.361ns = ( 6.861 - 5.500 ) 
    Source Clock Delay      (SCD):    1.839ns
    Clock Pessimism Removal (CPR):    0.314ns
  Clock Uncertainty:      0.035ns  ((TSJ^2 + TIJ^2)^1/2 + DJ) / 2 + PE
    Total System Jitter     (TSJ):    0.071ns
    Total Input Jitter      (TIJ):    0.000ns
    Discrete Jitter          (DJ):    0.000ns
    Phase Error              (PE):    0.000ns
  Clock Net Delay (Source):      0.944ns (routing 0.001ns, distribution 0.943ns)
  Clock Net Delay (Destination): 0.757ns (routing 0.001ns, distribution 0.756ns)

    Location             Delay type                Incr(ns)  Path(ns)    Netlist Resource(s)
  -------------------------------------------------------------------    -------------------
                         (clock clk rise edge)        0.000     0.000 r  
    P11                                               0.000     0.000 r  clk (IN)
                         net (fo=0)                   0.000     0.000    clk_IBUF_inst/I
    P11                  INBUF (Prop_INBUF_HPIOB_M_PAD_O)
                                                      0.548     0.548 r  clk_IBUF_inst/INBUF_INST/O
                         net (fo=1, routed)           0.000     0.548    clk_IBUF_inst/OUT
    P11                  IBUFCTRL (Prop_IBUFCTRL_HPIOB_M_I_O)
                                                      0.000     0.548 r  clk_IBUF_inst/IBUFCTRL_INST/O
                         net (fo=1, routed)           0.319     0.867    clk_IBUF
    BUFGCE_X0Y77         BUFGCE (Prop_BUFCE_BUFGCE_I_O)
                                                      0.028     0.895 r  clk_IBUF_BUFG_inst/O
    X3Y3 (CLOCK_ROOT)    net (fo=343, routed)         0.944     1.839    u_baseline/clk_IBUF_BUFG
    RAMB18_X10Y78        RAMB18E2                                     r  u_baseline/g_lane_mem[0].h1_mem_reg_bram_0/CLKARDCLK
  -------------------------------------------------------------------    -------------------
    RAMB18_X10Y78        RAMB18E2 (Prop_RAMB18E2_L_RAMB180_CLKARDCLK_DOUTADOUT[3])
                                                      0.915     2.754 f  u_baseline/g_lane_mem[0].h1_mem_reg_bram_0/DOUTADOUT[3]
                         net (fo=1, routed)           0.411     3.165    u_baseline/lane_sum_c0/B[3]
    DSP48E2_X15Y78       DSP_A_B_DATA (Prop_DSP_A_B_DATA_DSP48E2_B[3]_B_ALU[3])
                                                      0.165     3.330 r  u_baseline/lane_sum_c0/DSP_A_B_DATA_INST/B_ALU[3]
                         net (fo=1, routed)           0.000     3.330    u_baseline/lane_sum_c0/DSP_A_B_DATA.B_ALU<3>
    DSP48E2_X15Y78       DSP_ALU (Prop_DSP_ALU_DSP48E2_B_ALU[3]_ALU_OUT[4])
                                                      0.541     3.871 f  u_baseline/lane_sum_c0/DSP_ALU_INST/ALU_OUT[4]
                         net (fo=1, routed)           0.000     3.871    u_baseline/lane_sum_c0/DSP_ALU.ALU_OUT<4>
    DSP48E2_X15Y78       DSP_OUTPUT (Prop_DSP_OUTPUT_DSP48E2_ALU_OUT[4]_P[4])
                                                      0.109     3.980 r  u_baseline/lane_sum_c0/DSP_OUTPUT_INST/P[4]
                         net (fo=1, routed)           0.239     4.219    u_baseline/lane_sum_c0_n_101
    SLICE_X74Y196        LUT5 (Prop_F6LUT_SLICEM_I0_O)
                                                      0.037     4.256 r  u_baseline/lane_sum_c0__0_carry_i_19/O
                         net (fo=2, routed)           0.089     4.345    u_baseline/lane_sum_c__31[4]
    SLICE_X74Y197        LUT5 (Prop_E6LUT_SLICEM_I0_O)
                                                      0.037     4.382 r  u_baseline/lane_sum_c0__0_carry_i_3/O
                         net (fo=2, routed)           0.154     4.536    u_baseline/lane_sum_c0__0_carry_i_3_n_0
    SLICE_X76Y197        LUT6 (Prop_F6LUT_SLICEM_I0_O)
                                                      0.051     4.587 r  u_baseline/lane_sum_c0__0_carry_i_10/O
                         net (fo=1, routed)           0.022     4.609    u_baseline/lane_sum_c0__0_carry_i_10_n_0
    SLICE_X76Y197        CARRY8 (Prop_CARRY8_SLICEM_S[5]_CO[7])
                                                      0.159     4.768 r  u_baseline/lane_sum_c0__0_carry/CO[7]
                         net (fo=1, routed)           0.026     4.794    u_baseline/lane_sum_c0__0_carry_n_0
    SLICE_X76Y198        CARRY8 (Prop_CARRY8_SLICEM_CI_O[4])
                                                      0.086     4.880 r  u_baseline/lane_sum_c0__0_carry__0/O[4]
                         net (fo=2, routed)           0.218     5.098    u_baseline/lane_sum_c0__0_carry__0_n_11
    SLICE_X75Y200        LUT5 (Prop_F6LUT_SLICEL_I0_O)
                                                      0.035     5.133 r  u_baseline/i___0_carry__0_i_3/O
                         net (fo=2, routed)           0.135     5.268    u_baseline/i___0_carry__0_i_3_n_0
    SLICE_X75Y197        LUT6 (Prop_F6LUT_SLICEL_I0_O)
                                                      0.035     5.303 r  u_baseline/i___0_carry__0_i_11/O
                         net (fo=1, routed)           0.011     5.314    u_baseline/i___0_carry__0_i_11_n_0
    SLICE_X75Y197        CARRY8 (Prop_CARRY8_SLICEL_S[5]_CO[7])
                                                      0.155     5.469 r  u_baseline/lane_sum_c0_inferred__0/i___0_carry__0/CO[7]
                         net (fo=1, routed)           0.026     5.495    u_baseline/lane_sum_c0_inferred__0/i___0_carry__0_n_0
    SLICE_X75Y198        CARRY8 (Prop_CARRY8_SLICEL_CI_O[0])
                                                      0.056     5.551 r  u_baseline/lane_sum_c0_inferred__0/i___0_carry__1/O[0]
                         net (fo=4, routed)           0.232     5.783    u_baseline/lane_sum_c0_inferred__0/i___0_carry__1_n_15
    SLICE_X76Y195        LUT4 (Prop_A5LUT_SLICEM_I1_O)
                                                      0.139     5.922 r  u_baseline/i___247_carry__1_i_7/O
                         net (fo=2, routed)           0.219     6.141    u_baseline/i___247_carry__1_i_7_n_0
    SLICE_X76Y195        LUT5 (Prop_B6LUT_SLICEM_I4_O)
                                                      0.089     6.230 r  u_baseline/i___247_carry__1_i_15/O
                         net (fo=1, routed)           0.016     6.246    u_baseline/i___247_carry__1_i_15_n_0
    SLICE_X76Y195        CARRY8 (Prop_CARRY8_SLICEM_S[1]_CO[7])
                                                      0.190     6.436 r  u_baseline/lane_sum_c0_inferred__0/i___247_carry__1/CO[7]
                         net (fo=1, routed)           0.026     6.462    u_baseline/lane_sum_c0_inferred__0/i___247_carry__1_n_0
    SLICE_X76Y196        CARRY8 (Prop_CARRY8_SLICEM_CI_O[2])
                                                      0.067     6.529 r  u_baseline/lane_sum_c0_inferred__0/i___247_carry__2/O[2]
                         net (fo=3, routed)           0.300     6.828    u_baseline/lane_sum_c0_inferred__0/i___247_carry__2_n_13
    SLICE_X75Y195        LUT4 (Prop_C6LUT_SLICEL_I3_O)
                                                      0.096     6.924 r  u_baseline/i___341_carry__2_i_13/O
                         net (fo=1, routed)           0.010     6.934    u_baseline/i___341_carry__2_i_13_n_0
    SLICE_X75Y195        CARRY8 (Prop_CARRY8_SLICEL_S[2]_O[4])
                                                      0.163     7.097 r  u_baseline/lane_sum_c0_inferred__0/i___341_carry__2/O[4]
                         net (fo=1, routed)           0.025     7.122    u_baseline/lane_sum_c0_inferred__0/i___341_carry__2_n_11
    SLICE_X75Y195        FDRE                                         r  u_baseline/lane_sum_q_reg[28]/D
  -------------------------------------------------------------------    -------------------

                         (clock clk rise edge)        5.500     5.500 r  
    P11                                               0.000     5.500 r  clk (IN)
                         net (fo=0)                   0.000     5.500    clk_IBUF_inst/I
    P11                  INBUF (Prop_INBUF_HPIOB_M_PAD_O)
                                                      0.298     5.798 r  clk_IBUF_inst/INBUF_INST/O
                         net (fo=1, routed)           0.000     5.798    clk_IBUF_inst/OUT
    P11                  IBUFCTRL (Prop_IBUFCTRL_HPIOB_M_I_O)
                                                      0.000     5.798 r  clk_IBUF_inst/IBUFCTRL_INST/O
                         net (fo=1, routed)           0.282     6.080    clk_IBUF
    BUFGCE_X0Y77         BUFGCE (Prop_BUFCE_BUFGCE_I_O)
                                                      0.024     6.104 r  clk_IBUF_BUFG_inst/O
    X3Y3 (CLOCK_ROOT)    net (fo=343, routed)         0.757     6.861    u_baseline/clk_IBUF_BUFG
    SLICE_X75Y195        FDRE                                         r  u_baseline/lane_sum_q_reg[28]/C
                         clock pessimism              0.314     7.175    
                         clock uncertainty           -0.035     7.140    
    SLICE_X75Y195        FDRE (Setup_EFF_SLICEL_C_D)
                                                      0.025     7.165    u_baseline/lane_sum_q_reg[28]
  -------------------------------------------------------------------
                         required time                          7.165    
                         arrival time                          -7.122    
  -------------------------------------------------------------------
                         slack                                  0.043    

Slack (MET) :             0.068ns  (required time - arrival time)
  Source:                 u_baseline/g_lane_mem[0].h1_mem_reg_bram_0/CLKARDCLK
                            (rising edge-triggered cell RAMB18E2 clocked by clk  {rise@0.000ns fall@2.750ns period=5.500ns})
  Destination:            u_baseline/lane_sum_q_reg[27]/D
                            (rising edge-triggered cell FDRE clocked by clk  {rise@0.000ns fall@2.750ns period=5.500ns})
  Path Group:             clk
  Path Type:              Setup (Max at Slow Process Corner)
  Requirement:            5.500ns  (clk rise@5.500ns - clk rise@0.000ns)
  Data Path Delay:        5.255ns  (logic 3.139ns (59.730%)  route 2.116ns (40.270%))
  Logic Levels:           18  (CARRY8=7 DSP_A_B_DATA=1 DSP_ALU=1 DSP_OUTPUT=1 LUT4=2 LUT5=4 LUT6=2)
  Clock Path Skew:        -0.166ns (DCD - SCD + CPR)
    Destination Clock Delay (DCD):    1.359ns = ( 6.859 - 5.500 ) 
    Source Clock Delay      (SCD):    1.839ns
    Clock Pessimism Removal (CPR):    0.314ns
  Clock Uncertainty:      0.035ns  ((TSJ^2 + TIJ^2)^1/2 + DJ) / 2 + PE
    Total System Jitter     (TSJ):    0.071ns
    Total Input Jitter      (TIJ):    0.000ns
    Discrete Jitter          (DJ):    0.000ns
    Phase Error              (PE):    0.000ns
  Clock Net Delay (Source):      0.944ns (routing 0.001ns, distribution 0.943ns)
  Clock Net Delay (Destination): 0.755ns (routing 0.001ns, distribution 0.754ns)

    Location             Delay type                Incr(ns)  Path(ns)    Netlist Resource(s)
  -------------------------------------------------------------------    -------------------
                         (clock clk rise edge)        0.000     0.000 r  
    P11                                               0.000     0.000 r  clk (IN)
                         net (fo=0)                   0.000     0.000    clk_IBUF_inst/I
    P11                  INBUF (Prop_INBUF_HPIOB_M_PAD_O)
                                                      0.548     0.548 r  clk_IBUF_inst/INBUF_INST/O
                         net (fo=1, routed)           0.000     0.548    clk_IBUF_inst/OUT
    P11                  IBUFCTRL (Prop_IBUFCTRL_HPIOB_M_I_O)
                                                      0.000     0.548 r  clk_IBUF_inst/IBUFCTRL_INST/O
                         net (fo=1, routed)           0.319     0.867    clk_IBUF
    BUFGCE_X0Y77         BUFGCE (Prop_BUFCE_BUFGCE_I_O)
                                                      0.028     0.895 r  clk_IBUF_BUFG_inst/O
    X3Y3 (CLOCK_ROOT)    net (fo=343, routed)         0.944     1.839    u_baseline/clk_IBUF_BUFG
    RAMB18_X10Y78        RAMB18E2                                     r  u_baseline/g_lane_mem[0].h1_mem_reg_bram_0/CLKARDCLK
  -------------------------------------------------------------------    -------------------
    RAMB18_X10Y78        RAMB18E2 (Prop_RAMB18E2_L_RAMB180_CLKARDCLK_DOUTADOUT[3])
                                                      0.915     2.754 f  u_baseline/g_lane_mem[0].h1_mem_reg_bram_0/DOUTADOUT[3]
                         net (fo=1, routed)           0.411     3.165    u_baseline/lane_sum_c0/B[3]
    DSP48E2_X15Y78       DSP_A_B_DATA (Prop_DSP_A_B_DATA_DSP48E2_B[3]_B_ALU[3])
                                                      0.165     3.330 r  u_baseline/lane_sum_c0/DSP_A_B_DATA_INST/B_ALU[3]
                         net (fo=1, routed)           0.000     3.330    u_baseline/lane_sum_c0/DSP_A_B_DATA.B_ALU<3>
    DSP48E2_X15Y78       DSP_ALU (Prop_DSP_ALU_DSP48E2_B_ALU[3]_ALU_OUT[4])
                                                      0.541     3.871 f  u_baseline/lane_sum_c0/DSP_ALU_INST/ALU_OUT[4]
                         net (fo=1, routed)           0.000     3.871    u_baseline/lane_sum_c0/DSP_ALU.ALU_OUT<4>
    DSP48E2_X15Y78       DSP_OUTPUT (Prop_DSP_OUTPUT_DSP48E2_ALU_OUT[4]_P[4])
                                                      0.109     3.980 r  u_baseline/lane_sum_c0/DSP_OUTPUT_INST/P[4]
                         net (fo=1, routed)           0.239     4.219    u_baseline/lane_sum_c0_n_101
    SLICE_X74Y196        LUT5 (Prop_F6LUT_SLICEM_I0_O)
                                                      0.037     4.256 r  u_baseline/lane_sum_c0__0_carry_i_19/O
                         net (fo=2, routed)           0.089     4.345    u_baseline/lane_sum_c__31[4]
    SLICE_X74Y197        LUT5 (Prop_E6LUT_SLICEM_I0_O)
                                                      0.037     4.382 r  u_baseline/lane_sum_c0__0_carry_i_3/O
                         net (fo=2, routed)           0.154     4.536    u_baseline/lane_sum_c0__0_carry_i_3_n_0
    SLICE_X76Y197        LUT6 (Prop_F6LUT_SLICEM_I0_O)
                                                      0.051     4.587 r  u_baseline/lane_sum_c0__0_carry_i_10/O
                         net (fo=1, routed)           0.022     4.609    u_baseline/lane_sum_c0__0_carry_i_10_n_0
    SLICE_X76Y197        CARRY8 (Prop_CARRY8_SLICEM_S[5]_CO[7])
                                                      0.159     4.768 r  u_baseline/lane_sum_c0__0_carry/CO[7]
                         net (fo=1, routed)           0.026     4.794    u_baseline/lane_sum_c0__0_carry_n_0
    SLICE_X76Y198        CARRY8 (Prop_CARRY8_SLICEM_CI_O[4])
                                                      0.086     4.880 r  u_baseline/lane_sum_c0__0_carry__0/O[4]
                         net (fo=2, routed)           0.218     5.098    u_baseline/lane_sum_c0__0_carry__0_n_11
    SLICE_X75Y200        LUT5 (Prop_F6LUT_SLICEL_I0_O)
                                                      0.035     5.133 r  u_baseline/i___0_carry__0_i_3/O
                         net (fo=2, routed)           0.135     5.268    u_baseline/i___0_carry__0_i_3_n_0
    SLICE_X75Y197        LUT6 (Prop_F6LUT_SLICEL_I0_O)
                                                      0.035     5.303 r  u_baseline/i___0_carry__0_i_11/O
                         net (fo=1, routed)           0.011     5.314    u_baseline/i___0_carry__0_i_11_n_0
    SLICE_X75Y197        CARRY8 (Prop_CARRY8_SLICEL_S[5]_CO[7])
                                                      0.155     5.469 r  u_baseline/lane_sum_c0_inferred__0/i___0_carry__0/CO[7]
                         net (fo=1, routed)           0.026     5.495    u_baseline/lane_sum_c0_inferred__0/i___0_carry__0_n_0
    SLICE_X75Y198        CARRY8 (Prop_CARRY8_SLICEL_CI_O[0])
                                                      0.056     5.551 r  u_baseline/lane_sum_c0_inferred__0/i___0_carry__1/O[0]
                         net (fo=4, routed)           0.232     5.783    u_baseline/lane_sum_c0_inferred__0/i___0_carry__1_n_15
    SLICE_X76Y195        LUT4 (Prop_A5LUT_SLICEM_I1_O)
                                                      0.139     5.922 r  u_baseline/i___247_carry__1_i_7/O
                         net (fo=2, routed)           0.219     6.141    u_baseline/i___247_carry__1_i_7_n_0
    SLICE_X76Y195        LUT5 (Prop_B6LUT_SLICEM_I4_O)
                                                      0.089     6.230 r  u_baseline/i___247_carry__1_i_15/O
                         net (fo=1, routed)           0.016     6.246    u_baseline/i___247_carry__1_i_15_n_0
    SLICE_X76Y195        CARRY8 (Prop_CARRY8_SLICEM_S[1]_O[4])
                                                      0.204     6.450 r  u_baseline/lane_sum_c0_inferred__0/i___247_carry__1/O[4]
                         net (fo=3, routed)           0.256     6.705    u_baseline/lane_sum_c0_inferred__0/i___247_carry__1_n_11
    SLICE_X75Y194        LUT4 (Prop_F6LUT_SLICEL_I0_O)
                                                      0.089     6.794 r  u_baseline/i___341_carry__1_i_11/O
                         net (fo=1, routed)           0.011     6.805    u_baseline/i___341_carry__1_i_11_n_0
    SLICE_X75Y194        CARRY8 (Prop_CARRY8_SLICEL_S[5]_CO[7])
                                                      0.155     6.960 r  u_baseline/lane_sum_c0_inferred__0/i___341_carry__1/CO[7]
                         net (fo=1, routed)           0.026     6.986    u_baseline/lane_sum_c0_inferred__0/i___341_carry__1_n_0
    SLICE_X75Y195        CARRY8 (Prop_CARRY8_SLICEL_CI_O[3])
                                                      0.082     7.068 r  u_baseline/lane_sum_c0_inferred__0/i___341_carry__2/O[3]
                         net (fo=1, routed)           0.026     7.094    u_baseline/lane_sum_c0_inferred__0/i___341_carry__2_n_12
    SLICE_X75Y195        FDRE                                         r  u_baseline/lane_sum_q_reg[27]/D
  -------------------------------------------------------------------    -------------------

                         (clock clk rise edge)        5.500     5.500 r  
    P11                                               0.000     5.500 r  clk (IN)
                         net (fo=0)                   0.000     5.500    clk_IBUF_inst/I
    P11                  INBUF (Prop_INBUF_HPIOB_M_PAD_O)
                                                      0.298     5.798 r  clk_IBUF_inst/INBUF_INST/O
                         net (fo=1, routed)           0.000     5.798    clk_IBUF_inst/OUT
    P11                  IBUFCTRL (Prop_IBUFCTRL_HPIOB_M_I_O)
                                                      0.000     5.798 r  clk_IBUF_inst/IBUFCTRL_INST/O
                         net (fo=1, routed)           0.282     6.080    clk_IBUF
    BUFGCE_X0Y77         BUFGCE (Prop_BUFCE_BUFGCE_I_O)
                                                      0.024     6.104 r  clk_IBUF_BUFG_inst/O
    X3Y3 (CLOCK_ROOT)    net (fo=343, routed)         0.755     6.859    u_baseline/clk_IBUF_BUFG
    SLICE_X75Y195        FDRE                                         r  u_baseline/lane_sum_q_reg[27]/C
                         clock pessimism              0.314     7.173    
                         clock uncertainty           -0.035     7.138    
    SLICE_X75Y195        FDRE (Setup_DFF_SLICEL_C_D)
                                                      0.025     7.163    u_baseline/lane_sum_q_reg[27]
  -------------------------------------------------------------------
                         required time                          7.163    
                         arrival time                          -7.094    
  -------------------------------------------------------------------
                         slack                                  0.068    

Slack (MET) :             0.075ns  (required time - arrival time)
  Source:                 u_baseline/g_lane_mem[0].h1_mem_reg_bram_0/CLKARDCLK
                            (rising edge-triggered cell RAMB18E2 clocked by clk  {rise@0.000ns fall@2.750ns period=5.500ns})
  Destination:            u_baseline/lane_sum_q_reg[25]/D
                            (rising edge-triggered cell FDRE clocked by clk  {rise@0.000ns fall@2.750ns period=5.500ns})
  Path Group:             clk
  Path Type:              Setup (Max at Slow Process Corner)
  Requirement:            5.500ns  (clk rise@5.500ns - clk rise@0.000ns)
  Data Path Delay:        5.248ns  (logic 3.133ns (59.695%)  route 2.115ns (40.305%))
  Logic Levels:           18  (CARRY8=7 DSP_A_B_DATA=1 DSP_ALU=1 DSP_OUTPUT=1 LUT4=2 LUT5=4 LUT6=2)
  Clock Path Skew:        -0.166ns (DCD - SCD + CPR)
    Destination Clock Delay (DCD):    1.359ns = ( 6.859 - 5.500 ) 
    Source Clock Delay      (SCD):    1.839ns
    Clock Pessimism Removal (CPR):    0.314ns
  Clock Uncertainty:      0.035ns  ((TSJ^2 + TIJ^2)^1/2 + DJ) / 2 + PE
    Total System Jitter     (TSJ):    0.071ns
    Total Input Jitter      (TIJ):    0.000ns
    Discrete Jitter          (DJ):    0.000ns
    Phase Error              (PE):    0.000ns
  Clock Net Delay (Source):      0.944ns (routing 0.001ns, distribution 0.943ns)
  Clock Net Delay (Destination): 0.755ns (routing 0.001ns, distribution 0.754ns)

    Location             Delay type                Incr(ns)  Path(ns)    Netlist Resource(s)
  -------------------------------------------------------------------    -------------------
                         (clock clk rise edge)        0.000     0.000 r  
    P11                                               0.000     0.000 r  clk (IN)
                         net (fo=0)                   0.000     0.000    clk_IBUF_inst/I
    P11                  INBUF (Prop_INBUF_HPIOB_M_PAD_O)
                                                      0.548     0.548 r  clk_IBUF_inst/INBUF_INST/O
                         net (fo=1, routed)           0.000     0.548    clk_IBUF_inst/OUT
    P11                  IBUFCTRL (Prop_IBUFCTRL_HPIOB_M_I_O)
                                                      0.000     0.548 r  clk_IBUF_inst/IBUFCTRL_INST/O
                         net (fo=1, routed)           0.319     0.867    clk_IBUF
    BUFGCE_X0Y77         BUFGCE (Prop_BUFCE_BUFGCE_I_O)
                                                      0.028     0.895 r  clk_IBUF_BUFG_inst/O
    X3Y3 (CLOCK_ROOT)    net (fo=343, routed)         0.944     1.839    u_baseline/clk_IBUF_BUFG
    RAMB18_X10Y78        RAMB18E2                                     r  u_baseline/g_lane_mem[0].h1_mem_reg_bram_0/CLKARDCLK
  -------------------------------------------------------------------    -------------------
    RAMB18_X10Y78        RAMB18E2 (Prop_RAMB18E2_L_RAMB180_CLKARDCLK_DOUTADOUT[3])
                                                      0.915     2.754 f  u_baseline/g_lane_mem[0].h1_mem_reg_bram_0/DOUTADOUT[3]
                         net (fo=1, routed)           0.411     3.165    u_baseline/lane_sum_c0/B[3]
    DSP48E2_X15Y78       DSP_A_B_DATA (Prop_DSP_A_B_DATA_DSP48E2_B[3]_B_ALU[3])
                                                      0.165     3.330 r  u_baseline/lane_sum_c0/DSP_A_B_DATA_INST/B_ALU[3]
                         net (fo=1, routed)           0.000     3.330    u_baseline/lane_sum_c0/DSP_A_B_DATA.B_ALU<3>
    DSP48E2_X15Y78       DSP_ALU (Prop_DSP_ALU_DSP48E2_B_ALU[3]_ALU_OUT[4])
                                                      0.541     3.871 f  u_baseline/lane_sum_c0/DSP_ALU_INST/ALU_OUT[4]
                         net (fo=1, routed)           0.000     3.871    u_baseline/lane_sum_c0/DSP_ALU.ALU_OUT<4>
    DSP48E2_X15Y78       DSP_OUTPUT (Prop_DSP_OUTPUT_DSP48E2_ALU_OUT[4]_P[4])
                                                      0.109     3.980 r  u_baseline/lane_sum_c0/DSP_OUTPUT_INST/P[4]
                         net (fo=1, routed)           0.239     4.219    u_baseline/lane_sum_c0_n_101
    SLICE_X74Y196        LUT5 (Prop_F6LUT_SLICEM_I0_O)
                                                      0.037     4.256 r  u_baseline/lane_sum_c0__0_carry_i_19/O
                         net (fo=2, routed)           0.089     4.345    u_baseline/lane_sum_c__31[4]
    SLICE_X74Y197        LUT5 (Prop_E6LUT_SLICEM_I0_O)
                                                      0.037     4.382 r  u_baseline/lane_sum_c0__0_carry_i_3/O
                         net (fo=2, routed)           0.154     4.536    u_baseline/lane_sum_c0__0_carry_i_3_n_0
    SLICE_X76Y197        LUT6 (Prop_F6LUT_SLICEM_I0_O)
                                                      0.051     4.587 r  u_baseline/lane_sum_c0__0_carry_i_10/O
                         net (fo=1, routed)           0.022     4.609    u_baseline/lane_sum_c0__0_carry_i_10_n_0
    SLICE_X76Y197        CARRY8 (Prop_CARRY8_SLICEM_S[5]_CO[7])
                                                      0.159     4.768 r  u_baseline/lane_sum_c0__0_carry/CO[7]
                         net (fo=1, routed)           0.026     4.794    u_baseline/lane_sum_c0__0_carry_n_0
    SLICE_X76Y198        CARRY8 (Prop_CARRY8_SLICEM_CI_O[4])
                                                      0.086     4.880 r  u_baseline/lane_sum_c0__0_carry__0/O[4]
                         net (fo=2, routed)           0.218     5.098    u_baseline/lane_sum_c0__0_carry__0_n_11
    SLICE_X75Y200        LUT5 (Prop_F6LUT_SLICEL_I0_O)
                                                      0.035     5.133 r  u_baseline/i___0_carry__0_i_3/O
                         net (fo=2, routed)           0.135     5.268    u_baseline/i___0_carry__0_i_3_n_0
    SLICE_X75Y197        LUT6 (Prop_F6LUT_SLICEL_I0_O)
                                                      0.035     5.303 r  u_baseline/i___0_carry__0_i_11/O
                         net (fo=1, routed)           0.011     5.314    u_baseline/i___0_carry__0_i_11_n_0
    SLICE_X75Y197        CARRY8 (Prop_CARRY8_SLICEL_S[5]_CO[7])
                                                      0.155     5.469 r  u_baseline/lane_sum_c0_inferred__0/i___0_carry__0/CO[7]
                         net (fo=1, routed)           0.026     5.495    u_baseline/lane_sum_c0_inferred__0/i___0_carry__0_n_0
    SLICE_X75Y198        CARRY8 (Prop_CARRY8_SLICEL_CI_O[0])
                                                      0.056     5.551 r  u_baseline/lane_sum_c0_inferred__0/i___0_carry__1/O[0]
                         net (fo=4, routed)           0.232     5.783    u_baseline/lane_sum_c0_inferred__0/i___0_carry__1_n_15
    SLICE_X76Y195        LUT4 (Prop_A5LUT_SLICEM_I1_O)
                                                      0.139     5.922 r  u_baseline/i___247_carry__1_i_7/O
                         net (fo=2, routed)           0.219     6.141    u_baseline/i___247_carry__1_i_7_n_0
    SLICE_X76Y195        LUT5 (Prop_B6LUT_SLICEM_I4_O)
                                                      0.089     6.230 r  u_baseline/i___247_carry__1_i_15/O
                         net (fo=1, routed)           0.016     6.246    u_baseline/i___247_carry__1_i_15_n_0
    SLICE_X76Y195        CARRY8 (Prop_CARRY8_SLICEM_S[1]_O[4])
                                                      0.204     6.450 r  u_baseline/lane_sum_c0_inferred__0/i___247_carry__1/O[4]
                         net (fo=3, routed)           0.256     6.705    u_baseline/lane_sum_c0_inferred__0/i___247_carry__1_n_11
    SLICE_X75Y194        LUT4 (Prop_F6LUT_SLICEL_I0_O)
                                                      0.089     6.794 r  u_baseline/i___341_carry__1_i_11/O
                         net (fo=1, routed)           0.011     6.805    u_baseline/i___341_carry__1_i_11_n_0
    SLICE_X75Y194        CARRY8 (Prop_CARRY8_SLICEL_S[5]_CO[7])
                                                      0.155     6.960 r  u_baseline/lane_sum_c0_inferred__0/i___341_carry__1/CO[7]
                         net (fo=1, routed)           0.026     6.986    u_baseline/lane_sum_c0_inferred__0/i___341_carry__1_n_0
    SLICE_X75Y195        CARRY8 (Prop_CARRY8_SLICEL_CI_O[1])
                                                      0.076     7.062 r  u_baseline/lane_sum_c0_inferred__0/i___341_carry__2/O[1]
                         net (fo=1, routed)           0.025     7.087    u_baseline/lane_sum_c0_inferred__0/i___341_carry__2_n_14
    SLICE_X75Y195        FDRE                                         r  u_baseline/lane_sum_q_reg[25]/D
  -------------------------------------------------------------------    -------------------

                         (clock clk rise edge)        5.500     5.500 r  
    P11                                               0.000     5.500 r  clk (IN)
                         net (fo=0)                   0.000     5.500    clk_IBUF_inst/I
    P11                  INBUF (Prop_INBUF_HPIOB_M_PAD_O)
                                                      0.298     5.798 r  clk_IBUF_inst/INBUF_INST/O
                         net (fo=1, routed)           0.000     5.798    clk_IBUF_inst/OUT
    P11                  IBUFCTRL (Prop_IBUFCTRL_HPIOB_M_I_O)
                                                      0.000     5.798 r  clk_IBUF_inst/IBUFCTRL_INST/O
                         net (fo=1, routed)           0.282     6.080    clk_IBUF
    BUFGCE_X0Y77         BUFGCE (Prop_BUFCE_BUFGCE_I_O)
                                                      0.024     6.104 r  clk_IBUF_BUFG_inst/O
    X3Y3 (CLOCK_ROOT)    net (fo=343, routed)         0.755     6.859    u_baseline/clk_IBUF_BUFG
    SLICE_X75Y195        FDRE                                         r  u_baseline/lane_sum_q_reg[25]/C
                         clock pessimism              0.314     7.173    
                         clock uncertainty           -0.035     7.138    
    SLICE_X75Y195        FDRE (Setup_BFF_SLICEL_C_D)
                                                      0.025     7.163    u_baseline/lane_sum_q_reg[25]
  -------------------------------------------------------------------
                         required time                          7.163    
                         arrival time                          -7.087    
  -------------------------------------------------------------------
                         slack                                  0.075    

Slack (MET) :             0.083ns  (required time - arrival time)
  Source:                 u_baseline/g_lane_mem[0].h1_mem_reg_bram_0/CLKARDCLK
                            (rising edge-triggered cell RAMB18E2 clocked by clk  {rise@0.000ns fall@2.750ns period=5.500ns})
  Destination:            u_baseline/lane_sum_q_reg[26]/D
                            (rising edge-triggered cell FDRE clocked by clk  {rise@0.000ns fall@2.750ns period=5.500ns})
  Path Group:             clk
  Path Type:              Setup (Max at Slow Process Corner)
  Requirement:            5.500ns  (clk rise@5.500ns - clk rise@0.000ns)
  Data Path Delay:        5.240ns  (logic 3.124ns (59.615%)  route 2.116ns (40.385%))
  Logic Levels:           18  (CARRY8=7 DSP_A_B_DATA=1 DSP_ALU=1 DSP_OUTPUT=1 LUT4=2 LUT5=4 LUT6=2)
  Clock Path Skew:        -0.166ns (DCD - SCD + CPR)
    Destination Clock Delay (DCD):    1.359ns = ( 6.859 - 5.500 ) 
    Source Clock Delay      (SCD):    1.839ns
    Clock Pessimism Removal (CPR):    0.314ns
  Clock Uncertainty:      0.035ns  ((TSJ^2 + TIJ^2)^1/2 + DJ) / 2 + PE
    Total System Jitter     (TSJ):    0.071ns
    Total Input Jitter      (TIJ):    0.000ns
    Discrete Jitter          (DJ):    0.000ns
    Phase Error              (PE):    0.000ns
  Clock Net Delay (Source):      0.944ns (routing 0.001ns, distribution 0.943ns)
  Clock Net Delay (Destination): 0.755ns (routing 0.001ns, distribution 0.754ns)

    Location             Delay type                Incr(ns)  Path(ns)    Netlist Resource(s)
  -------------------------------------------------------------------    -------------------
                         (clock clk rise edge)        0.000     0.000 r  
    P11                                               0.000     0.000 r  clk (IN)
                         net (fo=0)                   0.000     0.000    clk_IBUF_inst/I
    P11                  INBUF (Prop_INBUF_HPIOB_M_PAD_O)
                                                      0.548     0.548 r  clk_IBUF_inst/INBUF_INST/O
                         net (fo=1, routed)           0.000     0.548    clk_IBUF_inst/OUT
    P11                  IBUFCTRL (Prop_IBUFCTRL_HPIOB_M_I_O)
                                                      0.000     0.548 r  clk_IBUF_inst/IBUFCTRL_INST/O
                         net (fo=1, routed)           0.319     0.867    clk_IBUF
    BUFGCE_X0Y77         BUFGCE (Prop_BUFCE_BUFGCE_I_O)
                                                      0.028     0.895 r  clk_IBUF_BUFG_inst/O
    X3Y3 (CLOCK_ROOT)    net (fo=343, routed)         0.944     1.839    u_baseline/clk_IBUF_BUFG
    RAMB18_X10Y78        RAMB18E2                                     r  u_baseline/g_lane_mem[0].h1_mem_reg_bram_0/CLKARDCLK
  -------------------------------------------------------------------    -------------------
    RAMB18_X10Y78        RAMB18E2 (Prop_RAMB18E2_L_RAMB180_CLKARDCLK_DOUTADOUT[3])
                                                      0.915     2.754 f  u_baseline/g_lane_mem[0].h1_mem_reg_bram_0/DOUTADOUT[3]
                         net (fo=1, routed)           0.411     3.165    u_baseline/lane_sum_c0/B[3]
    DSP48E2_X15Y78       DSP_A_B_DATA (Prop_DSP_A_B_DATA_DSP48E2_B[3]_B_ALU[3])
                                                      0.165     3.330 r  u_baseline/lane_sum_c0/DSP_A_B_DATA_INST/B_ALU[3]
                         net (fo=1, routed)           0.000     3.330    u_baseline/lane_sum_c0/DSP_A_B_DATA.B_ALU<3>
    DSP48E2_X15Y78       DSP_ALU (Prop_DSP_ALU_DSP48E2_B_ALU[3]_ALU_OUT[4])
                                                      0.541     3.871 f  u_baseline/lane_sum_c0/DSP_ALU_INST/ALU_OUT[4]
                         net (fo=1, routed)           0.000     3.871    u_baseline/lane_sum_c0/DSP_ALU.ALU_OUT<4>
    DSP48E2_X15Y78       DSP_OUTPUT (Prop_DSP_OUTPUT_DSP48E2_ALU_OUT[4]_P[4])
                                                      0.109     3.980 r  u_baseline/lane_sum_c0/DSP_OUTPUT_INST/P[4]
                         net (fo=1, routed)           0.239     4.219    u_baseline/lane_sum_c0_n_101
    SLICE_X74Y196        LUT5 (Prop_F6LUT_SLICEM_I0_O)
                                                      0.037     4.256 r  u_baseline/lane_sum_c0__0_carry_i_19/O
                         net (fo=2, routed)           0.089     4.345    u_baseline/lane_sum_c__31[4]
    SLICE_X74Y197        LUT5 (Prop_E6LUT_SLICEM_I0_O)
                                                      0.037     4.382 r  u_baseline/lane_sum_c0__0_carry_i_3/O
                         net (fo=2, routed)           0.154     4.536    u_baseline/lane_sum_c0__0_carry_i_3_n_0
    SLICE_X76Y197        LUT6 (Prop_F6LUT_SLICEM_I0_O)
                                                      0.051     4.587 r  u_baseline/lane_sum_c0__0_carry_i_10/O
                         net (fo=1, routed)           0.022     4.609    u_baseline/lane_sum_c0__0_carry_i_10_n_0
    SLICE_X76Y197        CARRY8 (Prop_CARRY8_SLICEM_S[5]_CO[7])
                                                      0.159     4.768 r  u_baseline/lane_sum_c0__0_carry/CO[7]
                         net (fo=1, routed)           0.026     4.794    u_baseline/lane_sum_c0__0_carry_n_0
    SLICE_X76Y198        CARRY8 (Prop_CARRY8_SLICEM_CI_O[4])
                                                      0.086     4.880 r  u_baseline/lane_sum_c0__0_carry__0/O[4]
                         net (fo=2, routed)           0.218     5.098    u_baseline/lane_sum_c0__0_carry__0_n_11
    SLICE_X75Y200        LUT5 (Prop_F6LUT_SLICEL_I0_O)
                                                      0.035     5.133 r  u_baseline/i___0_carry__0_i_3/O
                         net (fo=2, routed)           0.135     5.268    u_baseline/i___0_carry__0_i_3_n_0
    SLICE_X75Y197        LUT6 (Prop_F6LUT_SLICEL_I0_O)
                                                      0.035     5.303 r  u_baseline/i___0_carry__0_i_11/O
                         net (fo=1, routed)           0.011     5.314    u_baseline/i___0_carry__0_i_11_n_0
    SLICE_X75Y197        CARRY8 (Prop_CARRY8_SLICEL_S[5]_CO[7])
                                                      0.155     5.469 r  u_baseline/lane_sum_c0_inferred__0/i___0_carry__0/CO[7]
                         net (fo=1, routed)           0.026     5.495    u_baseline/lane_sum_c0_inferred__0/i___0_carry__0_n_0
    SLICE_X75Y198        CARRY8 (Prop_CARRY8_SLICEL_CI_O[0])
                                                      0.056     5.551 r  u_baseline/lane_sum_c0_inferred__0/i___0_carry__1/O[0]
                         net (fo=4, routed)           0.232     5.783    u_baseline/lane_sum_c0_inferred__0/i___0_carry__1_n_15
    SLICE_X76Y195        LUT4 (Prop_A5LUT_SLICEM_I1_O)
                                                      0.139     5.922 r  u_baseline/i___247_carry__1_i_7/O
                         net (fo=2, routed)           0.219     6.141    u_baseline/i___247_carry__1_i_7_n_0
    SLICE_X76Y195        LUT5 (Prop_B6LUT_SLICEM_I4_O)
                                                      0.089     6.230 r  u_baseline/i___247_carry__1_i_15/O
                         net (fo=1, routed)           0.016     6.246    u_baseline/i___247_carry__1_i_15_n_0
    SLICE_X76Y195        CARRY8 (Prop_CARRY8_SLICEM_S[1]_O[4])
                                                      0.204     6.450 r  u_baseline/lane_sum_c0_inferred__0/i___247_carry__1/O[4]
                         net (fo=3, routed)           0.256     6.705    u_baseline/lane_sum_c0_inferred__0/i___247_carry__1_n_11
    SLICE_X75Y194        LUT4 (Prop_F6LUT_SLICEL_I0_O)
                                                      0.089     6.794 r  u_baseline/i___341_carry__1_i_11/O
                         net (fo=1, routed)           0.011     6.805    u_baseline/i___341_carry__1_i_11_n_0
    SLICE_X75Y194        CARRY8 (Prop_CARRY8_SLICEL_S[5]_CO[7])
                                                      0.155     6.960 r  u_baseline/lane_sum_c0_inferred__0/i___341_carry__1/CO[7]
                         net (fo=1, routed)           0.026     6.986    u_baseline/lane_sum_c0_inferred__0/i___341_carry__1_n_0
    SLICE_X75Y195        CARRY8 (Prop_CARRY8_SLICEL_CI_O[2])
                                                      0.067     7.053 r  u_baseline/lane_sum_c0_inferred__0/i___341_carry__2/O[2]
                         net (fo=1, routed)           0.026     7.079    u_baseline/lane_sum_c0_inferred__0/i___341_carry__2_n_13
    SLICE_X75Y195        FDRE                                         r  u_baseline/lane_sum_q_reg[26]/D
  -------------------------------------------------------------------    -------------------

                         (clock clk rise edge)        5.500     5.500 r  
    P11                                               0.000     5.500 r  clk (IN)
                         net (fo=0)                   0.000     5.500    clk_IBUF_inst/I
    P11                  INBUF (Prop_INBUF_HPIOB_M_PAD_O)
                                                      0.298     5.798 r  clk_IBUF_inst/INBUF_INST/O
                         net (fo=1, routed)           0.000     5.798    clk_IBUF_inst/OUT
    P11                  IBUFCTRL (Prop_IBUFCTRL_HPIOB_M_I_O)
                                                      0.000     5.798 r  clk_IBUF_inst/IBUFCTRL_INST/O
                         net (fo=1, routed)           0.282     6.080    clk_IBUF
    BUFGCE_X0Y77         BUFGCE (Prop_BUFCE_BUFGCE_I_O)
                                                      0.024     6.104 r  clk_IBUF_BUFG_inst/O
    X3Y3 (CLOCK_ROOT)    net (fo=343, routed)         0.755     6.859    u_baseline/clk_IBUF_BUFG
    SLICE_X75Y195        FDRE                                         r  u_baseline/lane_sum_q_reg[26]/C
                         clock pessimism              0.314     7.173    
                         clock uncertainty           -0.035     7.138    
    SLICE_X75Y195        FDRE (Setup_CFF_SLICEL_C_D)
                                                      0.025     7.163    u_baseline/lane_sum_q_reg[26]
  -------------------------------------------------------------------
                         required time                          7.163    
                         arrival time                          -7.079    
  -------------------------------------------------------------------
                         slack                                  0.083    

Slack (MET) :             0.095ns  (required time - arrival time)
  Source:                 u_baseline/g_lane_mem[0].h1_mem_reg_bram_0/CLKARDCLK
                            (rising edge-triggered cell RAMB18E2 clocked by clk  {rise@0.000ns fall@2.750ns period=5.500ns})
  Destination:            u_baseline/lane_sum_q_reg[24]/D
                            (rising edge-triggered cell FDRE clocked by clk  {rise@0.000ns fall@2.750ns period=5.500ns})
  Path Group:             clk
  Path Type:              Setup (Max at Slow Process Corner)
  Requirement:            5.500ns  (clk rise@5.500ns - clk rise@0.000ns)
  Data Path Delay:        5.228ns  (logic 3.113ns (59.541%)  route 2.115ns (40.459%))
  Logic Levels:           18  (CARRY8=7 DSP_A_B_DATA=1 DSP_ALU=1 DSP_OUTPUT=1 LUT4=2 LUT5=4 LUT6=2)
  Clock Path Skew:        -0.166ns (DCD - SCD + CPR)
    Destination Clock Delay (DCD):    1.359ns = ( 6.859 - 5.500 ) 
    Source Clock Delay      (SCD):    1.839ns
    Clock Pessimism Removal (CPR):    0.314ns
  Clock Uncertainty:      0.035ns  ((TSJ^2 + TIJ^2)^1/2 + DJ) / 2 + PE
    Total System Jitter     (TSJ):    0.071ns
    Total Input Jitter      (TIJ):    0.000ns
    Discrete Jitter          (DJ):    0.000ns
    Phase Error              (PE):    0.000ns
  Clock Net Delay (Source):      0.944ns (routing 0.001ns, distribution 0.943ns)
  Clock Net Delay (Destination): 0.755ns (routing 0.001ns, distribution 0.754ns)

    Location             Delay type                Incr(ns)  Path(ns)    Netlist Resource(s)
  -------------------------------------------------------------------    -------------------
                         (clock clk rise edge)        0.000     0.000 r  
    P11                                               0.000     0.000 r  clk (IN)
                         net (fo=0)                   0.000     0.000    clk_IBUF_inst/I
    P11                  INBUF (Prop_INBUF_HPIOB_M_PAD_O)
                                                      0.548     0.548 r  clk_IBUF_inst/INBUF_INST/O
                         net (fo=1, routed)           0.000     0.548    clk_IBUF_inst/OUT
    P11                  IBUFCTRL (Prop_IBUFCTRL_HPIOB_M_I_O)
                                                      0.000     0.548 r  clk_IBUF_inst/IBUFCTRL_INST/O
                         net (fo=1, routed)           0.319     0.867    clk_IBUF
    BUFGCE_X0Y77         BUFGCE (Prop_BUFCE_BUFGCE_I_O)
                                                      0.028     0.895 r  clk_IBUF_BUFG_inst/O
    X3Y3 (CLOCK_ROOT)    net (fo=343, routed)         0.944     1.839    u_baseline/clk_IBUF_BUFG
    RAMB18_X10Y78        RAMB18E2                                     r  u_baseline/g_lane_mem[0].h1_mem_reg_bram_0/CLKARDCLK
  -------------------------------------------------------------------    -------------------
    RAMB18_X10Y78        RAMB18E2 (Prop_RAMB18E2_L_RAMB180_CLKARDCLK_DOUTADOUT[3])
                                                      0.915     2.754 f  u_baseline/g_lane_mem[0].h1_mem_reg_bram_0/DOUTADOUT[3]
                         net (fo=1, routed)           0.411     3.165    u_baseline/lane_sum_c0/B[3]
    DSP48E2_X15Y78       DSP_A_B_DATA (Prop_DSP_A_B_DATA_DSP48E2_B[3]_B_ALU[3])
                                                      0.165     3.330 r  u_baseline/lane_sum_c0/DSP_A_B_DATA_INST/B_ALU[3]
                         net (fo=1, routed)           0.000     3.330    u_baseline/lane_sum_c0/DSP_A_B_DATA.B_ALU<3>
    DSP48E2_X15Y78       DSP_ALU (Prop_DSP_ALU_DSP48E2_B_ALU[3]_ALU_OUT[4])
                                                      0.541     3.871 f  u_baseline/lane_sum_c0/DSP_ALU_INST/ALU_OUT[4]
                         net (fo=1, routed)           0.000     3.871    u_baseline/lane_sum_c0/DSP_ALU.ALU_OUT<4>
    DSP48E2_X15Y78       DSP_OUTPUT (Prop_DSP_OUTPUT_DSP48E2_ALU_OUT[4]_P[4])
                                                      0.109     3.980 r  u_baseline/lane_sum_c0/DSP_OUTPUT_INST/P[4]
                         net (fo=1, routed)           0.239     4.219    u_baseline/lane_sum_c0_n_101
    SLICE_X74Y196        LUT5 (Prop_F6LUT_SLICEM_I0_O)
                                                      0.037     4.256 r  u_baseline/lane_sum_c0__0_carry_i_19/O
                         net (fo=2, routed)           0.089     4.345    u_baseline/lane_sum_c__31[4]
    SLICE_X74Y197        LUT5 (Prop_E6LUT_SLICEM_I0_O)
                                                      0.037     4.382 r  u_baseline/lane_sum_c0__0_carry_i_3/O
                         net (fo=2, routed)           0.154     4.536    u_baseline/lane_sum_c0__0_carry_i_3_n_0
    SLICE_X76Y197        LUT6 (Prop_F6LUT_SLICEM_I0_O)
                                                      0.051     4.587 r  u_baseline/lane_sum_c0__0_carry_i_10/O
                         net (fo=1, routed)           0.022     4.609    u_baseline/lane_sum_c0__0_carry_i_10_n_0
    SLICE_X76Y197        CARRY8 (Prop_CARRY8_SLICEM_S[5]_CO[7])
                                                      0.159     4.768 r  u_baseline/lane_sum_c0__0_carry/CO[7]
                         net (fo=1, routed)           0.026     4.794    u_baseline/lane_sum_c0__0_carry_n_0
    SLICE_X76Y198        CARRY8 (Prop_CARRY8_SLICEM_CI_O[4])
                                                      0.086     4.880 r  u_baseline/lane_sum_c0__0_carry__0/O[4]
                         net (fo=2, routed)           0.218     5.098    u_baseline/lane_sum_c0__0_carry__0_n_11
    SLICE_X75Y200        LUT5 (Prop_F6LUT_SLICEL_I0_O)
                                                      0.035     5.133 r  u_baseline/i___0_carry__0_i_3/O
                         net (fo=2, routed)           0.135     5.268    u_baseline/i___0_carry__0_i_3_n_0
    SLICE_X75Y197        LUT6 (Prop_F6LUT_SLICEL_I0_O)
                                                      0.035     5.303 r  u_baseline/i___0_carry__0_i_11/O
                         net (fo=1, routed)           0.011     5.314    u_baseline/i___0_carry__0_i_11_n_0
    SLICE_X75Y197        CARRY8 (Prop_CARRY8_SLICEL_S[5]_CO[7])
                                                      0.155     5.469 r  u_baseline/lane_sum_c0_inferred__0/i___0_carry__0/CO[7]
                         net (fo=1, routed)           0.026     5.495    u_baseline/lane_sum_c0_inferred__0/i___0_carry__0_n_0
    SLICE_X75Y198        CARRY8 (Prop_CARRY8_SLICEL_CI_O[0])
                                                      0.056     5.551 r  u_baseline/lane_sum_c0_inferred__0/i___0_carry__1/O[0]
                         net (fo=4, routed)           0.232     5.783    u_baseline/lane_sum_c0_inferred__0/i___0_carry__1_n_15
    SLICE_X76Y195        LUT4 (Prop_A5LUT_SLICEM_I1_O)
                                                      0.139     5.922 r  u_baseline/i___247_carry__1_i_7/O
                         net (fo=2, routed)           0.219     6.141    u_baseline/i___247_carry__1_i_7_n_0
    SLICE_X76Y195        LUT5 (Prop_B6LUT_SLICEM_I4_O)
                                                      0.089     6.230 r  u_baseline/i___247_carry__1_i_15/O
                         net (fo=1, routed)           0.016     6.246    u_baseline/i___247_carry__1_i_15_n_0
    SLICE_X76Y195        CARRY8 (Prop_CARRY8_SLICEM_S[1]_O[4])
                                                      0.204     6.450 r  u_baseline/lane_sum_c0_inferred__0/i___247_carry__1/O[4]
                         net (fo=3, routed)           0.256     6.705    u_baseline/lane_sum_c0_inferred__0/i___247_carry__1_n_11
    SLICE_X75Y194        LUT4 (Prop_F6LUT_SLICEL_I0_O)
                                                      0.089     6.794 r  u_baseline/i___341_carry__1_i_11/O
                         net (fo=1, routed)           0.011     6.805    u_baseline/i___341_carry__1_i_11_n_0
    SLICE_X75Y194        CARRY8 (Prop_CARRY8_SLICEL_S[5]_CO[7])
                                                      0.155     6.960 r  u_baseline/lane_sum_c0_inferred__0/i___341_carry__1/CO[7]
                         net (fo=1, routed)           0.026     6.986    u_baseline/lane_sum_c0_inferred__0/i___341_carry__1_n_0
    SLICE_X75Y195        CARRY8 (Prop_CARRY8_SLICEL_CI_O[0])
                                                      0.056     7.042 r  u_baseline/lane_sum_c0_inferred__0/i___341_carry__2/O[0]
                         net (fo=1, routed)           0.025     7.067    u_baseline/lane_sum_c0_inferred__0/i___341_carry__2_n_15
    SLICE_X75Y195        FDRE                                         r  u_baseline/lane_sum_q_reg[24]/D
  -------------------------------------------------------------------    -------------------

                         (clock clk rise edge)        5.500     5.500 r  
    P11                                               0.000     5.500 r  clk (IN)
                         net (fo=0)                   0.000     5.500    clk_IBUF_inst/I
    P11                  INBUF (Prop_INBUF_HPIOB_M_PAD_O)
                                                      0.298     5.798 r  clk_IBUF_inst/INBUF_INST/O
                         net (fo=1, routed)           0.000     5.798    clk_IBUF_inst/OUT
    P11                  IBUFCTRL (Prop_IBUFCTRL_HPIOB_M_I_O)
                                                      0.000     5.798 r  clk_IBUF_inst/IBUFCTRL_INST/O
                         net (fo=1, routed)           0.282     6.080    clk_IBUF
    BUFGCE_X0Y77         BUFGCE (Prop_BUFCE_BUFGCE_I_O)
                                                      0.024     6.104 r  clk_IBUF_BUFG_inst/O
    X3Y3 (CLOCK_ROOT)    net (fo=343, routed)         0.755     6.859    u_baseline/clk_IBUF_BUFG
    SLICE_X75Y195        FDRE                                         r  u_baseline/lane_sum_q_reg[24]/C
                         clock pessimism              0.314     7.173    
                         clock uncertainty           -0.035     7.138    
    SLICE_X75Y195        FDRE (Setup_AFF_SLICEL_C_D)
                                                      0.025     7.163    u_baseline/lane_sum_q_reg[24]
  -------------------------------------------------------------------
                         required time                          7.163    
                         arrival time                          -7.067    
  -------------------------------------------------------------------
                         slack                                  0.095    

Slack (MET) :             0.107ns  (required time - arrival time)
  Source:                 u_baseline/g_lane_mem[0].h1_mem_reg_bram_0/CLKARDCLK
                            (rising edge-triggered cell RAMB18E2 clocked by clk  {rise@0.000ns fall@2.750ns period=5.500ns})
  Destination:            u_baseline/lane_sum_q_reg[23]/D
                            (rising edge-triggered cell FDRE clocked by clk  {rise@0.000ns fall@2.750ns period=5.500ns})
  Path Group:             clk
  Path Type:              Setup (Max at Slow Process Corner)
  Requirement:            5.500ns  (clk rise@5.500ns - clk rise@0.000ns)
  Data Path Delay:        5.219ns  (logic 3.102ns (59.440%)  route 2.117ns (40.560%))
  Logic Levels:           17  (CARRY8=6 DSP_A_B_DATA=1 DSP_ALU=1 DSP_OUTPUT=1 LUT3=1 LUT4=1 LUT5=3 LUT6=3)
  Clock Path Skew:        -0.164ns (DCD - SCD + CPR)
    Destination Clock Delay (DCD):    1.361ns = ( 6.861 - 5.500 ) 
    Source Clock Delay      (SCD):    1.839ns
    Clock Pessimism Removal (CPR):    0.314ns
  Clock Uncertainty:      0.035ns  ((TSJ^2 + TIJ^2)^1/2 + DJ) / 2 + PE
    Total System Jitter     (TSJ):    0.071ns
    Total Input Jitter      (TIJ):    0.000ns
    Discrete Jitter          (DJ):    0.000ns
    Phase Error              (PE):    0.000ns
  Clock Net Delay (Source):      0.944ns (routing 0.001ns, distribution 0.943ns)
  Clock Net Delay (Destination): 0.757ns (routing 0.001ns, distribution 0.756ns)

    Location             Delay type                Incr(ns)  Path(ns)    Netlist Resource(s)
  -------------------------------------------------------------------    -------------------
                         (clock clk rise edge)        0.000     0.000 r  
    P11                                               0.000     0.000 r  clk (IN)
                         net (fo=0)                   0.000     0.000    clk_IBUF_inst/I
    P11                  INBUF (Prop_INBUF_HPIOB_M_PAD_O)
                                                      0.548     0.548 r  clk_IBUF_inst/INBUF_INST/O
                         net (fo=1, routed)           0.000     0.548    clk_IBUF_inst/OUT
    P11                  IBUFCTRL (Prop_IBUFCTRL_HPIOB_M_I_O)
                                                      0.000     0.548 r  clk_IBUF_inst/IBUFCTRL_INST/O
                         net (fo=1, routed)           0.319     0.867    clk_IBUF
    BUFGCE_X0Y77         BUFGCE (Prop_BUFCE_BUFGCE_I_O)
                                                      0.028     0.895 r  clk_IBUF_BUFG_inst/O
    X3Y3 (CLOCK_ROOT)    net (fo=343, routed)         0.944     1.839    u_baseline/clk_IBUF_BUFG
    RAMB18_X10Y78        RAMB18E2                                     r  u_baseline/g_lane_mem[0].h1_mem_reg_bram_0/CLKARDCLK
  -------------------------------------------------------------------    -------------------
    RAMB18_X10Y78        RAMB18E2 (Prop_RAMB18E2_L_RAMB180_CLKARDCLK_DOUTADOUT[0])
                                                      0.972     2.811 f  u_baseline/g_lane_mem[0].h1_mem_reg_bram_0/DOUTADOUT[0]
                         net (fo=1, routed)           0.314     3.125    u_baseline/lane_sum_c0/B[0]
    DSP48E2_X15Y78       DSP_A_B_DATA (Prop_DSP_A_B_DATA_DSP48E2_B[0]_B_ALU[0])
                                                      0.165     3.290 r  u_baseline/lane_sum_c0/DSP_A_B_DATA_INST/B_ALU[0]
                         net (fo=1, routed)           0.000     3.290    u_baseline/lane_sum_c0/DSP_A_B_DATA.B_ALU<0>
    DSP48E2_X15Y78       DSP_ALU (Prop_DSP_ALU_DSP48E2_B_ALU[0]_ALU_OUT[0])
                                                      0.541     3.831 f  u_baseline/lane_sum_c0/DSP_ALU_INST/ALU_OUT[0]
                         net (fo=1, routed)           0.000     3.831    u_baseline/lane_sum_c0/DSP_ALU.ALU_OUT<0>
    DSP48E2_X15Y78       DSP_OUTPUT (Prop_DSP_OUTPUT_DSP48E2_ALU_OUT[0]_P[0])
                                                      0.109     3.940 r  u_baseline/lane_sum_c0/DSP_OUTPUT_INST/P[0]
                         net (fo=1, routed)           0.159     4.099    u_baseline/lane_sum_c0_n_105
    SLICE_X77Y195        LUT5 (Prop_C6LUT_SLICEM_I0_O)
                                                      0.098     4.197 r  u_baseline/lane_sum_c0__0_carry_i_23/O
                         net (fo=2, routed)           0.280     4.477    u_baseline/lane_sum_c[0]
    SLICE_X76Y197        LUT5 (Prop_A6LUT_SLICEM_I0_O)
                                                      0.053     4.530 r  u_baseline/lane_sum_c0__0_carry_i_15/O
                         net (fo=1, routed)           0.013     4.543    u_baseline/lane_sum_c0__0_carry_i_15_n_0
    SLICE_X76Y197        CARRY8 (Prop_CARRY8_SLICEM_S[0]_O[0])
                                                      0.065     4.608 r  u_baseline/lane_sum_c0__0_carry/O[0]
                         net (fo=2, routed)           0.222     4.830    u_baseline/lane_sum_c0__0_carry_n_15
    SLICE_X74Y196        LUT6 (Prop_C6LUT_SLICEM_I0_O)
                                                      0.051     4.881 r  u_baseline/i___0_carry_i_7/O
                         net (fo=2, routed)           0.136     5.017    u_baseline/i___0_carry_i_7_n_0
    SLICE_X75Y196        LUT6 (Prop_B6LUT_SLICEL_I0_O)
                                                      0.098     5.115 r  u_baseline/i___0_carry_i_14/O
                         net (fo=1, routed)           0.009     5.124    u_baseline/i___0_carry_i_14_n_0
    SLICE_X75Y196        CARRY8 (Prop_CARRY8_SLICEL_S[1]_O[6])
                                                      0.220     5.344 r  u_baseline/lane_sum_c0_inferred__0/i___0_carry/O[6]
                         net (fo=2, routed)           0.241     5.585    u_baseline/lane_sum_c0_inferred__0/i___0_carry_n_9
    SLICE_X74Y194        LUT5 (Prop_D6LUT_SLICEM_I4_O)
                                                      0.051     5.636 r  u_baseline/i___247_carry_i_1/O
                         net (fo=2, routed)           0.156     5.792    u_baseline/i___247_carry_i_1_n_0
    SLICE_X76Y193        LUT6 (Prop_H6LUT_SLICEM_I2_O)
                                                      0.053     5.845 r  u_baseline/i___247_carry_i_8/O
                         net (fo=1, routed)           0.015     5.860    u_baseline/i___247_carry_i_8_n_0
    SLICE_X76Y193        CARRY8 (Prop_CARRY8_SLICEM_S[7]_CO[7])
                                                      0.117     5.977 r  u_baseline/lane_sum_c0_inferred__0/i___247_carry/CO[7]
                         net (fo=1, routed)           0.026     6.003    u_baseline/lane_sum_c0_inferred__0/i___247_carry_n_0
    SLICE_X76Y194        CARRY8 (Prop_CARRY8_SLICEM_CI_O[0])
                                                      0.056     6.059 r  u_baseline/lane_sum_c0_inferred__0/i___247_carry__0/O[0]
                         net (fo=2, routed)           0.235     6.294    u_baseline/lane_sum_c0_inferred__0/i___247_carry__0_n_15
    SLICE_X75Y193        LUT3 (Prop_A5LUT_SLICEL_I1_O)
                                                      0.100     6.394 r  u_baseline/i___341_carry__0_i_7/O
                         net (fo=2, routed)           0.250     6.644    u_baseline/i___341_carry__0_i_7_n_0
    SLICE_X75Y193        LUT4 (Prop_B6LUT_SLICEL_I3_O)
                                                      0.051     6.695 r  u_baseline/i___341_carry__0_i_15/O
                         net (fo=1, routed)           0.009     6.704    u_baseline/i___341_carry__0_i_15_n_0
    SLICE_X75Y193        CARRY8 (Prop_CARRY8_SLICEL_S[1]_CO[7])
                                                      0.186     6.890 r  u_baseline/lane_sum_c0_inferred__0/i___341_carry__0/CO[7]
                         net (fo=1, routed)           0.026     6.916    u_baseline/lane_sum_c0_inferred__0/i___341_carry__0_n_0
    SLICE_X75Y194        CARRY8 (Prop_CARRY8_SLICEL_CI_O[7])
                                                      0.116     7.032 r  u_baseline/lane_sum_c0_inferred__0/i___341_carry__1/O[7]
                         net (fo=1, routed)           0.026     7.058    u_baseline/lane_sum_c0_inferred__0/i___341_carry__1_n_8
    SLICE_X75Y194        FDRE                                         r  u_baseline/lane_sum_q_reg[23]/D
  -------------------------------------------------------------------    -------------------

                         (clock clk rise edge)        5.500     5.500 r  
    P11                                               0.000     5.500 r  clk (IN)
                         net (fo=0)                   0.000     5.500    clk_IBUF_inst/I
    P11                  INBUF (Prop_INBUF_HPIOB_M_PAD_O)
                                                      0.298     5.798 r  clk_IBUF_inst/INBUF_INST/O
                         net (fo=1, routed)           0.000     5.798    clk_IBUF_inst/OUT
    P11                  IBUFCTRL (Prop_IBUFCTRL_HPIOB_M_I_O)
                                                      0.000     5.798 r  clk_IBUF_inst/IBUFCTRL_INST/O
                         net (fo=1, routed)           0.282     6.080    clk_IBUF
    BUFGCE_X0Y77         BUFGCE (Prop_BUFCE_BUFGCE_I_O)
                                                      0.024     6.104 r  clk_IBUF_BUFG_inst/O
    X3Y3 (CLOCK_ROOT)    net (fo=343, routed)         0.757     6.861    u_baseline/clk_IBUF_BUFG
    SLICE_X75Y194        FDRE                                         r  u_baseline/lane_sum_q_reg[23]/C
                         clock pessimism              0.314     7.175    
                         clock uncertainty           -0.035     7.140    
    SLICE_X75Y194        FDRE (Setup_HFF_SLICEL_C_D)
                                                      0.025     7.165    u_baseline/lane_sum_q_reg[23]
  -------------------------------------------------------------------
                         required time                          7.165    
                         arrival time                          -7.058    
  -------------------------------------------------------------------
                         slack                                  0.107    

Slack (MET) :             0.108ns  (required time - arrival time)
  Source:                 u_baseline/g_lane_mem[0].h1_mem_reg_bram_0/CLKARDCLK
                            (rising edge-triggered cell RAMB18E2 clocked by clk  {rise@0.000ns fall@2.750ns period=5.500ns})
  Destination:            u_baseline/lane_sum_q_reg[21]/D
                            (rising edge-triggered cell FDRE clocked by clk  {rise@0.000ns fall@2.750ns period=5.500ns})
  Path Group:             clk
  Path Type:              Setup (Max at Slow Process Corner)
  Requirement:            5.500ns  (clk rise@5.500ns - clk rise@0.000ns)
  Data Path Delay:        5.218ns  (logic 3.102ns (59.451%)  route 2.116ns (40.549%))
  Logic Levels:           17  (CARRY8=6 DSP_A_B_DATA=1 DSP_ALU=1 DSP_OUTPUT=1 LUT3=1 LUT4=1 LUT5=3 LUT6=3)
  Clock Path Skew:        -0.164ns (DCD - SCD + CPR)
    Destination Clock Delay (DCD):    1.361ns = ( 6.861 - 5.500 ) 
    Source Clock Delay      (SCD):    1.839ns
    Clock Pessimism Removal (CPR):    0.314ns
  Clock Uncertainty:      0.035ns  ((TSJ^2 + TIJ^2)^1/2 + DJ) / 2 + PE
    Total System Jitter     (TSJ):    0.071ns
    Total Input Jitter      (TIJ):    0.000ns
    Discrete Jitter          (DJ):    0.000ns
    Phase Error              (PE):    0.000ns
  Clock Net Delay (Source):      0.944ns (routing 0.001ns, distribution 0.943ns)
  Clock Net Delay (Destination): 0.757ns (routing 0.001ns, distribution 0.756ns)

    Location             Delay type                Incr(ns)  Path(ns)    Netlist Resource(s)
  -------------------------------------------------------------------    -------------------
                         (clock clk rise edge)        0.000     0.000 r  
    P11                                               0.000     0.000 r  clk (IN)
                         net (fo=0)                   0.000     0.000    clk_IBUF_inst/I
    P11                  INBUF (Prop_INBUF_HPIOB_M_PAD_O)
                                                      0.548     0.548 r  clk_IBUF_inst/INBUF_INST/O
                         net (fo=1, routed)           0.000     0.548    clk_IBUF_inst/OUT
    P11                  IBUFCTRL (Prop_IBUFCTRL_HPIOB_M_I_O)
                                                      0.000     0.548 r  clk_IBUF_inst/IBUFCTRL_INST/O
                         net (fo=1, routed)           0.319     0.867    clk_IBUF
    BUFGCE_X0Y77         BUFGCE (Prop_BUFCE_BUFGCE_I_O)
                                                      0.028     0.895 r  clk_IBUF_BUFG_inst/O
    X3Y3 (CLOCK_ROOT)    net (fo=343, routed)         0.944     1.839    u_baseline/clk_IBUF_BUFG
    RAMB18_X10Y78        RAMB18E2                                     r  u_baseline/g_lane_mem[0].h1_mem_reg_bram_0/CLKARDCLK
  -------------------------------------------------------------------    -------------------
    RAMB18_X10Y78        RAMB18E2 (Prop_RAMB18E2_L_RAMB180_CLKARDCLK_DOUTADOUT[0])
                                                      0.972     2.811 f  u_baseline/g_lane_mem[0].h1_mem_reg_bram_0/DOUTADOUT[0]
                         net (fo=1, routed)           0.314     3.125    u_baseline/lane_sum_c0/B[0]
    DSP48E2_X15Y78       DSP_A_B_DATA (Prop_DSP_A_B_DATA_DSP48E2_B[0]_B_ALU[0])
                                                      0.165     3.290 r  u_baseline/lane_sum_c0/DSP_A_B_DATA_INST/B_ALU[0]
                         net (fo=1, routed)           0.000     3.290    u_baseline/lane_sum_c0/DSP_A_B_DATA.B_ALU<0>
    DSP48E2_X15Y78       DSP_ALU (Prop_DSP_ALU_DSP48E2_B_ALU[0]_ALU_OUT[0])
                                                      0.541     3.831 f  u_baseline/lane_sum_c0/DSP_ALU_INST/ALU_OUT[0]
                         net (fo=1, routed)           0.000     3.831    u_baseline/lane_sum_c0/DSP_ALU.ALU_OUT<0>
    DSP48E2_X15Y78       DSP_OUTPUT (Prop_DSP_OUTPUT_DSP48E2_ALU_OUT[0]_P[0])
                                                      0.109     3.940 r  u_baseline/lane_sum_c0/DSP_OUTPUT_INST/P[0]
                         net (fo=1, routed)           0.159     4.099    u_baseline/lane_sum_c0_n_105
    SLICE_X77Y195        LUT5 (Prop_C6LUT_SLICEM_I0_O)
                                                      0.098     4.197 r  u_baseline/lane_sum_c0__0_carry_i_23/O
                         net (fo=2, routed)           0.280     4.477    u_baseline/lane_sum_c[0]
    SLICE_X76Y197        LUT5 (Prop_A6LUT_SLICEM_I0_O)
                                                      0.053     4.530 r  u_baseline/lane_sum_c0__0_carry_i_15/O
                         net (fo=1, routed)           0.013     4.543    u_baseline/lane_sum_c0__0_carry_i_15_n_0
    SLICE_X76Y197        CARRY8 (Prop_CARRY8_SLICEM_S[0]_O[0])
                                                      0.065     4.608 r  u_baseline/lane_sum_c0__0_carry/O[0]
                         net (fo=2, routed)           0.222     4.830    u_baseline/lane_sum_c0__0_carry_n_15
    SLICE_X74Y196        LUT6 (Prop_C6LUT_SLICEM_I0_O)
                                                      0.051     4.881 r  u_baseline/i___0_carry_i_7/O
                         net (fo=2, routed)           0.136     5.017    u_baseline/i___0_carry_i_7_n_0
    SLICE_X75Y196        LUT6 (Prop_B6LUT_SLICEL_I0_O)
                                                      0.098     5.115 r  u_baseline/i___0_carry_i_14/O
                         net (fo=1, routed)           0.009     5.124    u_baseline/i___0_carry_i_14_n_0
    SLICE_X75Y196        CARRY8 (Prop_CARRY8_SLICEL_S[1]_O[6])
                                                      0.220     5.344 r  u_baseline/lane_sum_c0_inferred__0/i___0_carry/O[6]
                         net (fo=2, routed)           0.241     5.585    u_baseline/lane_sum_c0_inferred__0/i___0_carry_n_9
    SLICE_X74Y194        LUT5 (Prop_D6LUT_SLICEM_I4_O)
                                                      0.051     5.636 r  u_baseline/i___247_carry_i_1/O
                         net (fo=2, routed)           0.156     5.792    u_baseline/i___247_carry_i_1_n_0
    SLICE_X76Y193        LUT6 (Prop_H6LUT_SLICEM_I2_O)
                                                      0.053     5.845 r  u_baseline/i___247_carry_i_8/O
                         net (fo=1, routed)           0.015     5.860    u_baseline/i___247_carry_i_8_n_0
    SLICE_X76Y193        CARRY8 (Prop_CARRY8_SLICEM_S[7]_CO[7])
                                                      0.117     5.977 r  u_baseline/lane_sum_c0_inferred__0/i___247_carry/CO[7]
                         net (fo=1, routed)           0.026     6.003    u_baseline/lane_sum_c0_inferred__0/i___247_carry_n_0
    SLICE_X76Y194        CARRY8 (Prop_CARRY8_SLICEM_CI_O[0])
                                                      0.056     6.059 r  u_baseline/lane_sum_c0_inferred__0/i___247_carry__0/O[0]
                         net (fo=2, routed)           0.235     6.294    u_baseline/lane_sum_c0_inferred__0/i___247_carry__0_n_15
    SLICE_X75Y193        LUT3 (Prop_A5LUT_SLICEL_I1_O)
                                                      0.100     6.394 r  u_baseline/i___341_carry__0_i_7/O
                         net (fo=2, routed)           0.250     6.644    u_baseline/i___341_carry__0_i_7_n_0
    SLICE_X75Y193        LUT4 (Prop_B6LUT_SLICEL_I3_O)
                                                      0.051     6.695 r  u_baseline/i___341_carry__0_i_15/O
                         net (fo=1, routed)           0.009     6.704    u_baseline/i___341_carry__0_i_15_n_0
    SLICE_X75Y193        CARRY8 (Prop_CARRY8_SLICEL_S[1]_CO[7])
                                                      0.186     6.890 r  u_baseline/lane_sum_c0_inferred__0/i___341_carry__0/CO[7]
                         net (fo=1, routed)           0.026     6.916    u_baseline/lane_sum_c0_inferred__0/i___341_carry__0_n_0
    SLICE_X75Y194        CARRY8 (Prop_CARRY8_SLICEL_CI_O[5])
                                                      0.116     7.032 r  u_baseline/lane_sum_c0_inferred__0/i___341_carry__1/O[5]
                         net (fo=1, routed)           0.025     7.057    u_baseline/lane_sum_c0_inferred__0/i___341_carry__1_n_10
    SLICE_X75Y194        FDRE                                         r  u_baseline/lane_sum_q_reg[21]/D
  -------------------------------------------------------------------    -------------------

                         (clock clk rise edge)        5.500     5.500 r  
    P11                                               0.000     5.500 r  clk (IN)
                         net (fo=0)                   0.000     5.500    clk_IBUF_inst/I
    P11                  INBUF (Prop_INBUF_HPIOB_M_PAD_O)
                                                      0.298     5.798 r  clk_IBUF_inst/INBUF_INST/O
                         net (fo=1, routed)           0.000     5.798    clk_IBUF_inst/OUT
    P11                  IBUFCTRL (Prop_IBUFCTRL_HPIOB_M_I_O)
                                                      0.000     5.798 r  clk_IBUF_inst/IBUFCTRL_INST/O
                         net (fo=1, routed)           0.282     6.080    clk_IBUF
    BUFGCE_X0Y77         BUFGCE (Prop_BUFCE_BUFGCE_I_O)
                                                      0.024     6.104 r  clk_IBUF_BUFG_inst/O
    X3Y3 (CLOCK_ROOT)    net (fo=343, routed)         0.757     6.861    u_baseline/clk_IBUF_BUFG
    SLICE_X75Y194        FDRE                                         r  u_baseline/lane_sum_q_reg[21]/C
                         clock pessimism              0.314     7.175    
                         clock uncertainty           -0.035     7.140    
    SLICE_X75Y194        FDRE (Setup_FFF_SLICEL_C_D)
                                                      0.025     7.165    u_baseline/lane_sum_q_reg[21]
  -------------------------------------------------------------------
                         required time                          7.165    
                         arrival time                          -7.057    
  -------------------------------------------------------------------
                         slack                                  0.108    

Slack (MET) :             0.120ns  (required time - arrival time)
  Source:                 u_baseline/g_lane_mem[0].h1_mem_reg_bram_0/CLKARDCLK
                            (rising edge-triggered cell RAMB18E2 clocked by clk  {rise@0.000ns fall@2.750ns period=5.500ns})
  Destination:            u_baseline/lane_sum_q_reg[22]/D
                            (rising edge-triggered cell FDRE clocked by clk  {rise@0.000ns fall@2.750ns period=5.500ns})
  Path Group:             clk
  Path Type:              Setup (Max at Slow Process Corner)
  Requirement:            5.500ns  (clk rise@5.500ns - clk rise@0.000ns)
  Data Path Delay:        5.206ns  (logic 3.089ns (59.339%)  route 2.117ns (40.661%))
  Logic Levels:           17  (CARRY8=6 DSP_A_B_DATA=1 DSP_ALU=1 DSP_OUTPUT=1 LUT3=1 LUT4=1 LUT5=3 LUT6=3)
  Clock Path Skew:        -0.164ns (DCD - SCD + CPR)
    Destination Clock Delay (DCD):    1.361ns = ( 6.861 - 5.500 ) 
    Source Clock Delay      (SCD):    1.839ns
    Clock Pessimism Removal (CPR):    0.314ns
  Clock Uncertainty:      0.035ns  ((TSJ^2 + TIJ^2)^1/2 + DJ) / 2 + PE
    Total System Jitter     (TSJ):    0.071ns
    Total Input Jitter      (TIJ):    0.000ns
    Discrete Jitter          (DJ):    0.000ns
    Phase Error              (PE):    0.000ns
  Clock Net Delay (Source):      0.944ns (routing 0.001ns, distribution 0.943ns)
  Clock Net Delay (Destination): 0.757ns (routing 0.001ns, distribution 0.756ns)

    Location             Delay type                Incr(ns)  Path(ns)    Netlist Resource(s)
  -------------------------------------------------------------------    -------------------
                         (clock clk rise edge)        0.000     0.000 r  
    P11                                               0.000     0.000 r  clk (IN)
                         net (fo=0)                   0.000     0.000    clk_IBUF_inst/I
    P11                  INBUF (Prop_INBUF_HPIOB_M_PAD_O)
                                                      0.548     0.548 r  clk_IBUF_inst/INBUF_INST/O
                         net (fo=1, routed)           0.000     0.548    clk_IBUF_inst/OUT
    P11                  IBUFCTRL (Prop_IBUFCTRL_HPIOB_M_I_O)
                                                      0.000     0.548 r  clk_IBUF_inst/IBUFCTRL_INST/O
                         net (fo=1, routed)           0.319     0.867    clk_IBUF
    BUFGCE_X0Y77         BUFGCE (Prop_BUFCE_BUFGCE_I_O)
                                                      0.028     0.895 r  clk_IBUF_BUFG_inst/O
    X3Y3 (CLOCK_ROOT)    net (fo=343, routed)         0.944     1.839    u_baseline/clk_IBUF_BUFG
    RAMB18_X10Y78        RAMB18E2                                     r  u_baseline/g_lane_mem[0].h1_mem_reg_bram_0/CLKARDCLK
  -------------------------------------------------------------------    -------------------
    RAMB18_X10Y78        RAMB18E2 (Prop_RAMB18E2_L_RAMB180_CLKARDCLK_DOUTADOUT[0])
                                                      0.972     2.811 f  u_baseline/g_lane_mem[0].h1_mem_reg_bram_0/DOUTADOUT[0]
                         net (fo=1, routed)           0.314     3.125    u_baseline/lane_sum_c0/B[0]
    DSP48E2_X15Y78       DSP_A_B_DATA (Prop_DSP_A_B_DATA_DSP48E2_B[0]_B_ALU[0])
                                                      0.165     3.290 r  u_baseline/lane_sum_c0/DSP_A_B_DATA_INST/B_ALU[0]
                         net (fo=1, routed)           0.000     3.290    u_baseline/lane_sum_c0/DSP_A_B_DATA.B_ALU<0>
    DSP48E2_X15Y78       DSP_ALU (Prop_DSP_ALU_DSP48E2_B_ALU[0]_ALU_OUT[0])
                                                      0.541     3.831 f  u_baseline/lane_sum_c0/DSP_ALU_INST/ALU_OUT[0]
                         net (fo=1, routed)           0.000     3.831    u_baseline/lane_sum_c0/DSP_ALU.ALU_OUT<0>
    DSP48E2_X15Y78       DSP_OUTPUT (Prop_DSP_OUTPUT_DSP48E2_ALU_OUT[0]_P[0])
                                                      0.109     3.940 r  u_baseline/lane_sum_c0/DSP_OUTPUT_INST/P[0]
                         net (fo=1, routed)           0.159     4.099    u_baseline/lane_sum_c0_n_105
    SLICE_X77Y195        LUT5 (Prop_C6LUT_SLICEM_I0_O)
                                                      0.098     4.197 r  u_baseline/lane_sum_c0__0_carry_i_23/O
                         net (fo=2, routed)           0.280     4.477    u_baseline/lane_sum_c[0]
    SLICE_X76Y197        LUT5 (Prop_A6LUT_SLICEM_I0_O)
                                                      0.053     4.530 r  u_baseline/lane_sum_c0__0_carry_i_15/O
                         net (fo=1, routed)           0.013     4.543    u_baseline/lane_sum_c0__0_carry_i_15_n_0
    SLICE_X76Y197        CARRY8 (Prop_CARRY8_SLICEM_S[0]_O[0])
                                                      0.065     4.608 r  u_baseline/lane_sum_c0__0_carry/O[0]
                         net (fo=2, routed)           0.222     4.830    u_baseline/lane_sum_c0__0_carry_n_15
    SLICE_X74Y196        LUT6 (Prop_C6LUT_SLICEM_I0_O)
                                                      0.051     4.881 r  u_baseline/i___0_carry_i_7/O
                         net (fo=2, routed)           0.136     5.017    u_baseline/i___0_carry_i_7_n_0
    SLICE_X75Y196        LUT6 (Prop_B6LUT_SLICEL_I0_O)
                                                      0.098     5.115 r  u_baseline/i___0_carry_i_14/O
                         net (fo=1, routed)           0.009     5.124    u_baseline/i___0_carry_i_14_n_0
    SLICE_X75Y196        CARRY8 (Prop_CARRY8_SLICEL_S[1]_O[6])
                                                      0.220     5.344 r  u_baseline/lane_sum_c0_inferred__0/i___0_carry/O[6]
                         net (fo=2, routed)           0.241     5.585    u_baseline/lane_sum_c0_inferred__0/i___0_carry_n_9
    SLICE_X74Y194        LUT5 (Prop_D6LUT_SLICEM_I4_O)
                                                      0.051     5.636 r  u_baseline/i___247_carry_i_1/O
                         net (fo=2, routed)           0.156     5.792    u_baseline/i___247_carry_i_1_n_0
    SLICE_X76Y193        LUT6 (Prop_H6LUT_SLICEM_I2_O)
                                                      0.053     5.845 r  u_baseline/i___247_carry_i_8/O
                         net (fo=1, routed)           0.015     5.860    u_baseline/i___247_carry_i_8_n_0
    SLICE_X76Y193        CARRY8 (Prop_CARRY8_SLICEM_S[7]_CO[7])
                                                      0.117     5.977 r  u_baseline/lane_sum_c0_inferred__0/i___247_carry/CO[7]
                         net (fo=1, routed)           0.026     6.003    u_baseline/lane_sum_c0_inferred__0/i___247_carry_n_0
    SLICE_X76Y194        CARRY8 (Prop_CARRY8_SLICEM_CI_O[0])
                                                      0.056     6.059 r  u_baseline/lane_sum_c0_inferred__0/i___247_carry__0/O[0]
                         net (fo=2, routed)           0.235     6.294    u_baseline/lane_sum_c0_inferred__0/i___247_carry__0_n_15
    SLICE_X75Y193        LUT3 (Prop_A5LUT_SLICEL_I1_O)
                                                      0.100     6.394 r  u_baseline/i___341_carry__0_i_7/O
                         net (fo=2, routed)           0.250     6.644    u_baseline/i___341_carry__0_i_7_n_0
    SLICE_X75Y193        LUT4 (Prop_B6LUT_SLICEL_I3_O)
                                                      0.051     6.695 r  u_baseline/i___341_carry__0_i_15/O
                         net (fo=1, routed)           0.009     6.704    u_baseline/i___341_carry__0_i_15_n_0
    SLICE_X75Y193        CARRY8 (Prop_CARRY8_SLICEL_S[1]_CO[7])
                                                      0.186     6.890 r  u_baseline/lane_sum_c0_inferred__0/i___341_carry__0/CO[7]
                         net (fo=1, routed)           0.026     6.916    u_baseline/lane_sum_c0_inferred__0/i___341_carry__0_n_0
    SLICE_X75Y194        CARRY8 (Prop_CARRY8_SLICEL_CI_O[6])
                                                      0.103     7.019 r  u_baseline/lane_sum_c0_inferred__0/i___341_carry__1/O[6]
                         net (fo=1, routed)           0.026     7.045    u_baseline/lane_sum_c0_inferred__0/i___341_carry__1_n_9
    SLICE_X75Y194        FDRE                                         r  u_baseline/lane_sum_q_reg[22]/D
  -------------------------------------------------------------------    -------------------

                         (clock clk rise edge)        5.500     5.500 r  
    P11                                               0.000     5.500 r  clk (IN)
                         net (fo=0)                   0.000     5.500    clk_IBUF_inst/I
    P11                  INBUF (Prop_INBUF_HPIOB_M_PAD_O)
                                                      0.298     5.798 r  clk_IBUF_inst/INBUF_INST/O
                         net (fo=1, routed)           0.000     5.798    clk_IBUF_inst/OUT
    P11                  IBUFCTRL (Prop_IBUFCTRL_HPIOB_M_I_O)
                                                      0.000     5.798 r  clk_IBUF_inst/IBUFCTRL_INST/O
                         net (fo=1, routed)           0.282     6.080    clk_IBUF
    BUFGCE_X0Y77         BUFGCE (Prop_BUFCE_BUFGCE_I_O)
                                                      0.024     6.104 r  clk_IBUF_BUFG_inst/O
    X3Y3 (CLOCK_ROOT)    net (fo=343, routed)         0.757     6.861    u_baseline/clk_IBUF_BUFG
    SLICE_X75Y194        FDRE                                         r  u_baseline/lane_sum_q_reg[22]/C
                         clock pessimism              0.314     7.175    
                         clock uncertainty           -0.035     7.140    
    SLICE_X75Y194        FDRE (Setup_GFF_SLICEL_C_D)
                                                      0.025     7.165    u_baseline/lane_sum_q_reg[22]
  -------------------------------------------------------------------
                         required time                          7.165    
                         arrival time                          -7.045    
  -------------------------------------------------------------------
                         slack                                  0.120    

Slack (MET) :             0.138ns  (required time - arrival time)
  Source:                 u_baseline/g_lane_mem[0].h1_mem_reg_bram_0/CLKARDCLK
                            (rising edge-triggered cell RAMB18E2 clocked by clk  {rise@0.000ns fall@2.750ns period=5.500ns})
  Destination:            u_baseline/lane_sum_q_reg[20]/D
                            (rising edge-triggered cell FDRE clocked by clk  {rise@0.000ns fall@2.750ns period=5.500ns})
  Path Group:             clk
  Path Type:              Setup (Max at Slow Process Corner)
  Requirement:            5.500ns  (clk rise@5.500ns - clk rise@0.000ns)
  Data Path Delay:        5.188ns  (logic 3.072ns (59.217%)  route 2.116ns (40.783%))
  Logic Levels:           17  (CARRY8=6 DSP_A_B_DATA=1 DSP_ALU=1 DSP_OUTPUT=1 LUT3=1 LUT4=1 LUT5=3 LUT6=3)
  Clock Path Skew:        -0.164ns (DCD - SCD + CPR)
    Destination Clock Delay (DCD):    1.361ns = ( 6.861 - 5.500 ) 
    Source Clock Delay      (SCD):    1.839ns
    Clock Pessimism Removal (CPR):    0.314ns
  Clock Uncertainty:      0.035ns  ((TSJ^2 + TIJ^2)^1/2 + DJ) / 2 + PE
    Total System Jitter     (TSJ):    0.071ns
    Total Input Jitter      (TIJ):    0.000ns
    Discrete Jitter          (DJ):    0.000ns
    Phase Error              (PE):    0.000ns
  Clock Net Delay (Source):      0.944ns (routing 0.001ns, distribution 0.943ns)
  Clock Net Delay (Destination): 0.757ns (routing 0.001ns, distribution 0.756ns)

    Location             Delay type                Incr(ns)  Path(ns)    Netlist Resource(s)
  -------------------------------------------------------------------    -------------------
                         (clock clk rise edge)        0.000     0.000 r  
    P11                                               0.000     0.000 r  clk (IN)
                         net (fo=0)                   0.000     0.000    clk_IBUF_inst/I
    P11                  INBUF (Prop_INBUF_HPIOB_M_PAD_O)
                                                      0.548     0.548 r  clk_IBUF_inst/INBUF_INST/O
                         net (fo=1, routed)           0.000     0.548    clk_IBUF_inst/OUT
    P11                  IBUFCTRL (Prop_IBUFCTRL_HPIOB_M_I_O)
                                                      0.000     0.548 r  clk_IBUF_inst/IBUFCTRL_INST/O
                         net (fo=1, routed)           0.319     0.867    clk_IBUF
    BUFGCE_X0Y77         BUFGCE (Prop_BUFCE_BUFGCE_I_O)
                                                      0.028     0.895 r  clk_IBUF_BUFG_inst/O
    X3Y3 (CLOCK_ROOT)    net (fo=343, routed)         0.944     1.839    u_baseline/clk_IBUF_BUFG
    RAMB18_X10Y78        RAMB18E2                                     r  u_baseline/g_lane_mem[0].h1_mem_reg_bram_0/CLKARDCLK
  -------------------------------------------------------------------    -------------------
    RAMB18_X10Y78        RAMB18E2 (Prop_RAMB18E2_L_RAMB180_CLKARDCLK_DOUTADOUT[0])
                                                      0.972     2.811 f  u_baseline/g_lane_mem[0].h1_mem_reg_bram_0/DOUTADOUT[0]
                         net (fo=1, routed)           0.314     3.125    u_baseline/lane_sum_c0/B[0]
    DSP48E2_X15Y78       DSP_A_B_DATA (Prop_DSP_A_B_DATA_DSP48E2_B[0]_B_ALU[0])
                                                      0.165     3.290 r  u_baseline/lane_sum_c0/DSP_A_B_DATA_INST/B_ALU[0]
                         net (fo=1, routed)           0.000     3.290    u_baseline/lane_sum_c0/DSP_A_B_DATA.B_ALU<0>
    DSP48E2_X15Y78       DSP_ALU (Prop_DSP_ALU_DSP48E2_B_ALU[0]_ALU_OUT[0])
                                                      0.541     3.831 f  u_baseline/lane_sum_c0/DSP_ALU_INST/ALU_OUT[0]
                         net (fo=1, routed)           0.000     3.831    u_baseline/lane_sum_c0/DSP_ALU.ALU_OUT<0>
    DSP48E2_X15Y78       DSP_OUTPUT (Prop_DSP_OUTPUT_DSP48E2_ALU_OUT[0]_P[0])
                                                      0.109     3.940 r  u_baseline/lane_sum_c0/DSP_OUTPUT_INST/P[0]
                         net (fo=1, routed)           0.159     4.099    u_baseline/lane_sum_c0_n_105
    SLICE_X77Y195        LUT5 (Prop_C6LUT_SLICEM_I0_O)
                                                      0.098     4.197 r  u_baseline/lane_sum_c0__0_carry_i_23/O
                         net (fo=2, routed)           0.280     4.477    u_baseline/lane_sum_c[0]
    SLICE_X76Y197        LUT5 (Prop_A6LUT_SLICEM_I0_O)
                                                      0.053     4.530 r  u_baseline/lane_sum_c0__0_carry_i_15/O
                         net (fo=1, routed)           0.013     4.543    u_baseline/lane_sum_c0__0_carry_i_15_n_0
    SLICE_X76Y197        CARRY8 (Prop_CARRY8_SLICEM_S[0]_O[0])
                                                      0.065     4.608 r  u_baseline/lane_sum_c0__0_carry/O[0]
                         net (fo=2, routed)           0.222     4.830    u_baseline/lane_sum_c0__0_carry_n_15
    SLICE_X74Y196        LUT6 (Prop_C6LUT_SLICEM_I0_O)
                                                      0.051     4.881 r  u_baseline/i___0_carry_i_7/O
                         net (fo=2, routed)           0.136     5.017    u_baseline/i___0_carry_i_7_n_0
    SLICE_X75Y196        LUT6 (Prop_B6LUT_SLICEL_I0_O)
                                                      0.098     5.115 r  u_baseline/i___0_carry_i_14/O
                         net (fo=1, routed)           0.009     5.124    u_baseline/i___0_carry_i_14_n_0
    SLICE_X75Y196        CARRY8 (Prop_CARRY8_SLICEL_S[1]_O[6])
                                                      0.220     5.344 r  u_baseline/lane_sum_c0_inferred__0/i___0_carry/O[6]
                         net (fo=2, routed)           0.241     5.585    u_baseline/lane_sum_c0_inferred__0/i___0_carry_n_9
    SLICE_X74Y194        LUT5 (Prop_D6LUT_SLICEM_I4_O)
                                                      0.051     5.636 r  u_baseline/i___247_carry_i_1/O
                         net (fo=2, routed)           0.156     5.792    u_baseline/i___247_carry_i_1_n_0
    SLICE_X76Y193        LUT6 (Prop_H6LUT_SLICEM_I2_O)
                                                      0.053     5.845 r  u_baseline/i___247_carry_i_8/O
                         net (fo=1, routed)           0.015     5.860    u_baseline/i___247_carry_i_8_n_0
    SLICE_X76Y193        CARRY8 (Prop_CARRY8_SLICEM_S[7]_CO[7])
                                                      0.117     5.977 r  u_baseline/lane_sum_c0_inferred__0/i___247_carry/CO[7]
                         net (fo=1, routed)           0.026     6.003    u_baseline/lane_sum_c0_inferred__0/i___247_carry_n_0
    SLICE_X76Y194        CARRY8 (Prop_CARRY8_SLICEM_CI_O[0])
                                                      0.056     6.059 r  u_baseline/lane_sum_c0_inferred__0/i___247_carry__0/O[0]
                         net (fo=2, routed)           0.235     6.294    u_baseline/lane_sum_c0_inferred__0/i___247_carry__0_n_15
    SLICE_X75Y193        LUT3 (Prop_A5LUT_SLICEL_I1_O)
                                                      0.100     6.394 r  u_baseline/i___341_carry__0_i_7/O
                         net (fo=2, routed)           0.250     6.644    u_baseline/i___341_carry__0_i_7_n_0
    SLICE_X75Y193        LUT4 (Prop_B6LUT_SLICEL_I3_O)
                                                      0.051     6.695 r  u_baseline/i___341_carry__0_i_15/O
                         net (fo=1, routed)           0.009     6.704    u_baseline/i___341_carry__0_i_15_n_0
    SLICE_X75Y193        CARRY8 (Prop_CARRY8_SLICEL_S[1]_CO[7])
                                                      0.186     6.890 r  u_baseline/lane_sum_c0_inferred__0/i___341_carry__0/CO[7]
                         net (fo=1, routed)           0.026     6.916    u_baseline/lane_sum_c0_inferred__0/i___341_carry__0_n_0
    SLICE_X75Y194        CARRY8 (Prop_CARRY8_SLICEL_CI_O[4])
                                                      0.086     7.002 r  u_baseline/lane_sum_c0_inferred__0/i___341_carry__1/O[4]
                         net (fo=1, routed)           0.025     7.027    u_baseline/lane_sum_c0_inferred__0/i___341_carry__1_n_11
    SLICE_X75Y194        FDRE                                         r  u_baseline/lane_sum_q_reg[20]/D
  -------------------------------------------------------------------    -------------------

                         (clock clk rise edge)        5.500     5.500 r  
    P11                                               0.000     5.500 r  clk (IN)
                         net (fo=0)                   0.000     5.500    clk_IBUF_inst/I
    P11                  INBUF (Prop_INBUF_HPIOB_M_PAD_O)
                                                      0.298     5.798 r  clk_IBUF_inst/INBUF_INST/O
                         net (fo=1, routed)           0.000     5.798    clk_IBUF_inst/OUT
    P11                  IBUFCTRL (Prop_IBUFCTRL_HPIOB_M_I_O)
                                                      0.000     5.798 r  clk_IBUF_inst/IBUFCTRL_INST/O
                         net (fo=1, routed)           0.282     6.080    clk_IBUF
    BUFGCE_X0Y77         BUFGCE (Prop_BUFCE_BUFGCE_I_O)
                                                      0.024     6.104 r  clk_IBUF_BUFG_inst/O
    X3Y3 (CLOCK_ROOT)    net (fo=343, routed)         0.757     6.861    u_baseline/clk_IBUF_BUFG
    SLICE_X75Y194        FDRE                                         r  u_baseline/lane_sum_q_reg[20]/C
                         clock pessimism              0.314     7.175    
                         clock uncertainty           -0.035     7.140    
    SLICE_X75Y194        FDRE (Setup_EFF_SLICEL_C_D)
                                                      0.025     7.165    u_baseline/lane_sum_q_reg[20]
  -------------------------------------------------------------------
                         required time                          7.165    
                         arrival time                          -7.027    
  -------------------------------------------------------------------
                         slack                                  0.138    

Slack (MET) :             0.139ns  (required time - arrival time)
  Source:                 u_baseline/g_lane_mem[0].h1_mem_reg_bram_0/CLKARDCLK
                            (rising edge-triggered cell RAMB18E2 clocked by clk  {rise@0.000ns fall@2.750ns period=5.500ns})
  Destination:            u_baseline/lane_sum_q_reg[19]/D
                            (rising edge-triggered cell FDRE clocked by clk  {rise@0.000ns fall@2.750ns period=5.500ns})
  Path Group:             clk
  Path Type:              Setup (Max at Slow Process Corner)
  Requirement:            5.500ns  (clk rise@5.500ns - clk rise@0.000ns)
  Data Path Delay:        5.185ns  (logic 3.068ns (59.174%)  route 2.117ns (40.826%))
  Logic Levels:           17  (CARRY8=6 DSP_A_B_DATA=1 DSP_ALU=1 DSP_OUTPUT=1 LUT3=1 LUT4=1 LUT5=3 LUT6=3)
  Clock Path Skew:        -0.166ns (DCD - SCD + CPR)
    Destination Clock Delay (DCD):    1.359ns = ( 6.859 - 5.500 ) 
    Source Clock Delay      (SCD):    1.839ns
    Clock Pessimism Removal (CPR):    0.314ns
  Clock Uncertainty:      0.035ns  ((TSJ^2 + TIJ^2)^1/2 + DJ) / 2 + PE
    Total System Jitter     (TSJ):    0.071ns
    Total Input Jitter      (TIJ):    0.000ns
    Discrete Jitter          (DJ):    0.000ns
    Phase Error              (PE):    0.000ns
  Clock Net Delay (Source):      0.944ns (routing 0.001ns, distribution 0.943ns)
  Clock Net Delay (Destination): 0.755ns (routing 0.001ns, distribution 0.754ns)

    Location             Delay type                Incr(ns)  Path(ns)    Netlist Resource(s)
  -------------------------------------------------------------------    -------------------
                         (clock clk rise edge)        0.000     0.000 r  
    P11                                               0.000     0.000 r  clk (IN)
                         net (fo=0)                   0.000     0.000    clk_IBUF_inst/I
    P11                  INBUF (Prop_INBUF_HPIOB_M_PAD_O)
                                                      0.548     0.548 r  clk_IBUF_inst/INBUF_INST/O
                         net (fo=1, routed)           0.000     0.548    clk_IBUF_inst/OUT
    P11                  IBUFCTRL (Prop_IBUFCTRL_HPIOB_M_I_O)
                                                      0.000     0.548 r  clk_IBUF_inst/IBUFCTRL_INST/O
                         net (fo=1, routed)           0.319     0.867    clk_IBUF
    BUFGCE_X0Y77         BUFGCE (Prop_BUFCE_BUFGCE_I_O)
                                                      0.028     0.895 r  clk_IBUF_BUFG_inst/O
    X3Y3 (CLOCK_ROOT)    net (fo=343, routed)         0.944     1.839    u_baseline/clk_IBUF_BUFG
    RAMB18_X10Y78        RAMB18E2                                     r  u_baseline/g_lane_mem[0].h1_mem_reg_bram_0/CLKARDCLK
  -------------------------------------------------------------------    -------------------
    RAMB18_X10Y78        RAMB18E2 (Prop_RAMB18E2_L_RAMB180_CLKARDCLK_DOUTADOUT[0])
                                                      0.972     2.811 f  u_baseline/g_lane_mem[0].h1_mem_reg_bram_0/DOUTADOUT[0]
                         net (fo=1, routed)           0.314     3.125    u_baseline/lane_sum_c0/B[0]
    DSP48E2_X15Y78       DSP_A_B_DATA (Prop_DSP_A_B_DATA_DSP48E2_B[0]_B_ALU[0])
                                                      0.165     3.290 r  u_baseline/lane_sum_c0/DSP_A_B_DATA_INST/B_ALU[0]
                         net (fo=1, routed)           0.000     3.290    u_baseline/lane_sum_c0/DSP_A_B_DATA.B_ALU<0>
    DSP48E2_X15Y78       DSP_ALU (Prop_DSP_ALU_DSP48E2_B_ALU[0]_ALU_OUT[0])
                                                      0.541     3.831 f  u_baseline/lane_sum_c0/DSP_ALU_INST/ALU_OUT[0]
                         net (fo=1, routed)           0.000     3.831    u_baseline/lane_sum_c0/DSP_ALU.ALU_OUT<0>
    DSP48E2_X15Y78       DSP_OUTPUT (Prop_DSP_OUTPUT_DSP48E2_ALU_OUT[0]_P[0])
                                                      0.109     3.940 r  u_baseline/lane_sum_c0/DSP_OUTPUT_INST/P[0]
                         net (fo=1, routed)           0.159     4.099    u_baseline/lane_sum_c0_n_105
    SLICE_X77Y195        LUT5 (Prop_C6LUT_SLICEM_I0_O)
                                                      0.098     4.197 r  u_baseline/lane_sum_c0__0_carry_i_23/O
                         net (fo=2, routed)           0.280     4.477    u_baseline/lane_sum_c[0]
    SLICE_X76Y197        LUT5 (Prop_A6LUT_SLICEM_I0_O)
                                                      0.053     4.530 r  u_baseline/lane_sum_c0__0_carry_i_15/O
                         net (fo=1, routed)           0.013     4.543    u_baseline/lane_sum_c0__0_carry_i_15_n_0
    SLICE_X76Y197        CARRY8 (Prop_CARRY8_SLICEM_S[0]_O[0])
                                                      0.065     4.608 r  u_baseline/lane_sum_c0__0_carry/O[0]
                         net (fo=2, routed)           0.222     4.830    u_baseline/lane_sum_c0__0_carry_n_15
    SLICE_X74Y196        LUT6 (Prop_C6LUT_SLICEM_I0_O)
                                                      0.051     4.881 r  u_baseline/i___0_carry_i_7/O
                         net (fo=2, routed)           0.136     5.017    u_baseline/i___0_carry_i_7_n_0
    SLICE_X75Y196        LUT6 (Prop_B6LUT_SLICEL_I0_O)
                                                      0.098     5.115 r  u_baseline/i___0_carry_i_14/O
                         net (fo=1, routed)           0.009     5.124    u_baseline/i___0_carry_i_14_n_0
    SLICE_X75Y196        CARRY8 (Prop_CARRY8_SLICEL_S[1]_O[6])
                                                      0.220     5.344 r  u_baseline/lane_sum_c0_inferred__0/i___0_carry/O[6]
                         net (fo=2, routed)           0.241     5.585    u_baseline/lane_sum_c0_inferred__0/i___0_carry_n_9
    SLICE_X74Y194        LUT5 (Prop_D6LUT_SLICEM_I4_O)
                                                      0.051     5.636 r  u_baseline/i___247_carry_i_1/O
                         net (fo=2, routed)           0.156     5.792    u_baseline/i___247_carry_i_1_n_0
    SLICE_X76Y193        LUT6 (Prop_H6LUT_SLICEM_I2_O)
                                                      0.053     5.845 r  u_baseline/i___247_carry_i_8/O
                         net (fo=1, routed)           0.015     5.860    u_baseline/i___247_carry_i_8_n_0
    SLICE_X76Y193        CARRY8 (Prop_CARRY8_SLICEM_S[7]_CO[7])
                                                      0.117     5.977 r  u_baseline/lane_sum_c0_inferred__0/i___247_carry/CO[7]
                         net (fo=1, routed)           0.026     6.003    u_baseline/lane_sum_c0_inferred__0/i___247_carry_n_0
    SLICE_X76Y194        CARRY8 (Prop_CARRY8_SLICEM_CI_O[0])
                                                      0.056     6.059 r  u_baseline/lane_sum_c0_inferred__0/i___247_carry__0/O[0]
                         net (fo=2, routed)           0.235     6.294    u_baseline/lane_sum_c0_inferred__0/i___247_carry__0_n_15
    SLICE_X75Y193        LUT3 (Prop_A5LUT_SLICEL_I1_O)
                                                      0.100     6.394 r  u_baseline/i___341_carry__0_i_7/O
                         net (fo=2, routed)           0.250     6.644    u_baseline/i___341_carry__0_i_7_n_0
    SLICE_X75Y193        LUT4 (Prop_B6LUT_SLICEL_I3_O)
                                                      0.051     6.695 r  u_baseline/i___341_carry__0_i_15/O
                         net (fo=1, routed)           0.009     6.704    u_baseline/i___341_carry__0_i_15_n_0
    SLICE_X75Y193        CARRY8 (Prop_CARRY8_SLICEL_S[1]_CO[7])
                                                      0.186     6.890 r  u_baseline/lane_sum_c0_inferred__0/i___341_carry__0/CO[7]
                         net (fo=1, routed)           0.026     6.916    u_baseline/lane_sum_c0_inferred__0/i___341_carry__0_n_0
    SLICE_X75Y194        CARRY8 (Prop_CARRY8_SLICEL_CI_O[3])
                                                      0.082     6.998 r  u_baseline/lane_sum_c0_inferred__0/i___341_carry__1/O[3]
                         net (fo=1, routed)           0.026     7.024    u_baseline/lane_sum_c0_inferred__0/i___341_carry__1_n_12
    SLICE_X75Y194        FDRE                                         r  u_baseline/lane_sum_q_reg[19]/D
  -------------------------------------------------------------------    -------------------

                         (clock clk rise edge)        5.500     5.500 r  
    P11                                               0.000     5.500 r  clk (IN)
                         net (fo=0)                   0.000     5.500    clk_IBUF_inst/I
    P11                  INBUF (Prop_INBUF_HPIOB_M_PAD_O)
                                                      0.298     5.798 r  clk_IBUF_inst/INBUF_INST/O
                         net (fo=1, routed)           0.000     5.798    clk_IBUF_inst/OUT
    P11                  IBUFCTRL (Prop_IBUFCTRL_HPIOB_M_I_O)
                                                      0.000     5.798 r  clk_IBUF_inst/IBUFCTRL_INST/O
                         net (fo=1, routed)           0.282     6.080    clk_IBUF
    BUFGCE_X0Y77         BUFGCE (Prop_BUFCE_BUFGCE_I_O)
                                                      0.024     6.104 r  clk_IBUF_BUFG_inst/O
    X3Y3 (CLOCK_ROOT)    net (fo=343, routed)         0.755     6.859    u_baseline/clk_IBUF_BUFG
    SLICE_X75Y194        FDRE                                         r  u_baseline/lane_sum_q_reg[19]/C
                         clock pessimism              0.314     7.173    
                         clock uncertainty           -0.035     7.138    
    SLICE_X75Y194        FDRE (Setup_DFF_SLICEL_C_D)
                                                      0.025     7.163    u_baseline/lane_sum_q_reg[19]
  -------------------------------------------------------------------
                         required time                          7.163    
                         arrival time                          -7.024    
  -------------------------------------------------------------------
                         slack                                  0.139    

Slack (MET) :             0.146ns  (required time - arrival time)
  Source:                 u_baseline/g_lane_mem[0].h1_mem_reg_bram_0/CLKARDCLK
                            (rising edge-triggered cell RAMB18E2 clocked by clk  {rise@0.000ns fall@2.750ns period=5.500ns})
  Destination:            u_baseline/lane_sum_q_reg[17]/D
                            (rising edge-triggered cell FDRE clocked by clk  {rise@0.000ns fall@2.750ns period=5.500ns})
  Path Group:             clk
  Path Type:              Setup (Max at Slow Process Corner)
  Requirement:            5.500ns  (clk rise@5.500ns - clk rise@0.000ns)
  Data Path Delay:        5.178ns  (logic 3.062ns (59.138%)  route 2.116ns (40.862%))
  Logic Levels:           17  (CARRY8=6 DSP_A_B_DATA=1 DSP_ALU=1 DSP_OUTPUT=1 LUT3=1 LUT4=1 LUT5=3 LUT6=3)
  Clock Path Skew:        -0.166ns (DCD - SCD + CPR)
    Destination Clock Delay (DCD):    1.359ns = ( 6.859 - 5.500 ) 
    Source Clock Delay      (SCD):    1.839ns
    Clock Pessimism Removal (CPR):    0.314ns
  Clock Uncertainty:      0.035ns  ((TSJ^2 + TIJ^2)^1/2 + DJ) / 2 + PE
    Total System Jitter     (TSJ):    0.071ns
    Total Input Jitter      (TIJ):    0.000ns
    Discrete Jitter          (DJ):    0.000ns
    Phase Error              (PE):    0.000ns
  Clock Net Delay (Source):      0.944ns (routing 0.001ns, distribution 0.943ns)
  Clock Net Delay (Destination): 0.755ns (routing 0.001ns, distribution 0.754ns)

    Location             Delay type                Incr(ns)  Path(ns)    Netlist Resource(s)
  -------------------------------------------------------------------    -------------------
                         (clock clk rise edge)        0.000     0.000 r  
    P11                                               0.000     0.000 r  clk (IN)
                         net (fo=0)                   0.000     0.000    clk_IBUF_inst/I
    P11                  INBUF (Prop_INBUF_HPIOB_M_PAD_O)
                                                      0.548     0.548 r  clk_IBUF_inst/INBUF_INST/O
                         net (fo=1, routed)           0.000     0.548    clk_IBUF_inst/OUT
    P11                  IBUFCTRL (Prop_IBUFCTRL_HPIOB_M_I_O)
                                                      0.000     0.548 r  clk_IBUF_inst/IBUFCTRL_INST/O
                         net (fo=1, routed)           0.319     0.867    clk_IBUF
    BUFGCE_X0Y77         BUFGCE (Prop_BUFCE_BUFGCE_I_O)
                                                      0.028     0.895 r  clk_IBUF_BUFG_inst/O
    X3Y3 (CLOCK_ROOT)    net (fo=343, routed)         0.944     1.839    u_baseline/clk_IBUF_BUFG
    RAMB18_X10Y78        RAMB18E2                                     r  u_baseline/g_lane_mem[0].h1_mem_reg_bram_0/CLKARDCLK
  -------------------------------------------------------------------    -------------------
    RAMB18_X10Y78        RAMB18E2 (Prop_RAMB18E2_L_RAMB180_CLKARDCLK_DOUTADOUT[0])
                                                      0.972     2.811 f  u_baseline/g_lane_mem[0].h1_mem_reg_bram_0/DOUTADOUT[0]
                         net (fo=1, routed)           0.314     3.125    u_baseline/lane_sum_c0/B[0]
    DSP48E2_X15Y78       DSP_A_B_DATA (Prop_DSP_A_B_DATA_DSP48E2_B[0]_B_ALU[0])
                                                      0.165     3.290 r  u_baseline/lane_sum_c0/DSP_A_B_DATA_INST/B_ALU[0]
                         net (fo=1, routed)           0.000     3.290    u_baseline/lane_sum_c0/DSP_A_B_DATA.B_ALU<0>
    DSP48E2_X15Y78       DSP_ALU (Prop_DSP_ALU_DSP48E2_B_ALU[0]_ALU_OUT[0])
                                                      0.541     3.831 f  u_baseline/lane_sum_c0/DSP_ALU_INST/ALU_OUT[0]
                         net (fo=1, routed)           0.000     3.831    u_baseline/lane_sum_c0/DSP_ALU.ALU_OUT<0>
    DSP48E2_X15Y78       DSP_OUTPUT (Prop_DSP_OUTPUT_DSP48E2_ALU_OUT[0]_P[0])
                                                      0.109     3.940 r  u_baseline/lane_sum_c0/DSP_OUTPUT_INST/P[0]
                         net (fo=1, routed)           0.159     4.099    u_baseline/lane_sum_c0_n_105
    SLICE_X77Y195        LUT5 (Prop_C6LUT_SLICEM_I0_O)
                                                      0.098     4.197 r  u_baseline/lane_sum_c0__0_carry_i_23/O
                         net (fo=2, routed)           0.280     4.477    u_baseline/lane_sum_c[0]
    SLICE_X76Y197        LUT5 (Prop_A6LUT_SLICEM_I0_O)
                                                      0.053     4.530 r  u_baseline/lane_sum_c0__0_carry_i_15/O
                         net (fo=1, routed)           0.013     4.543    u_baseline/lane_sum_c0__0_carry_i_15_n_0
    SLICE_X76Y197        CARRY8 (Prop_CARRY8_SLICEM_S[0]_O[0])
                                                      0.065     4.608 r  u_baseline/lane_sum_c0__0_carry/O[0]
                         net (fo=2, routed)           0.222     4.830    u_baseline/lane_sum_c0__0_carry_n_15
    SLICE_X74Y196        LUT6 (Prop_C6LUT_SLICEM_I0_O)
                                                      0.051     4.881 r  u_baseline/i___0_carry_i_7/O
                         net (fo=2, routed)           0.136     5.017    u_baseline/i___0_carry_i_7_n_0
    SLICE_X75Y196        LUT6 (Prop_B6LUT_SLICEL_I0_O)
                                                      0.098     5.115 r  u_baseline/i___0_carry_i_14/O
                         net (fo=1, routed)           0.009     5.124    u_baseline/i___0_carry_i_14_n_0
    SLICE_X75Y196        CARRY8 (Prop_CARRY8_SLICEL_S[1]_O[6])
                                                      0.220     5.344 r  u_baseline/lane_sum_c0_inferred__0/i___0_carry/O[6]
                         net (fo=2, routed)           0.241     5.585    u_baseline/lane_sum_c0_inferred__0/i___0_carry_n_9
    SLICE_X74Y194        LUT5 (Prop_D6LUT_SLICEM_I4_O)
                                                      0.051     5.636 r  u_baseline/i___247_carry_i_1/O
                         net (fo=2, routed)           0.156     5.792    u_baseline/i___247_carry_i_1_n_0
    SLICE_X76Y193        LUT6 (Prop_H6LUT_SLICEM_I2_O)
                                                      0.053     5.845 r  u_baseline/i___247_carry_i_8/O
                         net (fo=1, routed)           0.015     5.860    u_baseline/i___247_carry_i_8_n_0
    SLICE_X76Y193        CARRY8 (Prop_CARRY8_SLICEM_S[7]_CO[7])
                                                      0.117     5.977 r  u_baseline/lane_sum_c0_inferred__0/i___247_carry/CO[7]
                         net (fo=1, routed)           0.026     6.003    u_baseline/lane_sum_c0_inferred__0/i___247_carry_n_0
    SLICE_X76Y194        CARRY8 (Prop_CARRY8_SLICEM_CI_O[0])
                                                      0.056     6.059 r  u_baseline/lane_sum_c0_inferred__0/i___247_carry__0/O[0]
                         net (fo=2, routed)           0.235     6.294    u_baseline/lane_sum_c0_inferred__0/i___247_carry__0_n_15
    SLICE_X75Y193        LUT3 (Prop_A5LUT_SLICEL_I1_O)
                                                      0.100     6.394 r  u_baseline/i___341_carry__0_i_7/O
                         net (fo=2, routed)           0.250     6.644    u_baseline/i___341_carry__0_i_7_n_0
    SLICE_X75Y193        LUT4 (Prop_B6LUT_SLICEL_I3_O)
                                                      0.051     6.695 r  u_baseline/i___341_carry__0_i_15/O
                         net (fo=1, routed)           0.009     6.704    u_baseline/i___341_carry__0_i_15_n_0
    SLICE_X75Y193        CARRY8 (Prop_CARRY8_SLICEL_S[1]_CO[7])
                                                      0.186     6.890 r  u_baseline/lane_sum_c0_inferred__0/i___341_carry__0/CO[7]
                         net (fo=1, routed)           0.026     6.916    u_baseline/lane_sum_c0_inferred__0/i___341_carry__0_n_0
    SLICE_X75Y194        CARRY8 (Prop_CARRY8_SLICEL_CI_O[1])
                                                      0.076     6.992 r  u_baseline/lane_sum_c0_inferred__0/i___341_carry__1/O[1]
                         net (fo=1, routed)           0.025     7.017    u_baseline/lane_sum_c0_inferred__0/i___341_carry__1_n_14
    SLICE_X75Y194        FDRE                                         r  u_baseline/lane_sum_q_reg[17]/D
  -------------------------------------------------------------------    -------------------

                         (clock clk rise edge)        5.500     5.500 r  
    P11                                               0.000     5.500 r  clk (IN)
                         net (fo=0)                   0.000     5.500    clk_IBUF_inst/I
    P11                  INBUF (Prop_INBUF_HPIOB_M_PAD_O)
                                                      0.298     5.798 r  clk_IBUF_inst/INBUF_INST/O
                         net (fo=1, routed)           0.000     5.798    clk_IBUF_inst/OUT
    P11                  IBUFCTRL (Prop_IBUFCTRL_HPIOB_M_I_O)
                                                      0.000     5.798 r  clk_IBUF_inst/IBUFCTRL_INST/O
                         net (fo=1, routed)           0.282     6.080    clk_IBUF
    BUFGCE_X0Y77         BUFGCE (Prop_BUFCE_BUFGCE_I_O)
                                                      0.024     6.104 r  clk_IBUF_BUFG_inst/O
    X3Y3 (CLOCK_ROOT)    net (fo=343, routed)         0.755     6.859    u_baseline/clk_IBUF_BUFG
    SLICE_X75Y194        FDRE                                         r  u_baseline/lane_sum_q_reg[17]/C
                         clock pessimism              0.314     7.173    
                         clock uncertainty           -0.035     7.138    
    SLICE_X75Y194        FDRE (Setup_BFF_SLICEL_C_D)
                                                      0.025     7.163    u_baseline/lane_sum_q_reg[17]
  -------------------------------------------------------------------
                         required time                          7.163    
                         arrival time                          -7.017    
  -------------------------------------------------------------------
                         slack                                  0.146    

Slack (MET) :             0.154ns  (required time - arrival time)
  Source:                 u_baseline/g_lane_mem[0].h1_mem_reg_bram_0/CLKARDCLK
                            (rising edge-triggered cell RAMB18E2 clocked by clk  {rise@0.000ns fall@2.750ns period=5.500ns})
  Destination:            u_baseline/lane_sum_q_reg[18]/D
                            (rising edge-triggered cell FDRE clocked by clk  {rise@0.000ns fall@2.750ns period=5.500ns})
  Path Group:             clk
  Path Type:              Setup (Max at Slow Process Corner)
  Requirement:            5.500ns  (clk rise@5.500ns - clk rise@0.000ns)
  Data Path Delay:        5.170ns  (logic 3.053ns (59.056%)  route 2.117ns (40.944%))
  Logic Levels:           17  (CARRY8=6 DSP_A_B_DATA=1 DSP_ALU=1 DSP_OUTPUT=1 LUT3=1 LUT4=1 LUT5=3 LUT6=3)
  Clock Path Skew:        -0.166ns (DCD - SCD + CPR)
    Destination Clock Delay (DCD):    1.359ns = ( 6.859 - 5.500 ) 
    Source Clock Delay      (SCD):    1.839ns
    Clock Pessimism Removal (CPR):    0.314ns
  Clock Uncertainty:      0.035ns  ((TSJ^2 + TIJ^2)^1/2 + DJ) / 2 + PE
    Total System Jitter     (TSJ):    0.071ns
    Total Input Jitter      (TIJ):    0.000ns
    Discrete Jitter          (DJ):    0.000ns
    Phase Error              (PE):    0.000ns
  Clock Net Delay (Source):      0.944ns (routing 0.001ns, distribution 0.943ns)
  Clock Net Delay (Destination): 0.755ns (routing 0.001ns, distribution 0.754ns)

    Location             Delay type                Incr(ns)  Path(ns)    Netlist Resource(s)
  -------------------------------------------------------------------    -------------------
                         (clock clk rise edge)        0.000     0.000 r  
    P11                                               0.000     0.000 r  clk (IN)
                         net (fo=0)                   0.000     0.000    clk_IBUF_inst/I
    P11                  INBUF (Prop_INBUF_HPIOB_M_PAD_O)
                                                      0.548     0.548 r  clk_IBUF_inst/INBUF_INST/O
                         net (fo=1, routed)           0.000     0.548    clk_IBUF_inst/OUT
    P11                  IBUFCTRL (Prop_IBUFCTRL_HPIOB_M_I_O)
                                                      0.000     0.548 r  clk_IBUF_inst/IBUFCTRL_INST/O
                         net (fo=1, routed)           0.319     0.867    clk_IBUF
    BUFGCE_X0Y77         BUFGCE (Prop_BUFCE_BUFGCE_I_O)
                                                      0.028     0.895 r  clk_IBUF_BUFG_inst/O
    X3Y3 (CLOCK_ROOT)    net (fo=343, routed)         0.944     1.839    u_baseline/clk_IBUF_BUFG
    RAMB18_X10Y78        RAMB18E2                                     r  u_baseline/g_lane_mem[0].h1_mem_reg_bram_0/CLKARDCLK
  -------------------------------------------------------------------    -------------------
    RAMB18_X10Y78        RAMB18E2 (Prop_RAMB18E2_L_RAMB180_CLKARDCLK_DOUTADOUT[0])
                                                      0.972     2.811 f  u_baseline/g_lane_mem[0].h1_mem_reg_bram_0/DOUTADOUT[0]
                         net (fo=1, routed)           0.314     3.125    u_baseline/lane_sum_c0/B[0]
    DSP48E2_X15Y78       DSP_A_B_DATA (Prop_DSP_A_B_DATA_DSP48E2_B[0]_B_ALU[0])
                                                      0.165     3.290 r  u_baseline/lane_sum_c0/DSP_A_B_DATA_INST/B_ALU[0]
                         net (fo=1, routed)           0.000     3.290    u_baseline/lane_sum_c0/DSP_A_B_DATA.B_ALU<0>
    DSP48E2_X15Y78       DSP_ALU (Prop_DSP_ALU_DSP48E2_B_ALU[0]_ALU_OUT[0])
                                                      0.541     3.831 f  u_baseline/lane_sum_c0/DSP_ALU_INST/ALU_OUT[0]
                         net (fo=1, routed)           0.000     3.831    u_baseline/lane_sum_c0/DSP_ALU.ALU_OUT<0>
    DSP48E2_X15Y78       DSP_OUTPUT (Prop_DSP_OUTPUT_DSP48E2_ALU_OUT[0]_P[0])
                                                      0.109     3.940 r  u_baseline/lane_sum_c0/DSP_OUTPUT_INST/P[0]
                         net (fo=1, routed)           0.159     4.099    u_baseline/lane_sum_c0_n_105
    SLICE_X77Y195        LUT5 (Prop_C6LUT_SLICEM_I0_O)
                                                      0.098     4.197 r  u_baseline/lane_sum_c0__0_carry_i_23/O
                         net (fo=2, routed)           0.280     4.477    u_baseline/lane_sum_c[0]
    SLICE_X76Y197        LUT5 (Prop_A6LUT_SLICEM_I0_O)
                                                      0.053     4.530 r  u_baseline/lane_sum_c0__0_carry_i_15/O
                         net (fo=1, routed)           0.013     4.543    u_baseline/lane_sum_c0__0_carry_i_15_n_0
    SLICE_X76Y197        CARRY8 (Prop_CARRY8_SLICEM_S[0]_O[0])
                                                      0.065     4.608 r  u_baseline/lane_sum_c0__0_carry/O[0]
                         net (fo=2, routed)           0.222     4.830    u_baseline/lane_sum_c0__0_carry_n_15
    SLICE_X74Y196        LUT6 (Prop_C6LUT_SLICEM_I0_O)
                                                      0.051     4.881 r  u_baseline/i___0_carry_i_7/O
                         net (fo=2, routed)           0.136     5.017    u_baseline/i___0_carry_i_7_n_0
    SLICE_X75Y196        LUT6 (Prop_B6LUT_SLICEL_I0_O)
                                                      0.098     5.115 r  u_baseline/i___0_carry_i_14/O
                         net (fo=1, routed)           0.009     5.124    u_baseline/i___0_carry_i_14_n_0
    SLICE_X75Y196        CARRY8 (Prop_CARRY8_SLICEL_S[1]_O[6])
                                                      0.220     5.344 r  u_baseline/lane_sum_c0_inferred__0/i___0_carry/O[6]
                         net (fo=2, routed)           0.241     5.585    u_baseline/lane_sum_c0_inferred__0/i___0_carry_n_9
    SLICE_X74Y194        LUT5 (Prop_D6LUT_SLICEM_I4_O)
                                                      0.051     5.636 r  u_baseline/i___247_carry_i_1/O
                         net (fo=2, routed)           0.156     5.792    u_baseline/i___247_carry_i_1_n_0
    SLICE_X76Y193        LUT6 (Prop_H6LUT_SLICEM_I2_O)
                                                      0.053     5.845 r  u_baseline/i___247_carry_i_8/O
                         net (fo=1, routed)           0.015     5.860    u_baseline/i___247_carry_i_8_n_0
    SLICE_X76Y193        CARRY8 (Prop_CARRY8_SLICEM_S[7]_CO[7])
                                                      0.117     5.977 r  u_baseline/lane_sum_c0_inferred__0/i___247_carry/CO[7]
                         net (fo=1, routed)           0.026     6.003    u_baseline/lane_sum_c0_inferred__0/i___247_carry_n_0
    SLICE_X76Y194        CARRY8 (Prop_CARRY8_SLICEM_CI_O[0])
                                                      0.056     6.059 r  u_baseline/lane_sum_c0_inferred__0/i___247_carry__0/O[0]
                         net (fo=2, routed)           0.235     6.294    u_baseline/lane_sum_c0_inferred__0/i___247_carry__0_n_15
    SLICE_X75Y193        LUT3 (Prop_A5LUT_SLICEL_I1_O)
                                                      0.100     6.394 r  u_baseline/i___341_carry__0_i_7/O
                         net (fo=2, routed)           0.250     6.644    u_baseline/i___341_carry__0_i_7_n_0
    SLICE_X75Y193        LUT4 (Prop_B6LUT_SLICEL_I3_O)
                                                      0.051     6.695 r  u_baseline/i___341_carry__0_i_15/O
                         net (fo=1, routed)           0.009     6.704    u_baseline/i___341_carry__0_i_15_n_0
    SLICE_X75Y193        CARRY8 (Prop_CARRY8_SLICEL_S[1]_CO[7])
                                                      0.186     6.890 r  u_baseline/lane_sum_c0_inferred__0/i___341_carry__0/CO[7]
                         net (fo=1, routed)           0.026     6.916    u_baseline/lane_sum_c0_inferred__0/i___341_carry__0_n_0
    SLICE_X75Y194        CARRY8 (Prop_CARRY8_SLICEL_CI_O[2])
                                                      0.067     6.983 r  u_baseline/lane_sum_c0_inferred__0/i___341_carry__1/O[2]
                         net (fo=1, routed)           0.026     7.009    u_baseline/lane_sum_c0_inferred__0/i___341_carry__1_n_13
    SLICE_X75Y194        FDRE                                         r  u_baseline/lane_sum_q_reg[18]/D
  -------------------------------------------------------------------    -------------------

                         (clock clk rise edge)        5.500     5.500 r  
    P11                                               0.000     5.500 r  clk (IN)
                         net (fo=0)                   0.000     5.500    clk_IBUF_inst/I
    P11                  INBUF (Prop_INBUF_HPIOB_M_PAD_O)
                                                      0.298     5.798 r  clk_IBUF_inst/INBUF_INST/O
                         net (fo=1, routed)           0.000     5.798    clk_IBUF_inst/OUT
    P11                  IBUFCTRL (Prop_IBUFCTRL_HPIOB_M_I_O)
                                                      0.000     5.798 r  clk_IBUF_inst/IBUFCTRL_INST/O
                         net (fo=1, routed)           0.282     6.080    clk_IBUF
    BUFGCE_X0Y77         BUFGCE (Prop_BUFCE_BUFGCE_I_O)
                                                      0.024     6.104 r  clk_IBUF_BUFG_inst/O
    X3Y3 (CLOCK_ROOT)    net (fo=343, routed)         0.755     6.859    u_baseline/clk_IBUF_BUFG
    SLICE_X75Y194        FDRE                                         r  u_baseline/lane_sum_q_reg[18]/C
                         clock pessimism              0.314     7.173    
                         clock uncertainty           -0.035     7.138    
    SLICE_X75Y194        FDRE (Setup_CFF_SLICEL_C_D)
                                                      0.025     7.163    u_baseline/lane_sum_q_reg[18]
  -------------------------------------------------------------------
                         required time                          7.163    
                         arrival time                          -7.009    
  -------------------------------------------------------------------
                         slack                                  0.154    

Slack (MET) :             0.166ns  (required time - arrival time)
  Source:                 u_baseline/g_lane_mem[0].h1_mem_reg_bram_0/CLKARDCLK
                            (rising edge-triggered cell RAMB18E2 clocked by clk  {rise@0.000ns fall@2.750ns period=5.500ns})
  Destination:            u_baseline/lane_sum_q_reg[16]/D
                            (rising edge-triggered cell FDRE clocked by clk  {rise@0.000ns fall@2.750ns period=5.500ns})
  Path Group:             clk
  Path Type:              Setup (Max at Slow Process Corner)
  Requirement:            5.500ns  (clk rise@5.500ns - clk rise@0.000ns)
  Data Path Delay:        5.158ns  (logic 3.042ns (58.980%)  route 2.116ns (41.020%))
  Logic Levels:           17  (CARRY8=6 DSP_A_B_DATA=1 DSP_ALU=1 DSP_OUTPUT=1 LUT3=1 LUT4=1 LUT5=3 LUT6=3)
  Clock Path Skew:        -0.166ns (DCD - SCD + CPR)
    Destination Clock Delay (DCD):    1.359ns = ( 6.859 - 5.500 ) 
    Source Clock Delay      (SCD):    1.839ns
    Clock Pessimism Removal (CPR):    0.314ns
  Clock Uncertainty:      0.035ns  ((TSJ^2 + TIJ^2)^1/2 + DJ) / 2 + PE
    Total System Jitter     (TSJ):    0.071ns
    Total Input Jitter      (TIJ):    0.000ns
    Discrete Jitter          (DJ):    0.000ns
    Phase Error              (PE):    0.000ns
  Clock Net Delay (Source):      0.944ns (routing 0.001ns, distribution 0.943ns)
  Clock Net Delay (Destination): 0.755ns (routing 0.001ns, distribution 0.754ns)

    Location             Delay type                Incr(ns)  Path(ns)    Netlist Resource(s)
  -------------------------------------------------------------------    -------------------
                         (clock clk rise edge)        0.000     0.000 r  
    P11                                               0.000     0.000 r  clk (IN)
                         net (fo=0)                   0.000     0.000    clk_IBUF_inst/I
    P11                  INBUF (Prop_INBUF_HPIOB_M_PAD_O)
                                                      0.548     0.548 r  clk_IBUF_inst/INBUF_INST/O
                         net (fo=1, routed)           0.000     0.548    clk_IBUF_inst/OUT
    P11                  IBUFCTRL (Prop_IBUFCTRL_HPIOB_M_I_O)
                                                      0.000     0.548 r  clk_IBUF_inst/IBUFCTRL_INST/O
                         net (fo=1, routed)           0.319     0.867    clk_IBUF
    BUFGCE_X0Y77         BUFGCE (Prop_BUFCE_BUFGCE_I_O)
                                                      0.028     0.895 r  clk_IBUF_BUFG_inst/O
    X3Y3 (CLOCK_ROOT)    net (fo=343, routed)         0.944     1.839    u_baseline/clk_IBUF_BUFG
    RAMB18_X10Y78        RAMB18E2                                     r  u_baseline/g_lane_mem[0].h1_mem_reg_bram_0/CLKARDCLK
  -------------------------------------------------------------------    -------------------
    RAMB18_X10Y78        RAMB18E2 (Prop_RAMB18E2_L_RAMB180_CLKARDCLK_DOUTADOUT[0])
                                                      0.972     2.811 f  u_baseline/g_lane_mem[0].h1_mem_reg_bram_0/DOUTADOUT[0]
                         net (fo=1, routed)           0.314     3.125    u_baseline/lane_sum_c0/B[0]
    DSP48E2_X15Y78       DSP_A_B_DATA (Prop_DSP_A_B_DATA_DSP48E2_B[0]_B_ALU[0])
                                                      0.165     3.290 r  u_baseline/lane_sum_c0/DSP_A_B_DATA_INST/B_ALU[0]
                         net (fo=1, routed)           0.000     3.290    u_baseline/lane_sum_c0/DSP_A_B_DATA.B_ALU<0>
    DSP48E2_X15Y78       DSP_ALU (Prop_DSP_ALU_DSP48E2_B_ALU[0]_ALU_OUT[0])
                                                      0.541     3.831 f  u_baseline/lane_sum_c0/DSP_ALU_INST/ALU_OUT[0]
                         net (fo=1, routed)           0.000     3.831    u_baseline/lane_sum_c0/DSP_ALU.ALU_OUT<0>
    DSP48E2_X15Y78       DSP_OUTPUT (Prop_DSP_OUTPUT_DSP48E2_ALU_OUT[0]_P[0])
                                                      0.109     3.940 r  u_baseline/lane_sum_c0/DSP_OUTPUT_INST/P[0]
                         net (fo=1, routed)           0.159     4.099    u_baseline/lane_sum_c0_n_105
    SLICE_X77Y195        LUT5 (Prop_C6LUT_SLICEM_I0_O)
                                                      0.098     4.197 r  u_baseline/lane_sum_c0__0_carry_i_23/O
                         net (fo=2, routed)           0.280     4.477    u_baseline/lane_sum_c[0]
    SLICE_X76Y197        LUT5 (Prop_A6LUT_SLICEM_I0_O)
                                                      0.053     4.530 r  u_baseline/lane_sum_c0__0_carry_i_15/O
                         net (fo=1, routed)           0.013     4.543    u_baseline/lane_sum_c0__0_carry_i_15_n_0
    SLICE_X76Y197        CARRY8 (Prop_CARRY8_SLICEM_S[0]_O[0])
                                                      0.065     4.608 r  u_baseline/lane_sum_c0__0_carry/O[0]
                         net (fo=2, routed)           0.222     4.830    u_baseline/lane_sum_c0__0_carry_n_15
    SLICE_X74Y196        LUT6 (Prop_C6LUT_SLICEM_I0_O)
                                                      0.051     4.881 r  u_baseline/i___0_carry_i_7/O
                         net (fo=2, routed)           0.136     5.017    u_baseline/i___0_carry_i_7_n_0
    SLICE_X75Y196        LUT6 (Prop_B6LUT_SLICEL_I0_O)
                                                      0.098     5.115 r  u_baseline/i___0_carry_i_14/O
                         net (fo=1, routed)           0.009     5.124    u_baseline/i___0_carry_i_14_n_0
    SLICE_X75Y196        CARRY8 (Prop_CARRY8_SLICEL_S[1]_O[6])
                                                      0.220     5.344 r  u_baseline/lane_sum_c0_inferred__0/i___0_carry/O[6]
                         net (fo=2, routed)           0.241     5.585    u_baseline/lane_sum_c0_inferred__0/i___0_carry_n_9
    SLICE_X74Y194        LUT5 (Prop_D6LUT_SLICEM_I4_O)
                                                      0.051     5.636 r  u_baseline/i___247_carry_i_1/O
                         net (fo=2, routed)           0.156     5.792    u_baseline/i___247_carry_i_1_n_0
    SLICE_X76Y193        LUT6 (Prop_H6LUT_SLICEM_I2_O)
                                                      0.053     5.845 r  u_baseline/i___247_carry_i_8/O
                         net (fo=1, routed)           0.015     5.860    u_baseline/i___247_carry_i_8_n_0
    SLICE_X76Y193        CARRY8 (Prop_CARRY8_SLICEM_S[7]_CO[7])
                                                      0.117     5.977 r  u_baseline/lane_sum_c0_inferred__0/i___247_carry/CO[7]
                         net (fo=1, routed)           0.026     6.003    u_baseline/lane_sum_c0_inferred__0/i___247_carry_n_0
    SLICE_X76Y194        CARRY8 (Prop_CARRY8_SLICEM_CI_O[0])
                                                      0.056     6.059 r  u_baseline/lane_sum_c0_inferred__0/i___247_carry__0/O[0]
                         net (fo=2, routed)           0.235     6.294    u_baseline/lane_sum_c0_inferred__0/i___247_carry__0_n_15
    SLICE_X75Y193        LUT3 (Prop_A5LUT_SLICEL_I1_O)
                                                      0.100     6.394 r  u_baseline/i___341_carry__0_i_7/O
                         net (fo=2, routed)           0.250     6.644    u_baseline/i___341_carry__0_i_7_n_0
    SLICE_X75Y193        LUT4 (Prop_B6LUT_SLICEL_I3_O)
                                                      0.051     6.695 r  u_baseline/i___341_carry__0_i_15/O
                         net (fo=1, routed)           0.009     6.704    u_baseline/i___341_carry__0_i_15_n_0
    SLICE_X75Y193        CARRY8 (Prop_CARRY8_SLICEL_S[1]_CO[7])
                                                      0.186     6.890 r  u_baseline/lane_sum_c0_inferred__0/i___341_carry__0/CO[7]
                         net (fo=1, routed)           0.026     6.916    u_baseline/lane_sum_c0_inferred__0/i___341_carry__0_n_0
    SLICE_X75Y194        CARRY8 (Prop_CARRY8_SLICEL_CI_O[0])
                                                      0.056     6.972 r  u_baseline/lane_sum_c0_inferred__0/i___341_carry__1/O[0]
                         net (fo=1, routed)           0.025     6.997    u_baseline/lane_sum_c0_inferred__0/i___341_carry__1_n_15
    SLICE_X75Y194        FDRE                                         r  u_baseline/lane_sum_q_reg[16]/D
  -------------------------------------------------------------------    -------------------

                         (clock clk rise edge)        5.500     5.500 r  
    P11                                               0.000     5.500 r  clk (IN)
                         net (fo=0)                   0.000     5.500    clk_IBUF_inst/I
    P11                  INBUF (Prop_INBUF_HPIOB_M_PAD_O)
                                                      0.298     5.798 r  clk_IBUF_inst/INBUF_INST/O
                         net (fo=1, routed)           0.000     5.798    clk_IBUF_inst/OUT
    P11                  IBUFCTRL (Prop_IBUFCTRL_HPIOB_M_I_O)
                                                      0.000     5.798 r  clk_IBUF_inst/IBUFCTRL_INST/O
                         net (fo=1, routed)           0.282     6.080    clk_IBUF
    BUFGCE_X0Y77         BUFGCE (Prop_BUFCE_BUFGCE_I_O)
                                                      0.024     6.104 r  clk_IBUF_BUFG_inst/O
    X3Y3 (CLOCK_ROOT)    net (fo=343, routed)         0.755     6.859    u_baseline/clk_IBUF_BUFG
    SLICE_X75Y194        FDRE                                         r  u_baseline/lane_sum_q_reg[16]/C
                         clock pessimism              0.314     7.173    
                         clock uncertainty           -0.035     7.138    
    SLICE_X75Y194        FDRE (Setup_AFF_SLICEL_C_D)
                                                      0.025     7.163    u_baseline/lane_sum_q_reg[16]
  -------------------------------------------------------------------
                         required time                          7.163    
                         arrival time                          -6.997    
  -------------------------------------------------------------------
                         slack                                  0.166    

Slack (MET) :             0.202ns  (required time - arrival time)
  Source:                 u_baseline/g_lane_mem[0].h1_mem_reg_bram_0/CLKARDCLK
                            (rising edge-triggered cell RAMB18E2 clocked by clk  {rise@0.000ns fall@2.750ns period=5.500ns})
  Destination:            u_baseline/lane_sum_q_reg[15]/D
                            (rising edge-triggered cell FDRE clocked by clk  {rise@0.000ns fall@2.750ns period=5.500ns})
  Path Group:             clk
  Path Type:              Setup (Max at Slow Process Corner)
  Requirement:            5.500ns  (clk rise@5.500ns - clk rise@0.000ns)
  Data Path Delay:        5.125ns  (logic 3.034ns (59.203%)  route 2.091ns (40.797%))
  Logic Levels:           16  (CARRY8=5 DSP_A_B_DATA=1 DSP_ALU=1 DSP_OUTPUT=1 LUT3=1 LUT4=1 LUT5=3 LUT6=3)
  Clock Path Skew:        -0.163ns (DCD - SCD + CPR)
    Destination Clock Delay (DCD):    1.362ns = ( 6.862 - 5.500 ) 
    Source Clock Delay      (SCD):    1.839ns
    Clock Pessimism Removal (CPR):    0.314ns
  Clock Uncertainty:      0.035ns  ((TSJ^2 + TIJ^2)^1/2 + DJ) / 2 + PE
    Total System Jitter     (TSJ):    0.071ns
    Total Input Jitter      (TIJ):    0.000ns
    Discrete Jitter          (DJ):    0.000ns
    Phase Error              (PE):    0.000ns
  Clock Net Delay (Source):      0.944ns (routing 0.001ns, distribution 0.943ns)
  Clock Net Delay (Destination): 0.758ns (routing 0.001ns, distribution 0.757ns)

    Location             Delay type                Incr(ns)  Path(ns)    Netlist Resource(s)
  -------------------------------------------------------------------    -------------------
                         (clock clk rise edge)        0.000     0.000 r  
    P11                                               0.000     0.000 r  clk (IN)
                         net (fo=0)                   0.000     0.000    clk_IBUF_inst/I
    P11                  INBUF (Prop_INBUF_HPIOB_M_PAD_O)
                                                      0.548     0.548 r  clk_IBUF_inst/INBUF_INST/O
                         net (fo=1, routed)           0.000     0.548    clk_IBUF_inst/OUT
    P11                  IBUFCTRL (Prop_IBUFCTRL_HPIOB_M_I_O)
                                                      0.000     0.548 r  clk_IBUF_inst/IBUFCTRL_INST/O
                         net (fo=1, routed)           0.319     0.867    clk_IBUF
    BUFGCE_X0Y77         BUFGCE (Prop_BUFCE_BUFGCE_I_O)
                                                      0.028     0.895 r  clk_IBUF_BUFG_inst/O
    X3Y3 (CLOCK_ROOT)    net (fo=343, routed)         0.944     1.839    u_baseline/clk_IBUF_BUFG
    RAMB18_X10Y78        RAMB18E2                                     r  u_baseline/g_lane_mem[0].h1_mem_reg_bram_0/CLKARDCLK
  -------------------------------------------------------------------    -------------------
    RAMB18_X10Y78        RAMB18E2 (Prop_RAMB18E2_L_RAMB180_CLKARDCLK_DOUTADOUT[0])
                                                      0.972     2.811 f  u_baseline/g_lane_mem[0].h1_mem_reg_bram_0/DOUTADOUT[0]
                         net (fo=1, routed)           0.314     3.125    u_baseline/lane_sum_c0/B[0]
    DSP48E2_X15Y78       DSP_A_B_DATA (Prop_DSP_A_B_DATA_DSP48E2_B[0]_B_ALU[0])
                                                      0.165     3.290 r  u_baseline/lane_sum_c0/DSP_A_B_DATA_INST/B_ALU[0]
                         net (fo=1, routed)           0.000     3.290    u_baseline/lane_sum_c0/DSP_A_B_DATA.B_ALU<0>
    DSP48E2_X15Y78       DSP_ALU (Prop_DSP_ALU_DSP48E2_B_ALU[0]_ALU_OUT[0])
                                                      0.541     3.831 f  u_baseline/lane_sum_c0/DSP_ALU_INST/ALU_OUT[0]
                         net (fo=1, routed)           0.000     3.831    u_baseline/lane_sum_c0/DSP_ALU.ALU_OUT<0>
    DSP48E2_X15Y78       DSP_OUTPUT (Prop_DSP_OUTPUT_DSP48E2_ALU_OUT[0]_P[0])
                                                      0.109     3.940 r  u_baseline/lane_sum_c0/DSP_OUTPUT_INST/P[0]
                         net (fo=1, routed)           0.159     4.099    u_baseline/lane_sum_c0_n_105
    SLICE_X77Y195        LUT5 (Prop_C6LUT_SLICEM_I0_O)
                                                      0.098     4.197 r  u_baseline/lane_sum_c0__0_carry_i_23/O
                         net (fo=2, routed)           0.280     4.477    u_baseline/lane_sum_c[0]
    SLICE_X76Y197        LUT5 (Prop_A6LUT_SLICEM_I0_O)
                                                      0.053     4.530 r  u_baseline/lane_sum_c0__0_carry_i_15/O
                         net (fo=1, routed)           0.013     4.543    u_baseline/lane_sum_c0__0_carry_i_15_n_0
    SLICE_X76Y197        CARRY8 (Prop_CARRY8_SLICEM_S[0]_O[0])
                                                      0.065     4.608 r  u_baseline/lane_sum_c0__0_carry/O[0]
                         net (fo=2, routed)           0.222     4.830    u_baseline/lane_sum_c0__0_carry_n_15
    SLICE_X74Y196        LUT6 (Prop_C6LUT_SLICEM_I0_O)
                                                      0.051     4.881 r  u_baseline/i___0_carry_i_7/O
                         net (fo=2, routed)           0.136     5.017    u_baseline/i___0_carry_i_7_n_0
    SLICE_X75Y196        LUT6 (Prop_B6LUT_SLICEL_I0_O)
                                                      0.098     5.115 r  u_baseline/i___0_carry_i_14/O
                         net (fo=1, routed)           0.009     5.124    u_baseline/i___0_carry_i_14_n_0
    SLICE_X75Y196        CARRY8 (Prop_CARRY8_SLICEL_S[1]_O[6])
                                                      0.220     5.344 r  u_baseline/lane_sum_c0_inferred__0/i___0_carry/O[6]
                         net (fo=2, routed)           0.241     5.585    u_baseline/lane_sum_c0_inferred__0/i___0_carry_n_9
    SLICE_X74Y194        LUT5 (Prop_D6LUT_SLICEM_I4_O)
                                                      0.051     5.636 r  u_baseline/i___247_carry_i_1/O
                         net (fo=2, routed)           0.156     5.792    u_baseline/i___247_carry_i_1_n_0
    SLICE_X76Y193        LUT6 (Prop_H6LUT_SLICEM_I2_O)
                                                      0.053     5.845 r  u_baseline/i___247_carry_i_8/O
                         net (fo=1, routed)           0.015     5.860    u_baseline/i___247_carry_i_8_n_0
    SLICE_X76Y193        CARRY8 (Prop_CARRY8_SLICEM_S[7]_CO[7])
                                                      0.117     5.977 r  u_baseline/lane_sum_c0_inferred__0/i___247_carry/CO[7]
                         net (fo=1, routed)           0.026     6.003    u_baseline/lane_sum_c0_inferred__0/i___247_carry_n_0
    SLICE_X76Y194        CARRY8 (Prop_CARRY8_SLICEM_CI_O[0])
                                                      0.056     6.059 r  u_baseline/lane_sum_c0_inferred__0/i___247_carry__0/O[0]
                         net (fo=2, routed)           0.235     6.294    u_baseline/lane_sum_c0_inferred__0/i___247_carry__0_n_15
    SLICE_X75Y193        LUT3 (Prop_A5LUT_SLICEL_I1_O)
                                                      0.100     6.394 r  u_baseline/i___341_carry__0_i_7/O
                         net (fo=2, routed)           0.250     6.644    u_baseline/i___341_carry__0_i_7_n_0
    SLICE_X75Y193        LUT4 (Prop_B6LUT_SLICEL_I3_O)
                                                      0.051     6.695 r  u_baseline/i___341_carry__0_i_15/O
                         net (fo=1, routed)           0.009     6.704    u_baseline/i___341_carry__0_i_15_n_0
    SLICE_X75Y193        CARRY8 (Prop_CARRY8_SLICEL_S[1]_O[7])
                                                      0.234     6.938 r  u_baseline/lane_sum_c0_inferred__0/i___341_carry__0/O[7]
                         net (fo=1, routed)           0.026     6.964    u_baseline/lane_sum_c0_inferred__0/i___341_carry__0_n_8
    SLICE_X75Y193        FDRE                                         r  u_baseline/lane_sum_q_reg[15]/D
  -------------------------------------------------------------------    -------------------

                         (clock clk rise edge)        5.500     5.500 r  
    P11                                               0.000     5.500 r  clk (IN)
                         net (fo=0)                   0.000     5.500    clk_IBUF_inst/I
    P11                  INBUF (Prop_INBUF_HPIOB_M_PAD_O)
                                                      0.298     5.798 r  clk_IBUF_inst/INBUF_INST/O
                         net (fo=1, routed)           0.000     5.798    clk_IBUF_inst/OUT
    P11                  IBUFCTRL (Prop_IBUFCTRL_HPIOB_M_I_O)
                                                      0.000     5.798 r  clk_IBUF_inst/IBUFCTRL_INST/O
                         net (fo=1, routed)           0.282     6.080    clk_IBUF
    BUFGCE_X0Y77         BUFGCE (Prop_BUFCE_BUFGCE_I_O)
                                                      0.024     6.104 r  clk_IBUF_BUFG_inst/O
    X3Y3 (CLOCK_ROOT)    net (fo=343, routed)         0.758     6.862    u_baseline/clk_IBUF_BUFG
    SLICE_X75Y193        FDRE                                         r  u_baseline/lane_sum_q_reg[15]/C
                         clock pessimism              0.314     7.176    
                         clock uncertainty           -0.035     7.141    
    SLICE_X75Y193        FDRE (Setup_HFF_SLICEL_C_D)
                                                      0.025     7.166    u_baseline/lane_sum_q_reg[15]
  -------------------------------------------------------------------
                         required time                          7.166    
                         arrival time                          -6.964    
  -------------------------------------------------------------------
                         slack                                  0.202    

Slack (MET) :             0.204ns  (required time - arrival time)
  Source:                 u_baseline/g_lane_mem[0].h1_mem_reg_bram_0/CLKARDCLK
                            (rising edge-triggered cell RAMB18E2 clocked by clk  {rise@0.000ns fall@2.750ns period=5.500ns})
  Destination:            u_baseline/lane_sum_q_reg[13]/D
                            (rising edge-triggered cell FDRE clocked by clk  {rise@0.000ns fall@2.750ns period=5.500ns})
  Path Group:             clk
  Path Type:              Setup (Max at Slow Process Corner)
  Requirement:            5.500ns  (clk rise@5.500ns - clk rise@0.000ns)
  Data Path Delay:        5.123ns  (logic 3.033ns (59.207%)  route 2.090ns (40.793%))
  Logic Levels:           16  (CARRY8=5 DSP_A_B_DATA=1 DSP_ALU=1 DSP_OUTPUT=1 LUT3=1 LUT4=1 LUT5=3 LUT6=3)
  Clock Path Skew:        -0.163ns (DCD - SCD + CPR)
    Destination Clock Delay (DCD):    1.362ns = ( 6.862 - 5.500 ) 
    Source Clock Delay      (SCD):    1.839ns
    Clock Pessimism Removal (CPR):    0.314ns
  Clock Uncertainty:      0.035ns  ((TSJ^2 + TIJ^2)^1/2 + DJ) / 2 + PE
    Total System Jitter     (TSJ):    0.071ns
    Total Input Jitter      (TIJ):    0.000ns
    Discrete Jitter          (DJ):    0.000ns
    Phase Error              (PE):    0.000ns
  Clock Net Delay (Source):      0.944ns (routing 0.001ns, distribution 0.943ns)
  Clock Net Delay (Destination): 0.758ns (routing 0.001ns, distribution 0.757ns)

    Location             Delay type                Incr(ns)  Path(ns)    Netlist Resource(s)
  -------------------------------------------------------------------    -------------------
                         (clock clk rise edge)        0.000     0.000 r  
    P11                                               0.000     0.000 r  clk (IN)
                         net (fo=0)                   0.000     0.000    clk_IBUF_inst/I
    P11                  INBUF (Prop_INBUF_HPIOB_M_PAD_O)
                                                      0.548     0.548 r  clk_IBUF_inst/INBUF_INST/O
                         net (fo=1, routed)           0.000     0.548    clk_IBUF_inst/OUT
    P11                  IBUFCTRL (Prop_IBUFCTRL_HPIOB_M_I_O)
                                                      0.000     0.548 r  clk_IBUF_inst/IBUFCTRL_INST/O
                         net (fo=1, routed)           0.319     0.867    clk_IBUF
    BUFGCE_X0Y77         BUFGCE (Prop_BUFCE_BUFGCE_I_O)
                                                      0.028     0.895 r  clk_IBUF_BUFG_inst/O
    X3Y3 (CLOCK_ROOT)    net (fo=343, routed)         0.944     1.839    u_baseline/clk_IBUF_BUFG
    RAMB18_X10Y78        RAMB18E2                                     r  u_baseline/g_lane_mem[0].h1_mem_reg_bram_0/CLKARDCLK
  -------------------------------------------------------------------    -------------------
    RAMB18_X10Y78        RAMB18E2 (Prop_RAMB18E2_L_RAMB180_CLKARDCLK_DOUTADOUT[0])
                                                      0.972     2.811 f  u_baseline/g_lane_mem[0].h1_mem_reg_bram_0/DOUTADOUT[0]
                         net (fo=1, routed)           0.314     3.125    u_baseline/lane_sum_c0/B[0]
    DSP48E2_X15Y78       DSP_A_B_DATA (Prop_DSP_A_B_DATA_DSP48E2_B[0]_B_ALU[0])
                                                      0.165     3.290 r  u_baseline/lane_sum_c0/DSP_A_B_DATA_INST/B_ALU[0]
                         net (fo=1, routed)           0.000     3.290    u_baseline/lane_sum_c0/DSP_A_B_DATA.B_ALU<0>
    DSP48E2_X15Y78       DSP_ALU (Prop_DSP_ALU_DSP48E2_B_ALU[0]_ALU_OUT[0])
                                                      0.541     3.831 f  u_baseline/lane_sum_c0/DSP_ALU_INST/ALU_OUT[0]
                         net (fo=1, routed)           0.000     3.831    u_baseline/lane_sum_c0/DSP_ALU.ALU_OUT<0>
    DSP48E2_X15Y78       DSP_OUTPUT (Prop_DSP_OUTPUT_DSP48E2_ALU_OUT[0]_P[0])
                                                      0.109     3.940 r  u_baseline/lane_sum_c0/DSP_OUTPUT_INST/P[0]
                         net (fo=1, routed)           0.159     4.099    u_baseline/lane_sum_c0_n_105
    SLICE_X77Y195        LUT5 (Prop_C6LUT_SLICEM_I0_O)
                                                      0.098     4.197 r  u_baseline/lane_sum_c0__0_carry_i_23/O
                         net (fo=2, routed)           0.280     4.477    u_baseline/lane_sum_c[0]
    SLICE_X76Y197        LUT5 (Prop_A6LUT_SLICEM_I0_O)
                                                      0.053     4.530 r  u_baseline/lane_sum_c0__0_carry_i_15/O
                         net (fo=1, routed)           0.013     4.543    u_baseline/lane_sum_c0__0_carry_i_15_n_0
    SLICE_X76Y197        CARRY8 (Prop_CARRY8_SLICEM_S[0]_O[0])
                                                      0.065     4.608 r  u_baseline/lane_sum_c0__0_carry/O[0]
                         net (fo=2, routed)           0.222     4.830    u_baseline/lane_sum_c0__0_carry_n_15
    SLICE_X74Y196        LUT6 (Prop_C6LUT_SLICEM_I0_O)
                                                      0.051     4.881 r  u_baseline/i___0_carry_i_7/O
                         net (fo=2, routed)           0.136     5.017    u_baseline/i___0_carry_i_7_n_0
    SLICE_X75Y196        LUT6 (Prop_B6LUT_SLICEL_I0_O)
                                                      0.098     5.115 r  u_baseline/i___0_carry_i_14/O
                         net (fo=1, routed)           0.009     5.124    u_baseline/i___0_carry_i_14_n_0
    SLICE_X75Y196        CARRY8 (Prop_CARRY8_SLICEL_S[1]_O[6])
                                                      0.220     5.344 r  u_baseline/lane_sum_c0_inferred__0/i___0_carry/O[6]
                         net (fo=2, routed)           0.241     5.585    u_baseline/lane_sum_c0_inferred__0/i___0_carry_n_9
    SLICE_X74Y194        LUT5 (Prop_D6LUT_SLICEM_I4_O)
                                                      0.051     5.636 r  u_baseline/i___247_carry_i_1/O
                         net (fo=2, routed)           0.156     5.792    u_baseline/i___247_carry_i_1_n_0
    SLICE_X76Y193        LUT6 (Prop_H6LUT_SLICEM_I2_O)
                                                      0.053     5.845 r  u_baseline/i___247_carry_i_8/O
                         net (fo=1, routed)           0.015     5.860    u_baseline/i___247_carry_i_8_n_0
    SLICE_X76Y193        CARRY8 (Prop_CARRY8_SLICEM_S[7]_CO[7])
                                                      0.117     5.977 r  u_baseline/lane_sum_c0_inferred__0/i___247_carry/CO[7]
                         net (fo=1, routed)           0.026     6.003    u_baseline/lane_sum_c0_inferred__0/i___247_carry_n_0
    SLICE_X76Y194        CARRY8 (Prop_CARRY8_SLICEM_CI_O[0])
                                                      0.056     6.059 r  u_baseline/lane_sum_c0_inferred__0/i___247_carry__0/O[0]
                         net (fo=2, routed)           0.235     6.294    u_baseline/lane_sum_c0_inferred__0/i___247_carry__0_n_15
    SLICE_X75Y193        LUT3 (Prop_A5LUT_SLICEL_I1_O)
                                                      0.100     6.394 r  u_baseline/i___341_carry__0_i_7/O
                         net (fo=2, routed)           0.250     6.644    u_baseline/i___341_carry__0_i_7_n_0
    SLICE_X75Y193        LUT4 (Prop_B6LUT_SLICEL_I3_O)
                                                      0.051     6.695 r  u_baseline/i___341_carry__0_i_15/O
                         net (fo=1, routed)           0.009     6.704    u_baseline/i___341_carry__0_i_15_n_0
    SLICE_X75Y193        CARRY8 (Prop_CARRY8_SLICEL_S[1]_O[5])
                                                      0.233     6.937 r  u_baseline/lane_sum_c0_inferred__0/i___341_carry__0/O[5]
                         net (fo=1, routed)           0.025     6.962    u_baseline/lane_sum_c0_inferred__0/i___341_carry__0_n_10
    SLICE_X75Y193        FDRE                                         r  u_baseline/lane_sum_q_reg[13]/D
  -------------------------------------------------------------------    -------------------

                         (clock clk rise edge)        5.500     5.500 r  
    P11                                               0.000     5.500 r  clk (IN)
                         net (fo=0)                   0.000     5.500    clk_IBUF_inst/I
    P11                  INBUF (Prop_INBUF_HPIOB_M_PAD_O)
                                                      0.298     5.798 r  clk_IBUF_inst/INBUF_INST/O
                         net (fo=1, routed)           0.000     5.798    clk_IBUF_inst/OUT
    P11                  IBUFCTRL (Prop_IBUFCTRL_HPIOB_M_I_O)
                                                      0.000     5.798 r  clk_IBUF_inst/IBUFCTRL_INST/O
                         net (fo=1, routed)           0.282     6.080    clk_IBUF
    BUFGCE_X0Y77         BUFGCE (Prop_BUFCE_BUFGCE_I_O)
                                                      0.024     6.104 r  clk_IBUF_BUFG_inst/O
    X3Y3 (CLOCK_ROOT)    net (fo=343, routed)         0.758     6.862    u_baseline/clk_IBUF_BUFG
    SLICE_X75Y193        FDRE                                         r  u_baseline/lane_sum_q_reg[13]/C
                         clock pessimism              0.314     7.176    
                         clock uncertainty           -0.035     7.141    
    SLICE_X75Y193        FDRE (Setup_FFF_SLICEL_C_D)
                                                      0.025     7.166    u_baseline/lane_sum_q_reg[13]
  -------------------------------------------------------------------
                         required time                          7.166    
                         arrival time                          -6.962    
  -------------------------------------------------------------------
                         slack                                  0.204    

Slack (MET) :             0.216ns  (required time - arrival time)
  Source:                 u_baseline/g_lane_mem[0].h1_mem_reg_bram_0/CLKARDCLK
                            (rising edge-triggered cell RAMB18E2 clocked by clk  {rise@0.000ns fall@2.750ns period=5.500ns})
  Destination:            u_baseline/lane_sum_q_reg[14]/D
                            (rising edge-triggered cell FDRE clocked by clk  {rise@0.000ns fall@2.750ns period=5.500ns})
  Path Group:             clk
  Path Type:              Setup (Max at Slow Process Corner)
  Requirement:            5.500ns  (clk rise@5.500ns - clk rise@0.000ns)
  Data Path Delay:        5.111ns  (logic 3.020ns (59.092%)  route 2.091ns (40.908%))
  Logic Levels:           16  (CARRY8=5 DSP_A_B_DATA=1 DSP_ALU=1 DSP_OUTPUT=1 LUT3=1 LUT4=1 LUT5=3 LUT6=3)
  Clock Path Skew:        -0.163ns (DCD - SCD + CPR)
    Destination Clock Delay (DCD):    1.362ns = ( 6.862 - 5.500 ) 
    Source Clock Delay      (SCD):    1.839ns
    Clock Pessimism Removal (CPR):    0.314ns
  Clock Uncertainty:      0.035ns  ((TSJ^2 + TIJ^2)^1/2 + DJ) / 2 + PE
    Total System Jitter     (TSJ):    0.071ns
    Total Input Jitter      (TIJ):    0.000ns
    Discrete Jitter          (DJ):    0.000ns
    Phase Error              (PE):    0.000ns
  Clock Net Delay (Source):      0.944ns (routing 0.001ns, distribution 0.943ns)
  Clock Net Delay (Destination): 0.758ns (routing 0.001ns, distribution 0.757ns)

    Location             Delay type                Incr(ns)  Path(ns)    Netlist Resource(s)
  -------------------------------------------------------------------    -------------------
                         (clock clk rise edge)        0.000     0.000 r  
    P11                                               0.000     0.000 r  clk (IN)
                         net (fo=0)                   0.000     0.000    clk_IBUF_inst/I
    P11                  INBUF (Prop_INBUF_HPIOB_M_PAD_O)
                                                      0.548     0.548 r  clk_IBUF_inst/INBUF_INST/O
                         net (fo=1, routed)           0.000     0.548    clk_IBUF_inst/OUT
    P11                  IBUFCTRL (Prop_IBUFCTRL_HPIOB_M_I_O)
                                                      0.000     0.548 r  clk_IBUF_inst/IBUFCTRL_INST/O
                         net (fo=1, routed)           0.319     0.867    clk_IBUF
    BUFGCE_X0Y77         BUFGCE (Prop_BUFCE_BUFGCE_I_O)
                                                      0.028     0.895 r  clk_IBUF_BUFG_inst/O
    X3Y3 (CLOCK_ROOT)    net (fo=343, routed)         0.944     1.839    u_baseline/clk_IBUF_BUFG
    RAMB18_X10Y78        RAMB18E2                                     r  u_baseline/g_lane_mem[0].h1_mem_reg_bram_0/CLKARDCLK
  -------------------------------------------------------------------    -------------------
    RAMB18_X10Y78        RAMB18E2 (Prop_RAMB18E2_L_RAMB180_CLKARDCLK_DOUTADOUT[0])
                                                      0.972     2.811 f  u_baseline/g_lane_mem[0].h1_mem_reg_bram_0/DOUTADOUT[0]
                         net (fo=1, routed)           0.314     3.125    u_baseline/lane_sum_c0/B[0]
    DSP48E2_X15Y78       DSP_A_B_DATA (Prop_DSP_A_B_DATA_DSP48E2_B[0]_B_ALU[0])
                                                      0.165     3.290 r  u_baseline/lane_sum_c0/DSP_A_B_DATA_INST/B_ALU[0]
                         net (fo=1, routed)           0.000     3.290    u_baseline/lane_sum_c0/DSP_A_B_DATA.B_ALU<0>
    DSP48E2_X15Y78       DSP_ALU (Prop_DSP_ALU_DSP48E2_B_ALU[0]_ALU_OUT[0])
                                                      0.541     3.831 f  u_baseline/lane_sum_c0/DSP_ALU_INST/ALU_OUT[0]
                         net (fo=1, routed)           0.000     3.831    u_baseline/lane_sum_c0/DSP_ALU.ALU_OUT<0>
    DSP48E2_X15Y78       DSP_OUTPUT (Prop_DSP_OUTPUT_DSP48E2_ALU_OUT[0]_P[0])
                                                      0.109     3.940 r  u_baseline/lane_sum_c0/DSP_OUTPUT_INST/P[0]
                         net (fo=1, routed)           0.159     4.099    u_baseline/lane_sum_c0_n_105
    SLICE_X77Y195        LUT5 (Prop_C6LUT_SLICEM_I0_O)
                                                      0.098     4.197 r  u_baseline/lane_sum_c0__0_carry_i_23/O
                         net (fo=2, routed)           0.280     4.477    u_baseline/lane_sum_c[0]
    SLICE_X76Y197        LUT5 (Prop_A6LUT_SLICEM_I0_O)
                                                      0.053     4.530 r  u_baseline/lane_sum_c0__0_carry_i_15/O
                         net (fo=1, routed)           0.013     4.543    u_baseline/lane_sum_c0__0_carry_i_15_n_0
    SLICE_X76Y197        CARRY8 (Prop_CARRY8_SLICEM_S[0]_O[0])
                                                      0.065     4.608 r  u_baseline/lane_sum_c0__0_carry/O[0]
                         net (fo=2, routed)           0.222     4.830    u_baseline/lane_sum_c0__0_carry_n_15
    SLICE_X74Y196        LUT6 (Prop_C6LUT_SLICEM_I0_O)
                                                      0.051     4.881 r  u_baseline/i___0_carry_i_7/O
                         net (fo=2, routed)           0.136     5.017    u_baseline/i___0_carry_i_7_n_0
    SLICE_X75Y196        LUT6 (Prop_B6LUT_SLICEL_I0_O)
                                                      0.098     5.115 r  u_baseline/i___0_carry_i_14/O
                         net (fo=1, routed)           0.009     5.124    u_baseline/i___0_carry_i_14_n_0
    SLICE_X75Y196        CARRY8 (Prop_CARRY8_SLICEL_S[1]_O[6])
                                                      0.220     5.344 r  u_baseline/lane_sum_c0_inferred__0/i___0_carry/O[6]
                         net (fo=2, routed)           0.241     5.585    u_baseline/lane_sum_c0_inferred__0/i___0_carry_n_9
    SLICE_X74Y194        LUT5 (Prop_D6LUT_SLICEM_I4_O)
                                                      0.051     5.636 r  u_baseline/i___247_carry_i_1/O
                         net (fo=2, routed)           0.156     5.792    u_baseline/i___247_carry_i_1_n_0
    SLICE_X76Y193        LUT6 (Prop_H6LUT_SLICEM_I2_O)
                                                      0.053     5.845 r  u_baseline/i___247_carry_i_8/O
                         net (fo=1, routed)           0.015     5.860    u_baseline/i___247_carry_i_8_n_0
    SLICE_X76Y193        CARRY8 (Prop_CARRY8_SLICEM_S[7]_CO[7])
                                                      0.117     5.977 r  u_baseline/lane_sum_c0_inferred__0/i___247_carry/CO[7]
                         net (fo=1, routed)           0.026     6.003    u_baseline/lane_sum_c0_inferred__0/i___247_carry_n_0
    SLICE_X76Y194        CARRY8 (Prop_CARRY8_SLICEM_CI_O[0])
                                                      0.056     6.059 r  u_baseline/lane_sum_c0_inferred__0/i___247_carry__0/O[0]
                         net (fo=2, routed)           0.235     6.294    u_baseline/lane_sum_c0_inferred__0/i___247_carry__0_n_15
    SLICE_X75Y193        LUT3 (Prop_A5LUT_SLICEL_I1_O)
                                                      0.100     6.394 r  u_baseline/i___341_carry__0_i_7/O
                         net (fo=2, routed)           0.250     6.644    u_baseline/i___341_carry__0_i_7_n_0
    SLICE_X75Y193        LUT4 (Prop_B6LUT_SLICEL_I3_O)
                                                      0.051     6.695 r  u_baseline/i___341_carry__0_i_15/O
                         net (fo=1, routed)           0.009     6.704    u_baseline/i___341_carry__0_i_15_n_0
    SLICE_X75Y193        CARRY8 (Prop_CARRY8_SLICEL_S[1]_O[6])
                                                      0.220     6.924 r  u_baseline/lane_sum_c0_inferred__0/i___341_carry__0/O[6]
                         net (fo=1, routed)           0.026     6.950    u_baseline/lane_sum_c0_inferred__0/i___341_carry__0_n_9
    SLICE_X75Y193        FDRE                                         r  u_baseline/lane_sum_q_reg[14]/D
  -------------------------------------------------------------------    -------------------

                         (clock clk rise edge)        5.500     5.500 r  
    P11                                               0.000     5.500 r  clk (IN)
                         net (fo=0)                   0.000     5.500    clk_IBUF_inst/I
    P11                  INBUF (Prop_INBUF_HPIOB_M_PAD_O)
                                                      0.298     5.798 r  clk_IBUF_inst/INBUF_INST/O
                         net (fo=1, routed)           0.000     5.798    clk_IBUF_inst/OUT
    P11                  IBUFCTRL (Prop_IBUFCTRL_HPIOB_M_I_O)
                                                      0.000     5.798 r  clk_IBUF_inst/IBUFCTRL_INST/O
                         net (fo=1, routed)           0.282     6.080    clk_IBUF
    BUFGCE_X0Y77         BUFGCE (Prop_BUFCE_BUFGCE_I_O)
                                                      0.024     6.104 r  clk_IBUF_BUFG_inst/O
    X3Y3 (CLOCK_ROOT)    net (fo=343, routed)         0.758     6.862    u_baseline/clk_IBUF_BUFG
    SLICE_X75Y193        FDRE                                         r  u_baseline/lane_sum_q_reg[14]/C
                         clock pessimism              0.314     7.176    
                         clock uncertainty           -0.035     7.141    
    SLICE_X75Y193        FDRE (Setup_GFF_SLICEL_C_D)
                                                      0.025     7.166    u_baseline/lane_sum_q_reg[14]
  -------------------------------------------------------------------
                         required time                          7.166    
                         arrival time                          -6.950    
  -------------------------------------------------------------------
                         slack                                  0.216    

Slack (MET) :             0.237ns  (required time - arrival time)
  Source:                 u_baseline/g_lane_mem[0].h1_mem_reg_bram_0/CLKARDCLK
                            (rising edge-triggered cell RAMB18E2 clocked by clk  {rise@0.000ns fall@2.750ns period=5.500ns})
  Destination:            u_baseline/lane_sum_q_reg[12]/D
                            (rising edge-triggered cell FDRE clocked by clk  {rise@0.000ns fall@2.750ns period=5.500ns})
  Path Group:             clk
  Path Type:              Setup (Max at Slow Process Corner)
  Requirement:            5.500ns  (clk rise@5.500ns - clk rise@0.000ns)
  Data Path Delay:        5.090ns  (logic 3.000ns (58.943%)  route 2.090ns (41.057%))
  Logic Levels:           16  (CARRY8=5 DSP_A_B_DATA=1 DSP_ALU=1 DSP_OUTPUT=1 LUT3=1 LUT4=1 LUT5=3 LUT6=3)
  Clock Path Skew:        -0.163ns (DCD - SCD + CPR)
    Destination Clock Delay (DCD):    1.362ns = ( 6.862 - 5.500 ) 
    Source Clock Delay      (SCD):    1.839ns
    Clock Pessimism Removal (CPR):    0.314ns
  Clock Uncertainty:      0.035ns  ((TSJ^2 + TIJ^2)^1/2 + DJ) / 2 + PE
    Total System Jitter     (TSJ):    0.071ns
    Total Input Jitter      (TIJ):    0.000ns
    Discrete Jitter          (DJ):    0.000ns
    Phase Error              (PE):    0.000ns
  Clock Net Delay (Source):      0.944ns (routing 0.001ns, distribution 0.943ns)
  Clock Net Delay (Destination): 0.758ns (routing 0.001ns, distribution 0.757ns)

    Location             Delay type                Incr(ns)  Path(ns)    Netlist Resource(s)
  -------------------------------------------------------------------    -------------------
                         (clock clk rise edge)        0.000     0.000 r  
    P11                                               0.000     0.000 r  clk (IN)
                         net (fo=0)                   0.000     0.000    clk_IBUF_inst/I
    P11                  INBUF (Prop_INBUF_HPIOB_M_PAD_O)
                                                      0.548     0.548 r  clk_IBUF_inst/INBUF_INST/O
                         net (fo=1, routed)           0.000     0.548    clk_IBUF_inst/OUT
    P11                  IBUFCTRL (Prop_IBUFCTRL_HPIOB_M_I_O)
                                                      0.000     0.548 r  clk_IBUF_inst/IBUFCTRL_INST/O
                         net (fo=1, routed)           0.319     0.867    clk_IBUF
    BUFGCE_X0Y77         BUFGCE (Prop_BUFCE_BUFGCE_I_O)
                                                      0.028     0.895 r  clk_IBUF_BUFG_inst/O
    X3Y3 (CLOCK_ROOT)    net (fo=343, routed)         0.944     1.839    u_baseline/clk_IBUF_BUFG
    RAMB18_X10Y78        RAMB18E2                                     r  u_baseline/g_lane_mem[0].h1_mem_reg_bram_0/CLKARDCLK
  -------------------------------------------------------------------    -------------------
    RAMB18_X10Y78        RAMB18E2 (Prop_RAMB18E2_L_RAMB180_CLKARDCLK_DOUTADOUT[0])
                                                      0.972     2.811 f  u_baseline/g_lane_mem[0].h1_mem_reg_bram_0/DOUTADOUT[0]
                         net (fo=1, routed)           0.314     3.125    u_baseline/lane_sum_c0/B[0]
    DSP48E2_X15Y78       DSP_A_B_DATA (Prop_DSP_A_B_DATA_DSP48E2_B[0]_B_ALU[0])
                                                      0.165     3.290 r  u_baseline/lane_sum_c0/DSP_A_B_DATA_INST/B_ALU[0]
                         net (fo=1, routed)           0.000     3.290    u_baseline/lane_sum_c0/DSP_A_B_DATA.B_ALU<0>
    DSP48E2_X15Y78       DSP_ALU (Prop_DSP_ALU_DSP48E2_B_ALU[0]_ALU_OUT[0])
                                                      0.541     3.831 f  u_baseline/lane_sum_c0/DSP_ALU_INST/ALU_OUT[0]
                         net (fo=1, routed)           0.000     3.831    u_baseline/lane_sum_c0/DSP_ALU.ALU_OUT<0>
    DSP48E2_X15Y78       DSP_OUTPUT (Prop_DSP_OUTPUT_DSP48E2_ALU_OUT[0]_P[0])
                                                      0.109     3.940 r  u_baseline/lane_sum_c0/DSP_OUTPUT_INST/P[0]
                         net (fo=1, routed)           0.159     4.099    u_baseline/lane_sum_c0_n_105
    SLICE_X77Y195        LUT5 (Prop_C6LUT_SLICEM_I0_O)
                                                      0.098     4.197 r  u_baseline/lane_sum_c0__0_carry_i_23/O
                         net (fo=2, routed)           0.280     4.477    u_baseline/lane_sum_c[0]
    SLICE_X76Y197        LUT5 (Prop_A6LUT_SLICEM_I0_O)
                                                      0.053     4.530 r  u_baseline/lane_sum_c0__0_carry_i_15/O
                         net (fo=1, routed)           0.013     4.543    u_baseline/lane_sum_c0__0_carry_i_15_n_0
    SLICE_X76Y197        CARRY8 (Prop_CARRY8_SLICEM_S[0]_O[0])
                                                      0.065     4.608 r  u_baseline/lane_sum_c0__0_carry/O[0]
                         net (fo=2, routed)           0.222     4.830    u_baseline/lane_sum_c0__0_carry_n_15
    SLICE_X74Y196        LUT6 (Prop_C6LUT_SLICEM_I0_O)
                                                      0.051     4.881 r  u_baseline/i___0_carry_i_7/O
                         net (fo=2, routed)           0.136     5.017    u_baseline/i___0_carry_i_7_n_0
    SLICE_X75Y196        LUT6 (Prop_B6LUT_SLICEL_I0_O)
                                                      0.098     5.115 r  u_baseline/i___0_carry_i_14/O
                         net (fo=1, routed)           0.009     5.124    u_baseline/i___0_carry_i_14_n_0
    SLICE_X75Y196        CARRY8 (Prop_CARRY8_SLICEL_S[1]_O[6])
                                                      0.220     5.344 r  u_baseline/lane_sum_c0_inferred__0/i___0_carry/O[6]
                         net (fo=2, routed)           0.241     5.585    u_baseline/lane_sum_c0_inferred__0/i___0_carry_n_9
    SLICE_X74Y194        LUT5 (Prop_D6LUT_SLICEM_I4_O)
                                                      0.051     5.636 r  u_baseline/i___247_carry_i_1/O
                         net (fo=2, routed)           0.156     5.792    u_baseline/i___247_carry_i_1_n_0
    SLICE_X76Y193        LUT6 (Prop_H6LUT_SLICEM_I2_O)
                                                      0.053     5.845 r  u_baseline/i___247_carry_i_8/O
                         net (fo=1, routed)           0.015     5.860    u_baseline/i___247_carry_i_8_n_0
    SLICE_X76Y193        CARRY8 (Prop_CARRY8_SLICEM_S[7]_CO[7])
                                                      0.117     5.977 r  u_baseline/lane_sum_c0_inferred__0/i___247_carry/CO[7]
                         net (fo=1, routed)           0.026     6.003    u_baseline/lane_sum_c0_inferred__0/i___247_carry_n_0
    SLICE_X76Y194        CARRY8 (Prop_CARRY8_SLICEM_CI_O[0])
                                                      0.056     6.059 r  u_baseline/lane_sum_c0_inferred__0/i___247_carry__0/O[0]
                         net (fo=2, routed)           0.235     6.294    u_baseline/lane_sum_c0_inferred__0/i___247_carry__0_n_15
    SLICE_X75Y193        LUT3 (Prop_A5LUT_SLICEL_I1_O)
                                                      0.100     6.394 r  u_baseline/i___341_carry__0_i_7/O
                         net (fo=2, routed)           0.250     6.644    u_baseline/i___341_carry__0_i_7_n_0
    SLICE_X75Y193        LUT4 (Prop_B6LUT_SLICEL_I3_O)
                                                      0.051     6.695 r  u_baseline/i___341_carry__0_i_15/O
                         net (fo=1, routed)           0.009     6.704    u_baseline/i___341_carry__0_i_15_n_0
    SLICE_X75Y193        CARRY8 (Prop_CARRY8_SLICEL_S[1]_O[4])
                                                      0.200     6.904 r  u_baseline/lane_sum_c0_inferred__0/i___341_carry__0/O[4]
                         net (fo=1, routed)           0.025     6.929    u_baseline/lane_sum_c0_inferred__0/i___341_carry__0_n_11
    SLICE_X75Y193        FDRE                                         r  u_baseline/lane_sum_q_reg[12]/D
  -------------------------------------------------------------------    -------------------

                         (clock clk rise edge)        5.500     5.500 r  
    P11                                               0.000     5.500 r  clk (IN)
                         net (fo=0)                   0.000     5.500    clk_IBUF_inst/I
    P11                  INBUF (Prop_INBUF_HPIOB_M_PAD_O)
                                                      0.298     5.798 r  clk_IBUF_inst/INBUF_INST/O
                         net (fo=1, routed)           0.000     5.798    clk_IBUF_inst/OUT
    P11                  IBUFCTRL (Prop_IBUFCTRL_HPIOB_M_I_O)
                                                      0.000     5.798 r  clk_IBUF_inst/IBUFCTRL_INST/O
                         net (fo=1, routed)           0.282     6.080    clk_IBUF
    BUFGCE_X0Y77         BUFGCE (Prop_BUFCE_BUFGCE_I_O)
                                                      0.024     6.104 r  clk_IBUF_BUFG_inst/O
    X3Y3 (CLOCK_ROOT)    net (fo=343, routed)         0.758     6.862    u_baseline/clk_IBUF_BUFG
    SLICE_X75Y193        FDRE                                         r  u_baseline/lane_sum_q_reg[12]/C
                         clock pessimism              0.314     7.176    
                         clock uncertainty           -0.035     7.141    
    SLICE_X75Y193        FDRE (Setup_EFF_SLICEL_C_D)
                                                      0.025     7.166    u_baseline/lane_sum_q_reg[12]
  -------------------------------------------------------------------
                         required time                          7.166    
                         arrival time                          -6.929    
  -------------------------------------------------------------------
                         slack                                  0.237    

Slack (MET) :             0.314ns  (required time - arrival time)
  Source:                 u_baseline/g_lane_mem[0].h1_mem_reg_bram_0/CLKARDCLK
                            (rising edge-triggered cell RAMB18E2 clocked by clk  {rise@0.000ns fall@2.750ns period=5.500ns})
  Destination:            u_baseline/lane_sum_q_reg[11]/D
                            (rising edge-triggered cell FDRE clocked by clk  {rise@0.000ns fall@2.750ns period=5.500ns})
  Path Group:             clk
  Path Type:              Setup (Max at Slow Process Corner)
  Requirement:            5.500ns  (clk rise@5.500ns - clk rise@0.000ns)
  Data Path Delay:        5.011ns  (logic 2.920ns (58.275%)  route 2.091ns (41.725%))
  Logic Levels:           16  (CARRY8=5 DSP_A_B_DATA=1 DSP_ALU=1 DSP_OUTPUT=1 LUT3=1 LUT4=1 LUT5=3 LUT6=3)
  Clock Path Skew:        -0.165ns (DCD - SCD + CPR)
    Destination Clock Delay (DCD):    1.360ns = ( 6.860 - 5.500 ) 
    Source Clock Delay      (SCD):    1.839ns
    Clock Pessimism Removal (CPR):    0.314ns
  Clock Uncertainty:      0.035ns  ((TSJ^2 + TIJ^2)^1/2 + DJ) / 2 + PE
    Total System Jitter     (TSJ):    0.071ns
    Total Input Jitter      (TIJ):    0.000ns
    Discrete Jitter          (DJ):    0.000ns
    Phase Error              (PE):    0.000ns
  Clock Net Delay (Source):      0.944ns (routing 0.001ns, distribution 0.943ns)
  Clock Net Delay (Destination): 0.756ns (routing 0.001ns, distribution 0.755ns)

    Location             Delay type                Incr(ns)  Path(ns)    Netlist Resource(s)
  -------------------------------------------------------------------    -------------------
                         (clock clk rise edge)        0.000     0.000 r  
    P11                                               0.000     0.000 r  clk (IN)
                         net (fo=0)                   0.000     0.000    clk_IBUF_inst/I
    P11                  INBUF (Prop_INBUF_HPIOB_M_PAD_O)
                                                      0.548     0.548 r  clk_IBUF_inst/INBUF_INST/O
                         net (fo=1, routed)           0.000     0.548    clk_IBUF_inst/OUT
    P11                  IBUFCTRL (Prop_IBUFCTRL_HPIOB_M_I_O)
                                                      0.000     0.548 r  clk_IBUF_inst/IBUFCTRL_INST/O
                         net (fo=1, routed)           0.319     0.867    clk_IBUF
    BUFGCE_X0Y77         BUFGCE (Prop_BUFCE_BUFGCE_I_O)
                                                      0.028     0.895 r  clk_IBUF_BUFG_inst/O
    X3Y3 (CLOCK_ROOT)    net (fo=343, routed)         0.944     1.839    u_baseline/clk_IBUF_BUFG
    RAMB18_X10Y78        RAMB18E2                                     r  u_baseline/g_lane_mem[0].h1_mem_reg_bram_0/CLKARDCLK
  -------------------------------------------------------------------    -------------------
    RAMB18_X10Y78        RAMB18E2 (Prop_RAMB18E2_L_RAMB180_CLKARDCLK_DOUTADOUT[0])
                                                      0.972     2.811 f  u_baseline/g_lane_mem[0].h1_mem_reg_bram_0/DOUTADOUT[0]
                         net (fo=1, routed)           0.314     3.125    u_baseline/lane_sum_c0/B[0]
    DSP48E2_X15Y78       DSP_A_B_DATA (Prop_DSP_A_B_DATA_DSP48E2_B[0]_B_ALU[0])
                                                      0.165     3.290 r  u_baseline/lane_sum_c0/DSP_A_B_DATA_INST/B_ALU[0]
                         net (fo=1, routed)           0.000     3.290    u_baseline/lane_sum_c0/DSP_A_B_DATA.B_ALU<0>
    DSP48E2_X15Y78       DSP_ALU (Prop_DSP_ALU_DSP48E2_B_ALU[0]_ALU_OUT[0])
                                                      0.541     3.831 f  u_baseline/lane_sum_c0/DSP_ALU_INST/ALU_OUT[0]
                         net (fo=1, routed)           0.000     3.831    u_baseline/lane_sum_c0/DSP_ALU.ALU_OUT<0>
    DSP48E2_X15Y78       DSP_OUTPUT (Prop_DSP_OUTPUT_DSP48E2_ALU_OUT[0]_P[0])
                                                      0.109     3.940 r  u_baseline/lane_sum_c0/DSP_OUTPUT_INST/P[0]
                         net (fo=1, routed)           0.159     4.099    u_baseline/lane_sum_c0_n_105
    SLICE_X77Y195        LUT5 (Prop_C6LUT_SLICEM_I0_O)
                                                      0.098     4.197 r  u_baseline/lane_sum_c0__0_carry_i_23/O
                         net (fo=2, routed)           0.280     4.477    u_baseline/lane_sum_c[0]
    SLICE_X76Y197        LUT5 (Prop_A6LUT_SLICEM_I0_O)
                                                      0.053     4.530 r  u_baseline/lane_sum_c0__0_carry_i_15/O
                         net (fo=1, routed)           0.013     4.543    u_baseline/lane_sum_c0__0_carry_i_15_n_0
    SLICE_X76Y197        CARRY8 (Prop_CARRY8_SLICEM_S[0]_O[0])
                                                      0.065     4.608 r  u_baseline/lane_sum_c0__0_carry/O[0]
                         net (fo=2, routed)           0.222     4.830    u_baseline/lane_sum_c0__0_carry_n_15
    SLICE_X74Y196        LUT6 (Prop_C6LUT_SLICEM_I0_O)
                                                      0.051     4.881 r  u_baseline/i___0_carry_i_7/O
                         net (fo=2, routed)           0.136     5.017    u_baseline/i___0_carry_i_7_n_0
    SLICE_X75Y196        LUT6 (Prop_B6LUT_SLICEL_I0_O)
                                                      0.098     5.115 r  u_baseline/i___0_carry_i_14/O
                         net (fo=1, routed)           0.009     5.124    u_baseline/i___0_carry_i_14_n_0
    SLICE_X75Y196        CARRY8 (Prop_CARRY8_SLICEL_S[1]_O[6])
                                                      0.220     5.344 r  u_baseline/lane_sum_c0_inferred__0/i___0_carry/O[6]
                         net (fo=2, routed)           0.241     5.585    u_baseline/lane_sum_c0_inferred__0/i___0_carry_n_9
    SLICE_X74Y194        LUT5 (Prop_D6LUT_SLICEM_I4_O)
                                                      0.051     5.636 r  u_baseline/i___247_carry_i_1/O
                         net (fo=2, routed)           0.156     5.792    u_baseline/i___247_carry_i_1_n_0
    SLICE_X76Y193        LUT6 (Prop_H6LUT_SLICEM_I2_O)
                                                      0.053     5.845 r  u_baseline/i___247_carry_i_8/O
                         net (fo=1, routed)           0.015     5.860    u_baseline/i___247_carry_i_8_n_0
    SLICE_X76Y193        CARRY8 (Prop_CARRY8_SLICEM_S[7]_CO[7])
                                                      0.117     5.977 r  u_baseline/lane_sum_c0_inferred__0/i___247_carry/CO[7]
                         net (fo=1, routed)           0.026     6.003    u_baseline/lane_sum_c0_inferred__0/i___247_carry_n_0
    SLICE_X76Y194        CARRY8 (Prop_CARRY8_SLICEM_CI_O[0])
                                                      0.056     6.059 r  u_baseline/lane_sum_c0_inferred__0/i___247_carry__0/O[0]
                         net (fo=2, routed)           0.235     6.294    u_baseline/lane_sum_c0_inferred__0/i___247_carry__0_n_15
    SLICE_X75Y193        LUT3 (Prop_A5LUT_SLICEL_I1_O)
                                                      0.100     6.394 r  u_baseline/i___341_carry__0_i_7/O
                         net (fo=2, routed)           0.250     6.644    u_baseline/i___341_carry__0_i_7_n_0
    SLICE_X75Y193        LUT4 (Prop_B6LUT_SLICEL_I3_O)
                                                      0.051     6.695 r  u_baseline/i___341_carry__0_i_15/O
                         net (fo=1, routed)           0.009     6.704    u_baseline/i___341_carry__0_i_15_n_0
    SLICE_X75Y193        CARRY8 (Prop_CARRY8_SLICEL_S[1]_O[3])
                                                      0.120     6.824 r  u_baseline/lane_sum_c0_inferred__0/i___341_carry__0/O[3]
                         net (fo=1, routed)           0.026     6.850    u_baseline/lane_sum_c0_inferred__0/i___341_carry__0_n_12
    SLICE_X75Y193        FDRE                                         r  u_baseline/lane_sum_q_reg[11]/D
  -------------------------------------------------------------------    -------------------

                         (clock clk rise edge)        5.500     5.500 r  
    P11                                               0.000     5.500 r  clk (IN)
                         net (fo=0)                   0.000     5.500    clk_IBUF_inst/I
    P11                  INBUF (Prop_INBUF_HPIOB_M_PAD_O)
                                                      0.298     5.798 r  clk_IBUF_inst/INBUF_INST/O
                         net (fo=1, routed)           0.000     5.798    clk_IBUF_inst/OUT
    P11                  IBUFCTRL (Prop_IBUFCTRL_HPIOB_M_I_O)
                                                      0.000     5.798 r  clk_IBUF_inst/IBUFCTRL_INST/O
                         net (fo=1, routed)           0.282     6.080    clk_IBUF
    BUFGCE_X0Y77         BUFGCE (Prop_BUFCE_BUFGCE_I_O)
                                                      0.024     6.104 r  clk_IBUF_BUFG_inst/O
    X3Y3 (CLOCK_ROOT)    net (fo=343, routed)         0.756     6.860    u_baseline/clk_IBUF_BUFG
    SLICE_X75Y193        FDRE                                         r  u_baseline/lane_sum_q_reg[11]/C
                         clock pessimism              0.314     7.174    
                         clock uncertainty           -0.035     7.139    
    SLICE_X75Y193        FDRE (Setup_DFF_SLICEL_C_D)
                                                      0.025     7.164    u_baseline/lane_sum_q_reg[11]
  -------------------------------------------------------------------
                         required time                          7.164    
                         arrival time                          -6.850    
  -------------------------------------------------------------------
                         slack                                  0.314    

Slack (MET) :             0.320ns  (required time - arrival time)
  Source:                 u_baseline/g_lane_mem[0].h1_mem_reg_bram_0/CLKARDCLK
                            (rising edge-triggered cell RAMB18E2 clocked by clk  {rise@0.000ns fall@2.750ns period=5.500ns})
  Destination:            u_baseline/lane_sum_q_reg[10]/D
                            (rising edge-triggered cell FDRE clocked by clk  {rise@0.000ns fall@2.750ns period=5.500ns})
  Path Group:             clk
  Path Type:              Setup (Max at Slow Process Corner)
  Requirement:            5.500ns  (clk rise@5.500ns - clk rise@0.000ns)
  Data Path Delay:        5.005ns  (logic 2.914ns (58.225%)  route 2.091ns (41.775%))
  Logic Levels:           16  (CARRY8=5 DSP_A_B_DATA=1 DSP_ALU=1 DSP_OUTPUT=1 LUT3=1 LUT4=1 LUT5=3 LUT6=3)
  Clock Path Skew:        -0.165ns (DCD - SCD + CPR)
    Destination Clock Delay (DCD):    1.360ns = ( 6.860 - 5.500 ) 
    Source Clock Delay      (SCD):    1.839ns
    Clock Pessimism Removal (CPR):    0.314ns
  Clock Uncertainty:      0.035ns  ((TSJ^2 + TIJ^2)^1/2 + DJ) / 2 + PE
    Total System Jitter     (TSJ):    0.071ns
    Total Input Jitter      (TIJ):    0.000ns
    Discrete Jitter          (DJ):    0.000ns
    Phase Error              (PE):    0.000ns
  Clock Net Delay (Source):      0.944ns (routing 0.001ns, distribution 0.943ns)
  Clock Net Delay (Destination): 0.756ns (routing 0.001ns, distribution 0.755ns)

    Location             Delay type                Incr(ns)  Path(ns)    Netlist Resource(s)
  -------------------------------------------------------------------    -------------------
                         (clock clk rise edge)        0.000     0.000 r  
    P11                                               0.000     0.000 r  clk (IN)
                         net (fo=0)                   0.000     0.000    clk_IBUF_inst/I
    P11                  INBUF (Prop_INBUF_HPIOB_M_PAD_O)
                                                      0.548     0.548 r  clk_IBUF_inst/INBUF_INST/O
                         net (fo=1, routed)           0.000     0.548    clk_IBUF_inst/OUT
    P11                  IBUFCTRL (Prop_IBUFCTRL_HPIOB_M_I_O)
                                                      0.000     0.548 r  clk_IBUF_inst/IBUFCTRL_INST/O
                         net (fo=1, routed)           0.319     0.867    clk_IBUF
    BUFGCE_X0Y77         BUFGCE (Prop_BUFCE_BUFGCE_I_O)
                                                      0.028     0.895 r  clk_IBUF_BUFG_inst/O
    X3Y3 (CLOCK_ROOT)    net (fo=343, routed)         0.944     1.839    u_baseline/clk_IBUF_BUFG
    RAMB18_X10Y78        RAMB18E2                                     r  u_baseline/g_lane_mem[0].h1_mem_reg_bram_0/CLKARDCLK
  -------------------------------------------------------------------    -------------------
    RAMB18_X10Y78        RAMB18E2 (Prop_RAMB18E2_L_RAMB180_CLKARDCLK_DOUTADOUT[0])
                                                      0.972     2.811 f  u_baseline/g_lane_mem[0].h1_mem_reg_bram_0/DOUTADOUT[0]
                         net (fo=1, routed)           0.314     3.125    u_baseline/lane_sum_c0/B[0]
    DSP48E2_X15Y78       DSP_A_B_DATA (Prop_DSP_A_B_DATA_DSP48E2_B[0]_B_ALU[0])
                                                      0.165     3.290 r  u_baseline/lane_sum_c0/DSP_A_B_DATA_INST/B_ALU[0]
                         net (fo=1, routed)           0.000     3.290    u_baseline/lane_sum_c0/DSP_A_B_DATA.B_ALU<0>
    DSP48E2_X15Y78       DSP_ALU (Prop_DSP_ALU_DSP48E2_B_ALU[0]_ALU_OUT[0])
                                                      0.541     3.831 f  u_baseline/lane_sum_c0/DSP_ALU_INST/ALU_OUT[0]
                         net (fo=1, routed)           0.000     3.831    u_baseline/lane_sum_c0/DSP_ALU.ALU_OUT<0>
    DSP48E2_X15Y78       DSP_OUTPUT (Prop_DSP_OUTPUT_DSP48E2_ALU_OUT[0]_P[0])
                                                      0.109     3.940 r  u_baseline/lane_sum_c0/DSP_OUTPUT_INST/P[0]
                         net (fo=1, routed)           0.159     4.099    u_baseline/lane_sum_c0_n_105
    SLICE_X77Y195        LUT5 (Prop_C6LUT_SLICEM_I0_O)
                                                      0.098     4.197 r  u_baseline/lane_sum_c0__0_carry_i_23/O
                         net (fo=2, routed)           0.280     4.477    u_baseline/lane_sum_c[0]
    SLICE_X76Y197        LUT5 (Prop_A6LUT_SLICEM_I0_O)
                                                      0.053     4.530 r  u_baseline/lane_sum_c0__0_carry_i_15/O
                         net (fo=1, routed)           0.013     4.543    u_baseline/lane_sum_c0__0_carry_i_15_n_0
    SLICE_X76Y197        CARRY8 (Prop_CARRY8_SLICEM_S[0]_O[0])
                                                      0.065     4.608 r  u_baseline/lane_sum_c0__0_carry/O[0]
                         net (fo=2, routed)           0.222     4.830    u_baseline/lane_sum_c0__0_carry_n_15
    SLICE_X74Y196        LUT6 (Prop_C6LUT_SLICEM_I0_O)
                                                      0.051     4.881 r  u_baseline/i___0_carry_i_7/O
                         net (fo=2, routed)           0.136     5.017    u_baseline/i___0_carry_i_7_n_0
    SLICE_X75Y196        LUT6 (Prop_B6LUT_SLICEL_I0_O)
                                                      0.098     5.115 r  u_baseline/i___0_carry_i_14/O
                         net (fo=1, routed)           0.009     5.124    u_baseline/i___0_carry_i_14_n_0
    SLICE_X75Y196        CARRY8 (Prop_CARRY8_SLICEL_S[1]_O[6])
                                                      0.220     5.344 r  u_baseline/lane_sum_c0_inferred__0/i___0_carry/O[6]
                         net (fo=2, routed)           0.241     5.585    u_baseline/lane_sum_c0_inferred__0/i___0_carry_n_9
    SLICE_X74Y194        LUT5 (Prop_D6LUT_SLICEM_I4_O)
                                                      0.051     5.636 r  u_baseline/i___247_carry_i_1/O
                         net (fo=2, routed)           0.156     5.792    u_baseline/i___247_carry_i_1_n_0
    SLICE_X76Y193        LUT6 (Prop_H6LUT_SLICEM_I2_O)
                                                      0.053     5.845 r  u_baseline/i___247_carry_i_8/O
                         net (fo=1, routed)           0.015     5.860    u_baseline/i___247_carry_i_8_n_0
    SLICE_X76Y193        CARRY8 (Prop_CARRY8_SLICEM_S[7]_CO[7])
                                                      0.117     5.977 r  u_baseline/lane_sum_c0_inferred__0/i___247_carry/CO[7]
                         net (fo=1, routed)           0.026     6.003    u_baseline/lane_sum_c0_inferred__0/i___247_carry_n_0
    SLICE_X76Y194        CARRY8 (Prop_CARRY8_SLICEM_CI_O[0])
                                                      0.056     6.059 r  u_baseline/lane_sum_c0_inferred__0/i___247_carry__0/O[0]
                         net (fo=2, routed)           0.235     6.294    u_baseline/lane_sum_c0_inferred__0/i___247_carry__0_n_15
    SLICE_X75Y193        LUT3 (Prop_A5LUT_SLICEL_I1_O)
                                                      0.100     6.394 r  u_baseline/i___341_carry__0_i_7/O
                         net (fo=2, routed)           0.250     6.644    u_baseline/i___341_carry__0_i_7_n_0
    SLICE_X75Y193        LUT4 (Prop_B6LUT_SLICEL_I3_O)
                                                      0.051     6.695 r  u_baseline/i___341_carry__0_i_15/O
                         net (fo=1, routed)           0.009     6.704    u_baseline/i___341_carry__0_i_15_n_0
    SLICE_X75Y193        CARRY8 (Prop_CARRY8_SLICEL_S[1]_O[2])
                                                      0.114     6.818 r  u_baseline/lane_sum_c0_inferred__0/i___341_carry__0/O[2]
                         net (fo=1, routed)           0.026     6.844    u_baseline/lane_sum_c0_inferred__0/i___341_carry__0_n_13
    SLICE_X75Y193        FDRE                                         r  u_baseline/lane_sum_q_reg[10]/D
  -------------------------------------------------------------------    -------------------

                         (clock clk rise edge)        5.500     5.500 r  
    P11                                               0.000     5.500 r  clk (IN)
                         net (fo=0)                   0.000     5.500    clk_IBUF_inst/I
    P11                  INBUF (Prop_INBUF_HPIOB_M_PAD_O)
                                                      0.298     5.798 r  clk_IBUF_inst/INBUF_INST/O
                         net (fo=1, routed)           0.000     5.798    clk_IBUF_inst/OUT
    P11                  IBUFCTRL (Prop_IBUFCTRL_HPIOB_M_I_O)
                                                      0.000     5.798 r  clk_IBUF_inst/IBUFCTRL_INST/O
                         net (fo=1, routed)           0.282     6.080    clk_IBUF
    BUFGCE_X0Y77         BUFGCE (Prop_BUFCE_BUFGCE_I_O)
                                                      0.024     6.104 r  clk_IBUF_BUFG_inst/O
    X3Y3 (CLOCK_ROOT)    net (fo=343, routed)         0.756     6.860    u_baseline/clk_IBUF_BUFG
    SLICE_X75Y193        FDRE                                         r  u_baseline/lane_sum_q_reg[10]/C
                         clock pessimism              0.314     7.174    
                         clock uncertainty           -0.035     7.139    
    SLICE_X75Y193        FDRE (Setup_CFF_SLICEL_C_D)
                                                      0.025     7.164    u_baseline/lane_sum_q_reg[10]
  -------------------------------------------------------------------
                         required time                          7.164    
                         arrival time                          -6.844    
  -------------------------------------------------------------------
                         slack                                  0.320    

Slack (MET) :             0.382ns  (required time - arrival time)
  Source:                 u_baseline/g_lane_mem[0].h1_mem_reg_bram_0/CLKARDCLK
                            (rising edge-triggered cell RAMB18E2 clocked by clk  {rise@0.000ns fall@2.750ns period=5.500ns})
  Destination:            u_baseline/lane_sum_q_reg[9]/D
                            (rising edge-triggered cell FDRE clocked by clk  {rise@0.000ns fall@2.750ns period=5.500ns})
  Path Group:             clk
  Path Type:              Setup (Max at Slow Process Corner)
  Requirement:            5.500ns  (clk rise@5.500ns - clk rise@0.000ns)
  Data Path Delay:        4.943ns  (logic 2.853ns (57.721%)  route 2.090ns (42.279%))
  Logic Levels:           16  (CARRY8=5 DSP_A_B_DATA=1 DSP_ALU=1 DSP_OUTPUT=1 LUT3=1 LUT4=1 LUT5=3 LUT6=3)
  Clock Path Skew:        -0.165ns (DCD - SCD + CPR)
    Destination Clock Delay (DCD):    1.360ns = ( 6.860 - 5.500 ) 
    Source Clock Delay      (SCD):    1.839ns
    Clock Pessimism Removal (CPR):    0.314ns
  Clock Uncertainty:      0.035ns  ((TSJ^2 + TIJ^2)^1/2 + DJ) / 2 + PE
    Total System Jitter     (TSJ):    0.071ns
    Total Input Jitter      (TIJ):    0.000ns
    Discrete Jitter          (DJ):    0.000ns
    Phase Error              (PE):    0.000ns
  Clock Net Delay (Source):      0.944ns (routing 0.001ns, distribution 0.943ns)
  Clock Net Delay (Destination): 0.756ns (routing 0.001ns, distribution 0.755ns)

    Location             Delay type                Incr(ns)  Path(ns)    Netlist Resource(s)
  -------------------------------------------------------------------    -------------------
                         (clock clk rise edge)        0.000     0.000 r  
    P11                                               0.000     0.000 r  clk (IN)
                         net (fo=0)                   0.000     0.000    clk_IBUF_inst/I
    P11                  INBUF (Prop_INBUF_HPIOB_M_PAD_O)
                                                      0.548     0.548 r  clk_IBUF_inst/INBUF_INST/O
                         net (fo=1, routed)           0.000     0.548    clk_IBUF_inst/OUT
    P11                  IBUFCTRL (Prop_IBUFCTRL_HPIOB_M_I_O)
                                                      0.000     0.548 r  clk_IBUF_inst/IBUFCTRL_INST/O
                         net (fo=1, routed)           0.319     0.867    clk_IBUF
    BUFGCE_X0Y77         BUFGCE (Prop_BUFCE_BUFGCE_I_O)
                                                      0.028     0.895 r  clk_IBUF_BUFG_inst/O
    X3Y3 (CLOCK_ROOT)    net (fo=343, routed)         0.944     1.839    u_baseline/clk_IBUF_BUFG
    RAMB18_X10Y78        RAMB18E2                                     r  u_baseline/g_lane_mem[0].h1_mem_reg_bram_0/CLKARDCLK
  -------------------------------------------------------------------    -------------------
    RAMB18_X10Y78        RAMB18E2 (Prop_RAMB18E2_L_RAMB180_CLKARDCLK_DOUTADOUT[0])
                                                      0.972     2.811 f  u_baseline/g_lane_mem[0].h1_mem_reg_bram_0/DOUTADOUT[0]
                         net (fo=1, routed)           0.314     3.125    u_baseline/lane_sum_c0/B[0]
    DSP48E2_X15Y78       DSP_A_B_DATA (Prop_DSP_A_B_DATA_DSP48E2_B[0]_B_ALU[0])
                                                      0.165     3.290 r  u_baseline/lane_sum_c0/DSP_A_B_DATA_INST/B_ALU[0]
                         net (fo=1, routed)           0.000     3.290    u_baseline/lane_sum_c0/DSP_A_B_DATA.B_ALU<0>
    DSP48E2_X15Y78       DSP_ALU (Prop_DSP_ALU_DSP48E2_B_ALU[0]_ALU_OUT[0])
                                                      0.541     3.831 f  u_baseline/lane_sum_c0/DSP_ALU_INST/ALU_OUT[0]
                         net (fo=1, routed)           0.000     3.831    u_baseline/lane_sum_c0/DSP_ALU.ALU_OUT<0>
    DSP48E2_X15Y78       DSP_OUTPUT (Prop_DSP_OUTPUT_DSP48E2_ALU_OUT[0]_P[0])
                                                      0.109     3.940 r  u_baseline/lane_sum_c0/DSP_OUTPUT_INST/P[0]
                         net (fo=1, routed)           0.159     4.099    u_baseline/lane_sum_c0_n_105
    SLICE_X77Y195        LUT5 (Prop_C6LUT_SLICEM_I0_O)
                                                      0.098     4.197 r  u_baseline/lane_sum_c0__0_carry_i_23/O
                         net (fo=2, routed)           0.280     4.477    u_baseline/lane_sum_c[0]
    SLICE_X76Y197        LUT5 (Prop_A6LUT_SLICEM_I0_O)
                                                      0.053     4.530 r  u_baseline/lane_sum_c0__0_carry_i_15/O
                         net (fo=1, routed)           0.013     4.543    u_baseline/lane_sum_c0__0_carry_i_15_n_0
    SLICE_X76Y197        CARRY8 (Prop_CARRY8_SLICEM_S[0]_O[0])
                                                      0.065     4.608 r  u_baseline/lane_sum_c0__0_carry/O[0]
                         net (fo=2, routed)           0.222     4.830    u_baseline/lane_sum_c0__0_carry_n_15
    SLICE_X74Y196        LUT6 (Prop_C6LUT_SLICEM_I0_O)
                                                      0.051     4.881 r  u_baseline/i___0_carry_i_7/O
                         net (fo=2, routed)           0.136     5.017    u_baseline/i___0_carry_i_7_n_0
    SLICE_X75Y196        LUT6 (Prop_B6LUT_SLICEL_I0_O)
                                                      0.098     5.115 r  u_baseline/i___0_carry_i_14/O
                         net (fo=1, routed)           0.009     5.124    u_baseline/i___0_carry_i_14_n_0
    SLICE_X75Y196        CARRY8 (Prop_CARRY8_SLICEL_S[1]_O[6])
                                                      0.220     5.344 r  u_baseline/lane_sum_c0_inferred__0/i___0_carry/O[6]
                         net (fo=2, routed)           0.241     5.585    u_baseline/lane_sum_c0_inferred__0/i___0_carry_n_9
    SLICE_X74Y194        LUT5 (Prop_D6LUT_SLICEM_I4_O)
                                                      0.051     5.636 r  u_baseline/i___247_carry_i_1/O
                         net (fo=2, routed)           0.156     5.792    u_baseline/i___247_carry_i_1_n_0
    SLICE_X76Y193        LUT6 (Prop_H6LUT_SLICEM_I2_O)
                                                      0.053     5.845 r  u_baseline/i___247_carry_i_8/O
                         net (fo=1, routed)           0.015     5.860    u_baseline/i___247_carry_i_8_n_0
    SLICE_X76Y193        CARRY8 (Prop_CARRY8_SLICEM_S[7]_CO[7])
                                                      0.117     5.977 r  u_baseline/lane_sum_c0_inferred__0/i___247_carry/CO[7]
                         net (fo=1, routed)           0.026     6.003    u_baseline/lane_sum_c0_inferred__0/i___247_carry_n_0
    SLICE_X76Y194        CARRY8 (Prop_CARRY8_SLICEM_CI_O[0])
                                                      0.056     6.059 r  u_baseline/lane_sum_c0_inferred__0/i___247_carry__0/O[0]
                         net (fo=2, routed)           0.235     6.294    u_baseline/lane_sum_c0_inferred__0/i___247_carry__0_n_15
    SLICE_X75Y193        LUT3 (Prop_A5LUT_SLICEL_I1_O)
                                                      0.100     6.394 r  u_baseline/i___341_carry__0_i_7/O
                         net (fo=2, routed)           0.250     6.644    u_baseline/i___341_carry__0_i_7_n_0
    SLICE_X75Y193        LUT4 (Prop_B6LUT_SLICEL_I3_O)
                                                      0.051     6.695 r  u_baseline/i___341_carry__0_i_15/O
                         net (fo=1, routed)           0.009     6.704    u_baseline/i___341_carry__0_i_15_n_0
    SLICE_X75Y193        CARRY8 (Prop_CARRY8_SLICEL_S[1]_O[1])
                                                      0.053     6.757 r  u_baseline/lane_sum_c0_inferred__0/i___341_carry__0/O[1]
                         net (fo=1, routed)           0.025     6.782    u_baseline/lane_sum_c0_inferred__0/i___341_carry__0_n_14
    SLICE_X75Y193        FDRE                                         r  u_baseline/lane_sum_q_reg[9]/D
  -------------------------------------------------------------------    -------------------

                         (clock clk rise edge)        5.500     5.500 r  
    P11                                               0.000     5.500 r  clk (IN)
                         net (fo=0)                   0.000     5.500    clk_IBUF_inst/I
    P11                  INBUF (Prop_INBUF_HPIOB_M_PAD_O)
                                                      0.298     5.798 r  clk_IBUF_inst/INBUF_INST/O
                         net (fo=1, routed)           0.000     5.798    clk_IBUF_inst/OUT
    P11                  IBUFCTRL (Prop_IBUFCTRL_HPIOB_M_I_O)
                                                      0.000     5.798 r  clk_IBUF_inst/IBUFCTRL_INST/O
                         net (fo=1, routed)           0.282     6.080    clk_IBUF
    BUFGCE_X0Y77         BUFGCE (Prop_BUFCE_BUFGCE_I_O)
                                                      0.024     6.104 r  clk_IBUF_BUFG_inst/O
    X3Y3 (CLOCK_ROOT)    net (fo=343, routed)         0.756     6.860    u_baseline/clk_IBUF_BUFG
    SLICE_X75Y193        FDRE                                         r  u_baseline/lane_sum_q_reg[9]/C
                         clock pessimism              0.314     7.174    
                         clock uncertainty           -0.035     7.139    
    SLICE_X75Y193        FDRE (Setup_BFF_SLICEL_C_D)
                                                      0.025     7.164    u_baseline/lane_sum_q_reg[9]
  -------------------------------------------------------------------
                         required time                          7.164    
                         arrival time                          -6.782    
  -------------------------------------------------------------------
                         slack                                  0.382    

Slack (MET) :             0.419ns  (required time - arrival time)
  Source:                 u_baseline/g_lane_mem[0].h1_mem_reg_bram_0/CLKARDCLK
                            (rising edge-triggered cell RAMB18E2 clocked by clk  {rise@0.000ns fall@2.750ns period=5.500ns})
  Destination:            u_baseline/lane_sum_q_reg[8]/D
                            (rising edge-triggered cell FDRE clocked by clk  {rise@0.000ns fall@2.750ns period=5.500ns})
  Path Group:             clk
  Path Type:              Setup (Max at Slow Process Corner)
  Requirement:            5.500ns  (clk rise@5.500ns - clk rise@0.000ns)
  Data Path Delay:        4.905ns  (logic 2.852ns (58.139%)  route 2.053ns (41.861%))
  Logic Levels:           16  (CARRY8=5 DSP_A_B_DATA=1 DSP_ALU=1 DSP_OUTPUT=1 LUT3=1 LUT4=1 LUT5=3 LUT6=3)
  Clock Path Skew:        -0.165ns (DCD - SCD + CPR)
    Destination Clock Delay (DCD):    1.360ns = ( 6.860 - 5.500 ) 
    Source Clock Delay      (SCD):    1.839ns
    Clock Pessimism Removal (CPR):    0.314ns
  Clock Uncertainty:      0.035ns  ((TSJ^2 + TIJ^2)^1/2 + DJ) / 2 + PE
    Total System Jitter     (TSJ):    0.071ns
    Total Input Jitter      (TIJ):    0.000ns
    Discrete Jitter          (DJ):    0.000ns
    Phase Error              (PE):    0.000ns
  Clock Net Delay (Source):      0.944ns (routing 0.001ns, distribution 0.943ns)
  Clock Net Delay (Destination): 0.756ns (routing 0.001ns, distribution 0.755ns)

    Location             Delay type                Incr(ns)  Path(ns)    Netlist Resource(s)
  -------------------------------------------------------------------    -------------------
                         (clock clk rise edge)        0.000     0.000 r  
    P11                                               0.000     0.000 r  clk (IN)
                         net (fo=0)                   0.000     0.000    clk_IBUF_inst/I
    P11                  INBUF (Prop_INBUF_HPIOB_M_PAD_O)
                                                      0.548     0.548 r  clk_IBUF_inst/INBUF_INST/O
                         net (fo=1, routed)           0.000     0.548    clk_IBUF_inst/OUT
    P11                  IBUFCTRL (Prop_IBUFCTRL_HPIOB_M_I_O)
                                                      0.000     0.548 r  clk_IBUF_inst/IBUFCTRL_INST/O
                         net (fo=1, routed)           0.319     0.867    clk_IBUF
    BUFGCE_X0Y77         BUFGCE (Prop_BUFCE_BUFGCE_I_O)
                                                      0.028     0.895 r  clk_IBUF_BUFG_inst/O
    X3Y3 (CLOCK_ROOT)    net (fo=343, routed)         0.944     1.839    u_baseline/clk_IBUF_BUFG
    RAMB18_X10Y78        RAMB18E2                                     r  u_baseline/g_lane_mem[0].h1_mem_reg_bram_0/CLKARDCLK
  -------------------------------------------------------------------    -------------------
    RAMB18_X10Y78        RAMB18E2 (Prop_RAMB18E2_L_RAMB180_CLKARDCLK_DOUTADOUT[0])
                                                      0.972     2.811 f  u_baseline/g_lane_mem[0].h1_mem_reg_bram_0/DOUTADOUT[0]
                         net (fo=1, routed)           0.314     3.125    u_baseline/lane_sum_c0/B[0]
    DSP48E2_X15Y78       DSP_A_B_DATA (Prop_DSP_A_B_DATA_DSP48E2_B[0]_B_ALU[0])
                                                      0.165     3.290 r  u_baseline/lane_sum_c0/DSP_A_B_DATA_INST/B_ALU[0]
                         net (fo=1, routed)           0.000     3.290    u_baseline/lane_sum_c0/DSP_A_B_DATA.B_ALU<0>
    DSP48E2_X15Y78       DSP_ALU (Prop_DSP_ALU_DSP48E2_B_ALU[0]_ALU_OUT[0])
                                                      0.541     3.831 f  u_baseline/lane_sum_c0/DSP_ALU_INST/ALU_OUT[0]
                         net (fo=1, routed)           0.000     3.831    u_baseline/lane_sum_c0/DSP_ALU.ALU_OUT<0>
    DSP48E2_X15Y78       DSP_OUTPUT (Prop_DSP_OUTPUT_DSP48E2_ALU_OUT[0]_P[0])
                                                      0.109     3.940 r  u_baseline/lane_sum_c0/DSP_OUTPUT_INST/P[0]
                         net (fo=1, routed)           0.159     4.099    u_baseline/lane_sum_c0_n_105
    SLICE_X77Y195        LUT5 (Prop_C6LUT_SLICEM_I0_O)
                                                      0.098     4.197 r  u_baseline/lane_sum_c0__0_carry_i_23/O
                         net (fo=2, routed)           0.280     4.477    u_baseline/lane_sum_c[0]
    SLICE_X76Y197        LUT5 (Prop_A6LUT_SLICEM_I0_O)
                                                      0.053     4.530 r  u_baseline/lane_sum_c0__0_carry_i_15/O
                         net (fo=1, routed)           0.013     4.543    u_baseline/lane_sum_c0__0_carry_i_15_n_0
    SLICE_X76Y197        CARRY8 (Prop_CARRY8_SLICEM_S[0]_O[0])
                                                      0.065     4.608 r  u_baseline/lane_sum_c0__0_carry/O[0]
                         net (fo=2, routed)           0.222     4.830    u_baseline/lane_sum_c0__0_carry_n_15
    SLICE_X74Y196        LUT6 (Prop_C6LUT_SLICEM_I0_O)
                                                      0.051     4.881 r  u_baseline/i___0_carry_i_7/O
                         net (fo=2, routed)           0.136     5.017    u_baseline/i___0_carry_i_7_n_0
    SLICE_X75Y196        LUT6 (Prop_B6LUT_SLICEL_I0_O)
                                                      0.098     5.115 r  u_baseline/i___0_carry_i_14/O
                         net (fo=1, routed)           0.009     5.124    u_baseline/i___0_carry_i_14_n_0
    SLICE_X75Y196        CARRY8 (Prop_CARRY8_SLICEL_S[1]_O[2])
                                                      0.114     5.238 r  u_baseline/lane_sum_c0_inferred__0/i___0_carry/O[2]
                         net (fo=2, routed)           0.270     5.508    u_baseline/lane_sum_c0_inferred__0/i___0_carry_n_13
    SLICE_X77Y197        LUT5 (Prop_A6LUT_SLICEM_I4_O)
                                                      0.038     5.546 r  u_baseline/i___247_carry_i_5/O
                         net (fo=2, routed)           0.175     5.721    u_baseline/i___247_carry_i_5_n_0
    SLICE_X76Y193        LUT6 (Prop_D6LUT_SLICEM_I2_O)
                                                      0.037     5.758 r  u_baseline/i___247_carry_i_12/O
                         net (fo=1, routed)           0.025     5.783    u_baseline/i___247_carry_i_12_n_0
    SLICE_X76Y193        CARRY8 (Prop_CARRY8_SLICEM_S[3]_O[5])
                                                      0.184     5.967 r  u_baseline/lane_sum_c0_inferred__0/i___247_carry/O[5]
                         net (fo=2, routed)           0.130     6.097    u_baseline/lane_sum_c0_inferred__0/i___247_carry_n_10
    SLICE_X75Y192        LUT3 (Prop_F5LUT_SLICEL_I1_O)
                                                      0.106     6.203 r  u_baseline/i___341_carry_i_2/O
                         net (fo=2, routed)           0.261     6.465    u_baseline/i___341_carry_i_2_n_0
    SLICE_X75Y192        LUT4 (Prop_G6LUT_SLICEL_I3_O)
                                                      0.050     6.515 r  u_baseline/i___341_carry_i_9/O
                         net (fo=1, routed)           0.008     6.523    u_baseline/i___341_carry_i_9_n_0
    SLICE_X75Y192        CARRY8 (Prop_CARRY8_SLICEL_S[6]_CO[7])
                                                      0.115     6.638 r  u_baseline/lane_sum_c0_inferred__0/i___341_carry/CO[7]
                         net (fo=1, routed)           0.026     6.664    u_baseline/lane_sum_c0_inferred__0/i___341_carry_n_0
    SLICE_X75Y193        CARRY8 (Prop_CARRY8_SLICEL_CI_O[0])
                                                      0.056     6.720 r  u_baseline/lane_sum_c0_inferred__0/i___341_carry__0/O[0]
                         net (fo=1, routed)           0.025     6.745    u_baseline/lane_sum_c0_inferred__0/i___341_carry__0_n_15
    SLICE_X75Y193        FDRE                                         r  u_baseline/lane_sum_q_reg[8]/D
  -------------------------------------------------------------------    -------------------

                         (clock clk rise edge)        5.500     5.500 r  
    P11                                               0.000     5.500 r  clk (IN)
                         net (fo=0)                   0.000     5.500    clk_IBUF_inst/I
    P11                  INBUF (Prop_INBUF_HPIOB_M_PAD_O)
                                                      0.298     5.798 r  clk_IBUF_inst/INBUF_INST/O
                         net (fo=1, routed)           0.000     5.798    clk_IBUF_inst/OUT
    P11                  IBUFCTRL (Prop_IBUFCTRL_HPIOB_M_I_O)
                                                      0.000     5.798 r  clk_IBUF_inst/IBUFCTRL_INST/O
                         net (fo=1, routed)           0.282     6.080    clk_IBUF
    BUFGCE_X0Y77         BUFGCE (Prop_BUFCE_BUFGCE_I_O)
                                                      0.024     6.104 r  clk_IBUF_BUFG_inst/O
    X3Y3 (CLOCK_ROOT)    net (fo=343, routed)         0.756     6.860    u_baseline/clk_IBUF_BUFG
    SLICE_X75Y193        FDRE                                         r  u_baseline/lane_sum_q_reg[8]/C
                         clock pessimism              0.314     7.174    
                         clock uncertainty           -0.035     7.139    
    SLICE_X75Y193        FDRE (Setup_AFF_SLICEL_C_D)
                                                      0.025     7.164    u_baseline/lane_sum_q_reg[8]
  -------------------------------------------------------------------
                         required time                          7.164    
                         arrival time                          -6.745    
  -------------------------------------------------------------------
                         slack                                  0.419    

Slack (MET) :             0.537ns  (required time - arrival time)
  Source:                 u_baseline/g_lane_mem[0].h1_mem_reg_bram_0/CLKARDCLK
                            (rising edge-triggered cell RAMB18E2 clocked by clk  {rise@0.000ns fall@2.750ns period=5.500ns})
  Destination:            u_baseline/lane_sum_q_reg[7]/D
                            (rising edge-triggered cell FDRE clocked by clk  {rise@0.000ns fall@2.750ns period=5.500ns})
  Path Group:             clk
  Path Type:              Setup (Max at Slow Process Corner)
  Requirement:            5.500ns  (clk rise@5.500ns - clk rise@0.000ns)
  Data Path Delay:        4.790ns  (logic 2.762ns (57.656%)  route 2.028ns (42.344%))
  Logic Levels:           15  (CARRY8=4 DSP_A_B_DATA=1 DSP_ALU=1 DSP_OUTPUT=1 LUT3=1 LUT4=1 LUT5=3 LUT6=3)
  Clock Path Skew:        -0.162ns (DCD - SCD + CPR)
    Destination Clock Delay (DCD):    1.363ns = ( 6.863 - 5.500 ) 
    Source Clock Delay      (SCD):    1.839ns
    Clock Pessimism Removal (CPR):    0.314ns
  Clock Uncertainty:      0.035ns  ((TSJ^2 + TIJ^2)^1/2 + DJ) / 2 + PE
    Total System Jitter     (TSJ):    0.071ns
    Total Input Jitter      (TIJ):    0.000ns
    Discrete Jitter          (DJ):    0.000ns
    Phase Error              (PE):    0.000ns
  Clock Net Delay (Source):      0.944ns (routing 0.001ns, distribution 0.943ns)
  Clock Net Delay (Destination): 0.759ns (routing 0.001ns, distribution 0.758ns)

    Location             Delay type                Incr(ns)  Path(ns)    Netlist Resource(s)
  -------------------------------------------------------------------    -------------------
                         (clock clk rise edge)        0.000     0.000 r  
    P11                                               0.000     0.000 r  clk (IN)
                         net (fo=0)                   0.000     0.000    clk_IBUF_inst/I
    P11                  INBUF (Prop_INBUF_HPIOB_M_PAD_O)
                                                      0.548     0.548 r  clk_IBUF_inst/INBUF_INST/O
                         net (fo=1, routed)           0.000     0.548    clk_IBUF_inst/OUT
    P11                  IBUFCTRL (Prop_IBUFCTRL_HPIOB_M_I_O)
                                                      0.000     0.548 r  clk_IBUF_inst/IBUFCTRL_INST/O
                         net (fo=1, routed)           0.319     0.867    clk_IBUF
    BUFGCE_X0Y77         BUFGCE (Prop_BUFCE_BUFGCE_I_O)
                                                      0.028     0.895 r  clk_IBUF_BUFG_inst/O
    X3Y3 (CLOCK_ROOT)    net (fo=343, routed)         0.944     1.839    u_baseline/clk_IBUF_BUFG
    RAMB18_X10Y78        RAMB18E2                                     r  u_baseline/g_lane_mem[0].h1_mem_reg_bram_0/CLKARDCLK
  -------------------------------------------------------------------    -------------------
    RAMB18_X10Y78        RAMB18E2 (Prop_RAMB18E2_L_RAMB180_CLKARDCLK_DOUTADOUT[0])
                                                      0.972     2.811 f  u_baseline/g_lane_mem[0].h1_mem_reg_bram_0/DOUTADOUT[0]
                         net (fo=1, routed)           0.314     3.125    u_baseline/lane_sum_c0/B[0]
    DSP48E2_X15Y78       DSP_A_B_DATA (Prop_DSP_A_B_DATA_DSP48E2_B[0]_B_ALU[0])
                                                      0.165     3.290 r  u_baseline/lane_sum_c0/DSP_A_B_DATA_INST/B_ALU[0]
                         net (fo=1, routed)           0.000     3.290    u_baseline/lane_sum_c0/DSP_A_B_DATA.B_ALU<0>
    DSP48E2_X15Y78       DSP_ALU (Prop_DSP_ALU_DSP48E2_B_ALU[0]_ALU_OUT[0])
                                                      0.541     3.831 f  u_baseline/lane_sum_c0/DSP_ALU_INST/ALU_OUT[0]
                         net (fo=1, routed)           0.000     3.831    u_baseline/lane_sum_c0/DSP_ALU.ALU_OUT<0>
    DSP48E2_X15Y78       DSP_OUTPUT (Prop_DSP_OUTPUT_DSP48E2_ALU_OUT[0]_P[0])
                                                      0.109     3.940 r  u_baseline/lane_sum_c0/DSP_OUTPUT_INST/P[0]
                         net (fo=1, routed)           0.159     4.099    u_baseline/lane_sum_c0_n_105
    SLICE_X77Y195        LUT5 (Prop_C6LUT_SLICEM_I0_O)
                                                      0.098     4.197 r  u_baseline/lane_sum_c0__0_carry_i_23/O
                         net (fo=2, routed)           0.280     4.477    u_baseline/lane_sum_c[0]
    SLICE_X76Y197        LUT5 (Prop_A6LUT_SLICEM_I0_O)
                                                      0.053     4.530 r  u_baseline/lane_sum_c0__0_carry_i_15/O
                         net (fo=1, routed)           0.013     4.543    u_baseline/lane_sum_c0__0_carry_i_15_n_0
    SLICE_X76Y197        CARRY8 (Prop_CARRY8_SLICEM_S[0]_O[0])
                                                      0.065     4.608 r  u_baseline/lane_sum_c0__0_carry/O[0]
                         net (fo=2, routed)           0.222     4.830    u_baseline/lane_sum_c0__0_carry_n_15
    SLICE_X74Y196        LUT6 (Prop_C6LUT_SLICEM_I0_O)
                                                      0.051     4.881 r  u_baseline/i___0_carry_i_7/O
                         net (fo=2, routed)           0.136     5.017    u_baseline/i___0_carry_i_7_n_0
    SLICE_X75Y196        LUT6 (Prop_B6LUT_SLICEL_I0_O)
                                                      0.098     5.115 r  u_baseline/i___0_carry_i_14/O
                         net (fo=1, routed)           0.009     5.124    u_baseline/i___0_carry_i_14_n_0
    SLICE_X75Y196        CARRY8 (Prop_CARRY8_SLICEL_S[1]_O[2])
                                                      0.114     5.238 r  u_baseline/lane_sum_c0_inferred__0/i___0_carry/O[2]
                         net (fo=2, routed)           0.270     5.508    u_baseline/lane_sum_c0_inferred__0/i___0_carry_n_13
    SLICE_X77Y197        LUT5 (Prop_A6LUT_SLICEM_I4_O)
                                                      0.038     5.546 r  u_baseline/i___247_carry_i_5/O
                         net (fo=2, routed)           0.175     5.721    u_baseline/i___247_carry_i_5_n_0
    SLICE_X76Y193        LUT6 (Prop_D6LUT_SLICEM_I2_O)
                                                      0.037     5.758 r  u_baseline/i___247_carry_i_12/O
                         net (fo=1, routed)           0.025     5.783    u_baseline/i___247_carry_i_12_n_0
    SLICE_X76Y193        CARRY8 (Prop_CARRY8_SLICEM_S[3]_O[5])
                                                      0.184     5.967 r  u_baseline/lane_sum_c0_inferred__0/i___247_carry/O[5]
                         net (fo=2, routed)           0.130     6.097    u_baseline/lane_sum_c0_inferred__0/i___247_carry_n_10
    SLICE_X75Y192        LUT3 (Prop_F5LUT_SLICEL_I1_O)
                                                      0.106     6.203 r  u_baseline/i___341_carry_i_2/O
                         net (fo=2, routed)           0.261     6.465    u_baseline/i___341_carry_i_2_n_0
    SLICE_X75Y192        LUT4 (Prop_G6LUT_SLICEL_I3_O)
                                                      0.050     6.515 r  u_baseline/i___341_carry_i_9/O
                         net (fo=1, routed)           0.008     6.523    u_baseline/i___341_carry_i_9_n_0
    SLICE_X75Y192        CARRY8 (Prop_CARRY8_SLICEL_S[6]_O[7])
                                                      0.081     6.604 r  u_baseline/lane_sum_c0_inferred__0/i___341_carry/O[7]
                         net (fo=1, routed)           0.026     6.630    u_baseline/lane_sum_c0_inferred__0/i___341_carry_n_8
    SLICE_X75Y192        FDRE                                         r  u_baseline/lane_sum_q_reg[7]/D
  -------------------------------------------------------------------    -------------------

                         (clock clk rise edge)        5.500     5.500 r  
    P11                                               0.000     5.500 r  clk (IN)
                         net (fo=0)                   0.000     5.500    clk_IBUF_inst/I
    P11                  INBUF (Prop_INBUF_HPIOB_M_PAD_O)
                                                      0.298     5.798 r  clk_IBUF_inst/INBUF_INST/O
                         net (fo=1, routed)           0.000     5.798    clk_IBUF_inst/OUT
    P11                  IBUFCTRL (Prop_IBUFCTRL_HPIOB_M_I_O)
                                                      0.000     5.798 r  clk_IBUF_inst/IBUFCTRL_INST/O
                         net (fo=1, routed)           0.282     6.080    clk_IBUF
    BUFGCE_X0Y77         BUFGCE (Prop_BUFCE_BUFGCE_I_O)
                                                      0.024     6.104 r  clk_IBUF_BUFG_inst/O
    X3Y3 (CLOCK_ROOT)    net (fo=343, routed)         0.759     6.863    u_baseline/clk_IBUF_BUFG
    SLICE_X75Y192        FDRE                                         r  u_baseline/lane_sum_q_reg[7]/C
                         clock pessimism              0.314     7.177    
                         clock uncertainty           -0.035     7.142    
    SLICE_X75Y192        FDRE (Setup_HFF_SLICEL_C_D)
                                                      0.025     7.167    u_baseline/lane_sum_q_reg[7]
  -------------------------------------------------------------------
                         required time                          7.167    
                         arrival time                          -6.630    
  -------------------------------------------------------------------
                         slack                                  0.537    

Slack (MET) :             0.565ns  (required time - arrival time)
  Source:                 u_baseline/g_lane_mem[0].h1_mem_reg_bram_0/CLKARDCLK
                            (rising edge-triggered cell RAMB18E2 clocked by clk  {rise@0.000ns fall@2.750ns period=5.500ns})
  Destination:            u_baseline/lane_sum_q_reg[6]/D
                            (rising edge-triggered cell FDRE clocked by clk  {rise@0.000ns fall@2.750ns period=5.500ns})
  Path Group:             clk
  Path Type:              Setup (Max at Slow Process Corner)
  Requirement:            5.500ns  (clk rise@5.500ns - clk rise@0.000ns)
  Data Path Delay:        4.762ns  (logic 2.734ns (57.407%)  route 2.028ns (42.593%))
  Logic Levels:           15  (CARRY8=4 DSP_A_B_DATA=1 DSP_ALU=1 DSP_OUTPUT=1 LUT3=1 LUT4=1 LUT5=3 LUT6=3)
  Clock Path Skew:        -0.162ns (DCD - SCD + CPR)
    Destination Clock Delay (DCD):    1.363ns = ( 6.863 - 5.500 ) 
    Source Clock Delay      (SCD):    1.839ns
    Clock Pessimism Removal (CPR):    0.314ns
  Clock Uncertainty:      0.035ns  ((TSJ^2 + TIJ^2)^1/2 + DJ) / 2 + PE
    Total System Jitter     (TSJ):    0.071ns
    Total Input Jitter      (TIJ):    0.000ns
    Discrete Jitter          (DJ):    0.000ns
    Phase Error              (PE):    0.000ns
  Clock Net Delay (Source):      0.944ns (routing 0.001ns, distribution 0.943ns)
  Clock Net Delay (Destination): 0.759ns (routing 0.001ns, distribution 0.758ns)

    Location             Delay type                Incr(ns)  Path(ns)    Netlist Resource(s)
  -------------------------------------------------------------------    -------------------
                         (clock clk rise edge)        0.000     0.000 r  
    P11                                               0.000     0.000 r  clk (IN)
                         net (fo=0)                   0.000     0.000    clk_IBUF_inst/I
    P11                  INBUF (Prop_INBUF_HPIOB_M_PAD_O)
                                                      0.548     0.548 r  clk_IBUF_inst/INBUF_INST/O
                         net (fo=1, routed)           0.000     0.548    clk_IBUF_inst/OUT
    P11                  IBUFCTRL (Prop_IBUFCTRL_HPIOB_M_I_O)
                                                      0.000     0.548 r  clk_IBUF_inst/IBUFCTRL_INST/O
                         net (fo=1, routed)           0.319     0.867    clk_IBUF
    BUFGCE_X0Y77         BUFGCE (Prop_BUFCE_BUFGCE_I_O)
                                                      0.028     0.895 r  clk_IBUF_BUFG_inst/O
    X3Y3 (CLOCK_ROOT)    net (fo=343, routed)         0.944     1.839    u_baseline/clk_IBUF_BUFG
    RAMB18_X10Y78        RAMB18E2                                     r  u_baseline/g_lane_mem[0].h1_mem_reg_bram_0/CLKARDCLK
  -------------------------------------------------------------------    -------------------
    RAMB18_X10Y78        RAMB18E2 (Prop_RAMB18E2_L_RAMB180_CLKARDCLK_DOUTADOUT[0])
                                                      0.972     2.811 f  u_baseline/g_lane_mem[0].h1_mem_reg_bram_0/DOUTADOUT[0]
                         net (fo=1, routed)           0.314     3.125    u_baseline/lane_sum_c0/B[0]
    DSP48E2_X15Y78       DSP_A_B_DATA (Prop_DSP_A_B_DATA_DSP48E2_B[0]_B_ALU[0])
                                                      0.165     3.290 r  u_baseline/lane_sum_c0/DSP_A_B_DATA_INST/B_ALU[0]
                         net (fo=1, routed)           0.000     3.290    u_baseline/lane_sum_c0/DSP_A_B_DATA.B_ALU<0>
    DSP48E2_X15Y78       DSP_ALU (Prop_DSP_ALU_DSP48E2_B_ALU[0]_ALU_OUT[0])
                                                      0.541     3.831 f  u_baseline/lane_sum_c0/DSP_ALU_INST/ALU_OUT[0]
                         net (fo=1, routed)           0.000     3.831    u_baseline/lane_sum_c0/DSP_ALU.ALU_OUT<0>
    DSP48E2_X15Y78       DSP_OUTPUT (Prop_DSP_OUTPUT_DSP48E2_ALU_OUT[0]_P[0])
                                                      0.109     3.940 r  u_baseline/lane_sum_c0/DSP_OUTPUT_INST/P[0]
                         net (fo=1, routed)           0.159     4.099    u_baseline/lane_sum_c0_n_105
    SLICE_X77Y195        LUT5 (Prop_C6LUT_SLICEM_I0_O)
                                                      0.098     4.197 r  u_baseline/lane_sum_c0__0_carry_i_23/O
                         net (fo=2, routed)           0.280     4.477    u_baseline/lane_sum_c[0]
    SLICE_X76Y197        LUT5 (Prop_A6LUT_SLICEM_I0_O)
                                                      0.053     4.530 r  u_baseline/lane_sum_c0__0_carry_i_15/O
                         net (fo=1, routed)           0.013     4.543    u_baseline/lane_sum_c0__0_carry_i_15_n_0
    SLICE_X76Y197        CARRY8 (Prop_CARRY8_SLICEM_S[0]_O[0])
                                                      0.065     4.608 r  u_baseline/lane_sum_c0__0_carry/O[0]
                         net (fo=2, routed)           0.222     4.830    u_baseline/lane_sum_c0__0_carry_n_15
    SLICE_X74Y196        LUT6 (Prop_C6LUT_SLICEM_I0_O)
                                                      0.051     4.881 r  u_baseline/i___0_carry_i_7/O
                         net (fo=2, routed)           0.136     5.017    u_baseline/i___0_carry_i_7_n_0
    SLICE_X75Y196        LUT6 (Prop_B6LUT_SLICEL_I0_O)
                                                      0.098     5.115 r  u_baseline/i___0_carry_i_14/O
                         net (fo=1, routed)           0.009     5.124    u_baseline/i___0_carry_i_14_n_0
    SLICE_X75Y196        CARRY8 (Prop_CARRY8_SLICEL_S[1]_O[2])
                                                      0.114     5.238 r  u_baseline/lane_sum_c0_inferred__0/i___0_carry/O[2]
                         net (fo=2, routed)           0.270     5.508    u_baseline/lane_sum_c0_inferred__0/i___0_carry_n_13
    SLICE_X77Y197        LUT5 (Prop_A6LUT_SLICEM_I4_O)
                                                      0.038     5.546 r  u_baseline/i___247_carry_i_5/O
                         net (fo=2, routed)           0.175     5.721    u_baseline/i___247_carry_i_5_n_0
    SLICE_X76Y193        LUT6 (Prop_D6LUT_SLICEM_I2_O)
                                                      0.037     5.758 r  u_baseline/i___247_carry_i_12/O
                         net (fo=1, routed)           0.025     5.783    u_baseline/i___247_carry_i_12_n_0
    SLICE_X76Y193        CARRY8 (Prop_CARRY8_SLICEM_S[3]_O[5])
                                                      0.184     5.967 r  u_baseline/lane_sum_c0_inferred__0/i___247_carry/O[5]
                         net (fo=2, routed)           0.130     6.097    u_baseline/lane_sum_c0_inferred__0/i___247_carry_n_10
    SLICE_X75Y192        LUT3 (Prop_F5LUT_SLICEL_I1_O)
                                                      0.106     6.203 r  u_baseline/i___341_carry_i_2/O
                         net (fo=2, routed)           0.261     6.465    u_baseline/i___341_carry_i_2_n_0
    SLICE_X75Y192        LUT4 (Prop_G6LUT_SLICEL_I3_O)
                                                      0.050     6.515 r  u_baseline/i___341_carry_i_9/O
                         net (fo=1, routed)           0.008     6.523    u_baseline/i___341_carry_i_9_n_0
    SLICE_X75Y192        CARRY8 (Prop_CARRY8_SLICEL_S[6]_O[6])
                                                      0.053     6.576 r  u_baseline/lane_sum_c0_inferred__0/i___341_carry/O[6]
                         net (fo=1, routed)           0.026     6.602    u_baseline/lane_sum_c0_inferred__0/i___341_carry_n_9
    SLICE_X75Y192        FDRE                                         r  u_baseline/lane_sum_q_reg[6]/D
  -------------------------------------------------------------------    -------------------

                         (clock clk rise edge)        5.500     5.500 r  
    P11                                               0.000     5.500 r  clk (IN)
                         net (fo=0)                   0.000     5.500    clk_IBUF_inst/I
    P11                  INBUF (Prop_INBUF_HPIOB_M_PAD_O)
                                                      0.298     5.798 r  clk_IBUF_inst/INBUF_INST/O
                         net (fo=1, routed)           0.000     5.798    clk_IBUF_inst/OUT
    P11                  IBUFCTRL (Prop_IBUFCTRL_HPIOB_M_I_O)
                                                      0.000     5.798 r  clk_IBUF_inst/IBUFCTRL_INST/O
                         net (fo=1, routed)           0.282     6.080    clk_IBUF
    BUFGCE_X0Y77         BUFGCE (Prop_BUFCE_BUFGCE_I_O)
                                                      0.024     6.104 r  clk_IBUF_BUFG_inst/O
    X3Y3 (CLOCK_ROOT)    net (fo=343, routed)         0.759     6.863    u_baseline/clk_IBUF_BUFG
    SLICE_X75Y192        FDRE                                         r  u_baseline/lane_sum_q_reg[6]/C
                         clock pessimism              0.314     7.177    
                         clock uncertainty           -0.035     7.142    
    SLICE_X75Y192        FDRE (Setup_GFF_SLICEL_C_D)
                                                      0.025     7.167    u_baseline/lane_sum_q_reg[6]
  -------------------------------------------------------------------
                         required time                          7.167    
                         arrival time                          -6.602    
  -------------------------------------------------------------------
                         slack                                  0.565    

Slack (MET) :             0.606ns  (required time - arrival time)
  Source:                 u_baseline/g_lane_mem[0].h1_mem_reg_bram_0/CLKARDCLK
                            (rising edge-triggered cell RAMB18E2 clocked by clk  {rise@0.000ns fall@2.750ns period=5.500ns})
  Destination:            u_baseline/lane_sum_q_reg[5]/D
                            (rising edge-triggered cell FDRE clocked by clk  {rise@0.000ns fall@2.750ns period=5.500ns})
  Path Group:             clk
  Path Type:              Setup (Max at Slow Process Corner)
  Requirement:            5.500ns  (clk rise@5.500ns - clk rise@0.000ns)
  Data Path Delay:        4.722ns  (logic 2.819ns (59.704%)  route 1.903ns (40.296%))
  Logic Levels:           15  (CARRY8=4 DSP_A_B_DATA=1 DSP_ALU=1 DSP_OUTPUT=1 LUT3=1 LUT4=1 LUT5=3 LUT6=3)
  Clock Path Skew:        -0.162ns (DCD - SCD + CPR)
    Destination Clock Delay (DCD):    1.363ns = ( 6.863 - 5.500 ) 
    Source Clock Delay      (SCD):    1.839ns
    Clock Pessimism Removal (CPR):    0.314ns
  Clock Uncertainty:      0.035ns  ((TSJ^2 + TIJ^2)^1/2 + DJ) / 2 + PE
    Total System Jitter     (TSJ):    0.071ns
    Total Input Jitter      (TIJ):    0.000ns
    Discrete Jitter          (DJ):    0.000ns
    Phase Error              (PE):    0.000ns
  Clock Net Delay (Source):      0.944ns (routing 0.001ns, distribution 0.943ns)
  Clock Net Delay (Destination): 0.759ns (routing 0.001ns, distribution 0.758ns)

    Location             Delay type                Incr(ns)  Path(ns)    Netlist Resource(s)
  -------------------------------------------------------------------    -------------------
                         (clock clk rise edge)        0.000     0.000 r  
    P11                                               0.000     0.000 r  clk (IN)
                         net (fo=0)                   0.000     0.000    clk_IBUF_inst/I
    P11                  INBUF (Prop_INBUF_HPIOB_M_PAD_O)
                                                      0.548     0.548 r  clk_IBUF_inst/INBUF_INST/O
                         net (fo=1, routed)           0.000     0.548    clk_IBUF_inst/OUT
    P11                  IBUFCTRL (Prop_IBUFCTRL_HPIOB_M_I_O)
                                                      0.000     0.548 r  clk_IBUF_inst/IBUFCTRL_INST/O
                         net (fo=1, routed)           0.319     0.867    clk_IBUF
    BUFGCE_X0Y77         BUFGCE (Prop_BUFCE_BUFGCE_I_O)
                                                      0.028     0.895 r  clk_IBUF_BUFG_inst/O
    X3Y3 (CLOCK_ROOT)    net (fo=343, routed)         0.944     1.839    u_baseline/clk_IBUF_BUFG
    RAMB18_X10Y78        RAMB18E2                                     r  u_baseline/g_lane_mem[0].h1_mem_reg_bram_0/CLKARDCLK
  -------------------------------------------------------------------    -------------------
    RAMB18_X10Y78        RAMB18E2 (Prop_RAMB18E2_L_RAMB180_CLKARDCLK_DOUTADOUT[0])
                                                      0.972     2.811 f  u_baseline/g_lane_mem[0].h1_mem_reg_bram_0/DOUTADOUT[0]
                         net (fo=1, routed)           0.314     3.125    u_baseline/lane_sum_c0/B[0]
    DSP48E2_X15Y78       DSP_A_B_DATA (Prop_DSP_A_B_DATA_DSP48E2_B[0]_B_ALU[0])
                                                      0.165     3.290 r  u_baseline/lane_sum_c0/DSP_A_B_DATA_INST/B_ALU[0]
                         net (fo=1, routed)           0.000     3.290    u_baseline/lane_sum_c0/DSP_A_B_DATA.B_ALU<0>
    DSP48E2_X15Y78       DSP_ALU (Prop_DSP_ALU_DSP48E2_B_ALU[0]_ALU_OUT[0])
                                                      0.541     3.831 f  u_baseline/lane_sum_c0/DSP_ALU_INST/ALU_OUT[0]
                         net (fo=1, routed)           0.000     3.831    u_baseline/lane_sum_c0/DSP_ALU.ALU_OUT<0>
    DSP48E2_X15Y78       DSP_OUTPUT (Prop_DSP_OUTPUT_DSP48E2_ALU_OUT[0]_P[0])
                                                      0.109     3.940 r  u_baseline/lane_sum_c0/DSP_OUTPUT_INST/P[0]
                         net (fo=1, routed)           0.159     4.099    u_baseline/lane_sum_c0_n_105
    SLICE_X77Y195        LUT5 (Prop_C6LUT_SLICEM_I0_O)
                                                      0.098     4.197 r  u_baseline/lane_sum_c0__0_carry_i_23/O
                         net (fo=2, routed)           0.280     4.477    u_baseline/lane_sum_c[0]
    SLICE_X76Y197        LUT5 (Prop_A6LUT_SLICEM_I0_O)
                                                      0.053     4.530 r  u_baseline/lane_sum_c0__0_carry_i_15/O
                         net (fo=1, routed)           0.013     4.543    u_baseline/lane_sum_c0__0_carry_i_15_n_0
    SLICE_X76Y197        CARRY8 (Prop_CARRY8_SLICEM_S[0]_O[0])
                                                      0.065     4.608 r  u_baseline/lane_sum_c0__0_carry/O[0]
                         net (fo=2, routed)           0.222     4.830    u_baseline/lane_sum_c0__0_carry_n_15
    SLICE_X74Y196        LUT6 (Prop_C6LUT_SLICEM_I0_O)
                                                      0.051     4.881 r  u_baseline/i___0_carry_i_7/O
                         net (fo=2, routed)           0.136     5.017    u_baseline/i___0_carry_i_7_n_0
    SLICE_X75Y196        LUT6 (Prop_B6LUT_SLICEL_I0_O)
                                                      0.098     5.115 r  u_baseline/i___0_carry_i_14/O
                         net (fo=1, routed)           0.009     5.124    u_baseline/i___0_carry_i_14_n_0
    SLICE_X75Y196        CARRY8 (Prop_CARRY8_SLICEL_S[1]_O[1])
                                                      0.053     5.177 r  u_baseline/lane_sum_c0_inferred__0/i___0_carry/O[1]
                         net (fo=2, routed)           0.238     5.415    u_baseline/lane_sum_c0_inferred__0/i___0_carry_n_14
    SLICE_X74Y193        LUT5 (Prop_H6LUT_SLICEM_I4_O)
                                                      0.090     5.505 r  u_baseline/i___247_carry_i_6/O
                         net (fo=2, routed)           0.172     5.678    u_baseline/i___247_carry_i_6_n_0
    SLICE_X76Y193        LUT6 (Prop_C6LUT_SLICEM_I2_O)
                                                      0.051     5.729 r  u_baseline/i___247_carry_i_13/O
                         net (fo=1, routed)           0.021     5.750    u_baseline/i___247_carry_i_13_n_0
    SLICE_X76Y193        CARRY8 (Prop_CARRY8_SLICEM_S[2]_O[2])
                                                      0.058     5.808 r  u_baseline/lane_sum_c0_inferred__0/i___247_carry/O[2]
                         net (fo=2, routed)           0.185     5.993    u_baseline/lane_sum_c0_inferred__0/i___247_carry_n_13
    SLICE_X75Y192        LUT3 (Prop_C5LUT_SLICEL_I1_O)
                                                      0.136     6.129 r  u_baseline/i___341_carry_i_5/O
                         net (fo=2, routed)           0.119     6.248    u_baseline/i___341_carry_i_5_n_0
    SLICE_X75Y192        LUT4 (Prop_D6LUT_SLICEL_I3_O)
                                                      0.099     6.347 r  u_baseline/i___341_carry_i_12/O
                         net (fo=1, routed)           0.009     6.356    u_baseline/i___341_carry_i_12_n_0
    SLICE_X75Y192        CARRY8 (Prop_CARRY8_SLICEL_S[3]_O[5])
                                                      0.180     6.536 r  u_baseline/lane_sum_c0_inferred__0/i___341_carry/O[5]
                         net (fo=1, routed)           0.025     6.561    u_baseline/lane_sum_c0_inferred__0/i___341_carry_n_10
    SLICE_X75Y192        FDRE                                         r  u_baseline/lane_sum_q_reg[5]/D
  -------------------------------------------------------------------    -------------------

                         (clock clk rise edge)        5.500     5.500 r  
    P11                                               0.000     5.500 r  clk (IN)
                         net (fo=0)                   0.000     5.500    clk_IBUF_inst/I
    P11                  INBUF (Prop_INBUF_HPIOB_M_PAD_O)
                                                      0.298     5.798 r  clk_IBUF_inst/INBUF_INST/O
                         net (fo=1, routed)           0.000     5.798    clk_IBUF_inst/OUT
    P11                  IBUFCTRL (Prop_IBUFCTRL_HPIOB_M_I_O)
                                                      0.000     5.798 r  clk_IBUF_inst/IBUFCTRL_INST/O
                         net (fo=1, routed)           0.282     6.080    clk_IBUF
    BUFGCE_X0Y77         BUFGCE (Prop_BUFCE_BUFGCE_I_O)
                                                      0.024     6.104 r  clk_IBUF_BUFG_inst/O
    X3Y3 (CLOCK_ROOT)    net (fo=343, routed)         0.759     6.863    u_baseline/clk_IBUF_BUFG
    SLICE_X75Y192        FDRE                                         r  u_baseline/lane_sum_q_reg[5]/C
                         clock pessimism              0.314     7.177    
                         clock uncertainty           -0.035     7.142    
    SLICE_X75Y192        FDRE (Setup_FFF_SLICEL_C_D)
                                                      0.025     7.167    u_baseline/lane_sum_q_reg[5]
  -------------------------------------------------------------------
                         required time                          7.167    
                         arrival time                          -6.561    
  -------------------------------------------------------------------
                         slack                                  0.606    

Slack (MET) :             0.642ns  (required time - arrival time)
  Source:                 u_baseline/g_lane_mem[0].h1_mem_reg_bram_0/CLKARDCLK
                            (rising edge-triggered cell RAMB18E2 clocked by clk  {rise@0.000ns fall@2.750ns period=5.500ns})
  Destination:            u_baseline/lane_sum_q_reg[4]/D
                            (rising edge-triggered cell FDRE clocked by clk  {rise@0.000ns fall@2.750ns period=5.500ns})
  Path Group:             clk
  Path Type:              Setup (Max at Slow Process Corner)
  Requirement:            5.500ns  (clk rise@5.500ns - clk rise@0.000ns)
  Data Path Delay:        4.686ns  (logic 2.783ns (59.394%)  route 1.903ns (40.606%))
  Logic Levels:           15  (CARRY8=4 DSP_A_B_DATA=1 DSP_ALU=1 DSP_OUTPUT=1 LUT3=1 LUT4=1 LUT5=3 LUT6=3)
  Clock Path Skew:        -0.162ns (DCD - SCD + CPR)
    Destination Clock Delay (DCD):    1.363ns = ( 6.863 - 5.500 ) 
    Source Clock Delay      (SCD):    1.839ns
    Clock Pessimism Removal (CPR):    0.314ns
  Clock Uncertainty:      0.035ns  ((TSJ^2 + TIJ^2)^1/2 + DJ) / 2 + PE
    Total System Jitter     (TSJ):    0.071ns
    Total Input Jitter      (TIJ):    0.000ns
    Discrete Jitter          (DJ):    0.000ns
    Phase Error              (PE):    0.000ns
  Clock Net Delay (Source):      0.944ns (routing 0.001ns, distribution 0.943ns)
  Clock Net Delay (Destination): 0.759ns (routing 0.001ns, distribution 0.758ns)

    Location             Delay type                Incr(ns)  Path(ns)    Netlist Resource(s)
  -------------------------------------------------------------------    -------------------
                         (clock clk rise edge)        0.000     0.000 r  
    P11                                               0.000     0.000 r  clk (IN)
                         net (fo=0)                   0.000     0.000    clk_IBUF_inst/I
    P11                  INBUF (Prop_INBUF_HPIOB_M_PAD_O)
                                                      0.548     0.548 r  clk_IBUF_inst/INBUF_INST/O
                         net (fo=1, routed)           0.000     0.548    clk_IBUF_inst/OUT
    P11                  IBUFCTRL (Prop_IBUFCTRL_HPIOB_M_I_O)
                                                      0.000     0.548 r  clk_IBUF_inst/IBUFCTRL_INST/O
                         net (fo=1, routed)           0.319     0.867    clk_IBUF
    BUFGCE_X0Y77         BUFGCE (Prop_BUFCE_BUFGCE_I_O)
                                                      0.028     0.895 r  clk_IBUF_BUFG_inst/O
    X3Y3 (CLOCK_ROOT)    net (fo=343, routed)         0.944     1.839    u_baseline/clk_IBUF_BUFG
    RAMB18_X10Y78        RAMB18E2                                     r  u_baseline/g_lane_mem[0].h1_mem_reg_bram_0/CLKARDCLK
  -------------------------------------------------------------------    -------------------
    RAMB18_X10Y78        RAMB18E2 (Prop_RAMB18E2_L_RAMB180_CLKARDCLK_DOUTADOUT[0])
                                                      0.972     2.811 f  u_baseline/g_lane_mem[0].h1_mem_reg_bram_0/DOUTADOUT[0]
                         net (fo=1, routed)           0.314     3.125    u_baseline/lane_sum_c0/B[0]
    DSP48E2_X15Y78       DSP_A_B_DATA (Prop_DSP_A_B_DATA_DSP48E2_B[0]_B_ALU[0])
                                                      0.165     3.290 r  u_baseline/lane_sum_c0/DSP_A_B_DATA_INST/B_ALU[0]
                         net (fo=1, routed)           0.000     3.290    u_baseline/lane_sum_c0/DSP_A_B_DATA.B_ALU<0>
    DSP48E2_X15Y78       DSP_ALU (Prop_DSP_ALU_DSP48E2_B_ALU[0]_ALU_OUT[0])
                                                      0.541     3.831 f  u_baseline/lane_sum_c0/DSP_ALU_INST/ALU_OUT[0]
                         net (fo=1, routed)           0.000     3.831    u_baseline/lane_sum_c0/DSP_ALU.ALU_OUT<0>
    DSP48E2_X15Y78       DSP_OUTPUT (Prop_DSP_OUTPUT_DSP48E2_ALU_OUT[0]_P[0])
                                                      0.109     3.940 r  u_baseline/lane_sum_c0/DSP_OUTPUT_INST/P[0]
                         net (fo=1, routed)           0.159     4.099    u_baseline/lane_sum_c0_n_105
    SLICE_X77Y195        LUT5 (Prop_C6LUT_SLICEM_I0_O)
                                                      0.098     4.197 r  u_baseline/lane_sum_c0__0_carry_i_23/O
                         net (fo=2, routed)           0.280     4.477    u_baseline/lane_sum_c[0]
    SLICE_X76Y197        LUT5 (Prop_A6LUT_SLICEM_I0_O)
                                                      0.053     4.530 r  u_baseline/lane_sum_c0__0_carry_i_15/O
                         net (fo=1, routed)           0.013     4.543    u_baseline/lane_sum_c0__0_carry_i_15_n_0
    SLICE_X76Y197        CARRY8 (Prop_CARRY8_SLICEM_S[0]_O[0])
                                                      0.065     4.608 r  u_baseline/lane_sum_c0__0_carry/O[0]
                         net (fo=2, routed)           0.222     4.830    u_baseline/lane_sum_c0__0_carry_n_15
    SLICE_X74Y196        LUT6 (Prop_C6LUT_SLICEM_I0_O)
                                                      0.051     4.881 r  u_baseline/i___0_carry_i_7/O
                         net (fo=2, routed)           0.136     5.017    u_baseline/i___0_carry_i_7_n_0
    SLICE_X75Y196        LUT6 (Prop_B6LUT_SLICEL_I0_O)
                                                      0.098     5.115 r  u_baseline/i___0_carry_i_14/O
                         net (fo=1, routed)           0.009     5.124    u_baseline/i___0_carry_i_14_n_0
    SLICE_X75Y196        CARRY8 (Prop_CARRY8_SLICEL_S[1]_O[1])
                                                      0.053     5.177 r  u_baseline/lane_sum_c0_inferred__0/i___0_carry/O[1]
                         net (fo=2, routed)           0.238     5.415    u_baseline/lane_sum_c0_inferred__0/i___0_carry_n_14
    SLICE_X74Y193        LUT5 (Prop_H6LUT_SLICEM_I4_O)
                                                      0.090     5.505 r  u_baseline/i___247_carry_i_6/O
                         net (fo=2, routed)           0.172     5.678    u_baseline/i___247_carry_i_6_n_0
    SLICE_X76Y193        LUT6 (Prop_C6LUT_SLICEM_I2_O)
                                                      0.051     5.729 r  u_baseline/i___247_carry_i_13/O
                         net (fo=1, routed)           0.021     5.750    u_baseline/i___247_carry_i_13_n_0
    SLICE_X76Y193        CARRY8 (Prop_CARRY8_SLICEM_S[2]_O[2])
                                                      0.058     5.808 r  u_baseline/lane_sum_c0_inferred__0/i___247_carry/O[2]
                         net (fo=2, routed)           0.185     5.993    u_baseline/lane_sum_c0_inferred__0/i___247_carry_n_13
    SLICE_X75Y192        LUT3 (Prop_C5LUT_SLICEL_I1_O)
                                                      0.136     6.129 r  u_baseline/i___341_carry_i_5/O
                         net (fo=2, routed)           0.119     6.248    u_baseline/i___341_carry_i_5_n_0
    SLICE_X75Y192        LUT4 (Prop_D6LUT_SLICEL_I3_O)
                                                      0.099     6.347 r  u_baseline/i___341_carry_i_12/O
                         net (fo=1, routed)           0.009     6.356    u_baseline/i___341_carry_i_12_n_0
    SLICE_X75Y192        CARRY8 (Prop_CARRY8_SLICEL_S[3]_O[4])
                                                      0.144     6.500 r  u_baseline/lane_sum_c0_inferred__0/i___341_carry/O[4]
                         net (fo=1, routed)           0.025     6.525    u_baseline/lane_sum_c0_inferred__0/i___341_carry_n_11
    SLICE_X75Y192        FDRE                                         r  u_baseline/lane_sum_q_reg[4]/D
  -------------------------------------------------------------------    -------------------

                         (clock clk rise edge)        5.500     5.500 r  
    P11                                               0.000     5.500 r  clk (IN)
                         net (fo=0)                   0.000     5.500    clk_IBUF_inst/I
    P11                  INBUF (Prop_INBUF_HPIOB_M_PAD_O)
                                                      0.298     5.798 r  clk_IBUF_inst/INBUF_INST/O
                         net (fo=1, routed)           0.000     5.798    clk_IBUF_inst/OUT
    P11                  IBUFCTRL (Prop_IBUFCTRL_HPIOB_M_I_O)
                                                      0.000     5.798 r  clk_IBUF_inst/IBUFCTRL_INST/O
                         net (fo=1, routed)           0.282     6.080    clk_IBUF
    BUFGCE_X0Y77         BUFGCE (Prop_BUFCE_BUFGCE_I_O)
                                                      0.024     6.104 r  clk_IBUF_BUFG_inst/O
    X3Y3 (CLOCK_ROOT)    net (fo=343, routed)         0.759     6.863    u_baseline/clk_IBUF_BUFG
    SLICE_X75Y192        FDRE                                         r  u_baseline/lane_sum_q_reg[4]/C
                         clock pessimism              0.314     7.177    
                         clock uncertainty           -0.035     7.142    
    SLICE_X75Y192        FDRE (Setup_EFF_SLICEL_C_D)
                                                      0.025     7.167    u_baseline/lane_sum_q_reg[4]
  -------------------------------------------------------------------
                         required time                          7.167    
                         arrival time                          -6.525    
  -------------------------------------------------------------------
                         slack                                  0.642    

Slack (MET) :             0.729ns  (required time - arrival time)
  Source:                 u_baseline/g_lane_mem[0].h1_mem_reg_bram_0/CLKARDCLK
                            (rising edge-triggered cell RAMB18E2 clocked by clk  {rise@0.000ns fall@2.750ns period=5.500ns})
  Destination:            u_baseline/lane_sum_q_reg[3]/D
                            (rising edge-triggered cell FDRE clocked by clk  {rise@0.000ns fall@2.750ns period=5.500ns})
  Path Group:             clk
  Path Type:              Setup (Max at Slow Process Corner)
  Requirement:            5.500ns  (clk rise@5.500ns - clk rise@0.000ns)
  Data Path Delay:        4.597ns  (logic 2.693ns (58.586%)  route 1.904ns (41.414%))
  Logic Levels:           15  (CARRY8=4 DSP_A_B_DATA=1 DSP_ALU=1 DSP_OUTPUT=1 LUT3=1 LUT4=1 LUT5=3 LUT6=3)
  Clock Path Skew:        -0.164ns (DCD - SCD + CPR)
    Destination Clock Delay (DCD):    1.361ns = ( 6.861 - 5.500 ) 
    Source Clock Delay      (SCD):    1.839ns
    Clock Pessimism Removal (CPR):    0.314ns
  Clock Uncertainty:      0.035ns  ((TSJ^2 + TIJ^2)^1/2 + DJ) / 2 + PE
    Total System Jitter     (TSJ):    0.071ns
    Total Input Jitter      (TIJ):    0.000ns
    Discrete Jitter          (DJ):    0.000ns
    Phase Error              (PE):    0.000ns
  Clock Net Delay (Source):      0.944ns (routing 0.001ns, distribution 0.943ns)
  Clock Net Delay (Destination): 0.757ns (routing 0.001ns, distribution 0.756ns)

    Location             Delay type                Incr(ns)  Path(ns)    Netlist Resource(s)
  -------------------------------------------------------------------    -------------------
                         (clock clk rise edge)        0.000     0.000 r  
    P11                                               0.000     0.000 r  clk (IN)
                         net (fo=0)                   0.000     0.000    clk_IBUF_inst/I
    P11                  INBUF (Prop_INBUF_HPIOB_M_PAD_O)
                                                      0.548     0.548 r  clk_IBUF_inst/INBUF_INST/O
                         net (fo=1, routed)           0.000     0.548    clk_IBUF_inst/OUT
    P11                  IBUFCTRL (Prop_IBUFCTRL_HPIOB_M_I_O)
                                                      0.000     0.548 r  clk_IBUF_inst/IBUFCTRL_INST/O
                         net (fo=1, routed)           0.319     0.867    clk_IBUF
    BUFGCE_X0Y77         BUFGCE (Prop_BUFCE_BUFGCE_I_O)
                                                      0.028     0.895 r  clk_IBUF_BUFG_inst/O
    X3Y3 (CLOCK_ROOT)    net (fo=343, routed)         0.944     1.839    u_baseline/clk_IBUF_BUFG
    RAMB18_X10Y78        RAMB18E2                                     r  u_baseline/g_lane_mem[0].h1_mem_reg_bram_0/CLKARDCLK
  -------------------------------------------------------------------    -------------------
    RAMB18_X10Y78        RAMB18E2 (Prop_RAMB18E2_L_RAMB180_CLKARDCLK_DOUTADOUT[0])
                                                      0.972     2.811 f  u_baseline/g_lane_mem[0].h1_mem_reg_bram_0/DOUTADOUT[0]
                         net (fo=1, routed)           0.314     3.125    u_baseline/lane_sum_c0/B[0]
    DSP48E2_X15Y78       DSP_A_B_DATA (Prop_DSP_A_B_DATA_DSP48E2_B[0]_B_ALU[0])
                                                      0.165     3.290 r  u_baseline/lane_sum_c0/DSP_A_B_DATA_INST/B_ALU[0]
                         net (fo=1, routed)           0.000     3.290    u_baseline/lane_sum_c0/DSP_A_B_DATA.B_ALU<0>
    DSP48E2_X15Y78       DSP_ALU (Prop_DSP_ALU_DSP48E2_B_ALU[0]_ALU_OUT[0])
                                                      0.541     3.831 f  u_baseline/lane_sum_c0/DSP_ALU_INST/ALU_OUT[0]
                         net (fo=1, routed)           0.000     3.831    u_baseline/lane_sum_c0/DSP_ALU.ALU_OUT<0>
    DSP48E2_X15Y78       DSP_OUTPUT (Prop_DSP_OUTPUT_DSP48E2_ALU_OUT[0]_P[0])
                                                      0.109     3.940 r  u_baseline/lane_sum_c0/DSP_OUTPUT_INST/P[0]
                         net (fo=1, routed)           0.159     4.099    u_baseline/lane_sum_c0_n_105
    SLICE_X77Y195        LUT5 (Prop_C6LUT_SLICEM_I0_O)
                                                      0.098     4.197 r  u_baseline/lane_sum_c0__0_carry_i_23/O
                         net (fo=2, routed)           0.280     4.477    u_baseline/lane_sum_c[0]
    SLICE_X76Y197        LUT5 (Prop_A6LUT_SLICEM_I0_O)
                                                      0.053     4.530 r  u_baseline/lane_sum_c0__0_carry_i_15/O
                         net (fo=1, routed)           0.013     4.543    u_baseline/lane_sum_c0__0_carry_i_15_n_0
    SLICE_X76Y197        CARRY8 (Prop_CARRY8_SLICEM_S[0]_O[0])
                                                      0.065     4.608 r  u_baseline/lane_sum_c0__0_carry/O[0]
                         net (fo=2, routed)           0.222     4.830    u_baseline/lane_sum_c0__0_carry_n_15
    SLICE_X74Y196        LUT6 (Prop_C6LUT_SLICEM_I0_O)
                                                      0.051     4.881 r  u_baseline/i___0_carry_i_7/O
                         net (fo=2, routed)           0.136     5.017    u_baseline/i___0_carry_i_7_n_0
    SLICE_X75Y196        LUT6 (Prop_B6LUT_SLICEL_I0_O)
                                                      0.098     5.115 r  u_baseline/i___0_carry_i_14/O
                         net (fo=1, routed)           0.009     5.124    u_baseline/i___0_carry_i_14_n_0
    SLICE_X75Y196        CARRY8 (Prop_CARRY8_SLICEL_S[1]_O[1])
                                                      0.053     5.177 r  u_baseline/lane_sum_c0_inferred__0/i___0_carry/O[1]
                         net (fo=2, routed)           0.238     5.415    u_baseline/lane_sum_c0_inferred__0/i___0_carry_n_14
    SLICE_X74Y193        LUT5 (Prop_H6LUT_SLICEM_I4_O)
                                                      0.090     5.505 r  u_baseline/i___247_carry_i_6/O
                         net (fo=2, routed)           0.172     5.678    u_baseline/i___247_carry_i_6_n_0
    SLICE_X76Y193        LUT6 (Prop_C6LUT_SLICEM_I2_O)
                                                      0.051     5.729 r  u_baseline/i___247_carry_i_13/O
                         net (fo=1, routed)           0.021     5.750    u_baseline/i___247_carry_i_13_n_0
    SLICE_X76Y193        CARRY8 (Prop_CARRY8_SLICEM_S[2]_O[2])
                                                      0.058     5.808 r  u_baseline/lane_sum_c0_inferred__0/i___247_carry/O[2]
                         net (fo=2, routed)           0.185     5.993    u_baseline/lane_sum_c0_inferred__0/i___247_carry_n_13
    SLICE_X75Y192        LUT3 (Prop_C5LUT_SLICEL_I1_O)
                                                      0.136     6.129 r  u_baseline/i___341_carry_i_5/O
                         net (fo=2, routed)           0.119     6.248    u_baseline/i___341_carry_i_5_n_0
    SLICE_X75Y192        LUT4 (Prop_D6LUT_SLICEL_I3_O)
                                                      0.099     6.347 r  u_baseline/i___341_carry_i_12/O
                         net (fo=1, routed)           0.009     6.356    u_baseline/i___341_carry_i_12_n_0
    SLICE_X75Y192        CARRY8 (Prop_CARRY8_SLICEL_S[3]_O[3])
                                                      0.054     6.410 r  u_baseline/lane_sum_c0_inferred__0/i___341_carry/O[3]
                         net (fo=1, routed)           0.026     6.436    u_baseline/lane_sum_c0_inferred__0/i___341_carry_n_12
    SLICE_X75Y192        FDRE                                         r  u_baseline/lane_sum_q_reg[3]/D
  -------------------------------------------------------------------    -------------------

                         (clock clk rise edge)        5.500     5.500 r  
    P11                                               0.000     5.500 r  clk (IN)
                         net (fo=0)                   0.000     5.500    clk_IBUF_inst/I
    P11                  INBUF (Prop_INBUF_HPIOB_M_PAD_O)
                                                      0.298     5.798 r  clk_IBUF_inst/INBUF_INST/O
                         net (fo=1, routed)           0.000     5.798    clk_IBUF_inst/OUT
    P11                  IBUFCTRL (Prop_IBUFCTRL_HPIOB_M_I_O)
                                                      0.000     5.798 r  clk_IBUF_inst/IBUFCTRL_INST/O
                         net (fo=1, routed)           0.282     6.080    clk_IBUF
    BUFGCE_X0Y77         BUFGCE (Prop_BUFCE_BUFGCE_I_O)
                                                      0.024     6.104 r  clk_IBUF_BUFG_inst/O
    X3Y3 (CLOCK_ROOT)    net (fo=343, routed)         0.757     6.861    u_baseline/clk_IBUF_BUFG
    SLICE_X75Y192        FDRE                                         r  u_baseline/lane_sum_q_reg[3]/C
                         clock pessimism              0.314     7.175    
                         clock uncertainty           -0.035     7.140    
    SLICE_X75Y192        FDRE (Setup_DFF_SLICEL_C_D)
                                                      0.025     7.165    u_baseline/lane_sum_q_reg[3]
  -------------------------------------------------------------------
                         required time                          7.165    
                         arrival time                          -6.436    
  -------------------------------------------------------------------
                         slack                                  0.729    

Slack (MET) :             0.799ns  (required time - arrival time)
  Source:                 u_baseline/g_lane_mem[0].h1_mem_reg_bram_0/CLKARDCLK
                            (rising edge-triggered cell RAMB18E2 clocked by clk  {rise@0.000ns fall@2.750ns period=5.500ns})
  Destination:            u_baseline/lane_sum_q_reg[2]/D
                            (rising edge-triggered cell FDRE clocked by clk  {rise@0.000ns fall@2.750ns period=5.500ns})
  Path Group:             clk
  Path Type:              Setup (Max at Slow Process Corner)
  Requirement:            5.500ns  (clk rise@5.500ns - clk rise@0.000ns)
  Data Path Delay:        4.527ns  (logic 2.508ns (55.399%)  route 2.019ns (44.601%))
  Logic Levels:           14  (CARRY8=4 DSP_A_B_DATA=1 DSP_ALU=1 DSP_OUTPUT=1 LUT3=1 LUT4=1 LUT5=3 LUT6=2)
  Clock Path Skew:        -0.164ns (DCD - SCD + CPR)
    Destination Clock Delay (DCD):    1.361ns = ( 6.861 - 5.500 ) 
    Source Clock Delay      (SCD):    1.839ns
    Clock Pessimism Removal (CPR):    0.314ns
  Clock Uncertainty:      0.035ns  ((TSJ^2 + TIJ^2)^1/2 + DJ) / 2 + PE
    Total System Jitter     (TSJ):    0.071ns
    Total Input Jitter      (TIJ):    0.000ns
    Discrete Jitter          (DJ):    0.000ns
    Phase Error              (PE):    0.000ns
  Clock Net Delay (Source):      0.944ns (routing 0.001ns, distribution 0.943ns)
  Clock Net Delay (Destination): 0.757ns (routing 0.001ns, distribution 0.756ns)

    Location             Delay type                Incr(ns)  Path(ns)    Netlist Resource(s)
  -------------------------------------------------------------------    -------------------
                         (clock clk rise edge)        0.000     0.000 r  
    P11                                               0.000     0.000 r  clk (IN)
                         net (fo=0)                   0.000     0.000    clk_IBUF_inst/I
    P11                  INBUF (Prop_INBUF_HPIOB_M_PAD_O)
                                                      0.548     0.548 r  clk_IBUF_inst/INBUF_INST/O
                         net (fo=1, routed)           0.000     0.548    clk_IBUF_inst/OUT
    P11                  IBUFCTRL (Prop_IBUFCTRL_HPIOB_M_I_O)
                                                      0.000     0.548 r  clk_IBUF_inst/IBUFCTRL_INST/O
                         net (fo=1, routed)           0.319     0.867    clk_IBUF
    BUFGCE_X0Y77         BUFGCE (Prop_BUFCE_BUFGCE_I_O)
                                                      0.028     0.895 r  clk_IBUF_BUFG_inst/O
    X3Y3 (CLOCK_ROOT)    net (fo=343, routed)         0.944     1.839    u_baseline/clk_IBUF_BUFG
    RAMB18_X10Y78        RAMB18E2                                     r  u_baseline/g_lane_mem[0].h1_mem_reg_bram_0/CLKARDCLK
  -------------------------------------------------------------------    -------------------
    RAMB18_X10Y78        RAMB18E2 (Prop_RAMB18E2_L_RAMB180_CLKARDCLK_DOUTADOUT[0])
                                                      0.972     2.811 f  u_baseline/g_lane_mem[0].h1_mem_reg_bram_0/DOUTADOUT[0]
                         net (fo=1, routed)           0.314     3.125    u_baseline/lane_sum_c0/B[0]
    DSP48E2_X15Y78       DSP_A_B_DATA (Prop_DSP_A_B_DATA_DSP48E2_B[0]_B_ALU[0])
                                                      0.165     3.290 r  u_baseline/lane_sum_c0/DSP_A_B_DATA_INST/B_ALU[0]
                         net (fo=1, routed)           0.000     3.290    u_baseline/lane_sum_c0/DSP_A_B_DATA.B_ALU<0>
    DSP48E2_X15Y78       DSP_ALU (Prop_DSP_ALU_DSP48E2_B_ALU[0]_ALU_OUT[0])
                                                      0.541     3.831 f  u_baseline/lane_sum_c0/DSP_ALU_INST/ALU_OUT[0]
                         net (fo=1, routed)           0.000     3.831    u_baseline/lane_sum_c0/DSP_ALU.ALU_OUT<0>
    DSP48E2_X15Y78       DSP_OUTPUT (Prop_DSP_OUTPUT_DSP48E2_ALU_OUT[0]_P[0])
                                                      0.109     3.940 r  u_baseline/lane_sum_c0/DSP_OUTPUT_INST/P[0]
                         net (fo=1, routed)           0.159     4.099    u_baseline/lane_sum_c0_n_105
    SLICE_X77Y195        LUT5 (Prop_C6LUT_SLICEM_I0_O)
                                                      0.098     4.197 r  u_baseline/lane_sum_c0__0_carry_i_23/O
                         net (fo=2, routed)           0.280     4.477    u_baseline/lane_sum_c[0]
    SLICE_X76Y197        LUT5 (Prop_A6LUT_SLICEM_I0_O)
                                                      0.053     4.530 r  u_baseline/lane_sum_c0__0_carry_i_15/O
                         net (fo=1, routed)           0.013     4.543    u_baseline/lane_sum_c0__0_carry_i_15_n_0
    SLICE_X76Y197        CARRY8 (Prop_CARRY8_SLICEM_S[0]_O[0])
                                                      0.065     4.608 r  u_baseline/lane_sum_c0__0_carry/O[0]
                         net (fo=2, routed)           0.225     4.833    u_baseline/lane_sum_c0__0_carry_n_15
    SLICE_X75Y196        LUT6 (Prop_A6LUT_SLICEL_I0_O)
                                                      0.050     4.883 r  u_baseline/i___0_carry_i_15/O
                         net (fo=1, routed)           0.009     4.892    u_baseline/i___0_carry_i_15_n_0
    SLICE_X75Y196        CARRY8 (Prop_CARRY8_SLICEL_S[0]_O[0])
                                                      0.063     4.955 r  u_baseline/lane_sum_c0_inferred__0/i___0_carry/O[0]
                         net (fo=2, routed)           0.341     5.296    u_baseline/lane_sum_c0_inferred__0/i___0_carry_n_15
    SLICE_X76Y193        LUT5 (Prop_A5LUT_SLICEM_I4_O)
                                                      0.070     5.366 r  u_baseline/i___247_carry_i_7/O
                         net (fo=2, routed)           0.219     5.585    u_baseline/i___247_carry_i_7_n_0
    SLICE_X76Y193        LUT6 (Prop_B6LUT_SLICEM_I2_O)
                                                      0.089     5.674 r  u_baseline/i___247_carry_i_14/O
                         net (fo=1, routed)           0.016     5.690    u_baseline/i___247_carry_i_14_n_0
    SLICE_X76Y193        CARRY8 (Prop_CARRY8_SLICEM_S[1]_O[1])
                                                      0.056     5.746 r  u_baseline/lane_sum_c0_inferred__0/i___247_carry/O[1]
                         net (fo=2, routed)           0.226     5.972    u_baseline/lane_sum_c0_inferred__0/i___247_carry_n_14
    SLICE_X75Y192        LUT3 (Prop_B5LUT_SLICEL_I1_O)
                                                      0.073     6.045 r  u_baseline/i___341_carry_i_6/O
                         net (fo=2, routed)           0.181     6.226    u_baseline/i___341_carry_i_6_n_0
    SLICE_X75Y192        LUT4 (Prop_C6LUT_SLICEL_I3_O)
                                                      0.050     6.276 r  u_baseline/i___341_carry_i_13/O
                         net (fo=1, routed)           0.010     6.286    u_baseline/i___341_carry_i_13_n_0
    SLICE_X75Y192        CARRY8 (Prop_CARRY8_SLICEL_S[2]_O[2])
                                                      0.054     6.340 r  u_baseline/lane_sum_c0_inferred__0/i___341_carry/O[2]
                         net (fo=1, routed)           0.026     6.366    u_baseline/lane_sum_c0_inferred__0/i___341_carry_n_13
    SLICE_X75Y192        FDRE                                         r  u_baseline/lane_sum_q_reg[2]/D
  -------------------------------------------------------------------    -------------------

                         (clock clk rise edge)        5.500     5.500 r  
    P11                                               0.000     5.500 r  clk (IN)
                         net (fo=0)                   0.000     5.500    clk_IBUF_inst/I
    P11                  INBUF (Prop_INBUF_HPIOB_M_PAD_O)
                                                      0.298     5.798 r  clk_IBUF_inst/INBUF_INST/O
                         net (fo=1, routed)           0.000     5.798    clk_IBUF_inst/OUT
    P11                  IBUFCTRL (Prop_IBUFCTRL_HPIOB_M_I_O)
                                                      0.000     5.798 r  clk_IBUF_inst/IBUFCTRL_INST/O
                         net (fo=1, routed)           0.282     6.080    clk_IBUF
    BUFGCE_X0Y77         BUFGCE (Prop_BUFCE_BUFGCE_I_O)
                                                      0.024     6.104 r  clk_IBUF_BUFG_inst/O
    X3Y3 (CLOCK_ROOT)    net (fo=343, routed)         0.757     6.861    u_baseline/clk_IBUF_BUFG
    SLICE_X75Y192        FDRE                                         r  u_baseline/lane_sum_q_reg[2]/C
                         clock pessimism              0.314     7.175    
                         clock uncertainty           -0.035     7.140    
    SLICE_X75Y192        FDRE (Setup_CFF_SLICEL_C_D)
                                                      0.025     7.165    u_baseline/lane_sum_q_reg[2]
  -------------------------------------------------------------------
                         required time                          7.165    
                         arrival time                          -6.366    
  -------------------------------------------------------------------
                         slack                                  0.799    

Slack (MET) :             0.957ns  (required time - arrival time)
  Source:                 u_baseline/g_lane_mem[0].h1_mem_reg_bram_0/CLKARDCLK
                            (rising edge-triggered cell RAMB18E2 clocked by clk  {rise@0.000ns fall@2.750ns period=5.500ns})
  Destination:            u_baseline/lane_sum_q_reg[1]/D
                            (rising edge-triggered cell FDRE clocked by clk  {rise@0.000ns fall@2.750ns period=5.500ns})
  Path Group:             clk
  Path Type:              Setup (Max at Slow Process Corner)
  Requirement:            5.500ns  (clk rise@5.500ns - clk rise@0.000ns)
  Data Path Delay:        4.369ns  (logic 2.485ns (56.883%)  route 1.884ns (43.117%))
  Logic Levels:           13  (CARRY8=4 DSP_A_B_DATA=1 DSP_ALU=1 DSP_OUTPUT=1 LUT3=1 LUT4=1 LUT5=3 LUT6=1)
  Clock Path Skew:        -0.164ns (DCD - SCD + CPR)
    Destination Clock Delay (DCD):    1.361ns = ( 6.861 - 5.500 ) 
    Source Clock Delay      (SCD):    1.839ns
    Clock Pessimism Removal (CPR):    0.314ns
  Clock Uncertainty:      0.035ns  ((TSJ^2 + TIJ^2)^1/2 + DJ) / 2 + PE
    Total System Jitter     (TSJ):    0.071ns
    Total Input Jitter      (TIJ):    0.000ns
    Discrete Jitter          (DJ):    0.000ns
    Phase Error              (PE):    0.000ns
  Clock Net Delay (Source):      0.944ns (routing 0.001ns, distribution 0.943ns)
  Clock Net Delay (Destination): 0.757ns (routing 0.001ns, distribution 0.756ns)

    Location             Delay type                Incr(ns)  Path(ns)    Netlist Resource(s)
  -------------------------------------------------------------------    -------------------
                         (clock clk rise edge)        0.000     0.000 r  
    P11                                               0.000     0.000 r  clk (IN)
                         net (fo=0)                   0.000     0.000    clk_IBUF_inst/I
    P11                  INBUF (Prop_INBUF_HPIOB_M_PAD_O)
                                                      0.548     0.548 r  clk_IBUF_inst/INBUF_INST/O
                         net (fo=1, routed)           0.000     0.548    clk_IBUF_inst/OUT
    P11                  IBUFCTRL (Prop_IBUFCTRL_HPIOB_M_I_O)
                                                      0.000     0.548 r  clk_IBUF_inst/IBUFCTRL_INST/O
                         net (fo=1, routed)           0.319     0.867    clk_IBUF
    BUFGCE_X0Y77         BUFGCE (Prop_BUFCE_BUFGCE_I_O)
                                                      0.028     0.895 r  clk_IBUF_BUFG_inst/O
    X3Y3 (CLOCK_ROOT)    net (fo=343, routed)         0.944     1.839    u_baseline/clk_IBUF_BUFG
    RAMB18_X10Y78        RAMB18E2                                     r  u_baseline/g_lane_mem[0].h1_mem_reg_bram_0/CLKARDCLK
  -------------------------------------------------------------------    -------------------
    RAMB18_X10Y78        RAMB18E2 (Prop_RAMB18E2_L_RAMB180_CLKARDCLK_DOUTADOUT[0])
                                                      0.972     2.811 f  u_baseline/g_lane_mem[0].h1_mem_reg_bram_0/DOUTADOUT[0]
                         net (fo=1, routed)           0.314     3.125    u_baseline/lane_sum_c0/B[0]
    DSP48E2_X15Y78       DSP_A_B_DATA (Prop_DSP_A_B_DATA_DSP48E2_B[0]_B_ALU[0])
                                                      0.165     3.290 r  u_baseline/lane_sum_c0/DSP_A_B_DATA_INST/B_ALU[0]
                         net (fo=1, routed)           0.000     3.290    u_baseline/lane_sum_c0/DSP_A_B_DATA.B_ALU<0>
    DSP48E2_X15Y78       DSP_ALU (Prop_DSP_ALU_DSP48E2_B_ALU[0]_ALU_OUT[0])
                                                      0.541     3.831 f  u_baseline/lane_sum_c0/DSP_ALU_INST/ALU_OUT[0]
                         net (fo=1, routed)           0.000     3.831    u_baseline/lane_sum_c0/DSP_ALU.ALU_OUT<0>
    DSP48E2_X15Y78       DSP_OUTPUT (Prop_DSP_OUTPUT_DSP48E2_ALU_OUT[0]_P[0])
                                                      0.109     3.940 r  u_baseline/lane_sum_c0/DSP_OUTPUT_INST/P[0]
                         net (fo=1, routed)           0.159     4.099    u_baseline/lane_sum_c0_n_105
    SLICE_X77Y195        LUT5 (Prop_C6LUT_SLICEM_I0_O)
                                                      0.098     4.197 r  u_baseline/lane_sum_c0__0_carry_i_23/O
                         net (fo=2, routed)           0.280     4.477    u_baseline/lane_sum_c[0]
    SLICE_X76Y197        LUT5 (Prop_A6LUT_SLICEM_I0_O)
                                                      0.053     4.530 r  u_baseline/lane_sum_c0__0_carry_i_15/O
                         net (fo=1, routed)           0.013     4.543    u_baseline/lane_sum_c0__0_carry_i_15_n_0
    SLICE_X76Y197        CARRY8 (Prop_CARRY8_SLICEM_S[0]_O[0])
                                                      0.065     4.608 r  u_baseline/lane_sum_c0__0_carry/O[0]
                         net (fo=2, routed)           0.225     4.833    u_baseline/lane_sum_c0__0_carry_n_15
    SLICE_X75Y196        LUT6 (Prop_A6LUT_SLICEL_I0_O)
                                                      0.050     4.883 r  u_baseline/i___0_carry_i_15/O
                         net (fo=1, routed)           0.009     4.892    u_baseline/i___0_carry_i_15_n_0
    SLICE_X75Y196        CARRY8 (Prop_CARRY8_SLICEL_S[0]_O[0])
                                                      0.063     4.955 r  u_baseline/lane_sum_c0_inferred__0/i___0_carry/O[0]
                         net (fo=2, routed)           0.341     5.296    u_baseline/lane_sum_c0_inferred__0/i___0_carry_n_15
    SLICE_X76Y193        LUT5 (Prop_A6LUT_SLICEM_I4_O)
                                                      0.053     5.349 r  u_baseline/i___247_carry_i_15/O
                         net (fo=1, routed)           0.013     5.362    u_baseline/i___247_carry_i_15_n_0
    SLICE_X76Y193        CARRY8 (Prop_CARRY8_SLICEM_S[0]_O[0])
                                                      0.065     5.427 r  u_baseline/lane_sum_c0_inferred__0/i___247_carry/O[0]
                         net (fo=2, routed)           0.242     5.669    u_baseline/lane_sum_c0_inferred__0/i___247_carry_n_15
    SLICE_X75Y192        LUT3 (Prop_A5LUT_SLICEL_I1_O)
                                                      0.100     5.769 r  u_baseline/i___341_carry_i_7/O
                         net (fo=2, routed)           0.254     6.023    u_baseline/i___341_carry_i_7_n_0
    SLICE_X75Y192        LUT4 (Prop_B6LUT_SLICEL_I3_O)
                                                      0.098     6.121 r  u_baseline/i___341_carry_i_14/O
                         net (fo=1, routed)           0.009     6.130    u_baseline/i___341_carry_i_14_n_0
    SLICE_X75Y192        CARRY8 (Prop_CARRY8_SLICEL_S[1]_O[1])
                                                      0.053     6.183 r  u_baseline/lane_sum_c0_inferred__0/i___341_carry/O[1]
                         net (fo=1, routed)           0.025     6.208    u_baseline/lane_sum_c0_inferred__0/i___341_carry_n_14
    SLICE_X75Y192        FDRE                                         r  u_baseline/lane_sum_q_reg[1]/D
  -------------------------------------------------------------------    -------------------

                         (clock clk rise edge)        5.500     5.500 r  
    P11                                               0.000     5.500 r  clk (IN)
                         net (fo=0)                   0.000     5.500    clk_IBUF_inst/I
    P11                  INBUF (Prop_INBUF_HPIOB_M_PAD_O)
                                                      0.298     5.798 r  clk_IBUF_inst/INBUF_INST/O
                         net (fo=1, routed)           0.000     5.798    clk_IBUF_inst/OUT
    P11                  IBUFCTRL (Prop_IBUFCTRL_HPIOB_M_I_O)
                                                      0.000     5.798 r  clk_IBUF_inst/IBUFCTRL_INST/O
                         net (fo=1, routed)           0.282     6.080    clk_IBUF
    BUFGCE_X0Y77         BUFGCE (Prop_BUFCE_BUFGCE_I_O)
                                                      0.024     6.104 r  clk_IBUF_BUFG_inst/O
    X3Y3 (CLOCK_ROOT)    net (fo=343, routed)         0.757     6.861    u_baseline/clk_IBUF_BUFG
    SLICE_X75Y192        FDRE                                         r  u_baseline/lane_sum_q_reg[1]/C
                         clock pessimism              0.314     7.175    
                         clock uncertainty           -0.035     7.140    
    SLICE_X75Y192        FDRE (Setup_BFF_SLICEL_C_D)
                                                      0.025     7.165    u_baseline/lane_sum_q_reg[1]
  -------------------------------------------------------------------
                         required time                          7.165    
                         arrival time                          -6.208    
  -------------------------------------------------------------------
                         slack                                  0.957    

Slack (MET) :             1.309ns  (required time - arrival time)
  Source:                 u_baseline/g_lane_mem[0].h1_mem_reg_bram_0/CLKARDCLK
                            (rising edge-triggered cell RAMB18E2 clocked by clk  {rise@0.000ns fall@2.750ns period=5.500ns})
  Destination:            u_baseline/lane_sum_q_reg[0]/D
                            (rising edge-triggered cell FDRE clocked by clk  {rise@0.000ns fall@2.750ns period=5.500ns})
  Path Group:             clk
  Path Type:              Setup (Max at Slow Process Corner)
  Requirement:            5.500ns  (clk rise@5.500ns - clk rise@0.000ns)
  Data Path Delay:        4.017ns  (logic 2.387ns (59.421%)  route 1.630ns (40.579%))
  Logic Levels:           12  (CARRY8=4 DSP_A_B_DATA=1 DSP_ALU=1 DSP_OUTPUT=1 LUT3=1 LUT5=3 LUT6=1)
  Clock Path Skew:        -0.164ns (DCD - SCD + CPR)
    Destination Clock Delay (DCD):    1.361ns = ( 6.861 - 5.500 ) 
    Source Clock Delay      (SCD):    1.839ns
    Clock Pessimism Removal (CPR):    0.314ns
  Clock Uncertainty:      0.035ns  ((TSJ^2 + TIJ^2)^1/2 + DJ) / 2 + PE
    Total System Jitter     (TSJ):    0.071ns
    Total Input Jitter      (TIJ):    0.000ns
    Discrete Jitter          (DJ):    0.000ns
    Phase Error              (PE):    0.000ns
  Clock Net Delay (Source):      0.944ns (routing 0.001ns, distribution 0.943ns)
  Clock Net Delay (Destination): 0.757ns (routing 0.001ns, distribution 0.756ns)

    Location             Delay type                Incr(ns)  Path(ns)    Netlist Resource(s)
  -------------------------------------------------------------------    -------------------
                         (clock clk rise edge)        0.000     0.000 r  
    P11                                               0.000     0.000 r  clk (IN)
                         net (fo=0)                   0.000     0.000    clk_IBUF_inst/I
    P11                  INBUF (Prop_INBUF_HPIOB_M_PAD_O)
                                                      0.548     0.548 r  clk_IBUF_inst/INBUF_INST/O
                         net (fo=1, routed)           0.000     0.548    clk_IBUF_inst/OUT
    P11                  IBUFCTRL (Prop_IBUFCTRL_HPIOB_M_I_O)
                                                      0.000     0.548 r  clk_IBUF_inst/IBUFCTRL_INST/O
                         net (fo=1, routed)           0.319     0.867    clk_IBUF
    BUFGCE_X0Y77         BUFGCE (Prop_BUFCE_BUFGCE_I_O)
                                                      0.028     0.895 r  clk_IBUF_BUFG_inst/O
    X3Y3 (CLOCK_ROOT)    net (fo=343, routed)         0.944     1.839    u_baseline/clk_IBUF_BUFG
    RAMB18_X10Y78        RAMB18E2                                     r  u_baseline/g_lane_mem[0].h1_mem_reg_bram_0/CLKARDCLK
  -------------------------------------------------------------------    -------------------
    RAMB18_X10Y78        RAMB18E2 (Prop_RAMB18E2_L_RAMB180_CLKARDCLK_DOUTADOUT[0])
                                                      0.972     2.811 f  u_baseline/g_lane_mem[0].h1_mem_reg_bram_0/DOUTADOUT[0]
                         net (fo=1, routed)           0.314     3.125    u_baseline/lane_sum_c0/B[0]
    DSP48E2_X15Y78       DSP_A_B_DATA (Prop_DSP_A_B_DATA_DSP48E2_B[0]_B_ALU[0])
                                                      0.165     3.290 r  u_baseline/lane_sum_c0/DSP_A_B_DATA_INST/B_ALU[0]
                         net (fo=1, routed)           0.000     3.290    u_baseline/lane_sum_c0/DSP_A_B_DATA.B_ALU<0>
    DSP48E2_X15Y78       DSP_ALU (Prop_DSP_ALU_DSP48E2_B_ALU[0]_ALU_OUT[0])
                                                      0.541     3.831 f  u_baseline/lane_sum_c0/DSP_ALU_INST/ALU_OUT[0]
                         net (fo=1, routed)           0.000     3.831    u_baseline/lane_sum_c0/DSP_ALU.ALU_OUT<0>
    DSP48E2_X15Y78       DSP_OUTPUT (Prop_DSP_OUTPUT_DSP48E2_ALU_OUT[0]_P[0])
                                                      0.109     3.940 r  u_baseline/lane_sum_c0/DSP_OUTPUT_INST/P[0]
                         net (fo=1, routed)           0.159     4.099    u_baseline/lane_sum_c0_n_105
    SLICE_X77Y195        LUT5 (Prop_C6LUT_SLICEM_I0_O)
                                                      0.098     4.197 r  u_baseline/lane_sum_c0__0_carry_i_23/O
                         net (fo=2, routed)           0.280     4.477    u_baseline/lane_sum_c[0]
    SLICE_X76Y197        LUT5 (Prop_A6LUT_SLICEM_I0_O)
                                                      0.053     4.530 r  u_baseline/lane_sum_c0__0_carry_i_15/O
                         net (fo=1, routed)           0.013     4.543    u_baseline/lane_sum_c0__0_carry_i_15_n_0
    SLICE_X76Y197        CARRY8 (Prop_CARRY8_SLICEM_S[0]_O[0])
                                                      0.065     4.608 r  u_baseline/lane_sum_c0__0_carry/O[0]
                         net (fo=2, routed)           0.225     4.833    u_baseline/lane_sum_c0__0_carry_n_15
    SLICE_X75Y196        LUT6 (Prop_A6LUT_SLICEL_I0_O)
                                                      0.050     4.883 r  u_baseline/i___0_carry_i_15/O
                         net (fo=1, routed)           0.009     4.892    u_baseline/i___0_carry_i_15_n_0
    SLICE_X75Y196        CARRY8 (Prop_CARRY8_SLICEL_S[0]_O[0])
                                                      0.063     4.955 r  u_baseline/lane_sum_c0_inferred__0/i___0_carry/O[0]
                         net (fo=2, routed)           0.341     5.296    u_baseline/lane_sum_c0_inferred__0/i___0_carry_n_15
    SLICE_X76Y193        LUT5 (Prop_A6LUT_SLICEM_I4_O)
                                                      0.053     5.349 r  u_baseline/i___247_carry_i_15/O
                         net (fo=1, routed)           0.013     5.362    u_baseline/i___247_carry_i_15_n_0
    SLICE_X76Y193        CARRY8 (Prop_CARRY8_SLICEM_S[0]_O[0])
                                                      0.065     5.427 r  u_baseline/lane_sum_c0_inferred__0/i___247_carry/O[0]
                         net (fo=2, routed)           0.242     5.669    u_baseline/lane_sum_c0_inferred__0/i___247_carry_n_15
    SLICE_X75Y192        LUT3 (Prop_A6LUT_SLICEL_I1_O)
                                                      0.090     5.759 r  u_baseline/i___341_carry_i_15/O
                         net (fo=1, routed)           0.009     5.768    u_baseline/i___341_carry_i_15_n_0
    SLICE_X75Y192        CARRY8 (Prop_CARRY8_SLICEL_S[0]_O[0])
                                                      0.063     5.831 r  u_baseline/lane_sum_c0_inferred__0/i___341_carry/O[0]
                         net (fo=1, routed)           0.025     5.856    u_baseline/lane_sum_c0_inferred__0/i___341_carry_n_15
    SLICE_X75Y192        FDRE                                         r  u_baseline/lane_sum_q_reg[0]/D
  -------------------------------------------------------------------    -------------------

                         (clock clk rise edge)        5.500     5.500 r  
    P11                                               0.000     5.500 r  clk (IN)
                         net (fo=0)                   0.000     5.500    clk_IBUF_inst/I
    P11                  INBUF (Prop_INBUF_HPIOB_M_PAD_O)
                                                      0.298     5.798 r  clk_IBUF_inst/INBUF_INST/O
                         net (fo=1, routed)           0.000     5.798    clk_IBUF_inst/OUT
    P11                  IBUFCTRL (Prop_IBUFCTRL_HPIOB_M_I_O)
                                                      0.000     5.798 r  clk_IBUF_inst/IBUFCTRL_INST/O
                         net (fo=1, routed)           0.282     6.080    clk_IBUF
    BUFGCE_X0Y77         BUFGCE (Prop_BUFCE_BUFGCE_I_O)
                                                      0.024     6.104 r  clk_IBUF_BUFG_inst/O
    X3Y3 (CLOCK_ROOT)    net (fo=343, routed)         0.757     6.861    u_baseline/clk_IBUF_BUFG
    SLICE_X75Y192        FDRE                                         r  u_baseline/lane_sum_q_reg[0]/C
                         clock pessimism              0.314     7.175    
                         clock uncertainty           -0.035     7.140    
    SLICE_X75Y192        FDRE (Setup_AFF_SLICEL_C_D)
                                                      0.025     7.165    u_baseline/lane_sum_q_reg[0]
  -------------------------------------------------------------------
                         required time                          7.165    
                         arrival time                          -5.856    
  -------------------------------------------------------------------
                         slack                                  1.309    

Slack (MET) :             1.682ns  (required time - arrival time)
  Source:                 u_baseline/g_lane_mem[0].x0_mem_reg_bram_0/CLKARDCLK
                            (rising edge-triggered cell RAMB18E2 clocked by clk  {rise@0.000ns fall@2.750ns period=5.500ns})
  Destination:            u_baseline/prod_q_reg[0][0]/DSP_OUTPUT_INST/ALU_OUT[19]
                            (rising edge-triggered cell DSP_OUTPUT clocked by clk  {rise@0.000ns fall@2.750ns period=5.500ns})
  Path Group:             clk
  Path Type:              Setup (Max at Slow Process Corner)
  Requirement:            5.500ns  (clk rise@5.500ns - clk rise@0.000ns)
  Data Path Delay:        3.650ns  (logic 2.295ns (62.885%)  route 1.355ns (37.115%))
  Logic Levels:           5  (DSP_A_B_DATA=1 DSP_ALU=1 DSP_M_DATA=1 DSP_MULTIPLIER=1 DSP_PREADD_DATA=1)
  Clock Path Skew:        -0.148ns (DCD - SCD + CPR)
    Destination Clock Delay (DCD):    1.370ns = ( 6.870 - 5.500 ) 
    Source Clock Delay      (SCD):    1.832ns
    Clock Pessimism Removal (CPR):    0.314ns
  Clock Uncertainty:      0.035ns  ((TSJ^2 + TIJ^2)^1/2 + DJ) / 2 + PE
    Total System Jitter     (TSJ):    0.071ns
    Total Input Jitter      (TIJ):    0.000ns
    Discrete Jitter          (DJ):    0.000ns
    Phase Error              (PE):    0.000ns
  Clock Net Delay (Source):      0.937ns (routing 0.001ns, distribution 0.936ns)
  Clock Net Delay (Destination): 0.766ns (routing 0.001ns, distribution 0.765ns)

    Location             Delay type                Incr(ns)  Path(ns)    Netlist Resource(s)
  -------------------------------------------------------------------    -------------------
                         (clock clk rise edge)        0.000     0.000 r  
    P11                                               0.000     0.000 r  clk (IN)
                         net (fo=0)                   0.000     0.000    clk_IBUF_inst/I
    P11                  INBUF (Prop_INBUF_HPIOB_M_PAD_O)
                                                      0.548     0.548 r  clk_IBUF_inst/INBUF_INST/O
                         net (fo=1, routed)           0.000     0.548    clk_IBUF_inst/OUT
    P11                  IBUFCTRL (Prop_IBUFCTRL_HPIOB_M_I_O)
                                                      0.000     0.548 r  clk_IBUF_inst/IBUFCTRL_INST/O
                         net (fo=1, routed)           0.319     0.867    clk_IBUF
    BUFGCE_X0Y77         BUFGCE (Prop_BUFCE_BUFGCE_I_O)
                                                      0.028     0.895 r  clk_IBUF_BUFG_inst/O
    X3Y3 (CLOCK_ROOT)    net (fo=343, routed)         0.937     1.832    u_baseline/clk_IBUF_BUFG
    RAMB18_X11Y78        RAMB18E2                                     r  u_baseline/g_lane_mem[0].x0_mem_reg_bram_0/CLKARDCLK
  -------------------------------------------------------------------    -------------------
    RAMB18_X11Y78        RAMB18E2 (Prop_RAMB18E2_L_RAMB180_CLKARDCLK_DOUTADOUT[7])
                                                      0.890     2.722 f  u_baseline/g_lane_mem[0].x0_mem_reg_bram_0/DOUTADOUT[7]
                         net (fo=23, routed)          1.355     4.077    u_baseline/prod_q_reg[0][0]/A[18]
    DSP48E2_X15Y79       DSP_A_B_DATA (Prop_DSP_A_B_DATA_DSP48E2_A[18]_A2_DATA[18])
                                                      0.192     4.269 r  u_baseline/prod_q_reg[0][0]/DSP_A_B_DATA_INST/A2_DATA[18]
                         net (fo=1, routed)           0.000     4.269    u_baseline/prod_q_reg[0][0]/DSP_A_B_DATA.A2_DATA<18>
    DSP48E2_X15Y79       DSP_PREADD_DATA (Prop_DSP_PREADD_DATA_DSP48E2_A2_DATA[18]_A2A1[18])
                                                      0.076     4.345 r  u_baseline/prod_q_reg[0][0]/DSP_PREADD_DATA_INST/A2A1[18]
                         net (fo=1, routed)           0.000     4.345    u_baseline/prod_q_reg[0][0]/DSP_PREADD_DATA.A2A1<18>
    DSP48E2_X15Y79       DSP_MULTIPLIER (Prop_DSP_MULTIPLIER_DSP48E2_A2A1[18]_U[19])
                                                      0.505     4.850 f  u_baseline/prod_q_reg[0][0]/DSP_MULTIPLIER_INST/U[19]
                         net (fo=1, routed)           0.000     4.850    u_baseline/prod_q_reg[0][0]/DSP_MULTIPLIER.U<19>
    DSP48E2_X15Y79       DSP_M_DATA (Prop_DSP_M_DATA_DSP48E2_U[19]_U_DATA[19])
                                                      0.047     4.897 r  u_baseline/prod_q_reg[0][0]/DSP_M_DATA_INST/U_DATA[19]
                         net (fo=1, routed)           0.000     4.897    u_baseline/prod_q_reg[0][0]/DSP_M_DATA.U_DATA<19>
    DSP48E2_X15Y79       DSP_ALU (Prop_DSP_ALU_DSP48E2_U_DATA[19]_ALU_OUT[19])
                                                      0.585     5.482 r  u_baseline/prod_q_reg[0][0]/DSP_ALU_INST/ALU_OUT[19]
                         net (fo=1, routed)           0.000     5.482    u_baseline/prod_q_reg[0][0]/DSP_ALU.ALU_OUT<19>
    DSP48E2_X15Y79       DSP_OUTPUT                                   r  u_baseline/prod_q_reg[0][0]/DSP_OUTPUT_INST/ALU_OUT[19]
  -------------------------------------------------------------------    -------------------

                         (clock clk rise edge)        5.500     5.500 r  
    P11                                               0.000     5.500 r  clk (IN)
                         net (fo=0)                   0.000     5.500    clk_IBUF_inst/I
    P11                  INBUF (Prop_INBUF_HPIOB_M_PAD_O)
                                                      0.298     5.798 r  clk_IBUF_inst/INBUF_INST/O
                         net (fo=1, routed)           0.000     5.798    clk_IBUF_inst/OUT
    P11                  IBUFCTRL (Prop_IBUFCTRL_HPIOB_M_I_O)
                                                      0.000     5.798 r  clk_IBUF_inst/IBUFCTRL_INST/O
                         net (fo=1, routed)           0.282     6.080    clk_IBUF
    BUFGCE_X0Y77         BUFGCE (Prop_BUFCE_BUFGCE_I_O)
                                                      0.024     6.104 r  clk_IBUF_BUFG_inst/O
    X3Y3 (CLOCK_ROOT)    net (fo=343, routed)         0.766     6.870    u_baseline/prod_q_reg[0][0]/CLK
    DSP48E2_X15Y79       DSP_OUTPUT                                   r  u_baseline/prod_q_reg[0][0]/DSP_OUTPUT_INST/CLK
                         clock pessimism              0.314     7.184    
                         clock uncertainty           -0.035     7.149    
    DSP48E2_X15Y79       DSP_OUTPUT (Setup_DSP_OUTPUT_DSP48E2_CLK_ALU_OUT[19])
                                                      0.015     7.164    u_baseline/prod_q_reg[0][0]/DSP_OUTPUT_INST
  -------------------------------------------------------------------
                         required time                          7.164    
                         arrival time                          -5.482    
  -------------------------------------------------------------------
                         slack                                  1.682    

Slack (MET) :             1.682ns  (required time - arrival time)
  Source:                 u_baseline/g_lane_mem[0].x0_mem_reg_bram_0/CLKARDCLK
                            (rising edge-triggered cell RAMB18E2 clocked by clk  {rise@0.000ns fall@2.750ns period=5.500ns})
  Destination:            u_baseline/prod_q_reg[0][0]/DSP_OUTPUT_INST/ALU_OUT[20]
                            (rising edge-triggered cell DSP_OUTPUT clocked by clk  {rise@0.000ns fall@2.750ns period=5.500ns})
  Path Group:             clk
  Path Type:              Setup (Max at Slow Process Corner)
  Requirement:            5.500ns  (clk rise@5.500ns - clk rise@0.000ns)
  Data Path Delay:        3.650ns  (logic 2.295ns (62.885%)  route 1.355ns (37.115%))
  Logic Levels:           5  (DSP_A_B_DATA=1 DSP_ALU=1 DSP_M_DATA=1 DSP_MULTIPLIER=1 DSP_PREADD_DATA=1)
  Clock Path Skew:        -0.148ns (DCD - SCD + CPR)
    Destination Clock Delay (DCD):    1.370ns = ( 6.870 - 5.500 ) 
    Source Clock Delay      (SCD):    1.832ns
    Clock Pessimism Removal (CPR):    0.314ns
  Clock Uncertainty:      0.035ns  ((TSJ^2 + TIJ^2)^1/2 + DJ) / 2 + PE
    Total System Jitter     (TSJ):    0.071ns
    Total Input Jitter      (TIJ):    0.000ns
    Discrete Jitter          (DJ):    0.000ns
    Phase Error              (PE):    0.000ns
  Clock Net Delay (Source):      0.937ns (routing 0.001ns, distribution 0.936ns)
  Clock Net Delay (Destination): 0.766ns (routing 0.001ns, distribution 0.765ns)

    Location             Delay type                Incr(ns)  Path(ns)    Netlist Resource(s)
  -------------------------------------------------------------------    -------------------
                         (clock clk rise edge)        0.000     0.000 r  
    P11                                               0.000     0.000 r  clk (IN)
                         net (fo=0)                   0.000     0.000    clk_IBUF_inst/I
    P11                  INBUF (Prop_INBUF_HPIOB_M_PAD_O)
                                                      0.548     0.548 r  clk_IBUF_inst/INBUF_INST/O
                         net (fo=1, routed)           0.000     0.548    clk_IBUF_inst/OUT
    P11                  IBUFCTRL (Prop_IBUFCTRL_HPIOB_M_I_O)
                                                      0.000     0.548 r  clk_IBUF_inst/IBUFCTRL_INST/O
                         net (fo=1, routed)           0.319     0.867    clk_IBUF
    BUFGCE_X0Y77         BUFGCE (Prop_BUFCE_BUFGCE_I_O)
                                                      0.028     0.895 r  clk_IBUF_BUFG_inst/O
    X3Y3 (CLOCK_ROOT)    net (fo=343, routed)         0.937     1.832    u_baseline/clk_IBUF_BUFG
    RAMB18_X11Y78        RAMB18E2                                     r  u_baseline/g_lane_mem[0].x0_mem_reg_bram_0/CLKARDCLK
  -------------------------------------------------------------------    -------------------
    RAMB18_X11Y78        RAMB18E2 (Prop_RAMB18E2_L_RAMB180_CLKARDCLK_DOUTADOUT[7])
                                                      0.890     2.722 f  u_baseline/g_lane_mem[0].x0_mem_reg_bram_0/DOUTADOUT[7]
                         net (fo=23, routed)          1.355     4.077    u_baseline/prod_q_reg[0][0]/A[18]
    DSP48E2_X15Y79       DSP_A_B_DATA (Prop_DSP_A_B_DATA_DSP48E2_A[18]_A2_DATA[18])
                                                      0.192     4.269 r  u_baseline/prod_q_reg[0][0]/DSP_A_B_DATA_INST/A2_DATA[18]
                         net (fo=1, routed)           0.000     4.269    u_baseline/prod_q_reg[0][0]/DSP_A_B_DATA.A2_DATA<18>
    DSP48E2_X15Y79       DSP_PREADD_DATA (Prop_DSP_PREADD_DATA_DSP48E2_A2_DATA[18]_A2A1[18])
                                                      0.076     4.345 r  u_baseline/prod_q_reg[0][0]/DSP_PREADD_DATA_INST/A2A1[18]
                         net (fo=1, routed)           0.000     4.345    u_baseline/prod_q_reg[0][0]/DSP_PREADD_DATA.A2A1<18>
    DSP48E2_X15Y79       DSP_MULTIPLIER (Prop_DSP_MULTIPLIER_DSP48E2_A2A1[18]_U[20])
                                                      0.505     4.850 f  u_baseline/prod_q_reg[0][0]/DSP_MULTIPLIER_INST/U[20]
                         net (fo=1, routed)           0.000     4.850    u_baseline/prod_q_reg[0][0]/DSP_MULTIPLIER.U<20>
    DSP48E2_X15Y79       DSP_M_DATA (Prop_DSP_M_DATA_DSP48E2_U[20]_U_DATA[20])
                                                      0.047     4.897 r  u_baseline/prod_q_reg[0][0]/DSP_M_DATA_INST/U_DATA[20]
                         net (fo=1, routed)           0.000     4.897    u_baseline/prod_q_reg[0][0]/DSP_M_DATA.U_DATA<20>
    DSP48E2_X15Y79       DSP_ALU (Prop_DSP_ALU_DSP48E2_U_DATA[20]_ALU_OUT[20])
                                                      0.585     5.482 r  u_baseline/prod_q_reg[0][0]/DSP_ALU_INST/ALU_OUT[20]
                         net (fo=1, routed)           0.000     5.482    u_baseline/prod_q_reg[0][0]/DSP_ALU.ALU_OUT<20>
    DSP48E2_X15Y79       DSP_OUTPUT                                   r  u_baseline/prod_q_reg[0][0]/DSP_OUTPUT_INST/ALU_OUT[20]
  -------------------------------------------------------------------    -------------------

                         (clock clk rise edge)        5.500     5.500 r  
    P11                                               0.000     5.500 r  clk (IN)
                         net (fo=0)                   0.000     5.500    clk_IBUF_inst/I
    P11                  INBUF (Prop_INBUF_HPIOB_M_PAD_O)
                                                      0.298     5.798 r  clk_IBUF_inst/INBUF_INST/O
                         net (fo=1, routed)           0.000     5.798    clk_IBUF_inst/OUT
    P11                  IBUFCTRL (Prop_IBUFCTRL_HPIOB_M_I_O)
                                                      0.000     5.798 r  clk_IBUF_inst/IBUFCTRL_INST/O
                         net (fo=1, routed)           0.282     6.080    clk_IBUF
    BUFGCE_X0Y77         BUFGCE (Prop_BUFCE_BUFGCE_I_O)
                                                      0.024     6.104 r  clk_IBUF_BUFG_inst/O
    X3Y3 (CLOCK_ROOT)    net (fo=343, routed)         0.766     6.870    u_baseline/prod_q_reg[0][0]/CLK
    DSP48E2_X15Y79       DSP_OUTPUT                                   r  u_baseline/prod_q_reg[0][0]/DSP_OUTPUT_INST/CLK
                         clock pessimism              0.314     7.184    
                         clock uncertainty           -0.035     7.149    
    DSP48E2_X15Y79       DSP_OUTPUT (Setup_DSP_OUTPUT_DSP48E2_CLK_ALU_OUT[20])
                                                      0.015     7.164    u_baseline/prod_q_reg[0][0]/DSP_OUTPUT_INST
  -------------------------------------------------------------------
                         required time                          7.164    
                         arrival time                          -5.482    
  -------------------------------------------------------------------
                         slack                                  1.682    

Slack (MET) :             1.682ns  (required time - arrival time)
  Source:                 u_baseline/g_lane_mem[0].x0_mem_reg_bram_0/CLKARDCLK
                            (rising edge-triggered cell RAMB18E2 clocked by clk  {rise@0.000ns fall@2.750ns period=5.500ns})
  Destination:            u_baseline/prod_q_reg[0][0]/DSP_OUTPUT_INST/ALU_OUT[21]
                            (rising edge-triggered cell DSP_OUTPUT clocked by clk  {rise@0.000ns fall@2.750ns period=5.500ns})
  Path Group:             clk
  Path Type:              Setup (Max at Slow Process Corner)
  Requirement:            5.500ns  (clk rise@5.500ns - clk rise@0.000ns)
  Data Path Delay:        3.650ns  (logic 2.295ns (62.885%)  route 1.355ns (37.115%))
  Logic Levels:           5  (DSP_A_B_DATA=1 DSP_ALU=1 DSP_M_DATA=1 DSP_MULTIPLIER=1 DSP_PREADD_DATA=1)
  Clock Path Skew:        -0.148ns (DCD - SCD + CPR)
    Destination Clock Delay (DCD):    1.370ns = ( 6.870 - 5.500 ) 
    Source Clock Delay      (SCD):    1.832ns
    Clock Pessimism Removal (CPR):    0.314ns
  Clock Uncertainty:      0.035ns  ((TSJ^2 + TIJ^2)^1/2 + DJ) / 2 + PE
    Total System Jitter     (TSJ):    0.071ns
    Total Input Jitter      (TIJ):    0.000ns
    Discrete Jitter          (DJ):    0.000ns
    Phase Error              (PE):    0.000ns
  Clock Net Delay (Source):      0.937ns (routing 0.001ns, distribution 0.936ns)
  Clock Net Delay (Destination): 0.766ns (routing 0.001ns, distribution 0.765ns)

    Location             Delay type                Incr(ns)  Path(ns)    Netlist Resource(s)
  -------------------------------------------------------------------    -------------------
                         (clock clk rise edge)        0.000     0.000 r  
    P11                                               0.000     0.000 r  clk (IN)
                         net (fo=0)                   0.000     0.000    clk_IBUF_inst/I
    P11                  INBUF (Prop_INBUF_HPIOB_M_PAD_O)
                                                      0.548     0.548 r  clk_IBUF_inst/INBUF_INST/O
                         net (fo=1, routed)           0.000     0.548    clk_IBUF_inst/OUT
    P11                  IBUFCTRL (Prop_IBUFCTRL_HPIOB_M_I_O)
                                                      0.000     0.548 r  clk_IBUF_inst/IBUFCTRL_INST/O
                         net (fo=1, routed)           0.319     0.867    clk_IBUF
    BUFGCE_X0Y77         BUFGCE (Prop_BUFCE_BUFGCE_I_O)
                                                      0.028     0.895 r  clk_IBUF_BUFG_inst/O
    X3Y3 (CLOCK_ROOT)    net (fo=343, routed)         0.937     1.832    u_baseline/clk_IBUF_BUFG
    RAMB18_X11Y78        RAMB18E2                                     r  u_baseline/g_lane_mem[0].x0_mem_reg_bram_0/CLKARDCLK
  -------------------------------------------------------------------    -------------------
    RAMB18_X11Y78        RAMB18E2 (Prop_RAMB18E2_L_RAMB180_CLKARDCLK_DOUTADOUT[7])
                                                      0.890     2.722 f  u_baseline/g_lane_mem[0].x0_mem_reg_bram_0/DOUTADOUT[7]
                         net (fo=23, routed)          1.355     4.077    u_baseline/prod_q_reg[0][0]/A[18]
    DSP48E2_X15Y79       DSP_A_B_DATA (Prop_DSP_A_B_DATA_DSP48E2_A[18]_A2_DATA[18])
                                                      0.192     4.269 r  u_baseline/prod_q_reg[0][0]/DSP_A_B_DATA_INST/A2_DATA[18]
                         net (fo=1, routed)           0.000     4.269    u_baseline/prod_q_reg[0][0]/DSP_A_B_DATA.A2_DATA<18>
    DSP48E2_X15Y79       DSP_PREADD_DATA (Prop_DSP_PREADD_DATA_DSP48E2_A2_DATA[18]_A2A1[18])
                                                      0.076     4.345 r  u_baseline/prod_q_reg[0][0]/DSP_PREADD_DATA_INST/A2A1[18]
                         net (fo=1, routed)           0.000     4.345    u_baseline/prod_q_reg[0][0]/DSP_PREADD_DATA.A2A1<18>
    DSP48E2_X15Y79       DSP_MULTIPLIER (Prop_DSP_MULTIPLIER_DSP48E2_A2A1[18]_U[21])
                                                      0.505     4.850 f  u_baseline/prod_q_reg[0][0]/DSP_MULTIPLIER_INST/U[21]
                         net (fo=1, routed)           0.000     4.850    u_baseline/prod_q_reg[0][0]/DSP_MULTIPLIER.U<21>
    DSP48E2_X15Y79       DSP_M_DATA (Prop_DSP_M_DATA_DSP48E2_U[21]_U_DATA[21])
                                                      0.047     4.897 r  u_baseline/prod_q_reg[0][0]/DSP_M_DATA_INST/U_DATA[21]
                         net (fo=1, routed)           0.000     4.897    u_baseline/prod_q_reg[0][0]/DSP_M_DATA.U_DATA<21>
    DSP48E2_X15Y79       DSP_ALU (Prop_DSP_ALU_DSP48E2_U_DATA[21]_ALU_OUT[21])
                                                      0.585     5.482 r  u_baseline/prod_q_reg[0][0]/DSP_ALU_INST/ALU_OUT[21]
                         net (fo=1, routed)           0.000     5.482    u_baseline/prod_q_reg[0][0]/DSP_ALU.ALU_OUT<21>
    DSP48E2_X15Y79       DSP_OUTPUT                                   r  u_baseline/prod_q_reg[0][0]/DSP_OUTPUT_INST/ALU_OUT[21]
  -------------------------------------------------------------------    -------------------

                         (clock clk rise edge)        5.500     5.500 r  
    P11                                               0.000     5.500 r  clk (IN)
                         net (fo=0)                   0.000     5.500    clk_IBUF_inst/I
    P11                  INBUF (Prop_INBUF_HPIOB_M_PAD_O)
                                                      0.298     5.798 r  clk_IBUF_inst/INBUF_INST/O
                         net (fo=1, routed)           0.000     5.798    clk_IBUF_inst/OUT
    P11                  IBUFCTRL (Prop_IBUFCTRL_HPIOB_M_I_O)
                                                      0.000     5.798 r  clk_IBUF_inst/IBUFCTRL_INST/O
                         net (fo=1, routed)           0.282     6.080    clk_IBUF
    BUFGCE_X0Y77         BUFGCE (Prop_BUFCE_BUFGCE_I_O)
                                                      0.024     6.104 r  clk_IBUF_BUFG_inst/O
    X3Y3 (CLOCK_ROOT)    net (fo=343, routed)         0.766     6.870    u_baseline/prod_q_reg[0][0]/CLK
    DSP48E2_X15Y79       DSP_OUTPUT                                   r  u_baseline/prod_q_reg[0][0]/DSP_OUTPUT_INST/CLK
                         clock pessimism              0.314     7.184    
                         clock uncertainty           -0.035     7.149    
    DSP48E2_X15Y79       DSP_OUTPUT (Setup_DSP_OUTPUT_DSP48E2_CLK_ALU_OUT[21])
                                                      0.015     7.164    u_baseline/prod_q_reg[0][0]/DSP_OUTPUT_INST
  -------------------------------------------------------------------
                         required time                          7.164    
                         arrival time                          -5.482    
  -------------------------------------------------------------------
                         slack                                  1.682    

Slack (MET) :             1.682ns  (required time - arrival time)
  Source:                 u_baseline/g_lane_mem[0].x0_mem_reg_bram_0/CLKARDCLK
                            (rising edge-triggered cell RAMB18E2 clocked by clk  {rise@0.000ns fall@2.750ns period=5.500ns})
  Destination:            u_baseline/prod_q_reg[0][0]/DSP_OUTPUT_INST/ALU_OUT[22]
                            (rising edge-triggered cell DSP_OUTPUT clocked by clk  {rise@0.000ns fall@2.750ns period=5.500ns})
  Path Group:             clk
  Path Type:              Setup (Max at Slow Process Corner)
  Requirement:            5.500ns  (clk rise@5.500ns - clk rise@0.000ns)
  Data Path Delay:        3.650ns  (logic 2.295ns (62.885%)  route 1.355ns (37.115%))
  Logic Levels:           5  (DSP_A_B_DATA=1 DSP_ALU=1 DSP_M_DATA=1 DSP_MULTIPLIER=1 DSP_PREADD_DATA=1)
  Clock Path Skew:        -0.148ns (DCD - SCD + CPR)
    Destination Clock Delay (DCD):    1.370ns = ( 6.870 - 5.500 ) 
    Source Clock Delay      (SCD):    1.832ns
    Clock Pessimism Removal (CPR):    0.314ns
  Clock Uncertainty:      0.035ns  ((TSJ^2 + TIJ^2)^1/2 + DJ) / 2 + PE
    Total System Jitter     (TSJ):    0.071ns
    Total Input Jitter      (TIJ):    0.000ns
    Discrete Jitter          (DJ):    0.000ns
    Phase Error              (PE):    0.000ns
  Clock Net Delay (Source):      0.937ns (routing 0.001ns, distribution 0.936ns)
  Clock Net Delay (Destination): 0.766ns (routing 0.001ns, distribution 0.765ns)

    Location             Delay type                Incr(ns)  Path(ns)    Netlist Resource(s)
  -------------------------------------------------------------------    -------------------
                         (clock clk rise edge)        0.000     0.000 r  
    P11                                               0.000     0.000 r  clk (IN)
                         net (fo=0)                   0.000     0.000    clk_IBUF_inst/I
    P11                  INBUF (Prop_INBUF_HPIOB_M_PAD_O)
                                                      0.548     0.548 r  clk_IBUF_inst/INBUF_INST/O
                         net (fo=1, routed)           0.000     0.548    clk_IBUF_inst/OUT
    P11                  IBUFCTRL (Prop_IBUFCTRL_HPIOB_M_I_O)
                                                      0.000     0.548 r  clk_IBUF_inst/IBUFCTRL_INST/O
                         net (fo=1, routed)           0.319     0.867    clk_IBUF
    BUFGCE_X0Y77         BUFGCE (Prop_BUFCE_BUFGCE_I_O)
                                                      0.028     0.895 r  clk_IBUF_BUFG_inst/O
    X3Y3 (CLOCK_ROOT)    net (fo=343, routed)         0.937     1.832    u_baseline/clk_IBUF_BUFG
    RAMB18_X11Y78        RAMB18E2                                     r  u_baseline/g_lane_mem[0].x0_mem_reg_bram_0/CLKARDCLK
  -------------------------------------------------------------------    -------------------
    RAMB18_X11Y78        RAMB18E2 (Prop_RAMB18E2_L_RAMB180_CLKARDCLK_DOUTADOUT[7])
                                                      0.890     2.722 f  u_baseline/g_lane_mem[0].x0_mem_reg_bram_0/DOUTADOUT[7]
                         net (fo=23, routed)          1.355     4.077    u_baseline/prod_q_reg[0][0]/A[18]
    DSP48E2_X15Y79       DSP_A_B_DATA (Prop_DSP_A_B_DATA_DSP48E2_A[18]_A2_DATA[18])
                                                      0.192     4.269 r  u_baseline/prod_q_reg[0][0]/DSP_A_B_DATA_INST/A2_DATA[18]
                         net (fo=1, routed)           0.000     4.269    u_baseline/prod_q_reg[0][0]/DSP_A_B_DATA.A2_DATA<18>
    DSP48E2_X15Y79       DSP_PREADD_DATA (Prop_DSP_PREADD_DATA_DSP48E2_A2_DATA[18]_A2A1[18])
                                                      0.076     4.345 r  u_baseline/prod_q_reg[0][0]/DSP_PREADD_DATA_INST/A2A1[18]
                         net (fo=1, routed)           0.000     4.345    u_baseline/prod_q_reg[0][0]/DSP_PREADD_DATA.A2A1<18>
    DSP48E2_X15Y79       DSP_MULTIPLIER (Prop_DSP_MULTIPLIER_DSP48E2_A2A1[18]_U[22])
                                                      0.505     4.850 f  u_baseline/prod_q_reg[0][0]/DSP_MULTIPLIER_INST/U[22]
                         net (fo=1, routed)           0.000     4.850    u_baseline/prod_q_reg[0][0]/DSP_MULTIPLIER.U<22>
    DSP48E2_X15Y79       DSP_M_DATA (Prop_DSP_M_DATA_DSP48E2_U[22]_U_DATA[22])
                                                      0.047     4.897 r  u_baseline/prod_q_reg[0][0]/DSP_M_DATA_INST/U_DATA[22]
                         net (fo=1, routed)           0.000     4.897    u_baseline/prod_q_reg[0][0]/DSP_M_DATA.U_DATA<22>
    DSP48E2_X15Y79       DSP_ALU (Prop_DSP_ALU_DSP48E2_U_DATA[22]_ALU_OUT[22])
                                                      0.585     5.482 r  u_baseline/prod_q_reg[0][0]/DSP_ALU_INST/ALU_OUT[22]
                         net (fo=1, routed)           0.000     5.482    u_baseline/prod_q_reg[0][0]/DSP_ALU.ALU_OUT<22>
    DSP48E2_X15Y79       DSP_OUTPUT                                   r  u_baseline/prod_q_reg[0][0]/DSP_OUTPUT_INST/ALU_OUT[22]
  -------------------------------------------------------------------    -------------------

                         (clock clk rise edge)        5.500     5.500 r  
    P11                                               0.000     5.500 r  clk (IN)
                         net (fo=0)                   0.000     5.500    clk_IBUF_inst/I
    P11                  INBUF (Prop_INBUF_HPIOB_M_PAD_O)
                                                      0.298     5.798 r  clk_IBUF_inst/INBUF_INST/O
                         net (fo=1, routed)           0.000     5.798    clk_IBUF_inst/OUT
    P11                  IBUFCTRL (Prop_IBUFCTRL_HPIOB_M_I_O)
                                                      0.000     5.798 r  clk_IBUF_inst/IBUFCTRL_INST/O
                         net (fo=1, routed)           0.282     6.080    clk_IBUF
    BUFGCE_X0Y77         BUFGCE (Prop_BUFCE_BUFGCE_I_O)
                                                      0.024     6.104 r  clk_IBUF_BUFG_inst/O
    X3Y3 (CLOCK_ROOT)    net (fo=343, routed)         0.766     6.870    u_baseline/prod_q_reg[0][0]/CLK
    DSP48E2_X15Y79       DSP_OUTPUT                                   r  u_baseline/prod_q_reg[0][0]/DSP_OUTPUT_INST/CLK
                         clock pessimism              0.314     7.184    
                         clock uncertainty           -0.035     7.149    
    DSP48E2_X15Y79       DSP_OUTPUT (Setup_DSP_OUTPUT_DSP48E2_CLK_ALU_OUT[22])
                                                      0.015     7.164    u_baseline/prod_q_reg[0][0]/DSP_OUTPUT_INST
  -------------------------------------------------------------------
                         required time                          7.164    
                         arrival time                          -5.482    
  -------------------------------------------------------------------
                         slack                                  1.682    

Slack (MET) :             1.682ns  (required time - arrival time)
  Source:                 u_baseline/g_lane_mem[0].x0_mem_reg_bram_0/CLKARDCLK
                            (rising edge-triggered cell RAMB18E2 clocked by clk  {rise@0.000ns fall@2.750ns period=5.500ns})
  Destination:            u_baseline/prod_q_reg[0][0]/DSP_OUTPUT_INST/ALU_OUT[23]
                            (rising edge-triggered cell DSP_OUTPUT clocked by clk  {rise@0.000ns fall@2.750ns period=5.500ns})
  Path Group:             clk
  Path Type:              Setup (Max at Slow Process Corner)
  Requirement:            5.500ns  (clk rise@5.500ns - clk rise@0.000ns)
  Data Path Delay:        3.650ns  (logic 2.295ns (62.885%)  route 1.355ns (37.115%))
  Logic Levels:           5  (DSP_A_B_DATA=1 DSP_ALU=1 DSP_M_DATA=1 DSP_MULTIPLIER=1 DSP_PREADD_DATA=1)
  Clock Path Skew:        -0.148ns (DCD - SCD + CPR)
    Destination Clock Delay (DCD):    1.370ns = ( 6.870 - 5.500 ) 
    Source Clock Delay      (SCD):    1.832ns
    Clock Pessimism Removal (CPR):    0.314ns
  Clock Uncertainty:      0.035ns  ((TSJ^2 + TIJ^2)^1/2 + DJ) / 2 + PE
    Total System Jitter     (TSJ):    0.071ns
    Total Input Jitter      (TIJ):    0.000ns
    Discrete Jitter          (DJ):    0.000ns
    Phase Error              (PE):    0.000ns
  Clock Net Delay (Source):      0.937ns (routing 0.001ns, distribution 0.936ns)
  Clock Net Delay (Destination): 0.766ns (routing 0.001ns, distribution 0.765ns)

    Location             Delay type                Incr(ns)  Path(ns)    Netlist Resource(s)
  -------------------------------------------------------------------    -------------------
                         (clock clk rise edge)        0.000     0.000 r  
    P11                                               0.000     0.000 r  clk (IN)
                         net (fo=0)                   0.000     0.000    clk_IBUF_inst/I
    P11                  INBUF (Prop_INBUF_HPIOB_M_PAD_O)
                                                      0.548     0.548 r  clk_IBUF_inst/INBUF_INST/O
                         net (fo=1, routed)           0.000     0.548    clk_IBUF_inst/OUT
    P11                  IBUFCTRL (Prop_IBUFCTRL_HPIOB_M_I_O)
                                                      0.000     0.548 r  clk_IBUF_inst/IBUFCTRL_INST/O
                         net (fo=1, routed)           0.319     0.867    clk_IBUF
    BUFGCE_X0Y77         BUFGCE (Prop_BUFCE_BUFGCE_I_O)
                                                      0.028     0.895 r  clk_IBUF_BUFG_inst/O
    X3Y3 (CLOCK_ROOT)    net (fo=343, routed)         0.937     1.832    u_baseline/clk_IBUF_BUFG
    RAMB18_X11Y78        RAMB18E2                                     r  u_baseline/g_lane_mem[0].x0_mem_reg_bram_0/CLKARDCLK
  -------------------------------------------------------------------    -------------------
    RAMB18_X11Y78        RAMB18E2 (Prop_RAMB18E2_L_RAMB180_CLKARDCLK_DOUTADOUT[7])
                                                      0.890     2.722 f  u_baseline/g_lane_mem[0].x0_mem_reg_bram_0/DOUTADOUT[7]
                         net (fo=23, routed)          1.355     4.077    u_baseline/prod_q_reg[0][0]/A[18]
    DSP48E2_X15Y79       DSP_A_B_DATA (Prop_DSP_A_B_DATA_DSP48E2_A[18]_A2_DATA[18])
                                                      0.192     4.269 r  u_baseline/prod_q_reg[0][0]/DSP_A_B_DATA_INST/A2_DATA[18]
                         net (fo=1, routed)           0.000     4.269    u_baseline/prod_q_reg[0][0]/DSP_A_B_DATA.A2_DATA<18>
    DSP48E2_X15Y79       DSP_PREADD_DATA (Prop_DSP_PREADD_DATA_DSP48E2_A2_DATA[18]_A2A1[18])
                                                      0.076     4.345 r  u_baseline/prod_q_reg[0][0]/DSP_PREADD_DATA_INST/A2A1[18]
                         net (fo=1, routed)           0.000     4.345    u_baseline/prod_q_reg[0][0]/DSP_PREADD_DATA.A2A1<18>
    DSP48E2_X15Y79       DSP_MULTIPLIER (Prop_DSP_MULTIPLIER_DSP48E2_A2A1[18]_U[23])
                                                      0.505     4.850 f  u_baseline/prod_q_reg[0][0]/DSP_MULTIPLIER_INST/U[23]
                         net (fo=1, routed)           0.000     4.850    u_baseline/prod_q_reg[0][0]/DSP_MULTIPLIER.U<23>
    DSP48E2_X15Y79       DSP_M_DATA (Prop_DSP_M_DATA_DSP48E2_U[23]_U_DATA[23])
                                                      0.047     4.897 r  u_baseline/prod_q_reg[0][0]/DSP_M_DATA_INST/U_DATA[23]
                         net (fo=1, routed)           0.000     4.897    u_baseline/prod_q_reg[0][0]/DSP_M_DATA.U_DATA<23>
    DSP48E2_X15Y79       DSP_ALU (Prop_DSP_ALU_DSP48E2_U_DATA[23]_ALU_OUT[23])
                                                      0.585     5.482 r  u_baseline/prod_q_reg[0][0]/DSP_ALU_INST/ALU_OUT[23]
                         net (fo=1, routed)           0.000     5.482    u_baseline/prod_q_reg[0][0]/DSP_ALU.ALU_OUT<23>
    DSP48E2_X15Y79       DSP_OUTPUT                                   r  u_baseline/prod_q_reg[0][0]/DSP_OUTPUT_INST/ALU_OUT[23]
  -------------------------------------------------------------------    -------------------

                         (clock clk rise edge)        5.500     5.500 r  
    P11                                               0.000     5.500 r  clk (IN)
                         net (fo=0)                   0.000     5.500    clk_IBUF_inst/I
    P11                  INBUF (Prop_INBUF_HPIOB_M_PAD_O)
                                                      0.298     5.798 r  clk_IBUF_inst/INBUF_INST/O
                         net (fo=1, routed)           0.000     5.798    clk_IBUF_inst/OUT
    P11                  IBUFCTRL (Prop_IBUFCTRL_HPIOB_M_I_O)
                                                      0.000     5.798 r  clk_IBUF_inst/IBUFCTRL_INST/O
                         net (fo=1, routed)           0.282     6.080    clk_IBUF
    BUFGCE_X0Y77         BUFGCE (Prop_BUFCE_BUFGCE_I_O)
                                                      0.024     6.104 r  clk_IBUF_BUFG_inst/O
    X3Y3 (CLOCK_ROOT)    net (fo=343, routed)         0.766     6.870    u_baseline/prod_q_reg[0][0]/CLK
    DSP48E2_X15Y79       DSP_OUTPUT                                   r  u_baseline/prod_q_reg[0][0]/DSP_OUTPUT_INST/CLK
                         clock pessimism              0.314     7.184    
                         clock uncertainty           -0.035     7.149    
    DSP48E2_X15Y79       DSP_OUTPUT (Setup_DSP_OUTPUT_DSP48E2_CLK_ALU_OUT[23])
                                                      0.015     7.164    u_baseline/prod_q_reg[0][0]/DSP_OUTPUT_INST
  -------------------------------------------------------------------
                         required time                          7.164    
                         arrival time                          -5.482    
  -------------------------------------------------------------------
                         slack                                  1.682    

Slack (MET) :             1.682ns  (required time - arrival time)
  Source:                 u_baseline/g_lane_mem[0].x0_mem_reg_bram_0/CLKARDCLK
                            (rising edge-triggered cell RAMB18E2 clocked by clk  {rise@0.000ns fall@2.750ns period=5.500ns})
  Destination:            u_baseline/prod_q_reg[0][0]/DSP_OUTPUT_INST/ALU_OUT[24]
                            (rising edge-triggered cell DSP_OUTPUT clocked by clk  {rise@0.000ns fall@2.750ns period=5.500ns})
  Path Group:             clk
  Path Type:              Setup (Max at Slow Process Corner)
  Requirement:            5.500ns  (clk rise@5.500ns - clk rise@0.000ns)
  Data Path Delay:        3.650ns  (logic 2.295ns (62.885%)  route 1.355ns (37.115%))
  Logic Levels:           5  (DSP_A_B_DATA=1 DSP_ALU=1 DSP_M_DATA=1 DSP_MULTIPLIER=1 DSP_PREADD_DATA=1)
  Clock Path Skew:        -0.148ns (DCD - SCD + CPR)
    Destination Clock Delay (DCD):    1.370ns = ( 6.870 - 5.500 ) 
    Source Clock Delay      (SCD):    1.832ns
    Clock Pessimism Removal (CPR):    0.314ns
  Clock Uncertainty:      0.035ns  ((TSJ^2 + TIJ^2)^1/2 + DJ) / 2 + PE
    Total System Jitter     (TSJ):    0.071ns
    Total Input Jitter      (TIJ):    0.000ns
    Discrete Jitter          (DJ):    0.000ns
    Phase Error              (PE):    0.000ns
  Clock Net Delay (Source):      0.937ns (routing 0.001ns, distribution 0.936ns)
  Clock Net Delay (Destination): 0.766ns (routing 0.001ns, distribution 0.765ns)

    Location             Delay type                Incr(ns)  Path(ns)    Netlist Resource(s)
  -------------------------------------------------------------------    -------------------
                         (clock clk rise edge)        0.000     0.000 r  
    P11                                               0.000     0.000 r  clk (IN)
                         net (fo=0)                   0.000     0.000    clk_IBUF_inst/I
    P11                  INBUF (Prop_INBUF_HPIOB_M_PAD_O)
                                                      0.548     0.548 r  clk_IBUF_inst/INBUF_INST/O
                         net (fo=1, routed)           0.000     0.548    clk_IBUF_inst/OUT
    P11                  IBUFCTRL (Prop_IBUFCTRL_HPIOB_M_I_O)
                                                      0.000     0.548 r  clk_IBUF_inst/IBUFCTRL_INST/O
                         net (fo=1, routed)           0.319     0.867    clk_IBUF
    BUFGCE_X0Y77         BUFGCE (Prop_BUFCE_BUFGCE_I_O)
                                                      0.028     0.895 r  clk_IBUF_BUFG_inst/O
    X3Y3 (CLOCK_ROOT)    net (fo=343, routed)         0.937     1.832    u_baseline/clk_IBUF_BUFG
    RAMB18_X11Y78        RAMB18E2                                     r  u_baseline/g_lane_mem[0].x0_mem_reg_bram_0/CLKARDCLK
  -------------------------------------------------------------------    -------------------
    RAMB18_X11Y78        RAMB18E2 (Prop_RAMB18E2_L_RAMB180_CLKARDCLK_DOUTADOUT[7])
                                                      0.890     2.722 f  u_baseline/g_lane_mem[0].x0_mem_reg_bram_0/DOUTADOUT[7]
                         net (fo=23, routed)          1.355     4.077    u_baseline/prod_q_reg[0][0]/A[18]
    DSP48E2_X15Y79       DSP_A_B_DATA (Prop_DSP_A_B_DATA_DSP48E2_A[18]_A2_DATA[18])
                                                      0.192     4.269 r  u_baseline/prod_q_reg[0][0]/DSP_A_B_DATA_INST/A2_DATA[18]
                         net (fo=1, routed)           0.000     4.269    u_baseline/prod_q_reg[0][0]/DSP_A_B_DATA.A2_DATA<18>
    DSP48E2_X15Y79       DSP_PREADD_DATA (Prop_DSP_PREADD_DATA_DSP48E2_A2_DATA[18]_A2A1[18])
                                                      0.076     4.345 r  u_baseline/prod_q_reg[0][0]/DSP_PREADD_DATA_INST/A2A1[18]
                         net (fo=1, routed)           0.000     4.345    u_baseline/prod_q_reg[0][0]/DSP_PREADD_DATA.A2A1<18>
    DSP48E2_X15Y79       DSP_MULTIPLIER (Prop_DSP_MULTIPLIER_DSP48E2_A2A1[18]_U[24])
                                                      0.505     4.850 f  u_baseline/prod_q_reg[0][0]/DSP_MULTIPLIER_INST/U[24]
                         net (fo=1, routed)           0.000     4.850    u_baseline/prod_q_reg[0][0]/DSP_MULTIPLIER.U<24>
    DSP48E2_X15Y79       DSP_M_DATA (Prop_DSP_M_DATA_DSP48E2_U[24]_U_DATA[24])
                                                      0.047     4.897 r  u_baseline/prod_q_reg[0][0]/DSP_M_DATA_INST/U_DATA[24]
                         net (fo=1, routed)           0.000     4.897    u_baseline/prod_q_reg[0][0]/DSP_M_DATA.U_DATA<24>
    DSP48E2_X15Y79       DSP_ALU (Prop_DSP_ALU_DSP48E2_U_DATA[24]_ALU_OUT[24])
                                                      0.585     5.482 r  u_baseline/prod_q_reg[0][0]/DSP_ALU_INST/ALU_OUT[24]
                         net (fo=1, routed)           0.000     5.482    u_baseline/prod_q_reg[0][0]/DSP_ALU.ALU_OUT<24>
    DSP48E2_X15Y79       DSP_OUTPUT                                   r  u_baseline/prod_q_reg[0][0]/DSP_OUTPUT_INST/ALU_OUT[24]
  -------------------------------------------------------------------    -------------------

                         (clock clk rise edge)        5.500     5.500 r  
    P11                                               0.000     5.500 r  clk (IN)
                         net (fo=0)                   0.000     5.500    clk_IBUF_inst/I
    P11                  INBUF (Prop_INBUF_HPIOB_M_PAD_O)
                                                      0.298     5.798 r  clk_IBUF_inst/INBUF_INST/O
                         net (fo=1, routed)           0.000     5.798    clk_IBUF_inst/OUT
    P11                  IBUFCTRL (Prop_IBUFCTRL_HPIOB_M_I_O)
                                                      0.000     5.798 r  clk_IBUF_inst/IBUFCTRL_INST/O
                         net (fo=1, routed)           0.282     6.080    clk_IBUF
    BUFGCE_X0Y77         BUFGCE (Prop_BUFCE_BUFGCE_I_O)
                                                      0.024     6.104 r  clk_IBUF_BUFG_inst/O
    X3Y3 (CLOCK_ROOT)    net (fo=343, routed)         0.766     6.870    u_baseline/prod_q_reg[0][0]/CLK
    DSP48E2_X15Y79       DSP_OUTPUT                                   r  u_baseline/prod_q_reg[0][0]/DSP_OUTPUT_INST/CLK
                         clock pessimism              0.314     7.184    
                         clock uncertainty           -0.035     7.149    
    DSP48E2_X15Y79       DSP_OUTPUT (Setup_DSP_OUTPUT_DSP48E2_CLK_ALU_OUT[24])
                                                      0.015     7.164    u_baseline/prod_q_reg[0][0]/DSP_OUTPUT_INST
  -------------------------------------------------------------------
                         required time                          7.164    
                         arrival time                          -5.482    
  -------------------------------------------------------------------
                         slack                                  1.682    

Slack (MET) :             1.682ns  (required time - arrival time)
  Source:                 u_baseline/g_lane_mem[0].x0_mem_reg_bram_0/CLKARDCLK
                            (rising edge-triggered cell RAMB18E2 clocked by clk  {rise@0.000ns fall@2.750ns period=5.500ns})
  Destination:            u_baseline/prod_q_reg[0][0]/DSP_OUTPUT_INST/ALU_OUT[25]
                            (rising edge-triggered cell DSP_OUTPUT clocked by clk  {rise@0.000ns fall@2.750ns period=5.500ns})
  Path Group:             clk
  Path Type:              Setup (Max at Slow Process Corner)
  Requirement:            5.500ns  (clk rise@5.500ns - clk rise@0.000ns)
  Data Path Delay:        3.650ns  (logic 2.295ns (62.885%)  route 1.355ns (37.115%))
  Logic Levels:           5  (DSP_A_B_DATA=1 DSP_ALU=1 DSP_M_DATA=1 DSP_MULTIPLIER=1 DSP_PREADD_DATA=1)
  Clock Path Skew:        -0.148ns (DCD - SCD + CPR)
    Destination Clock Delay (DCD):    1.370ns = ( 6.870 - 5.500 ) 
    Source Clock Delay      (SCD):    1.832ns
    Clock Pessimism Removal (CPR):    0.314ns
  Clock Uncertainty:      0.035ns  ((TSJ^2 + TIJ^2)^1/2 + DJ) / 2 + PE
    Total System Jitter     (TSJ):    0.071ns
    Total Input Jitter      (TIJ):    0.000ns
    Discrete Jitter          (DJ):    0.000ns
    Phase Error              (PE):    0.000ns
  Clock Net Delay (Source):      0.937ns (routing 0.001ns, distribution 0.936ns)
  Clock Net Delay (Destination): 0.766ns (routing 0.001ns, distribution 0.765ns)

    Location             Delay type                Incr(ns)  Path(ns)    Netlist Resource(s)
  -------------------------------------------------------------------    -------------------
                         (clock clk rise edge)        0.000     0.000 r  
    P11                                               0.000     0.000 r  clk (IN)
                         net (fo=0)                   0.000     0.000    clk_IBUF_inst/I
    P11                  INBUF (Prop_INBUF_HPIOB_M_PAD_O)
                                                      0.548     0.548 r  clk_IBUF_inst/INBUF_INST/O
                         net (fo=1, routed)           0.000     0.548    clk_IBUF_inst/OUT
    P11                  IBUFCTRL (Prop_IBUFCTRL_HPIOB_M_I_O)
                                                      0.000     0.548 r  clk_IBUF_inst/IBUFCTRL_INST/O
                         net (fo=1, routed)           0.319     0.867    clk_IBUF
    BUFGCE_X0Y77         BUFGCE (Prop_BUFCE_BUFGCE_I_O)
                                                      0.028     0.895 r  clk_IBUF_BUFG_inst/O
    X3Y3 (CLOCK_ROOT)    net (fo=343, routed)         0.937     1.832    u_baseline/clk_IBUF_BUFG
    RAMB18_X11Y78        RAMB18E2                                     r  u_baseline/g_lane_mem[0].x0_mem_reg_bram_0/CLKARDCLK
  -------------------------------------------------------------------    -------------------
    RAMB18_X11Y78        RAMB18E2 (Prop_RAMB18E2_L_RAMB180_CLKARDCLK_DOUTADOUT[7])
                                                      0.890     2.722 f  u_baseline/g_lane_mem[0].x0_mem_reg_bram_0/DOUTADOUT[7]
                         net (fo=23, routed)          1.355     4.077    u_baseline/prod_q_reg[0][0]/A[18]
    DSP48E2_X15Y79       DSP_A_B_DATA (Prop_DSP_A_B_DATA_DSP48E2_A[18]_A2_DATA[18])
                                                      0.192     4.269 r  u_baseline/prod_q_reg[0][0]/DSP_A_B_DATA_INST/A2_DATA[18]
                         net (fo=1, routed)           0.000     4.269    u_baseline/prod_q_reg[0][0]/DSP_A_B_DATA.A2_DATA<18>
    DSP48E2_X15Y79       DSP_PREADD_DATA (Prop_DSP_PREADD_DATA_DSP48E2_A2_DATA[18]_A2A1[18])
                                                      0.076     4.345 r  u_baseline/prod_q_reg[0][0]/DSP_PREADD_DATA_INST/A2A1[18]
                         net (fo=1, routed)           0.000     4.345    u_baseline/prod_q_reg[0][0]/DSP_PREADD_DATA.A2A1<18>
    DSP48E2_X15Y79       DSP_MULTIPLIER (Prop_DSP_MULTIPLIER_DSP48E2_A2A1[18]_U[25])
                                                      0.505     4.850 f  u_baseline/prod_q_reg[0][0]/DSP_MULTIPLIER_INST/U[25]
                         net (fo=1, routed)           0.000     4.850    u_baseline/prod_q_reg[0][0]/DSP_MULTIPLIER.U<25>
    DSP48E2_X15Y79       DSP_M_DATA (Prop_DSP_M_DATA_DSP48E2_U[25]_U_DATA[25])
                                                      0.047     4.897 r  u_baseline/prod_q_reg[0][0]/DSP_M_DATA_INST/U_DATA[25]
                         net (fo=1, routed)           0.000     4.897    u_baseline/prod_q_reg[0][0]/DSP_M_DATA.U_DATA<25>
    DSP48E2_X15Y79       DSP_ALU (Prop_DSP_ALU_DSP48E2_U_DATA[25]_ALU_OUT[25])
                                                      0.585     5.482 r  u_baseline/prod_q_reg[0][0]/DSP_ALU_INST/ALU_OUT[25]
                         net (fo=1, routed)           0.000     5.482    u_baseline/prod_q_reg[0][0]/DSP_ALU.ALU_OUT<25>
    DSP48E2_X15Y79       DSP_OUTPUT                                   r  u_baseline/prod_q_reg[0][0]/DSP_OUTPUT_INST/ALU_OUT[25]
  -------------------------------------------------------------------    -------------------

                         (clock clk rise edge)        5.500     5.500 r  
    P11                                               0.000     5.500 r  clk (IN)
                         net (fo=0)                   0.000     5.500    clk_IBUF_inst/I
    P11                  INBUF (Prop_INBUF_HPIOB_M_PAD_O)
                                                      0.298     5.798 r  clk_IBUF_inst/INBUF_INST/O
                         net (fo=1, routed)           0.000     5.798    clk_IBUF_inst/OUT
    P11                  IBUFCTRL (Prop_IBUFCTRL_HPIOB_M_I_O)
                                                      0.000     5.798 r  clk_IBUF_inst/IBUFCTRL_INST/O
                         net (fo=1, routed)           0.282     6.080    clk_IBUF
    BUFGCE_X0Y77         BUFGCE (Prop_BUFCE_BUFGCE_I_O)
                                                      0.024     6.104 r  clk_IBUF_BUFG_inst/O
    X3Y3 (CLOCK_ROOT)    net (fo=343, routed)         0.766     6.870    u_baseline/prod_q_reg[0][0]/CLK
    DSP48E2_X15Y79       DSP_OUTPUT                                   r  u_baseline/prod_q_reg[0][0]/DSP_OUTPUT_INST/CLK
                         clock pessimism              0.314     7.184    
                         clock uncertainty           -0.035     7.149    
    DSP48E2_X15Y79       DSP_OUTPUT (Setup_DSP_OUTPUT_DSP48E2_CLK_ALU_OUT[25])
                                                      0.015     7.164    u_baseline/prod_q_reg[0][0]/DSP_OUTPUT_INST
  -------------------------------------------------------------------
                         required time                          7.164    
                         arrival time                          -5.482    
  -------------------------------------------------------------------
                         slack                                  1.682    

Slack (MET) :             1.682ns  (required time - arrival time)
  Source:                 u_baseline/g_lane_mem[0].x0_mem_reg_bram_0/CLKARDCLK
                            (rising edge-triggered cell RAMB18E2 clocked by clk  {rise@0.000ns fall@2.750ns period=5.500ns})
  Destination:            u_baseline/prod_q_reg[0][0]/DSP_OUTPUT_INST/ALU_OUT[26]
                            (rising edge-triggered cell DSP_OUTPUT clocked by clk  {rise@0.000ns fall@2.750ns period=5.500ns})
  Path Group:             clk
  Path Type:              Setup (Max at Slow Process Corner)
  Requirement:            5.500ns  (clk rise@5.500ns - clk rise@0.000ns)
  Data Path Delay:        3.650ns  (logic 2.295ns (62.885%)  route 1.355ns (37.115%))
  Logic Levels:           5  (DSP_A_B_DATA=1 DSP_ALU=1 DSP_M_DATA=1 DSP_MULTIPLIER=1 DSP_PREADD_DATA=1)
  Clock Path Skew:        -0.148ns (DCD - SCD + CPR)
    Destination Clock Delay (DCD):    1.370ns = ( 6.870 - 5.500 ) 
    Source Clock Delay      (SCD):    1.832ns
    Clock Pessimism Removal (CPR):    0.314ns
  Clock Uncertainty:      0.035ns  ((TSJ^2 + TIJ^2)^1/2 + DJ) / 2 + PE
    Total System Jitter     (TSJ):    0.071ns
    Total Input Jitter      (TIJ):    0.000ns
    Discrete Jitter          (DJ):    0.000ns
    Phase Error              (PE):    0.000ns
  Clock Net Delay (Source):      0.937ns (routing 0.001ns, distribution 0.936ns)
  Clock Net Delay (Destination): 0.766ns (routing 0.001ns, distribution 0.765ns)

    Location             Delay type                Incr(ns)  Path(ns)    Netlist Resource(s)
  -------------------------------------------------------------------    -------------------
                         (clock clk rise edge)        0.000     0.000 r  
    P11                                               0.000     0.000 r  clk (IN)
                         net (fo=0)                   0.000     0.000    clk_IBUF_inst/I
    P11                  INBUF (Prop_INBUF_HPIOB_M_PAD_O)
                                                      0.548     0.548 r  clk_IBUF_inst/INBUF_INST/O
                         net (fo=1, routed)           0.000     0.548    clk_IBUF_inst/OUT
    P11                  IBUFCTRL (Prop_IBUFCTRL_HPIOB_M_I_O)
                                                      0.000     0.548 r  clk_IBUF_inst/IBUFCTRL_INST/O
                         net (fo=1, routed)           0.319     0.867    clk_IBUF
    BUFGCE_X0Y77         BUFGCE (Prop_BUFCE_BUFGCE_I_O)
                                                      0.028     0.895 r  clk_IBUF_BUFG_inst/O
    X3Y3 (CLOCK_ROOT)    net (fo=343, routed)         0.937     1.832    u_baseline/clk_IBUF_BUFG
    RAMB18_X11Y78        RAMB18E2                                     r  u_baseline/g_lane_mem[0].x0_mem_reg_bram_0/CLKARDCLK
  -------------------------------------------------------------------    -------------------
    RAMB18_X11Y78        RAMB18E2 (Prop_RAMB18E2_L_RAMB180_CLKARDCLK_DOUTADOUT[7])
                                                      0.890     2.722 f  u_baseline/g_lane_mem[0].x0_mem_reg_bram_0/DOUTADOUT[7]
                         net (fo=23, routed)          1.355     4.077    u_baseline/prod_q_reg[0][0]/A[18]
    DSP48E2_X15Y79       DSP_A_B_DATA (Prop_DSP_A_B_DATA_DSP48E2_A[18]_A2_DATA[18])
                                                      0.192     4.269 r  u_baseline/prod_q_reg[0][0]/DSP_A_B_DATA_INST/A2_DATA[18]
                         net (fo=1, routed)           0.000     4.269    u_baseline/prod_q_reg[0][0]/DSP_A_B_DATA.A2_DATA<18>
    DSP48E2_X15Y79       DSP_PREADD_DATA (Prop_DSP_PREADD_DATA_DSP48E2_A2_DATA[18]_A2A1[18])
                                                      0.076     4.345 r  u_baseline/prod_q_reg[0][0]/DSP_PREADD_DATA_INST/A2A1[18]
                         net (fo=1, routed)           0.000     4.345    u_baseline/prod_q_reg[0][0]/DSP_PREADD_DATA.A2A1<18>
    DSP48E2_X15Y79       DSP_MULTIPLIER (Prop_DSP_MULTIPLIER_DSP48E2_A2A1[18]_U[26])
                                                      0.505     4.850 f  u_baseline/prod_q_reg[0][0]/DSP_MULTIPLIER_INST/U[26]
                         net (fo=1, routed)           0.000     4.850    u_baseline/prod_q_reg[0][0]/DSP_MULTIPLIER.U<26>
    DSP48E2_X15Y79       DSP_M_DATA (Prop_DSP_M_DATA_DSP48E2_U[26]_U_DATA[26])
                                                      0.047     4.897 r  u_baseline/prod_q_reg[0][0]/DSP_M_DATA_INST/U_DATA[26]
                         net (fo=1, routed)           0.000     4.897    u_baseline/prod_q_reg[0][0]/DSP_M_DATA.U_DATA<26>
    DSP48E2_X15Y79       DSP_ALU (Prop_DSP_ALU_DSP48E2_U_DATA[26]_ALU_OUT[26])
                                                      0.585     5.482 r  u_baseline/prod_q_reg[0][0]/DSP_ALU_INST/ALU_OUT[26]
                         net (fo=1, routed)           0.000     5.482    u_baseline/prod_q_reg[0][0]/DSP_ALU.ALU_OUT<26>
    DSP48E2_X15Y79       DSP_OUTPUT                                   r  u_baseline/prod_q_reg[0][0]/DSP_OUTPUT_INST/ALU_OUT[26]
  -------------------------------------------------------------------    -------------------

                         (clock clk rise edge)        5.500     5.500 r  
    P11                                               0.000     5.500 r  clk (IN)
                         net (fo=0)                   0.000     5.500    clk_IBUF_inst/I
    P11                  INBUF (Prop_INBUF_HPIOB_M_PAD_O)
                                                      0.298     5.798 r  clk_IBUF_inst/INBUF_INST/O
                         net (fo=1, routed)           0.000     5.798    clk_IBUF_inst/OUT
    P11                  IBUFCTRL (Prop_IBUFCTRL_HPIOB_M_I_O)
                                                      0.000     5.798 r  clk_IBUF_inst/IBUFCTRL_INST/O
                         net (fo=1, routed)           0.282     6.080    clk_IBUF
    BUFGCE_X0Y77         BUFGCE (Prop_BUFCE_BUFGCE_I_O)
                                                      0.024     6.104 r  clk_IBUF_BUFG_inst/O
    X3Y3 (CLOCK_ROOT)    net (fo=343, routed)         0.766     6.870    u_baseline/prod_q_reg[0][0]/CLK
    DSP48E2_X15Y79       DSP_OUTPUT                                   r  u_baseline/prod_q_reg[0][0]/DSP_OUTPUT_INST/CLK
                         clock pessimism              0.314     7.184    
                         clock uncertainty           -0.035     7.149    
    DSP48E2_X15Y79       DSP_OUTPUT (Setup_DSP_OUTPUT_DSP48E2_CLK_ALU_OUT[26])
                                                      0.015     7.164    u_baseline/prod_q_reg[0][0]/DSP_OUTPUT_INST
  -------------------------------------------------------------------
                         required time                          7.164    
                         arrival time                          -5.482    
  -------------------------------------------------------------------
                         slack                                  1.682    

Slack (MET) :             1.682ns  (required time - arrival time)
  Source:                 u_baseline/g_lane_mem[0].x0_mem_reg_bram_0/CLKARDCLK
                            (rising edge-triggered cell RAMB18E2 clocked by clk  {rise@0.000ns fall@2.750ns period=5.500ns})
  Destination:            u_baseline/prod_q_reg[0][0]/DSP_OUTPUT_INST/ALU_OUT[27]
                            (rising edge-triggered cell DSP_OUTPUT clocked by clk  {rise@0.000ns fall@2.750ns period=5.500ns})
  Path Group:             clk
  Path Type:              Setup (Max at Slow Process Corner)
  Requirement:            5.500ns  (clk rise@5.500ns - clk rise@0.000ns)
  Data Path Delay:        3.650ns  (logic 2.295ns (62.885%)  route 1.355ns (37.115%))
  Logic Levels:           5  (DSP_A_B_DATA=1 DSP_ALU=1 DSP_M_DATA=1 DSP_MULTIPLIER=1 DSP_PREADD_DATA=1)
  Clock Path Skew:        -0.148ns (DCD - SCD + CPR)
    Destination Clock Delay (DCD):    1.370ns = ( 6.870 - 5.500 ) 
    Source Clock Delay      (SCD):    1.832ns
    Clock Pessimism Removal (CPR):    0.314ns
  Clock Uncertainty:      0.035ns  ((TSJ^2 + TIJ^2)^1/2 + DJ) / 2 + PE
    Total System Jitter     (TSJ):    0.071ns
    Total Input Jitter      (TIJ):    0.000ns
    Discrete Jitter          (DJ):    0.000ns
    Phase Error              (PE):    0.000ns
  Clock Net Delay (Source):      0.937ns (routing 0.001ns, distribution 0.936ns)
  Clock Net Delay (Destination): 0.766ns (routing 0.001ns, distribution 0.765ns)

    Location             Delay type                Incr(ns)  Path(ns)    Netlist Resource(s)
  -------------------------------------------------------------------    -------------------
                         (clock clk rise edge)        0.000     0.000 r  
    P11                                               0.000     0.000 r  clk (IN)
                         net (fo=0)                   0.000     0.000    clk_IBUF_inst/I
    P11                  INBUF (Prop_INBUF_HPIOB_M_PAD_O)
                                                      0.548     0.548 r  clk_IBUF_inst/INBUF_INST/O
                         net (fo=1, routed)           0.000     0.548    clk_IBUF_inst/OUT
    P11                  IBUFCTRL (Prop_IBUFCTRL_HPIOB_M_I_O)
                                                      0.000     0.548 r  clk_IBUF_inst/IBUFCTRL_INST/O
                         net (fo=1, routed)           0.319     0.867    clk_IBUF
    BUFGCE_X0Y77         BUFGCE (Prop_BUFCE_BUFGCE_I_O)
                                                      0.028     0.895 r  clk_IBUF_BUFG_inst/O
    X3Y3 (CLOCK_ROOT)    net (fo=343, routed)         0.937     1.832    u_baseline/clk_IBUF_BUFG
    RAMB18_X11Y78        RAMB18E2                                     r  u_baseline/g_lane_mem[0].x0_mem_reg_bram_0/CLKARDCLK
  -------------------------------------------------------------------    -------------------
    RAMB18_X11Y78        RAMB18E2 (Prop_RAMB18E2_L_RAMB180_CLKARDCLK_DOUTADOUT[7])
                                                      0.890     2.722 f  u_baseline/g_lane_mem[0].x0_mem_reg_bram_0/DOUTADOUT[7]
                         net (fo=23, routed)          1.355     4.077    u_baseline/prod_q_reg[0][0]/A[18]
    DSP48E2_X15Y79       DSP_A_B_DATA (Prop_DSP_A_B_DATA_DSP48E2_A[18]_A2_DATA[18])
                                                      0.192     4.269 r  u_baseline/prod_q_reg[0][0]/DSP_A_B_DATA_INST/A2_DATA[18]
                         net (fo=1, routed)           0.000     4.269    u_baseline/prod_q_reg[0][0]/DSP_A_B_DATA.A2_DATA<18>
    DSP48E2_X15Y79       DSP_PREADD_DATA (Prop_DSP_PREADD_DATA_DSP48E2_A2_DATA[18]_A2A1[18])
                                                      0.076     4.345 r  u_baseline/prod_q_reg[0][0]/DSP_PREADD_DATA_INST/A2A1[18]
                         net (fo=1, routed)           0.000     4.345    u_baseline/prod_q_reg[0][0]/DSP_PREADD_DATA.A2A1<18>
    DSP48E2_X15Y79       DSP_MULTIPLIER (Prop_DSP_MULTIPLIER_DSP48E2_A2A1[18]_U[27])
                                                      0.505     4.850 f  u_baseline/prod_q_reg[0][0]/DSP_MULTIPLIER_INST/U[27]
                         net (fo=1, routed)           0.000     4.850    u_baseline/prod_q_reg[0][0]/DSP_MULTIPLIER.U<27>
    DSP48E2_X15Y79       DSP_M_DATA (Prop_DSP_M_DATA_DSP48E2_U[27]_U_DATA[27])
                                                      0.047     4.897 r  u_baseline/prod_q_reg[0][0]/DSP_M_DATA_INST/U_DATA[27]
                         net (fo=1, routed)           0.000     4.897    u_baseline/prod_q_reg[0][0]/DSP_M_DATA.U_DATA<27>
    DSP48E2_X15Y79       DSP_ALU (Prop_DSP_ALU_DSP48E2_U_DATA[27]_ALU_OUT[27])
                                                      0.585     5.482 r  u_baseline/prod_q_reg[0][0]/DSP_ALU_INST/ALU_OUT[27]
                         net (fo=1, routed)           0.000     5.482    u_baseline/prod_q_reg[0][0]/DSP_ALU.ALU_OUT<27>
    DSP48E2_X15Y79       DSP_OUTPUT                                   r  u_baseline/prod_q_reg[0][0]/DSP_OUTPUT_INST/ALU_OUT[27]
  -------------------------------------------------------------------    -------------------

                         (clock clk rise edge)        5.500     5.500 r  
    P11                                               0.000     5.500 r  clk (IN)
                         net (fo=0)                   0.000     5.500    clk_IBUF_inst/I
    P11                  INBUF (Prop_INBUF_HPIOB_M_PAD_O)
                                                      0.298     5.798 r  clk_IBUF_inst/INBUF_INST/O
                         net (fo=1, routed)           0.000     5.798    clk_IBUF_inst/OUT
    P11                  IBUFCTRL (Prop_IBUFCTRL_HPIOB_M_I_O)
                                                      0.000     5.798 r  clk_IBUF_inst/IBUFCTRL_INST/O
                         net (fo=1, routed)           0.282     6.080    clk_IBUF
    BUFGCE_X0Y77         BUFGCE (Prop_BUFCE_BUFGCE_I_O)
                                                      0.024     6.104 r  clk_IBUF_BUFG_inst/O
    X3Y3 (CLOCK_ROOT)    net (fo=343, routed)         0.766     6.870    u_baseline/prod_q_reg[0][0]/CLK
    DSP48E2_X15Y79       DSP_OUTPUT                                   r  u_baseline/prod_q_reg[0][0]/DSP_OUTPUT_INST/CLK
                         clock pessimism              0.314     7.184    
                         clock uncertainty           -0.035     7.149    
    DSP48E2_X15Y79       DSP_OUTPUT (Setup_DSP_OUTPUT_DSP48E2_CLK_ALU_OUT[27])
                                                      0.015     7.164    u_baseline/prod_q_reg[0][0]/DSP_OUTPUT_INST
  -------------------------------------------------------------------
                         required time                          7.164    
                         arrival time                          -5.482    
  -------------------------------------------------------------------
                         slack                                  1.682    

Slack (MET) :             1.682ns  (required time - arrival time)
  Source:                 u_baseline/g_lane_mem[0].x0_mem_reg_bram_0/CLKARDCLK
                            (rising edge-triggered cell RAMB18E2 clocked by clk  {rise@0.000ns fall@2.750ns period=5.500ns})
  Destination:            u_baseline/prod_q_reg[0][0]/DSP_OUTPUT_INST/ALU_OUT[28]
                            (rising edge-triggered cell DSP_OUTPUT clocked by clk  {rise@0.000ns fall@2.750ns period=5.500ns})
  Path Group:             clk
  Path Type:              Setup (Max at Slow Process Corner)
  Requirement:            5.500ns  (clk rise@5.500ns - clk rise@0.000ns)
  Data Path Delay:        3.650ns  (logic 2.295ns (62.885%)  route 1.355ns (37.115%))
  Logic Levels:           5  (DSP_A_B_DATA=1 DSP_ALU=1 DSP_M_DATA=1 DSP_MULTIPLIER=1 DSP_PREADD_DATA=1)
  Clock Path Skew:        -0.148ns (DCD - SCD + CPR)
    Destination Clock Delay (DCD):    1.370ns = ( 6.870 - 5.500 ) 
    Source Clock Delay      (SCD):    1.832ns
    Clock Pessimism Removal (CPR):    0.314ns
  Clock Uncertainty:      0.035ns  ((TSJ^2 + TIJ^2)^1/2 + DJ) / 2 + PE
    Total System Jitter     (TSJ):    0.071ns
    Total Input Jitter      (TIJ):    0.000ns
    Discrete Jitter          (DJ):    0.000ns
    Phase Error              (PE):    0.000ns
  Clock Net Delay (Source):      0.937ns (routing 0.001ns, distribution 0.936ns)
  Clock Net Delay (Destination): 0.766ns (routing 0.001ns, distribution 0.765ns)

    Location             Delay type                Incr(ns)  Path(ns)    Netlist Resource(s)
  -------------------------------------------------------------------    -------------------
                         (clock clk rise edge)        0.000     0.000 r  
    P11                                               0.000     0.000 r  clk (IN)
                         net (fo=0)                   0.000     0.000    clk_IBUF_inst/I
    P11                  INBUF (Prop_INBUF_HPIOB_M_PAD_O)
                                                      0.548     0.548 r  clk_IBUF_inst/INBUF_INST/O
                         net (fo=1, routed)           0.000     0.548    clk_IBUF_inst/OUT
    P11                  IBUFCTRL (Prop_IBUFCTRL_HPIOB_M_I_O)
                                                      0.000     0.548 r  clk_IBUF_inst/IBUFCTRL_INST/O
                         net (fo=1, routed)           0.319     0.867    clk_IBUF
    BUFGCE_X0Y77         BUFGCE (Prop_BUFCE_BUFGCE_I_O)
                                                      0.028     0.895 r  clk_IBUF_BUFG_inst/O
    X3Y3 (CLOCK_ROOT)    net (fo=343, routed)         0.937     1.832    u_baseline/clk_IBUF_BUFG
    RAMB18_X11Y78        RAMB18E2                                     r  u_baseline/g_lane_mem[0].x0_mem_reg_bram_0/CLKARDCLK
  -------------------------------------------------------------------    -------------------
    RAMB18_X11Y78        RAMB18E2 (Prop_RAMB18E2_L_RAMB180_CLKARDCLK_DOUTADOUT[7])
                                                      0.890     2.722 f  u_baseline/g_lane_mem[0].x0_mem_reg_bram_0/DOUTADOUT[7]
                         net (fo=23, routed)          1.355     4.077    u_baseline/prod_q_reg[0][0]/A[18]
    DSP48E2_X15Y79       DSP_A_B_DATA (Prop_DSP_A_B_DATA_DSP48E2_A[18]_A2_DATA[18])
                                                      0.192     4.269 r  u_baseline/prod_q_reg[0][0]/DSP_A_B_DATA_INST/A2_DATA[18]
                         net (fo=1, routed)           0.000     4.269    u_baseline/prod_q_reg[0][0]/DSP_A_B_DATA.A2_DATA<18>
    DSP48E2_X15Y79       DSP_PREADD_DATA (Prop_DSP_PREADD_DATA_DSP48E2_A2_DATA[18]_A2A1[18])
                                                      0.076     4.345 r  u_baseline/prod_q_reg[0][0]/DSP_PREADD_DATA_INST/A2A1[18]
                         net (fo=1, routed)           0.000     4.345    u_baseline/prod_q_reg[0][0]/DSP_PREADD_DATA.A2A1<18>
    DSP48E2_X15Y79       DSP_MULTIPLIER (Prop_DSP_MULTIPLIER_DSP48E2_A2A1[18]_U[28])
                                                      0.505     4.850 f  u_baseline/prod_q_reg[0][0]/DSP_MULTIPLIER_INST/U[28]
                         net (fo=1, routed)           0.000     4.850    u_baseline/prod_q_reg[0][0]/DSP_MULTIPLIER.U<28>
    DSP48E2_X15Y79       DSP_M_DATA (Prop_DSP_M_DATA_DSP48E2_U[28]_U_DATA[28])
                                                      0.047     4.897 r  u_baseline/prod_q_reg[0][0]/DSP_M_DATA_INST/U_DATA[28]
                         net (fo=1, routed)           0.000     4.897    u_baseline/prod_q_reg[0][0]/DSP_M_DATA.U_DATA<28>
    DSP48E2_X15Y79       DSP_ALU (Prop_DSP_ALU_DSP48E2_U_DATA[28]_ALU_OUT[28])
                                                      0.585     5.482 r  u_baseline/prod_q_reg[0][0]/DSP_ALU_INST/ALU_OUT[28]
                         net (fo=1, routed)           0.000     5.482    u_baseline/prod_q_reg[0][0]/DSP_ALU.ALU_OUT<28>
    DSP48E2_X15Y79       DSP_OUTPUT                                   r  u_baseline/prod_q_reg[0][0]/DSP_OUTPUT_INST/ALU_OUT[28]
  -------------------------------------------------------------------    -------------------

                         (clock clk rise edge)        5.500     5.500 r  
    P11                                               0.000     5.500 r  clk (IN)
                         net (fo=0)                   0.000     5.500    clk_IBUF_inst/I
    P11                  INBUF (Prop_INBUF_HPIOB_M_PAD_O)
                                                      0.298     5.798 r  clk_IBUF_inst/INBUF_INST/O
                         net (fo=1, routed)           0.000     5.798    clk_IBUF_inst/OUT
    P11                  IBUFCTRL (Prop_IBUFCTRL_HPIOB_M_I_O)
                                                      0.000     5.798 r  clk_IBUF_inst/IBUFCTRL_INST/O
                         net (fo=1, routed)           0.282     6.080    clk_IBUF
    BUFGCE_X0Y77         BUFGCE (Prop_BUFCE_BUFGCE_I_O)
                                                      0.024     6.104 r  clk_IBUF_BUFG_inst/O
    X3Y3 (CLOCK_ROOT)    net (fo=343, routed)         0.766     6.870    u_baseline/prod_q_reg[0][0]/CLK
    DSP48E2_X15Y79       DSP_OUTPUT                                   r  u_baseline/prod_q_reg[0][0]/DSP_OUTPUT_INST/CLK
                         clock pessimism              0.314     7.184    
                         clock uncertainty           -0.035     7.149    
    DSP48E2_X15Y79       DSP_OUTPUT (Setup_DSP_OUTPUT_DSP48E2_CLK_ALU_OUT[28])
                                                      0.015     7.164    u_baseline/prod_q_reg[0][0]/DSP_OUTPUT_INST
  -------------------------------------------------------------------
                         required time                          7.164    
                         arrival time                          -5.482    
  -------------------------------------------------------------------
                         slack                                  1.682    

Slack (MET) :             1.682ns  (required time - arrival time)
  Source:                 u_baseline/g_lane_mem[0].x0_mem_reg_bram_0/CLKARDCLK
                            (rising edge-triggered cell RAMB18E2 clocked by clk  {rise@0.000ns fall@2.750ns period=5.500ns})
  Destination:            u_baseline/prod_q_reg[0][0]/DSP_OUTPUT_INST/ALU_OUT[29]
                            (rising edge-triggered cell DSP_OUTPUT clocked by clk  {rise@0.000ns fall@2.750ns period=5.500ns})
  Path Group:             clk
  Path Type:              Setup (Max at Slow Process Corner)
  Requirement:            5.500ns  (clk rise@5.500ns - clk rise@0.000ns)
  Data Path Delay:        3.650ns  (logic 2.295ns (62.885%)  route 1.355ns (37.115%))
  Logic Levels:           5  (DSP_A_B_DATA=1 DSP_ALU=1 DSP_M_DATA=1 DSP_MULTIPLIER=1 DSP_PREADD_DATA=1)
  Clock Path Skew:        -0.148ns (DCD - SCD + CPR)
    Destination Clock Delay (DCD):    1.370ns = ( 6.870 - 5.500 ) 
    Source Clock Delay      (SCD):    1.832ns
    Clock Pessimism Removal (CPR):    0.314ns
  Clock Uncertainty:      0.035ns  ((TSJ^2 + TIJ^2)^1/2 + DJ) / 2 + PE
    Total System Jitter     (TSJ):    0.071ns
    Total Input Jitter      (TIJ):    0.000ns
    Discrete Jitter          (DJ):    0.000ns
    Phase Error              (PE):    0.000ns
  Clock Net Delay (Source):      0.937ns (routing 0.001ns, distribution 0.936ns)
  Clock Net Delay (Destination): 0.766ns (routing 0.001ns, distribution 0.765ns)

    Location             Delay type                Incr(ns)  Path(ns)    Netlist Resource(s)
  -------------------------------------------------------------------    -------------------
                         (clock clk rise edge)        0.000     0.000 r  
    P11                                               0.000     0.000 r  clk (IN)
                         net (fo=0)                   0.000     0.000    clk_IBUF_inst/I
    P11                  INBUF (Prop_INBUF_HPIOB_M_PAD_O)
                                                      0.548     0.548 r  clk_IBUF_inst/INBUF_INST/O
                         net (fo=1, routed)           0.000     0.548    clk_IBUF_inst/OUT
    P11                  IBUFCTRL (Prop_IBUFCTRL_HPIOB_M_I_O)
                                                      0.000     0.548 r  clk_IBUF_inst/IBUFCTRL_INST/O
                         net (fo=1, routed)           0.319     0.867    clk_IBUF
    BUFGCE_X0Y77         BUFGCE (Prop_BUFCE_BUFGCE_I_O)
                                                      0.028     0.895 r  clk_IBUF_BUFG_inst/O
    X3Y3 (CLOCK_ROOT)    net (fo=343, routed)         0.937     1.832    u_baseline/clk_IBUF_BUFG
    RAMB18_X11Y78        RAMB18E2                                     r  u_baseline/g_lane_mem[0].x0_mem_reg_bram_0/CLKARDCLK
  -------------------------------------------------------------------    -------------------
    RAMB18_X11Y78        RAMB18E2 (Prop_RAMB18E2_L_RAMB180_CLKARDCLK_DOUTADOUT[7])
                                                      0.890     2.722 f  u_baseline/g_lane_mem[0].x0_mem_reg_bram_0/DOUTADOUT[7]
                         net (fo=23, routed)          1.355     4.077    u_baseline/prod_q_reg[0][0]/A[18]
    DSP48E2_X15Y79       DSP_A_B_DATA (Prop_DSP_A_B_DATA_DSP48E2_A[18]_A2_DATA[18])
                                                      0.192     4.269 r  u_baseline/prod_q_reg[0][0]/DSP_A_B_DATA_INST/A2_DATA[18]
                         net (fo=1, routed)           0.000     4.269    u_baseline/prod_q_reg[0][0]/DSP_A_B_DATA.A2_DATA<18>
    DSP48E2_X15Y79       DSP_PREADD_DATA (Prop_DSP_PREADD_DATA_DSP48E2_A2_DATA[18]_A2A1[18])
                                                      0.076     4.345 r  u_baseline/prod_q_reg[0][0]/DSP_PREADD_DATA_INST/A2A1[18]
                         net (fo=1, routed)           0.000     4.345    u_baseline/prod_q_reg[0][0]/DSP_PREADD_DATA.A2A1<18>
    DSP48E2_X15Y79       DSP_MULTIPLIER (Prop_DSP_MULTIPLIER_DSP48E2_A2A1[18]_U[29])
                                                      0.505     4.850 f  u_baseline/prod_q_reg[0][0]/DSP_MULTIPLIER_INST/U[29]
                         net (fo=1, routed)           0.000     4.850    u_baseline/prod_q_reg[0][0]/DSP_MULTIPLIER.U<29>
    DSP48E2_X15Y79       DSP_M_DATA (Prop_DSP_M_DATA_DSP48E2_U[29]_U_DATA[29])
                                                      0.047     4.897 r  u_baseline/prod_q_reg[0][0]/DSP_M_DATA_INST/U_DATA[29]
                         net (fo=1, routed)           0.000     4.897    u_baseline/prod_q_reg[0][0]/DSP_M_DATA.U_DATA<29>
    DSP48E2_X15Y79       DSP_ALU (Prop_DSP_ALU_DSP48E2_U_DATA[29]_ALU_OUT[29])
                                                      0.585     5.482 r  u_baseline/prod_q_reg[0][0]/DSP_ALU_INST/ALU_OUT[29]
                         net (fo=1, routed)           0.000     5.482    u_baseline/prod_q_reg[0][0]/DSP_ALU.ALU_OUT<29>
    DSP48E2_X15Y79       DSP_OUTPUT                                   r  u_baseline/prod_q_reg[0][0]/DSP_OUTPUT_INST/ALU_OUT[29]
  -------------------------------------------------------------------    -------------------

                         (clock clk rise edge)        5.500     5.500 r  
    P11                                               0.000     5.500 r  clk (IN)
                         net (fo=0)                   0.000     5.500    clk_IBUF_inst/I
    P11                  INBUF (Prop_INBUF_HPIOB_M_PAD_O)
                                                      0.298     5.798 r  clk_IBUF_inst/INBUF_INST/O
                         net (fo=1, routed)           0.000     5.798    clk_IBUF_inst/OUT
    P11                  IBUFCTRL (Prop_IBUFCTRL_HPIOB_M_I_O)
                                                      0.000     5.798 r  clk_IBUF_inst/IBUFCTRL_INST/O
                         net (fo=1, routed)           0.282     6.080    clk_IBUF
    BUFGCE_X0Y77         BUFGCE (Prop_BUFCE_BUFGCE_I_O)
                                                      0.024     6.104 r  clk_IBUF_BUFG_inst/O
    X3Y3 (CLOCK_ROOT)    net (fo=343, routed)         0.766     6.870    u_baseline/prod_q_reg[0][0]/CLK
    DSP48E2_X15Y79       DSP_OUTPUT                                   r  u_baseline/prod_q_reg[0][0]/DSP_OUTPUT_INST/CLK
                         clock pessimism              0.314     7.184    
                         clock uncertainty           -0.035     7.149    
    DSP48E2_X15Y79       DSP_OUTPUT (Setup_DSP_OUTPUT_DSP48E2_CLK_ALU_OUT[29])
                                                      0.015     7.164    u_baseline/prod_q_reg[0][0]/DSP_OUTPUT_INST
  -------------------------------------------------------------------
                         required time                          7.164    
                         arrival time                          -5.482    
  -------------------------------------------------------------------
                         slack                                  1.682    

Slack (MET) :             1.682ns  (required time - arrival time)
  Source:                 u_baseline/g_lane_mem[0].x0_mem_reg_bram_0/CLKARDCLK
                            (rising edge-triggered cell RAMB18E2 clocked by clk  {rise@0.000ns fall@2.750ns period=5.500ns})
  Destination:            u_baseline/prod_q_reg[0][0]/DSP_OUTPUT_INST/ALU_OUT[30]
                            (rising edge-triggered cell DSP_OUTPUT clocked by clk  {rise@0.000ns fall@2.750ns period=5.500ns})
  Path Group:             clk
  Path Type:              Setup (Max at Slow Process Corner)
  Requirement:            5.500ns  (clk rise@5.500ns - clk rise@0.000ns)
  Data Path Delay:        3.650ns  (logic 2.295ns (62.885%)  route 1.355ns (37.115%))
  Logic Levels:           5  (DSP_A_B_DATA=1 DSP_ALU=1 DSP_M_DATA=1 DSP_MULTIPLIER=1 DSP_PREADD_DATA=1)
  Clock Path Skew:        -0.148ns (DCD - SCD + CPR)
    Destination Clock Delay (DCD):    1.370ns = ( 6.870 - 5.500 ) 
    Source Clock Delay      (SCD):    1.832ns
    Clock Pessimism Removal (CPR):    0.314ns
  Clock Uncertainty:      0.035ns  ((TSJ^2 + TIJ^2)^1/2 + DJ) / 2 + PE
    Total System Jitter     (TSJ):    0.071ns
    Total Input Jitter      (TIJ):    0.000ns
    Discrete Jitter          (DJ):    0.000ns
    Phase Error              (PE):    0.000ns
  Clock Net Delay (Source):      0.937ns (routing 0.001ns, distribution 0.936ns)
  Clock Net Delay (Destination): 0.766ns (routing 0.001ns, distribution 0.765ns)

    Location             Delay type                Incr(ns)  Path(ns)    Netlist Resource(s)
  -------------------------------------------------------------------    -------------------
                         (clock clk rise edge)        0.000     0.000 r  
    P11                                               0.000     0.000 r  clk (IN)
                         net (fo=0)                   0.000     0.000    clk_IBUF_inst/I
    P11                  INBUF (Prop_INBUF_HPIOB_M_PAD_O)
                                                      0.548     0.548 r  clk_IBUF_inst/INBUF_INST/O
                         net (fo=1, routed)           0.000     0.548    clk_IBUF_inst/OUT
    P11                  IBUFCTRL (Prop_IBUFCTRL_HPIOB_M_I_O)
                                                      0.000     0.548 r  clk_IBUF_inst/IBUFCTRL_INST/O
                         net (fo=1, routed)           0.319     0.867    clk_IBUF
    BUFGCE_X0Y77         BUFGCE (Prop_BUFCE_BUFGCE_I_O)
                                                      0.028     0.895 r  clk_IBUF_BUFG_inst/O
    X3Y3 (CLOCK_ROOT)    net (fo=343, routed)         0.937     1.832    u_baseline/clk_IBUF_BUFG
    RAMB18_X11Y78        RAMB18E2                                     r  u_baseline/g_lane_mem[0].x0_mem_reg_bram_0/CLKARDCLK
  -------------------------------------------------------------------    -------------------
    RAMB18_X11Y78        RAMB18E2 (Prop_RAMB18E2_L_RAMB180_CLKARDCLK_DOUTADOUT[7])
                                                      0.890     2.722 f  u_baseline/g_lane_mem[0].x0_mem_reg_bram_0/DOUTADOUT[7]
                         net (fo=23, routed)          1.355     4.077    u_baseline/prod_q_reg[0][0]/A[18]
    DSP48E2_X15Y79       DSP_A_B_DATA (Prop_DSP_A_B_DATA_DSP48E2_A[18]_A2_DATA[18])
                                                      0.192     4.269 r  u_baseline/prod_q_reg[0][0]/DSP_A_B_DATA_INST/A2_DATA[18]
                         net (fo=1, routed)           0.000     4.269    u_baseline/prod_q_reg[0][0]/DSP_A_B_DATA.A2_DATA<18>
    DSP48E2_X15Y79       DSP_PREADD_DATA (Prop_DSP_PREADD_DATA_DSP48E2_A2_DATA[18]_A2A1[18])
                                                      0.076     4.345 r  u_baseline/prod_q_reg[0][0]/DSP_PREADD_DATA_INST/A2A1[18]
                         net (fo=1, routed)           0.000     4.345    u_baseline/prod_q_reg[0][0]/DSP_PREADD_DATA.A2A1<18>
    DSP48E2_X15Y79       DSP_MULTIPLIER (Prop_DSP_MULTIPLIER_DSP48E2_A2A1[18]_U[30])
                                                      0.505     4.850 f  u_baseline/prod_q_reg[0][0]/DSP_MULTIPLIER_INST/U[30]
                         net (fo=1, routed)           0.000     4.850    u_baseline/prod_q_reg[0][0]/DSP_MULTIPLIER.U<30>
    DSP48E2_X15Y79       DSP_M_DATA (Prop_DSP_M_DATA_DSP48E2_U[30]_U_DATA[30])
                                                      0.047     4.897 r  u_baseline/prod_q_reg[0][0]/DSP_M_DATA_INST/U_DATA[30]
                         net (fo=1, routed)           0.000     4.897    u_baseline/prod_q_reg[0][0]/DSP_M_DATA.U_DATA<30>
    DSP48E2_X15Y79       DSP_ALU (Prop_DSP_ALU_DSP48E2_U_DATA[30]_ALU_OUT[30])
                                                      0.585     5.482 r  u_baseline/prod_q_reg[0][0]/DSP_ALU_INST/ALU_OUT[30]
                         net (fo=1, routed)           0.000     5.482    u_baseline/prod_q_reg[0][0]/DSP_ALU.ALU_OUT<30>
    DSP48E2_X15Y79       DSP_OUTPUT                                   r  u_baseline/prod_q_reg[0][0]/DSP_OUTPUT_INST/ALU_OUT[30]
  -------------------------------------------------------------------    -------------------

                         (clock clk rise edge)        5.500     5.500 r  
    P11                                               0.000     5.500 r  clk (IN)
                         net (fo=0)                   0.000     5.500    clk_IBUF_inst/I
    P11                  INBUF (Prop_INBUF_HPIOB_M_PAD_O)
                                                      0.298     5.798 r  clk_IBUF_inst/INBUF_INST/O
                         net (fo=1, routed)           0.000     5.798    clk_IBUF_inst/OUT
    P11                  IBUFCTRL (Prop_IBUFCTRL_HPIOB_M_I_O)
                                                      0.000     5.798 r  clk_IBUF_inst/IBUFCTRL_INST/O
                         net (fo=1, routed)           0.282     6.080    clk_IBUF
    BUFGCE_X0Y77         BUFGCE (Prop_BUFCE_BUFGCE_I_O)
                                                      0.024     6.104 r  clk_IBUF_BUFG_inst/O
    X3Y3 (CLOCK_ROOT)    net (fo=343, routed)         0.766     6.870    u_baseline/prod_q_reg[0][0]/CLK
    DSP48E2_X15Y79       DSP_OUTPUT                                   r  u_baseline/prod_q_reg[0][0]/DSP_OUTPUT_INST/CLK
                         clock pessimism              0.314     7.184    
                         clock uncertainty           -0.035     7.149    
    DSP48E2_X15Y79       DSP_OUTPUT (Setup_DSP_OUTPUT_DSP48E2_CLK_ALU_OUT[30])
                                                      0.015     7.164    u_baseline/prod_q_reg[0][0]/DSP_OUTPUT_INST
  -------------------------------------------------------------------
                         required time                          7.164    
                         arrival time                          -5.482    
  -------------------------------------------------------------------
                         slack                                  1.682    

Slack (MET) :             1.682ns  (required time - arrival time)
  Source:                 u_baseline/g_lane_mem[0].x0_mem_reg_bram_0/CLKARDCLK
                            (rising edge-triggered cell RAMB18E2 clocked by clk  {rise@0.000ns fall@2.750ns period=5.500ns})
  Destination:            u_baseline/prod_q_reg[0][0]/DSP_OUTPUT_INST/ALU_OUT[31]
                            (rising edge-triggered cell DSP_OUTPUT clocked by clk  {rise@0.000ns fall@2.750ns period=5.500ns})
  Path Group:             clk
  Path Type:              Setup (Max at Slow Process Corner)
  Requirement:            5.500ns  (clk rise@5.500ns - clk rise@0.000ns)
  Data Path Delay:        3.650ns  (logic 2.295ns (62.885%)  route 1.355ns (37.115%))
  Logic Levels:           5  (DSP_A_B_DATA=1 DSP_ALU=1 DSP_M_DATA=1 DSP_MULTIPLIER=1 DSP_PREADD_DATA=1)
  Clock Path Skew:        -0.148ns (DCD - SCD + CPR)
    Destination Clock Delay (DCD):    1.370ns = ( 6.870 - 5.500 ) 
    Source Clock Delay      (SCD):    1.832ns
    Clock Pessimism Removal (CPR):    0.314ns
  Clock Uncertainty:      0.035ns  ((TSJ^2 + TIJ^2)^1/2 + DJ) / 2 + PE
    Total System Jitter     (TSJ):    0.071ns
    Total Input Jitter      (TIJ):    0.000ns
    Discrete Jitter          (DJ):    0.000ns
    Phase Error              (PE):    0.000ns
  Clock Net Delay (Source):      0.937ns (routing 0.001ns, distribution 0.936ns)
  Clock Net Delay (Destination): 0.766ns (routing 0.001ns, distribution 0.765ns)

    Location             Delay type                Incr(ns)  Path(ns)    Netlist Resource(s)
  -------------------------------------------------------------------    -------------------
                         (clock clk rise edge)        0.000     0.000 r  
    P11                                               0.000     0.000 r  clk (IN)
                         net (fo=0)                   0.000     0.000    clk_IBUF_inst/I
    P11                  INBUF (Prop_INBUF_HPIOB_M_PAD_O)
                                                      0.548     0.548 r  clk_IBUF_inst/INBUF_INST/O
                         net (fo=1, routed)           0.000     0.548    clk_IBUF_inst/OUT
    P11                  IBUFCTRL (Prop_IBUFCTRL_HPIOB_M_I_O)
                                                      0.000     0.548 r  clk_IBUF_inst/IBUFCTRL_INST/O
                         net (fo=1, routed)           0.319     0.867    clk_IBUF
    BUFGCE_X0Y77         BUFGCE (Prop_BUFCE_BUFGCE_I_O)
                                                      0.028     0.895 r  clk_IBUF_BUFG_inst/O
    X3Y3 (CLOCK_ROOT)    net (fo=343, routed)         0.937     1.832    u_baseline/clk_IBUF_BUFG
    RAMB18_X11Y78        RAMB18E2                                     r  u_baseline/g_lane_mem[0].x0_mem_reg_bram_0/CLKARDCLK
  -------------------------------------------------------------------    -------------------
    RAMB18_X11Y78        RAMB18E2 (Prop_RAMB18E2_L_RAMB180_CLKARDCLK_DOUTADOUT[7])
                                                      0.890     2.722 f  u_baseline/g_lane_mem[0].x0_mem_reg_bram_0/DOUTADOUT[7]
                         net (fo=23, routed)          1.355     4.077    u_baseline/prod_q_reg[0][0]/A[18]
    DSP48E2_X15Y79       DSP_A_B_DATA (Prop_DSP_A_B_DATA_DSP48E2_A[18]_A2_DATA[18])
                                                      0.192     4.269 r  u_baseline/prod_q_reg[0][0]/DSP_A_B_DATA_INST/A2_DATA[18]
                         net (fo=1, routed)           0.000     4.269    u_baseline/prod_q_reg[0][0]/DSP_A_B_DATA.A2_DATA<18>
    DSP48E2_X15Y79       DSP_PREADD_DATA (Prop_DSP_PREADD_DATA_DSP48E2_A2_DATA[18]_A2A1[18])
                                                      0.076     4.345 r  u_baseline/prod_q_reg[0][0]/DSP_PREADD_DATA_INST/A2A1[18]
                         net (fo=1, routed)           0.000     4.345    u_baseline/prod_q_reg[0][0]/DSP_PREADD_DATA.A2A1<18>
    DSP48E2_X15Y79       DSP_MULTIPLIER (Prop_DSP_MULTIPLIER_DSP48E2_A2A1[18]_U[31])
                                                      0.505     4.850 f  u_baseline/prod_q_reg[0][0]/DSP_MULTIPLIER_INST/U[31]
                         net (fo=1, routed)           0.000     4.850    u_baseline/prod_q_reg[0][0]/DSP_MULTIPLIER.U<31>
    DSP48E2_X15Y79       DSP_M_DATA (Prop_DSP_M_DATA_DSP48E2_U[31]_U_DATA[31])
                                                      0.047     4.897 r  u_baseline/prod_q_reg[0][0]/DSP_M_DATA_INST/U_DATA[31]
                         net (fo=1, routed)           0.000     4.897    u_baseline/prod_q_reg[0][0]/DSP_M_DATA.U_DATA<31>
    DSP48E2_X15Y79       DSP_ALU (Prop_DSP_ALU_DSP48E2_U_DATA[31]_ALU_OUT[31])
                                                      0.585     5.482 r  u_baseline/prod_q_reg[0][0]/DSP_ALU_INST/ALU_OUT[31]
                         net (fo=1, routed)           0.000     5.482    u_baseline/prod_q_reg[0][0]/DSP_ALU.ALU_OUT<31>
    DSP48E2_X15Y79       DSP_OUTPUT                                   r  u_baseline/prod_q_reg[0][0]/DSP_OUTPUT_INST/ALU_OUT[31]
  -------------------------------------------------------------------    -------------------

                         (clock clk rise edge)        5.500     5.500 r  
    P11                                               0.000     5.500 r  clk (IN)
                         net (fo=0)                   0.000     5.500    clk_IBUF_inst/I
    P11                  INBUF (Prop_INBUF_HPIOB_M_PAD_O)
                                                      0.298     5.798 r  clk_IBUF_inst/INBUF_INST/O
                         net (fo=1, routed)           0.000     5.798    clk_IBUF_inst/OUT
    P11                  IBUFCTRL (Prop_IBUFCTRL_HPIOB_M_I_O)
                                                      0.000     5.798 r  clk_IBUF_inst/IBUFCTRL_INST/O
                         net (fo=1, routed)           0.282     6.080    clk_IBUF
    BUFGCE_X0Y77         BUFGCE (Prop_BUFCE_BUFGCE_I_O)
                                                      0.024     6.104 r  clk_IBUF_BUFG_inst/O
    X3Y3 (CLOCK_ROOT)    net (fo=343, routed)         0.766     6.870    u_baseline/prod_q_reg[0][0]/CLK
    DSP48E2_X15Y79       DSP_OUTPUT                                   r  u_baseline/prod_q_reg[0][0]/DSP_OUTPUT_INST/CLK
                         clock pessimism              0.314     7.184    
                         clock uncertainty           -0.035     7.149    
    DSP48E2_X15Y79       DSP_OUTPUT (Setup_DSP_OUTPUT_DSP48E2_CLK_ALU_OUT[31])
                                                      0.015     7.164    u_baseline/prod_q_reg[0][0]/DSP_OUTPUT_INST
  -------------------------------------------------------------------
                         required time                          7.164    
                         arrival time                          -5.482    
  -------------------------------------------------------------------
                         slack                                  1.682    

Slack (MET) :             1.682ns  (required time - arrival time)
  Source:                 u_baseline/g_lane_mem[0].x0_mem_reg_bram_0/CLKARDCLK
                            (rising edge-triggered cell RAMB18E2 clocked by clk  {rise@0.000ns fall@2.750ns period=5.500ns})
  Destination:            u_baseline/prod_q_reg[0][0]/DSP_OUTPUT_INST/ALU_OUT[32]
                            (rising edge-triggered cell DSP_OUTPUT clocked by clk  {rise@0.000ns fall@2.750ns period=5.500ns})
  Path Group:             clk
  Path Type:              Setup (Max at Slow Process Corner)
  Requirement:            5.500ns  (clk rise@5.500ns - clk rise@0.000ns)
  Data Path Delay:        3.650ns  (logic 2.295ns (62.885%)  route 1.355ns (37.115%))
  Logic Levels:           5  (DSP_A_B_DATA=1 DSP_ALU=1 DSP_M_DATA=1 DSP_MULTIPLIER=1 DSP_PREADD_DATA=1)
  Clock Path Skew:        -0.148ns (DCD - SCD + CPR)
    Destination Clock Delay (DCD):    1.370ns = ( 6.870 - 5.500 ) 
    Source Clock Delay      (SCD):    1.832ns
    Clock Pessimism Removal (CPR):    0.314ns
  Clock Uncertainty:      0.035ns  ((TSJ^2 + TIJ^2)^1/2 + DJ) / 2 + PE
    Total System Jitter     (TSJ):    0.071ns
    Total Input Jitter      (TIJ):    0.000ns
    Discrete Jitter          (DJ):    0.000ns
    Phase Error              (PE):    0.000ns
  Clock Net Delay (Source):      0.937ns (routing 0.001ns, distribution 0.936ns)
  Clock Net Delay (Destination): 0.766ns (routing 0.001ns, distribution 0.765ns)

    Location             Delay type                Incr(ns)  Path(ns)    Netlist Resource(s)
  -------------------------------------------------------------------    -------------------
                         (clock clk rise edge)        0.000     0.000 r  
    P11                                               0.000     0.000 r  clk (IN)
                         net (fo=0)                   0.000     0.000    clk_IBUF_inst/I
    P11                  INBUF (Prop_INBUF_HPIOB_M_PAD_O)
                                                      0.548     0.548 r  clk_IBUF_inst/INBUF_INST/O
                         net (fo=1, routed)           0.000     0.548    clk_IBUF_inst/OUT
    P11                  IBUFCTRL (Prop_IBUFCTRL_HPIOB_M_I_O)
                                                      0.000     0.548 r  clk_IBUF_inst/IBUFCTRL_INST/O
                         net (fo=1, routed)           0.319     0.867    clk_IBUF
    BUFGCE_X0Y77         BUFGCE (Prop_BUFCE_BUFGCE_I_O)
                                                      0.028     0.895 r  clk_IBUF_BUFG_inst/O
    X3Y3 (CLOCK_ROOT)    net (fo=343, routed)         0.937     1.832    u_baseline/clk_IBUF_BUFG
    RAMB18_X11Y78        RAMB18E2                                     r  u_baseline/g_lane_mem[0].x0_mem_reg_bram_0/CLKARDCLK
  -------------------------------------------------------------------    -------------------
    RAMB18_X11Y78        RAMB18E2 (Prop_RAMB18E2_L_RAMB180_CLKARDCLK_DOUTADOUT[7])
                                                      0.890     2.722 f  u_baseline/g_lane_mem[0].x0_mem_reg_bram_0/DOUTADOUT[7]
                         net (fo=23, routed)          1.355     4.077    u_baseline/prod_q_reg[0][0]/A[18]
    DSP48E2_X15Y79       DSP_A_B_DATA (Prop_DSP_A_B_DATA_DSP48E2_A[18]_A2_DATA[18])
                                                      0.192     4.269 r  u_baseline/prod_q_reg[0][0]/DSP_A_B_DATA_INST/A2_DATA[18]
                         net (fo=1, routed)           0.000     4.269    u_baseline/prod_q_reg[0][0]/DSP_A_B_DATA.A2_DATA<18>
    DSP48E2_X15Y79       DSP_PREADD_DATA (Prop_DSP_PREADD_DATA_DSP48E2_A2_DATA[18]_A2A1[18])
                                                      0.076     4.345 r  u_baseline/prod_q_reg[0][0]/DSP_PREADD_DATA_INST/A2A1[18]
                         net (fo=1, routed)           0.000     4.345    u_baseline/prod_q_reg[0][0]/DSP_PREADD_DATA.A2A1<18>
    DSP48E2_X15Y79       DSP_MULTIPLIER (Prop_DSP_MULTIPLIER_DSP48E2_A2A1[18]_U[32])
                                                      0.505     4.850 f  u_baseline/prod_q_reg[0][0]/DSP_MULTIPLIER_INST/U[32]
                         net (fo=1, routed)           0.000     4.850    u_baseline/prod_q_reg[0][0]/DSP_MULTIPLIER.U<32>
    DSP48E2_X15Y79       DSP_M_DATA (Prop_DSP_M_DATA_DSP48E2_U[32]_U_DATA[32])
                                                      0.047     4.897 r  u_baseline/prod_q_reg[0][0]/DSP_M_DATA_INST/U_DATA[32]
                         net (fo=1, routed)           0.000     4.897    u_baseline/prod_q_reg[0][0]/DSP_M_DATA.U_DATA<32>
    DSP48E2_X15Y79       DSP_ALU (Prop_DSP_ALU_DSP48E2_U_DATA[32]_ALU_OUT[32])
                                                      0.585     5.482 r  u_baseline/prod_q_reg[0][0]/DSP_ALU_INST/ALU_OUT[32]
                         net (fo=1, routed)           0.000     5.482    u_baseline/prod_q_reg[0][0]/DSP_ALU.ALU_OUT<32>
    DSP48E2_X15Y79       DSP_OUTPUT                                   r  u_baseline/prod_q_reg[0][0]/DSP_OUTPUT_INST/ALU_OUT[32]
  -------------------------------------------------------------------    -------------------

                         (clock clk rise edge)        5.500     5.500 r  
    P11                                               0.000     5.500 r  clk (IN)
                         net (fo=0)                   0.000     5.500    clk_IBUF_inst/I
    P11                  INBUF (Prop_INBUF_HPIOB_M_PAD_O)
                                                      0.298     5.798 r  clk_IBUF_inst/INBUF_INST/O
                         net (fo=1, routed)           0.000     5.798    clk_IBUF_inst/OUT
    P11                  IBUFCTRL (Prop_IBUFCTRL_HPIOB_M_I_O)
                                                      0.000     5.798 r  clk_IBUF_inst/IBUFCTRL_INST/O
                         net (fo=1, routed)           0.282     6.080    clk_IBUF
    BUFGCE_X0Y77         BUFGCE (Prop_BUFCE_BUFGCE_I_O)
                                                      0.024     6.104 r  clk_IBUF_BUFG_inst/O
    X3Y3 (CLOCK_ROOT)    net (fo=343, routed)         0.766     6.870    u_baseline/prod_q_reg[0][0]/CLK
    DSP48E2_X15Y79       DSP_OUTPUT                                   r  u_baseline/prod_q_reg[0][0]/DSP_OUTPUT_INST/CLK
                         clock pessimism              0.314     7.184    
                         clock uncertainty           -0.035     7.149    
    DSP48E2_X15Y79       DSP_OUTPUT (Setup_DSP_OUTPUT_DSP48E2_CLK_ALU_OUT[32])
                                                      0.015     7.164    u_baseline/prod_q_reg[0][0]/DSP_OUTPUT_INST
  -------------------------------------------------------------------
                         required time                          7.164    
                         arrival time                          -5.482    
  -------------------------------------------------------------------
                         slack                                  1.682    

Slack (MET) :             1.682ns  (required time - arrival time)
  Source:                 u_baseline/g_lane_mem[0].x0_mem_reg_bram_0/CLKARDCLK
                            (rising edge-triggered cell RAMB18E2 clocked by clk  {rise@0.000ns fall@2.750ns period=5.500ns})
  Destination:            u_baseline/prod_q_reg[0][0]/DSP_OUTPUT_INST/ALU_OUT[33]
                            (rising edge-triggered cell DSP_OUTPUT clocked by clk  {rise@0.000ns fall@2.750ns period=5.500ns})
  Path Group:             clk
  Path Type:              Setup (Max at Slow Process Corner)
  Requirement:            5.500ns  (clk rise@5.500ns - clk rise@0.000ns)
  Data Path Delay:        3.650ns  (logic 2.295ns (62.885%)  route 1.355ns (37.115%))
  Logic Levels:           5  (DSP_A_B_DATA=1 DSP_ALU=1 DSP_M_DATA=1 DSP_MULTIPLIER=1 DSP_PREADD_DATA=1)
  Clock Path Skew:        -0.148ns (DCD - SCD + CPR)
    Destination Clock Delay (DCD):    1.370ns = ( 6.870 - 5.500 ) 
    Source Clock Delay      (SCD):    1.832ns
    Clock Pessimism Removal (CPR):    0.314ns
  Clock Uncertainty:      0.035ns  ((TSJ^2 + TIJ^2)^1/2 + DJ) / 2 + PE
    Total System Jitter     (TSJ):    0.071ns
    Total Input Jitter      (TIJ):    0.000ns
    Discrete Jitter          (DJ):    0.000ns
    Phase Error              (PE):    0.000ns
  Clock Net Delay (Source):      0.937ns (routing 0.001ns, distribution 0.936ns)
  Clock Net Delay (Destination): 0.766ns (routing 0.001ns, distribution 0.765ns)

    Location             Delay type                Incr(ns)  Path(ns)    Netlist Resource(s)
  -------------------------------------------------------------------    -------------------
                         (clock clk rise edge)        0.000     0.000 r  
    P11                                               0.000     0.000 r  clk (IN)
                         net (fo=0)                   0.000     0.000    clk_IBUF_inst/I
    P11                  INBUF (Prop_INBUF_HPIOB_M_PAD_O)
                                                      0.548     0.548 r  clk_IBUF_inst/INBUF_INST/O
                         net (fo=1, routed)           0.000     0.548    clk_IBUF_inst/OUT
    P11                  IBUFCTRL (Prop_IBUFCTRL_HPIOB_M_I_O)
                                                      0.000     0.548 r  clk_IBUF_inst/IBUFCTRL_INST/O
                         net (fo=1, routed)           0.319     0.867    clk_IBUF
    BUFGCE_X0Y77         BUFGCE (Prop_BUFCE_BUFGCE_I_O)
                                                      0.028     0.895 r  clk_IBUF_BUFG_inst/O
    X3Y3 (CLOCK_ROOT)    net (fo=343, routed)         0.937     1.832    u_baseline/clk_IBUF_BUFG
    RAMB18_X11Y78        RAMB18E2                                     r  u_baseline/g_lane_mem[0].x0_mem_reg_bram_0/CLKARDCLK
  -------------------------------------------------------------------    -------------------
    RAMB18_X11Y78        RAMB18E2 (Prop_RAMB18E2_L_RAMB180_CLKARDCLK_DOUTADOUT[7])
                                                      0.890     2.722 f  u_baseline/g_lane_mem[0].x0_mem_reg_bram_0/DOUTADOUT[7]
                         net (fo=23, routed)          1.355     4.077    u_baseline/prod_q_reg[0][0]/A[18]
    DSP48E2_X15Y79       DSP_A_B_DATA (Prop_DSP_A_B_DATA_DSP48E2_A[18]_A2_DATA[18])
                                                      0.192     4.269 r  u_baseline/prod_q_reg[0][0]/DSP_A_B_DATA_INST/A2_DATA[18]
                         net (fo=1, routed)           0.000     4.269    u_baseline/prod_q_reg[0][0]/DSP_A_B_DATA.A2_DATA<18>
    DSP48E2_X15Y79       DSP_PREADD_DATA (Prop_DSP_PREADD_DATA_DSP48E2_A2_DATA[18]_A2A1[18])
                                                      0.076     4.345 r  u_baseline/prod_q_reg[0][0]/DSP_PREADD_DATA_INST/A2A1[18]
                         net (fo=1, routed)           0.000     4.345    u_baseline/prod_q_reg[0][0]/DSP_PREADD_DATA.A2A1<18>
    DSP48E2_X15Y79       DSP_MULTIPLIER (Prop_DSP_MULTIPLIER_DSP48E2_A2A1[18]_U[33])
                                                      0.505     4.850 f  u_baseline/prod_q_reg[0][0]/DSP_MULTIPLIER_INST/U[33]
                         net (fo=1, routed)           0.000     4.850    u_baseline/prod_q_reg[0][0]/DSP_MULTIPLIER.U<33>
    DSP48E2_X15Y79       DSP_M_DATA (Prop_DSP_M_DATA_DSP48E2_U[33]_U_DATA[33])
                                                      0.047     4.897 r  u_baseline/prod_q_reg[0][0]/DSP_M_DATA_INST/U_DATA[33]
                         net (fo=1, routed)           0.000     4.897    u_baseline/prod_q_reg[0][0]/DSP_M_DATA.U_DATA<33>
    DSP48E2_X15Y79       DSP_ALU (Prop_DSP_ALU_DSP48E2_U_DATA[33]_ALU_OUT[33])
                                                      0.585     5.482 r  u_baseline/prod_q_reg[0][0]/DSP_ALU_INST/ALU_OUT[33]
                         net (fo=1, routed)           0.000     5.482    u_baseline/prod_q_reg[0][0]/DSP_ALU.ALU_OUT<33>
    DSP48E2_X15Y79       DSP_OUTPUT                                   r  u_baseline/prod_q_reg[0][0]/DSP_OUTPUT_INST/ALU_OUT[33]
  -------------------------------------------------------------------    -------------------

                         (clock clk rise edge)        5.500     5.500 r  
    P11                                               0.000     5.500 r  clk (IN)
                         net (fo=0)                   0.000     5.500    clk_IBUF_inst/I
    P11                  INBUF (Prop_INBUF_HPIOB_M_PAD_O)
                                                      0.298     5.798 r  clk_IBUF_inst/INBUF_INST/O
                         net (fo=1, routed)           0.000     5.798    clk_IBUF_inst/OUT
    P11                  IBUFCTRL (Prop_IBUFCTRL_HPIOB_M_I_O)
                                                      0.000     5.798 r  clk_IBUF_inst/IBUFCTRL_INST/O
                         net (fo=1, routed)           0.282     6.080    clk_IBUF
    BUFGCE_X0Y77         BUFGCE (Prop_BUFCE_BUFGCE_I_O)
                                                      0.024     6.104 r  clk_IBUF_BUFG_inst/O
    X3Y3 (CLOCK_ROOT)    net (fo=343, routed)         0.766     6.870    u_baseline/prod_q_reg[0][0]/CLK
    DSP48E2_X15Y79       DSP_OUTPUT                                   r  u_baseline/prod_q_reg[0][0]/DSP_OUTPUT_INST/CLK
                         clock pessimism              0.314     7.184    
                         clock uncertainty           -0.035     7.149    
    DSP48E2_X15Y79       DSP_OUTPUT (Setup_DSP_OUTPUT_DSP48E2_CLK_ALU_OUT[33])
                                                      0.015     7.164    u_baseline/prod_q_reg[0][0]/DSP_OUTPUT_INST
  -------------------------------------------------------------------
                         required time                          7.164    
                         arrival time                          -5.482    
  -------------------------------------------------------------------
                         slack                                  1.682    

Slack (MET) :             1.682ns  (required time - arrival time)
  Source:                 u_baseline/g_lane_mem[0].x0_mem_reg_bram_0/CLKARDCLK
                            (rising edge-triggered cell RAMB18E2 clocked by clk  {rise@0.000ns fall@2.750ns period=5.500ns})
  Destination:            u_baseline/prod_q_reg[0][0]/DSP_OUTPUT_INST/ALU_OUT[34]
                            (rising edge-triggered cell DSP_OUTPUT clocked by clk  {rise@0.000ns fall@2.750ns period=5.500ns})
  Path Group:             clk
  Path Type:              Setup (Max at Slow Process Corner)
  Requirement:            5.500ns  (clk rise@5.500ns - clk rise@0.000ns)
  Data Path Delay:        3.650ns  (logic 2.295ns (62.885%)  route 1.355ns (37.115%))
  Logic Levels:           5  (DSP_A_B_DATA=1 DSP_ALU=1 DSP_M_DATA=1 DSP_MULTIPLIER=1 DSP_PREADD_DATA=1)
  Clock Path Skew:        -0.148ns (DCD - SCD + CPR)
    Destination Clock Delay (DCD):    1.370ns = ( 6.870 - 5.500 ) 
    Source Clock Delay      (SCD):    1.832ns
    Clock Pessimism Removal (CPR):    0.314ns
  Clock Uncertainty:      0.035ns  ((TSJ^2 + TIJ^2)^1/2 + DJ) / 2 + PE
    Total System Jitter     (TSJ):    0.071ns
    Total Input Jitter      (TIJ):    0.000ns
    Discrete Jitter          (DJ):    0.000ns
    Phase Error              (PE):    0.000ns
  Clock Net Delay (Source):      0.937ns (routing 0.001ns, distribution 0.936ns)
  Clock Net Delay (Destination): 0.766ns (routing 0.001ns, distribution 0.765ns)

    Location             Delay type                Incr(ns)  Path(ns)    Netlist Resource(s)
  -------------------------------------------------------------------    -------------------
                         (clock clk rise edge)        0.000     0.000 r  
    P11                                               0.000     0.000 r  clk (IN)
                         net (fo=0)                   0.000     0.000    clk_IBUF_inst/I
    P11                  INBUF (Prop_INBUF_HPIOB_M_PAD_O)
                                                      0.548     0.548 r  clk_IBUF_inst/INBUF_INST/O
                         net (fo=1, routed)           0.000     0.548    clk_IBUF_inst/OUT
    P11                  IBUFCTRL (Prop_IBUFCTRL_HPIOB_M_I_O)
                                                      0.000     0.548 r  clk_IBUF_inst/IBUFCTRL_INST/O
                         net (fo=1, routed)           0.319     0.867    clk_IBUF
    BUFGCE_X0Y77         BUFGCE (Prop_BUFCE_BUFGCE_I_O)
                                                      0.028     0.895 r  clk_IBUF_BUFG_inst/O
    X3Y3 (CLOCK_ROOT)    net (fo=343, routed)         0.937     1.832    u_baseline/clk_IBUF_BUFG
    RAMB18_X11Y78        RAMB18E2                                     r  u_baseline/g_lane_mem[0].x0_mem_reg_bram_0/CLKARDCLK
  -------------------------------------------------------------------    -------------------
    RAMB18_X11Y78        RAMB18E2 (Prop_RAMB18E2_L_RAMB180_CLKARDCLK_DOUTADOUT[7])
                                                      0.890     2.722 f  u_baseline/g_lane_mem[0].x0_mem_reg_bram_0/DOUTADOUT[7]
                         net (fo=23, routed)          1.355     4.077    u_baseline/prod_q_reg[0][0]/A[18]
    DSP48E2_X15Y79       DSP_A_B_DATA (Prop_DSP_A_B_DATA_DSP48E2_A[18]_A2_DATA[18])
                                                      0.192     4.269 r  u_baseline/prod_q_reg[0][0]/DSP_A_B_DATA_INST/A2_DATA[18]
                         net (fo=1, routed)           0.000     4.269    u_baseline/prod_q_reg[0][0]/DSP_A_B_DATA.A2_DATA<18>
    DSP48E2_X15Y79       DSP_PREADD_DATA (Prop_DSP_PREADD_DATA_DSP48E2_A2_DATA[18]_A2A1[18])
                                                      0.076     4.345 r  u_baseline/prod_q_reg[0][0]/DSP_PREADD_DATA_INST/A2A1[18]
                         net (fo=1, routed)           0.000     4.345    u_baseline/prod_q_reg[0][0]/DSP_PREADD_DATA.A2A1<18>
    DSP48E2_X15Y79       DSP_MULTIPLIER (Prop_DSP_MULTIPLIER_DSP48E2_A2A1[18]_U[34])
                                                      0.505     4.850 f  u_baseline/prod_q_reg[0][0]/DSP_MULTIPLIER_INST/U[34]
                         net (fo=1, routed)           0.000     4.850    u_baseline/prod_q_reg[0][0]/DSP_MULTIPLIER.U<34>
    DSP48E2_X15Y79       DSP_M_DATA (Prop_DSP_M_DATA_DSP48E2_U[34]_U_DATA[34])
                                                      0.047     4.897 r  u_baseline/prod_q_reg[0][0]/DSP_M_DATA_INST/U_DATA[34]
                         net (fo=1, routed)           0.000     4.897    u_baseline/prod_q_reg[0][0]/DSP_M_DATA.U_DATA<34>
    DSP48E2_X15Y79       DSP_ALU (Prop_DSP_ALU_DSP48E2_U_DATA[34]_ALU_OUT[34])
                                                      0.585     5.482 r  u_baseline/prod_q_reg[0][0]/DSP_ALU_INST/ALU_OUT[34]
                         net (fo=1, routed)           0.000     5.482    u_baseline/prod_q_reg[0][0]/DSP_ALU.ALU_OUT<34>
    DSP48E2_X15Y79       DSP_OUTPUT                                   r  u_baseline/prod_q_reg[0][0]/DSP_OUTPUT_INST/ALU_OUT[34]
  -------------------------------------------------------------------    -------------------

                         (clock clk rise edge)        5.500     5.500 r  
    P11                                               0.000     5.500 r  clk (IN)
                         net (fo=0)                   0.000     5.500    clk_IBUF_inst/I
    P11                  INBUF (Prop_INBUF_HPIOB_M_PAD_O)
                                                      0.298     5.798 r  clk_IBUF_inst/INBUF_INST/O
                         net (fo=1, routed)           0.000     5.798    clk_IBUF_inst/OUT
    P11                  IBUFCTRL (Prop_IBUFCTRL_HPIOB_M_I_O)
                                                      0.000     5.798 r  clk_IBUF_inst/IBUFCTRL_INST/O
                         net (fo=1, routed)           0.282     6.080    clk_IBUF
    BUFGCE_X0Y77         BUFGCE (Prop_BUFCE_BUFGCE_I_O)
                                                      0.024     6.104 r  clk_IBUF_BUFG_inst/O
    X3Y3 (CLOCK_ROOT)    net (fo=343, routed)         0.766     6.870    u_baseline/prod_q_reg[0][0]/CLK
    DSP48E2_X15Y79       DSP_OUTPUT                                   r  u_baseline/prod_q_reg[0][0]/DSP_OUTPUT_INST/CLK
                         clock pessimism              0.314     7.184    
                         clock uncertainty           -0.035     7.149    
    DSP48E2_X15Y79       DSP_OUTPUT (Setup_DSP_OUTPUT_DSP48E2_CLK_ALU_OUT[34])
                                                      0.015     7.164    u_baseline/prod_q_reg[0][0]/DSP_OUTPUT_INST
  -------------------------------------------------------------------
                         required time                          7.164    
                         arrival time                          -5.482    
  -------------------------------------------------------------------
                         slack                                  1.682    

Slack (MET) :             1.682ns  (required time - arrival time)
  Source:                 u_baseline/g_lane_mem[0].x0_mem_reg_bram_0/CLKARDCLK
                            (rising edge-triggered cell RAMB18E2 clocked by clk  {rise@0.000ns fall@2.750ns period=5.500ns})
  Destination:            u_baseline/prod_q_reg[0][0]/DSP_OUTPUT_INST/ALU_OUT[35]
                            (rising edge-triggered cell DSP_OUTPUT clocked by clk  {rise@0.000ns fall@2.750ns period=5.500ns})
  Path Group:             clk
  Path Type:              Setup (Max at Slow Process Corner)
  Requirement:            5.500ns  (clk rise@5.500ns - clk rise@0.000ns)
  Data Path Delay:        3.650ns  (logic 2.295ns (62.885%)  route 1.355ns (37.115%))
  Logic Levels:           5  (DSP_A_B_DATA=1 DSP_ALU=1 DSP_M_DATA=1 DSP_MULTIPLIER=1 DSP_PREADD_DATA=1)
  Clock Path Skew:        -0.148ns (DCD - SCD + CPR)
    Destination Clock Delay (DCD):    1.370ns = ( 6.870 - 5.500 ) 
    Source Clock Delay      (SCD):    1.832ns
    Clock Pessimism Removal (CPR):    0.314ns
  Clock Uncertainty:      0.035ns  ((TSJ^2 + TIJ^2)^1/2 + DJ) / 2 + PE
    Total System Jitter     (TSJ):    0.071ns
    Total Input Jitter      (TIJ):    0.000ns
    Discrete Jitter          (DJ):    0.000ns
    Phase Error              (PE):    0.000ns
  Clock Net Delay (Source):      0.937ns (routing 0.001ns, distribution 0.936ns)
  Clock Net Delay (Destination): 0.766ns (routing 0.001ns, distribution 0.765ns)

    Location             Delay type                Incr(ns)  Path(ns)    Netlist Resource(s)
  -------------------------------------------------------------------    -------------------
                         (clock clk rise edge)        0.000     0.000 r  
    P11                                               0.000     0.000 r  clk (IN)
                         net (fo=0)                   0.000     0.000    clk_IBUF_inst/I
    P11                  INBUF (Prop_INBUF_HPIOB_M_PAD_O)
                                                      0.548     0.548 r  clk_IBUF_inst/INBUF_INST/O
                         net (fo=1, routed)           0.000     0.548    clk_IBUF_inst/OUT
    P11                  IBUFCTRL (Prop_IBUFCTRL_HPIOB_M_I_O)
                                                      0.000     0.548 r  clk_IBUF_inst/IBUFCTRL_INST/O
                         net (fo=1, routed)           0.319     0.867    clk_IBUF
    BUFGCE_X0Y77         BUFGCE (Prop_BUFCE_BUFGCE_I_O)
                                                      0.028     0.895 r  clk_IBUF_BUFG_inst/O
    X3Y3 (CLOCK_ROOT)    net (fo=343, routed)         0.937     1.832    u_baseline/clk_IBUF_BUFG
    RAMB18_X11Y78        RAMB18E2                                     r  u_baseline/g_lane_mem[0].x0_mem_reg_bram_0/CLKARDCLK
  -------------------------------------------------------------------    -------------------
    RAMB18_X11Y78        RAMB18E2 (Prop_RAMB18E2_L_RAMB180_CLKARDCLK_DOUTADOUT[7])
                                                      0.890     2.722 f  u_baseline/g_lane_mem[0].x0_mem_reg_bram_0/DOUTADOUT[7]
                         net (fo=23, routed)          1.355     4.077    u_baseline/prod_q_reg[0][0]/A[18]
    DSP48E2_X15Y79       DSP_A_B_DATA (Prop_DSP_A_B_DATA_DSP48E2_A[18]_A2_DATA[18])
                                                      0.192     4.269 r  u_baseline/prod_q_reg[0][0]/DSP_A_B_DATA_INST/A2_DATA[18]
                         net (fo=1, routed)           0.000     4.269    u_baseline/prod_q_reg[0][0]/DSP_A_B_DATA.A2_DATA<18>
    DSP48E2_X15Y79       DSP_PREADD_DATA (Prop_DSP_PREADD_DATA_DSP48E2_A2_DATA[18]_A2A1[18])
                                                      0.076     4.345 r  u_baseline/prod_q_reg[0][0]/DSP_PREADD_DATA_INST/A2A1[18]
                         net (fo=1, routed)           0.000     4.345    u_baseline/prod_q_reg[0][0]/DSP_PREADD_DATA.A2A1<18>
    DSP48E2_X15Y79       DSP_MULTIPLIER (Prop_DSP_MULTIPLIER_DSP48E2_A2A1[18]_U[35])
                                                      0.505     4.850 f  u_baseline/prod_q_reg[0][0]/DSP_MULTIPLIER_INST/U[35]
                         net (fo=1, routed)           0.000     4.850    u_baseline/prod_q_reg[0][0]/DSP_MULTIPLIER.U<35>
    DSP48E2_X15Y79       DSP_M_DATA (Prop_DSP_M_DATA_DSP48E2_U[35]_U_DATA[35])
                                                      0.047     4.897 r  u_baseline/prod_q_reg[0][0]/DSP_M_DATA_INST/U_DATA[35]
                         net (fo=1, routed)           0.000     4.897    u_baseline/prod_q_reg[0][0]/DSP_M_DATA.U_DATA<35>
    DSP48E2_X15Y79       DSP_ALU (Prop_DSP_ALU_DSP48E2_U_DATA[35]_ALU_OUT[35])
                                                      0.585     5.482 r  u_baseline/prod_q_reg[0][0]/DSP_ALU_INST/ALU_OUT[35]
                         net (fo=1, routed)           0.000     5.482    u_baseline/prod_q_reg[0][0]/DSP_ALU.ALU_OUT<35>
    DSP48E2_X15Y79       DSP_OUTPUT                                   r  u_baseline/prod_q_reg[0][0]/DSP_OUTPUT_INST/ALU_OUT[35]
  -------------------------------------------------------------------    -------------------

                         (clock clk rise edge)        5.500     5.500 r  
    P11                                               0.000     5.500 r  clk (IN)
                         net (fo=0)                   0.000     5.500    clk_IBUF_inst/I
    P11                  INBUF (Prop_INBUF_HPIOB_M_PAD_O)
                                                      0.298     5.798 r  clk_IBUF_inst/INBUF_INST/O
                         net (fo=1, routed)           0.000     5.798    clk_IBUF_inst/OUT
    P11                  IBUFCTRL (Prop_IBUFCTRL_HPIOB_M_I_O)
                                                      0.000     5.798 r  clk_IBUF_inst/IBUFCTRL_INST/O
                         net (fo=1, routed)           0.282     6.080    clk_IBUF
    BUFGCE_X0Y77         BUFGCE (Prop_BUFCE_BUFGCE_I_O)
                                                      0.024     6.104 r  clk_IBUF_BUFG_inst/O
    X3Y3 (CLOCK_ROOT)    net (fo=343, routed)         0.766     6.870    u_baseline/prod_q_reg[0][0]/CLK
    DSP48E2_X15Y79       DSP_OUTPUT                                   r  u_baseline/prod_q_reg[0][0]/DSP_OUTPUT_INST/CLK
                         clock pessimism              0.314     7.184    
                         clock uncertainty           -0.035     7.149    
    DSP48E2_X15Y79       DSP_OUTPUT (Setup_DSP_OUTPUT_DSP48E2_CLK_ALU_OUT[35])
                                                      0.015     7.164    u_baseline/prod_q_reg[0][0]/DSP_OUTPUT_INST
  -------------------------------------------------------------------
                         required time                          7.164    
                         arrival time                          -5.482    
  -------------------------------------------------------------------
                         slack                                  1.682    

Slack (MET) :             1.682ns  (required time - arrival time)
  Source:                 u_baseline/g_lane_mem[0].x0_mem_reg_bram_0/CLKARDCLK
                            (rising edge-triggered cell RAMB18E2 clocked by clk  {rise@0.000ns fall@2.750ns period=5.500ns})
  Destination:            u_baseline/prod_q_reg[0][0]/DSP_OUTPUT_INST/ALU_OUT[36]
                            (rising edge-triggered cell DSP_OUTPUT clocked by clk  {rise@0.000ns fall@2.750ns period=5.500ns})
  Path Group:             clk
  Path Type:              Setup (Max at Slow Process Corner)
  Requirement:            5.500ns  (clk rise@5.500ns - clk rise@0.000ns)
  Data Path Delay:        3.650ns  (logic 2.295ns (62.885%)  route 1.355ns (37.115%))
  Logic Levels:           5  (DSP_A_B_DATA=1 DSP_ALU=1 DSP_M_DATA=1 DSP_MULTIPLIER=1 DSP_PREADD_DATA=1)
  Clock Path Skew:        -0.148ns (DCD - SCD + CPR)
    Destination Clock Delay (DCD):    1.370ns = ( 6.870 - 5.500 ) 
    Source Clock Delay      (SCD):    1.832ns
    Clock Pessimism Removal (CPR):    0.314ns
  Clock Uncertainty:      0.035ns  ((TSJ^2 + TIJ^2)^1/2 + DJ) / 2 + PE
    Total System Jitter     (TSJ):    0.071ns
    Total Input Jitter      (TIJ):    0.000ns
    Discrete Jitter          (DJ):    0.000ns
    Phase Error              (PE):    0.000ns
  Clock Net Delay (Source):      0.937ns (routing 0.001ns, distribution 0.936ns)
  Clock Net Delay (Destination): 0.766ns (routing 0.001ns, distribution 0.765ns)

    Location             Delay type                Incr(ns)  Path(ns)    Netlist Resource(s)
  -------------------------------------------------------------------    -------------------
                         (clock clk rise edge)        0.000     0.000 r  
    P11                                               0.000     0.000 r  clk (IN)
                         net (fo=0)                   0.000     0.000    clk_IBUF_inst/I
    P11                  INBUF (Prop_INBUF_HPIOB_M_PAD_O)
                                                      0.548     0.548 r  clk_IBUF_inst/INBUF_INST/O
                         net (fo=1, routed)           0.000     0.548    clk_IBUF_inst/OUT
    P11                  IBUFCTRL (Prop_IBUFCTRL_HPIOB_M_I_O)
                                                      0.000     0.548 r  clk_IBUF_inst/IBUFCTRL_INST/O
                         net (fo=1, routed)           0.319     0.867    clk_IBUF
    BUFGCE_X0Y77         BUFGCE (Prop_BUFCE_BUFGCE_I_O)
                                                      0.028     0.895 r  clk_IBUF_BUFG_inst/O
    X3Y3 (CLOCK_ROOT)    net (fo=343, routed)         0.937     1.832    u_baseline/clk_IBUF_BUFG
    RAMB18_X11Y78        RAMB18E2                                     r  u_baseline/g_lane_mem[0].x0_mem_reg_bram_0/CLKARDCLK
  -------------------------------------------------------------------    -------------------
    RAMB18_X11Y78        RAMB18E2 (Prop_RAMB18E2_L_RAMB180_CLKARDCLK_DOUTADOUT[7])
                                                      0.890     2.722 f  u_baseline/g_lane_mem[0].x0_mem_reg_bram_0/DOUTADOUT[7]
                         net (fo=23, routed)          1.355     4.077    u_baseline/prod_q_reg[0][0]/A[18]
    DSP48E2_X15Y79       DSP_A_B_DATA (Prop_DSP_A_B_DATA_DSP48E2_A[18]_A2_DATA[18])
                                                      0.192     4.269 r  u_baseline/prod_q_reg[0][0]/DSP_A_B_DATA_INST/A2_DATA[18]
                         net (fo=1, routed)           0.000     4.269    u_baseline/prod_q_reg[0][0]/DSP_A_B_DATA.A2_DATA<18>
    DSP48E2_X15Y79       DSP_PREADD_DATA (Prop_DSP_PREADD_DATA_DSP48E2_A2_DATA[18]_A2A1[18])
                                                      0.076     4.345 r  u_baseline/prod_q_reg[0][0]/DSP_PREADD_DATA_INST/A2A1[18]
                         net (fo=1, routed)           0.000     4.345    u_baseline/prod_q_reg[0][0]/DSP_PREADD_DATA.A2A1<18>
    DSP48E2_X15Y79       DSP_MULTIPLIER (Prop_DSP_MULTIPLIER_DSP48E2_A2A1[18]_U[36])
                                                      0.505     4.850 f  u_baseline/prod_q_reg[0][0]/DSP_MULTIPLIER_INST/U[36]
                         net (fo=1, routed)           0.000     4.850    u_baseline/prod_q_reg[0][0]/DSP_MULTIPLIER.U<36>
    DSP48E2_X15Y79       DSP_M_DATA (Prop_DSP_M_DATA_DSP48E2_U[36]_U_DATA[36])
                                                      0.047     4.897 r  u_baseline/prod_q_reg[0][0]/DSP_M_DATA_INST/U_DATA[36]
                         net (fo=1, routed)           0.000     4.897    u_baseline/prod_q_reg[0][0]/DSP_M_DATA.U_DATA<36>
    DSP48E2_X15Y79       DSP_ALU (Prop_DSP_ALU_DSP48E2_U_DATA[36]_ALU_OUT[36])
                                                      0.585     5.482 r  u_baseline/prod_q_reg[0][0]/DSP_ALU_INST/ALU_OUT[36]
                         net (fo=1, routed)           0.000     5.482    u_baseline/prod_q_reg[0][0]/DSP_ALU.ALU_OUT<36>
    DSP48E2_X15Y79       DSP_OUTPUT                                   r  u_baseline/prod_q_reg[0][0]/DSP_OUTPUT_INST/ALU_OUT[36]
  -------------------------------------------------------------------    -------------------

                         (clock clk rise edge)        5.500     5.500 r  
    P11                                               0.000     5.500 r  clk (IN)
                         net (fo=0)                   0.000     5.500    clk_IBUF_inst/I
    P11                  INBUF (Prop_INBUF_HPIOB_M_PAD_O)
                                                      0.298     5.798 r  clk_IBUF_inst/INBUF_INST/O
                         net (fo=1, routed)           0.000     5.798    clk_IBUF_inst/OUT
    P11                  IBUFCTRL (Prop_IBUFCTRL_HPIOB_M_I_O)
                                                      0.000     5.798 r  clk_IBUF_inst/IBUFCTRL_INST/O
                         net (fo=1, routed)           0.282     6.080    clk_IBUF
    BUFGCE_X0Y77         BUFGCE (Prop_BUFCE_BUFGCE_I_O)
                                                      0.024     6.104 r  clk_IBUF_BUFG_inst/O
    X3Y3 (CLOCK_ROOT)    net (fo=343, routed)         0.766     6.870    u_baseline/prod_q_reg[0][0]/CLK
    DSP48E2_X15Y79       DSP_OUTPUT                                   r  u_baseline/prod_q_reg[0][0]/DSP_OUTPUT_INST/CLK
                         clock pessimism              0.314     7.184    
                         clock uncertainty           -0.035     7.149    
    DSP48E2_X15Y79       DSP_OUTPUT (Setup_DSP_OUTPUT_DSP48E2_CLK_ALU_OUT[36])
                                                      0.015     7.164    u_baseline/prod_q_reg[0][0]/DSP_OUTPUT_INST
  -------------------------------------------------------------------
                         required time                          7.164    
                         arrival time                          -5.482    
  -------------------------------------------------------------------
                         slack                                  1.682    





Min Delay Paths
--------------------------------------------------------------------------------------
Slack (MET) :             0.049ns  (arrival time - required time)
  Source:                 u_baseline/out_idx_q_reg[1]/C
                            (rising edge-triggered cell FDRE clocked by clk  {rise@0.000ns fall@2.750ns period=5.500ns})
  Destination:            u_baseline/out_idx_q_reg[2]/D
                            (rising edge-triggered cell FDRE clocked by clk  {rise@0.000ns fall@2.750ns period=5.500ns})
  Path Group:             clk
  Path Type:              Hold (Min at Fast Process Corner)
  Requirement:            0.000ns  (clk rise@0.000ns - clk rise@0.000ns)
  Data Path Delay:        0.102ns  (logic 0.060ns (58.604%)  route 0.042ns (41.396%))
  Logic Levels:           1  (LUT3=1)
  Clock Path Skew:        0.006ns (DCD - SCD - CPR)
    Destination Clock Delay (DCD):    1.100ns
    Source Clock Delay      (SCD):    0.807ns
    Clock Pessimism Removal (CPR):    0.287ns
  Clock Net Delay (Source):      0.458ns (routing 0.000ns, distribution 0.458ns)
  Clock Net Delay (Destination): 0.524ns (routing 0.001ns, distribution 0.523ns)

    Location             Delay type                Incr(ns)  Path(ns)    Netlist Resource(s)
  -------------------------------------------------------------------    -------------------
                         (clock clk rise edge)        0.000     0.000 r  
    P11                                               0.000     0.000 r  clk (IN)
                         net (fo=0)                   0.000     0.000    clk_IBUF_inst/I
    P11                  INBUF (Prop_INBUF_HPIOB_M_PAD_O)
                                                      0.183     0.183 r  clk_IBUF_inst/INBUF_INST/O
                         net (fo=1, routed)           0.000     0.183    clk_IBUF_inst/OUT
    P11                  IBUFCTRL (Prop_IBUFCTRL_HPIOB_M_I_O)
                                                      0.000     0.183 r  clk_IBUF_inst/IBUFCTRL_INST/O
                         net (fo=1, routed)           0.149     0.332    clk_IBUF
    BUFGCE_X0Y77         BUFGCE (Prop_BUFCE_BUFGCE_I_O)
                                                      0.017     0.349 r  clk_IBUF_BUFG_inst/O
    X3Y3 (CLOCK_ROOT)    net (fo=343, routed)         0.458     0.807    u_baseline/clk_IBUF_BUFG
    SLICE_X82Y197        FDRE                                         r  u_baseline/out_idx_q_reg[1]/C
  -------------------------------------------------------------------    -------------------
    SLICE_X82Y197        FDRE (Prop_BFF_SLICEM_C_Q)
                                                      0.038     0.845 r  u_baseline/out_idx_q_reg[1]/Q
                         net (fo=13, routed)          0.034     0.880    u_baseline/out_idx_q_reg[1]
    SLICE_X82Y197        LUT3 (Prop_B5LUT_SLICEM_I1_O)
                                                      0.022     0.902 r  u_baseline/out_idx_q[2]_i_1/O
                         net (fo=1, routed)           0.008     0.910    u_baseline/out_idx_q[2]_i_1_n_0
    SLICE_X82Y197        FDRE                                         r  u_baseline/out_idx_q_reg[2]/D
  -------------------------------------------------------------------    -------------------

                         (clock clk rise edge)        0.000     0.000 r  
    P11                                               0.000     0.000 r  clk (IN)
                         net (fo=0)                   0.000     0.000    clk_IBUF_inst/I
    P11                  INBUF (Prop_INBUF_HPIOB_M_PAD_O)
                                                      0.368     0.368 r  clk_IBUF_inst/INBUF_INST/O
                         net (fo=1, routed)           0.000     0.368    clk_IBUF_inst/OUT
    P11                  IBUFCTRL (Prop_IBUFCTRL_HPIOB_M_I_O)
                                                      0.000     0.368 r  clk_IBUF_inst/IBUFCTRL_INST/O
                         net (fo=1, routed)           0.189     0.557    clk_IBUF
    BUFGCE_X0Y77         BUFGCE (Prop_BUFCE_BUFGCE_I_O)
                                                      0.019     0.576 r  clk_IBUF_BUFG_inst/O
    X3Y3 (CLOCK_ROOT)    net (fo=343, routed)         0.524     1.100    u_baseline/clk_IBUF_BUFG
    SLICE_X82Y197        FDRE                                         r  u_baseline/out_idx_q_reg[2]/C
                         clock pessimism             -0.287     0.813    
    SLICE_X82Y197        FDRE (Hold_BFF2_SLICEM_C_D)
                                                      0.047     0.860    u_baseline/out_idx_q_reg[2]
  -------------------------------------------------------------------
                         required time                         -0.860    
                         arrival time                           0.910    
  -------------------------------------------------------------------
                         slack                                  0.049    

Slack (MET) :             0.050ns  (arrival time - required time)
  Source:                 u_baseline/out_idx_q_reg[1]/C
                            (rising edge-triggered cell FDRE clocked by clk  {rise@0.000ns fall@2.750ns period=5.500ns})
  Destination:            u_baseline/out_idx_q_reg[4]/D
                            (rising edge-triggered cell FDRE clocked by clk  {rise@0.000ns fall@2.750ns period=5.500ns})
  Path Group:             clk
  Path Type:              Hold (Min at Fast Process Corner)
  Requirement:            0.000ns  (clk rise@0.000ns - clk rise@0.000ns)
  Data Path Delay:        0.103ns  (logic 0.059ns (57.070%)  route 0.044ns (42.930%))
  Logic Levels:           1  (LUT5=1)
  Clock Path Skew:        0.006ns (DCD - SCD - CPR)
    Destination Clock Delay (DCD):    1.100ns
    Source Clock Delay      (SCD):    0.807ns
    Clock Pessimism Removal (CPR):    0.287ns
  Clock Net Delay (Source):      0.458ns (routing 0.000ns, distribution 0.458ns)
  Clock Net Delay (Destination): 0.524ns (routing 0.001ns, distribution 0.523ns)

    Location             Delay type                Incr(ns)  Path(ns)    Netlist Resource(s)
  -------------------------------------------------------------------    -------------------
                         (clock clk rise edge)        0.000     0.000 r  
    P11                                               0.000     0.000 r  clk (IN)
                         net (fo=0)                   0.000     0.000    clk_IBUF_inst/I
    P11                  INBUF (Prop_INBUF_HPIOB_M_PAD_O)
                                                      0.183     0.183 r  clk_IBUF_inst/INBUF_INST/O
                         net (fo=1, routed)           0.000     0.183    clk_IBUF_inst/OUT
    P11                  IBUFCTRL (Prop_IBUFCTRL_HPIOB_M_I_O)
                                                      0.000     0.183 r  clk_IBUF_inst/IBUFCTRL_INST/O
                         net (fo=1, routed)           0.149     0.332    clk_IBUF
    BUFGCE_X0Y77         BUFGCE (Prop_BUFCE_BUFGCE_I_O)
                                                      0.017     0.349 r  clk_IBUF_BUFG_inst/O
    X3Y3 (CLOCK_ROOT)    net (fo=343, routed)         0.458     0.807    u_baseline/clk_IBUF_BUFG
    SLICE_X82Y197        FDRE                                         r  u_baseline/out_idx_q_reg[1]/C
  -------------------------------------------------------------------    -------------------
    SLICE_X82Y197        FDRE (Prop_BFF_SLICEM_C_Q)
                                                      0.038     0.845 r  u_baseline/out_idx_q_reg[1]/Q
                         net (fo=13, routed)          0.037     0.883    u_baseline/out_idx_q_reg[1]
    SLICE_X82Y197        LUT5 (Prop_A5LUT_SLICEM_I2_O)
                                                      0.021     0.904 r  u_baseline/out_idx_q[4]_i_1/O
                         net (fo=1, routed)           0.007     0.911    u_baseline/out_idx_q[4]_i_1_n_0
    SLICE_X82Y197        FDRE                                         r  u_baseline/out_idx_q_reg[4]/D
  -------------------------------------------------------------------    -------------------

                         (clock clk rise edge)        0.000     0.000 r  
    P11                                               0.000     0.000 r  clk (IN)
                         net (fo=0)                   0.000     0.000    clk_IBUF_inst/I
    P11                  INBUF (Prop_INBUF_HPIOB_M_PAD_O)
                                                      0.368     0.368 r  clk_IBUF_inst/INBUF_INST/O
                         net (fo=1, routed)           0.000     0.368    clk_IBUF_inst/OUT
    P11                  IBUFCTRL (Prop_IBUFCTRL_HPIOB_M_I_O)
                                                      0.000     0.368 r  clk_IBUF_inst/IBUFCTRL_INST/O
                         net (fo=1, routed)           0.189     0.557    clk_IBUF
    BUFGCE_X0Y77         BUFGCE (Prop_BUFCE_BUFGCE_I_O)
                                                      0.019     0.576 r  clk_IBUF_BUFG_inst/O
    X3Y3 (CLOCK_ROOT)    net (fo=343, routed)         0.524     1.100    u_baseline/clk_IBUF_BUFG
    SLICE_X82Y197        FDRE                                         r  u_baseline/out_idx_q_reg[4]/C
                         clock pessimism             -0.287     0.813    
    SLICE_X82Y197        FDRE (Hold_AFF2_SLICEM_C_D)
                                                      0.047     0.860    u_baseline/out_idx_q_reg[4]
  -------------------------------------------------------------------
                         required time                         -0.860    
                         arrival time                           0.911    
  -------------------------------------------------------------------
                         slack                                  0.050    

Slack (MET) :             0.053ns  (arrival time - required time)
  Source:                 u_baseline/rd_lane_valid_q_reg[1]/C
                            (rising edge-triggered cell FDRE clocked by clk  {rise@0.000ns fall@2.750ns period=5.500ns})
  Destination:            u_baseline/mul_lane_valid_q_reg[1]/D
                            (rising edge-triggered cell FDRE clocked by clk  {rise@0.000ns fall@2.750ns period=5.500ns})
  Path Group:             clk
  Path Type:              Hold (Min at Fast Process Corner)
  Requirement:            0.000ns  (clk rise@0.000ns - clk rise@0.000ns)
  Data Path Delay:        0.112ns  (logic 0.038ns (33.929%)  route 0.074ns (66.071%))
  Logic Levels:           0  
  Clock Path Skew:        0.013ns (DCD - SCD - CPR)
    Destination Clock Delay (DCD):    1.106ns
    Source Clock Delay      (SCD):    0.814ns
    Clock Pessimism Removal (CPR):    0.279ns
  Clock Net Delay (Source):      0.465ns (routing 0.000ns, distribution 0.465ns)
  Clock Net Delay (Destination): 0.529ns (routing 0.001ns, distribution 0.528ns)

    Location             Delay type                Incr(ns)  Path(ns)    Netlist Resource(s)
  -------------------------------------------------------------------    -------------------
                         (clock clk rise edge)        0.000     0.000 r  
    P11                                               0.000     0.000 r  clk (IN)
                         net (fo=0)                   0.000     0.000    clk_IBUF_inst/I
    P11                  INBUF (Prop_INBUF_HPIOB_M_PAD_O)
                                                      0.183     0.183 r  clk_IBUF_inst/INBUF_INST/O
                         net (fo=1, routed)           0.000     0.183    clk_IBUF_inst/OUT
    P11                  IBUFCTRL (Prop_IBUFCTRL_HPIOB_M_I_O)
                                                      0.000     0.183 r  clk_IBUF_inst/IBUFCTRL_INST/O
                         net (fo=1, routed)           0.149     0.332    clk_IBUF
    BUFGCE_X0Y77         BUFGCE (Prop_BUFCE_BUFGCE_I_O)
                                                      0.017     0.349 r  clk_IBUF_BUFG_inst/O
    X3Y3 (CLOCK_ROOT)    net (fo=343, routed)         0.465     0.814    u_baseline/clk_IBUF_BUFG
    SLICE_X79Y197        FDRE                                         r  u_baseline/rd_lane_valid_q_reg[1]/C
  -------------------------------------------------------------------    -------------------
    SLICE_X79Y197        FDRE (Prop_AFF_SLICEM_C_Q)
                                                      0.038     0.852 r  u_baseline/rd_lane_valid_q_reg[1]/Q
                         net (fo=1, routed)           0.074     0.926    u_baseline/rd_lane_valid_q[1]
    SLICE_X79Y197        FDRE                                         r  u_baseline/mul_lane_valid_q_reg[1]/D
  -------------------------------------------------------------------    -------------------

                         (clock clk rise edge)        0.000     0.000 r  
    P11                                               0.000     0.000 r  clk (IN)
                         net (fo=0)                   0.000     0.000    clk_IBUF_inst/I
    P11                  INBUF (Prop_INBUF_HPIOB_M_PAD_O)
                                                      0.368     0.368 r  clk_IBUF_inst/INBUF_INST/O
                         net (fo=1, routed)           0.000     0.368    clk_IBUF_inst/OUT
    P11                  IBUFCTRL (Prop_IBUFCTRL_HPIOB_M_I_O)
                                                      0.000     0.368 r  clk_IBUF_inst/IBUFCTRL_INST/O
                         net (fo=1, routed)           0.189     0.557    clk_IBUF
    BUFGCE_X0Y77         BUFGCE (Prop_BUFCE_BUFGCE_I_O)
                                                      0.019     0.576 r  clk_IBUF_BUFG_inst/O
    X3Y3 (CLOCK_ROOT)    net (fo=343, routed)         0.529     1.106    u_baseline/clk_IBUF_BUFG
    SLICE_X79Y197        FDRE                                         r  u_baseline/mul_lane_valid_q_reg[1]/C
                         clock pessimism             -0.279     0.826    
    SLICE_X79Y197        FDRE (Hold_EFF_SLICEM_C_D)
                                                      0.046     0.872    u_baseline/mul_lane_valid_q_reg[1]
  -------------------------------------------------------------------
                         required time                         -0.872    
                         arrival time                           0.926    
  -------------------------------------------------------------------
                         slack                                  0.053    

Slack (MET) :             0.055ns  (arrival time - required time)
  Source:                 u_baseline/chunk_q_reg[6]/C
                            (rising edge-triggered cell FDRE clocked by clk  {rise@0.000ns fall@2.750ns period=5.500ns})
  Destination:            u_baseline/chunk_q_reg[7]/D
                            (rising edge-triggered cell FDRE clocked by clk  {rise@0.000ns fall@2.750ns period=5.500ns})
  Path Group:             clk
  Path Type:              Hold (Min at Fast Process Corner)
  Requirement:            0.000ns  (clk rise@0.000ns - clk rise@0.000ns)
  Data Path Delay:        0.108ns  (logic 0.072ns (66.442%)  route 0.036ns (33.559%))
  Logic Levels:           1  (LUT2=1)
  Clock Path Skew:        0.006ns (DCD - SCD - CPR)
    Destination Clock Delay (DCD):    1.108ns
    Source Clock Delay      (SCD):    0.817ns
    Clock Pessimism Removal (CPR):    0.285ns
  Clock Net Delay (Source):      0.468ns (routing 0.000ns, distribution 0.468ns)
  Clock Net Delay (Destination): 0.532ns (routing 0.001ns, distribution 0.531ns)

    Location             Delay type                Incr(ns)  Path(ns)    Netlist Resource(s)
  -------------------------------------------------------------------    -------------------
                         (clock clk rise edge)        0.000     0.000 r  
    P11                                               0.000     0.000 r  clk (IN)
                         net (fo=0)                   0.000     0.000    clk_IBUF_inst/I
    P11                  INBUF (Prop_INBUF_HPIOB_M_PAD_O)
                                                      0.183     0.183 r  clk_IBUF_inst/INBUF_INST/O
                         net (fo=1, routed)           0.000     0.183    clk_IBUF_inst/OUT
    P11                  IBUFCTRL (Prop_IBUFCTRL_HPIOB_M_I_O)
                                                      0.000     0.183 r  clk_IBUF_inst/IBUFCTRL_INST/O
                         net (fo=1, routed)           0.149     0.332    clk_IBUF
    BUFGCE_X0Y77         BUFGCE (Prop_BUFCE_BUFGCE_I_O)
                                                      0.017     0.349 r  clk_IBUF_BUFG_inst/O
    X3Y3 (CLOCK_ROOT)    net (fo=343, routed)         0.468     0.817    u_baseline/clk_IBUF_BUFG
    SLICE_X80Y194        FDRE                                         r  u_baseline/chunk_q_reg[6]/C
  -------------------------------------------------------------------    -------------------
    SLICE_X80Y194        FDRE (Prop_DFF_SLICEL_C_Q)
                                                      0.039     0.856 r  u_baseline/chunk_q_reg[6]/Q
                         net (fo=13, routed)          0.030     0.886    u_baseline/chunk_q_reg[6]
    SLICE_X80Y194        LUT2 (Prop_D5LUT_SLICEL_I1_O)
                                                      0.033     0.919 r  u_baseline/chunk_q[7]_i_1/O
                         net (fo=1, routed)           0.006     0.925    u_baseline/chunk_q[7]_i_1_n_0
    SLICE_X80Y194        FDRE                                         r  u_baseline/chunk_q_reg[7]/D
  -------------------------------------------------------------------    -------------------

                         (clock clk rise edge)        0.000     0.000 r  
    P11                                               0.000     0.000 r  clk (IN)
                         net (fo=0)                   0.000     0.000    clk_IBUF_inst/I
    P11                  INBUF (Prop_INBUF_HPIOB_M_PAD_O)
                                                      0.368     0.368 r  clk_IBUF_inst/INBUF_INST/O
                         net (fo=1, routed)           0.000     0.368    clk_IBUF_inst/OUT
    P11                  IBUFCTRL (Prop_IBUFCTRL_HPIOB_M_I_O)
                                                      0.000     0.368 r  clk_IBUF_inst/IBUFCTRL_INST/O
                         net (fo=1, routed)           0.189     0.557    clk_IBUF
    BUFGCE_X0Y77         BUFGCE (Prop_BUFCE_BUFGCE_I_O)
                                                      0.019     0.576 r  clk_IBUF_BUFG_inst/O
    X3Y3 (CLOCK_ROOT)    net (fo=343, routed)         0.532     1.108    u_baseline/clk_IBUF_BUFG
    SLICE_X80Y194        FDRE                                         r  u_baseline/chunk_q_reg[7]/C
                         clock pessimism             -0.285     0.823    
    SLICE_X80Y194        FDRE (Hold_DFF2_SLICEL_C_D)
                                                      0.047     0.870    u_baseline/chunk_q_reg[7]
  -------------------------------------------------------------------
                         required time                         -0.870    
                         arrival time                           0.925    
  -------------------------------------------------------------------
                         slack                                  0.055    

Slack (MET) :             0.061ns  (arrival time - required time)
  Source:                 u_baseline/acc_q_reg[9]/C
                            (rising edge-triggered cell FDRE clocked by clk  {rise@0.000ns fall@2.750ns period=5.500ns})
  Destination:            u_baseline/out_data_reg[9]/D
                            (rising edge-triggered cell FDRE clocked by clk  {rise@0.000ns fall@2.750ns period=5.500ns})
  Path Group:             clk
  Path Type:              Hold (Min at Fast Process Corner)
  Requirement:            0.000ns  (clk rise@0.000ns - clk rise@0.000ns)
  Data Path Delay:        0.118ns  (logic 0.038ns (32.178%)  route 0.080ns (67.822%))
  Logic Levels:           0  
  Clock Path Skew:        0.010ns (DCD - SCD - CPR)
    Destination Clock Delay (DCD):    1.105ns
    Source Clock Delay      (SCD):    0.823ns
    Clock Pessimism Removal (CPR):    0.272ns
  Clock Net Delay (Source):      0.474ns (routing 0.000ns, distribution 0.474ns)
  Clock Net Delay (Destination): 0.528ns (routing 0.001ns, distribution 0.527ns)

    Location             Delay type                Incr(ns)  Path(ns)    Netlist Resource(s)
  -------------------------------------------------------------------    -------------------
                         (clock clk rise edge)        0.000     0.000 r  
    P11                                               0.000     0.000 r  clk (IN)
                         net (fo=0)                   0.000     0.000    clk_IBUF_inst/I
    P11                  INBUF (Prop_INBUF_HPIOB_M_PAD_O)
                                                      0.183     0.183 r  clk_IBUF_inst/INBUF_INST/O
                         net (fo=1, routed)           0.000     0.183    clk_IBUF_inst/OUT
    P11                  IBUFCTRL (Prop_IBUFCTRL_HPIOB_M_I_O)
                                                      0.000     0.183 r  clk_IBUF_inst/IBUFCTRL_INST/O
                         net (fo=1, routed)           0.149     0.332    clk_IBUF
    BUFGCE_X0Y77         BUFGCE (Prop_BUFCE_BUFGCE_I_O)
                                                      0.017     0.349 r  clk_IBUF_BUFG_inst/O
    X3Y3 (CLOCK_ROOT)    net (fo=343, routed)         0.474     0.823    u_baseline/clk_IBUF_BUFG
    SLICE_X79Y193        FDRE                                         r  u_baseline/acc_q_reg[9]/C
  -------------------------------------------------------------------    -------------------
    SLICE_X79Y193        FDRE (Prop_BFF_SLICEM_C_Q)
                                                      0.038     0.861 r  u_baseline/acc_q_reg[9]/Q
                         net (fo=2, routed)           0.080     0.941    u_baseline/acc_q_reg[9]
    SLICE_X80Y191        FDRE                                         r  u_baseline/out_data_reg[9]/D
  -------------------------------------------------------------------    -------------------

                         (clock clk rise edge)        0.000     0.000 r  
    P11                                               0.000     0.000 r  clk (IN)
                         net (fo=0)                   0.000     0.000    clk_IBUF_inst/I
    P11                  INBUF (Prop_INBUF_HPIOB_M_PAD_O)
                                                      0.368     0.368 r  clk_IBUF_inst/INBUF_INST/O
                         net (fo=1, routed)           0.000     0.368    clk_IBUF_inst/OUT
    P11                  IBUFCTRL (Prop_IBUFCTRL_HPIOB_M_I_O)
                                                      0.000     0.368 r  clk_IBUF_inst/IBUFCTRL_INST/O
                         net (fo=1, routed)           0.189     0.557    clk_IBUF
    BUFGCE_X0Y77         BUFGCE (Prop_BUFCE_BUFGCE_I_O)
                                                      0.019     0.576 r  clk_IBUF_BUFG_inst/O
    X3Y3 (CLOCK_ROOT)    net (fo=343, routed)         0.528     1.105    u_baseline/clk_IBUF_BUFG
    SLICE_X80Y191        FDRE                                         r  u_baseline/out_data_reg[9]/C
                         clock pessimism             -0.272     0.833    
    SLICE_X80Y191        FDRE (Hold_HFF2_SLICEL_C_D)
                                                      0.047     0.880    u_baseline/out_data_reg[9]
  -------------------------------------------------------------------
                         required time                         -0.880    
                         arrival time                           0.941    
  -------------------------------------------------------------------
                         slack                                  0.061    

Slack (MET) :             0.063ns  (arrival time - required time)
  Source:                 u_baseline/acc_q_reg[1]/C
                            (rising edge-triggered cell FDRE clocked by clk  {rise@0.000ns fall@2.750ns period=5.500ns})
  Destination:            u_baseline/out_data_reg[1]/D
                            (rising edge-triggered cell FDRE clocked by clk  {rise@0.000ns fall@2.750ns period=5.500ns})
  Path Group:             clk
  Path Type:              Hold (Min at Fast Process Corner)
  Requirement:            0.000ns  (clk rise@0.000ns - clk rise@0.000ns)
  Data Path Delay:        0.120ns  (logic 0.038ns (31.642%)  route 0.082ns (68.358%))
  Logic Levels:           0  
  Clock Path Skew:        0.010ns (DCD - SCD - CPR)
    Destination Clock Delay (DCD):    1.105ns
    Source Clock Delay      (SCD):    0.823ns
    Clock Pessimism Removal (CPR):    0.272ns
  Clock Net Delay (Source):      0.474ns (routing 0.000ns, distribution 0.474ns)
  Clock Net Delay (Destination): 0.528ns (routing 0.001ns, distribution 0.527ns)

    Location             Delay type                Incr(ns)  Path(ns)    Netlist Resource(s)
  -------------------------------------------------------------------    -------------------
                         (clock clk rise edge)        0.000     0.000 r  
    P11                                               0.000     0.000 r  clk (IN)
                         net (fo=0)                   0.000     0.000    clk_IBUF_inst/I
    P11                  INBUF (Prop_INBUF_HPIOB_M_PAD_O)
                                                      0.183     0.183 r  clk_IBUF_inst/INBUF_INST/O
                         net (fo=1, routed)           0.000     0.183    clk_IBUF_inst/OUT
    P11                  IBUFCTRL (Prop_IBUFCTRL_HPIOB_M_I_O)
                                                      0.000     0.183 r  clk_IBUF_inst/IBUFCTRL_INST/O
                         net (fo=1, routed)           0.149     0.332    clk_IBUF
    BUFGCE_X0Y77         BUFGCE (Prop_BUFCE_BUFGCE_I_O)
                                                      0.017     0.349 r  clk_IBUF_BUFG_inst/O
    X3Y3 (CLOCK_ROOT)    net (fo=343, routed)         0.474     0.823    u_baseline/clk_IBUF_BUFG
    SLICE_X79Y192        FDRE                                         r  u_baseline/acc_q_reg[1]/C
  -------------------------------------------------------------------    -------------------
    SLICE_X79Y192        FDRE (Prop_BFF_SLICEM_C_Q)
                                                      0.038     0.861 r  u_baseline/acc_q_reg[1]/Q
                         net (fo=2, routed)           0.082     0.943    u_baseline/acc_q_reg[1]
    SLICE_X80Y191        FDRE                                         r  u_baseline/out_data_reg[1]/D
  -------------------------------------------------------------------    -------------------

                         (clock clk rise edge)        0.000     0.000 r  
    P11                                               0.000     0.000 r  clk (IN)
                         net (fo=0)                   0.000     0.000    clk_IBUF_inst/I
    P11                  INBUF (Prop_INBUF_HPIOB_M_PAD_O)
                                                      0.368     0.368 r  clk_IBUF_inst/INBUF_INST/O
                         net (fo=1, routed)           0.000     0.368    clk_IBUF_inst/OUT
    P11                  IBUFCTRL (Prop_IBUFCTRL_HPIOB_M_I_O)
                                                      0.000     0.368 r  clk_IBUF_inst/IBUFCTRL_INST/O
                         net (fo=1, routed)           0.189     0.557    clk_IBUF
    BUFGCE_X0Y77         BUFGCE (Prop_BUFCE_BUFGCE_I_O)
                                                      0.019     0.576 r  clk_IBUF_BUFG_inst/O
    X3Y3 (CLOCK_ROOT)    net (fo=343, routed)         0.528     1.105    u_baseline/clk_IBUF_BUFG
    SLICE_X80Y191        FDRE                                         r  u_baseline/out_data_reg[1]/C
                         clock pessimism             -0.272     0.833    
    SLICE_X80Y191        FDRE (Hold_EFF2_SLICEL_C_D)
                                                      0.047     0.880    u_baseline/out_data_reg[1]
  -------------------------------------------------------------------
                         required time                         -0.880    
                         arrival time                           0.943    
  -------------------------------------------------------------------
                         slack                                  0.063    

Slack (MET) :             0.063ns  (arrival time - required time)
  Source:                 u_baseline/out_idx_q_reg[1]/C
                            (rising edge-triggered cell FDRE clocked by clk  {rise@0.000ns fall@2.750ns period=5.500ns})
  Destination:            u_baseline/out_idx_q_reg[1]/D
                            (rising edge-triggered cell FDRE clocked by clk  {rise@0.000ns fall@2.750ns period=5.500ns})
  Path Group:             clk
  Path Type:              Hold (Min at Fast Process Corner)
  Requirement:            0.000ns  (clk rise@0.000ns - clk rise@0.000ns)
  Data Path Delay:        0.115ns  (logic 0.060ns (52.001%)  route 0.055ns (47.999%))
  Logic Levels:           1  (LUT2=1)
  Clock Path Skew:        0.006ns (DCD - SCD - CPR)
    Destination Clock Delay (DCD):    1.100ns
    Source Clock Delay      (SCD):    0.807ns
    Clock Pessimism Removal (CPR):    0.287ns
  Clock Net Delay (Source):      0.458ns (routing 0.000ns, distribution 0.458ns)
  Clock Net Delay (Destination): 0.524ns (routing 0.001ns, distribution 0.523ns)

    Location             Delay type                Incr(ns)  Path(ns)    Netlist Resource(s)
  -------------------------------------------------------------------    -------------------
                         (clock clk rise edge)        0.000     0.000 r  
    P11                                               0.000     0.000 r  clk (IN)
                         net (fo=0)                   0.000     0.000    clk_IBUF_inst/I
    P11                  INBUF (Prop_INBUF_HPIOB_M_PAD_O)
                                                      0.183     0.183 r  clk_IBUF_inst/INBUF_INST/O
                         net (fo=1, routed)           0.000     0.183    clk_IBUF_inst/OUT
    P11                  IBUFCTRL (Prop_IBUFCTRL_HPIOB_M_I_O)
                                                      0.000     0.183 r  clk_IBUF_inst/IBUFCTRL_INST/O
                         net (fo=1, routed)           0.149     0.332    clk_IBUF
    BUFGCE_X0Y77         BUFGCE (Prop_BUFCE_BUFGCE_I_O)
                                                      0.017     0.349 r  clk_IBUF_BUFG_inst/O
    X3Y3 (CLOCK_ROOT)    net (fo=343, routed)         0.458     0.807    u_baseline/clk_IBUF_BUFG
    SLICE_X82Y197        FDRE                                         r  u_baseline/out_idx_q_reg[1]/C
  -------------------------------------------------------------------    -------------------
    SLICE_X82Y197        FDRE (Prop_BFF_SLICEM_C_Q)
                                                      0.038     0.845 r  u_baseline/out_idx_q_reg[1]/Q
                         net (fo=13, routed)          0.034     0.880    u_baseline/out_idx_q_reg[1]
    SLICE_X82Y197        LUT2 (Prop_B6LUT_SLICEM_I1_O)
                                                      0.022     0.902 r  u_baseline/out_idx_q[1]_i_2/O
                         net (fo=1, routed)           0.021     0.923    u_baseline/out_idx_q[1]_i_2_n_0
    SLICE_X82Y197        FDRE                                         r  u_baseline/out_idx_q_reg[1]/D
  -------------------------------------------------------------------    -------------------

                         (clock clk rise edge)        0.000     0.000 r  
    P11                                               0.000     0.000 r  clk (IN)
                         net (fo=0)                   0.000     0.000    clk_IBUF_inst/I
    P11                  INBUF (Prop_INBUF_HPIOB_M_PAD_O)
                                                      0.368     0.368 r  clk_IBUF_inst/INBUF_INST/O
                         net (fo=1, routed)           0.000     0.368    clk_IBUF_inst/OUT
    P11                  IBUFCTRL (Prop_IBUFCTRL_HPIOB_M_I_O)
                                                      0.000     0.368 r  clk_IBUF_inst/IBUFCTRL_INST/O
                         net (fo=1, routed)           0.189     0.557    clk_IBUF
    BUFGCE_X0Y77         BUFGCE (Prop_BUFCE_BUFGCE_I_O)
                                                      0.019     0.576 r  clk_IBUF_BUFG_inst/O
    X3Y3 (CLOCK_ROOT)    net (fo=343, routed)         0.524     1.100    u_baseline/clk_IBUF_BUFG
    SLICE_X82Y197        FDRE                                         r  u_baseline/out_idx_q_reg[1]/C
                         clock pessimism             -0.287     0.813    
    SLICE_X82Y197        FDRE (Hold_BFF_SLICEM_C_D)
                                                      0.046     0.859    u_baseline/out_idx_q_reg[1]
  -------------------------------------------------------------------
                         required time                         -0.859    
                         arrival time                           0.923    
  -------------------------------------------------------------------
                         slack                                  0.063    

Slack (MET) :             0.064ns  (arrival time - required time)
  Source:                 u_baseline/out_idx_q_reg[1]/C
                            (rising edge-triggered cell FDRE clocked by clk  {rise@0.000ns fall@2.750ns period=5.500ns})
  Destination:            u_baseline/out_idx_q_reg[3]/D
                            (rising edge-triggered cell FDRE clocked by clk  {rise@0.000ns fall@2.750ns period=5.500ns})
  Path Group:             clk
  Path Type:              Hold (Min at Fast Process Corner)
  Requirement:            0.000ns  (clk rise@0.000ns - clk rise@0.000ns)
  Data Path Delay:        0.116ns  (logic 0.061ns (52.414%)  route 0.055ns (47.586%))
  Logic Levels:           1  (LUT4=1)
  Clock Path Skew:        0.006ns (DCD - SCD - CPR)
    Destination Clock Delay (DCD):    1.100ns
    Source Clock Delay      (SCD):    0.807ns
    Clock Pessimism Removal (CPR):    0.287ns
  Clock Net Delay (Source):      0.458ns (routing 0.000ns, distribution 0.458ns)
  Clock Net Delay (Destination): 0.524ns (routing 0.001ns, distribution 0.523ns)

    Location             Delay type                Incr(ns)  Path(ns)    Netlist Resource(s)
  -------------------------------------------------------------------    -------------------
                         (clock clk rise edge)        0.000     0.000 r  
    P11                                               0.000     0.000 r  clk (IN)
                         net (fo=0)                   0.000     0.000    clk_IBUF_inst/I
    P11                  INBUF (Prop_INBUF_HPIOB_M_PAD_O)
                                                      0.183     0.183 r  clk_IBUF_inst/INBUF_INST/O
                         net (fo=1, routed)           0.000     0.183    clk_IBUF_inst/OUT
    P11                  IBUFCTRL (Prop_IBUFCTRL_HPIOB_M_I_O)
                                                      0.000     0.183 r  clk_IBUF_inst/IBUFCTRL_INST/O
                         net (fo=1, routed)           0.149     0.332    clk_IBUF
    BUFGCE_X0Y77         BUFGCE (Prop_BUFCE_BUFGCE_I_O)
                                                      0.017     0.349 r  clk_IBUF_BUFG_inst/O
    X3Y3 (CLOCK_ROOT)    net (fo=343, routed)         0.458     0.807    u_baseline/clk_IBUF_BUFG
    SLICE_X82Y197        FDRE                                         r  u_baseline/out_idx_q_reg[1]/C
  -------------------------------------------------------------------    -------------------
    SLICE_X82Y197        FDRE (Prop_BFF_SLICEM_C_Q)
                                                      0.038     0.845 r  u_baseline/out_idx_q_reg[1]/Q
                         net (fo=13, routed)          0.037     0.883    u_baseline/out_idx_q_reg[1]
    SLICE_X82Y197        LUT4 (Prop_A6LUT_SLICEM_I0_O)
                                                      0.023     0.906 r  u_baseline/out_idx_q[3]_i_1/O
                         net (fo=1, routed)           0.018     0.924    u_baseline/out_idx_q[3]_i_1_n_0
    SLICE_X82Y197        FDRE                                         r  u_baseline/out_idx_q_reg[3]/D
  -------------------------------------------------------------------    -------------------

                         (clock clk rise edge)        0.000     0.000 r  
    P11                                               0.000     0.000 r  clk (IN)
                         net (fo=0)                   0.000     0.000    clk_IBUF_inst/I
    P11                  INBUF (Prop_INBUF_HPIOB_M_PAD_O)
                                                      0.368     0.368 r  clk_IBUF_inst/INBUF_INST/O
                         net (fo=1, routed)           0.000     0.368    clk_IBUF_inst/OUT
    P11                  IBUFCTRL (Prop_IBUFCTRL_HPIOB_M_I_O)
                                                      0.000     0.368 r  clk_IBUF_inst/IBUFCTRL_INST/O
                         net (fo=1, routed)           0.189     0.557    clk_IBUF
    BUFGCE_X0Y77         BUFGCE (Prop_BUFCE_BUFGCE_I_O)
                                                      0.019     0.576 r  clk_IBUF_BUFG_inst/O
    X3Y3 (CLOCK_ROOT)    net (fo=343, routed)         0.524     1.100    u_baseline/clk_IBUF_BUFG
    SLICE_X82Y197        FDRE                                         r  u_baseline/out_idx_q_reg[3]/C
                         clock pessimism             -0.287     0.813    
    SLICE_X82Y197        FDRE (Hold_AFF_SLICEM_C_D)
                                                      0.046     0.859    u_baseline/out_idx_q_reg[3]
  -------------------------------------------------------------------
                         required time                         -0.859    
                         arrival time                           0.924    
  -------------------------------------------------------------------
                         slack                                  0.064    

Slack (MET) :             0.065ns  (arrival time - required time)
  Source:                 u_baseline/acc_q_reg[16]/C
                            (rising edge-triggered cell FDRE clocked by clk  {rise@0.000ns fall@2.750ns period=5.500ns})
  Destination:            u_baseline/out_data_reg[16]/D
                            (rising edge-triggered cell FDRE clocked by clk  {rise@0.000ns fall@2.750ns period=5.500ns})
  Path Group:             clk
  Path Type:              Hold (Min at Fast Process Corner)
  Requirement:            0.000ns  (clk rise@0.000ns - clk rise@0.000ns)
  Data Path Delay:        0.128ns  (logic 0.038ns (29.666%)  route 0.090ns (70.334%))
  Logic Levels:           0  
  Clock Path Skew:        0.018ns (DCD - SCD - CPR)
    Destination Clock Delay (DCD):    1.112ns
    Source Clock Delay      (SCD):    0.823ns
    Clock Pessimism Removal (CPR):    0.272ns
  Clock Net Delay (Source):      0.474ns (routing 0.000ns, distribution 0.474ns)
  Clock Net Delay (Destination): 0.536ns (routing 0.001ns, distribution 0.535ns)

    Location             Delay type                Incr(ns)  Path(ns)    Netlist Resource(s)
  -------------------------------------------------------------------    -------------------
                         (clock clk rise edge)        0.000     0.000 r  
    P11                                               0.000     0.000 r  clk (IN)
                         net (fo=0)                   0.000     0.000    clk_IBUF_inst/I
    P11                  INBUF (Prop_INBUF_HPIOB_M_PAD_O)
                                                      0.183     0.183 r  clk_IBUF_inst/INBUF_INST/O
                         net (fo=1, routed)           0.000     0.183    clk_IBUF_inst/OUT
    P11                  IBUFCTRL (Prop_IBUFCTRL_HPIOB_M_I_O)
                                                      0.000     0.183 r  clk_IBUF_inst/IBUFCTRL_INST/O
                         net (fo=1, routed)           0.149     0.332    clk_IBUF
    BUFGCE_X0Y77         BUFGCE (Prop_BUFCE_BUFGCE_I_O)
                                                      0.017     0.349 r  clk_IBUF_BUFG_inst/O
    X3Y3 (CLOCK_ROOT)    net (fo=343, routed)         0.474     0.823    u_baseline/clk_IBUF_BUFG
    SLICE_X79Y194        FDRE                                         r  u_baseline/acc_q_reg[16]/C
  -------------------------------------------------------------------    -------------------
    SLICE_X79Y194        FDRE (Prop_AFF_SLICEM_C_Q)
                                                      0.038     0.861 r  u_baseline/acc_q_reg[16]/Q
                         net (fo=2, routed)           0.090     0.951    u_baseline/acc_q_reg[16]
    SLICE_X80Y193        FDRE                                         r  u_baseline/out_data_reg[16]/D
  -------------------------------------------------------------------    -------------------

                         (clock clk rise edge)        0.000     0.000 r  
    P11                                               0.000     0.000 r  clk (IN)
                         net (fo=0)                   0.000     0.000    clk_IBUF_inst/I
    P11                  INBUF (Prop_INBUF_HPIOB_M_PAD_O)
                                                      0.368     0.368 r  clk_IBUF_inst/INBUF_INST/O
                         net (fo=1, routed)           0.000     0.368    clk_IBUF_inst/OUT
    P11                  IBUFCTRL (Prop_IBUFCTRL_HPIOB_M_I_O)
                                                      0.000     0.368 r  clk_IBUF_inst/IBUFCTRL_INST/O
                         net (fo=1, routed)           0.189     0.557    clk_IBUF
    BUFGCE_X0Y77         BUFGCE (Prop_BUFCE_BUFGCE_I_O)
                                                      0.019     0.576 r  clk_IBUF_BUFG_inst/O
    X3Y3 (CLOCK_ROOT)    net (fo=343, routed)         0.536     1.112    u_baseline/clk_IBUF_BUFG
    SLICE_X80Y193        FDRE                                         r  u_baseline/out_data_reg[16]/C
                         clock pessimism             -0.272     0.840    
    SLICE_X80Y193        FDRE (Hold_EFF_SLICEL_C_D)
                                                      0.046     0.886    u_baseline/out_data_reg[16]
  -------------------------------------------------------------------
                         required time                         -0.886    
                         arrival time                           0.951    
  -------------------------------------------------------------------
                         slack                                  0.065    

Slack (MET) :             0.066ns  (arrival time - required time)
  Source:                 u_baseline/compute_cycles_reg[17]/C
                            (rising edge-triggered cell FDRE clocked by clk  {rise@0.000ns fall@2.750ns period=5.500ns})
  Destination:            u_baseline/compute_cycles_reg[17]/D
                            (rising edge-triggered cell FDRE clocked by clk  {rise@0.000ns fall@2.750ns period=5.500ns})
  Path Group:             clk
  Path Type:              Hold (Min at Fast Process Corner)
  Requirement:            0.000ns  (clk rise@0.000ns - clk rise@0.000ns)
  Data Path Delay:        0.118ns  (logic 0.056ns (47.585%)  route 0.062ns (52.415%))
  Logic Levels:           1  (CARRY8=1)
  Clock Path Skew:        0.006ns (DCD - SCD - CPR)
    Destination Clock Delay (DCD):    1.056ns
    Source Clock Delay      (SCD):    0.767ns
    Clock Pessimism Removal (CPR):    0.283ns
  Clock Net Delay (Source):      0.418ns (routing 0.000ns, distribution 0.418ns)
  Clock Net Delay (Destination): 0.479ns (routing 0.001ns, distribution 0.478ns)

    Location             Delay type                Incr(ns)  Path(ns)    Netlist Resource(s)
  -------------------------------------------------------------------    -------------------
                         (clock clk rise edge)        0.000     0.000 r  
    P11                                               0.000     0.000 r  clk (IN)
                         net (fo=0)                   0.000     0.000    clk_IBUF_inst/I
    P11                  INBUF (Prop_INBUF_HPIOB_M_PAD_O)
                                                      0.183     0.183 r  clk_IBUF_inst/INBUF_INST/O
                         net (fo=1, routed)           0.000     0.183    clk_IBUF_inst/OUT
    P11                  IBUFCTRL (Prop_IBUFCTRL_HPIOB_M_I_O)
                                                      0.000     0.183 r  clk_IBUF_inst/IBUFCTRL_INST/O
                         net (fo=1, routed)           0.149     0.332    clk_IBUF
    BUFGCE_X0Y77         BUFGCE (Prop_BUFCE_BUFGCE_I_O)
                                                      0.017     0.349 r  clk_IBUF_BUFG_inst/O
    X3Y3 (CLOCK_ROOT)    net (fo=343, routed)         0.418     0.767    u_baseline/clk_IBUF_BUFG
    SLICE_X96Y207        FDRE                                         r  u_baseline/compute_cycles_reg[17]/C
  -------------------------------------------------------------------    -------------------
    SLICE_X96Y207        FDRE (Prop_BFF_SLICEM_C_Q)
                                                      0.038     0.805 r  u_baseline/compute_cycles_reg[17]/Q
                         net (fo=2, routed)           0.055     0.859    u_baseline/compute_cycles[17]
    SLICE_X96Y207        CARRY8 (Prop_CARRY8_SLICEM_S[1]_O[1])
                                                      0.018     0.877 r  u_baseline/compute_cycles_reg[16]_i_1/O[1]
                         net (fo=1, routed)           0.007     0.884    u_baseline/compute_cycles_reg[16]_i_1_n_14
    SLICE_X96Y207        FDRE                                         r  u_baseline/compute_cycles_reg[17]/D
  -------------------------------------------------------------------    -------------------

                         (clock clk rise edge)        0.000     0.000 r  
    P11                                               0.000     0.000 r  clk (IN)
                         net (fo=0)                   0.000     0.000    clk_IBUF_inst/I
    P11                  INBUF (Prop_INBUF_HPIOB_M_PAD_O)
                                                      0.368     0.368 r  clk_IBUF_inst/INBUF_INST/O
                         net (fo=1, routed)           0.000     0.368    clk_IBUF_inst/OUT
    P11                  IBUFCTRL (Prop_IBUFCTRL_HPIOB_M_I_O)
                                                      0.000     0.368 r  clk_IBUF_inst/IBUFCTRL_INST/O
                         net (fo=1, routed)           0.189     0.557    clk_IBUF
    BUFGCE_X0Y77         BUFGCE (Prop_BUFCE_BUFGCE_I_O)
                                                      0.019     0.576 r  clk_IBUF_BUFG_inst/O
    X3Y3 (CLOCK_ROOT)    net (fo=343, routed)         0.479     1.056    u_baseline/clk_IBUF_BUFG
    SLICE_X96Y207        FDRE                                         r  u_baseline/compute_cycles_reg[17]/C
                         clock pessimism             -0.283     0.773    
    SLICE_X96Y207        FDRE (Hold_BFF_SLICEM_C_D)
                                                      0.046     0.819    u_baseline/compute_cycles_reg[17]
  -------------------------------------------------------------------
                         required time                         -0.819    
                         arrival time                           0.884    
  -------------------------------------------------------------------
                         slack                                  0.066    

Slack (MET) :             0.066ns  (arrival time - required time)
  Source:                 u_baseline/compute_cycles_reg[1]/C
                            (rising edge-triggered cell FDRE clocked by clk  {rise@0.000ns fall@2.750ns period=5.500ns})
  Destination:            u_baseline/compute_cycles_reg[1]/D
                            (rising edge-triggered cell FDRE clocked by clk  {rise@0.000ns fall@2.750ns period=5.500ns})
  Path Group:             clk
  Path Type:              Hold (Min at Fast Process Corner)
  Requirement:            0.000ns  (clk rise@0.000ns - clk rise@0.000ns)
  Data Path Delay:        0.118ns  (logic 0.056ns (47.585%)  route 0.062ns (52.415%))
  Logic Levels:           1  (CARRY8=1)
  Clock Path Skew:        0.006ns (DCD - SCD - CPR)
    Destination Clock Delay (DCD):    1.057ns
    Source Clock Delay      (SCD):    0.769ns
    Clock Pessimism Removal (CPR):    0.282ns
  Clock Net Delay (Source):      0.420ns (routing 0.000ns, distribution 0.420ns)
  Clock Net Delay (Destination): 0.480ns (routing 0.001ns, distribution 0.479ns)

    Location             Delay type                Incr(ns)  Path(ns)    Netlist Resource(s)
  -------------------------------------------------------------------    -------------------
                         (clock clk rise edge)        0.000     0.000 r  
    P11                                               0.000     0.000 r  clk (IN)
                         net (fo=0)                   0.000     0.000    clk_IBUF_inst/I
    P11                  INBUF (Prop_INBUF_HPIOB_M_PAD_O)
                                                      0.183     0.183 r  clk_IBUF_inst/INBUF_INST/O
                         net (fo=1, routed)           0.000     0.183    clk_IBUF_inst/OUT
    P11                  IBUFCTRL (Prop_IBUFCTRL_HPIOB_M_I_O)
                                                      0.000     0.183 r  clk_IBUF_inst/IBUFCTRL_INST/O
                         net (fo=1, routed)           0.149     0.332    clk_IBUF
    BUFGCE_X0Y77         BUFGCE (Prop_BUFCE_BUFGCE_I_O)
                                                      0.017     0.349 r  clk_IBUF_BUFG_inst/O
    X3Y3 (CLOCK_ROOT)    net (fo=343, routed)         0.420     0.769    u_baseline/clk_IBUF_BUFG
    SLICE_X96Y205        FDRE                                         r  u_baseline/compute_cycles_reg[1]/C
  -------------------------------------------------------------------    -------------------
    SLICE_X96Y205        FDRE (Prop_BFF_SLICEM_C_Q)
                                                      0.038     0.807 r  u_baseline/compute_cycles_reg[1]/Q
                         net (fo=2, routed)           0.055     0.861    u_baseline/compute_cycles[1]
    SLICE_X96Y205        CARRY8 (Prop_CARRY8_SLICEM_S[1]_O[1])
                                                      0.018     0.879 r  u_baseline/compute_cycles_reg[0]_i_1/O[1]
                         net (fo=1, routed)           0.007     0.886    u_baseline/compute_cycles_reg[0]_i_1_n_14
    SLICE_X96Y205        FDRE                                         r  u_baseline/compute_cycles_reg[1]/D
  -------------------------------------------------------------------    -------------------

                         (clock clk rise edge)        0.000     0.000 r  
    P11                                               0.000     0.000 r  clk (IN)
                         net (fo=0)                   0.000     0.000    clk_IBUF_inst/I
    P11                  INBUF (Prop_INBUF_HPIOB_M_PAD_O)
                                                      0.368     0.368 r  clk_IBUF_inst/INBUF_INST/O
                         net (fo=1, routed)           0.000     0.368    clk_IBUF_inst/OUT
    P11                  IBUFCTRL (Prop_IBUFCTRL_HPIOB_M_I_O)
                                                      0.000     0.368 r  clk_IBUF_inst/IBUFCTRL_INST/O
                         net (fo=1, routed)           0.189     0.557    clk_IBUF
    BUFGCE_X0Y77         BUFGCE (Prop_BUFCE_BUFGCE_I_O)
                                                      0.019     0.576 r  clk_IBUF_BUFG_inst/O
    X3Y3 (CLOCK_ROOT)    net (fo=343, routed)         0.480     1.057    u_baseline/clk_IBUF_BUFG
    SLICE_X96Y205        FDRE                                         r  u_baseline/compute_cycles_reg[1]/C
                         clock pessimism             -0.282     0.775    
    SLICE_X96Y205        FDRE (Hold_BFF_SLICEM_C_D)
                                                      0.046     0.821    u_baseline/compute_cycles_reg[1]
  -------------------------------------------------------------------
                         required time                         -0.821    
                         arrival time                           0.886    
  -------------------------------------------------------------------
                         slack                                  0.066    

Slack (MET) :             0.066ns  (arrival time - required time)
  Source:                 u_baseline/compute_cycles_reg[25]/C
                            (rising edge-triggered cell FDRE clocked by clk  {rise@0.000ns fall@2.750ns period=5.500ns})
  Destination:            u_baseline/compute_cycles_reg[25]/D
                            (rising edge-triggered cell FDRE clocked by clk  {rise@0.000ns fall@2.750ns period=5.500ns})
  Path Group:             clk
  Path Type:              Hold (Min at Fast Process Corner)
  Requirement:            0.000ns  (clk rise@0.000ns - clk rise@0.000ns)
  Data Path Delay:        0.118ns  (logic 0.056ns (47.585%)  route 0.062ns (52.415%))
  Logic Levels:           1  (CARRY8=1)
  Clock Path Skew:        0.006ns (DCD - SCD - CPR)
    Destination Clock Delay (DCD):    1.055ns
    Source Clock Delay      (SCD):    0.766ns
    Clock Pessimism Removal (CPR):    0.283ns
  Clock Net Delay (Source):      0.417ns (routing 0.000ns, distribution 0.417ns)
  Clock Net Delay (Destination): 0.478ns (routing 0.001ns, distribution 0.477ns)

    Location             Delay type                Incr(ns)  Path(ns)    Netlist Resource(s)
  -------------------------------------------------------------------    -------------------
                         (clock clk rise edge)        0.000     0.000 r  
    P11                                               0.000     0.000 r  clk (IN)
                         net (fo=0)                   0.000     0.000    clk_IBUF_inst/I
    P11                  INBUF (Prop_INBUF_HPIOB_M_PAD_O)
                                                      0.183     0.183 r  clk_IBUF_inst/INBUF_INST/O
                         net (fo=1, routed)           0.000     0.183    clk_IBUF_inst/OUT
    P11                  IBUFCTRL (Prop_IBUFCTRL_HPIOB_M_I_O)
                                                      0.000     0.183 r  clk_IBUF_inst/IBUFCTRL_INST/O
                         net (fo=1, routed)           0.149     0.332    clk_IBUF
    BUFGCE_X0Y77         BUFGCE (Prop_BUFCE_BUFGCE_I_O)
                                                      0.017     0.349 r  clk_IBUF_BUFG_inst/O
    X3Y3 (CLOCK_ROOT)    net (fo=343, routed)         0.417     0.766    u_baseline/clk_IBUF_BUFG
    SLICE_X96Y208        FDRE                                         r  u_baseline/compute_cycles_reg[25]/C
  -------------------------------------------------------------------    -------------------
    SLICE_X96Y208        FDRE (Prop_BFF_SLICEM_C_Q)
                                                      0.038     0.804 r  u_baseline/compute_cycles_reg[25]/Q
                         net (fo=2, routed)           0.055     0.858    u_baseline/compute_cycles[25]
    SLICE_X96Y208        CARRY8 (Prop_CARRY8_SLICEM_S[1]_O[1])
                                                      0.018     0.876 r  u_baseline/compute_cycles_reg[24]_i_1/O[1]
                         net (fo=1, routed)           0.007     0.883    u_baseline/compute_cycles_reg[24]_i_1_n_14
    SLICE_X96Y208        FDRE                                         r  u_baseline/compute_cycles_reg[25]/D
  -------------------------------------------------------------------    -------------------

                         (clock clk rise edge)        0.000     0.000 r  
    P11                                               0.000     0.000 r  clk (IN)
                         net (fo=0)                   0.000     0.000    clk_IBUF_inst/I
    P11                  INBUF (Prop_INBUF_HPIOB_M_PAD_O)
                                                      0.368     0.368 r  clk_IBUF_inst/INBUF_INST/O
                         net (fo=1, routed)           0.000     0.368    clk_IBUF_inst/OUT
    P11                  IBUFCTRL (Prop_IBUFCTRL_HPIOB_M_I_O)
                                                      0.000     0.368 r  clk_IBUF_inst/IBUFCTRL_INST/O
                         net (fo=1, routed)           0.189     0.557    clk_IBUF
    BUFGCE_X0Y77         BUFGCE (Prop_BUFCE_BUFGCE_I_O)
                                                      0.019     0.576 r  clk_IBUF_BUFG_inst/O
    X3Y3 (CLOCK_ROOT)    net (fo=343, routed)         0.478     1.055    u_baseline/clk_IBUF_BUFG
    SLICE_X96Y208        FDRE                                         r  u_baseline/compute_cycles_reg[25]/C
                         clock pessimism             -0.283     0.772    
    SLICE_X96Y208        FDRE (Hold_BFF_SLICEM_C_D)
                                                      0.046     0.818    u_baseline/compute_cycles_reg[25]
  -------------------------------------------------------------------
                         required time                         -0.818    
                         arrival time                           0.883    
  -------------------------------------------------------------------
                         slack                                  0.066    

Slack (MET) :             0.066ns  (arrival time - required time)
  Source:                 u_baseline/compute_cycles_reg[9]/C
                            (rising edge-triggered cell FDRE clocked by clk  {rise@0.000ns fall@2.750ns period=5.500ns})
  Destination:            u_baseline/compute_cycles_reg[9]/D
                            (rising edge-triggered cell FDRE clocked by clk  {rise@0.000ns fall@2.750ns period=5.500ns})
  Path Group:             clk
  Path Type:              Hold (Min at Fast Process Corner)
  Requirement:            0.000ns  (clk rise@0.000ns - clk rise@0.000ns)
  Data Path Delay:        0.118ns  (logic 0.056ns (47.585%)  route 0.062ns (52.415%))
  Logic Levels:           1  (CARRY8=1)
  Clock Path Skew:        0.006ns (DCD - SCD - CPR)
    Destination Clock Delay (DCD):    1.057ns
    Source Clock Delay      (SCD):    0.768ns
    Clock Pessimism Removal (CPR):    0.283ns
  Clock Net Delay (Source):      0.419ns (routing 0.000ns, distribution 0.419ns)
  Clock Net Delay (Destination): 0.480ns (routing 0.001ns, distribution 0.479ns)

    Location             Delay type                Incr(ns)  Path(ns)    Netlist Resource(s)
  -------------------------------------------------------------------    -------------------
                         (clock clk rise edge)        0.000     0.000 r  
    P11                                               0.000     0.000 r  clk (IN)
                         net (fo=0)                   0.000     0.000    clk_IBUF_inst/I
    P11                  INBUF (Prop_INBUF_HPIOB_M_PAD_O)
                                                      0.183     0.183 r  clk_IBUF_inst/INBUF_INST/O
                         net (fo=1, routed)           0.000     0.183    clk_IBUF_inst/OUT
    P11                  IBUFCTRL (Prop_IBUFCTRL_HPIOB_M_I_O)
                                                      0.000     0.183 r  clk_IBUF_inst/IBUFCTRL_INST/O
                         net (fo=1, routed)           0.149     0.332    clk_IBUF
    BUFGCE_X0Y77         BUFGCE (Prop_BUFCE_BUFGCE_I_O)
                                                      0.017     0.349 r  clk_IBUF_BUFG_inst/O
    X3Y3 (CLOCK_ROOT)    net (fo=343, routed)         0.419     0.768    u_baseline/clk_IBUF_BUFG
    SLICE_X96Y206        FDRE                                         r  u_baseline/compute_cycles_reg[9]/C
  -------------------------------------------------------------------    -------------------
    SLICE_X96Y206        FDRE (Prop_BFF_SLICEM_C_Q)
                                                      0.038     0.806 r  u_baseline/compute_cycles_reg[9]/Q
                         net (fo=2, routed)           0.055     0.860    u_baseline/compute_cycles[9]
    SLICE_X96Y206        CARRY8 (Prop_CARRY8_SLICEM_S[1]_O[1])
                                                      0.018     0.878 r  u_baseline/compute_cycles_reg[8]_i_1/O[1]
                         net (fo=1, routed)           0.007     0.885    u_baseline/compute_cycles_reg[8]_i_1_n_14
    SLICE_X96Y206        FDRE                                         r  u_baseline/compute_cycles_reg[9]/D
  -------------------------------------------------------------------    -------------------

                         (clock clk rise edge)        0.000     0.000 r  
    P11                                               0.000     0.000 r  clk (IN)
                         net (fo=0)                   0.000     0.000    clk_IBUF_inst/I
    P11                  INBUF (Prop_INBUF_HPIOB_M_PAD_O)
                                                      0.368     0.368 r  clk_IBUF_inst/INBUF_INST/O
                         net (fo=1, routed)           0.000     0.368    clk_IBUF_inst/OUT
    P11                  IBUFCTRL (Prop_IBUFCTRL_HPIOB_M_I_O)
                                                      0.000     0.368 r  clk_IBUF_inst/IBUFCTRL_INST/O
                         net (fo=1, routed)           0.189     0.557    clk_IBUF
    BUFGCE_X0Y77         BUFGCE (Prop_BUFCE_BUFGCE_I_O)
                                                      0.019     0.576 r  clk_IBUF_BUFG_inst/O
    X3Y3 (CLOCK_ROOT)    net (fo=343, routed)         0.480     1.057    u_baseline/clk_IBUF_BUFG
    SLICE_X96Y206        FDRE                                         r  u_baseline/compute_cycles_reg[9]/C
                         clock pessimism             -0.283     0.774    
    SLICE_X96Y206        FDRE (Hold_BFF_SLICEM_C_D)
                                                      0.046     0.820    u_baseline/compute_cycles_reg[9]
  -------------------------------------------------------------------
                         required time                         -0.820    
                         arrival time                           0.885    
  -------------------------------------------------------------------
                         slack                                  0.066    

Slack (MET) :             0.067ns  (arrival time - required time)
  Source:                 u_baseline/acc_q_reg[2]/C
                            (rising edge-triggered cell FDRE clocked by clk  {rise@0.000ns fall@2.750ns period=5.500ns})
  Destination:            u_baseline/out_data_reg[2]/D
                            (rising edge-triggered cell FDRE clocked by clk  {rise@0.000ns fall@2.750ns period=5.500ns})
  Path Group:             clk
  Path Type:              Hold (Min at Fast Process Corner)
  Requirement:            0.000ns  (clk rise@0.000ns - clk rise@0.000ns)
  Data Path Delay:        0.120ns  (logic 0.038ns (31.642%)  route 0.082ns (68.358%))
  Logic Levels:           0  
  Clock Path Skew:        0.006ns (DCD - SCD - CPR)
    Destination Clock Delay (DCD):    1.101ns
    Source Clock Delay      (SCD):    0.823ns
    Clock Pessimism Removal (CPR):    0.272ns
  Clock Net Delay (Source):      0.474ns (routing 0.000ns, distribution 0.474ns)
  Clock Net Delay (Destination): 0.524ns (routing 0.001ns, distribution 0.523ns)

    Location             Delay type                Incr(ns)  Path(ns)    Netlist Resource(s)
  -------------------------------------------------------------------    -------------------
                         (clock clk rise edge)        0.000     0.000 r  
    P11                                               0.000     0.000 r  clk (IN)
                         net (fo=0)                   0.000     0.000    clk_IBUF_inst/I
    P11                  INBUF (Prop_INBUF_HPIOB_M_PAD_O)
                                                      0.183     0.183 r  clk_IBUF_inst/INBUF_INST/O
                         net (fo=1, routed)           0.000     0.183    clk_IBUF_inst/OUT
    P11                  IBUFCTRL (Prop_IBUFCTRL_HPIOB_M_I_O)
                                                      0.000     0.183 r  clk_IBUF_inst/IBUFCTRL_INST/O
                         net (fo=1, routed)           0.149     0.332    clk_IBUF
    BUFGCE_X0Y77         BUFGCE (Prop_BUFCE_BUFGCE_I_O)
                                                      0.017     0.349 r  clk_IBUF_BUFG_inst/O
    X3Y3 (CLOCK_ROOT)    net (fo=343, routed)         0.474     0.823    u_baseline/clk_IBUF_BUFG
    SLICE_X79Y192        FDRE                                         r  u_baseline/acc_q_reg[2]/C
  -------------------------------------------------------------------    -------------------
    SLICE_X79Y192        FDRE (Prop_CFF_SLICEM_C_Q)
                                                      0.038     0.861 r  u_baseline/acc_q_reg[2]/Q
                         net (fo=2, routed)           0.082     0.943    u_baseline/acc_q_reg[2]
    SLICE_X80Y191        FDRE                                         r  u_baseline/out_data_reg[2]/D
  -------------------------------------------------------------------    -------------------

                         (clock clk rise edge)        0.000     0.000 r  
    P11                                               0.000     0.000 r  clk (IN)
                         net (fo=0)                   0.000     0.000    clk_IBUF_inst/I
    P11                  INBUF (Prop_INBUF_HPIOB_M_PAD_O)
                                                      0.368     0.368 r  clk_IBUF_inst/INBUF_INST/O
                         net (fo=1, routed)           0.000     0.368    clk_IBUF_inst/OUT
    P11                  IBUFCTRL (Prop_IBUFCTRL_HPIOB_M_I_O)
                                                      0.000     0.368 r  clk_IBUF_inst/IBUFCTRL_INST/O
                         net (fo=1, routed)           0.189     0.557    clk_IBUF
    BUFGCE_X0Y77         BUFGCE (Prop_BUFCE_BUFGCE_I_O)
                                                      0.019     0.576 r  clk_IBUF_BUFG_inst/O
    X3Y3 (CLOCK_ROOT)    net (fo=343, routed)         0.524     1.101    u_baseline/clk_IBUF_BUFG
    SLICE_X80Y191        FDRE                                         r  u_baseline/out_data_reg[2]/C
                         clock pessimism             -0.272     0.829    
    SLICE_X80Y191        FDRE (Hold_BFF2_SLICEL_C_D)
                                                      0.047     0.876    u_baseline/out_data_reg[2]
  -------------------------------------------------------------------
                         required time                         -0.876    
                         arrival time                           0.943    
  -------------------------------------------------------------------
                         slack                                  0.067    

Slack (MET) :             0.068ns  (arrival time - required time)
  Source:                 u_baseline/chunk_q_reg[6]/C
                            (rising edge-triggered cell FDRE clocked by clk  {rise@0.000ns fall@2.750ns period=5.500ns})
  Destination:            u_baseline/chunk_q_reg[6]/D
                            (rising edge-triggered cell FDRE clocked by clk  {rise@0.000ns fall@2.750ns period=5.500ns})
  Path Group:             clk
  Path Type:              Hold (Min at Fast Process Corner)
  Requirement:            0.000ns  (clk rise@0.000ns - clk rise@0.000ns)
  Data Path Delay:        0.120ns  (logic 0.074ns (61.479%)  route 0.046ns (38.521%))
  Logic Levels:           1  (LUT2=1)
  Clock Path Skew:        0.006ns (DCD - SCD - CPR)
    Destination Clock Delay (DCD):    1.108ns
    Source Clock Delay      (SCD):    0.817ns
    Clock Pessimism Removal (CPR):    0.285ns
  Clock Net Delay (Source):      0.468ns (routing 0.000ns, distribution 0.468ns)
  Clock Net Delay (Destination): 0.532ns (routing 0.001ns, distribution 0.531ns)

    Location             Delay type                Incr(ns)  Path(ns)    Netlist Resource(s)
  -------------------------------------------------------------------    -------------------
                         (clock clk rise edge)        0.000     0.000 r  
    P11                                               0.000     0.000 r  clk (IN)
                         net (fo=0)                   0.000     0.000    clk_IBUF_inst/I
    P11                  INBUF (Prop_INBUF_HPIOB_M_PAD_O)
                                                      0.183     0.183 r  clk_IBUF_inst/INBUF_INST/O
                         net (fo=1, routed)           0.000     0.183    clk_IBUF_inst/OUT
    P11                  IBUFCTRL (Prop_IBUFCTRL_HPIOB_M_I_O)
                                                      0.000     0.183 r  clk_IBUF_inst/IBUFCTRL_INST/O
                         net (fo=1, routed)           0.149     0.332    clk_IBUF
    BUFGCE_X0Y77         BUFGCE (Prop_BUFCE_BUFGCE_I_O)
                                                      0.017     0.349 r  clk_IBUF_BUFG_inst/O
    X3Y3 (CLOCK_ROOT)    net (fo=343, routed)         0.468     0.817    u_baseline/clk_IBUF_BUFG
    SLICE_X80Y194        FDRE                                         r  u_baseline/chunk_q_reg[6]/C
  -------------------------------------------------------------------    -------------------
    SLICE_X80Y194        FDRE (Prop_DFF_SLICEL_C_Q)
                                                      0.039     0.856 r  u_baseline/chunk_q_reg[6]/Q
                         net (fo=13, routed)          0.030     0.886    u_baseline/chunk_q_reg[6]
    SLICE_X80Y194        LUT2 (Prop_D6LUT_SLICEL_I1_O)
                                                      0.035     0.921 r  u_baseline/chunk_q[6]_i_1/O
                         net (fo=1, routed)           0.016     0.937    u_baseline/chunk_q[6]_i_1_n_0
    SLICE_X80Y194        FDRE                                         r  u_baseline/chunk_q_reg[6]/D
  -------------------------------------------------------------------    -------------------

                         (clock clk rise edge)        0.000     0.000 r  
    P11                                               0.000     0.000 r  clk (IN)
                         net (fo=0)                   0.000     0.000    clk_IBUF_inst/I
    P11                  INBUF (Prop_INBUF_HPIOB_M_PAD_O)
                                                      0.368     0.368 r  clk_IBUF_inst/INBUF_INST/O
                         net (fo=1, routed)           0.000     0.368    clk_IBUF_inst/OUT
    P11                  IBUFCTRL (Prop_IBUFCTRL_HPIOB_M_I_O)
                                                      0.000     0.368 r  clk_IBUF_inst/IBUFCTRL_INST/O
                         net (fo=1, routed)           0.189     0.557    clk_IBUF
    BUFGCE_X0Y77         BUFGCE (Prop_BUFCE_BUFGCE_I_O)
                                                      0.019     0.576 r  clk_IBUF_BUFG_inst/O
    X3Y3 (CLOCK_ROOT)    net (fo=343, routed)         0.532     1.108    u_baseline/clk_IBUF_BUFG
    SLICE_X80Y194        FDRE                                         r  u_baseline/chunk_q_reg[6]/C
                         clock pessimism             -0.285     0.823    
    SLICE_X80Y194        FDRE (Hold_DFF_SLICEL_C_D)
                                                      0.046     0.869    u_baseline/chunk_q_reg[6]
  -------------------------------------------------------------------
                         required time                         -0.869    
                         arrival time                           0.937    
  -------------------------------------------------------------------
                         slack                                  0.068    

Slack (MET) :             0.070ns  (arrival time - required time)
  Source:                 u_baseline/acc_q_reg[10]/C
                            (rising edge-triggered cell FDRE clocked by clk  {rise@0.000ns fall@2.750ns period=5.500ns})
  Destination:            u_baseline/acc_q_reg[10]/D
                            (rising edge-triggered cell FDRE clocked by clk  {rise@0.000ns fall@2.750ns period=5.500ns})
  Path Group:             clk
  Path Type:              Hold (Min at Fast Process Corner)
  Requirement:            0.000ns  (clk rise@0.000ns - clk rise@0.000ns)
  Data Path Delay:        0.122ns  (logic 0.071ns (58.348%)  route 0.051ns (41.652%))
  Logic Levels:           2  (CARRY8=1 LUT2=1)
  Clock Path Skew:        0.006ns (DCD - SCD - CPR)
    Destination Clock Delay (DCD):    1.116ns
    Source Clock Delay      (SCD):    0.823ns
    Clock Pessimism Removal (CPR):    0.287ns
  Clock Net Delay (Source):      0.474ns (routing 0.000ns, distribution 0.474ns)
  Clock Net Delay (Destination): 0.540ns (routing 0.001ns, distribution 0.539ns)

    Location             Delay type                Incr(ns)  Path(ns)    Netlist Resource(s)
  -------------------------------------------------------------------    -------------------
                         (clock clk rise edge)        0.000     0.000 r  
    P11                                               0.000     0.000 r  clk (IN)
                         net (fo=0)                   0.000     0.000    clk_IBUF_inst/I
    P11                  INBUF (Prop_INBUF_HPIOB_M_PAD_O)
                                                      0.183     0.183 r  clk_IBUF_inst/INBUF_INST/O
                         net (fo=1, routed)           0.000     0.183    clk_IBUF_inst/OUT
    P11                  IBUFCTRL (Prop_IBUFCTRL_HPIOB_M_I_O)
                                                      0.000     0.183 r  clk_IBUF_inst/IBUFCTRL_INST/O
                         net (fo=1, routed)           0.149     0.332    clk_IBUF
    BUFGCE_X0Y77         BUFGCE (Prop_BUFCE_BUFGCE_I_O)
                                                      0.017     0.349 r  clk_IBUF_BUFG_inst/O
    X3Y3 (CLOCK_ROOT)    net (fo=343, routed)         0.474     0.823    u_baseline/clk_IBUF_BUFG
    SLICE_X79Y193        FDRE                                         r  u_baseline/acc_q_reg[10]/C
  -------------------------------------------------------------------    -------------------
    SLICE_X79Y193        FDRE (Prop_CFF_SLICEM_C_Q)
                                                      0.038     0.861 r  u_baseline/acc_q_reg[10]/Q
                         net (fo=2, routed)           0.030     0.890    u_baseline/acc_q_reg[10]
    SLICE_X79Y193        LUT2 (Prop_C6LUT_SLICEM_I1_O)
                                                      0.014     0.904 r  u_baseline/acc_q[8]_i_7/O
                         net (fo=1, routed)           0.014     0.918    u_baseline/acc_q[8]_i_7_n_0
    SLICE_X79Y193        CARRY8 (Prop_CARRY8_SLICEM_S[2]_O[2])
                                                      0.019     0.937 r  u_baseline/acc_q_reg[8]_i_1/O[2]
                         net (fo=1, routed)           0.007     0.944    u_baseline/acc_q_reg[8]_i_1_n_13
    SLICE_X79Y193        FDRE                                         r  u_baseline/acc_q_reg[10]/D
  -------------------------------------------------------------------    -------------------

                         (clock clk rise edge)        0.000     0.000 r  
    P11                                               0.000     0.000 r  clk (IN)
                         net (fo=0)                   0.000     0.000    clk_IBUF_inst/I
    P11                  INBUF (Prop_INBUF_HPIOB_M_PAD_O)
                                                      0.368     0.368 r  clk_IBUF_inst/INBUF_INST/O
                         net (fo=1, routed)           0.000     0.368    clk_IBUF_inst/OUT
    P11                  IBUFCTRL (Prop_IBUFCTRL_HPIOB_M_I_O)
                                                      0.000     0.368 r  clk_IBUF_inst/IBUFCTRL_INST/O
                         net (fo=1, routed)           0.189     0.557    clk_IBUF
    BUFGCE_X0Y77         BUFGCE (Prop_BUFCE_BUFGCE_I_O)
                                                      0.019     0.576 r  clk_IBUF_BUFG_inst/O
    X3Y3 (CLOCK_ROOT)    net (fo=343, routed)         0.540     1.116    u_baseline/clk_IBUF_BUFG
    SLICE_X79Y193        FDRE                                         r  u_baseline/acc_q_reg[10]/C
                         clock pessimism             -0.287     0.829    
    SLICE_X79Y193        FDRE (Hold_CFF_SLICEM_C_D)
                                                      0.046     0.875    u_baseline/acc_q_reg[10]
  -------------------------------------------------------------------
                         required time                         -0.875    
                         arrival time                           0.944    
  -------------------------------------------------------------------
                         slack                                  0.070    

Slack (MET) :             0.070ns  (arrival time - required time)
  Source:                 u_baseline/acc_q_reg[18]/C
                            (rising edge-triggered cell FDRE clocked by clk  {rise@0.000ns fall@2.750ns period=5.500ns})
  Destination:            u_baseline/acc_q_reg[18]/D
                            (rising edge-triggered cell FDRE clocked by clk  {rise@0.000ns fall@2.750ns period=5.500ns})
  Path Group:             clk
  Path Type:              Hold (Min at Fast Process Corner)
  Requirement:            0.000ns  (clk rise@0.000ns - clk rise@0.000ns)
  Data Path Delay:        0.122ns  (logic 0.071ns (58.348%)  route 0.051ns (41.652%))
  Logic Levels:           2  (CARRY8=1 LUT2=1)
  Clock Path Skew:        0.006ns (DCD - SCD - CPR)
    Destination Clock Delay (DCD):    1.116ns
    Source Clock Delay      (SCD):    0.823ns
    Clock Pessimism Removal (CPR):    0.287ns
  Clock Net Delay (Source):      0.474ns (routing 0.000ns, distribution 0.474ns)
  Clock Net Delay (Destination): 0.540ns (routing 0.001ns, distribution 0.539ns)

    Location             Delay type                Incr(ns)  Path(ns)    Netlist Resource(s)
  -------------------------------------------------------------------    -------------------
                         (clock clk rise edge)        0.000     0.000 r  
    P11                                               0.000     0.000 r  clk (IN)
                         net (fo=0)                   0.000     0.000    clk_IBUF_inst/I
    P11                  INBUF (Prop_INBUF_HPIOB_M_PAD_O)
                                                      0.183     0.183 r  clk_IBUF_inst/INBUF_INST/O
                         net (fo=1, routed)           0.000     0.183    clk_IBUF_inst/OUT
    P11                  IBUFCTRL (Prop_IBUFCTRL_HPIOB_M_I_O)
                                                      0.000     0.183 r  clk_IBUF_inst/IBUFCTRL_INST/O
                         net (fo=1, routed)           0.149     0.332    clk_IBUF
    BUFGCE_X0Y77         BUFGCE (Prop_BUFCE_BUFGCE_I_O)
                                                      0.017     0.349 r  clk_IBUF_BUFG_inst/O
    X3Y3 (CLOCK_ROOT)    net (fo=343, routed)         0.474     0.823    u_baseline/clk_IBUF_BUFG
    SLICE_X79Y194        FDRE                                         r  u_baseline/acc_q_reg[18]/C
  -------------------------------------------------------------------    -------------------
    SLICE_X79Y194        FDRE (Prop_CFF_SLICEM_C_Q)
                                                      0.038     0.861 r  u_baseline/acc_q_reg[18]/Q
                         net (fo=2, routed)           0.030     0.890    u_baseline/acc_q_reg[18]
    SLICE_X79Y194        LUT2 (Prop_C6LUT_SLICEM_I1_O)
                                                      0.014     0.904 r  u_baseline/acc_q[16]_i_7/O
                         net (fo=1, routed)           0.014     0.918    u_baseline/acc_q[16]_i_7_n_0
    SLICE_X79Y194        CARRY8 (Prop_CARRY8_SLICEM_S[2]_O[2])
                                                      0.019     0.937 r  u_baseline/acc_q_reg[16]_i_1/O[2]
                         net (fo=1, routed)           0.007     0.944    u_baseline/acc_q_reg[16]_i_1_n_13
    SLICE_X79Y194        FDRE                                         r  u_baseline/acc_q_reg[18]/D
  -------------------------------------------------------------------    -------------------

                         (clock clk rise edge)        0.000     0.000 r  
    P11                                               0.000     0.000 r  clk (IN)
                         net (fo=0)                   0.000     0.000    clk_IBUF_inst/I
    P11                  INBUF (Prop_INBUF_HPIOB_M_PAD_O)
                                                      0.368     0.368 r  clk_IBUF_inst/INBUF_INST/O
                         net (fo=1, routed)           0.000     0.368    clk_IBUF_inst/OUT
    P11                  IBUFCTRL (Prop_IBUFCTRL_HPIOB_M_I_O)
                                                      0.000     0.368 r  clk_IBUF_inst/IBUFCTRL_INST/O
                         net (fo=1, routed)           0.189     0.557    clk_IBUF
    BUFGCE_X0Y77         BUFGCE (Prop_BUFCE_BUFGCE_I_O)
                                                      0.019     0.576 r  clk_IBUF_BUFG_inst/O
    X3Y3 (CLOCK_ROOT)    net (fo=343, routed)         0.540     1.116    u_baseline/clk_IBUF_BUFG
    SLICE_X79Y194        FDRE                                         r  u_baseline/acc_q_reg[18]/C
                         clock pessimism             -0.287     0.829    
    SLICE_X79Y194        FDRE (Hold_CFF_SLICEM_C_D)
                                                      0.046     0.875    u_baseline/acc_q_reg[18]
  -------------------------------------------------------------------
                         required time                         -0.875    
                         arrival time                           0.944    
  -------------------------------------------------------------------
                         slack                                  0.070    

Slack (MET) :             0.070ns  (arrival time - required time)
  Source:                 u_baseline/acc_q_reg[26]/C
                            (rising edge-triggered cell FDRE clocked by clk  {rise@0.000ns fall@2.750ns period=5.500ns})
  Destination:            u_baseline/acc_q_reg[26]/D
                            (rising edge-triggered cell FDRE clocked by clk  {rise@0.000ns fall@2.750ns period=5.500ns})
  Path Group:             clk
  Path Type:              Hold (Min at Fast Process Corner)
  Requirement:            0.000ns  (clk rise@0.000ns - clk rise@0.000ns)
  Data Path Delay:        0.122ns  (logic 0.071ns (58.348%)  route 0.051ns (41.652%))
  Logic Levels:           2  (CARRY8=1 LUT2=1)
  Clock Path Skew:        0.006ns (DCD - SCD - CPR)
    Destination Clock Delay (DCD):    1.108ns
    Source Clock Delay      (SCD):    0.815ns
    Clock Pessimism Removal (CPR):    0.287ns
  Clock Net Delay (Source):      0.466ns (routing 0.000ns, distribution 0.466ns)
  Clock Net Delay (Destination): 0.531ns (routing 0.001ns, distribution 0.530ns)

    Location             Delay type                Incr(ns)  Path(ns)    Netlist Resource(s)
  -------------------------------------------------------------------    -------------------
                         (clock clk rise edge)        0.000     0.000 r  
    P11                                               0.000     0.000 r  clk (IN)
                         net (fo=0)                   0.000     0.000    clk_IBUF_inst/I
    P11                  INBUF (Prop_INBUF_HPIOB_M_PAD_O)
                                                      0.183     0.183 r  clk_IBUF_inst/INBUF_INST/O
                         net (fo=1, routed)           0.000     0.183    clk_IBUF_inst/OUT
    P11                  IBUFCTRL (Prop_IBUFCTRL_HPIOB_M_I_O)
                                                      0.000     0.183 r  clk_IBUF_inst/IBUFCTRL_INST/O
                         net (fo=1, routed)           0.149     0.332    clk_IBUF
    BUFGCE_X0Y77         BUFGCE (Prop_BUFCE_BUFGCE_I_O)
                                                      0.017     0.349 r  clk_IBUF_BUFG_inst/O
    X3Y3 (CLOCK_ROOT)    net (fo=343, routed)         0.466     0.815    u_baseline/clk_IBUF_BUFG
    SLICE_X79Y195        FDRE                                         r  u_baseline/acc_q_reg[26]/C
  -------------------------------------------------------------------    -------------------
    SLICE_X79Y195        FDRE (Prop_CFF_SLICEM_C_Q)
                                                      0.038     0.853 r  u_baseline/acc_q_reg[26]/Q
                         net (fo=2, routed)           0.030     0.882    u_baseline/acc_q_reg[26]
    SLICE_X79Y195        LUT2 (Prop_C6LUT_SLICEM_I1_O)
                                                      0.014     0.896 r  u_baseline/acc_q[24]_i_7/O
                         net (fo=1, routed)           0.014     0.910    u_baseline/acc_q[24]_i_7_n_0
    SLICE_X79Y195        CARRY8 (Prop_CARRY8_SLICEM_S[2]_O[2])
                                                      0.019     0.929 r  u_baseline/acc_q_reg[24]_i_1/O[2]
                         net (fo=1, routed)           0.007     0.936    u_baseline/acc_q_reg[24]_i_1_n_13
    SLICE_X79Y195        FDRE                                         r  u_baseline/acc_q_reg[26]/D
  -------------------------------------------------------------------    -------------------

                         (clock clk rise edge)        0.000     0.000 r  
    P11                                               0.000     0.000 r  clk (IN)
                         net (fo=0)                   0.000     0.000    clk_IBUF_inst/I
    P11                  INBUF (Prop_INBUF_HPIOB_M_PAD_O)
                                                      0.368     0.368 r  clk_IBUF_inst/INBUF_INST/O
                         net (fo=1, routed)           0.000     0.368    clk_IBUF_inst/OUT
    P11                  IBUFCTRL (Prop_IBUFCTRL_HPIOB_M_I_O)
                                                      0.000     0.368 r  clk_IBUF_inst/IBUFCTRL_INST/O
                         net (fo=1, routed)           0.189     0.557    clk_IBUF
    BUFGCE_X0Y77         BUFGCE (Prop_BUFCE_BUFGCE_I_O)
                                                      0.019     0.576 r  clk_IBUF_BUFG_inst/O
    X3Y3 (CLOCK_ROOT)    net (fo=343, routed)         0.531     1.108    u_baseline/clk_IBUF_BUFG
    SLICE_X79Y195        FDRE                                         r  u_baseline/acc_q_reg[26]/C
                         clock pessimism             -0.287     0.821    
    SLICE_X79Y195        FDRE (Hold_CFF_SLICEM_C_D)
                                                      0.046     0.867    u_baseline/acc_q_reg[26]
  -------------------------------------------------------------------
                         required time                         -0.867    
                         arrival time                           0.936    
  -------------------------------------------------------------------
                         slack                                  0.070    

Slack (MET) :             0.070ns  (arrival time - required time)
  Source:                 u_baseline/compute_cycles_reg[18]/C
                            (rising edge-triggered cell FDRE clocked by clk  {rise@0.000ns fall@2.750ns period=5.500ns})
  Destination:            u_baseline/compute_cycles_reg[18]/D
                            (rising edge-triggered cell FDRE clocked by clk  {rise@0.000ns fall@2.750ns period=5.500ns})
  Path Group:             clk
  Path Type:              Hold (Min at Fast Process Corner)
  Requirement:            0.000ns  (clk rise@0.000ns - clk rise@0.000ns)
  Data Path Delay:        0.122ns  (logic 0.057ns (46.843%)  route 0.065ns (53.157%))
  Logic Levels:           1  (CARRY8=1)
  Clock Path Skew:        0.006ns (DCD - SCD - CPR)
    Destination Clock Delay (DCD):    1.056ns
    Source Clock Delay      (SCD):    0.767ns
    Clock Pessimism Removal (CPR):    0.283ns
  Clock Net Delay (Source):      0.418ns (routing 0.000ns, distribution 0.418ns)
  Clock Net Delay (Destination): 0.479ns (routing 0.001ns, distribution 0.478ns)

    Location             Delay type                Incr(ns)  Path(ns)    Netlist Resource(s)
  -------------------------------------------------------------------    -------------------
                         (clock clk rise edge)        0.000     0.000 r  
    P11                                               0.000     0.000 r  clk (IN)
                         net (fo=0)                   0.000     0.000    clk_IBUF_inst/I
    P11                  INBUF (Prop_INBUF_HPIOB_M_PAD_O)
                                                      0.183     0.183 r  clk_IBUF_inst/INBUF_INST/O
                         net (fo=1, routed)           0.000     0.183    clk_IBUF_inst/OUT
    P11                  IBUFCTRL (Prop_IBUFCTRL_HPIOB_M_I_O)
                                                      0.000     0.183 r  clk_IBUF_inst/IBUFCTRL_INST/O
                         net (fo=1, routed)           0.149     0.332    clk_IBUF
    BUFGCE_X0Y77         BUFGCE (Prop_BUFCE_BUFGCE_I_O)
                                                      0.017     0.349 r  clk_IBUF_BUFG_inst/O
    X3Y3 (CLOCK_ROOT)    net (fo=343, routed)         0.418     0.767    u_baseline/clk_IBUF_BUFG
    SLICE_X96Y207        FDRE                                         r  u_baseline/compute_cycles_reg[18]/C
  -------------------------------------------------------------------    -------------------
    SLICE_X96Y207        FDRE (Prop_CFF_SLICEM_C_Q)
                                                      0.038     0.805 r  u_baseline/compute_cycles_reg[18]/Q
                         net (fo=2, routed)           0.058     0.862    u_baseline/compute_cycles[18]
    SLICE_X96Y207        CARRY8 (Prop_CARRY8_SLICEM_S[2]_O[2])
                                                      0.019     0.881 r  u_baseline/compute_cycles_reg[16]_i_1/O[2]
                         net (fo=1, routed)           0.007     0.888    u_baseline/compute_cycles_reg[16]_i_1_n_13
    SLICE_X96Y207        FDRE                                         r  u_baseline/compute_cycles_reg[18]/D
  -------------------------------------------------------------------    -------------------

                         (clock clk rise edge)        0.000     0.000 r  
    P11                                               0.000     0.000 r  clk (IN)
                         net (fo=0)                   0.000     0.000    clk_IBUF_inst/I
    P11                  INBUF (Prop_INBUF_HPIOB_M_PAD_O)
                                                      0.368     0.368 r  clk_IBUF_inst/INBUF_INST/O
                         net (fo=1, routed)           0.000     0.368    clk_IBUF_inst/OUT
    P11                  IBUFCTRL (Prop_IBUFCTRL_HPIOB_M_I_O)
                                                      0.000     0.368 r  clk_IBUF_inst/IBUFCTRL_INST/O
                         net (fo=1, routed)           0.189     0.557    clk_IBUF
    BUFGCE_X0Y77         BUFGCE (Prop_BUFCE_BUFGCE_I_O)
                                                      0.019     0.576 r  clk_IBUF_BUFG_inst/O
    X3Y3 (CLOCK_ROOT)    net (fo=343, routed)         0.479     1.056    u_baseline/clk_IBUF_BUFG
    SLICE_X96Y207        FDRE                                         r  u_baseline/compute_cycles_reg[18]/C
                         clock pessimism             -0.283     0.773    
    SLICE_X96Y207        FDRE (Hold_CFF_SLICEM_C_D)
                                                      0.046     0.819    u_baseline/compute_cycles_reg[18]
  -------------------------------------------------------------------
                         required time                         -0.819    
                         arrival time                           0.888    
  -------------------------------------------------------------------
                         slack                                  0.070    

Slack (MET) :             0.070ns  (arrival time - required time)
  Source:                 u_baseline/acc_q_reg[2]/C
                            (rising edge-triggered cell FDRE clocked by clk  {rise@0.000ns fall@2.750ns period=5.500ns})
  Destination:            u_baseline/acc_q_reg[2]/D
                            (rising edge-triggered cell FDRE clocked by clk  {rise@0.000ns fall@2.750ns period=5.500ns})
  Path Group:             clk
  Path Type:              Hold (Min at Fast Process Corner)
  Requirement:            0.000ns  (clk rise@0.000ns - clk rise@0.000ns)
  Data Path Delay:        0.122ns  (logic 0.071ns (58.348%)  route 0.051ns (41.652%))
  Logic Levels:           2  (CARRY8=1 LUT2=1)
  Clock Path Skew:        0.006ns (DCD - SCD - CPR)
    Destination Clock Delay (DCD):    1.117ns
    Source Clock Delay      (SCD):    0.823ns
    Clock Pessimism Removal (CPR):    0.288ns
  Clock Net Delay (Source):      0.474ns (routing 0.000ns, distribution 0.474ns)
  Clock Net Delay (Destination): 0.541ns (routing 0.001ns, distribution 0.540ns)

    Location             Delay type                Incr(ns)  Path(ns)    Netlist Resource(s)
  -------------------------------------------------------------------    -------------------
                         (clock clk rise edge)        0.000     0.000 r  
    P11                                               0.000     0.000 r  clk (IN)
                         net (fo=0)                   0.000     0.000    clk_IBUF_inst/I
    P11                  INBUF (Prop_INBUF_HPIOB_M_PAD_O)
                                                      0.183     0.183 r  clk_IBUF_inst/INBUF_INST/O
                         net (fo=1, routed)           0.000     0.183    clk_IBUF_inst/OUT
    P11                  IBUFCTRL (Prop_IBUFCTRL_HPIOB_M_I_O)
                                                      0.000     0.183 r  clk_IBUF_inst/IBUFCTRL_INST/O
                         net (fo=1, routed)           0.149     0.332    clk_IBUF
    BUFGCE_X0Y77         BUFGCE (Prop_BUFCE_BUFGCE_I_O)
                                                      0.017     0.349 r  clk_IBUF_BUFG_inst/O
    X3Y3 (CLOCK_ROOT)    net (fo=343, routed)         0.474     0.823    u_baseline/clk_IBUF_BUFG
    SLICE_X79Y192        FDRE                                         r  u_baseline/acc_q_reg[2]/C
  -------------------------------------------------------------------    -------------------
    SLICE_X79Y192        FDRE (Prop_CFF_SLICEM_C_Q)
                                                      0.038     0.861 r  u_baseline/acc_q_reg[2]/Q
                         net (fo=2, routed)           0.030     0.890    u_baseline/acc_q_reg[2]
    SLICE_X79Y192        LUT2 (Prop_C6LUT_SLICEM_I1_O)
                                                      0.014     0.904 r  u_baseline/acc_q[0]_i_9/O
                         net (fo=1, routed)           0.014     0.918    u_baseline/acc_q[0]_i_9_n_0
    SLICE_X79Y192        CARRY8 (Prop_CARRY8_SLICEM_S[2]_O[2])
                                                      0.019     0.937 r  u_baseline/acc_q_reg[0]_i_3/O[2]
                         net (fo=1, routed)           0.007     0.944    u_baseline/acc_q_reg[0]_i_3_n_13
    SLICE_X79Y192        FDRE                                         r  u_baseline/acc_q_reg[2]/D
  -------------------------------------------------------------------    -------------------

                         (clock clk rise edge)        0.000     0.000 r  
    P11                                               0.000     0.000 r  clk (IN)
                         net (fo=0)                   0.000     0.000    clk_IBUF_inst/I
    P11                  INBUF (Prop_INBUF_HPIOB_M_PAD_O)
                                                      0.368     0.368 r  clk_IBUF_inst/INBUF_INST/O
                         net (fo=1, routed)           0.000     0.368    clk_IBUF_inst/OUT
    P11                  IBUFCTRL (Prop_IBUFCTRL_HPIOB_M_I_O)
                                                      0.000     0.368 r  clk_IBUF_inst/IBUFCTRL_INST/O
                         net (fo=1, routed)           0.189     0.557    clk_IBUF
    BUFGCE_X0Y77         BUFGCE (Prop_BUFCE_BUFGCE_I_O)
                                                      0.019     0.576 r  clk_IBUF_BUFG_inst/O
    X3Y3 (CLOCK_ROOT)    net (fo=343, routed)         0.541     1.117    u_baseline/clk_IBUF_BUFG
    SLICE_X79Y192        FDRE                                         r  u_baseline/acc_q_reg[2]/C
                         clock pessimism             -0.288     0.829    
    SLICE_X79Y192        FDRE (Hold_CFF_SLICEM_C_D)
                                                      0.046     0.875    u_baseline/acc_q_reg[2]
  -------------------------------------------------------------------
                         required time                         -0.875    
                         arrival time                           0.944    
  -------------------------------------------------------------------
                         slack                                  0.070    

Slack (MET) :             0.070ns  (arrival time - required time)
  Source:                 u_baseline/compute_cycles_reg[10]/C
                            (rising edge-triggered cell FDRE clocked by clk  {rise@0.000ns fall@2.750ns period=5.500ns})
  Destination:            u_baseline/compute_cycles_reg[10]/D
                            (rising edge-triggered cell FDRE clocked by clk  {rise@0.000ns fall@2.750ns period=5.500ns})
  Path Group:             clk
  Path Type:              Hold (Min at Fast Process Corner)
  Requirement:            0.000ns  (clk rise@0.000ns - clk rise@0.000ns)
  Data Path Delay:        0.122ns  (logic 0.057ns (46.843%)  route 0.065ns (53.157%))
  Logic Levels:           1  (CARRY8=1)
  Clock Path Skew:        0.006ns (DCD - SCD - CPR)
    Destination Clock Delay (DCD):    1.057ns
    Source Clock Delay      (SCD):    0.768ns
    Clock Pessimism Removal (CPR):    0.283ns
  Clock Net Delay (Source):      0.419ns (routing 0.000ns, distribution 0.419ns)
  Clock Net Delay (Destination): 0.480ns (routing 0.001ns, distribution 0.479ns)

    Location             Delay type                Incr(ns)  Path(ns)    Netlist Resource(s)
  -------------------------------------------------------------------    -------------------
                         (clock clk rise edge)        0.000     0.000 r  
    P11                                               0.000     0.000 r  clk (IN)
                         net (fo=0)                   0.000     0.000    clk_IBUF_inst/I
    P11                  INBUF (Prop_INBUF_HPIOB_M_PAD_O)
                                                      0.183     0.183 r  clk_IBUF_inst/INBUF_INST/O
                         net (fo=1, routed)           0.000     0.183    clk_IBUF_inst/OUT
    P11                  IBUFCTRL (Prop_IBUFCTRL_HPIOB_M_I_O)
                                                      0.000     0.183 r  clk_IBUF_inst/IBUFCTRL_INST/O
                         net (fo=1, routed)           0.149     0.332    clk_IBUF
    BUFGCE_X0Y77         BUFGCE (Prop_BUFCE_BUFGCE_I_O)
                                                      0.017     0.349 r  clk_IBUF_BUFG_inst/O
    X3Y3 (CLOCK_ROOT)    net (fo=343, routed)         0.419     0.768    u_baseline/clk_IBUF_BUFG
    SLICE_X96Y206        FDRE                                         r  u_baseline/compute_cycles_reg[10]/C
  -------------------------------------------------------------------    -------------------
    SLICE_X96Y206        FDRE (Prop_CFF_SLICEM_C_Q)
                                                      0.038     0.806 r  u_baseline/compute_cycles_reg[10]/Q
                         net (fo=2, routed)           0.058     0.863    u_baseline/compute_cycles[10]
    SLICE_X96Y206        CARRY8 (Prop_CARRY8_SLICEM_S[2]_O[2])
                                                      0.019     0.882 r  u_baseline/compute_cycles_reg[8]_i_1/O[2]
                         net (fo=1, routed)           0.007     0.889    u_baseline/compute_cycles_reg[8]_i_1_n_13
    SLICE_X96Y206        FDRE                                         r  u_baseline/compute_cycles_reg[10]/D
  -------------------------------------------------------------------    -------------------

                         (clock clk rise edge)        0.000     0.000 r  
    P11                                               0.000     0.000 r  clk (IN)
                         net (fo=0)                   0.000     0.000    clk_IBUF_inst/I
    P11                  INBUF (Prop_INBUF_HPIOB_M_PAD_O)
                                                      0.368     0.368 r  clk_IBUF_inst/INBUF_INST/O
                         net (fo=1, routed)           0.000     0.368    clk_IBUF_inst/OUT
    P11                  IBUFCTRL (Prop_IBUFCTRL_HPIOB_M_I_O)
                                                      0.000     0.368 r  clk_IBUF_inst/IBUFCTRL_INST/O
                         net (fo=1, routed)           0.189     0.557    clk_IBUF
    BUFGCE_X0Y77         BUFGCE (Prop_BUFCE_BUFGCE_I_O)
                                                      0.019     0.576 r  clk_IBUF_BUFG_inst/O
    X3Y3 (CLOCK_ROOT)    net (fo=343, routed)         0.480     1.057    u_baseline/clk_IBUF_BUFG
    SLICE_X96Y206        FDRE                                         r  u_baseline/compute_cycles_reg[10]/C
                         clock pessimism             -0.283     0.774    
    SLICE_X96Y206        FDRE (Hold_CFF_SLICEM_C_D)
                                                      0.046     0.820    u_baseline/compute_cycles_reg[10]
  -------------------------------------------------------------------
                         required time                         -0.820    
                         arrival time                           0.889    
  -------------------------------------------------------------------
                         slack                                  0.070    

Slack (MET) :             0.070ns  (arrival time - required time)
  Source:                 u_baseline/compute_cycles_reg[26]/C
                            (rising edge-triggered cell FDRE clocked by clk  {rise@0.000ns fall@2.750ns period=5.500ns})
  Destination:            u_baseline/compute_cycles_reg[26]/D
                            (rising edge-triggered cell FDRE clocked by clk  {rise@0.000ns fall@2.750ns period=5.500ns})
  Path Group:             clk
  Path Type:              Hold (Min at Fast Process Corner)
  Requirement:            0.000ns  (clk rise@0.000ns - clk rise@0.000ns)
  Data Path Delay:        0.122ns  (logic 0.057ns (46.843%)  route 0.065ns (53.157%))
  Logic Levels:           1  (CARRY8=1)
  Clock Path Skew:        0.006ns (DCD - SCD - CPR)
    Destination Clock Delay (DCD):    1.055ns
    Source Clock Delay      (SCD):    0.766ns
    Clock Pessimism Removal (CPR):    0.283ns
  Clock Net Delay (Source):      0.417ns (routing 0.000ns, distribution 0.417ns)
  Clock Net Delay (Destination): 0.478ns (routing 0.001ns, distribution 0.477ns)

    Location             Delay type                Incr(ns)  Path(ns)    Netlist Resource(s)
  -------------------------------------------------------------------    -------------------
                         (clock clk rise edge)        0.000     0.000 r  
    P11                                               0.000     0.000 r  clk (IN)
                         net (fo=0)                   0.000     0.000    clk_IBUF_inst/I
    P11                  INBUF (Prop_INBUF_HPIOB_M_PAD_O)
                                                      0.183     0.183 r  clk_IBUF_inst/INBUF_INST/O
                         net (fo=1, routed)           0.000     0.183    clk_IBUF_inst/OUT
    P11                  IBUFCTRL (Prop_IBUFCTRL_HPIOB_M_I_O)
                                                      0.000     0.183 r  clk_IBUF_inst/IBUFCTRL_INST/O
                         net (fo=1, routed)           0.149     0.332    clk_IBUF
    BUFGCE_X0Y77         BUFGCE (Prop_BUFCE_BUFGCE_I_O)
                                                      0.017     0.349 r  clk_IBUF_BUFG_inst/O
    X3Y3 (CLOCK_ROOT)    net (fo=343, routed)         0.417     0.766    u_baseline/clk_IBUF_BUFG
    SLICE_X96Y208        FDRE                                         r  u_baseline/compute_cycles_reg[26]/C
  -------------------------------------------------------------------    -------------------
    SLICE_X96Y208        FDRE (Prop_CFF_SLICEM_C_Q)
                                                      0.038     0.804 r  u_baseline/compute_cycles_reg[26]/Q
                         net (fo=2, routed)           0.058     0.861    u_baseline/compute_cycles[26]
    SLICE_X96Y208        CARRY8 (Prop_CARRY8_SLICEM_S[2]_O[2])
                                                      0.019     0.880 r  u_baseline/compute_cycles_reg[24]_i_1/O[2]
                         net (fo=1, routed)           0.007     0.887    u_baseline/compute_cycles_reg[24]_i_1_n_13
    SLICE_X96Y208        FDRE                                         r  u_baseline/compute_cycles_reg[26]/D
  -------------------------------------------------------------------    -------------------

                         (clock clk rise edge)        0.000     0.000 r  
    P11                                               0.000     0.000 r  clk (IN)
                         net (fo=0)                   0.000     0.000    clk_IBUF_inst/I
    P11                  INBUF (Prop_INBUF_HPIOB_M_PAD_O)
                                                      0.368     0.368 r  clk_IBUF_inst/INBUF_INST/O
                         net (fo=1, routed)           0.000     0.368    clk_IBUF_inst/OUT
    P11                  IBUFCTRL (Prop_IBUFCTRL_HPIOB_M_I_O)
                                                      0.000     0.368 r  clk_IBUF_inst/IBUFCTRL_INST/O
                         net (fo=1, routed)           0.189     0.557    clk_IBUF
    BUFGCE_X0Y77         BUFGCE (Prop_BUFCE_BUFGCE_I_O)
                                                      0.019     0.576 r  clk_IBUF_BUFG_inst/O
    X3Y3 (CLOCK_ROOT)    net (fo=343, routed)         0.478     1.055    u_baseline/clk_IBUF_BUFG
    SLICE_X96Y208        FDRE                                         r  u_baseline/compute_cycles_reg[26]/C
                         clock pessimism             -0.283     0.772    
    SLICE_X96Y208        FDRE (Hold_CFF_SLICEM_C_D)
                                                      0.046     0.818    u_baseline/compute_cycles_reg[26]
  -------------------------------------------------------------------
                         required time                         -0.818    
                         arrival time                           0.887    
  -------------------------------------------------------------------
                         slack                                  0.070    

Slack (MET) :             0.070ns  (arrival time - required time)
  Source:                 u_baseline/compute_cycles_reg[2]/C
                            (rising edge-triggered cell FDRE clocked by clk  {rise@0.000ns fall@2.750ns period=5.500ns})
  Destination:            u_baseline/compute_cycles_reg[2]/D
                            (rising edge-triggered cell FDRE clocked by clk  {rise@0.000ns fall@2.750ns period=5.500ns})
  Path Group:             clk
  Path Type:              Hold (Min at Fast Process Corner)
  Requirement:            0.000ns  (clk rise@0.000ns - clk rise@0.000ns)
  Data Path Delay:        0.122ns  (logic 0.057ns (46.843%)  route 0.065ns (53.157%))
  Logic Levels:           1  (CARRY8=1)
  Clock Path Skew:        0.006ns (DCD - SCD - CPR)
    Destination Clock Delay (DCD):    1.057ns
    Source Clock Delay      (SCD):    0.769ns
    Clock Pessimism Removal (CPR):    0.282ns
  Clock Net Delay (Source):      0.420ns (routing 0.000ns, distribution 0.420ns)
  Clock Net Delay (Destination): 0.480ns (routing 0.001ns, distribution 0.479ns)

    Location             Delay type                Incr(ns)  Path(ns)    Netlist Resource(s)
  -------------------------------------------------------------------    -------------------
                         (clock clk rise edge)        0.000     0.000 r  
    P11                                               0.000     0.000 r  clk (IN)
                         net (fo=0)                   0.000     0.000    clk_IBUF_inst/I
    P11                  INBUF (Prop_INBUF_HPIOB_M_PAD_O)
                                                      0.183     0.183 r  clk_IBUF_inst/INBUF_INST/O
                         net (fo=1, routed)           0.000     0.183    clk_IBUF_inst/OUT
    P11                  IBUFCTRL (Prop_IBUFCTRL_HPIOB_M_I_O)
                                                      0.000     0.183 r  clk_IBUF_inst/IBUFCTRL_INST/O
                         net (fo=1, routed)           0.149     0.332    clk_IBUF
    BUFGCE_X0Y77         BUFGCE (Prop_BUFCE_BUFGCE_I_O)
                                                      0.017     0.349 r  clk_IBUF_BUFG_inst/O
    X3Y3 (CLOCK_ROOT)    net (fo=343, routed)         0.420     0.769    u_baseline/clk_IBUF_BUFG
    SLICE_X96Y205        FDRE                                         r  u_baseline/compute_cycles_reg[2]/C
  -------------------------------------------------------------------    -------------------
    SLICE_X96Y205        FDRE (Prop_CFF_SLICEM_C_Q)
                                                      0.038     0.807 r  u_baseline/compute_cycles_reg[2]/Q
                         net (fo=2, routed)           0.058     0.864    u_baseline/compute_cycles[2]
    SLICE_X96Y205        CARRY8 (Prop_CARRY8_SLICEM_S[2]_O[2])
                                                      0.019     0.883 r  u_baseline/compute_cycles_reg[0]_i_1/O[2]
                         net (fo=1, routed)           0.007     0.890    u_baseline/compute_cycles_reg[0]_i_1_n_13
    SLICE_X96Y205        FDRE                                         r  u_baseline/compute_cycles_reg[2]/D
  -------------------------------------------------------------------    -------------------

                         (clock clk rise edge)        0.000     0.000 r  
    P11                                               0.000     0.000 r  clk (IN)
                         net (fo=0)                   0.000     0.000    clk_IBUF_inst/I
    P11                  INBUF (Prop_INBUF_HPIOB_M_PAD_O)
                                                      0.368     0.368 r  clk_IBUF_inst/INBUF_INST/O
                         net (fo=1, routed)           0.000     0.368    clk_IBUF_inst/OUT
    P11                  IBUFCTRL (Prop_IBUFCTRL_HPIOB_M_I_O)
                                                      0.000     0.368 r  clk_IBUF_inst/IBUFCTRL_INST/O
                         net (fo=1, routed)           0.189     0.557    clk_IBUF
    BUFGCE_X0Y77         BUFGCE (Prop_BUFCE_BUFGCE_I_O)
                                                      0.019     0.576 r  clk_IBUF_BUFG_inst/O
    X3Y3 (CLOCK_ROOT)    net (fo=343, routed)         0.480     1.057    u_baseline/clk_IBUF_BUFG
    SLICE_X96Y205        FDRE                                         r  u_baseline/compute_cycles_reg[2]/C
                         clock pessimism             -0.282     0.775    
    SLICE_X96Y205        FDRE (Hold_CFF_SLICEM_C_D)
                                                      0.046     0.821    u_baseline/compute_cycles_reg[2]
  -------------------------------------------------------------------
                         required time                         -0.821    
                         arrival time                           0.890    
  -------------------------------------------------------------------
                         slack                                  0.070    

Slack (MET) :             0.071ns  (arrival time - required time)
  Source:                 u_baseline/compute_cycles_reg[23]/C
                            (rising edge-triggered cell FDRE clocked by clk  {rise@0.000ns fall@2.750ns period=5.500ns})
  Destination:            u_baseline/compute_cycles_reg[23]/D
                            (rising edge-triggered cell FDRE clocked by clk  {rise@0.000ns fall@2.750ns period=5.500ns})
  Path Group:             clk
  Path Type:              Hold (Min at Fast Process Corner)
  Requirement:            0.000ns  (clk rise@0.000ns - clk rise@0.000ns)
  Data Path Delay:        0.123ns  (logic 0.057ns (46.461%)  route 0.066ns (53.539%))
  Logic Levels:           1  (CARRY8=1)
  Clock Path Skew:        0.006ns (DCD - SCD - CPR)
    Destination Clock Delay (DCD):    1.055ns
    Source Clock Delay      (SCD):    0.766ns
    Clock Pessimism Removal (CPR):    0.283ns
  Clock Net Delay (Source):      0.417ns (routing 0.000ns, distribution 0.417ns)
  Clock Net Delay (Destination): 0.478ns (routing 0.001ns, distribution 0.477ns)

    Location             Delay type                Incr(ns)  Path(ns)    Netlist Resource(s)
  -------------------------------------------------------------------    -------------------
                         (clock clk rise edge)        0.000     0.000 r  
    P11                                               0.000     0.000 r  clk (IN)
                         net (fo=0)                   0.000     0.000    clk_IBUF_inst/I
    P11                  INBUF (Prop_INBUF_HPIOB_M_PAD_O)
                                                      0.183     0.183 r  clk_IBUF_inst/INBUF_INST/O
                         net (fo=1, routed)           0.000     0.183    clk_IBUF_inst/OUT
    P11                  IBUFCTRL (Prop_IBUFCTRL_HPIOB_M_I_O)
                                                      0.000     0.183 r  clk_IBUF_inst/IBUFCTRL_INST/O
                         net (fo=1, routed)           0.149     0.332    clk_IBUF
    BUFGCE_X0Y77         BUFGCE (Prop_BUFCE_BUFGCE_I_O)
                                                      0.017     0.349 r  clk_IBUF_BUFG_inst/O
    X3Y3 (CLOCK_ROOT)    net (fo=343, routed)         0.417     0.766    u_baseline/clk_IBUF_BUFG
    SLICE_X96Y207        FDRE                                         r  u_baseline/compute_cycles_reg[23]/C
  -------------------------------------------------------------------    -------------------
    SLICE_X96Y207        FDRE (Prop_HFF_SLICEM_C_Q)
                                                      0.039     0.805 r  u_baseline/compute_cycles_reg[23]/Q
                         net (fo=2, routed)           0.059     0.863    u_baseline/compute_cycles[23]
    SLICE_X96Y207        CARRY8 (Prop_CARRY8_SLICEM_S[7]_O[7])
                                                      0.018     0.881 r  u_baseline/compute_cycles_reg[16]_i_1/O[7]
                         net (fo=1, routed)           0.007     0.888    u_baseline/compute_cycles_reg[16]_i_1_n_8
    SLICE_X96Y207        FDRE                                         r  u_baseline/compute_cycles_reg[23]/D
  -------------------------------------------------------------------    -------------------

                         (clock clk rise edge)        0.000     0.000 r  
    P11                                               0.000     0.000 r  clk (IN)
                         net (fo=0)                   0.000     0.000    clk_IBUF_inst/I
    P11                  INBUF (Prop_INBUF_HPIOB_M_PAD_O)
                                                      0.368     0.368 r  clk_IBUF_inst/INBUF_INST/O
                         net (fo=1, routed)           0.000     0.368    clk_IBUF_inst/OUT
    P11                  IBUFCTRL (Prop_IBUFCTRL_HPIOB_M_I_O)
                                                      0.000     0.368 r  clk_IBUF_inst/IBUFCTRL_INST/O
                         net (fo=1, routed)           0.189     0.557    clk_IBUF
    BUFGCE_X0Y77         BUFGCE (Prop_BUFCE_BUFGCE_I_O)
                                                      0.019     0.576 r  clk_IBUF_BUFG_inst/O
    X3Y3 (CLOCK_ROOT)    net (fo=343, routed)         0.478     1.055    u_baseline/clk_IBUF_BUFG
    SLICE_X96Y207        FDRE                                         r  u_baseline/compute_cycles_reg[23]/C
                         clock pessimism             -0.283     0.772    
    SLICE_X96Y207        FDRE (Hold_HFF_SLICEM_C_D)
                                                      0.046     0.818    u_baseline/compute_cycles_reg[23]
  -------------------------------------------------------------------
                         required time                         -0.818    
                         arrival time                           0.888    
  -------------------------------------------------------------------
                         slack                                  0.071    

Slack (MET) :             0.071ns  (arrival time - required time)
  Source:                 u_baseline/acc_q_reg[15]/C
                            (rising edge-triggered cell FDRE clocked by clk  {rise@0.000ns fall@2.750ns period=5.500ns})
  Destination:            u_baseline/acc_q_reg[15]/D
                            (rising edge-triggered cell FDRE clocked by clk  {rise@0.000ns fall@2.750ns period=5.500ns})
  Path Group:             clk
  Path Type:              Hold (Min at Fast Process Corner)
  Requirement:            0.000ns  (clk rise@0.000ns - clk rise@0.000ns)
  Data Path Delay:        0.123ns  (logic 0.072ns (58.688%)  route 0.051ns (41.312%))
  Logic Levels:           2  (CARRY8=1 LUT2=1)
  Clock Path Skew:        0.006ns (DCD - SCD - CPR)
    Destination Clock Delay (DCD):    1.115ns
    Source Clock Delay      (SCD):    0.822ns
    Clock Pessimism Removal (CPR):    0.287ns
  Clock Net Delay (Source):      0.473ns (routing 0.000ns, distribution 0.473ns)
  Clock Net Delay (Destination): 0.539ns (routing 0.001ns, distribution 0.538ns)

    Location             Delay type                Incr(ns)  Path(ns)    Netlist Resource(s)
  -------------------------------------------------------------------    -------------------
                         (clock clk rise edge)        0.000     0.000 r  
    P11                                               0.000     0.000 r  clk (IN)
                         net (fo=0)                   0.000     0.000    clk_IBUF_inst/I
    P11                  INBUF (Prop_INBUF_HPIOB_M_PAD_O)
                                                      0.183     0.183 r  clk_IBUF_inst/INBUF_INST/O
                         net (fo=1, routed)           0.000     0.183    clk_IBUF_inst/OUT
    P11                  IBUFCTRL (Prop_IBUFCTRL_HPIOB_M_I_O)
                                                      0.000     0.183 r  clk_IBUF_inst/IBUFCTRL_INST/O
                         net (fo=1, routed)           0.149     0.332    clk_IBUF
    BUFGCE_X0Y77         BUFGCE (Prop_BUFCE_BUFGCE_I_O)
                                                      0.017     0.349 r  clk_IBUF_BUFG_inst/O
    X3Y3 (CLOCK_ROOT)    net (fo=343, routed)         0.473     0.822    u_baseline/clk_IBUF_BUFG
    SLICE_X79Y193        FDRE                                         r  u_baseline/acc_q_reg[15]/C
  -------------------------------------------------------------------    -------------------
    SLICE_X79Y193        FDRE (Prop_HFF_SLICEM_C_Q)
                                                      0.039     0.861 r  u_baseline/acc_q_reg[15]/Q
                         net (fo=2, routed)           0.032     0.892    u_baseline/acc_q_reg[15]
    SLICE_X79Y193        LUT2 (Prop_H6LUT_SLICEM_I1_O)
                                                      0.015     0.907 r  u_baseline/acc_q[8]_i_2/O
                         net (fo=1, routed)           0.012     0.919    u_baseline/acc_q[8]_i_2_n_0
    SLICE_X79Y193        CARRY8 (Prop_CARRY8_SLICEM_S[7]_O[7])
                                                      0.018     0.937 r  u_baseline/acc_q_reg[8]_i_1/O[7]
                         net (fo=1, routed)           0.007     0.944    u_baseline/acc_q_reg[8]_i_1_n_8
    SLICE_X79Y193        FDRE                                         r  u_baseline/acc_q_reg[15]/D
  -------------------------------------------------------------------    -------------------

                         (clock clk rise edge)        0.000     0.000 r  
    P11                                               0.000     0.000 r  clk (IN)
                         net (fo=0)                   0.000     0.000    clk_IBUF_inst/I
    P11                  INBUF (Prop_INBUF_HPIOB_M_PAD_O)
                                                      0.368     0.368 r  clk_IBUF_inst/INBUF_INST/O
                         net (fo=1, routed)           0.000     0.368    clk_IBUF_inst/OUT
    P11                  IBUFCTRL (Prop_IBUFCTRL_HPIOB_M_I_O)
                                                      0.000     0.368 r  clk_IBUF_inst/IBUFCTRL_INST/O
                         net (fo=1, routed)           0.189     0.557    clk_IBUF
    BUFGCE_X0Y77         BUFGCE (Prop_BUFCE_BUFGCE_I_O)
                                                      0.019     0.576 r  clk_IBUF_BUFG_inst/O
    X3Y3 (CLOCK_ROOT)    net (fo=343, routed)         0.539     1.115    u_baseline/clk_IBUF_BUFG
    SLICE_X79Y193        FDRE                                         r  u_baseline/acc_q_reg[15]/C
                         clock pessimism             -0.287     0.828    
    SLICE_X79Y193        FDRE (Hold_HFF_SLICEM_C_D)
                                                      0.046     0.874    u_baseline/acc_q_reg[15]
  -------------------------------------------------------------------
                         required time                         -0.874    
                         arrival time                           0.944    
  -------------------------------------------------------------------
                         slack                                  0.071    

Slack (MET) :             0.071ns  (arrival time - required time)
  Source:                 u_baseline/acc_q_reg[23]/C
                            (rising edge-triggered cell FDRE clocked by clk  {rise@0.000ns fall@2.750ns period=5.500ns})
  Destination:            u_baseline/acc_q_reg[23]/D
                            (rising edge-triggered cell FDRE clocked by clk  {rise@0.000ns fall@2.750ns period=5.500ns})
  Path Group:             clk
  Path Type:              Hold (Min at Fast Process Corner)
  Requirement:            0.000ns  (clk rise@0.000ns - clk rise@0.000ns)
  Data Path Delay:        0.123ns  (logic 0.072ns (58.688%)  route 0.051ns (41.312%))
  Logic Levels:           2  (CARRY8=1 LUT2=1)
  Clock Path Skew:        0.006ns (DCD - SCD - CPR)
    Destination Clock Delay (DCD):    1.115ns
    Source Clock Delay      (SCD):    0.822ns
    Clock Pessimism Removal (CPR):    0.287ns
  Clock Net Delay (Source):      0.473ns (routing 0.000ns, distribution 0.473ns)
  Clock Net Delay (Destination): 0.539ns (routing 0.001ns, distribution 0.538ns)

    Location             Delay type                Incr(ns)  Path(ns)    Netlist Resource(s)
  -------------------------------------------------------------------    -------------------
                         (clock clk rise edge)        0.000     0.000 r  
    P11                                               0.000     0.000 r  clk (IN)
                         net (fo=0)                   0.000     0.000    clk_IBUF_inst/I
    P11                  INBUF (Prop_INBUF_HPIOB_M_PAD_O)
                                                      0.183     0.183 r  clk_IBUF_inst/INBUF_INST/O
                         net (fo=1, routed)           0.000     0.183    clk_IBUF_inst/OUT
    P11                  IBUFCTRL (Prop_IBUFCTRL_HPIOB_M_I_O)
                                                      0.000     0.183 r  clk_IBUF_inst/IBUFCTRL_INST/O
                         net (fo=1, routed)           0.149     0.332    clk_IBUF
    BUFGCE_X0Y77         BUFGCE (Prop_BUFCE_BUFGCE_I_O)
                                                      0.017     0.349 r  clk_IBUF_BUFG_inst/O
    X3Y3 (CLOCK_ROOT)    net (fo=343, routed)         0.473     0.822    u_baseline/clk_IBUF_BUFG
    SLICE_X79Y194        FDRE                                         r  u_baseline/acc_q_reg[23]/C
  -------------------------------------------------------------------    -------------------
    SLICE_X79Y194        FDRE (Prop_HFF_SLICEM_C_Q)
                                                      0.039     0.861 r  u_baseline/acc_q_reg[23]/Q
                         net (fo=2, routed)           0.032     0.892    u_baseline/acc_q_reg[23]
    SLICE_X79Y194        LUT2 (Prop_H6LUT_SLICEM_I1_O)
                                                      0.015     0.907 r  u_baseline/acc_q[16]_i_2/O
                         net (fo=1, routed)           0.012     0.919    u_baseline/acc_q[16]_i_2_n_0
    SLICE_X79Y194        CARRY8 (Prop_CARRY8_SLICEM_S[7]_O[7])
                                                      0.018     0.937 r  u_baseline/acc_q_reg[16]_i_1/O[7]
                         net (fo=1, routed)           0.007     0.944    u_baseline/acc_q_reg[16]_i_1_n_8
    SLICE_X79Y194        FDRE                                         r  u_baseline/acc_q_reg[23]/D
  -------------------------------------------------------------------    -------------------

                         (clock clk rise edge)        0.000     0.000 r  
    P11                                               0.000     0.000 r  clk (IN)
                         net (fo=0)                   0.000     0.000    clk_IBUF_inst/I
    P11                  INBUF (Prop_INBUF_HPIOB_M_PAD_O)
                                                      0.368     0.368 r  clk_IBUF_inst/INBUF_INST/O
                         net (fo=1, routed)           0.000     0.368    clk_IBUF_inst/OUT
    P11                  IBUFCTRL (Prop_IBUFCTRL_HPIOB_M_I_O)
                                                      0.000     0.368 r  clk_IBUF_inst/IBUFCTRL_INST/O
                         net (fo=1, routed)           0.189     0.557    clk_IBUF
    BUFGCE_X0Y77         BUFGCE (Prop_BUFCE_BUFGCE_I_O)
                                                      0.019     0.576 r  clk_IBUF_BUFG_inst/O
    X3Y3 (CLOCK_ROOT)    net (fo=343, routed)         0.539     1.115    u_baseline/clk_IBUF_BUFG
    SLICE_X79Y194        FDRE                                         r  u_baseline/acc_q_reg[23]/C
                         clock pessimism             -0.287     0.828    
    SLICE_X79Y194        FDRE (Hold_HFF_SLICEM_C_D)
                                                      0.046     0.874    u_baseline/acc_q_reg[23]
  -------------------------------------------------------------------
                         required time                         -0.874    
                         arrival time                           0.944    
  -------------------------------------------------------------------
                         slack                                  0.071    

Slack (MET) :             0.071ns  (arrival time - required time)
  Source:                 u_baseline/compute_cycles_reg[15]/C
                            (rising edge-triggered cell FDRE clocked by clk  {rise@0.000ns fall@2.750ns period=5.500ns})
  Destination:            u_baseline/compute_cycles_reg[15]/D
                            (rising edge-triggered cell FDRE clocked by clk  {rise@0.000ns fall@2.750ns period=5.500ns})
  Path Group:             clk
  Path Type:              Hold (Min at Fast Process Corner)
  Requirement:            0.000ns  (clk rise@0.000ns - clk rise@0.000ns)
  Data Path Delay:        0.123ns  (logic 0.057ns (46.461%)  route 0.066ns (53.539%))
  Logic Levels:           1  (CARRY8=1)
  Clock Path Skew:        0.006ns (DCD - SCD - CPR)
    Destination Clock Delay (DCD):    1.056ns
    Source Clock Delay      (SCD):    0.767ns
    Clock Pessimism Removal (CPR):    0.283ns
  Clock Net Delay (Source):      0.418ns (routing 0.000ns, distribution 0.418ns)
  Clock Net Delay (Destination): 0.479ns (routing 0.001ns, distribution 0.478ns)

    Location             Delay type                Incr(ns)  Path(ns)    Netlist Resource(s)
  -------------------------------------------------------------------    -------------------
                         (clock clk rise edge)        0.000     0.000 r  
    P11                                               0.000     0.000 r  clk (IN)
                         net (fo=0)                   0.000     0.000    clk_IBUF_inst/I
    P11                  INBUF (Prop_INBUF_HPIOB_M_PAD_O)
                                                      0.183     0.183 r  clk_IBUF_inst/INBUF_INST/O
                         net (fo=1, routed)           0.000     0.183    clk_IBUF_inst/OUT
    P11                  IBUFCTRL (Prop_IBUFCTRL_HPIOB_M_I_O)
                                                      0.000     0.183 r  clk_IBUF_inst/IBUFCTRL_INST/O
                         net (fo=1, routed)           0.149     0.332    clk_IBUF
    BUFGCE_X0Y77         BUFGCE (Prop_BUFCE_BUFGCE_I_O)
                                                      0.017     0.349 r  clk_IBUF_BUFG_inst/O
    X3Y3 (CLOCK_ROOT)    net (fo=343, routed)         0.418     0.767    u_baseline/clk_IBUF_BUFG
    SLICE_X96Y206        FDRE                                         r  u_baseline/compute_cycles_reg[15]/C
  -------------------------------------------------------------------    -------------------
    SLICE_X96Y206        FDRE (Prop_HFF_SLICEM_C_Q)
                                                      0.039     0.806 r  u_baseline/compute_cycles_reg[15]/Q
                         net (fo=2, routed)           0.059     0.864    u_baseline/compute_cycles[15]
    SLICE_X96Y206        CARRY8 (Prop_CARRY8_SLICEM_S[7]_O[7])
                                                      0.018     0.882 r  u_baseline/compute_cycles_reg[8]_i_1/O[7]
                         net (fo=1, routed)           0.007     0.889    u_baseline/compute_cycles_reg[8]_i_1_n_8
    SLICE_X96Y206        FDRE                                         r  u_baseline/compute_cycles_reg[15]/D
  -------------------------------------------------------------------    -------------------

                         (clock clk rise edge)        0.000     0.000 r  
    P11                                               0.000     0.000 r  clk (IN)
                         net (fo=0)                   0.000     0.000    clk_IBUF_inst/I
    P11                  INBUF (Prop_INBUF_HPIOB_M_PAD_O)
                                                      0.368     0.368 r  clk_IBUF_inst/INBUF_INST/O
                         net (fo=1, routed)           0.000     0.368    clk_IBUF_inst/OUT
    P11                  IBUFCTRL (Prop_IBUFCTRL_HPIOB_M_I_O)
                                                      0.000     0.368 r  clk_IBUF_inst/IBUFCTRL_INST/O
                         net (fo=1, routed)           0.189     0.557    clk_IBUF
    BUFGCE_X0Y77         BUFGCE (Prop_BUFCE_BUFGCE_I_O)
                                                      0.019     0.576 r  clk_IBUF_BUFG_inst/O
    X3Y3 (CLOCK_ROOT)    net (fo=343, routed)         0.479     1.056    u_baseline/clk_IBUF_BUFG
    SLICE_X96Y206        FDRE                                         r  u_baseline/compute_cycles_reg[15]/C
                         clock pessimism             -0.283     0.773    
    SLICE_X96Y206        FDRE (Hold_HFF_SLICEM_C_D)
                                                      0.046     0.819    u_baseline/compute_cycles_reg[15]
  -------------------------------------------------------------------
                         required time                         -0.819    
                         arrival time                           0.889    
  -------------------------------------------------------------------
                         slack                                  0.071    

Slack (MET) :             0.071ns  (arrival time - required time)
  Source:                 u_baseline/compute_cycles_reg[7]/C
                            (rising edge-triggered cell FDRE clocked by clk  {rise@0.000ns fall@2.750ns period=5.500ns})
  Destination:            u_baseline/compute_cycles_reg[7]/D
                            (rising edge-triggered cell FDRE clocked by clk  {rise@0.000ns fall@2.750ns period=5.500ns})
  Path Group:             clk
  Path Type:              Hold (Min at Fast Process Corner)
  Requirement:            0.000ns  (clk rise@0.000ns - clk rise@0.000ns)
  Data Path Delay:        0.123ns  (logic 0.057ns (46.461%)  route 0.066ns (53.539%))
  Logic Levels:           1  (CARRY8=1)
  Clock Path Skew:        0.006ns (DCD - SCD - CPR)
    Destination Clock Delay (DCD):    1.056ns
    Source Clock Delay      (SCD):    0.768ns
    Clock Pessimism Removal (CPR):    0.282ns
  Clock Net Delay (Source):      0.419ns (routing 0.000ns, distribution 0.419ns)
  Clock Net Delay (Destination): 0.479ns (routing 0.001ns, distribution 0.478ns)

    Location             Delay type                Incr(ns)  Path(ns)    Netlist Resource(s)
  -------------------------------------------------------------------    -------------------
                         (clock clk rise edge)        0.000     0.000 r  
    P11                                               0.000     0.000 r  clk (IN)
                         net (fo=0)                   0.000     0.000    clk_IBUF_inst/I
    P11                  INBUF (Prop_INBUF_HPIOB_M_PAD_O)
                                                      0.183     0.183 r  clk_IBUF_inst/INBUF_INST/O
                         net (fo=1, routed)           0.000     0.183    clk_IBUF_inst/OUT
    P11                  IBUFCTRL (Prop_IBUFCTRL_HPIOB_M_I_O)
                                                      0.000     0.183 r  clk_IBUF_inst/IBUFCTRL_INST/O
                         net (fo=1, routed)           0.149     0.332    clk_IBUF
    BUFGCE_X0Y77         BUFGCE (Prop_BUFCE_BUFGCE_I_O)
                                                      0.017     0.349 r  clk_IBUF_BUFG_inst/O
    X3Y3 (CLOCK_ROOT)    net (fo=343, routed)         0.419     0.768    u_baseline/clk_IBUF_BUFG
    SLICE_X96Y205        FDRE                                         r  u_baseline/compute_cycles_reg[7]/C
  -------------------------------------------------------------------    -------------------
    SLICE_X96Y205        FDRE (Prop_HFF_SLICEM_C_Q)
                                                      0.039     0.807 r  u_baseline/compute_cycles_reg[7]/Q
                         net (fo=2, routed)           0.059     0.865    u_baseline/compute_cycles[7]
    SLICE_X96Y205        CARRY8 (Prop_CARRY8_SLICEM_S[7]_O[7])
                                                      0.018     0.883 r  u_baseline/compute_cycles_reg[0]_i_1/O[7]
                         net (fo=1, routed)           0.007     0.890    u_baseline/compute_cycles_reg[0]_i_1_n_8
    SLICE_X96Y205        FDRE                                         r  u_baseline/compute_cycles_reg[7]/D
  -------------------------------------------------------------------    -------------------

                         (clock clk rise edge)        0.000     0.000 r  
    P11                                               0.000     0.000 r  clk (IN)
                         net (fo=0)                   0.000     0.000    clk_IBUF_inst/I
    P11                  INBUF (Prop_INBUF_HPIOB_M_PAD_O)
                                                      0.368     0.368 r  clk_IBUF_inst/INBUF_INST/O
                         net (fo=1, routed)           0.000     0.368    clk_IBUF_inst/OUT
    P11                  IBUFCTRL (Prop_IBUFCTRL_HPIOB_M_I_O)
                                                      0.000     0.368 r  clk_IBUF_inst/IBUFCTRL_INST/O
                         net (fo=1, routed)           0.189     0.557    clk_IBUF
    BUFGCE_X0Y77         BUFGCE (Prop_BUFCE_BUFGCE_I_O)
                                                      0.019     0.576 r  clk_IBUF_BUFG_inst/O
    X3Y3 (CLOCK_ROOT)    net (fo=343, routed)         0.479     1.056    u_baseline/clk_IBUF_BUFG
    SLICE_X96Y205        FDRE                                         r  u_baseline/compute_cycles_reg[7]/C
                         clock pessimism             -0.282     0.774    
    SLICE_X96Y205        FDRE (Hold_HFF_SLICEM_C_D)
                                                      0.046     0.820    u_baseline/compute_cycles_reg[7]
  -------------------------------------------------------------------
                         required time                         -0.820    
                         arrival time                           0.890    
  -------------------------------------------------------------------
                         slack                                  0.071    

Slack (MET) :             0.071ns  (arrival time - required time)
  Source:                 u_baseline/compute_cycles_reg[31]/C
                            (rising edge-triggered cell FDRE clocked by clk  {rise@0.000ns fall@2.750ns period=5.500ns})
  Destination:            u_baseline/compute_cycles_reg[31]/D
                            (rising edge-triggered cell FDRE clocked by clk  {rise@0.000ns fall@2.750ns period=5.500ns})
  Path Group:             clk
  Path Type:              Hold (Min at Fast Process Corner)
  Requirement:            0.000ns  (clk rise@0.000ns - clk rise@0.000ns)
  Data Path Delay:        0.123ns  (logic 0.057ns (46.461%)  route 0.066ns (53.539%))
  Logic Levels:           1  (CARRY8=1)
  Clock Path Skew:        0.006ns (DCD - SCD - CPR)
    Destination Clock Delay (DCD):    1.054ns
    Source Clock Delay      (SCD):    0.765ns
    Clock Pessimism Removal (CPR):    0.283ns
  Clock Net Delay (Source):      0.416ns (routing 0.000ns, distribution 0.416ns)
  Clock Net Delay (Destination): 0.477ns (routing 0.001ns, distribution 0.476ns)

    Location             Delay type                Incr(ns)  Path(ns)    Netlist Resource(s)
  -------------------------------------------------------------------    -------------------
                         (clock clk rise edge)        0.000     0.000 r  
    P11                                               0.000     0.000 r  clk (IN)
                         net (fo=0)                   0.000     0.000    clk_IBUF_inst/I
    P11                  INBUF (Prop_INBUF_HPIOB_M_PAD_O)
                                                      0.183     0.183 r  clk_IBUF_inst/INBUF_INST/O
                         net (fo=1, routed)           0.000     0.183    clk_IBUF_inst/OUT
    P11                  IBUFCTRL (Prop_IBUFCTRL_HPIOB_M_I_O)
                                                      0.000     0.183 r  clk_IBUF_inst/IBUFCTRL_INST/O
                         net (fo=1, routed)           0.149     0.332    clk_IBUF
    BUFGCE_X0Y77         BUFGCE (Prop_BUFCE_BUFGCE_I_O)
                                                      0.017     0.349 r  clk_IBUF_BUFG_inst/O
    X3Y3 (CLOCK_ROOT)    net (fo=343, routed)         0.416     0.765    u_baseline/clk_IBUF_BUFG
    SLICE_X96Y208        FDRE                                         r  u_baseline/compute_cycles_reg[31]/C
  -------------------------------------------------------------------    -------------------
    SLICE_X96Y208        FDRE (Prop_HFF_SLICEM_C_Q)
                                                      0.039     0.804 r  u_baseline/compute_cycles_reg[31]/Q
                         net (fo=2, routed)           0.059     0.862    u_baseline/compute_cycles[31]
    SLICE_X96Y208        CARRY8 (Prop_CARRY8_SLICEM_S[7]_O[7])
                                                      0.018     0.880 r  u_baseline/compute_cycles_reg[24]_i_1/O[7]
                         net (fo=1, routed)           0.007     0.887    u_baseline/compute_cycles_reg[24]_i_1_n_8
    SLICE_X96Y208        FDRE                                         r  u_baseline/compute_cycles_reg[31]/D
  -------------------------------------------------------------------    -------------------

                         (clock clk rise edge)        0.000     0.000 r  
    P11                                               0.000     0.000 r  clk (IN)
                         net (fo=0)                   0.000     0.000    clk_IBUF_inst/I
    P11                  INBUF (Prop_INBUF_HPIOB_M_PAD_O)
                                                      0.368     0.368 r  clk_IBUF_inst/INBUF_INST/O
                         net (fo=1, routed)           0.000     0.368    clk_IBUF_inst/OUT
    P11                  IBUFCTRL (Prop_IBUFCTRL_HPIOB_M_I_O)
                                                      0.000     0.368 r  clk_IBUF_inst/IBUFCTRL_INST/O
                         net (fo=1, routed)           0.189     0.557    clk_IBUF
    BUFGCE_X0Y77         BUFGCE (Prop_BUFCE_BUFGCE_I_O)
                                                      0.019     0.576 r  clk_IBUF_BUFG_inst/O
    X3Y3 (CLOCK_ROOT)    net (fo=343, routed)         0.477     1.054    u_baseline/clk_IBUF_BUFG
    SLICE_X96Y208        FDRE                                         r  u_baseline/compute_cycles_reg[31]/C
                         clock pessimism             -0.283     0.771    
    SLICE_X96Y208        FDRE (Hold_HFF_SLICEM_C_D)
                                                      0.046     0.817    u_baseline/compute_cycles_reg[31]
  -------------------------------------------------------------------
                         required time                         -0.817    
                         arrival time                           0.887    
  -------------------------------------------------------------------
                         slack                                  0.071    

Slack (MET) :             0.073ns  (arrival time - required time)
  Source:                 u_baseline/acc_q_reg[27]/C
                            (rising edge-triggered cell FDRE clocked by clk  {rise@0.000ns fall@2.750ns period=5.500ns})
  Destination:            u_baseline/acc_q_reg[27]/D
                            (rising edge-triggered cell FDRE clocked by clk  {rise@0.000ns fall@2.750ns period=5.500ns})
  Path Group:             clk
  Path Type:              Hold (Min at Fast Process Corner)
  Requirement:            0.000ns  (clk rise@0.000ns - clk rise@0.000ns)
  Data Path Delay:        0.125ns  (logic 0.073ns (58.549%)  route 0.052ns (41.452%))
  Logic Levels:           2  (CARRY8=1 LUT2=1)
  Clock Path Skew:        0.006ns (DCD - SCD - CPR)
    Destination Clock Delay (DCD):    1.108ns
    Source Clock Delay      (SCD):    0.815ns
    Clock Pessimism Removal (CPR):    0.287ns
  Clock Net Delay (Source):      0.466ns (routing 0.000ns, distribution 0.466ns)
  Clock Net Delay (Destination): 0.531ns (routing 0.001ns, distribution 0.530ns)

    Location             Delay type                Incr(ns)  Path(ns)    Netlist Resource(s)
  -------------------------------------------------------------------    -------------------
                         (clock clk rise edge)        0.000     0.000 r  
    P11                                               0.000     0.000 r  clk (IN)
                         net (fo=0)                   0.000     0.000    clk_IBUF_inst/I
    P11                  INBUF (Prop_INBUF_HPIOB_M_PAD_O)
                                                      0.183     0.183 r  clk_IBUF_inst/INBUF_INST/O
                         net (fo=1, routed)           0.000     0.183    clk_IBUF_inst/OUT
    P11                  IBUFCTRL (Prop_IBUFCTRL_HPIOB_M_I_O)
                                                      0.000     0.183 r  clk_IBUF_inst/IBUFCTRL_INST/O
                         net (fo=1, routed)           0.149     0.332    clk_IBUF
    BUFGCE_X0Y77         BUFGCE (Prop_BUFCE_BUFGCE_I_O)
                                                      0.017     0.349 r  clk_IBUF_BUFG_inst/O
    X3Y3 (CLOCK_ROOT)    net (fo=343, routed)         0.466     0.815    u_baseline/clk_IBUF_BUFG
    SLICE_X79Y195        FDRE                                         r  u_baseline/acc_q_reg[27]/C
  -------------------------------------------------------------------    -------------------
    SLICE_X79Y195        FDRE (Prop_DFF_SLICEM_C_Q)
                                                      0.039     0.854 r  u_baseline/acc_q_reg[27]/Q
                         net (fo=2, routed)           0.029     0.882    u_baseline/acc_q_reg[27]
    SLICE_X79Y195        LUT2 (Prop_D6LUT_SLICEM_I1_O)
                                                      0.014     0.896 r  u_baseline/acc_q[24]_i_6/O
                         net (fo=1, routed)           0.016     0.912    u_baseline/acc_q[24]_i_6_n_0
    SLICE_X79Y195        CARRY8 (Prop_CARRY8_SLICEM_S[3]_O[3])
                                                      0.020     0.932 r  u_baseline/acc_q_reg[24]_i_1/O[3]
                         net (fo=1, routed)           0.007     0.939    u_baseline/acc_q_reg[24]_i_1_n_12
    SLICE_X79Y195        FDRE                                         r  u_baseline/acc_q_reg[27]/D
  -------------------------------------------------------------------    -------------------

                         (clock clk rise edge)        0.000     0.000 r  
    P11                                               0.000     0.000 r  clk (IN)
                         net (fo=0)                   0.000     0.000    clk_IBUF_inst/I
    P11                  INBUF (Prop_INBUF_HPIOB_M_PAD_O)
                                                      0.368     0.368 r  clk_IBUF_inst/INBUF_INST/O
                         net (fo=1, routed)           0.000     0.368    clk_IBUF_inst/OUT
    P11                  IBUFCTRL (Prop_IBUFCTRL_HPIOB_M_I_O)
                                                      0.000     0.368 r  clk_IBUF_inst/IBUFCTRL_INST/O
                         net (fo=1, routed)           0.189     0.557    clk_IBUF
    BUFGCE_X0Y77         BUFGCE (Prop_BUFCE_BUFGCE_I_O)
                                                      0.019     0.576 r  clk_IBUF_BUFG_inst/O
    X3Y3 (CLOCK_ROOT)    net (fo=343, routed)         0.531     1.108    u_baseline/clk_IBUF_BUFG
    SLICE_X79Y195        FDRE                                         r  u_baseline/acc_q_reg[27]/C
                         clock pessimism             -0.287     0.821    
    SLICE_X79Y195        FDRE (Hold_DFF_SLICEM_C_D)
                                                      0.046     0.867    u_baseline/acc_q_reg[27]
  -------------------------------------------------------------------
                         required time                         -0.867    
                         arrival time                           0.939    
  -------------------------------------------------------------------
                         slack                                  0.073    

Slack (MET) :             0.073ns  (arrival time - required time)
  Source:                 u_baseline/acc_q_reg[11]/C
                            (rising edge-triggered cell FDRE clocked by clk  {rise@0.000ns fall@2.750ns period=5.500ns})
  Destination:            u_baseline/acc_q_reg[11]/D
                            (rising edge-triggered cell FDRE clocked by clk  {rise@0.000ns fall@2.750ns period=5.500ns})
  Path Group:             clk
  Path Type:              Hold (Min at Fast Process Corner)
  Requirement:            0.000ns  (clk rise@0.000ns - clk rise@0.000ns)
  Data Path Delay:        0.125ns  (logic 0.073ns (58.548%)  route 0.052ns (41.452%))
  Logic Levels:           2  (CARRY8=1 LUT2=1)
  Clock Path Skew:        0.006ns (DCD - SCD - CPR)
    Destination Clock Delay (DCD):    1.116ns
    Source Clock Delay      (SCD):    0.823ns
    Clock Pessimism Removal (CPR):    0.287ns
  Clock Net Delay (Source):      0.474ns (routing 0.000ns, distribution 0.474ns)
  Clock Net Delay (Destination): 0.540ns (routing 0.001ns, distribution 0.539ns)

    Location             Delay type                Incr(ns)  Path(ns)    Netlist Resource(s)
  -------------------------------------------------------------------    -------------------
                         (clock clk rise edge)        0.000     0.000 r  
    P11                                               0.000     0.000 r  clk (IN)
                         net (fo=0)                   0.000     0.000    clk_IBUF_inst/I
    P11                  INBUF (Prop_INBUF_HPIOB_M_PAD_O)
                                                      0.183     0.183 r  clk_IBUF_inst/INBUF_INST/O
                         net (fo=1, routed)           0.000     0.183    clk_IBUF_inst/OUT
    P11                  IBUFCTRL (Prop_IBUFCTRL_HPIOB_M_I_O)
                                                      0.000     0.183 r  clk_IBUF_inst/IBUFCTRL_INST/O
                         net (fo=1, routed)           0.149     0.332    clk_IBUF
    BUFGCE_X0Y77         BUFGCE (Prop_BUFCE_BUFGCE_I_O)
                                                      0.017     0.349 r  clk_IBUF_BUFG_inst/O
    X3Y3 (CLOCK_ROOT)    net (fo=343, routed)         0.474     0.823    u_baseline/clk_IBUF_BUFG
    SLICE_X79Y193        FDRE                                         r  u_baseline/acc_q_reg[11]/C
  -------------------------------------------------------------------    -------------------
    SLICE_X79Y193        FDRE (Prop_DFF_SLICEM_C_Q)
                                                      0.039     0.862 r  u_baseline/acc_q_reg[11]/Q
                         net (fo=2, routed)           0.029     0.890    u_baseline/acc_q_reg[11]
    SLICE_X79Y193        LUT2 (Prop_D6LUT_SLICEM_I1_O)
                                                      0.014     0.904 r  u_baseline/acc_q[8]_i_6/O
                         net (fo=1, routed)           0.016     0.920    u_baseline/acc_q[8]_i_6_n_0
    SLICE_X79Y193        CARRY8 (Prop_CARRY8_SLICEM_S[3]_O[3])
                                                      0.020     0.940 r  u_baseline/acc_q_reg[8]_i_1/O[3]
                         net (fo=1, routed)           0.007     0.947    u_baseline/acc_q_reg[8]_i_1_n_12
    SLICE_X79Y193        FDRE                                         r  u_baseline/acc_q_reg[11]/D
  -------------------------------------------------------------------    -------------------

                         (clock clk rise edge)        0.000     0.000 r  
    P11                                               0.000     0.000 r  clk (IN)
                         net (fo=0)                   0.000     0.000    clk_IBUF_inst/I
    P11                  INBUF (Prop_INBUF_HPIOB_M_PAD_O)
                                                      0.368     0.368 r  clk_IBUF_inst/INBUF_INST/O
                         net (fo=1, routed)           0.000     0.368    clk_IBUF_inst/OUT
    P11                  IBUFCTRL (Prop_IBUFCTRL_HPIOB_M_I_O)
                                                      0.000     0.368 r  clk_IBUF_inst/IBUFCTRL_INST/O
                         net (fo=1, routed)           0.189     0.557    clk_IBUF
    BUFGCE_X0Y77         BUFGCE (Prop_BUFCE_BUFGCE_I_O)
                                                      0.019     0.576 r  clk_IBUF_BUFG_inst/O
    X3Y3 (CLOCK_ROOT)    net (fo=343, routed)         0.540     1.116    u_baseline/clk_IBUF_BUFG
    SLICE_X79Y193        FDRE                                         r  u_baseline/acc_q_reg[11]/C
                         clock pessimism             -0.287     0.829    
    SLICE_X79Y193        FDRE (Hold_DFF_SLICEM_C_D)
                                                      0.046     0.875    u_baseline/acc_q_reg[11]
  -------------------------------------------------------------------
                         required time                         -0.875    
                         arrival time                           0.947    
  -------------------------------------------------------------------
                         slack                                  0.073    

Slack (MET) :             0.073ns  (arrival time - required time)
  Source:                 u_baseline/acc_q_reg[19]/C
                            (rising edge-triggered cell FDRE clocked by clk  {rise@0.000ns fall@2.750ns period=5.500ns})
  Destination:            u_baseline/acc_q_reg[19]/D
                            (rising edge-triggered cell FDRE clocked by clk  {rise@0.000ns fall@2.750ns period=5.500ns})
  Path Group:             clk
  Path Type:              Hold (Min at Fast Process Corner)
  Requirement:            0.000ns  (clk rise@0.000ns - clk rise@0.000ns)
  Data Path Delay:        0.125ns  (logic 0.073ns (58.548%)  route 0.052ns (41.452%))
  Logic Levels:           2  (CARRY8=1 LUT2=1)
  Clock Path Skew:        0.006ns (DCD - SCD - CPR)
    Destination Clock Delay (DCD):    1.116ns
    Source Clock Delay      (SCD):    0.823ns
    Clock Pessimism Removal (CPR):    0.287ns
  Clock Net Delay (Source):      0.474ns (routing 0.000ns, distribution 0.474ns)
  Clock Net Delay (Destination): 0.540ns (routing 0.001ns, distribution 0.539ns)

    Location             Delay type                Incr(ns)  Path(ns)    Netlist Resource(s)
  -------------------------------------------------------------------    -------------------
                         (clock clk rise edge)        0.000     0.000 r  
    P11                                               0.000     0.000 r  clk (IN)
                         net (fo=0)                   0.000     0.000    clk_IBUF_inst/I
    P11                  INBUF (Prop_INBUF_HPIOB_M_PAD_O)
                                                      0.183     0.183 r  clk_IBUF_inst/INBUF_INST/O
                         net (fo=1, routed)           0.000     0.183    clk_IBUF_inst/OUT
    P11                  IBUFCTRL (Prop_IBUFCTRL_HPIOB_M_I_O)
                                                      0.000     0.183 r  clk_IBUF_inst/IBUFCTRL_INST/O
                         net (fo=1, routed)           0.149     0.332    clk_IBUF
    BUFGCE_X0Y77         BUFGCE (Prop_BUFCE_BUFGCE_I_O)
                                                      0.017     0.349 r  clk_IBUF_BUFG_inst/O
    X3Y3 (CLOCK_ROOT)    net (fo=343, routed)         0.474     0.823    u_baseline/clk_IBUF_BUFG
    SLICE_X79Y194        FDRE                                         r  u_baseline/acc_q_reg[19]/C
  -------------------------------------------------------------------    -------------------
    SLICE_X79Y194        FDRE (Prop_DFF_SLICEM_C_Q)
                                                      0.039     0.862 r  u_baseline/acc_q_reg[19]/Q
                         net (fo=2, routed)           0.029     0.890    u_baseline/acc_q_reg[19]
    SLICE_X79Y194        LUT2 (Prop_D6LUT_SLICEM_I1_O)
                                                      0.014     0.904 r  u_baseline/acc_q[16]_i_6/O
                         net (fo=1, routed)           0.016     0.920    u_baseline/acc_q[16]_i_6_n_0
    SLICE_X79Y194        CARRY8 (Prop_CARRY8_SLICEM_S[3]_O[3])
                                                      0.020     0.940 r  u_baseline/acc_q_reg[16]_i_1/O[3]
                         net (fo=1, routed)           0.007     0.947    u_baseline/acc_q_reg[16]_i_1_n_12
    SLICE_X79Y194        FDRE                                         r  u_baseline/acc_q_reg[19]/D
  -------------------------------------------------------------------    -------------------

                         (clock clk rise edge)        0.000     0.000 r  
    P11                                               0.000     0.000 r  clk (IN)
                         net (fo=0)                   0.000     0.000    clk_IBUF_inst/I
    P11                  INBUF (Prop_INBUF_HPIOB_M_PAD_O)
                                                      0.368     0.368 r  clk_IBUF_inst/INBUF_INST/O
                         net (fo=1, routed)           0.000     0.368    clk_IBUF_inst/OUT
    P11                  IBUFCTRL (Prop_IBUFCTRL_HPIOB_M_I_O)
                                                      0.000     0.368 r  clk_IBUF_inst/IBUFCTRL_INST/O
                         net (fo=1, routed)           0.189     0.557    clk_IBUF
    BUFGCE_X0Y77         BUFGCE (Prop_BUFCE_BUFGCE_I_O)
                                                      0.019     0.576 r  clk_IBUF_BUFG_inst/O
    X3Y3 (CLOCK_ROOT)    net (fo=343, routed)         0.540     1.116    u_baseline/clk_IBUF_BUFG
    SLICE_X79Y194        FDRE                                         r  u_baseline/acc_q_reg[19]/C
                         clock pessimism             -0.287     0.829    
    SLICE_X79Y194        FDRE (Hold_DFF_SLICEM_C_D)
                                                      0.046     0.875    u_baseline/acc_q_reg[19]
  -------------------------------------------------------------------
                         required time                         -0.875    
                         arrival time                           0.947    
  -------------------------------------------------------------------
                         slack                                  0.073    

Slack (MET) :             0.073ns  (arrival time - required time)
  Source:                 u_baseline/acc_q_reg[3]/C
                            (rising edge-triggered cell FDRE clocked by clk  {rise@0.000ns fall@2.750ns period=5.500ns})
  Destination:            u_baseline/acc_q_reg[3]/D
                            (rising edge-triggered cell FDRE clocked by clk  {rise@0.000ns fall@2.750ns period=5.500ns})
  Path Group:             clk
  Path Type:              Hold (Min at Fast Process Corner)
  Requirement:            0.000ns  (clk rise@0.000ns - clk rise@0.000ns)
  Data Path Delay:        0.125ns  (logic 0.073ns (58.548%)  route 0.052ns (41.452%))
  Logic Levels:           2  (CARRY8=1 LUT2=1)
  Clock Path Skew:        0.006ns (DCD - SCD - CPR)
    Destination Clock Delay (DCD):    1.117ns
    Source Clock Delay      (SCD):    0.823ns
    Clock Pessimism Removal (CPR):    0.288ns
  Clock Net Delay (Source):      0.474ns (routing 0.000ns, distribution 0.474ns)
  Clock Net Delay (Destination): 0.541ns (routing 0.001ns, distribution 0.540ns)

    Location             Delay type                Incr(ns)  Path(ns)    Netlist Resource(s)
  -------------------------------------------------------------------    -------------------
                         (clock clk rise edge)        0.000     0.000 r  
    P11                                               0.000     0.000 r  clk (IN)
                         net (fo=0)                   0.000     0.000    clk_IBUF_inst/I
    P11                  INBUF (Prop_INBUF_HPIOB_M_PAD_O)
                                                      0.183     0.183 r  clk_IBUF_inst/INBUF_INST/O
                         net (fo=1, routed)           0.000     0.183    clk_IBUF_inst/OUT
    P11                  IBUFCTRL (Prop_IBUFCTRL_HPIOB_M_I_O)
                                                      0.000     0.183 r  clk_IBUF_inst/IBUFCTRL_INST/O
                         net (fo=1, routed)           0.149     0.332    clk_IBUF
    BUFGCE_X0Y77         BUFGCE (Prop_BUFCE_BUFGCE_I_O)
                                                      0.017     0.349 r  clk_IBUF_BUFG_inst/O
    X3Y3 (CLOCK_ROOT)    net (fo=343, routed)         0.474     0.823    u_baseline/clk_IBUF_BUFG
    SLICE_X79Y192        FDRE                                         r  u_baseline/acc_q_reg[3]/C
  -------------------------------------------------------------------    -------------------
    SLICE_X79Y192        FDRE (Prop_DFF_SLICEM_C_Q)
                                                      0.039     0.862 r  u_baseline/acc_q_reg[3]/Q
                         net (fo=2, routed)           0.029     0.890    u_baseline/acc_q_reg[3]
    SLICE_X79Y192        LUT2 (Prop_D6LUT_SLICEM_I1_O)
                                                      0.014     0.904 r  u_baseline/acc_q[0]_i_8/O
                         net (fo=1, routed)           0.016     0.920    u_baseline/acc_q[0]_i_8_n_0
    SLICE_X79Y192        CARRY8 (Prop_CARRY8_SLICEM_S[3]_O[3])
                                                      0.020     0.940 r  u_baseline/acc_q_reg[0]_i_3/O[3]
                         net (fo=1, routed)           0.007     0.947    u_baseline/acc_q_reg[0]_i_3_n_12
    SLICE_X79Y192        FDRE                                         r  u_baseline/acc_q_reg[3]/D
  -------------------------------------------------------------------    -------------------

                         (clock clk rise edge)        0.000     0.000 r  
    P11                                               0.000     0.000 r  clk (IN)
                         net (fo=0)                   0.000     0.000    clk_IBUF_inst/I
    P11                  INBUF (Prop_INBUF_HPIOB_M_PAD_O)
                                                      0.368     0.368 r  clk_IBUF_inst/INBUF_INST/O
                         net (fo=1, routed)           0.000     0.368    clk_IBUF_inst/OUT
    P11                  IBUFCTRL (Prop_IBUFCTRL_HPIOB_M_I_O)
                                                      0.000     0.368 r  clk_IBUF_inst/IBUFCTRL_INST/O
                         net (fo=1, routed)           0.189     0.557    clk_IBUF
    BUFGCE_X0Y77         BUFGCE (Prop_BUFCE_BUFGCE_I_O)
                                                      0.019     0.576 r  clk_IBUF_BUFG_inst/O
    X3Y3 (CLOCK_ROOT)    net (fo=343, routed)         0.541     1.117    u_baseline/clk_IBUF_BUFG
    SLICE_X79Y192        FDRE                                         r  u_baseline/acc_q_reg[3]/C
                         clock pessimism             -0.288     0.829    
    SLICE_X79Y192        FDRE (Hold_DFF_SLICEM_C_D)
                                                      0.046     0.875    u_baseline/acc_q_reg[3]
  -------------------------------------------------------------------
                         required time                         -0.875    
                         arrival time                           0.947    
  -------------------------------------------------------------------
                         slack                                  0.073    

Slack (MET) :             0.074ns  (arrival time - required time)
  Source:                 u_baseline/acc_q_reg[17]/C
                            (rising edge-triggered cell FDRE clocked by clk  {rise@0.000ns fall@2.750ns period=5.500ns})
  Destination:            u_baseline/acc_q_reg[17]/D
                            (rising edge-triggered cell FDRE clocked by clk  {rise@0.000ns fall@2.750ns period=5.500ns})
  Path Group:             clk
  Path Type:              Hold (Min at Fast Process Corner)
  Requirement:            0.000ns  (clk rise@0.000ns - clk rise@0.000ns)
  Data Path Delay:        0.126ns  (logic 0.078ns (62.061%)  route 0.048ns (37.939%))
  Logic Levels:           2  (CARRY8=1 LUT2=1)
  Clock Path Skew:        0.006ns (DCD - SCD - CPR)
    Destination Clock Delay (DCD):    1.116ns
    Source Clock Delay      (SCD):    0.823ns
    Clock Pessimism Removal (CPR):    0.287ns
  Clock Net Delay (Source):      0.474ns (routing 0.000ns, distribution 0.474ns)
  Clock Net Delay (Destination): 0.540ns (routing 0.001ns, distribution 0.539ns)

    Location             Delay type                Incr(ns)  Path(ns)    Netlist Resource(s)
  -------------------------------------------------------------------    -------------------
                         (clock clk rise edge)        0.000     0.000 r  
    P11                                               0.000     0.000 r  clk (IN)
                         net (fo=0)                   0.000     0.000    clk_IBUF_inst/I
    P11                  INBUF (Prop_INBUF_HPIOB_M_PAD_O)
                                                      0.183     0.183 r  clk_IBUF_inst/INBUF_INST/O
                         net (fo=1, routed)           0.000     0.183    clk_IBUF_inst/OUT
    P11                  IBUFCTRL (Prop_IBUFCTRL_HPIOB_M_I_O)
                                                      0.000     0.183 r  clk_IBUF_inst/IBUFCTRL_INST/O
                         net (fo=1, routed)           0.149     0.332    clk_IBUF
    BUFGCE_X0Y77         BUFGCE (Prop_BUFCE_BUFGCE_I_O)
                                                      0.017     0.349 r  clk_IBUF_BUFG_inst/O
    X3Y3 (CLOCK_ROOT)    net (fo=343, routed)         0.474     0.823    u_baseline/clk_IBUF_BUFG
    SLICE_X79Y194        FDRE                                         r  u_baseline/acc_q_reg[17]/C
  -------------------------------------------------------------------    -------------------
    SLICE_X79Y194        FDRE (Prop_BFF_SLICEM_C_Q)
                                                      0.038     0.861 r  u_baseline/acc_q_reg[17]/Q
                         net (fo=2, routed)           0.029     0.889    u_baseline/acc_q_reg[17]
    SLICE_X79Y194        LUT2 (Prop_B6LUT_SLICEM_I1_O)
                                                      0.022     0.911 r  u_baseline/acc_q[16]_i_8/O
                         net (fo=1, routed)           0.012     0.923    u_baseline/acc_q[16]_i_8_n_0
    SLICE_X79Y194        CARRY8 (Prop_CARRY8_SLICEM_S[1]_O[1])
                                                      0.018     0.941 r  u_baseline/acc_q_reg[16]_i_1/O[1]
                         net (fo=1, routed)           0.007     0.948    u_baseline/acc_q_reg[16]_i_1_n_14
    SLICE_X79Y194        FDRE                                         r  u_baseline/acc_q_reg[17]/D
  -------------------------------------------------------------------    -------------------

                         (clock clk rise edge)        0.000     0.000 r  
    P11                                               0.000     0.000 r  clk (IN)
                         net (fo=0)                   0.000     0.000    clk_IBUF_inst/I
    P11                  INBUF (Prop_INBUF_HPIOB_M_PAD_O)
                                                      0.368     0.368 r  clk_IBUF_inst/INBUF_INST/O
                         net (fo=1, routed)           0.000     0.368    clk_IBUF_inst/OUT
    P11                  IBUFCTRL (Prop_IBUFCTRL_HPIOB_M_I_O)
                                                      0.000     0.368 r  clk_IBUF_inst/IBUFCTRL_INST/O
                         net (fo=1, routed)           0.189     0.557    clk_IBUF
    BUFGCE_X0Y77         BUFGCE (Prop_BUFCE_BUFGCE_I_O)
                                                      0.019     0.576 r  clk_IBUF_BUFG_inst/O
    X3Y3 (CLOCK_ROOT)    net (fo=343, routed)         0.540     1.116    u_baseline/clk_IBUF_BUFG
    SLICE_X79Y194        FDRE                                         r  u_baseline/acc_q_reg[17]/C
                         clock pessimism             -0.287     0.829    
    SLICE_X79Y194        FDRE (Hold_BFF_SLICEM_C_D)
                                                      0.046     0.875    u_baseline/acc_q_reg[17]
  -------------------------------------------------------------------
                         required time                         -0.875    
                         arrival time                           0.948    
  -------------------------------------------------------------------
                         slack                                  0.074    

Slack (MET) :             0.074ns  (arrival time - required time)
  Source:                 u_baseline/acc_q_reg[25]/C
                            (rising edge-triggered cell FDRE clocked by clk  {rise@0.000ns fall@2.750ns period=5.500ns})
  Destination:            u_baseline/acc_q_reg[25]/D
                            (rising edge-triggered cell FDRE clocked by clk  {rise@0.000ns fall@2.750ns period=5.500ns})
  Path Group:             clk
  Path Type:              Hold (Min at Fast Process Corner)
  Requirement:            0.000ns  (clk rise@0.000ns - clk rise@0.000ns)
  Data Path Delay:        0.126ns  (logic 0.078ns (62.061%)  route 0.048ns (37.939%))
  Logic Levels:           2  (CARRY8=1 LUT2=1)
  Clock Path Skew:        0.006ns (DCD - SCD - CPR)
    Destination Clock Delay (DCD):    1.108ns
    Source Clock Delay      (SCD):    0.815ns
    Clock Pessimism Removal (CPR):    0.287ns
  Clock Net Delay (Source):      0.466ns (routing 0.000ns, distribution 0.466ns)
  Clock Net Delay (Destination): 0.531ns (routing 0.001ns, distribution 0.530ns)

    Location             Delay type                Incr(ns)  Path(ns)    Netlist Resource(s)
  -------------------------------------------------------------------    -------------------
                         (clock clk rise edge)        0.000     0.000 r  
    P11                                               0.000     0.000 r  clk (IN)
                         net (fo=0)                   0.000     0.000    clk_IBUF_inst/I
    P11                  INBUF (Prop_INBUF_HPIOB_M_PAD_O)
                                                      0.183     0.183 r  clk_IBUF_inst/INBUF_INST/O
                         net (fo=1, routed)           0.000     0.183    clk_IBUF_inst/OUT
    P11                  IBUFCTRL (Prop_IBUFCTRL_HPIOB_M_I_O)
                                                      0.000     0.183 r  clk_IBUF_inst/IBUFCTRL_INST/O
                         net (fo=1, routed)           0.149     0.332    clk_IBUF
    BUFGCE_X0Y77         BUFGCE (Prop_BUFCE_BUFGCE_I_O)
                                                      0.017     0.349 r  clk_IBUF_BUFG_inst/O
    X3Y3 (CLOCK_ROOT)    net (fo=343, routed)         0.466     0.815    u_baseline/clk_IBUF_BUFG
    SLICE_X79Y195        FDRE                                         r  u_baseline/acc_q_reg[25]/C
  -------------------------------------------------------------------    -------------------
    SLICE_X79Y195        FDRE (Prop_BFF_SLICEM_C_Q)
                                                      0.038     0.853 r  u_baseline/acc_q_reg[25]/Q
                         net (fo=2, routed)           0.029     0.881    u_baseline/acc_q_reg[25]
    SLICE_X79Y195        LUT2 (Prop_B6LUT_SLICEM_I1_O)
                                                      0.022     0.903 r  u_baseline/acc_q[24]_i_8/O
                         net (fo=1, routed)           0.012     0.915    u_baseline/acc_q[24]_i_8_n_0
    SLICE_X79Y195        CARRY8 (Prop_CARRY8_SLICEM_S[1]_O[1])
                                                      0.018     0.933 r  u_baseline/acc_q_reg[24]_i_1/O[1]
                         net (fo=1, routed)           0.007     0.940    u_baseline/acc_q_reg[24]_i_1_n_14
    SLICE_X79Y195        FDRE                                         r  u_baseline/acc_q_reg[25]/D
  -------------------------------------------------------------------    -------------------

                         (clock clk rise edge)        0.000     0.000 r  
    P11                                               0.000     0.000 r  clk (IN)
                         net (fo=0)                   0.000     0.000    clk_IBUF_inst/I
    P11                  INBUF (Prop_INBUF_HPIOB_M_PAD_O)
                                                      0.368     0.368 r  clk_IBUF_inst/INBUF_INST/O
                         net (fo=1, routed)           0.000     0.368    clk_IBUF_inst/OUT
    P11                  IBUFCTRL (Prop_IBUFCTRL_HPIOB_M_I_O)
                                                      0.000     0.368 r  clk_IBUF_inst/IBUFCTRL_INST/O
                         net (fo=1, routed)           0.189     0.557    clk_IBUF
    BUFGCE_X0Y77         BUFGCE (Prop_BUFCE_BUFGCE_I_O)
                                                      0.019     0.576 r  clk_IBUF_BUFG_inst/O
    X3Y3 (CLOCK_ROOT)    net (fo=343, routed)         0.531     1.108    u_baseline/clk_IBUF_BUFG
    SLICE_X79Y195        FDRE                                         r  u_baseline/acc_q_reg[25]/C
                         clock pessimism             -0.287     0.821    
    SLICE_X79Y195        FDRE (Hold_BFF_SLICEM_C_D)
                                                      0.046     0.867    u_baseline/acc_q_reg[25]
  -------------------------------------------------------------------
                         required time                         -0.867    
                         arrival time                           0.940    
  -------------------------------------------------------------------
                         slack                                  0.074    

Slack (MET) :             0.074ns  (arrival time - required time)
  Source:                 u_baseline/acc_q_reg[9]/C
                            (rising edge-triggered cell FDRE clocked by clk  {rise@0.000ns fall@2.750ns period=5.500ns})
  Destination:            u_baseline/acc_q_reg[9]/D
                            (rising edge-triggered cell FDRE clocked by clk  {rise@0.000ns fall@2.750ns period=5.500ns})
  Path Group:             clk
  Path Type:              Hold (Min at Fast Process Corner)
  Requirement:            0.000ns  (clk rise@0.000ns - clk rise@0.000ns)
  Data Path Delay:        0.126ns  (logic 0.078ns (62.061%)  route 0.048ns (37.939%))
  Logic Levels:           2  (CARRY8=1 LUT2=1)
  Clock Path Skew:        0.006ns (DCD - SCD - CPR)
    Destination Clock Delay (DCD):    1.116ns
    Source Clock Delay      (SCD):    0.823ns
    Clock Pessimism Removal (CPR):    0.287ns
  Clock Net Delay (Source):      0.474ns (routing 0.000ns, distribution 0.474ns)
  Clock Net Delay (Destination): 0.540ns (routing 0.001ns, distribution 0.539ns)

    Location             Delay type                Incr(ns)  Path(ns)    Netlist Resource(s)
  -------------------------------------------------------------------    -------------------
                         (clock clk rise edge)        0.000     0.000 r  
    P11                                               0.000     0.000 r  clk (IN)
                         net (fo=0)                   0.000     0.000    clk_IBUF_inst/I
    P11                  INBUF (Prop_INBUF_HPIOB_M_PAD_O)
                                                      0.183     0.183 r  clk_IBUF_inst/INBUF_INST/O
                         net (fo=1, routed)           0.000     0.183    clk_IBUF_inst/OUT
    P11                  IBUFCTRL (Prop_IBUFCTRL_HPIOB_M_I_O)
                                                      0.000     0.183 r  clk_IBUF_inst/IBUFCTRL_INST/O
                         net (fo=1, routed)           0.149     0.332    clk_IBUF
    BUFGCE_X0Y77         BUFGCE (Prop_BUFCE_BUFGCE_I_O)
                                                      0.017     0.349 r  clk_IBUF_BUFG_inst/O
    X3Y3 (CLOCK_ROOT)    net (fo=343, routed)         0.474     0.823    u_baseline/clk_IBUF_BUFG
    SLICE_X79Y193        FDRE                                         r  u_baseline/acc_q_reg[9]/C
  -------------------------------------------------------------------    -------------------
    SLICE_X79Y193        FDRE (Prop_BFF_SLICEM_C_Q)
                                                      0.038     0.861 r  u_baseline/acc_q_reg[9]/Q
                         net (fo=2, routed)           0.029     0.889    u_baseline/acc_q_reg[9]
    SLICE_X79Y193        LUT2 (Prop_B6LUT_SLICEM_I1_O)
                                                      0.022     0.911 r  u_baseline/acc_q[8]_i_8/O
                         net (fo=1, routed)           0.012     0.923    u_baseline/acc_q[8]_i_8_n_0
    SLICE_X79Y193        CARRY8 (Prop_CARRY8_SLICEM_S[1]_O[1])
                                                      0.018     0.941 r  u_baseline/acc_q_reg[8]_i_1/O[1]
                         net (fo=1, routed)           0.007     0.948    u_baseline/acc_q_reg[8]_i_1_n_14
    SLICE_X79Y193        FDRE                                         r  u_baseline/acc_q_reg[9]/D
  -------------------------------------------------------------------    -------------------

                         (clock clk rise edge)        0.000     0.000 r  
    P11                                               0.000     0.000 r  clk (IN)
                         net (fo=0)                   0.000     0.000    clk_IBUF_inst/I
    P11                  INBUF (Prop_INBUF_HPIOB_M_PAD_O)
                                                      0.368     0.368 r  clk_IBUF_inst/INBUF_INST/O
                         net (fo=1, routed)           0.000     0.368    clk_IBUF_inst/OUT
    P11                  IBUFCTRL (Prop_IBUFCTRL_HPIOB_M_I_O)
                                                      0.000     0.368 r  clk_IBUF_inst/IBUFCTRL_INST/O
                         net (fo=1, routed)           0.189     0.557    clk_IBUF
    BUFGCE_X0Y77         BUFGCE (Prop_BUFCE_BUFGCE_I_O)
                                                      0.019     0.576 r  clk_IBUF_BUFG_inst/O
    X3Y3 (CLOCK_ROOT)    net (fo=343, routed)         0.540     1.116    u_baseline/clk_IBUF_BUFG
    SLICE_X79Y193        FDRE                                         r  u_baseline/acc_q_reg[9]/C
                         clock pessimism             -0.287     0.829    
    SLICE_X79Y193        FDRE (Hold_BFF_SLICEM_C_D)
                                                      0.046     0.875    u_baseline/acc_q_reg[9]
  -------------------------------------------------------------------
                         required time                         -0.875    
                         arrival time                           0.948    
  -------------------------------------------------------------------
                         slack                                  0.074    

Slack (MET) :             0.074ns  (arrival time - required time)
  Source:                 u_baseline/acc_q_reg[1]/C
                            (rising edge-triggered cell FDRE clocked by clk  {rise@0.000ns fall@2.750ns period=5.500ns})
  Destination:            u_baseline/acc_q_reg[1]/D
                            (rising edge-triggered cell FDRE clocked by clk  {rise@0.000ns fall@2.750ns period=5.500ns})
  Path Group:             clk
  Path Type:              Hold (Min at Fast Process Corner)
  Requirement:            0.000ns  (clk rise@0.000ns - clk rise@0.000ns)
  Data Path Delay:        0.126ns  (logic 0.078ns (62.061%)  route 0.048ns (37.939%))
  Logic Levels:           2  (CARRY8=1 LUT2=1)
  Clock Path Skew:        0.006ns (DCD - SCD - CPR)
    Destination Clock Delay (DCD):    1.117ns
    Source Clock Delay      (SCD):    0.823ns
    Clock Pessimism Removal (CPR):    0.288ns
  Clock Net Delay (Source):      0.474ns (routing 0.000ns, distribution 0.474ns)
  Clock Net Delay (Destination): 0.541ns (routing 0.001ns, distribution 0.540ns)

    Location             Delay type                Incr(ns)  Path(ns)    Netlist Resource(s)
  -------------------------------------------------------------------    -------------------
                         (clock clk rise edge)        0.000     0.000 r  
    P11                                               0.000     0.000 r  clk (IN)
                         net (fo=0)                   0.000     0.000    clk_IBUF_inst/I
    P11                  INBUF (Prop_INBUF_HPIOB_M_PAD_O)
                                                      0.183     0.183 r  clk_IBUF_inst/INBUF_INST/O
                         net (fo=1, routed)           0.000     0.183    clk_IBUF_inst/OUT
    P11                  IBUFCTRL (Prop_IBUFCTRL_HPIOB_M_I_O)
                                                      0.000     0.183 r  clk_IBUF_inst/IBUFCTRL_INST/O
                         net (fo=1, routed)           0.149     0.332    clk_IBUF
    BUFGCE_X0Y77         BUFGCE (Prop_BUFCE_BUFGCE_I_O)
                                                      0.017     0.349 r  clk_IBUF_BUFG_inst/O
    X3Y3 (CLOCK_ROOT)    net (fo=343, routed)         0.474     0.823    u_baseline/clk_IBUF_BUFG
    SLICE_X79Y192        FDRE                                         r  u_baseline/acc_q_reg[1]/C
  -------------------------------------------------------------------    -------------------
    SLICE_X79Y192        FDRE (Prop_BFF_SLICEM_C_Q)
                                                      0.038     0.861 r  u_baseline/acc_q_reg[1]/Q
                         net (fo=2, routed)           0.029     0.889    u_baseline/acc_q_reg[1]
    SLICE_X79Y192        LUT2 (Prop_B6LUT_SLICEM_I1_O)
                                                      0.022     0.911 r  u_baseline/acc_q[0]_i_10/O
                         net (fo=1, routed)           0.012     0.923    u_baseline/acc_q[0]_i_10_n_0
    SLICE_X79Y192        CARRY8 (Prop_CARRY8_SLICEM_S[1]_O[1])
                                                      0.018     0.941 r  u_baseline/acc_q_reg[0]_i_3/O[1]
                         net (fo=1, routed)           0.007     0.948    u_baseline/acc_q_reg[0]_i_3_n_14
    SLICE_X79Y192        FDRE                                         r  u_baseline/acc_q_reg[1]/D
  -------------------------------------------------------------------    -------------------

                         (clock clk rise edge)        0.000     0.000 r  
    P11                                               0.000     0.000 r  clk (IN)
                         net (fo=0)                   0.000     0.000    clk_IBUF_inst/I
    P11                  INBUF (Prop_INBUF_HPIOB_M_PAD_O)
                                                      0.368     0.368 r  clk_IBUF_inst/INBUF_INST/O
                         net (fo=1, routed)           0.000     0.368    clk_IBUF_inst/OUT
    P11                  IBUFCTRL (Prop_IBUFCTRL_HPIOB_M_I_O)
                                                      0.000     0.368 r  clk_IBUF_inst/IBUFCTRL_INST/O
                         net (fo=1, routed)           0.189     0.557    clk_IBUF
    BUFGCE_X0Y77         BUFGCE (Prop_BUFCE_BUFGCE_I_O)
                                                      0.019     0.576 r  clk_IBUF_BUFG_inst/O
    X3Y3 (CLOCK_ROOT)    net (fo=343, routed)         0.541     1.117    u_baseline/clk_IBUF_BUFG
    SLICE_X79Y192        FDRE                                         r  u_baseline/acc_q_reg[1]/C
                         clock pessimism             -0.288     0.829    
    SLICE_X79Y192        FDRE (Hold_BFF_SLICEM_C_D)
                                                      0.046     0.875    u_baseline/acc_q_reg[1]
  -------------------------------------------------------------------
                         required time                         -0.875    
                         arrival time                           0.948    
  -------------------------------------------------------------------
                         slack                                  0.074    

Slack (MET) :             0.076ns  (arrival time - required time)
  Source:                 u_baseline/acc_q_reg[29]/C
                            (rising edge-triggered cell FDRE clocked by clk  {rise@0.000ns fall@2.750ns period=5.500ns})
  Destination:            u_baseline/out_data_reg[29]/D
                            (rising edge-triggered cell FDRE clocked by clk  {rise@0.000ns fall@2.750ns period=5.500ns})
  Path Group:             clk
  Path Type:              Hold (Min at Fast Process Corner)
  Requirement:            0.000ns  (clk rise@0.000ns - clk rise@0.000ns)
  Data Path Delay:        0.148ns  (logic 0.037ns (24.984%)  route 0.111ns (75.016%))
  Logic Levels:           0  
  Clock Path Skew:        0.026ns (DCD - SCD - CPR)
    Destination Clock Delay (DCD):    1.112ns
    Source Clock Delay      (SCD):    0.814ns
    Clock Pessimism Removal (CPR):    0.272ns
  Clock Net Delay (Source):      0.465ns (routing 0.000ns, distribution 0.465ns)
  Clock Net Delay (Destination): 0.536ns (routing 0.001ns, distribution 0.535ns)

    Location             Delay type                Incr(ns)  Path(ns)    Netlist Resource(s)
  -------------------------------------------------------------------    -------------------
                         (clock clk rise edge)        0.000     0.000 r  
    P11                                               0.000     0.000 r  clk (IN)
                         net (fo=0)                   0.000     0.000    clk_IBUF_inst/I
    P11                  INBUF (Prop_INBUF_HPIOB_M_PAD_O)
                                                      0.183     0.183 r  clk_IBUF_inst/INBUF_INST/O
                         net (fo=1, routed)           0.000     0.183    clk_IBUF_inst/OUT
    P11                  IBUFCTRL (Prop_IBUFCTRL_HPIOB_M_I_O)
                                                      0.000     0.183 r  clk_IBUF_inst/IBUFCTRL_INST/O
                         net (fo=1, routed)           0.149     0.332    clk_IBUF
    BUFGCE_X0Y77         BUFGCE (Prop_BUFCE_BUFGCE_I_O)
                                                      0.017     0.349 r  clk_IBUF_BUFG_inst/O
    X3Y3 (CLOCK_ROOT)    net (fo=343, routed)         0.465     0.814    u_baseline/clk_IBUF_BUFG
    SLICE_X79Y195        FDRE                                         r  u_baseline/acc_q_reg[29]/C
  -------------------------------------------------------------------    -------------------
    SLICE_X79Y195        FDRE (Prop_FFF_SLICEM_C_Q)
                                                      0.037     0.851 r  u_baseline/acc_q_reg[29]/Q
                         net (fo=2, routed)           0.111     0.962    u_baseline/acc_q_reg[29]
    SLICE_X80Y193        FDRE                                         r  u_baseline/out_data_reg[29]/D
  -------------------------------------------------------------------    -------------------

                         (clock clk rise edge)        0.000     0.000 r  
    P11                                               0.000     0.000 r  clk (IN)
                         net (fo=0)                   0.000     0.000    clk_IBUF_inst/I
    P11                  INBUF (Prop_INBUF_HPIOB_M_PAD_O)
                                                      0.368     0.368 r  clk_IBUF_inst/INBUF_INST/O
                         net (fo=1, routed)           0.000     0.368    clk_IBUF_inst/OUT
    P11                  IBUFCTRL (Prop_IBUFCTRL_HPIOB_M_I_O)
                                                      0.000     0.368 r  clk_IBUF_inst/IBUFCTRL_INST/O
                         net (fo=1, routed)           0.189     0.557    clk_IBUF
    BUFGCE_X0Y77         BUFGCE (Prop_BUFCE_BUFGCE_I_O)
                                                      0.019     0.576 r  clk_IBUF_BUFG_inst/O
    X3Y3 (CLOCK_ROOT)    net (fo=343, routed)         0.536     1.112    u_baseline/clk_IBUF_BUFG
    SLICE_X80Y193        FDRE                                         r  u_baseline/out_data_reg[29]/C
                         clock pessimism             -0.272     0.840    
    SLICE_X80Y193        FDRE (Hold_HFF_SLICEL_C_D)
                                                      0.046     0.886    u_baseline/out_data_reg[29]
  -------------------------------------------------------------------
                         required time                         -0.886    
                         arrival time                           0.962    
  -------------------------------------------------------------------
                         slack                                  0.076    

Slack (MET) :             0.076ns  (arrival time - required time)
  Source:                 u_baseline/acc_q_reg[16]/C
                            (rising edge-triggered cell FDRE clocked by clk  {rise@0.000ns fall@2.750ns period=5.500ns})
  Destination:            u_baseline/acc_q_reg[16]/D
                            (rising edge-triggered cell FDRE clocked by clk  {rise@0.000ns fall@2.750ns period=5.500ns})
  Path Group:             clk
  Path Type:              Hold (Min at Fast Process Corner)
  Requirement:            0.000ns  (clk rise@0.000ns - clk rise@0.000ns)
  Data Path Delay:        0.128ns  (logic 0.080ns (62.655%)  route 0.048ns (37.345%))
  Logic Levels:           2  (CARRY8=1 LUT2=1)
  Clock Path Skew:        0.006ns (DCD - SCD - CPR)
    Destination Clock Delay (DCD):    1.116ns
    Source Clock Delay      (SCD):    0.823ns
    Clock Pessimism Removal (CPR):    0.287ns
  Clock Net Delay (Source):      0.474ns (routing 0.000ns, distribution 0.474ns)
  Clock Net Delay (Destination): 0.540ns (routing 0.001ns, distribution 0.539ns)

    Location             Delay type                Incr(ns)  Path(ns)    Netlist Resource(s)
  -------------------------------------------------------------------    -------------------
                         (clock clk rise edge)        0.000     0.000 r  
    P11                                               0.000     0.000 r  clk (IN)
                         net (fo=0)                   0.000     0.000    clk_IBUF_inst/I
    P11                  INBUF (Prop_INBUF_HPIOB_M_PAD_O)
                                                      0.183     0.183 r  clk_IBUF_inst/INBUF_INST/O
                         net (fo=1, routed)           0.000     0.183    clk_IBUF_inst/OUT
    P11                  IBUFCTRL (Prop_IBUFCTRL_HPIOB_M_I_O)
                                                      0.000     0.183 r  clk_IBUF_inst/IBUFCTRL_INST/O
                         net (fo=1, routed)           0.149     0.332    clk_IBUF
    BUFGCE_X0Y77         BUFGCE (Prop_BUFCE_BUFGCE_I_O)
                                                      0.017     0.349 r  clk_IBUF_BUFG_inst/O
    X3Y3 (CLOCK_ROOT)    net (fo=343, routed)         0.474     0.823    u_baseline/clk_IBUF_BUFG
    SLICE_X79Y194        FDRE                                         r  u_baseline/acc_q_reg[16]/C
  -------------------------------------------------------------------    -------------------
    SLICE_X79Y194        FDRE (Prop_AFF_SLICEM_C_Q)
                                                      0.038     0.861 r  u_baseline/acc_q_reg[16]/Q
                         net (fo=2, routed)           0.031     0.891    u_baseline/acc_q_reg[16]
    SLICE_X79Y194        LUT2 (Prop_A6LUT_SLICEM_I1_O)
                                                      0.023     0.914 r  u_baseline/acc_q[16]_i_9/O
                         net (fo=1, routed)           0.010     0.924    u_baseline/acc_q[16]_i_9_n_0
    SLICE_X79Y194        CARRY8 (Prop_CARRY8_SLICEM_S[0]_O[0])
                                                      0.019     0.943 r  u_baseline/acc_q_reg[16]_i_1/O[0]
                         net (fo=1, routed)           0.007     0.950    u_baseline/acc_q_reg[16]_i_1_n_15
    SLICE_X79Y194        FDRE                                         r  u_baseline/acc_q_reg[16]/D
  -------------------------------------------------------------------    -------------------

                         (clock clk rise edge)        0.000     0.000 r  
    P11                                               0.000     0.000 r  clk (IN)
                         net (fo=0)                   0.000     0.000    clk_IBUF_inst/I
    P11                  INBUF (Prop_INBUF_HPIOB_M_PAD_O)
                                                      0.368     0.368 r  clk_IBUF_inst/INBUF_INST/O
                         net (fo=1, routed)           0.000     0.368    clk_IBUF_inst/OUT
    P11                  IBUFCTRL (Prop_IBUFCTRL_HPIOB_M_I_O)
                                                      0.000     0.368 r  clk_IBUF_inst/IBUFCTRL_INST/O
                         net (fo=1, routed)           0.189     0.557    clk_IBUF
    BUFGCE_X0Y77         BUFGCE (Prop_BUFCE_BUFGCE_I_O)
                                                      0.019     0.576 r  clk_IBUF_BUFG_inst/O
    X3Y3 (CLOCK_ROOT)    net (fo=343, routed)         0.540     1.116    u_baseline/clk_IBUF_BUFG
    SLICE_X79Y194        FDRE                                         r  u_baseline/acc_q_reg[16]/C
                         clock pessimism             -0.287     0.829    
    SLICE_X79Y194        FDRE (Hold_AFF_SLICEM_C_D)
                                                      0.046     0.875    u_baseline/acc_q_reg[16]
  -------------------------------------------------------------------
                         required time                         -0.875    
                         arrival time                           0.950    
  -------------------------------------------------------------------
                         slack                                  0.076    

Slack (MET) :             0.076ns  (arrival time - required time)
  Source:                 u_baseline/acc_q_reg[24]/C
                            (rising edge-triggered cell FDRE clocked by clk  {rise@0.000ns fall@2.750ns period=5.500ns})
  Destination:            u_baseline/acc_q_reg[24]/D
                            (rising edge-triggered cell FDRE clocked by clk  {rise@0.000ns fall@2.750ns period=5.500ns})
  Path Group:             clk
  Path Type:              Hold (Min at Fast Process Corner)
  Requirement:            0.000ns  (clk rise@0.000ns - clk rise@0.000ns)
  Data Path Delay:        0.128ns  (logic 0.080ns (62.655%)  route 0.048ns (37.345%))
  Logic Levels:           2  (CARRY8=1 LUT2=1)
  Clock Path Skew:        0.006ns (DCD - SCD - CPR)
    Destination Clock Delay (DCD):    1.108ns
    Source Clock Delay      (SCD):    0.815ns
    Clock Pessimism Removal (CPR):    0.287ns
  Clock Net Delay (Source):      0.466ns (routing 0.000ns, distribution 0.466ns)
  Clock Net Delay (Destination): 0.531ns (routing 0.001ns, distribution 0.530ns)

    Location             Delay type                Incr(ns)  Path(ns)    Netlist Resource(s)
  -------------------------------------------------------------------    -------------------
                         (clock clk rise edge)        0.000     0.000 r  
    P11                                               0.000     0.000 r  clk (IN)
                         net (fo=0)                   0.000     0.000    clk_IBUF_inst/I
    P11                  INBUF (Prop_INBUF_HPIOB_M_PAD_O)
                                                      0.183     0.183 r  clk_IBUF_inst/INBUF_INST/O
                         net (fo=1, routed)           0.000     0.183    clk_IBUF_inst/OUT
    P11                  IBUFCTRL (Prop_IBUFCTRL_HPIOB_M_I_O)
                                                      0.000     0.183 r  clk_IBUF_inst/IBUFCTRL_INST/O
                         net (fo=1, routed)           0.149     0.332    clk_IBUF
    BUFGCE_X0Y77         BUFGCE (Prop_BUFCE_BUFGCE_I_O)
                                                      0.017     0.349 r  clk_IBUF_BUFG_inst/O
    X3Y3 (CLOCK_ROOT)    net (fo=343, routed)         0.466     0.815    u_baseline/clk_IBUF_BUFG
    SLICE_X79Y195        FDRE                                         r  u_baseline/acc_q_reg[24]/C
  -------------------------------------------------------------------    -------------------
    SLICE_X79Y195        FDRE (Prop_AFF_SLICEM_C_Q)
                                                      0.038     0.853 r  u_baseline/acc_q_reg[24]/Q
                         net (fo=2, routed)           0.031     0.883    u_baseline/acc_q_reg[24]
    SLICE_X79Y195        LUT2 (Prop_A6LUT_SLICEM_I1_O)
                                                      0.023     0.906 r  u_baseline/acc_q[24]_i_9/O
                         net (fo=1, routed)           0.010     0.916    u_baseline/acc_q[24]_i_9_n_0
    SLICE_X79Y195        CARRY8 (Prop_CARRY8_SLICEM_S[0]_O[0])
                                                      0.019     0.935 r  u_baseline/acc_q_reg[24]_i_1/O[0]
                         net (fo=1, routed)           0.007     0.942    u_baseline/acc_q_reg[24]_i_1_n_15
    SLICE_X79Y195        FDRE                                         r  u_baseline/acc_q_reg[24]/D
  -------------------------------------------------------------------    -------------------

                         (clock clk rise edge)        0.000     0.000 r  
    P11                                               0.000     0.000 r  clk (IN)
                         net (fo=0)                   0.000     0.000    clk_IBUF_inst/I
    P11                  INBUF (Prop_INBUF_HPIOB_M_PAD_O)
                                                      0.368     0.368 r  clk_IBUF_inst/INBUF_INST/O
                         net (fo=1, routed)           0.000     0.368    clk_IBUF_inst/OUT
    P11                  IBUFCTRL (Prop_IBUFCTRL_HPIOB_M_I_O)
                                                      0.000     0.368 r  clk_IBUF_inst/IBUFCTRL_INST/O
                         net (fo=1, routed)           0.189     0.557    clk_IBUF
    BUFGCE_X0Y77         BUFGCE (Prop_BUFCE_BUFGCE_I_O)
                                                      0.019     0.576 r  clk_IBUF_BUFG_inst/O
    X3Y3 (CLOCK_ROOT)    net (fo=343, routed)         0.531     1.108    u_baseline/clk_IBUF_BUFG
    SLICE_X79Y195        FDRE                                         r  u_baseline/acc_q_reg[24]/C
                         clock pessimism             -0.287     0.821    
    SLICE_X79Y195        FDRE (Hold_AFF_SLICEM_C_D)
                                                      0.046     0.867    u_baseline/acc_q_reg[24]
  -------------------------------------------------------------------
                         required time                         -0.867    
                         arrival time                           0.942    
  -------------------------------------------------------------------
                         slack                                  0.076    

Slack (MET) :             0.076ns  (arrival time - required time)
  Source:                 u_baseline/compute_cycles_reg[0]/C
                            (rising edge-triggered cell FDRE clocked by clk  {rise@0.000ns fall@2.750ns period=5.500ns})
  Destination:            u_baseline/compute_cycles_reg[0]/D
                            (rising edge-triggered cell FDRE clocked by clk  {rise@0.000ns fall@2.750ns period=5.500ns})
  Path Group:             clk
  Path Type:              Hold (Min at Fast Process Corner)
  Requirement:            0.000ns  (clk rise@0.000ns - clk rise@0.000ns)
  Data Path Delay:        0.128ns  (logic 0.080ns (62.655%)  route 0.048ns (37.345%))
  Logic Levels:           2  (CARRY8=1 LUT1=1)
  Clock Path Skew:        0.006ns (DCD - SCD - CPR)
    Destination Clock Delay (DCD):    1.057ns
    Source Clock Delay      (SCD):    0.769ns
    Clock Pessimism Removal (CPR):    0.282ns
  Clock Net Delay (Source):      0.420ns (routing 0.000ns, distribution 0.420ns)
  Clock Net Delay (Destination): 0.480ns (routing 0.001ns, distribution 0.479ns)

    Location             Delay type                Incr(ns)  Path(ns)    Netlist Resource(s)
  -------------------------------------------------------------------    -------------------
                         (clock clk rise edge)        0.000     0.000 r  
    P11                                               0.000     0.000 r  clk (IN)
                         net (fo=0)                   0.000     0.000    clk_IBUF_inst/I
    P11                  INBUF (Prop_INBUF_HPIOB_M_PAD_O)
                                                      0.183     0.183 r  clk_IBUF_inst/INBUF_INST/O
                         net (fo=1, routed)           0.000     0.183    clk_IBUF_inst/OUT
    P11                  IBUFCTRL (Prop_IBUFCTRL_HPIOB_M_I_O)
                                                      0.000     0.183 r  clk_IBUF_inst/IBUFCTRL_INST/O
                         net (fo=1, routed)           0.149     0.332    clk_IBUF
    BUFGCE_X0Y77         BUFGCE (Prop_BUFCE_BUFGCE_I_O)
                                                      0.017     0.349 r  clk_IBUF_BUFG_inst/O
    X3Y3 (CLOCK_ROOT)    net (fo=343, routed)         0.420     0.769    u_baseline/clk_IBUF_BUFG
    SLICE_X96Y205        FDRE                                         r  u_baseline/compute_cycles_reg[0]/C
  -------------------------------------------------------------------    -------------------
    SLICE_X96Y205        FDRE (Prop_AFF_SLICEM_C_Q)
                                                      0.038     0.807 f  u_baseline/compute_cycles_reg[0]/Q
                         net (fo=2, routed)           0.031     0.837    u_baseline/compute_cycles[0]
    SLICE_X96Y205        LUT1 (Prop_A6LUT_SLICEM_I0_O)
                                                      0.023     0.860 r  u_baseline/compute_cycles[0]_i_2/O
                         net (fo=1, routed)           0.010     0.870    u_baseline/compute_cycles[0]_i_2_n_0
    SLICE_X96Y205        CARRY8 (Prop_CARRY8_SLICEM_S[0]_O[0])
                                                      0.019     0.889 r  u_baseline/compute_cycles_reg[0]_i_1/O[0]
                         net (fo=1, routed)           0.007     0.896    u_baseline/compute_cycles_reg[0]_i_1_n_15
    SLICE_X96Y205        FDRE                                         r  u_baseline/compute_cycles_reg[0]/D
  -------------------------------------------------------------------    -------------------

                         (clock clk rise edge)        0.000     0.000 r  
    P11                                               0.000     0.000 r  clk (IN)
                         net (fo=0)                   0.000     0.000    clk_IBUF_inst/I
    P11                  INBUF (Prop_INBUF_HPIOB_M_PAD_O)
                                                      0.368     0.368 r  clk_IBUF_inst/INBUF_INST/O
                         net (fo=1, routed)           0.000     0.368    clk_IBUF_inst/OUT
    P11                  IBUFCTRL (Prop_IBUFCTRL_HPIOB_M_I_O)
                                                      0.000     0.368 r  clk_IBUF_inst/IBUFCTRL_INST/O
                         net (fo=1, routed)           0.189     0.557    clk_IBUF
    BUFGCE_X0Y77         BUFGCE (Prop_BUFCE_BUFGCE_I_O)
                                                      0.019     0.576 r  clk_IBUF_BUFG_inst/O
    X3Y3 (CLOCK_ROOT)    net (fo=343, routed)         0.480     1.057    u_baseline/clk_IBUF_BUFG
    SLICE_X96Y205        FDRE                                         r  u_baseline/compute_cycles_reg[0]/C
                         clock pessimism             -0.282     0.775    
    SLICE_X96Y205        FDRE (Hold_AFF_SLICEM_C_D)
                                                      0.046     0.821    u_baseline/compute_cycles_reg[0]
  -------------------------------------------------------------------
                         required time                         -0.821    
                         arrival time                           0.896    
  -------------------------------------------------------------------
                         slack                                  0.076    

Slack (MET) :             0.076ns  (arrival time - required time)
  Source:                 u_baseline/out_idx_q_reg[2]/C
                            (rising edge-triggered cell FDRE clocked by clk  {rise@0.000ns fall@2.750ns period=5.500ns})
  Destination:            u_baseline/out_idx_reg[2]/D
                            (rising edge-triggered cell FDRE clocked by clk  {rise@0.000ns fall@2.750ns period=5.500ns})
  Path Group:             clk
  Path Type:              Hold (Min at Fast Process Corner)
  Requirement:            0.000ns  (clk rise@0.000ns - clk rise@0.000ns)
  Data Path Delay:        0.138ns  (logic 0.040ns (28.894%)  route 0.098ns (71.106%))
  Logic Levels:           0  
  Clock Path Skew:        0.016ns (DCD - SCD - CPR)
    Destination Clock Delay (DCD):    1.096ns
    Source Clock Delay      (SCD):    0.807ns
    Clock Pessimism Removal (CPR):    0.273ns
  Clock Net Delay (Source):      0.458ns (routing 0.000ns, distribution 0.458ns)
  Clock Net Delay (Destination): 0.520ns (routing 0.001ns, distribution 0.519ns)

    Location             Delay type                Incr(ns)  Path(ns)    Netlist Resource(s)
  -------------------------------------------------------------------    -------------------
                         (clock clk rise edge)        0.000     0.000 r  
    P11                                               0.000     0.000 r  clk (IN)
                         net (fo=0)                   0.000     0.000    clk_IBUF_inst/I
    P11                  INBUF (Prop_INBUF_HPIOB_M_PAD_O)
                                                      0.183     0.183 r  clk_IBUF_inst/INBUF_INST/O
                         net (fo=1, routed)           0.000     0.183    clk_IBUF_inst/OUT
    P11                  IBUFCTRL (Prop_IBUFCTRL_HPIOB_M_I_O)
                                                      0.000     0.183 r  clk_IBUF_inst/IBUFCTRL_INST/O
                         net (fo=1, routed)           0.149     0.332    clk_IBUF
    BUFGCE_X0Y77         BUFGCE (Prop_BUFCE_BUFGCE_I_O)
                                                      0.017     0.349 r  clk_IBUF_BUFG_inst/O
    X3Y3 (CLOCK_ROOT)    net (fo=343, routed)         0.458     0.807    u_baseline/clk_IBUF_BUFG
    SLICE_X82Y197        FDRE                                         r  u_baseline/out_idx_q_reg[2]/C
  -------------------------------------------------------------------    -------------------
    SLICE_X82Y197        FDRE (Prop_BFF2_SLICEM_C_Q)
                                                      0.040     0.847 r  u_baseline/out_idx_q_reg[2]/Q
                         net (fo=14, routed)          0.098     0.946    u_baseline/out_idx_q_reg[2]
    SLICE_X83Y196        FDRE                                         r  u_baseline/out_idx_reg[2]/D
  -------------------------------------------------------------------    -------------------

                         (clock clk rise edge)        0.000     0.000 r  
    P11                                               0.000     0.000 r  clk (IN)
                         net (fo=0)                   0.000     0.000    clk_IBUF_inst/I
    P11                  INBUF (Prop_INBUF_HPIOB_M_PAD_O)
                                                      0.368     0.368 r  clk_IBUF_inst/INBUF_INST/O
                         net (fo=1, routed)           0.000     0.368    clk_IBUF_inst/OUT
    P11                  IBUFCTRL (Prop_IBUFCTRL_HPIOB_M_I_O)
                                                      0.000     0.368 r  clk_IBUF_inst/IBUFCTRL_INST/O
                         net (fo=1, routed)           0.189     0.557    clk_IBUF
    BUFGCE_X0Y77         BUFGCE (Prop_BUFCE_BUFGCE_I_O)
                                                      0.019     0.576 r  clk_IBUF_BUFG_inst/O
    X3Y3 (CLOCK_ROOT)    net (fo=343, routed)         0.520     1.096    u_baseline/clk_IBUF_BUFG
    SLICE_X83Y196        FDRE                                         r  u_baseline/out_idx_reg[2]/C
                         clock pessimism             -0.273     0.823    
    SLICE_X83Y196        FDRE (Hold_EFF_SLICEL_C_D)
                                                      0.046     0.869    u_baseline/out_idx_reg[2]
  -------------------------------------------------------------------
                         required time                         -0.869    
                         arrival time                           0.946    
  -------------------------------------------------------------------
                         slack                                  0.076    

Slack (MET) :             0.078ns  (arrival time - required time)
  Source:                 u_baseline/acc_q_reg[31]/C
                            (rising edge-triggered cell FDRE clocked by clk  {rise@0.000ns fall@2.750ns period=5.500ns})
  Destination:            u_baseline/acc_q_reg[31]/D
                            (rising edge-triggered cell FDRE clocked by clk  {rise@0.000ns fall@2.750ns period=5.500ns})
  Path Group:             clk
  Path Type:              Hold (Min at Fast Process Corner)
  Requirement:            0.000ns  (clk rise@0.000ns - clk rise@0.000ns)
  Data Path Delay:        0.130ns  (logic 0.080ns (61.689%)  route 0.050ns (38.311%))
  Logic Levels:           2  (CARRY8=1 LUT2=1)
  Clock Path Skew:        0.006ns (DCD - SCD - CPR)
    Destination Clock Delay (DCD):    1.107ns
    Source Clock Delay      (SCD):    0.814ns
    Clock Pessimism Removal (CPR):    0.287ns
  Clock Net Delay (Source):      0.465ns (routing 0.000ns, distribution 0.465ns)
  Clock Net Delay (Destination): 0.530ns (routing 0.001ns, distribution 0.529ns)

    Location             Delay type                Incr(ns)  Path(ns)    Netlist Resource(s)
  -------------------------------------------------------------------    -------------------
                         (clock clk rise edge)        0.000     0.000 r  
    P11                                               0.000     0.000 r  clk (IN)
                         net (fo=0)                   0.000     0.000    clk_IBUF_inst/I
    P11                  INBUF (Prop_INBUF_HPIOB_M_PAD_O)
                                                      0.183     0.183 r  clk_IBUF_inst/INBUF_INST/O
                         net (fo=1, routed)           0.000     0.183    clk_IBUF_inst/OUT
    P11                  IBUFCTRL (Prop_IBUFCTRL_HPIOB_M_I_O)
                                                      0.000     0.183 r  clk_IBUF_inst/IBUFCTRL_INST/O
                         net (fo=1, routed)           0.149     0.332    clk_IBUF
    BUFGCE_X0Y77         BUFGCE (Prop_BUFCE_BUFGCE_I_O)
                                                      0.017     0.349 r  clk_IBUF_BUFG_inst/O
    X3Y3 (CLOCK_ROOT)    net (fo=343, routed)         0.465     0.814    u_baseline/clk_IBUF_BUFG
    SLICE_X79Y195        FDRE                                         r  u_baseline/acc_q_reg[31]/C
  -------------------------------------------------------------------    -------------------
    SLICE_X79Y195        FDRE (Prop_HFF_SLICEM_C_Q)
                                                      0.039     0.853 r  u_baseline/acc_q_reg[31]/Q
                         net (fo=2, routed)           0.031     0.883    u_baseline/acc_q_reg[31]
    SLICE_X79Y195        LUT2 (Prop_H6LUT_SLICEM_I1_O)
                                                      0.023     0.906 r  u_baseline/acc_q[24]_i_2/O
                         net (fo=1, routed)           0.012     0.918    u_baseline/acc_q[24]_i_2_n_0
    SLICE_X79Y195        CARRY8 (Prop_CARRY8_SLICEM_S[7]_O[7])
                                                      0.018     0.936 r  u_baseline/acc_q_reg[24]_i_1/O[7]
                         net (fo=1, routed)           0.007     0.943    u_baseline/acc_q_reg[24]_i_1_n_8
    SLICE_X79Y195        FDRE                                         r  u_baseline/acc_q_reg[31]/D
  -------------------------------------------------------------------    -------------------

                         (clock clk rise edge)        0.000     0.000 r  
    P11                                               0.000     0.000 r  clk (IN)
                         net (fo=0)                   0.000     0.000    clk_IBUF_inst/I
    P11                  INBUF (Prop_INBUF_HPIOB_M_PAD_O)
                                                      0.368     0.368 r  clk_IBUF_inst/INBUF_INST/O
                         net (fo=1, routed)           0.000     0.368    clk_IBUF_inst/OUT
    P11                  IBUFCTRL (Prop_IBUFCTRL_HPIOB_M_I_O)
                                                      0.000     0.368 r  clk_IBUF_inst/IBUFCTRL_INST/O
                         net (fo=1, routed)           0.189     0.557    clk_IBUF
    BUFGCE_X0Y77         BUFGCE (Prop_BUFCE_BUFGCE_I_O)
                                                      0.019     0.576 r  clk_IBUF_BUFG_inst/O
    X3Y3 (CLOCK_ROOT)    net (fo=343, routed)         0.530     1.107    u_baseline/clk_IBUF_BUFG
    SLICE_X79Y195        FDRE                                         r  u_baseline/acc_q_reg[31]/C
                         clock pessimism             -0.287     0.820    
    SLICE_X79Y195        FDRE (Hold_HFF_SLICEM_C_D)
                                                      0.046     0.866    u_baseline/acc_q_reg[31]
  -------------------------------------------------------------------
                         required time                         -0.866    
                         arrival time                           0.943    
  -------------------------------------------------------------------
                         slack                                  0.078    

Slack (MET) :             0.078ns  (arrival time - required time)
  Source:                 u_baseline/acc_q_reg[14]/C
                            (rising edge-triggered cell FDRE clocked by clk  {rise@0.000ns fall@2.750ns period=5.500ns})
  Destination:            u_baseline/acc_q_reg[14]/D
                            (rising edge-triggered cell FDRE clocked by clk  {rise@0.000ns fall@2.750ns period=5.500ns})
  Path Group:             clk
  Path Type:              Hold (Min at Fast Process Corner)
  Requirement:            0.000ns  (clk rise@0.000ns - clk rise@0.000ns)
  Data Path Delay:        0.130ns  (logic 0.079ns (60.918%)  route 0.051ns (39.082%))
  Logic Levels:           2  (CARRY8=1 LUT2=1)
  Clock Path Skew:        0.006ns (DCD - SCD - CPR)
    Destination Clock Delay (DCD):    1.115ns
    Source Clock Delay      (SCD):    0.822ns
    Clock Pessimism Removal (CPR):    0.287ns
  Clock Net Delay (Source):      0.473ns (routing 0.000ns, distribution 0.473ns)
  Clock Net Delay (Destination): 0.539ns (routing 0.001ns, distribution 0.538ns)

    Location             Delay type                Incr(ns)  Path(ns)    Netlist Resource(s)
  -------------------------------------------------------------------    -------------------
                         (clock clk rise edge)        0.000     0.000 r  
    P11                                               0.000     0.000 r  clk (IN)
                         net (fo=0)                   0.000     0.000    clk_IBUF_inst/I
    P11                  INBUF (Prop_INBUF_HPIOB_M_PAD_O)
                                                      0.183     0.183 r  clk_IBUF_inst/INBUF_INST/O
                         net (fo=1, routed)           0.000     0.183    clk_IBUF_inst/OUT
    P11                  IBUFCTRL (Prop_IBUFCTRL_HPIOB_M_I_O)
                                                      0.000     0.183 r  clk_IBUF_inst/IBUFCTRL_INST/O
                         net (fo=1, routed)           0.149     0.332    clk_IBUF
    BUFGCE_X0Y77         BUFGCE (Prop_BUFCE_BUFGCE_I_O)
                                                      0.017     0.349 r  clk_IBUF_BUFG_inst/O
    X3Y3 (CLOCK_ROOT)    net (fo=343, routed)         0.473     0.822    u_baseline/clk_IBUF_BUFG
    SLICE_X79Y193        FDRE                                         r  u_baseline/acc_q_reg[14]/C
  -------------------------------------------------------------------    -------------------
    SLICE_X79Y193        FDRE (Prop_GFF_SLICEM_C_Q)
                                                      0.039     0.861 r  u_baseline/acc_q_reg[14]/Q
                         net (fo=2, routed)           0.032     0.892    u_baseline/acc_q_reg[14]
    SLICE_X79Y193        LUT2 (Prop_G6LUT_SLICEM_I1_O)
                                                      0.022     0.914 r  u_baseline/acc_q[8]_i_3/O
                         net (fo=1, routed)           0.012     0.926    u_baseline/acc_q[8]_i_3_n_0
    SLICE_X79Y193        CARRY8 (Prop_CARRY8_SLICEM_S[6]_O[6])
                                                      0.018     0.944 r  u_baseline/acc_q_reg[8]_i_1/O[6]
                         net (fo=1, routed)           0.007     0.951    u_baseline/acc_q_reg[8]_i_1_n_9
    SLICE_X79Y193        FDRE                                         r  u_baseline/acc_q_reg[14]/D
  -------------------------------------------------------------------    -------------------

                         (clock clk rise edge)        0.000     0.000 r  
    P11                                               0.000     0.000 r  clk (IN)
                         net (fo=0)                   0.000     0.000    clk_IBUF_inst/I
    P11                  INBUF (Prop_INBUF_HPIOB_M_PAD_O)
                                                      0.368     0.368 r  clk_IBUF_inst/INBUF_INST/O
                         net (fo=1, routed)           0.000     0.368    clk_IBUF_inst/OUT
    P11                  IBUFCTRL (Prop_IBUFCTRL_HPIOB_M_I_O)
                                                      0.000     0.368 r  clk_IBUF_inst/IBUFCTRL_INST/O
                         net (fo=1, routed)           0.189     0.557    clk_IBUF
    BUFGCE_X0Y77         BUFGCE (Prop_BUFCE_BUFGCE_I_O)
                                                      0.019     0.576 r  clk_IBUF_BUFG_inst/O
    X3Y3 (CLOCK_ROOT)    net (fo=343, routed)         0.539     1.115    u_baseline/clk_IBUF_BUFG
    SLICE_X79Y193        FDRE                                         r  u_baseline/acc_q_reg[14]/C
                         clock pessimism             -0.287     0.828    
    SLICE_X79Y193        FDRE (Hold_GFF_SLICEM_C_D)
                                                      0.046     0.874    u_baseline/acc_q_reg[14]
  -------------------------------------------------------------------
                         required time                         -0.874    
                         arrival time                           0.951    
  -------------------------------------------------------------------
                         slack                                  0.078    

Slack (MET) :             0.078ns  (arrival time - required time)
  Source:                 u_baseline/acc_q_reg[22]/C
                            (rising edge-triggered cell FDRE clocked by clk  {rise@0.000ns fall@2.750ns period=5.500ns})
  Destination:            u_baseline/acc_q_reg[22]/D
                            (rising edge-triggered cell FDRE clocked by clk  {rise@0.000ns fall@2.750ns period=5.500ns})
  Path Group:             clk
  Path Type:              Hold (Min at Fast Process Corner)
  Requirement:            0.000ns  (clk rise@0.000ns - clk rise@0.000ns)
  Data Path Delay:        0.130ns  (logic 0.079ns (60.918%)  route 0.051ns (39.082%))
  Logic Levels:           2  (CARRY8=1 LUT2=1)
  Clock Path Skew:        0.006ns (DCD - SCD - CPR)
    Destination Clock Delay (DCD):    1.115ns
    Source Clock Delay      (SCD):    0.822ns
    Clock Pessimism Removal (CPR):    0.287ns
  Clock Net Delay (Source):      0.473ns (routing 0.000ns, distribution 0.473ns)
  Clock Net Delay (Destination): 0.539ns (routing 0.001ns, distribution 0.538ns)

    Location             Delay type                Incr(ns)  Path(ns)    Netlist Resource(s)
  -------------------------------------------------------------------    -------------------
                         (clock clk rise edge)        0.000     0.000 r  
    P11                                               0.000     0.000 r  clk (IN)
                         net (fo=0)                   0.000     0.000    clk_IBUF_inst/I
    P11                  INBUF (Prop_INBUF_HPIOB_M_PAD_O)
                                                      0.183     0.183 r  clk_IBUF_inst/INBUF_INST/O
                         net (fo=1, routed)           0.000     0.183    clk_IBUF_inst/OUT
    P11                  IBUFCTRL (Prop_IBUFCTRL_HPIOB_M_I_O)
                                                      0.000     0.183 r  clk_IBUF_inst/IBUFCTRL_INST/O
                         net (fo=1, routed)           0.149     0.332    clk_IBUF
    BUFGCE_X0Y77         BUFGCE (Prop_BUFCE_BUFGCE_I_O)
                                                      0.017     0.349 r  clk_IBUF_BUFG_inst/O
    X3Y3 (CLOCK_ROOT)    net (fo=343, routed)         0.473     0.822    u_baseline/clk_IBUF_BUFG
    SLICE_X79Y194        FDRE                                         r  u_baseline/acc_q_reg[22]/C
  -------------------------------------------------------------------    -------------------
    SLICE_X79Y194        FDRE (Prop_GFF_SLICEM_C_Q)
                                                      0.039     0.861 r  u_baseline/acc_q_reg[22]/Q
                         net (fo=2, routed)           0.032     0.892    u_baseline/acc_q_reg[22]
    SLICE_X79Y194        LUT2 (Prop_G6LUT_SLICEM_I1_O)
                                                      0.022     0.914 r  u_baseline/acc_q[16]_i_3/O
                         net (fo=1, routed)           0.012     0.926    u_baseline/acc_q[16]_i_3_n_0
    SLICE_X79Y194        CARRY8 (Prop_CARRY8_SLICEM_S[6]_O[6])
                                                      0.018     0.944 r  u_baseline/acc_q_reg[16]_i_1/O[6]
                         net (fo=1, routed)           0.007     0.951    u_baseline/acc_q_reg[16]_i_1_n_9
    SLICE_X79Y194        FDRE                                         r  u_baseline/acc_q_reg[22]/D
  -------------------------------------------------------------------    -------------------

                         (clock clk rise edge)        0.000     0.000 r  
    P11                                               0.000     0.000 r  clk (IN)
                         net (fo=0)                   0.000     0.000    clk_IBUF_inst/I
    P11                  INBUF (Prop_INBUF_HPIOB_M_PAD_O)
                                                      0.368     0.368 r  clk_IBUF_inst/INBUF_INST/O
                         net (fo=1, routed)           0.000     0.368    clk_IBUF_inst/OUT
    P11                  IBUFCTRL (Prop_IBUFCTRL_HPIOB_M_I_O)
                                                      0.000     0.368 r  clk_IBUF_inst/IBUFCTRL_INST/O
                         net (fo=1, routed)           0.189     0.557    clk_IBUF
    BUFGCE_X0Y77         BUFGCE (Prop_BUFCE_BUFGCE_I_O)
                                                      0.019     0.576 r  clk_IBUF_BUFG_inst/O
    X3Y3 (CLOCK_ROOT)    net (fo=343, routed)         0.539     1.115    u_baseline/clk_IBUF_BUFG
    SLICE_X79Y194        FDRE                                         r  u_baseline/acc_q_reg[22]/C
                         clock pessimism             -0.287     0.828    
    SLICE_X79Y194        FDRE (Hold_GFF_SLICEM_C_D)
                                                      0.046     0.874    u_baseline/acc_q_reg[22]
  -------------------------------------------------------------------
                         required time                         -0.874    
                         arrival time                           0.951    
  -------------------------------------------------------------------
                         slack                                  0.078    

Slack (MET) :             0.079ns  (arrival time - required time)
  Source:                 u_baseline/acc_q_reg[27]/C
                            (rising edge-triggered cell FDRE clocked by clk  {rise@0.000ns fall@2.750ns period=5.500ns})
  Destination:            u_baseline/out_data_reg[27]/D
                            (rising edge-triggered cell FDRE clocked by clk  {rise@0.000ns fall@2.750ns period=5.500ns})
  Path Group:             clk
  Path Type:              Hold (Min at Fast Process Corner)
  Requirement:            0.000ns  (clk rise@0.000ns - clk rise@0.000ns)
  Data Path Delay:        0.150ns  (logic 0.039ns (25.984%)  route 0.111ns (74.016%))
  Logic Levels:           0  
  Clock Path Skew:        0.025ns (DCD - SCD - CPR)
    Destination Clock Delay (DCD):    1.112ns
    Source Clock Delay      (SCD):    0.815ns
    Clock Pessimism Removal (CPR):    0.272ns
  Clock Net Delay (Source):      0.466ns (routing 0.000ns, distribution 0.466ns)
  Clock Net Delay (Destination): 0.536ns (routing 0.001ns, distribution 0.535ns)

    Location             Delay type                Incr(ns)  Path(ns)    Netlist Resource(s)
  -------------------------------------------------------------------    -------------------
                         (clock clk rise edge)        0.000     0.000 r  
    P11                                               0.000     0.000 r  clk (IN)
                         net (fo=0)                   0.000     0.000    clk_IBUF_inst/I
    P11                  INBUF (Prop_INBUF_HPIOB_M_PAD_O)
                                                      0.183     0.183 r  clk_IBUF_inst/INBUF_INST/O
                         net (fo=1, routed)           0.000     0.183    clk_IBUF_inst/OUT
    P11                  IBUFCTRL (Prop_IBUFCTRL_HPIOB_M_I_O)
                                                      0.000     0.183 r  clk_IBUF_inst/IBUFCTRL_INST/O
                         net (fo=1, routed)           0.149     0.332    clk_IBUF
    BUFGCE_X0Y77         BUFGCE (Prop_BUFCE_BUFGCE_I_O)
                                                      0.017     0.349 r  clk_IBUF_BUFG_inst/O
    X3Y3 (CLOCK_ROOT)    net (fo=343, routed)         0.466     0.815    u_baseline/clk_IBUF_BUFG
    SLICE_X79Y195        FDRE                                         r  u_baseline/acc_q_reg[27]/C
  -------------------------------------------------------------------    -------------------
    SLICE_X79Y195        FDRE (Prop_DFF_SLICEM_C_Q)
                                                      0.039     0.854 r  u_baseline/acc_q_reg[27]/Q
                         net (fo=2, routed)           0.111     0.965    u_baseline/acc_q_reg[27]
    SLICE_X80Y193        FDRE                                         r  u_baseline/out_data_reg[27]/D
  -------------------------------------------------------------------    -------------------

                         (clock clk rise edge)        0.000     0.000 r  
    P11                                               0.000     0.000 r  clk (IN)
                         net (fo=0)                   0.000     0.000    clk_IBUF_inst/I
    P11                  INBUF (Prop_INBUF_HPIOB_M_PAD_O)
                                                      0.368     0.368 r  clk_IBUF_inst/INBUF_INST/O
                         net (fo=1, routed)           0.000     0.368    clk_IBUF_inst/OUT
    P11                  IBUFCTRL (Prop_IBUFCTRL_HPIOB_M_I_O)
                                                      0.000     0.368 r  clk_IBUF_inst/IBUFCTRL_INST/O
                         net (fo=1, routed)           0.189     0.557    clk_IBUF
    BUFGCE_X0Y77         BUFGCE (Prop_BUFCE_BUFGCE_I_O)
                                                      0.019     0.576 r  clk_IBUF_BUFG_inst/O
    X3Y3 (CLOCK_ROOT)    net (fo=343, routed)         0.536     1.112    u_baseline/clk_IBUF_BUFG
    SLICE_X80Y193        FDRE                                         r  u_baseline/out_data_reg[27]/C
                         clock pessimism             -0.272     0.840    
    SLICE_X80Y193        FDRE (Hold_GFF_SLICEL_C_D)
                                                      0.046     0.886    u_baseline/out_data_reg[27]
  -------------------------------------------------------------------
                         required time                         -0.886    
                         arrival time                           0.965    
  -------------------------------------------------------------------
                         slack                                  0.079    

Slack (MET) :             0.079ns  (arrival time - required time)
  Source:                 u_baseline/compute_cycles_reg[18]/C
                            (rising edge-triggered cell FDRE clocked by clk  {rise@0.000ns fall@2.750ns period=5.500ns})
  Destination:            u_baseline/compute_cycles_reg[19]/D
                            (rising edge-triggered cell FDRE clocked by clk  {rise@0.000ns fall@2.750ns period=5.500ns})
  Path Group:             clk
  Path Type:              Hold (Min at Fast Process Corner)
  Requirement:            0.000ns  (clk rise@0.000ns - clk rise@0.000ns)
  Data Path Delay:        0.131ns  (logic 0.066ns (50.504%)  route 0.065ns (49.496%))
  Logic Levels:           1  (CARRY8=1)
  Clock Path Skew:        0.006ns (DCD - SCD - CPR)
    Destination Clock Delay (DCD):    1.056ns
    Source Clock Delay      (SCD):    0.767ns
    Clock Pessimism Removal (CPR):    0.283ns
  Clock Net Delay (Source):      0.418ns (routing 0.000ns, distribution 0.418ns)
  Clock Net Delay (Destination): 0.479ns (routing 0.001ns, distribution 0.478ns)

    Location             Delay type                Incr(ns)  Path(ns)    Netlist Resource(s)
  -------------------------------------------------------------------    -------------------
                         (clock clk rise edge)        0.000     0.000 r  
    P11                                               0.000     0.000 r  clk (IN)
                         net (fo=0)                   0.000     0.000    clk_IBUF_inst/I
    P11                  INBUF (Prop_INBUF_HPIOB_M_PAD_O)
                                                      0.183     0.183 r  clk_IBUF_inst/INBUF_INST/O
                         net (fo=1, routed)           0.000     0.183    clk_IBUF_inst/OUT
    P11                  IBUFCTRL (Prop_IBUFCTRL_HPIOB_M_I_O)
                                                      0.000     0.183 r  clk_IBUF_inst/IBUFCTRL_INST/O
                         net (fo=1, routed)           0.149     0.332    clk_IBUF
    BUFGCE_X0Y77         BUFGCE (Prop_BUFCE_BUFGCE_I_O)
                                                      0.017     0.349 r  clk_IBUF_BUFG_inst/O
    X3Y3 (CLOCK_ROOT)    net (fo=343, routed)         0.418     0.767    u_baseline/clk_IBUF_BUFG
    SLICE_X96Y207        FDRE                                         r  u_baseline/compute_cycles_reg[18]/C
  -------------------------------------------------------------------    -------------------
    SLICE_X96Y207        FDRE (Prop_CFF_SLICEM_C_Q)
                                                      0.038     0.805 r  u_baseline/compute_cycles_reg[18]/Q
                         net (fo=2, routed)           0.058     0.862    u_baseline/compute_cycles[18]
    SLICE_X96Y207        CARRY8 (Prop_CARRY8_SLICEM_S[2]_O[3])
                                                      0.028     0.890 r  u_baseline/compute_cycles_reg[16]_i_1/O[3]
                         net (fo=1, routed)           0.007     0.897    u_baseline/compute_cycles_reg[16]_i_1_n_12
    SLICE_X96Y207        FDRE                                         r  u_baseline/compute_cycles_reg[19]/D
  -------------------------------------------------------------------    -------------------

                         (clock clk rise edge)        0.000     0.000 r  
    P11                                               0.000     0.000 r  clk (IN)
                         net (fo=0)                   0.000     0.000    clk_IBUF_inst/I
    P11                  INBUF (Prop_INBUF_HPIOB_M_PAD_O)
                                                      0.368     0.368 r  clk_IBUF_inst/INBUF_INST/O
                         net (fo=1, routed)           0.000     0.368    clk_IBUF_inst/OUT
    P11                  IBUFCTRL (Prop_IBUFCTRL_HPIOB_M_I_O)
                                                      0.000     0.368 r  clk_IBUF_inst/IBUFCTRL_INST/O
                         net (fo=1, routed)           0.189     0.557    clk_IBUF
    BUFGCE_X0Y77         BUFGCE (Prop_BUFCE_BUFGCE_I_O)
                                                      0.019     0.576 r  clk_IBUF_BUFG_inst/O
    X3Y3 (CLOCK_ROOT)    net (fo=343, routed)         0.479     1.056    u_baseline/clk_IBUF_BUFG
    SLICE_X96Y207        FDRE                                         r  u_baseline/compute_cycles_reg[19]/C
                         clock pessimism             -0.283     0.773    
    SLICE_X96Y207        FDRE (Hold_DFF_SLICEM_C_D)
                                                      0.046     0.819    u_baseline/compute_cycles_reg[19]
  -------------------------------------------------------------------
                         required time                         -0.819    
                         arrival time                           0.897    
  -------------------------------------------------------------------
                         slack                                  0.079    

Slack (MET) :             0.079ns  (arrival time - required time)
  Source:                 u_baseline/compute_cycles_reg[10]/C
                            (rising edge-triggered cell FDRE clocked by clk  {rise@0.000ns fall@2.750ns period=5.500ns})
  Destination:            u_baseline/compute_cycles_reg[11]/D
                            (rising edge-triggered cell FDRE clocked by clk  {rise@0.000ns fall@2.750ns period=5.500ns})
  Path Group:             clk
  Path Type:              Hold (Min at Fast Process Corner)
  Requirement:            0.000ns  (clk rise@0.000ns - clk rise@0.000ns)
  Data Path Delay:        0.131ns  (logic 0.066ns (50.504%)  route 0.065ns (49.496%))
  Logic Levels:           1  (CARRY8=1)
  Clock Path Skew:        0.006ns (DCD - SCD - CPR)
    Destination Clock Delay (DCD):    1.057ns
    Source Clock Delay      (SCD):    0.768ns
    Clock Pessimism Removal (CPR):    0.283ns
  Clock Net Delay (Source):      0.419ns (routing 0.000ns, distribution 0.419ns)
  Clock Net Delay (Destination): 0.480ns (routing 0.001ns, distribution 0.479ns)

    Location             Delay type                Incr(ns)  Path(ns)    Netlist Resource(s)
  -------------------------------------------------------------------    -------------------
                         (clock clk rise edge)        0.000     0.000 r  
    P11                                               0.000     0.000 r  clk (IN)
                         net (fo=0)                   0.000     0.000    clk_IBUF_inst/I
    P11                  INBUF (Prop_INBUF_HPIOB_M_PAD_O)
                                                      0.183     0.183 r  clk_IBUF_inst/INBUF_INST/O
                         net (fo=1, routed)           0.000     0.183    clk_IBUF_inst/OUT
    P11                  IBUFCTRL (Prop_IBUFCTRL_HPIOB_M_I_O)
                                                      0.000     0.183 r  clk_IBUF_inst/IBUFCTRL_INST/O
                         net (fo=1, routed)           0.149     0.332    clk_IBUF
    BUFGCE_X0Y77         BUFGCE (Prop_BUFCE_BUFGCE_I_O)
                                                      0.017     0.349 r  clk_IBUF_BUFG_inst/O
    X3Y3 (CLOCK_ROOT)    net (fo=343, routed)         0.419     0.768    u_baseline/clk_IBUF_BUFG
    SLICE_X96Y206        FDRE                                         r  u_baseline/compute_cycles_reg[10]/C
  -------------------------------------------------------------------    -------------------
    SLICE_X96Y206        FDRE (Prop_CFF_SLICEM_C_Q)
                                                      0.038     0.806 r  u_baseline/compute_cycles_reg[10]/Q
                         net (fo=2, routed)           0.058     0.863    u_baseline/compute_cycles[10]
    SLICE_X96Y206        CARRY8 (Prop_CARRY8_SLICEM_S[2]_O[3])
                                                      0.028     0.891 r  u_baseline/compute_cycles_reg[8]_i_1/O[3]
                         net (fo=1, routed)           0.007     0.898    u_baseline/compute_cycles_reg[8]_i_1_n_12
    SLICE_X96Y206        FDRE                                         r  u_baseline/compute_cycles_reg[11]/D
  -------------------------------------------------------------------    -------------------

                         (clock clk rise edge)        0.000     0.000 r  
    P11                                               0.000     0.000 r  clk (IN)
                         net (fo=0)                   0.000     0.000    clk_IBUF_inst/I
    P11                  INBUF (Prop_INBUF_HPIOB_M_PAD_O)
                                                      0.368     0.368 r  clk_IBUF_inst/INBUF_INST/O
                         net (fo=1, routed)           0.000     0.368    clk_IBUF_inst/OUT
    P11                  IBUFCTRL (Prop_IBUFCTRL_HPIOB_M_I_O)
                                                      0.000     0.368 r  clk_IBUF_inst/IBUFCTRL_INST/O
                         net (fo=1, routed)           0.189     0.557    clk_IBUF
    BUFGCE_X0Y77         BUFGCE (Prop_BUFCE_BUFGCE_I_O)
                                                      0.019     0.576 r  clk_IBUF_BUFG_inst/O
    X3Y3 (CLOCK_ROOT)    net (fo=343, routed)         0.480     1.057    u_baseline/clk_IBUF_BUFG
    SLICE_X96Y206        FDRE                                         r  u_baseline/compute_cycles_reg[11]/C
                         clock pessimism             -0.283     0.774    
    SLICE_X96Y206        FDRE (Hold_DFF_SLICEM_C_D)
                                                      0.046     0.820    u_baseline/compute_cycles_reg[11]
  -------------------------------------------------------------------
                         required time                         -0.820    
                         arrival time                           0.898    
  -------------------------------------------------------------------
                         slack                                  0.079    

Slack (MET) :             0.079ns  (arrival time - required time)
  Source:                 u_baseline/compute_cycles_reg[26]/C
                            (rising edge-triggered cell FDRE clocked by clk  {rise@0.000ns fall@2.750ns period=5.500ns})
  Destination:            u_baseline/compute_cycles_reg[27]/D
                            (rising edge-triggered cell FDRE clocked by clk  {rise@0.000ns fall@2.750ns period=5.500ns})
  Path Group:             clk
  Path Type:              Hold (Min at Fast Process Corner)
  Requirement:            0.000ns  (clk rise@0.000ns - clk rise@0.000ns)
  Data Path Delay:        0.131ns  (logic 0.066ns (50.504%)  route 0.065ns (49.496%))
  Logic Levels:           1  (CARRY8=1)
  Clock Path Skew:        0.006ns (DCD - SCD - CPR)
    Destination Clock Delay (DCD):    1.055ns
    Source Clock Delay      (SCD):    0.766ns
    Clock Pessimism Removal (CPR):    0.283ns
  Clock Net Delay (Source):      0.417ns (routing 0.000ns, distribution 0.417ns)
  Clock Net Delay (Destination): 0.478ns (routing 0.001ns, distribution 0.477ns)

    Location             Delay type                Incr(ns)  Path(ns)    Netlist Resource(s)
  -------------------------------------------------------------------    -------------------
                         (clock clk rise edge)        0.000     0.000 r  
    P11                                               0.000     0.000 r  clk (IN)
                         net (fo=0)                   0.000     0.000    clk_IBUF_inst/I
    P11                  INBUF (Prop_INBUF_HPIOB_M_PAD_O)
                                                      0.183     0.183 r  clk_IBUF_inst/INBUF_INST/O
                         net (fo=1, routed)           0.000     0.183    clk_IBUF_inst/OUT
    P11                  IBUFCTRL (Prop_IBUFCTRL_HPIOB_M_I_O)
                                                      0.000     0.183 r  clk_IBUF_inst/IBUFCTRL_INST/O
                         net (fo=1, routed)           0.149     0.332    clk_IBUF
    BUFGCE_X0Y77         BUFGCE (Prop_BUFCE_BUFGCE_I_O)
                                                      0.017     0.349 r  clk_IBUF_BUFG_inst/O
    X3Y3 (CLOCK_ROOT)    net (fo=343, routed)         0.417     0.766    u_baseline/clk_IBUF_BUFG
    SLICE_X96Y208        FDRE                                         r  u_baseline/compute_cycles_reg[26]/C
  -------------------------------------------------------------------    -------------------
    SLICE_X96Y208        FDRE (Prop_CFF_SLICEM_C_Q)
                                                      0.038     0.804 r  u_baseline/compute_cycles_reg[26]/Q
                         net (fo=2, routed)           0.058     0.861    u_baseline/compute_cycles[26]
    SLICE_X96Y208        CARRY8 (Prop_CARRY8_SLICEM_S[2]_O[3])
                                                      0.028     0.889 r  u_baseline/compute_cycles_reg[24]_i_1/O[3]
                         net (fo=1, routed)           0.007     0.896    u_baseline/compute_cycles_reg[24]_i_1_n_12
    SLICE_X96Y208        FDRE                                         r  u_baseline/compute_cycles_reg[27]/D
  -------------------------------------------------------------------    -------------------

                         (clock clk rise edge)        0.000     0.000 r  
    P11                                               0.000     0.000 r  clk (IN)
                         net (fo=0)                   0.000     0.000    clk_IBUF_inst/I
    P11                  INBUF (Prop_INBUF_HPIOB_M_PAD_O)
                                                      0.368     0.368 r  clk_IBUF_inst/INBUF_INST/O
                         net (fo=1, routed)           0.000     0.368    clk_IBUF_inst/OUT
    P11                  IBUFCTRL (Prop_IBUFCTRL_HPIOB_M_I_O)
                                                      0.000     0.368 r  clk_IBUF_inst/IBUFCTRL_INST/O
                         net (fo=1, routed)           0.189     0.557    clk_IBUF
    BUFGCE_X0Y77         BUFGCE (Prop_BUFCE_BUFGCE_I_O)
                                                      0.019     0.576 r  clk_IBUF_BUFG_inst/O
    X3Y3 (CLOCK_ROOT)    net (fo=343, routed)         0.478     1.055    u_baseline/clk_IBUF_BUFG
    SLICE_X96Y208        FDRE                                         r  u_baseline/compute_cycles_reg[27]/C
                         clock pessimism             -0.283     0.772    
    SLICE_X96Y208        FDRE (Hold_DFF_SLICEM_C_D)
                                                      0.046     0.818    u_baseline/compute_cycles_reg[27]
  -------------------------------------------------------------------
                         required time                         -0.818    
                         arrival time                           0.896    
  -------------------------------------------------------------------
                         slack                                  0.079    

Slack (MET) :             0.079ns  (arrival time - required time)
  Source:                 u_baseline/compute_cycles_reg[2]/C
                            (rising edge-triggered cell FDRE clocked by clk  {rise@0.000ns fall@2.750ns period=5.500ns})
  Destination:            u_baseline/compute_cycles_reg[3]/D
                            (rising edge-triggered cell FDRE clocked by clk  {rise@0.000ns fall@2.750ns period=5.500ns})
  Path Group:             clk
  Path Type:              Hold (Min at Fast Process Corner)
  Requirement:            0.000ns  (clk rise@0.000ns - clk rise@0.000ns)
  Data Path Delay:        0.131ns  (logic 0.066ns (50.504%)  route 0.065ns (49.496%))
  Logic Levels:           1  (CARRY8=1)
  Clock Path Skew:        0.006ns (DCD - SCD - CPR)
    Destination Clock Delay (DCD):    1.057ns
    Source Clock Delay      (SCD):    0.769ns
    Clock Pessimism Removal (CPR):    0.282ns
  Clock Net Delay (Source):      0.420ns (routing 0.000ns, distribution 0.420ns)
  Clock Net Delay (Destination): 0.480ns (routing 0.001ns, distribution 0.479ns)

    Location             Delay type                Incr(ns)  Path(ns)    Netlist Resource(s)
  -------------------------------------------------------------------    -------------------
                         (clock clk rise edge)        0.000     0.000 r  
    P11                                               0.000     0.000 r  clk (IN)
                         net (fo=0)                   0.000     0.000    clk_IBUF_inst/I
    P11                  INBUF (Prop_INBUF_HPIOB_M_PAD_O)
                                                      0.183     0.183 r  clk_IBUF_inst/INBUF_INST/O
                         net (fo=1, routed)           0.000     0.183    clk_IBUF_inst/OUT
    P11                  IBUFCTRL (Prop_IBUFCTRL_HPIOB_M_I_O)
                                                      0.000     0.183 r  clk_IBUF_inst/IBUFCTRL_INST/O
                         net (fo=1, routed)           0.149     0.332    clk_IBUF
    BUFGCE_X0Y77         BUFGCE (Prop_BUFCE_BUFGCE_I_O)
                                                      0.017     0.349 r  clk_IBUF_BUFG_inst/O
    X3Y3 (CLOCK_ROOT)    net (fo=343, routed)         0.420     0.769    u_baseline/clk_IBUF_BUFG
    SLICE_X96Y205        FDRE                                         r  u_baseline/compute_cycles_reg[2]/C
  -------------------------------------------------------------------    -------------------
    SLICE_X96Y205        FDRE (Prop_CFF_SLICEM_C_Q)
                                                      0.038     0.807 r  u_baseline/compute_cycles_reg[2]/Q
                         net (fo=2, routed)           0.058     0.864    u_baseline/compute_cycles[2]
    SLICE_X96Y205        CARRY8 (Prop_CARRY8_SLICEM_S[2]_O[3])
                                                      0.028     0.892 r  u_baseline/compute_cycles_reg[0]_i_1/O[3]
                         net (fo=1, routed)           0.007     0.899    u_baseline/compute_cycles_reg[0]_i_1_n_12
    SLICE_X96Y205        FDRE                                         r  u_baseline/compute_cycles_reg[3]/D
  -------------------------------------------------------------------    -------------------

                         (clock clk rise edge)        0.000     0.000 r  
    P11                                               0.000     0.000 r  clk (IN)
                         net (fo=0)                   0.000     0.000    clk_IBUF_inst/I
    P11                  INBUF (Prop_INBUF_HPIOB_M_PAD_O)
                                                      0.368     0.368 r  clk_IBUF_inst/INBUF_INST/O
                         net (fo=1, routed)           0.000     0.368    clk_IBUF_inst/OUT
    P11                  IBUFCTRL (Prop_IBUFCTRL_HPIOB_M_I_O)
                                                      0.000     0.368 r  clk_IBUF_inst/IBUFCTRL_INST/O
                         net (fo=1, routed)           0.189     0.557    clk_IBUF
    BUFGCE_X0Y77         BUFGCE (Prop_BUFCE_BUFGCE_I_O)
                                                      0.019     0.576 r  clk_IBUF_BUFG_inst/O
    X3Y3 (CLOCK_ROOT)    net (fo=343, routed)         0.480     1.057    u_baseline/clk_IBUF_BUFG
    SLICE_X96Y205        FDRE                                         r  u_baseline/compute_cycles_reg[3]/C
                         clock pessimism             -0.282     0.775    
    SLICE_X96Y205        FDRE (Hold_DFF_SLICEM_C_D)
                                                      0.046     0.821    u_baseline/compute_cycles_reg[3]
  -------------------------------------------------------------------
                         required time                         -0.821    
                         arrival time                           0.899    
  -------------------------------------------------------------------
                         slack                                  0.079    





Pulse Width Checks
--------------------------------------------------------------------------------------
Clock Name:         clk
Waveform(ns):       { 0.000 2.750 }
Period(ns):         5.500
Sources:            { clk }

Check Type        Corner  Lib Pin             Reference Pin  Required(ns)  Actual(ns)  Slack(ns)  Location       Pin
Min Period        n/a     RAMB18E2/CLKBWRCLK  n/a            1.569         5.500       3.931      RAMB18_X10Y77  u_baseline/g_lane_mem[0].h0_mem_reg_bram_0/CLKBWRCLK
Min Period        n/a     RAMB18E2/CLKBWRCLK  n/a            1.569         5.500       3.931      RAMB18_X10Y78  u_baseline/g_lane_mem[0].h1_mem_reg_bram_0/CLKBWRCLK
Min Period        n/a     RAMB18E2/CLKBWRCLK  n/a            1.569         5.500       3.931      RAMB18_X10Y79  u_baseline/g_lane_mem[0].h2_mem_reg_bram_0/CLKBWRCLK
Min Period        n/a     RAMB18E2/CLKBWRCLK  n/a            1.569         5.500       3.931      RAMB18_X10Y75  u_baseline/g_lane_mem[0].h3_mem_reg_bram_0/CLKBWRCLK
Min Period        n/a     RAMB18E2/CLKBWRCLK  n/a            1.569         5.500       3.931      RAMB18_X11Y78  u_baseline/g_lane_mem[0].x0_mem_reg_bram_0/CLKBWRCLK
Min Period        n/a     RAMB18E2/CLKBWRCLK  n/a            1.569         5.500       3.931      RAMB18_X10Y76  u_baseline/g_lane_mem[0].x1_mem_reg_bram_0/CLKBWRCLK
Min Period        n/a     RAMB18E2/CLKBWRCLK  n/a            1.569         5.500       3.931      RAMB18_X11Y79  u_baseline/g_lane_mem[0].x2_mem_reg_bram_0/CLKBWRCLK
Min Period        n/a     RAMB18E2/CLKBWRCLK  n/a            1.569         5.500       3.931      RAMB18_X11Y76  u_baseline/g_lane_mem[0].x3_mem_reg_bram_0/CLKBWRCLK
Min Period        n/a     RAMB18E2/CLKBWRCLK  n/a            1.569         5.500       3.931      RAMB18_X12Y77  u_baseline/g_lane_mem[1].h0_mem_reg_bram_0/CLKBWRCLK
Min Period        n/a     RAMB18E2/CLKBWRCLK  n/a            1.569         5.500       3.931      RAMB18_X12Y80  u_baseline/g_lane_mem[1].h1_mem_reg_bram_0/CLKBWRCLK
Min Period        n/a     RAMB18E2/CLKBWRCLK  n/a            1.569         5.500       3.931      RAMB18_X12Y78  u_baseline/g_lane_mem[1].h2_mem_reg_bram_0/CLKBWRCLK
Min Period        n/a     RAMB18E2/CLKBWRCLK  n/a            1.569         5.500       3.931      RAMB18_X12Y81  u_baseline/g_lane_mem[1].h3_mem_reg_bram_0/CLKBWRCLK
Min Period        n/a     RAMB18E2/CLKBWRCLK  n/a            1.569         5.500       3.931      RAMB18_X11Y77  u_baseline/g_lane_mem[1].x0_mem_reg_bram_0/CLKBWRCLK
Min Period        n/a     RAMB18E2/CLKBWRCLK  n/a            1.569         5.500       3.931      RAMB18_X12Y79  u_baseline/g_lane_mem[1].x1_mem_reg_bram_0/CLKBWRCLK
Min Period        n/a     RAMB18E2/CLKBWRCLK  n/a            1.569         5.500       3.931      RAMB18_X12Y75  u_baseline/g_lane_mem[1].x2_mem_reg_bram_0/CLKBWRCLK
Min Period        n/a     RAMB18E2/CLKBWRCLK  n/a            1.569         5.500       3.931      RAMB18_X12Y76  u_baseline/g_lane_mem[1].x3_mem_reg_bram_0/CLKBWRCLK
Min Period        n/a     RAMB18E2/CLKBWRCLK  n/a            1.569         5.500       3.931      RAMB18_X10Y82  u_baseline/g_lane_mem[2].h0_mem_reg_bram_0/CLKBWRCLK
Min Period        n/a     RAMB18E2/CLKBWRCLK  n/a            1.569         5.500       3.931      RAMB18_X10Y81  u_baseline/g_lane_mem[2].h1_mem_reg_bram_0/CLKBWRCLK
Min Period        n/a     RAMB18E2/CLKBWRCLK  n/a            1.569         5.500       3.931      RAMB18_X10Y83  u_baseline/g_lane_mem[2].h2_mem_reg_bram_0/CLKBWRCLK
Min Period        n/a     RAMB18E2/CLKBWRCLK  n/a            1.569         5.500       3.931      RAMB18_X10Y80  u_baseline/g_lane_mem[2].h3_mem_reg_bram_0/CLKBWRCLK
Min Period        n/a     RAMB18E2/CLKBWRCLK  n/a            1.569         5.500       3.931      RAMB18_X9Y81   u_baseline/g_lane_mem[2].x0_mem_reg_bram_0/CLKBWRCLK
Min Period        n/a     RAMB18E2/CLKBWRCLK  n/a            1.569         5.500       3.931      RAMB18_X9Y80   u_baseline/g_lane_mem[2].x1_mem_reg_bram_0/CLKBWRCLK
Min Period        n/a     RAMB18E2/CLKBWRCLK  n/a            1.569         5.500       3.931      RAMB18_X9Y82   u_baseline/g_lane_mem[2].x2_mem_reg_bram_0/CLKBWRCLK
Min Period        n/a     RAMB18E2/CLKBWRCLK  n/a            1.569         5.500       3.931      RAMB18_X9Y79   u_baseline/g_lane_mem[2].x3_mem_reg_bram_0/CLKBWRCLK
Min Period        n/a     RAMB18E2/CLKBWRCLK  n/a            1.569         5.500       3.931      RAMB18_X9Y78   u_baseline/g_lane_mem[3].h0_mem_reg_bram_0/CLKBWRCLK
Min Period        n/a     RAMB18E2/CLKBWRCLK  n/a            1.569         5.500       3.931      RAMB18_X8Y78   u_baseline/g_lane_mem[3].h1_mem_reg_bram_0/CLKBWRCLK
Min Period        n/a     RAMB18E2/CLKBWRCLK  n/a            1.569         5.500       3.931      RAMB18_X9Y76   u_baseline/g_lane_mem[3].h2_mem_reg_bram_0/CLKBWRCLK
Min Period        n/a     RAMB18E2/CLKBWRCLK  n/a            1.569         5.500       3.931      RAMB18_X9Y77   u_baseline/g_lane_mem[3].h3_mem_reg_bram_0/CLKBWRCLK
Min Period        n/a     RAMB18E2/CLKBWRCLK  n/a            1.569         5.500       3.931      RAMB18_X9Y75   u_baseline/g_lane_mem[3].x0_mem_reg_bram_0/CLKBWRCLK
Min Period        n/a     RAMB18E2/CLKBWRCLK  n/a            1.569         5.500       3.931      RAMB18_X8Y79   u_baseline/g_lane_mem[3].x1_mem_reg_bram_0/CLKBWRCLK
Min Period        n/a     RAMB18E2/CLKBWRCLK  n/a            1.569         5.500       3.931      RAMB18_X9Y74   u_baseline/g_lane_mem[3].x2_mem_reg_bram_0/CLKBWRCLK
Min Period        n/a     RAMB18E2/CLKBWRCLK  n/a            1.569         5.500       3.931      RAMB18_X8Y76   u_baseline/g_lane_mem[3].x3_mem_reg_bram_0/CLKBWRCLK
Min Period        n/a     RAMB18E2/CLKARDCLK  n/a            1.355         5.500       4.145      RAMB18_X10Y77  u_baseline/g_lane_mem[0].h0_mem_reg_bram_0/CLKARDCLK
Min Period        n/a     RAMB18E2/CLKARDCLK  n/a            1.355         5.500       4.145      RAMB18_X10Y78  u_baseline/g_lane_mem[0].h1_mem_reg_bram_0/CLKARDCLK
Min Period        n/a     RAMB18E2/CLKARDCLK  n/a            1.355         5.500       4.145      RAMB18_X10Y79  u_baseline/g_lane_mem[0].h2_mem_reg_bram_0/CLKARDCLK
Min Period        n/a     RAMB18E2/CLKARDCLK  n/a            1.355         5.500       4.145      RAMB18_X10Y75  u_baseline/g_lane_mem[0].h3_mem_reg_bram_0/CLKARDCLK
Min Period        n/a     RAMB18E2/CLKARDCLK  n/a            1.355         5.500       4.145      RAMB18_X11Y78  u_baseline/g_lane_mem[0].x0_mem_reg_bram_0/CLKARDCLK
Min Period        n/a     RAMB18E2/CLKARDCLK  n/a            1.355         5.500       4.145      RAMB18_X10Y76  u_baseline/g_lane_mem[0].x1_mem_reg_bram_0/CLKARDCLK
Min Period        n/a     RAMB18E2/CLKARDCLK  n/a            1.355         5.500       4.145      RAMB18_X11Y79  u_baseline/g_lane_mem[0].x2_mem_reg_bram_0/CLKARDCLK
Min Period        n/a     RAMB18E2/CLKARDCLK  n/a            1.355         5.500       4.145      RAMB18_X11Y76  u_baseline/g_lane_mem[0].x3_mem_reg_bram_0/CLKARDCLK
Min Period        n/a     RAMB18E2/CLKARDCLK  n/a            1.355         5.500       4.145      RAMB18_X12Y77  u_baseline/g_lane_mem[1].h0_mem_reg_bram_0/CLKARDCLK
Min Period        n/a     RAMB18E2/CLKARDCLK  n/a            1.355         5.500       4.145      RAMB18_X12Y80  u_baseline/g_lane_mem[1].h1_mem_reg_bram_0/CLKARDCLK
Min Period        n/a     RAMB18E2/CLKARDCLK  n/a            1.355         5.500       4.145      RAMB18_X12Y78  u_baseline/g_lane_mem[1].h2_mem_reg_bram_0/CLKARDCLK
Min Period        n/a     RAMB18E2/CLKARDCLK  n/a            1.355         5.500       4.145      RAMB18_X12Y81  u_baseline/g_lane_mem[1].h3_mem_reg_bram_0/CLKARDCLK
Min Period        n/a     RAMB18E2/CLKARDCLK  n/a            1.355         5.500       4.145      RAMB18_X11Y77  u_baseline/g_lane_mem[1].x0_mem_reg_bram_0/CLKARDCLK
Min Period        n/a     RAMB18E2/CLKARDCLK  n/a            1.355         5.500       4.145      RAMB18_X12Y79  u_baseline/g_lane_mem[1].x1_mem_reg_bram_0/CLKARDCLK
Min Period        n/a     RAMB18E2/CLKARDCLK  n/a            1.355         5.500       4.145      RAMB18_X12Y75  u_baseline/g_lane_mem[1].x2_mem_reg_bram_0/CLKARDCLK
Min Period        n/a     RAMB18E2/CLKARDCLK  n/a            1.355         5.500       4.145      RAMB18_X12Y76  u_baseline/g_lane_mem[1].x3_mem_reg_bram_0/CLKARDCLK
Min Period        n/a     RAMB18E2/CLKARDCLK  n/a            1.355         5.500       4.145      RAMB18_X10Y82  u_baseline/g_lane_mem[2].h0_mem_reg_bram_0/CLKARDCLK
Min Period        n/a     RAMB18E2/CLKARDCLK  n/a            1.355         5.500       4.145      RAMB18_X10Y81  u_baseline/g_lane_mem[2].h1_mem_reg_bram_0/CLKARDCLK
Low Pulse Width   Slow    RAMB18E2/CLKARDCLK  n/a            0.542         2.750       2.208      RAMB18_X10Y77  u_baseline/g_lane_mem[0].h0_mem_reg_bram_0/CLKARDCLK
Low Pulse Width   Fast    RAMB18E2/CLKARDCLK  n/a            0.542         2.750       2.208      RAMB18_X10Y77  u_baseline/g_lane_mem[0].h0_mem_reg_bram_0/CLKARDCLK
Low Pulse Width   Slow    RAMB18E2/CLKBWRCLK  n/a            0.542         2.750       2.208      RAMB18_X10Y77  u_baseline/g_lane_mem[0].h0_mem_reg_bram_0/CLKBWRCLK
Low Pulse Width   Fast    RAMB18E2/CLKBWRCLK  n/a            0.542         2.750       2.208      RAMB18_X10Y77  u_baseline/g_lane_mem[0].h0_mem_reg_bram_0/CLKBWRCLK
Low Pulse Width   Slow    RAMB18E2/CLKARDCLK  n/a            0.542         2.750       2.208      RAMB18_X10Y78  u_baseline/g_lane_mem[0].h1_mem_reg_bram_0/CLKARDCLK
Low Pulse Width   Fast    RAMB18E2/CLKARDCLK  n/a            0.542         2.750       2.208      RAMB18_X10Y78  u_baseline/g_lane_mem[0].h1_mem_reg_bram_0/CLKARDCLK
Low Pulse Width   Slow    RAMB18E2/CLKBWRCLK  n/a            0.542         2.750       2.208      RAMB18_X10Y78  u_baseline/g_lane_mem[0].h1_mem_reg_bram_0/CLKBWRCLK
Low Pulse Width   Fast    RAMB18E2/CLKBWRCLK  n/a            0.542         2.750       2.208      RAMB18_X10Y78  u_baseline/g_lane_mem[0].h1_mem_reg_bram_0/CLKBWRCLK
Low Pulse Width   Slow    RAMB18E2/CLKARDCLK  n/a            0.542         2.750       2.208      RAMB18_X10Y79  u_baseline/g_lane_mem[0].h2_mem_reg_bram_0/CLKARDCLK
Low Pulse Width   Fast    RAMB18E2/CLKARDCLK  n/a            0.542         2.750       2.208      RAMB18_X10Y79  u_baseline/g_lane_mem[0].h2_mem_reg_bram_0/CLKARDCLK
Low Pulse Width   Slow    RAMB18E2/CLKBWRCLK  n/a            0.542         2.750       2.208      RAMB18_X10Y79  u_baseline/g_lane_mem[0].h2_mem_reg_bram_0/CLKBWRCLK
Low Pulse Width   Fast    RAMB18E2/CLKBWRCLK  n/a            0.542         2.750       2.208      RAMB18_X10Y79  u_baseline/g_lane_mem[0].h2_mem_reg_bram_0/CLKBWRCLK
Low Pulse Width   Slow    RAMB18E2/CLKARDCLK  n/a            0.542         2.750       2.208      RAMB18_X10Y75  u_baseline/g_lane_mem[0].h3_mem_reg_bram_0/CLKARDCLK
Low Pulse Width   Fast    RAMB18E2/CLKARDCLK  n/a            0.542         2.750       2.208      RAMB18_X10Y75  u_baseline/g_lane_mem[0].h3_mem_reg_bram_0/CLKARDCLK
Low Pulse Width   Slow    RAMB18E2/CLKBWRCLK  n/a            0.542         2.750       2.208      RAMB18_X10Y75  u_baseline/g_lane_mem[0].h3_mem_reg_bram_0/CLKBWRCLK
Low Pulse Width   Fast    RAMB18E2/CLKBWRCLK  n/a            0.542         2.750       2.208      RAMB18_X10Y75  u_baseline/g_lane_mem[0].h3_mem_reg_bram_0/CLKBWRCLK
Low Pulse Width   Slow    RAMB18E2/CLKARDCLK  n/a            0.542         2.750       2.208      RAMB18_X11Y78  u_baseline/g_lane_mem[0].x0_mem_reg_bram_0/CLKARDCLK
Low Pulse Width   Fast    RAMB18E2/CLKARDCLK  n/a            0.542         2.750       2.208      RAMB18_X11Y78  u_baseline/g_lane_mem[0].x0_mem_reg_bram_0/CLKARDCLK
Low Pulse Width   Slow    RAMB18E2/CLKBWRCLK  n/a            0.542         2.750       2.208      RAMB18_X11Y78  u_baseline/g_lane_mem[0].x0_mem_reg_bram_0/CLKBWRCLK
Low Pulse Width   Fast    RAMB18E2/CLKBWRCLK  n/a            0.542         2.750       2.208      RAMB18_X11Y78  u_baseline/g_lane_mem[0].x0_mem_reg_bram_0/CLKBWRCLK
Low Pulse Width   Slow    RAMB18E2/CLKARDCLK  n/a            0.542         2.750       2.208      RAMB18_X10Y76  u_baseline/g_lane_mem[0].x1_mem_reg_bram_0/CLKARDCLK
Low Pulse Width   Fast    RAMB18E2/CLKARDCLK  n/a            0.542         2.750       2.208      RAMB18_X10Y76  u_baseline/g_lane_mem[0].x1_mem_reg_bram_0/CLKARDCLK
Low Pulse Width   Slow    RAMB18E2/CLKBWRCLK  n/a            0.542         2.750       2.208      RAMB18_X10Y76  u_baseline/g_lane_mem[0].x1_mem_reg_bram_0/CLKBWRCLK
Low Pulse Width   Fast    RAMB18E2/CLKBWRCLK  n/a            0.542         2.750       2.208      RAMB18_X10Y76  u_baseline/g_lane_mem[0].x1_mem_reg_bram_0/CLKBWRCLK
Low Pulse Width   Slow    RAMB18E2/CLKARDCLK  n/a            0.542         2.750       2.208      RAMB18_X11Y79  u_baseline/g_lane_mem[0].x2_mem_reg_bram_0/CLKARDCLK
Low Pulse Width   Fast    RAMB18E2/CLKARDCLK  n/a            0.542         2.750       2.208      RAMB18_X11Y79  u_baseline/g_lane_mem[0].x2_mem_reg_bram_0/CLKARDCLK
Low Pulse Width   Slow    RAMB18E2/CLKBWRCLK  n/a            0.542         2.750       2.208      RAMB18_X11Y79  u_baseline/g_lane_mem[0].x2_mem_reg_bram_0/CLKBWRCLK
Low Pulse Width   Fast    RAMB18E2/CLKBWRCLK  n/a            0.542         2.750       2.208      RAMB18_X11Y79  u_baseline/g_lane_mem[0].x2_mem_reg_bram_0/CLKBWRCLK
Low Pulse Width   Slow    RAMB18E2/CLKARDCLK  n/a            0.542         2.750       2.208      RAMB18_X11Y76  u_baseline/g_lane_mem[0].x3_mem_reg_bram_0/CLKARDCLK
Low Pulse Width   Fast    RAMB18E2/CLKARDCLK  n/a            0.542         2.750       2.208      RAMB18_X11Y76  u_baseline/g_lane_mem[0].x3_mem_reg_bram_0/CLKARDCLK
Low Pulse Width   Slow    RAMB18E2/CLKBWRCLK  n/a            0.542         2.750       2.208      RAMB18_X11Y76  u_baseline/g_lane_mem[0].x3_mem_reg_bram_0/CLKBWRCLK
Low Pulse Width   Fast    RAMB18E2/CLKBWRCLK  n/a            0.542         2.750       2.208      RAMB18_X11Y76  u_baseline/g_lane_mem[0].x3_mem_reg_bram_0/CLKBWRCLK
Low Pulse Width   Slow    RAMB18E2/CLKARDCLK  n/a            0.542         2.750       2.208      RAMB18_X12Y77  u_baseline/g_lane_mem[1].h0_mem_reg_bram_0/CLKARDCLK
Low Pulse Width   Fast    RAMB18E2/CLKARDCLK  n/a            0.542         2.750       2.208      RAMB18_X12Y77  u_baseline/g_lane_mem[1].h0_mem_reg_bram_0/CLKARDCLK
Low Pulse Width   Slow    RAMB18E2/CLKBWRCLK  n/a            0.542         2.750       2.208      RAMB18_X12Y77  u_baseline/g_lane_mem[1].h0_mem_reg_bram_0/CLKBWRCLK
Low Pulse Width   Fast    RAMB18E2/CLKBWRCLK  n/a            0.542         2.750       2.208      RAMB18_X12Y77  u_baseline/g_lane_mem[1].h0_mem_reg_bram_0/CLKBWRCLK
Low Pulse Width   Slow    RAMB18E2/CLKARDCLK  n/a            0.542         2.750       2.208      RAMB18_X12Y80  u_baseline/g_lane_mem[1].h1_mem_reg_bram_0/CLKARDCLK
Low Pulse Width   Fast    RAMB18E2/CLKARDCLK  n/a            0.542         2.750       2.208      RAMB18_X12Y80  u_baseline/g_lane_mem[1].h1_mem_reg_bram_0/CLKARDCLK
Low Pulse Width   Slow    RAMB18E2/CLKBWRCLK  n/a            0.542         2.750       2.208      RAMB18_X12Y80  u_baseline/g_lane_mem[1].h1_mem_reg_bram_0/CLKBWRCLK
Low Pulse Width   Fast    RAMB18E2/CLKBWRCLK  n/a            0.542         2.750       2.208      RAMB18_X12Y80  u_baseline/g_lane_mem[1].h1_mem_reg_bram_0/CLKBWRCLK
Low Pulse Width   Slow    RAMB18E2/CLKARDCLK  n/a            0.542         2.750       2.208      RAMB18_X12Y78  u_baseline/g_lane_mem[1].h2_mem_reg_bram_0/CLKARDCLK
Low Pulse Width   Fast    RAMB18E2/CLKARDCLK  n/a            0.542         2.750       2.208      RAMB18_X12Y78  u_baseline/g_lane_mem[1].h2_mem_reg_bram_0/CLKARDCLK
Low Pulse Width   Slow    RAMB18E2/CLKBWRCLK  n/a            0.542         2.750       2.208      RAMB18_X12Y78  u_baseline/g_lane_mem[1].h2_mem_reg_bram_0/CLKBWRCLK
Low Pulse Width   Fast    RAMB18E2/CLKBWRCLK  n/a            0.542         2.750       2.208      RAMB18_X12Y78  u_baseline/g_lane_mem[1].h2_mem_reg_bram_0/CLKBWRCLK
Low Pulse Width   Slow    RAMB18E2/CLKARDCLK  n/a            0.542         2.750       2.208      RAMB18_X12Y81  u_baseline/g_lane_mem[1].h3_mem_reg_bram_0/CLKARDCLK
Low Pulse Width   Fast    RAMB18E2/CLKARDCLK  n/a            0.542         2.750       2.208      RAMB18_X12Y81  u_baseline/g_lane_mem[1].h3_mem_reg_bram_0/CLKARDCLK
Low Pulse Width   Slow    RAMB18E2/CLKBWRCLK  n/a            0.542         2.750       2.208      RAMB18_X12Y81  u_baseline/g_lane_mem[1].h3_mem_reg_bram_0/CLKBWRCLK
Low Pulse Width   Fast    RAMB18E2/CLKBWRCLK  n/a            0.542         2.750       2.208      RAMB18_X12Y81  u_baseline/g_lane_mem[1].h3_mem_reg_bram_0/CLKBWRCLK
Low Pulse Width   Slow    RAMB18E2/CLKARDCLK  n/a            0.542         2.750       2.208      RAMB18_X11Y77  u_baseline/g_lane_mem[1].x0_mem_reg_bram_0/CLKARDCLK
Low Pulse Width   Fast    RAMB18E2/CLKARDCLK  n/a            0.542         2.750       2.208      RAMB18_X11Y77  u_baseline/g_lane_mem[1].x0_mem_reg_bram_0/CLKARDCLK
High Pulse Width  Slow    RAMB18E2/CLKARDCLK  n/a            0.542         2.750       2.208      RAMB18_X10Y77  u_baseline/g_lane_mem[0].h0_mem_reg_bram_0/CLKARDCLK
High Pulse Width  Fast    RAMB18E2/CLKARDCLK  n/a            0.542         2.750       2.208      RAMB18_X10Y77  u_baseline/g_lane_mem[0].h0_mem_reg_bram_0/CLKARDCLK
High Pulse Width  Slow    RAMB18E2/CLKBWRCLK  n/a            0.542         2.750       2.208      RAMB18_X10Y77  u_baseline/g_lane_mem[0].h0_mem_reg_bram_0/CLKBWRCLK
High Pulse Width  Fast    RAMB18E2/CLKBWRCLK  n/a            0.542         2.750       2.208      RAMB18_X10Y77  u_baseline/g_lane_mem[0].h0_mem_reg_bram_0/CLKBWRCLK
High Pulse Width  Slow    RAMB18E2/CLKARDCLK  n/a            0.542         2.750       2.208      RAMB18_X10Y78  u_baseline/g_lane_mem[0].h1_mem_reg_bram_0/CLKARDCLK
High Pulse Width  Fast    RAMB18E2/CLKARDCLK  n/a            0.542         2.750       2.208      RAMB18_X10Y78  u_baseline/g_lane_mem[0].h1_mem_reg_bram_0/CLKARDCLK
High Pulse Width  Slow    RAMB18E2/CLKBWRCLK  n/a            0.542         2.750       2.208      RAMB18_X10Y78  u_baseline/g_lane_mem[0].h1_mem_reg_bram_0/CLKBWRCLK
High Pulse Width  Fast    RAMB18E2/CLKBWRCLK  n/a            0.542         2.750       2.208      RAMB18_X10Y78  u_baseline/g_lane_mem[0].h1_mem_reg_bram_0/CLKBWRCLK
High Pulse Width  Slow    RAMB18E2/CLKARDCLK  n/a            0.542         2.750       2.208      RAMB18_X10Y79  u_baseline/g_lane_mem[0].h2_mem_reg_bram_0/CLKARDCLK
High Pulse Width  Fast    RAMB18E2/CLKARDCLK  n/a            0.542         2.750       2.208      RAMB18_X10Y79  u_baseline/g_lane_mem[0].h2_mem_reg_bram_0/CLKARDCLK
High Pulse Width  Slow    RAMB18E2/CLKBWRCLK  n/a            0.542         2.750       2.208      RAMB18_X10Y79  u_baseline/g_lane_mem[0].h2_mem_reg_bram_0/CLKBWRCLK
High Pulse Width  Fast    RAMB18E2/CLKBWRCLK  n/a            0.542         2.750       2.208      RAMB18_X10Y79  u_baseline/g_lane_mem[0].h2_mem_reg_bram_0/CLKBWRCLK
High Pulse Width  Slow    RAMB18E2/CLKARDCLK  n/a            0.542         2.750       2.208      RAMB18_X10Y75  u_baseline/g_lane_mem[0].h3_mem_reg_bram_0/CLKARDCLK
High Pulse Width  Fast    RAMB18E2/CLKARDCLK  n/a            0.542         2.750       2.208      RAMB18_X10Y75  u_baseline/g_lane_mem[0].h3_mem_reg_bram_0/CLKARDCLK
High Pulse Width  Slow    RAMB18E2/CLKBWRCLK  n/a            0.542         2.750       2.208      RAMB18_X10Y75  u_baseline/g_lane_mem[0].h3_mem_reg_bram_0/CLKBWRCLK
High Pulse Width  Fast    RAMB18E2/CLKBWRCLK  n/a            0.542         2.750       2.208      RAMB18_X10Y75  u_baseline/g_lane_mem[0].h3_mem_reg_bram_0/CLKBWRCLK
High Pulse Width  Slow    RAMB18E2/CLKARDCLK  n/a            0.542         2.750       2.208      RAMB18_X11Y78  u_baseline/g_lane_mem[0].x0_mem_reg_bram_0/CLKARDCLK
High Pulse Width  Fast    RAMB18E2/CLKARDCLK  n/a            0.542         2.750       2.208      RAMB18_X11Y78  u_baseline/g_lane_mem[0].x0_mem_reg_bram_0/CLKARDCLK
High Pulse Width  Slow    RAMB18E2/CLKBWRCLK  n/a            0.542         2.750       2.208      RAMB18_X11Y78  u_baseline/g_lane_mem[0].x0_mem_reg_bram_0/CLKBWRCLK
High Pulse Width  Fast    RAMB18E2/CLKBWRCLK  n/a            0.542         2.750       2.208      RAMB18_X11Y78  u_baseline/g_lane_mem[0].x0_mem_reg_bram_0/CLKBWRCLK
High Pulse Width  Slow    RAMB18E2/CLKARDCLK  n/a            0.542         2.750       2.208      RAMB18_X10Y76  u_baseline/g_lane_mem[0].x1_mem_reg_bram_0/CLKARDCLK
High Pulse Width  Fast    RAMB18E2/CLKARDCLK  n/a            0.542         2.750       2.208      RAMB18_X10Y76  u_baseline/g_lane_mem[0].x1_mem_reg_bram_0/CLKARDCLK
High Pulse Width  Slow    RAMB18E2/CLKBWRCLK  n/a            0.542         2.750       2.208      RAMB18_X10Y76  u_baseline/g_lane_mem[0].x1_mem_reg_bram_0/CLKBWRCLK
High Pulse Width  Fast    RAMB18E2/CLKBWRCLK  n/a            0.542         2.750       2.208      RAMB18_X10Y76  u_baseline/g_lane_mem[0].x1_mem_reg_bram_0/CLKBWRCLK
High Pulse Width  Slow    RAMB18E2/CLKARDCLK  n/a            0.542         2.750       2.208      RAMB18_X11Y79  u_baseline/g_lane_mem[0].x2_mem_reg_bram_0/CLKARDCLK
High Pulse Width  Fast    RAMB18E2/CLKARDCLK  n/a            0.542         2.750       2.208      RAMB18_X11Y79  u_baseline/g_lane_mem[0].x2_mem_reg_bram_0/CLKARDCLK
High Pulse Width  Slow    RAMB18E2/CLKBWRCLK  n/a            0.542         2.750       2.208      RAMB18_X11Y79  u_baseline/g_lane_mem[0].x2_mem_reg_bram_0/CLKBWRCLK
High Pulse Width  Fast    RAMB18E2/CLKBWRCLK  n/a            0.542         2.750       2.208      RAMB18_X11Y79  u_baseline/g_lane_mem[0].x2_mem_reg_bram_0/CLKBWRCLK
High Pulse Width  Slow    RAMB18E2/CLKARDCLK  n/a            0.542         2.750       2.208      RAMB18_X11Y76  u_baseline/g_lane_mem[0].x3_mem_reg_bram_0/CLKARDCLK
High Pulse Width  Fast    RAMB18E2/CLKARDCLK  n/a            0.542         2.750       2.208      RAMB18_X11Y76  u_baseline/g_lane_mem[0].x3_mem_reg_bram_0/CLKARDCLK
High Pulse Width  Slow    RAMB18E2/CLKBWRCLK  n/a            0.542         2.750       2.208      RAMB18_X11Y76  u_baseline/g_lane_mem[0].x3_mem_reg_bram_0/CLKBWRCLK
High Pulse Width  Fast    RAMB18E2/CLKBWRCLK  n/a            0.542         2.750       2.208      RAMB18_X11Y76  u_baseline/g_lane_mem[0].x3_mem_reg_bram_0/CLKBWRCLK
High Pulse Width  Slow    RAMB18E2/CLKARDCLK  n/a            0.542         2.750       2.208      RAMB18_X12Y77  u_baseline/g_lane_mem[1].h0_mem_reg_bram_0/CLKARDCLK
High Pulse Width  Fast    RAMB18E2/CLKARDCLK  n/a            0.542         2.750       2.208      RAMB18_X12Y77  u_baseline/g_lane_mem[1].h0_mem_reg_bram_0/CLKARDCLK
High Pulse Width  Slow    RAMB18E2/CLKBWRCLK  n/a            0.542         2.750       2.208      RAMB18_X12Y77  u_baseline/g_lane_mem[1].h0_mem_reg_bram_0/CLKBWRCLK
High Pulse Width  Fast    RAMB18E2/CLKBWRCLK  n/a            0.542         2.750       2.208      RAMB18_X12Y77  u_baseline/g_lane_mem[1].h0_mem_reg_bram_0/CLKBWRCLK
High Pulse Width  Slow    RAMB18E2/CLKARDCLK  n/a            0.542         2.750       2.208      RAMB18_X12Y80  u_baseline/g_lane_mem[1].h1_mem_reg_bram_0/CLKARDCLK
High Pulse Width  Fast    RAMB18E2/CLKARDCLK  n/a            0.542         2.750       2.208      RAMB18_X12Y80  u_baseline/g_lane_mem[1].h1_mem_reg_bram_0/CLKARDCLK
High Pulse Width  Slow    RAMB18E2/CLKBWRCLK  n/a            0.542         2.750       2.208      RAMB18_X12Y80  u_baseline/g_lane_mem[1].h1_mem_reg_bram_0/CLKBWRCLK
High Pulse Width  Fast    RAMB18E2/CLKBWRCLK  n/a            0.542         2.750       2.208      RAMB18_X12Y80  u_baseline/g_lane_mem[1].h1_mem_reg_bram_0/CLKBWRCLK
High Pulse Width  Slow    RAMB18E2/CLKARDCLK  n/a            0.542         2.750       2.208      RAMB18_X12Y78  u_baseline/g_lane_mem[1].h2_mem_reg_bram_0/CLKARDCLK
High Pulse Width  Fast    RAMB18E2/CLKARDCLK  n/a            0.542         2.750       2.208      RAMB18_X12Y78  u_baseline/g_lane_mem[1].h2_mem_reg_bram_0/CLKARDCLK
High Pulse Width  Slow    RAMB18E2/CLKBWRCLK  n/a            0.542         2.750       2.208      RAMB18_X12Y78  u_baseline/g_lane_mem[1].h2_mem_reg_bram_0/CLKBWRCLK
High Pulse Width  Fast    RAMB18E2/CLKBWRCLK  n/a            0.542         2.750       2.208      RAMB18_X12Y78  u_baseline/g_lane_mem[1].h2_mem_reg_bram_0/CLKBWRCLK
High Pulse Width  Slow    RAMB18E2/CLKARDCLK  n/a            0.542         2.750       2.208      RAMB18_X12Y81  u_baseline/g_lane_mem[1].h3_mem_reg_bram_0/CLKARDCLK
High Pulse Width  Fast    RAMB18E2/CLKARDCLK  n/a            0.542         2.750       2.208      RAMB18_X12Y81  u_baseline/g_lane_mem[1].h3_mem_reg_bram_0/CLKARDCLK
High Pulse Width  Slow    RAMB18E2/CLKBWRCLK  n/a            0.542         2.750       2.208      RAMB18_X12Y81  u_baseline/g_lane_mem[1].h3_mem_reg_bram_0/CLKBWRCLK
High Pulse Width  Fast    RAMB18E2/CLKBWRCLK  n/a            0.542         2.750       2.208      RAMB18_X12Y81  u_baseline/g_lane_mem[1].h3_mem_reg_bram_0/CLKBWRCLK
High Pulse Width  Slow    RAMB18E2/CLKARDCLK  n/a            0.542         2.750       2.208      RAMB18_X11Y77  u_baseline/g_lane_mem[1].x0_mem_reg_bram_0/CLKARDCLK
High Pulse Width  Fast    RAMB18E2/CLKARDCLK  n/a            0.542         2.750       2.208      RAMB18_X11Y77  u_baseline/g_lane_mem[1].x0_mem_reg_bram_0/CLKARDCLK



