===== BEGIN p4_n256_nh1_c1o1_pat6 =====


****** xsim v2024.2 (64-bit)

  **** SW Build 5239630 on Fri Nov 08 22:35:27 MST 2024

  **** IP Build 5239520 on Sun Nov 10 16:12:51 MST 2024

  **** SharedData Build 5239561 on Fri Nov 08 14:39:27 MST 2024

  **** Start of session at: Fri Aug 14 03:16:25 2026

    ** Copyright 1986-2022 Xilinx, Inc. All Rights Reserved.

    ** Copyright 2022-2024 Advanced Micro Devices, Inc. All Rights Reserved.



source xsim.dir/sim_p4_n256_nh1_c1o1_pat6/xsim_script.tcl

# xsim {sim_p4_n256_nh1_c1o1_pat6} -autoloadwcfg -runall

Time resolution is 1 ps

run -all

unified_capability_regs PASS ip_id=FACT build_id=20260813 R=128 N=256 L=8 cout_max=4 precision=4 exact_linear=1

int8_axi_wstrb_semantics PASS

int8_valid_task PASS preload=1 repeat_start=0 wall_cycles=214 core_compute_cycles=199 preload_est=256 readout_est=256

tb_ntt46_fact_lean_ip_unified_axi_lite_core PASS R=128 N=256 L=8 Cin=1 Cout=1 Nh=1 bound=8 wall_cycles=214 core_compute_cycles=199 preload_est=256 readout_est=256

$finish called at time : 4250 ns : File "<ARTIFACT_ROOT>/tb/tb_ntt46_fact_lean_ip_unified_axi_lite_core.sv" Line 780

exit

INFO: [Common 17-206] Exiting xsim at Fri Aug 14 03:16:28 2026...
===== END p4_n256_nh1_c1o1_pat6 =====

===== BEGIN p4_n256_nh1_c1o2_pat6 =====


****** xsim v2024.2 (64-bit)

  **** SW Build 5239630 on Fri Nov 08 22:35:27 MST 2024

  **** IP Build 5239520 on Sun Nov 10 16:12:51 MST 2024

  **** SharedData Build 5239561 on Fri Nov 08 14:39:27 MST 2024

  **** Start of session at: Fri Aug 14 03:16:40 2026

    ** Copyright 1986-2022 Xilinx, Inc. All Rights Reserved.

    ** Copyright 2022-2024 Advanced Micro Devices, Inc. All Rights Reserved.



source xsim.dir/sim_p4_n256_nh1_c1o2_pat6/xsim_script.tcl

# xsim {sim_p4_n256_nh1_c1o2_pat6} -autoloadwcfg -runall

Time resolution is 1 ps

run -all

unified_capability_regs PASS ip_id=FACT build_id=20260813 R=128 N=256 L=8 cout_max=4 precision=4 exact_linear=1

int8_axi_wstrb_semantics PASS

int8_valid_task PASS preload=1 repeat_start=0 wall_cycles=450 core_compute_cycles=388 preload_est=384 readout_est=512

tb_ntt46_fact_lean_ip_unified_axi_lite_core PASS R=128 N=256 L=8 Cin=1 Cout=2 Nh=1 bound=8 wall_cycles=450 core_compute_cycles=388 preload_est=384 readout_est=512

$finish called at time : 7758 ns : File "<ARTIFACT_ROOT>/tb/tb_ntt46_fact_lean_ip_unified_axi_lite_core.sv" Line 780

exit

INFO: [Common 17-206] Exiting xsim at Fri Aug 14 03:16:43 2026...
===== END p4_n256_nh1_c1o2_pat6 =====

===== BEGIN p4_n256_nh1_c1o4_pat6 =====


****** xsim v2024.2 (64-bit)

  **** SW Build 5239630 on Fri Nov 08 22:35:27 MST 2024

  **** IP Build 5239520 on Sun Nov 10 16:12:51 MST 2024

  **** SharedData Build 5239561 on Fri Nov 08 14:39:27 MST 2024

  **** Start of session at: Fri Aug 14 03:16:56 2026

    ** Copyright 1986-2022 Xilinx, Inc. All Rights Reserved.

    ** Copyright 2022-2024 Advanced Micro Devices, Inc. All Rights Reserved.



source xsim.dir/sim_p4_n256_nh1_c1o4_pat6/xsim_script.tcl

# xsim {sim_p4_n256_nh1_c1o4_pat6} -autoloadwcfg -runall

Time resolution is 1 ps

run -all

unified_capability_regs PASS ip_id=FACT build_id=20260813 R=128 N=256 L=8 cout_max=4 precision=4 exact_linear=1

int8_axi_wstrb_semantics PASS

int8_valid_task PASS preload=1 repeat_start=0 wall_cycles=900 core_compute_cycles=776 preload_est=640 readout_est=1024

tb_ntt46_fact_lean_ip_unified_axi_lite_core PASS R=128 N=256 L=8 Cin=1 Cout=4 Nh=1 bound=8 wall_cycles=900 core_compute_cycles=776 preload_est=640 readout_est=1024

$finish called at time : 14686 ns : File "<ARTIFACT_ROOT>/tb/tb_ntt46_fact_lean_ip_unified_axi_lite_core.sv" Line 780

exit

INFO: [Common 17-206] Exiting xsim at Fri Aug 14 03:16:59 2026...
===== END p4_n256_nh1_c1o4_pat6 =====

===== BEGIN p4_n256_nh1_c2o1_pat6 =====


****** xsim v2024.2 (64-bit)

  **** SW Build 5239630 on Fri Nov 08 22:35:27 MST 2024

  **** IP Build 5239520 on Sun Nov 10 16:12:51 MST 2024

  **** SharedData Build 5239561 on Fri Nov 08 14:39:27 MST 2024

  **** Start of session at: Fri Aug 14 03:17:11 2026

    ** Copyright 1986-2022 Xilinx, Inc. All Rights Reserved.

    ** Copyright 2022-2024 Advanced Micro Devices, Inc. All Rights Reserved.



source xsim.dir/sim_p4_n256_nh1_c2o1_pat6/xsim_script.tcl

# xsim {sim_p4_n256_nh1_c2o1_pat6} -autoloadwcfg -runall

Time resolution is 1 ps

run -all

unified_capability_regs PASS ip_id=FACT build_id=20260813 R=128 N=256 L=8 cout_max=4 precision=4 exact_linear=1

int8_axi_wstrb_semantics PASS

int8_valid_task PASS preload=1 repeat_start=0 wall_cycles=360 core_compute_cycles=325 preload_est=512 readout_est=256

tb_ntt46_fact_lean_ip_unified_axi_lite_core PASS R=128 N=256 L=8 Cin=2 Cout=1 Nh=1 bound=8 wall_cycles=360 core_compute_cycles=325 preload_est=512 readout_est=256

$finish called at time : 5866 ns : File "<ARTIFACT_ROOT>/tb/tb_ntt46_fact_lean_ip_unified_axi_lite_core.sv" Line 780

exit

INFO: [Common 17-206] Exiting xsim at Fri Aug 14 03:17:14 2026...
===== END p4_n256_nh1_c2o1_pat6 =====

===== BEGIN p4_n256_nh1_c2o2_pat6 =====


****** xsim v2024.2 (64-bit)

  **** SW Build 5239630 on Fri Nov 08 22:35:27 MST 2024

  **** IP Build 5239520 on Sun Nov 10 16:12:51 MST 2024

  **** SharedData Build 5239561 on Fri Nov 08 14:39:27 MST 2024

  **** Start of session at: Fri Aug 14 03:17:26 2026

    ** Copyright 1986-2022 Xilinx, Inc. All Rights Reserved.

    ** Copyright 2022-2024 Advanced Micro Devices, Inc. All Rights Reserved.



source xsim.dir/sim_p4_n256_nh1_c2o2_pat6/xsim_script.tcl

# xsim {sim_p4_n256_nh1_c2o2_pat6} -autoloadwcfg -runall

Time resolution is 1 ps

run -all

unified_capability_regs PASS ip_id=FACT build_id=20260813 R=128 N=256 L=8 cout_max=4 precision=4 exact_linear=1

int8_axi_wstrb_semantics PASS

int8_valid_task PASS preload=1 repeat_start=0 wall_cycles=742 core_compute_cycles=640 preload_est=768 readout_est=512

tb_ntt46_fact_lean_ip_unified_axi_lite_core PASS R=128 N=256 L=8 Cin=2 Cout=2 Nh=1 bound=8 wall_cycles=742 core_compute_cycles=640 preload_est=768 readout_est=512

$finish called at time : 10474 ns : File "<ARTIFACT_ROOT>/tb/tb_ntt46_fact_lean_ip_unified_axi_lite_core.sv" Line 780

exit

INFO: [Common 17-206] Exiting xsim at Fri Aug 14 03:17:30 2026...
===== END p4_n256_nh1_c2o2_pat6 =====

===== BEGIN p4_n256_nh1_c2o4_pat6 =====


****** xsim v2024.2 (64-bit)

  **** SW Build 5239630 on Fri Nov 08 22:35:27 MST 2024

  **** IP Build 5239520 on Sun Nov 10 16:12:51 MST 2024

  **** SharedData Build 5239561 on Fri Nov 08 14:39:27 MST 2024

  **** Start of session at: Fri Aug 14 03:17:43 2026

    ** Copyright 1986-2022 Xilinx, Inc. All Rights Reserved.

    ** Copyright 2022-2024 Advanced Micro Devices, Inc. All Rights Reserved.



source xsim.dir/sim_p4_n256_nh1_c2o4_pat6/xsim_script.tcl

# xsim {sim_p4_n256_nh1_c2o4_pat6} -autoloadwcfg -runall

Time resolution is 1 ps

run -all

unified_capability_regs PASS ip_id=FACT build_id=20260813 R=128 N=256 L=8 cout_max=4 precision=4 exact_linear=1

int8_axi_wstrb_semantics PASS

int8_valid_task PASS preload=1 repeat_start=0 wall_cycles=1484 core_compute_cycles=1280 preload_est=1280 readout_est=1024

tb_ntt46_fact_lean_ip_unified_axi_lite_core PASS R=128 N=256 L=8 Cin=2 Cout=4 Nh=1 bound=8 wall_cycles=1484 core_compute_cycles=1280 preload_est=1280 readout_est=1024

$finish called at time : 19602 ns : File "<ARTIFACT_ROOT>/tb/tb_ntt46_fact_lean_ip_unified_axi_lite_core.sv" Line 780

exit

INFO: [Common 17-206] Exiting xsim at Fri Aug 14 03:17:46 2026...
===== END p4_n256_nh1_c2o4_pat6 =====

===== BEGIN p4_n256_nh1_c4o1_pat6 =====


****** xsim v2024.2 (64-bit)

  **** SW Build 5239630 on Fri Nov 08 22:35:27 MST 2024

  **** IP Build 5239520 on Sun Nov 10 16:12:51 MST 2024

  **** SharedData Build 5239561 on Fri Nov 08 14:39:27 MST 2024

  **** Start of session at: Fri Aug 14 03:17:59 2026

    ** Copyright 1986-2022 Xilinx, Inc. All Rights Reserved.

    ** Copyright 2022-2024 Advanced Micro Devices, Inc. All Rights Reserved.



source xsim.dir/sim_p4_n256_nh1_c4o1_pat6/xsim_script.tcl

# xsim {sim_p4_n256_nh1_c4o1_pat6} -autoloadwcfg -runall

Time resolution is 1 ps

run -all

unified_capability_regs PASS ip_id=FACT build_id=20260813 R=128 N=256 L=8 cout_max=4 precision=4 exact_linear=1

int8_axi_wstrb_semantics PASS

int8_valid_task PASS preload=1 repeat_start=0 wall_cycles=663 core_compute_cycles=572 preload_est=1024 readout_est=256

tb_ntt46_fact_lean_ip_unified_axi_lite_core PASS R=128 N=256 L=8 Cin=4 Cout=1 Nh=1 bound=8 wall_cycles=663 core_compute_cycles=572 preload_est=1024 readout_est=256

$finish called at time : 9138 ns : File "<ARTIFACT_ROOT>/tb/tb_ntt46_fact_lean_ip_unified_axi_lite_core.sv" Line 780

exit

INFO: [Common 17-206] Exiting xsim at Fri Aug 14 03:18:03 2026...
===== END p4_n256_nh1_c4o1_pat6 =====

===== BEGIN p4_n256_nh1_c4o2_pat6 =====


****** xsim v2024.2 (64-bit)

  **** SW Build 5239630 on Fri Nov 08 22:35:27 MST 2024

  **** IP Build 5239520 on Sun Nov 10 16:12:51 MST 2024

  **** SharedData Build 5239561 on Fri Nov 08 14:39:27 MST 2024

  **** Start of session at: Fri Aug 14 03:18:15 2026

    ** Copyright 1986-2022 Xilinx, Inc. All Rights Reserved.

    ** Copyright 2022-2024 Advanced Micro Devices, Inc. All Rights Reserved.



source xsim.dir/sim_p4_n256_nh1_c4o2_pat6/xsim_script.tcl

# xsim {sim_p4_n256_nh1_c4o2_pat6} -autoloadwcfg -runall

Time resolution is 1 ps

run -all

unified_capability_regs PASS ip_id=FACT build_id=20260813 R=128 N=256 L=8 cout_max=4 precision=4 exact_linear=1

int8_axi_wstrb_semantics PASS

int8_valid_task PASS preload=1 repeat_start=0 wall_cycles=1326 core_compute_cycles=1144 preload_est=1536 readout_est=512

tb_ntt46_fact_lean_ip_unified_axi_lite_core PASS R=128 N=256 L=8 Cin=4 Cout=2 Nh=1 bound=8 wall_cycles=1326 core_compute_cycles=1144 preload_est=1536 readout_est=512

$finish called at time : 15906 ns : File "<ARTIFACT_ROOT>/tb/tb_ntt46_fact_lean_ip_unified_axi_lite_core.sv" Line 780

exit

INFO: [Common 17-206] Exiting xsim at Fri Aug 14 03:18:19 2026...
===== END p4_n256_nh1_c4o2_pat6 =====

===== BEGIN p4_n256_nh1_c4o4_pat6 =====


****** xsim v2024.2 (64-bit)

  **** SW Build 5239630 on Fri Nov 08 22:35:27 MST 2024

  **** IP Build 5239520 on Sun Nov 10 16:12:51 MST 2024

  **** SharedData Build 5239561 on Fri Nov 08 14:39:27 MST 2024

  **** Start of session at: Fri Aug 14 03:18:31 2026

    ** Copyright 1986-2022 Xilinx, Inc. All Rights Reserved.

    ** Copyright 2022-2024 Advanced Micro Devices, Inc. All Rights Reserved.



source xsim.dir/sim_p4_n256_nh1_c4o4_pat6/xsim_script.tcl

# xsim {sim_p4_n256_nh1_c4o4_pat6} -autoloadwcfg -runall

Time resolution is 1 ps

run -all

unified_capability_regs PASS ip_id=FACT build_id=20260813 R=128 N=256 L=8 cout_max=4 precision=4 exact_linear=1

int8_axi_wstrb_semantics PASS

int8_valid_task PASS preload=1 repeat_start=0 wall_cycles=2652 core_compute_cycles=2288 preload_est=2560 readout_est=1024

tb_ntt46_fact_lean_ip_unified_axi_lite_core PASS R=128 N=256 L=8 Cin=4 Cout=4 Nh=1 bound=8 wall_cycles=2652 core_compute_cycles=2288 preload_est=2560 readout_est=1024

$finish called at time : 29434 ns : File "<ARTIFACT_ROOT>/tb/tb_ntt46_fact_lean_ip_unified_axi_lite_core.sv" Line 780

exit

INFO: [Common 17-206] Exiting xsim at Fri Aug 14 03:18:36 2026...
===== END p4_n256_nh1_c4o4_pat6 =====

===== BEGIN p4_n256_nh64_c1o1_pat6 =====


****** xsim v2024.2 (64-bit)

  **** SW Build 5239630 on Fri Nov 08 22:35:27 MST 2024

  **** IP Build 5239520 on Sun Nov 10 16:12:51 MST 2024

  **** SharedData Build 5239561 on Fri Nov 08 14:39:27 MST 2024

  **** Start of session at: Fri Aug 14 03:18:48 2026

    ** Copyright 1986-2022 Xilinx, Inc. All Rights Reserved.

    ** Copyright 2022-2024 Advanced Micro Devices, Inc. All Rights Reserved.



source xsim.dir/sim_p4_n256_nh64_c1o1_pat6/xsim_script.tcl

# xsim {sim_p4_n256_nh64_c1o1_pat6} -autoloadwcfg -runall

Time resolution is 1 ps

run -all

unified_capability_regs PASS ip_id=FACT build_id=20260813 R=128 N=256 L=8 cout_max=4 precision=4 exact_linear=1

int8_axi_wstrb_semantics PASS

int8_valid_task PASS preload=1 repeat_start=0 wall_cycles=214 core_compute_cycles=199 preload_est=256 readout_est=256

tb_ntt46_fact_lean_ip_unified_axi_lite_core PASS R=128 N=256 L=8 Cin=1 Cout=1 Nh=64 bound=8 wall_cycles=214 core_compute_cycles=199 preload_est=256 readout_est=256

$finish called at time : 4250 ns : File "<ARTIFACT_ROOT>/tb/tb_ntt46_fact_lean_ip_unified_axi_lite_core.sv" Line 780

exit

INFO: [Common 17-206] Exiting xsim at Fri Aug 14 03:18:52 2026...
===== END p4_n256_nh64_c1o1_pat6 =====

===== BEGIN p4_n256_nh64_c1o2_pat6 =====


****** xsim v2024.2 (64-bit)

  **** SW Build 5239630 on Fri Nov 08 22:35:27 MST 2024

  **** IP Build 5239520 on Sun Nov 10 16:12:51 MST 2024

  **** SharedData Build 5239561 on Fri Nov 08 14:39:27 MST 2024

  **** Start of session at: Fri Aug 14 03:19:04 2026

    ** Copyright 1986-2022 Xilinx, Inc. All Rights Reserved.

    ** Copyright 2022-2024 Advanced Micro Devices, Inc. All Rights Reserved.



source xsim.dir/sim_p4_n256_nh64_c1o2_pat6/xsim_script.tcl

# xsim {sim_p4_n256_nh64_c1o2_pat6} -autoloadwcfg -runall

Time resolution is 1 ps

run -all

unified_capability_regs PASS ip_id=FACT build_id=20260813 R=128 N=256 L=8 cout_max=4 precision=4 exact_linear=1

int8_axi_wstrb_semantics PASS

int8_valid_task PASS preload=1 repeat_start=0 wall_cycles=450 core_compute_cycles=388 preload_est=384 readout_est=512

tb_ntt46_fact_lean_ip_unified_axi_lite_core PASS R=128 N=256 L=8 Cin=1 Cout=2 Nh=64 bound=8 wall_cycles=450 core_compute_cycles=388 preload_est=384 readout_est=512

$finish called at time : 7758 ns : File "<ARTIFACT_ROOT>/tb/tb_ntt46_fact_lean_ip_unified_axi_lite_core.sv" Line 780

exit

INFO: [Common 17-206] Exiting xsim at Fri Aug 14 03:19:08 2026...
===== END p4_n256_nh64_c1o2_pat6 =====

===== BEGIN p4_n256_nh64_c1o4_pat6 =====


****** xsim v2024.2 (64-bit)

  **** SW Build 5239630 on Fri Nov 08 22:35:27 MST 2024

  **** IP Build 5239520 on Sun Nov 10 16:12:51 MST 2024

  **** SharedData Build 5239561 on Fri Nov 08 14:39:27 MST 2024

  **** Start of session at: Fri Aug 14 03:19:20 2026

    ** Copyright 1986-2022 Xilinx, Inc. All Rights Reserved.

    ** Copyright 2022-2024 Advanced Micro Devices, Inc. All Rights Reserved.



source xsim.dir/sim_p4_n256_nh64_c1o4_pat6/xsim_script.tcl

# xsim {sim_p4_n256_nh64_c1o4_pat6} -autoloadwcfg -runall

Time resolution is 1 ps

run -all

unified_capability_regs PASS ip_id=FACT build_id=20260813 R=128 N=256 L=8 cout_max=4 precision=4 exact_linear=1

int8_axi_wstrb_semantics PASS

int8_valid_task PASS preload=1 repeat_start=0 wall_cycles=900 core_compute_cycles=776 preload_est=640 readout_est=1024

tb_ntt46_fact_lean_ip_unified_axi_lite_core PASS R=128 N=256 L=8 Cin=1 Cout=4 Nh=64 bound=8 wall_cycles=900 core_compute_cycles=776 preload_est=640 readout_est=1024

$finish called at time : 14686 ns : File "<ARTIFACT_ROOT>/tb/tb_ntt46_fact_lean_ip_unified_axi_lite_core.sv" Line 780

exit

INFO: [Common 17-206] Exiting xsim at Fri Aug 14 03:19:24 2026...
===== END p4_n256_nh64_c1o4_pat6 =====

===== BEGIN p4_n256_nh64_c2o1_pat6 =====


****** xsim v2024.2 (64-bit)

  **** SW Build 5239630 on Fri Nov 08 22:35:27 MST 2024

  **** IP Build 5239520 on Sun Nov 10 16:12:51 MST 2024

  **** SharedData Build 5239561 on Fri Nov 08 14:39:27 MST 2024

  **** Start of session at: Fri Aug 14 03:19:37 2026

    ** Copyright 1986-2022 Xilinx, Inc. All Rights Reserved.

    ** Copyright 2022-2024 Advanced Micro Devices, Inc. All Rights Reserved.



source xsim.dir/sim_p4_n256_nh64_c2o1_pat6/xsim_script.tcl

# xsim {sim_p4_n256_nh64_c2o1_pat6} -autoloadwcfg -runall

Time resolution is 1 ps

run -all

unified_capability_regs PASS ip_id=FACT build_id=20260813 R=128 N=256 L=8 cout_max=4 precision=4 exact_linear=1

int8_axi_wstrb_semantics PASS

int8_valid_task PASS preload=1 repeat_start=0 wall_cycles=360 core_compute_cycles=325 preload_est=512 readout_est=256

tb_ntt46_fact_lean_ip_unified_axi_lite_core PASS R=128 N=256 L=8 Cin=2 Cout=1 Nh=64 bound=8 wall_cycles=360 core_compute_cycles=325 preload_est=512 readout_est=256

$finish called at time : 5866 ns : File "<ARTIFACT_ROOT>/tb/tb_ntt46_fact_lean_ip_unified_axi_lite_core.sv" Line 780

exit

INFO: [Common 17-206] Exiting xsim at Fri Aug 14 03:19:39 2026...
===== END p4_n256_nh64_c2o1_pat6 =====

===== BEGIN p4_n256_nh64_c2o2_pat6 =====


****** xsim v2024.2 (64-bit)

  **** SW Build 5239630 on Fri Nov 08 22:35:27 MST 2024

  **** IP Build 5239520 on Sun Nov 10 16:12:51 MST 2024

  **** SharedData Build 5239561 on Fri Nov 08 14:39:27 MST 2024

  **** Start of session at: Fri Aug 14 03:19:51 2026

    ** Copyright 1986-2022 Xilinx, Inc. All Rights Reserved.

    ** Copyright 2022-2024 Advanced Micro Devices, Inc. All Rights Reserved.



source xsim.dir/sim_p4_n256_nh64_c2o2_pat6/xsim_script.tcl

# xsim {sim_p4_n256_nh64_c2o2_pat6} -autoloadwcfg -runall

Time resolution is 1 ps

run -all

unified_capability_regs PASS ip_id=FACT build_id=20260813 R=128 N=256 L=8 cout_max=4 precision=4 exact_linear=1

int8_axi_wstrb_semantics PASS

int8_valid_task PASS preload=1 repeat_start=0 wall_cycles=742 core_compute_cycles=640 preload_est=768 readout_est=512

tb_ntt46_fact_lean_ip_unified_axi_lite_core PASS R=128 N=256 L=8 Cin=2 Cout=2 Nh=64 bound=8 wall_cycles=742 core_compute_cycles=640 preload_est=768 readout_est=512

$finish called at time : 10474 ns : File "<ARTIFACT_ROOT>/tb/tb_ntt46_fact_lean_ip_unified_axi_lite_core.sv" Line 780

exit

INFO: [Common 17-206] Exiting xsim at Fri Aug 14 03:19:54 2026...
===== END p4_n256_nh64_c2o2_pat6 =====

===== BEGIN p4_n256_nh64_c2o4_pat6 =====


****** xsim v2024.2 (64-bit)

  **** SW Build 5239630 on Fri Nov 08 22:35:27 MST 2024

  **** IP Build 5239520 on Sun Nov 10 16:12:51 MST 2024

  **** SharedData Build 5239561 on Fri Nov 08 14:39:27 MST 2024

  **** Start of session at: Fri Aug 14 03:20:06 2026

    ** Copyright 1986-2022 Xilinx, Inc. All Rights Reserved.

    ** Copyright 2022-2024 Advanced Micro Devices, Inc. All Rights Reserved.



source xsim.dir/sim_p4_n256_nh64_c2o4_pat6/xsim_script.tcl

# xsim {sim_p4_n256_nh64_c2o4_pat6} -autoloadwcfg -runall

Time resolution is 1 ps

run -all

unified_capability_regs PASS ip_id=FACT build_id=20260813 R=128 N=256 L=8 cout_max=4 precision=4 exact_linear=1

int8_axi_wstrb_semantics PASS

int8_valid_task PASS preload=1 repeat_start=0 wall_cycles=1484 core_compute_cycles=1280 preload_est=1280 readout_est=1024

tb_ntt46_fact_lean_ip_unified_axi_lite_core PASS R=128 N=256 L=8 Cin=2 Cout=4 Nh=64 bound=8 wall_cycles=1484 core_compute_cycles=1280 preload_est=1280 readout_est=1024

$finish called at time : 19602 ns : File "<ARTIFACT_ROOT>/tb/tb_ntt46_fact_lean_ip_unified_axi_lite_core.sv" Line 780

exit

INFO: [Common 17-206] Exiting xsim at Fri Aug 14 03:20:10 2026...
===== END p4_n256_nh64_c2o4_pat6 =====

===== BEGIN p4_n256_nh64_c4o1_pat6 =====


****** xsim v2024.2 (64-bit)

  **** SW Build 5239630 on Fri Nov 08 22:35:27 MST 2024

  **** IP Build 5239520 on Sun Nov 10 16:12:51 MST 2024

  **** SharedData Build 5239561 on Fri Nov 08 14:39:27 MST 2024

  **** Start of session at: Fri Aug 14 03:20:22 2026

    ** Copyright 1986-2022 Xilinx, Inc. All Rights Reserved.

    ** Copyright 2022-2024 Advanced Micro Devices, Inc. All Rights Reserved.



source xsim.dir/sim_p4_n256_nh64_c4o1_pat6/xsim_script.tcl

# xsim {sim_p4_n256_nh64_c4o1_pat6} -autoloadwcfg -runall

Time resolution is 1 ps

run -all

unified_capability_regs PASS ip_id=FACT build_id=20260813 R=128 N=256 L=8 cout_max=4 precision=4 exact_linear=1

int8_axi_wstrb_semantics PASS

int8_valid_task PASS preload=1 repeat_start=0 wall_cycles=663 core_compute_cycles=572 preload_est=1024 readout_est=256

tb_ntt46_fact_lean_ip_unified_axi_lite_core PASS R=128 N=256 L=8 Cin=4 Cout=1 Nh=64 bound=8 wall_cycles=663 core_compute_cycles=572 preload_est=1024 readout_est=256

$finish called at time : 9138 ns : File "<ARTIFACT_ROOT>/tb/tb_ntt46_fact_lean_ip_unified_axi_lite_core.sv" Line 780

exit

INFO: [Common 17-206] Exiting xsim at Fri Aug 14 03:20:25 2026...
===== END p4_n256_nh64_c4o1_pat6 =====

===== BEGIN p4_n256_nh64_c4o2_pat6 =====


****** xsim v2024.2 (64-bit)

  **** SW Build 5239630 on Fri Nov 08 22:35:27 MST 2024

  **** IP Build 5239520 on Sun Nov 10 16:12:51 MST 2024

  **** SharedData Build 5239561 on Fri Nov 08 14:39:27 MST 2024

  **** Start of session at: Fri Aug 14 03:20:37 2026

    ** Copyright 1986-2022 Xilinx, Inc. All Rights Reserved.

    ** Copyright 2022-2024 Advanced Micro Devices, Inc. All Rights Reserved.



source xsim.dir/sim_p4_n256_nh64_c4o2_pat6/xsim_script.tcl

# xsim {sim_p4_n256_nh64_c4o2_pat6} -autoloadwcfg -runall

Time resolution is 1 ps

run -all

unified_capability_regs PASS ip_id=FACT build_id=20260813 R=128 N=256 L=8 cout_max=4 precision=4 exact_linear=1

int8_axi_wstrb_semantics PASS

int8_valid_task PASS preload=1 repeat_start=0 wall_cycles=1326 core_compute_cycles=1144 preload_est=1536 readout_est=512

tb_ntt46_fact_lean_ip_unified_axi_lite_core PASS R=128 N=256 L=8 Cin=4 Cout=2 Nh=64 bound=8 wall_cycles=1326 core_compute_cycles=1144 preload_est=1536 readout_est=512

$finish called at time : 15906 ns : File "<ARTIFACT_ROOT>/tb/tb_ntt46_fact_lean_ip_unified_axi_lite_core.sv" Line 780

exit

INFO: [Common 17-206] Exiting xsim at Fri Aug 14 03:20:41 2026...
===== END p4_n256_nh64_c4o2_pat6 =====

===== BEGIN p4_n256_nh64_c4o4_pat6 =====


****** xsim v2024.2 (64-bit)

  **** SW Build 5239630 on Fri Nov 08 22:35:27 MST 2024

  **** IP Build 5239520 on Sun Nov 10 16:12:51 MST 2024

  **** SharedData Build 5239561 on Fri Nov 08 14:39:27 MST 2024

  **** Start of session at: Fri Aug 14 03:20:53 2026

    ** Copyright 1986-2022 Xilinx, Inc. All Rights Reserved.

    ** Copyright 2022-2024 Advanced Micro Devices, Inc. All Rights Reserved.



source xsim.dir/sim_p4_n256_nh64_c4o4_pat6/xsim_script.tcl

# xsim {sim_p4_n256_nh64_c4o4_pat6} -autoloadwcfg -runall

Time resolution is 1 ps

run -all

unified_capability_regs PASS ip_id=FACT build_id=20260813 R=128 N=256 L=8 cout_max=4 precision=4 exact_linear=1

int8_axi_wstrb_semantics PASS

int8_valid_task PASS preload=1 repeat_start=0 wall_cycles=2652 core_compute_cycles=2288 preload_est=2560 readout_est=1024

tb_ntt46_fact_lean_ip_unified_axi_lite_core PASS R=128 N=256 L=8 Cin=4 Cout=4 Nh=64 bound=8 wall_cycles=2652 core_compute_cycles=2288 preload_est=2560 readout_est=1024

$finish called at time : 29434 ns : File "<ARTIFACT_ROOT>/tb/tb_ntt46_fact_lean_ip_unified_axi_lite_core.sv" Line 780

exit

INFO: [Common 17-206] Exiting xsim at Fri Aug 14 03:20:59 2026...
===== END p4_n256_nh64_c4o4_pat6 =====

===== BEGIN p4_n256_nh127_c1o1_pat6 =====


****** xsim v2024.2 (64-bit)

  **** SW Build 5239630 on Fri Nov 08 22:35:27 MST 2024

  **** IP Build 5239520 on Sun Nov 10 16:12:51 MST 2024

  **** SharedData Build 5239561 on Fri Nov 08 14:39:27 MST 2024

  **** Start of session at: Fri Aug 14 03:21:12 2026

    ** Copyright 1986-2022 Xilinx, Inc. All Rights Reserved.

    ** Copyright 2022-2024 Advanced Micro Devices, Inc. All Rights Reserved.



source xsim.dir/sim_p4_n256_nh127_c1o1_pat6/xsim_script.tcl

# xsim {sim_p4_n256_nh127_c1o1_pat6} -autoloadwcfg -runall

Time resolution is 1 ps

run -all

unified_capability_regs PASS ip_id=FACT build_id=20260813 R=128 N=256 L=8 cout_max=4 precision=4 exact_linear=1

int8_axi_wstrb_semantics PASS

int8_valid_task PASS preload=1 repeat_start=0 wall_cycles=214 core_compute_cycles=199 preload_est=256 readout_est=256

tb_ntt46_fact_lean_ip_unified_axi_lite_core PASS R=128 N=256 L=8 Cin=1 Cout=1 Nh=127 bound=8 wall_cycles=214 core_compute_cycles=199 preload_est=256 readout_est=256

$finish called at time : 4250 ns : File "<ARTIFACT_ROOT>/tb/tb_ntt46_fact_lean_ip_unified_axi_lite_core.sv" Line 780

exit

INFO: [Common 17-206] Exiting xsim at Fri Aug 14 03:21:15 2026...
===== END p4_n256_nh127_c1o1_pat6 =====

===== BEGIN p4_n256_nh127_c1o2_pat6 =====


****** xsim v2024.2 (64-bit)

  **** SW Build 5239630 on Fri Nov 08 22:35:27 MST 2024

  **** IP Build 5239520 on Sun Nov 10 16:12:51 MST 2024

  **** SharedData Build 5239561 on Fri Nov 08 14:39:27 MST 2024

  **** Start of session at: Fri Aug 14 03:21:28 2026

    ** Copyright 1986-2022 Xilinx, Inc. All Rights Reserved.

    ** Copyright 2022-2024 Advanced Micro Devices, Inc. All Rights Reserved.



source xsim.dir/sim_p4_n256_nh127_c1o2_pat6/xsim_script.tcl

# xsim {sim_p4_n256_nh127_c1o2_pat6} -autoloadwcfg -runall

Time resolution is 1 ps

run -all

unified_capability_regs PASS ip_id=FACT build_id=20260813 R=128 N=256 L=8 cout_max=4 precision=4 exact_linear=1

int8_axi_wstrb_semantics PASS

int8_valid_task PASS preload=1 repeat_start=0 wall_cycles=450 core_compute_cycles=388 preload_est=384 readout_est=512

tb_ntt46_fact_lean_ip_unified_axi_lite_core PASS R=128 N=256 L=8 Cin=1 Cout=2 Nh=127 bound=8 wall_cycles=450 core_compute_cycles=388 preload_est=384 readout_est=512

$finish called at time : 7758 ns : File "<ARTIFACT_ROOT>/tb/tb_ntt46_fact_lean_ip_unified_axi_lite_core.sv" Line 780

exit

INFO: [Common 17-206] Exiting xsim at Fri Aug 14 03:21:32 2026...
===== END p4_n256_nh127_c1o2_pat6 =====

===== BEGIN p4_n256_nh127_c1o4_pat6 =====


****** xsim v2024.2 (64-bit)

  **** SW Build 5239630 on Fri Nov 08 22:35:27 MST 2024

  **** IP Build 5239520 on Sun Nov 10 16:12:51 MST 2024

  **** SharedData Build 5239561 on Fri Nov 08 14:39:27 MST 2024

  **** Start of session at: Fri Aug 14 03:21:44 2026

    ** Copyright 1986-2022 Xilinx, Inc. All Rights Reserved.

    ** Copyright 2022-2024 Advanced Micro Devices, Inc. All Rights Reserved.



source xsim.dir/sim_p4_n256_nh127_c1o4_pat6/xsim_script.tcl

# xsim {sim_p4_n256_nh127_c1o4_pat6} -autoloadwcfg -runall

Time resolution is 1 ps

run -all

unified_capability_regs PASS ip_id=FACT build_id=20260813 R=128 N=256 L=8 cout_max=4 precision=4 exact_linear=1

int8_axi_wstrb_semantics PASS

int8_valid_task PASS preload=1 repeat_start=0 wall_cycles=900 core_compute_cycles=776 preload_est=640 readout_est=1024

tb_ntt46_fact_lean_ip_unified_axi_lite_core PASS R=128 N=256 L=8 Cin=1 Cout=4 Nh=127 bound=8 wall_cycles=900 core_compute_cycles=776 preload_est=640 readout_est=1024

$finish called at time : 14686 ns : File "<ARTIFACT_ROOT>/tb/tb_ntt46_fact_lean_ip_unified_axi_lite_core.sv" Line 780

exit

INFO: [Common 17-206] Exiting xsim at Fri Aug 14 03:21:48 2026...
===== END p4_n256_nh127_c1o4_pat6 =====

===== BEGIN p4_n256_nh127_c2o1_pat6 =====


****** xsim v2024.2 (64-bit)

  **** SW Build 5239630 on Fri Nov 08 22:35:27 MST 2024

  **** IP Build 5239520 on Sun Nov 10 16:12:51 MST 2024

  **** SharedData Build 5239561 on Fri Nov 08 14:39:27 MST 2024

  **** Start of session at: Fri Aug 14 03:22:00 2026

    ** Copyright 1986-2022 Xilinx, Inc. All Rights Reserved.

    ** Copyright 2022-2024 Advanced Micro Devices, Inc. All Rights Reserved.



source xsim.dir/sim_p4_n256_nh127_c2o1_pat6/xsim_script.tcl

# xsim {sim_p4_n256_nh127_c2o1_pat6} -autoloadwcfg -runall

Time resolution is 1 ps

run -all

unified_capability_regs PASS ip_id=FACT build_id=20260813 R=128 N=256 L=8 cout_max=4 precision=4 exact_linear=1

int8_axi_wstrb_semantics PASS

int8_valid_task PASS preload=1 repeat_start=0 wall_cycles=360 core_compute_cycles=325 preload_est=512 readout_est=256

tb_ntt46_fact_lean_ip_unified_axi_lite_core PASS R=128 N=256 L=8 Cin=2 Cout=1 Nh=127 bound=8 wall_cycles=360 core_compute_cycles=325 preload_est=512 readout_est=256

$finish called at time : 5866 ns : File "<ARTIFACT_ROOT>/tb/tb_ntt46_fact_lean_ip_unified_axi_lite_core.sv" Line 780

exit

INFO: [Common 17-206] Exiting xsim at Fri Aug 14 03:22:03 2026...
===== END p4_n256_nh127_c2o1_pat6 =====

===== BEGIN p4_n256_nh127_c2o2_pat6 =====


****** xsim v2024.2 (64-bit)

  **** SW Build 5239630 on Fri Nov 08 22:35:27 MST 2024

  **** IP Build 5239520 on Sun Nov 10 16:12:51 MST 2024

  **** SharedData Build 5239561 on Fri Nov 08 14:39:27 MST 2024

  **** Start of session at: Fri Aug 14 03:22:16 2026

    ** Copyright 1986-2022 Xilinx, Inc. All Rights Reserved.

    ** Copyright 2022-2024 Advanced Micro Devices, Inc. All Rights Reserved.



source xsim.dir/sim_p4_n256_nh127_c2o2_pat6/xsim_script.tcl

# xsim {sim_p4_n256_nh127_c2o2_pat6} -autoloadwcfg -runall

Time resolution is 1 ps

run -all

unified_capability_regs PASS ip_id=FACT build_id=20260813 R=128 N=256 L=8 cout_max=4 precision=4 exact_linear=1

int8_axi_wstrb_semantics PASS

int8_valid_task PASS preload=1 repeat_start=0 wall_cycles=742 core_compute_cycles=640 preload_est=768 readout_est=512

tb_ntt46_fact_lean_ip_unified_axi_lite_core PASS R=128 N=256 L=8 Cin=2 Cout=2 Nh=127 bound=8 wall_cycles=742 core_compute_cycles=640 preload_est=768 readout_est=512

$finish called at time : 10474 ns : File "<ARTIFACT_ROOT>/tb/tb_ntt46_fact_lean_ip_unified_axi_lite_core.sv" Line 780

exit

INFO: [Common 17-206] Exiting xsim at Fri Aug 14 03:22:19 2026...
===== END p4_n256_nh127_c2o2_pat6 =====

===== BEGIN p4_n256_nh127_c2o4_pat6 =====


****** xsim v2024.2 (64-bit)

  **** SW Build 5239630 on Fri Nov 08 22:35:27 MST 2024

  **** IP Build 5239520 on Sun Nov 10 16:12:51 MST 2024

  **** SharedData Build 5239561 on Fri Nov 08 14:39:27 MST 2024

  **** Start of session at: Fri Aug 14 03:22:33 2026

    ** Copyright 1986-2022 Xilinx, Inc. All Rights Reserved.

    ** Copyright 2022-2024 Advanced Micro Devices, Inc. All Rights Reserved.



source xsim.dir/sim_p4_n256_nh127_c2o4_pat6/xsim_script.tcl

# xsim {sim_p4_n256_nh127_c2o4_pat6} -autoloadwcfg -runall

Time resolution is 1 ps

run -all

unified_capability_regs PASS ip_id=FACT build_id=20260813 R=128 N=256 L=8 cout_max=4 precision=4 exact_linear=1

int8_axi_wstrb_semantics PASS

int8_valid_task PASS preload=1 repeat_start=0 wall_cycles=1484 core_compute_cycles=1280 preload_est=1280 readout_est=1024

tb_ntt46_fact_lean_ip_unified_axi_lite_core PASS R=128 N=256 L=8 Cin=2 Cout=4 Nh=127 bound=8 wall_cycles=1484 core_compute_cycles=1280 preload_est=1280 readout_est=1024

$finish called at time : 19602 ns : File "<ARTIFACT_ROOT>/tb/tb_ntt46_fact_lean_ip_unified_axi_lite_core.sv" Line 780

exit

INFO: [Common 17-206] Exiting xsim at Fri Aug 14 03:22:36 2026...
===== END p4_n256_nh127_c2o4_pat6 =====

===== BEGIN p4_n256_nh127_c4o1_pat6 =====


****** xsim v2024.2 (64-bit)

  **** SW Build 5239630 on Fri Nov 08 22:35:27 MST 2024

  **** IP Build 5239520 on Sun Nov 10 16:12:51 MST 2024

  **** SharedData Build 5239561 on Fri Nov 08 14:39:27 MST 2024

  **** Start of session at: Fri Aug 14 03:22:49 2026

    ** Copyright 1986-2022 Xilinx, Inc. All Rights Reserved.

    ** Copyright 2022-2024 Advanced Micro Devices, Inc. All Rights Reserved.



source xsim.dir/sim_p4_n256_nh127_c4o1_pat6/xsim_script.tcl

# xsim {sim_p4_n256_nh127_c4o1_pat6} -autoloadwcfg -runall

Time resolution is 1 ps

run -all

unified_capability_regs PASS ip_id=FACT build_id=20260813 R=128 N=256 L=8 cout_max=4 precision=4 exact_linear=1

int8_axi_wstrb_semantics PASS

int8_valid_task PASS preload=1 repeat_start=0 wall_cycles=663 core_compute_cycles=572 preload_est=1024 readout_est=256

tb_ntt46_fact_lean_ip_unified_axi_lite_core PASS R=128 N=256 L=8 Cin=4 Cout=1 Nh=127 bound=8 wall_cycles=663 core_compute_cycles=572 preload_est=1024 readout_est=256

$finish called at time : 9138 ns : File "<ARTIFACT_ROOT>/tb/tb_ntt46_fact_lean_ip_unified_axi_lite_core.sv" Line 780

exit

INFO: [Common 17-206] Exiting xsim at Fri Aug 14 03:22:53 2026...
===== END p4_n256_nh127_c4o1_pat6 =====

===== BEGIN p4_n256_nh127_c4o2_pat6 =====


****** xsim v2024.2 (64-bit)

  **** SW Build 5239630 on Fri Nov 08 22:35:27 MST 2024

  **** IP Build 5239520 on Sun Nov 10 16:12:51 MST 2024

  **** SharedData Build 5239561 on Fri Nov 08 14:39:27 MST 2024

  **** Start of session at: Fri Aug 14 03:23:05 2026

    ** Copyright 1986-2022 Xilinx, Inc. All Rights Reserved.

    ** Copyright 2022-2024 Advanced Micro Devices, Inc. All Rights Reserved.



source xsim.dir/sim_p4_n256_nh127_c4o2_pat6/xsim_script.tcl

# xsim {sim_p4_n256_nh127_c4o2_pat6} -autoloadwcfg -runall

Time resolution is 1 ps

run -all

unified_capability_regs PASS ip_id=FACT build_id=20260813 R=128 N=256 L=8 cout_max=4 precision=4 exact_linear=1

int8_axi_wstrb_semantics PASS

int8_valid_task PASS preload=1 repeat_start=0 wall_cycles=1326 core_compute_cycles=1144 preload_est=1536 readout_est=512

tb_ntt46_fact_lean_ip_unified_axi_lite_core PASS R=128 N=256 L=8 Cin=4 Cout=2 Nh=127 bound=8 wall_cycles=1326 core_compute_cycles=1144 preload_est=1536 readout_est=512

$finish called at time : 15906 ns : File "<ARTIFACT_ROOT>/tb/tb_ntt46_fact_lean_ip_unified_axi_lite_core.sv" Line 780

exit

INFO: [Common 17-206] Exiting xsim at Fri Aug 14 03:23:09 2026...
===== END p4_n256_nh127_c4o2_pat6 =====

===== BEGIN p4_n256_nh127_c4o4_pat6 =====


****** xsim v2024.2 (64-bit)

  **** SW Build 5239630 on Fri Nov 08 22:35:27 MST 2024

  **** IP Build 5239520 on Sun Nov 10 16:12:51 MST 2024

  **** SharedData Build 5239561 on Fri Nov 08 14:39:27 MST 2024

  **** Start of session at: Fri Aug 14 03:23:21 2026

    ** Copyright 1986-2022 Xilinx, Inc. All Rights Reserved.

    ** Copyright 2022-2024 Advanced Micro Devices, Inc. All Rights Reserved.



source xsim.dir/sim_p4_n256_nh127_c4o4_pat6/xsim_script.tcl

# xsim {sim_p4_n256_nh127_c4o4_pat6} -autoloadwcfg -runall

Time resolution is 1 ps

run -all

unified_capability_regs PASS ip_id=FACT build_id=20260813 R=128 N=256 L=8 cout_max=4 precision=4 exact_linear=1

int8_axi_wstrb_semantics PASS

int8_valid_task PASS preload=1 repeat_start=0 wall_cycles=2652 core_compute_cycles=2288 preload_est=2560 readout_est=1024

tb_ntt46_fact_lean_ip_unified_axi_lite_core PASS R=128 N=256 L=8 Cin=4 Cout=4 Nh=127 bound=8 wall_cycles=2652 core_compute_cycles=2288 preload_est=2560 readout_est=1024

$finish called at time : 29434 ns : File "<ARTIFACT_ROOT>/tb/tb_ntt46_fact_lean_ip_unified_axi_lite_core.sv" Line 780

exit

INFO: [Common 17-206] Exiting xsim at Fri Aug 14 03:23:25 2026...
===== END p4_n256_nh127_c4o4_pat6 =====

===== BEGIN p4_n256_nh127_c4o4_pat1 =====


****** xsim v2024.2 (64-bit)

  **** SW Build 5239630 on Fri Nov 08 22:35:27 MST 2024

  **** IP Build 5239520 on Sun Nov 10 16:12:51 MST 2024

  **** SharedData Build 5239561 on Fri Nov 08 14:39:27 MST 2024

  **** Start of session at: Fri Aug 14 03:23:38 2026

    ** Copyright 1986-2022 Xilinx, Inc. All Rights Reserved.

    ** Copyright 2022-2024 Advanced Micro Devices, Inc. All Rights Reserved.



source xsim.dir/sim_p4_n256_nh127_c4o4_pat1/xsim_script.tcl

# xsim {sim_p4_n256_nh127_c4o4_pat1} -autoloadwcfg -runall

Time resolution is 1 ps

run -all

unified_capability_regs PASS ip_id=FACT build_id=20260813 R=128 N=256 L=8 cout_max=4 precision=4 exact_linear=1

int8_axi_wstrb_semantics PASS

int8_valid_task PASS preload=1 repeat_start=0 wall_cycles=2652 core_compute_cycles=2288 preload_est=2560 readout_est=1024

tb_ntt46_fact_lean_ip_unified_axi_lite_core PASS R=128 N=256 L=8 Cin=4 Cout=4 Nh=127 bound=8 wall_cycles=2652 core_compute_cycles=2288 preload_est=2560 readout_est=1024

$finish called at time : 29434 ns : File "<ARTIFACT_ROOT>/tb/tb_ntt46_fact_lean_ip_unified_axi_lite_core.sv" Line 780

exit

INFO: [Common 17-206] Exiting xsim at Fri Aug 14 03:23:42 2026...
===== END p4_n256_nh127_c4o4_pat1 =====

===== BEGIN p4_n256_nh127_c4o4_pat2 =====


****** xsim v2024.2 (64-bit)

  **** SW Build 5239630 on Fri Nov 08 22:35:27 MST 2024

  **** IP Build 5239520 on Sun Nov 10 16:12:51 MST 2024

  **** SharedData Build 5239561 on Fri Nov 08 14:39:27 MST 2024

  **** Start of session at: Fri Aug 14 03:23:55 2026

    ** Copyright 1986-2022 Xilinx, Inc. All Rights Reserved.

    ** Copyright 2022-2024 Advanced Micro Devices, Inc. All Rights Reserved.



source xsim.dir/sim_p4_n256_nh127_c4o4_pat2/xsim_script.tcl

# xsim {sim_p4_n256_nh127_c4o4_pat2} -autoloadwcfg -runall

Time resolution is 1 ps

run -all

unified_capability_regs PASS ip_id=FACT build_id=20260813 R=128 N=256 L=8 cout_max=4 precision=4 exact_linear=1

int8_axi_wstrb_semantics PASS

int8_valid_task PASS preload=1 repeat_start=0 wall_cycles=2652 core_compute_cycles=2288 preload_est=2560 readout_est=1024

tb_ntt46_fact_lean_ip_unified_axi_lite_core PASS R=128 N=256 L=8 Cin=4 Cout=4 Nh=127 bound=8 wall_cycles=2652 core_compute_cycles=2288 preload_est=2560 readout_est=1024

$finish called at time : 29434 ns : File "<ARTIFACT_ROOT>/tb/tb_ntt46_fact_lean_ip_unified_axi_lite_core.sv" Line 780

exit

INFO: [Common 17-206] Exiting xsim at Fri Aug 14 03:24:00 2026...
===== END p4_n256_nh127_c4o4_pat2 =====

===== BEGIN p4_n256_nh127_c4o4_pat3 =====


****** xsim v2024.2 (64-bit)

  **** SW Build 5239630 on Fri Nov 08 22:35:27 MST 2024

  **** IP Build 5239520 on Sun Nov 10 16:12:51 MST 2024

  **** SharedData Build 5239561 on Fri Nov 08 14:39:27 MST 2024

  **** Start of session at: Fri Aug 14 03:24:12 2026

    ** Copyright 1986-2022 Xilinx, Inc. All Rights Reserved.

    ** Copyright 2022-2024 Advanced Micro Devices, Inc. All Rights Reserved.



source xsim.dir/sim_p4_n256_nh127_c4o4_pat3/xsim_script.tcl

# xsim {sim_p4_n256_nh127_c4o4_pat3} -autoloadwcfg -runall

Time resolution is 1 ps

run -all

unified_capability_regs PASS ip_id=FACT build_id=20260813 R=128 N=256 L=8 cout_max=4 precision=4 exact_linear=1

int8_axi_wstrb_semantics PASS

int8_valid_task PASS preload=1 repeat_start=0 wall_cycles=2652 core_compute_cycles=2288 preload_est=2560 readout_est=1024

tb_ntt46_fact_lean_ip_unified_axi_lite_core PASS R=128 N=256 L=8 Cin=4 Cout=4 Nh=127 bound=8 wall_cycles=2652 core_compute_cycles=2288 preload_est=2560 readout_est=1024

$finish called at time : 29434 ns : File "<ARTIFACT_ROOT>/tb/tb_ntt46_fact_lean_ip_unified_axi_lite_core.sv" Line 780

exit

INFO: [Common 17-206] Exiting xsim at Fri Aug 14 03:24:17 2026...
===== END p4_n256_nh127_c4o4_pat3 =====

===== BEGIN p4_n256_nh127_c4o4_pat5 =====


****** xsim v2024.2 (64-bit)

  **** SW Build 5239630 on Fri Nov 08 22:35:27 MST 2024

  **** IP Build 5239520 on Sun Nov 10 16:12:51 MST 2024

  **** SharedData Build 5239561 on Fri Nov 08 14:39:27 MST 2024

  **** Start of session at: Fri Aug 14 03:24:29 2026

    ** Copyright 1986-2022 Xilinx, Inc. All Rights Reserved.

    ** Copyright 2022-2024 Advanced Micro Devices, Inc. All Rights Reserved.



source xsim.dir/sim_p4_n256_nh127_c4o4_pat5/xsim_script.tcl

# xsim {sim_p4_n256_nh127_c4o4_pat5} -autoloadwcfg -runall

Time resolution is 1 ps

run -all

unified_capability_regs PASS ip_id=FACT build_id=20260813 R=128 N=256 L=8 cout_max=4 precision=4 exact_linear=1

int8_axi_wstrb_semantics PASS

int8_valid_task PASS preload=1 repeat_start=0 wall_cycles=2652 core_compute_cycles=2288 preload_est=2560 readout_est=1024

tb_ntt46_fact_lean_ip_unified_axi_lite_core PASS R=128 N=256 L=8 Cin=4 Cout=4 Nh=127 bound=8 wall_cycles=2652 core_compute_cycles=2288 preload_est=2560 readout_est=1024

$finish called at time : 29434 ns : File "<ARTIFACT_ROOT>/tb/tb_ntt46_fact_lean_ip_unified_axi_lite_core.sv" Line 780

exit

INFO: [Common 17-206] Exiting xsim at Fri Aug 14 03:24:33 2026...
===== END p4_n256_nh127_c4o4_pat5 =====

===== BEGIN p4_n512_nh1_c1o1_pat6 =====


****** xsim v2024.2 (64-bit)

  **** SW Build 5239630 on Fri Nov 08 22:35:27 MST 2024

  **** IP Build 5239520 on Sun Nov 10 16:12:51 MST 2024

  **** SharedData Build 5239561 on Fri Nov 08 14:39:27 MST 2024

  **** Start of session at: Fri Aug 14 03:24:49 2026

    ** Copyright 1986-2022 Xilinx, Inc. All Rights Reserved.

    ** Copyright 2022-2024 Advanced Micro Devices, Inc. All Rights Reserved.



source xsim.dir/sim_p4_n512_nh1_c1o1_pat6/xsim_script.tcl

# xsim {sim_p4_n512_nh1_c1o1_pat6} -autoloadwcfg -runall

Time resolution is 1 ps

run -all

unified_capability_regs PASS ip_id=FACT build_id=20260813 R=256 N=512 L=8 cout_max=4 precision=4 exact_linear=1

int8_axi_wstrb_semantics PASS

int8_valid_task PASS preload=1 repeat_start=0 wall_cycles=244 core_compute_cycles=228 preload_est=512 readout_est=512

tb_ntt46_fact_lean_ip_unified_axi_lite_core PASS R=256 N=512 L=8 Cin=1 Cout=1 Nh=1 bound=8 wall_cycles=244 core_compute_cycles=228 preload_est=512 readout_est=512

$finish called at time : 7442 ns : File "<ARTIFACT_ROOT>/tb/tb_ntt46_fact_lean_ip_unified_axi_lite_core.sv" Line 780

exit

INFO: [Common 17-206] Exiting xsim at Fri Aug 14 03:24:53 2026...
===== END p4_n512_nh1_c1o1_pat6 =====

===== BEGIN p4_n512_nh1_c1o2_pat6 =====


****** xsim v2024.2 (64-bit)

  **** SW Build 5239630 on Fri Nov 08 22:35:27 MST 2024

  **** IP Build 5239520 on Sun Nov 10 16:12:51 MST 2024

  **** SharedData Build 5239561 on Fri Nov 08 14:39:27 MST 2024

  **** Start of session at: Fri Aug 14 03:25:06 2026

    ** Copyright 1986-2022 Xilinx, Inc. All Rights Reserved.

    ** Copyright 2022-2024 Advanced Micro Devices, Inc. All Rights Reserved.



source xsim.dir/sim_p4_n512_nh1_c1o2_pat6/xsim_script.tcl

# xsim {sim_p4_n512_nh1_c1o2_pat6} -autoloadwcfg -runall

Time resolution is 1 ps

run -all

unified_capability_regs PASS ip_id=FACT build_id=20260813 R=256 N=512 L=8 cout_max=4 precision=4 exact_linear=1

int8_axi_wstrb_semantics PASS

int8_valid_task PASS preload=1 repeat_start=0 wall_cycles=512 core_compute_cycles=446 preload_est=768 readout_est=1024

tb_ntt46_fact_lean_ip_unified_axi_lite_core PASS R=256 N=512 L=8 Cin=1 Cout=2 Nh=1 bound=8 wall_cycles=512 core_compute_cycles=446 preload_est=768 readout_est=1024

$finish called at time : 13638 ns : File "<ARTIFACT_ROOT>/tb/tb_ntt46_fact_lean_ip_unified_axi_lite_core.sv" Line 780

exit

INFO: [Common 17-206] Exiting xsim at Fri Aug 14 03:25:10 2026...
===== END p4_n512_nh1_c1o2_pat6 =====

===== BEGIN p4_n512_nh1_c1o4_pat6 =====


****** xsim v2024.2 (64-bit)

  **** SW Build 5239630 on Fri Nov 08 22:35:27 MST 2024

  **** IP Build 5239520 on Sun Nov 10 16:12:51 MST 2024

  **** SharedData Build 5239561 on Fri Nov 08 14:39:27 MST 2024

  **** Start of session at: Fri Aug 14 03:25:22 2026

    ** Copyright 1986-2022 Xilinx, Inc. All Rights Reserved.

    ** Copyright 2022-2024 Advanced Micro Devices, Inc. All Rights Reserved.



source xsim.dir/sim_p4_n512_nh1_c1o4_pat6/xsim_script.tcl

# xsim {sim_p4_n512_nh1_c1o4_pat6} -autoloadwcfg -runall

Time resolution is 1 ps

run -all

unified_capability_regs PASS ip_id=FACT build_id=20260813 R=256 N=512 L=8 cout_max=4 precision=4 exact_linear=1

int8_axi_wstrb_semantics PASS

int8_valid_task PASS preload=1 repeat_start=0 wall_cycles=1024 core_compute_cycles=892 preload_est=1280 readout_est=2048

tb_ntt46_fact_lean_ip_unified_axi_lite_core PASS R=256 N=512 L=8 Cin=1 Cout=4 Nh=1 bound=8 wall_cycles=1024 core_compute_cycles=892 preload_est=1280 readout_est=2048

$finish called at time : 25934 ns : File "<ARTIFACT_ROOT>/tb/tb_ntt46_fact_lean_ip_unified_axi_lite_core.sv" Line 780

exit

INFO: [Common 17-206] Exiting xsim at Fri Aug 14 03:25:26 2026...
===== END p4_n512_nh1_c1o4_pat6 =====

===== BEGIN p4_n512_nh1_c2o1_pat6 =====


****** xsim v2024.2 (64-bit)

  **** SW Build 5239630 on Fri Nov 08 22:35:27 MST 2024

  **** IP Build 5239520 on Sun Nov 10 16:12:51 MST 2024

  **** SharedData Build 5239561 on Fri Nov 08 14:39:27 MST 2024

  **** Start of session at: Fri Aug 14 03:25:38 2026

    ** Copyright 1986-2022 Xilinx, Inc. All Rights Reserved.

    ** Copyright 2022-2024 Advanced Micro Devices, Inc. All Rights Reserved.



source xsim.dir/sim_p4_n512_nh1_c2o1_pat6/xsim_script.tcl

# xsim {sim_p4_n512_nh1_c2o1_pat6} -autoloadwcfg -runall

Time resolution is 1 ps

run -all

unified_capability_regs PASS ip_id=FACT build_id=20260813 R=256 N=512 L=8 cout_max=4 precision=4 exact_linear=1

int8_axi_wstrb_semantics PASS

int8_valid_task PASS preload=1 repeat_start=0 wall_cycles=409 core_compute_cycles=371 preload_est=1024 readout_est=512

tb_ntt46_fact_lean_ip_unified_axi_lite_core PASS R=256 N=512 L=8 Cin=2 Cout=1 Nh=1 bound=8 wall_cycles=409 core_compute_cycles=371 preload_est=1024 readout_est=512

$finish called at time : 10154 ns : File "<ARTIFACT_ROOT>/tb/tb_ntt46_fact_lean_ip_unified_axi_lite_core.sv" Line 780

exit

INFO: [Common 17-206] Exiting xsim at Fri Aug 14 03:25:41 2026...
===== END p4_n512_nh1_c2o1_pat6 =====

===== BEGIN p4_n512_nh1_c2o2_pat6 =====


****** xsim v2024.2 (64-bit)

  **** SW Build 5239630 on Fri Nov 08 22:35:27 MST 2024

  **** IP Build 5239520 on Sun Nov 10 16:12:51 MST 2024

  **** SharedData Build 5239561 on Fri Nov 08 14:39:27 MST 2024

  **** Start of session at: Fri Aug 14 03:25:54 2026

    ** Copyright 1986-2022 Xilinx, Inc. All Rights Reserved.

    ** Copyright 2022-2024 Advanced Micro Devices, Inc. All Rights Reserved.



source xsim.dir/sim_p4_n512_nh1_c2o2_pat6/xsim_script.tcl

# xsim {sim_p4_n512_nh1_c2o2_pat6} -autoloadwcfg -runall

Time resolution is 1 ps

run -all

unified_capability_regs PASS ip_id=FACT build_id=20260813 R=256 N=512 L=8 cout_max=4 precision=4 exact_linear=1

int8_axi_wstrb_semantics PASS

int8_valid_task PASS preload=1 repeat_start=0 wall_cycles=818 core_compute_cycles=742 preload_est=1536 readout_est=1024

tb_ntt46_fact_lean_ip_unified_axi_lite_core PASS R=256 N=512 L=8 Cin=2 Cout=2 Nh=1 bound=8 wall_cycles=818 core_compute_cycles=742 preload_est=1536 readout_est=1024

$finish called at time : 17946 ns : File "<ARTIFACT_ROOT>/tb/tb_ntt46_fact_lean_ip_unified_axi_lite_core.sv" Line 780

exit

INFO: [Common 17-206] Exiting xsim at Fri Aug 14 03:25:59 2026...
===== END p4_n512_nh1_c2o2_pat6 =====

===== BEGIN p4_n512_nh1_c2o4_pat6 =====


****** xsim v2024.2 (64-bit)

  **** SW Build 5239630 on Fri Nov 08 22:35:27 MST 2024

  **** IP Build 5239520 on Sun Nov 10 16:12:51 MST 2024

  **** SharedData Build 5239561 on Fri Nov 08 14:39:27 MST 2024

  **** Start of session at: Fri Aug 14 03:26:12 2026

    ** Copyright 1986-2022 Xilinx, Inc. All Rights Reserved.

    ** Copyright 2022-2024 Advanced Micro Devices, Inc. All Rights Reserved.



source xsim.dir/sim_p4_n512_nh1_c2o4_pat6/xsim_script.tcl

# xsim {sim_p4_n512_nh1_c2o4_pat6} -autoloadwcfg -runall

Time resolution is 1 ps

run -all

unified_capability_regs PASS ip_id=FACT build_id=20260813 R=256 N=512 L=8 cout_max=4 precision=4 exact_linear=1

int8_axi_wstrb_semantics PASS

int8_valid_task PASS preload=1 repeat_start=0 wall_cycles=1636 core_compute_cycles=1484 preload_est=2560 readout_est=2048

tb_ntt46_fact_lean_ip_unified_axi_lite_core PASS R=256 N=512 L=8 Cin=2 Cout=4 Nh=1 bound=8 wall_cycles=1636 core_compute_cycles=1484 preload_est=2560 readout_est=2048

$finish called at time : 33522 ns : File "<ARTIFACT_ROOT>/tb/tb_ntt46_fact_lean_ip_unified_axi_lite_core.sv" Line 780

exit

INFO: [Common 17-206] Exiting xsim at Fri Aug 14 03:26:17 2026...
===== END p4_n512_nh1_c2o4_pat6 =====

===== BEGIN p4_n512_nh1_c4o1_pat6 =====


****** xsim v2024.2 (64-bit)

  **** SW Build 5239630 on Fri Nov 08 22:35:27 MST 2024

  **** IP Build 5239520 on Sun Nov 10 16:12:51 MST 2024

  **** SharedData Build 5239561 on Fri Nov 08 14:39:27 MST 2024

  **** Start of session at: Fri Aug 14 03:26:30 2026

    ** Copyright 1986-2022 Xilinx, Inc. All Rights Reserved.

    ** Copyright 2022-2024 Advanced Micro Devices, Inc. All Rights Reserved.



source xsim.dir/sim_p4_n512_nh1_c4o1_pat6/xsim_script.tcl

# xsim {sim_p4_n512_nh1_c4o1_pat6} -autoloadwcfg -runall

Time resolution is 1 ps

run -all

unified_capability_regs PASS ip_id=FACT build_id=20260813 R=256 N=512 L=8 cout_max=4 precision=4 exact_linear=1

int8_axi_wstrb_semantics PASS

int8_valid_task PASS preload=1 repeat_start=0 wall_cycles=733 core_compute_cycles=651 preload_est=2048 readout_est=512

tb_ntt46_fact_lean_ip_unified_axi_lite_core PASS R=256 N=512 L=8 Cin=4 Cout=1 Nh=1 bound=8 wall_cycles=733 core_compute_cycles=651 preload_est=2048 readout_est=512

$finish called at time : 15562 ns : File "<ARTIFACT_ROOT>/tb/tb_ntt46_fact_lean_ip_unified_axi_lite_core.sv" Line 780

exit

INFO: [Common 17-206] Exiting xsim at Fri Aug 14 03:26:34 2026...
===== END p4_n512_nh1_c4o1_pat6 =====

===== BEGIN p4_n512_nh1_c4o2_pat6 =====


****** xsim v2024.2 (64-bit)

  **** SW Build 5239630 on Fri Nov 08 22:35:27 MST 2024

  **** IP Build 5239520 on Sun Nov 10 16:12:51 MST 2024

  **** SharedData Build 5239561 on Fri Nov 08 14:39:27 MST 2024

  **** Start of session at: Fri Aug 14 03:26:47 2026

    ** Copyright 1986-2022 Xilinx, Inc. All Rights Reserved.

    ** Copyright 2022-2024 Advanced Micro Devices, Inc. All Rights Reserved.



source xsim.dir/sim_p4_n512_nh1_c4o2_pat6/xsim_script.tcl

# xsim {sim_p4_n512_nh1_c4o2_pat6} -autoloadwcfg -runall

Time resolution is 1 ps

run -all

unified_capability_regs PASS ip_id=FACT build_id=20260813 R=256 N=512 L=8 cout_max=4 precision=4 exact_linear=1

int8_axi_wstrb_semantics PASS

int8_valid_task PASS preload=1 repeat_start=0 wall_cycles=1466 core_compute_cycles=1302 preload_est=3072 readout_est=1024

tb_ntt46_fact_lean_ip_unified_axi_lite_core PASS R=256 N=512 L=8 Cin=4 Cout=2 Nh=1 bound=8 wall_cycles=1466 core_compute_cycles=1302 preload_est=3072 readout_est=1024

$finish called at time : 26706 ns : File "<ARTIFACT_ROOT>/tb/tb_ntt46_fact_lean_ip_unified_axi_lite_core.sv" Line 780

exit

INFO: [Common 17-206] Exiting xsim at Fri Aug 14 03:26:50 2026...
===== END p4_n512_nh1_c4o2_pat6 =====

===== BEGIN p4_n512_nh1_c4o4_pat6 =====


****** xsim v2024.2 (64-bit)

  **** SW Build 5239630 on Fri Nov 08 22:35:27 MST 2024

  **** IP Build 5239520 on Sun Nov 10 16:12:51 MST 2024

  **** SharedData Build 5239561 on Fri Nov 08 14:39:27 MST 2024

  **** Start of session at: Fri Aug 14 03:27:03 2026

    ** Copyright 1986-2022 Xilinx, Inc. All Rights Reserved.

    ** Copyright 2022-2024 Advanced Micro Devices, Inc. All Rights Reserved.



source xsim.dir/sim_p4_n512_nh1_c4o4_pat6/xsim_script.tcl

# xsim {sim_p4_n512_nh1_c4o4_pat6} -autoloadwcfg -runall

Time resolution is 1 ps

run -all

unified_capability_regs PASS ip_id=FACT build_id=20260813 R=256 N=512 L=8 cout_max=4 precision=4 exact_linear=1

int8_axi_wstrb_semantics PASS

int8_valid_task PASS preload=1 repeat_start=0 wall_cycles=2932 core_compute_cycles=2604 preload_est=5120 readout_est=2048

tb_ntt46_fact_lean_ip_unified_axi_lite_core PASS R=256 N=512 L=8 Cin=4 Cout=4 Nh=1 bound=8 wall_cycles=2932 core_compute_cycles=2604 preload_est=5120 readout_est=2048

$finish called at time : 48986 ns : File "<ARTIFACT_ROOT>/tb/tb_ntt46_fact_lean_ip_unified_axi_lite_core.sv" Line 780

exit

INFO: [Common 17-206] Exiting xsim at Fri Aug 14 03:27:09 2026...
===== END p4_n512_nh1_c4o4_pat6 =====

===== BEGIN p4_n512_nh128_c1o1_pat6 =====


****** xsim v2024.2 (64-bit)

  **** SW Build 5239630 on Fri Nov 08 22:35:27 MST 2024

  **** IP Build 5239520 on Sun Nov 10 16:12:51 MST 2024

  **** SharedData Build 5239561 on Fri Nov 08 14:39:27 MST 2024

  **** Start of session at: Fri Aug 14 03:27:22 2026

    ** Copyright 1986-2022 Xilinx, Inc. All Rights Reserved.

    ** Copyright 2022-2024 Advanced Micro Devices, Inc. All Rights Reserved.



source xsim.dir/sim_p4_n512_nh128_c1o1_pat6/xsim_script.tcl

# xsim {sim_p4_n512_nh128_c1o1_pat6} -autoloadwcfg -runall

Time resolution is 1 ps

run -all

unified_capability_regs PASS ip_id=FACT build_id=20260813 R=256 N=512 L=8 cout_max=4 precision=4 exact_linear=1

int8_axi_wstrb_semantics PASS

int8_valid_task PASS preload=1 repeat_start=0 wall_cycles=244 core_compute_cycles=228 preload_est=512 readout_est=512

tb_ntt46_fact_lean_ip_unified_axi_lite_core PASS R=256 N=512 L=8 Cin=1 Cout=1 Nh=128 bound=8 wall_cycles=244 core_compute_cycles=228 preload_est=512 readout_est=512

$finish called at time : 7442 ns : File "<ARTIFACT_ROOT>/tb/tb_ntt46_fact_lean_ip_unified_axi_lite_core.sv" Line 780

exit

INFO: [Common 17-206] Exiting xsim at Fri Aug 14 03:27:25 2026...
===== END p4_n512_nh128_c1o1_pat6 =====

===== BEGIN p4_n512_nh128_c1o2_pat6 =====


****** xsim v2024.2 (64-bit)

  **** SW Build 5239630 on Fri Nov 08 22:35:27 MST 2024

  **** IP Build 5239520 on Sun Nov 10 16:12:51 MST 2024

  **** SharedData Build 5239561 on Fri Nov 08 14:39:27 MST 2024

  **** Start of session at: Fri Aug 14 03:27:37 2026

    ** Copyright 1986-2022 Xilinx, Inc. All Rights Reserved.

    ** Copyright 2022-2024 Advanced Micro Devices, Inc. All Rights Reserved.



source xsim.dir/sim_p4_n512_nh128_c1o2_pat6/xsim_script.tcl

# xsim {sim_p4_n512_nh128_c1o2_pat6} -autoloadwcfg -runall

Time resolution is 1 ps

run -all

unified_capability_regs PASS ip_id=FACT build_id=20260813 R=256 N=512 L=8 cout_max=4 precision=4 exact_linear=1

int8_axi_wstrb_semantics PASS

int8_valid_task PASS preload=1 repeat_start=0 wall_cycles=512 core_compute_cycles=446 preload_est=768 readout_est=1024

tb_ntt46_fact_lean_ip_unified_axi_lite_core PASS R=256 N=512 L=8 Cin=1 Cout=2 Nh=128 bound=8 wall_cycles=512 core_compute_cycles=446 preload_est=768 readout_est=1024

$finish called at time : 13638 ns : File "<ARTIFACT_ROOT>/tb/tb_ntt46_fact_lean_ip_unified_axi_lite_core.sv" Line 780

exit

INFO: [Common 17-206] Exiting xsim at Fri Aug 14 03:27:41 2026...
===== END p4_n512_nh128_c1o2_pat6 =====

===== BEGIN p4_n512_nh128_c1o4_pat6 =====


****** xsim v2024.2 (64-bit)

  **** SW Build 5239630 on Fri Nov 08 22:35:27 MST 2024

  **** IP Build 5239520 on Sun Nov 10 16:12:51 MST 2024

  **** SharedData Build 5239561 on Fri Nov 08 14:39:27 MST 2024

  **** Start of session at: Fri Aug 14 03:27:54 2026

    ** Copyright 1986-2022 Xilinx, Inc. All Rights Reserved.

    ** Copyright 2022-2024 Advanced Micro Devices, Inc. All Rights Reserved.



source xsim.dir/sim_p4_n512_nh128_c1o4_pat6/xsim_script.tcl

# xsim {sim_p4_n512_nh128_c1o4_pat6} -autoloadwcfg -runall

Time resolution is 1 ps

run -all

unified_capability_regs PASS ip_id=FACT build_id=20260813 R=256 N=512 L=8 cout_max=4 precision=4 exact_linear=1

int8_axi_wstrb_semantics PASS

int8_valid_task PASS preload=1 repeat_start=0 wall_cycles=1024 core_compute_cycles=892 preload_est=1280 readout_est=2048

tb_ntt46_fact_lean_ip_unified_axi_lite_core PASS R=256 N=512 L=8 Cin=1 Cout=4 Nh=128 bound=8 wall_cycles=1024 core_compute_cycles=892 preload_est=1280 readout_est=2048

$finish called at time : 25934 ns : File "<ARTIFACT_ROOT>/tb/tb_ntt46_fact_lean_ip_unified_axi_lite_core.sv" Line 780

exit

INFO: [Common 17-206] Exiting xsim at Fri Aug 14 03:27:59 2026...
===== END p4_n512_nh128_c1o4_pat6 =====

===== BEGIN p4_n512_nh128_c2o1_pat6 =====


****** xsim v2024.2 (64-bit)

  **** SW Build 5239630 on Fri Nov 08 22:35:27 MST 2024

  **** IP Build 5239520 on Sun Nov 10 16:12:51 MST 2024

  **** SharedData Build 5239561 on Fri Nov 08 14:39:27 MST 2024

  **** Start of session at: Fri Aug 14 03:28:11 2026

    ** Copyright 1986-2022 Xilinx, Inc. All Rights Reserved.

    ** Copyright 2022-2024 Advanced Micro Devices, Inc. All Rights Reserved.



source xsim.dir/sim_p4_n512_nh128_c2o1_pat6/xsim_script.tcl

# xsim {sim_p4_n512_nh128_c2o1_pat6} -autoloadwcfg -runall

Time resolution is 1 ps

run -all

unified_capability_regs PASS ip_id=FACT build_id=20260813 R=256 N=512 L=8 cout_max=4 precision=4 exact_linear=1

int8_axi_wstrb_semantics PASS

int8_valid_task PASS preload=1 repeat_start=0 wall_cycles=409 core_compute_cycles=371 preload_est=1024 readout_est=512

tb_ntt46_fact_lean_ip_unified_axi_lite_core PASS R=256 N=512 L=8 Cin=2 Cout=1 Nh=128 bound=8 wall_cycles=409 core_compute_cycles=371 preload_est=1024 readout_est=512

$finish called at time : 10154 ns : File "<ARTIFACT_ROOT>/tb/tb_ntt46_fact_lean_ip_unified_axi_lite_core.sv" Line 780

exit

INFO: [Common 17-206] Exiting xsim at Fri Aug 14 03:28:15 2026...
===== END p4_n512_nh128_c2o1_pat6 =====

===== BEGIN p4_n512_nh128_c2o2_pat6 =====


****** xsim v2024.2 (64-bit)

  **** SW Build 5239630 on Fri Nov 08 22:35:27 MST 2024

  **** IP Build 5239520 on Sun Nov 10 16:12:51 MST 2024

  **** SharedData Build 5239561 on Fri Nov 08 14:39:27 MST 2024

  **** Start of session at: Fri Aug 14 03:28:28 2026

    ** Copyright 1986-2022 Xilinx, Inc. All Rights Reserved.

    ** Copyright 2022-2024 Advanced Micro Devices, Inc. All Rights Reserved.



source xsim.dir/sim_p4_n512_nh128_c2o2_pat6/xsim_script.tcl

# xsim {sim_p4_n512_nh128_c2o2_pat6} -autoloadwcfg -runall

Time resolution is 1 ps

run -all

unified_capability_regs PASS ip_id=FACT build_id=20260813 R=256 N=512 L=8 cout_max=4 precision=4 exact_linear=1

int8_axi_wstrb_semantics PASS

int8_valid_task PASS preload=1 repeat_start=0 wall_cycles=818 core_compute_cycles=742 preload_est=1536 readout_est=1024

tb_ntt46_fact_lean_ip_unified_axi_lite_core PASS R=256 N=512 L=8 Cin=2 Cout=2 Nh=128 bound=8 wall_cycles=818 core_compute_cycles=742 preload_est=1536 readout_est=1024

$finish called at time : 17946 ns : File "<ARTIFACT_ROOT>/tb/tb_ntt46_fact_lean_ip_unified_axi_lite_core.sv" Line 780

exit

INFO: [Common 17-206] Exiting xsim at Fri Aug 14 03:28:32 2026...
===== END p4_n512_nh128_c2o2_pat6 =====

===== BEGIN p4_n512_nh128_c2o4_pat6 =====


****** xsim v2024.2 (64-bit)

  **** SW Build 5239630 on Fri Nov 08 22:35:27 MST 2024

  **** IP Build 5239520 on Sun Nov 10 16:12:51 MST 2024

  **** SharedData Build 5239561 on Fri Nov 08 14:39:27 MST 2024

  **** Start of session at: Fri Aug 14 03:28:45 2026

    ** Copyright 1986-2022 Xilinx, Inc. All Rights Reserved.

    ** Copyright 2022-2024 Advanced Micro Devices, Inc. All Rights Reserved.



source xsim.dir/sim_p4_n512_nh128_c2o4_pat6/xsim_script.tcl

# xsim {sim_p4_n512_nh128_c2o4_pat6} -autoloadwcfg -runall

Time resolution is 1 ps

run -all

unified_capability_regs PASS ip_id=FACT build_id=20260813 R=256 N=512 L=8 cout_max=4 precision=4 exact_linear=1

int8_axi_wstrb_semantics PASS

int8_valid_task PASS preload=1 repeat_start=0 wall_cycles=1636 core_compute_cycles=1484 preload_est=2560 readout_est=2048

tb_ntt46_fact_lean_ip_unified_axi_lite_core PASS R=256 N=512 L=8 Cin=2 Cout=4 Nh=128 bound=8 wall_cycles=1636 core_compute_cycles=1484 preload_est=2560 readout_est=2048

$finish called at time : 33522 ns : File "<ARTIFACT_ROOT>/tb/tb_ntt46_fact_lean_ip_unified_axi_lite_core.sv" Line 780

exit

INFO: [Common 17-206] Exiting xsim at Fri Aug 14 03:28:50 2026...
===== END p4_n512_nh128_c2o4_pat6 =====

===== BEGIN p4_n512_nh128_c4o1_pat6 =====


****** xsim v2024.2 (64-bit)

  **** SW Build 5239630 on Fri Nov 08 22:35:27 MST 2024

  **** IP Build 5239520 on Sun Nov 10 16:12:51 MST 2024

  **** SharedData Build 5239561 on Fri Nov 08 14:39:27 MST 2024

  **** Start of session at: Fri Aug 14 03:29:03 2026

    ** Copyright 1986-2022 Xilinx, Inc. All Rights Reserved.

    ** Copyright 2022-2024 Advanced Micro Devices, Inc. All Rights Reserved.



source xsim.dir/sim_p4_n512_nh128_c4o1_pat6/xsim_script.tcl

# xsim {sim_p4_n512_nh128_c4o1_pat6} -autoloadwcfg -runall

Time resolution is 1 ps

run -all

unified_capability_regs PASS ip_id=FACT build_id=20260813 R=256 N=512 L=8 cout_max=4 precision=4 exact_linear=1

int8_axi_wstrb_semantics PASS

int8_valid_task PASS preload=1 repeat_start=0 wall_cycles=733 core_compute_cycles=651 preload_est=2048 readout_est=512

tb_ntt46_fact_lean_ip_unified_axi_lite_core PASS R=256 N=512 L=8 Cin=4 Cout=1 Nh=128 bound=8 wall_cycles=733 core_compute_cycles=651 preload_est=2048 readout_est=512

$finish called at time : 15562 ns : File "<ARTIFACT_ROOT>/tb/tb_ntt46_fact_lean_ip_unified_axi_lite_core.sv" Line 780

exit

INFO: [Common 17-206] Exiting xsim at Fri Aug 14 03:29:07 2026...
===== END p4_n512_nh128_c4o1_pat6 =====

===== BEGIN p4_n512_nh128_c4o2_pat6 =====


****** xsim v2024.2 (64-bit)

  **** SW Build 5239630 on Fri Nov 08 22:35:27 MST 2024

  **** IP Build 5239520 on Sun Nov 10 16:12:51 MST 2024

  **** SharedData Build 5239561 on Fri Nov 08 14:39:27 MST 2024

  **** Start of session at: Fri Aug 14 03:29:20 2026

    ** Copyright 1986-2022 Xilinx, Inc. All Rights Reserved.

    ** Copyright 2022-2024 Advanced Micro Devices, Inc. All Rights Reserved.



source xsim.dir/sim_p4_n512_nh128_c4o2_pat6/xsim_script.tcl

# xsim {sim_p4_n512_nh128_c4o2_pat6} -autoloadwcfg -runall

Time resolution is 1 ps

run -all

unified_capability_regs PASS ip_id=FACT build_id=20260813 R=256 N=512 L=8 cout_max=4 precision=4 exact_linear=1

int8_axi_wstrb_semantics PASS

int8_valid_task PASS preload=1 repeat_start=0 wall_cycles=1466 core_compute_cycles=1302 preload_est=3072 readout_est=1024

tb_ntt46_fact_lean_ip_unified_axi_lite_core PASS R=256 N=512 L=8 Cin=4 Cout=2 Nh=128 bound=8 wall_cycles=1466 core_compute_cycles=1302 preload_est=3072 readout_est=1024

$finish called at time : 26706 ns : File "<ARTIFACT_ROOT>/tb/tb_ntt46_fact_lean_ip_unified_axi_lite_core.sv" Line 780

exit

INFO: [Common 17-206] Exiting xsim at Fri Aug 14 03:29:25 2026...
===== END p4_n512_nh128_c4o2_pat6 =====

===== BEGIN p4_n512_nh128_c4o4_pat6 =====


****** xsim v2024.2 (64-bit)

  **** SW Build 5239630 on Fri Nov 08 22:35:27 MST 2024

  **** IP Build 5239520 on Sun Nov 10 16:12:51 MST 2024

  **** SharedData Build 5239561 on Fri Nov 08 14:39:27 MST 2024

  **** Start of session at: Fri Aug 14 03:29:37 2026

    ** Copyright 1986-2022 Xilinx, Inc. All Rights Reserved.

    ** Copyright 2022-2024 Advanced Micro Devices, Inc. All Rights Reserved.



source xsim.dir/sim_p4_n512_nh128_c4o4_pat6/xsim_script.tcl

# xsim {sim_p4_n512_nh128_c4o4_pat6} -autoloadwcfg -runall

Time resolution is 1 ps

run -all

unified_capability_regs PASS ip_id=FACT build_id=20260813 R=256 N=512 L=8 cout_max=4 precision=4 exact_linear=1

int8_axi_wstrb_semantics PASS

int8_valid_task PASS preload=1 repeat_start=0 wall_cycles=2932 core_compute_cycles=2604 preload_est=5120 readout_est=2048

tb_ntt46_fact_lean_ip_unified_axi_lite_core PASS R=256 N=512 L=8 Cin=4 Cout=4 Nh=128 bound=8 wall_cycles=2932 core_compute_cycles=2604 preload_est=5120 readout_est=2048

$finish called at time : 48986 ns : File "<ARTIFACT_ROOT>/tb/tb_ntt46_fact_lean_ip_unified_axi_lite_core.sv" Line 780

exit

INFO: [Common 17-206] Exiting xsim at Fri Aug 14 03:29:44 2026...
===== END p4_n512_nh128_c4o4_pat6 =====

===== BEGIN p4_n512_nh255_c1o1_pat6 =====


****** xsim v2024.2 (64-bit)

  **** SW Build 5239630 on Fri Nov 08 22:35:27 MST 2024

  **** IP Build 5239520 on Sun Nov 10 16:12:51 MST 2024

  **** SharedData Build 5239561 on Fri Nov 08 14:39:27 MST 2024

  **** Start of session at: Fri Aug 14 03:29:57 2026

    ** Copyright 1986-2022 Xilinx, Inc. All Rights Reserved.

    ** Copyright 2022-2024 Advanced Micro Devices, Inc. All Rights Reserved.



source xsim.dir/sim_p4_n512_nh255_c1o1_pat6/xsim_script.tcl

# xsim {sim_p4_n512_nh255_c1o1_pat6} -autoloadwcfg -runall

Time resolution is 1 ps

run -all

unified_capability_regs PASS ip_id=FACT build_id=20260813 R=256 N=512 L=8 cout_max=4 precision=4 exact_linear=1

int8_axi_wstrb_semantics PASS

int8_valid_task PASS preload=1 repeat_start=0 wall_cycles=244 core_compute_cycles=228 preload_est=512 readout_est=512

tb_ntt46_fact_lean_ip_unified_axi_lite_core PASS R=256 N=512 L=8 Cin=1 Cout=1 Nh=255 bound=8 wall_cycles=244 core_compute_cycles=228 preload_est=512 readout_est=512

$finish called at time : 7442 ns : File "<ARTIFACT_ROOT>/tb/tb_ntt46_fact_lean_ip_unified_axi_lite_core.sv" Line 780

exit

INFO: [Common 17-206] Exiting xsim at Fri Aug 14 03:30:01 2026...
===== END p4_n512_nh255_c1o1_pat6 =====

===== BEGIN p4_n512_nh255_c1o2_pat6 =====


****** xsim v2024.2 (64-bit)

  **** SW Build 5239630 on Fri Nov 08 22:35:27 MST 2024

  **** IP Build 5239520 on Sun Nov 10 16:12:51 MST 2024

  **** SharedData Build 5239561 on Fri Nov 08 14:39:27 MST 2024

  **** Start of session at: Fri Aug 14 03:30:14 2026

    ** Copyright 1986-2022 Xilinx, Inc. All Rights Reserved.

    ** Copyright 2022-2024 Advanced Micro Devices, Inc. All Rights Reserved.



source xsim.dir/sim_p4_n512_nh255_c1o2_pat6/xsim_script.tcl

# xsim {sim_p4_n512_nh255_c1o2_pat6} -autoloadwcfg -runall

Time resolution is 1 ps

run -all

unified_capability_regs PASS ip_id=FACT build_id=20260813 R=256 N=512 L=8 cout_max=4 precision=4 exact_linear=1

int8_axi_wstrb_semantics PASS

int8_valid_task PASS preload=1 repeat_start=0 wall_cycles=512 core_compute_cycles=446 preload_est=768 readout_est=1024

tb_ntt46_fact_lean_ip_unified_axi_lite_core PASS R=256 N=512 L=8 Cin=1 Cout=2 Nh=255 bound=8 wall_cycles=512 core_compute_cycles=446 preload_est=768 readout_est=1024

$finish called at time : 13638 ns : File "<ARTIFACT_ROOT>/tb/tb_ntt46_fact_lean_ip_unified_axi_lite_core.sv" Line 780

exit

INFO: [Common 17-206] Exiting xsim at Fri Aug 14 03:30:17 2026...
===== END p4_n512_nh255_c1o2_pat6 =====

===== BEGIN p4_n512_nh255_c1o4_pat6 =====


****** xsim v2024.2 (64-bit)

  **** SW Build 5239630 on Fri Nov 08 22:35:27 MST 2024

  **** IP Build 5239520 on Sun Nov 10 16:12:51 MST 2024

  **** SharedData Build 5239561 on Fri Nov 08 14:39:27 MST 2024

  **** Start of session at: Fri Aug 14 03:30:29 2026

    ** Copyright 1986-2022 Xilinx, Inc. All Rights Reserved.

    ** Copyright 2022-2024 Advanced Micro Devices, Inc. All Rights Reserved.



source xsim.dir/sim_p4_n512_nh255_c1o4_pat6/xsim_script.tcl

# xsim {sim_p4_n512_nh255_c1o4_pat6} -autoloadwcfg -runall

Time resolution is 1 ps

run -all

unified_capability_regs PASS ip_id=FACT build_id=20260813 R=256 N=512 L=8 cout_max=4 precision=4 exact_linear=1

int8_axi_wstrb_semantics PASS

int8_valid_task PASS preload=1 repeat_start=0 wall_cycles=1024 core_compute_cycles=892 preload_est=1280 readout_est=2048

tb_ntt46_fact_lean_ip_unified_axi_lite_core PASS R=256 N=512 L=8 Cin=1 Cout=4 Nh=255 bound=8 wall_cycles=1024 core_compute_cycles=892 preload_est=1280 readout_est=2048

$finish called at time : 25934 ns : File "<ARTIFACT_ROOT>/tb/tb_ntt46_fact_lean_ip_unified_axi_lite_core.sv" Line 780

exit

INFO: [Common 17-206] Exiting xsim at Fri Aug 14 03:30:33 2026...
===== END p4_n512_nh255_c1o4_pat6 =====

===== BEGIN p4_n512_nh255_c2o1_pat6 =====


****** xsim v2024.2 (64-bit)

  **** SW Build 5239630 on Fri Nov 08 22:35:27 MST 2024

  **** IP Build 5239520 on Sun Nov 10 16:12:51 MST 2024

  **** SharedData Build 5239561 on Fri Nov 08 14:39:27 MST 2024

  **** Start of session at: Fri Aug 14 03:30:45 2026

    ** Copyright 1986-2022 Xilinx, Inc. All Rights Reserved.

    ** Copyright 2022-2024 Advanced Micro Devices, Inc. All Rights Reserved.



source xsim.dir/sim_p4_n512_nh255_c2o1_pat6/xsim_script.tcl

# xsim {sim_p4_n512_nh255_c2o1_pat6} -autoloadwcfg -runall

Time resolution is 1 ps

run -all

unified_capability_regs PASS ip_id=FACT build_id=20260813 R=256 N=512 L=8 cout_max=4 precision=4 exact_linear=1

int8_axi_wstrb_semantics PASS

int8_valid_task PASS preload=1 repeat_start=0 wall_cycles=409 core_compute_cycles=371 preload_est=1024 readout_est=512

tb_ntt46_fact_lean_ip_unified_axi_lite_core PASS R=256 N=512 L=8 Cin=2 Cout=1 Nh=255 bound=8 wall_cycles=409 core_compute_cycles=371 preload_est=1024 readout_est=512

$finish called at time : 10154 ns : File "<ARTIFACT_ROOT>/tb/tb_ntt46_fact_lean_ip_unified_axi_lite_core.sv" Line 780

exit

INFO: [Common 17-206] Exiting xsim at Fri Aug 14 03:30:48 2026...
===== END p4_n512_nh255_c2o1_pat6 =====

===== BEGIN p4_n512_nh255_c2o2_pat6 =====


****** xsim v2024.2 (64-bit)

  **** SW Build 5239630 on Fri Nov 08 22:35:27 MST 2024

  **** IP Build 5239520 on Sun Nov 10 16:12:51 MST 2024

  **** SharedData Build 5239561 on Fri Nov 08 14:39:27 MST 2024

  **** Start of session at: Fri Aug 14 03:31:01 2026

    ** Copyright 1986-2022 Xilinx, Inc. All Rights Reserved.

    ** Copyright 2022-2024 Advanced Micro Devices, Inc. All Rights Reserved.



source xsim.dir/sim_p4_n512_nh255_c2o2_pat6/xsim_script.tcl

# xsim {sim_p4_n512_nh255_c2o2_pat6} -autoloadwcfg -runall

Time resolution is 1 ps

run -all

unified_capability_regs PASS ip_id=FACT build_id=20260813 R=256 N=512 L=8 cout_max=4 precision=4 exact_linear=1

int8_axi_wstrb_semantics PASS

int8_valid_task PASS preload=1 repeat_start=0 wall_cycles=818 core_compute_cycles=742 preload_est=1536 readout_est=1024

tb_ntt46_fact_lean_ip_unified_axi_lite_core PASS R=256 N=512 L=8 Cin=2 Cout=2 Nh=255 bound=8 wall_cycles=818 core_compute_cycles=742 preload_est=1536 readout_est=1024

$finish called at time : 17946 ns : File "<ARTIFACT_ROOT>/tb/tb_ntt46_fact_lean_ip_unified_axi_lite_core.sv" Line 780

exit

INFO: [Common 17-206] Exiting xsim at Fri Aug 14 03:31:05 2026...
===== END p4_n512_nh255_c2o2_pat6 =====

===== BEGIN p4_n512_nh255_c2o4_pat6 =====


****** xsim v2024.2 (64-bit)

  **** SW Build 5239630 on Fri Nov 08 22:35:27 MST 2024

  **** IP Build 5239520 on Sun Nov 10 16:12:51 MST 2024

  **** SharedData Build 5239561 on Fri Nov 08 14:39:27 MST 2024

  **** Start of session at: Fri Aug 14 03:31:18 2026

    ** Copyright 1986-2022 Xilinx, Inc. All Rights Reserved.

    ** Copyright 2022-2024 Advanced Micro Devices, Inc. All Rights Reserved.



source xsim.dir/sim_p4_n512_nh255_c2o4_pat6/xsim_script.tcl

# xsim {sim_p4_n512_nh255_c2o4_pat6} -autoloadwcfg -runall

Time resolution is 1 ps

run -all

unified_capability_regs PASS ip_id=FACT build_id=20260813 R=256 N=512 L=8 cout_max=4 precision=4 exact_linear=1

int8_axi_wstrb_semantics PASS

int8_valid_task PASS preload=1 repeat_start=0 wall_cycles=1636 core_compute_cycles=1484 preload_est=2560 readout_est=2048

tb_ntt46_fact_lean_ip_unified_axi_lite_core PASS R=256 N=512 L=8 Cin=2 Cout=4 Nh=255 bound=8 wall_cycles=1636 core_compute_cycles=1484 preload_est=2560 readout_est=2048

$finish called at time : 33522 ns : File "<ARTIFACT_ROOT>/tb/tb_ntt46_fact_lean_ip_unified_axi_lite_core.sv" Line 780

exit

INFO: [Common 17-206] Exiting xsim at Fri Aug 14 03:31:23 2026...
===== END p4_n512_nh255_c2o4_pat6 =====

===== BEGIN p4_n512_nh255_c4o1_pat6 =====


****** xsim v2024.2 (64-bit)

  **** SW Build 5239630 on Fri Nov 08 22:35:27 MST 2024

  **** IP Build 5239520 on Sun Nov 10 16:12:51 MST 2024

  **** SharedData Build 5239561 on Fri Nov 08 14:39:27 MST 2024

  **** Start of session at: Fri Aug 14 03:31:36 2026

    ** Copyright 1986-2022 Xilinx, Inc. All Rights Reserved.

    ** Copyright 2022-2024 Advanced Micro Devices, Inc. All Rights Reserved.



source xsim.dir/sim_p4_n512_nh255_c4o1_pat6/xsim_script.tcl

# xsim {sim_p4_n512_nh255_c4o1_pat6} -autoloadwcfg -runall

Time resolution is 1 ps

run -all

unified_capability_regs PASS ip_id=FACT build_id=20260813 R=256 N=512 L=8 cout_max=4 precision=4 exact_linear=1

int8_axi_wstrb_semantics PASS

int8_valid_task PASS preload=1 repeat_start=0 wall_cycles=733 core_compute_cycles=651 preload_est=2048 readout_est=512

tb_ntt46_fact_lean_ip_unified_axi_lite_core PASS R=256 N=512 L=8 Cin=4 Cout=1 Nh=255 bound=8 wall_cycles=733 core_compute_cycles=651 preload_est=2048 readout_est=512

$finish called at time : 15562 ns : File "<ARTIFACT_ROOT>/tb/tb_ntt46_fact_lean_ip_unified_axi_lite_core.sv" Line 780

exit

INFO: [Common 17-206] Exiting xsim at Fri Aug 14 03:31:39 2026...
===== END p4_n512_nh255_c4o1_pat6 =====

===== BEGIN p4_n512_nh255_c4o2_pat6 =====


****** xsim v2024.2 (64-bit)

  **** SW Build 5239630 on Fri Nov 08 22:35:27 MST 2024

  **** IP Build 5239520 on Sun Nov 10 16:12:51 MST 2024

  **** SharedData Build 5239561 on Fri Nov 08 14:39:27 MST 2024

  **** Start of session at: Fri Aug 14 03:31:52 2026

    ** Copyright 1986-2022 Xilinx, Inc. All Rights Reserved.

    ** Copyright 2022-2024 Advanced Micro Devices, Inc. All Rights Reserved.



source xsim.dir/sim_p4_n512_nh255_c4o2_pat6/xsim_script.tcl

# xsim {sim_p4_n512_nh255_c4o2_pat6} -autoloadwcfg -runall

Time resolution is 1 ps

run -all

unified_capability_regs PASS ip_id=FACT build_id=20260813 R=256 N=512 L=8 cout_max=4 precision=4 exact_linear=1

int8_axi_wstrb_semantics PASS

int8_valid_task PASS preload=1 repeat_start=0 wall_cycles=1466 core_compute_cycles=1302 preload_est=3072 readout_est=1024

tb_ntt46_fact_lean_ip_unified_axi_lite_core PASS R=256 N=512 L=8 Cin=4 Cout=2 Nh=255 bound=8 wall_cycles=1466 core_compute_cycles=1302 preload_est=3072 readout_est=1024

$finish called at time : 26706 ns : File "<ARTIFACT_ROOT>/tb/tb_ntt46_fact_lean_ip_unified_axi_lite_core.sv" Line 780

exit

INFO: [Common 17-206] Exiting xsim at Fri Aug 14 03:31:56 2026...
===== END p4_n512_nh255_c4o2_pat6 =====

===== BEGIN p4_n512_nh255_c4o4_pat6 =====


****** xsim v2024.2 (64-bit)

  **** SW Build 5239630 on Fri Nov 08 22:35:27 MST 2024

  **** IP Build 5239520 on Sun Nov 10 16:12:51 MST 2024

  **** SharedData Build 5239561 on Fri Nov 08 14:39:27 MST 2024

  **** Start of session at: Fri Aug 14 03:32:08 2026

    ** Copyright 1986-2022 Xilinx, Inc. All Rights Reserved.

    ** Copyright 2022-2024 Advanced Micro Devices, Inc. All Rights Reserved.



source xsim.dir/sim_p4_n512_nh255_c4o4_pat6/xsim_script.tcl

# xsim {sim_p4_n512_nh255_c4o4_pat6} -autoloadwcfg -runall

Time resolution is 1 ps

run -all

unified_capability_regs PASS ip_id=FACT build_id=20260813 R=256 N=512 L=8 cout_max=4 precision=4 exact_linear=1

int8_axi_wstrb_semantics PASS

int8_valid_task PASS preload=1 repeat_start=0 wall_cycles=2932 core_compute_cycles=2604 preload_est=5120 readout_est=2048

tb_ntt46_fact_lean_ip_unified_axi_lite_core PASS R=256 N=512 L=8 Cin=4 Cout=4 Nh=255 bound=8 wall_cycles=2932 core_compute_cycles=2604 preload_est=5120 readout_est=2048

$finish called at time : 48986 ns : File "<ARTIFACT_ROOT>/tb/tb_ntt46_fact_lean_ip_unified_axi_lite_core.sv" Line 780

exit

INFO: [Common 17-206] Exiting xsim at Fri Aug 14 03:32:15 2026...
===== END p4_n512_nh255_c4o4_pat6 =====

===== BEGIN p4_n512_nh255_c4o4_pat1 =====


****** xsim v2024.2 (64-bit)

  **** SW Build 5239630 on Fri Nov 08 22:35:27 MST 2024

  **** IP Build 5239520 on Sun Nov 10 16:12:51 MST 2024

  **** SharedData Build 5239561 on Fri Nov 08 14:39:27 MST 2024

  **** Start of session at: Fri Aug 14 03:32:27 2026

    ** Copyright 1986-2022 Xilinx, Inc. All Rights Reserved.

    ** Copyright 2022-2024 Advanced Micro Devices, Inc. All Rights Reserved.



source xsim.dir/sim_p4_n512_nh255_c4o4_pat1/xsim_script.tcl

# xsim {sim_p4_n512_nh255_c4o4_pat1} -autoloadwcfg -runall

Time resolution is 1 ps

run -all

unified_capability_regs PASS ip_id=FACT build_id=20260813 R=256 N=512 L=8 cout_max=4 precision=4 exact_linear=1

int8_axi_wstrb_semantics PASS

int8_valid_task PASS preload=1 repeat_start=0 wall_cycles=2932 core_compute_cycles=2604 preload_est=5120 readout_est=2048

tb_ntt46_fact_lean_ip_unified_axi_lite_core PASS R=256 N=512 L=8 Cin=4 Cout=4 Nh=255 bound=8 wall_cycles=2932 core_compute_cycles=2604 preload_est=5120 readout_est=2048

$finish called at time : 48986 ns : File "<ARTIFACT_ROOT>/tb/tb_ntt46_fact_lean_ip_unified_axi_lite_core.sv" Line 780

exit

INFO: [Common 17-206] Exiting xsim at Fri Aug 14 03:32:33 2026...
===== END p4_n512_nh255_c4o4_pat1 =====

===== BEGIN p4_n512_nh255_c4o4_pat2 =====


****** xsim v2024.2 (64-bit)

  **** SW Build 5239630 on Fri Nov 08 22:35:27 MST 2024

  **** IP Build 5239520 on Sun Nov 10 16:12:51 MST 2024

  **** SharedData Build 5239561 on Fri Nov 08 14:39:27 MST 2024

  **** Start of session at: Fri Aug 14 03:32:45 2026

    ** Copyright 1986-2022 Xilinx, Inc. All Rights Reserved.

    ** Copyright 2022-2024 Advanced Micro Devices, Inc. All Rights Reserved.



source xsim.dir/sim_p4_n512_nh255_c4o4_pat2/xsim_script.tcl

# xsim {sim_p4_n512_nh255_c4o4_pat2} -autoloadwcfg -runall

Time resolution is 1 ps

run -all

unified_capability_regs PASS ip_id=FACT build_id=20260813 R=256 N=512 L=8 cout_max=4 precision=4 exact_linear=1

int8_axi_wstrb_semantics PASS

int8_valid_task PASS preload=1 repeat_start=0 wall_cycles=2932 core_compute_cycles=2604 preload_est=5120 readout_est=2048

tb_ntt46_fact_lean_ip_unified_axi_lite_core PASS R=256 N=512 L=8 Cin=4 Cout=4 Nh=255 bound=8 wall_cycles=2932 core_compute_cycles=2604 preload_est=5120 readout_est=2048

$finish called at time : 48986 ns : File "<ARTIFACT_ROOT>/tb/tb_ntt46_fact_lean_ip_unified_axi_lite_core.sv" Line 780

exit

INFO: [Common 17-206] Exiting xsim at Fri Aug 14 03:32:52 2026...
===== END p4_n512_nh255_c4o4_pat2 =====

===== BEGIN p4_n512_nh255_c4o4_pat3 =====


****** xsim v2024.2 (64-bit)

  **** SW Build 5239630 on Fri Nov 08 22:35:27 MST 2024

  **** IP Build 5239520 on Sun Nov 10 16:12:51 MST 2024

  **** SharedData Build 5239561 on Fri Nov 08 14:39:27 MST 2024

  **** Start of session at: Fri Aug 14 03:33:04 2026

    ** Copyright 1986-2022 Xilinx, Inc. All Rights Reserved.

    ** Copyright 2022-2024 Advanced Micro Devices, Inc. All Rights Reserved.



source xsim.dir/sim_p4_n512_nh255_c4o4_pat3/xsim_script.tcl

# xsim {sim_p4_n512_nh255_c4o4_pat3} -autoloadwcfg -runall

Time resolution is 1 ps

run -all

unified_capability_regs PASS ip_id=FACT build_id=20260813 R=256 N=512 L=8 cout_max=4 precision=4 exact_linear=1

int8_axi_wstrb_semantics PASS

int8_valid_task PASS preload=1 repeat_start=0 wall_cycles=2932 core_compute_cycles=2604 preload_est=5120 readout_est=2048

tb_ntt46_fact_lean_ip_unified_axi_lite_core PASS R=256 N=512 L=8 Cin=4 Cout=4 Nh=255 bound=8 wall_cycles=2932 core_compute_cycles=2604 preload_est=5120 readout_est=2048

$finish called at time : 48986 ns : File "<ARTIFACT_ROOT>/tb/tb_ntt46_fact_lean_ip_unified_axi_lite_core.sv" Line 780

exit

INFO: [Common 17-206] Exiting xsim at Fri Aug 14 03:33:10 2026...
===== END p4_n512_nh255_c4o4_pat3 =====

===== BEGIN p4_n512_nh255_c4o4_pat5 =====


****** xsim v2024.2 (64-bit)

  **** SW Build 5239630 on Fri Nov 08 22:35:27 MST 2024

  **** IP Build 5239520 on Sun Nov 10 16:12:51 MST 2024

  **** SharedData Build 5239561 on Fri Nov 08 14:39:27 MST 2024

  **** Start of session at: Fri Aug 14 03:33:23 2026

    ** Copyright 1986-2022 Xilinx, Inc. All Rights Reserved.

    ** Copyright 2022-2024 Advanced Micro Devices, Inc. All Rights Reserved.



source xsim.dir/sim_p4_n512_nh255_c4o4_pat5/xsim_script.tcl

# xsim {sim_p4_n512_nh255_c4o4_pat5} -autoloadwcfg -runall

Time resolution is 1 ps

run -all

unified_capability_regs PASS ip_id=FACT build_id=20260813 R=256 N=512 L=8 cout_max=4 precision=4 exact_linear=1

int8_axi_wstrb_semantics PASS

int8_valid_task PASS preload=1 repeat_start=0 wall_cycles=2932 core_compute_cycles=2604 preload_est=5120 readout_est=2048

tb_ntt46_fact_lean_ip_unified_axi_lite_core PASS R=256 N=512 L=8 Cin=4 Cout=4 Nh=255 bound=8 wall_cycles=2932 core_compute_cycles=2604 preload_est=5120 readout_est=2048

$finish called at time : 48986 ns : File "<ARTIFACT_ROOT>/tb/tb_ntt46_fact_lean_ip_unified_axi_lite_core.sv" Line 780

exit

INFO: [Common 17-206] Exiting xsim at Fri Aug 14 03:33:29 2026...
===== END p4_n512_nh255_c4o4_pat5 =====

===== BEGIN p4_n1024_nh1_c1o1_pat6 =====


****** xsim v2024.2 (64-bit)

  **** SW Build 5239630 on Fri Nov 08 22:35:27 MST 2024

  **** IP Build 5239520 on Sun Nov 10 16:12:51 MST 2024

  **** SharedData Build 5239561 on Fri Nov 08 14:39:27 MST 2024

  **** Start of session at: Fri Aug 14 03:33:48 2026

    ** Copyright 1986-2022 Xilinx, Inc. All Rights Reserved.

    ** Copyright 2022-2024 Advanced Micro Devices, Inc. All Rights Reserved.



source xsim.dir/sim_p4_n1024_nh1_c1o1_pat6/xsim_script.tcl

# xsim {sim_p4_n1024_nh1_c1o1_pat6} -autoloadwcfg -runall

Time resolution is 1 ps

run -all

unified_capability_regs PASS ip_id=FACT build_id=20260813 R=512 N=1024 L=16 cout_max=4 precision=4 exact_linear=1

int8_axi_wstrb_semantics PASS

int8_valid_task PASS preload=1 repeat_start=0 wall_cycles=299 core_compute_cycles=283 preload_est=1024 readout_est=1024

tb_ntt46_fact_lean_ip_unified_axi_lite_core PASS R=512 N=1024 L=16 Cin=1 Cout=1 Nh=1 bound=8 wall_cycles=299 core_compute_cycles=283 preload_est=1024 readout_est=1024

$finish called at time : 13802 ns : File "<ARTIFACT_ROOT>/tb/tb_ntt46_fact_lean_ip_unified_axi_lite_core.sv" Line 780

exit

INFO: [Common 17-206] Exiting xsim at Fri Aug 14 03:33:52 2026...
===== END p4_n1024_nh1_c1o1_pat6 =====

===== BEGIN p4_n1024_nh1_c1o2_pat6 =====


****** xsim v2024.2 (64-bit)

  **** SW Build 5239630 on Fri Nov 08 22:35:27 MST 2024

  **** IP Build 5239520 on Sun Nov 10 16:12:51 MST 2024

  **** SharedData Build 5239561 on Fri Nov 08 14:39:27 MST 2024

  **** Start of session at: Fri Aug 14 03:34:08 2026

    ** Copyright 1986-2022 Xilinx, Inc. All Rights Reserved.

    ** Copyright 2022-2024 Advanced Micro Devices, Inc. All Rights Reserved.



source xsim.dir/sim_p4_n1024_nh1_c1o2_pat6/xsim_script.tcl

# xsim {sim_p4_n1024_nh1_c1o2_pat6} -autoloadwcfg -runall

Time resolution is 1 ps

run -all

unified_capability_regs PASS ip_id=FACT build_id=20260813 R=512 N=1024 L=16 cout_max=4 precision=4 exact_linear=1

int8_axi_wstrb_semantics PASS

int8_valid_task PASS preload=1 repeat_start=0 wall_cycles=624 core_compute_cycles=556 preload_est=1536 readout_est=2048

tb_ntt46_fact_lean_ip_unified_axi_lite_core PASS R=512 N=1024 L=16 Cin=1 Cout=2 Nh=1 bound=8 wall_cycles=624 core_compute_cycles=556 preload_est=1536 readout_est=2048

$finish called at time : 25350 ns : File "<ARTIFACT_ROOT>/tb/tb_ntt46_fact_lean_ip_unified_axi_lite_core.sv" Line 780

exit

INFO: [Common 17-206] Exiting xsim at Fri Aug 14 03:34:13 2026...
===== END p4_n1024_nh1_c1o2_pat6 =====

===== BEGIN p4_n1024_nh1_c1o4_pat6 =====


****** xsim v2024.2 (64-bit)

  **** SW Build 5239630 on Fri Nov 08 22:35:27 MST 2024

  **** IP Build 5239520 on Sun Nov 10 16:12:51 MST 2024

  **** SharedData Build 5239561 on Fri Nov 08 14:39:27 MST 2024

  **** Start of session at: Fri Aug 14 03:34:29 2026

    ** Copyright 1986-2022 Xilinx, Inc. All Rights Reserved.

    ** Copyright 2022-2024 Advanced Micro Devices, Inc. All Rights Reserved.



source xsim.dir/sim_p4_n1024_nh1_c1o4_pat6/xsim_script.tcl

# xsim {sim_p4_n1024_nh1_c1o4_pat6} -autoloadwcfg -runall

Time resolution is 1 ps

run -all

unified_capability_regs PASS ip_id=FACT build_id=20260813 R=512 N=1024 L=16 cout_max=4 precision=4 exact_linear=1

int8_axi_wstrb_semantics PASS

int8_valid_task PASS preload=1 repeat_start=0 wall_cycles=1248 core_compute_cycles=1112 preload_est=2560 readout_est=4096

tb_ntt46_fact_lean_ip_unified_axi_lite_core PASS R=512 N=1024 L=16 Cin=1 Cout=4 Nh=1 bound=8 wall_cycles=1248 core_compute_cycles=1112 preload_est=2560 readout_est=4096

$finish called at time : 48334 ns : File "<ARTIFACT_ROOT>/tb/tb_ntt46_fact_lean_ip_unified_axi_lite_core.sv" Line 780

exit

INFO: [Common 17-206] Exiting xsim at Fri Aug 14 03:34:37 2026...
===== END p4_n1024_nh1_c1o4_pat6 =====

===== BEGIN p4_n1024_nh1_c2o1_pat6 =====


****** xsim v2024.2 (64-bit)

  **** SW Build 5239630 on Fri Nov 08 22:35:27 MST 2024

  **** IP Build 5239520 on Sun Nov 10 16:12:51 MST 2024

  **** SharedData Build 5239561 on Fri Nov 08 14:39:27 MST 2024

  **** Start of session at: Fri Aug 14 03:34:52 2026

    ** Copyright 1986-2022 Xilinx, Inc. All Rights Reserved.

    ** Copyright 2022-2024 Advanced Micro Devices, Inc. All Rights Reserved.



source xsim.dir/sim_p4_n1024_nh1_c2o1_pat6/xsim_script.tcl

# xsim {sim_p4_n1024_nh1_c2o1_pat6} -autoloadwcfg -runall

Time resolution is 1 ps

run -all

unified_capability_regs PASS ip_id=FACT build_id=20260813 R=512 N=1024 L=16 cout_max=4 precision=4 exact_linear=1

int8_axi_wstrb_semantics PASS

int8_valid_task PASS preload=1 repeat_start=0 wall_cycles=502 core_compute_cycles=464 preload_est=2048 readout_est=1024

tb_ntt46_fact_lean_ip_unified_axi_lite_core PASS R=512 N=1024 L=16 Cin=2 Cout=1 Nh=1 bound=8 wall_cycles=502 core_compute_cycles=464 preload_est=2048 readout_est=1024

$finish called at time : 18722 ns : File "<ARTIFACT_ROOT>/tb/tb_ntt46_fact_lean_ip_unified_axi_lite_core.sv" Line 780

exit

INFO: [Common 17-206] Exiting xsim at Fri Aug 14 03:34:57 2026...
===== END p4_n1024_nh1_c2o1_pat6 =====

===== BEGIN p4_n1024_nh1_c2o2_pat6 =====


****** xsim v2024.2 (64-bit)

  **** SW Build 5239630 on Fri Nov 08 22:35:27 MST 2024

  **** IP Build 5239520 on Sun Nov 10 16:12:51 MST 2024

  **** SharedData Build 5239561 on Fri Nov 08 14:39:27 MST 2024

  **** Start of session at: Fri Aug 14 03:35:12 2026

    ** Copyright 1986-2022 Xilinx, Inc. All Rights Reserved.

    ** Copyright 2022-2024 Advanced Micro Devices, Inc. All Rights Reserved.



source xsim.dir/sim_p4_n1024_nh1_c2o2_pat6/xsim_script.tcl

# xsim {sim_p4_n1024_nh1_c2o2_pat6} -autoloadwcfg -runall

Time resolution is 1 ps

run -all

unified_capability_regs PASS ip_id=FACT build_id=20260813 R=512 N=1024 L=16 cout_max=4 precision=4 exact_linear=1

int8_axi_wstrb_semantics PASS

int8_valid_task PASS preload=1 repeat_start=0 wall_cycles=1004 core_compute_cycles=928 preload_est=3072 readout_est=2048

tb_ntt46_fact_lean_ip_unified_axi_lite_core PASS R=512 N=1024 L=16 Cin=2 Cout=2 Nh=1 bound=8 wall_cycles=1004 core_compute_cycles=928 preload_est=3072 readout_est=2048

$finish called at time : 33026 ns : File "<ARTIFACT_ROOT>/tb/tb_ntt46_fact_lean_ip_unified_axi_lite_core.sv" Line 780

exit

INFO: [Common 17-206] Exiting xsim at Fri Aug 14 03:35:19 2026...
===== END p4_n1024_nh1_c2o2_pat6 =====

===== BEGIN p4_n1024_nh1_c2o4_pat6 =====


****** xsim v2024.2 (64-bit)

  **** SW Build 5239630 on Fri Nov 08 22:35:27 MST 2024

  **** IP Build 5239520 on Sun Nov 10 16:12:51 MST 2024

  **** SharedData Build 5239561 on Fri Nov 08 14:39:27 MST 2024

  **** Start of session at: Fri Aug 14 03:35:34 2026

    ** Copyright 1986-2022 Xilinx, Inc. All Rights Reserved.

    ** Copyright 2022-2024 Advanced Micro Devices, Inc. All Rights Reserved.



source xsim.dir/sim_p4_n1024_nh1_c2o4_pat6/xsim_script.tcl

# xsim {sim_p4_n1024_nh1_c2o4_pat6} -autoloadwcfg -runall

Time resolution is 1 ps

run -all

unified_capability_regs PASS ip_id=FACT build_id=20260813 R=512 N=1024 L=16 cout_max=4 precision=4 exact_linear=1

int8_axi_wstrb_semantics PASS

int8_valid_task PASS preload=1 repeat_start=0 wall_cycles=2008 core_compute_cycles=1856 preload_est=5120 readout_est=4096

tb_ntt46_fact_lean_ip_unified_axi_lite_core PASS R=512 N=1024 L=16 Cin=2 Cout=4 Nh=1 bound=8 wall_cycles=2008 core_compute_cycles=1856 preload_est=5120 readout_est=4096

$finish called at time : 61634 ns : File "<ARTIFACT_ROOT>/tb/tb_ntt46_fact_lean_ip_unified_axi_lite_core.sv" Line 780

run: Time (s): cpu = 00:00:00 ; elapsed = 00:00:06 . Memory (MB): peak = 201.133 ; gain = 0.000

exit

INFO: [Common 17-206] Exiting xsim at Fri Aug 14 03:35:43 2026...
===== END p4_n1024_nh1_c2o4_pat6 =====

===== BEGIN p4_n1024_nh1_c4o1_pat6 =====


****** xsim v2024.2 (64-bit)

  **** SW Build 5239630 on Fri Nov 08 22:35:27 MST 2024

  **** IP Build 5239520 on Sun Nov 10 16:12:51 MST 2024

  **** SharedData Build 5239561 on Fri Nov 08 14:39:27 MST 2024

  **** Start of session at: Fri Aug 14 03:35:59 2026

    ** Copyright 1986-2022 Xilinx, Inc. All Rights Reserved.

    ** Copyright 2022-2024 Advanced Micro Devices, Inc. All Rights Reserved.



source xsim.dir/sim_p4_n1024_nh1_c4o1_pat6/xsim_script.tcl

# xsim {sim_p4_n1024_nh1_c4o1_pat6} -autoloadwcfg -runall

Time resolution is 1 ps

run -all

unified_capability_regs PASS ip_id=FACT build_id=20260813 R=512 N=1024 L=16 cout_max=4 precision=4 exact_linear=1

int8_axi_wstrb_semantics PASS

int8_valid_task PASS preload=1 repeat_start=0 wall_cycles=902 core_compute_cycles=820 preload_est=4096 readout_est=1024

tb_ntt46_fact_lean_ip_unified_axi_lite_core PASS R=512 N=1024 L=16 Cin=4 Cout=1 Nh=1 bound=8 wall_cycles=902 core_compute_cycles=820 preload_est=4096 readout_est=1024

$finish called at time : 28530 ns : File "<ARTIFACT_ROOT>/tb/tb_ntt46_fact_lean_ip_unified_axi_lite_core.sv" Line 780

exit

INFO: [Common 17-206] Exiting xsim at Fri Aug 14 03:36:05 2026...
===== END p4_n1024_nh1_c4o1_pat6 =====

===== BEGIN p4_n1024_nh1_c4o2_pat6 =====


****** xsim v2024.2 (64-bit)

  **** SW Build 5239630 on Fri Nov 08 22:35:27 MST 2024

  **** IP Build 5239520 on Sun Nov 10 16:12:51 MST 2024

  **** SharedData Build 5239561 on Fri Nov 08 14:39:27 MST 2024

  **** Start of session at: Fri Aug 14 03:36:20 2026

    ** Copyright 1986-2022 Xilinx, Inc. All Rights Reserved.

    ** Copyright 2022-2024 Advanced Micro Devices, Inc. All Rights Reserved.



source xsim.dir/sim_p4_n1024_nh1_c4o2_pat6/xsim_script.tcl

# xsim {sim_p4_n1024_nh1_c4o2_pat6} -autoloadwcfg -runall

Time resolution is 1 ps

run -all

unified_capability_regs PASS ip_id=FACT build_id=20260813 R=512 N=1024 L=16 cout_max=4 precision=4 exact_linear=1

int8_axi_wstrb_semantics PASS

int8_valid_task PASS preload=1 repeat_start=0 wall_cycles=1804 core_compute_cycles=1640 preload_est=6144 readout_est=2048

tb_ntt46_fact_lean_ip_unified_axi_lite_core PASS R=512 N=1024 L=16 Cin=4 Cout=2 Nh=1 bound=8 wall_cycles=1804 core_compute_cycles=1640 preload_est=6144 readout_est=2048

$finish called at time : 48538 ns : File "<ARTIFACT_ROOT>/tb/tb_ntt46_fact_lean_ip_unified_axi_lite_core.sv" Line 780

exit

INFO: [Common 17-206] Exiting xsim at Fri Aug 14 03:36:27 2026...
===== END p4_n1024_nh1_c4o2_pat6 =====

===== BEGIN p4_n1024_nh1_c4o4_pat6 =====


****** xsim v2024.2 (64-bit)

  **** SW Build 5239630 on Fri Nov 08 22:35:27 MST 2024

  **** IP Build 5239520 on Sun Nov 10 16:12:51 MST 2024

  **** SharedData Build 5239561 on Fri Nov 08 14:39:27 MST 2024

  **** Start of session at: Fri Aug 14 03:36:42 2026

    ** Copyright 1986-2022 Xilinx, Inc. All Rights Reserved.

    ** Copyright 2022-2024 Advanced Micro Devices, Inc. All Rights Reserved.



source xsim.dir/sim_p4_n1024_nh1_c4o4_pat6/xsim_script.tcl

# xsim {sim_p4_n1024_nh1_c4o4_pat6} -autoloadwcfg -runall

Time resolution is 1 ps

run -all

unified_capability_regs PASS ip_id=FACT build_id=20260813 R=512 N=1024 L=16 cout_max=4 precision=4 exact_linear=1

int8_axi_wstrb_semantics PASS

int8_valid_task PASS preload=1 repeat_start=0 wall_cycles=3608 core_compute_cycles=3280 preload_est=10240 readout_est=4096

tb_ntt46_fact_lean_ip_unified_axi_lite_core PASS R=512 N=1024 L=16 Cin=4 Cout=4 Nh=1 bound=8 wall_cycles=3608 core_compute_cycles=3280 preload_est=10240 readout_est=4096

$finish called at time : 88554 ns : File "<ARTIFACT_ROOT>/tb/tb_ntt46_fact_lean_ip_unified_axi_lite_core.sv" Line 780

run: Time (s): cpu = 00:00:00 ; elapsed = 00:00:09 . Memory (MB): peak = 200.391 ; gain = 0.000

exit

INFO: [Common 17-206] Exiting xsim at Fri Aug 14 03:36:54 2026...
===== END p4_n1024_nh1_c4o4_pat6 =====

===== BEGIN p4_n1024_nh256_c1o1_pat6 =====


****** xsim v2024.2 (64-bit)

  **** SW Build 5239630 on Fri Nov 08 22:35:27 MST 2024

  **** IP Build 5239520 on Sun Nov 10 16:12:51 MST 2024

  **** SharedData Build 5239561 on Fri Nov 08 14:39:27 MST 2024

  **** Start of session at: Fri Aug 14 03:37:10 2026

    ** Copyright 1986-2022 Xilinx, Inc. All Rights Reserved.

    ** Copyright 2022-2024 Advanced Micro Devices, Inc. All Rights Reserved.



source xsim.dir/sim_p4_n1024_nh256_c1o1_pat6/xsim_script.tcl

# xsim {sim_p4_n1024_nh256_c1o1_pat6} -autoloadwcfg -runall

Time resolution is 1 ps

run -all

unified_capability_regs PASS ip_id=FACT build_id=20260813 R=512 N=1024 L=16 cout_max=4 precision=4 exact_linear=1

int8_axi_wstrb_semantics PASS

int8_valid_task PASS preload=1 repeat_start=0 wall_cycles=299 core_compute_cycles=283 preload_est=1024 readout_est=1024

tb_ntt46_fact_lean_ip_unified_axi_lite_core PASS R=512 N=1024 L=16 Cin=1 Cout=1 Nh=256 bound=8 wall_cycles=299 core_compute_cycles=283 preload_est=1024 readout_est=1024

$finish called at time : 13802 ns : File "<ARTIFACT_ROOT>/tb/tb_ntt46_fact_lean_ip_unified_axi_lite_core.sv" Line 780

exit

INFO: [Common 17-206] Exiting xsim at Fri Aug 14 03:37:15 2026...
===== END p4_n1024_nh256_c1o1_pat6 =====

===== BEGIN p4_n1024_nh256_c1o2_pat6 =====


****** xsim v2024.2 (64-bit)

  **** SW Build 5239630 on Fri Nov 08 22:35:27 MST 2024

  **** IP Build 5239520 on Sun Nov 10 16:12:51 MST 2024

  **** SharedData Build 5239561 on Fri Nov 08 14:39:27 MST 2024

  **** Start of session at: Fri Aug 14 03:37:30 2026

    ** Copyright 1986-2022 Xilinx, Inc. All Rights Reserved.

    ** Copyright 2022-2024 Advanced Micro Devices, Inc. All Rights Reserved.



source xsim.dir/sim_p4_n1024_nh256_c1o2_pat6/xsim_script.tcl

# xsim {sim_p4_n1024_nh256_c1o2_pat6} -autoloadwcfg -runall

Time resolution is 1 ps

run -all

unified_capability_regs PASS ip_id=FACT build_id=20260813 R=512 N=1024 L=16 cout_max=4 precision=4 exact_linear=1

int8_axi_wstrb_semantics PASS

int8_valid_task PASS preload=1 repeat_start=0 wall_cycles=624 core_compute_cycles=556 preload_est=1536 readout_est=2048

tb_ntt46_fact_lean_ip_unified_axi_lite_core PASS R=512 N=1024 L=16 Cin=1 Cout=2 Nh=256 bound=8 wall_cycles=624 core_compute_cycles=556 preload_est=1536 readout_est=2048

$finish called at time : 25350 ns : File "<ARTIFACT_ROOT>/tb/tb_ntt46_fact_lean_ip_unified_axi_lite_core.sv" Line 780

exit

INFO: [Common 17-206] Exiting xsim at Fri Aug 14 03:37:36 2026...
===== END p4_n1024_nh256_c1o2_pat6 =====

===== BEGIN p4_n1024_nh256_c1o4_pat6 =====


****** xsim v2024.2 (64-bit)

  **** SW Build 5239630 on Fri Nov 08 22:35:27 MST 2024

  **** IP Build 5239520 on Sun Nov 10 16:12:51 MST 2024

  **** SharedData Build 5239561 on Fri Nov 08 14:39:27 MST 2024

  **** Start of session at: Fri Aug 14 03:37:51 2026

    ** Copyright 1986-2022 Xilinx, Inc. All Rights Reserved.

    ** Copyright 2022-2024 Advanced Micro Devices, Inc. All Rights Reserved.



source xsim.dir/sim_p4_n1024_nh256_c1o4_pat6/xsim_script.tcl

# xsim {sim_p4_n1024_nh256_c1o4_pat6} -autoloadwcfg -runall

Time resolution is 1 ps

run -all

unified_capability_regs PASS ip_id=FACT build_id=20260813 R=512 N=1024 L=16 cout_max=4 precision=4 exact_linear=1

int8_axi_wstrb_semantics PASS

int8_valid_task PASS preload=1 repeat_start=0 wall_cycles=1248 core_compute_cycles=1112 preload_est=2560 readout_est=4096

tb_ntt46_fact_lean_ip_unified_axi_lite_core PASS R=512 N=1024 L=16 Cin=1 Cout=4 Nh=256 bound=8 wall_cycles=1248 core_compute_cycles=1112 preload_est=2560 readout_est=4096

$finish called at time : 48334 ns : File "<ARTIFACT_ROOT>/tb/tb_ntt46_fact_lean_ip_unified_axi_lite_core.sv" Line 780

exit

INFO: [Common 17-206] Exiting xsim at Fri Aug 14 03:37:59 2026...
===== END p4_n1024_nh256_c1o4_pat6 =====

===== BEGIN p4_n1024_nh256_c2o1_pat6 =====


****** xsim v2024.2 (64-bit)

  **** SW Build 5239630 on Fri Nov 08 22:35:27 MST 2024

  **** IP Build 5239520 on Sun Nov 10 16:12:51 MST 2024

  **** SharedData Build 5239561 on Fri Nov 08 14:39:27 MST 2024

  **** Start of session at: Fri Aug 14 03:38:14 2026

    ** Copyright 1986-2022 Xilinx, Inc. All Rights Reserved.

    ** Copyright 2022-2024 Advanced Micro Devices, Inc. All Rights Reserved.



source xsim.dir/sim_p4_n1024_nh256_c2o1_pat6/xsim_script.tcl

# xsim {sim_p4_n1024_nh256_c2o1_pat6} -autoloadwcfg -runall

Time resolution is 1 ps

run -all

unified_capability_regs PASS ip_id=FACT build_id=20260813 R=512 N=1024 L=16 cout_max=4 precision=4 exact_linear=1

int8_axi_wstrb_semantics PASS

int8_valid_task PASS preload=1 repeat_start=0 wall_cycles=502 core_compute_cycles=464 preload_est=2048 readout_est=1024

tb_ntt46_fact_lean_ip_unified_axi_lite_core PASS R=512 N=1024 L=16 Cin=2 Cout=1 Nh=256 bound=8 wall_cycles=502 core_compute_cycles=464 preload_est=2048 readout_est=1024

$finish called at time : 18722 ns : File "<ARTIFACT_ROOT>/tb/tb_ntt46_fact_lean_ip_unified_axi_lite_core.sv" Line 780

exit

INFO: [Common 17-206] Exiting xsim at Fri Aug 14 03:38:19 2026...
===== END p4_n1024_nh256_c2o1_pat6 =====

===== BEGIN p4_n1024_nh256_c2o2_pat6 =====


****** xsim v2024.2 (64-bit)

  **** SW Build 5239630 on Fri Nov 08 22:35:27 MST 2024

  **** IP Build 5239520 on Sun Nov 10 16:12:51 MST 2024

  **** SharedData Build 5239561 on Fri Nov 08 14:39:27 MST 2024

  **** Start of session at: Fri Aug 14 03:38:34 2026

    ** Copyright 1986-2022 Xilinx, Inc. All Rights Reserved.

    ** Copyright 2022-2024 Advanced Micro Devices, Inc. All Rights Reserved.



source xsim.dir/sim_p4_n1024_nh256_c2o2_pat6/xsim_script.tcl

# xsim {sim_p4_n1024_nh256_c2o2_pat6} -autoloadwcfg -runall

Time resolution is 1 ps

run -all

unified_capability_regs PASS ip_id=FACT build_id=20260813 R=512 N=1024 L=16 cout_max=4 precision=4 exact_linear=1

int8_axi_wstrb_semantics PASS

int8_valid_task PASS preload=1 repeat_start=0 wall_cycles=1004 core_compute_cycles=928 preload_est=3072 readout_est=2048

tb_ntt46_fact_lean_ip_unified_axi_lite_core PASS R=512 N=1024 L=16 Cin=2 Cout=2 Nh=256 bound=8 wall_cycles=1004 core_compute_cycles=928 preload_est=3072 readout_est=2048

$finish called at time : 33026 ns : File "<ARTIFACT_ROOT>/tb/tb_ntt46_fact_lean_ip_unified_axi_lite_core.sv" Line 780

exit

INFO: [Common 17-206] Exiting xsim at Fri Aug 14 03:38:41 2026...
===== END p4_n1024_nh256_c2o2_pat6 =====

===== BEGIN p4_n1024_nh256_c2o4_pat6 =====


****** xsim v2024.2 (64-bit)

  **** SW Build 5239630 on Fri Nov 08 22:35:27 MST 2024

  **** IP Build 5239520 on Sun Nov 10 16:12:51 MST 2024

  **** SharedData Build 5239561 on Fri Nov 08 14:39:27 MST 2024

  **** Start of session at: Fri Aug 14 03:38:56 2026

    ** Copyright 1986-2022 Xilinx, Inc. All Rights Reserved.

    ** Copyright 2022-2024 Advanced Micro Devices, Inc. All Rights Reserved.



source xsim.dir/sim_p4_n1024_nh256_c2o4_pat6/xsim_script.tcl

# xsim {sim_p4_n1024_nh256_c2o4_pat6} -autoloadwcfg -runall

Time resolution is 1 ps

run -all

unified_capability_regs PASS ip_id=FACT build_id=20260813 R=512 N=1024 L=16 cout_max=4 precision=4 exact_linear=1

int8_axi_wstrb_semantics PASS

int8_valid_task PASS preload=1 repeat_start=0 wall_cycles=2008 core_compute_cycles=1856 preload_est=5120 readout_est=4096

tb_ntt46_fact_lean_ip_unified_axi_lite_core PASS R=512 N=1024 L=16 Cin=2 Cout=4 Nh=256 bound=8 wall_cycles=2008 core_compute_cycles=1856 preload_est=5120 readout_est=4096

$finish called at time : 61634 ns : File "<ARTIFACT_ROOT>/tb/tb_ntt46_fact_lean_ip_unified_axi_lite_core.sv" Line 780

run: Time (s): cpu = 00:00:00 ; elapsed = 00:00:06 . Memory (MB): peak = 200.980 ; gain = 0.000

exit

INFO: [Common 17-206] Exiting xsim at Fri Aug 14 03:39:06 2026...
===== END p4_n1024_nh256_c2o4_pat6 =====

===== BEGIN p4_n1024_nh256_c4o1_pat6 =====


****** xsim v2024.2 (64-bit)

  **** SW Build 5239630 on Fri Nov 08 22:35:27 MST 2024

  **** IP Build 5239520 on Sun Nov 10 16:12:51 MST 2024

  **** SharedData Build 5239561 on Fri Nov 08 14:39:27 MST 2024

  **** Start of session at: Fri Aug 14 03:39:21 2026

    ** Copyright 1986-2022 Xilinx, Inc. All Rights Reserved.

    ** Copyright 2022-2024 Advanced Micro Devices, Inc. All Rights Reserved.



source xsim.dir/sim_p4_n1024_nh256_c4o1_pat6/xsim_script.tcl

# xsim {sim_p4_n1024_nh256_c4o1_pat6} -autoloadwcfg -runall

Time resolution is 1 ps

run -all

unified_capability_regs PASS ip_id=FACT build_id=20260813 R=512 N=1024 L=16 cout_max=4 precision=4 exact_linear=1

int8_axi_wstrb_semantics PASS

int8_valid_task PASS preload=1 repeat_start=0 wall_cycles=902 core_compute_cycles=820 preload_est=4096 readout_est=1024

tb_ntt46_fact_lean_ip_unified_axi_lite_core PASS R=512 N=1024 L=16 Cin=4 Cout=1 Nh=256 bound=8 wall_cycles=902 core_compute_cycles=820 preload_est=4096 readout_est=1024

$finish called at time : 28530 ns : File "<ARTIFACT_ROOT>/tb/tb_ntt46_fact_lean_ip_unified_axi_lite_core.sv" Line 780

exit

INFO: [Common 17-206] Exiting xsim at Fri Aug 14 03:39:26 2026...
===== END p4_n1024_nh256_c4o1_pat6 =====

===== BEGIN p4_n1024_nh256_c4o2_pat6 =====


****** xsim v2024.2 (64-bit)

  **** SW Build 5239630 on Fri Nov 08 22:35:27 MST 2024

  **** IP Build 5239520 on Sun Nov 10 16:12:51 MST 2024

  **** SharedData Build 5239561 on Fri Nov 08 14:39:27 MST 2024

  **** Start of session at: Fri Aug 14 03:39:41 2026

    ** Copyright 1986-2022 Xilinx, Inc. All Rights Reserved.

    ** Copyright 2022-2024 Advanced Micro Devices, Inc. All Rights Reserved.



source xsim.dir/sim_p4_n1024_nh256_c4o2_pat6/xsim_script.tcl

# xsim {sim_p4_n1024_nh256_c4o2_pat6} -autoloadwcfg -runall

Time resolution is 1 ps

run -all

unified_capability_regs PASS ip_id=FACT build_id=20260813 R=512 N=1024 L=16 cout_max=4 precision=4 exact_linear=1

int8_axi_wstrb_semantics PASS

int8_valid_task PASS preload=1 repeat_start=0 wall_cycles=1804 core_compute_cycles=1640 preload_est=6144 readout_est=2048

tb_ntt46_fact_lean_ip_unified_axi_lite_core PASS R=512 N=1024 L=16 Cin=4 Cout=2 Nh=256 bound=8 wall_cycles=1804 core_compute_cycles=1640 preload_est=6144 readout_est=2048

$finish called at time : 48538 ns : File "<ARTIFACT_ROOT>/tb/tb_ntt46_fact_lean_ip_unified_axi_lite_core.sv" Line 780

exit

INFO: [Common 17-206] Exiting xsim at Fri Aug 14 03:39:50 2026...
===== END p4_n1024_nh256_c4o2_pat6 =====

===== BEGIN p4_n1024_nh256_c4o4_pat6 =====


****** xsim v2024.2 (64-bit)

  **** SW Build 5239630 on Fri Nov 08 22:35:27 MST 2024

  **** IP Build 5239520 on Sun Nov 10 16:12:51 MST 2024

  **** SharedData Build 5239561 on Fri Nov 08 14:39:27 MST 2024

  **** Start of session at: Fri Aug 14 03:40:05 2026

    ** Copyright 1986-2022 Xilinx, Inc. All Rights Reserved.

    ** Copyright 2022-2024 Advanced Micro Devices, Inc. All Rights Reserved.



source xsim.dir/sim_p4_n1024_nh256_c4o4_pat6/xsim_script.tcl

# xsim {sim_p4_n1024_nh256_c4o4_pat6} -autoloadwcfg -runall

Time resolution is 1 ps

run -all

unified_capability_regs PASS ip_id=FACT build_id=20260813 R=512 N=1024 L=16 cout_max=4 precision=4 exact_linear=1

int8_axi_wstrb_semantics PASS

int8_valid_task PASS preload=1 repeat_start=0 wall_cycles=3608 core_compute_cycles=3280 preload_est=10240 readout_est=4096

tb_ntt46_fact_lean_ip_unified_axi_lite_core PASS R=512 N=1024 L=16 Cin=4 Cout=4 Nh=256 bound=8 wall_cycles=3608 core_compute_cycles=3280 preload_est=10240 readout_est=4096

$finish called at time : 88554 ns : File "<ARTIFACT_ROOT>/tb/tb_ntt46_fact_lean_ip_unified_axi_lite_core.sv" Line 780

run: Time (s): cpu = 00:00:00 ; elapsed = 00:00:10 . Memory (MB): peak = 200.930 ; gain = 0.000

exit

INFO: xsimkernel Simulation Memory Usage: 37396 KB (Peak: 37396 KB), Simulation CPU Usage: 10140 ms

INFO: [Common 17-206] Exiting xsim at Fri Aug 14 03:40:18 2026...
===== END p4_n1024_nh256_c4o4_pat6 =====

===== BEGIN p4_n1024_nh511_c1o1_pat6 =====


****** xsim v2024.2 (64-bit)

  **** SW Build 5239630 on Fri Nov 08 22:35:27 MST 2024

  **** IP Build 5239520 on Sun Nov 10 16:12:51 MST 2024

  **** SharedData Build 5239561 on Fri Nov 08 14:39:27 MST 2024

  **** Start of session at: Fri Aug 14 03:40:33 2026

    ** Copyright 1986-2022 Xilinx, Inc. All Rights Reserved.

    ** Copyright 2022-2024 Advanced Micro Devices, Inc. All Rights Reserved.



source xsim.dir/sim_p4_n1024_nh511_c1o1_pat6/xsim_script.tcl

# xsim {sim_p4_n1024_nh511_c1o1_pat6} -autoloadwcfg -runall

Time resolution is 1 ps

run -all

unified_capability_regs PASS ip_id=FACT build_id=20260813 R=512 N=1024 L=16 cout_max=4 precision=4 exact_linear=1

int8_axi_wstrb_semantics PASS

int8_valid_task PASS preload=1 repeat_start=0 wall_cycles=299 core_compute_cycles=283 preload_est=1024 readout_est=1024

tb_ntt46_fact_lean_ip_unified_axi_lite_core PASS R=512 N=1024 L=16 Cin=1 Cout=1 Nh=511 bound=8 wall_cycles=299 core_compute_cycles=283 preload_est=1024 readout_est=1024

$finish called at time : 13802 ns : File "<ARTIFACT_ROOT>/tb/tb_ntt46_fact_lean_ip_unified_axi_lite_core.sv" Line 780

exit

INFO: [Common 17-206] Exiting xsim at Fri Aug 14 03:40:38 2026...
===== END p4_n1024_nh511_c1o1_pat6 =====

===== BEGIN p4_n1024_nh511_c1o2_pat6 =====


****** xsim v2024.2 (64-bit)

  **** SW Build 5239630 on Fri Nov 08 22:35:27 MST 2024

  **** IP Build 5239520 on Sun Nov 10 16:12:51 MST 2024

  **** SharedData Build 5239561 on Fri Nov 08 14:39:27 MST 2024

  **** Start of session at: Fri Aug 14 03:40:54 2026

    ** Copyright 1986-2022 Xilinx, Inc. All Rights Reserved.

    ** Copyright 2022-2024 Advanced Micro Devices, Inc. All Rights Reserved.



source xsim.dir/sim_p4_n1024_nh511_c1o2_pat6/xsim_script.tcl

# xsim {sim_p4_n1024_nh511_c1o2_pat6} -autoloadwcfg -runall

Time resolution is 1 ps

run -all

unified_capability_regs PASS ip_id=FACT build_id=20260813 R=512 N=1024 L=16 cout_max=4 precision=4 exact_linear=1

int8_axi_wstrb_semantics PASS

int8_valid_task PASS preload=1 repeat_start=0 wall_cycles=624 core_compute_cycles=556 preload_est=1536 readout_est=2048

tb_ntt46_fact_lean_ip_unified_axi_lite_core PASS R=512 N=1024 L=16 Cin=1 Cout=2 Nh=511 bound=8 wall_cycles=624 core_compute_cycles=556 preload_est=1536 readout_est=2048

$finish called at time : 25350 ns : File "<ARTIFACT_ROOT>/tb/tb_ntt46_fact_lean_ip_unified_axi_lite_core.sv" Line 780

exit

INFO: [Common 17-206] Exiting xsim at Fri Aug 14 03:41:00 2026...
===== END p4_n1024_nh511_c1o2_pat6 =====

===== BEGIN p4_n1024_nh511_c1o4_pat6 =====


****** xsim v2024.2 (64-bit)

  **** SW Build 5239630 on Fri Nov 08 22:35:27 MST 2024

  **** IP Build 5239520 on Sun Nov 10 16:12:51 MST 2024

  **** SharedData Build 5239561 on Fri Nov 08 14:39:27 MST 2024

  **** Start of session at: Fri Aug 14 03:41:15 2026

    ** Copyright 1986-2022 Xilinx, Inc. All Rights Reserved.

    ** Copyright 2022-2024 Advanced Micro Devices, Inc. All Rights Reserved.



source xsim.dir/sim_p4_n1024_nh511_c1o4_pat6/xsim_script.tcl

# xsim {sim_p4_n1024_nh511_c1o4_pat6} -autoloadwcfg -runall

Time resolution is 1 ps

run -all

unified_capability_regs PASS ip_id=FACT build_id=20260813 R=512 N=1024 L=16 cout_max=4 precision=4 exact_linear=1

int8_axi_wstrb_semantics PASS

int8_valid_task PASS preload=1 repeat_start=0 wall_cycles=1248 core_compute_cycles=1112 preload_est=2560 readout_est=4096

tb_ntt46_fact_lean_ip_unified_axi_lite_core PASS R=512 N=1024 L=16 Cin=1 Cout=4 Nh=511 bound=8 wall_cycles=1248 core_compute_cycles=1112 preload_est=2560 readout_est=4096

$finish called at time : 48334 ns : File "<ARTIFACT_ROOT>/tb/tb_ntt46_fact_lean_ip_unified_axi_lite_core.sv" Line 780

exit

INFO: [Common 17-206] Exiting xsim at Fri Aug 14 03:41:23 2026...
===== END p4_n1024_nh511_c1o4_pat6 =====

===== BEGIN p4_n1024_nh511_c2o1_pat6 =====


****** xsim v2024.2 (64-bit)

  **** SW Build 5239630 on Fri Nov 08 22:35:27 MST 2024

  **** IP Build 5239520 on Sun Nov 10 16:12:51 MST 2024

  **** SharedData Build 5239561 on Fri Nov 08 14:39:27 MST 2024

  **** Start of session at: Fri Aug 14 03:41:38 2026

    ** Copyright 1986-2022 Xilinx, Inc. All Rights Reserved.

    ** Copyright 2022-2024 Advanced Micro Devices, Inc. All Rights Reserved.



source xsim.dir/sim_p4_n1024_nh511_c2o1_pat6/xsim_script.tcl

# xsim {sim_p4_n1024_nh511_c2o1_pat6} -autoloadwcfg -runall

Time resolution is 1 ps

run -all

unified_capability_regs PASS ip_id=FACT build_id=20260813 R=512 N=1024 L=16 cout_max=4 precision=4 exact_linear=1

int8_axi_wstrb_semantics PASS

int8_valid_task PASS preload=1 repeat_start=0 wall_cycles=502 core_compute_cycles=464 preload_est=2048 readout_est=1024

tb_ntt46_fact_lean_ip_unified_axi_lite_core PASS R=512 N=1024 L=16 Cin=2 Cout=1 Nh=511 bound=8 wall_cycles=502 core_compute_cycles=464 preload_est=2048 readout_est=1024

$finish called at time : 18722 ns : File "<ARTIFACT_ROOT>/tb/tb_ntt46_fact_lean_ip_unified_axi_lite_core.sv" Line 780

exit

INFO: [Common 17-206] Exiting xsim at Fri Aug 14 03:41:43 2026...
===== END p4_n1024_nh511_c2o1_pat6 =====

===== BEGIN p4_n1024_nh511_c2o2_pat6 =====


****** xsim v2024.2 (64-bit)

  **** SW Build 5239630 on Fri Nov 08 22:35:27 MST 2024

  **** IP Build 5239520 on Sun Nov 10 16:12:51 MST 2024

  **** SharedData Build 5239561 on Fri Nov 08 14:39:27 MST 2024

  **** Start of session at: Fri Aug 14 03:41:58 2026

    ** Copyright 1986-2022 Xilinx, Inc. All Rights Reserved.

    ** Copyright 2022-2024 Advanced Micro Devices, Inc. All Rights Reserved.



source xsim.dir/sim_p4_n1024_nh511_c2o2_pat6/xsim_script.tcl

# xsim {sim_p4_n1024_nh511_c2o2_pat6} -autoloadwcfg -runall

Time resolution is 1 ps

run -all

unified_capability_regs PASS ip_id=FACT build_id=20260813 R=512 N=1024 L=16 cout_max=4 precision=4 exact_linear=1

int8_axi_wstrb_semantics PASS

int8_valid_task PASS preload=1 repeat_start=0 wall_cycles=1004 core_compute_cycles=928 preload_est=3072 readout_est=2048

tb_ntt46_fact_lean_ip_unified_axi_lite_core PASS R=512 N=1024 L=16 Cin=2 Cout=2 Nh=511 bound=8 wall_cycles=1004 core_compute_cycles=928 preload_est=3072 readout_est=2048

$finish called at time : 33026 ns : File "<ARTIFACT_ROOT>/tb/tb_ntt46_fact_lean_ip_unified_axi_lite_core.sv" Line 780

exit

INFO: [Common 17-206] Exiting xsim at Fri Aug 14 03:42:05 2026...
===== END p4_n1024_nh511_c2o2_pat6 =====

===== BEGIN p4_n1024_nh511_c2o4_pat6 =====


****** xsim v2024.2 (64-bit)

  **** SW Build 5239630 on Fri Nov 08 22:35:27 MST 2024

  **** IP Build 5239520 on Sun Nov 10 16:12:51 MST 2024

  **** SharedData Build 5239561 on Fri Nov 08 14:39:27 MST 2024

  **** Start of session at: Fri Aug 14 03:42:21 2026

    ** Copyright 1986-2022 Xilinx, Inc. All Rights Reserved.

    ** Copyright 2022-2024 Advanced Micro Devices, Inc. All Rights Reserved.



source xsim.dir/sim_p4_n1024_nh511_c2o4_pat6/xsim_script.tcl

# xsim {sim_p4_n1024_nh511_c2o4_pat6} -autoloadwcfg -runall

Time resolution is 1 ps

run -all

unified_capability_regs PASS ip_id=FACT build_id=20260813 R=512 N=1024 L=16 cout_max=4 precision=4 exact_linear=1

int8_axi_wstrb_semantics PASS

int8_valid_task PASS preload=1 repeat_start=0 wall_cycles=2008 core_compute_cycles=1856 preload_est=5120 readout_est=4096

tb_ntt46_fact_lean_ip_unified_axi_lite_core PASS R=512 N=1024 L=16 Cin=2 Cout=4 Nh=511 bound=8 wall_cycles=2008 core_compute_cycles=1856 preload_est=5120 readout_est=4096

$finish called at time : 61634 ns : File "<ARTIFACT_ROOT>/tb/tb_ntt46_fact_lean_ip_unified_axi_lite_core.sv" Line 780

run: Time (s): cpu = 00:00:00 ; elapsed = 00:00:06 . Memory (MB): peak = 200.992 ; gain = 0.000

exit

INFO: [Common 17-206] Exiting xsim at Fri Aug 14 03:42:30 2026...
===== END p4_n1024_nh511_c2o4_pat6 =====

===== BEGIN p4_n1024_nh511_c4o1_pat6 =====


****** xsim v2024.2 (64-bit)

  **** SW Build 5239630 on Fri Nov 08 22:35:27 MST 2024

  **** IP Build 5239520 on Sun Nov 10 16:12:51 MST 2024

  **** SharedData Build 5239561 on Fri Nov 08 14:39:27 MST 2024

  **** Start of session at: Fri Aug 14 03:42:45 2026

    ** Copyright 1986-2022 Xilinx, Inc. All Rights Reserved.

    ** Copyright 2022-2024 Advanced Micro Devices, Inc. All Rights Reserved.



source xsim.dir/sim_p4_n1024_nh511_c4o1_pat6/xsim_script.tcl

# xsim {sim_p4_n1024_nh511_c4o1_pat6} -autoloadwcfg -runall

Time resolution is 1 ps

run -all

unified_capability_regs PASS ip_id=FACT build_id=20260813 R=512 N=1024 L=16 cout_max=4 precision=4 exact_linear=1

int8_axi_wstrb_semantics PASS

int8_valid_task PASS preload=1 repeat_start=0 wall_cycles=902 core_compute_cycles=820 preload_est=4096 readout_est=1024

tb_ntt46_fact_lean_ip_unified_axi_lite_core PASS R=512 N=1024 L=16 Cin=4 Cout=1 Nh=511 bound=8 wall_cycles=902 core_compute_cycles=820 preload_est=4096 readout_est=1024

$finish called at time : 28530 ns : File "<ARTIFACT_ROOT>/tb/tb_ntt46_fact_lean_ip_unified_axi_lite_core.sv" Line 780

exit

INFO: [Common 17-206] Exiting xsim at Fri Aug 14 03:42:52 2026...
===== END p4_n1024_nh511_c4o1_pat6 =====

===== BEGIN p4_n1024_nh511_c4o2_pat6 =====


****** xsim v2024.2 (64-bit)

  **** SW Build 5239630 on Fri Nov 08 22:35:27 MST 2024

  **** IP Build 5239520 on Sun Nov 10 16:12:51 MST 2024

  **** SharedData Build 5239561 on Fri Nov 08 14:39:27 MST 2024

  **** Start of session at: Fri Aug 14 03:43:07 2026

    ** Copyright 1986-2022 Xilinx, Inc. All Rights Reserved.

    ** Copyright 2022-2024 Advanced Micro Devices, Inc. All Rights Reserved.



source xsim.dir/sim_p4_n1024_nh511_c4o2_pat6/xsim_script.tcl

# xsim {sim_p4_n1024_nh511_c4o2_pat6} -autoloadwcfg -runall

Time resolution is 1 ps

run -all

unified_capability_regs PASS ip_id=FACT build_id=20260813 R=512 N=1024 L=16 cout_max=4 precision=4 exact_linear=1

int8_axi_wstrb_semantics PASS

int8_valid_task PASS preload=1 repeat_start=0 wall_cycles=1804 core_compute_cycles=1640 preload_est=6144 readout_est=2048

tb_ntt46_fact_lean_ip_unified_axi_lite_core PASS R=512 N=1024 L=16 Cin=4 Cout=2 Nh=511 bound=8 wall_cycles=1804 core_compute_cycles=1640 preload_est=6144 readout_est=2048

$finish called at time : 48538 ns : File "<ARTIFACT_ROOT>/tb/tb_ntt46_fact_lean_ip_unified_axi_lite_core.sv" Line 780

run: Time (s): cpu = 00:00:00 ; elapsed = 00:00:05 . Memory (MB): peak = 200.656 ; gain = 0.000

exit

INFO: [Common 17-206] Exiting xsim at Fri Aug 14 03:43:15 2026...
===== END p4_n1024_nh511_c4o2_pat6 =====

===== BEGIN p4_n1024_nh511_c4o4_pat6 =====


****** xsim v2024.2 (64-bit)

  **** SW Build 5239630 on Fri Nov 08 22:35:27 MST 2024

  **** IP Build 5239520 on Sun Nov 10 16:12:51 MST 2024

  **** SharedData Build 5239561 on Fri Nov 08 14:39:27 MST 2024

  **** Start of session at: Fri Aug 14 03:43:31 2026

    ** Copyright 1986-2022 Xilinx, Inc. All Rights Reserved.

    ** Copyright 2022-2024 Advanced Micro Devices, Inc. All Rights Reserved.



source xsim.dir/sim_p4_n1024_nh511_c4o4_pat6/xsim_script.tcl

# xsim {sim_p4_n1024_nh511_c4o4_pat6} -autoloadwcfg -runall

Time resolution is 1 ps

run -all

unified_capability_regs PASS ip_id=FACT build_id=20260813 R=512 N=1024 L=16 cout_max=4 precision=4 exact_linear=1

int8_axi_wstrb_semantics PASS

int8_valid_task PASS preload=1 repeat_start=0 wall_cycles=3608 core_compute_cycles=3280 preload_est=10240 readout_est=4096

tb_ntt46_fact_lean_ip_unified_axi_lite_core PASS R=512 N=1024 L=16 Cin=4 Cout=4 Nh=511 bound=8 wall_cycles=3608 core_compute_cycles=3280 preload_est=10240 readout_est=4096

$finish called at time : 88554 ns : File "<ARTIFACT_ROOT>/tb/tb_ntt46_fact_lean_ip_unified_axi_lite_core.sv" Line 780

run: Time (s): cpu = 00:00:00 ; elapsed = 00:00:10 . Memory (MB): peak = 200.949 ; gain = 0.000

exit

INFO: xsimkernel Simulation Memory Usage: 37388 KB (Peak: 37388 KB), Simulation CPU Usage: 10389 ms

INFO: [Common 17-206] Exiting xsim at Fri Aug 14 03:43:44 2026...
===== END p4_n1024_nh511_c4o4_pat6 =====

===== BEGIN p4_n1024_nh511_c4o4_pat1 =====


****** xsim v2024.2 (64-bit)

  **** SW Build 5239630 on Fri Nov 08 22:35:27 MST 2024

  **** IP Build 5239520 on Sun Nov 10 16:12:51 MST 2024

  **** SharedData Build 5239561 on Fri Nov 08 14:39:27 MST 2024

  **** Start of session at: Fri Aug 14 03:43:59 2026

    ** Copyright 1986-2022 Xilinx, Inc. All Rights Reserved.

    ** Copyright 2022-2024 Advanced Micro Devices, Inc. All Rights Reserved.



source xsim.dir/sim_p4_n1024_nh511_c4o4_pat1/xsim_script.tcl

# xsim {sim_p4_n1024_nh511_c4o4_pat1} -autoloadwcfg -runall

Time resolution is 1 ps

run -all

unified_capability_regs PASS ip_id=FACT build_id=20260813 R=512 N=1024 L=16 cout_max=4 precision=4 exact_linear=1

int8_axi_wstrb_semantics PASS

int8_valid_task PASS preload=1 repeat_start=0 wall_cycles=3608 core_compute_cycles=3280 preload_est=10240 readout_est=4096

tb_ntt46_fact_lean_ip_unified_axi_lite_core PASS R=512 N=1024 L=16 Cin=4 Cout=4 Nh=511 bound=8 wall_cycles=3608 core_compute_cycles=3280 preload_est=10240 readout_est=4096

$finish called at time : 88554 ns : File "<ARTIFACT_ROOT>/tb/tb_ntt46_fact_lean_ip_unified_axi_lite_core.sv" Line 780

run: Time (s): cpu = 00:00:00 ; elapsed = 00:00:09 . Memory (MB): peak = 200.695 ; gain = 0.000

exit

INFO: [Common 17-206] Exiting xsim at Fri Aug 14 03:44:11 2026...
===== END p4_n1024_nh511_c4o4_pat1 =====

===== BEGIN p4_n1024_nh511_c4o4_pat2 =====


****** xsim v2024.2 (64-bit)

  **** SW Build 5239630 on Fri Nov 08 22:35:27 MST 2024

  **** IP Build 5239520 on Sun Nov 10 16:12:51 MST 2024

  **** SharedData Build 5239561 on Fri Nov 08 14:39:27 MST 2024

  **** Start of session at: Fri Aug 14 03:44:28 2026

    ** Copyright 1986-2022 Xilinx, Inc. All Rights Reserved.

    ** Copyright 2022-2024 Advanced Micro Devices, Inc. All Rights Reserved.



source xsim.dir/sim_p4_n1024_nh511_c4o4_pat2/xsim_script.tcl

# xsim {sim_p4_n1024_nh511_c4o4_pat2} -autoloadwcfg -runall

Time resolution is 1 ps

run -all

unified_capability_regs PASS ip_id=FACT build_id=20260813 R=512 N=1024 L=16 cout_max=4 precision=4 exact_linear=1

int8_axi_wstrb_semantics PASS

int8_valid_task PASS preload=1 repeat_start=0 wall_cycles=3608 core_compute_cycles=3280 preload_est=10240 readout_est=4096

tb_ntt46_fact_lean_ip_unified_axi_lite_core PASS R=512 N=1024 L=16 Cin=4 Cout=4 Nh=511 bound=8 wall_cycles=3608 core_compute_cycles=3280 preload_est=10240 readout_est=4096

$finish called at time : 88554 ns : File "<ARTIFACT_ROOT>/tb/tb_ntt46_fact_lean_ip_unified_axi_lite_core.sv" Line 780

run: Time (s): cpu = 00:00:00 ; elapsed = 00:00:09 . Memory (MB): peak = 201.297 ; gain = 0.000

exit

INFO: [Common 17-206] Exiting xsim at Fri Aug 14 03:44:41 2026...
===== END p4_n1024_nh511_c4o4_pat2 =====

===== BEGIN p4_n1024_nh511_c4o4_pat3 =====


****** xsim v2024.2 (64-bit)

  **** SW Build 5239630 on Fri Nov 08 22:35:27 MST 2024

  **** IP Build 5239520 on Sun Nov 10 16:12:51 MST 2024

  **** SharedData Build 5239561 on Fri Nov 08 14:39:27 MST 2024

  **** Start of session at: Fri Aug 14 03:44:56 2026

    ** Copyright 1986-2022 Xilinx, Inc. All Rights Reserved.

    ** Copyright 2022-2024 Advanced Micro Devices, Inc. All Rights Reserved.



source xsim.dir/sim_p4_n1024_nh511_c4o4_pat3/xsim_script.tcl

# xsim {sim_p4_n1024_nh511_c4o4_pat3} -autoloadwcfg -runall

Time resolution is 1 ps

run -all

unified_capability_regs PASS ip_id=FACT build_id=20260813 R=512 N=1024 L=16 cout_max=4 precision=4 exact_linear=1

int8_axi_wstrb_semantics PASS

int8_valid_task PASS preload=1 repeat_start=0 wall_cycles=3608 core_compute_cycles=3280 preload_est=10240 readout_est=4096

tb_ntt46_fact_lean_ip_unified_axi_lite_core PASS R=512 N=1024 L=16 Cin=4 Cout=4 Nh=511 bound=8 wall_cycles=3608 core_compute_cycles=3280 preload_est=10240 readout_est=4096

$finish called at time : 88554 ns : File "<ARTIFACT_ROOT>/tb/tb_ntt46_fact_lean_ip_unified_axi_lite_core.sv" Line 780

run: Time (s): cpu = 00:00:00 ; elapsed = 00:00:09 . Memory (MB): peak = 200.941 ; gain = 0.000

exit

INFO: [Common 17-206] Exiting xsim at Fri Aug 14 03:45:09 2026...
===== END p4_n1024_nh511_c4o4_pat3 =====

===== BEGIN p4_n1024_nh511_c4o4_pat5 =====


****** xsim v2024.2 (64-bit)

  **** SW Build 5239630 on Fri Nov 08 22:35:27 MST 2024

  **** IP Build 5239520 on Sun Nov 10 16:12:51 MST 2024

  **** SharedData Build 5239561 on Fri Nov 08 14:39:27 MST 2024

  **** Start of session at: Fri Aug 14 03:45:24 2026

    ** Copyright 1986-2022 Xilinx, Inc. All Rights Reserved.

    ** Copyright 2022-2024 Advanced Micro Devices, Inc. All Rights Reserved.



source xsim.dir/sim_p4_n1024_nh511_c4o4_pat5/xsim_script.tcl

# xsim {sim_p4_n1024_nh511_c4o4_pat5} -autoloadwcfg -runall

Time resolution is 1 ps

run -all

unified_capability_regs PASS ip_id=FACT build_id=20260813 R=512 N=1024 L=16 cout_max=4 precision=4 exact_linear=1

int8_axi_wstrb_semantics PASS

int8_valid_task PASS preload=1 repeat_start=0 wall_cycles=3608 core_compute_cycles=3280 preload_est=10240 readout_est=4096

tb_ntt46_fact_lean_ip_unified_axi_lite_core PASS R=512 N=1024 L=16 Cin=4 Cout=4 Nh=511 bound=8 wall_cycles=3608 core_compute_cycles=3280 preload_est=10240 readout_est=4096

$finish called at time : 88554 ns : File "<ARTIFACT_ROOT>/tb/tb_ntt46_fact_lean_ip_unified_axi_lite_core.sv" Line 780

run: Time (s): cpu = 00:00:00 ; elapsed = 00:00:09 . Memory (MB): peak = 201.367 ; gain = 0.000

exit

INFO: [Common 17-206] Exiting xsim at Fri Aug 14 03:45:36 2026...
===== END p4_n1024_nh511_c4o4_pat5 =====

===== BEGIN p8_n256_nh1_c1o1_pat6 =====


****** xsim v2024.2 (64-bit)

  **** SW Build 5239630 on Fri Nov 08 22:35:27 MST 2024

  **** IP Build 5239520 on Sun Nov 10 16:12:51 MST 2024

  **** SharedData Build 5239561 on Fri Nov 08 14:39:27 MST 2024

  **** Start of session at: Fri Aug 14 03:45:55 2026

    ** Copyright 1986-2022 Xilinx, Inc. All Rights Reserved.

    ** Copyright 2022-2024 Advanced Micro Devices, Inc. All Rights Reserved.



source xsim.dir/sim_p8_n256_nh1_c1o1_pat6/xsim_script.tcl

# xsim {sim_p8_n256_nh1_c1o1_pat6} -autoloadwcfg -runall

Time resolution is 1 ps

run -all

unified_capability_regs PASS ip_id=FACT build_id=20260813 R=128 N=256 L=8 cout_max=4 precision=8 exact_linear=1

int8_axi_wstrb_semantics PASS

int8_valid_task PASS preload=1 repeat_start=0 wall_cycles=214 core_compute_cycles=199 preload_est=256 readout_est=256

tb_ntt46_fact_lean_ip_unified_axi_lite_core PASS R=128 N=256 L=8 Cin=1 Cout=1 Nh=1 bound=128 wall_cycles=214 core_compute_cycles=199 preload_est=256 readout_est=256

$finish called at time : 4274 ns : File "<ARTIFACT_ROOT>/tb/tb_ntt46_fact_lean_ip_unified_axi_lite_core.sv" Line 780

exit

INFO: [Common 17-206] Exiting xsim at Fri Aug 14 03:45:59 2026...
===== END p8_n256_nh1_c1o1_pat6 =====

===== BEGIN p8_n256_nh1_c1o2_pat6 =====


****** xsim v2024.2 (64-bit)

  **** SW Build 5239630 on Fri Nov 08 22:35:27 MST 2024

  **** IP Build 5239520 on Sun Nov 10 16:12:51 MST 2024

  **** SharedData Build 5239561 on Fri Nov 08 14:39:27 MST 2024

  **** Start of session at: Fri Aug 14 03:46:15 2026

    ** Copyright 1986-2022 Xilinx, Inc. All Rights Reserved.

    ** Copyright 2022-2024 Advanced Micro Devices, Inc. All Rights Reserved.



source xsim.dir/sim_p8_n256_nh1_c1o2_pat6/xsim_script.tcl

# xsim {sim_p8_n256_nh1_c1o2_pat6} -autoloadwcfg -runall

Time resolution is 1 ps

run -all

unified_capability_regs PASS ip_id=FACT build_id=20260813 R=128 N=256 L=8 cout_max=4 precision=8 exact_linear=1

int8_axi_wstrb_semantics PASS

int8_valid_task PASS preload=1 repeat_start=0 wall_cycles=450 core_compute_cycles=388 preload_est=384 readout_est=512

tb_ntt46_fact_lean_ip_unified_axi_lite_core PASS R=128 N=256 L=8 Cin=1 Cout=2 Nh=1 bound=128 wall_cycles=450 core_compute_cycles=388 preload_est=384 readout_est=512

$finish called at time : 7782 ns : File "<ARTIFACT_ROOT>/tb/tb_ntt46_fact_lean_ip_unified_axi_lite_core.sv" Line 780

exit

INFO: [Common 17-206] Exiting xsim at Fri Aug 14 03:46:19 2026...
===== END p8_n256_nh1_c1o2_pat6 =====

===== BEGIN p8_n256_nh1_c1o4_pat6 =====


****** xsim v2024.2 (64-bit)

  **** SW Build 5239630 on Fri Nov 08 22:35:27 MST 2024

  **** IP Build 5239520 on Sun Nov 10 16:12:51 MST 2024

  **** SharedData Build 5239561 on Fri Nov 08 14:39:27 MST 2024

  **** Start of session at: Fri Aug 14 03:46:34 2026

    ** Copyright 1986-2022 Xilinx, Inc. All Rights Reserved.

    ** Copyright 2022-2024 Advanced Micro Devices, Inc. All Rights Reserved.



source xsim.dir/sim_p8_n256_nh1_c1o4_pat6/xsim_script.tcl

# xsim {sim_p8_n256_nh1_c1o4_pat6} -autoloadwcfg -runall

Time resolution is 1 ps

run -all

unified_capability_regs PASS ip_id=FACT build_id=20260813 R=128 N=256 L=8 cout_max=4 precision=8 exact_linear=1

int8_axi_wstrb_semantics PASS

int8_valid_task PASS preload=1 repeat_start=0 wall_cycles=900 core_compute_cycles=776 preload_est=640 readout_est=1024

tb_ntt46_fact_lean_ip_unified_axi_lite_core PASS R=128 N=256 L=8 Cin=1 Cout=4 Nh=1 bound=128 wall_cycles=900 core_compute_cycles=776 preload_est=640 readout_est=1024

$finish called at time : 14710 ns : File "<ARTIFACT_ROOT>/tb/tb_ntt46_fact_lean_ip_unified_axi_lite_core.sv" Line 780

exit

INFO: [Common 17-206] Exiting xsim at Fri Aug 14 03:46:39 2026...
===== END p8_n256_nh1_c1o4_pat6 =====

===== BEGIN p8_n256_nh1_c2o1_pat6 =====


****** xsim v2024.2 (64-bit)

  **** SW Build 5239630 on Fri Nov 08 22:35:27 MST 2024

  **** IP Build 5239520 on Sun Nov 10 16:12:51 MST 2024

  **** SharedData Build 5239561 on Fri Nov 08 14:39:27 MST 2024

  **** Start of session at: Fri Aug 14 03:46:55 2026

    ** Copyright 1986-2022 Xilinx, Inc. All Rights Reserved.

    ** Copyright 2022-2024 Advanced Micro Devices, Inc. All Rights Reserved.



source xsim.dir/sim_p8_n256_nh1_c2o1_pat6/xsim_script.tcl

# xsim {sim_p8_n256_nh1_c2o1_pat6} -autoloadwcfg -runall

Time resolution is 1 ps

run -all

unified_capability_regs PASS ip_id=FACT build_id=20260813 R=128 N=256 L=8 cout_max=4 precision=8 exact_linear=1

int8_axi_wstrb_semantics PASS

int8_valid_task PASS preload=1 repeat_start=0 wall_cycles=360 core_compute_cycles=325 preload_est=512 readout_est=256

tb_ntt46_fact_lean_ip_unified_axi_lite_core PASS R=128 N=256 L=8 Cin=2 Cout=1 Nh=1 bound=128 wall_cycles=360 core_compute_cycles=325 preload_est=512 readout_est=256

$finish called at time : 5890 ns : File "<ARTIFACT_ROOT>/tb/tb_ntt46_fact_lean_ip_unified_axi_lite_core.sv" Line 780

exit

INFO: [Common 17-206] Exiting xsim at Fri Aug 14 03:46:59 2026...
===== END p8_n256_nh1_c2o1_pat6 =====

===== BEGIN p8_n256_nh1_c2o2_pat6 =====


****** xsim v2024.2 (64-bit)

  **** SW Build 5239630 on Fri Nov 08 22:35:27 MST 2024

  **** IP Build 5239520 on Sun Nov 10 16:12:51 MST 2024

  **** SharedData Build 5239561 on Fri Nov 08 14:39:27 MST 2024

  **** Start of session at: Fri Aug 14 03:47:14 2026

    ** Copyright 1986-2022 Xilinx, Inc. All Rights Reserved.

    ** Copyright 2022-2024 Advanced Micro Devices, Inc. All Rights Reserved.



source xsim.dir/sim_p8_n256_nh1_c2o2_pat6/xsim_script.tcl

# xsim {sim_p8_n256_nh1_c2o2_pat6} -autoloadwcfg -runall

Time resolution is 1 ps

run -all

unified_capability_regs PASS ip_id=FACT build_id=20260813 R=128 N=256 L=8 cout_max=4 precision=8 exact_linear=1

int8_axi_wstrb_semantics PASS

int8_valid_task PASS preload=1 repeat_start=0 wall_cycles=742 core_compute_cycles=640 preload_est=768 readout_est=512

tb_ntt46_fact_lean_ip_unified_axi_lite_core PASS R=128 N=256 L=8 Cin=2 Cout=2 Nh=1 bound=128 wall_cycles=742 core_compute_cycles=640 preload_est=768 readout_est=512

$finish called at time : 10498 ns : File "<ARTIFACT_ROOT>/tb/tb_ntt46_fact_lean_ip_unified_axi_lite_core.sv" Line 780

exit

INFO: [Common 17-206] Exiting xsim at Fri Aug 14 03:47:19 2026...
===== END p8_n256_nh1_c2o2_pat6 =====

===== BEGIN p8_n256_nh1_c2o4_pat6 =====


****** xsim v2024.2 (64-bit)

  **** SW Build 5239630 on Fri Nov 08 22:35:27 MST 2024

  **** IP Build 5239520 on Sun Nov 10 16:12:51 MST 2024

  **** SharedData Build 5239561 on Fri Nov 08 14:39:27 MST 2024

  **** Start of session at: Fri Aug 14 03:47:34 2026

    ** Copyright 1986-2022 Xilinx, Inc. All Rights Reserved.

    ** Copyright 2022-2024 Advanced Micro Devices, Inc. All Rights Reserved.



source xsim.dir/sim_p8_n256_nh1_c2o4_pat6/xsim_script.tcl

# xsim {sim_p8_n256_nh1_c2o4_pat6} -autoloadwcfg -runall

Time resolution is 1 ps

run -all

unified_capability_regs PASS ip_id=FACT build_id=20260813 R=128 N=256 L=8 cout_max=4 precision=8 exact_linear=1

int8_axi_wstrb_semantics PASS

int8_valid_task PASS preload=1 repeat_start=0 wall_cycles=1484 core_compute_cycles=1280 preload_est=1280 readout_est=1024

tb_ntt46_fact_lean_ip_unified_axi_lite_core PASS R=128 N=256 L=8 Cin=2 Cout=4 Nh=1 bound=128 wall_cycles=1484 core_compute_cycles=1280 preload_est=1280 readout_est=1024

$finish called at time : 19626 ns : File "<ARTIFACT_ROOT>/tb/tb_ntt46_fact_lean_ip_unified_axi_lite_core.sv" Line 780

exit

INFO: [Common 17-206] Exiting xsim at Fri Aug 14 03:47:40 2026...
===== END p8_n256_nh1_c2o4_pat6 =====

===== BEGIN p8_n256_nh1_c4o1_pat6 =====


****** xsim v2024.2 (64-bit)

  **** SW Build 5239630 on Fri Nov 08 22:35:27 MST 2024

  **** IP Build 5239520 on Sun Nov 10 16:12:51 MST 2024

  **** SharedData Build 5239561 on Fri Nov 08 14:39:27 MST 2024

  **** Start of session at: Fri Aug 14 03:47:55 2026

    ** Copyright 1986-2022 Xilinx, Inc. All Rights Reserved.

    ** Copyright 2022-2024 Advanced Micro Devices, Inc. All Rights Reserved.



source xsim.dir/sim_p8_n256_nh1_c4o1_pat6/xsim_script.tcl

# xsim {sim_p8_n256_nh1_c4o1_pat6} -autoloadwcfg -runall

Time resolution is 1 ps

run -all

unified_capability_regs PASS ip_id=FACT build_id=20260813 R=128 N=256 L=8 cout_max=4 precision=8 exact_linear=1

int8_axi_wstrb_semantics PASS

int8_valid_task PASS preload=1 repeat_start=0 wall_cycles=663 core_compute_cycles=572 preload_est=1024 readout_est=256

tb_ntt46_fact_lean_ip_unified_axi_lite_core PASS R=128 N=256 L=8 Cin=4 Cout=1 Nh=1 bound=128 wall_cycles=663 core_compute_cycles=572 preload_est=1024 readout_est=256

$finish called at time : 9170 ns : File "<ARTIFACT_ROOT>/tb/tb_ntt46_fact_lean_ip_unified_axi_lite_core.sv" Line 780

exit

INFO: [Common 17-206] Exiting xsim at Fri Aug 14 03:48:00 2026...
===== END p8_n256_nh1_c4o1_pat6 =====

===== BEGIN p8_n256_nh1_c4o2_pat6 =====


****** xsim v2024.2 (64-bit)

  **** SW Build 5239630 on Fri Nov 08 22:35:27 MST 2024

  **** IP Build 5239520 on Sun Nov 10 16:12:51 MST 2024

  **** SharedData Build 5239561 on Fri Nov 08 14:39:27 MST 2024

  **** Start of session at: Fri Aug 14 03:48:16 2026

    ** Copyright 1986-2022 Xilinx, Inc. All Rights Reserved.

    ** Copyright 2022-2024 Advanced Micro Devices, Inc. All Rights Reserved.



source xsim.dir/sim_p8_n256_nh1_c4o2_pat6/xsim_script.tcl

# xsim {sim_p8_n256_nh1_c4o2_pat6} -autoloadwcfg -runall

Time resolution is 1 ps

run -all

unified_capability_regs PASS ip_id=FACT build_id=20260813 R=128 N=256 L=8 cout_max=4 precision=8 exact_linear=1

int8_axi_wstrb_semantics PASS

int8_valid_task PASS preload=1 repeat_start=0 wall_cycles=1326 core_compute_cycles=1144 preload_est=1536 readout_est=512

tb_ntt46_fact_lean_ip_unified_axi_lite_core PASS R=128 N=256 L=8 Cin=4 Cout=2 Nh=1 bound=128 wall_cycles=1326 core_compute_cycles=1144 preload_est=1536 readout_est=512

$finish called at time : 15930 ns : File "<ARTIFACT_ROOT>/tb/tb_ntt46_fact_lean_ip_unified_axi_lite_core.sv" Line 780

exit

INFO: [Common 17-206] Exiting xsim at Fri Aug 14 03:48:21 2026...
===== END p8_n256_nh1_c4o2_pat6 =====

===== BEGIN p8_n256_nh1_c4o4_pat6 =====


****** xsim v2024.2 (64-bit)

  **** SW Build 5239630 on Fri Nov 08 22:35:27 MST 2024

  **** IP Build 5239520 on Sun Nov 10 16:12:51 MST 2024

  **** SharedData Build 5239561 on Fri Nov 08 14:39:27 MST 2024

  **** Start of session at: Fri Aug 14 03:48:37 2026

    ** Copyright 1986-2022 Xilinx, Inc. All Rights Reserved.

    ** Copyright 2022-2024 Advanced Micro Devices, Inc. All Rights Reserved.



source xsim.dir/sim_p8_n256_nh1_c4o4_pat6/xsim_script.tcl

# xsim {sim_p8_n256_nh1_c4o4_pat6} -autoloadwcfg -runall

Time resolution is 1 ps

run -all

unified_capability_regs PASS ip_id=FACT build_id=20260813 R=128 N=256 L=8 cout_max=4 precision=8 exact_linear=1

int8_axi_wstrb_semantics PASS

int8_valid_task PASS preload=1 repeat_start=0 wall_cycles=2652 core_compute_cycles=2288 preload_est=2560 readout_est=1024

tb_ntt46_fact_lean_ip_unified_axi_lite_core PASS R=128 N=256 L=8 Cin=4 Cout=4 Nh=1 bound=128 wall_cycles=2652 core_compute_cycles=2288 preload_est=2560 readout_est=1024

$finish called at time : 29458 ns : File "<ARTIFACT_ROOT>/tb/tb_ntt46_fact_lean_ip_unified_axi_lite_core.sv" Line 780

exit

INFO: [Common 17-206] Exiting xsim at Fri Aug 14 03:48:44 2026...
===== END p8_n256_nh1_c4o4_pat6 =====

===== BEGIN p8_n256_nh64_c1o1_pat6 =====


****** xsim v2024.2 (64-bit)

  **** SW Build 5239630 on Fri Nov 08 22:35:27 MST 2024

  **** IP Build 5239520 on Sun Nov 10 16:12:51 MST 2024

  **** SharedData Build 5239561 on Fri Nov 08 14:39:27 MST 2024

  **** Start of session at: Fri Aug 14 03:49:00 2026

    ** Copyright 1986-2022 Xilinx, Inc. All Rights Reserved.

    ** Copyright 2022-2024 Advanced Micro Devices, Inc. All Rights Reserved.



source xsim.dir/sim_p8_n256_nh64_c1o1_pat6/xsim_script.tcl

# xsim {sim_p8_n256_nh64_c1o1_pat6} -autoloadwcfg -runall

Time resolution is 1 ps

run -all

unified_capability_regs PASS ip_id=FACT build_id=20260813 R=128 N=256 L=8 cout_max=4 precision=8 exact_linear=1

int8_axi_wstrb_semantics PASS

int8_valid_task PASS preload=1 repeat_start=0 wall_cycles=214 core_compute_cycles=199 preload_est=256 readout_est=256

tb_ntt46_fact_lean_ip_unified_axi_lite_core PASS R=128 N=256 L=8 Cin=1 Cout=1 Nh=64 bound=128 wall_cycles=214 core_compute_cycles=199 preload_est=256 readout_est=256

$finish called at time : 4274 ns : File "<ARTIFACT_ROOT>/tb/tb_ntt46_fact_lean_ip_unified_axi_lite_core.sv" Line 780

exit

INFO: [Common 17-206] Exiting xsim at Fri Aug 14 03:49:04 2026...
===== END p8_n256_nh64_c1o1_pat6 =====

===== BEGIN p8_n256_nh64_c1o2_pat6 =====


****** xsim v2024.2 (64-bit)

  **** SW Build 5239630 on Fri Nov 08 22:35:27 MST 2024

  **** IP Build 5239520 on Sun Nov 10 16:12:51 MST 2024

  **** SharedData Build 5239561 on Fri Nov 08 14:39:27 MST 2024

  **** Start of session at: Fri Aug 14 03:49:19 2026

    ** Copyright 1986-2022 Xilinx, Inc. All Rights Reserved.

    ** Copyright 2022-2024 Advanced Micro Devices, Inc. All Rights Reserved.



source xsim.dir/sim_p8_n256_nh64_c1o2_pat6/xsim_script.tcl

# xsim {sim_p8_n256_nh64_c1o2_pat6} -autoloadwcfg -runall

Time resolution is 1 ps

run -all

unified_capability_regs PASS ip_id=FACT build_id=20260813 R=128 N=256 L=8 cout_max=4 precision=8 exact_linear=1

int8_axi_wstrb_semantics PASS

int8_valid_task PASS preload=1 repeat_start=0 wall_cycles=450 core_compute_cycles=388 preload_est=384 readout_est=512

tb_ntt46_fact_lean_ip_unified_axi_lite_core PASS R=128 N=256 L=8 Cin=1 Cout=2 Nh=64 bound=128 wall_cycles=450 core_compute_cycles=388 preload_est=384 readout_est=512

$finish called at time : 7782 ns : File "<ARTIFACT_ROOT>/tb/tb_ntt46_fact_lean_ip_unified_axi_lite_core.sv" Line 780

exit

INFO: [Common 17-206] Exiting xsim at Fri Aug 14 03:49:24 2026...
===== END p8_n256_nh64_c1o2_pat6 =====

===== BEGIN p8_n256_nh64_c1o4_pat6 =====


****** xsim v2024.2 (64-bit)

  **** SW Build 5239630 on Fri Nov 08 22:35:27 MST 2024

  **** IP Build 5239520 on Sun Nov 10 16:12:51 MST 2024

  **** SharedData Build 5239561 on Fri Nov 08 14:39:27 MST 2024

  **** Start of session at: Fri Aug 14 03:49:39 2026

    ** Copyright 1986-2022 Xilinx, Inc. All Rights Reserved.

    ** Copyright 2022-2024 Advanced Micro Devices, Inc. All Rights Reserved.



source xsim.dir/sim_p8_n256_nh64_c1o4_pat6/xsim_script.tcl

# xsim {sim_p8_n256_nh64_c1o4_pat6} -autoloadwcfg -runall

Time resolution is 1 ps

run -all

unified_capability_regs PASS ip_id=FACT build_id=20260813 R=128 N=256 L=8 cout_max=4 precision=8 exact_linear=1

int8_axi_wstrb_semantics PASS

int8_valid_task PASS preload=1 repeat_start=0 wall_cycles=900 core_compute_cycles=776 preload_est=640 readout_est=1024

tb_ntt46_fact_lean_ip_unified_axi_lite_core PASS R=128 N=256 L=8 Cin=1 Cout=4 Nh=64 bound=128 wall_cycles=900 core_compute_cycles=776 preload_est=640 readout_est=1024

$finish called at time : 14710 ns : File "<ARTIFACT_ROOT>/tb/tb_ntt46_fact_lean_ip_unified_axi_lite_core.sv" Line 780

exit

INFO: [Common 17-206] Exiting xsim at Fri Aug 14 03:49:43 2026...
===== END p8_n256_nh64_c1o4_pat6 =====

===== BEGIN p8_n256_nh64_c2o1_pat6 =====


****** xsim v2024.2 (64-bit)

  **** SW Build 5239630 on Fri Nov 08 22:35:27 MST 2024

  **** IP Build 5239520 on Sun Nov 10 16:12:51 MST 2024

  **** SharedData Build 5239561 on Fri Nov 08 14:39:27 MST 2024

  **** Start of session at: Fri Aug 14 03:49:59 2026

    ** Copyright 1986-2022 Xilinx, Inc. All Rights Reserved.

    ** Copyright 2022-2024 Advanced Micro Devices, Inc. All Rights Reserved.



source xsim.dir/sim_p8_n256_nh64_c2o1_pat6/xsim_script.tcl

# xsim {sim_p8_n256_nh64_c2o1_pat6} -autoloadwcfg -runall

Time resolution is 1 ps

run -all

unified_capability_regs PASS ip_id=FACT build_id=20260813 R=128 N=256 L=8 cout_max=4 precision=8 exact_linear=1

int8_axi_wstrb_semantics PASS

int8_valid_task PASS preload=1 repeat_start=0 wall_cycles=360 core_compute_cycles=325 preload_est=512 readout_est=256

tb_ntt46_fact_lean_ip_unified_axi_lite_core PASS R=128 N=256 L=8 Cin=2 Cout=1 Nh=64 bound=128 wall_cycles=360 core_compute_cycles=325 preload_est=512 readout_est=256

$finish called at time : 5890 ns : File "<ARTIFACT_ROOT>/tb/tb_ntt46_fact_lean_ip_unified_axi_lite_core.sv" Line 780

exit

INFO: [Common 17-206] Exiting xsim at Fri Aug 14 03:50:03 2026...
===== END p8_n256_nh64_c2o1_pat6 =====

===== BEGIN p8_n256_nh64_c2o2_pat6 =====


****** xsim v2024.2 (64-bit)

  **** SW Build 5239630 on Fri Nov 08 22:35:27 MST 2024

  **** IP Build 5239520 on Sun Nov 10 16:12:51 MST 2024

  **** SharedData Build 5239561 on Fri Nov 08 14:39:27 MST 2024

  **** Start of session at: Fri Aug 14 03:50:19 2026

    ** Copyright 1986-2022 Xilinx, Inc. All Rights Reserved.

    ** Copyright 2022-2024 Advanced Micro Devices, Inc. All Rights Reserved.



source xsim.dir/sim_p8_n256_nh64_c2o2_pat6/xsim_script.tcl

# xsim {sim_p8_n256_nh64_c2o2_pat6} -autoloadwcfg -runall

Time resolution is 1 ps

run -all

unified_capability_regs PASS ip_id=FACT build_id=20260813 R=128 N=256 L=8 cout_max=4 precision=8 exact_linear=1

int8_axi_wstrb_semantics PASS

int8_valid_task PASS preload=1 repeat_start=0 wall_cycles=742 core_compute_cycles=640 preload_est=768 readout_est=512

tb_ntt46_fact_lean_ip_unified_axi_lite_core PASS R=128 N=256 L=8 Cin=2 Cout=2 Nh=64 bound=128 wall_cycles=742 core_compute_cycles=640 preload_est=768 readout_est=512

$finish called at time : 10498 ns : File "<ARTIFACT_ROOT>/tb/tb_ntt46_fact_lean_ip_unified_axi_lite_core.sv" Line 780

exit

INFO: [Common 17-206] Exiting xsim at Fri Aug 14 03:50:23 2026...
===== END p8_n256_nh64_c2o2_pat6 =====

===== BEGIN p8_n256_nh64_c2o4_pat6 =====


****** xsim v2024.2 (64-bit)

  **** SW Build 5239630 on Fri Nov 08 22:35:27 MST 2024

  **** IP Build 5239520 on Sun Nov 10 16:12:51 MST 2024

  **** SharedData Build 5239561 on Fri Nov 08 14:39:27 MST 2024

  **** Start of session at: Fri Aug 14 03:50:39 2026

    ** Copyright 1986-2022 Xilinx, Inc. All Rights Reserved.

    ** Copyright 2022-2024 Advanced Micro Devices, Inc. All Rights Reserved.



source xsim.dir/sim_p8_n256_nh64_c2o4_pat6/xsim_script.tcl

# xsim {sim_p8_n256_nh64_c2o4_pat6} -autoloadwcfg -runall

Time resolution is 1 ps

run -all

unified_capability_regs PASS ip_id=FACT build_id=20260813 R=128 N=256 L=8 cout_max=4 precision=8 exact_linear=1

int8_axi_wstrb_semantics PASS

int8_valid_task PASS preload=1 repeat_start=0 wall_cycles=1484 core_compute_cycles=1280 preload_est=1280 readout_est=1024

tb_ntt46_fact_lean_ip_unified_axi_lite_core PASS R=128 N=256 L=8 Cin=2 Cout=4 Nh=64 bound=128 wall_cycles=1484 core_compute_cycles=1280 preload_est=1280 readout_est=1024

$finish called at time : 19626 ns : File "<ARTIFACT_ROOT>/tb/tb_ntt46_fact_lean_ip_unified_axi_lite_core.sv" Line 780

exit

INFO: [Common 17-206] Exiting xsim at Fri Aug 14 03:50:44 2026...
===== END p8_n256_nh64_c2o4_pat6 =====

===== BEGIN p8_n256_nh64_c4o1_pat6 =====


****** xsim v2024.2 (64-bit)

  **** SW Build 5239630 on Fri Nov 08 22:35:27 MST 2024

  **** IP Build 5239520 on Sun Nov 10 16:12:51 MST 2024

  **** SharedData Build 5239561 on Fri Nov 08 14:39:27 MST 2024

  **** Start of session at: Fri Aug 14 03:51:00 2026

    ** Copyright 1986-2022 Xilinx, Inc. All Rights Reserved.

    ** Copyright 2022-2024 Advanced Micro Devices, Inc. All Rights Reserved.



source xsim.dir/sim_p8_n256_nh64_c4o1_pat6/xsim_script.tcl

# xsim {sim_p8_n256_nh64_c4o1_pat6} -autoloadwcfg -runall

Time resolution is 1 ps

run -all

unified_capability_regs PASS ip_id=FACT build_id=20260813 R=128 N=256 L=8 cout_max=4 precision=8 exact_linear=1

int8_axi_wstrb_semantics PASS

int8_valid_task PASS preload=1 repeat_start=0 wall_cycles=663 core_compute_cycles=572 preload_est=1024 readout_est=256

tb_ntt46_fact_lean_ip_unified_axi_lite_core PASS R=128 N=256 L=8 Cin=4 Cout=1 Nh=64 bound=128 wall_cycles=663 core_compute_cycles=572 preload_est=1024 readout_est=256

$finish called at time : 9170 ns : File "<ARTIFACT_ROOT>/tb/tb_ntt46_fact_lean_ip_unified_axi_lite_core.sv" Line 780

exit

INFO: [Common 17-206] Exiting xsim at Fri Aug 14 03:51:05 2026...
===== END p8_n256_nh64_c4o1_pat6 =====

===== BEGIN p8_n256_nh64_c4o2_pat6 =====


****** xsim v2024.2 (64-bit)

  **** SW Build 5239630 on Fri Nov 08 22:35:27 MST 2024

  **** IP Build 5239520 on Sun Nov 10 16:12:51 MST 2024

  **** SharedData Build 5239561 on Fri Nov 08 14:39:27 MST 2024

  **** Start of session at: Fri Aug 14 03:51:20 2026

    ** Copyright 1986-2022 Xilinx, Inc. All Rights Reserved.

    ** Copyright 2022-2024 Advanced Micro Devices, Inc. All Rights Reserved.



source xsim.dir/sim_p8_n256_nh64_c4o2_pat6/xsim_script.tcl

# xsim {sim_p8_n256_nh64_c4o2_pat6} -autoloadwcfg -runall

Time resolution is 1 ps

run -all

unified_capability_regs PASS ip_id=FACT build_id=20260813 R=128 N=256 L=8 cout_max=4 precision=8 exact_linear=1

int8_axi_wstrb_semantics PASS

int8_valid_task PASS preload=1 repeat_start=0 wall_cycles=1326 core_compute_cycles=1144 preload_est=1536 readout_est=512

tb_ntt46_fact_lean_ip_unified_axi_lite_core PASS R=128 N=256 L=8 Cin=4 Cout=2 Nh=64 bound=128 wall_cycles=1326 core_compute_cycles=1144 preload_est=1536 readout_est=512

$finish called at time : 15930 ns : File "<ARTIFACT_ROOT>/tb/tb_ntt46_fact_lean_ip_unified_axi_lite_core.sv" Line 780

exit

INFO: [Common 17-206] Exiting xsim at Fri Aug 14 03:51:26 2026...
===== END p8_n256_nh64_c4o2_pat6 =====

===== BEGIN p8_n256_nh64_c4o4_pat6 =====


****** xsim v2024.2 (64-bit)

  **** SW Build 5239630 on Fri Nov 08 22:35:27 MST 2024

  **** IP Build 5239520 on Sun Nov 10 16:12:51 MST 2024

  **** SharedData Build 5239561 on Fri Nov 08 14:39:27 MST 2024

  **** Start of session at: Fri Aug 14 03:51:42 2026

    ** Copyright 1986-2022 Xilinx, Inc. All Rights Reserved.

    ** Copyright 2022-2024 Advanced Micro Devices, Inc. All Rights Reserved.



source xsim.dir/sim_p8_n256_nh64_c4o4_pat6/xsim_script.tcl

# xsim {sim_p8_n256_nh64_c4o4_pat6} -autoloadwcfg -runall

Time resolution is 1 ps

run -all

unified_capability_regs PASS ip_id=FACT build_id=20260813 R=128 N=256 L=8 cout_max=4 precision=8 exact_linear=1

int8_axi_wstrb_semantics PASS

int8_valid_task PASS preload=1 repeat_start=0 wall_cycles=2652 core_compute_cycles=2288 preload_est=2560 readout_est=1024

tb_ntt46_fact_lean_ip_unified_axi_lite_core PASS R=128 N=256 L=8 Cin=4 Cout=4 Nh=64 bound=128 wall_cycles=2652 core_compute_cycles=2288 preload_est=2560 readout_est=1024

$finish called at time : 29458 ns : File "<ARTIFACT_ROOT>/tb/tb_ntt46_fact_lean_ip_unified_axi_lite_core.sv" Line 780

exit

INFO: [Common 17-206] Exiting xsim at Fri Aug 14 03:51:49 2026...
===== END p8_n256_nh64_c4o4_pat6 =====

===== BEGIN p8_n256_nh127_c1o1_pat6 =====


****** xsim v2024.2 (64-bit)

  **** SW Build 5239630 on Fri Nov 08 22:35:27 MST 2024

  **** IP Build 5239520 on Sun Nov 10 16:12:51 MST 2024

  **** SharedData Build 5239561 on Fri Nov 08 14:39:27 MST 2024

  **** Start of session at: Fri Aug 14 03:52:05 2026

    ** Copyright 1986-2022 Xilinx, Inc. All Rights Reserved.

    ** Copyright 2022-2024 Advanced Micro Devices, Inc. All Rights Reserved.



source xsim.dir/sim_p8_n256_nh127_c1o1_pat6/xsim_script.tcl

# xsim {sim_p8_n256_nh127_c1o1_pat6} -autoloadwcfg -runall

Time resolution is 1 ps

run -all

unified_capability_regs PASS ip_id=FACT build_id=20260813 R=128 N=256 L=8 cout_max=4 precision=8 exact_linear=1

int8_axi_wstrb_semantics PASS

int8_valid_task PASS preload=1 repeat_start=0 wall_cycles=214 core_compute_cycles=199 preload_est=256 readout_est=256

tb_ntt46_fact_lean_ip_unified_axi_lite_core PASS R=128 N=256 L=8 Cin=1 Cout=1 Nh=127 bound=128 wall_cycles=214 core_compute_cycles=199 preload_est=256 readout_est=256

$finish called at time : 4274 ns : File "<ARTIFACT_ROOT>/tb/tb_ntt46_fact_lean_ip_unified_axi_lite_core.sv" Line 780

exit

INFO: [Common 17-206] Exiting xsim at Fri Aug 14 03:52:09 2026...
===== END p8_n256_nh127_c1o1_pat6 =====

===== BEGIN p8_n256_nh127_c1o2_pat6 =====


****** xsim v2024.2 (64-bit)

  **** SW Build 5239630 on Fri Nov 08 22:35:27 MST 2024

  **** IP Build 5239520 on Sun Nov 10 16:12:51 MST 2024

  **** SharedData Build 5239561 on Fri Nov 08 14:39:27 MST 2024

  **** Start of session at: Fri Aug 14 03:52:25 2026

    ** Copyright 1986-2022 Xilinx, Inc. All Rights Reserved.

    ** Copyright 2022-2024 Advanced Micro Devices, Inc. All Rights Reserved.



source xsim.dir/sim_p8_n256_nh127_c1o2_pat6/xsim_script.tcl

# xsim {sim_p8_n256_nh127_c1o2_pat6} -autoloadwcfg -runall

Time resolution is 1 ps

run -all

unified_capability_regs PASS ip_id=FACT build_id=20260813 R=128 N=256 L=8 cout_max=4 precision=8 exact_linear=1

int8_axi_wstrb_semantics PASS

int8_valid_task PASS preload=1 repeat_start=0 wall_cycles=450 core_compute_cycles=388 preload_est=384 readout_est=512

tb_ntt46_fact_lean_ip_unified_axi_lite_core PASS R=128 N=256 L=8 Cin=1 Cout=2 Nh=127 bound=128 wall_cycles=450 core_compute_cycles=388 preload_est=384 readout_est=512

$finish called at time : 7782 ns : File "<ARTIFACT_ROOT>/tb/tb_ntt46_fact_lean_ip_unified_axi_lite_core.sv" Line 780

exit

INFO: [Common 17-206] Exiting xsim at Fri Aug 14 03:52:29 2026...
===== END p8_n256_nh127_c1o2_pat6 =====

===== BEGIN p8_n256_nh127_c1o4_pat6 =====


****** xsim v2024.2 (64-bit)

  **** SW Build 5239630 on Fri Nov 08 22:35:27 MST 2024

  **** IP Build 5239520 on Sun Nov 10 16:12:51 MST 2024

  **** SharedData Build 5239561 on Fri Nov 08 14:39:27 MST 2024

  **** Start of session at: Fri Aug 14 03:52:45 2026

    ** Copyright 1986-2022 Xilinx, Inc. All Rights Reserved.

    ** Copyright 2022-2024 Advanced Micro Devices, Inc. All Rights Reserved.



source xsim.dir/sim_p8_n256_nh127_c1o4_pat6/xsim_script.tcl

# xsim {sim_p8_n256_nh127_c1o4_pat6} -autoloadwcfg -runall

Time resolution is 1 ps

run -all

unified_capability_regs PASS ip_id=FACT build_id=20260813 R=128 N=256 L=8 cout_max=4 precision=8 exact_linear=1

int8_axi_wstrb_semantics PASS

int8_valid_task PASS preload=1 repeat_start=0 wall_cycles=900 core_compute_cycles=776 preload_est=640 readout_est=1024

tb_ntt46_fact_lean_ip_unified_axi_lite_core PASS R=128 N=256 L=8 Cin=1 Cout=4 Nh=127 bound=128 wall_cycles=900 core_compute_cycles=776 preload_est=640 readout_est=1024

$finish called at time : 14710 ns : File "<ARTIFACT_ROOT>/tb/tb_ntt46_fact_lean_ip_unified_axi_lite_core.sv" Line 780

exit

INFO: [Common 17-206] Exiting xsim at Fri Aug 14 03:52:50 2026...
===== END p8_n256_nh127_c1o4_pat6 =====

===== BEGIN p8_n256_nh127_c2o1_pat6 =====


****** xsim v2024.2 (64-bit)

  **** SW Build 5239630 on Fri Nov 08 22:35:27 MST 2024

  **** IP Build 5239520 on Sun Nov 10 16:12:51 MST 2024

  **** SharedData Build 5239561 on Fri Nov 08 14:39:27 MST 2024

  **** Start of session at: Fri Aug 14 03:53:07 2026

    ** Copyright 1986-2022 Xilinx, Inc. All Rights Reserved.

    ** Copyright 2022-2024 Advanced Micro Devices, Inc. All Rights Reserved.



source xsim.dir/sim_p8_n256_nh127_c2o1_pat6/xsim_script.tcl

# xsim {sim_p8_n256_nh127_c2o1_pat6} -autoloadwcfg -runall

Time resolution is 1 ps

run -all

unified_capability_regs PASS ip_id=FACT build_id=20260813 R=128 N=256 L=8 cout_max=4 precision=8 exact_linear=1

int8_axi_wstrb_semantics PASS

int8_valid_task PASS preload=1 repeat_start=0 wall_cycles=360 core_compute_cycles=325 preload_est=512 readout_est=256

tb_ntt46_fact_lean_ip_unified_axi_lite_core PASS R=128 N=256 L=8 Cin=2 Cout=1 Nh=127 bound=128 wall_cycles=360 core_compute_cycles=325 preload_est=512 readout_est=256

$finish called at time : 5890 ns : File "<ARTIFACT_ROOT>/tb/tb_ntt46_fact_lean_ip_unified_axi_lite_core.sv" Line 780

exit

INFO: [Common 17-206] Exiting xsim at Fri Aug 14 03:53:11 2026...
===== END p8_n256_nh127_c2o1_pat6 =====

===== BEGIN p8_n256_nh127_c2o2_pat6 =====


****** xsim v2024.2 (64-bit)

  **** SW Build 5239630 on Fri Nov 08 22:35:27 MST 2024

  **** IP Build 5239520 on Sun Nov 10 16:12:51 MST 2024

  **** SharedData Build 5239561 on Fri Nov 08 14:39:27 MST 2024

  **** Start of session at: Fri Aug 14 03:53:28 2026

    ** Copyright 1986-2022 Xilinx, Inc. All Rights Reserved.

    ** Copyright 2022-2024 Advanced Micro Devices, Inc. All Rights Reserved.



source xsim.dir/sim_p8_n256_nh127_c2o2_pat6/xsim_script.tcl

# xsim {sim_p8_n256_nh127_c2o2_pat6} -autoloadwcfg -runall

Time resolution is 1 ps

run -all

unified_capability_regs PASS ip_id=FACT build_id=20260813 R=128 N=256 L=8 cout_max=4 precision=8 exact_linear=1

int8_axi_wstrb_semantics PASS

int8_valid_task PASS preload=1 repeat_start=0 wall_cycles=742 core_compute_cycles=640 preload_est=768 readout_est=512

tb_ntt46_fact_lean_ip_unified_axi_lite_core PASS R=128 N=256 L=8 Cin=2 Cout=2 Nh=127 bound=128 wall_cycles=742 core_compute_cycles=640 preload_est=768 readout_est=512

$finish called at time : 10498 ns : File "<ARTIFACT_ROOT>/tb/tb_ntt46_fact_lean_ip_unified_axi_lite_core.sv" Line 780

exit

INFO: [Common 17-206] Exiting xsim at Fri Aug 14 03:53:33 2026...
===== END p8_n256_nh127_c2o2_pat6 =====

===== BEGIN p8_n256_nh127_c2o4_pat6 =====


****** xsim v2024.2 (64-bit)

  **** SW Build 5239630 on Fri Nov 08 22:35:27 MST 2024

  **** IP Build 5239520 on Sun Nov 10 16:12:51 MST 2024

  **** SharedData Build 5239561 on Fri Nov 08 14:39:27 MST 2024

  **** Start of session at: Fri Aug 14 03:53:49 2026

    ** Copyright 1986-2022 Xilinx, Inc. All Rights Reserved.

    ** Copyright 2022-2024 Advanced Micro Devices, Inc. All Rights Reserved.



source xsim.dir/sim_p8_n256_nh127_c2o4_pat6/xsim_script.tcl

# xsim {sim_p8_n256_nh127_c2o4_pat6} -autoloadwcfg -runall

Time resolution is 1 ps

run -all

unified_capability_regs PASS ip_id=FACT build_id=20260813 R=128 N=256 L=8 cout_max=4 precision=8 exact_linear=1

int8_axi_wstrb_semantics PASS

int8_valid_task PASS preload=1 repeat_start=0 wall_cycles=1484 core_compute_cycles=1280 preload_est=1280 readout_est=1024

tb_ntt46_fact_lean_ip_unified_axi_lite_core PASS R=128 N=256 L=8 Cin=2 Cout=4 Nh=127 bound=128 wall_cycles=1484 core_compute_cycles=1280 preload_est=1280 readout_est=1024

$finish called at time : 19626 ns : File "<ARTIFACT_ROOT>/tb/tb_ntt46_fact_lean_ip_unified_axi_lite_core.sv" Line 780

exit

INFO: [Common 17-206] Exiting xsim at Fri Aug 14 03:53:55 2026...
===== END p8_n256_nh127_c2o4_pat6 =====

===== BEGIN p8_n256_nh127_c4o1_pat6 =====


****** xsim v2024.2 (64-bit)

  **** SW Build 5239630 on Fri Nov 08 22:35:27 MST 2024

  **** IP Build 5239520 on Sun Nov 10 16:12:51 MST 2024

  **** SharedData Build 5239561 on Fri Nov 08 14:39:27 MST 2024

  **** Start of session at: Fri Aug 14 03:54:12 2026

    ** Copyright 1986-2022 Xilinx, Inc. All Rights Reserved.

    ** Copyright 2022-2024 Advanced Micro Devices, Inc. All Rights Reserved.



source xsim.dir/sim_p8_n256_nh127_c4o1_pat6/xsim_script.tcl

# xsim {sim_p8_n256_nh127_c4o1_pat6} -autoloadwcfg -runall

Time resolution is 1 ps

run -all

unified_capability_regs PASS ip_id=FACT build_id=20260813 R=128 N=256 L=8 cout_max=4 precision=8 exact_linear=1

int8_axi_wstrb_semantics PASS

int8_valid_task PASS preload=1 repeat_start=0 wall_cycles=663 core_compute_cycles=572 preload_est=1024 readout_est=256

tb_ntt46_fact_lean_ip_unified_axi_lite_core PASS R=128 N=256 L=8 Cin=4 Cout=1 Nh=127 bound=128 wall_cycles=663 core_compute_cycles=572 preload_est=1024 readout_est=256

$finish called at time : 9170 ns : File "<ARTIFACT_ROOT>/tb/tb_ntt46_fact_lean_ip_unified_axi_lite_core.sv" Line 780

exit

INFO: [Common 17-206] Exiting xsim at Fri Aug 14 03:54:17 2026...
===== END p8_n256_nh127_c4o1_pat6 =====

===== BEGIN p8_n256_nh127_c4o2_pat6 =====


****** xsim v2024.2 (64-bit)

  **** SW Build 5239630 on Fri Nov 08 22:35:27 MST 2024

  **** IP Build 5239520 on Sun Nov 10 16:12:51 MST 2024

  **** SharedData Build 5239561 on Fri Nov 08 14:39:27 MST 2024

  **** Start of session at: Fri Aug 14 03:54:33 2026

    ** Copyright 1986-2022 Xilinx, Inc. All Rights Reserved.

    ** Copyright 2022-2024 Advanced Micro Devices, Inc. All Rights Reserved.



source xsim.dir/sim_p8_n256_nh127_c4o2_pat6/xsim_script.tcl

# xsim {sim_p8_n256_nh127_c4o2_pat6} -autoloadwcfg -runall

Time resolution is 1 ps

run -all

unified_capability_regs PASS ip_id=FACT build_id=20260813 R=128 N=256 L=8 cout_max=4 precision=8 exact_linear=1

int8_axi_wstrb_semantics PASS

int8_valid_task PASS preload=1 repeat_start=0 wall_cycles=1326 core_compute_cycles=1144 preload_est=1536 readout_est=512

tb_ntt46_fact_lean_ip_unified_axi_lite_core PASS R=128 N=256 L=8 Cin=4 Cout=2 Nh=127 bound=128 wall_cycles=1326 core_compute_cycles=1144 preload_est=1536 readout_est=512

$finish called at time : 15930 ns : File "<ARTIFACT_ROOT>/tb/tb_ntt46_fact_lean_ip_unified_axi_lite_core.sv" Line 780

exit

INFO: [Common 17-206] Exiting xsim at Fri Aug 14 03:54:39 2026...
===== END p8_n256_nh127_c4o2_pat6 =====

===== BEGIN p8_n256_nh127_c4o4_pat6 =====


****** xsim v2024.2 (64-bit)

  **** SW Build 5239630 on Fri Nov 08 22:35:27 MST 2024

  **** IP Build 5239520 on Sun Nov 10 16:12:51 MST 2024

  **** SharedData Build 5239561 on Fri Nov 08 14:39:27 MST 2024

  **** Start of session at: Fri Aug 14 03:54:55 2026

    ** Copyright 1986-2022 Xilinx, Inc. All Rights Reserved.

    ** Copyright 2022-2024 Advanced Micro Devices, Inc. All Rights Reserved.



source xsim.dir/sim_p8_n256_nh127_c4o4_pat6/xsim_script.tcl

# xsim {sim_p8_n256_nh127_c4o4_pat6} -autoloadwcfg -runall

Time resolution is 1 ps

run -all

unified_capability_regs PASS ip_id=FACT build_id=20260813 R=128 N=256 L=8 cout_max=4 precision=8 exact_linear=1

int8_axi_wstrb_semantics PASS

int8_valid_task PASS preload=1 repeat_start=0 wall_cycles=2652 core_compute_cycles=2288 preload_est=2560 readout_est=1024

tb_ntt46_fact_lean_ip_unified_axi_lite_core PASS R=128 N=256 L=8 Cin=4 Cout=4 Nh=127 bound=128 wall_cycles=2652 core_compute_cycles=2288 preload_est=2560 readout_est=1024

$finish called at time : 29458 ns : File "<ARTIFACT_ROOT>/tb/tb_ntt46_fact_lean_ip_unified_axi_lite_core.sv" Line 780

exit

INFO: [Common 17-206] Exiting xsim at Fri Aug 14 03:55:03 2026...
===== END p8_n256_nh127_c4o4_pat6 =====

===== BEGIN p8_n256_nh127_c4o4_pat1 =====


****** xsim v2024.2 (64-bit)

  **** SW Build 5239630 on Fri Nov 08 22:35:27 MST 2024

  **** IP Build 5239520 on Sun Nov 10 16:12:51 MST 2024

  **** SharedData Build 5239561 on Fri Nov 08 14:39:27 MST 2024

  **** Start of session at: Fri Aug 14 03:55:19 2026

    ** Copyright 1986-2022 Xilinx, Inc. All Rights Reserved.

    ** Copyright 2022-2024 Advanced Micro Devices, Inc. All Rights Reserved.



source xsim.dir/sim_p8_n256_nh127_c4o4_pat1/xsim_script.tcl

# xsim {sim_p8_n256_nh127_c4o4_pat1} -autoloadwcfg -runall

Time resolution is 1 ps

run -all

unified_capability_regs PASS ip_id=FACT build_id=20260813 R=128 N=256 L=8 cout_max=4 precision=8 exact_linear=1

int8_axi_wstrb_semantics PASS

int8_valid_task PASS preload=1 repeat_start=0 wall_cycles=2652 core_compute_cycles=2288 preload_est=2560 readout_est=1024

tb_ntt46_fact_lean_ip_unified_axi_lite_core PASS R=128 N=256 L=8 Cin=4 Cout=4 Nh=127 bound=128 wall_cycles=2652 core_compute_cycles=2288 preload_est=2560 readout_est=1024

$finish called at time : 29458 ns : File "<ARTIFACT_ROOT>/tb/tb_ntt46_fact_lean_ip_unified_axi_lite_core.sv" Line 780

exit

INFO: [Common 17-206] Exiting xsim at Fri Aug 14 03:55:27 2026...
===== END p8_n256_nh127_c4o4_pat1 =====

===== BEGIN p8_n256_nh127_c4o4_pat2 =====


****** xsim v2024.2 (64-bit)

  **** SW Build 5239630 on Fri Nov 08 22:35:27 MST 2024

  **** IP Build 5239520 on Sun Nov 10 16:12:51 MST 2024

  **** SharedData Build 5239561 on Fri Nov 08 14:39:27 MST 2024

  **** Start of session at: Fri Aug 14 03:55:43 2026

    ** Copyright 1986-2022 Xilinx, Inc. All Rights Reserved.

    ** Copyright 2022-2024 Advanced Micro Devices, Inc. All Rights Reserved.



source xsim.dir/sim_p8_n256_nh127_c4o4_pat2/xsim_script.tcl

# xsim {sim_p8_n256_nh127_c4o4_pat2} -autoloadwcfg -runall

Time resolution is 1 ps

run -all

unified_capability_regs PASS ip_id=FACT build_id=20260813 R=128 N=256 L=8 cout_max=4 precision=8 exact_linear=1

int8_axi_wstrb_semantics PASS

int8_valid_task PASS preload=1 repeat_start=0 wall_cycles=2652 core_compute_cycles=2288 preload_est=2560 readout_est=1024

tb_ntt46_fact_lean_ip_unified_axi_lite_core PASS R=128 N=256 L=8 Cin=4 Cout=4 Nh=127 bound=128 wall_cycles=2652 core_compute_cycles=2288 preload_est=2560 readout_est=1024

$finish called at time : 29458 ns : File "<ARTIFACT_ROOT>/tb/tb_ntt46_fact_lean_ip_unified_axi_lite_core.sv" Line 780

exit

INFO: [Common 17-206] Exiting xsim at Fri Aug 14 03:55:50 2026...
===== END p8_n256_nh127_c4o4_pat2 =====

===== BEGIN p8_n256_nh127_c4o4_pat3 =====


****** xsim v2024.2 (64-bit)

  **** SW Build 5239630 on Fri Nov 08 22:35:27 MST 2024

  **** IP Build 5239520 on Sun Nov 10 16:12:51 MST 2024

  **** SharedData Build 5239561 on Fri Nov 08 14:39:27 MST 2024

  **** Start of session at: Fri Aug 14 03:56:08 2026

    ** Copyright 1986-2022 Xilinx, Inc. All Rights Reserved.

    ** Copyright 2022-2024 Advanced Micro Devices, Inc. All Rights Reserved.



source xsim.dir/sim_p8_n256_nh127_c4o4_pat3/xsim_script.tcl

# xsim {sim_p8_n256_nh127_c4o4_pat3} -autoloadwcfg -runall

Time resolution is 1 ps

run -all

unified_capability_regs PASS ip_id=FACT build_id=20260813 R=128 N=256 L=8 cout_max=4 precision=8 exact_linear=1

int8_axi_wstrb_semantics PASS

int8_valid_task PASS preload=1 repeat_start=0 wall_cycles=2652 core_compute_cycles=2288 preload_est=2560 readout_est=1024

tb_ntt46_fact_lean_ip_unified_axi_lite_core PASS R=128 N=256 L=8 Cin=4 Cout=4 Nh=127 bound=128 wall_cycles=2652 core_compute_cycles=2288 preload_est=2560 readout_est=1024

$finish called at time : 29458 ns : File "<ARTIFACT_ROOT>/tb/tb_ntt46_fact_lean_ip_unified_axi_lite_core.sv" Line 780

exit

INFO: [Common 17-206] Exiting xsim at Fri Aug 14 03:56:16 2026...
===== END p8_n256_nh127_c4o4_pat3 =====

===== BEGIN p8_n256_nh127_c4o4_pat5 =====


****** xsim v2024.2 (64-bit)

  **** SW Build 5239630 on Fri Nov 08 22:35:27 MST 2024

  **** IP Build 5239520 on Sun Nov 10 16:12:51 MST 2024

  **** SharedData Build 5239561 on Fri Nov 08 14:39:27 MST 2024

  **** Start of session at: Fri Aug 14 03:56:32 2026

    ** Copyright 1986-2022 Xilinx, Inc. All Rights Reserved.

    ** Copyright 2022-2024 Advanced Micro Devices, Inc. All Rights Reserved.



source xsim.dir/sim_p8_n256_nh127_c4o4_pat5/xsim_script.tcl

# xsim {sim_p8_n256_nh127_c4o4_pat5} -autoloadwcfg -runall

Time resolution is 1 ps

run -all

unified_capability_regs PASS ip_id=FACT build_id=20260813 R=128 N=256 L=8 cout_max=4 precision=8 exact_linear=1

int8_axi_wstrb_semantics PASS

int8_valid_task PASS preload=1 repeat_start=0 wall_cycles=2652 core_compute_cycles=2288 preload_est=2560 readout_est=1024

tb_ntt46_fact_lean_ip_unified_axi_lite_core PASS R=128 N=256 L=8 Cin=4 Cout=4 Nh=127 bound=128 wall_cycles=2652 core_compute_cycles=2288 preload_est=2560 readout_est=1024

$finish called at time : 29458 ns : File "<ARTIFACT_ROOT>/tb/tb_ntt46_fact_lean_ip_unified_axi_lite_core.sv" Line 780

exit

INFO: [Common 17-206] Exiting xsim at Fri Aug 14 03:56:39 2026...
===== END p8_n256_nh127_c4o4_pat5 =====

===== BEGIN p8_n512_nh1_c1o1_pat6 =====


****** xsim v2024.2 (64-bit)

  **** SW Build 5239630 on Fri Nov 08 22:35:27 MST 2024

  **** IP Build 5239520 on Sun Nov 10 16:12:51 MST 2024

  **** SharedData Build 5239561 on Fri Nov 08 14:39:27 MST 2024

  **** Start of session at: Fri Aug 14 03:56:59 2026

    ** Copyright 1986-2022 Xilinx, Inc. All Rights Reserved.

    ** Copyright 2022-2024 Advanced Micro Devices, Inc. All Rights Reserved.



source xsim.dir/sim_p8_n512_nh1_c1o1_pat6/xsim_script.tcl

# xsim {sim_p8_n512_nh1_c1o1_pat6} -autoloadwcfg -runall

Time resolution is 1 ps

run -all

unified_capability_regs PASS ip_id=FACT build_id=20260813 R=256 N=512 L=8 cout_max=4 precision=8 exact_linear=1

int8_axi_wstrb_semantics PASS

int8_valid_task PASS preload=1 repeat_start=0 wall_cycles=244 core_compute_cycles=228 preload_est=512 readout_est=512

tb_ntt46_fact_lean_ip_unified_axi_lite_core PASS R=256 N=512 L=8 Cin=1 Cout=1 Nh=1 bound=128 wall_cycles=244 core_compute_cycles=228 preload_est=512 readout_est=512

$finish called at time : 7466 ns : File "<ARTIFACT_ROOT>/tb/tb_ntt46_fact_lean_ip_unified_axi_lite_core.sv" Line 780

exit

INFO: [Common 17-206] Exiting xsim at Fri Aug 14 03:57:03 2026...
===== END p8_n512_nh1_c1o1_pat6 =====

===== BEGIN p8_n512_nh1_c1o2_pat6 =====


****** xsim v2024.2 (64-bit)

  **** SW Build 5239630 on Fri Nov 08 22:35:27 MST 2024

  **** IP Build 5239520 on Sun Nov 10 16:12:51 MST 2024

  **** SharedData Build 5239561 on Fri Nov 08 14:39:27 MST 2024

  **** Start of session at: Fri Aug 14 03:57:19 2026

    ** Copyright 1986-2022 Xilinx, Inc. All Rights Reserved.

    ** Copyright 2022-2024 Advanced Micro Devices, Inc. All Rights Reserved.



source xsim.dir/sim_p8_n512_nh1_c1o2_pat6/xsim_script.tcl

# xsim {sim_p8_n512_nh1_c1o2_pat6} -autoloadwcfg -runall

Time resolution is 1 ps

run -all

unified_capability_regs PASS ip_id=FACT build_id=20260813 R=256 N=512 L=8 cout_max=4 precision=8 exact_linear=1

int8_axi_wstrb_semantics PASS

int8_valid_task PASS preload=1 repeat_start=0 wall_cycles=512 core_compute_cycles=446 preload_est=768 readout_est=1024

tb_ntt46_fact_lean_ip_unified_axi_lite_core PASS R=256 N=512 L=8 Cin=1 Cout=2 Nh=1 bound=128 wall_cycles=512 core_compute_cycles=446 preload_est=768 readout_est=1024

$finish called at time : 13662 ns : File "<ARTIFACT_ROOT>/tb/tb_ntt46_fact_lean_ip_unified_axi_lite_core.sv" Line 780

exit

INFO: [Common 17-206] Exiting xsim at Fri Aug 14 03:57:24 2026...
===== END p8_n512_nh1_c1o2_pat6 =====

===== BEGIN p8_n512_nh1_c1o4_pat6 =====


****** xsim v2024.2 (64-bit)

  **** SW Build 5239630 on Fri Nov 08 22:35:27 MST 2024

  **** IP Build 5239520 on Sun Nov 10 16:12:51 MST 2024

  **** SharedData Build 5239561 on Fri Nov 08 14:39:27 MST 2024

  **** Start of session at: Fri Aug 14 03:57:41 2026

    ** Copyright 1986-2022 Xilinx, Inc. All Rights Reserved.

    ** Copyright 2022-2024 Advanced Micro Devices, Inc. All Rights Reserved.



source xsim.dir/sim_p8_n512_nh1_c1o4_pat6/xsim_script.tcl

# xsim {sim_p8_n512_nh1_c1o4_pat6} -autoloadwcfg -runall

Time resolution is 1 ps

run -all

unified_capability_regs PASS ip_id=FACT build_id=20260813 R=256 N=512 L=8 cout_max=4 precision=8 exact_linear=1

int8_axi_wstrb_semantics PASS

int8_valid_task PASS preload=1 repeat_start=0 wall_cycles=1024 core_compute_cycles=892 preload_est=1280 readout_est=2048

tb_ntt46_fact_lean_ip_unified_axi_lite_core PASS R=256 N=512 L=8 Cin=1 Cout=4 Nh=1 bound=128 wall_cycles=1024 core_compute_cycles=892 preload_est=1280 readout_est=2048

$finish called at time : 25958 ns : File "<ARTIFACT_ROOT>/tb/tb_ntt46_fact_lean_ip_unified_axi_lite_core.sv" Line 780

exit

INFO: [Common 17-206] Exiting xsim at Fri Aug 14 03:57:47 2026...
===== END p8_n512_nh1_c1o4_pat6 =====

===== BEGIN p8_n512_nh1_c2o1_pat6 =====


****** xsim v2024.2 (64-bit)

  **** SW Build 5239630 on Fri Nov 08 22:35:27 MST 2024

  **** IP Build 5239520 on Sun Nov 10 16:12:51 MST 2024

  **** SharedData Build 5239561 on Fri Nov 08 14:39:27 MST 2024

  **** Start of session at: Fri Aug 14 03:58:06 2026

    ** Copyright 1986-2022 Xilinx, Inc. All Rights Reserved.

    ** Copyright 2022-2024 Advanced Micro Devices, Inc. All Rights Reserved.



source xsim.dir/sim_p8_n512_nh1_c2o1_pat6/xsim_script.tcl

# xsim {sim_p8_n512_nh1_c2o1_pat6} -autoloadwcfg -runall

Time resolution is 1 ps

run -all

unified_capability_regs PASS ip_id=FACT build_id=20260813 R=256 N=512 L=8 cout_max=4 precision=8 exact_linear=1

int8_axi_wstrb_semantics PASS

int8_valid_task PASS preload=1 repeat_start=0 wall_cycles=409 core_compute_cycles=371 preload_est=1024 readout_est=512

tb_ntt46_fact_lean_ip_unified_axi_lite_core PASS R=256 N=512 L=8 Cin=2 Cout=1 Nh=1 bound=128 wall_cycles=409 core_compute_cycles=371 preload_est=1024 readout_est=512

$finish called at time : 10186 ns : File "<ARTIFACT_ROOT>/tb/tb_ntt46_fact_lean_ip_unified_axi_lite_core.sv" Line 780

exit

INFO: [Common 17-206] Exiting xsim at Fri Aug 14 03:58:11 2026...
===== END p8_n512_nh1_c2o1_pat6 =====

===== BEGIN p8_n512_nh1_c2o2_pat6 =====


****** xsim v2024.2 (64-bit)

  **** SW Build 5239630 on Fri Nov 08 22:35:27 MST 2024

  **** IP Build 5239520 on Sun Nov 10 16:12:51 MST 2024

  **** SharedData Build 5239561 on Fri Nov 08 14:39:27 MST 2024

  **** Start of session at: Fri Aug 14 03:58:28 2026

    ** Copyright 1986-2022 Xilinx, Inc. All Rights Reserved.

    ** Copyright 2022-2024 Advanced Micro Devices, Inc. All Rights Reserved.



source xsim.dir/sim_p8_n512_nh1_c2o2_pat6/xsim_script.tcl

# xsim {sim_p8_n512_nh1_c2o2_pat6} -autoloadwcfg -runall

Time resolution is 1 ps

run -all

unified_capability_regs PASS ip_id=FACT build_id=20260813 R=256 N=512 L=8 cout_max=4 precision=8 exact_linear=1

int8_axi_wstrb_semantics PASS

int8_valid_task PASS preload=1 repeat_start=0 wall_cycles=818 core_compute_cycles=742 preload_est=1536 readout_est=1024

tb_ntt46_fact_lean_ip_unified_axi_lite_core PASS R=256 N=512 L=8 Cin=2 Cout=2 Nh=1 bound=128 wall_cycles=818 core_compute_cycles=742 preload_est=1536 readout_est=1024

$finish called at time : 17970 ns : File "<ARTIFACT_ROOT>/tb/tb_ntt46_fact_lean_ip_unified_axi_lite_core.sv" Line 780

exit

INFO: [Common 17-206] Exiting xsim at Fri Aug 14 03:58:33 2026...
===== END p8_n512_nh1_c2o2_pat6 =====

===== BEGIN p8_n512_nh1_c2o4_pat6 =====


****** xsim v2024.2 (64-bit)

  **** SW Build 5239630 on Fri Nov 08 22:35:27 MST 2024

  **** IP Build 5239520 on Sun Nov 10 16:12:51 MST 2024

  **** SharedData Build 5239561 on Fri Nov 08 14:39:27 MST 2024

  **** Start of session at: Fri Aug 14 03:58:50 2026

    ** Copyright 1986-2022 Xilinx, Inc. All Rights Reserved.

    ** Copyright 2022-2024 Advanced Micro Devices, Inc. All Rights Reserved.



source xsim.dir/sim_p8_n512_nh1_c2o4_pat6/xsim_script.tcl

# xsim {sim_p8_n512_nh1_c2o4_pat6} -autoloadwcfg -runall

Time resolution is 1 ps

run -all

unified_capability_regs PASS ip_id=FACT build_id=20260813 R=256 N=512 L=8 cout_max=4 precision=8 exact_linear=1

int8_axi_wstrb_semantics PASS

int8_valid_task PASS preload=1 repeat_start=0 wall_cycles=1636 core_compute_cycles=1484 preload_est=2560 readout_est=2048

tb_ntt46_fact_lean_ip_unified_axi_lite_core PASS R=256 N=512 L=8 Cin=2 Cout=4 Nh=1 bound=128 wall_cycles=1636 core_compute_cycles=1484 preload_est=2560 readout_est=2048

$finish called at time : 33546 ns : File "<ARTIFACT_ROOT>/tb/tb_ntt46_fact_lean_ip_unified_axi_lite_core.sv" Line 780

exit

INFO: [Common 17-206] Exiting xsim at Fri Aug 14 03:58:58 2026...
===== END p8_n512_nh1_c2o4_pat6 =====

===== BEGIN p8_n512_nh1_c4o1_pat6 =====


****** xsim v2024.2 (64-bit)

  **** SW Build 5239630 on Fri Nov 08 22:35:27 MST 2024

  **** IP Build 5239520 on Sun Nov 10 16:12:51 MST 2024

  **** SharedData Build 5239561 on Fri Nov 08 14:39:27 MST 2024

  **** Start of session at: Fri Aug 14 03:59:13 2026

    ** Copyright 1986-2022 Xilinx, Inc. All Rights Reserved.

    ** Copyright 2022-2024 Advanced Micro Devices, Inc. All Rights Reserved.



source xsim.dir/sim_p8_n512_nh1_c4o1_pat6/xsim_script.tcl

# xsim {sim_p8_n512_nh1_c4o1_pat6} -autoloadwcfg -runall

Time resolution is 1 ps

run -all

unified_capability_regs PASS ip_id=FACT build_id=20260813 R=256 N=512 L=8 cout_max=4 precision=8 exact_linear=1

int8_axi_wstrb_semantics PASS

int8_valid_task PASS preload=1 repeat_start=0 wall_cycles=733 core_compute_cycles=651 preload_est=2048 readout_est=512

tb_ntt46_fact_lean_ip_unified_axi_lite_core PASS R=256 N=512 L=8 Cin=4 Cout=1 Nh=1 bound=128 wall_cycles=733 core_compute_cycles=651 preload_est=2048 readout_est=512

$finish called at time : 15594 ns : File "<ARTIFACT_ROOT>/tb/tb_ntt46_fact_lean_ip_unified_axi_lite_core.sv" Line 780

exit

INFO: [Common 17-206] Exiting xsim at Fri Aug 14 03:59:19 2026...
===== END p8_n512_nh1_c4o1_pat6 =====

===== BEGIN p8_n512_nh1_c4o2_pat6 =====


****** xsim v2024.2 (64-bit)

  **** SW Build 5239630 on Fri Nov 08 22:35:27 MST 2024

  **** IP Build 5239520 on Sun Nov 10 16:12:51 MST 2024

  **** SharedData Build 5239561 on Fri Nov 08 14:39:27 MST 2024

  **** Start of session at: Fri Aug 14 03:59:35 2026

    ** Copyright 1986-2022 Xilinx, Inc. All Rights Reserved.

    ** Copyright 2022-2024 Advanced Micro Devices, Inc. All Rights Reserved.



source xsim.dir/sim_p8_n512_nh1_c4o2_pat6/xsim_script.tcl

# xsim {sim_p8_n512_nh1_c4o2_pat6} -autoloadwcfg -runall

Time resolution is 1 ps

run -all

unified_capability_regs PASS ip_id=FACT build_id=20260813 R=256 N=512 L=8 cout_max=4 precision=8 exact_linear=1

int8_axi_wstrb_semantics PASS

int8_valid_task PASS preload=1 repeat_start=0 wall_cycles=1466 core_compute_cycles=1302 preload_est=3072 readout_est=1024

tb_ntt46_fact_lean_ip_unified_axi_lite_core PASS R=256 N=512 L=8 Cin=4 Cout=2 Nh=1 bound=128 wall_cycles=1466 core_compute_cycles=1302 preload_est=3072 readout_est=1024

$finish called at time : 26730 ns : File "<ARTIFACT_ROOT>/tb/tb_ntt46_fact_lean_ip_unified_axi_lite_core.sv" Line 780

exit

INFO: [Common 17-206] Exiting xsim at Fri Aug 14 03:59:43 2026...
===== END p8_n512_nh1_c4o2_pat6 =====

===== BEGIN p8_n512_nh1_c4o4_pat6 =====


****** xsim v2024.2 (64-bit)

  **** SW Build 5239630 on Fri Nov 08 22:35:27 MST 2024

  **** IP Build 5239520 on Sun Nov 10 16:12:51 MST 2024

  **** SharedData Build 5239561 on Fri Nov 08 14:39:27 MST 2024

  **** Start of session at: Fri Aug 14 03:59:59 2026

    ** Copyright 1986-2022 Xilinx, Inc. All Rights Reserved.

    ** Copyright 2022-2024 Advanced Micro Devices, Inc. All Rights Reserved.



source xsim.dir/sim_p8_n512_nh1_c4o4_pat6/xsim_script.tcl

# xsim {sim_p8_n512_nh1_c4o4_pat6} -autoloadwcfg -runall

Time resolution is 1 ps

run -all

unified_capability_regs PASS ip_id=FACT build_id=20260813 R=256 N=512 L=8 cout_max=4 precision=8 exact_linear=1

int8_axi_wstrb_semantics PASS

int8_valid_task PASS preload=1 repeat_start=0 wall_cycles=2932 core_compute_cycles=2604 preload_est=5120 readout_est=2048

tb_ntt46_fact_lean_ip_unified_axi_lite_core PASS R=256 N=512 L=8 Cin=4 Cout=4 Nh=1 bound=128 wall_cycles=2932 core_compute_cycles=2604 preload_est=5120 readout_est=2048

$finish called at time : 49010 ns : File "<ARTIFACT_ROOT>/tb/tb_ntt46_fact_lean_ip_unified_axi_lite_core.sv" Line 780

run: Time (s): cpu = 00:00:00 ; elapsed = 00:00:06 . Memory (MB): peak = 202.418 ; gain = 0.000

exit

INFO: [Common 17-206] Exiting xsim at Fri Aug 14 04:00:09 2026...
===== END p8_n512_nh1_c4o4_pat6 =====

===== BEGIN p8_n512_nh128_c1o1_pat6 =====


****** xsim v2024.2 (64-bit)

  **** SW Build 5239630 on Fri Nov 08 22:35:27 MST 2024

  **** IP Build 5239520 on Sun Nov 10 16:12:51 MST 2024

  **** SharedData Build 5239561 on Fri Nov 08 14:39:27 MST 2024

  **** Start of session at: Fri Aug 14 04:00:24 2026

    ** Copyright 1986-2022 Xilinx, Inc. All Rights Reserved.

    ** Copyright 2022-2024 Advanced Micro Devices, Inc. All Rights Reserved.



source xsim.dir/sim_p8_n512_nh128_c1o1_pat6/xsim_script.tcl

# xsim {sim_p8_n512_nh128_c1o1_pat6} -autoloadwcfg -runall

Time resolution is 1 ps

run -all

unified_capability_regs PASS ip_id=FACT build_id=20260813 R=256 N=512 L=8 cout_max=4 precision=8 exact_linear=1

int8_axi_wstrb_semantics PASS

int8_valid_task PASS preload=1 repeat_start=0 wall_cycles=244 core_compute_cycles=228 preload_est=512 readout_est=512

tb_ntt46_fact_lean_ip_unified_axi_lite_core PASS R=256 N=512 L=8 Cin=1 Cout=1 Nh=128 bound=128 wall_cycles=244 core_compute_cycles=228 preload_est=512 readout_est=512

$finish called at time : 7466 ns : File "<ARTIFACT_ROOT>/tb/tb_ntt46_fact_lean_ip_unified_axi_lite_core.sv" Line 780

exit

INFO: [Common 17-206] Exiting xsim at Fri Aug 14 04:00:29 2026...
===== END p8_n512_nh128_c1o1_pat6 =====

===== BEGIN p8_n512_nh128_c1o2_pat6 =====


****** xsim v2024.2 (64-bit)

  **** SW Build 5239630 on Fri Nov 08 22:35:27 MST 2024

  **** IP Build 5239520 on Sun Nov 10 16:12:51 MST 2024

  **** SharedData Build 5239561 on Fri Nov 08 14:39:27 MST 2024

  **** Start of session at: Fri Aug 14 04:00:45 2026

    ** Copyright 1986-2022 Xilinx, Inc. All Rights Reserved.

    ** Copyright 2022-2024 Advanced Micro Devices, Inc. All Rights Reserved.



source xsim.dir/sim_p8_n512_nh128_c1o2_pat6/xsim_script.tcl

# xsim {sim_p8_n512_nh128_c1o2_pat6} -autoloadwcfg -runall

Time resolution is 1 ps

run -all

unified_capability_regs PASS ip_id=FACT build_id=20260813 R=256 N=512 L=8 cout_max=4 precision=8 exact_linear=1

int8_axi_wstrb_semantics PASS

int8_valid_task PASS preload=1 repeat_start=0 wall_cycles=512 core_compute_cycles=446 preload_est=768 readout_est=1024

tb_ntt46_fact_lean_ip_unified_axi_lite_core PASS R=256 N=512 L=8 Cin=1 Cout=2 Nh=128 bound=128 wall_cycles=512 core_compute_cycles=446 preload_est=768 readout_est=1024

$finish called at time : 13662 ns : File "<ARTIFACT_ROOT>/tb/tb_ntt46_fact_lean_ip_unified_axi_lite_core.sv" Line 780

exit

INFO: [Common 17-206] Exiting xsim at Fri Aug 14 04:00:51 2026...
===== END p8_n512_nh128_c1o2_pat6 =====

===== BEGIN p8_n512_nh128_c1o4_pat6 =====


****** xsim v2024.2 (64-bit)

  **** SW Build 5239630 on Fri Nov 08 22:35:27 MST 2024

  **** IP Build 5239520 on Sun Nov 10 16:12:51 MST 2024

  **** SharedData Build 5239561 on Fri Nov 08 14:39:27 MST 2024

  **** Start of session at: Fri Aug 14 04:01:09 2026

    ** Copyright 1986-2022 Xilinx, Inc. All Rights Reserved.

    ** Copyright 2022-2024 Advanced Micro Devices, Inc. All Rights Reserved.



source xsim.dir/sim_p8_n512_nh128_c1o4_pat6/xsim_script.tcl

# xsim {sim_p8_n512_nh128_c1o4_pat6} -autoloadwcfg -runall

Time resolution is 1 ps

run -all

unified_capability_regs PASS ip_id=FACT build_id=20260813 R=256 N=512 L=8 cout_max=4 precision=8 exact_linear=1

int8_axi_wstrb_semantics PASS

int8_valid_task PASS preload=1 repeat_start=0 wall_cycles=1024 core_compute_cycles=892 preload_est=1280 readout_est=2048

tb_ntt46_fact_lean_ip_unified_axi_lite_core PASS R=256 N=512 L=8 Cin=1 Cout=4 Nh=128 bound=128 wall_cycles=1024 core_compute_cycles=892 preload_est=1280 readout_est=2048

$finish called at time : 25958 ns : File "<ARTIFACT_ROOT>/tb/tb_ntt46_fact_lean_ip_unified_axi_lite_core.sv" Line 780

exit

INFO: [Common 17-206] Exiting xsim at Fri Aug 14 04:01:16 2026...
===== END p8_n512_nh128_c1o4_pat6 =====

===== BEGIN p8_n512_nh128_c2o1_pat6 =====


****** xsim v2024.2 (64-bit)

  **** SW Build 5239630 on Fri Nov 08 22:35:27 MST 2024

  **** IP Build 5239520 on Sun Nov 10 16:12:51 MST 2024

  **** SharedData Build 5239561 on Fri Nov 08 14:39:27 MST 2024

  **** Start of session at: Fri Aug 14 04:01:34 2026

    ** Copyright 1986-2022 Xilinx, Inc. All Rights Reserved.

    ** Copyright 2022-2024 Advanced Micro Devices, Inc. All Rights Reserved.



source xsim.dir/sim_p8_n512_nh128_c2o1_pat6/xsim_script.tcl

# xsim {sim_p8_n512_nh128_c2o1_pat6} -autoloadwcfg -runall

Time resolution is 1 ps

run -all

unified_capability_regs PASS ip_id=FACT build_id=20260813 R=256 N=512 L=8 cout_max=4 precision=8 exact_linear=1

int8_axi_wstrb_semantics PASS

int8_valid_task PASS preload=1 repeat_start=0 wall_cycles=409 core_compute_cycles=371 preload_est=1024 readout_est=512

tb_ntt46_fact_lean_ip_unified_axi_lite_core PASS R=256 N=512 L=8 Cin=2 Cout=1 Nh=128 bound=128 wall_cycles=409 core_compute_cycles=371 preload_est=1024 readout_est=512

$finish called at time : 10186 ns : File "<ARTIFACT_ROOT>/tb/tb_ntt46_fact_lean_ip_unified_axi_lite_core.sv" Line 780

exit

INFO: [Common 17-206] Exiting xsim at Fri Aug 14 04:01:38 2026...
===== END p8_n512_nh128_c2o1_pat6 =====

===== BEGIN p8_n512_nh128_c2o2_pat6 =====


****** xsim v2024.2 (64-bit)

  **** SW Build 5239630 on Fri Nov 08 22:35:27 MST 2024

  **** IP Build 5239520 on Sun Nov 10 16:12:51 MST 2024

  **** SharedData Build 5239561 on Fri Nov 08 14:39:27 MST 2024

  **** Start of session at: Fri Aug 14 04:01:55 2026

    ** Copyright 1986-2022 Xilinx, Inc. All Rights Reserved.

    ** Copyright 2022-2024 Advanced Micro Devices, Inc. All Rights Reserved.



source xsim.dir/sim_p8_n512_nh128_c2o2_pat6/xsim_script.tcl

# xsim {sim_p8_n512_nh128_c2o2_pat6} -autoloadwcfg -runall

Time resolution is 1 ps

run -all

unified_capability_regs PASS ip_id=FACT build_id=20260813 R=256 N=512 L=8 cout_max=4 precision=8 exact_linear=1

int8_axi_wstrb_semantics PASS

int8_valid_task PASS preload=1 repeat_start=0 wall_cycles=818 core_compute_cycles=742 preload_est=1536 readout_est=1024

tb_ntt46_fact_lean_ip_unified_axi_lite_core PASS R=256 N=512 L=8 Cin=2 Cout=2 Nh=128 bound=128 wall_cycles=818 core_compute_cycles=742 preload_est=1536 readout_est=1024

$finish called at time : 17970 ns : File "<ARTIFACT_ROOT>/tb/tb_ntt46_fact_lean_ip_unified_axi_lite_core.sv" Line 780

exit

INFO: [Common 17-206] Exiting xsim at Fri Aug 14 04:02:01 2026...
===== END p8_n512_nh128_c2o2_pat6 =====

===== BEGIN p8_n512_nh128_c2o4_pat6 =====


****** xsim v2024.2 (64-bit)

  **** SW Build 5239630 on Fri Nov 08 22:35:27 MST 2024

  **** IP Build 5239520 on Sun Nov 10 16:12:51 MST 2024

  **** SharedData Build 5239561 on Fri Nov 08 14:39:27 MST 2024

  **** Start of session at: Fri Aug 14 04:02:18 2026

    ** Copyright 1986-2022 Xilinx, Inc. All Rights Reserved.

    ** Copyright 2022-2024 Advanced Micro Devices, Inc. All Rights Reserved.



source xsim.dir/sim_p8_n512_nh128_c2o4_pat6/xsim_script.tcl

# xsim {sim_p8_n512_nh128_c2o4_pat6} -autoloadwcfg -runall

Time resolution is 1 ps

run -all

unified_capability_regs PASS ip_id=FACT build_id=20260813 R=256 N=512 L=8 cout_max=4 precision=8 exact_linear=1

int8_axi_wstrb_semantics PASS

int8_valid_task PASS preload=1 repeat_start=0 wall_cycles=1636 core_compute_cycles=1484 preload_est=2560 readout_est=2048

tb_ntt46_fact_lean_ip_unified_axi_lite_core PASS R=256 N=512 L=8 Cin=2 Cout=4 Nh=128 bound=128 wall_cycles=1636 core_compute_cycles=1484 preload_est=2560 readout_est=2048

$finish called at time : 33546 ns : File "<ARTIFACT_ROOT>/tb/tb_ntt46_fact_lean_ip_unified_axi_lite_core.sv" Line 780

exit

INFO: [Common 17-206] Exiting xsim at Fri Aug 14 04:02:26 2026...
===== END p8_n512_nh128_c2o4_pat6 =====

===== BEGIN p8_n512_nh128_c4o1_pat6 =====


****** xsim v2024.2 (64-bit)

  **** SW Build 5239630 on Fri Nov 08 22:35:27 MST 2024

  **** IP Build 5239520 on Sun Nov 10 16:12:51 MST 2024

  **** SharedData Build 5239561 on Fri Nov 08 14:39:27 MST 2024

  **** Start of session at: Fri Aug 14 04:02:42 2026

    ** Copyright 1986-2022 Xilinx, Inc. All Rights Reserved.

    ** Copyright 2022-2024 Advanced Micro Devices, Inc. All Rights Reserved.



source xsim.dir/sim_p8_n512_nh128_c4o1_pat6/xsim_script.tcl

# xsim {sim_p8_n512_nh128_c4o1_pat6} -autoloadwcfg -runall

Time resolution is 1 ps

run -all

unified_capability_regs PASS ip_id=FACT build_id=20260813 R=256 N=512 L=8 cout_max=4 precision=8 exact_linear=1

int8_axi_wstrb_semantics PASS

int8_valid_task PASS preload=1 repeat_start=0 wall_cycles=733 core_compute_cycles=651 preload_est=2048 readout_est=512

tb_ntt46_fact_lean_ip_unified_axi_lite_core PASS R=256 N=512 L=8 Cin=4 Cout=1 Nh=128 bound=128 wall_cycles=733 core_compute_cycles=651 preload_est=2048 readout_est=512

$finish called at time : 15594 ns : File "<ARTIFACT_ROOT>/tb/tb_ntt46_fact_lean_ip_unified_axi_lite_core.sv" Line 780

exit

INFO: [Common 17-206] Exiting xsim at Fri Aug 14 04:02:49 2026...
===== END p8_n512_nh128_c4o1_pat6 =====

===== BEGIN p8_n512_nh128_c4o2_pat6 =====


****** xsim v2024.2 (64-bit)

  **** SW Build 5239630 on Fri Nov 08 22:35:27 MST 2024

  **** IP Build 5239520 on Sun Nov 10 16:12:51 MST 2024

  **** SharedData Build 5239561 on Fri Nov 08 14:39:27 MST 2024

  **** Start of session at: Fri Aug 14 04:03:05 2026

    ** Copyright 1986-2022 Xilinx, Inc. All Rights Reserved.

    ** Copyright 2022-2024 Advanced Micro Devices, Inc. All Rights Reserved.



source xsim.dir/sim_p8_n512_nh128_c4o2_pat6/xsim_script.tcl

# xsim {sim_p8_n512_nh128_c4o2_pat6} -autoloadwcfg -runall

Time resolution is 1 ps

run -all

unified_capability_regs PASS ip_id=FACT build_id=20260813 R=256 N=512 L=8 cout_max=4 precision=8 exact_linear=1

int8_axi_wstrb_semantics PASS

int8_valid_task PASS preload=1 repeat_start=0 wall_cycles=1466 core_compute_cycles=1302 preload_est=3072 readout_est=1024

tb_ntt46_fact_lean_ip_unified_axi_lite_core PASS R=256 N=512 L=8 Cin=4 Cout=2 Nh=128 bound=128 wall_cycles=1466 core_compute_cycles=1302 preload_est=3072 readout_est=1024

$finish called at time : 26730 ns : File "<ARTIFACT_ROOT>/tb/tb_ntt46_fact_lean_ip_unified_axi_lite_core.sv" Line 780

exit

INFO: [Common 17-206] Exiting xsim at Fri Aug 14 04:03:12 2026...
===== END p8_n512_nh128_c4o2_pat6 =====

===== BEGIN p8_n512_nh128_c4o4_pat6 =====


****** xsim v2024.2 (64-bit)

  **** SW Build 5239630 on Fri Nov 08 22:35:27 MST 2024

  **** IP Build 5239520 on Sun Nov 10 16:12:51 MST 2024

  **** SharedData Build 5239561 on Fri Nov 08 14:39:27 MST 2024

  **** Start of session at: Fri Aug 14 04:03:28 2026

    ** Copyright 1986-2022 Xilinx, Inc. All Rights Reserved.

    ** Copyright 2022-2024 Advanced Micro Devices, Inc. All Rights Reserved.



source xsim.dir/sim_p8_n512_nh128_c4o4_pat6/xsim_script.tcl

# xsim {sim_p8_n512_nh128_c4o4_pat6} -autoloadwcfg -runall

Time resolution is 1 ps

run -all

unified_capability_regs PASS ip_id=FACT build_id=20260813 R=256 N=512 L=8 cout_max=4 precision=8 exact_linear=1

int8_axi_wstrb_semantics PASS

int8_valid_task PASS preload=1 repeat_start=0 wall_cycles=2932 core_compute_cycles=2604 preload_est=5120 readout_est=2048

tb_ntt46_fact_lean_ip_unified_axi_lite_core PASS R=256 N=512 L=8 Cin=4 Cout=4 Nh=128 bound=128 wall_cycles=2932 core_compute_cycles=2604 preload_est=5120 readout_est=2048

$finish called at time : 49010 ns : File "<ARTIFACT_ROOT>/tb/tb_ntt46_fact_lean_ip_unified_axi_lite_core.sv" Line 780

run: Time (s): cpu = 00:00:00 ; elapsed = 00:00:07 . Memory (MB): peak = 202.324 ; gain = 0.000

exit

INFO: [Common 17-206] Exiting xsim at Fri Aug 14 04:03:39 2026...
===== END p8_n512_nh128_c4o4_pat6 =====

===== BEGIN p8_n512_nh255_c1o1_pat6 =====


****** xsim v2024.2 (64-bit)

  **** SW Build 5239630 on Fri Nov 08 22:35:27 MST 2024

  **** IP Build 5239520 on Sun Nov 10 16:12:51 MST 2024

  **** SharedData Build 5239561 on Fri Nov 08 14:39:27 MST 2024

  **** Start of session at: Fri Aug 14 04:03:55 2026

    ** Copyright 1986-2022 Xilinx, Inc. All Rights Reserved.

    ** Copyright 2022-2024 Advanced Micro Devices, Inc. All Rights Reserved.



source xsim.dir/sim_p8_n512_nh255_c1o1_pat6/xsim_script.tcl

# xsim {sim_p8_n512_nh255_c1o1_pat6} -autoloadwcfg -runall

Time resolution is 1 ps

run -all

unified_capability_regs PASS ip_id=FACT build_id=20260813 R=256 N=512 L=8 cout_max=4 precision=8 exact_linear=1

int8_axi_wstrb_semantics PASS

int8_valid_task PASS preload=1 repeat_start=0 wall_cycles=244 core_compute_cycles=228 preload_est=512 readout_est=512

tb_ntt46_fact_lean_ip_unified_axi_lite_core PASS R=256 N=512 L=8 Cin=1 Cout=1 Nh=255 bound=128 wall_cycles=244 core_compute_cycles=228 preload_est=512 readout_est=512

$finish called at time : 7466 ns : File "<ARTIFACT_ROOT>/tb/tb_ntt46_fact_lean_ip_unified_axi_lite_core.sv" Line 780

exit

INFO: [Common 17-206] Exiting xsim at Fri Aug 14 04:03:59 2026...
===== END p8_n512_nh255_c1o1_pat6 =====

===== BEGIN p8_n512_nh255_c1o2_pat6 =====


****** xsim v2024.2 (64-bit)

  **** SW Build 5239630 on Fri Nov 08 22:35:27 MST 2024

  **** IP Build 5239520 on Sun Nov 10 16:12:51 MST 2024

  **** SharedData Build 5239561 on Fri Nov 08 14:39:27 MST 2024

  **** Start of session at: Fri Aug 14 04:04:16 2026

    ** Copyright 1986-2022 Xilinx, Inc. All Rights Reserved.

    ** Copyright 2022-2024 Advanced Micro Devices, Inc. All Rights Reserved.



source xsim.dir/sim_p8_n512_nh255_c1o2_pat6/xsim_script.tcl

# xsim {sim_p8_n512_nh255_c1o2_pat6} -autoloadwcfg -runall

Time resolution is 1 ps

run -all

unified_capability_regs PASS ip_id=FACT build_id=20260813 R=256 N=512 L=8 cout_max=4 precision=8 exact_linear=1

int8_axi_wstrb_semantics PASS

int8_valid_task PASS preload=1 repeat_start=0 wall_cycles=512 core_compute_cycles=446 preload_est=768 readout_est=1024

tb_ntt46_fact_lean_ip_unified_axi_lite_core PASS R=256 N=512 L=8 Cin=1 Cout=2 Nh=255 bound=128 wall_cycles=512 core_compute_cycles=446 preload_est=768 readout_est=1024

$finish called at time : 13662 ns : File "<ARTIFACT_ROOT>/tb/tb_ntt46_fact_lean_ip_unified_axi_lite_core.sv" Line 780

exit

INFO: [Common 17-206] Exiting xsim at Fri Aug 14 04:04:21 2026...
===== END p8_n512_nh255_c1o2_pat6 =====

===== BEGIN p8_n512_nh255_c1o4_pat6 =====


****** xsim v2024.2 (64-bit)

  **** SW Build 5239630 on Fri Nov 08 22:35:27 MST 2024

  **** IP Build 5239520 on Sun Nov 10 16:12:51 MST 2024

  **** SharedData Build 5239561 on Fri Nov 08 14:39:27 MST 2024

  **** Start of session at: Fri Aug 14 04:04:39 2026

    ** Copyright 1986-2022 Xilinx, Inc. All Rights Reserved.

    ** Copyright 2022-2024 Advanced Micro Devices, Inc. All Rights Reserved.



source xsim.dir/sim_p8_n512_nh255_c1o4_pat6/xsim_script.tcl

# xsim {sim_p8_n512_nh255_c1o4_pat6} -autoloadwcfg -runall

Time resolution is 1 ps

run -all

unified_capability_regs PASS ip_id=FACT build_id=20260813 R=256 N=512 L=8 cout_max=4 precision=8 exact_linear=1

int8_axi_wstrb_semantics PASS

int8_valid_task PASS preload=1 repeat_start=0 wall_cycles=1024 core_compute_cycles=892 preload_est=1280 readout_est=2048

tb_ntt46_fact_lean_ip_unified_axi_lite_core PASS R=256 N=512 L=8 Cin=1 Cout=4 Nh=255 bound=128 wall_cycles=1024 core_compute_cycles=892 preload_est=1280 readout_est=2048

$finish called at time : 25958 ns : File "<ARTIFACT_ROOT>/tb/tb_ntt46_fact_lean_ip_unified_axi_lite_core.sv" Line 780

exit

INFO: [Common 17-206] Exiting xsim at Fri Aug 14 04:04:46 2026...
===== END p8_n512_nh255_c1o4_pat6 =====

===== BEGIN p8_n512_nh255_c2o1_pat6 =====


****** xsim v2024.2 (64-bit)

  **** SW Build 5239630 on Fri Nov 08 22:35:27 MST 2024

  **** IP Build 5239520 on Sun Nov 10 16:12:51 MST 2024

  **** SharedData Build 5239561 on Fri Nov 08 14:39:27 MST 2024

  **** Start of session at: Fri Aug 14 04:05:04 2026

    ** Copyright 1986-2022 Xilinx, Inc. All Rights Reserved.

    ** Copyright 2022-2024 Advanced Micro Devices, Inc. All Rights Reserved.



source xsim.dir/sim_p8_n512_nh255_c2o1_pat6/xsim_script.tcl

# xsim {sim_p8_n512_nh255_c2o1_pat6} -autoloadwcfg -runall

Time resolution is 1 ps

run -all

unified_capability_regs PASS ip_id=FACT build_id=20260813 R=256 N=512 L=8 cout_max=4 precision=8 exact_linear=1

int8_axi_wstrb_semantics PASS

int8_valid_task PASS preload=1 repeat_start=0 wall_cycles=409 core_compute_cycles=371 preload_est=1024 readout_est=512

tb_ntt46_fact_lean_ip_unified_axi_lite_core PASS R=256 N=512 L=8 Cin=2 Cout=1 Nh=255 bound=128 wall_cycles=409 core_compute_cycles=371 preload_est=1024 readout_est=512

$finish called at time : 10186 ns : File "<ARTIFACT_ROOT>/tb/tb_ntt46_fact_lean_ip_unified_axi_lite_core.sv" Line 780

exit

INFO: [Common 17-206] Exiting xsim at Fri Aug 14 04:05:08 2026...
===== END p8_n512_nh255_c2o1_pat6 =====

===== BEGIN p8_n512_nh255_c2o2_pat6 =====


****** xsim v2024.2 (64-bit)

  **** SW Build 5239630 on Fri Nov 08 22:35:27 MST 2024

  **** IP Build 5239520 on Sun Nov 10 16:12:51 MST 2024

  **** SharedData Build 5239561 on Fri Nov 08 14:39:27 MST 2024

  **** Start of session at: Fri Aug 14 04:05:25 2026

    ** Copyright 1986-2022 Xilinx, Inc. All Rights Reserved.

    ** Copyright 2022-2024 Advanced Micro Devices, Inc. All Rights Reserved.



source xsim.dir/sim_p8_n512_nh255_c2o2_pat6/xsim_script.tcl

# xsim {sim_p8_n512_nh255_c2o2_pat6} -autoloadwcfg -runall

Time resolution is 1 ps

run -all

unified_capability_regs PASS ip_id=FACT build_id=20260813 R=256 N=512 L=8 cout_max=4 precision=8 exact_linear=1

int8_axi_wstrb_semantics PASS

int8_valid_task PASS preload=1 repeat_start=0 wall_cycles=818 core_compute_cycles=742 preload_est=1536 readout_est=1024

tb_ntt46_fact_lean_ip_unified_axi_lite_core PASS R=256 N=512 L=8 Cin=2 Cout=2 Nh=255 bound=128 wall_cycles=818 core_compute_cycles=742 preload_est=1536 readout_est=1024

$finish called at time : 17970 ns : File "<ARTIFACT_ROOT>/tb/tb_ntt46_fact_lean_ip_unified_axi_lite_core.sv" Line 780

exit

INFO: [Common 17-206] Exiting xsim at Fri Aug 14 04:05:30 2026...
===== END p8_n512_nh255_c2o2_pat6 =====

===== BEGIN p8_n512_nh255_c2o4_pat6 =====


****** xsim v2024.2 (64-bit)

  **** SW Build 5239630 on Fri Nov 08 22:35:27 MST 2024

  **** IP Build 5239520 on Sun Nov 10 16:12:51 MST 2024

  **** SharedData Build 5239561 on Fri Nov 08 14:39:27 MST 2024

  **** Start of session at: Fri Aug 14 04:05:47 2026

    ** Copyright 1986-2022 Xilinx, Inc. All Rights Reserved.

    ** Copyright 2022-2024 Advanced Micro Devices, Inc. All Rights Reserved.



source xsim.dir/sim_p8_n512_nh255_c2o4_pat6/xsim_script.tcl

# xsim {sim_p8_n512_nh255_c2o4_pat6} -autoloadwcfg -runall

Time resolution is 1 ps

run -all

unified_capability_regs PASS ip_id=FACT build_id=20260813 R=256 N=512 L=8 cout_max=4 precision=8 exact_linear=1

int8_axi_wstrb_semantics PASS

int8_valid_task PASS preload=1 repeat_start=0 wall_cycles=1636 core_compute_cycles=1484 preload_est=2560 readout_est=2048

tb_ntt46_fact_lean_ip_unified_axi_lite_core PASS R=256 N=512 L=8 Cin=2 Cout=4 Nh=255 bound=128 wall_cycles=1636 core_compute_cycles=1484 preload_est=2560 readout_est=2048

$finish called at time : 33546 ns : File "<ARTIFACT_ROOT>/tb/tb_ntt46_fact_lean_ip_unified_axi_lite_core.sv" Line 780

exit

INFO: [Common 17-206] Exiting xsim at Fri Aug 14 04:05:55 2026...
===== END p8_n512_nh255_c2o4_pat6 =====

===== BEGIN p8_n512_nh255_c4o1_pat6 =====


****** xsim v2024.2 (64-bit)

  **** SW Build 5239630 on Fri Nov 08 22:35:27 MST 2024

  **** IP Build 5239520 on Sun Nov 10 16:12:51 MST 2024

  **** SharedData Build 5239561 on Fri Nov 08 14:39:27 MST 2024

  **** Start of session at: Fri Aug 14 04:06:11 2026

    ** Copyright 1986-2022 Xilinx, Inc. All Rights Reserved.

    ** Copyright 2022-2024 Advanced Micro Devices, Inc. All Rights Reserved.



source xsim.dir/sim_p8_n512_nh255_c4o1_pat6/xsim_script.tcl

# xsim {sim_p8_n512_nh255_c4o1_pat6} -autoloadwcfg -runall

Time resolution is 1 ps

run -all

unified_capability_regs PASS ip_id=FACT build_id=20260813 R=256 N=512 L=8 cout_max=4 precision=8 exact_linear=1

int8_axi_wstrb_semantics PASS

int8_valid_task PASS preload=1 repeat_start=0 wall_cycles=733 core_compute_cycles=651 preload_est=2048 readout_est=512

tb_ntt46_fact_lean_ip_unified_axi_lite_core PASS R=256 N=512 L=8 Cin=4 Cout=1 Nh=255 bound=128 wall_cycles=733 core_compute_cycles=651 preload_est=2048 readout_est=512

$finish called at time : 15594 ns : File "<ARTIFACT_ROOT>/tb/tb_ntt46_fact_lean_ip_unified_axi_lite_core.sv" Line 780

exit

INFO: [Common 17-206] Exiting xsim at Fri Aug 14 04:06:17 2026...
===== END p8_n512_nh255_c4o1_pat6 =====

===== BEGIN p8_n512_nh255_c4o2_pat6 =====


****** xsim v2024.2 (64-bit)

  **** SW Build 5239630 on Fri Nov 08 22:35:27 MST 2024

  **** IP Build 5239520 on Sun Nov 10 16:12:51 MST 2024

  **** SharedData Build 5239561 on Fri Nov 08 14:39:27 MST 2024

  **** Start of session at: Fri Aug 14 04:06:33 2026

    ** Copyright 1986-2022 Xilinx, Inc. All Rights Reserved.

    ** Copyright 2022-2024 Advanced Micro Devices, Inc. All Rights Reserved.



source xsim.dir/sim_p8_n512_nh255_c4o2_pat6/xsim_script.tcl

# xsim {sim_p8_n512_nh255_c4o2_pat6} -autoloadwcfg -runall

Time resolution is 1 ps

run -all

unified_capability_regs PASS ip_id=FACT build_id=20260813 R=256 N=512 L=8 cout_max=4 precision=8 exact_linear=1

int8_axi_wstrb_semantics PASS

int8_valid_task PASS preload=1 repeat_start=0 wall_cycles=1466 core_compute_cycles=1302 preload_est=3072 readout_est=1024

tb_ntt46_fact_lean_ip_unified_axi_lite_core PASS R=256 N=512 L=8 Cin=4 Cout=2 Nh=255 bound=128 wall_cycles=1466 core_compute_cycles=1302 preload_est=3072 readout_est=1024

$finish called at time : 26730 ns : File "<ARTIFACT_ROOT>/tb/tb_ntt46_fact_lean_ip_unified_axi_lite_core.sv" Line 780

exit

INFO: [Common 17-206] Exiting xsim at Fri Aug 14 04:06:41 2026...
===== END p8_n512_nh255_c4o2_pat6 =====

===== BEGIN p8_n512_nh255_c4o4_pat6 =====


****** xsim v2024.2 (64-bit)

  **** SW Build 5239630 on Fri Nov 08 22:35:27 MST 2024

  **** IP Build 5239520 on Sun Nov 10 16:12:51 MST 2024

  **** SharedData Build 5239561 on Fri Nov 08 14:39:27 MST 2024

  **** Start of session at: Fri Aug 14 04:06:57 2026

    ** Copyright 1986-2022 Xilinx, Inc. All Rights Reserved.

    ** Copyright 2022-2024 Advanced Micro Devices, Inc. All Rights Reserved.



source xsim.dir/sim_p8_n512_nh255_c4o4_pat6/xsim_script.tcl

# xsim {sim_p8_n512_nh255_c4o4_pat6} -autoloadwcfg -runall

Time resolution is 1 ps

run -all

unified_capability_regs PASS ip_id=FACT build_id=20260813 R=256 N=512 L=8 cout_max=4 precision=8 exact_linear=1

int8_axi_wstrb_semantics PASS

int8_valid_task PASS preload=1 repeat_start=0 wall_cycles=2932 core_compute_cycles=2604 preload_est=5120 readout_est=2048

tb_ntt46_fact_lean_ip_unified_axi_lite_core PASS R=256 N=512 L=8 Cin=4 Cout=4 Nh=255 bound=128 wall_cycles=2932 core_compute_cycles=2604 preload_est=5120 readout_est=2048

$finish called at time : 49010 ns : File "<ARTIFACT_ROOT>/tb/tb_ntt46_fact_lean_ip_unified_axi_lite_core.sv" Line 780

run: Time (s): cpu = 00:00:00 ; elapsed = 00:00:07 . Memory (MB): peak = 202.105 ; gain = 0.000

exit

INFO: [Common 17-206] Exiting xsim at Fri Aug 14 04:07:07 2026...
===== END p8_n512_nh255_c4o4_pat6 =====

===== BEGIN p8_n512_nh255_c4o4_pat1 =====


****** xsim v2024.2 (64-bit)

  **** SW Build 5239630 on Fri Nov 08 22:35:27 MST 2024

  **** IP Build 5239520 on Sun Nov 10 16:12:51 MST 2024

  **** SharedData Build 5239561 on Fri Nov 08 14:39:27 MST 2024

  **** Start of session at: Fri Aug 14 04:07:24 2026

    ** Copyright 1986-2022 Xilinx, Inc. All Rights Reserved.

    ** Copyright 2022-2024 Advanced Micro Devices, Inc. All Rights Reserved.



source xsim.dir/sim_p8_n512_nh255_c4o4_pat1/xsim_script.tcl

# xsim {sim_p8_n512_nh255_c4o4_pat1} -autoloadwcfg -runall

Time resolution is 1 ps

run -all

unified_capability_regs PASS ip_id=FACT build_id=20260813 R=256 N=512 L=8 cout_max=4 precision=8 exact_linear=1

int8_axi_wstrb_semantics PASS

int8_valid_task PASS preload=1 repeat_start=0 wall_cycles=2932 core_compute_cycles=2604 preload_est=5120 readout_est=2048

tb_ntt46_fact_lean_ip_unified_axi_lite_core PASS R=256 N=512 L=8 Cin=4 Cout=4 Nh=255 bound=128 wall_cycles=2932 core_compute_cycles=2604 preload_est=5120 readout_est=2048

$finish called at time : 49010 ns : File "<ARTIFACT_ROOT>/tb/tb_ntt46_fact_lean_ip_unified_axi_lite_core.sv" Line 780

run: Time (s): cpu = 00:00:00 ; elapsed = 00:00:07 . Memory (MB): peak = 202.309 ; gain = 0.000

exit

INFO: [Common 17-206] Exiting xsim at Fri Aug 14 04:07:35 2026...
===== END p8_n512_nh255_c4o4_pat1 =====

===== BEGIN p8_n512_nh255_c4o4_pat2 =====


****** xsim v2024.2 (64-bit)

  **** SW Build 5239630 on Fri Nov 08 22:35:27 MST 2024

  **** IP Build 5239520 on Sun Nov 10 16:12:51 MST 2024

  **** SharedData Build 5239561 on Fri Nov 08 14:39:27 MST 2024

  **** Start of session at: Fri Aug 14 04:07:54 2026

    ** Copyright 1986-2022 Xilinx, Inc. All Rights Reserved.

    ** Copyright 2022-2024 Advanced Micro Devices, Inc. All Rights Reserved.



source xsim.dir/sim_p8_n512_nh255_c4o4_pat2/xsim_script.tcl

# xsim {sim_p8_n512_nh255_c4o4_pat2} -autoloadwcfg -runall

Time resolution is 1 ps

run -all

unified_capability_regs PASS ip_id=FACT build_id=20260813 R=256 N=512 L=8 cout_max=4 precision=8 exact_linear=1

int8_axi_wstrb_semantics PASS

int8_valid_task PASS preload=1 repeat_start=0 wall_cycles=2932 core_compute_cycles=2604 preload_est=5120 readout_est=2048

tb_ntt46_fact_lean_ip_unified_axi_lite_core PASS R=256 N=512 L=8 Cin=4 Cout=4 Nh=255 bound=128 wall_cycles=2932 core_compute_cycles=2604 preload_est=5120 readout_est=2048

$finish called at time : 49010 ns : File "<ARTIFACT_ROOT>/tb/tb_ntt46_fact_lean_ip_unified_axi_lite_core.sv" Line 780

run: Time (s): cpu = 00:00:00 ; elapsed = 00:00:07 . Memory (MB): peak = 201.906 ; gain = 0.000

exit

INFO: [Common 17-206] Exiting xsim at Fri Aug 14 04:08:05 2026...
===== END p8_n512_nh255_c4o4_pat2 =====

===== BEGIN p8_n512_nh255_c4o4_pat3 =====


****** xsim v2024.2 (64-bit)

  **** SW Build 5239630 on Fri Nov 08 22:35:27 MST 2024

  **** IP Build 5239520 on Sun Nov 10 16:12:51 MST 2024

  **** SharedData Build 5239561 on Fri Nov 08 14:39:27 MST 2024

  **** Start of session at: Fri Aug 14 04:08:22 2026

    ** Copyright 1986-2022 Xilinx, Inc. All Rights Reserved.

    ** Copyright 2022-2024 Advanced Micro Devices, Inc. All Rights Reserved.



source xsim.dir/sim_p8_n512_nh255_c4o4_pat3/xsim_script.tcl

# xsim {sim_p8_n512_nh255_c4o4_pat3} -autoloadwcfg -runall

Time resolution is 1 ps

run -all

unified_capability_regs PASS ip_id=FACT build_id=20260813 R=256 N=512 L=8 cout_max=4 precision=8 exact_linear=1

int8_axi_wstrb_semantics PASS

int8_valid_task PASS preload=1 repeat_start=0 wall_cycles=2932 core_compute_cycles=2604 preload_est=5120 readout_est=2048

tb_ntt46_fact_lean_ip_unified_axi_lite_core PASS R=256 N=512 L=8 Cin=4 Cout=4 Nh=255 bound=128 wall_cycles=2932 core_compute_cycles=2604 preload_est=5120 readout_est=2048

$finish called at time : 49010 ns : File "<ARTIFACT_ROOT>/tb/tb_ntt46_fact_lean_ip_unified_axi_lite_core.sv" Line 780

run: Time (s): cpu = 00:00:00 ; elapsed = 00:00:07 . Memory (MB): peak = 202.246 ; gain = 0.000

exit

INFO: [Common 17-206] Exiting xsim at Fri Aug 14 04:08:31 2026...
===== END p8_n512_nh255_c4o4_pat3 =====

===== BEGIN p8_n512_nh255_c4o4_pat5 =====


****** xsim v2024.2 (64-bit)

  **** SW Build 5239630 on Fri Nov 08 22:35:27 MST 2024

  **** IP Build 5239520 on Sun Nov 10 16:12:51 MST 2024

  **** SharedData Build 5239561 on Fri Nov 08 14:39:27 MST 2024

  **** Start of session at: Fri Aug 14 04:08:48 2026

    ** Copyright 1986-2022 Xilinx, Inc. All Rights Reserved.

    ** Copyright 2022-2024 Advanced Micro Devices, Inc. All Rights Reserved.



source xsim.dir/sim_p8_n512_nh255_c4o4_pat5/xsim_script.tcl

# xsim {sim_p8_n512_nh255_c4o4_pat5} -autoloadwcfg -runall

Time resolution is 1 ps

run -all

unified_capability_regs PASS ip_id=FACT build_id=20260813 R=256 N=512 L=8 cout_max=4 precision=8 exact_linear=1

int8_axi_wstrb_semantics PASS

int8_valid_task PASS preload=1 repeat_start=0 wall_cycles=2932 core_compute_cycles=2604 preload_est=5120 readout_est=2048

tb_ntt46_fact_lean_ip_unified_axi_lite_core PASS R=256 N=512 L=8 Cin=4 Cout=4 Nh=255 bound=128 wall_cycles=2932 core_compute_cycles=2604 preload_est=5120 readout_est=2048

$finish called at time : 49010 ns : File "<ARTIFACT_ROOT>/tb/tb_ntt46_fact_lean_ip_unified_axi_lite_core.sv" Line 780

run: Time (s): cpu = 00:00:00 ; elapsed = 00:00:07 . Memory (MB): peak = 202.508 ; gain = 0.000

exit

INFO: [Common 17-206] Exiting xsim at Fri Aug 14 04:08:58 2026...
===== END p8_n512_nh255_c4o4_pat5 =====

===== BEGIN p8_n1024_nh1_c1o1_pat6 =====


****** xsim v2024.2 (64-bit)

  **** SW Build 5239630 on Fri Nov 08 22:35:27 MST 2024

  **** IP Build 5239520 on Sun Nov 10 16:12:51 MST 2024

  **** SharedData Build 5239561 on Fri Nov 08 14:39:27 MST 2024

  **** Start of session at: Fri Aug 14 04:09:24 2026

    ** Copyright 1986-2022 Xilinx, Inc. All Rights Reserved.

    ** Copyright 2022-2024 Advanced Micro Devices, Inc. All Rights Reserved.



source xsim.dir/sim_p8_n1024_nh1_c1o1_pat6/xsim_script.tcl

# xsim {sim_p8_n1024_nh1_c1o1_pat6} -autoloadwcfg -runall

Time resolution is 1 ps

run -all

unified_capability_regs PASS ip_id=FACT build_id=20260813 R=512 N=1024 L=16 cout_max=4 precision=8 exact_linear=1

int8_axi_wstrb_semantics PASS

int8_valid_task PASS preload=1 repeat_start=0 wall_cycles=299 core_compute_cycles=283 preload_est=1024 readout_est=1024

tb_ntt46_fact_lean_ip_unified_axi_lite_core PASS R=512 N=1024 L=16 Cin=1 Cout=1 Nh=1 bound=128 wall_cycles=299 core_compute_cycles=283 preload_est=1024 readout_est=1024

$finish called at time : 13834 ns : File "<ARTIFACT_ROOT>/tb/tb_ntt46_fact_lean_ip_unified_axi_lite_core.sv" Line 780

exit

INFO: [Common 17-206] Exiting xsim at Fri Aug 14 04:09:31 2026...
===== END p8_n1024_nh1_c1o1_pat6 =====

===== BEGIN p8_n1024_nh1_c1o2_pat6 =====


****** xsim v2024.2 (64-bit)

  **** SW Build 5239630 on Fri Nov 08 22:35:27 MST 2024

  **** IP Build 5239520 on Sun Nov 10 16:12:51 MST 2024

  **** SharedData Build 5239561 on Fri Nov 08 14:39:27 MST 2024

  **** Start of session at: Fri Aug 14 04:09:52 2026

    ** Copyright 1986-2022 Xilinx, Inc. All Rights Reserved.

    ** Copyright 2022-2024 Advanced Micro Devices, Inc. All Rights Reserved.



source xsim.dir/sim_p8_n1024_nh1_c1o2_pat6/xsim_script.tcl

# xsim {sim_p8_n1024_nh1_c1o2_pat6} -autoloadwcfg -runall

Time resolution is 1 ps

run -all

unified_capability_regs PASS ip_id=FACT build_id=20260813 R=512 N=1024 L=16 cout_max=4 precision=8 exact_linear=1

int8_axi_wstrb_semantics PASS

int8_valid_task PASS preload=1 repeat_start=0 wall_cycles=624 core_compute_cycles=556 preload_est=1536 readout_est=2048

tb_ntt46_fact_lean_ip_unified_axi_lite_core PASS R=512 N=1024 L=16 Cin=1 Cout=2 Nh=1 bound=128 wall_cycles=624 core_compute_cycles=556 preload_est=1536 readout_est=2048

$finish called at time : 25374 ns : File "<ARTIFACT_ROOT>/tb/tb_ntt46_fact_lean_ip_unified_axi_lite_core.sv" Line 780

run: Time (s): cpu = 00:00:00 ; elapsed = 00:00:06 . Memory (MB): peak = 207.406 ; gain = 0.000

exit

INFO: [Common 17-206] Exiting xsim at Fri Aug 14 04:10:01 2026...
===== END p8_n1024_nh1_c1o2_pat6 =====

===== BEGIN p8_n1024_nh1_c1o4_pat6 =====


****** xsim v2024.2 (64-bit)

  **** SW Build 5239630 on Fri Nov 08 22:35:27 MST 2024

  **** IP Build 5239520 on Sun Nov 10 16:12:51 MST 2024

  **** SharedData Build 5239561 on Fri Nov 08 14:39:27 MST 2024

  **** Start of session at: Fri Aug 14 04:10:23 2026

    ** Copyright 1986-2022 Xilinx, Inc. All Rights Reserved.

    ** Copyright 2022-2024 Advanced Micro Devices, Inc. All Rights Reserved.



source xsim.dir/sim_p8_n1024_nh1_c1o4_pat6/xsim_script.tcl

# xsim {sim_p8_n1024_nh1_c1o4_pat6} -autoloadwcfg -runall

Time resolution is 1 ps

run -all

unified_capability_regs PASS ip_id=FACT build_id=20260813 R=512 N=1024 L=16 cout_max=4 precision=8 exact_linear=1

int8_axi_wstrb_semantics PASS

int8_valid_task PASS preload=1 repeat_start=0 wall_cycles=1248 core_compute_cycles=1112 preload_est=2560 readout_est=4096

tb_ntt46_fact_lean_ip_unified_axi_lite_core PASS R=512 N=1024 L=16 Cin=1 Cout=4 Nh=1 bound=128 wall_cycles=1248 core_compute_cycles=1112 preload_est=2560 readout_est=4096

$finish called at time : 48358 ns : File "<ARTIFACT_ROOT>/tb/tb_ntt46_fact_lean_ip_unified_axi_lite_core.sv" Line 780

run: Time (s): cpu = 00:00:00 ; elapsed = 00:00:11 . Memory (MB): peak = 206.766 ; gain = 0.000

exit

INFO: xsimkernel Simulation Memory Usage: 42936 KB (Peak: 42936 KB), Simulation CPU Usage: 11733 ms

INFO: [Common 17-206] Exiting xsim at Fri Aug 14 04:10:37 2026...
===== END p8_n1024_nh1_c1o4_pat6 =====

===== BEGIN p8_n1024_nh1_c2o1_pat6 =====


****** xsim v2024.2 (64-bit)

  **** SW Build 5239630 on Fri Nov 08 22:35:27 MST 2024

  **** IP Build 5239520 on Sun Nov 10 16:12:51 MST 2024

  **** SharedData Build 5239561 on Fri Nov 08 14:39:27 MST 2024

  **** Start of session at: Fri Aug 14 04:10:58 2026

    ** Copyright 1986-2022 Xilinx, Inc. All Rights Reserved.

    ** Copyright 2022-2024 Advanced Micro Devices, Inc. All Rights Reserved.



source xsim.dir/sim_p8_n1024_nh1_c2o1_pat6/xsim_script.tcl

# xsim {sim_p8_n1024_nh1_c2o1_pat6} -autoloadwcfg -runall

Time resolution is 1 ps

run -all

unified_capability_regs PASS ip_id=FACT build_id=20260813 R=512 N=1024 L=16 cout_max=4 precision=8 exact_linear=1

int8_axi_wstrb_semantics PASS

int8_valid_task PASS preload=1 repeat_start=0 wall_cycles=502 core_compute_cycles=464 preload_est=2048 readout_est=1024

tb_ntt46_fact_lean_ip_unified_axi_lite_core PASS R=512 N=1024 L=16 Cin=2 Cout=1 Nh=1 bound=128 wall_cycles=502 core_compute_cycles=464 preload_est=2048 readout_est=1024

$finish called at time : 18746 ns : File "<ARTIFACT_ROOT>/tb/tb_ntt46_fact_lean_ip_unified_axi_lite_core.sv" Line 780

exit

INFO: [Common 17-206] Exiting xsim at Fri Aug 14 04:11:06 2026...
===== END p8_n1024_nh1_c2o1_pat6 =====

===== BEGIN p8_n1024_nh1_c2o2_pat6 =====


****** xsim v2024.2 (64-bit)

  **** SW Build 5239630 on Fri Nov 08 22:35:27 MST 2024

  **** IP Build 5239520 on Sun Nov 10 16:12:51 MST 2024

  **** SharedData Build 5239561 on Fri Nov 08 14:39:27 MST 2024

  **** Start of session at: Fri Aug 14 04:11:27 2026

    ** Copyright 1986-2022 Xilinx, Inc. All Rights Reserved.

    ** Copyright 2022-2024 Advanced Micro Devices, Inc. All Rights Reserved.



source xsim.dir/sim_p8_n1024_nh1_c2o2_pat6/xsim_script.tcl

# xsim {sim_p8_n1024_nh1_c2o2_pat6} -autoloadwcfg -runall

Time resolution is 1 ps

run -all

unified_capability_regs PASS ip_id=FACT build_id=20260813 R=512 N=1024 L=16 cout_max=4 precision=8 exact_linear=1

int8_axi_wstrb_semantics PASS

int8_valid_task PASS preload=1 repeat_start=0 wall_cycles=1004 core_compute_cycles=928 preload_est=3072 readout_est=2048

tb_ntt46_fact_lean_ip_unified_axi_lite_core PASS R=512 N=1024 L=16 Cin=2 Cout=2 Nh=1 bound=128 wall_cycles=1004 core_compute_cycles=928 preload_est=3072 readout_est=2048

$finish called at time : 33050 ns : File "<ARTIFACT_ROOT>/tb/tb_ntt46_fact_lean_ip_unified_axi_lite_core.sv" Line 780

run: Time (s): cpu = 00:00:00 ; elapsed = 00:00:08 . Memory (MB): peak = 207.031 ; gain = 0.000

exit

INFO: [Common 17-206] Exiting xsim at Fri Aug 14 04:11:38 2026...
===== END p8_n1024_nh1_c2o2_pat6 =====

===== BEGIN p8_n1024_nh1_c2o4_pat6 =====


****** xsim v2024.2 (64-bit)

  **** SW Build 5239630 on Fri Nov 08 22:35:27 MST 2024

  **** IP Build 5239520 on Sun Nov 10 16:12:51 MST 2024

  **** SharedData Build 5239561 on Fri Nov 08 14:39:27 MST 2024

  **** Start of session at: Fri Aug 14 04:11:59 2026

    ** Copyright 1986-2022 Xilinx, Inc. All Rights Reserved.

    ** Copyright 2022-2024 Advanced Micro Devices, Inc. All Rights Reserved.



source xsim.dir/sim_p8_n1024_nh1_c2o4_pat6/xsim_script.tcl

# xsim {sim_p8_n1024_nh1_c2o4_pat6} -autoloadwcfg -runall

Time resolution is 1 ps

run -all

unified_capability_regs PASS ip_id=FACT build_id=20260813 R=512 N=1024 L=16 cout_max=4 precision=8 exact_linear=1

int8_axi_wstrb_semantics PASS

int8_valid_task PASS preload=1 repeat_start=0 wall_cycles=2008 core_compute_cycles=1856 preload_est=5120 readout_est=4096

tb_ntt46_fact_lean_ip_unified_axi_lite_core PASS R=512 N=1024 L=16 Cin=2 Cout=4 Nh=1 bound=128 wall_cycles=2008 core_compute_cycles=1856 preload_est=5120 readout_est=4096

$finish called at time : 61658 ns : File "<ARTIFACT_ROOT>/tb/tb_ntt46_fact_lean_ip_unified_axi_lite_core.sv" Line 780

run: Time (s): cpu = 00:00:00 ; elapsed = 00:00:15 . Memory (MB): peak = 207.605 ; gain = 0.000

exit

INFO: xsimkernel Simulation Memory Usage: 42940 KB (Peak: 42940 KB), Simulation CPU Usage: 15546 ms

INFO: [Common 17-206] Exiting xsim at Fri Aug 14 04:12:17 2026...
===== END p8_n1024_nh1_c2o4_pat6 =====

===== BEGIN p8_n1024_nh1_c4o1_pat6 =====


****** xsim v2024.2 (64-bit)

  **** SW Build 5239630 on Fri Nov 08 22:35:27 MST 2024

  **** IP Build 5239520 on Sun Nov 10 16:12:51 MST 2024

  **** SharedData Build 5239561 on Fri Nov 08 14:39:27 MST 2024

  **** Start of session at: Fri Aug 14 04:12:38 2026

    ** Copyright 1986-2022 Xilinx, Inc. All Rights Reserved.

    ** Copyright 2022-2024 Advanced Micro Devices, Inc. All Rights Reserved.



source xsim.dir/sim_p8_n1024_nh1_c4o1_pat6/xsim_script.tcl

# xsim {sim_p8_n1024_nh1_c4o1_pat6} -autoloadwcfg -runall

Time resolution is 1 ps

run -all

unified_capability_regs PASS ip_id=FACT build_id=20260813 R=512 N=1024 L=16 cout_max=4 precision=8 exact_linear=1

int8_axi_wstrb_semantics PASS

int8_valid_task PASS preload=1 repeat_start=0 wall_cycles=902 core_compute_cycles=820 preload_est=4096 readout_est=1024

tb_ntt46_fact_lean_ip_unified_axi_lite_core PASS R=512 N=1024 L=16 Cin=4 Cout=1 Nh=1 bound=128 wall_cycles=902 core_compute_cycles=820 preload_est=4096 readout_est=1024

$finish called at time : 28554 ns : File "<ARTIFACT_ROOT>/tb/tb_ntt46_fact_lean_ip_unified_axi_lite_core.sv" Line 780

run: Time (s): cpu = 00:00:00 ; elapsed = 00:00:08 . Memory (MB): peak = 207.027 ; gain = 0.000

exit

INFO: [Common 17-206] Exiting xsim at Fri Aug 14 04:12:50 2026...
===== END p8_n1024_nh1_c4o1_pat6 =====

===== BEGIN p8_n1024_nh1_c4o2_pat6 =====


****** xsim v2024.2 (64-bit)

  **** SW Build 5239630 on Fri Nov 08 22:35:27 MST 2024

  **** IP Build 5239520 on Sun Nov 10 16:12:51 MST 2024

  **** SharedData Build 5239561 on Fri Nov 08 14:39:27 MST 2024

  **** Start of session at: Fri Aug 14 04:13:11 2026

    ** Copyright 1986-2022 Xilinx, Inc. All Rights Reserved.

    ** Copyright 2022-2024 Advanced Micro Devices, Inc. All Rights Reserved.



source xsim.dir/sim_p8_n1024_nh1_c4o2_pat6/xsim_script.tcl

# xsim {sim_p8_n1024_nh1_c4o2_pat6} -autoloadwcfg -runall

Time resolution is 1 ps

run -all

unified_capability_regs PASS ip_id=FACT build_id=20260813 R=512 N=1024 L=16 cout_max=4 precision=8 exact_linear=1

int8_axi_wstrb_semantics PASS

int8_valid_task PASS preload=1 repeat_start=0 wall_cycles=1804 core_compute_cycles=1640 preload_est=6144 readout_est=2048

tb_ntt46_fact_lean_ip_unified_axi_lite_core PASS R=512 N=1024 L=16 Cin=4 Cout=2 Nh=1 bound=128 wall_cycles=1804 core_compute_cycles=1640 preload_est=6144 readout_est=2048

$finish called at time : 48562 ns : File "<ARTIFACT_ROOT>/tb/tb_ntt46_fact_lean_ip_unified_axi_lite_core.sv" Line 780

run: Time (s): cpu = 00:00:00 ; elapsed = 00:00:12 . Memory (MB): peak = 207.086 ; gain = 0.000

exit

INFO: xsimkernel Simulation Memory Usage: 42952 KB (Peak: 42952 KB), Simulation CPU Usage: 12406 ms

INFO: [Common 17-206] Exiting xsim at Fri Aug 14 04:13:26 2026...
===== END p8_n1024_nh1_c4o2_pat6 =====

===== BEGIN p8_n1024_nh1_c4o4_pat6 =====


****** xsim v2024.2 (64-bit)

  **** SW Build 5239630 on Fri Nov 08 22:35:27 MST 2024

  **** IP Build 5239520 on Sun Nov 10 16:12:51 MST 2024

  **** SharedData Build 5239561 on Fri Nov 08 14:39:27 MST 2024

  **** Start of session at: Fri Aug 14 04:13:46 2026

    ** Copyright 1986-2022 Xilinx, Inc. All Rights Reserved.

    ** Copyright 2022-2024 Advanced Micro Devices, Inc. All Rights Reserved.



source xsim.dir/sim_p8_n1024_nh1_c4o4_pat6/xsim_script.tcl

# xsim {sim_p8_n1024_nh1_c4o4_pat6} -autoloadwcfg -runall

Time resolution is 1 ps

run -all

unified_capability_regs PASS ip_id=FACT build_id=20260813 R=512 N=1024 L=16 cout_max=4 precision=8 exact_linear=1

int8_axi_wstrb_semantics PASS

int8_valid_task PASS preload=1 repeat_start=0 wall_cycles=3608 core_compute_cycles=3280 preload_est=10240 readout_est=4096

tb_ntt46_fact_lean_ip_unified_axi_lite_core PASS R=512 N=1024 L=16 Cin=4 Cout=4 Nh=1 bound=128 wall_cycles=3608 core_compute_cycles=3280 preload_est=10240 readout_est=4096

$finish called at time : 88578 ns : File "<ARTIFACT_ROOT>/tb/tb_ntt46_fact_lean_ip_unified_axi_lite_core.sv" Line 780

run: Time (s): cpu = 00:00:00 ; elapsed = 00:00:22 . Memory (MB): peak = 207.117 ; gain = 0.000

exit

INFO: xsimkernel Simulation Memory Usage: 42936 KB (Peak: 42936 KB), Simulation CPU Usage: 21968 ms

INFO: [Common 17-206] Exiting xsim at Fri Aug 14 04:14:11 2026...
===== END p8_n1024_nh1_c4o4_pat6 =====

===== BEGIN p8_n1024_nh256_c1o1_pat6 =====


****** xsim v2024.2 (64-bit)

  **** SW Build 5239630 on Fri Nov 08 22:35:27 MST 2024

  **** IP Build 5239520 on Sun Nov 10 16:12:51 MST 2024

  **** SharedData Build 5239561 on Fri Nov 08 14:39:27 MST 2024

  **** Start of session at: Fri Aug 14 04:14:31 2026

    ** Copyright 1986-2022 Xilinx, Inc. All Rights Reserved.

    ** Copyright 2022-2024 Advanced Micro Devices, Inc. All Rights Reserved.



source xsim.dir/sim_p8_n1024_nh256_c1o1_pat6/xsim_script.tcl

# xsim {sim_p8_n1024_nh256_c1o1_pat6} -autoloadwcfg -runall

Time resolution is 1 ps

run -all

unified_capability_regs PASS ip_id=FACT build_id=20260813 R=512 N=1024 L=16 cout_max=4 precision=8 exact_linear=1

int8_axi_wstrb_semantics PASS

int8_valid_task PASS preload=1 repeat_start=0 wall_cycles=299 core_compute_cycles=283 preload_est=1024 readout_est=1024

tb_ntt46_fact_lean_ip_unified_axi_lite_core PASS R=512 N=1024 L=16 Cin=1 Cout=1 Nh=256 bound=128 wall_cycles=299 core_compute_cycles=283 preload_est=1024 readout_est=1024

$finish called at time : 13834 ns : File "<ARTIFACT_ROOT>/tb/tb_ntt46_fact_lean_ip_unified_axi_lite_core.sv" Line 780

exit

INFO: [Common 17-206] Exiting xsim at Fri Aug 14 04:14:36 2026...
===== END p8_n1024_nh256_c1o1_pat6 =====

===== BEGIN p8_n1024_nh256_c1o2_pat6 =====


****** xsim v2024.2 (64-bit)

  **** SW Build 5239630 on Fri Nov 08 22:35:27 MST 2024

  **** IP Build 5239520 on Sun Nov 10 16:12:51 MST 2024

  **** SharedData Build 5239561 on Fri Nov 08 14:39:27 MST 2024

  **** Start of session at: Fri Aug 14 04:14:57 2026

    ** Copyright 1986-2022 Xilinx, Inc. All Rights Reserved.

    ** Copyright 2022-2024 Advanced Micro Devices, Inc. All Rights Reserved.



source xsim.dir/sim_p8_n1024_nh256_c1o2_pat6/xsim_script.tcl

# xsim {sim_p8_n1024_nh256_c1o2_pat6} -autoloadwcfg -runall

Time resolution is 1 ps

run -all

unified_capability_regs PASS ip_id=FACT build_id=20260813 R=512 N=1024 L=16 cout_max=4 precision=8 exact_linear=1

int8_axi_wstrb_semantics PASS

int8_valid_task PASS preload=1 repeat_start=0 wall_cycles=624 core_compute_cycles=556 preload_est=1536 readout_est=2048

tb_ntt46_fact_lean_ip_unified_axi_lite_core PASS R=512 N=1024 L=16 Cin=1 Cout=2 Nh=256 bound=128 wall_cycles=624 core_compute_cycles=556 preload_est=1536 readout_est=2048

$finish called at time : 25374 ns : File "<ARTIFACT_ROOT>/tb/tb_ntt46_fact_lean_ip_unified_axi_lite_core.sv" Line 780

run: Time (s): cpu = 00:00:00 ; elapsed = 00:00:06 . Memory (MB): peak = 207.371 ; gain = 0.000

exit

INFO: [Common 17-206] Exiting xsim at Fri Aug 14 04:15:07 2026...
===== END p8_n1024_nh256_c1o2_pat6 =====

===== BEGIN p8_n1024_nh256_c1o4_pat6 =====


****** xsim v2024.2 (64-bit)

  **** SW Build 5239630 on Fri Nov 08 22:35:27 MST 2024

  **** IP Build 5239520 on Sun Nov 10 16:12:51 MST 2024

  **** SharedData Build 5239561 on Fri Nov 08 14:39:27 MST 2024

  **** Start of session at: Fri Aug 14 04:15:28 2026

    ** Copyright 1986-2022 Xilinx, Inc. All Rights Reserved.

    ** Copyright 2022-2024 Advanced Micro Devices, Inc. All Rights Reserved.



source xsim.dir/sim_p8_n1024_nh256_c1o4_pat6/xsim_script.tcl

# xsim {sim_p8_n1024_nh256_c1o4_pat6} -autoloadwcfg -runall

Time resolution is 1 ps

run -all

unified_capability_regs PASS ip_id=FACT build_id=20260813 R=512 N=1024 L=16 cout_max=4 precision=8 exact_linear=1

int8_axi_wstrb_semantics PASS

int8_valid_task PASS preload=1 repeat_start=0 wall_cycles=1248 core_compute_cycles=1112 preload_est=2560 readout_est=4096

tb_ntt46_fact_lean_ip_unified_axi_lite_core PASS R=512 N=1024 L=16 Cin=1 Cout=4 Nh=256 bound=128 wall_cycles=1248 core_compute_cycles=1112 preload_est=2560 readout_est=4096

$finish called at time : 48358 ns : File "<ARTIFACT_ROOT>/tb/tb_ntt46_fact_lean_ip_unified_axi_lite_core.sv" Line 780

run: Time (s): cpu = 00:00:00 ; elapsed = 00:00:12 . Memory (MB): peak = 207.277 ; gain = 0.000

exit

INFO: xsimkernel Simulation Memory Usage: 42964 KB (Peak: 42964 KB), Simulation CPU Usage: 12452 ms

INFO: [Common 17-206] Exiting xsim at Fri Aug 14 04:15:43 2026...
===== END p8_n1024_nh256_c1o4_pat6 =====

===== BEGIN p8_n1024_nh256_c2o1_pat6 =====


****** xsim v2024.2 (64-bit)

  **** SW Build 5239630 on Fri Nov 08 22:35:27 MST 2024

  **** IP Build 5239520 on Sun Nov 10 16:12:51 MST 2024

  **** SharedData Build 5239561 on Fri Nov 08 14:39:27 MST 2024

  **** Start of session at: Fri Aug 14 04:16:05 2026

    ** Copyright 1986-2022 Xilinx, Inc. All Rights Reserved.

    ** Copyright 2022-2024 Advanced Micro Devices, Inc. All Rights Reserved.



source xsim.dir/sim_p8_n1024_nh256_c2o1_pat6/xsim_script.tcl

# xsim {sim_p8_n1024_nh256_c2o1_pat6} -autoloadwcfg -runall

Time resolution is 1 ps

run -all

unified_capability_regs PASS ip_id=FACT build_id=20260813 R=512 N=1024 L=16 cout_max=4 precision=8 exact_linear=1

int8_axi_wstrb_semantics PASS

int8_valid_task PASS preload=1 repeat_start=0 wall_cycles=502 core_compute_cycles=464 preload_est=2048 readout_est=1024

tb_ntt46_fact_lean_ip_unified_axi_lite_core PASS R=512 N=1024 L=16 Cin=2 Cout=1 Nh=256 bound=128 wall_cycles=502 core_compute_cycles=464 preload_est=2048 readout_est=1024

$finish called at time : 18746 ns : File "<ARTIFACT_ROOT>/tb/tb_ntt46_fact_lean_ip_unified_axi_lite_core.sv" Line 780

run: Time (s): cpu = 00:00:00 ; elapsed = 00:00:05 . Memory (MB): peak = 207.672 ; gain = 0.000

exit

INFO: [Common 17-206] Exiting xsim at Fri Aug 14 04:16:14 2026...
===== END p8_n1024_nh256_c2o1_pat6 =====

===== BEGIN p8_n1024_nh256_c2o2_pat6 =====


****** xsim v2024.2 (64-bit)

  **** SW Build 5239630 on Fri Nov 08 22:35:27 MST 2024

  **** IP Build 5239520 on Sun Nov 10 16:12:51 MST 2024

  **** SharedData Build 5239561 on Fri Nov 08 14:39:27 MST 2024

  **** Start of session at: Fri Aug 14 04:16:34 2026

    ** Copyright 1986-2022 Xilinx, Inc. All Rights Reserved.

    ** Copyright 2022-2024 Advanced Micro Devices, Inc. All Rights Reserved.



source xsim.dir/sim_p8_n1024_nh256_c2o2_pat6/xsim_script.tcl

# xsim {sim_p8_n1024_nh256_c2o2_pat6} -autoloadwcfg -runall

Time resolution is 1 ps

run -all

unified_capability_regs PASS ip_id=FACT build_id=20260813 R=512 N=1024 L=16 cout_max=4 precision=8 exact_linear=1

int8_axi_wstrb_semantics PASS

int8_valid_task PASS preload=1 repeat_start=0 wall_cycles=1004 core_compute_cycles=928 preload_est=3072 readout_est=2048

tb_ntt46_fact_lean_ip_unified_axi_lite_core PASS R=512 N=1024 L=16 Cin=2 Cout=2 Nh=256 bound=128 wall_cycles=1004 core_compute_cycles=928 preload_est=3072 readout_est=2048

$finish called at time : 33050 ns : File "<ARTIFACT_ROOT>/tb/tb_ntt46_fact_lean_ip_unified_axi_lite_core.sv" Line 780

run: Time (s): cpu = 00:00:00 ; elapsed = 00:00:08 . Memory (MB): peak = 207.219 ; gain = 0.000

exit

INFO: [Common 17-206] Exiting xsim at Fri Aug 14 04:16:46 2026...
===== END p8_n1024_nh256_c2o2_pat6 =====

===== BEGIN p8_n1024_nh256_c2o4_pat6 =====


****** xsim v2024.2 (64-bit)

  **** SW Build 5239630 on Fri Nov 08 22:35:27 MST 2024

  **** IP Build 5239520 on Sun Nov 10 16:12:51 MST 2024

  **** SharedData Build 5239561 on Fri Nov 08 14:39:27 MST 2024

  **** Start of session at: Fri Aug 14 04:17:07 2026

    ** Copyright 1986-2022 Xilinx, Inc. All Rights Reserved.

    ** Copyright 2022-2024 Advanced Micro Devices, Inc. All Rights Reserved.



source xsim.dir/sim_p8_n1024_nh256_c2o4_pat6/xsim_script.tcl

# xsim {sim_p8_n1024_nh256_c2o4_pat6} -autoloadwcfg -runall

Time resolution is 1 ps

run -all

unified_capability_regs PASS ip_id=FACT build_id=20260813 R=512 N=1024 L=16 cout_max=4 precision=8 exact_linear=1

int8_axi_wstrb_semantics PASS

int8_valid_task PASS preload=1 repeat_start=0 wall_cycles=2008 core_compute_cycles=1856 preload_est=5120 readout_est=4096

tb_ntt46_fact_lean_ip_unified_axi_lite_core PASS R=512 N=1024 L=16 Cin=2 Cout=4 Nh=256 bound=128 wall_cycles=2008 core_compute_cycles=1856 preload_est=5120 readout_est=4096

$finish called at time : 61658 ns : File "<ARTIFACT_ROOT>/tb/tb_ntt46_fact_lean_ip_unified_axi_lite_core.sv" Line 780

run: Time (s): cpu = 00:00:00 ; elapsed = 00:00:16 . Memory (MB): peak = 207.152 ; gain = 0.000

exit

INFO: xsimkernel Simulation Memory Usage: 42964 KB (Peak: 42964 KB), Simulation CPU Usage: 16140 ms

INFO: [Common 17-206] Exiting xsim at Fri Aug 14 04:17:26 2026...
===== END p8_n1024_nh256_c2o4_pat6 =====

===== BEGIN p8_n1024_nh256_c4o1_pat6 =====


****** xsim v2024.2 (64-bit)

  **** SW Build 5239630 on Fri Nov 08 22:35:27 MST 2024

  **** IP Build 5239520 on Sun Nov 10 16:12:51 MST 2024

  **** SharedData Build 5239561 on Fri Nov 08 14:39:27 MST 2024

  **** Start of session at: Fri Aug 14 04:17:46 2026

    ** Copyright 1986-2022 Xilinx, Inc. All Rights Reserved.

    ** Copyright 2022-2024 Advanced Micro Devices, Inc. All Rights Reserved.



source xsim.dir/sim_p8_n1024_nh256_c4o1_pat6/xsim_script.tcl

# xsim {sim_p8_n1024_nh256_c4o1_pat6} -autoloadwcfg -runall

Time resolution is 1 ps

run -all

unified_capability_regs PASS ip_id=FACT build_id=20260813 R=512 N=1024 L=16 cout_max=4 precision=8 exact_linear=1

int8_axi_wstrb_semantics PASS

int8_valid_task PASS preload=1 repeat_start=0 wall_cycles=902 core_compute_cycles=820 preload_est=4096 readout_est=1024

tb_ntt46_fact_lean_ip_unified_axi_lite_core PASS R=512 N=1024 L=16 Cin=4 Cout=1 Nh=256 bound=128 wall_cycles=902 core_compute_cycles=820 preload_est=4096 readout_est=1024

$finish called at time : 28554 ns : File "<ARTIFACT_ROOT>/tb/tb_ntt46_fact_lean_ip_unified_axi_lite_core.sv" Line 780

run: Time (s): cpu = 00:00:00 ; elapsed = 00:00:07 . Memory (MB): peak = 207.359 ; gain = 0.000

exit

INFO: [Common 17-206] Exiting xsim at Fri Aug 14 04:17:56 2026...
===== END p8_n1024_nh256_c4o1_pat6 =====

===== BEGIN p8_n1024_nh256_c4o2_pat6 =====


****** xsim v2024.2 (64-bit)

  **** SW Build 5239630 on Fri Nov 08 22:35:27 MST 2024

  **** IP Build 5239520 on Sun Nov 10 16:12:51 MST 2024

  **** SharedData Build 5239561 on Fri Nov 08 14:39:27 MST 2024

  **** Start of session at: Fri Aug 14 04:18:18 2026

    ** Copyright 1986-2022 Xilinx, Inc. All Rights Reserved.

    ** Copyright 2022-2024 Advanced Micro Devices, Inc. All Rights Reserved.



source xsim.dir/sim_p8_n1024_nh256_c4o2_pat6/xsim_script.tcl

# xsim {sim_p8_n1024_nh256_c4o2_pat6} -autoloadwcfg -runall

Time resolution is 1 ps

run -all

unified_capability_regs PASS ip_id=FACT build_id=20260813 R=512 N=1024 L=16 cout_max=4 precision=8 exact_linear=1

int8_axi_wstrb_semantics PASS

int8_valid_task PASS preload=1 repeat_start=0 wall_cycles=1804 core_compute_cycles=1640 preload_est=6144 readout_est=2048

tb_ntt46_fact_lean_ip_unified_axi_lite_core PASS R=512 N=1024 L=16 Cin=4 Cout=2 Nh=256 bound=128 wall_cycles=1804 core_compute_cycles=1640 preload_est=6144 readout_est=2048

$finish called at time : 48562 ns : File "<ARTIFACT_ROOT>/tb/tb_ntt46_fact_lean_ip_unified_axi_lite_core.sv" Line 780

run: Time (s): cpu = 00:00:00 ; elapsed = 00:00:12 . Memory (MB): peak = 207.355 ; gain = 0.000

exit

INFO: xsimkernel Simulation Memory Usage: 42980 KB (Peak: 42980 KB), Simulation CPU Usage: 12921 ms

INFO: [Common 17-206] Exiting xsim at Fri Aug 14 04:18:34 2026...
===== END p8_n1024_nh256_c4o2_pat6 =====

===== BEGIN p8_n1024_nh256_c4o4_pat6 =====


****** xsim v2024.2 (64-bit)

  **** SW Build 5239630 on Fri Nov 08 22:35:27 MST 2024

  **** IP Build 5239520 on Sun Nov 10 16:12:51 MST 2024

  **** SharedData Build 5239561 on Fri Nov 08 14:39:27 MST 2024

  **** Start of session at: Fri Aug 14 04:18:55 2026

    ** Copyright 1986-2022 Xilinx, Inc. All Rights Reserved.

    ** Copyright 2022-2024 Advanced Micro Devices, Inc. All Rights Reserved.



source xsim.dir/sim_p8_n1024_nh256_c4o4_pat6/xsim_script.tcl

# xsim {sim_p8_n1024_nh256_c4o4_pat6} -autoloadwcfg -runall

Time resolution is 1 ps

run -all

unified_capability_regs PASS ip_id=FACT build_id=20260813 R=512 N=1024 L=16 cout_max=4 precision=8 exact_linear=1

int8_axi_wstrb_semantics PASS

int8_valid_task PASS preload=1 repeat_start=0 wall_cycles=3608 core_compute_cycles=3280 preload_est=10240 readout_est=4096

tb_ntt46_fact_lean_ip_unified_axi_lite_core PASS R=512 N=1024 L=16 Cin=4 Cout=4 Nh=256 bound=128 wall_cycles=3608 core_compute_cycles=3280 preload_est=10240 readout_est=4096

$finish called at time : 88578 ns : File "<ARTIFACT_ROOT>/tb/tb_ntt46_fact_lean_ip_unified_axi_lite_core.sv" Line 780

run: Time (s): cpu = 00:00:00 ; elapsed = 00:00:24 . Memory (MB): peak = 207.441 ; gain = 0.000

exit

INFO: xsimkernel Simulation Memory Usage: 42952 KB (Peak: 42952 KB), Simulation CPU Usage: 24077 ms

INFO: [Common 17-206] Exiting xsim at Fri Aug 14 04:19:22 2026...
===== END p8_n1024_nh256_c4o4_pat6 =====

===== BEGIN p8_n1024_nh511_c1o1_pat6 =====


****** xsim v2024.2 (64-bit)

  **** SW Build 5239630 on Fri Nov 08 22:35:27 MST 2024

  **** IP Build 5239520 on Sun Nov 10 16:12:51 MST 2024

  **** SharedData Build 5239561 on Fri Nov 08 14:39:27 MST 2024

  **** Start of session at: Fri Aug 14 04:19:44 2026

    ** Copyright 1986-2022 Xilinx, Inc. All Rights Reserved.

    ** Copyright 2022-2024 Advanced Micro Devices, Inc. All Rights Reserved.



source xsim.dir/sim_p8_n1024_nh511_c1o1_pat6/xsim_script.tcl

# xsim {sim_p8_n1024_nh511_c1o1_pat6} -autoloadwcfg -runall

Time resolution is 1 ps

run -all

unified_capability_regs PASS ip_id=FACT build_id=20260813 R=512 N=1024 L=16 cout_max=4 precision=8 exact_linear=1

int8_axi_wstrb_semantics PASS

int8_valid_task PASS preload=1 repeat_start=0 wall_cycles=299 core_compute_cycles=283 preload_est=1024 readout_est=1024

tb_ntt46_fact_lean_ip_unified_axi_lite_core PASS R=512 N=1024 L=16 Cin=1 Cout=1 Nh=511 bound=128 wall_cycles=299 core_compute_cycles=283 preload_est=1024 readout_est=1024

$finish called at time : 13834 ns : File "<ARTIFACT_ROOT>/tb/tb_ntt46_fact_lean_ip_unified_axi_lite_core.sv" Line 780

exit

INFO: [Common 17-206] Exiting xsim at Fri Aug 14 04:19:52 2026...
===== END p8_n1024_nh511_c1o1_pat6 =====

===== BEGIN p8_n1024_nh511_c1o2_pat6 =====


****** xsim v2024.2 (64-bit)

  **** SW Build 5239630 on Fri Nov 08 22:35:27 MST 2024

  **** IP Build 5239520 on Sun Nov 10 16:12:51 MST 2024

  **** SharedData Build 5239561 on Fri Nov 08 14:39:27 MST 2024

  **** Start of session at: Fri Aug 14 04:20:12 2026

    ** Copyright 1986-2022 Xilinx, Inc. All Rights Reserved.

    ** Copyright 2022-2024 Advanced Micro Devices, Inc. All Rights Reserved.



source xsim.dir/sim_p8_n1024_nh511_c1o2_pat6/xsim_script.tcl

# xsim {sim_p8_n1024_nh511_c1o2_pat6} -autoloadwcfg -runall

Time resolution is 1 ps

run -all

unified_capability_regs PASS ip_id=FACT build_id=20260813 R=512 N=1024 L=16 cout_max=4 precision=8 exact_linear=1

int8_axi_wstrb_semantics PASS

int8_valid_task PASS preload=1 repeat_start=0 wall_cycles=624 core_compute_cycles=556 preload_est=1536 readout_est=2048

tb_ntt46_fact_lean_ip_unified_axi_lite_core PASS R=512 N=1024 L=16 Cin=1 Cout=2 Nh=511 bound=128 wall_cycles=624 core_compute_cycles=556 preload_est=1536 readout_est=2048

$finish called at time : 25374 ns : File "<ARTIFACT_ROOT>/tb/tb_ntt46_fact_lean_ip_unified_axi_lite_core.sv" Line 780

run: Time (s): cpu = 00:00:00 ; elapsed = 00:00:06 . Memory (MB): peak = 207.035 ; gain = 0.000

exit

INFO: [Common 17-206] Exiting xsim at Fri Aug 14 04:20:22 2026...
===== END p8_n1024_nh511_c1o2_pat6 =====

===== BEGIN p8_n1024_nh511_c1o4_pat6 =====


****** xsim v2024.2 (64-bit)

  **** SW Build 5239630 on Fri Nov 08 22:35:27 MST 2024

  **** IP Build 5239520 on Sun Nov 10 16:12:51 MST 2024

  **** SharedData Build 5239561 on Fri Nov 08 14:39:27 MST 2024

  **** Start of session at: Fri Aug 14 04:20:42 2026

    ** Copyright 1986-2022 Xilinx, Inc. All Rights Reserved.

    ** Copyright 2022-2024 Advanced Micro Devices, Inc. All Rights Reserved.



source xsim.dir/sim_p8_n1024_nh511_c1o4_pat6/xsim_script.tcl

# xsim {sim_p8_n1024_nh511_c1o4_pat6} -autoloadwcfg -runall

Time resolution is 1 ps

run -all

unified_capability_regs PASS ip_id=FACT build_id=20260813 R=512 N=1024 L=16 cout_max=4 precision=8 exact_linear=1

int8_axi_wstrb_semantics PASS

int8_valid_task PASS preload=1 repeat_start=0 wall_cycles=1248 core_compute_cycles=1112 preload_est=2560 readout_est=4096

tb_ntt46_fact_lean_ip_unified_axi_lite_core PASS R=512 N=1024 L=16 Cin=1 Cout=4 Nh=511 bound=128 wall_cycles=1248 core_compute_cycles=1112 preload_est=2560 readout_est=4096

$finish called at time : 48358 ns : File "<ARTIFACT_ROOT>/tb/tb_ntt46_fact_lean_ip_unified_axi_lite_core.sv" Line 780

run: Time (s): cpu = 00:00:00 ; elapsed = 00:00:12 . Memory (MB): peak = 207.199 ; gain = 0.000

exit

INFO: xsimkernel Simulation Memory Usage: 42964 KB (Peak: 42964 KB), Simulation CPU Usage: 12952 ms

INFO: [Common 17-206] Exiting xsim at Fri Aug 14 04:20:58 2026...
===== END p8_n1024_nh511_c1o4_pat6 =====

===== BEGIN p8_n1024_nh511_c2o1_pat6 =====


****** xsim v2024.2 (64-bit)

  **** SW Build 5239630 on Fri Nov 08 22:35:27 MST 2024

  **** IP Build 5239520 on Sun Nov 10 16:12:51 MST 2024

  **** SharedData Build 5239561 on Fri Nov 08 14:39:27 MST 2024

  **** Start of session at: Fri Aug 14 04:21:20 2026

    ** Copyright 1986-2022 Xilinx, Inc. All Rights Reserved.

    ** Copyright 2022-2024 Advanced Micro Devices, Inc. All Rights Reserved.



source xsim.dir/sim_p8_n1024_nh511_c2o1_pat6/xsim_script.tcl

# xsim {sim_p8_n1024_nh511_c2o1_pat6} -autoloadwcfg -runall

Time resolution is 1 ps

run -all

unified_capability_regs PASS ip_id=FACT build_id=20260813 R=512 N=1024 L=16 cout_max=4 precision=8 exact_linear=1

int8_axi_wstrb_semantics PASS

int8_valid_task PASS preload=1 repeat_start=0 wall_cycles=502 core_compute_cycles=464 preload_est=2048 readout_est=1024

tb_ntt46_fact_lean_ip_unified_axi_lite_core PASS R=512 N=1024 L=16 Cin=2 Cout=1 Nh=511 bound=128 wall_cycles=502 core_compute_cycles=464 preload_est=2048 readout_est=1024

$finish called at time : 18746 ns : File "<ARTIFACT_ROOT>/tb/tb_ntt46_fact_lean_ip_unified_axi_lite_core.sv" Line 780

exit

INFO: [Common 17-206] Exiting xsim at Fri Aug 14 04:21:28 2026...
===== END p8_n1024_nh511_c2o1_pat6 =====

===== BEGIN p8_n1024_nh511_c2o2_pat6 =====


****** xsim v2024.2 (64-bit)

  **** SW Build 5239630 on Fri Nov 08 22:35:27 MST 2024

  **** IP Build 5239520 on Sun Nov 10 16:12:51 MST 2024

  **** SharedData Build 5239561 on Fri Nov 08 14:39:27 MST 2024

  **** Start of session at: Fri Aug 14 04:21:49 2026

    ** Copyright 1986-2022 Xilinx, Inc. All Rights Reserved.

    ** Copyright 2022-2024 Advanced Micro Devices, Inc. All Rights Reserved.



source xsim.dir/sim_p8_n1024_nh511_c2o2_pat6/xsim_script.tcl

# xsim {sim_p8_n1024_nh511_c2o2_pat6} -autoloadwcfg -runall

Time resolution is 1 ps

run -all

unified_capability_regs PASS ip_id=FACT build_id=20260813 R=512 N=1024 L=16 cout_max=4 precision=8 exact_linear=1

int8_axi_wstrb_semantics PASS

int8_valid_task PASS preload=1 repeat_start=0 wall_cycles=1004 core_compute_cycles=928 preload_est=3072 readout_est=2048

tb_ntt46_fact_lean_ip_unified_axi_lite_core PASS R=512 N=1024 L=16 Cin=2 Cout=2 Nh=511 bound=128 wall_cycles=1004 core_compute_cycles=928 preload_est=3072 readout_est=2048

$finish called at time : 33050 ns : File "<ARTIFACT_ROOT>/tb/tb_ntt46_fact_lean_ip_unified_axi_lite_core.sv" Line 780

run: Time (s): cpu = 00:00:00 ; elapsed = 00:00:08 . Memory (MB): peak = 207.191 ; gain = 0.000

exit

INFO: [Common 17-206] Exiting xsim at Fri Aug 14 04:22:01 2026...
===== END p8_n1024_nh511_c2o2_pat6 =====

===== BEGIN p8_n1024_nh511_c2o4_pat6 =====


****** xsim v2024.2 (64-bit)

  **** SW Build 5239630 on Fri Nov 08 22:35:27 MST 2024

  **** IP Build 5239520 on Sun Nov 10 16:12:51 MST 2024

  **** SharedData Build 5239561 on Fri Nov 08 14:39:27 MST 2024

  **** Start of session at: Fri Aug 14 04:22:22 2026

    ** Copyright 1986-2022 Xilinx, Inc. All Rights Reserved.

    ** Copyright 2022-2024 Advanced Micro Devices, Inc. All Rights Reserved.



source xsim.dir/sim_p8_n1024_nh511_c2o4_pat6/xsim_script.tcl

# xsim {sim_p8_n1024_nh511_c2o4_pat6} -autoloadwcfg -runall

Time resolution is 1 ps

run -all

unified_capability_regs PASS ip_id=FACT build_id=20260813 R=512 N=1024 L=16 cout_max=4 precision=8 exact_linear=1

int8_axi_wstrb_semantics PASS

int8_valid_task PASS preload=1 repeat_start=0 wall_cycles=2008 core_compute_cycles=1856 preload_est=5120 readout_est=4096

tb_ntt46_fact_lean_ip_unified_axi_lite_core PASS R=512 N=1024 L=16 Cin=2 Cout=4 Nh=511 bound=128 wall_cycles=2008 core_compute_cycles=1856 preload_est=5120 readout_est=4096

$finish called at time : 61658 ns : File "<ARTIFACT_ROOT>/tb/tb_ntt46_fact_lean_ip_unified_axi_lite_core.sv" Line 780

run: Time (s): cpu = 00:00:00 ; elapsed = 00:00:19 . Memory (MB): peak = 207.418 ; gain = 0.000

exit

INFO: xsimkernel Simulation Memory Usage: 42972 KB (Peak: 42972 KB), Simulation CPU Usage: 19030 ms

INFO: [Common 17-206] Exiting xsim at Fri Aug 14 04:22:45 2026...
===== END p8_n1024_nh511_c2o4_pat6 =====

===== BEGIN p8_n1024_nh511_c4o1_pat6 =====


****** xsim v2024.2 (64-bit)

  **** SW Build 5239630 on Fri Nov 08 22:35:27 MST 2024

  **** IP Build 5239520 on Sun Nov 10 16:12:51 MST 2024

  **** SharedData Build 5239561 on Fri Nov 08 14:39:27 MST 2024

  **** Start of session at: Fri Aug 14 04:23:09 2026

    ** Copyright 1986-2022 Xilinx, Inc. All Rights Reserved.

    ** Copyright 2022-2024 Advanced Micro Devices, Inc. All Rights Reserved.



source xsim.dir/sim_p8_n1024_nh511_c4o1_pat6/xsim_script.tcl

# xsim {sim_p8_n1024_nh511_c4o1_pat6} -autoloadwcfg -runall

Time resolution is 1 ps

run -all

unified_capability_regs PASS ip_id=FACT build_id=20260813 R=512 N=1024 L=16 cout_max=4 precision=8 exact_linear=1

int8_axi_wstrb_semantics PASS

int8_valid_task PASS preload=1 repeat_start=0 wall_cycles=902 core_compute_cycles=820 preload_est=4096 readout_est=1024

tb_ntt46_fact_lean_ip_unified_axi_lite_core PASS R=512 N=1024 L=16 Cin=4 Cout=1 Nh=511 bound=128 wall_cycles=902 core_compute_cycles=820 preload_est=4096 readout_est=1024

$finish called at time : 28554 ns : File "<ARTIFACT_ROOT>/tb/tb_ntt46_fact_lean_ip_unified_axi_lite_core.sv" Line 780

run: Time (s): cpu = 00:00:00 ; elapsed = 00:00:11 . Memory (MB): peak = 207.223 ; gain = 0.000

exit

INFO: xsimkernel Simulation Memory Usage: 42948 KB (Peak: 42948 KB), Simulation CPU Usage: 10890 ms

INFO: [Common 17-206] Exiting xsim at Fri Aug 14 04:23:24 2026...
===== END p8_n1024_nh511_c4o1_pat6 =====

===== BEGIN p8_n1024_nh511_c4o2_pat6 =====


****** xsim v2024.2 (64-bit)

  **** SW Build 5239630 on Fri Nov 08 22:35:27 MST 2024

  **** IP Build 5239520 on Sun Nov 10 16:12:51 MST 2024

  **** SharedData Build 5239561 on Fri Nov 08 14:39:27 MST 2024

  **** Start of session at: Fri Aug 14 04:23:45 2026

    ** Copyright 1986-2022 Xilinx, Inc. All Rights Reserved.

    ** Copyright 2022-2024 Advanced Micro Devices, Inc. All Rights Reserved.



source xsim.dir/sim_p8_n1024_nh511_c4o2_pat6/xsim_script.tcl

# xsim {sim_p8_n1024_nh511_c4o2_pat6} -autoloadwcfg -runall

Time resolution is 1 ps

run -all

unified_capability_regs PASS ip_id=FACT build_id=20260813 R=512 N=1024 L=16 cout_max=4 precision=8 exact_linear=1

int8_axi_wstrb_semantics PASS

int8_valid_task PASS preload=1 repeat_start=0 wall_cycles=1804 core_compute_cycles=1640 preload_est=6144 readout_est=2048

tb_ntt46_fact_lean_ip_unified_axi_lite_core PASS R=512 N=1024 L=16 Cin=4 Cout=2 Nh=511 bound=128 wall_cycles=1804 core_compute_cycles=1640 preload_est=6144 readout_est=2048

$finish called at time : 48562 ns : File "<ARTIFACT_ROOT>/tb/tb_ntt46_fact_lean_ip_unified_axi_lite_core.sv" Line 780

run: Time (s): cpu = 00:00:00 ; elapsed = 00:00:13 . Memory (MB): peak = 207.312 ; gain = 0.000

exit

INFO: xsimkernel Simulation Memory Usage: 42968 KB (Peak: 42968 KB), Simulation CPU Usage: 13952 ms

INFO: [Common 17-206] Exiting xsim at Fri Aug 14 04:24:02 2026...
===== END p8_n1024_nh511_c4o2_pat6 =====

===== BEGIN p8_n1024_nh511_c4o4_pat6 =====


****** xsim v2024.2 (64-bit)

  **** SW Build 5239630 on Fri Nov 08 22:35:27 MST 2024

  **** IP Build 5239520 on Sun Nov 10 16:12:51 MST 2024

  **** SharedData Build 5239561 on Fri Nov 08 14:39:27 MST 2024

  **** Start of session at: Fri Aug 14 04:24:24 2026

    ** Copyright 1986-2022 Xilinx, Inc. All Rights Reserved.

    ** Copyright 2022-2024 Advanced Micro Devices, Inc. All Rights Reserved.



source xsim.dir/sim_p8_n1024_nh511_c4o4_pat6/xsim_script.tcl

# xsim {sim_p8_n1024_nh511_c4o4_pat6} -autoloadwcfg -runall

Time resolution is 1 ps

run -all

unified_capability_regs PASS ip_id=FACT build_id=20260813 R=512 N=1024 L=16 cout_max=4 precision=8 exact_linear=1

int8_axi_wstrb_semantics PASS

int8_valid_task PASS preload=1 repeat_start=0 wall_cycles=3608 core_compute_cycles=3280 preload_est=10240 readout_est=4096

tb_ntt46_fact_lean_ip_unified_axi_lite_core PASS R=512 N=1024 L=16 Cin=4 Cout=4 Nh=511 bound=128 wall_cycles=3608 core_compute_cycles=3280 preload_est=10240 readout_est=4096

$finish called at time : 88578 ns : File "<ARTIFACT_ROOT>/tb/tb_ntt46_fact_lean_ip_unified_axi_lite_core.sv" Line 780

run: Time (s): cpu = 00:00:00 ; elapsed = 00:00:24 . Memory (MB): peak = 207.195 ; gain = 0.000

exit

INFO: xsimkernel Simulation Memory Usage: 42972 KB (Peak: 42972 KB), Simulation CPU Usage: 24750 ms

INFO: [Common 17-206] Exiting xsim at Fri Aug 14 04:24:52 2026...
===== END p8_n1024_nh511_c4o4_pat6 =====

===== BEGIN p8_n1024_nh511_c4o4_pat1 =====


****** xsim v2024.2 (64-bit)

  **** SW Build 5239630 on Fri Nov 08 22:35:27 MST 2024

  **** IP Build 5239520 on Sun Nov 10 16:12:51 MST 2024

  **** SharedData Build 5239561 on Fri Nov 08 14:39:27 MST 2024

  **** Start of session at: Fri Aug 14 04:25:14 2026

    ** Copyright 1986-2022 Xilinx, Inc. All Rights Reserved.

    ** Copyright 2022-2024 Advanced Micro Devices, Inc. All Rights Reserved.



source xsim.dir/sim_p8_n1024_nh511_c4o4_pat1/xsim_script.tcl

# xsim {sim_p8_n1024_nh511_c4o4_pat1} -autoloadwcfg -runall

Time resolution is 1 ps

run -all

unified_capability_regs PASS ip_id=FACT build_id=20260813 R=512 N=1024 L=16 cout_max=4 precision=8 exact_linear=1

int8_axi_wstrb_semantics PASS

int8_valid_task PASS preload=1 repeat_start=0 wall_cycles=3608 core_compute_cycles=3280 preload_est=10240 readout_est=4096

tb_ntt46_fact_lean_ip_unified_axi_lite_core PASS R=512 N=1024 L=16 Cin=4 Cout=4 Nh=511 bound=128 wall_cycles=3608 core_compute_cycles=3280 preload_est=10240 readout_est=4096

$finish called at time : 88578 ns : File "<ARTIFACT_ROOT>/tb/tb_ntt46_fact_lean_ip_unified_axi_lite_core.sv" Line 780

run: Time (s): cpu = 00:00:00 ; elapsed = 00:00:24 . Memory (MB): peak = 207.086 ; gain = 0.000

exit

INFO: xsimkernel Simulation Memory Usage: 42968 KB (Peak: 42968 KB), Simulation CPU Usage: 23843 ms

INFO: [Common 17-206] Exiting xsim at Fri Aug 14 04:25:41 2026...
===== END p8_n1024_nh511_c4o4_pat1 =====

===== BEGIN p8_n1024_nh511_c4o4_pat2 =====


****** xsim v2024.2 (64-bit)

  **** SW Build 5239630 on Fri Nov 08 22:35:27 MST 2024

  **** IP Build 5239520 on Sun Nov 10 16:12:51 MST 2024

  **** SharedData Build 5239561 on Fri Nov 08 14:39:27 MST 2024

  **** Start of session at: Fri Aug 14 04:26:03 2026

    ** Copyright 1986-2022 Xilinx, Inc. All Rights Reserved.

    ** Copyright 2022-2024 Advanced Micro Devices, Inc. All Rights Reserved.



source xsim.dir/sim_p8_n1024_nh511_c4o4_pat2/xsim_script.tcl

# xsim {sim_p8_n1024_nh511_c4o4_pat2} -autoloadwcfg -runall

Time resolution is 1 ps

run -all

unified_capability_regs PASS ip_id=FACT build_id=20260813 R=512 N=1024 L=16 cout_max=4 precision=8 exact_linear=1

int8_axi_wstrb_semantics PASS

int8_valid_task PASS preload=1 repeat_start=0 wall_cycles=3608 core_compute_cycles=3280 preload_est=10240 readout_est=4096

tb_ntt46_fact_lean_ip_unified_axi_lite_core PASS R=512 N=1024 L=16 Cin=4 Cout=4 Nh=511 bound=128 wall_cycles=3608 core_compute_cycles=3280 preload_est=10240 readout_est=4096

$finish called at time : 88578 ns : File "<ARTIFACT_ROOT>/tb/tb_ntt46_fact_lean_ip_unified_axi_lite_core.sv" Line 780

run: Time (s): cpu = 00:00:00 ; elapsed = 00:00:22 . Memory (MB): peak = 207.430 ; gain = 0.000

exit

INFO: xsimkernel Simulation Memory Usage: 42952 KB (Peak: 42952 KB), Simulation CPU Usage: 22077 ms

INFO: [Common 17-206] Exiting xsim at Fri Aug 14 04:26:28 2026...
===== END p8_n1024_nh511_c4o4_pat2 =====

===== BEGIN p8_n1024_nh511_c4o4_pat3 =====


****** xsim v2024.2 (64-bit)

  **** SW Build 5239630 on Fri Nov 08 22:35:27 MST 2024

  **** IP Build 5239520 on Sun Nov 10 16:12:51 MST 2024

  **** SharedData Build 5239561 on Fri Nov 08 14:39:27 MST 2024

  **** Start of session at: Fri Aug 14 04:26:50 2026

    ** Copyright 1986-2022 Xilinx, Inc. All Rights Reserved.

    ** Copyright 2022-2024 Advanced Micro Devices, Inc. All Rights Reserved.



source xsim.dir/sim_p8_n1024_nh511_c4o4_pat3/xsim_script.tcl

# xsim {sim_p8_n1024_nh511_c4o4_pat3} -autoloadwcfg -runall

Time resolution is 1 ps

run -all

unified_capability_regs PASS ip_id=FACT build_id=20260813 R=512 N=1024 L=16 cout_max=4 precision=8 exact_linear=1

int8_axi_wstrb_semantics PASS

int8_valid_task PASS preload=1 repeat_start=0 wall_cycles=3608 core_compute_cycles=3280 preload_est=10240 readout_est=4096

tb_ntt46_fact_lean_ip_unified_axi_lite_core PASS R=512 N=1024 L=16 Cin=4 Cout=4 Nh=511 bound=128 wall_cycles=3608 core_compute_cycles=3280 preload_est=10240 readout_est=4096

$finish called at time : 88578 ns : File "<ARTIFACT_ROOT>/tb/tb_ntt46_fact_lean_ip_unified_axi_lite_core.sv" Line 780

run: Time (s): cpu = 00:00:00 ; elapsed = 00:00:23 . Memory (MB): peak = 206.852 ; gain = 0.000

exit

INFO: xsimkernel Simulation Memory Usage: 42968 KB (Peak: 42968 KB), Simulation CPU Usage: 23906 ms

INFO: [Common 17-206] Exiting xsim at Fri Aug 14 04:27:16 2026...
===== END p8_n1024_nh511_c4o4_pat3 =====

===== BEGIN p8_n1024_nh511_c4o4_pat5 =====


****** xsim v2024.2 (64-bit)

  **** SW Build 5239630 on Fri Nov 08 22:35:27 MST 2024

  **** IP Build 5239520 on Sun Nov 10 16:12:51 MST 2024

  **** SharedData Build 5239561 on Fri Nov 08 14:39:27 MST 2024

  **** Start of session at: Fri Aug 14 04:27:39 2026

    ** Copyright 1986-2022 Xilinx, Inc. All Rights Reserved.

    ** Copyright 2022-2024 Advanced Micro Devices, Inc. All Rights Reserved.



source xsim.dir/sim_p8_n1024_nh511_c4o4_pat5/xsim_script.tcl

# xsim {sim_p8_n1024_nh511_c4o4_pat5} -autoloadwcfg -runall

Time resolution is 1 ps

run -all

unified_capability_regs PASS ip_id=FACT build_id=20260813 R=512 N=1024 L=16 cout_max=4 precision=8 exact_linear=1

int8_axi_wstrb_semantics PASS

int8_valid_task PASS preload=1 repeat_start=0 wall_cycles=3608 core_compute_cycles=3280 preload_est=10240 readout_est=4096

tb_ntt46_fact_lean_ip_unified_axi_lite_core PASS R=512 N=1024 L=16 Cin=4 Cout=4 Nh=511 bound=128 wall_cycles=3608 core_compute_cycles=3280 preload_est=10240 readout_est=4096

$finish called at time : 88578 ns : File "<ARTIFACT_ROOT>/tb/tb_ntt46_fact_lean_ip_unified_axi_lite_core.sv" Line 780

run: Time (s): cpu = 00:00:00 ; elapsed = 00:00:26 . Memory (MB): peak = 207.145 ; gain = 0.000

exit

INFO: xsimkernel Simulation Memory Usage: 42964 KB (Peak: 42964 KB), Simulation CPU Usage: 26155 ms

INFO: [Common 17-206] Exiting xsim at Fri Aug 14 04:28:09 2026...
===== END p8_n1024_nh511_c4o4_pat5 =====
