Copyright 1986-2022 Xilinx, Inc. All Rights Reserved. Copyright 2022-2024 Advanced Micro Devices, Inc. All Rights Reserved.
---------------------------------------------------------------------------------------------------------------------------------------------
| Tool Version : Vivado v.2024.2 (win64) Build 5239630 Fri Nov 08 22:35:27 MST 2024
| Date         : Thu Aug 13 19:07:17 2026
| Host              : <REDACTED>
| Command           : <REDACTED>
| Design       : ntt46_fact_lean_ip_unified_axi_lite_core
| Device       : xczu9eg-ffvb1156-2-e
| Speed File   : -2
| Design State : Fully Routed
---------------------------------------------------------------------------------------------------------------------------------------------

Report DRC

Table of Contents
-----------------
1. REPORT SUMMARY
2. REPORT DETAILS

1. REPORT SUMMARY
-----------------
            Netlist: ntt46_fact_lean_ip_unified_axi_lite_core
          Floorplan: design_1
      Design limits: <entire design considered>
           Ruledeck: default
             Max checks: <unlimited>
             Checks found: 1274
+----------+------------------+----------------------------+--------+
| Rule     | Severity         | Description                | Checks |
+----------+------------------+----------------------------+--------+
| NSTD-1   | Critical Warning | Unspecified I/O Standard   | 1      |
| UCIO-1   | Critical Warning | Unconstrained Logical Port | 1      |
| DPIP-2   | Warning          | Input pipelining           | 412    |
| DPOP-3   | Warning          | PREG Output pipelining     | 162    |
| DPOP-4   | Warning          | MREG Output pipelining     | 323    |
| PDRC-132 | Warning          | SLICE_PairEqSame_A6A5_WARN | 167    |
| PDRC-136 | Warning          | SLICE_PairEqSame_C6C5_WARN | 13     |
| PDRC-138 | Warning          | SLICE_PairEqSame_D6D5_WARN | 19     |
| PDRC-140 | Warning          | SLICE_PairEqSame_A6A5_WARN | 155    |
| PDRC-144 | Warning          | SLICE_PairEqSame_C6C5_WARN | 10     |
| PDRC-146 | Warning          | SLICE_PairEqSame_D6D5_WARN | 11     |
+----------+------------------+----------------------------+--------+

2. REPORT DETAILS
-----------------
NSTD-1#1 Critical Warning
Unspecified I/O Standard  
157 out of 157 logical ports use I/O standard (IOSTANDARD) value 'DEFAULT', instead of a user assigned specific value. This may cause I/O contention or incompatibility with the board power or connectivity affecting performance, signal integrity or in extreme cases cause damage to the device or the components to which it is connected. To correct this violation, specify all I/O standards. This design will fail to generate a bitstream unless all logical ports have a user specified I/O standard value defined. To allow bitstream creation with unspecified I/O standard values (not recommended), use this command: set_property SEVERITY {Warning} [get_drc_checks NSTD-1].  NOTE: When using the Vivado Runs infrastructure (e.g. launch_runs Tcl command), add this command to a .tcl file and add that file as a pre-hook for write_bitstream step for the implementation run. Problem ports: preload_cin[1:0], preload_cout[1:0], preload_data[18:0], preload_idx[8:0],
s_axi_araddr[7:0], s_axi_awaddr[7:0], s_axi_bresp[1:0], s_axi_rdata[31:0],
s_axi_rresp[1:0], s_axi_wdata[3], s_axi_wdata[4], s_axi_wdata[5],
s_axi_wdata[6], s_axi_wdata[7], s_axi_wdata[8]
 (the first 15 of 41 listed).
Related violations: <none>

UCIO-1#1 Critical Warning
Unconstrained Logical Port  
157 out of 157 logical ports have no user assigned specific location constraint (LOC). This may cause I/O contention or incompatibility with the board power or connectivity affecting performance, signal integrity or in extreme cases cause damage to the device or the components to which it is connected. To correct this violation, specify all pin locations. This design will fail to generate a bitstream unless all logical ports have a user specified site LOC constraint defined.  To allow bitstream creation with unspecified pin locations (not recommended), use this command: set_property SEVERITY {Warning} [get_drc_checks UCIO-1].  NOTE: When using the Vivado Runs infrastructure (e.g. launch_runs Tcl command), add this command to a .tcl file and add that file as a pre-hook for write_bitstream step for the implementation run.  Problem ports: preload_cin[1:0], preload_cout[1:0], preload_data[18:0], preload_idx[8:0],
s_axi_araddr[7:0], s_axi_awaddr[7:0], s_axi_bresp[1:0], s_axi_rdata[31:0],
s_axi_rresp[1:0], s_axi_wdata[3], s_axi_wdata[4], s_axi_wdata[5],
s_axi_wdata[6], s_axi_wdata[7], s_axi_wdata[8]
 (the first 15 of 41 listed).
Related violations: <none>

DPIP-2#1 Warning
Input pipelining  
DSP g_int4.u_precision_core/u_core/product input g_int4.u_precision_core/u_core/product/B[17:0] is not pipelined. Pipelining DSP48 input will improve performance.
Related violations: <none>

DPIP-2#2 Warning
Input pipelining  
DSP g_int4.u_precision_core/u_core/u_preload_twist_mul/g_extra_stage.product0 input g_int4.u_precision_core/u_core/u_preload_twist_mul/g_extra_stage.product0/A[29:0] is not pipelined. Pipelining DSP48 input will improve performance.
Related violations: <none>

DPIP-2#3 Warning
Input pipelining  
DSP g_int4.u_precision_core/u_core/u_preload_twist_mul/g_extra_stage.product0 input g_int4.u_precision_core/u_core/u_preload_twist_mul/g_extra_stage.product0/B[17:0] is not pipelined. Pipelining DSP48 input will improve performance.
Related violations: <none>

DPIP-2#4 Warning
Input pipelining  
DSP g_int4.u_precision_core/u_core/u_preload_twist_mul/g_extra_stage.product_s1_reg input g_int4.u_precision_core/u_core/u_preload_twist_mul/g_extra_stage.product_s1_reg/B[17:0] is not pipelined. Pipelining DSP48 input will improve performance.
Related violations: <none>

DPIP-2#5 Warning
Input pipelining  
DSP g_int4.u_precision_core/u_core/u_prod/u_core/u_core/g_product_accum.g_dedicated_mul.g_product_mul1.g_lane[4].g_tight.u_mul/u_mul/g_base_stage.product0 input g_int4.u_precision_core/u_core/u_prod/u_core/u_core/g_product_accum.g_dedicated_mul.g_product_mul1.g_lane[4].g_tight.u_mul/u_mul/g_base_stage.product0/A[29:0] is not pipelined. Pipelining DSP48 input will improve performance.
Related violations: <none>

DPIP-2#6 Warning
Input pipelining  
DSP g_int4.u_precision_core/u_core/u_prod/u_core/u_core/g_product_accum.g_dedicated_mul.g_product_mul[4].g_tight.u_mul/u_mul/g_base_stage.product0 input g_int4.u_precision_core/u_core/u_prod/u_core/u_core/g_product_accum.g_dedicated_mul.g_product_mul[4].g_tight.u_mul/u_mul/g_base_stage.product0/A[29:0] is not pipelined. Pipelining DSP48 input will improve performance.
Related violations: <none>

DPIP-2#7 Warning
Input pipelining  
DSP g_int4.u_precision_core/u_core/u_prod/u_core/u_core/u_minus_step/g_unified_lane.u_lane_group/g_lane[0].g_lane0.u_lane/g_j_dsp.g_generic.u_j_mul/g_base_stage.product0 input g_int4.u_precision_core/u_core/u_prod/u_core/u_core/u_minus_step/g_unified_lane.u_lane_group/g_lane[0].g_lane0.u_lane/g_j_dsp.g_generic.u_j_mul/g_base_stage.product0/A[29:0] is not pipelined. Pipelining DSP48 input will improve performance.
Related violations: <none>

DPIP-2#8 Warning
Input pipelining  
DSP g_int4.u_precision_core/u_core/u_prod/u_core/u_core/u_minus_step/g_unified_lane.u_lane_group/g_lane[0].g_lane0.u_lane/g_j_dsp.g_generic.u_j_mul/g_base_stage.product0 input g_int4.u_precision_core/u_core/u_prod/u_core/u_core/u_minus_step/g_unified_lane.u_lane_group/g_lane[0].g_lane0.u_lane/g_j_dsp.g_generic.u_j_mul/g_base_stage.product0/B[17:0] is not pipelined. Pipelining DSP48 input will improve performance.
Related violations: <none>

DPIP-2#9 Warning
Input pipelining  
DSP g_int4.u_precision_core/u_core/u_prod/u_core/u_core/u_minus_step/g_unified_lane.u_lane_group/g_lane[0].g_lane0.u_lane/g_j_dsp.g_generic.u_j_mul/g_base_stage.product_s1_reg input g_int4.u_precision_core/u_core/u_prod/u_core/u_core/u_minus_step/g_unified_lane.u_lane_group/g_lane[0].g_lane0.u_lane/g_j_dsp.g_generic.u_j_mul/g_base_stage.product_s1_reg/A[29:0] is not pipelined. Pipelining DSP48 input will improve performance.
Related violations: <none>

DPIP-2#10 Warning
Input pipelining  
DSP g_int4.u_precision_core/u_core/u_prod/u_core/u_core/u_minus_step/g_unified_lane.u_lane_group/g_lane[0].g_lane0.u_lane/g_j_dsp.g_generic.u_j_mul/g_base_stage.product_s1_reg input g_int4.u_precision_core/u_core/u_prod/u_core/u_core/u_minus_step/g_unified_lane.u_lane_group/g_lane[0].g_lane0.u_lane/g_j_dsp.g_generic.u_j_mul/g_base_stage.product_s1_reg/B[17:0] is not pipelined. Pipelining DSP48 input will improve performance.
Related violations: <none>

DPIP-2#11 Warning
Input pipelining  
DSP g_int4.u_precision_core/u_core/u_prod/u_core/u_core/u_minus_step/g_unified_lane.u_lane_group/g_lane[0].g_lane0.u_lane/g_tight_mul.u_mul1/u_mul/g_base_stage.product0 input g_int4.u_precision_core/u_core/u_prod/u_core/u_core/u_minus_step/g_unified_lane.u_lane_group/g_lane[0].g_lane0.u_lane/g_tight_mul.u_mul1/u_mul/g_base_stage.product0/A[29:0] is not pipelined. Pipelining DSP48 input will improve performance.
Related violations: <none>

DPIP-2#12 Warning
Input pipelining  
DSP g_int4.u_precision_core/u_core/u_prod/u_core/u_core/u_minus_step/g_unified_lane.u_lane_group/g_lane[0].g_lane0.u_lane/g_tight_mul.u_mul1/u_mul/g_base_stage.product0 input g_int4.u_precision_core/u_core/u_prod/u_core/u_core/u_minus_step/g_unified_lane.u_lane_group/g_lane[0].g_lane0.u_lane/g_tight_mul.u_mul1/u_mul/g_base_stage.product0/B[17:0] is not pipelined. Pipelining DSP48 input will improve performance.
Related violations: <none>

DPIP-2#13 Warning
Input pipelining  
DSP g_int4.u_precision_core/u_core/u_prod/u_core/u_core/u_minus_step/g_unified_lane.u_lane_group/g_lane[0].g_lane0.u_lane/g_tight_mul.u_mul1/u_mul/g_base_stage.product_s1_reg input g_int4.u_precision_core/u_core/u_prod/u_core/u_core/u_minus_step/g_unified_lane.u_lane_group/g_lane[0].g_lane0.u_lane/g_tight_mul.u_mul1/u_mul/g_base_stage.product_s1_reg/B[17:0] is not pipelined. Pipelining DSP48 input will improve performance.
Related violations: <none>

DPIP-2#14 Warning
Input pipelining  
DSP g_int4.u_precision_core/u_core/u_prod/u_core/u_core/u_minus_step/g_unified_lane.u_lane_group/g_lane[0].g_lane0.u_lane/g_tight_mul.u_mul2/u_mul/g_base_stage.product0 input g_int4.u_precision_core/u_core/u_prod/u_core/u_core/u_minus_step/g_unified_lane.u_lane_group/g_lane[0].g_lane0.u_lane/g_tight_mul.u_mul2/u_mul/g_base_stage.product0/A[29:0] is not pipelined. Pipelining DSP48 input will improve performance.
Related violations: <none>

DPIP-2#15 Warning
Input pipelining  
DSP g_int4.u_precision_core/u_core/u_prod/u_core/u_core/u_minus_step/g_unified_lane.u_lane_group/g_lane[0].g_lane0.u_lane/g_tight_mul.u_mul2/u_mul/g_base_stage.product0 input g_int4.u_precision_core/u_core/u_prod/u_core/u_core/u_minus_step/g_unified_lane.u_lane_group/g_lane[0].g_lane0.u_lane/g_tight_mul.u_mul2/u_mul/g_base_stage.product0/B[17:0] is not pipelined. Pipelining DSP48 input will improve performance.
Related violations: <none>

DPIP-2#16 Warning
Input pipelining  
DSP g_int4.u_precision_core/u_core/u_prod/u_core/u_core/u_minus_step/g_unified_lane.u_lane_group/g_lane[0].g_lane0.u_lane/g_tight_mul.u_mul2/u_mul/g_base_stage.product_s1_reg input g_int4.u_precision_core/u_core/u_prod/u_core/u_core/u_minus_step/g_unified_lane.u_lane_group/g_lane[0].g_lane0.u_lane/g_tight_mul.u_mul2/u_mul/g_base_stage.product_s1_reg/B[17:0] is not pipelined. Pipelining DSP48 input will improve performance.
Related violations: <none>

DPIP-2#17 Warning
Input pipelining  
DSP g_int4.u_precision_core/u_core/u_prod/u_core/u_core/u_minus_step/g_unified_lane.u_lane_group/g_lane[0].g_lane0.u_lane/g_tight_mul.u_mul3/u_mul/g_base_stage.product0 input g_int4.u_precision_core/u_core/u_prod/u_core/u_core/u_minus_step/g_unified_lane.u_lane_group/g_lane[0].g_lane0.u_lane/g_tight_mul.u_mul3/u_mul/g_base_stage.product0/A[29:0] is not pipelined. Pipelining DSP48 input will improve performance.
Related violations: <none>

DPIP-2#18 Warning
Input pipelining  
DSP g_int4.u_precision_core/u_core/u_prod/u_core/u_core/u_minus_step/g_unified_lane.u_lane_group/g_lane[0].g_lane0.u_lane/g_tight_mul.u_mul3/u_mul/g_base_stage.product0 input g_int4.u_precision_core/u_core/u_prod/u_core/u_core/u_minus_step/g_unified_lane.u_lane_group/g_lane[0].g_lane0.u_lane/g_tight_mul.u_mul3/u_mul/g_base_stage.product0/B[17:0] is not pipelined. Pipelining DSP48 input will improve performance.
Related violations: <none>

DPIP-2#19 Warning
Input pipelining  
DSP g_int4.u_precision_core/u_core/u_prod/u_core/u_core/u_minus_step/g_unified_lane.u_lane_group/g_lane[0].g_lane0.u_lane/g_tight_mul.u_mul3/u_mul/g_base_stage.product_s1_reg input g_int4.u_precision_core/u_core/u_prod/u_core/u_core/u_minus_step/g_unified_lane.u_lane_group/g_lane[0].g_lane0.u_lane/g_tight_mul.u_mul3/u_mul/g_base_stage.product_s1_reg/A[29:0] is not pipelined. Pipelining DSP48 input will improve performance.
Related violations: <none>

DPIP-2#20 Warning
Input pipelining  
DSP g_int4.u_precision_core/u_core/u_prod/u_core/u_core/u_minus_step/g_unified_lane.u_lane_group/g_lane[0].g_lane0.u_lane/g_tight_mul.u_mul3/u_mul/g_base_stage.product_s1_reg input g_int4.u_precision_core/u_core/u_prod/u_core/u_core/u_minus_step/g_unified_lane.u_lane_group/g_lane[0].g_lane0.u_lane/g_tight_mul.u_mul3/u_mul/g_base_stage.product_s1_reg/B[17:0] is not pipelined. Pipelining DSP48 input will improve performance.
Related violations: <none>

DPIP-2#21 Warning
Input pipelining  
DSP g_int4.u_precision_core/u_core/u_prod/u_core/u_core/u_minus_step/g_unified_lane.u_lane_group/g_lane[10].g_lane_n.u_lane/g_j_dsp.g_generic.u_j_mul/g_base_stage.product0 input g_int4.u_precision_core/u_core/u_prod/u_core/u_core/u_minus_step/g_unified_lane.u_lane_group/g_lane[10].g_lane_n.u_lane/g_j_dsp.g_generic.u_j_mul/g_base_stage.product0/A[29:0] is not pipelined. Pipelining DSP48 input will improve performance.
Related violations: <none>

DPIP-2#22 Warning
Input pipelining  
DSP g_int4.u_precision_core/u_core/u_prod/u_core/u_core/u_minus_step/g_unified_lane.u_lane_group/g_lane[10].g_lane_n.u_lane/g_j_dsp.g_generic.u_j_mul/g_base_stage.product0 input g_int4.u_precision_core/u_core/u_prod/u_core/u_core/u_minus_step/g_unified_lane.u_lane_group/g_lane[10].g_lane_n.u_lane/g_j_dsp.g_generic.u_j_mul/g_base_stage.product0/B[17:0] is not pipelined. Pipelining DSP48 input will improve performance.
Related violations: <none>

DPIP-2#23 Warning
Input pipelining  
DSP g_int4.u_precision_core/u_core/u_prod/u_core/u_core/u_minus_step/g_unified_lane.u_lane_group/g_lane[10].g_lane_n.u_lane/g_j_dsp.g_generic.u_j_mul/g_base_stage.product_s1_reg input g_int4.u_precision_core/u_core/u_prod/u_core/u_core/u_minus_step/g_unified_lane.u_lane_group/g_lane[10].g_lane_n.u_lane/g_j_dsp.g_generic.u_j_mul/g_base_stage.product_s1_reg/B[17:0] is not pipelined. Pipelining DSP48 input will improve performance.
Related violations: <none>

DPIP-2#24 Warning
Input pipelining  
DSP g_int4.u_precision_core/u_core/u_prod/u_core/u_core/u_minus_step/g_unified_lane.u_lane_group/g_lane[10].g_lane_n.u_lane/g_tight_mul.u_mul1/u_mul/g_base_stage.product0 input g_int4.u_precision_core/u_core/u_prod/u_core/u_core/u_minus_step/g_unified_lane.u_lane_group/g_lane[10].g_lane_n.u_lane/g_tight_mul.u_mul1/u_mul/g_base_stage.product0/A[29:0] is not pipelined. Pipelining DSP48 input will improve performance.
Related violations: <none>

DPIP-2#25 Warning
Input pipelining  
DSP g_int4.u_precision_core/u_core/u_prod/u_core/u_core/u_minus_step/g_unified_lane.u_lane_group/g_lane[10].g_lane_n.u_lane/g_tight_mul.u_mul1/u_mul/g_base_stage.product0 input g_int4.u_precision_core/u_core/u_prod/u_core/u_core/u_minus_step/g_unified_lane.u_lane_group/g_lane[10].g_lane_n.u_lane/g_tight_mul.u_mul1/u_mul/g_base_stage.product0/B[17:0] is not pipelined. Pipelining DSP48 input will improve performance.
Related violations: <none>

DPIP-2#26 Warning
Input pipelining  
DSP g_int4.u_precision_core/u_core/u_prod/u_core/u_core/u_minus_step/g_unified_lane.u_lane_group/g_lane[10].g_lane_n.u_lane/g_tight_mul.u_mul1/u_mul/g_base_stage.product_s1_reg input g_int4.u_precision_core/u_core/u_prod/u_core/u_core/u_minus_step/g_unified_lane.u_lane_group/g_lane[10].g_lane_n.u_lane/g_tight_mul.u_mul1/u_mul/g_base_stage.product_s1_reg/B[17:0] is not pipelined. Pipelining DSP48 input will improve performance.
Related violations: <none>

DPIP-2#27 Warning
Input pipelining  
DSP g_int4.u_precision_core/u_core/u_prod/u_core/u_core/u_minus_step/g_unified_lane.u_lane_group/g_lane[10].g_lane_n.u_lane/g_tight_mul.u_mul2/u_mul/g_base_stage.product0 input g_int4.u_precision_core/u_core/u_prod/u_core/u_core/u_minus_step/g_unified_lane.u_lane_group/g_lane[10].g_lane_n.u_lane/g_tight_mul.u_mul2/u_mul/g_base_stage.product0/A[29:0] is not pipelined. Pipelining DSP48 input will improve performance.
Related violations: <none>

DPIP-2#28 Warning
Input pipelining  
DSP g_int4.u_precision_core/u_core/u_prod/u_core/u_core/u_minus_step/g_unified_lane.u_lane_group/g_lane[10].g_lane_n.u_lane/g_tight_mul.u_mul2/u_mul/g_base_stage.product0 input g_int4.u_precision_core/u_core/u_prod/u_core/u_core/u_minus_step/g_unified_lane.u_lane_group/g_lane[10].g_lane_n.u_lane/g_tight_mul.u_mul2/u_mul/g_base_stage.product0/B[17:0] is not pipelined. Pipelining DSP48 input will improve performance.
Related violations: <none>

DPIP-2#29 Warning
Input pipelining  
DSP g_int4.u_precision_core/u_core/u_prod/u_core/u_core/u_minus_step/g_unified_lane.u_lane_group/g_lane[10].g_lane_n.u_lane/g_tight_mul.u_mul2/u_mul/g_base_stage.product_s1_reg input g_int4.u_precision_core/u_core/u_prod/u_core/u_core/u_minus_step/g_unified_lane.u_lane_group/g_lane[10].g_lane_n.u_lane/g_tight_mul.u_mul2/u_mul/g_base_stage.product_s1_reg/B[17:0] is not pipelined. Pipelining DSP48 input will improve performance.
Related violations: <none>

DPIP-2#30 Warning
Input pipelining  
DSP g_int4.u_precision_core/u_core/u_prod/u_core/u_core/u_minus_step/g_unified_lane.u_lane_group/g_lane[10].g_lane_n.u_lane/g_tight_mul.u_mul3/u_mul/g_base_stage.product0 input g_int4.u_precision_core/u_core/u_prod/u_core/u_core/u_minus_step/g_unified_lane.u_lane_group/g_lane[10].g_lane_n.u_lane/g_tight_mul.u_mul3/u_mul/g_base_stage.product0/A[29:0] is not pipelined. Pipelining DSP48 input will improve performance.
Related violations: <none>

DPIP-2#31 Warning
Input pipelining  
DSP g_int4.u_precision_core/u_core/u_prod/u_core/u_core/u_minus_step/g_unified_lane.u_lane_group/g_lane[10].g_lane_n.u_lane/g_tight_mul.u_mul3/u_mul/g_base_stage.product0 input g_int4.u_precision_core/u_core/u_prod/u_core/u_core/u_minus_step/g_unified_lane.u_lane_group/g_lane[10].g_lane_n.u_lane/g_tight_mul.u_mul3/u_mul/g_base_stage.product0/B[17:0] is not pipelined. Pipelining DSP48 input will improve performance.
Related violations: <none>

DPIP-2#32 Warning
Input pipelining  
DSP g_int4.u_precision_core/u_core/u_prod/u_core/u_core/u_minus_step/g_unified_lane.u_lane_group/g_lane[10].g_lane_n.u_lane/g_tight_mul.u_mul3/u_mul/g_base_stage.product_s1_reg input g_int4.u_precision_core/u_core/u_prod/u_core/u_core/u_minus_step/g_unified_lane.u_lane_group/g_lane[10].g_lane_n.u_lane/g_tight_mul.u_mul3/u_mul/g_base_stage.product_s1_reg/B[17:0] is not pipelined. Pipelining DSP48 input will improve performance.
Related violations: <none>

DPIP-2#33 Warning
Input pipelining  
DSP g_int4.u_precision_core/u_core/u_prod/u_core/u_core/u_minus_step/g_unified_lane.u_lane_group/g_lane[11].g_lane_n.u_lane/g_j_dsp.g_generic.u_j_mul/g_base_stage.product0 input g_int4.u_precision_core/u_core/u_prod/u_core/u_core/u_minus_step/g_unified_lane.u_lane_group/g_lane[11].g_lane_n.u_lane/g_j_dsp.g_generic.u_j_mul/g_base_stage.product0/A[29:0] is not pipelined. Pipelining DSP48 input will improve performance.
Related violations: <none>

DPIP-2#34 Warning
Input pipelining  
DSP g_int4.u_precision_core/u_core/u_prod/u_core/u_core/u_minus_step/g_unified_lane.u_lane_group/g_lane[11].g_lane_n.u_lane/g_j_dsp.g_generic.u_j_mul/g_base_stage.product0 input g_int4.u_precision_core/u_core/u_prod/u_core/u_core/u_minus_step/g_unified_lane.u_lane_group/g_lane[11].g_lane_n.u_lane/g_j_dsp.g_generic.u_j_mul/g_base_stage.product0/B[17:0] is not pipelined. Pipelining DSP48 input will improve performance.
Related violations: <none>

DPIP-2#35 Warning
Input pipelining  
DSP g_int4.u_precision_core/u_core/u_prod/u_core/u_core/u_minus_step/g_unified_lane.u_lane_group/g_lane[11].g_lane_n.u_lane/g_j_dsp.g_generic.u_j_mul/g_base_stage.product_s1_reg input g_int4.u_precision_core/u_core/u_prod/u_core/u_core/u_minus_step/g_unified_lane.u_lane_group/g_lane[11].g_lane_n.u_lane/g_j_dsp.g_generic.u_j_mul/g_base_stage.product_s1_reg/B[17:0] is not pipelined. Pipelining DSP48 input will improve performance.
Related violations: <none>

DPIP-2#36 Warning
Input pipelining  
DSP g_int4.u_precision_core/u_core/u_prod/u_core/u_core/u_minus_step/g_unified_lane.u_lane_group/g_lane[11].g_lane_n.u_lane/g_tight_mul.u_mul1/u_mul/g_base_stage.product0 input g_int4.u_precision_core/u_core/u_prod/u_core/u_core/u_minus_step/g_unified_lane.u_lane_group/g_lane[11].g_lane_n.u_lane/g_tight_mul.u_mul1/u_mul/g_base_stage.product0/A[29:0] is not pipelined. Pipelining DSP48 input will improve performance.
Related violations: <none>

DPIP-2#37 Warning
Input pipelining  
DSP g_int4.u_precision_core/u_core/u_prod/u_core/u_core/u_minus_step/g_unified_lane.u_lane_group/g_lane[11].g_lane_n.u_lane/g_tight_mul.u_mul1/u_mul/g_base_stage.product0 input g_int4.u_precision_core/u_core/u_prod/u_core/u_core/u_minus_step/g_unified_lane.u_lane_group/g_lane[11].g_lane_n.u_lane/g_tight_mul.u_mul1/u_mul/g_base_stage.product0/B[17:0] is not pipelined. Pipelining DSP48 input will improve performance.
Related violations: <none>

DPIP-2#38 Warning
Input pipelining  
DSP g_int4.u_precision_core/u_core/u_prod/u_core/u_core/u_minus_step/g_unified_lane.u_lane_group/g_lane[11].g_lane_n.u_lane/g_tight_mul.u_mul1/u_mul/g_base_stage.product_s1_reg input g_int4.u_precision_core/u_core/u_prod/u_core/u_core/u_minus_step/g_unified_lane.u_lane_group/g_lane[11].g_lane_n.u_lane/g_tight_mul.u_mul1/u_mul/g_base_stage.product_s1_reg/B[17:0] is not pipelined. Pipelining DSP48 input will improve performance.
Related violations: <none>

DPIP-2#39 Warning
Input pipelining  
DSP g_int4.u_precision_core/u_core/u_prod/u_core/u_core/u_minus_step/g_unified_lane.u_lane_group/g_lane[11].g_lane_n.u_lane/g_tight_mul.u_mul2/u_mul/g_base_stage.product0 input g_int4.u_precision_core/u_core/u_prod/u_core/u_core/u_minus_step/g_unified_lane.u_lane_group/g_lane[11].g_lane_n.u_lane/g_tight_mul.u_mul2/u_mul/g_base_stage.product0/A[29:0] is not pipelined. Pipelining DSP48 input will improve performance.
Related violations: <none>

DPIP-2#40 Warning
Input pipelining  
DSP g_int4.u_precision_core/u_core/u_prod/u_core/u_core/u_minus_step/g_unified_lane.u_lane_group/g_lane[11].g_lane_n.u_lane/g_tight_mul.u_mul2/u_mul/g_base_stage.product0 input g_int4.u_precision_core/u_core/u_prod/u_core/u_core/u_minus_step/g_unified_lane.u_lane_group/g_lane[11].g_lane_n.u_lane/g_tight_mul.u_mul2/u_mul/g_base_stage.product0/B[17:0] is not pipelined. Pipelining DSP48 input will improve performance.
Related violations: <none>

DPIP-2#41 Warning
Input pipelining  
DSP g_int4.u_precision_core/u_core/u_prod/u_core/u_core/u_minus_step/g_unified_lane.u_lane_group/g_lane[11].g_lane_n.u_lane/g_tight_mul.u_mul2/u_mul/g_base_stage.product_s1_reg input g_int4.u_precision_core/u_core/u_prod/u_core/u_core/u_minus_step/g_unified_lane.u_lane_group/g_lane[11].g_lane_n.u_lane/g_tight_mul.u_mul2/u_mul/g_base_stage.product_s1_reg/B[17:0] is not pipelined. Pipelining DSP48 input will improve performance.
Related violations: <none>

DPIP-2#42 Warning
Input pipelining  
DSP g_int4.u_precision_core/u_core/u_prod/u_core/u_core/u_minus_step/g_unified_lane.u_lane_group/g_lane[11].g_lane_n.u_lane/g_tight_mul.u_mul3/u_mul/g_base_stage.product0 input g_int4.u_precision_core/u_core/u_prod/u_core/u_core/u_minus_step/g_unified_lane.u_lane_group/g_lane[11].g_lane_n.u_lane/g_tight_mul.u_mul3/u_mul/g_base_stage.product0/A[29:0] is not pipelined. Pipelining DSP48 input will improve performance.
Related violations: <none>

DPIP-2#43 Warning
Input pipelining  
DSP g_int4.u_precision_core/u_core/u_prod/u_core/u_core/u_minus_step/g_unified_lane.u_lane_group/g_lane[11].g_lane_n.u_lane/g_tight_mul.u_mul3/u_mul/g_base_stage.product0 input g_int4.u_precision_core/u_core/u_prod/u_core/u_core/u_minus_step/g_unified_lane.u_lane_group/g_lane[11].g_lane_n.u_lane/g_tight_mul.u_mul3/u_mul/g_base_stage.product0/B[17:0] is not pipelined. Pipelining DSP48 input will improve performance.
Related violations: <none>

DPIP-2#44 Warning
Input pipelining  
DSP g_int4.u_precision_core/u_core/u_prod/u_core/u_core/u_minus_step/g_unified_lane.u_lane_group/g_lane[11].g_lane_n.u_lane/g_tight_mul.u_mul3/u_mul/g_base_stage.product_s1_reg input g_int4.u_precision_core/u_core/u_prod/u_core/u_core/u_minus_step/g_unified_lane.u_lane_group/g_lane[11].g_lane_n.u_lane/g_tight_mul.u_mul3/u_mul/g_base_stage.product_s1_reg/B[17:0] is not pipelined. Pipelining DSP48 input will improve performance.
Related violations: <none>

DPIP-2#45 Warning
Input pipelining  
DSP g_int4.u_precision_core/u_core/u_prod/u_core/u_core/u_minus_step/g_unified_lane.u_lane_group/g_lane[12].g_lane_n.u_lane/g_j_dsp.g_generic.u_j_mul/g_base_stage.product0 input g_int4.u_precision_core/u_core/u_prod/u_core/u_core/u_minus_step/g_unified_lane.u_lane_group/g_lane[12].g_lane_n.u_lane/g_j_dsp.g_generic.u_j_mul/g_base_stage.product0/A[29:0] is not pipelined. Pipelining DSP48 input will improve performance.
Related violations: <none>

DPIP-2#46 Warning
Input pipelining  
DSP g_int4.u_precision_core/u_core/u_prod/u_core/u_core/u_minus_step/g_unified_lane.u_lane_group/g_lane[12].g_lane_n.u_lane/g_j_dsp.g_generic.u_j_mul/g_base_stage.product0 input g_int4.u_precision_core/u_core/u_prod/u_core/u_core/u_minus_step/g_unified_lane.u_lane_group/g_lane[12].g_lane_n.u_lane/g_j_dsp.g_generic.u_j_mul/g_base_stage.product0/B[17:0] is not pipelined. Pipelining DSP48 input will improve performance.
Related violations: <none>

DPIP-2#47 Warning
Input pipelining  
DSP g_int4.u_precision_core/u_core/u_prod/u_core/u_core/u_minus_step/g_unified_lane.u_lane_group/g_lane[12].g_lane_n.u_lane/g_j_dsp.g_generic.u_j_mul/g_base_stage.product_s1_reg input g_int4.u_precision_core/u_core/u_prod/u_core/u_core/u_minus_step/g_unified_lane.u_lane_group/g_lane[12].g_lane_n.u_lane/g_j_dsp.g_generic.u_j_mul/g_base_stage.product_s1_reg/B[17:0] is not pipelined. Pipelining DSP48 input will improve performance.
Related violations: <none>

DPIP-2#48 Warning
Input pipelining  
DSP g_int4.u_precision_core/u_core/u_prod/u_core/u_core/u_minus_step/g_unified_lane.u_lane_group/g_lane[12].g_lane_n.u_lane/g_tight_mul.u_mul1/u_mul/g_base_stage.product0 input g_int4.u_precision_core/u_core/u_prod/u_core/u_core/u_minus_step/g_unified_lane.u_lane_group/g_lane[12].g_lane_n.u_lane/g_tight_mul.u_mul1/u_mul/g_base_stage.product0/A[29:0] is not pipelined. Pipelining DSP48 input will improve performance.
Related violations: <none>

DPIP-2#49 Warning
Input pipelining  
DSP g_int4.u_precision_core/u_core/u_prod/u_core/u_core/u_minus_step/g_unified_lane.u_lane_group/g_lane[12].g_lane_n.u_lane/g_tight_mul.u_mul1/u_mul/g_base_stage.product0 input g_int4.u_precision_core/u_core/u_prod/u_core/u_core/u_minus_step/g_unified_lane.u_lane_group/g_lane[12].g_lane_n.u_lane/g_tight_mul.u_mul1/u_mul/g_base_stage.product0/B[17:0] is not pipelined. Pipelining DSP48 input will improve performance.
Related violations: <none>

DPIP-2#50 Warning
Input pipelining  
DSP g_int4.u_precision_core/u_core/u_prod/u_core/u_core/u_minus_step/g_unified_lane.u_lane_group/g_lane[12].g_lane_n.u_lane/g_tight_mul.u_mul1/u_mul/g_base_stage.product_s1_reg input g_int4.u_precision_core/u_core/u_prod/u_core/u_core/u_minus_step/g_unified_lane.u_lane_group/g_lane[12].g_lane_n.u_lane/g_tight_mul.u_mul1/u_mul/g_base_stage.product_s1_reg/B[17:0] is not pipelined. Pipelining DSP48 input will improve performance.
Related violations: <none>

DPIP-2#51 Warning
Input pipelining  
DSP g_int4.u_precision_core/u_core/u_prod/u_core/u_core/u_minus_step/g_unified_lane.u_lane_group/g_lane[12].g_lane_n.u_lane/g_tight_mul.u_mul2/u_mul/g_base_stage.product0 input g_int4.u_precision_core/u_core/u_prod/u_core/u_core/u_minus_step/g_unified_lane.u_lane_group/g_lane[12].g_lane_n.u_lane/g_tight_mul.u_mul2/u_mul/g_base_stage.product0/A[29:0] is not pipelined. Pipelining DSP48 input will improve performance.
Related violations: <none>

DPIP-2#52 Warning
Input pipelining  
DSP g_int4.u_precision_core/u_core/u_prod/u_core/u_core/u_minus_step/g_unified_lane.u_lane_group/g_lane[12].g_lane_n.u_lane/g_tight_mul.u_mul2/u_mul/g_base_stage.product0 input g_int4.u_precision_core/u_core/u_prod/u_core/u_core/u_minus_step/g_unified_lane.u_lane_group/g_lane[12].g_lane_n.u_lane/g_tight_mul.u_mul2/u_mul/g_base_stage.product0/B[17:0] is not pipelined. Pipelining DSP48 input will improve performance.
Related violations: <none>

DPIP-2#53 Warning
Input pipelining  
DSP g_int4.u_precision_core/u_core/u_prod/u_core/u_core/u_minus_step/g_unified_lane.u_lane_group/g_lane[12].g_lane_n.u_lane/g_tight_mul.u_mul2/u_mul/g_base_stage.product_s1_reg input g_int4.u_precision_core/u_core/u_prod/u_core/u_core/u_minus_step/g_unified_lane.u_lane_group/g_lane[12].g_lane_n.u_lane/g_tight_mul.u_mul2/u_mul/g_base_stage.product_s1_reg/B[17:0] is not pipelined. Pipelining DSP48 input will improve performance.
Related violations: <none>

DPIP-2#54 Warning
Input pipelining  
DSP g_int4.u_precision_core/u_core/u_prod/u_core/u_core/u_minus_step/g_unified_lane.u_lane_group/g_lane[12].g_lane_n.u_lane/g_tight_mul.u_mul3/u_mul/g_base_stage.product0 input g_int4.u_precision_core/u_core/u_prod/u_core/u_core/u_minus_step/g_unified_lane.u_lane_group/g_lane[12].g_lane_n.u_lane/g_tight_mul.u_mul3/u_mul/g_base_stage.product0/A[29:0] is not pipelined. Pipelining DSP48 input will improve performance.
Related violations: <none>

DPIP-2#55 Warning
Input pipelining  
DSP g_int4.u_precision_core/u_core/u_prod/u_core/u_core/u_minus_step/g_unified_lane.u_lane_group/g_lane[12].g_lane_n.u_lane/g_tight_mul.u_mul3/u_mul/g_base_stage.product0 input g_int4.u_precision_core/u_core/u_prod/u_core/u_core/u_minus_step/g_unified_lane.u_lane_group/g_lane[12].g_lane_n.u_lane/g_tight_mul.u_mul3/u_mul/g_base_stage.product0/B[17:0] is not pipelined. Pipelining DSP48 input will improve performance.
Related violations: <none>

DPIP-2#56 Warning
Input pipelining  
DSP g_int4.u_precision_core/u_core/u_prod/u_core/u_core/u_minus_step/g_unified_lane.u_lane_group/g_lane[12].g_lane_n.u_lane/g_tight_mul.u_mul3/u_mul/g_base_stage.product_s1_reg input g_int4.u_precision_core/u_core/u_prod/u_core/u_core/u_minus_step/g_unified_lane.u_lane_group/g_lane[12].g_lane_n.u_lane/g_tight_mul.u_mul3/u_mul/g_base_stage.product_s1_reg/B[17:0] is not pipelined. Pipelining DSP48 input will improve performance.
Related violations: <none>

DPIP-2#57 Warning
Input pipelining  
DSP g_int4.u_precision_core/u_core/u_prod/u_core/u_core/u_minus_step/g_unified_lane.u_lane_group/g_lane[13].g_lane_n.u_lane/g_j_dsp.g_generic.u_j_mul/g_base_stage.product0 input g_int4.u_precision_core/u_core/u_prod/u_core/u_core/u_minus_step/g_unified_lane.u_lane_group/g_lane[13].g_lane_n.u_lane/g_j_dsp.g_generic.u_j_mul/g_base_stage.product0/A[29:0] is not pipelined. Pipelining DSP48 input will improve performance.
Related violations: <none>

DPIP-2#58 Warning
Input pipelining  
DSP g_int4.u_precision_core/u_core/u_prod/u_core/u_core/u_minus_step/g_unified_lane.u_lane_group/g_lane[13].g_lane_n.u_lane/g_j_dsp.g_generic.u_j_mul/g_base_stage.product0 input g_int4.u_precision_core/u_core/u_prod/u_core/u_core/u_minus_step/g_unified_lane.u_lane_group/g_lane[13].g_lane_n.u_lane/g_j_dsp.g_generic.u_j_mul/g_base_stage.product0/B[17:0] is not pipelined. Pipelining DSP48 input will improve performance.
Related violations: <none>

DPIP-2#59 Warning
Input pipelining  
DSP g_int4.u_precision_core/u_core/u_prod/u_core/u_core/u_minus_step/g_unified_lane.u_lane_group/g_lane[13].g_lane_n.u_lane/g_j_dsp.g_generic.u_j_mul/g_base_stage.product_s1_reg input g_int4.u_precision_core/u_core/u_prod/u_core/u_core/u_minus_step/g_unified_lane.u_lane_group/g_lane[13].g_lane_n.u_lane/g_j_dsp.g_generic.u_j_mul/g_base_stage.product_s1_reg/B[17:0] is not pipelined. Pipelining DSP48 input will improve performance.
Related violations: <none>

DPIP-2#60 Warning
Input pipelining  
DSP g_int4.u_precision_core/u_core/u_prod/u_core/u_core/u_minus_step/g_unified_lane.u_lane_group/g_lane[13].g_lane_n.u_lane/g_tight_mul.u_mul1/u_mul/g_base_stage.product0 input g_int4.u_precision_core/u_core/u_prod/u_core/u_core/u_minus_step/g_unified_lane.u_lane_group/g_lane[13].g_lane_n.u_lane/g_tight_mul.u_mul1/u_mul/g_base_stage.product0/A[29:0] is not pipelined. Pipelining DSP48 input will improve performance.
Related violations: <none>

DPIP-2#61 Warning
Input pipelining  
DSP g_int4.u_precision_core/u_core/u_prod/u_core/u_core/u_minus_step/g_unified_lane.u_lane_group/g_lane[13].g_lane_n.u_lane/g_tight_mul.u_mul1/u_mul/g_base_stage.product0 input g_int4.u_precision_core/u_core/u_prod/u_core/u_core/u_minus_step/g_unified_lane.u_lane_group/g_lane[13].g_lane_n.u_lane/g_tight_mul.u_mul1/u_mul/g_base_stage.product0/B[17:0] is not pipelined. Pipelining DSP48 input will improve performance.
Related violations: <none>

DPIP-2#62 Warning
Input pipelining  
DSP g_int4.u_precision_core/u_core/u_prod/u_core/u_core/u_minus_step/g_unified_lane.u_lane_group/g_lane[13].g_lane_n.u_lane/g_tight_mul.u_mul1/u_mul/g_base_stage.product_s1_reg input g_int4.u_precision_core/u_core/u_prod/u_core/u_core/u_minus_step/g_unified_lane.u_lane_group/g_lane[13].g_lane_n.u_lane/g_tight_mul.u_mul1/u_mul/g_base_stage.product_s1_reg/B[17:0] is not pipelined. Pipelining DSP48 input will improve performance.
Related violations: <none>

DPIP-2#63 Warning
Input pipelining  
DSP g_int4.u_precision_core/u_core/u_prod/u_core/u_core/u_minus_step/g_unified_lane.u_lane_group/g_lane[13].g_lane_n.u_lane/g_tight_mul.u_mul2/u_mul/g_base_stage.product0 input g_int4.u_precision_core/u_core/u_prod/u_core/u_core/u_minus_step/g_unified_lane.u_lane_group/g_lane[13].g_lane_n.u_lane/g_tight_mul.u_mul2/u_mul/g_base_stage.product0/A[29:0] is not pipelined. Pipelining DSP48 input will improve performance.
Related violations: <none>

DPIP-2#64 Warning
Input pipelining  
DSP g_int4.u_precision_core/u_core/u_prod/u_core/u_core/u_minus_step/g_unified_lane.u_lane_group/g_lane[13].g_lane_n.u_lane/g_tight_mul.u_mul2/u_mul/g_base_stage.product0 input g_int4.u_precision_core/u_core/u_prod/u_core/u_core/u_minus_step/g_unified_lane.u_lane_group/g_lane[13].g_lane_n.u_lane/g_tight_mul.u_mul2/u_mul/g_base_stage.product0/B[17:0] is not pipelined. Pipelining DSP48 input will improve performance.
Related violations: <none>

DPIP-2#65 Warning
Input pipelining  
DSP g_int4.u_precision_core/u_core/u_prod/u_core/u_core/u_minus_step/g_unified_lane.u_lane_group/g_lane[13].g_lane_n.u_lane/g_tight_mul.u_mul2/u_mul/g_base_stage.product_s1_reg input g_int4.u_precision_core/u_core/u_prod/u_core/u_core/u_minus_step/g_unified_lane.u_lane_group/g_lane[13].g_lane_n.u_lane/g_tight_mul.u_mul2/u_mul/g_base_stage.product_s1_reg/B[17:0] is not pipelined. Pipelining DSP48 input will improve performance.
Related violations: <none>

DPIP-2#66 Warning
Input pipelining  
DSP g_int4.u_precision_core/u_core/u_prod/u_core/u_core/u_minus_step/g_unified_lane.u_lane_group/g_lane[13].g_lane_n.u_lane/g_tight_mul.u_mul3/u_mul/g_base_stage.product0 input g_int4.u_precision_core/u_core/u_prod/u_core/u_core/u_minus_step/g_unified_lane.u_lane_group/g_lane[13].g_lane_n.u_lane/g_tight_mul.u_mul3/u_mul/g_base_stage.product0/A[29:0] is not pipelined. Pipelining DSP48 input will improve performance.
Related violations: <none>

DPIP-2#67 Warning
Input pipelining  
DSP g_int4.u_precision_core/u_core/u_prod/u_core/u_core/u_minus_step/g_unified_lane.u_lane_group/g_lane[13].g_lane_n.u_lane/g_tight_mul.u_mul3/u_mul/g_base_stage.product0 input g_int4.u_precision_core/u_core/u_prod/u_core/u_core/u_minus_step/g_unified_lane.u_lane_group/g_lane[13].g_lane_n.u_lane/g_tight_mul.u_mul3/u_mul/g_base_stage.product0/B[17:0] is not pipelined. Pipelining DSP48 input will improve performance.
Related violations: <none>

DPIP-2#68 Warning
Input pipelining  
DSP g_int4.u_precision_core/u_core/u_prod/u_core/u_core/u_minus_step/g_unified_lane.u_lane_group/g_lane[13].g_lane_n.u_lane/g_tight_mul.u_mul3/u_mul/g_base_stage.product_s1_reg input g_int4.u_precision_core/u_core/u_prod/u_core/u_core/u_minus_step/g_unified_lane.u_lane_group/g_lane[13].g_lane_n.u_lane/g_tight_mul.u_mul3/u_mul/g_base_stage.product_s1_reg/B[17:0] is not pipelined. Pipelining DSP48 input will improve performance.
Related violations: <none>

DPIP-2#69 Warning
Input pipelining  
DSP g_int4.u_precision_core/u_core/u_prod/u_core/u_core/u_minus_step/g_unified_lane.u_lane_group/g_lane[14].g_lane_n.u_lane/g_j_dsp.g_generic.u_j_mul/g_base_stage.product0 input g_int4.u_precision_core/u_core/u_prod/u_core/u_core/u_minus_step/g_unified_lane.u_lane_group/g_lane[14].g_lane_n.u_lane/g_j_dsp.g_generic.u_j_mul/g_base_stage.product0/A[29:0] is not pipelined. Pipelining DSP48 input will improve performance.
Related violations: <none>

DPIP-2#70 Warning
Input pipelining  
DSP g_int4.u_precision_core/u_core/u_prod/u_core/u_core/u_minus_step/g_unified_lane.u_lane_group/g_lane[14].g_lane_n.u_lane/g_j_dsp.g_generic.u_j_mul/g_base_stage.product0 input g_int4.u_precision_core/u_core/u_prod/u_core/u_core/u_minus_step/g_unified_lane.u_lane_group/g_lane[14].g_lane_n.u_lane/g_j_dsp.g_generic.u_j_mul/g_base_stage.product0/B[17:0] is not pipelined. Pipelining DSP48 input will improve performance.
Related violations: <none>

DPIP-2#71 Warning
Input pipelining  
DSP g_int4.u_precision_core/u_core/u_prod/u_core/u_core/u_minus_step/g_unified_lane.u_lane_group/g_lane[14].g_lane_n.u_lane/g_j_dsp.g_generic.u_j_mul/g_base_stage.product_s1_reg input g_int4.u_precision_core/u_core/u_prod/u_core/u_core/u_minus_step/g_unified_lane.u_lane_group/g_lane[14].g_lane_n.u_lane/g_j_dsp.g_generic.u_j_mul/g_base_stage.product_s1_reg/B[17:0] is not pipelined. Pipelining DSP48 input will improve performance.
Related violations: <none>

DPIP-2#72 Warning
Input pipelining  
DSP g_int4.u_precision_core/u_core/u_prod/u_core/u_core/u_minus_step/g_unified_lane.u_lane_group/g_lane[14].g_lane_n.u_lane/g_tight_mul.u_mul1/u_mul/g_base_stage.product0 input g_int4.u_precision_core/u_core/u_prod/u_core/u_core/u_minus_step/g_unified_lane.u_lane_group/g_lane[14].g_lane_n.u_lane/g_tight_mul.u_mul1/u_mul/g_base_stage.product0/A[29:0] is not pipelined. Pipelining DSP48 input will improve performance.
Related violations: <none>

DPIP-2#73 Warning
Input pipelining  
DSP g_int4.u_precision_core/u_core/u_prod/u_core/u_core/u_minus_step/g_unified_lane.u_lane_group/g_lane[14].g_lane_n.u_lane/g_tight_mul.u_mul1/u_mul/g_base_stage.product0 input g_int4.u_precision_core/u_core/u_prod/u_core/u_core/u_minus_step/g_unified_lane.u_lane_group/g_lane[14].g_lane_n.u_lane/g_tight_mul.u_mul1/u_mul/g_base_stage.product0/B[17:0] is not pipelined. Pipelining DSP48 input will improve performance.
Related violations: <none>

DPIP-2#74 Warning
Input pipelining  
DSP g_int4.u_precision_core/u_core/u_prod/u_core/u_core/u_minus_step/g_unified_lane.u_lane_group/g_lane[14].g_lane_n.u_lane/g_tight_mul.u_mul1/u_mul/g_base_stage.product_s1_reg input g_int4.u_precision_core/u_core/u_prod/u_core/u_core/u_minus_step/g_unified_lane.u_lane_group/g_lane[14].g_lane_n.u_lane/g_tight_mul.u_mul1/u_mul/g_base_stage.product_s1_reg/B[17:0] is not pipelined. Pipelining DSP48 input will improve performance.
Related violations: <none>

DPIP-2#75 Warning
Input pipelining  
DSP g_int4.u_precision_core/u_core/u_prod/u_core/u_core/u_minus_step/g_unified_lane.u_lane_group/g_lane[14].g_lane_n.u_lane/g_tight_mul.u_mul2/u_mul/g_base_stage.product0 input g_int4.u_precision_core/u_core/u_prod/u_core/u_core/u_minus_step/g_unified_lane.u_lane_group/g_lane[14].g_lane_n.u_lane/g_tight_mul.u_mul2/u_mul/g_base_stage.product0/A[29:0] is not pipelined. Pipelining DSP48 input will improve performance.
Related violations: <none>

DPIP-2#76 Warning
Input pipelining  
DSP g_int4.u_precision_core/u_core/u_prod/u_core/u_core/u_minus_step/g_unified_lane.u_lane_group/g_lane[14].g_lane_n.u_lane/g_tight_mul.u_mul2/u_mul/g_base_stage.product0 input g_int4.u_precision_core/u_core/u_prod/u_core/u_core/u_minus_step/g_unified_lane.u_lane_group/g_lane[14].g_lane_n.u_lane/g_tight_mul.u_mul2/u_mul/g_base_stage.product0/B[17:0] is not pipelined. Pipelining DSP48 input will improve performance.
Related violations: <none>

DPIP-2#77 Warning
Input pipelining  
DSP g_int4.u_precision_core/u_core/u_prod/u_core/u_core/u_minus_step/g_unified_lane.u_lane_group/g_lane[14].g_lane_n.u_lane/g_tight_mul.u_mul2/u_mul/g_base_stage.product_s1_reg input g_int4.u_precision_core/u_core/u_prod/u_core/u_core/u_minus_step/g_unified_lane.u_lane_group/g_lane[14].g_lane_n.u_lane/g_tight_mul.u_mul2/u_mul/g_base_stage.product_s1_reg/B[17:0] is not pipelined. Pipelining DSP48 input will improve performance.
Related violations: <none>

DPIP-2#78 Warning
Input pipelining  
DSP g_int4.u_precision_core/u_core/u_prod/u_core/u_core/u_minus_step/g_unified_lane.u_lane_group/g_lane[14].g_lane_n.u_lane/g_tight_mul.u_mul3/u_mul/g_base_stage.product0 input g_int4.u_precision_core/u_core/u_prod/u_core/u_core/u_minus_step/g_unified_lane.u_lane_group/g_lane[14].g_lane_n.u_lane/g_tight_mul.u_mul3/u_mul/g_base_stage.product0/A[29:0] is not pipelined. Pipelining DSP48 input will improve performance.
Related violations: <none>

DPIP-2#79 Warning
Input pipelining  
DSP g_int4.u_precision_core/u_core/u_prod/u_core/u_core/u_minus_step/g_unified_lane.u_lane_group/g_lane[14].g_lane_n.u_lane/g_tight_mul.u_mul3/u_mul/g_base_stage.product0 input g_int4.u_precision_core/u_core/u_prod/u_core/u_core/u_minus_step/g_unified_lane.u_lane_group/g_lane[14].g_lane_n.u_lane/g_tight_mul.u_mul3/u_mul/g_base_stage.product0/B[17:0] is not pipelined. Pipelining DSP48 input will improve performance.
Related violations: <none>

DPIP-2#80 Warning
Input pipelining  
DSP g_int4.u_precision_core/u_core/u_prod/u_core/u_core/u_minus_step/g_unified_lane.u_lane_group/g_lane[14].g_lane_n.u_lane/g_tight_mul.u_mul3/u_mul/g_base_stage.product_s1_reg input g_int4.u_precision_core/u_core/u_prod/u_core/u_core/u_minus_step/g_unified_lane.u_lane_group/g_lane[14].g_lane_n.u_lane/g_tight_mul.u_mul3/u_mul/g_base_stage.product_s1_reg/B[17:0] is not pipelined. Pipelining DSP48 input will improve performance.
Related violations: <none>

DPIP-2#81 Warning
Input pipelining  
DSP g_int4.u_precision_core/u_core/u_prod/u_core/u_core/u_minus_step/g_unified_lane.u_lane_group/g_lane[15].g_lane_n.u_lane/g_j_dsp.g_generic.u_j_mul/g_base_stage.product0 input g_int4.u_precision_core/u_core/u_prod/u_core/u_core/u_minus_step/g_unified_lane.u_lane_group/g_lane[15].g_lane_n.u_lane/g_j_dsp.g_generic.u_j_mul/g_base_stage.product0/A[29:0] is not pipelined. Pipelining DSP48 input will improve performance.
Related violations: <none>

DPIP-2#82 Warning
Input pipelining  
DSP g_int4.u_precision_core/u_core/u_prod/u_core/u_core/u_minus_step/g_unified_lane.u_lane_group/g_lane[15].g_lane_n.u_lane/g_j_dsp.g_generic.u_j_mul/g_base_stage.product0 input g_int4.u_precision_core/u_core/u_prod/u_core/u_core/u_minus_step/g_unified_lane.u_lane_group/g_lane[15].g_lane_n.u_lane/g_j_dsp.g_generic.u_j_mul/g_base_stage.product0/B[17:0] is not pipelined. Pipelining DSP48 input will improve performance.
Related violations: <none>

DPIP-2#83 Warning
Input pipelining  
DSP g_int4.u_precision_core/u_core/u_prod/u_core/u_core/u_minus_step/g_unified_lane.u_lane_group/g_lane[15].g_lane_n.u_lane/g_j_dsp.g_generic.u_j_mul/g_base_stage.product_s1_reg input g_int4.u_precision_core/u_core/u_prod/u_core/u_core/u_minus_step/g_unified_lane.u_lane_group/g_lane[15].g_lane_n.u_lane/g_j_dsp.g_generic.u_j_mul/g_base_stage.product_s1_reg/B[17:0] is not pipelined. Pipelining DSP48 input will improve performance.
Related violations: <none>

DPIP-2#84 Warning
Input pipelining  
DSP g_int4.u_precision_core/u_core/u_prod/u_core/u_core/u_minus_step/g_unified_lane.u_lane_group/g_lane[15].g_lane_n.u_lane/g_tight_mul.u_mul1/u_mul/g_base_stage.product0 input g_int4.u_precision_core/u_core/u_prod/u_core/u_core/u_minus_step/g_unified_lane.u_lane_group/g_lane[15].g_lane_n.u_lane/g_tight_mul.u_mul1/u_mul/g_base_stage.product0/A[29:0] is not pipelined. Pipelining DSP48 input will improve performance.
Related violations: <none>

DPIP-2#85 Warning
Input pipelining  
DSP g_int4.u_precision_core/u_core/u_prod/u_core/u_core/u_minus_step/g_unified_lane.u_lane_group/g_lane[15].g_lane_n.u_lane/g_tight_mul.u_mul1/u_mul/g_base_stage.product0 input g_int4.u_precision_core/u_core/u_prod/u_core/u_core/u_minus_step/g_unified_lane.u_lane_group/g_lane[15].g_lane_n.u_lane/g_tight_mul.u_mul1/u_mul/g_base_stage.product0/B[17:0] is not pipelined. Pipelining DSP48 input will improve performance.
Related violations: <none>

DPIP-2#86 Warning
Input pipelining  
DSP g_int4.u_precision_core/u_core/u_prod/u_core/u_core/u_minus_step/g_unified_lane.u_lane_group/g_lane[15].g_lane_n.u_lane/g_tight_mul.u_mul1/u_mul/g_base_stage.product_s1_reg input g_int4.u_precision_core/u_core/u_prod/u_core/u_core/u_minus_step/g_unified_lane.u_lane_group/g_lane[15].g_lane_n.u_lane/g_tight_mul.u_mul1/u_mul/g_base_stage.product_s1_reg/B[17:0] is not pipelined. Pipelining DSP48 input will improve performance.
Related violations: <none>

DPIP-2#87 Warning
Input pipelining  
DSP g_int4.u_precision_core/u_core/u_prod/u_core/u_core/u_minus_step/g_unified_lane.u_lane_group/g_lane[15].g_lane_n.u_lane/g_tight_mul.u_mul2/u_mul/g_base_stage.product0 input g_int4.u_precision_core/u_core/u_prod/u_core/u_core/u_minus_step/g_unified_lane.u_lane_group/g_lane[15].g_lane_n.u_lane/g_tight_mul.u_mul2/u_mul/g_base_stage.product0/A[29:0] is not pipelined. Pipelining DSP48 input will improve performance.
Related violations: <none>

DPIP-2#88 Warning
Input pipelining  
DSP g_int4.u_precision_core/u_core/u_prod/u_core/u_core/u_minus_step/g_unified_lane.u_lane_group/g_lane[15].g_lane_n.u_lane/g_tight_mul.u_mul2/u_mul/g_base_stage.product0 input g_int4.u_precision_core/u_core/u_prod/u_core/u_core/u_minus_step/g_unified_lane.u_lane_group/g_lane[15].g_lane_n.u_lane/g_tight_mul.u_mul2/u_mul/g_base_stage.product0/B[17:0] is not pipelined. Pipelining DSP48 input will improve performance.
Related violations: <none>

DPIP-2#89 Warning
Input pipelining  
DSP g_int4.u_precision_core/u_core/u_prod/u_core/u_core/u_minus_step/g_unified_lane.u_lane_group/g_lane[15].g_lane_n.u_lane/g_tight_mul.u_mul2/u_mul/g_base_stage.product_s1_reg input g_int4.u_precision_core/u_core/u_prod/u_core/u_core/u_minus_step/g_unified_lane.u_lane_group/g_lane[15].g_lane_n.u_lane/g_tight_mul.u_mul2/u_mul/g_base_stage.product_s1_reg/B[17:0] is not pipelined. Pipelining DSP48 input will improve performance.
Related violations: <none>

DPIP-2#90 Warning
Input pipelining  
DSP g_int4.u_precision_core/u_core/u_prod/u_core/u_core/u_minus_step/g_unified_lane.u_lane_group/g_lane[15].g_lane_n.u_lane/g_tight_mul.u_mul3/u_mul/g_base_stage.product0 input g_int4.u_precision_core/u_core/u_prod/u_core/u_core/u_minus_step/g_unified_lane.u_lane_group/g_lane[15].g_lane_n.u_lane/g_tight_mul.u_mul3/u_mul/g_base_stage.product0/A[29:0] is not pipelined. Pipelining DSP48 input will improve performance.
Related violations: <none>

DPIP-2#91 Warning
Input pipelining  
DSP g_int4.u_precision_core/u_core/u_prod/u_core/u_core/u_minus_step/g_unified_lane.u_lane_group/g_lane[15].g_lane_n.u_lane/g_tight_mul.u_mul3/u_mul/g_base_stage.product0 input g_int4.u_precision_core/u_core/u_prod/u_core/u_core/u_minus_step/g_unified_lane.u_lane_group/g_lane[15].g_lane_n.u_lane/g_tight_mul.u_mul3/u_mul/g_base_stage.product0/B[17:0] is not pipelined. Pipelining DSP48 input will improve performance.
Related violations: <none>

DPIP-2#92 Warning
Input pipelining  
DSP g_int4.u_precision_core/u_core/u_prod/u_core/u_core/u_minus_step/g_unified_lane.u_lane_group/g_lane[15].g_lane_n.u_lane/g_tight_mul.u_mul3/u_mul/g_base_stage.product_s1_reg input g_int4.u_precision_core/u_core/u_prod/u_core/u_core/u_minus_step/g_unified_lane.u_lane_group/g_lane[15].g_lane_n.u_lane/g_tight_mul.u_mul3/u_mul/g_base_stage.product_s1_reg/B[17:0] is not pipelined. Pipelining DSP48 input will improve performance.
Related violations: <none>

DPIP-2#93 Warning
Input pipelining  
DSP g_int4.u_precision_core/u_core/u_prod/u_core/u_core/u_minus_step/g_unified_lane.u_lane_group/g_lane[1].g_lane_n.u_lane/g_j_dsp.g_generic.u_j_mul/g_base_stage.product0 input g_int4.u_precision_core/u_core/u_prod/u_core/u_core/u_minus_step/g_unified_lane.u_lane_group/g_lane[1].g_lane_n.u_lane/g_j_dsp.g_generic.u_j_mul/g_base_stage.product0/A[29:0] is not pipelined. Pipelining DSP48 input will improve performance.
Related violations: <none>

DPIP-2#94 Warning
Input pipelining  
DSP g_int4.u_precision_core/u_core/u_prod/u_core/u_core/u_minus_step/g_unified_lane.u_lane_group/g_lane[1].g_lane_n.u_lane/g_j_dsp.g_generic.u_j_mul/g_base_stage.product0 input g_int4.u_precision_core/u_core/u_prod/u_core/u_core/u_minus_step/g_unified_lane.u_lane_group/g_lane[1].g_lane_n.u_lane/g_j_dsp.g_generic.u_j_mul/g_base_stage.product0/B[17:0] is not pipelined. Pipelining DSP48 input will improve performance.
Related violations: <none>

DPIP-2#95 Warning
Input pipelining  
DSP g_int4.u_precision_core/u_core/u_prod/u_core/u_core/u_minus_step/g_unified_lane.u_lane_group/g_lane[1].g_lane_n.u_lane/g_j_dsp.g_generic.u_j_mul/g_base_stage.product_s1_reg input g_int4.u_precision_core/u_core/u_prod/u_core/u_core/u_minus_step/g_unified_lane.u_lane_group/g_lane[1].g_lane_n.u_lane/g_j_dsp.g_generic.u_j_mul/g_base_stage.product_s1_reg/B[17:0] is not pipelined. Pipelining DSP48 input will improve performance.
Related violations: <none>

DPIP-2#96 Warning
Input pipelining  
DSP g_int4.u_precision_core/u_core/u_prod/u_core/u_core/u_minus_step/g_unified_lane.u_lane_group/g_lane[1].g_lane_n.u_lane/g_tight_mul.u_mul1/u_mul/g_base_stage.product0 input g_int4.u_precision_core/u_core/u_prod/u_core/u_core/u_minus_step/g_unified_lane.u_lane_group/g_lane[1].g_lane_n.u_lane/g_tight_mul.u_mul1/u_mul/g_base_stage.product0/A[29:0] is not pipelined. Pipelining DSP48 input will improve performance.
Related violations: <none>

DPIP-2#97 Warning
Input pipelining  
DSP g_int4.u_precision_core/u_core/u_prod/u_core/u_core/u_minus_step/g_unified_lane.u_lane_group/g_lane[1].g_lane_n.u_lane/g_tight_mul.u_mul1/u_mul/g_base_stage.product0 input g_int4.u_precision_core/u_core/u_prod/u_core/u_core/u_minus_step/g_unified_lane.u_lane_group/g_lane[1].g_lane_n.u_lane/g_tight_mul.u_mul1/u_mul/g_base_stage.product0/B[17:0] is not pipelined. Pipelining DSP48 input will improve performance.
Related violations: <none>

DPIP-2#98 Warning
Input pipelining  
DSP g_int4.u_precision_core/u_core/u_prod/u_core/u_core/u_minus_step/g_unified_lane.u_lane_group/g_lane[1].g_lane_n.u_lane/g_tight_mul.u_mul1/u_mul/g_base_stage.product_s1_reg input g_int4.u_precision_core/u_core/u_prod/u_core/u_core/u_minus_step/g_unified_lane.u_lane_group/g_lane[1].g_lane_n.u_lane/g_tight_mul.u_mul1/u_mul/g_base_stage.product_s1_reg/B[17:0] is not pipelined. Pipelining DSP48 input will improve performance.
Related violations: <none>

DPIP-2#99 Warning
Input pipelining  
DSP g_int4.u_precision_core/u_core/u_prod/u_core/u_core/u_minus_step/g_unified_lane.u_lane_group/g_lane[1].g_lane_n.u_lane/g_tight_mul.u_mul2/u_mul/g_base_stage.product0 input g_int4.u_precision_core/u_core/u_prod/u_core/u_core/u_minus_step/g_unified_lane.u_lane_group/g_lane[1].g_lane_n.u_lane/g_tight_mul.u_mul2/u_mul/g_base_stage.product0/A[29:0] is not pipelined. Pipelining DSP48 input will improve performance.
Related violations: <none>

DPIP-2#100 Warning
Input pipelining  
DSP g_int4.u_precision_core/u_core/u_prod/u_core/u_core/u_minus_step/g_unified_lane.u_lane_group/g_lane[1].g_lane_n.u_lane/g_tight_mul.u_mul2/u_mul/g_base_stage.product0 input g_int4.u_precision_core/u_core/u_prod/u_core/u_core/u_minus_step/g_unified_lane.u_lane_group/g_lane[1].g_lane_n.u_lane/g_tight_mul.u_mul2/u_mul/g_base_stage.product0/B[17:0] is not pipelined. Pipelining DSP48 input will improve performance.
Related violations: <none>

DPIP-2#101 Warning
Input pipelining  
DSP g_int4.u_precision_core/u_core/u_prod/u_core/u_core/u_minus_step/g_unified_lane.u_lane_group/g_lane[1].g_lane_n.u_lane/g_tight_mul.u_mul2/u_mul/g_base_stage.product_s1_reg input g_int4.u_precision_core/u_core/u_prod/u_core/u_core/u_minus_step/g_unified_lane.u_lane_group/g_lane[1].g_lane_n.u_lane/g_tight_mul.u_mul2/u_mul/g_base_stage.product_s1_reg/B[17:0] is not pipelined. Pipelining DSP48 input will improve performance.
Related violations: <none>

DPIP-2#102 Warning
Input pipelining  
DSP g_int4.u_precision_core/u_core/u_prod/u_core/u_core/u_minus_step/g_unified_lane.u_lane_group/g_lane[1].g_lane_n.u_lane/g_tight_mul.u_mul3/u_mul/g_base_stage.product0 input g_int4.u_precision_core/u_core/u_prod/u_core/u_core/u_minus_step/g_unified_lane.u_lane_group/g_lane[1].g_lane_n.u_lane/g_tight_mul.u_mul3/u_mul/g_base_stage.product0/A[29:0] is not pipelined. Pipelining DSP48 input will improve performance.
Related violations: <none>

DPIP-2#103 Warning
Input pipelining  
DSP g_int4.u_precision_core/u_core/u_prod/u_core/u_core/u_minus_step/g_unified_lane.u_lane_group/g_lane[1].g_lane_n.u_lane/g_tight_mul.u_mul3/u_mul/g_base_stage.product0 input g_int4.u_precision_core/u_core/u_prod/u_core/u_core/u_minus_step/g_unified_lane.u_lane_group/g_lane[1].g_lane_n.u_lane/g_tight_mul.u_mul3/u_mul/g_base_stage.product0/B[17:0] is not pipelined. Pipelining DSP48 input will improve performance.
Related violations: <none>

DPIP-2#104 Warning
Input pipelining  
DSP g_int4.u_precision_core/u_core/u_prod/u_core/u_core/u_minus_step/g_unified_lane.u_lane_group/g_lane[1].g_lane_n.u_lane/g_tight_mul.u_mul3/u_mul/g_base_stage.product_s1_reg input g_int4.u_precision_core/u_core/u_prod/u_core/u_core/u_minus_step/g_unified_lane.u_lane_group/g_lane[1].g_lane_n.u_lane/g_tight_mul.u_mul3/u_mul/g_base_stage.product_s1_reg/B[17:0] is not pipelined. Pipelining DSP48 input will improve performance.
Related violations: <none>

DPIP-2#105 Warning
Input pipelining  
DSP g_int4.u_precision_core/u_core/u_prod/u_core/u_core/u_minus_step/g_unified_lane.u_lane_group/g_lane[2].g_lane_n.u_lane/g_j_dsp.g_generic.u_j_mul/g_base_stage.product0 input g_int4.u_precision_core/u_core/u_prod/u_core/u_core/u_minus_step/g_unified_lane.u_lane_group/g_lane[2].g_lane_n.u_lane/g_j_dsp.g_generic.u_j_mul/g_base_stage.product0/A[29:0] is not pipelined. Pipelining DSP48 input will improve performance.
Related violations: <none>

DPIP-2#106 Warning
Input pipelining  
DSP g_int4.u_precision_core/u_core/u_prod/u_core/u_core/u_minus_step/g_unified_lane.u_lane_group/g_lane[2].g_lane_n.u_lane/g_j_dsp.g_generic.u_j_mul/g_base_stage.product0 input g_int4.u_precision_core/u_core/u_prod/u_core/u_core/u_minus_step/g_unified_lane.u_lane_group/g_lane[2].g_lane_n.u_lane/g_j_dsp.g_generic.u_j_mul/g_base_stage.product0/B[17:0] is not pipelined. Pipelining DSP48 input will improve performance.
Related violations: <none>

DPIP-2#107 Warning
Input pipelining  
DSP g_int4.u_precision_core/u_core/u_prod/u_core/u_core/u_minus_step/g_unified_lane.u_lane_group/g_lane[2].g_lane_n.u_lane/g_j_dsp.g_generic.u_j_mul/g_base_stage.product_s1_reg input g_int4.u_precision_core/u_core/u_prod/u_core/u_core/u_minus_step/g_unified_lane.u_lane_group/g_lane[2].g_lane_n.u_lane/g_j_dsp.g_generic.u_j_mul/g_base_stage.product_s1_reg/B[17:0] is not pipelined. Pipelining DSP48 input will improve performance.
Related violations: <none>

DPIP-2#108 Warning
Input pipelining  
DSP g_int4.u_precision_core/u_core/u_prod/u_core/u_core/u_minus_step/g_unified_lane.u_lane_group/g_lane[2].g_lane_n.u_lane/g_tight_mul.u_mul1/u_mul/g_base_stage.product0 input g_int4.u_precision_core/u_core/u_prod/u_core/u_core/u_minus_step/g_unified_lane.u_lane_group/g_lane[2].g_lane_n.u_lane/g_tight_mul.u_mul1/u_mul/g_base_stage.product0/A[29:0] is not pipelined. Pipelining DSP48 input will improve performance.
Related violations: <none>

DPIP-2#109 Warning
Input pipelining  
DSP g_int4.u_precision_core/u_core/u_prod/u_core/u_core/u_minus_step/g_unified_lane.u_lane_group/g_lane[2].g_lane_n.u_lane/g_tight_mul.u_mul1/u_mul/g_base_stage.product0 input g_int4.u_precision_core/u_core/u_prod/u_core/u_core/u_minus_step/g_unified_lane.u_lane_group/g_lane[2].g_lane_n.u_lane/g_tight_mul.u_mul1/u_mul/g_base_stage.product0/B[17:0] is not pipelined. Pipelining DSP48 input will improve performance.
Related violations: <none>

DPIP-2#110 Warning
Input pipelining  
DSP g_int4.u_precision_core/u_core/u_prod/u_core/u_core/u_minus_step/g_unified_lane.u_lane_group/g_lane[2].g_lane_n.u_lane/g_tight_mul.u_mul1/u_mul/g_base_stage.product_s1_reg input g_int4.u_precision_core/u_core/u_prod/u_core/u_core/u_minus_step/g_unified_lane.u_lane_group/g_lane[2].g_lane_n.u_lane/g_tight_mul.u_mul1/u_mul/g_base_stage.product_s1_reg/B[17:0] is not pipelined. Pipelining DSP48 input will improve performance.
Related violations: <none>

DPIP-2#111 Warning
Input pipelining  
DSP g_int4.u_precision_core/u_core/u_prod/u_core/u_core/u_minus_step/g_unified_lane.u_lane_group/g_lane[2].g_lane_n.u_lane/g_tight_mul.u_mul2/u_mul/g_base_stage.product0 input g_int4.u_precision_core/u_core/u_prod/u_core/u_core/u_minus_step/g_unified_lane.u_lane_group/g_lane[2].g_lane_n.u_lane/g_tight_mul.u_mul2/u_mul/g_base_stage.product0/A[29:0] is not pipelined. Pipelining DSP48 input will improve performance.
Related violations: <none>

DPIP-2#112 Warning
Input pipelining  
DSP g_int4.u_precision_core/u_core/u_prod/u_core/u_core/u_minus_step/g_unified_lane.u_lane_group/g_lane[2].g_lane_n.u_lane/g_tight_mul.u_mul2/u_mul/g_base_stage.product0 input g_int4.u_precision_core/u_core/u_prod/u_core/u_core/u_minus_step/g_unified_lane.u_lane_group/g_lane[2].g_lane_n.u_lane/g_tight_mul.u_mul2/u_mul/g_base_stage.product0/B[17:0] is not pipelined. Pipelining DSP48 input will improve performance.
Related violations: <none>

DPIP-2#113 Warning
Input pipelining  
DSP g_int4.u_precision_core/u_core/u_prod/u_core/u_core/u_minus_step/g_unified_lane.u_lane_group/g_lane[2].g_lane_n.u_lane/g_tight_mul.u_mul2/u_mul/g_base_stage.product_s1_reg input g_int4.u_precision_core/u_core/u_prod/u_core/u_core/u_minus_step/g_unified_lane.u_lane_group/g_lane[2].g_lane_n.u_lane/g_tight_mul.u_mul2/u_mul/g_base_stage.product_s1_reg/B[17:0] is not pipelined. Pipelining DSP48 input will improve performance.
Related violations: <none>

DPIP-2#114 Warning
Input pipelining  
DSP g_int4.u_precision_core/u_core/u_prod/u_core/u_core/u_minus_step/g_unified_lane.u_lane_group/g_lane[2].g_lane_n.u_lane/g_tight_mul.u_mul3/u_mul/g_base_stage.product0 input g_int4.u_precision_core/u_core/u_prod/u_core/u_core/u_minus_step/g_unified_lane.u_lane_group/g_lane[2].g_lane_n.u_lane/g_tight_mul.u_mul3/u_mul/g_base_stage.product0/A[29:0] is not pipelined. Pipelining DSP48 input will improve performance.
Related violations: <none>

DPIP-2#115 Warning
Input pipelining  
DSP g_int4.u_precision_core/u_core/u_prod/u_core/u_core/u_minus_step/g_unified_lane.u_lane_group/g_lane[2].g_lane_n.u_lane/g_tight_mul.u_mul3/u_mul/g_base_stage.product0 input g_int4.u_precision_core/u_core/u_prod/u_core/u_core/u_minus_step/g_unified_lane.u_lane_group/g_lane[2].g_lane_n.u_lane/g_tight_mul.u_mul3/u_mul/g_base_stage.product0/B[17:0] is not pipelined. Pipelining DSP48 input will improve performance.
Related violations: <none>

DPIP-2#116 Warning
Input pipelining  
DSP g_int4.u_precision_core/u_core/u_prod/u_core/u_core/u_minus_step/g_unified_lane.u_lane_group/g_lane[2].g_lane_n.u_lane/g_tight_mul.u_mul3/u_mul/g_base_stage.product_s1_reg input g_int4.u_precision_core/u_core/u_prod/u_core/u_core/u_minus_step/g_unified_lane.u_lane_group/g_lane[2].g_lane_n.u_lane/g_tight_mul.u_mul3/u_mul/g_base_stage.product_s1_reg/B[17:0] is not pipelined. Pipelining DSP48 input will improve performance.
Related violations: <none>

DPIP-2#117 Warning
Input pipelining  
DSP g_int4.u_precision_core/u_core/u_prod/u_core/u_core/u_minus_step/g_unified_lane.u_lane_group/g_lane[3].g_lane_n.u_lane/g_j_dsp.g_generic.u_j_mul/g_base_stage.product0 input g_int4.u_precision_core/u_core/u_prod/u_core/u_core/u_minus_step/g_unified_lane.u_lane_group/g_lane[3].g_lane_n.u_lane/g_j_dsp.g_generic.u_j_mul/g_base_stage.product0/A[29:0] is not pipelined. Pipelining DSP48 input will improve performance.
Related violations: <none>

DPIP-2#118 Warning
Input pipelining  
DSP g_int4.u_precision_core/u_core/u_prod/u_core/u_core/u_minus_step/g_unified_lane.u_lane_group/g_lane[3].g_lane_n.u_lane/g_j_dsp.g_generic.u_j_mul/g_base_stage.product0 input g_int4.u_precision_core/u_core/u_prod/u_core/u_core/u_minus_step/g_unified_lane.u_lane_group/g_lane[3].g_lane_n.u_lane/g_j_dsp.g_generic.u_j_mul/g_base_stage.product0/B[17:0] is not pipelined. Pipelining DSP48 input will improve performance.
Related violations: <none>

DPIP-2#119 Warning
Input pipelining  
DSP g_int4.u_precision_core/u_core/u_prod/u_core/u_core/u_minus_step/g_unified_lane.u_lane_group/g_lane[3].g_lane_n.u_lane/g_j_dsp.g_generic.u_j_mul/g_base_stage.product_s1_reg input g_int4.u_precision_core/u_core/u_prod/u_core/u_core/u_minus_step/g_unified_lane.u_lane_group/g_lane[3].g_lane_n.u_lane/g_j_dsp.g_generic.u_j_mul/g_base_stage.product_s1_reg/B[17:0] is not pipelined. Pipelining DSP48 input will improve performance.
Related violations: <none>

DPIP-2#120 Warning
Input pipelining  
DSP g_int4.u_precision_core/u_core/u_prod/u_core/u_core/u_minus_step/g_unified_lane.u_lane_group/g_lane[3].g_lane_n.u_lane/g_tight_mul.u_mul1/u_mul/g_base_stage.product0 input g_int4.u_precision_core/u_core/u_prod/u_core/u_core/u_minus_step/g_unified_lane.u_lane_group/g_lane[3].g_lane_n.u_lane/g_tight_mul.u_mul1/u_mul/g_base_stage.product0/A[29:0] is not pipelined. Pipelining DSP48 input will improve performance.
Related violations: <none>

DPIP-2#121 Warning
Input pipelining  
DSP g_int4.u_precision_core/u_core/u_prod/u_core/u_core/u_minus_step/g_unified_lane.u_lane_group/g_lane[3].g_lane_n.u_lane/g_tight_mul.u_mul1/u_mul/g_base_stage.product0 input g_int4.u_precision_core/u_core/u_prod/u_core/u_core/u_minus_step/g_unified_lane.u_lane_group/g_lane[3].g_lane_n.u_lane/g_tight_mul.u_mul1/u_mul/g_base_stage.product0/B[17:0] is not pipelined. Pipelining DSP48 input will improve performance.
Related violations: <none>

DPIP-2#122 Warning
Input pipelining  
DSP g_int4.u_precision_core/u_core/u_prod/u_core/u_core/u_minus_step/g_unified_lane.u_lane_group/g_lane[3].g_lane_n.u_lane/g_tight_mul.u_mul1/u_mul/g_base_stage.product_s1_reg input g_int4.u_precision_core/u_core/u_prod/u_core/u_core/u_minus_step/g_unified_lane.u_lane_group/g_lane[3].g_lane_n.u_lane/g_tight_mul.u_mul1/u_mul/g_base_stage.product_s1_reg/B[17:0] is not pipelined. Pipelining DSP48 input will improve performance.
Related violations: <none>

DPIP-2#123 Warning
Input pipelining  
DSP g_int4.u_precision_core/u_core/u_prod/u_core/u_core/u_minus_step/g_unified_lane.u_lane_group/g_lane[3].g_lane_n.u_lane/g_tight_mul.u_mul2/u_mul/g_base_stage.product0 input g_int4.u_precision_core/u_core/u_prod/u_core/u_core/u_minus_step/g_unified_lane.u_lane_group/g_lane[3].g_lane_n.u_lane/g_tight_mul.u_mul2/u_mul/g_base_stage.product0/A[29:0] is not pipelined. Pipelining DSP48 input will improve performance.
Related violations: <none>

DPIP-2#124 Warning
Input pipelining  
DSP g_int4.u_precision_core/u_core/u_prod/u_core/u_core/u_minus_step/g_unified_lane.u_lane_group/g_lane[3].g_lane_n.u_lane/g_tight_mul.u_mul2/u_mul/g_base_stage.product0 input g_int4.u_precision_core/u_core/u_prod/u_core/u_core/u_minus_step/g_unified_lane.u_lane_group/g_lane[3].g_lane_n.u_lane/g_tight_mul.u_mul2/u_mul/g_base_stage.product0/B[17:0] is not pipelined. Pipelining DSP48 input will improve performance.
Related violations: <none>

DPIP-2#125 Warning
Input pipelining  
DSP g_int4.u_precision_core/u_core/u_prod/u_core/u_core/u_minus_step/g_unified_lane.u_lane_group/g_lane[3].g_lane_n.u_lane/g_tight_mul.u_mul2/u_mul/g_base_stage.product_s1_reg input g_int4.u_precision_core/u_core/u_prod/u_core/u_core/u_minus_step/g_unified_lane.u_lane_group/g_lane[3].g_lane_n.u_lane/g_tight_mul.u_mul2/u_mul/g_base_stage.product_s1_reg/B[17:0] is not pipelined. Pipelining DSP48 input will improve performance.
Related violations: <none>

DPIP-2#126 Warning
Input pipelining  
DSP g_int4.u_precision_core/u_core/u_prod/u_core/u_core/u_minus_step/g_unified_lane.u_lane_group/g_lane[3].g_lane_n.u_lane/g_tight_mul.u_mul3/u_mul/g_base_stage.product0 input g_int4.u_precision_core/u_core/u_prod/u_core/u_core/u_minus_step/g_unified_lane.u_lane_group/g_lane[3].g_lane_n.u_lane/g_tight_mul.u_mul3/u_mul/g_base_stage.product0/A[29:0] is not pipelined. Pipelining DSP48 input will improve performance.
Related violations: <none>

DPIP-2#127 Warning
Input pipelining  
DSP g_int4.u_precision_core/u_core/u_prod/u_core/u_core/u_minus_step/g_unified_lane.u_lane_group/g_lane[3].g_lane_n.u_lane/g_tight_mul.u_mul3/u_mul/g_base_stage.product0 input g_int4.u_precision_core/u_core/u_prod/u_core/u_core/u_minus_step/g_unified_lane.u_lane_group/g_lane[3].g_lane_n.u_lane/g_tight_mul.u_mul3/u_mul/g_base_stage.product0/B[17:0] is not pipelined. Pipelining DSP48 input will improve performance.
Related violations: <none>

DPIP-2#128 Warning
Input pipelining  
DSP g_int4.u_precision_core/u_core/u_prod/u_core/u_core/u_minus_step/g_unified_lane.u_lane_group/g_lane[3].g_lane_n.u_lane/g_tight_mul.u_mul3/u_mul/g_base_stage.product_s1_reg input g_int4.u_precision_core/u_core/u_prod/u_core/u_core/u_minus_step/g_unified_lane.u_lane_group/g_lane[3].g_lane_n.u_lane/g_tight_mul.u_mul3/u_mul/g_base_stage.product_s1_reg/B[17:0] is not pipelined. Pipelining DSP48 input will improve performance.
Related violations: <none>

DPIP-2#129 Warning
Input pipelining  
DSP g_int4.u_precision_core/u_core/u_prod/u_core/u_core/u_minus_step/g_unified_lane.u_lane_group/g_lane[4].g_lane_n.u_lane/g_j_dsp.g_generic.u_j_mul/g_base_stage.product0 input g_int4.u_precision_core/u_core/u_prod/u_core/u_core/u_minus_step/g_unified_lane.u_lane_group/g_lane[4].g_lane_n.u_lane/g_j_dsp.g_generic.u_j_mul/g_base_stage.product0/A[29:0] is not pipelined. Pipelining DSP48 input will improve performance.
Related violations: <none>

DPIP-2#130 Warning
Input pipelining  
DSP g_int4.u_precision_core/u_core/u_prod/u_core/u_core/u_minus_step/g_unified_lane.u_lane_group/g_lane[4].g_lane_n.u_lane/g_j_dsp.g_generic.u_j_mul/g_base_stage.product0 input g_int4.u_precision_core/u_core/u_prod/u_core/u_core/u_minus_step/g_unified_lane.u_lane_group/g_lane[4].g_lane_n.u_lane/g_j_dsp.g_generic.u_j_mul/g_base_stage.product0/B[17:0] is not pipelined. Pipelining DSP48 input will improve performance.
Related violations: <none>

DPIP-2#131 Warning
Input pipelining  
DSP g_int4.u_precision_core/u_core/u_prod/u_core/u_core/u_minus_step/g_unified_lane.u_lane_group/g_lane[4].g_lane_n.u_lane/g_j_dsp.g_generic.u_j_mul/g_base_stage.product_s1_reg input g_int4.u_precision_core/u_core/u_prod/u_core/u_core/u_minus_step/g_unified_lane.u_lane_group/g_lane[4].g_lane_n.u_lane/g_j_dsp.g_generic.u_j_mul/g_base_stage.product_s1_reg/B[17:0] is not pipelined. Pipelining DSP48 input will improve performance.
Related violations: <none>

DPIP-2#132 Warning
Input pipelining  
DSP g_int4.u_precision_core/u_core/u_prod/u_core/u_core/u_minus_step/g_unified_lane.u_lane_group/g_lane[4].g_lane_n.u_lane/g_tight_mul.u_mul1/u_mul/g_base_stage.product0 input g_int4.u_precision_core/u_core/u_prod/u_core/u_core/u_minus_step/g_unified_lane.u_lane_group/g_lane[4].g_lane_n.u_lane/g_tight_mul.u_mul1/u_mul/g_base_stage.product0/A[29:0] is not pipelined. Pipelining DSP48 input will improve performance.
Related violations: <none>

DPIP-2#133 Warning
Input pipelining  
DSP g_int4.u_precision_core/u_core/u_prod/u_core/u_core/u_minus_step/g_unified_lane.u_lane_group/g_lane[4].g_lane_n.u_lane/g_tight_mul.u_mul1/u_mul/g_base_stage.product0 input g_int4.u_precision_core/u_core/u_prod/u_core/u_core/u_minus_step/g_unified_lane.u_lane_group/g_lane[4].g_lane_n.u_lane/g_tight_mul.u_mul1/u_mul/g_base_stage.product0/B[17:0] is not pipelined. Pipelining DSP48 input will improve performance.
Related violations: <none>

DPIP-2#134 Warning
Input pipelining  
DSP g_int4.u_precision_core/u_core/u_prod/u_core/u_core/u_minus_step/g_unified_lane.u_lane_group/g_lane[4].g_lane_n.u_lane/g_tight_mul.u_mul1/u_mul/g_base_stage.product_s1_reg input g_int4.u_precision_core/u_core/u_prod/u_core/u_core/u_minus_step/g_unified_lane.u_lane_group/g_lane[4].g_lane_n.u_lane/g_tight_mul.u_mul1/u_mul/g_base_stage.product_s1_reg/B[17:0] is not pipelined. Pipelining DSP48 input will improve performance.
Related violations: <none>

DPIP-2#135 Warning
Input pipelining  
DSP g_int4.u_precision_core/u_core/u_prod/u_core/u_core/u_minus_step/g_unified_lane.u_lane_group/g_lane[4].g_lane_n.u_lane/g_tight_mul.u_mul2/u_mul/g_base_stage.product0 input g_int4.u_precision_core/u_core/u_prod/u_core/u_core/u_minus_step/g_unified_lane.u_lane_group/g_lane[4].g_lane_n.u_lane/g_tight_mul.u_mul2/u_mul/g_base_stage.product0/A[29:0] is not pipelined. Pipelining DSP48 input will improve performance.
Related violations: <none>

DPIP-2#136 Warning
Input pipelining  
DSP g_int4.u_precision_core/u_core/u_prod/u_core/u_core/u_minus_step/g_unified_lane.u_lane_group/g_lane[4].g_lane_n.u_lane/g_tight_mul.u_mul2/u_mul/g_base_stage.product0 input g_int4.u_precision_core/u_core/u_prod/u_core/u_core/u_minus_step/g_unified_lane.u_lane_group/g_lane[4].g_lane_n.u_lane/g_tight_mul.u_mul2/u_mul/g_base_stage.product0/B[17:0] is not pipelined. Pipelining DSP48 input will improve performance.
Related violations: <none>

DPIP-2#137 Warning
Input pipelining  
DSP g_int4.u_precision_core/u_core/u_prod/u_core/u_core/u_minus_step/g_unified_lane.u_lane_group/g_lane[4].g_lane_n.u_lane/g_tight_mul.u_mul2/u_mul/g_base_stage.product_s1_reg input g_int4.u_precision_core/u_core/u_prod/u_core/u_core/u_minus_step/g_unified_lane.u_lane_group/g_lane[4].g_lane_n.u_lane/g_tight_mul.u_mul2/u_mul/g_base_stage.product_s1_reg/B[17:0] is not pipelined. Pipelining DSP48 input will improve performance.
Related violations: <none>

DPIP-2#138 Warning
Input pipelining  
DSP g_int4.u_precision_core/u_core/u_prod/u_core/u_core/u_minus_step/g_unified_lane.u_lane_group/g_lane[4].g_lane_n.u_lane/g_tight_mul.u_mul3/u_mul/g_base_stage.product0 input g_int4.u_precision_core/u_core/u_prod/u_core/u_core/u_minus_step/g_unified_lane.u_lane_group/g_lane[4].g_lane_n.u_lane/g_tight_mul.u_mul3/u_mul/g_base_stage.product0/A[29:0] is not pipelined. Pipelining DSP48 input will improve performance.
Related violations: <none>

DPIP-2#139 Warning
Input pipelining  
DSP g_int4.u_precision_core/u_core/u_prod/u_core/u_core/u_minus_step/g_unified_lane.u_lane_group/g_lane[4].g_lane_n.u_lane/g_tight_mul.u_mul3/u_mul/g_base_stage.product0 input g_int4.u_precision_core/u_core/u_prod/u_core/u_core/u_minus_step/g_unified_lane.u_lane_group/g_lane[4].g_lane_n.u_lane/g_tight_mul.u_mul3/u_mul/g_base_stage.product0/B[17:0] is not pipelined. Pipelining DSP48 input will improve performance.
Related violations: <none>

DPIP-2#140 Warning
Input pipelining  
DSP g_int4.u_precision_core/u_core/u_prod/u_core/u_core/u_minus_step/g_unified_lane.u_lane_group/g_lane[4].g_lane_n.u_lane/g_tight_mul.u_mul3/u_mul/g_base_stage.product_s1_reg input g_int4.u_precision_core/u_core/u_prod/u_core/u_core/u_minus_step/g_unified_lane.u_lane_group/g_lane[4].g_lane_n.u_lane/g_tight_mul.u_mul3/u_mul/g_base_stage.product_s1_reg/B[17:0] is not pipelined. Pipelining DSP48 input will improve performance.
Related violations: <none>

DPIP-2#141 Warning
Input pipelining  
DSP g_int4.u_precision_core/u_core/u_prod/u_core/u_core/u_minus_step/g_unified_lane.u_lane_group/g_lane[5].g_lane_n.u_lane/g_j_dsp.g_generic.u_j_mul/g_base_stage.product0 input g_int4.u_precision_core/u_core/u_prod/u_core/u_core/u_minus_step/g_unified_lane.u_lane_group/g_lane[5].g_lane_n.u_lane/g_j_dsp.g_generic.u_j_mul/g_base_stage.product0/A[29:0] is not pipelined. Pipelining DSP48 input will improve performance.
Related violations: <none>

DPIP-2#142 Warning
Input pipelining  
DSP g_int4.u_precision_core/u_core/u_prod/u_core/u_core/u_minus_step/g_unified_lane.u_lane_group/g_lane[5].g_lane_n.u_lane/g_j_dsp.g_generic.u_j_mul/g_base_stage.product0 input g_int4.u_precision_core/u_core/u_prod/u_core/u_core/u_minus_step/g_unified_lane.u_lane_group/g_lane[5].g_lane_n.u_lane/g_j_dsp.g_generic.u_j_mul/g_base_stage.product0/B[17:0] is not pipelined. Pipelining DSP48 input will improve performance.
Related violations: <none>

DPIP-2#143 Warning
Input pipelining  
DSP g_int4.u_precision_core/u_core/u_prod/u_core/u_core/u_minus_step/g_unified_lane.u_lane_group/g_lane[5].g_lane_n.u_lane/g_j_dsp.g_generic.u_j_mul/g_base_stage.product_s1_reg input g_int4.u_precision_core/u_core/u_prod/u_core/u_core/u_minus_step/g_unified_lane.u_lane_group/g_lane[5].g_lane_n.u_lane/g_j_dsp.g_generic.u_j_mul/g_base_stage.product_s1_reg/B[17:0] is not pipelined. Pipelining DSP48 input will improve performance.
Related violations: <none>

DPIP-2#144 Warning
Input pipelining  
DSP g_int4.u_precision_core/u_core/u_prod/u_core/u_core/u_minus_step/g_unified_lane.u_lane_group/g_lane[5].g_lane_n.u_lane/g_tight_mul.u_mul1/u_mul/g_base_stage.product0 input g_int4.u_precision_core/u_core/u_prod/u_core/u_core/u_minus_step/g_unified_lane.u_lane_group/g_lane[5].g_lane_n.u_lane/g_tight_mul.u_mul1/u_mul/g_base_stage.product0/A[29:0] is not pipelined. Pipelining DSP48 input will improve performance.
Related violations: <none>

DPIP-2#145 Warning
Input pipelining  
DSP g_int4.u_precision_core/u_core/u_prod/u_core/u_core/u_minus_step/g_unified_lane.u_lane_group/g_lane[5].g_lane_n.u_lane/g_tight_mul.u_mul1/u_mul/g_base_stage.product0 input g_int4.u_precision_core/u_core/u_prod/u_core/u_core/u_minus_step/g_unified_lane.u_lane_group/g_lane[5].g_lane_n.u_lane/g_tight_mul.u_mul1/u_mul/g_base_stage.product0/B[17:0] is not pipelined. Pipelining DSP48 input will improve performance.
Related violations: <none>

DPIP-2#146 Warning
Input pipelining  
DSP g_int4.u_precision_core/u_core/u_prod/u_core/u_core/u_minus_step/g_unified_lane.u_lane_group/g_lane[5].g_lane_n.u_lane/g_tight_mul.u_mul1/u_mul/g_base_stage.product_s1_reg input g_int4.u_precision_core/u_core/u_prod/u_core/u_core/u_minus_step/g_unified_lane.u_lane_group/g_lane[5].g_lane_n.u_lane/g_tight_mul.u_mul1/u_mul/g_base_stage.product_s1_reg/B[17:0] is not pipelined. Pipelining DSP48 input will improve performance.
Related violations: <none>

DPIP-2#147 Warning
Input pipelining  
DSP g_int4.u_precision_core/u_core/u_prod/u_core/u_core/u_minus_step/g_unified_lane.u_lane_group/g_lane[5].g_lane_n.u_lane/g_tight_mul.u_mul2/u_mul/g_base_stage.product0 input g_int4.u_precision_core/u_core/u_prod/u_core/u_core/u_minus_step/g_unified_lane.u_lane_group/g_lane[5].g_lane_n.u_lane/g_tight_mul.u_mul2/u_mul/g_base_stage.product0/A[29:0] is not pipelined. Pipelining DSP48 input will improve performance.
Related violations: <none>

DPIP-2#148 Warning
Input pipelining  
DSP g_int4.u_precision_core/u_core/u_prod/u_core/u_core/u_minus_step/g_unified_lane.u_lane_group/g_lane[5].g_lane_n.u_lane/g_tight_mul.u_mul2/u_mul/g_base_stage.product0 input g_int4.u_precision_core/u_core/u_prod/u_core/u_core/u_minus_step/g_unified_lane.u_lane_group/g_lane[5].g_lane_n.u_lane/g_tight_mul.u_mul2/u_mul/g_base_stage.product0/B[17:0] is not pipelined. Pipelining DSP48 input will improve performance.
Related violations: <none>

DPIP-2#149 Warning
Input pipelining  
DSP g_int4.u_precision_core/u_core/u_prod/u_core/u_core/u_minus_step/g_unified_lane.u_lane_group/g_lane[5].g_lane_n.u_lane/g_tight_mul.u_mul2/u_mul/g_base_stage.product_s1_reg input g_int4.u_precision_core/u_core/u_prod/u_core/u_core/u_minus_step/g_unified_lane.u_lane_group/g_lane[5].g_lane_n.u_lane/g_tight_mul.u_mul2/u_mul/g_base_stage.product_s1_reg/B[17:0] is not pipelined. Pipelining DSP48 input will improve performance.
Related violations: <none>

DPIP-2#150 Warning
Input pipelining  
DSP g_int4.u_precision_core/u_core/u_prod/u_core/u_core/u_minus_step/g_unified_lane.u_lane_group/g_lane[5].g_lane_n.u_lane/g_tight_mul.u_mul3/u_mul/g_base_stage.product0 input g_int4.u_precision_core/u_core/u_prod/u_core/u_core/u_minus_step/g_unified_lane.u_lane_group/g_lane[5].g_lane_n.u_lane/g_tight_mul.u_mul3/u_mul/g_base_stage.product0/A[29:0] is not pipelined. Pipelining DSP48 input will improve performance.
Related violations: <none>

DPIP-2#151 Warning
Input pipelining  
DSP g_int4.u_precision_core/u_core/u_prod/u_core/u_core/u_minus_step/g_unified_lane.u_lane_group/g_lane[5].g_lane_n.u_lane/g_tight_mul.u_mul3/u_mul/g_base_stage.product0 input g_int4.u_precision_core/u_core/u_prod/u_core/u_core/u_minus_step/g_unified_lane.u_lane_group/g_lane[5].g_lane_n.u_lane/g_tight_mul.u_mul3/u_mul/g_base_stage.product0/B[17:0] is not pipelined. Pipelining DSP48 input will improve performance.
Related violations: <none>

DPIP-2#152 Warning
Input pipelining  
DSP g_int4.u_precision_core/u_core/u_prod/u_core/u_core/u_minus_step/g_unified_lane.u_lane_group/g_lane[5].g_lane_n.u_lane/g_tight_mul.u_mul3/u_mul/g_base_stage.product_s1_reg input g_int4.u_precision_core/u_core/u_prod/u_core/u_core/u_minus_step/g_unified_lane.u_lane_group/g_lane[5].g_lane_n.u_lane/g_tight_mul.u_mul3/u_mul/g_base_stage.product_s1_reg/B[17:0] is not pipelined. Pipelining DSP48 input will improve performance.
Related violations: <none>

DPIP-2#153 Warning
Input pipelining  
DSP g_int4.u_precision_core/u_core/u_prod/u_core/u_core/u_minus_step/g_unified_lane.u_lane_group/g_lane[6].g_lane_n.u_lane/g_j_dsp.g_generic.u_j_mul/g_base_stage.product0 input g_int4.u_precision_core/u_core/u_prod/u_core/u_core/u_minus_step/g_unified_lane.u_lane_group/g_lane[6].g_lane_n.u_lane/g_j_dsp.g_generic.u_j_mul/g_base_stage.product0/A[29:0] is not pipelined. Pipelining DSP48 input will improve performance.
Related violations: <none>

DPIP-2#154 Warning
Input pipelining  
DSP g_int4.u_precision_core/u_core/u_prod/u_core/u_core/u_minus_step/g_unified_lane.u_lane_group/g_lane[6].g_lane_n.u_lane/g_j_dsp.g_generic.u_j_mul/g_base_stage.product0 input g_int4.u_precision_core/u_core/u_prod/u_core/u_core/u_minus_step/g_unified_lane.u_lane_group/g_lane[6].g_lane_n.u_lane/g_j_dsp.g_generic.u_j_mul/g_base_stage.product0/B[17:0] is not pipelined. Pipelining DSP48 input will improve performance.
Related violations: <none>

DPIP-2#155 Warning
Input pipelining  
DSP g_int4.u_precision_core/u_core/u_prod/u_core/u_core/u_minus_step/g_unified_lane.u_lane_group/g_lane[6].g_lane_n.u_lane/g_j_dsp.g_generic.u_j_mul/g_base_stage.product_s1_reg input g_int4.u_precision_core/u_core/u_prod/u_core/u_core/u_minus_step/g_unified_lane.u_lane_group/g_lane[6].g_lane_n.u_lane/g_j_dsp.g_generic.u_j_mul/g_base_stage.product_s1_reg/B[17:0] is not pipelined. Pipelining DSP48 input will improve performance.
Related violations: <none>

DPIP-2#156 Warning
Input pipelining  
DSP g_int4.u_precision_core/u_core/u_prod/u_core/u_core/u_minus_step/g_unified_lane.u_lane_group/g_lane[6].g_lane_n.u_lane/g_tight_mul.u_mul1/u_mul/g_base_stage.product0 input g_int4.u_precision_core/u_core/u_prod/u_core/u_core/u_minus_step/g_unified_lane.u_lane_group/g_lane[6].g_lane_n.u_lane/g_tight_mul.u_mul1/u_mul/g_base_stage.product0/A[29:0] is not pipelined. Pipelining DSP48 input will improve performance.
Related violations: <none>

DPIP-2#157 Warning
Input pipelining  
DSP g_int4.u_precision_core/u_core/u_prod/u_core/u_core/u_minus_step/g_unified_lane.u_lane_group/g_lane[6].g_lane_n.u_lane/g_tight_mul.u_mul1/u_mul/g_base_stage.product0 input g_int4.u_precision_core/u_core/u_prod/u_core/u_core/u_minus_step/g_unified_lane.u_lane_group/g_lane[6].g_lane_n.u_lane/g_tight_mul.u_mul1/u_mul/g_base_stage.product0/B[17:0] is not pipelined. Pipelining DSP48 input will improve performance.
Related violations: <none>

DPIP-2#158 Warning
Input pipelining  
DSP g_int4.u_precision_core/u_core/u_prod/u_core/u_core/u_minus_step/g_unified_lane.u_lane_group/g_lane[6].g_lane_n.u_lane/g_tight_mul.u_mul1/u_mul/g_base_stage.product_s1_reg input g_int4.u_precision_core/u_core/u_prod/u_core/u_core/u_minus_step/g_unified_lane.u_lane_group/g_lane[6].g_lane_n.u_lane/g_tight_mul.u_mul1/u_mul/g_base_stage.product_s1_reg/B[17:0] is not pipelined. Pipelining DSP48 input will improve performance.
Related violations: <none>

DPIP-2#159 Warning
Input pipelining  
DSP g_int4.u_precision_core/u_core/u_prod/u_core/u_core/u_minus_step/g_unified_lane.u_lane_group/g_lane[6].g_lane_n.u_lane/g_tight_mul.u_mul2/u_mul/g_base_stage.product0 input g_int4.u_precision_core/u_core/u_prod/u_core/u_core/u_minus_step/g_unified_lane.u_lane_group/g_lane[6].g_lane_n.u_lane/g_tight_mul.u_mul2/u_mul/g_base_stage.product0/A[29:0] is not pipelined. Pipelining DSP48 input will improve performance.
Related violations: <none>

DPIP-2#160 Warning
Input pipelining  
DSP g_int4.u_precision_core/u_core/u_prod/u_core/u_core/u_minus_step/g_unified_lane.u_lane_group/g_lane[6].g_lane_n.u_lane/g_tight_mul.u_mul2/u_mul/g_base_stage.product0 input g_int4.u_precision_core/u_core/u_prod/u_core/u_core/u_minus_step/g_unified_lane.u_lane_group/g_lane[6].g_lane_n.u_lane/g_tight_mul.u_mul2/u_mul/g_base_stage.product0/B[17:0] is not pipelined. Pipelining DSP48 input will improve performance.
Related violations: <none>

DPIP-2#161 Warning
Input pipelining  
DSP g_int4.u_precision_core/u_core/u_prod/u_core/u_core/u_minus_step/g_unified_lane.u_lane_group/g_lane[6].g_lane_n.u_lane/g_tight_mul.u_mul2/u_mul/g_base_stage.product_s1_reg input g_int4.u_precision_core/u_core/u_prod/u_core/u_core/u_minus_step/g_unified_lane.u_lane_group/g_lane[6].g_lane_n.u_lane/g_tight_mul.u_mul2/u_mul/g_base_stage.product_s1_reg/B[17:0] is not pipelined. Pipelining DSP48 input will improve performance.
Related violations: <none>

DPIP-2#162 Warning
Input pipelining  
DSP g_int4.u_precision_core/u_core/u_prod/u_core/u_core/u_minus_step/g_unified_lane.u_lane_group/g_lane[6].g_lane_n.u_lane/g_tight_mul.u_mul3/u_mul/g_base_stage.product0 input g_int4.u_precision_core/u_core/u_prod/u_core/u_core/u_minus_step/g_unified_lane.u_lane_group/g_lane[6].g_lane_n.u_lane/g_tight_mul.u_mul3/u_mul/g_base_stage.product0/A[29:0] is not pipelined. Pipelining DSP48 input will improve performance.
Related violations: <none>

DPIP-2#163 Warning
Input pipelining  
DSP g_int4.u_precision_core/u_core/u_prod/u_core/u_core/u_minus_step/g_unified_lane.u_lane_group/g_lane[6].g_lane_n.u_lane/g_tight_mul.u_mul3/u_mul/g_base_stage.product0 input g_int4.u_precision_core/u_core/u_prod/u_core/u_core/u_minus_step/g_unified_lane.u_lane_group/g_lane[6].g_lane_n.u_lane/g_tight_mul.u_mul3/u_mul/g_base_stage.product0/B[17:0] is not pipelined. Pipelining DSP48 input will improve performance.
Related violations: <none>

DPIP-2#164 Warning
Input pipelining  
DSP g_int4.u_precision_core/u_core/u_prod/u_core/u_core/u_minus_step/g_unified_lane.u_lane_group/g_lane[6].g_lane_n.u_lane/g_tight_mul.u_mul3/u_mul/g_base_stage.product_s1_reg input g_int4.u_precision_core/u_core/u_prod/u_core/u_core/u_minus_step/g_unified_lane.u_lane_group/g_lane[6].g_lane_n.u_lane/g_tight_mul.u_mul3/u_mul/g_base_stage.product_s1_reg/B[17:0] is not pipelined. Pipelining DSP48 input will improve performance.
Related violations: <none>

DPIP-2#165 Warning
Input pipelining  
DSP g_int4.u_precision_core/u_core/u_prod/u_core/u_core/u_minus_step/g_unified_lane.u_lane_group/g_lane[7].g_lane_n.u_lane/g_j_dsp.g_generic.u_j_mul/g_base_stage.product0 input g_int4.u_precision_core/u_core/u_prod/u_core/u_core/u_minus_step/g_unified_lane.u_lane_group/g_lane[7].g_lane_n.u_lane/g_j_dsp.g_generic.u_j_mul/g_base_stage.product0/A[29:0] is not pipelined. Pipelining DSP48 input will improve performance.
Related violations: <none>

DPIP-2#166 Warning
Input pipelining  
DSP g_int4.u_precision_core/u_core/u_prod/u_core/u_core/u_minus_step/g_unified_lane.u_lane_group/g_lane[7].g_lane_n.u_lane/g_j_dsp.g_generic.u_j_mul/g_base_stage.product0 input g_int4.u_precision_core/u_core/u_prod/u_core/u_core/u_minus_step/g_unified_lane.u_lane_group/g_lane[7].g_lane_n.u_lane/g_j_dsp.g_generic.u_j_mul/g_base_stage.product0/B[17:0] is not pipelined. Pipelining DSP48 input will improve performance.
Related violations: <none>

DPIP-2#167 Warning
Input pipelining  
DSP g_int4.u_precision_core/u_core/u_prod/u_core/u_core/u_minus_step/g_unified_lane.u_lane_group/g_lane[7].g_lane_n.u_lane/g_j_dsp.g_generic.u_j_mul/g_base_stage.product_s1_reg input g_int4.u_precision_core/u_core/u_prod/u_core/u_core/u_minus_step/g_unified_lane.u_lane_group/g_lane[7].g_lane_n.u_lane/g_j_dsp.g_generic.u_j_mul/g_base_stage.product_s1_reg/B[17:0] is not pipelined. Pipelining DSP48 input will improve performance.
Related violations: <none>

DPIP-2#168 Warning
Input pipelining  
DSP g_int4.u_precision_core/u_core/u_prod/u_core/u_core/u_minus_step/g_unified_lane.u_lane_group/g_lane[7].g_lane_n.u_lane/g_tight_mul.u_mul1/u_mul/g_base_stage.product0 input g_int4.u_precision_core/u_core/u_prod/u_core/u_core/u_minus_step/g_unified_lane.u_lane_group/g_lane[7].g_lane_n.u_lane/g_tight_mul.u_mul1/u_mul/g_base_stage.product0/A[29:0] is not pipelined. Pipelining DSP48 input will improve performance.
Related violations: <none>

DPIP-2#169 Warning
Input pipelining  
DSP g_int4.u_precision_core/u_core/u_prod/u_core/u_core/u_minus_step/g_unified_lane.u_lane_group/g_lane[7].g_lane_n.u_lane/g_tight_mul.u_mul1/u_mul/g_base_stage.product0 input g_int4.u_precision_core/u_core/u_prod/u_core/u_core/u_minus_step/g_unified_lane.u_lane_group/g_lane[7].g_lane_n.u_lane/g_tight_mul.u_mul1/u_mul/g_base_stage.product0/B[17:0] is not pipelined. Pipelining DSP48 input will improve performance.
Related violations: <none>

DPIP-2#170 Warning
Input pipelining  
DSP g_int4.u_precision_core/u_core/u_prod/u_core/u_core/u_minus_step/g_unified_lane.u_lane_group/g_lane[7].g_lane_n.u_lane/g_tight_mul.u_mul1/u_mul/g_base_stage.product_s1_reg input g_int4.u_precision_core/u_core/u_prod/u_core/u_core/u_minus_step/g_unified_lane.u_lane_group/g_lane[7].g_lane_n.u_lane/g_tight_mul.u_mul1/u_mul/g_base_stage.product_s1_reg/B[17:0] is not pipelined. Pipelining DSP48 input will improve performance.
Related violations: <none>

DPIP-2#171 Warning
Input pipelining  
DSP g_int4.u_precision_core/u_core/u_prod/u_core/u_core/u_minus_step/g_unified_lane.u_lane_group/g_lane[7].g_lane_n.u_lane/g_tight_mul.u_mul2/u_mul/g_base_stage.product0 input g_int4.u_precision_core/u_core/u_prod/u_core/u_core/u_minus_step/g_unified_lane.u_lane_group/g_lane[7].g_lane_n.u_lane/g_tight_mul.u_mul2/u_mul/g_base_stage.product0/A[29:0] is not pipelined. Pipelining DSP48 input will improve performance.
Related violations: <none>

DPIP-2#172 Warning
Input pipelining  
DSP g_int4.u_precision_core/u_core/u_prod/u_core/u_core/u_minus_step/g_unified_lane.u_lane_group/g_lane[7].g_lane_n.u_lane/g_tight_mul.u_mul2/u_mul/g_base_stage.product0 input g_int4.u_precision_core/u_core/u_prod/u_core/u_core/u_minus_step/g_unified_lane.u_lane_group/g_lane[7].g_lane_n.u_lane/g_tight_mul.u_mul2/u_mul/g_base_stage.product0/B[17:0] is not pipelined. Pipelining DSP48 input will improve performance.
Related violations: <none>

DPIP-2#173 Warning
Input pipelining  
DSP g_int4.u_precision_core/u_core/u_prod/u_core/u_core/u_minus_step/g_unified_lane.u_lane_group/g_lane[7].g_lane_n.u_lane/g_tight_mul.u_mul2/u_mul/g_base_stage.product_s1_reg input g_int4.u_precision_core/u_core/u_prod/u_core/u_core/u_minus_step/g_unified_lane.u_lane_group/g_lane[7].g_lane_n.u_lane/g_tight_mul.u_mul2/u_mul/g_base_stage.product_s1_reg/B[17:0] is not pipelined. Pipelining DSP48 input will improve performance.
Related violations: <none>

DPIP-2#174 Warning
Input pipelining  
DSP g_int4.u_precision_core/u_core/u_prod/u_core/u_core/u_minus_step/g_unified_lane.u_lane_group/g_lane[7].g_lane_n.u_lane/g_tight_mul.u_mul3/u_mul/g_base_stage.product0 input g_int4.u_precision_core/u_core/u_prod/u_core/u_core/u_minus_step/g_unified_lane.u_lane_group/g_lane[7].g_lane_n.u_lane/g_tight_mul.u_mul3/u_mul/g_base_stage.product0/A[29:0] is not pipelined. Pipelining DSP48 input will improve performance.
Related violations: <none>

DPIP-2#175 Warning
Input pipelining  
DSP g_int4.u_precision_core/u_core/u_prod/u_core/u_core/u_minus_step/g_unified_lane.u_lane_group/g_lane[7].g_lane_n.u_lane/g_tight_mul.u_mul3/u_mul/g_base_stage.product0 input g_int4.u_precision_core/u_core/u_prod/u_core/u_core/u_minus_step/g_unified_lane.u_lane_group/g_lane[7].g_lane_n.u_lane/g_tight_mul.u_mul3/u_mul/g_base_stage.product0/B[17:0] is not pipelined. Pipelining DSP48 input will improve performance.
Related violations: <none>

DPIP-2#176 Warning
Input pipelining  
DSP g_int4.u_precision_core/u_core/u_prod/u_core/u_core/u_minus_step/g_unified_lane.u_lane_group/g_lane[7].g_lane_n.u_lane/g_tight_mul.u_mul3/u_mul/g_base_stage.product_s1_reg input g_int4.u_precision_core/u_core/u_prod/u_core/u_core/u_minus_step/g_unified_lane.u_lane_group/g_lane[7].g_lane_n.u_lane/g_tight_mul.u_mul3/u_mul/g_base_stage.product_s1_reg/B[17:0] is not pipelined. Pipelining DSP48 input will improve performance.
Related violations: <none>

DPIP-2#177 Warning
Input pipelining  
DSP g_int4.u_precision_core/u_core/u_prod/u_core/u_core/u_minus_step/g_unified_lane.u_lane_group/g_lane[8].g_lane_n.u_lane/g_j_dsp.g_generic.u_j_mul/g_base_stage.product0 input g_int4.u_precision_core/u_core/u_prod/u_core/u_core/u_minus_step/g_unified_lane.u_lane_group/g_lane[8].g_lane_n.u_lane/g_j_dsp.g_generic.u_j_mul/g_base_stage.product0/A[29:0] is not pipelined. Pipelining DSP48 input will improve performance.
Related violations: <none>

DPIP-2#178 Warning
Input pipelining  
DSP g_int4.u_precision_core/u_core/u_prod/u_core/u_core/u_minus_step/g_unified_lane.u_lane_group/g_lane[8].g_lane_n.u_lane/g_j_dsp.g_generic.u_j_mul/g_base_stage.product0 input g_int4.u_precision_core/u_core/u_prod/u_core/u_core/u_minus_step/g_unified_lane.u_lane_group/g_lane[8].g_lane_n.u_lane/g_j_dsp.g_generic.u_j_mul/g_base_stage.product0/B[17:0] is not pipelined. Pipelining DSP48 input will improve performance.
Related violations: <none>

DPIP-2#179 Warning
Input pipelining  
DSP g_int4.u_precision_core/u_core/u_prod/u_core/u_core/u_minus_step/g_unified_lane.u_lane_group/g_lane[8].g_lane_n.u_lane/g_j_dsp.g_generic.u_j_mul/g_base_stage.product_s1_reg input g_int4.u_precision_core/u_core/u_prod/u_core/u_core/u_minus_step/g_unified_lane.u_lane_group/g_lane[8].g_lane_n.u_lane/g_j_dsp.g_generic.u_j_mul/g_base_stage.product_s1_reg/B[17:0] is not pipelined. Pipelining DSP48 input will improve performance.
Related violations: <none>

DPIP-2#180 Warning
Input pipelining  
DSP g_int4.u_precision_core/u_core/u_prod/u_core/u_core/u_minus_step/g_unified_lane.u_lane_group/g_lane[8].g_lane_n.u_lane/g_tight_mul.u_mul1/u_mul/g_base_stage.product0 input g_int4.u_precision_core/u_core/u_prod/u_core/u_core/u_minus_step/g_unified_lane.u_lane_group/g_lane[8].g_lane_n.u_lane/g_tight_mul.u_mul1/u_mul/g_base_stage.product0/A[29:0] is not pipelined. Pipelining DSP48 input will improve performance.
Related violations: <none>

DPIP-2#181 Warning
Input pipelining  
DSP g_int4.u_precision_core/u_core/u_prod/u_core/u_core/u_minus_step/g_unified_lane.u_lane_group/g_lane[8].g_lane_n.u_lane/g_tight_mul.u_mul1/u_mul/g_base_stage.product0 input g_int4.u_precision_core/u_core/u_prod/u_core/u_core/u_minus_step/g_unified_lane.u_lane_group/g_lane[8].g_lane_n.u_lane/g_tight_mul.u_mul1/u_mul/g_base_stage.product0/B[17:0] is not pipelined. Pipelining DSP48 input will improve performance.
Related violations: <none>

DPIP-2#182 Warning
Input pipelining  
DSP g_int4.u_precision_core/u_core/u_prod/u_core/u_core/u_minus_step/g_unified_lane.u_lane_group/g_lane[8].g_lane_n.u_lane/g_tight_mul.u_mul1/u_mul/g_base_stage.product_s1_reg input g_int4.u_precision_core/u_core/u_prod/u_core/u_core/u_minus_step/g_unified_lane.u_lane_group/g_lane[8].g_lane_n.u_lane/g_tight_mul.u_mul1/u_mul/g_base_stage.product_s1_reg/B[17:0] is not pipelined. Pipelining DSP48 input will improve performance.
Related violations: <none>

DPIP-2#183 Warning
Input pipelining  
DSP g_int4.u_precision_core/u_core/u_prod/u_core/u_core/u_minus_step/g_unified_lane.u_lane_group/g_lane[8].g_lane_n.u_lane/g_tight_mul.u_mul2/u_mul/g_base_stage.product0 input g_int4.u_precision_core/u_core/u_prod/u_core/u_core/u_minus_step/g_unified_lane.u_lane_group/g_lane[8].g_lane_n.u_lane/g_tight_mul.u_mul2/u_mul/g_base_stage.product0/A[29:0] is not pipelined. Pipelining DSP48 input will improve performance.
Related violations: <none>

DPIP-2#184 Warning
Input pipelining  
DSP g_int4.u_precision_core/u_core/u_prod/u_core/u_core/u_minus_step/g_unified_lane.u_lane_group/g_lane[8].g_lane_n.u_lane/g_tight_mul.u_mul2/u_mul/g_base_stage.product0 input g_int4.u_precision_core/u_core/u_prod/u_core/u_core/u_minus_step/g_unified_lane.u_lane_group/g_lane[8].g_lane_n.u_lane/g_tight_mul.u_mul2/u_mul/g_base_stage.product0/B[17:0] is not pipelined. Pipelining DSP48 input will improve performance.
Related violations: <none>

DPIP-2#185 Warning
Input pipelining  
DSP g_int4.u_precision_core/u_core/u_prod/u_core/u_core/u_minus_step/g_unified_lane.u_lane_group/g_lane[8].g_lane_n.u_lane/g_tight_mul.u_mul2/u_mul/g_base_stage.product_s1_reg input g_int4.u_precision_core/u_core/u_prod/u_core/u_core/u_minus_step/g_unified_lane.u_lane_group/g_lane[8].g_lane_n.u_lane/g_tight_mul.u_mul2/u_mul/g_base_stage.product_s1_reg/B[17:0] is not pipelined. Pipelining DSP48 input will improve performance.
Related violations: <none>

DPIP-2#186 Warning
Input pipelining  
DSP g_int4.u_precision_core/u_core/u_prod/u_core/u_core/u_minus_step/g_unified_lane.u_lane_group/g_lane[8].g_lane_n.u_lane/g_tight_mul.u_mul3/u_mul/g_base_stage.product0 input g_int4.u_precision_core/u_core/u_prod/u_core/u_core/u_minus_step/g_unified_lane.u_lane_group/g_lane[8].g_lane_n.u_lane/g_tight_mul.u_mul3/u_mul/g_base_stage.product0/A[29:0] is not pipelined. Pipelining DSP48 input will improve performance.
Related violations: <none>

DPIP-2#187 Warning
Input pipelining  
DSP g_int4.u_precision_core/u_core/u_prod/u_core/u_core/u_minus_step/g_unified_lane.u_lane_group/g_lane[8].g_lane_n.u_lane/g_tight_mul.u_mul3/u_mul/g_base_stage.product0 input g_int4.u_precision_core/u_core/u_prod/u_core/u_core/u_minus_step/g_unified_lane.u_lane_group/g_lane[8].g_lane_n.u_lane/g_tight_mul.u_mul3/u_mul/g_base_stage.product0/B[17:0] is not pipelined. Pipelining DSP48 input will improve performance.
Related violations: <none>

DPIP-2#188 Warning
Input pipelining  
DSP g_int4.u_precision_core/u_core/u_prod/u_core/u_core/u_minus_step/g_unified_lane.u_lane_group/g_lane[8].g_lane_n.u_lane/g_tight_mul.u_mul3/u_mul/g_base_stage.product_s1_reg input g_int4.u_precision_core/u_core/u_prod/u_core/u_core/u_minus_step/g_unified_lane.u_lane_group/g_lane[8].g_lane_n.u_lane/g_tight_mul.u_mul3/u_mul/g_base_stage.product_s1_reg/B[17:0] is not pipelined. Pipelining DSP48 input will improve performance.
Related violations: <none>

DPIP-2#189 Warning
Input pipelining  
DSP g_int4.u_precision_core/u_core/u_prod/u_core/u_core/u_minus_step/g_unified_lane.u_lane_group/g_lane[9].g_lane_n.u_lane/g_j_dsp.g_generic.u_j_mul/g_base_stage.product0 input g_int4.u_precision_core/u_core/u_prod/u_core/u_core/u_minus_step/g_unified_lane.u_lane_group/g_lane[9].g_lane_n.u_lane/g_j_dsp.g_generic.u_j_mul/g_base_stage.product0/A[29:0] is not pipelined. Pipelining DSP48 input will improve performance.
Related violations: <none>

DPIP-2#190 Warning
Input pipelining  
DSP g_int4.u_precision_core/u_core/u_prod/u_core/u_core/u_minus_step/g_unified_lane.u_lane_group/g_lane[9].g_lane_n.u_lane/g_j_dsp.g_generic.u_j_mul/g_base_stage.product0 input g_int4.u_precision_core/u_core/u_prod/u_core/u_core/u_minus_step/g_unified_lane.u_lane_group/g_lane[9].g_lane_n.u_lane/g_j_dsp.g_generic.u_j_mul/g_base_stage.product0/B[17:0] is not pipelined. Pipelining DSP48 input will improve performance.
Related violations: <none>

DPIP-2#191 Warning
Input pipelining  
DSP g_int4.u_precision_core/u_core/u_prod/u_core/u_core/u_minus_step/g_unified_lane.u_lane_group/g_lane[9].g_lane_n.u_lane/g_j_dsp.g_generic.u_j_mul/g_base_stage.product_s1_reg input g_int4.u_precision_core/u_core/u_prod/u_core/u_core/u_minus_step/g_unified_lane.u_lane_group/g_lane[9].g_lane_n.u_lane/g_j_dsp.g_generic.u_j_mul/g_base_stage.product_s1_reg/B[17:0] is not pipelined. Pipelining DSP48 input will improve performance.
Related violations: <none>

DPIP-2#192 Warning
Input pipelining  
DSP g_int4.u_precision_core/u_core/u_prod/u_core/u_core/u_minus_step/g_unified_lane.u_lane_group/g_lane[9].g_lane_n.u_lane/g_tight_mul.u_mul1/u_mul/g_base_stage.product0 input g_int4.u_precision_core/u_core/u_prod/u_core/u_core/u_minus_step/g_unified_lane.u_lane_group/g_lane[9].g_lane_n.u_lane/g_tight_mul.u_mul1/u_mul/g_base_stage.product0/A[29:0] is not pipelined. Pipelining DSP48 input will improve performance.
Related violations: <none>

DPIP-2#193 Warning
Input pipelining  
DSP g_int4.u_precision_core/u_core/u_prod/u_core/u_core/u_minus_step/g_unified_lane.u_lane_group/g_lane[9].g_lane_n.u_lane/g_tight_mul.u_mul1/u_mul/g_base_stage.product0 input g_int4.u_precision_core/u_core/u_prod/u_core/u_core/u_minus_step/g_unified_lane.u_lane_group/g_lane[9].g_lane_n.u_lane/g_tight_mul.u_mul1/u_mul/g_base_stage.product0/B[17:0] is not pipelined. Pipelining DSP48 input will improve performance.
Related violations: <none>

DPIP-2#194 Warning
Input pipelining  
DSP g_int4.u_precision_core/u_core/u_prod/u_core/u_core/u_minus_step/g_unified_lane.u_lane_group/g_lane[9].g_lane_n.u_lane/g_tight_mul.u_mul1/u_mul/g_base_stage.product_s1_reg input g_int4.u_precision_core/u_core/u_prod/u_core/u_core/u_minus_step/g_unified_lane.u_lane_group/g_lane[9].g_lane_n.u_lane/g_tight_mul.u_mul1/u_mul/g_base_stage.product_s1_reg/B[17:0] is not pipelined. Pipelining DSP48 input will improve performance.
Related violations: <none>

DPIP-2#195 Warning
Input pipelining  
DSP g_int4.u_precision_core/u_core/u_prod/u_core/u_core/u_minus_step/g_unified_lane.u_lane_group/g_lane[9].g_lane_n.u_lane/g_tight_mul.u_mul2/u_mul/g_base_stage.product0 input g_int4.u_precision_core/u_core/u_prod/u_core/u_core/u_minus_step/g_unified_lane.u_lane_group/g_lane[9].g_lane_n.u_lane/g_tight_mul.u_mul2/u_mul/g_base_stage.product0/A[29:0] is not pipelined. Pipelining DSP48 input will improve performance.
Related violations: <none>

DPIP-2#196 Warning
Input pipelining  
DSP g_int4.u_precision_core/u_core/u_prod/u_core/u_core/u_minus_step/g_unified_lane.u_lane_group/g_lane[9].g_lane_n.u_lane/g_tight_mul.u_mul2/u_mul/g_base_stage.product0 input g_int4.u_precision_core/u_core/u_prod/u_core/u_core/u_minus_step/g_unified_lane.u_lane_group/g_lane[9].g_lane_n.u_lane/g_tight_mul.u_mul2/u_mul/g_base_stage.product0/B[17:0] is not pipelined. Pipelining DSP48 input will improve performance.
Related violations: <none>

DPIP-2#197 Warning
Input pipelining  
DSP g_int4.u_precision_core/u_core/u_prod/u_core/u_core/u_minus_step/g_unified_lane.u_lane_group/g_lane[9].g_lane_n.u_lane/g_tight_mul.u_mul2/u_mul/g_base_stage.product_s1_reg input g_int4.u_precision_core/u_core/u_prod/u_core/u_core/u_minus_step/g_unified_lane.u_lane_group/g_lane[9].g_lane_n.u_lane/g_tight_mul.u_mul2/u_mul/g_base_stage.product_s1_reg/B[17:0] is not pipelined. Pipelining DSP48 input will improve performance.
Related violations: <none>

DPIP-2#198 Warning
Input pipelining  
DSP g_int4.u_precision_core/u_core/u_prod/u_core/u_core/u_minus_step/g_unified_lane.u_lane_group/g_lane[9].g_lane_n.u_lane/g_tight_mul.u_mul3/u_mul/g_base_stage.product0 input g_int4.u_precision_core/u_core/u_prod/u_core/u_core/u_minus_step/g_unified_lane.u_lane_group/g_lane[9].g_lane_n.u_lane/g_tight_mul.u_mul3/u_mul/g_base_stage.product0/A[29:0] is not pipelined. Pipelining DSP48 input will improve performance.
Related violations: <none>

DPIP-2#199 Warning
Input pipelining  
DSP g_int4.u_precision_core/u_core/u_prod/u_core/u_core/u_minus_step/g_unified_lane.u_lane_group/g_lane[9].g_lane_n.u_lane/g_tight_mul.u_mul3/u_mul/g_base_stage.product0 input g_int4.u_precision_core/u_core/u_prod/u_core/u_core/u_minus_step/g_unified_lane.u_lane_group/g_lane[9].g_lane_n.u_lane/g_tight_mul.u_mul3/u_mul/g_base_stage.product0/B[17:0] is not pipelined. Pipelining DSP48 input will improve performance.
Related violations: <none>

DPIP-2#200 Warning
Input pipelining  
DSP g_int4.u_precision_core/u_core/u_prod/u_core/u_core/u_minus_step/g_unified_lane.u_lane_group/g_lane[9].g_lane_n.u_lane/g_tight_mul.u_mul3/u_mul/g_base_stage.product_s1_reg input g_int4.u_precision_core/u_core/u_prod/u_core/u_core/u_minus_step/g_unified_lane.u_lane_group/g_lane[9].g_lane_n.u_lane/g_tight_mul.u_mul3/u_mul/g_base_stage.product_s1_reg/B[17:0] is not pipelined. Pipelining DSP48 input will improve performance.
Related violations: <none>

DPIP-2#201 Warning
Input pipelining  
DSP g_int4.u_precision_core/u_core/u_prod/u_core/u_core/u_plus_step/g_unified_lane.u_lane_group/g_lane[0].g_lane0.u_lane/g_j_dsp.g_generic.u_j_mul/g_base_stage.product0 input g_int4.u_precision_core/u_core/u_prod/u_core/u_core/u_plus_step/g_unified_lane.u_lane_group/g_lane[0].g_lane0.u_lane/g_j_dsp.g_generic.u_j_mul/g_base_stage.product0/A[29:0] is not pipelined. Pipelining DSP48 input will improve performance.
Related violations: <none>

DPIP-2#202 Warning
Input pipelining  
DSP g_int4.u_precision_core/u_core/u_prod/u_core/u_core/u_plus_step/g_unified_lane.u_lane_group/g_lane[0].g_lane0.u_lane/g_j_dsp.g_generic.u_j_mul/g_base_stage.product0 input g_int4.u_precision_core/u_core/u_prod/u_core/u_core/u_plus_step/g_unified_lane.u_lane_group/g_lane[0].g_lane0.u_lane/g_j_dsp.g_generic.u_j_mul/g_base_stage.product0/B[17:0] is not pipelined. Pipelining DSP48 input will improve performance.
Related violations: <none>

DPIP-2#203 Warning
Input pipelining  
DSP g_int4.u_precision_core/u_core/u_prod/u_core/u_core/u_plus_step/g_unified_lane.u_lane_group/g_lane[0].g_lane0.u_lane/g_j_dsp.g_generic.u_j_mul/g_base_stage.product_s1_reg input g_int4.u_precision_core/u_core/u_prod/u_core/u_core/u_plus_step/g_unified_lane.u_lane_group/g_lane[0].g_lane0.u_lane/g_j_dsp.g_generic.u_j_mul/g_base_stage.product_s1_reg/A[29:0] is not pipelined. Pipelining DSP48 input will improve performance.
Related violations: <none>

DPIP-2#204 Warning
Input pipelining  
DSP g_int4.u_precision_core/u_core/u_prod/u_core/u_core/u_plus_step/g_unified_lane.u_lane_group/g_lane[0].g_lane0.u_lane/g_j_dsp.g_generic.u_j_mul/g_base_stage.product_s1_reg input g_int4.u_precision_core/u_core/u_prod/u_core/u_core/u_plus_step/g_unified_lane.u_lane_group/g_lane[0].g_lane0.u_lane/g_j_dsp.g_generic.u_j_mul/g_base_stage.product_s1_reg/B[17:0] is not pipelined. Pipelining DSP48 input will improve performance.
Related violations: <none>

DPIP-2#205 Warning
Input pipelining  
DSP g_int4.u_precision_core/u_core/u_prod/u_core/u_core/u_plus_step/g_unified_lane.u_lane_group/g_lane[0].g_lane0.u_lane/g_tight_mul.u_mul1/u_mul/g_base_stage.product0 input g_int4.u_precision_core/u_core/u_prod/u_core/u_core/u_plus_step/g_unified_lane.u_lane_group/g_lane[0].g_lane0.u_lane/g_tight_mul.u_mul1/u_mul/g_base_stage.product0/A[29:0] is not pipelined. Pipelining DSP48 input will improve performance.
Related violations: <none>

DPIP-2#206 Warning
Input pipelining  
DSP g_int4.u_precision_core/u_core/u_prod/u_core/u_core/u_plus_step/g_unified_lane.u_lane_group/g_lane[0].g_lane0.u_lane/g_tight_mul.u_mul1/u_mul/g_base_stage.product0 input g_int4.u_precision_core/u_core/u_prod/u_core/u_core/u_plus_step/g_unified_lane.u_lane_group/g_lane[0].g_lane0.u_lane/g_tight_mul.u_mul1/u_mul/g_base_stage.product0/B[17:0] is not pipelined. Pipelining DSP48 input will improve performance.
Related violations: <none>

DPIP-2#207 Warning
Input pipelining  
DSP g_int4.u_precision_core/u_core/u_prod/u_core/u_core/u_plus_step/g_unified_lane.u_lane_group/g_lane[0].g_lane0.u_lane/g_tight_mul.u_mul1/u_mul/g_base_stage.product_s1_reg input g_int4.u_precision_core/u_core/u_prod/u_core/u_core/u_plus_step/g_unified_lane.u_lane_group/g_lane[0].g_lane0.u_lane/g_tight_mul.u_mul1/u_mul/g_base_stage.product_s1_reg/B[17:0] is not pipelined. Pipelining DSP48 input will improve performance.
Related violations: <none>

DPIP-2#208 Warning
Input pipelining  
DSP g_int4.u_precision_core/u_core/u_prod/u_core/u_core/u_plus_step/g_unified_lane.u_lane_group/g_lane[0].g_lane0.u_lane/g_tight_mul.u_mul2/u_mul/g_base_stage.product0 input g_int4.u_precision_core/u_core/u_prod/u_core/u_core/u_plus_step/g_unified_lane.u_lane_group/g_lane[0].g_lane0.u_lane/g_tight_mul.u_mul2/u_mul/g_base_stage.product0/A[29:0] is not pipelined. Pipelining DSP48 input will improve performance.
Related violations: <none>

DPIP-2#209 Warning
Input pipelining  
DSP g_int4.u_precision_core/u_core/u_prod/u_core/u_core/u_plus_step/g_unified_lane.u_lane_group/g_lane[0].g_lane0.u_lane/g_tight_mul.u_mul2/u_mul/g_base_stage.product0 input g_int4.u_precision_core/u_core/u_prod/u_core/u_core/u_plus_step/g_unified_lane.u_lane_group/g_lane[0].g_lane0.u_lane/g_tight_mul.u_mul2/u_mul/g_base_stage.product0/B[17:0] is not pipelined. Pipelining DSP48 input will improve performance.
Related violations: <none>

DPIP-2#210 Warning
Input pipelining  
DSP g_int4.u_precision_core/u_core/u_prod/u_core/u_core/u_plus_step/g_unified_lane.u_lane_group/g_lane[0].g_lane0.u_lane/g_tight_mul.u_mul2/u_mul/g_base_stage.product_s1_reg input g_int4.u_precision_core/u_core/u_prod/u_core/u_core/u_plus_step/g_unified_lane.u_lane_group/g_lane[0].g_lane0.u_lane/g_tight_mul.u_mul2/u_mul/g_base_stage.product_s1_reg/A[29:0] is not pipelined. Pipelining DSP48 input will improve performance.
Related violations: <none>

DPIP-2#211 Warning
Input pipelining  
DSP g_int4.u_precision_core/u_core/u_prod/u_core/u_core/u_plus_step/g_unified_lane.u_lane_group/g_lane[0].g_lane0.u_lane/g_tight_mul.u_mul2/u_mul/g_base_stage.product_s1_reg input g_int4.u_precision_core/u_core/u_prod/u_core/u_core/u_plus_step/g_unified_lane.u_lane_group/g_lane[0].g_lane0.u_lane/g_tight_mul.u_mul2/u_mul/g_base_stage.product_s1_reg/B[17:0] is not pipelined. Pipelining DSP48 input will improve performance.
Related violations: <none>

DPIP-2#212 Warning
Input pipelining  
DSP g_int4.u_precision_core/u_core/u_prod/u_core/u_core/u_plus_step/g_unified_lane.u_lane_group/g_lane[0].g_lane0.u_lane/g_tight_mul.u_mul3/u_mul/g_base_stage.product0 input g_int4.u_precision_core/u_core/u_prod/u_core/u_core/u_plus_step/g_unified_lane.u_lane_group/g_lane[0].g_lane0.u_lane/g_tight_mul.u_mul3/u_mul/g_base_stage.product0/A[29:0] is not pipelined. Pipelining DSP48 input will improve performance.
Related violations: <none>

DPIP-2#213 Warning
Input pipelining  
DSP g_int4.u_precision_core/u_core/u_prod/u_core/u_core/u_plus_step/g_unified_lane.u_lane_group/g_lane[0].g_lane0.u_lane/g_tight_mul.u_mul3/u_mul/g_base_stage.product0 input g_int4.u_precision_core/u_core/u_prod/u_core/u_core/u_plus_step/g_unified_lane.u_lane_group/g_lane[0].g_lane0.u_lane/g_tight_mul.u_mul3/u_mul/g_base_stage.product0/B[17:0] is not pipelined. Pipelining DSP48 input will improve performance.
Related violations: <none>

DPIP-2#214 Warning
Input pipelining  
DSP g_int4.u_precision_core/u_core/u_prod/u_core/u_core/u_plus_step/g_unified_lane.u_lane_group/g_lane[0].g_lane0.u_lane/g_tight_mul.u_mul3/u_mul/g_base_stage.product_s1_reg input g_int4.u_precision_core/u_core/u_prod/u_core/u_core/u_plus_step/g_unified_lane.u_lane_group/g_lane[0].g_lane0.u_lane/g_tight_mul.u_mul3/u_mul/g_base_stage.product_s1_reg/A[29:0] is not pipelined. Pipelining DSP48 input will improve performance.
Related violations: <none>

DPIP-2#215 Warning
Input pipelining  
DSP g_int4.u_precision_core/u_core/u_prod/u_core/u_core/u_plus_step/g_unified_lane.u_lane_group/g_lane[0].g_lane0.u_lane/g_tight_mul.u_mul3/u_mul/g_base_stage.product_s1_reg input g_int4.u_precision_core/u_core/u_prod/u_core/u_core/u_plus_step/g_unified_lane.u_lane_group/g_lane[0].g_lane0.u_lane/g_tight_mul.u_mul3/u_mul/g_base_stage.product_s1_reg/B[17:0] is not pipelined. Pipelining DSP48 input will improve performance.
Related violations: <none>

DPIP-2#216 Warning
Input pipelining  
DSP g_int4.u_precision_core/u_core/u_prod/u_core/u_core/u_plus_step/g_unified_lane.u_lane_group/g_lane[10].g_lane_n.u_lane/g_j_dsp.g_generic.u_j_mul/g_base_stage.product0 input g_int4.u_precision_core/u_core/u_prod/u_core/u_core/u_plus_step/g_unified_lane.u_lane_group/g_lane[10].g_lane_n.u_lane/g_j_dsp.g_generic.u_j_mul/g_base_stage.product0/A[29:0] is not pipelined. Pipelining DSP48 input will improve performance.
Related violations: <none>

DPIP-2#217 Warning
Input pipelining  
DSP g_int4.u_precision_core/u_core/u_prod/u_core/u_core/u_plus_step/g_unified_lane.u_lane_group/g_lane[10].g_lane_n.u_lane/g_j_dsp.g_generic.u_j_mul/g_base_stage.product0 input g_int4.u_precision_core/u_core/u_prod/u_core/u_core/u_plus_step/g_unified_lane.u_lane_group/g_lane[10].g_lane_n.u_lane/g_j_dsp.g_generic.u_j_mul/g_base_stage.product0/B[17:0] is not pipelined. Pipelining DSP48 input will improve performance.
Related violations: <none>

DPIP-2#218 Warning
Input pipelining  
DSP g_int4.u_precision_core/u_core/u_prod/u_core/u_core/u_plus_step/g_unified_lane.u_lane_group/g_lane[10].g_lane_n.u_lane/g_j_dsp.g_generic.u_j_mul/g_base_stage.product_s1_reg input g_int4.u_precision_core/u_core/u_prod/u_core/u_core/u_plus_step/g_unified_lane.u_lane_group/g_lane[10].g_lane_n.u_lane/g_j_dsp.g_generic.u_j_mul/g_base_stage.product_s1_reg/A[29:0] is not pipelined. Pipelining DSP48 input will improve performance.
Related violations: <none>

DPIP-2#219 Warning
Input pipelining  
DSP g_int4.u_precision_core/u_core/u_prod/u_core/u_core/u_plus_step/g_unified_lane.u_lane_group/g_lane[10].g_lane_n.u_lane/g_j_dsp.g_generic.u_j_mul/g_base_stage.product_s1_reg input g_int4.u_precision_core/u_core/u_prod/u_core/u_core/u_plus_step/g_unified_lane.u_lane_group/g_lane[10].g_lane_n.u_lane/g_j_dsp.g_generic.u_j_mul/g_base_stage.product_s1_reg/B[17:0] is not pipelined. Pipelining DSP48 input will improve performance.
Related violations: <none>

DPIP-2#220 Warning
Input pipelining  
DSP g_int4.u_precision_core/u_core/u_prod/u_core/u_core/u_plus_step/g_unified_lane.u_lane_group/g_lane[10].g_lane_n.u_lane/g_tight_mul.u_mul1/u_mul/g_base_stage.product0 input g_int4.u_precision_core/u_core/u_prod/u_core/u_core/u_plus_step/g_unified_lane.u_lane_group/g_lane[10].g_lane_n.u_lane/g_tight_mul.u_mul1/u_mul/g_base_stage.product0/A[29:0] is not pipelined. Pipelining DSP48 input will improve performance.
Related violations: <none>

DPIP-2#221 Warning
Input pipelining  
DSP g_int4.u_precision_core/u_core/u_prod/u_core/u_core/u_plus_step/g_unified_lane.u_lane_group/g_lane[10].g_lane_n.u_lane/g_tight_mul.u_mul1/u_mul/g_base_stage.product0 input g_int4.u_precision_core/u_core/u_prod/u_core/u_core/u_plus_step/g_unified_lane.u_lane_group/g_lane[10].g_lane_n.u_lane/g_tight_mul.u_mul1/u_mul/g_base_stage.product0/B[17:0] is not pipelined. Pipelining DSP48 input will improve performance.
Related violations: <none>

DPIP-2#222 Warning
Input pipelining  
DSP g_int4.u_precision_core/u_core/u_prod/u_core/u_core/u_plus_step/g_unified_lane.u_lane_group/g_lane[10].g_lane_n.u_lane/g_tight_mul.u_mul1/u_mul/g_base_stage.product_s1_reg input g_int4.u_precision_core/u_core/u_prod/u_core/u_core/u_plus_step/g_unified_lane.u_lane_group/g_lane[10].g_lane_n.u_lane/g_tight_mul.u_mul1/u_mul/g_base_stage.product_s1_reg/B[17:0] is not pipelined. Pipelining DSP48 input will improve performance.
Related violations: <none>

DPIP-2#223 Warning
Input pipelining  
DSP g_int4.u_precision_core/u_core/u_prod/u_core/u_core/u_plus_step/g_unified_lane.u_lane_group/g_lane[10].g_lane_n.u_lane/g_tight_mul.u_mul2/u_mul/g_base_stage.product0 input g_int4.u_precision_core/u_core/u_prod/u_core/u_core/u_plus_step/g_unified_lane.u_lane_group/g_lane[10].g_lane_n.u_lane/g_tight_mul.u_mul2/u_mul/g_base_stage.product0/A[29:0] is not pipelined. Pipelining DSP48 input will improve performance.
Related violations: <none>

DPIP-2#224 Warning
Input pipelining  
DSP g_int4.u_precision_core/u_core/u_prod/u_core/u_core/u_plus_step/g_unified_lane.u_lane_group/g_lane[10].g_lane_n.u_lane/g_tight_mul.u_mul2/u_mul/g_base_stage.product0 input g_int4.u_precision_core/u_core/u_prod/u_core/u_core/u_plus_step/g_unified_lane.u_lane_group/g_lane[10].g_lane_n.u_lane/g_tight_mul.u_mul2/u_mul/g_base_stage.product0/B[17:0] is not pipelined. Pipelining DSP48 input will improve performance.
Related violations: <none>

DPIP-2#225 Warning
Input pipelining  
DSP g_int4.u_precision_core/u_core/u_prod/u_core/u_core/u_plus_step/g_unified_lane.u_lane_group/g_lane[10].g_lane_n.u_lane/g_tight_mul.u_mul2/u_mul/g_base_stage.product_s1_reg input g_int4.u_precision_core/u_core/u_prod/u_core/u_core/u_plus_step/g_unified_lane.u_lane_group/g_lane[10].g_lane_n.u_lane/g_tight_mul.u_mul2/u_mul/g_base_stage.product_s1_reg/B[17:0] is not pipelined. Pipelining DSP48 input will improve performance.
Related violations: <none>

DPIP-2#226 Warning
Input pipelining  
DSP g_int4.u_precision_core/u_core/u_prod/u_core/u_core/u_plus_step/g_unified_lane.u_lane_group/g_lane[10].g_lane_n.u_lane/g_tight_mul.u_mul3/u_mul/g_base_stage.product0 input g_int4.u_precision_core/u_core/u_prod/u_core/u_core/u_plus_step/g_unified_lane.u_lane_group/g_lane[10].g_lane_n.u_lane/g_tight_mul.u_mul3/u_mul/g_base_stage.product0/A[29:0] is not pipelined. Pipelining DSP48 input will improve performance.
Related violations: <none>

DPIP-2#227 Warning
Input pipelining  
DSP g_int4.u_precision_core/u_core/u_prod/u_core/u_core/u_plus_step/g_unified_lane.u_lane_group/g_lane[10].g_lane_n.u_lane/g_tight_mul.u_mul3/u_mul/g_base_stage.product0 input g_int4.u_precision_core/u_core/u_prod/u_core/u_core/u_plus_step/g_unified_lane.u_lane_group/g_lane[10].g_lane_n.u_lane/g_tight_mul.u_mul3/u_mul/g_base_stage.product0/B[17:0] is not pipelined. Pipelining DSP48 input will improve performance.
Related violations: <none>

DPIP-2#228 Warning
Input pipelining  
DSP g_int4.u_precision_core/u_core/u_prod/u_core/u_core/u_plus_step/g_unified_lane.u_lane_group/g_lane[10].g_lane_n.u_lane/g_tight_mul.u_mul3/u_mul/g_base_stage.product_s1_reg input g_int4.u_precision_core/u_core/u_prod/u_core/u_core/u_plus_step/g_unified_lane.u_lane_group/g_lane[10].g_lane_n.u_lane/g_tight_mul.u_mul3/u_mul/g_base_stage.product_s1_reg/B[17:0] is not pipelined. Pipelining DSP48 input will improve performance.
Related violations: <none>

DPIP-2#229 Warning
Input pipelining  
DSP g_int4.u_precision_core/u_core/u_prod/u_core/u_core/u_plus_step/g_unified_lane.u_lane_group/g_lane[11].g_lane_n.u_lane/g_j_dsp.g_generic.u_j_mul/g_base_stage.product0 input g_int4.u_precision_core/u_core/u_prod/u_core/u_core/u_plus_step/g_unified_lane.u_lane_group/g_lane[11].g_lane_n.u_lane/g_j_dsp.g_generic.u_j_mul/g_base_stage.product0/A[29:0] is not pipelined. Pipelining DSP48 input will improve performance.
Related violations: <none>

DPIP-2#230 Warning
Input pipelining  
DSP g_int4.u_precision_core/u_core/u_prod/u_core/u_core/u_plus_step/g_unified_lane.u_lane_group/g_lane[11].g_lane_n.u_lane/g_j_dsp.g_generic.u_j_mul/g_base_stage.product0 input g_int4.u_precision_core/u_core/u_prod/u_core/u_core/u_plus_step/g_unified_lane.u_lane_group/g_lane[11].g_lane_n.u_lane/g_j_dsp.g_generic.u_j_mul/g_base_stage.product0/B[17:0] is not pipelined. Pipelining DSP48 input will improve performance.
Related violations: <none>

DPIP-2#231 Warning
Input pipelining  
DSP g_int4.u_precision_core/u_core/u_prod/u_core/u_core/u_plus_step/g_unified_lane.u_lane_group/g_lane[11].g_lane_n.u_lane/g_j_dsp.g_generic.u_j_mul/g_base_stage.product_s1_reg input g_int4.u_precision_core/u_core/u_prod/u_core/u_core/u_plus_step/g_unified_lane.u_lane_group/g_lane[11].g_lane_n.u_lane/g_j_dsp.g_generic.u_j_mul/g_base_stage.product_s1_reg/A[29:0] is not pipelined. Pipelining DSP48 input will improve performance.
Related violations: <none>

DPIP-2#232 Warning
Input pipelining  
DSP g_int4.u_precision_core/u_core/u_prod/u_core/u_core/u_plus_step/g_unified_lane.u_lane_group/g_lane[11].g_lane_n.u_lane/g_j_dsp.g_generic.u_j_mul/g_base_stage.product_s1_reg input g_int4.u_precision_core/u_core/u_prod/u_core/u_core/u_plus_step/g_unified_lane.u_lane_group/g_lane[11].g_lane_n.u_lane/g_j_dsp.g_generic.u_j_mul/g_base_stage.product_s1_reg/B[17:0] is not pipelined. Pipelining DSP48 input will improve performance.
Related violations: <none>

DPIP-2#233 Warning
Input pipelining  
DSP g_int4.u_precision_core/u_core/u_prod/u_core/u_core/u_plus_step/g_unified_lane.u_lane_group/g_lane[11].g_lane_n.u_lane/g_tight_mul.u_mul1/u_mul/g_base_stage.product0 input g_int4.u_precision_core/u_core/u_prod/u_core/u_core/u_plus_step/g_unified_lane.u_lane_group/g_lane[11].g_lane_n.u_lane/g_tight_mul.u_mul1/u_mul/g_base_stage.product0/A[29:0] is not pipelined. Pipelining DSP48 input will improve performance.
Related violations: <none>

DPIP-2#234 Warning
Input pipelining  
DSP g_int4.u_precision_core/u_core/u_prod/u_core/u_core/u_plus_step/g_unified_lane.u_lane_group/g_lane[11].g_lane_n.u_lane/g_tight_mul.u_mul1/u_mul/g_base_stage.product0 input g_int4.u_precision_core/u_core/u_prod/u_core/u_core/u_plus_step/g_unified_lane.u_lane_group/g_lane[11].g_lane_n.u_lane/g_tight_mul.u_mul1/u_mul/g_base_stage.product0/B[17:0] is not pipelined. Pipelining DSP48 input will improve performance.
Related violations: <none>

DPIP-2#235 Warning
Input pipelining  
DSP g_int4.u_precision_core/u_core/u_prod/u_core/u_core/u_plus_step/g_unified_lane.u_lane_group/g_lane[11].g_lane_n.u_lane/g_tight_mul.u_mul1/u_mul/g_base_stage.product_s1_reg input g_int4.u_precision_core/u_core/u_prod/u_core/u_core/u_plus_step/g_unified_lane.u_lane_group/g_lane[11].g_lane_n.u_lane/g_tight_mul.u_mul1/u_mul/g_base_stage.product_s1_reg/B[17:0] is not pipelined. Pipelining DSP48 input will improve performance.
Related violations: <none>

DPIP-2#236 Warning
Input pipelining  
DSP g_int4.u_precision_core/u_core/u_prod/u_core/u_core/u_plus_step/g_unified_lane.u_lane_group/g_lane[11].g_lane_n.u_lane/g_tight_mul.u_mul2/u_mul/g_base_stage.product0 input g_int4.u_precision_core/u_core/u_prod/u_core/u_core/u_plus_step/g_unified_lane.u_lane_group/g_lane[11].g_lane_n.u_lane/g_tight_mul.u_mul2/u_mul/g_base_stage.product0/A[29:0] is not pipelined. Pipelining DSP48 input will improve performance.
Related violations: <none>

DPIP-2#237 Warning
Input pipelining  
DSP g_int4.u_precision_core/u_core/u_prod/u_core/u_core/u_plus_step/g_unified_lane.u_lane_group/g_lane[11].g_lane_n.u_lane/g_tight_mul.u_mul2/u_mul/g_base_stage.product0 input g_int4.u_precision_core/u_core/u_prod/u_core/u_core/u_plus_step/g_unified_lane.u_lane_group/g_lane[11].g_lane_n.u_lane/g_tight_mul.u_mul2/u_mul/g_base_stage.product0/B[17:0] is not pipelined. Pipelining DSP48 input will improve performance.
Related violations: <none>

DPIP-2#238 Warning
Input pipelining  
DSP g_int4.u_precision_core/u_core/u_prod/u_core/u_core/u_plus_step/g_unified_lane.u_lane_group/g_lane[11].g_lane_n.u_lane/g_tight_mul.u_mul2/u_mul/g_base_stage.product_s1_reg input g_int4.u_precision_core/u_core/u_prod/u_core/u_core/u_plus_step/g_unified_lane.u_lane_group/g_lane[11].g_lane_n.u_lane/g_tight_mul.u_mul2/u_mul/g_base_stage.product_s1_reg/B[17:0] is not pipelined. Pipelining DSP48 input will improve performance.
Related violations: <none>

DPIP-2#239 Warning
Input pipelining  
DSP g_int4.u_precision_core/u_core/u_prod/u_core/u_core/u_plus_step/g_unified_lane.u_lane_group/g_lane[11].g_lane_n.u_lane/g_tight_mul.u_mul3/u_mul/g_base_stage.product0 input g_int4.u_precision_core/u_core/u_prod/u_core/u_core/u_plus_step/g_unified_lane.u_lane_group/g_lane[11].g_lane_n.u_lane/g_tight_mul.u_mul3/u_mul/g_base_stage.product0/A[29:0] is not pipelined. Pipelining DSP48 input will improve performance.
Related violations: <none>

DPIP-2#240 Warning
Input pipelining  
DSP g_int4.u_precision_core/u_core/u_prod/u_core/u_core/u_plus_step/g_unified_lane.u_lane_group/g_lane[11].g_lane_n.u_lane/g_tight_mul.u_mul3/u_mul/g_base_stage.product0 input g_int4.u_precision_core/u_core/u_prod/u_core/u_core/u_plus_step/g_unified_lane.u_lane_group/g_lane[11].g_lane_n.u_lane/g_tight_mul.u_mul3/u_mul/g_base_stage.product0/B[17:0] is not pipelined. Pipelining DSP48 input will improve performance.
Related violations: <none>

DPIP-2#241 Warning
Input pipelining  
DSP g_int4.u_precision_core/u_core/u_prod/u_core/u_core/u_plus_step/g_unified_lane.u_lane_group/g_lane[11].g_lane_n.u_lane/g_tight_mul.u_mul3/u_mul/g_base_stage.product_s1_reg input g_int4.u_precision_core/u_core/u_prod/u_core/u_core/u_plus_step/g_unified_lane.u_lane_group/g_lane[11].g_lane_n.u_lane/g_tight_mul.u_mul3/u_mul/g_base_stage.product_s1_reg/B[17:0] is not pipelined. Pipelining DSP48 input will improve performance.
Related violations: <none>

DPIP-2#242 Warning
Input pipelining  
DSP g_int4.u_precision_core/u_core/u_prod/u_core/u_core/u_plus_step/g_unified_lane.u_lane_group/g_lane[12].g_lane_n.u_lane/g_j_dsp.g_generic.u_j_mul/g_base_stage.product0 input g_int4.u_precision_core/u_core/u_prod/u_core/u_core/u_plus_step/g_unified_lane.u_lane_group/g_lane[12].g_lane_n.u_lane/g_j_dsp.g_generic.u_j_mul/g_base_stage.product0/A[29:0] is not pipelined. Pipelining DSP48 input will improve performance.
Related violations: <none>

DPIP-2#243 Warning
Input pipelining  
DSP g_int4.u_precision_core/u_core/u_prod/u_core/u_core/u_plus_step/g_unified_lane.u_lane_group/g_lane[12].g_lane_n.u_lane/g_j_dsp.g_generic.u_j_mul/g_base_stage.product0 input g_int4.u_precision_core/u_core/u_prod/u_core/u_core/u_plus_step/g_unified_lane.u_lane_group/g_lane[12].g_lane_n.u_lane/g_j_dsp.g_generic.u_j_mul/g_base_stage.product0/B[17:0] is not pipelined. Pipelining DSP48 input will improve performance.
Related violations: <none>

DPIP-2#244 Warning
Input pipelining  
DSP g_int4.u_precision_core/u_core/u_prod/u_core/u_core/u_plus_step/g_unified_lane.u_lane_group/g_lane[12].g_lane_n.u_lane/g_j_dsp.g_generic.u_j_mul/g_base_stage.product_s1_reg input g_int4.u_precision_core/u_core/u_prod/u_core/u_core/u_plus_step/g_unified_lane.u_lane_group/g_lane[12].g_lane_n.u_lane/g_j_dsp.g_generic.u_j_mul/g_base_stage.product_s1_reg/A[29:0] is not pipelined. Pipelining DSP48 input will improve performance.
Related violations: <none>

DPIP-2#245 Warning
Input pipelining  
DSP g_int4.u_precision_core/u_core/u_prod/u_core/u_core/u_plus_step/g_unified_lane.u_lane_group/g_lane[12].g_lane_n.u_lane/g_j_dsp.g_generic.u_j_mul/g_base_stage.product_s1_reg input g_int4.u_precision_core/u_core/u_prod/u_core/u_core/u_plus_step/g_unified_lane.u_lane_group/g_lane[12].g_lane_n.u_lane/g_j_dsp.g_generic.u_j_mul/g_base_stage.product_s1_reg/B[17:0] is not pipelined. Pipelining DSP48 input will improve performance.
Related violations: <none>

DPIP-2#246 Warning
Input pipelining  
DSP g_int4.u_precision_core/u_core/u_prod/u_core/u_core/u_plus_step/g_unified_lane.u_lane_group/g_lane[12].g_lane_n.u_lane/g_tight_mul.u_mul1/u_mul/g_base_stage.product0 input g_int4.u_precision_core/u_core/u_prod/u_core/u_core/u_plus_step/g_unified_lane.u_lane_group/g_lane[12].g_lane_n.u_lane/g_tight_mul.u_mul1/u_mul/g_base_stage.product0/A[29:0] is not pipelined. Pipelining DSP48 input will improve performance.
Related violations: <none>

DPIP-2#247 Warning
Input pipelining  
DSP g_int4.u_precision_core/u_core/u_prod/u_core/u_core/u_plus_step/g_unified_lane.u_lane_group/g_lane[12].g_lane_n.u_lane/g_tight_mul.u_mul1/u_mul/g_base_stage.product0 input g_int4.u_precision_core/u_core/u_prod/u_core/u_core/u_plus_step/g_unified_lane.u_lane_group/g_lane[12].g_lane_n.u_lane/g_tight_mul.u_mul1/u_mul/g_base_stage.product0/B[17:0] is not pipelined. Pipelining DSP48 input will improve performance.
Related violations: <none>

DPIP-2#248 Warning
Input pipelining  
DSP g_int4.u_precision_core/u_core/u_prod/u_core/u_core/u_plus_step/g_unified_lane.u_lane_group/g_lane[12].g_lane_n.u_lane/g_tight_mul.u_mul1/u_mul/g_base_stage.product_s1_reg input g_int4.u_precision_core/u_core/u_prod/u_core/u_core/u_plus_step/g_unified_lane.u_lane_group/g_lane[12].g_lane_n.u_lane/g_tight_mul.u_mul1/u_mul/g_base_stage.product_s1_reg/B[17:0] is not pipelined. Pipelining DSP48 input will improve performance.
Related violations: <none>

DPIP-2#249 Warning
Input pipelining  
DSP g_int4.u_precision_core/u_core/u_prod/u_core/u_core/u_plus_step/g_unified_lane.u_lane_group/g_lane[12].g_lane_n.u_lane/g_tight_mul.u_mul2/u_mul/g_base_stage.product0 input g_int4.u_precision_core/u_core/u_prod/u_core/u_core/u_plus_step/g_unified_lane.u_lane_group/g_lane[12].g_lane_n.u_lane/g_tight_mul.u_mul2/u_mul/g_base_stage.product0/A[29:0] is not pipelined. Pipelining DSP48 input will improve performance.
Related violations: <none>

DPIP-2#250 Warning
Input pipelining  
DSP g_int4.u_precision_core/u_core/u_prod/u_core/u_core/u_plus_step/g_unified_lane.u_lane_group/g_lane[12].g_lane_n.u_lane/g_tight_mul.u_mul2/u_mul/g_base_stage.product0 input g_int4.u_precision_core/u_core/u_prod/u_core/u_core/u_plus_step/g_unified_lane.u_lane_group/g_lane[12].g_lane_n.u_lane/g_tight_mul.u_mul2/u_mul/g_base_stage.product0/B[17:0] is not pipelined. Pipelining DSP48 input will improve performance.
Related violations: <none>

DPIP-2#251 Warning
Input pipelining  
DSP g_int4.u_precision_core/u_core/u_prod/u_core/u_core/u_plus_step/g_unified_lane.u_lane_group/g_lane[12].g_lane_n.u_lane/g_tight_mul.u_mul2/u_mul/g_base_stage.product_s1_reg input g_int4.u_precision_core/u_core/u_prod/u_core/u_core/u_plus_step/g_unified_lane.u_lane_group/g_lane[12].g_lane_n.u_lane/g_tight_mul.u_mul2/u_mul/g_base_stage.product_s1_reg/B[17:0] is not pipelined. Pipelining DSP48 input will improve performance.
Related violations: <none>

DPIP-2#252 Warning
Input pipelining  
DSP g_int4.u_precision_core/u_core/u_prod/u_core/u_core/u_plus_step/g_unified_lane.u_lane_group/g_lane[12].g_lane_n.u_lane/g_tight_mul.u_mul3/u_mul/g_base_stage.product0 input g_int4.u_precision_core/u_core/u_prod/u_core/u_core/u_plus_step/g_unified_lane.u_lane_group/g_lane[12].g_lane_n.u_lane/g_tight_mul.u_mul3/u_mul/g_base_stage.product0/A[29:0] is not pipelined. Pipelining DSP48 input will improve performance.
Related violations: <none>

DPIP-2#253 Warning
Input pipelining  
DSP g_int4.u_precision_core/u_core/u_prod/u_core/u_core/u_plus_step/g_unified_lane.u_lane_group/g_lane[12].g_lane_n.u_lane/g_tight_mul.u_mul3/u_mul/g_base_stage.product0 input g_int4.u_precision_core/u_core/u_prod/u_core/u_core/u_plus_step/g_unified_lane.u_lane_group/g_lane[12].g_lane_n.u_lane/g_tight_mul.u_mul3/u_mul/g_base_stage.product0/B[17:0] is not pipelined. Pipelining DSP48 input will improve performance.
Related violations: <none>

DPIP-2#254 Warning
Input pipelining  
DSP g_int4.u_precision_core/u_core/u_prod/u_core/u_core/u_plus_step/g_unified_lane.u_lane_group/g_lane[12].g_lane_n.u_lane/g_tight_mul.u_mul3/u_mul/g_base_stage.product_s1_reg input g_int4.u_precision_core/u_core/u_prod/u_core/u_core/u_plus_step/g_unified_lane.u_lane_group/g_lane[12].g_lane_n.u_lane/g_tight_mul.u_mul3/u_mul/g_base_stage.product_s1_reg/B[17:0] is not pipelined. Pipelining DSP48 input will improve performance.
Related violations: <none>

DPIP-2#255 Warning
Input pipelining  
DSP g_int4.u_precision_core/u_core/u_prod/u_core/u_core/u_plus_step/g_unified_lane.u_lane_group/g_lane[13].g_lane_n.u_lane/g_j_dsp.g_generic.u_j_mul/g_base_stage.product0 input g_int4.u_precision_core/u_core/u_prod/u_core/u_core/u_plus_step/g_unified_lane.u_lane_group/g_lane[13].g_lane_n.u_lane/g_j_dsp.g_generic.u_j_mul/g_base_stage.product0/A[29:0] is not pipelined. Pipelining DSP48 input will improve performance.
Related violations: <none>

DPIP-2#256 Warning
Input pipelining  
DSP g_int4.u_precision_core/u_core/u_prod/u_core/u_core/u_plus_step/g_unified_lane.u_lane_group/g_lane[13].g_lane_n.u_lane/g_j_dsp.g_generic.u_j_mul/g_base_stage.product0 input g_int4.u_precision_core/u_core/u_prod/u_core/u_core/u_plus_step/g_unified_lane.u_lane_group/g_lane[13].g_lane_n.u_lane/g_j_dsp.g_generic.u_j_mul/g_base_stage.product0/B[17:0] is not pipelined. Pipelining DSP48 input will improve performance.
Related violations: <none>

DPIP-2#257 Warning
Input pipelining  
DSP g_int4.u_precision_core/u_core/u_prod/u_core/u_core/u_plus_step/g_unified_lane.u_lane_group/g_lane[13].g_lane_n.u_lane/g_j_dsp.g_generic.u_j_mul/g_base_stage.product_s1_reg input g_int4.u_precision_core/u_core/u_prod/u_core/u_core/u_plus_step/g_unified_lane.u_lane_group/g_lane[13].g_lane_n.u_lane/g_j_dsp.g_generic.u_j_mul/g_base_stage.product_s1_reg/A[29:0] is not pipelined. Pipelining DSP48 input will improve performance.
Related violations: <none>

DPIP-2#258 Warning
Input pipelining  
DSP g_int4.u_precision_core/u_core/u_prod/u_core/u_core/u_plus_step/g_unified_lane.u_lane_group/g_lane[13].g_lane_n.u_lane/g_j_dsp.g_generic.u_j_mul/g_base_stage.product_s1_reg input g_int4.u_precision_core/u_core/u_prod/u_core/u_core/u_plus_step/g_unified_lane.u_lane_group/g_lane[13].g_lane_n.u_lane/g_j_dsp.g_generic.u_j_mul/g_base_stage.product_s1_reg/B[17:0] is not pipelined. Pipelining DSP48 input will improve performance.
Related violations: <none>

DPIP-2#259 Warning
Input pipelining  
DSP g_int4.u_precision_core/u_core/u_prod/u_core/u_core/u_plus_step/g_unified_lane.u_lane_group/g_lane[13].g_lane_n.u_lane/g_tight_mul.u_mul1/u_mul/g_base_stage.product0 input g_int4.u_precision_core/u_core/u_prod/u_core/u_core/u_plus_step/g_unified_lane.u_lane_group/g_lane[13].g_lane_n.u_lane/g_tight_mul.u_mul1/u_mul/g_base_stage.product0/A[29:0] is not pipelined. Pipelining DSP48 input will improve performance.
Related violations: <none>

DPIP-2#260 Warning
Input pipelining  
DSP g_int4.u_precision_core/u_core/u_prod/u_core/u_core/u_plus_step/g_unified_lane.u_lane_group/g_lane[13].g_lane_n.u_lane/g_tight_mul.u_mul1/u_mul/g_base_stage.product0 input g_int4.u_precision_core/u_core/u_prod/u_core/u_core/u_plus_step/g_unified_lane.u_lane_group/g_lane[13].g_lane_n.u_lane/g_tight_mul.u_mul1/u_mul/g_base_stage.product0/B[17:0] is not pipelined. Pipelining DSP48 input will improve performance.
Related violations: <none>

DPIP-2#261 Warning
Input pipelining  
DSP g_int4.u_precision_core/u_core/u_prod/u_core/u_core/u_plus_step/g_unified_lane.u_lane_group/g_lane[13].g_lane_n.u_lane/g_tight_mul.u_mul1/u_mul/g_base_stage.product_s1_reg input g_int4.u_precision_core/u_core/u_prod/u_core/u_core/u_plus_step/g_unified_lane.u_lane_group/g_lane[13].g_lane_n.u_lane/g_tight_mul.u_mul1/u_mul/g_base_stage.product_s1_reg/B[17:0] is not pipelined. Pipelining DSP48 input will improve performance.
Related violations: <none>

DPIP-2#262 Warning
Input pipelining  
DSP g_int4.u_precision_core/u_core/u_prod/u_core/u_core/u_plus_step/g_unified_lane.u_lane_group/g_lane[13].g_lane_n.u_lane/g_tight_mul.u_mul2/u_mul/g_base_stage.product0 input g_int4.u_precision_core/u_core/u_prod/u_core/u_core/u_plus_step/g_unified_lane.u_lane_group/g_lane[13].g_lane_n.u_lane/g_tight_mul.u_mul2/u_mul/g_base_stage.product0/A[29:0] is not pipelined. Pipelining DSP48 input will improve performance.
Related violations: <none>

DPIP-2#263 Warning
Input pipelining  
DSP g_int4.u_precision_core/u_core/u_prod/u_core/u_core/u_plus_step/g_unified_lane.u_lane_group/g_lane[13].g_lane_n.u_lane/g_tight_mul.u_mul2/u_mul/g_base_stage.product0 input g_int4.u_precision_core/u_core/u_prod/u_core/u_core/u_plus_step/g_unified_lane.u_lane_group/g_lane[13].g_lane_n.u_lane/g_tight_mul.u_mul2/u_mul/g_base_stage.product0/B[17:0] is not pipelined. Pipelining DSP48 input will improve performance.
Related violations: <none>

DPIP-2#264 Warning
Input pipelining  
DSP g_int4.u_precision_core/u_core/u_prod/u_core/u_core/u_plus_step/g_unified_lane.u_lane_group/g_lane[13].g_lane_n.u_lane/g_tight_mul.u_mul2/u_mul/g_base_stage.product_s1_reg input g_int4.u_precision_core/u_core/u_prod/u_core/u_core/u_plus_step/g_unified_lane.u_lane_group/g_lane[13].g_lane_n.u_lane/g_tight_mul.u_mul2/u_mul/g_base_stage.product_s1_reg/B[17:0] is not pipelined. Pipelining DSP48 input will improve performance.
Related violations: <none>

DPIP-2#265 Warning
Input pipelining  
DSP g_int4.u_precision_core/u_core/u_prod/u_core/u_core/u_plus_step/g_unified_lane.u_lane_group/g_lane[13].g_lane_n.u_lane/g_tight_mul.u_mul3/u_mul/g_base_stage.product0 input g_int4.u_precision_core/u_core/u_prod/u_core/u_core/u_plus_step/g_unified_lane.u_lane_group/g_lane[13].g_lane_n.u_lane/g_tight_mul.u_mul3/u_mul/g_base_stage.product0/A[29:0] is not pipelined. Pipelining DSP48 input will improve performance.
Related violations: <none>

DPIP-2#266 Warning
Input pipelining  
DSP g_int4.u_precision_core/u_core/u_prod/u_core/u_core/u_plus_step/g_unified_lane.u_lane_group/g_lane[13].g_lane_n.u_lane/g_tight_mul.u_mul3/u_mul/g_base_stage.product0 input g_int4.u_precision_core/u_core/u_prod/u_core/u_core/u_plus_step/g_unified_lane.u_lane_group/g_lane[13].g_lane_n.u_lane/g_tight_mul.u_mul3/u_mul/g_base_stage.product0/B[17:0] is not pipelined. Pipelining DSP48 input will improve performance.
Related violations: <none>

DPIP-2#267 Warning
Input pipelining  
DSP g_int4.u_precision_core/u_core/u_prod/u_core/u_core/u_plus_step/g_unified_lane.u_lane_group/g_lane[13].g_lane_n.u_lane/g_tight_mul.u_mul3/u_mul/g_base_stage.product_s1_reg input g_int4.u_precision_core/u_core/u_prod/u_core/u_core/u_plus_step/g_unified_lane.u_lane_group/g_lane[13].g_lane_n.u_lane/g_tight_mul.u_mul3/u_mul/g_base_stage.product_s1_reg/B[17:0] is not pipelined. Pipelining DSP48 input will improve performance.
Related violations: <none>

DPIP-2#268 Warning
Input pipelining  
DSP g_int4.u_precision_core/u_core/u_prod/u_core/u_core/u_plus_step/g_unified_lane.u_lane_group/g_lane[14].g_lane_n.u_lane/g_j_dsp.g_generic.u_j_mul/g_base_stage.product0 input g_int4.u_precision_core/u_core/u_prod/u_core/u_core/u_plus_step/g_unified_lane.u_lane_group/g_lane[14].g_lane_n.u_lane/g_j_dsp.g_generic.u_j_mul/g_base_stage.product0/A[29:0] is not pipelined. Pipelining DSP48 input will improve performance.
Related violations: <none>

DPIP-2#269 Warning
Input pipelining  
DSP g_int4.u_precision_core/u_core/u_prod/u_core/u_core/u_plus_step/g_unified_lane.u_lane_group/g_lane[14].g_lane_n.u_lane/g_j_dsp.g_generic.u_j_mul/g_base_stage.product0 input g_int4.u_precision_core/u_core/u_prod/u_core/u_core/u_plus_step/g_unified_lane.u_lane_group/g_lane[14].g_lane_n.u_lane/g_j_dsp.g_generic.u_j_mul/g_base_stage.product0/B[17:0] is not pipelined. Pipelining DSP48 input will improve performance.
Related violations: <none>

DPIP-2#270 Warning
Input pipelining  
DSP g_int4.u_precision_core/u_core/u_prod/u_core/u_core/u_plus_step/g_unified_lane.u_lane_group/g_lane[14].g_lane_n.u_lane/g_j_dsp.g_generic.u_j_mul/g_base_stage.product_s1_reg input g_int4.u_precision_core/u_core/u_prod/u_core/u_core/u_plus_step/g_unified_lane.u_lane_group/g_lane[14].g_lane_n.u_lane/g_j_dsp.g_generic.u_j_mul/g_base_stage.product_s1_reg/A[29:0] is not pipelined. Pipelining DSP48 input will improve performance.
Related violations: <none>

DPIP-2#271 Warning
Input pipelining  
DSP g_int4.u_precision_core/u_core/u_prod/u_core/u_core/u_plus_step/g_unified_lane.u_lane_group/g_lane[14].g_lane_n.u_lane/g_j_dsp.g_generic.u_j_mul/g_base_stage.product_s1_reg input g_int4.u_precision_core/u_core/u_prod/u_core/u_core/u_plus_step/g_unified_lane.u_lane_group/g_lane[14].g_lane_n.u_lane/g_j_dsp.g_generic.u_j_mul/g_base_stage.product_s1_reg/B[17:0] is not pipelined. Pipelining DSP48 input will improve performance.
Related violations: <none>

DPIP-2#272 Warning
Input pipelining  
DSP g_int4.u_precision_core/u_core/u_prod/u_core/u_core/u_plus_step/g_unified_lane.u_lane_group/g_lane[14].g_lane_n.u_lane/g_tight_mul.u_mul1/u_mul/g_base_stage.product0 input g_int4.u_precision_core/u_core/u_prod/u_core/u_core/u_plus_step/g_unified_lane.u_lane_group/g_lane[14].g_lane_n.u_lane/g_tight_mul.u_mul1/u_mul/g_base_stage.product0/A[29:0] is not pipelined. Pipelining DSP48 input will improve performance.
Related violations: <none>

DPIP-2#273 Warning
Input pipelining  
DSP g_int4.u_precision_core/u_core/u_prod/u_core/u_core/u_plus_step/g_unified_lane.u_lane_group/g_lane[14].g_lane_n.u_lane/g_tight_mul.u_mul1/u_mul/g_base_stage.product0 input g_int4.u_precision_core/u_core/u_prod/u_core/u_core/u_plus_step/g_unified_lane.u_lane_group/g_lane[14].g_lane_n.u_lane/g_tight_mul.u_mul1/u_mul/g_base_stage.product0/B[17:0] is not pipelined. Pipelining DSP48 input will improve performance.
Related violations: <none>

DPIP-2#274 Warning
Input pipelining  
DSP g_int4.u_precision_core/u_core/u_prod/u_core/u_core/u_plus_step/g_unified_lane.u_lane_group/g_lane[14].g_lane_n.u_lane/g_tight_mul.u_mul1/u_mul/g_base_stage.product_s1_reg input g_int4.u_precision_core/u_core/u_prod/u_core/u_core/u_plus_step/g_unified_lane.u_lane_group/g_lane[14].g_lane_n.u_lane/g_tight_mul.u_mul1/u_mul/g_base_stage.product_s1_reg/B[17:0] is not pipelined. Pipelining DSP48 input will improve performance.
Related violations: <none>

DPIP-2#275 Warning
Input pipelining  
DSP g_int4.u_precision_core/u_core/u_prod/u_core/u_core/u_plus_step/g_unified_lane.u_lane_group/g_lane[14].g_lane_n.u_lane/g_tight_mul.u_mul2/u_mul/g_base_stage.product0 input g_int4.u_precision_core/u_core/u_prod/u_core/u_core/u_plus_step/g_unified_lane.u_lane_group/g_lane[14].g_lane_n.u_lane/g_tight_mul.u_mul2/u_mul/g_base_stage.product0/A[29:0] is not pipelined. Pipelining DSP48 input will improve performance.
Related violations: <none>

DPIP-2#276 Warning
Input pipelining  
DSP g_int4.u_precision_core/u_core/u_prod/u_core/u_core/u_plus_step/g_unified_lane.u_lane_group/g_lane[14].g_lane_n.u_lane/g_tight_mul.u_mul2/u_mul/g_base_stage.product0 input g_int4.u_precision_core/u_core/u_prod/u_core/u_core/u_plus_step/g_unified_lane.u_lane_group/g_lane[14].g_lane_n.u_lane/g_tight_mul.u_mul2/u_mul/g_base_stage.product0/B[17:0] is not pipelined. Pipelining DSP48 input will improve performance.
Related violations: <none>

DPIP-2#277 Warning
Input pipelining  
DSP g_int4.u_precision_core/u_core/u_prod/u_core/u_core/u_plus_step/g_unified_lane.u_lane_group/g_lane[14].g_lane_n.u_lane/g_tight_mul.u_mul2/u_mul/g_base_stage.product_s1_reg input g_int4.u_precision_core/u_core/u_prod/u_core/u_core/u_plus_step/g_unified_lane.u_lane_group/g_lane[14].g_lane_n.u_lane/g_tight_mul.u_mul2/u_mul/g_base_stage.product_s1_reg/B[17:0] is not pipelined. Pipelining DSP48 input will improve performance.
Related violations: <none>

DPIP-2#278 Warning
Input pipelining  
DSP g_int4.u_precision_core/u_core/u_prod/u_core/u_core/u_plus_step/g_unified_lane.u_lane_group/g_lane[14].g_lane_n.u_lane/g_tight_mul.u_mul3/u_mul/g_base_stage.product0 input g_int4.u_precision_core/u_core/u_prod/u_core/u_core/u_plus_step/g_unified_lane.u_lane_group/g_lane[14].g_lane_n.u_lane/g_tight_mul.u_mul3/u_mul/g_base_stage.product0/A[29:0] is not pipelined. Pipelining DSP48 input will improve performance.
Related violations: <none>

DPIP-2#279 Warning
Input pipelining  
DSP g_int4.u_precision_core/u_core/u_prod/u_core/u_core/u_plus_step/g_unified_lane.u_lane_group/g_lane[14].g_lane_n.u_lane/g_tight_mul.u_mul3/u_mul/g_base_stage.product0 input g_int4.u_precision_core/u_core/u_prod/u_core/u_core/u_plus_step/g_unified_lane.u_lane_group/g_lane[14].g_lane_n.u_lane/g_tight_mul.u_mul3/u_mul/g_base_stage.product0/B[17:0] is not pipelined. Pipelining DSP48 input will improve performance.
Related violations: <none>

DPIP-2#280 Warning
Input pipelining  
DSP g_int4.u_precision_core/u_core/u_prod/u_core/u_core/u_plus_step/g_unified_lane.u_lane_group/g_lane[14].g_lane_n.u_lane/g_tight_mul.u_mul3/u_mul/g_base_stage.product_s1_reg input g_int4.u_precision_core/u_core/u_prod/u_core/u_core/u_plus_step/g_unified_lane.u_lane_group/g_lane[14].g_lane_n.u_lane/g_tight_mul.u_mul3/u_mul/g_base_stage.product_s1_reg/B[17:0] is not pipelined. Pipelining DSP48 input will improve performance.
Related violations: <none>

DPIP-2#281 Warning
Input pipelining  
DSP g_int4.u_precision_core/u_core/u_prod/u_core/u_core/u_plus_step/g_unified_lane.u_lane_group/g_lane[15].g_lane_n.u_lane/g_j_dsp.g_generic.u_j_mul/g_base_stage.product0 input g_int4.u_precision_core/u_core/u_prod/u_core/u_core/u_plus_step/g_unified_lane.u_lane_group/g_lane[15].g_lane_n.u_lane/g_j_dsp.g_generic.u_j_mul/g_base_stage.product0/A[29:0] is not pipelined. Pipelining DSP48 input will improve performance.
Related violations: <none>

DPIP-2#282 Warning
Input pipelining  
DSP g_int4.u_precision_core/u_core/u_prod/u_core/u_core/u_plus_step/g_unified_lane.u_lane_group/g_lane[15].g_lane_n.u_lane/g_j_dsp.g_generic.u_j_mul/g_base_stage.product0 input g_int4.u_precision_core/u_core/u_prod/u_core/u_core/u_plus_step/g_unified_lane.u_lane_group/g_lane[15].g_lane_n.u_lane/g_j_dsp.g_generic.u_j_mul/g_base_stage.product0/B[17:0] is not pipelined. Pipelining DSP48 input will improve performance.
Related violations: <none>

DPIP-2#283 Warning
Input pipelining  
DSP g_int4.u_precision_core/u_core/u_prod/u_core/u_core/u_plus_step/g_unified_lane.u_lane_group/g_lane[15].g_lane_n.u_lane/g_j_dsp.g_generic.u_j_mul/g_base_stage.product_s1_reg input g_int4.u_precision_core/u_core/u_prod/u_core/u_core/u_plus_step/g_unified_lane.u_lane_group/g_lane[15].g_lane_n.u_lane/g_j_dsp.g_generic.u_j_mul/g_base_stage.product_s1_reg/A[29:0] is not pipelined. Pipelining DSP48 input will improve performance.
Related violations: <none>

DPIP-2#284 Warning
Input pipelining  
DSP g_int4.u_precision_core/u_core/u_prod/u_core/u_core/u_plus_step/g_unified_lane.u_lane_group/g_lane[15].g_lane_n.u_lane/g_j_dsp.g_generic.u_j_mul/g_base_stage.product_s1_reg input g_int4.u_precision_core/u_core/u_prod/u_core/u_core/u_plus_step/g_unified_lane.u_lane_group/g_lane[15].g_lane_n.u_lane/g_j_dsp.g_generic.u_j_mul/g_base_stage.product_s1_reg/B[17:0] is not pipelined. Pipelining DSP48 input will improve performance.
Related violations: <none>

DPIP-2#285 Warning
Input pipelining  
DSP g_int4.u_precision_core/u_core/u_prod/u_core/u_core/u_plus_step/g_unified_lane.u_lane_group/g_lane[15].g_lane_n.u_lane/g_tight_mul.u_mul1/u_mul/g_base_stage.product0 input g_int4.u_precision_core/u_core/u_prod/u_core/u_core/u_plus_step/g_unified_lane.u_lane_group/g_lane[15].g_lane_n.u_lane/g_tight_mul.u_mul1/u_mul/g_base_stage.product0/A[29:0] is not pipelined. Pipelining DSP48 input will improve performance.
Related violations: <none>

DPIP-2#286 Warning
Input pipelining  
DSP g_int4.u_precision_core/u_core/u_prod/u_core/u_core/u_plus_step/g_unified_lane.u_lane_group/g_lane[15].g_lane_n.u_lane/g_tight_mul.u_mul1/u_mul/g_base_stage.product0 input g_int4.u_precision_core/u_core/u_prod/u_core/u_core/u_plus_step/g_unified_lane.u_lane_group/g_lane[15].g_lane_n.u_lane/g_tight_mul.u_mul1/u_mul/g_base_stage.product0/B[17:0] is not pipelined. Pipelining DSP48 input will improve performance.
Related violations: <none>

DPIP-2#287 Warning
Input pipelining  
DSP g_int4.u_precision_core/u_core/u_prod/u_core/u_core/u_plus_step/g_unified_lane.u_lane_group/g_lane[15].g_lane_n.u_lane/g_tight_mul.u_mul1/u_mul/g_base_stage.product_s1_reg input g_int4.u_precision_core/u_core/u_prod/u_core/u_core/u_plus_step/g_unified_lane.u_lane_group/g_lane[15].g_lane_n.u_lane/g_tight_mul.u_mul1/u_mul/g_base_stage.product_s1_reg/B[17:0] is not pipelined. Pipelining DSP48 input will improve performance.
Related violations: <none>

DPIP-2#288 Warning
Input pipelining  
DSP g_int4.u_precision_core/u_core/u_prod/u_core/u_core/u_plus_step/g_unified_lane.u_lane_group/g_lane[15].g_lane_n.u_lane/g_tight_mul.u_mul2/u_mul/g_base_stage.product0 input g_int4.u_precision_core/u_core/u_prod/u_core/u_core/u_plus_step/g_unified_lane.u_lane_group/g_lane[15].g_lane_n.u_lane/g_tight_mul.u_mul2/u_mul/g_base_stage.product0/A[29:0] is not pipelined. Pipelining DSP48 input will improve performance.
Related violations: <none>

DPIP-2#289 Warning
Input pipelining  
DSP g_int4.u_precision_core/u_core/u_prod/u_core/u_core/u_plus_step/g_unified_lane.u_lane_group/g_lane[15].g_lane_n.u_lane/g_tight_mul.u_mul2/u_mul/g_base_stage.product0 input g_int4.u_precision_core/u_core/u_prod/u_core/u_core/u_plus_step/g_unified_lane.u_lane_group/g_lane[15].g_lane_n.u_lane/g_tight_mul.u_mul2/u_mul/g_base_stage.product0/B[17:0] is not pipelined. Pipelining DSP48 input will improve performance.
Related violations: <none>

DPIP-2#290 Warning
Input pipelining  
DSP g_int4.u_precision_core/u_core/u_prod/u_core/u_core/u_plus_step/g_unified_lane.u_lane_group/g_lane[15].g_lane_n.u_lane/g_tight_mul.u_mul2/u_mul/g_base_stage.product_s1_reg input g_int4.u_precision_core/u_core/u_prod/u_core/u_core/u_plus_step/g_unified_lane.u_lane_group/g_lane[15].g_lane_n.u_lane/g_tight_mul.u_mul2/u_mul/g_base_stage.product_s1_reg/B[17:0] is not pipelined. Pipelining DSP48 input will improve performance.
Related violations: <none>

DPIP-2#291 Warning
Input pipelining  
DSP g_int4.u_precision_core/u_core/u_prod/u_core/u_core/u_plus_step/g_unified_lane.u_lane_group/g_lane[15].g_lane_n.u_lane/g_tight_mul.u_mul3/u_mul/g_base_stage.product0 input g_int4.u_precision_core/u_core/u_prod/u_core/u_core/u_plus_step/g_unified_lane.u_lane_group/g_lane[15].g_lane_n.u_lane/g_tight_mul.u_mul3/u_mul/g_base_stage.product0/A[29:0] is not pipelined. Pipelining DSP48 input will improve performance.
Related violations: <none>

DPIP-2#292 Warning
Input pipelining  
DSP g_int4.u_precision_core/u_core/u_prod/u_core/u_core/u_plus_step/g_unified_lane.u_lane_group/g_lane[15].g_lane_n.u_lane/g_tight_mul.u_mul3/u_mul/g_base_stage.product0 input g_int4.u_precision_core/u_core/u_prod/u_core/u_core/u_plus_step/g_unified_lane.u_lane_group/g_lane[15].g_lane_n.u_lane/g_tight_mul.u_mul3/u_mul/g_base_stage.product0/B[17:0] is not pipelined. Pipelining DSP48 input will improve performance.
Related violations: <none>

DPIP-2#293 Warning
Input pipelining  
DSP g_int4.u_precision_core/u_core/u_prod/u_core/u_core/u_plus_step/g_unified_lane.u_lane_group/g_lane[15].g_lane_n.u_lane/g_tight_mul.u_mul3/u_mul/g_base_stage.product_s1_reg input g_int4.u_precision_core/u_core/u_prod/u_core/u_core/u_plus_step/g_unified_lane.u_lane_group/g_lane[15].g_lane_n.u_lane/g_tight_mul.u_mul3/u_mul/g_base_stage.product_s1_reg/B[17:0] is not pipelined. Pipelining DSP48 input will improve performance.
Related violations: <none>

DPIP-2#294 Warning
Input pipelining  
DSP g_int4.u_precision_core/u_core/u_prod/u_core/u_core/u_plus_step/g_unified_lane.u_lane_group/g_lane[1].g_lane_n.u_lane/g_j_dsp.g_generic.u_j_mul/g_base_stage.product0 input g_int4.u_precision_core/u_core/u_prod/u_core/u_core/u_plus_step/g_unified_lane.u_lane_group/g_lane[1].g_lane_n.u_lane/g_j_dsp.g_generic.u_j_mul/g_base_stage.product0/A[29:0] is not pipelined. Pipelining DSP48 input will improve performance.
Related violations: <none>

DPIP-2#295 Warning
Input pipelining  
DSP g_int4.u_precision_core/u_core/u_prod/u_core/u_core/u_plus_step/g_unified_lane.u_lane_group/g_lane[1].g_lane_n.u_lane/g_j_dsp.g_generic.u_j_mul/g_base_stage.product0 input g_int4.u_precision_core/u_core/u_prod/u_core/u_core/u_plus_step/g_unified_lane.u_lane_group/g_lane[1].g_lane_n.u_lane/g_j_dsp.g_generic.u_j_mul/g_base_stage.product0/B[17:0] is not pipelined. Pipelining DSP48 input will improve performance.
Related violations: <none>

DPIP-2#296 Warning
Input pipelining  
DSP g_int4.u_precision_core/u_core/u_prod/u_core/u_core/u_plus_step/g_unified_lane.u_lane_group/g_lane[1].g_lane_n.u_lane/g_j_dsp.g_generic.u_j_mul/g_base_stage.product_s1_reg input g_int4.u_precision_core/u_core/u_prod/u_core/u_core/u_plus_step/g_unified_lane.u_lane_group/g_lane[1].g_lane_n.u_lane/g_j_dsp.g_generic.u_j_mul/g_base_stage.product_s1_reg/A[29:0] is not pipelined. Pipelining DSP48 input will improve performance.
Related violations: <none>

DPIP-2#297 Warning
Input pipelining  
DSP g_int4.u_precision_core/u_core/u_prod/u_core/u_core/u_plus_step/g_unified_lane.u_lane_group/g_lane[1].g_lane_n.u_lane/g_j_dsp.g_generic.u_j_mul/g_base_stage.product_s1_reg input g_int4.u_precision_core/u_core/u_prod/u_core/u_core/u_plus_step/g_unified_lane.u_lane_group/g_lane[1].g_lane_n.u_lane/g_j_dsp.g_generic.u_j_mul/g_base_stage.product_s1_reg/B[17:0] is not pipelined. Pipelining DSP48 input will improve performance.
Related violations: <none>

DPIP-2#298 Warning
Input pipelining  
DSP g_int4.u_precision_core/u_core/u_prod/u_core/u_core/u_plus_step/g_unified_lane.u_lane_group/g_lane[1].g_lane_n.u_lane/g_tight_mul.u_mul1/u_mul/g_base_stage.product0 input g_int4.u_precision_core/u_core/u_prod/u_core/u_core/u_plus_step/g_unified_lane.u_lane_group/g_lane[1].g_lane_n.u_lane/g_tight_mul.u_mul1/u_mul/g_base_stage.product0/A[29:0] is not pipelined. Pipelining DSP48 input will improve performance.
Related violations: <none>

DPIP-2#299 Warning
Input pipelining  
DSP g_int4.u_precision_core/u_core/u_prod/u_core/u_core/u_plus_step/g_unified_lane.u_lane_group/g_lane[1].g_lane_n.u_lane/g_tight_mul.u_mul1/u_mul/g_base_stage.product0 input g_int4.u_precision_core/u_core/u_prod/u_core/u_core/u_plus_step/g_unified_lane.u_lane_group/g_lane[1].g_lane_n.u_lane/g_tight_mul.u_mul1/u_mul/g_base_stage.product0/B[17:0] is not pipelined. Pipelining DSP48 input will improve performance.
Related violations: <none>

DPIP-2#300 Warning
Input pipelining  
DSP g_int4.u_precision_core/u_core/u_prod/u_core/u_core/u_plus_step/g_unified_lane.u_lane_group/g_lane[1].g_lane_n.u_lane/g_tight_mul.u_mul1/u_mul/g_base_stage.product_s1_reg input g_int4.u_precision_core/u_core/u_prod/u_core/u_core/u_plus_step/g_unified_lane.u_lane_group/g_lane[1].g_lane_n.u_lane/g_tight_mul.u_mul1/u_mul/g_base_stage.product_s1_reg/B[17:0] is not pipelined. Pipelining DSP48 input will improve performance.
Related violations: <none>

DPIP-2#301 Warning
Input pipelining  
DSP g_int4.u_precision_core/u_core/u_prod/u_core/u_core/u_plus_step/g_unified_lane.u_lane_group/g_lane[1].g_lane_n.u_lane/g_tight_mul.u_mul2/u_mul/g_base_stage.product0 input g_int4.u_precision_core/u_core/u_prod/u_core/u_core/u_plus_step/g_unified_lane.u_lane_group/g_lane[1].g_lane_n.u_lane/g_tight_mul.u_mul2/u_mul/g_base_stage.product0/A[29:0] is not pipelined. Pipelining DSP48 input will improve performance.
Related violations: <none>

DPIP-2#302 Warning
Input pipelining  
DSP g_int4.u_precision_core/u_core/u_prod/u_core/u_core/u_plus_step/g_unified_lane.u_lane_group/g_lane[1].g_lane_n.u_lane/g_tight_mul.u_mul2/u_mul/g_base_stage.product0 input g_int4.u_precision_core/u_core/u_prod/u_core/u_core/u_plus_step/g_unified_lane.u_lane_group/g_lane[1].g_lane_n.u_lane/g_tight_mul.u_mul2/u_mul/g_base_stage.product0/B[17:0] is not pipelined. Pipelining DSP48 input will improve performance.
Related violations: <none>

DPIP-2#303 Warning
Input pipelining  
DSP g_int4.u_precision_core/u_core/u_prod/u_core/u_core/u_plus_step/g_unified_lane.u_lane_group/g_lane[1].g_lane_n.u_lane/g_tight_mul.u_mul2/u_mul/g_base_stage.product_s1_reg input g_int4.u_precision_core/u_core/u_prod/u_core/u_core/u_plus_step/g_unified_lane.u_lane_group/g_lane[1].g_lane_n.u_lane/g_tight_mul.u_mul2/u_mul/g_base_stage.product_s1_reg/A[29:0] is not pipelined. Pipelining DSP48 input will improve performance.
Related violations: <none>

DPIP-2#304 Warning
Input pipelining  
DSP g_int4.u_precision_core/u_core/u_prod/u_core/u_core/u_plus_step/g_unified_lane.u_lane_group/g_lane[1].g_lane_n.u_lane/g_tight_mul.u_mul2/u_mul/g_base_stage.product_s1_reg input g_int4.u_precision_core/u_core/u_prod/u_core/u_core/u_plus_step/g_unified_lane.u_lane_group/g_lane[1].g_lane_n.u_lane/g_tight_mul.u_mul2/u_mul/g_base_stage.product_s1_reg/B[17:0] is not pipelined. Pipelining DSP48 input will improve performance.
Related violations: <none>

DPIP-2#305 Warning
Input pipelining  
DSP g_int4.u_precision_core/u_core/u_prod/u_core/u_core/u_plus_step/g_unified_lane.u_lane_group/g_lane[1].g_lane_n.u_lane/g_tight_mul.u_mul3/u_mul/g_base_stage.product0 input g_int4.u_precision_core/u_core/u_prod/u_core/u_core/u_plus_step/g_unified_lane.u_lane_group/g_lane[1].g_lane_n.u_lane/g_tight_mul.u_mul3/u_mul/g_base_stage.product0/A[29:0] is not pipelined. Pipelining DSP48 input will improve performance.
Related violations: <none>

DPIP-2#306 Warning
Input pipelining  
DSP g_int4.u_precision_core/u_core/u_prod/u_core/u_core/u_plus_step/g_unified_lane.u_lane_group/g_lane[1].g_lane_n.u_lane/g_tight_mul.u_mul3/u_mul/g_base_stage.product0 input g_int4.u_precision_core/u_core/u_prod/u_core/u_core/u_plus_step/g_unified_lane.u_lane_group/g_lane[1].g_lane_n.u_lane/g_tight_mul.u_mul3/u_mul/g_base_stage.product0/B[17:0] is not pipelined. Pipelining DSP48 input will improve performance.
Related violations: <none>

DPIP-2#307 Warning
Input pipelining  
DSP g_int4.u_precision_core/u_core/u_prod/u_core/u_core/u_plus_step/g_unified_lane.u_lane_group/g_lane[1].g_lane_n.u_lane/g_tight_mul.u_mul3/u_mul/g_base_stage.product_s1_reg input g_int4.u_precision_core/u_core/u_prod/u_core/u_core/u_plus_step/g_unified_lane.u_lane_group/g_lane[1].g_lane_n.u_lane/g_tight_mul.u_mul3/u_mul/g_base_stage.product_s1_reg/B[17:0] is not pipelined. Pipelining DSP48 input will improve performance.
Related violations: <none>

DPIP-2#308 Warning
Input pipelining  
DSP g_int4.u_precision_core/u_core/u_prod/u_core/u_core/u_plus_step/g_unified_lane.u_lane_group/g_lane[2].g_lane_n.u_lane/g_j_dsp.g_generic.u_j_mul/g_base_stage.product0 input g_int4.u_precision_core/u_core/u_prod/u_core/u_core/u_plus_step/g_unified_lane.u_lane_group/g_lane[2].g_lane_n.u_lane/g_j_dsp.g_generic.u_j_mul/g_base_stage.product0/A[29:0] is not pipelined. Pipelining DSP48 input will improve performance.
Related violations: <none>

DPIP-2#309 Warning
Input pipelining  
DSP g_int4.u_precision_core/u_core/u_prod/u_core/u_core/u_plus_step/g_unified_lane.u_lane_group/g_lane[2].g_lane_n.u_lane/g_j_dsp.g_generic.u_j_mul/g_base_stage.product0 input g_int4.u_precision_core/u_core/u_prod/u_core/u_core/u_plus_step/g_unified_lane.u_lane_group/g_lane[2].g_lane_n.u_lane/g_j_dsp.g_generic.u_j_mul/g_base_stage.product0/B[17:0] is not pipelined. Pipelining DSP48 input will improve performance.
Related violations: <none>

DPIP-2#310 Warning
Input pipelining  
DSP g_int4.u_precision_core/u_core/u_prod/u_core/u_core/u_plus_step/g_unified_lane.u_lane_group/g_lane[2].g_lane_n.u_lane/g_j_dsp.g_generic.u_j_mul/g_base_stage.product_s1_reg input g_int4.u_precision_core/u_core/u_prod/u_core/u_core/u_plus_step/g_unified_lane.u_lane_group/g_lane[2].g_lane_n.u_lane/g_j_dsp.g_generic.u_j_mul/g_base_stage.product_s1_reg/A[29:0] is not pipelined. Pipelining DSP48 input will improve performance.
Related violations: <none>

DPIP-2#311 Warning
Input pipelining  
DSP g_int4.u_precision_core/u_core/u_prod/u_core/u_core/u_plus_step/g_unified_lane.u_lane_group/g_lane[2].g_lane_n.u_lane/g_j_dsp.g_generic.u_j_mul/g_base_stage.product_s1_reg input g_int4.u_precision_core/u_core/u_prod/u_core/u_core/u_plus_step/g_unified_lane.u_lane_group/g_lane[2].g_lane_n.u_lane/g_j_dsp.g_generic.u_j_mul/g_base_stage.product_s1_reg/B[17:0] is not pipelined. Pipelining DSP48 input will improve performance.
Related violations: <none>

DPIP-2#312 Warning
Input pipelining  
DSP g_int4.u_precision_core/u_core/u_prod/u_core/u_core/u_plus_step/g_unified_lane.u_lane_group/g_lane[2].g_lane_n.u_lane/g_tight_mul.u_mul1/u_mul/g_base_stage.product0 input g_int4.u_precision_core/u_core/u_prod/u_core/u_core/u_plus_step/g_unified_lane.u_lane_group/g_lane[2].g_lane_n.u_lane/g_tight_mul.u_mul1/u_mul/g_base_stage.product0/A[29:0] is not pipelined. Pipelining DSP48 input will improve performance.
Related violations: <none>

DPIP-2#313 Warning
Input pipelining  
DSP g_int4.u_precision_core/u_core/u_prod/u_core/u_core/u_plus_step/g_unified_lane.u_lane_group/g_lane[2].g_lane_n.u_lane/g_tight_mul.u_mul1/u_mul/g_base_stage.product0 input g_int4.u_precision_core/u_core/u_prod/u_core/u_core/u_plus_step/g_unified_lane.u_lane_group/g_lane[2].g_lane_n.u_lane/g_tight_mul.u_mul1/u_mul/g_base_stage.product0/B[17:0] is not pipelined. Pipelining DSP48 input will improve performance.
Related violations: <none>

DPIP-2#314 Warning
Input pipelining  
DSP g_int4.u_precision_core/u_core/u_prod/u_core/u_core/u_plus_step/g_unified_lane.u_lane_group/g_lane[2].g_lane_n.u_lane/g_tight_mul.u_mul1/u_mul/g_base_stage.product_s1_reg input g_int4.u_precision_core/u_core/u_prod/u_core/u_core/u_plus_step/g_unified_lane.u_lane_group/g_lane[2].g_lane_n.u_lane/g_tight_mul.u_mul1/u_mul/g_base_stage.product_s1_reg/B[17:0] is not pipelined. Pipelining DSP48 input will improve performance.
Related violations: <none>

DPIP-2#315 Warning
Input pipelining  
DSP g_int4.u_precision_core/u_core/u_prod/u_core/u_core/u_plus_step/g_unified_lane.u_lane_group/g_lane[2].g_lane_n.u_lane/g_tight_mul.u_mul2/u_mul/g_base_stage.product0 input g_int4.u_precision_core/u_core/u_prod/u_core/u_core/u_plus_step/g_unified_lane.u_lane_group/g_lane[2].g_lane_n.u_lane/g_tight_mul.u_mul2/u_mul/g_base_stage.product0/A[29:0] is not pipelined. Pipelining DSP48 input will improve performance.
Related violations: <none>

DPIP-2#316 Warning
Input pipelining  
DSP g_int4.u_precision_core/u_core/u_prod/u_core/u_core/u_plus_step/g_unified_lane.u_lane_group/g_lane[2].g_lane_n.u_lane/g_tight_mul.u_mul2/u_mul/g_base_stage.product0 input g_int4.u_precision_core/u_core/u_prod/u_core/u_core/u_plus_step/g_unified_lane.u_lane_group/g_lane[2].g_lane_n.u_lane/g_tight_mul.u_mul2/u_mul/g_base_stage.product0/B[17:0] is not pipelined. Pipelining DSP48 input will improve performance.
Related violations: <none>

DPIP-2#317 Warning
Input pipelining  
DSP g_int4.u_precision_core/u_core/u_prod/u_core/u_core/u_plus_step/g_unified_lane.u_lane_group/g_lane[2].g_lane_n.u_lane/g_tight_mul.u_mul2/u_mul/g_base_stage.product_s1_reg input g_int4.u_precision_core/u_core/u_prod/u_core/u_core/u_plus_step/g_unified_lane.u_lane_group/g_lane[2].g_lane_n.u_lane/g_tight_mul.u_mul2/u_mul/g_base_stage.product_s1_reg/B[17:0] is not pipelined. Pipelining DSP48 input will improve performance.
Related violations: <none>

DPIP-2#318 Warning
Input pipelining  
DSP g_int4.u_precision_core/u_core/u_prod/u_core/u_core/u_plus_step/g_unified_lane.u_lane_group/g_lane[2].g_lane_n.u_lane/g_tight_mul.u_mul3/u_mul/g_base_stage.product0 input g_int4.u_precision_core/u_core/u_prod/u_core/u_core/u_plus_step/g_unified_lane.u_lane_group/g_lane[2].g_lane_n.u_lane/g_tight_mul.u_mul3/u_mul/g_base_stage.product0/A[29:0] is not pipelined. Pipelining DSP48 input will improve performance.
Related violations: <none>

DPIP-2#319 Warning
Input pipelining  
DSP g_int4.u_precision_core/u_core/u_prod/u_core/u_core/u_plus_step/g_unified_lane.u_lane_group/g_lane[2].g_lane_n.u_lane/g_tight_mul.u_mul3/u_mul/g_base_stage.product0 input g_int4.u_precision_core/u_core/u_prod/u_core/u_core/u_plus_step/g_unified_lane.u_lane_group/g_lane[2].g_lane_n.u_lane/g_tight_mul.u_mul3/u_mul/g_base_stage.product0/B[17:0] is not pipelined. Pipelining DSP48 input will improve performance.
Related violations: <none>

DPIP-2#320 Warning
Input pipelining  
DSP g_int4.u_precision_core/u_core/u_prod/u_core/u_core/u_plus_step/g_unified_lane.u_lane_group/g_lane[2].g_lane_n.u_lane/g_tight_mul.u_mul3/u_mul/g_base_stage.product_s1_reg input g_int4.u_precision_core/u_core/u_prod/u_core/u_core/u_plus_step/g_unified_lane.u_lane_group/g_lane[2].g_lane_n.u_lane/g_tight_mul.u_mul3/u_mul/g_base_stage.product_s1_reg/B[17:0] is not pipelined. Pipelining DSP48 input will improve performance.
Related violations: <none>

DPIP-2#321 Warning
Input pipelining  
DSP g_int4.u_precision_core/u_core/u_prod/u_core/u_core/u_plus_step/g_unified_lane.u_lane_group/g_lane[3].g_lane_n.u_lane/g_j_dsp.g_generic.u_j_mul/g_base_stage.product0 input g_int4.u_precision_core/u_core/u_prod/u_core/u_core/u_plus_step/g_unified_lane.u_lane_group/g_lane[3].g_lane_n.u_lane/g_j_dsp.g_generic.u_j_mul/g_base_stage.product0/A[29:0] is not pipelined. Pipelining DSP48 input will improve performance.
Related violations: <none>

DPIP-2#322 Warning
Input pipelining  
DSP g_int4.u_precision_core/u_core/u_prod/u_core/u_core/u_plus_step/g_unified_lane.u_lane_group/g_lane[3].g_lane_n.u_lane/g_j_dsp.g_generic.u_j_mul/g_base_stage.product0 input g_int4.u_precision_core/u_core/u_prod/u_core/u_core/u_plus_step/g_unified_lane.u_lane_group/g_lane[3].g_lane_n.u_lane/g_j_dsp.g_generic.u_j_mul/g_base_stage.product0/B[17:0] is not pipelined. Pipelining DSP48 input will improve performance.
Related violations: <none>

DPIP-2#323 Warning
Input pipelining  
DSP g_int4.u_precision_core/u_core/u_prod/u_core/u_core/u_plus_step/g_unified_lane.u_lane_group/g_lane[3].g_lane_n.u_lane/g_j_dsp.g_generic.u_j_mul/g_base_stage.product_s1_reg input g_int4.u_precision_core/u_core/u_prod/u_core/u_core/u_plus_step/g_unified_lane.u_lane_group/g_lane[3].g_lane_n.u_lane/g_j_dsp.g_generic.u_j_mul/g_base_stage.product_s1_reg/A[29:0] is not pipelined. Pipelining DSP48 input will improve performance.
Related violations: <none>

DPIP-2#324 Warning
Input pipelining  
DSP g_int4.u_precision_core/u_core/u_prod/u_core/u_core/u_plus_step/g_unified_lane.u_lane_group/g_lane[3].g_lane_n.u_lane/g_j_dsp.g_generic.u_j_mul/g_base_stage.product_s1_reg input g_int4.u_precision_core/u_core/u_prod/u_core/u_core/u_plus_step/g_unified_lane.u_lane_group/g_lane[3].g_lane_n.u_lane/g_j_dsp.g_generic.u_j_mul/g_base_stage.product_s1_reg/B[17:0] is not pipelined. Pipelining DSP48 input will improve performance.
Related violations: <none>

DPIP-2#325 Warning
Input pipelining  
DSP g_int4.u_precision_core/u_core/u_prod/u_core/u_core/u_plus_step/g_unified_lane.u_lane_group/g_lane[3].g_lane_n.u_lane/g_tight_mul.u_mul1/u_mul/g_base_stage.product0 input g_int4.u_precision_core/u_core/u_prod/u_core/u_core/u_plus_step/g_unified_lane.u_lane_group/g_lane[3].g_lane_n.u_lane/g_tight_mul.u_mul1/u_mul/g_base_stage.product0/A[29:0] is not pipelined. Pipelining DSP48 input will improve performance.
Related violations: <none>

DPIP-2#326 Warning
Input pipelining  
DSP g_int4.u_precision_core/u_core/u_prod/u_core/u_core/u_plus_step/g_unified_lane.u_lane_group/g_lane[3].g_lane_n.u_lane/g_tight_mul.u_mul1/u_mul/g_base_stage.product0 input g_int4.u_precision_core/u_core/u_prod/u_core/u_core/u_plus_step/g_unified_lane.u_lane_group/g_lane[3].g_lane_n.u_lane/g_tight_mul.u_mul1/u_mul/g_base_stage.product0/B[17:0] is not pipelined. Pipelining DSP48 input will improve performance.
Related violations: <none>

DPIP-2#327 Warning
Input pipelining  
DSP g_int4.u_precision_core/u_core/u_prod/u_core/u_core/u_plus_step/g_unified_lane.u_lane_group/g_lane[3].g_lane_n.u_lane/g_tight_mul.u_mul1/u_mul/g_base_stage.product_s1_reg input g_int4.u_precision_core/u_core/u_prod/u_core/u_core/u_plus_step/g_unified_lane.u_lane_group/g_lane[3].g_lane_n.u_lane/g_tight_mul.u_mul1/u_mul/g_base_stage.product_s1_reg/B[17:0] is not pipelined. Pipelining DSP48 input will improve performance.
Related violations: <none>

DPIP-2#328 Warning
Input pipelining  
DSP g_int4.u_precision_core/u_core/u_prod/u_core/u_core/u_plus_step/g_unified_lane.u_lane_group/g_lane[3].g_lane_n.u_lane/g_tight_mul.u_mul2/u_mul/g_base_stage.product0 input g_int4.u_precision_core/u_core/u_prod/u_core/u_core/u_plus_step/g_unified_lane.u_lane_group/g_lane[3].g_lane_n.u_lane/g_tight_mul.u_mul2/u_mul/g_base_stage.product0/A[29:0] is not pipelined. Pipelining DSP48 input will improve performance.
Related violations: <none>

DPIP-2#329 Warning
Input pipelining  
DSP g_int4.u_precision_core/u_core/u_prod/u_core/u_core/u_plus_step/g_unified_lane.u_lane_group/g_lane[3].g_lane_n.u_lane/g_tight_mul.u_mul2/u_mul/g_base_stage.product0 input g_int4.u_precision_core/u_core/u_prod/u_core/u_core/u_plus_step/g_unified_lane.u_lane_group/g_lane[3].g_lane_n.u_lane/g_tight_mul.u_mul2/u_mul/g_base_stage.product0/B[17:0] is not pipelined. Pipelining DSP48 input will improve performance.
Related violations: <none>

DPIP-2#330 Warning
Input pipelining  
DSP g_int4.u_precision_core/u_core/u_prod/u_core/u_core/u_plus_step/g_unified_lane.u_lane_group/g_lane[3].g_lane_n.u_lane/g_tight_mul.u_mul2/u_mul/g_base_stage.product_s1_reg input g_int4.u_precision_core/u_core/u_prod/u_core/u_core/u_plus_step/g_unified_lane.u_lane_group/g_lane[3].g_lane_n.u_lane/g_tight_mul.u_mul2/u_mul/g_base_stage.product_s1_reg/B[17:0] is not pipelined. Pipelining DSP48 input will improve performance.
Related violations: <none>

DPIP-2#331 Warning
Input pipelining  
DSP g_int4.u_precision_core/u_core/u_prod/u_core/u_core/u_plus_step/g_unified_lane.u_lane_group/g_lane[3].g_lane_n.u_lane/g_tight_mul.u_mul3/u_mul/g_base_stage.product0 input g_int4.u_precision_core/u_core/u_prod/u_core/u_core/u_plus_step/g_unified_lane.u_lane_group/g_lane[3].g_lane_n.u_lane/g_tight_mul.u_mul3/u_mul/g_base_stage.product0/A[29:0] is not pipelined. Pipelining DSP48 input will improve performance.
Related violations: <none>

DPIP-2#332 Warning
Input pipelining  
DSP g_int4.u_precision_core/u_core/u_prod/u_core/u_core/u_plus_step/g_unified_lane.u_lane_group/g_lane[3].g_lane_n.u_lane/g_tight_mul.u_mul3/u_mul/g_base_stage.product0 input g_int4.u_precision_core/u_core/u_prod/u_core/u_core/u_plus_step/g_unified_lane.u_lane_group/g_lane[3].g_lane_n.u_lane/g_tight_mul.u_mul3/u_mul/g_base_stage.product0/B[17:0] is not pipelined. Pipelining DSP48 input will improve performance.
Related violations: <none>

DPIP-2#333 Warning
Input pipelining  
DSP g_int4.u_precision_core/u_core/u_prod/u_core/u_core/u_plus_step/g_unified_lane.u_lane_group/g_lane[3].g_lane_n.u_lane/g_tight_mul.u_mul3/u_mul/g_base_stage.product_s1_reg input g_int4.u_precision_core/u_core/u_prod/u_core/u_core/u_plus_step/g_unified_lane.u_lane_group/g_lane[3].g_lane_n.u_lane/g_tight_mul.u_mul3/u_mul/g_base_stage.product_s1_reg/B[17:0] is not pipelined. Pipelining DSP48 input will improve performance.
Related violations: <none>

DPIP-2#334 Warning
Input pipelining  
DSP g_int4.u_precision_core/u_core/u_prod/u_core/u_core/u_plus_step/g_unified_lane.u_lane_group/g_lane[4].g_lane_n.u_lane/g_j_dsp.g_generic.u_j_mul/g_base_stage.product0 input g_int4.u_precision_core/u_core/u_prod/u_core/u_core/u_plus_step/g_unified_lane.u_lane_group/g_lane[4].g_lane_n.u_lane/g_j_dsp.g_generic.u_j_mul/g_base_stage.product0/A[29:0] is not pipelined. Pipelining DSP48 input will improve performance.
Related violations: <none>

DPIP-2#335 Warning
Input pipelining  
DSP g_int4.u_precision_core/u_core/u_prod/u_core/u_core/u_plus_step/g_unified_lane.u_lane_group/g_lane[4].g_lane_n.u_lane/g_j_dsp.g_generic.u_j_mul/g_base_stage.product0 input g_int4.u_precision_core/u_core/u_prod/u_core/u_core/u_plus_step/g_unified_lane.u_lane_group/g_lane[4].g_lane_n.u_lane/g_j_dsp.g_generic.u_j_mul/g_base_stage.product0/B[17:0] is not pipelined. Pipelining DSP48 input will improve performance.
Related violations: <none>

DPIP-2#336 Warning
Input pipelining  
DSP g_int4.u_precision_core/u_core/u_prod/u_core/u_core/u_plus_step/g_unified_lane.u_lane_group/g_lane[4].g_lane_n.u_lane/g_j_dsp.g_generic.u_j_mul/g_base_stage.product_s1_reg input g_int4.u_precision_core/u_core/u_prod/u_core/u_core/u_plus_step/g_unified_lane.u_lane_group/g_lane[4].g_lane_n.u_lane/g_j_dsp.g_generic.u_j_mul/g_base_stage.product_s1_reg/A[29:0] is not pipelined. Pipelining DSP48 input will improve performance.
Related violations: <none>

DPIP-2#337 Warning
Input pipelining  
DSP g_int4.u_precision_core/u_core/u_prod/u_core/u_core/u_plus_step/g_unified_lane.u_lane_group/g_lane[4].g_lane_n.u_lane/g_j_dsp.g_generic.u_j_mul/g_base_stage.product_s1_reg input g_int4.u_precision_core/u_core/u_prod/u_core/u_core/u_plus_step/g_unified_lane.u_lane_group/g_lane[4].g_lane_n.u_lane/g_j_dsp.g_generic.u_j_mul/g_base_stage.product_s1_reg/B[17:0] is not pipelined. Pipelining DSP48 input will improve performance.
Related violations: <none>

DPIP-2#338 Warning
Input pipelining  
DSP g_int4.u_precision_core/u_core/u_prod/u_core/u_core/u_plus_step/g_unified_lane.u_lane_group/g_lane[4].g_lane_n.u_lane/g_tight_mul.u_mul1/u_mul/g_base_stage.product0 input g_int4.u_precision_core/u_core/u_prod/u_core/u_core/u_plus_step/g_unified_lane.u_lane_group/g_lane[4].g_lane_n.u_lane/g_tight_mul.u_mul1/u_mul/g_base_stage.product0/A[29:0] is not pipelined. Pipelining DSP48 input will improve performance.
Related violations: <none>

DPIP-2#339 Warning
Input pipelining  
DSP g_int4.u_precision_core/u_core/u_prod/u_core/u_core/u_plus_step/g_unified_lane.u_lane_group/g_lane[4].g_lane_n.u_lane/g_tight_mul.u_mul1/u_mul/g_base_stage.product0 input g_int4.u_precision_core/u_core/u_prod/u_core/u_core/u_plus_step/g_unified_lane.u_lane_group/g_lane[4].g_lane_n.u_lane/g_tight_mul.u_mul1/u_mul/g_base_stage.product0/B[17:0] is not pipelined. Pipelining DSP48 input will improve performance.
Related violations: <none>

DPIP-2#340 Warning
Input pipelining  
DSP g_int4.u_precision_core/u_core/u_prod/u_core/u_core/u_plus_step/g_unified_lane.u_lane_group/g_lane[4].g_lane_n.u_lane/g_tight_mul.u_mul1/u_mul/g_base_stage.product_s1_reg input g_int4.u_precision_core/u_core/u_prod/u_core/u_core/u_plus_step/g_unified_lane.u_lane_group/g_lane[4].g_lane_n.u_lane/g_tight_mul.u_mul1/u_mul/g_base_stage.product_s1_reg/B[17:0] is not pipelined. Pipelining DSP48 input will improve performance.
Related violations: <none>

DPIP-2#341 Warning
Input pipelining  
DSP g_int4.u_precision_core/u_core/u_prod/u_core/u_core/u_plus_step/g_unified_lane.u_lane_group/g_lane[4].g_lane_n.u_lane/g_tight_mul.u_mul2/u_mul/g_base_stage.product0 input g_int4.u_precision_core/u_core/u_prod/u_core/u_core/u_plus_step/g_unified_lane.u_lane_group/g_lane[4].g_lane_n.u_lane/g_tight_mul.u_mul2/u_mul/g_base_stage.product0/A[29:0] is not pipelined. Pipelining DSP48 input will improve performance.
Related violations: <none>

DPIP-2#342 Warning
Input pipelining  
DSP g_int4.u_precision_core/u_core/u_prod/u_core/u_core/u_plus_step/g_unified_lane.u_lane_group/g_lane[4].g_lane_n.u_lane/g_tight_mul.u_mul2/u_mul/g_base_stage.product0 input g_int4.u_precision_core/u_core/u_prod/u_core/u_core/u_plus_step/g_unified_lane.u_lane_group/g_lane[4].g_lane_n.u_lane/g_tight_mul.u_mul2/u_mul/g_base_stage.product0/B[17:0] is not pipelined. Pipelining DSP48 input will improve performance.
Related violations: <none>

DPIP-2#343 Warning
Input pipelining  
DSP g_int4.u_precision_core/u_core/u_prod/u_core/u_core/u_plus_step/g_unified_lane.u_lane_group/g_lane[4].g_lane_n.u_lane/g_tight_mul.u_mul2/u_mul/g_base_stage.product_s1_reg input g_int4.u_precision_core/u_core/u_prod/u_core/u_core/u_plus_step/g_unified_lane.u_lane_group/g_lane[4].g_lane_n.u_lane/g_tight_mul.u_mul2/u_mul/g_base_stage.product_s1_reg/B[17:0] is not pipelined. Pipelining DSP48 input will improve performance.
Related violations: <none>

DPIP-2#344 Warning
Input pipelining  
DSP g_int4.u_precision_core/u_core/u_prod/u_core/u_core/u_plus_step/g_unified_lane.u_lane_group/g_lane[4].g_lane_n.u_lane/g_tight_mul.u_mul3/u_mul/g_base_stage.product0 input g_int4.u_precision_core/u_core/u_prod/u_core/u_core/u_plus_step/g_unified_lane.u_lane_group/g_lane[4].g_lane_n.u_lane/g_tight_mul.u_mul3/u_mul/g_base_stage.product0/A[29:0] is not pipelined. Pipelining DSP48 input will improve performance.
Related violations: <none>

DPIP-2#345 Warning
Input pipelining  
DSP g_int4.u_precision_core/u_core/u_prod/u_core/u_core/u_plus_step/g_unified_lane.u_lane_group/g_lane[4].g_lane_n.u_lane/g_tight_mul.u_mul3/u_mul/g_base_stage.product0 input g_int4.u_precision_core/u_core/u_prod/u_core/u_core/u_plus_step/g_unified_lane.u_lane_group/g_lane[4].g_lane_n.u_lane/g_tight_mul.u_mul3/u_mul/g_base_stage.product0/B[17:0] is not pipelined. Pipelining DSP48 input will improve performance.
Related violations: <none>

DPIP-2#346 Warning
Input pipelining  
DSP g_int4.u_precision_core/u_core/u_prod/u_core/u_core/u_plus_step/g_unified_lane.u_lane_group/g_lane[4].g_lane_n.u_lane/g_tight_mul.u_mul3/u_mul/g_base_stage.product_s1_reg input g_int4.u_precision_core/u_core/u_prod/u_core/u_core/u_plus_step/g_unified_lane.u_lane_group/g_lane[4].g_lane_n.u_lane/g_tight_mul.u_mul3/u_mul/g_base_stage.product_s1_reg/B[17:0] is not pipelined. Pipelining DSP48 input will improve performance.
Related violations: <none>

DPIP-2#347 Warning
Input pipelining  
DSP g_int4.u_precision_core/u_core/u_prod/u_core/u_core/u_plus_step/g_unified_lane.u_lane_group/g_lane[5].g_lane_n.u_lane/g_j_dsp.g_generic.u_j_mul/g_base_stage.product0 input g_int4.u_precision_core/u_core/u_prod/u_core/u_core/u_plus_step/g_unified_lane.u_lane_group/g_lane[5].g_lane_n.u_lane/g_j_dsp.g_generic.u_j_mul/g_base_stage.product0/A[29:0] is not pipelined. Pipelining DSP48 input will improve performance.
Related violations: <none>

DPIP-2#348 Warning
Input pipelining  
DSP g_int4.u_precision_core/u_core/u_prod/u_core/u_core/u_plus_step/g_unified_lane.u_lane_group/g_lane[5].g_lane_n.u_lane/g_j_dsp.g_generic.u_j_mul/g_base_stage.product0 input g_int4.u_precision_core/u_core/u_prod/u_core/u_core/u_plus_step/g_unified_lane.u_lane_group/g_lane[5].g_lane_n.u_lane/g_j_dsp.g_generic.u_j_mul/g_base_stage.product0/B[17:0] is not pipelined. Pipelining DSP48 input will improve performance.
Related violations: <none>

DPIP-2#349 Warning
Input pipelining  
DSP g_int4.u_precision_core/u_core/u_prod/u_core/u_core/u_plus_step/g_unified_lane.u_lane_group/g_lane[5].g_lane_n.u_lane/g_j_dsp.g_generic.u_j_mul/g_base_stage.product_s1_reg input g_int4.u_precision_core/u_core/u_prod/u_core/u_core/u_plus_step/g_unified_lane.u_lane_group/g_lane[5].g_lane_n.u_lane/g_j_dsp.g_generic.u_j_mul/g_base_stage.product_s1_reg/A[29:0] is not pipelined. Pipelining DSP48 input will improve performance.
Related violations: <none>

DPIP-2#350 Warning
Input pipelining  
DSP g_int4.u_precision_core/u_core/u_prod/u_core/u_core/u_plus_step/g_unified_lane.u_lane_group/g_lane[5].g_lane_n.u_lane/g_j_dsp.g_generic.u_j_mul/g_base_stage.product_s1_reg input g_int4.u_precision_core/u_core/u_prod/u_core/u_core/u_plus_step/g_unified_lane.u_lane_group/g_lane[5].g_lane_n.u_lane/g_j_dsp.g_generic.u_j_mul/g_base_stage.product_s1_reg/B[17:0] is not pipelined. Pipelining DSP48 input will improve performance.
Related violations: <none>

DPIP-2#351 Warning
Input pipelining  
DSP g_int4.u_precision_core/u_core/u_prod/u_core/u_core/u_plus_step/g_unified_lane.u_lane_group/g_lane[5].g_lane_n.u_lane/g_tight_mul.u_mul1/u_mul/g_base_stage.product0 input g_int4.u_precision_core/u_core/u_prod/u_core/u_core/u_plus_step/g_unified_lane.u_lane_group/g_lane[5].g_lane_n.u_lane/g_tight_mul.u_mul1/u_mul/g_base_stage.product0/A[29:0] is not pipelined. Pipelining DSP48 input will improve performance.
Related violations: <none>

DPIP-2#352 Warning
Input pipelining  
DSP g_int4.u_precision_core/u_core/u_prod/u_core/u_core/u_plus_step/g_unified_lane.u_lane_group/g_lane[5].g_lane_n.u_lane/g_tight_mul.u_mul1/u_mul/g_base_stage.product0 input g_int4.u_precision_core/u_core/u_prod/u_core/u_core/u_plus_step/g_unified_lane.u_lane_group/g_lane[5].g_lane_n.u_lane/g_tight_mul.u_mul1/u_mul/g_base_stage.product0/B[17:0] is not pipelined. Pipelining DSP48 input will improve performance.
Related violations: <none>

DPIP-2#353 Warning
Input pipelining  
DSP g_int4.u_precision_core/u_core/u_prod/u_core/u_core/u_plus_step/g_unified_lane.u_lane_group/g_lane[5].g_lane_n.u_lane/g_tight_mul.u_mul1/u_mul/g_base_stage.product_s1_reg input g_int4.u_precision_core/u_core/u_prod/u_core/u_core/u_plus_step/g_unified_lane.u_lane_group/g_lane[5].g_lane_n.u_lane/g_tight_mul.u_mul1/u_mul/g_base_stage.product_s1_reg/B[17:0] is not pipelined. Pipelining DSP48 input will improve performance.
Related violations: <none>

DPIP-2#354 Warning
Input pipelining  
DSP g_int4.u_precision_core/u_core/u_prod/u_core/u_core/u_plus_step/g_unified_lane.u_lane_group/g_lane[5].g_lane_n.u_lane/g_tight_mul.u_mul2/u_mul/g_base_stage.product0 input g_int4.u_precision_core/u_core/u_prod/u_core/u_core/u_plus_step/g_unified_lane.u_lane_group/g_lane[5].g_lane_n.u_lane/g_tight_mul.u_mul2/u_mul/g_base_stage.product0/A[29:0] is not pipelined. Pipelining DSP48 input will improve performance.
Related violations: <none>

DPIP-2#355 Warning
Input pipelining  
DSP g_int4.u_precision_core/u_core/u_prod/u_core/u_core/u_plus_step/g_unified_lane.u_lane_group/g_lane[5].g_lane_n.u_lane/g_tight_mul.u_mul2/u_mul/g_base_stage.product0 input g_int4.u_precision_core/u_core/u_prod/u_core/u_core/u_plus_step/g_unified_lane.u_lane_group/g_lane[5].g_lane_n.u_lane/g_tight_mul.u_mul2/u_mul/g_base_stage.product0/B[17:0] is not pipelined. Pipelining DSP48 input will improve performance.
Related violations: <none>

DPIP-2#356 Warning
Input pipelining  
DSP g_int4.u_precision_core/u_core/u_prod/u_core/u_core/u_plus_step/g_unified_lane.u_lane_group/g_lane[5].g_lane_n.u_lane/g_tight_mul.u_mul2/u_mul/g_base_stage.product_s1_reg input g_int4.u_precision_core/u_core/u_prod/u_core/u_core/u_plus_step/g_unified_lane.u_lane_group/g_lane[5].g_lane_n.u_lane/g_tight_mul.u_mul2/u_mul/g_base_stage.product_s1_reg/B[17:0] is not pipelined. Pipelining DSP48 input will improve performance.
Related violations: <none>

DPIP-2#357 Warning
Input pipelining  
DSP g_int4.u_precision_core/u_core/u_prod/u_core/u_core/u_plus_step/g_unified_lane.u_lane_group/g_lane[5].g_lane_n.u_lane/g_tight_mul.u_mul3/u_mul/g_base_stage.product0 input g_int4.u_precision_core/u_core/u_prod/u_core/u_core/u_plus_step/g_unified_lane.u_lane_group/g_lane[5].g_lane_n.u_lane/g_tight_mul.u_mul3/u_mul/g_base_stage.product0/A[29:0] is not pipelined. Pipelining DSP48 input will improve performance.
Related violations: <none>

DPIP-2#358 Warning
Input pipelining  
DSP g_int4.u_precision_core/u_core/u_prod/u_core/u_core/u_plus_step/g_unified_lane.u_lane_group/g_lane[5].g_lane_n.u_lane/g_tight_mul.u_mul3/u_mul/g_base_stage.product0 input g_int4.u_precision_core/u_core/u_prod/u_core/u_core/u_plus_step/g_unified_lane.u_lane_group/g_lane[5].g_lane_n.u_lane/g_tight_mul.u_mul3/u_mul/g_base_stage.product0/B[17:0] is not pipelined. Pipelining DSP48 input will improve performance.
Related violations: <none>

DPIP-2#359 Warning
Input pipelining  
DSP g_int4.u_precision_core/u_core/u_prod/u_core/u_core/u_plus_step/g_unified_lane.u_lane_group/g_lane[5].g_lane_n.u_lane/g_tight_mul.u_mul3/u_mul/g_base_stage.product_s1_reg input g_int4.u_precision_core/u_core/u_prod/u_core/u_core/u_plus_step/g_unified_lane.u_lane_group/g_lane[5].g_lane_n.u_lane/g_tight_mul.u_mul3/u_mul/g_base_stage.product_s1_reg/B[17:0] is not pipelined. Pipelining DSP48 input will improve performance.
Related violations: <none>

DPIP-2#360 Warning
Input pipelining  
DSP g_int4.u_precision_core/u_core/u_prod/u_core/u_core/u_plus_step/g_unified_lane.u_lane_group/g_lane[6].g_lane_n.u_lane/g_j_dsp.g_generic.u_j_mul/g_base_stage.product0 input g_int4.u_precision_core/u_core/u_prod/u_core/u_core/u_plus_step/g_unified_lane.u_lane_group/g_lane[6].g_lane_n.u_lane/g_j_dsp.g_generic.u_j_mul/g_base_stage.product0/A[29:0] is not pipelined. Pipelining DSP48 input will improve performance.
Related violations: <none>

DPIP-2#361 Warning
Input pipelining  
DSP g_int4.u_precision_core/u_core/u_prod/u_core/u_core/u_plus_step/g_unified_lane.u_lane_group/g_lane[6].g_lane_n.u_lane/g_j_dsp.g_generic.u_j_mul/g_base_stage.product0 input g_int4.u_precision_core/u_core/u_prod/u_core/u_core/u_plus_step/g_unified_lane.u_lane_group/g_lane[6].g_lane_n.u_lane/g_j_dsp.g_generic.u_j_mul/g_base_stage.product0/B[17:0] is not pipelined. Pipelining DSP48 input will improve performance.
Related violations: <none>

DPIP-2#362 Warning
Input pipelining  
DSP g_int4.u_precision_core/u_core/u_prod/u_core/u_core/u_plus_step/g_unified_lane.u_lane_group/g_lane[6].g_lane_n.u_lane/g_j_dsp.g_generic.u_j_mul/g_base_stage.product_s1_reg input g_int4.u_precision_core/u_core/u_prod/u_core/u_core/u_plus_step/g_unified_lane.u_lane_group/g_lane[6].g_lane_n.u_lane/g_j_dsp.g_generic.u_j_mul/g_base_stage.product_s1_reg/A[29:0] is not pipelined. Pipelining DSP48 input will improve performance.
Related violations: <none>

DPIP-2#363 Warning
Input pipelining  
DSP g_int4.u_precision_core/u_core/u_prod/u_core/u_core/u_plus_step/g_unified_lane.u_lane_group/g_lane[6].g_lane_n.u_lane/g_j_dsp.g_generic.u_j_mul/g_base_stage.product_s1_reg input g_int4.u_precision_core/u_core/u_prod/u_core/u_core/u_plus_step/g_unified_lane.u_lane_group/g_lane[6].g_lane_n.u_lane/g_j_dsp.g_generic.u_j_mul/g_base_stage.product_s1_reg/B[17:0] is not pipelined. Pipelining DSP48 input will improve performance.
Related violations: <none>

DPIP-2#364 Warning
Input pipelining  
DSP g_int4.u_precision_core/u_core/u_prod/u_core/u_core/u_plus_step/g_unified_lane.u_lane_group/g_lane[6].g_lane_n.u_lane/g_tight_mul.u_mul1/u_mul/g_base_stage.product0 input g_int4.u_precision_core/u_core/u_prod/u_core/u_core/u_plus_step/g_unified_lane.u_lane_group/g_lane[6].g_lane_n.u_lane/g_tight_mul.u_mul1/u_mul/g_base_stage.product0/A[29:0] is not pipelined. Pipelining DSP48 input will improve performance.
Related violations: <none>

DPIP-2#365 Warning
Input pipelining  
DSP g_int4.u_precision_core/u_core/u_prod/u_core/u_core/u_plus_step/g_unified_lane.u_lane_group/g_lane[6].g_lane_n.u_lane/g_tight_mul.u_mul1/u_mul/g_base_stage.product0 input g_int4.u_precision_core/u_core/u_prod/u_core/u_core/u_plus_step/g_unified_lane.u_lane_group/g_lane[6].g_lane_n.u_lane/g_tight_mul.u_mul1/u_mul/g_base_stage.product0/B[17:0] is not pipelined. Pipelining DSP48 input will improve performance.
Related violations: <none>

DPIP-2#366 Warning
Input pipelining  
DSP g_int4.u_precision_core/u_core/u_prod/u_core/u_core/u_plus_step/g_unified_lane.u_lane_group/g_lane[6].g_lane_n.u_lane/g_tight_mul.u_mul1/u_mul/g_base_stage.product_s1_reg input g_int4.u_precision_core/u_core/u_prod/u_core/u_core/u_plus_step/g_unified_lane.u_lane_group/g_lane[6].g_lane_n.u_lane/g_tight_mul.u_mul1/u_mul/g_base_stage.product_s1_reg/B[17:0] is not pipelined. Pipelining DSP48 input will improve performance.
Related violations: <none>

DPIP-2#367 Warning
Input pipelining  
DSP g_int4.u_precision_core/u_core/u_prod/u_core/u_core/u_plus_step/g_unified_lane.u_lane_group/g_lane[6].g_lane_n.u_lane/g_tight_mul.u_mul2/u_mul/g_base_stage.product0 input g_int4.u_precision_core/u_core/u_prod/u_core/u_core/u_plus_step/g_unified_lane.u_lane_group/g_lane[6].g_lane_n.u_lane/g_tight_mul.u_mul2/u_mul/g_base_stage.product0/A[29:0] is not pipelined. Pipelining DSP48 input will improve performance.
Related violations: <none>

DPIP-2#368 Warning
Input pipelining  
DSP g_int4.u_precision_core/u_core/u_prod/u_core/u_core/u_plus_step/g_unified_lane.u_lane_group/g_lane[6].g_lane_n.u_lane/g_tight_mul.u_mul2/u_mul/g_base_stage.product0 input g_int4.u_precision_core/u_core/u_prod/u_core/u_core/u_plus_step/g_unified_lane.u_lane_group/g_lane[6].g_lane_n.u_lane/g_tight_mul.u_mul2/u_mul/g_base_stage.product0/B[17:0] is not pipelined. Pipelining DSP48 input will improve performance.
Related violations: <none>

DPIP-2#369 Warning
Input pipelining  
DSP g_int4.u_precision_core/u_core/u_prod/u_core/u_core/u_plus_step/g_unified_lane.u_lane_group/g_lane[6].g_lane_n.u_lane/g_tight_mul.u_mul2/u_mul/g_base_stage.product_s1_reg input g_int4.u_precision_core/u_core/u_prod/u_core/u_core/u_plus_step/g_unified_lane.u_lane_group/g_lane[6].g_lane_n.u_lane/g_tight_mul.u_mul2/u_mul/g_base_stage.product_s1_reg/B[17:0] is not pipelined. Pipelining DSP48 input will improve performance.
Related violations: <none>

DPIP-2#370 Warning
Input pipelining  
DSP g_int4.u_precision_core/u_core/u_prod/u_core/u_core/u_plus_step/g_unified_lane.u_lane_group/g_lane[6].g_lane_n.u_lane/g_tight_mul.u_mul3/u_mul/g_base_stage.product0 input g_int4.u_precision_core/u_core/u_prod/u_core/u_core/u_plus_step/g_unified_lane.u_lane_group/g_lane[6].g_lane_n.u_lane/g_tight_mul.u_mul3/u_mul/g_base_stage.product0/A[29:0] is not pipelined. Pipelining DSP48 input will improve performance.
Related violations: <none>

DPIP-2#371 Warning
Input pipelining  
DSP g_int4.u_precision_core/u_core/u_prod/u_core/u_core/u_plus_step/g_unified_lane.u_lane_group/g_lane[6].g_lane_n.u_lane/g_tight_mul.u_mul3/u_mul/g_base_stage.product0 input g_int4.u_precision_core/u_core/u_prod/u_core/u_core/u_plus_step/g_unified_lane.u_lane_group/g_lane[6].g_lane_n.u_lane/g_tight_mul.u_mul3/u_mul/g_base_stage.product0/B[17:0] is not pipelined. Pipelining DSP48 input will improve performance.
Related violations: <none>

DPIP-2#372 Warning
Input pipelining  
DSP g_int4.u_precision_core/u_core/u_prod/u_core/u_core/u_plus_step/g_unified_lane.u_lane_group/g_lane[6].g_lane_n.u_lane/g_tight_mul.u_mul3/u_mul/g_base_stage.product_s1_reg input g_int4.u_precision_core/u_core/u_prod/u_core/u_core/u_plus_step/g_unified_lane.u_lane_group/g_lane[6].g_lane_n.u_lane/g_tight_mul.u_mul3/u_mul/g_base_stage.product_s1_reg/B[17:0] is not pipelined. Pipelining DSP48 input will improve performance.
Related violations: <none>

DPIP-2#373 Warning
Input pipelining  
DSP g_int4.u_precision_core/u_core/u_prod/u_core/u_core/u_plus_step/g_unified_lane.u_lane_group/g_lane[7].g_lane_n.u_lane/g_j_dsp.g_generic.u_j_mul/g_base_stage.product0 input g_int4.u_precision_core/u_core/u_prod/u_core/u_core/u_plus_step/g_unified_lane.u_lane_group/g_lane[7].g_lane_n.u_lane/g_j_dsp.g_generic.u_j_mul/g_base_stage.product0/A[29:0] is not pipelined. Pipelining DSP48 input will improve performance.
Related violations: <none>

DPIP-2#374 Warning
Input pipelining  
DSP g_int4.u_precision_core/u_core/u_prod/u_core/u_core/u_plus_step/g_unified_lane.u_lane_group/g_lane[7].g_lane_n.u_lane/g_j_dsp.g_generic.u_j_mul/g_base_stage.product0 input g_int4.u_precision_core/u_core/u_prod/u_core/u_core/u_plus_step/g_unified_lane.u_lane_group/g_lane[7].g_lane_n.u_lane/g_j_dsp.g_generic.u_j_mul/g_base_stage.product0/B[17:0] is not pipelined. Pipelining DSP48 input will improve performance.
Related violations: <none>

DPIP-2#375 Warning
Input pipelining  
DSP g_int4.u_precision_core/u_core/u_prod/u_core/u_core/u_plus_step/g_unified_lane.u_lane_group/g_lane[7].g_lane_n.u_lane/g_j_dsp.g_generic.u_j_mul/g_base_stage.product_s1_reg input g_int4.u_precision_core/u_core/u_prod/u_core/u_core/u_plus_step/g_unified_lane.u_lane_group/g_lane[7].g_lane_n.u_lane/g_j_dsp.g_generic.u_j_mul/g_base_stage.product_s1_reg/A[29:0] is not pipelined. Pipelining DSP48 input will improve performance.
Related violations: <none>

DPIP-2#376 Warning
Input pipelining  
DSP g_int4.u_precision_core/u_core/u_prod/u_core/u_core/u_plus_step/g_unified_lane.u_lane_group/g_lane[7].g_lane_n.u_lane/g_j_dsp.g_generic.u_j_mul/g_base_stage.product_s1_reg input g_int4.u_precision_core/u_core/u_prod/u_core/u_core/u_plus_step/g_unified_lane.u_lane_group/g_lane[7].g_lane_n.u_lane/g_j_dsp.g_generic.u_j_mul/g_base_stage.product_s1_reg/B[17:0] is not pipelined. Pipelining DSP48 input will improve performance.
Related violations: <none>

DPIP-2#377 Warning
Input pipelining  
DSP g_int4.u_precision_core/u_core/u_prod/u_core/u_core/u_plus_step/g_unified_lane.u_lane_group/g_lane[7].g_lane_n.u_lane/g_tight_mul.u_mul1/u_mul/g_base_stage.product0 input g_int4.u_precision_core/u_core/u_prod/u_core/u_core/u_plus_step/g_unified_lane.u_lane_group/g_lane[7].g_lane_n.u_lane/g_tight_mul.u_mul1/u_mul/g_base_stage.product0/A[29:0] is not pipelined. Pipelining DSP48 input will improve performance.
Related violations: <none>

DPIP-2#378 Warning
Input pipelining  
DSP g_int4.u_precision_core/u_core/u_prod/u_core/u_core/u_plus_step/g_unified_lane.u_lane_group/g_lane[7].g_lane_n.u_lane/g_tight_mul.u_mul1/u_mul/g_base_stage.product0 input g_int4.u_precision_core/u_core/u_prod/u_core/u_core/u_plus_step/g_unified_lane.u_lane_group/g_lane[7].g_lane_n.u_lane/g_tight_mul.u_mul1/u_mul/g_base_stage.product0/B[17:0] is not pipelined. Pipelining DSP48 input will improve performance.
Related violations: <none>

DPIP-2#379 Warning
Input pipelining  
DSP g_int4.u_precision_core/u_core/u_prod/u_core/u_core/u_plus_step/g_unified_lane.u_lane_group/g_lane[7].g_lane_n.u_lane/g_tight_mul.u_mul1/u_mul/g_base_stage.product_s1_reg input g_int4.u_precision_core/u_core/u_prod/u_core/u_core/u_plus_step/g_unified_lane.u_lane_group/g_lane[7].g_lane_n.u_lane/g_tight_mul.u_mul1/u_mul/g_base_stage.product_s1_reg/B[17:0] is not pipelined. Pipelining DSP48 input will improve performance.
Related violations: <none>

DPIP-2#380 Warning
Input pipelining  
DSP g_int4.u_precision_core/u_core/u_prod/u_core/u_core/u_plus_step/g_unified_lane.u_lane_group/g_lane[7].g_lane_n.u_lane/g_tight_mul.u_mul2/u_mul/g_base_stage.product0 input g_int4.u_precision_core/u_core/u_prod/u_core/u_core/u_plus_step/g_unified_lane.u_lane_group/g_lane[7].g_lane_n.u_lane/g_tight_mul.u_mul2/u_mul/g_base_stage.product0/A[29:0] is not pipelined. Pipelining DSP48 input will improve performance.
Related violations: <none>

DPIP-2#381 Warning
Input pipelining  
DSP g_int4.u_precision_core/u_core/u_prod/u_core/u_core/u_plus_step/g_unified_lane.u_lane_group/g_lane[7].g_lane_n.u_lane/g_tight_mul.u_mul2/u_mul/g_base_stage.product0 input g_int4.u_precision_core/u_core/u_prod/u_core/u_core/u_plus_step/g_unified_lane.u_lane_group/g_lane[7].g_lane_n.u_lane/g_tight_mul.u_mul2/u_mul/g_base_stage.product0/B[17:0] is not pipelined. Pipelining DSP48 input will improve performance.
Related violations: <none>

DPIP-2#382 Warning
Input pipelining  
DSP g_int4.u_precision_core/u_core/u_prod/u_core/u_core/u_plus_step/g_unified_lane.u_lane_group/g_lane[7].g_lane_n.u_lane/g_tight_mul.u_mul2/u_mul/g_base_stage.product_s1_reg input g_int4.u_precision_core/u_core/u_prod/u_core/u_core/u_plus_step/g_unified_lane.u_lane_group/g_lane[7].g_lane_n.u_lane/g_tight_mul.u_mul2/u_mul/g_base_stage.product_s1_reg/B[17:0] is not pipelined. Pipelining DSP48 input will improve performance.
Related violations: <none>

DPIP-2#383 Warning
Input pipelining  
DSP g_int4.u_precision_core/u_core/u_prod/u_core/u_core/u_plus_step/g_unified_lane.u_lane_group/g_lane[7].g_lane_n.u_lane/g_tight_mul.u_mul3/u_mul/g_base_stage.product0 input g_int4.u_precision_core/u_core/u_prod/u_core/u_core/u_plus_step/g_unified_lane.u_lane_group/g_lane[7].g_lane_n.u_lane/g_tight_mul.u_mul3/u_mul/g_base_stage.product0/A[29:0] is not pipelined. Pipelining DSP48 input will improve performance.
Related violations: <none>

DPIP-2#384 Warning
Input pipelining  
DSP g_int4.u_precision_core/u_core/u_prod/u_core/u_core/u_plus_step/g_unified_lane.u_lane_group/g_lane[7].g_lane_n.u_lane/g_tight_mul.u_mul3/u_mul/g_base_stage.product0 input g_int4.u_precision_core/u_core/u_prod/u_core/u_core/u_plus_step/g_unified_lane.u_lane_group/g_lane[7].g_lane_n.u_lane/g_tight_mul.u_mul3/u_mul/g_base_stage.product0/B[17:0] is not pipelined. Pipelining DSP48 input will improve performance.
Related violations: <none>

DPIP-2#385 Warning
Input pipelining  
DSP g_int4.u_precision_core/u_core/u_prod/u_core/u_core/u_plus_step/g_unified_lane.u_lane_group/g_lane[7].g_lane_n.u_lane/g_tight_mul.u_mul3/u_mul/g_base_stage.product_s1_reg input g_int4.u_precision_core/u_core/u_prod/u_core/u_core/u_plus_step/g_unified_lane.u_lane_group/g_lane[7].g_lane_n.u_lane/g_tight_mul.u_mul3/u_mul/g_base_stage.product_s1_reg/B[17:0] is not pipelined. Pipelining DSP48 input will improve performance.
Related violations: <none>

DPIP-2#386 Warning
Input pipelining  
DSP g_int4.u_precision_core/u_core/u_prod/u_core/u_core/u_plus_step/g_unified_lane.u_lane_group/g_lane[8].g_lane_n.u_lane/g_j_dsp.g_generic.u_j_mul/g_base_stage.product0 input g_int4.u_precision_core/u_core/u_prod/u_core/u_core/u_plus_step/g_unified_lane.u_lane_group/g_lane[8].g_lane_n.u_lane/g_j_dsp.g_generic.u_j_mul/g_base_stage.product0/A[29:0] is not pipelined. Pipelining DSP48 input will improve performance.
Related violations: <none>

DPIP-2#387 Warning
Input pipelining  
DSP g_int4.u_precision_core/u_core/u_prod/u_core/u_core/u_plus_step/g_unified_lane.u_lane_group/g_lane[8].g_lane_n.u_lane/g_j_dsp.g_generic.u_j_mul/g_base_stage.product0 input g_int4.u_precision_core/u_core/u_prod/u_core/u_core/u_plus_step/g_unified_lane.u_lane_group/g_lane[8].g_lane_n.u_lane/g_j_dsp.g_generic.u_j_mul/g_base_stage.product0/B[17:0] is not pipelined. Pipelining DSP48 input will improve performance.
Related violations: <none>

DPIP-2#388 Warning
Input pipelining  
DSP g_int4.u_precision_core/u_core/u_prod/u_core/u_core/u_plus_step/g_unified_lane.u_lane_group/g_lane[8].g_lane_n.u_lane/g_j_dsp.g_generic.u_j_mul/g_base_stage.product_s1_reg input g_int4.u_precision_core/u_core/u_prod/u_core/u_core/u_plus_step/g_unified_lane.u_lane_group/g_lane[8].g_lane_n.u_lane/g_j_dsp.g_generic.u_j_mul/g_base_stage.product_s1_reg/A[29:0] is not pipelined. Pipelining DSP48 input will improve performance.
Related violations: <none>

DPIP-2#389 Warning
Input pipelining  
DSP g_int4.u_precision_core/u_core/u_prod/u_core/u_core/u_plus_step/g_unified_lane.u_lane_group/g_lane[8].g_lane_n.u_lane/g_j_dsp.g_generic.u_j_mul/g_base_stage.product_s1_reg input g_int4.u_precision_core/u_core/u_prod/u_core/u_core/u_plus_step/g_unified_lane.u_lane_group/g_lane[8].g_lane_n.u_lane/g_j_dsp.g_generic.u_j_mul/g_base_stage.product_s1_reg/B[17:0] is not pipelined. Pipelining DSP48 input will improve performance.
Related violations: <none>

DPIP-2#390 Warning
Input pipelining  
DSP g_int4.u_precision_core/u_core/u_prod/u_core/u_core/u_plus_step/g_unified_lane.u_lane_group/g_lane[8].g_lane_n.u_lane/g_tight_mul.u_mul1/u_mul/g_base_stage.product0 input g_int4.u_precision_core/u_core/u_prod/u_core/u_core/u_plus_step/g_unified_lane.u_lane_group/g_lane[8].g_lane_n.u_lane/g_tight_mul.u_mul1/u_mul/g_base_stage.product0/A[29:0] is not pipelined. Pipelining DSP48 input will improve performance.
Related violations: <none>

DPIP-2#391 Warning
Input pipelining  
DSP g_int4.u_precision_core/u_core/u_prod/u_core/u_core/u_plus_step/g_unified_lane.u_lane_group/g_lane[8].g_lane_n.u_lane/g_tight_mul.u_mul1/u_mul/g_base_stage.product0 input g_int4.u_precision_core/u_core/u_prod/u_core/u_core/u_plus_step/g_unified_lane.u_lane_group/g_lane[8].g_lane_n.u_lane/g_tight_mul.u_mul1/u_mul/g_base_stage.product0/B[17:0] is not pipelined. Pipelining DSP48 input will improve performance.
Related violations: <none>

DPIP-2#392 Warning
Input pipelining  
DSP g_int4.u_precision_core/u_core/u_prod/u_core/u_core/u_plus_step/g_unified_lane.u_lane_group/g_lane[8].g_lane_n.u_lane/g_tight_mul.u_mul1/u_mul/g_base_stage.product_s1_reg input g_int4.u_precision_core/u_core/u_prod/u_core/u_core/u_plus_step/g_unified_lane.u_lane_group/g_lane[8].g_lane_n.u_lane/g_tight_mul.u_mul1/u_mul/g_base_stage.product_s1_reg/B[17:0] is not pipelined. Pipelining DSP48 input will improve performance.
Related violations: <none>

DPIP-2#393 Warning
Input pipelining  
DSP g_int4.u_precision_core/u_core/u_prod/u_core/u_core/u_plus_step/g_unified_lane.u_lane_group/g_lane[8].g_lane_n.u_lane/g_tight_mul.u_mul2/u_mul/g_base_stage.product0 input g_int4.u_precision_core/u_core/u_prod/u_core/u_core/u_plus_step/g_unified_lane.u_lane_group/g_lane[8].g_lane_n.u_lane/g_tight_mul.u_mul2/u_mul/g_base_stage.product0/A[29:0] is not pipelined. Pipelining DSP48 input will improve performance.
Related violations: <none>

DPIP-2#394 Warning
Input pipelining  
DSP g_int4.u_precision_core/u_core/u_prod/u_core/u_core/u_plus_step/g_unified_lane.u_lane_group/g_lane[8].g_lane_n.u_lane/g_tight_mul.u_mul2/u_mul/g_base_stage.product0 input g_int4.u_precision_core/u_core/u_prod/u_core/u_core/u_plus_step/g_unified_lane.u_lane_group/g_lane[8].g_lane_n.u_lane/g_tight_mul.u_mul2/u_mul/g_base_stage.product0/B[17:0] is not pipelined. Pipelining DSP48 input will improve performance.
Related violations: <none>

DPIP-2#395 Warning
Input pipelining  
DSP g_int4.u_precision_core/u_core/u_prod/u_core/u_core/u_plus_step/g_unified_lane.u_lane_group/g_lane[8].g_lane_n.u_lane/g_tight_mul.u_mul2/u_mul/g_base_stage.product_s1_reg input g_int4.u_precision_core/u_core/u_prod/u_core/u_core/u_plus_step/g_unified_lane.u_lane_group/g_lane[8].g_lane_n.u_lane/g_tight_mul.u_mul2/u_mul/g_base_stage.product_s1_reg/B[17:0] is not pipelined. Pipelining DSP48 input will improve performance.
Related violations: <none>

DPIP-2#396 Warning
Input pipelining  
DSP g_int4.u_precision_core/u_core/u_prod/u_core/u_core/u_plus_step/g_unified_lane.u_lane_group/g_lane[8].g_lane_n.u_lane/g_tight_mul.u_mul3/u_mul/g_base_stage.product0 input g_int4.u_precision_core/u_core/u_prod/u_core/u_core/u_plus_step/g_unified_lane.u_lane_group/g_lane[8].g_lane_n.u_lane/g_tight_mul.u_mul3/u_mul/g_base_stage.product0/A[29:0] is not pipelined. Pipelining DSP48 input will improve performance.
Related violations: <none>

DPIP-2#397 Warning
Input pipelining  
DSP g_int4.u_precision_core/u_core/u_prod/u_core/u_core/u_plus_step/g_unified_lane.u_lane_group/g_lane[8].g_lane_n.u_lane/g_tight_mul.u_mul3/u_mul/g_base_stage.product0 input g_int4.u_precision_core/u_core/u_prod/u_core/u_core/u_plus_step/g_unified_lane.u_lane_group/g_lane[8].g_lane_n.u_lane/g_tight_mul.u_mul3/u_mul/g_base_stage.product0/B[17:0] is not pipelined. Pipelining DSP48 input will improve performance.
Related violations: <none>

DPIP-2#398 Warning
Input pipelining  
DSP g_int4.u_precision_core/u_core/u_prod/u_core/u_core/u_plus_step/g_unified_lane.u_lane_group/g_lane[8].g_lane_n.u_lane/g_tight_mul.u_mul3/u_mul/g_base_stage.product_s1_reg input g_int4.u_precision_core/u_core/u_prod/u_core/u_core/u_plus_step/g_unified_lane.u_lane_group/g_lane[8].g_lane_n.u_lane/g_tight_mul.u_mul3/u_mul/g_base_stage.product_s1_reg/B[17:0] is not pipelined. Pipelining DSP48 input will improve performance.
Related violations: <none>

DPIP-2#399 Warning
Input pipelining  
DSP g_int4.u_precision_core/u_core/u_prod/u_core/u_core/u_plus_step/g_unified_lane.u_lane_group/g_lane[9].g_lane_n.u_lane/g_j_dsp.g_generic.u_j_mul/g_base_stage.product0 input g_int4.u_precision_core/u_core/u_prod/u_core/u_core/u_plus_step/g_unified_lane.u_lane_group/g_lane[9].g_lane_n.u_lane/g_j_dsp.g_generic.u_j_mul/g_base_stage.product0/A[29:0] is not pipelined. Pipelining DSP48 input will improve performance.
Related violations: <none>

DPIP-2#400 Warning
Input pipelining  
DSP g_int4.u_precision_core/u_core/u_prod/u_core/u_core/u_plus_step/g_unified_lane.u_lane_group/g_lane[9].g_lane_n.u_lane/g_j_dsp.g_generic.u_j_mul/g_base_stage.product0 input g_int4.u_precision_core/u_core/u_prod/u_core/u_core/u_plus_step/g_unified_lane.u_lane_group/g_lane[9].g_lane_n.u_lane/g_j_dsp.g_generic.u_j_mul/g_base_stage.product0/B[17:0] is not pipelined. Pipelining DSP48 input will improve performance.
Related violations: <none>

DPIP-2#401 Warning
Input pipelining  
DSP g_int4.u_precision_core/u_core/u_prod/u_core/u_core/u_plus_step/g_unified_lane.u_lane_group/g_lane[9].g_lane_n.u_lane/g_j_dsp.g_generic.u_j_mul/g_base_stage.product_s1_reg input g_int4.u_precision_core/u_core/u_prod/u_core/u_core/u_plus_step/g_unified_lane.u_lane_group/g_lane[9].g_lane_n.u_lane/g_j_dsp.g_generic.u_j_mul/g_base_stage.product_s1_reg/A[29:0] is not pipelined. Pipelining DSP48 input will improve performance.
Related violations: <none>

DPIP-2#402 Warning
Input pipelining  
DSP g_int4.u_precision_core/u_core/u_prod/u_core/u_core/u_plus_step/g_unified_lane.u_lane_group/g_lane[9].g_lane_n.u_lane/g_j_dsp.g_generic.u_j_mul/g_base_stage.product_s1_reg input g_int4.u_precision_core/u_core/u_prod/u_core/u_core/u_plus_step/g_unified_lane.u_lane_group/g_lane[9].g_lane_n.u_lane/g_j_dsp.g_generic.u_j_mul/g_base_stage.product_s1_reg/B[17:0] is not pipelined. Pipelining DSP48 input will improve performance.
Related violations: <none>

DPIP-2#403 Warning
Input pipelining  
DSP g_int4.u_precision_core/u_core/u_prod/u_core/u_core/u_plus_step/g_unified_lane.u_lane_group/g_lane[9].g_lane_n.u_lane/g_tight_mul.u_mul1/u_mul/g_base_stage.product0 input g_int4.u_precision_core/u_core/u_prod/u_core/u_core/u_plus_step/g_unified_lane.u_lane_group/g_lane[9].g_lane_n.u_lane/g_tight_mul.u_mul1/u_mul/g_base_stage.product0/A[29:0] is not pipelined. Pipelining DSP48 input will improve performance.
Related violations: <none>

DPIP-2#404 Warning
Input pipelining  
DSP g_int4.u_precision_core/u_core/u_prod/u_core/u_core/u_plus_step/g_unified_lane.u_lane_group/g_lane[9].g_lane_n.u_lane/g_tight_mul.u_mul1/u_mul/g_base_stage.product0 input g_int4.u_precision_core/u_core/u_prod/u_core/u_core/u_plus_step/g_unified_lane.u_lane_group/g_lane[9].g_lane_n.u_lane/g_tight_mul.u_mul1/u_mul/g_base_stage.product0/B[17:0] is not pipelined. Pipelining DSP48 input will improve performance.
Related violations: <none>

DPIP-2#405 Warning
Input pipelining  
DSP g_int4.u_precision_core/u_core/u_prod/u_core/u_core/u_plus_step/g_unified_lane.u_lane_group/g_lane[9].g_lane_n.u_lane/g_tight_mul.u_mul1/u_mul/g_base_stage.product_s1_reg input g_int4.u_precision_core/u_core/u_prod/u_core/u_core/u_plus_step/g_unified_lane.u_lane_group/g_lane[9].g_lane_n.u_lane/g_tight_mul.u_mul1/u_mul/g_base_stage.product_s1_reg/B[17:0] is not pipelined. Pipelining DSP48 input will improve performance.
Related violations: <none>

DPIP-2#406 Warning
Input pipelining  
DSP g_int4.u_precision_core/u_core/u_prod/u_core/u_core/u_plus_step/g_unified_lane.u_lane_group/g_lane[9].g_lane_n.u_lane/g_tight_mul.u_mul2/u_mul/g_base_stage.product0 input g_int4.u_precision_core/u_core/u_prod/u_core/u_core/u_plus_step/g_unified_lane.u_lane_group/g_lane[9].g_lane_n.u_lane/g_tight_mul.u_mul2/u_mul/g_base_stage.product0/A[29:0] is not pipelined. Pipelining DSP48 input will improve performance.
Related violations: <none>

DPIP-2#407 Warning
Input pipelining  
DSP g_int4.u_precision_core/u_core/u_prod/u_core/u_core/u_plus_step/g_unified_lane.u_lane_group/g_lane[9].g_lane_n.u_lane/g_tight_mul.u_mul2/u_mul/g_base_stage.product0 input g_int4.u_precision_core/u_core/u_prod/u_core/u_core/u_plus_step/g_unified_lane.u_lane_group/g_lane[9].g_lane_n.u_lane/g_tight_mul.u_mul2/u_mul/g_base_stage.product0/B[17:0] is not pipelined. Pipelining DSP48 input will improve performance.
Related violations: <none>

DPIP-2#408 Warning
Input pipelining  
DSP g_int4.u_precision_core/u_core/u_prod/u_core/u_core/u_plus_step/g_unified_lane.u_lane_group/g_lane[9].g_lane_n.u_lane/g_tight_mul.u_mul2/u_mul/g_base_stage.product_s1_reg input g_int4.u_precision_core/u_core/u_prod/u_core/u_core/u_plus_step/g_unified_lane.u_lane_group/g_lane[9].g_lane_n.u_lane/g_tight_mul.u_mul2/u_mul/g_base_stage.product_s1_reg/B[17:0] is not pipelined. Pipelining DSP48 input will improve performance.
Related violations: <none>

DPIP-2#409 Warning
Input pipelining  
DSP g_int4.u_precision_core/u_core/u_prod/u_core/u_core/u_plus_step/g_unified_lane.u_lane_group/g_lane[9].g_lane_n.u_lane/g_tight_mul.u_mul3/u_mul/g_base_stage.product0 input g_int4.u_precision_core/u_core/u_prod/u_core/u_core/u_plus_step/g_unified_lane.u_lane_group/g_lane[9].g_lane_n.u_lane/g_tight_mul.u_mul3/u_mul/g_base_stage.product0/A[29:0] is not pipelined. Pipelining DSP48 input will improve performance.
Related violations: <none>

DPIP-2#410 Warning
Input pipelining  
DSP g_int4.u_precision_core/u_core/u_prod/u_core/u_core/u_plus_step/g_unified_lane.u_lane_group/g_lane[9].g_lane_n.u_lane/g_tight_mul.u_mul3/u_mul/g_base_stage.product0 input g_int4.u_precision_core/u_core/u_prod/u_core/u_core/u_plus_step/g_unified_lane.u_lane_group/g_lane[9].g_lane_n.u_lane/g_tight_mul.u_mul3/u_mul/g_base_stage.product0/B[17:0] is not pipelined. Pipelining DSP48 input will improve performance.
Related violations: <none>

DPIP-2#411 Warning
Input pipelining  
DSP g_int4.u_precision_core/u_core/u_prod/u_core/u_core/u_plus_step/g_unified_lane.u_lane_group/g_lane[9].g_lane_n.u_lane/g_tight_mul.u_mul3/u_mul/g_base_stage.product_s1_reg input g_int4.u_precision_core/u_core/u_prod/u_core/u_core/u_plus_step/g_unified_lane.u_lane_group/g_lane[9].g_lane_n.u_lane/g_tight_mul.u_mul3/u_mul/g_base_stage.product_s1_reg/A[29:0] is not pipelined. Pipelining DSP48 input will improve performance.
Related violations: <none>

DPIP-2#412 Warning
Input pipelining  
DSP g_int4.u_precision_core/u_core/u_prod/u_core/u_core/u_plus_step/g_unified_lane.u_lane_group/g_lane[9].g_lane_n.u_lane/g_tight_mul.u_mul3/u_mul/g_base_stage.product_s1_reg input g_int4.u_precision_core/u_core/u_prod/u_core/u_core/u_plus_step/g_unified_lane.u_lane_group/g_lane[9].g_lane_n.u_lane/g_tight_mul.u_mul3/u_mul/g_base_stage.product_s1_reg/B[17:0] is not pipelined. Pipelining DSP48 input will improve performance.
Related violations: <none>

DPOP-3#1 Warning
PREG Output pipelining  
DSP g_int4.u_precision_core/u_core/product output g_int4.u_precision_core/u_core/product/P[47:0] is not pipelined (PREG=0). Pipelining the DSP48 output will improve performance and often saves power so it is suggested whenever possible to fully pipeline this function.  If this DSP48 function was inferred, it is suggested to describe an additional register stage after this function.  If the DSP48 was instantiated in the design, it is suggested to set the PREG attribute to 1.
Related violations: <none>

DPOP-3#2 Warning
PREG Output pipelining  
DSP g_int4.u_precision_core/u_core/u_preload_twist_mul/g_extra_stage.product0 output g_int4.u_precision_core/u_core/u_preload_twist_mul/g_extra_stage.product0/P[47:0] is not pipelined (PREG=0). Pipelining the DSP48 output will improve performance and often saves power so it is suggested whenever possible to fully pipeline this function.  If this DSP48 function was inferred, it is suggested to describe an additional register stage after this function.  If the DSP48 was instantiated in the design, it is suggested to set the PREG attribute to 1.
Related violations: <none>

DPOP-3#3 Warning
PREG Output pipelining  
DSP g_int4.u_precision_core/u_core/u_prod/u_core/u_core/g_product_accum.g_dedicated_mul.g_product_mul1.g_lane[0].g_tight.u_mul/u_mul/g_base_stage.product0 output g_int4.u_precision_core/u_core/u_prod/u_core/u_core/g_product_accum.g_dedicated_mul.g_product_mul1.g_lane[0].g_tight.u_mul/u_mul/g_base_stage.product0/P[47:0] is not pipelined (PREG=0). Pipelining the DSP48 output will improve performance and often saves power so it is suggested whenever possible to fully pipeline this function.  If this DSP48 function was inferred, it is suggested to describe an additional register stage after this function.  If the DSP48 was instantiated in the design, it is suggested to set the PREG attribute to 1.
Related violations: <none>

DPOP-3#4 Warning
PREG Output pipelining  
DSP g_int4.u_precision_core/u_core/u_prod/u_core/u_core/g_product_accum.g_dedicated_mul.g_product_mul1.g_lane[10].g_tight.u_mul/u_mul/g_base_stage.product0 output g_int4.u_precision_core/u_core/u_prod/u_core/u_core/g_product_accum.g_dedicated_mul.g_product_mul1.g_lane[10].g_tight.u_mul/u_mul/g_base_stage.product0/P[47:0] is not pipelined (PREG=0). Pipelining the DSP48 output will improve performance and often saves power so it is suggested whenever possible to fully pipeline this function.  If this DSP48 function was inferred, it is suggested to describe an additional register stage after this function.  If the DSP48 was instantiated in the design, it is suggested to set the PREG attribute to 1.
Related violations: <none>

DPOP-3#5 Warning
PREG Output pipelining  
DSP g_int4.u_precision_core/u_core/u_prod/u_core/u_core/g_product_accum.g_dedicated_mul.g_product_mul1.g_lane[11].g_tight.u_mul/u_mul/g_base_stage.product0 output g_int4.u_precision_core/u_core/u_prod/u_core/u_core/g_product_accum.g_dedicated_mul.g_product_mul1.g_lane[11].g_tight.u_mul/u_mul/g_base_stage.product0/P[47:0] is not pipelined (PREG=0). Pipelining the DSP48 output will improve performance and often saves power so it is suggested whenever possible to fully pipeline this function.  If this DSP48 function was inferred, it is suggested to describe an additional register stage after this function.  If the DSP48 was instantiated in the design, it is suggested to set the PREG attribute to 1.
Related violations: <none>

DPOP-3#6 Warning
PREG Output pipelining  
DSP g_int4.u_precision_core/u_core/u_prod/u_core/u_core/g_product_accum.g_dedicated_mul.g_product_mul1.g_lane[12].g_tight.u_mul/u_mul/g_base_stage.product0 output g_int4.u_precision_core/u_core/u_prod/u_core/u_core/g_product_accum.g_dedicated_mul.g_product_mul1.g_lane[12].g_tight.u_mul/u_mul/g_base_stage.product0/P[47:0] is not pipelined (PREG=0). Pipelining the DSP48 output will improve performance and often saves power so it is suggested whenever possible to fully pipeline this function.  If this DSP48 function was inferred, it is suggested to describe an additional register stage after this function.  If the DSP48 was instantiated in the design, it is suggested to set the PREG attribute to 1.
Related violations: <none>

DPOP-3#7 Warning
PREG Output pipelining  
DSP g_int4.u_precision_core/u_core/u_prod/u_core/u_core/g_product_accum.g_dedicated_mul.g_product_mul1.g_lane[13].g_tight.u_mul/u_mul/g_base_stage.product0 output g_int4.u_precision_core/u_core/u_prod/u_core/u_core/g_product_accum.g_dedicated_mul.g_product_mul1.g_lane[13].g_tight.u_mul/u_mul/g_base_stage.product0/P[47:0] is not pipelined (PREG=0). Pipelining the DSP48 output will improve performance and often saves power so it is suggested whenever possible to fully pipeline this function.  If this DSP48 function was inferred, it is suggested to describe an additional register stage after this function.  If the DSP48 was instantiated in the design, it is suggested to set the PREG attribute to 1.
Related violations: <none>

DPOP-3#8 Warning
PREG Output pipelining  
DSP g_int4.u_precision_core/u_core/u_prod/u_core/u_core/g_product_accum.g_dedicated_mul.g_product_mul1.g_lane[14].g_tight.u_mul/u_mul/g_base_stage.product0 output g_int4.u_precision_core/u_core/u_prod/u_core/u_core/g_product_accum.g_dedicated_mul.g_product_mul1.g_lane[14].g_tight.u_mul/u_mul/g_base_stage.product0/P[47:0] is not pipelined (PREG=0). Pipelining the DSP48 output will improve performance and often saves power so it is suggested whenever possible to fully pipeline this function.  If this DSP48 function was inferred, it is suggested to describe an additional register stage after this function.  If the DSP48 was instantiated in the design, it is suggested to set the PREG attribute to 1.
Related violations: <none>

DPOP-3#9 Warning
PREG Output pipelining  
DSP g_int4.u_precision_core/u_core/u_prod/u_core/u_core/g_product_accum.g_dedicated_mul.g_product_mul1.g_lane[15].g_tight.u_mul/u_mul/g_base_stage.product0 output g_int4.u_precision_core/u_core/u_prod/u_core/u_core/g_product_accum.g_dedicated_mul.g_product_mul1.g_lane[15].g_tight.u_mul/u_mul/g_base_stage.product0/P[47:0] is not pipelined (PREG=0). Pipelining the DSP48 output will improve performance and often saves power so it is suggested whenever possible to fully pipeline this function.  If this DSP48 function was inferred, it is suggested to describe an additional register stage after this function.  If the DSP48 was instantiated in the design, it is suggested to set the PREG attribute to 1.
Related violations: <none>

DPOP-3#10 Warning
PREG Output pipelining  
DSP g_int4.u_precision_core/u_core/u_prod/u_core/u_core/g_product_accum.g_dedicated_mul.g_product_mul1.g_lane[1].g_tight.u_mul/u_mul/g_base_stage.product0 output g_int4.u_precision_core/u_core/u_prod/u_core/u_core/g_product_accum.g_dedicated_mul.g_product_mul1.g_lane[1].g_tight.u_mul/u_mul/g_base_stage.product0/P[47:0] is not pipelined (PREG=0). Pipelining the DSP48 output will improve performance and often saves power so it is suggested whenever possible to fully pipeline this function.  If this DSP48 function was inferred, it is suggested to describe an additional register stage after this function.  If the DSP48 was instantiated in the design, it is suggested to set the PREG attribute to 1.
Related violations: <none>

DPOP-3#11 Warning
PREG Output pipelining  
DSP g_int4.u_precision_core/u_core/u_prod/u_core/u_core/g_product_accum.g_dedicated_mul.g_product_mul1.g_lane[2].g_tight.u_mul/u_mul/g_base_stage.product0 output g_int4.u_precision_core/u_core/u_prod/u_core/u_core/g_product_accum.g_dedicated_mul.g_product_mul1.g_lane[2].g_tight.u_mul/u_mul/g_base_stage.product0/P[47:0] is not pipelined (PREG=0). Pipelining the DSP48 output will improve performance and often saves power so it is suggested whenever possible to fully pipeline this function.  If this DSP48 function was inferred, it is suggested to describe an additional register stage after this function.  If the DSP48 was instantiated in the design, it is suggested to set the PREG attribute to 1.
Related violations: <none>

DPOP-3#12 Warning
PREG Output pipelining  
DSP g_int4.u_precision_core/u_core/u_prod/u_core/u_core/g_product_accum.g_dedicated_mul.g_product_mul1.g_lane[3].g_tight.u_mul/u_mul/g_base_stage.product0 output g_int4.u_precision_core/u_core/u_prod/u_core/u_core/g_product_accum.g_dedicated_mul.g_product_mul1.g_lane[3].g_tight.u_mul/u_mul/g_base_stage.product0/P[47:0] is not pipelined (PREG=0). Pipelining the DSP48 output will improve performance and often saves power so it is suggested whenever possible to fully pipeline this function.  If this DSP48 function was inferred, it is suggested to describe an additional register stage after this function.  If the DSP48 was instantiated in the design, it is suggested to set the PREG attribute to 1.
Related violations: <none>

DPOP-3#13 Warning
PREG Output pipelining  
DSP g_int4.u_precision_core/u_core/u_prod/u_core/u_core/g_product_accum.g_dedicated_mul.g_product_mul1.g_lane[4].g_tight.u_mul/u_mul/g_base_stage.product0 output g_int4.u_precision_core/u_core/u_prod/u_core/u_core/g_product_accum.g_dedicated_mul.g_product_mul1.g_lane[4].g_tight.u_mul/u_mul/g_base_stage.product0/P[47:0] is not pipelined (PREG=0). Pipelining the DSP48 output will improve performance and often saves power so it is suggested whenever possible to fully pipeline this function.  If this DSP48 function was inferred, it is suggested to describe an additional register stage after this function.  If the DSP48 was instantiated in the design, it is suggested to set the PREG attribute to 1.
Related violations: <none>

DPOP-3#14 Warning
PREG Output pipelining  
DSP g_int4.u_precision_core/u_core/u_prod/u_core/u_core/g_product_accum.g_dedicated_mul.g_product_mul1.g_lane[5].g_tight.u_mul/u_mul/g_base_stage.product0 output g_int4.u_precision_core/u_core/u_prod/u_core/u_core/g_product_accum.g_dedicated_mul.g_product_mul1.g_lane[5].g_tight.u_mul/u_mul/g_base_stage.product0/P[47:0] is not pipelined (PREG=0). Pipelining the DSP48 output will improve performance and often saves power so it is suggested whenever possible to fully pipeline this function.  If this DSP48 function was inferred, it is suggested to describe an additional register stage after this function.  If the DSP48 was instantiated in the design, it is suggested to set the PREG attribute to 1.
Related violations: <none>

DPOP-3#15 Warning
PREG Output pipelining  
DSP g_int4.u_precision_core/u_core/u_prod/u_core/u_core/g_product_accum.g_dedicated_mul.g_product_mul1.g_lane[6].g_tight.u_mul/u_mul/g_base_stage.product0 output g_int4.u_precision_core/u_core/u_prod/u_core/u_core/g_product_accum.g_dedicated_mul.g_product_mul1.g_lane[6].g_tight.u_mul/u_mul/g_base_stage.product0/P[47:0] is not pipelined (PREG=0). Pipelining the DSP48 output will improve performance and often saves power so it is suggested whenever possible to fully pipeline this function.  If this DSP48 function was inferred, it is suggested to describe an additional register stage after this function.  If the DSP48 was instantiated in the design, it is suggested to set the PREG attribute to 1.
Related violations: <none>

DPOP-3#16 Warning
PREG Output pipelining  
DSP g_int4.u_precision_core/u_core/u_prod/u_core/u_core/g_product_accum.g_dedicated_mul.g_product_mul1.g_lane[7].g_tight.u_mul/u_mul/g_base_stage.product0 output g_int4.u_precision_core/u_core/u_prod/u_core/u_core/g_product_accum.g_dedicated_mul.g_product_mul1.g_lane[7].g_tight.u_mul/u_mul/g_base_stage.product0/P[47:0] is not pipelined (PREG=0). Pipelining the DSP48 output will improve performance and often saves power so it is suggested whenever possible to fully pipeline this function.  If this DSP48 function was inferred, it is suggested to describe an additional register stage after this function.  If the DSP48 was instantiated in the design, it is suggested to set the PREG attribute to 1.
Related violations: <none>

DPOP-3#17 Warning
PREG Output pipelining  
DSP g_int4.u_precision_core/u_core/u_prod/u_core/u_core/g_product_accum.g_dedicated_mul.g_product_mul1.g_lane[8].g_tight.u_mul/u_mul/g_base_stage.product0 output g_int4.u_precision_core/u_core/u_prod/u_core/u_core/g_product_accum.g_dedicated_mul.g_product_mul1.g_lane[8].g_tight.u_mul/u_mul/g_base_stage.product0/P[47:0] is not pipelined (PREG=0). Pipelining the DSP48 output will improve performance and often saves power so it is suggested whenever possible to fully pipeline this function.  If this DSP48 function was inferred, it is suggested to describe an additional register stage after this function.  If the DSP48 was instantiated in the design, it is suggested to set the PREG attribute to 1.
Related violations: <none>

DPOP-3#18 Warning
PREG Output pipelining  
DSP g_int4.u_precision_core/u_core/u_prod/u_core/u_core/g_product_accum.g_dedicated_mul.g_product_mul1.g_lane[9].g_tight.u_mul/u_mul/g_base_stage.product0 output g_int4.u_precision_core/u_core/u_prod/u_core/u_core/g_product_accum.g_dedicated_mul.g_product_mul1.g_lane[9].g_tight.u_mul/u_mul/g_base_stage.product0/P[47:0] is not pipelined (PREG=0). Pipelining the DSP48 output will improve performance and often saves power so it is suggested whenever possible to fully pipeline this function.  If this DSP48 function was inferred, it is suggested to describe an additional register stage after this function.  If the DSP48 was instantiated in the design, it is suggested to set the PREG attribute to 1.
Related violations: <none>

DPOP-3#19 Warning
PREG Output pipelining  
DSP g_int4.u_precision_core/u_core/u_prod/u_core/u_core/g_product_accum.g_dedicated_mul.g_product_mul[0].g_tight.u_mul/u_mul/g_base_stage.product0 output g_int4.u_precision_core/u_core/u_prod/u_core/u_core/g_product_accum.g_dedicated_mul.g_product_mul[0].g_tight.u_mul/u_mul/g_base_stage.product0/P[47:0] is not pipelined (PREG=0). Pipelining the DSP48 output will improve performance and often saves power so it is suggested whenever possible to fully pipeline this function.  If this DSP48 function was inferred, it is suggested to describe an additional register stage after this function.  If the DSP48 was instantiated in the design, it is suggested to set the PREG attribute to 1.
Related violations: <none>

DPOP-3#20 Warning
PREG Output pipelining  
DSP g_int4.u_precision_core/u_core/u_prod/u_core/u_core/g_product_accum.g_dedicated_mul.g_product_mul[10].g_tight.u_mul/u_mul/g_base_stage.product0 output g_int4.u_precision_core/u_core/u_prod/u_core/u_core/g_product_accum.g_dedicated_mul.g_product_mul[10].g_tight.u_mul/u_mul/g_base_stage.product0/P[47:0] is not pipelined (PREG=0). Pipelining the DSP48 output will improve performance and often saves power so it is suggested whenever possible to fully pipeline this function.  If this DSP48 function was inferred, it is suggested to describe an additional register stage after this function.  If the DSP48 was instantiated in the design, it is suggested to set the PREG attribute to 1.
Related violations: <none>

DPOP-3#21 Warning
PREG Output pipelining  
DSP g_int4.u_precision_core/u_core/u_prod/u_core/u_core/g_product_accum.g_dedicated_mul.g_product_mul[11].g_tight.u_mul/u_mul/g_base_stage.product0 output g_int4.u_precision_core/u_core/u_prod/u_core/u_core/g_product_accum.g_dedicated_mul.g_product_mul[11].g_tight.u_mul/u_mul/g_base_stage.product0/P[47:0] is not pipelined (PREG=0). Pipelining the DSP48 output will improve performance and often saves power so it is suggested whenever possible to fully pipeline this function.  If this DSP48 function was inferred, it is suggested to describe an additional register stage after this function.  If the DSP48 was instantiated in the design, it is suggested to set the PREG attribute to 1.
Related violations: <none>

DPOP-3#22 Warning
PREG Output pipelining  
DSP g_int4.u_precision_core/u_core/u_prod/u_core/u_core/g_product_accum.g_dedicated_mul.g_product_mul[12].g_tight.u_mul/u_mul/g_base_stage.product0 output g_int4.u_precision_core/u_core/u_prod/u_core/u_core/g_product_accum.g_dedicated_mul.g_product_mul[12].g_tight.u_mul/u_mul/g_base_stage.product0/P[47:0] is not pipelined (PREG=0). Pipelining the DSP48 output will improve performance and often saves power so it is suggested whenever possible to fully pipeline this function.  If this DSP48 function was inferred, it is suggested to describe an additional register stage after this function.  If the DSP48 was instantiated in the design, it is suggested to set the PREG attribute to 1.
Related violations: <none>

DPOP-3#23 Warning
PREG Output pipelining  
DSP g_int4.u_precision_core/u_core/u_prod/u_core/u_core/g_product_accum.g_dedicated_mul.g_product_mul[13].g_tight.u_mul/u_mul/g_base_stage.product0 output g_int4.u_precision_core/u_core/u_prod/u_core/u_core/g_product_accum.g_dedicated_mul.g_product_mul[13].g_tight.u_mul/u_mul/g_base_stage.product0/P[47:0] is not pipelined (PREG=0). Pipelining the DSP48 output will improve performance and often saves power so it is suggested whenever possible to fully pipeline this function.  If this DSP48 function was inferred, it is suggested to describe an additional register stage after this function.  If the DSP48 was instantiated in the design, it is suggested to set the PREG attribute to 1.
Related violations: <none>

DPOP-3#24 Warning
PREG Output pipelining  
DSP g_int4.u_precision_core/u_core/u_prod/u_core/u_core/g_product_accum.g_dedicated_mul.g_product_mul[14].g_tight.u_mul/u_mul/g_base_stage.product0 output g_int4.u_precision_core/u_core/u_prod/u_core/u_core/g_product_accum.g_dedicated_mul.g_product_mul[14].g_tight.u_mul/u_mul/g_base_stage.product0/P[47:0] is not pipelined (PREG=0). Pipelining the DSP48 output will improve performance and often saves power so it is suggested whenever possible to fully pipeline this function.  If this DSP48 function was inferred, it is suggested to describe an additional register stage after this function.  If the DSP48 was instantiated in the design, it is suggested to set the PREG attribute to 1.
Related violations: <none>

DPOP-3#25 Warning
PREG Output pipelining  
DSP g_int4.u_precision_core/u_core/u_prod/u_core/u_core/g_product_accum.g_dedicated_mul.g_product_mul[15].g_tight.u_mul/u_mul/g_base_stage.product0 output g_int4.u_precision_core/u_core/u_prod/u_core/u_core/g_product_accum.g_dedicated_mul.g_product_mul[15].g_tight.u_mul/u_mul/g_base_stage.product0/P[47:0] is not pipelined (PREG=0). Pipelining the DSP48 output will improve performance and often saves power so it is suggested whenever possible to fully pipeline this function.  If this DSP48 function was inferred, it is suggested to describe an additional register stage after this function.  If the DSP48 was instantiated in the design, it is suggested to set the PREG attribute to 1.
Related violations: <none>

DPOP-3#26 Warning
PREG Output pipelining  
DSP g_int4.u_precision_core/u_core/u_prod/u_core/u_core/g_product_accum.g_dedicated_mul.g_product_mul[1].g_tight.u_mul/u_mul/g_base_stage.product0 output g_int4.u_precision_core/u_core/u_prod/u_core/u_core/g_product_accum.g_dedicated_mul.g_product_mul[1].g_tight.u_mul/u_mul/g_base_stage.product0/P[47:0] is not pipelined (PREG=0). Pipelining the DSP48 output will improve performance and often saves power so it is suggested whenever possible to fully pipeline this function.  If this DSP48 function was inferred, it is suggested to describe an additional register stage after this function.  If the DSP48 was instantiated in the design, it is suggested to set the PREG attribute to 1.
Related violations: <none>

DPOP-3#27 Warning
PREG Output pipelining  
DSP g_int4.u_precision_core/u_core/u_prod/u_core/u_core/g_product_accum.g_dedicated_mul.g_product_mul[2].g_tight.u_mul/u_mul/g_base_stage.product0 output g_int4.u_precision_core/u_core/u_prod/u_core/u_core/g_product_accum.g_dedicated_mul.g_product_mul[2].g_tight.u_mul/u_mul/g_base_stage.product0/P[47:0] is not pipelined (PREG=0). Pipelining the DSP48 output will improve performance and often saves power so it is suggested whenever possible to fully pipeline this function.  If this DSP48 function was inferred, it is suggested to describe an additional register stage after this function.  If the DSP48 was instantiated in the design, it is suggested to set the PREG attribute to 1.
Related violations: <none>

DPOP-3#28 Warning
PREG Output pipelining  
DSP g_int4.u_precision_core/u_core/u_prod/u_core/u_core/g_product_accum.g_dedicated_mul.g_product_mul[3].g_tight.u_mul/u_mul/g_base_stage.product0 output g_int4.u_precision_core/u_core/u_prod/u_core/u_core/g_product_accum.g_dedicated_mul.g_product_mul[3].g_tight.u_mul/u_mul/g_base_stage.product0/P[47:0] is not pipelined (PREG=0). Pipelining the DSP48 output will improve performance and often saves power so it is suggested whenever possible to fully pipeline this function.  If this DSP48 function was inferred, it is suggested to describe an additional register stage after this function.  If the DSP48 was instantiated in the design, it is suggested to set the PREG attribute to 1.
Related violations: <none>

DPOP-3#29 Warning
PREG Output pipelining  
DSP g_int4.u_precision_core/u_core/u_prod/u_core/u_core/g_product_accum.g_dedicated_mul.g_product_mul[4].g_tight.u_mul/u_mul/g_base_stage.product0 output g_int4.u_precision_core/u_core/u_prod/u_core/u_core/g_product_accum.g_dedicated_mul.g_product_mul[4].g_tight.u_mul/u_mul/g_base_stage.product0/P[47:0] is not pipelined (PREG=0). Pipelining the DSP48 output will improve performance and often saves power so it is suggested whenever possible to fully pipeline this function.  If this DSP48 function was inferred, it is suggested to describe an additional register stage after this function.  If the DSP48 was instantiated in the design, it is suggested to set the PREG attribute to 1.
Related violations: <none>

DPOP-3#30 Warning
PREG Output pipelining  
DSP g_int4.u_precision_core/u_core/u_prod/u_core/u_core/g_product_accum.g_dedicated_mul.g_product_mul[5].g_tight.u_mul/u_mul/g_base_stage.product0 output g_int4.u_precision_core/u_core/u_prod/u_core/u_core/g_product_accum.g_dedicated_mul.g_product_mul[5].g_tight.u_mul/u_mul/g_base_stage.product0/P[47:0] is not pipelined (PREG=0). Pipelining the DSP48 output will improve performance and often saves power so it is suggested whenever possible to fully pipeline this function.  If this DSP48 function was inferred, it is suggested to describe an additional register stage after this function.  If the DSP48 was instantiated in the design, it is suggested to set the PREG attribute to 1.
Related violations: <none>

DPOP-3#31 Warning
PREG Output pipelining  
DSP g_int4.u_precision_core/u_core/u_prod/u_core/u_core/g_product_accum.g_dedicated_mul.g_product_mul[6].g_tight.u_mul/u_mul/g_base_stage.product0 output g_int4.u_precision_core/u_core/u_prod/u_core/u_core/g_product_accum.g_dedicated_mul.g_product_mul[6].g_tight.u_mul/u_mul/g_base_stage.product0/P[47:0] is not pipelined (PREG=0). Pipelining the DSP48 output will improve performance and often saves power so it is suggested whenever possible to fully pipeline this function.  If this DSP48 function was inferred, it is suggested to describe an additional register stage after this function.  If the DSP48 was instantiated in the design, it is suggested to set the PREG attribute to 1.
Related violations: <none>

DPOP-3#32 Warning
PREG Output pipelining  
DSP g_int4.u_precision_core/u_core/u_prod/u_core/u_core/g_product_accum.g_dedicated_mul.g_product_mul[7].g_tight.u_mul/u_mul/g_base_stage.product0 output g_int4.u_precision_core/u_core/u_prod/u_core/u_core/g_product_accum.g_dedicated_mul.g_product_mul[7].g_tight.u_mul/u_mul/g_base_stage.product0/P[47:0] is not pipelined (PREG=0). Pipelining the DSP48 output will improve performance and often saves power so it is suggested whenever possible to fully pipeline this function.  If this DSP48 function was inferred, it is suggested to describe an additional register stage after this function.  If the DSP48 was instantiated in the design, it is suggested to set the PREG attribute to 1.
Related violations: <none>

DPOP-3#33 Warning
PREG Output pipelining  
DSP g_int4.u_precision_core/u_core/u_prod/u_core/u_core/g_product_accum.g_dedicated_mul.g_product_mul[8].g_tight.u_mul/u_mul/g_base_stage.product0 output g_int4.u_precision_core/u_core/u_prod/u_core/u_core/g_product_accum.g_dedicated_mul.g_product_mul[8].g_tight.u_mul/u_mul/g_base_stage.product0/P[47:0] is not pipelined (PREG=0). Pipelining the DSP48 output will improve performance and often saves power so it is suggested whenever possible to fully pipeline this function.  If this DSP48 function was inferred, it is suggested to describe an additional register stage after this function.  If the DSP48 was instantiated in the design, it is suggested to set the PREG attribute to 1.
Related violations: <none>

DPOP-3#34 Warning
PREG Output pipelining  
DSP g_int4.u_precision_core/u_core/u_prod/u_core/u_core/g_product_accum.g_dedicated_mul.g_product_mul[9].g_tight.u_mul/u_mul/g_base_stage.product0 output g_int4.u_precision_core/u_core/u_prod/u_core/u_core/g_product_accum.g_dedicated_mul.g_product_mul[9].g_tight.u_mul/u_mul/g_base_stage.product0/P[47:0] is not pipelined (PREG=0). Pipelining the DSP48 output will improve performance and often saves power so it is suggested whenever possible to fully pipeline this function.  If this DSP48 function was inferred, it is suggested to describe an additional register stage after this function.  If the DSP48 was instantiated in the design, it is suggested to set the PREG attribute to 1.
Related violations: <none>

DPOP-3#35 Warning
PREG Output pipelining  
DSP g_int4.u_precision_core/u_core/u_prod/u_core/u_core/u_minus_step/g_unified_lane.u_lane_group/g_lane[0].g_lane0.u_lane/g_j_dsp.g_generic.u_j_mul/g_base_stage.product0 output g_int4.u_precision_core/u_core/u_prod/u_core/u_core/u_minus_step/g_unified_lane.u_lane_group/g_lane[0].g_lane0.u_lane/g_j_dsp.g_generic.u_j_mul/g_base_stage.product0/P[47:0] is not pipelined (PREG=0). Pipelining the DSP48 output will improve performance and often saves power so it is suggested whenever possible to fully pipeline this function.  If this DSP48 function was inferred, it is suggested to describe an additional register stage after this function.  If the DSP48 was instantiated in the design, it is suggested to set the PREG attribute to 1.
Related violations: <none>

DPOP-3#36 Warning
PREG Output pipelining  
DSP g_int4.u_precision_core/u_core/u_prod/u_core/u_core/u_minus_step/g_unified_lane.u_lane_group/g_lane[0].g_lane0.u_lane/g_tight_mul.u_mul1/u_mul/g_base_stage.product0 output g_int4.u_precision_core/u_core/u_prod/u_core/u_core/u_minus_step/g_unified_lane.u_lane_group/g_lane[0].g_lane0.u_lane/g_tight_mul.u_mul1/u_mul/g_base_stage.product0/P[47:0] is not pipelined (PREG=0). Pipelining the DSP48 output will improve performance and often saves power so it is suggested whenever possible to fully pipeline this function.  If this DSP48 function was inferred, it is suggested to describe an additional register stage after this function.  If the DSP48 was instantiated in the design, it is suggested to set the PREG attribute to 1.
Related violations: <none>

DPOP-3#37 Warning
PREG Output pipelining  
DSP g_int4.u_precision_core/u_core/u_prod/u_core/u_core/u_minus_step/g_unified_lane.u_lane_group/g_lane[0].g_lane0.u_lane/g_tight_mul.u_mul2/u_mul/g_base_stage.product0 output g_int4.u_precision_core/u_core/u_prod/u_core/u_core/u_minus_step/g_unified_lane.u_lane_group/g_lane[0].g_lane0.u_lane/g_tight_mul.u_mul2/u_mul/g_base_stage.product0/P[47:0] is not pipelined (PREG=0). Pipelining the DSP48 output will improve performance and often saves power so it is suggested whenever possible to fully pipeline this function.  If this DSP48 function was inferred, it is suggested to describe an additional register stage after this function.  If the DSP48 was instantiated in the design, it is suggested to set the PREG attribute to 1.
Related violations: <none>

DPOP-3#38 Warning
PREG Output pipelining  
DSP g_int4.u_precision_core/u_core/u_prod/u_core/u_core/u_minus_step/g_unified_lane.u_lane_group/g_lane[0].g_lane0.u_lane/g_tight_mul.u_mul3/u_mul/g_base_stage.product0 output g_int4.u_precision_core/u_core/u_prod/u_core/u_core/u_minus_step/g_unified_lane.u_lane_group/g_lane[0].g_lane0.u_lane/g_tight_mul.u_mul3/u_mul/g_base_stage.product0/P[47:0] is not pipelined (PREG=0). Pipelining the DSP48 output will improve performance and often saves power so it is suggested whenever possible to fully pipeline this function.  If this DSP48 function was inferred, it is suggested to describe an additional register stage after this function.  If the DSP48 was instantiated in the design, it is suggested to set the PREG attribute to 1.
Related violations: <none>

DPOP-3#39 Warning
PREG Output pipelining  
DSP g_int4.u_precision_core/u_core/u_prod/u_core/u_core/u_minus_step/g_unified_lane.u_lane_group/g_lane[10].g_lane_n.u_lane/g_j_dsp.g_generic.u_j_mul/g_base_stage.product0 output g_int4.u_precision_core/u_core/u_prod/u_core/u_core/u_minus_step/g_unified_lane.u_lane_group/g_lane[10].g_lane_n.u_lane/g_j_dsp.g_generic.u_j_mul/g_base_stage.product0/P[47:0] is not pipelined (PREG=0). Pipelining the DSP48 output will improve performance and often saves power so it is suggested whenever possible to fully pipeline this function.  If this DSP48 function was inferred, it is suggested to describe an additional register stage after this function.  If the DSP48 was instantiated in the design, it is suggested to set the PREG attribute to 1.
Related violations: <none>

DPOP-3#40 Warning
PREG Output pipelining  
DSP g_int4.u_precision_core/u_core/u_prod/u_core/u_core/u_minus_step/g_unified_lane.u_lane_group/g_lane[10].g_lane_n.u_lane/g_tight_mul.u_mul1/u_mul/g_base_stage.product0 output g_int4.u_precision_core/u_core/u_prod/u_core/u_core/u_minus_step/g_unified_lane.u_lane_group/g_lane[10].g_lane_n.u_lane/g_tight_mul.u_mul1/u_mul/g_base_stage.product0/P[47:0] is not pipelined (PREG=0). Pipelining the DSP48 output will improve performance and often saves power so it is suggested whenever possible to fully pipeline this function.  If this DSP48 function was inferred, it is suggested to describe an additional register stage after this function.  If the DSP48 was instantiated in the design, it is suggested to set the PREG attribute to 1.
Related violations: <none>

DPOP-3#41 Warning
PREG Output pipelining  
DSP g_int4.u_precision_core/u_core/u_prod/u_core/u_core/u_minus_step/g_unified_lane.u_lane_group/g_lane[10].g_lane_n.u_lane/g_tight_mul.u_mul2/u_mul/g_base_stage.product0 output g_int4.u_precision_core/u_core/u_prod/u_core/u_core/u_minus_step/g_unified_lane.u_lane_group/g_lane[10].g_lane_n.u_lane/g_tight_mul.u_mul2/u_mul/g_base_stage.product0/P[47:0] is not pipelined (PREG=0). Pipelining the DSP48 output will improve performance and often saves power so it is suggested whenever possible to fully pipeline this function.  If this DSP48 function was inferred, it is suggested to describe an additional register stage after this function.  If the DSP48 was instantiated in the design, it is suggested to set the PREG attribute to 1.
Related violations: <none>

DPOP-3#42 Warning
PREG Output pipelining  
DSP g_int4.u_precision_core/u_core/u_prod/u_core/u_core/u_minus_step/g_unified_lane.u_lane_group/g_lane[10].g_lane_n.u_lane/g_tight_mul.u_mul3/u_mul/g_base_stage.product0 output g_int4.u_precision_core/u_core/u_prod/u_core/u_core/u_minus_step/g_unified_lane.u_lane_group/g_lane[10].g_lane_n.u_lane/g_tight_mul.u_mul3/u_mul/g_base_stage.product0/P[47:0] is not pipelined (PREG=0). Pipelining the DSP48 output will improve performance and often saves power so it is suggested whenever possible to fully pipeline this function.  If this DSP48 function was inferred, it is suggested to describe an additional register stage after this function.  If the DSP48 was instantiated in the design, it is suggested to set the PREG attribute to 1.
Related violations: <none>

DPOP-3#43 Warning
PREG Output pipelining  
DSP g_int4.u_precision_core/u_core/u_prod/u_core/u_core/u_minus_step/g_unified_lane.u_lane_group/g_lane[11].g_lane_n.u_lane/g_j_dsp.g_generic.u_j_mul/g_base_stage.product0 output g_int4.u_precision_core/u_core/u_prod/u_core/u_core/u_minus_step/g_unified_lane.u_lane_group/g_lane[11].g_lane_n.u_lane/g_j_dsp.g_generic.u_j_mul/g_base_stage.product0/P[47:0] is not pipelined (PREG=0). Pipelining the DSP48 output will improve performance and often saves power so it is suggested whenever possible to fully pipeline this function.  If this DSP48 function was inferred, it is suggested to describe an additional register stage after this function.  If the DSP48 was instantiated in the design, it is suggested to set the PREG attribute to 1.
Related violations: <none>

DPOP-3#44 Warning
PREG Output pipelining  
DSP g_int4.u_precision_core/u_core/u_prod/u_core/u_core/u_minus_step/g_unified_lane.u_lane_group/g_lane[11].g_lane_n.u_lane/g_tight_mul.u_mul1/u_mul/g_base_stage.product0 output g_int4.u_precision_core/u_core/u_prod/u_core/u_core/u_minus_step/g_unified_lane.u_lane_group/g_lane[11].g_lane_n.u_lane/g_tight_mul.u_mul1/u_mul/g_base_stage.product0/P[47:0] is not pipelined (PREG=0). Pipelining the DSP48 output will improve performance and often saves power so it is suggested whenever possible to fully pipeline this function.  If this DSP48 function was inferred, it is suggested to describe an additional register stage after this function.  If the DSP48 was instantiated in the design, it is suggested to set the PREG attribute to 1.
Related violations: <none>

DPOP-3#45 Warning
PREG Output pipelining  
DSP g_int4.u_precision_core/u_core/u_prod/u_core/u_core/u_minus_step/g_unified_lane.u_lane_group/g_lane[11].g_lane_n.u_lane/g_tight_mul.u_mul2/u_mul/g_base_stage.product0 output g_int4.u_precision_core/u_core/u_prod/u_core/u_core/u_minus_step/g_unified_lane.u_lane_group/g_lane[11].g_lane_n.u_lane/g_tight_mul.u_mul2/u_mul/g_base_stage.product0/P[47:0] is not pipelined (PREG=0). Pipelining the DSP48 output will improve performance and often saves power so it is suggested whenever possible to fully pipeline this function.  If this DSP48 function was inferred, it is suggested to describe an additional register stage after this function.  If the DSP48 was instantiated in the design, it is suggested to set the PREG attribute to 1.
Related violations: <none>

DPOP-3#46 Warning
PREG Output pipelining  
DSP g_int4.u_precision_core/u_core/u_prod/u_core/u_core/u_minus_step/g_unified_lane.u_lane_group/g_lane[11].g_lane_n.u_lane/g_tight_mul.u_mul3/u_mul/g_base_stage.product0 output g_int4.u_precision_core/u_core/u_prod/u_core/u_core/u_minus_step/g_unified_lane.u_lane_group/g_lane[11].g_lane_n.u_lane/g_tight_mul.u_mul3/u_mul/g_base_stage.product0/P[47:0] is not pipelined (PREG=0). Pipelining the DSP48 output will improve performance and often saves power so it is suggested whenever possible to fully pipeline this function.  If this DSP48 function was inferred, it is suggested to describe an additional register stage after this function.  If the DSP48 was instantiated in the design, it is suggested to set the PREG attribute to 1.
Related violations: <none>

DPOP-3#47 Warning
PREG Output pipelining  
DSP g_int4.u_precision_core/u_core/u_prod/u_core/u_core/u_minus_step/g_unified_lane.u_lane_group/g_lane[12].g_lane_n.u_lane/g_j_dsp.g_generic.u_j_mul/g_base_stage.product0 output g_int4.u_precision_core/u_core/u_prod/u_core/u_core/u_minus_step/g_unified_lane.u_lane_group/g_lane[12].g_lane_n.u_lane/g_j_dsp.g_generic.u_j_mul/g_base_stage.product0/P[47:0] is not pipelined (PREG=0). Pipelining the DSP48 output will improve performance and often saves power so it is suggested whenever possible to fully pipeline this function.  If this DSP48 function was inferred, it is suggested to describe an additional register stage after this function.  If the DSP48 was instantiated in the design, it is suggested to set the PREG attribute to 1.
Related violations: <none>

DPOP-3#48 Warning
PREG Output pipelining  
DSP g_int4.u_precision_core/u_core/u_prod/u_core/u_core/u_minus_step/g_unified_lane.u_lane_group/g_lane[12].g_lane_n.u_lane/g_tight_mul.u_mul1/u_mul/g_base_stage.product0 output g_int4.u_precision_core/u_core/u_prod/u_core/u_core/u_minus_step/g_unified_lane.u_lane_group/g_lane[12].g_lane_n.u_lane/g_tight_mul.u_mul1/u_mul/g_base_stage.product0/P[47:0] is not pipelined (PREG=0). Pipelining the DSP48 output will improve performance and often saves power so it is suggested whenever possible to fully pipeline this function.  If this DSP48 function was inferred, it is suggested to describe an additional register stage after this function.  If the DSP48 was instantiated in the design, it is suggested to set the PREG attribute to 1.
Related violations: <none>

DPOP-3#49 Warning
PREG Output pipelining  
DSP g_int4.u_precision_core/u_core/u_prod/u_core/u_core/u_minus_step/g_unified_lane.u_lane_group/g_lane[12].g_lane_n.u_lane/g_tight_mul.u_mul2/u_mul/g_base_stage.product0 output g_int4.u_precision_core/u_core/u_prod/u_core/u_core/u_minus_step/g_unified_lane.u_lane_group/g_lane[12].g_lane_n.u_lane/g_tight_mul.u_mul2/u_mul/g_base_stage.product0/P[47:0] is not pipelined (PREG=0). Pipelining the DSP48 output will improve performance and often saves power so it is suggested whenever possible to fully pipeline this function.  If this DSP48 function was inferred, it is suggested to describe an additional register stage after this function.  If the DSP48 was instantiated in the design, it is suggested to set the PREG attribute to 1.
Related violations: <none>

DPOP-3#50 Warning
PREG Output pipelining  
DSP g_int4.u_precision_core/u_core/u_prod/u_core/u_core/u_minus_step/g_unified_lane.u_lane_group/g_lane[12].g_lane_n.u_lane/g_tight_mul.u_mul3/u_mul/g_base_stage.product0 output g_int4.u_precision_core/u_core/u_prod/u_core/u_core/u_minus_step/g_unified_lane.u_lane_group/g_lane[12].g_lane_n.u_lane/g_tight_mul.u_mul3/u_mul/g_base_stage.product0/P[47:0] is not pipelined (PREG=0). Pipelining the DSP48 output will improve performance and often saves power so it is suggested whenever possible to fully pipeline this function.  If this DSP48 function was inferred, it is suggested to describe an additional register stage after this function.  If the DSP48 was instantiated in the design, it is suggested to set the PREG attribute to 1.
Related violations: <none>

DPOP-3#51 Warning
PREG Output pipelining  
DSP g_int4.u_precision_core/u_core/u_prod/u_core/u_core/u_minus_step/g_unified_lane.u_lane_group/g_lane[13].g_lane_n.u_lane/g_j_dsp.g_generic.u_j_mul/g_base_stage.product0 output g_int4.u_precision_core/u_core/u_prod/u_core/u_core/u_minus_step/g_unified_lane.u_lane_group/g_lane[13].g_lane_n.u_lane/g_j_dsp.g_generic.u_j_mul/g_base_stage.product0/P[47:0] is not pipelined (PREG=0). Pipelining the DSP48 output will improve performance and often saves power so it is suggested whenever possible to fully pipeline this function.  If this DSP48 function was inferred, it is suggested to describe an additional register stage after this function.  If the DSP48 was instantiated in the design, it is suggested to set the PREG attribute to 1.
Related violations: <none>

DPOP-3#52 Warning
PREG Output pipelining  
DSP g_int4.u_precision_core/u_core/u_prod/u_core/u_core/u_minus_step/g_unified_lane.u_lane_group/g_lane[13].g_lane_n.u_lane/g_tight_mul.u_mul1/u_mul/g_base_stage.product0 output g_int4.u_precision_core/u_core/u_prod/u_core/u_core/u_minus_step/g_unified_lane.u_lane_group/g_lane[13].g_lane_n.u_lane/g_tight_mul.u_mul1/u_mul/g_base_stage.product0/P[47:0] is not pipelined (PREG=0). Pipelining the DSP48 output will improve performance and often saves power so it is suggested whenever possible to fully pipeline this function.  If this DSP48 function was inferred, it is suggested to describe an additional register stage after this function.  If the DSP48 was instantiated in the design, it is suggested to set the PREG attribute to 1.
Related violations: <none>

DPOP-3#53 Warning
PREG Output pipelining  
DSP g_int4.u_precision_core/u_core/u_prod/u_core/u_core/u_minus_step/g_unified_lane.u_lane_group/g_lane[13].g_lane_n.u_lane/g_tight_mul.u_mul2/u_mul/g_base_stage.product0 output g_int4.u_precision_core/u_core/u_prod/u_core/u_core/u_minus_step/g_unified_lane.u_lane_group/g_lane[13].g_lane_n.u_lane/g_tight_mul.u_mul2/u_mul/g_base_stage.product0/P[47:0] is not pipelined (PREG=0). Pipelining the DSP48 output will improve performance and often saves power so it is suggested whenever possible to fully pipeline this function.  If this DSP48 function was inferred, it is suggested to describe an additional register stage after this function.  If the DSP48 was instantiated in the design, it is suggested to set the PREG attribute to 1.
Related violations: <none>

DPOP-3#54 Warning
PREG Output pipelining  
DSP g_int4.u_precision_core/u_core/u_prod/u_core/u_core/u_minus_step/g_unified_lane.u_lane_group/g_lane[13].g_lane_n.u_lane/g_tight_mul.u_mul3/u_mul/g_base_stage.product0 output g_int4.u_precision_core/u_core/u_prod/u_core/u_core/u_minus_step/g_unified_lane.u_lane_group/g_lane[13].g_lane_n.u_lane/g_tight_mul.u_mul3/u_mul/g_base_stage.product0/P[47:0] is not pipelined (PREG=0). Pipelining the DSP48 output will improve performance and often saves power so it is suggested whenever possible to fully pipeline this function.  If this DSP48 function was inferred, it is suggested to describe an additional register stage after this function.  If the DSP48 was instantiated in the design, it is suggested to set the PREG attribute to 1.
Related violations: <none>

DPOP-3#55 Warning
PREG Output pipelining  
DSP g_int4.u_precision_core/u_core/u_prod/u_core/u_core/u_minus_step/g_unified_lane.u_lane_group/g_lane[14].g_lane_n.u_lane/g_j_dsp.g_generic.u_j_mul/g_base_stage.product0 output g_int4.u_precision_core/u_core/u_prod/u_core/u_core/u_minus_step/g_unified_lane.u_lane_group/g_lane[14].g_lane_n.u_lane/g_j_dsp.g_generic.u_j_mul/g_base_stage.product0/P[47:0] is not pipelined (PREG=0). Pipelining the DSP48 output will improve performance and often saves power so it is suggested whenever possible to fully pipeline this function.  If this DSP48 function was inferred, it is suggested to describe an additional register stage after this function.  If the DSP48 was instantiated in the design, it is suggested to set the PREG attribute to 1.
Related violations: <none>

DPOP-3#56 Warning
PREG Output pipelining  
DSP g_int4.u_precision_core/u_core/u_prod/u_core/u_core/u_minus_step/g_unified_lane.u_lane_group/g_lane[14].g_lane_n.u_lane/g_tight_mul.u_mul1/u_mul/g_base_stage.product0 output g_int4.u_precision_core/u_core/u_prod/u_core/u_core/u_minus_step/g_unified_lane.u_lane_group/g_lane[14].g_lane_n.u_lane/g_tight_mul.u_mul1/u_mul/g_base_stage.product0/P[47:0] is not pipelined (PREG=0). Pipelining the DSP48 output will improve performance and often saves power so it is suggested whenever possible to fully pipeline this function.  If this DSP48 function was inferred, it is suggested to describe an additional register stage after this function.  If the DSP48 was instantiated in the design, it is suggested to set the PREG attribute to 1.
Related violations: <none>

DPOP-3#57 Warning
PREG Output pipelining  
DSP g_int4.u_precision_core/u_core/u_prod/u_core/u_core/u_minus_step/g_unified_lane.u_lane_group/g_lane[14].g_lane_n.u_lane/g_tight_mul.u_mul2/u_mul/g_base_stage.product0 output g_int4.u_precision_core/u_core/u_prod/u_core/u_core/u_minus_step/g_unified_lane.u_lane_group/g_lane[14].g_lane_n.u_lane/g_tight_mul.u_mul2/u_mul/g_base_stage.product0/P[47:0] is not pipelined (PREG=0). Pipelining the DSP48 output will improve performance and often saves power so it is suggested whenever possible to fully pipeline this function.  If this DSP48 function was inferred, it is suggested to describe an additional register stage after this function.  If the DSP48 was instantiated in the design, it is suggested to set the PREG attribute to 1.
Related violations: <none>

DPOP-3#58 Warning
PREG Output pipelining  
DSP g_int4.u_precision_core/u_core/u_prod/u_core/u_core/u_minus_step/g_unified_lane.u_lane_group/g_lane[14].g_lane_n.u_lane/g_tight_mul.u_mul3/u_mul/g_base_stage.product0 output g_int4.u_precision_core/u_core/u_prod/u_core/u_core/u_minus_step/g_unified_lane.u_lane_group/g_lane[14].g_lane_n.u_lane/g_tight_mul.u_mul3/u_mul/g_base_stage.product0/P[47:0] is not pipelined (PREG=0). Pipelining the DSP48 output will improve performance and often saves power so it is suggested whenever possible to fully pipeline this function.  If this DSP48 function was inferred, it is suggested to describe an additional register stage after this function.  If the DSP48 was instantiated in the design, it is suggested to set the PREG attribute to 1.
Related violations: <none>

DPOP-3#59 Warning
PREG Output pipelining  
DSP g_int4.u_precision_core/u_core/u_prod/u_core/u_core/u_minus_step/g_unified_lane.u_lane_group/g_lane[15].g_lane_n.u_lane/g_j_dsp.g_generic.u_j_mul/g_base_stage.product0 output g_int4.u_precision_core/u_core/u_prod/u_core/u_core/u_minus_step/g_unified_lane.u_lane_group/g_lane[15].g_lane_n.u_lane/g_j_dsp.g_generic.u_j_mul/g_base_stage.product0/P[47:0] is not pipelined (PREG=0). Pipelining the DSP48 output will improve performance and often saves power so it is suggested whenever possible to fully pipeline this function.  If this DSP48 function was inferred, it is suggested to describe an additional register stage after this function.  If the DSP48 was instantiated in the design, it is suggested to set the PREG attribute to 1.
Related violations: <none>

DPOP-3#60 Warning
PREG Output pipelining  
DSP g_int4.u_precision_core/u_core/u_prod/u_core/u_core/u_minus_step/g_unified_lane.u_lane_group/g_lane[15].g_lane_n.u_lane/g_tight_mul.u_mul1/u_mul/g_base_stage.product0 output g_int4.u_precision_core/u_core/u_prod/u_core/u_core/u_minus_step/g_unified_lane.u_lane_group/g_lane[15].g_lane_n.u_lane/g_tight_mul.u_mul1/u_mul/g_base_stage.product0/P[47:0] is not pipelined (PREG=0). Pipelining the DSP48 output will improve performance and often saves power so it is suggested whenever possible to fully pipeline this function.  If this DSP48 function was inferred, it is suggested to describe an additional register stage after this function.  If the DSP48 was instantiated in the design, it is suggested to set the PREG attribute to 1.
Related violations: <none>

DPOP-3#61 Warning
PREG Output pipelining  
DSP g_int4.u_precision_core/u_core/u_prod/u_core/u_core/u_minus_step/g_unified_lane.u_lane_group/g_lane[15].g_lane_n.u_lane/g_tight_mul.u_mul2/u_mul/g_base_stage.product0 output g_int4.u_precision_core/u_core/u_prod/u_core/u_core/u_minus_step/g_unified_lane.u_lane_group/g_lane[15].g_lane_n.u_lane/g_tight_mul.u_mul2/u_mul/g_base_stage.product0/P[47:0] is not pipelined (PREG=0). Pipelining the DSP48 output will improve performance and often saves power so it is suggested whenever possible to fully pipeline this function.  If this DSP48 function was inferred, it is suggested to describe an additional register stage after this function.  If the DSP48 was instantiated in the design, it is suggested to set the PREG attribute to 1.
Related violations: <none>

DPOP-3#62 Warning
PREG Output pipelining  
DSP g_int4.u_precision_core/u_core/u_prod/u_core/u_core/u_minus_step/g_unified_lane.u_lane_group/g_lane[15].g_lane_n.u_lane/g_tight_mul.u_mul3/u_mul/g_base_stage.product0 output g_int4.u_precision_core/u_core/u_prod/u_core/u_core/u_minus_step/g_unified_lane.u_lane_group/g_lane[15].g_lane_n.u_lane/g_tight_mul.u_mul3/u_mul/g_base_stage.product0/P[47:0] is not pipelined (PREG=0). Pipelining the DSP48 output will improve performance and often saves power so it is suggested whenever possible to fully pipeline this function.  If this DSP48 function was inferred, it is suggested to describe an additional register stage after this function.  If the DSP48 was instantiated in the design, it is suggested to set the PREG attribute to 1.
Related violations: <none>

DPOP-3#63 Warning
PREG Output pipelining  
DSP g_int4.u_precision_core/u_core/u_prod/u_core/u_core/u_minus_step/g_unified_lane.u_lane_group/g_lane[1].g_lane_n.u_lane/g_j_dsp.g_generic.u_j_mul/g_base_stage.product0 output g_int4.u_precision_core/u_core/u_prod/u_core/u_core/u_minus_step/g_unified_lane.u_lane_group/g_lane[1].g_lane_n.u_lane/g_j_dsp.g_generic.u_j_mul/g_base_stage.product0/P[47:0] is not pipelined (PREG=0). Pipelining the DSP48 output will improve performance and often saves power so it is suggested whenever possible to fully pipeline this function.  If this DSP48 function was inferred, it is suggested to describe an additional register stage after this function.  If the DSP48 was instantiated in the design, it is suggested to set the PREG attribute to 1.
Related violations: <none>

DPOP-3#64 Warning
PREG Output pipelining  
DSP g_int4.u_precision_core/u_core/u_prod/u_core/u_core/u_minus_step/g_unified_lane.u_lane_group/g_lane[1].g_lane_n.u_lane/g_tight_mul.u_mul1/u_mul/g_base_stage.product0 output g_int4.u_precision_core/u_core/u_prod/u_core/u_core/u_minus_step/g_unified_lane.u_lane_group/g_lane[1].g_lane_n.u_lane/g_tight_mul.u_mul1/u_mul/g_base_stage.product0/P[47:0] is not pipelined (PREG=0). Pipelining the DSP48 output will improve performance and often saves power so it is suggested whenever possible to fully pipeline this function.  If this DSP48 function was inferred, it is suggested to describe an additional register stage after this function.  If the DSP48 was instantiated in the design, it is suggested to set the PREG attribute to 1.
Related violations: <none>

DPOP-3#65 Warning
PREG Output pipelining  
DSP g_int4.u_precision_core/u_core/u_prod/u_core/u_core/u_minus_step/g_unified_lane.u_lane_group/g_lane[1].g_lane_n.u_lane/g_tight_mul.u_mul2/u_mul/g_base_stage.product0 output g_int4.u_precision_core/u_core/u_prod/u_core/u_core/u_minus_step/g_unified_lane.u_lane_group/g_lane[1].g_lane_n.u_lane/g_tight_mul.u_mul2/u_mul/g_base_stage.product0/P[47:0] is not pipelined (PREG=0). Pipelining the DSP48 output will improve performance and often saves power so it is suggested whenever possible to fully pipeline this function.  If this DSP48 function was inferred, it is suggested to describe an additional register stage after this function.  If the DSP48 was instantiated in the design, it is suggested to set the PREG attribute to 1.
Related violations: <none>

DPOP-3#66 Warning
PREG Output pipelining  
DSP g_int4.u_precision_core/u_core/u_prod/u_core/u_core/u_minus_step/g_unified_lane.u_lane_group/g_lane[1].g_lane_n.u_lane/g_tight_mul.u_mul3/u_mul/g_base_stage.product0 output g_int4.u_precision_core/u_core/u_prod/u_core/u_core/u_minus_step/g_unified_lane.u_lane_group/g_lane[1].g_lane_n.u_lane/g_tight_mul.u_mul3/u_mul/g_base_stage.product0/P[47:0] is not pipelined (PREG=0). Pipelining the DSP48 output will improve performance and often saves power so it is suggested whenever possible to fully pipeline this function.  If this DSP48 function was inferred, it is suggested to describe an additional register stage after this function.  If the DSP48 was instantiated in the design, it is suggested to set the PREG attribute to 1.
Related violations: <none>

DPOP-3#67 Warning
PREG Output pipelining  
DSP g_int4.u_precision_core/u_core/u_prod/u_core/u_core/u_minus_step/g_unified_lane.u_lane_group/g_lane[2].g_lane_n.u_lane/g_j_dsp.g_generic.u_j_mul/g_base_stage.product0 output g_int4.u_precision_core/u_core/u_prod/u_core/u_core/u_minus_step/g_unified_lane.u_lane_group/g_lane[2].g_lane_n.u_lane/g_j_dsp.g_generic.u_j_mul/g_base_stage.product0/P[47:0] is not pipelined (PREG=0). Pipelining the DSP48 output will improve performance and often saves power so it is suggested whenever possible to fully pipeline this function.  If this DSP48 function was inferred, it is suggested to describe an additional register stage after this function.  If the DSP48 was instantiated in the design, it is suggested to set the PREG attribute to 1.
Related violations: <none>

DPOP-3#68 Warning
PREG Output pipelining  
DSP g_int4.u_precision_core/u_core/u_prod/u_core/u_core/u_minus_step/g_unified_lane.u_lane_group/g_lane[2].g_lane_n.u_lane/g_tight_mul.u_mul1/u_mul/g_base_stage.product0 output g_int4.u_precision_core/u_core/u_prod/u_core/u_core/u_minus_step/g_unified_lane.u_lane_group/g_lane[2].g_lane_n.u_lane/g_tight_mul.u_mul1/u_mul/g_base_stage.product0/P[47:0] is not pipelined (PREG=0). Pipelining the DSP48 output will improve performance and often saves power so it is suggested whenever possible to fully pipeline this function.  If this DSP48 function was inferred, it is suggested to describe an additional register stage after this function.  If the DSP48 was instantiated in the design, it is suggested to set the PREG attribute to 1.
Related violations: <none>

DPOP-3#69 Warning
PREG Output pipelining  
DSP g_int4.u_precision_core/u_core/u_prod/u_core/u_core/u_minus_step/g_unified_lane.u_lane_group/g_lane[2].g_lane_n.u_lane/g_tight_mul.u_mul2/u_mul/g_base_stage.product0 output g_int4.u_precision_core/u_core/u_prod/u_core/u_core/u_minus_step/g_unified_lane.u_lane_group/g_lane[2].g_lane_n.u_lane/g_tight_mul.u_mul2/u_mul/g_base_stage.product0/P[47:0] is not pipelined (PREG=0). Pipelining the DSP48 output will improve performance and often saves power so it is suggested whenever possible to fully pipeline this function.  If this DSP48 function was inferred, it is suggested to describe an additional register stage after this function.  If the DSP48 was instantiated in the design, it is suggested to set the PREG attribute to 1.
Related violations: <none>

DPOP-3#70 Warning
PREG Output pipelining  
DSP g_int4.u_precision_core/u_core/u_prod/u_core/u_core/u_minus_step/g_unified_lane.u_lane_group/g_lane[2].g_lane_n.u_lane/g_tight_mul.u_mul3/u_mul/g_base_stage.product0 output g_int4.u_precision_core/u_core/u_prod/u_core/u_core/u_minus_step/g_unified_lane.u_lane_group/g_lane[2].g_lane_n.u_lane/g_tight_mul.u_mul3/u_mul/g_base_stage.product0/P[47:0] is not pipelined (PREG=0). Pipelining the DSP48 output will improve performance and often saves power so it is suggested whenever possible to fully pipeline this function.  If this DSP48 function was inferred, it is suggested to describe an additional register stage after this function.  If the DSP48 was instantiated in the design, it is suggested to set the PREG attribute to 1.
Related violations: <none>

DPOP-3#71 Warning
PREG Output pipelining  
DSP g_int4.u_precision_core/u_core/u_prod/u_core/u_core/u_minus_step/g_unified_lane.u_lane_group/g_lane[3].g_lane_n.u_lane/g_j_dsp.g_generic.u_j_mul/g_base_stage.product0 output g_int4.u_precision_core/u_core/u_prod/u_core/u_core/u_minus_step/g_unified_lane.u_lane_group/g_lane[3].g_lane_n.u_lane/g_j_dsp.g_generic.u_j_mul/g_base_stage.product0/P[47:0] is not pipelined (PREG=0). Pipelining the DSP48 output will improve performance and often saves power so it is suggested whenever possible to fully pipeline this function.  If this DSP48 function was inferred, it is suggested to describe an additional register stage after this function.  If the DSP48 was instantiated in the design, it is suggested to set the PREG attribute to 1.
Related violations: <none>

DPOP-3#72 Warning
PREG Output pipelining  
DSP g_int4.u_precision_core/u_core/u_prod/u_core/u_core/u_minus_step/g_unified_lane.u_lane_group/g_lane[3].g_lane_n.u_lane/g_tight_mul.u_mul1/u_mul/g_base_stage.product0 output g_int4.u_precision_core/u_core/u_prod/u_core/u_core/u_minus_step/g_unified_lane.u_lane_group/g_lane[3].g_lane_n.u_lane/g_tight_mul.u_mul1/u_mul/g_base_stage.product0/P[47:0] is not pipelined (PREG=0). Pipelining the DSP48 output will improve performance and often saves power so it is suggested whenever possible to fully pipeline this function.  If this DSP48 function was inferred, it is suggested to describe an additional register stage after this function.  If the DSP48 was instantiated in the design, it is suggested to set the PREG attribute to 1.
Related violations: <none>

DPOP-3#73 Warning
PREG Output pipelining  
DSP g_int4.u_precision_core/u_core/u_prod/u_core/u_core/u_minus_step/g_unified_lane.u_lane_group/g_lane[3].g_lane_n.u_lane/g_tight_mul.u_mul2/u_mul/g_base_stage.product0 output g_int4.u_precision_core/u_core/u_prod/u_core/u_core/u_minus_step/g_unified_lane.u_lane_group/g_lane[3].g_lane_n.u_lane/g_tight_mul.u_mul2/u_mul/g_base_stage.product0/P[47:0] is not pipelined (PREG=0). Pipelining the DSP48 output will improve performance and often saves power so it is suggested whenever possible to fully pipeline this function.  If this DSP48 function was inferred, it is suggested to describe an additional register stage after this function.  If the DSP48 was instantiated in the design, it is suggested to set the PREG attribute to 1.
Related violations: <none>

DPOP-3#74 Warning
PREG Output pipelining  
DSP g_int4.u_precision_core/u_core/u_prod/u_core/u_core/u_minus_step/g_unified_lane.u_lane_group/g_lane[3].g_lane_n.u_lane/g_tight_mul.u_mul3/u_mul/g_base_stage.product0 output g_int4.u_precision_core/u_core/u_prod/u_core/u_core/u_minus_step/g_unified_lane.u_lane_group/g_lane[3].g_lane_n.u_lane/g_tight_mul.u_mul3/u_mul/g_base_stage.product0/P[47:0] is not pipelined (PREG=0). Pipelining the DSP48 output will improve performance and often saves power so it is suggested whenever possible to fully pipeline this function.  If this DSP48 function was inferred, it is suggested to describe an additional register stage after this function.  If the DSP48 was instantiated in the design, it is suggested to set the PREG attribute to 1.
Related violations: <none>

DPOP-3#75 Warning
PREG Output pipelining  
DSP g_int4.u_precision_core/u_core/u_prod/u_core/u_core/u_minus_step/g_unified_lane.u_lane_group/g_lane[4].g_lane_n.u_lane/g_j_dsp.g_generic.u_j_mul/g_base_stage.product0 output g_int4.u_precision_core/u_core/u_prod/u_core/u_core/u_minus_step/g_unified_lane.u_lane_group/g_lane[4].g_lane_n.u_lane/g_j_dsp.g_generic.u_j_mul/g_base_stage.product0/P[47:0] is not pipelined (PREG=0). Pipelining the DSP48 output will improve performance and often saves power so it is suggested whenever possible to fully pipeline this function.  If this DSP48 function was inferred, it is suggested to describe an additional register stage after this function.  If the DSP48 was instantiated in the design, it is suggested to set the PREG attribute to 1.
Related violations: <none>

DPOP-3#76 Warning
PREG Output pipelining  
DSP g_int4.u_precision_core/u_core/u_prod/u_core/u_core/u_minus_step/g_unified_lane.u_lane_group/g_lane[4].g_lane_n.u_lane/g_tight_mul.u_mul1/u_mul/g_base_stage.product0 output g_int4.u_precision_core/u_core/u_prod/u_core/u_core/u_minus_step/g_unified_lane.u_lane_group/g_lane[4].g_lane_n.u_lane/g_tight_mul.u_mul1/u_mul/g_base_stage.product0/P[47:0] is not pipelined (PREG=0). Pipelining the DSP48 output will improve performance and often saves power so it is suggested whenever possible to fully pipeline this function.  If this DSP48 function was inferred, it is suggested to describe an additional register stage after this function.  If the DSP48 was instantiated in the design, it is suggested to set the PREG attribute to 1.
Related violations: <none>

DPOP-3#77 Warning
PREG Output pipelining  
DSP g_int4.u_precision_core/u_core/u_prod/u_core/u_core/u_minus_step/g_unified_lane.u_lane_group/g_lane[4].g_lane_n.u_lane/g_tight_mul.u_mul2/u_mul/g_base_stage.product0 output g_int4.u_precision_core/u_core/u_prod/u_core/u_core/u_minus_step/g_unified_lane.u_lane_group/g_lane[4].g_lane_n.u_lane/g_tight_mul.u_mul2/u_mul/g_base_stage.product0/P[47:0] is not pipelined (PREG=0). Pipelining the DSP48 output will improve performance and often saves power so it is suggested whenever possible to fully pipeline this function.  If this DSP48 function was inferred, it is suggested to describe an additional register stage after this function.  If the DSP48 was instantiated in the design, it is suggested to set the PREG attribute to 1.
Related violations: <none>

DPOP-3#78 Warning
PREG Output pipelining  
DSP g_int4.u_precision_core/u_core/u_prod/u_core/u_core/u_minus_step/g_unified_lane.u_lane_group/g_lane[4].g_lane_n.u_lane/g_tight_mul.u_mul3/u_mul/g_base_stage.product0 output g_int4.u_precision_core/u_core/u_prod/u_core/u_core/u_minus_step/g_unified_lane.u_lane_group/g_lane[4].g_lane_n.u_lane/g_tight_mul.u_mul3/u_mul/g_base_stage.product0/P[47:0] is not pipelined (PREG=0). Pipelining the DSP48 output will improve performance and often saves power so it is suggested whenever possible to fully pipeline this function.  If this DSP48 function was inferred, it is suggested to describe an additional register stage after this function.  If the DSP48 was instantiated in the design, it is suggested to set the PREG attribute to 1.
Related violations: <none>

DPOP-3#79 Warning
PREG Output pipelining  
DSP g_int4.u_precision_core/u_core/u_prod/u_core/u_core/u_minus_step/g_unified_lane.u_lane_group/g_lane[5].g_lane_n.u_lane/g_j_dsp.g_generic.u_j_mul/g_base_stage.product0 output g_int4.u_precision_core/u_core/u_prod/u_core/u_core/u_minus_step/g_unified_lane.u_lane_group/g_lane[5].g_lane_n.u_lane/g_j_dsp.g_generic.u_j_mul/g_base_stage.product0/P[47:0] is not pipelined (PREG=0). Pipelining the DSP48 output will improve performance and often saves power so it is suggested whenever possible to fully pipeline this function.  If this DSP48 function was inferred, it is suggested to describe an additional register stage after this function.  If the DSP48 was instantiated in the design, it is suggested to set the PREG attribute to 1.
Related violations: <none>

DPOP-3#80 Warning
PREG Output pipelining  
DSP g_int4.u_precision_core/u_core/u_prod/u_core/u_core/u_minus_step/g_unified_lane.u_lane_group/g_lane[5].g_lane_n.u_lane/g_tight_mul.u_mul1/u_mul/g_base_stage.product0 output g_int4.u_precision_core/u_core/u_prod/u_core/u_core/u_minus_step/g_unified_lane.u_lane_group/g_lane[5].g_lane_n.u_lane/g_tight_mul.u_mul1/u_mul/g_base_stage.product0/P[47:0] is not pipelined (PREG=0). Pipelining the DSP48 output will improve performance and often saves power so it is suggested whenever possible to fully pipeline this function.  If this DSP48 function was inferred, it is suggested to describe an additional register stage after this function.  If the DSP48 was instantiated in the design, it is suggested to set the PREG attribute to 1.
Related violations: <none>

DPOP-3#81 Warning
PREG Output pipelining  
DSP g_int4.u_precision_core/u_core/u_prod/u_core/u_core/u_minus_step/g_unified_lane.u_lane_group/g_lane[5].g_lane_n.u_lane/g_tight_mul.u_mul2/u_mul/g_base_stage.product0 output g_int4.u_precision_core/u_core/u_prod/u_core/u_core/u_minus_step/g_unified_lane.u_lane_group/g_lane[5].g_lane_n.u_lane/g_tight_mul.u_mul2/u_mul/g_base_stage.product0/P[47:0] is not pipelined (PREG=0). Pipelining the DSP48 output will improve performance and often saves power so it is suggested whenever possible to fully pipeline this function.  If this DSP48 function was inferred, it is suggested to describe an additional register stage after this function.  If the DSP48 was instantiated in the design, it is suggested to set the PREG attribute to 1.
Related violations: <none>

DPOP-3#82 Warning
PREG Output pipelining  
DSP g_int4.u_precision_core/u_core/u_prod/u_core/u_core/u_minus_step/g_unified_lane.u_lane_group/g_lane[5].g_lane_n.u_lane/g_tight_mul.u_mul3/u_mul/g_base_stage.product0 output g_int4.u_precision_core/u_core/u_prod/u_core/u_core/u_minus_step/g_unified_lane.u_lane_group/g_lane[5].g_lane_n.u_lane/g_tight_mul.u_mul3/u_mul/g_base_stage.product0/P[47:0] is not pipelined (PREG=0). Pipelining the DSP48 output will improve performance and often saves power so it is suggested whenever possible to fully pipeline this function.  If this DSP48 function was inferred, it is suggested to describe an additional register stage after this function.  If the DSP48 was instantiated in the design, it is suggested to set the PREG attribute to 1.
Related violations: <none>

DPOP-3#83 Warning
PREG Output pipelining  
DSP g_int4.u_precision_core/u_core/u_prod/u_core/u_core/u_minus_step/g_unified_lane.u_lane_group/g_lane[6].g_lane_n.u_lane/g_j_dsp.g_generic.u_j_mul/g_base_stage.product0 output g_int4.u_precision_core/u_core/u_prod/u_core/u_core/u_minus_step/g_unified_lane.u_lane_group/g_lane[6].g_lane_n.u_lane/g_j_dsp.g_generic.u_j_mul/g_base_stage.product0/P[47:0] is not pipelined (PREG=0). Pipelining the DSP48 output will improve performance and often saves power so it is suggested whenever possible to fully pipeline this function.  If this DSP48 function was inferred, it is suggested to describe an additional register stage after this function.  If the DSP48 was instantiated in the design, it is suggested to set the PREG attribute to 1.
Related violations: <none>

DPOP-3#84 Warning
PREG Output pipelining  
DSP g_int4.u_precision_core/u_core/u_prod/u_core/u_core/u_minus_step/g_unified_lane.u_lane_group/g_lane[6].g_lane_n.u_lane/g_tight_mul.u_mul1/u_mul/g_base_stage.product0 output g_int4.u_precision_core/u_core/u_prod/u_core/u_core/u_minus_step/g_unified_lane.u_lane_group/g_lane[6].g_lane_n.u_lane/g_tight_mul.u_mul1/u_mul/g_base_stage.product0/P[47:0] is not pipelined (PREG=0). Pipelining the DSP48 output will improve performance and often saves power so it is suggested whenever possible to fully pipeline this function.  If this DSP48 function was inferred, it is suggested to describe an additional register stage after this function.  If the DSP48 was instantiated in the design, it is suggested to set the PREG attribute to 1.
Related violations: <none>

DPOP-3#85 Warning
PREG Output pipelining  
DSP g_int4.u_precision_core/u_core/u_prod/u_core/u_core/u_minus_step/g_unified_lane.u_lane_group/g_lane[6].g_lane_n.u_lane/g_tight_mul.u_mul2/u_mul/g_base_stage.product0 output g_int4.u_precision_core/u_core/u_prod/u_core/u_core/u_minus_step/g_unified_lane.u_lane_group/g_lane[6].g_lane_n.u_lane/g_tight_mul.u_mul2/u_mul/g_base_stage.product0/P[47:0] is not pipelined (PREG=0). Pipelining the DSP48 output will improve performance and often saves power so it is suggested whenever possible to fully pipeline this function.  If this DSP48 function was inferred, it is suggested to describe an additional register stage after this function.  If the DSP48 was instantiated in the design, it is suggested to set the PREG attribute to 1.
Related violations: <none>

DPOP-3#86 Warning
PREG Output pipelining  
DSP g_int4.u_precision_core/u_core/u_prod/u_core/u_core/u_minus_step/g_unified_lane.u_lane_group/g_lane[6].g_lane_n.u_lane/g_tight_mul.u_mul3/u_mul/g_base_stage.product0 output g_int4.u_precision_core/u_core/u_prod/u_core/u_core/u_minus_step/g_unified_lane.u_lane_group/g_lane[6].g_lane_n.u_lane/g_tight_mul.u_mul3/u_mul/g_base_stage.product0/P[47:0] is not pipelined (PREG=0). Pipelining the DSP48 output will improve performance and often saves power so it is suggested whenever possible to fully pipeline this function.  If this DSP48 function was inferred, it is suggested to describe an additional register stage after this function.  If the DSP48 was instantiated in the design, it is suggested to set the PREG attribute to 1.
Related violations: <none>

DPOP-3#87 Warning
PREG Output pipelining  
DSP g_int4.u_precision_core/u_core/u_prod/u_core/u_core/u_minus_step/g_unified_lane.u_lane_group/g_lane[7].g_lane_n.u_lane/g_j_dsp.g_generic.u_j_mul/g_base_stage.product0 output g_int4.u_precision_core/u_core/u_prod/u_core/u_core/u_minus_step/g_unified_lane.u_lane_group/g_lane[7].g_lane_n.u_lane/g_j_dsp.g_generic.u_j_mul/g_base_stage.product0/P[47:0] is not pipelined (PREG=0). Pipelining the DSP48 output will improve performance and often saves power so it is suggested whenever possible to fully pipeline this function.  If this DSP48 function was inferred, it is suggested to describe an additional register stage after this function.  If the DSP48 was instantiated in the design, it is suggested to set the PREG attribute to 1.
Related violations: <none>

DPOP-3#88 Warning
PREG Output pipelining  
DSP g_int4.u_precision_core/u_core/u_prod/u_core/u_core/u_minus_step/g_unified_lane.u_lane_group/g_lane[7].g_lane_n.u_lane/g_tight_mul.u_mul1/u_mul/g_base_stage.product0 output g_int4.u_precision_core/u_core/u_prod/u_core/u_core/u_minus_step/g_unified_lane.u_lane_group/g_lane[7].g_lane_n.u_lane/g_tight_mul.u_mul1/u_mul/g_base_stage.product0/P[47:0] is not pipelined (PREG=0). Pipelining the DSP48 output will improve performance and often saves power so it is suggested whenever possible to fully pipeline this function.  If this DSP48 function was inferred, it is suggested to describe an additional register stage after this function.  If the DSP48 was instantiated in the design, it is suggested to set the PREG attribute to 1.
Related violations: <none>

DPOP-3#89 Warning
PREG Output pipelining  
DSP g_int4.u_precision_core/u_core/u_prod/u_core/u_core/u_minus_step/g_unified_lane.u_lane_group/g_lane[7].g_lane_n.u_lane/g_tight_mul.u_mul2/u_mul/g_base_stage.product0 output g_int4.u_precision_core/u_core/u_prod/u_core/u_core/u_minus_step/g_unified_lane.u_lane_group/g_lane[7].g_lane_n.u_lane/g_tight_mul.u_mul2/u_mul/g_base_stage.product0/P[47:0] is not pipelined (PREG=0). Pipelining the DSP48 output will improve performance and often saves power so it is suggested whenever possible to fully pipeline this function.  If this DSP48 function was inferred, it is suggested to describe an additional register stage after this function.  If the DSP48 was instantiated in the design, it is suggested to set the PREG attribute to 1.
Related violations: <none>

DPOP-3#90 Warning
PREG Output pipelining  
DSP g_int4.u_precision_core/u_core/u_prod/u_core/u_core/u_minus_step/g_unified_lane.u_lane_group/g_lane[7].g_lane_n.u_lane/g_tight_mul.u_mul3/u_mul/g_base_stage.product0 output g_int4.u_precision_core/u_core/u_prod/u_core/u_core/u_minus_step/g_unified_lane.u_lane_group/g_lane[7].g_lane_n.u_lane/g_tight_mul.u_mul3/u_mul/g_base_stage.product0/P[47:0] is not pipelined (PREG=0). Pipelining the DSP48 output will improve performance and often saves power so it is suggested whenever possible to fully pipeline this function.  If this DSP48 function was inferred, it is suggested to describe an additional register stage after this function.  If the DSP48 was instantiated in the design, it is suggested to set the PREG attribute to 1.
Related violations: <none>

DPOP-3#91 Warning
PREG Output pipelining  
DSP g_int4.u_precision_core/u_core/u_prod/u_core/u_core/u_minus_step/g_unified_lane.u_lane_group/g_lane[8].g_lane_n.u_lane/g_j_dsp.g_generic.u_j_mul/g_base_stage.product0 output g_int4.u_precision_core/u_core/u_prod/u_core/u_core/u_minus_step/g_unified_lane.u_lane_group/g_lane[8].g_lane_n.u_lane/g_j_dsp.g_generic.u_j_mul/g_base_stage.product0/P[47:0] is not pipelined (PREG=0). Pipelining the DSP48 output will improve performance and often saves power so it is suggested whenever possible to fully pipeline this function.  If this DSP48 function was inferred, it is suggested to describe an additional register stage after this function.  If the DSP48 was instantiated in the design, it is suggested to set the PREG attribute to 1.
Related violations: <none>

DPOP-3#92 Warning
PREG Output pipelining  
DSP g_int4.u_precision_core/u_core/u_prod/u_core/u_core/u_minus_step/g_unified_lane.u_lane_group/g_lane[8].g_lane_n.u_lane/g_tight_mul.u_mul1/u_mul/g_base_stage.product0 output g_int4.u_precision_core/u_core/u_prod/u_core/u_core/u_minus_step/g_unified_lane.u_lane_group/g_lane[8].g_lane_n.u_lane/g_tight_mul.u_mul1/u_mul/g_base_stage.product0/P[47:0] is not pipelined (PREG=0). Pipelining the DSP48 output will improve performance and often saves power so it is suggested whenever possible to fully pipeline this function.  If this DSP48 function was inferred, it is suggested to describe an additional register stage after this function.  If the DSP48 was instantiated in the design, it is suggested to set the PREG attribute to 1.
Related violations: <none>

DPOP-3#93 Warning
PREG Output pipelining  
DSP g_int4.u_precision_core/u_core/u_prod/u_core/u_core/u_minus_step/g_unified_lane.u_lane_group/g_lane[8].g_lane_n.u_lane/g_tight_mul.u_mul2/u_mul/g_base_stage.product0 output g_int4.u_precision_core/u_core/u_prod/u_core/u_core/u_minus_step/g_unified_lane.u_lane_group/g_lane[8].g_lane_n.u_lane/g_tight_mul.u_mul2/u_mul/g_base_stage.product0/P[47:0] is not pipelined (PREG=0). Pipelining the DSP48 output will improve performance and often saves power so it is suggested whenever possible to fully pipeline this function.  If this DSP48 function was inferred, it is suggested to describe an additional register stage after this function.  If the DSP48 was instantiated in the design, it is suggested to set the PREG attribute to 1.
Related violations: <none>

DPOP-3#94 Warning
PREG Output pipelining  
DSP g_int4.u_precision_core/u_core/u_prod/u_core/u_core/u_minus_step/g_unified_lane.u_lane_group/g_lane[8].g_lane_n.u_lane/g_tight_mul.u_mul3/u_mul/g_base_stage.product0 output g_int4.u_precision_core/u_core/u_prod/u_core/u_core/u_minus_step/g_unified_lane.u_lane_group/g_lane[8].g_lane_n.u_lane/g_tight_mul.u_mul3/u_mul/g_base_stage.product0/P[47:0] is not pipelined (PREG=0). Pipelining the DSP48 output will improve performance and often saves power so it is suggested whenever possible to fully pipeline this function.  If this DSP48 function was inferred, it is suggested to describe an additional register stage after this function.  If the DSP48 was instantiated in the design, it is suggested to set the PREG attribute to 1.
Related violations: <none>

DPOP-3#95 Warning
PREG Output pipelining  
DSP g_int4.u_precision_core/u_core/u_prod/u_core/u_core/u_minus_step/g_unified_lane.u_lane_group/g_lane[9].g_lane_n.u_lane/g_j_dsp.g_generic.u_j_mul/g_base_stage.product0 output g_int4.u_precision_core/u_core/u_prod/u_core/u_core/u_minus_step/g_unified_lane.u_lane_group/g_lane[9].g_lane_n.u_lane/g_j_dsp.g_generic.u_j_mul/g_base_stage.product0/P[47:0] is not pipelined (PREG=0). Pipelining the DSP48 output will improve performance and often saves power so it is suggested whenever possible to fully pipeline this function.  If this DSP48 function was inferred, it is suggested to describe an additional register stage after this function.  If the DSP48 was instantiated in the design, it is suggested to set the PREG attribute to 1.
Related violations: <none>

DPOP-3#96 Warning
PREG Output pipelining  
DSP g_int4.u_precision_core/u_core/u_prod/u_core/u_core/u_minus_step/g_unified_lane.u_lane_group/g_lane[9].g_lane_n.u_lane/g_tight_mul.u_mul1/u_mul/g_base_stage.product0 output g_int4.u_precision_core/u_core/u_prod/u_core/u_core/u_minus_step/g_unified_lane.u_lane_group/g_lane[9].g_lane_n.u_lane/g_tight_mul.u_mul1/u_mul/g_base_stage.product0/P[47:0] is not pipelined (PREG=0). Pipelining the DSP48 output will improve performance and often saves power so it is suggested whenever possible to fully pipeline this function.  If this DSP48 function was inferred, it is suggested to describe an additional register stage after this function.  If the DSP48 was instantiated in the design, it is suggested to set the PREG attribute to 1.
Related violations: <none>

DPOP-3#97 Warning
PREG Output pipelining  
DSP g_int4.u_precision_core/u_core/u_prod/u_core/u_core/u_minus_step/g_unified_lane.u_lane_group/g_lane[9].g_lane_n.u_lane/g_tight_mul.u_mul2/u_mul/g_base_stage.product0 output g_int4.u_precision_core/u_core/u_prod/u_core/u_core/u_minus_step/g_unified_lane.u_lane_group/g_lane[9].g_lane_n.u_lane/g_tight_mul.u_mul2/u_mul/g_base_stage.product0/P[47:0] is not pipelined (PREG=0). Pipelining the DSP48 output will improve performance and often saves power so it is suggested whenever possible to fully pipeline this function.  If this DSP48 function was inferred, it is suggested to describe an additional register stage after this function.  If the DSP48 was instantiated in the design, it is suggested to set the PREG attribute to 1.
Related violations: <none>

DPOP-3#98 Warning
PREG Output pipelining  
DSP g_int4.u_precision_core/u_core/u_prod/u_core/u_core/u_minus_step/g_unified_lane.u_lane_group/g_lane[9].g_lane_n.u_lane/g_tight_mul.u_mul3/u_mul/g_base_stage.product0 output g_int4.u_precision_core/u_core/u_prod/u_core/u_core/u_minus_step/g_unified_lane.u_lane_group/g_lane[9].g_lane_n.u_lane/g_tight_mul.u_mul3/u_mul/g_base_stage.product0/P[47:0] is not pipelined (PREG=0). Pipelining the DSP48 output will improve performance and often saves power so it is suggested whenever possible to fully pipeline this function.  If this DSP48 function was inferred, it is suggested to describe an additional register stage after this function.  If the DSP48 was instantiated in the design, it is suggested to set the PREG attribute to 1.
Related violations: <none>

DPOP-3#99 Warning
PREG Output pipelining  
DSP g_int4.u_precision_core/u_core/u_prod/u_core/u_core/u_plus_step/g_unified_lane.u_lane_group/g_lane[0].g_lane0.u_lane/g_j_dsp.g_generic.u_j_mul/g_base_stage.product0 output g_int4.u_precision_core/u_core/u_prod/u_core/u_core/u_plus_step/g_unified_lane.u_lane_group/g_lane[0].g_lane0.u_lane/g_j_dsp.g_generic.u_j_mul/g_base_stage.product0/P[47:0] is not pipelined (PREG=0). Pipelining the DSP48 output will improve performance and often saves power so it is suggested whenever possible to fully pipeline this function.  If this DSP48 function was inferred, it is suggested to describe an additional register stage after this function.  If the DSP48 was instantiated in the design, it is suggested to set the PREG attribute to 1.
Related violations: <none>

DPOP-3#100 Warning
PREG Output pipelining  
DSP g_int4.u_precision_core/u_core/u_prod/u_core/u_core/u_plus_step/g_unified_lane.u_lane_group/g_lane[0].g_lane0.u_lane/g_tight_mul.u_mul1/u_mul/g_base_stage.product0 output g_int4.u_precision_core/u_core/u_prod/u_core/u_core/u_plus_step/g_unified_lane.u_lane_group/g_lane[0].g_lane0.u_lane/g_tight_mul.u_mul1/u_mul/g_base_stage.product0/P[47:0] is not pipelined (PREG=0). Pipelining the DSP48 output will improve performance and often saves power so it is suggested whenever possible to fully pipeline this function.  If this DSP48 function was inferred, it is suggested to describe an additional register stage after this function.  If the DSP48 was instantiated in the design, it is suggested to set the PREG attribute to 1.
Related violations: <none>

DPOP-3#101 Warning
PREG Output pipelining  
DSP g_int4.u_precision_core/u_core/u_prod/u_core/u_core/u_plus_step/g_unified_lane.u_lane_group/g_lane[0].g_lane0.u_lane/g_tight_mul.u_mul2/u_mul/g_base_stage.product0 output g_int4.u_precision_core/u_core/u_prod/u_core/u_core/u_plus_step/g_unified_lane.u_lane_group/g_lane[0].g_lane0.u_lane/g_tight_mul.u_mul2/u_mul/g_base_stage.product0/P[47:0] is not pipelined (PREG=0). Pipelining the DSP48 output will improve performance and often saves power so it is suggested whenever possible to fully pipeline this function.  If this DSP48 function was inferred, it is suggested to describe an additional register stage after this function.  If the DSP48 was instantiated in the design, it is suggested to set the PREG attribute to 1.
Related violations: <none>

DPOP-3#102 Warning
PREG Output pipelining  
DSP g_int4.u_precision_core/u_core/u_prod/u_core/u_core/u_plus_step/g_unified_lane.u_lane_group/g_lane[0].g_lane0.u_lane/g_tight_mul.u_mul3/u_mul/g_base_stage.product0 output g_int4.u_precision_core/u_core/u_prod/u_core/u_core/u_plus_step/g_unified_lane.u_lane_group/g_lane[0].g_lane0.u_lane/g_tight_mul.u_mul3/u_mul/g_base_stage.product0/P[47:0] is not pipelined (PREG=0). Pipelining the DSP48 output will improve performance and often saves power so it is suggested whenever possible to fully pipeline this function.  If this DSP48 function was inferred, it is suggested to describe an additional register stage after this function.  If the DSP48 was instantiated in the design, it is suggested to set the PREG attribute to 1.
Related violations: <none>

DPOP-3#103 Warning
PREG Output pipelining  
DSP g_int4.u_precision_core/u_core/u_prod/u_core/u_core/u_plus_step/g_unified_lane.u_lane_group/g_lane[10].g_lane_n.u_lane/g_j_dsp.g_generic.u_j_mul/g_base_stage.product0 output g_int4.u_precision_core/u_core/u_prod/u_core/u_core/u_plus_step/g_unified_lane.u_lane_group/g_lane[10].g_lane_n.u_lane/g_j_dsp.g_generic.u_j_mul/g_base_stage.product0/P[47:0] is not pipelined (PREG=0). Pipelining the DSP48 output will improve performance and often saves power so it is suggested whenever possible to fully pipeline this function.  If this DSP48 function was inferred, it is suggested to describe an additional register stage after this function.  If the DSP48 was instantiated in the design, it is suggested to set the PREG attribute to 1.
Related violations: <none>

DPOP-3#104 Warning
PREG Output pipelining  
DSP g_int4.u_precision_core/u_core/u_prod/u_core/u_core/u_plus_step/g_unified_lane.u_lane_group/g_lane[10].g_lane_n.u_lane/g_tight_mul.u_mul1/u_mul/g_base_stage.product0 output g_int4.u_precision_core/u_core/u_prod/u_core/u_core/u_plus_step/g_unified_lane.u_lane_group/g_lane[10].g_lane_n.u_lane/g_tight_mul.u_mul1/u_mul/g_base_stage.product0/P[47:0] is not pipelined (PREG=0). Pipelining the DSP48 output will improve performance and often saves power so it is suggested whenever possible to fully pipeline this function.  If this DSP48 function was inferred, it is suggested to describe an additional register stage after this function.  If the DSP48 was instantiated in the design, it is suggested to set the PREG attribute to 1.
Related violations: <none>

DPOP-3#105 Warning
PREG Output pipelining  
DSP g_int4.u_precision_core/u_core/u_prod/u_core/u_core/u_plus_step/g_unified_lane.u_lane_group/g_lane[10].g_lane_n.u_lane/g_tight_mul.u_mul2/u_mul/g_base_stage.product0 output g_int4.u_precision_core/u_core/u_prod/u_core/u_core/u_plus_step/g_unified_lane.u_lane_group/g_lane[10].g_lane_n.u_lane/g_tight_mul.u_mul2/u_mul/g_base_stage.product0/P[47:0] is not pipelined (PREG=0). Pipelining the DSP48 output will improve performance and often saves power so it is suggested whenever possible to fully pipeline this function.  If this DSP48 function was inferred, it is suggested to describe an additional register stage after this function.  If the DSP48 was instantiated in the design, it is suggested to set the PREG attribute to 1.
Related violations: <none>

DPOP-3#106 Warning
PREG Output pipelining  
DSP g_int4.u_precision_core/u_core/u_prod/u_core/u_core/u_plus_step/g_unified_lane.u_lane_group/g_lane[10].g_lane_n.u_lane/g_tight_mul.u_mul3/u_mul/g_base_stage.product0 output g_int4.u_precision_core/u_core/u_prod/u_core/u_core/u_plus_step/g_unified_lane.u_lane_group/g_lane[10].g_lane_n.u_lane/g_tight_mul.u_mul3/u_mul/g_base_stage.product0/P[47:0] is not pipelined (PREG=0). Pipelining the DSP48 output will improve performance and often saves power so it is suggested whenever possible to fully pipeline this function.  If this DSP48 function was inferred, it is suggested to describe an additional register stage after this function.  If the DSP48 was instantiated in the design, it is suggested to set the PREG attribute to 1.
Related violations: <none>

DPOP-3#107 Warning
PREG Output pipelining  
DSP g_int4.u_precision_core/u_core/u_prod/u_core/u_core/u_plus_step/g_unified_lane.u_lane_group/g_lane[11].g_lane_n.u_lane/g_j_dsp.g_generic.u_j_mul/g_base_stage.product0 output g_int4.u_precision_core/u_core/u_prod/u_core/u_core/u_plus_step/g_unified_lane.u_lane_group/g_lane[11].g_lane_n.u_lane/g_j_dsp.g_generic.u_j_mul/g_base_stage.product0/P[47:0] is not pipelined (PREG=0). Pipelining the DSP48 output will improve performance and often saves power so it is suggested whenever possible to fully pipeline this function.  If this DSP48 function was inferred, it is suggested to describe an additional register stage after this function.  If the DSP48 was instantiated in the design, it is suggested to set the PREG attribute to 1.
Related violations: <none>

DPOP-3#108 Warning
PREG Output pipelining  
DSP g_int4.u_precision_core/u_core/u_prod/u_core/u_core/u_plus_step/g_unified_lane.u_lane_group/g_lane[11].g_lane_n.u_lane/g_tight_mul.u_mul1/u_mul/g_base_stage.product0 output g_int4.u_precision_core/u_core/u_prod/u_core/u_core/u_plus_step/g_unified_lane.u_lane_group/g_lane[11].g_lane_n.u_lane/g_tight_mul.u_mul1/u_mul/g_base_stage.product0/P[47:0] is not pipelined (PREG=0). Pipelining the DSP48 output will improve performance and often saves power so it is suggested whenever possible to fully pipeline this function.  If this DSP48 function was inferred, it is suggested to describe an additional register stage after this function.  If the DSP48 was instantiated in the design, it is suggested to set the PREG attribute to 1.
Related violations: <none>

DPOP-3#109 Warning
PREG Output pipelining  
DSP g_int4.u_precision_core/u_core/u_prod/u_core/u_core/u_plus_step/g_unified_lane.u_lane_group/g_lane[11].g_lane_n.u_lane/g_tight_mul.u_mul2/u_mul/g_base_stage.product0 output g_int4.u_precision_core/u_core/u_prod/u_core/u_core/u_plus_step/g_unified_lane.u_lane_group/g_lane[11].g_lane_n.u_lane/g_tight_mul.u_mul2/u_mul/g_base_stage.product0/P[47:0] is not pipelined (PREG=0). Pipelining the DSP48 output will improve performance and often saves power so it is suggested whenever possible to fully pipeline this function.  If this DSP48 function was inferred, it is suggested to describe an additional register stage after this function.  If the DSP48 was instantiated in the design, it is suggested to set the PREG attribute to 1.
Related violations: <none>

DPOP-3#110 Warning
PREG Output pipelining  
DSP g_int4.u_precision_core/u_core/u_prod/u_core/u_core/u_plus_step/g_unified_lane.u_lane_group/g_lane[11].g_lane_n.u_lane/g_tight_mul.u_mul3/u_mul/g_base_stage.product0 output g_int4.u_precision_core/u_core/u_prod/u_core/u_core/u_plus_step/g_unified_lane.u_lane_group/g_lane[11].g_lane_n.u_lane/g_tight_mul.u_mul3/u_mul/g_base_stage.product0/P[47:0] is not pipelined (PREG=0). Pipelining the DSP48 output will improve performance and often saves power so it is suggested whenever possible to fully pipeline this function.  If this DSP48 function was inferred, it is suggested to describe an additional register stage after this function.  If the DSP48 was instantiated in the design, it is suggested to set the PREG attribute to 1.
Related violations: <none>

DPOP-3#111 Warning
PREG Output pipelining  
DSP g_int4.u_precision_core/u_core/u_prod/u_core/u_core/u_plus_step/g_unified_lane.u_lane_group/g_lane[12].g_lane_n.u_lane/g_j_dsp.g_generic.u_j_mul/g_base_stage.product0 output g_int4.u_precision_core/u_core/u_prod/u_core/u_core/u_plus_step/g_unified_lane.u_lane_group/g_lane[12].g_lane_n.u_lane/g_j_dsp.g_generic.u_j_mul/g_base_stage.product0/P[47:0] is not pipelined (PREG=0). Pipelining the DSP48 output will improve performance and often saves power so it is suggested whenever possible to fully pipeline this function.  If this DSP48 function was inferred, it is suggested to describe an additional register stage after this function.  If the DSP48 was instantiated in the design, it is suggested to set the PREG attribute to 1.
Related violations: <none>

DPOP-3#112 Warning
PREG Output pipelining  
DSP g_int4.u_precision_core/u_core/u_prod/u_core/u_core/u_plus_step/g_unified_lane.u_lane_group/g_lane[12].g_lane_n.u_lane/g_tight_mul.u_mul1/u_mul/g_base_stage.product0 output g_int4.u_precision_core/u_core/u_prod/u_core/u_core/u_plus_step/g_unified_lane.u_lane_group/g_lane[12].g_lane_n.u_lane/g_tight_mul.u_mul1/u_mul/g_base_stage.product0/P[47:0] is not pipelined (PREG=0). Pipelining the DSP48 output will improve performance and often saves power so it is suggested whenever possible to fully pipeline this function.  If this DSP48 function was inferred, it is suggested to describe an additional register stage after this function.  If the DSP48 was instantiated in the design, it is suggested to set the PREG attribute to 1.
Related violations: <none>

DPOP-3#113 Warning
PREG Output pipelining  
DSP g_int4.u_precision_core/u_core/u_prod/u_core/u_core/u_plus_step/g_unified_lane.u_lane_group/g_lane[12].g_lane_n.u_lane/g_tight_mul.u_mul2/u_mul/g_base_stage.product0 output g_int4.u_precision_core/u_core/u_prod/u_core/u_core/u_plus_step/g_unified_lane.u_lane_group/g_lane[12].g_lane_n.u_lane/g_tight_mul.u_mul2/u_mul/g_base_stage.product0/P[47:0] is not pipelined (PREG=0). Pipelining the DSP48 output will improve performance and often saves power so it is suggested whenever possible to fully pipeline this function.  If this DSP48 function was inferred, it is suggested to describe an additional register stage after this function.  If the DSP48 was instantiated in the design, it is suggested to set the PREG attribute to 1.
Related violations: <none>

DPOP-3#114 Warning
PREG Output pipelining  
DSP g_int4.u_precision_core/u_core/u_prod/u_core/u_core/u_plus_step/g_unified_lane.u_lane_group/g_lane[12].g_lane_n.u_lane/g_tight_mul.u_mul3/u_mul/g_base_stage.product0 output g_int4.u_precision_core/u_core/u_prod/u_core/u_core/u_plus_step/g_unified_lane.u_lane_group/g_lane[12].g_lane_n.u_lane/g_tight_mul.u_mul3/u_mul/g_base_stage.product0/P[47:0] is not pipelined (PREG=0). Pipelining the DSP48 output will improve performance and often saves power so it is suggested whenever possible to fully pipeline this function.  If this DSP48 function was inferred, it is suggested to describe an additional register stage after this function.  If the DSP48 was instantiated in the design, it is suggested to set the PREG attribute to 1.
Related violations: <none>

DPOP-3#115 Warning
PREG Output pipelining  
DSP g_int4.u_precision_core/u_core/u_prod/u_core/u_core/u_plus_step/g_unified_lane.u_lane_group/g_lane[13].g_lane_n.u_lane/g_j_dsp.g_generic.u_j_mul/g_base_stage.product0 output g_int4.u_precision_core/u_core/u_prod/u_core/u_core/u_plus_step/g_unified_lane.u_lane_group/g_lane[13].g_lane_n.u_lane/g_j_dsp.g_generic.u_j_mul/g_base_stage.product0/P[47:0] is not pipelined (PREG=0). Pipelining the DSP48 output will improve performance and often saves power so it is suggested whenever possible to fully pipeline this function.  If this DSP48 function was inferred, it is suggested to describe an additional register stage after this function.  If the DSP48 was instantiated in the design, it is suggested to set the PREG attribute to 1.
Related violations: <none>

DPOP-3#116 Warning
PREG Output pipelining  
DSP g_int4.u_precision_core/u_core/u_prod/u_core/u_core/u_plus_step/g_unified_lane.u_lane_group/g_lane[13].g_lane_n.u_lane/g_tight_mul.u_mul1/u_mul/g_base_stage.product0 output g_int4.u_precision_core/u_core/u_prod/u_core/u_core/u_plus_step/g_unified_lane.u_lane_group/g_lane[13].g_lane_n.u_lane/g_tight_mul.u_mul1/u_mul/g_base_stage.product0/P[47:0] is not pipelined (PREG=0). Pipelining the DSP48 output will improve performance and often saves power so it is suggested whenever possible to fully pipeline this function.  If this DSP48 function was inferred, it is suggested to describe an additional register stage after this function.  If the DSP48 was instantiated in the design, it is suggested to set the PREG attribute to 1.
Related violations: <none>

DPOP-3#117 Warning
PREG Output pipelining  
DSP g_int4.u_precision_core/u_core/u_prod/u_core/u_core/u_plus_step/g_unified_lane.u_lane_group/g_lane[13].g_lane_n.u_lane/g_tight_mul.u_mul2/u_mul/g_base_stage.product0 output g_int4.u_precision_core/u_core/u_prod/u_core/u_core/u_plus_step/g_unified_lane.u_lane_group/g_lane[13].g_lane_n.u_lane/g_tight_mul.u_mul2/u_mul/g_base_stage.product0/P[47:0] is not pipelined (PREG=0). Pipelining the DSP48 output will improve performance and often saves power so it is suggested whenever possible to fully pipeline this function.  If this DSP48 function was inferred, it is suggested to describe an additional register stage after this function.  If the DSP48 was instantiated in the design, it is suggested to set the PREG attribute to 1.
Related violations: <none>

DPOP-3#118 Warning
PREG Output pipelining  
DSP g_int4.u_precision_core/u_core/u_prod/u_core/u_core/u_plus_step/g_unified_lane.u_lane_group/g_lane[13].g_lane_n.u_lane/g_tight_mul.u_mul3/u_mul/g_base_stage.product0 output g_int4.u_precision_core/u_core/u_prod/u_core/u_core/u_plus_step/g_unified_lane.u_lane_group/g_lane[13].g_lane_n.u_lane/g_tight_mul.u_mul3/u_mul/g_base_stage.product0/P[47:0] is not pipelined (PREG=0). Pipelining the DSP48 output will improve performance and often saves power so it is suggested whenever possible to fully pipeline this function.  If this DSP48 function was inferred, it is suggested to describe an additional register stage after this function.  If the DSP48 was instantiated in the design, it is suggested to set the PREG attribute to 1.
Related violations: <none>

DPOP-3#119 Warning
PREG Output pipelining  
DSP g_int4.u_precision_core/u_core/u_prod/u_core/u_core/u_plus_step/g_unified_lane.u_lane_group/g_lane[14].g_lane_n.u_lane/g_j_dsp.g_generic.u_j_mul/g_base_stage.product0 output g_int4.u_precision_core/u_core/u_prod/u_core/u_core/u_plus_step/g_unified_lane.u_lane_group/g_lane[14].g_lane_n.u_lane/g_j_dsp.g_generic.u_j_mul/g_base_stage.product0/P[47:0] is not pipelined (PREG=0). Pipelining the DSP48 output will improve performance and often saves power so it is suggested whenever possible to fully pipeline this function.  If this DSP48 function was inferred, it is suggested to describe an additional register stage after this function.  If the DSP48 was instantiated in the design, it is suggested to set the PREG attribute to 1.
Related violations: <none>

DPOP-3#120 Warning
PREG Output pipelining  
DSP g_int4.u_precision_core/u_core/u_prod/u_core/u_core/u_plus_step/g_unified_lane.u_lane_group/g_lane[14].g_lane_n.u_lane/g_tight_mul.u_mul1/u_mul/g_base_stage.product0 output g_int4.u_precision_core/u_core/u_prod/u_core/u_core/u_plus_step/g_unified_lane.u_lane_group/g_lane[14].g_lane_n.u_lane/g_tight_mul.u_mul1/u_mul/g_base_stage.product0/P[47:0] is not pipelined (PREG=0). Pipelining the DSP48 output will improve performance and often saves power so it is suggested whenever possible to fully pipeline this function.  If this DSP48 function was inferred, it is suggested to describe an additional register stage after this function.  If the DSP48 was instantiated in the design, it is suggested to set the PREG attribute to 1.
Related violations: <none>

DPOP-3#121 Warning
PREG Output pipelining  
DSP g_int4.u_precision_core/u_core/u_prod/u_core/u_core/u_plus_step/g_unified_lane.u_lane_group/g_lane[14].g_lane_n.u_lane/g_tight_mul.u_mul2/u_mul/g_base_stage.product0 output g_int4.u_precision_core/u_core/u_prod/u_core/u_core/u_plus_step/g_unified_lane.u_lane_group/g_lane[14].g_lane_n.u_lane/g_tight_mul.u_mul2/u_mul/g_base_stage.product0/P[47:0] is not pipelined (PREG=0). Pipelining the DSP48 output will improve performance and often saves power so it is suggested whenever possible to fully pipeline this function.  If this DSP48 function was inferred, it is suggested to describe an additional register stage after this function.  If the DSP48 was instantiated in the design, it is suggested to set the PREG attribute to 1.
Related violations: <none>

DPOP-3#122 Warning
PREG Output pipelining  
DSP g_int4.u_precision_core/u_core/u_prod/u_core/u_core/u_plus_step/g_unified_lane.u_lane_group/g_lane[14].g_lane_n.u_lane/g_tight_mul.u_mul3/u_mul/g_base_stage.product0 output g_int4.u_precision_core/u_core/u_prod/u_core/u_core/u_plus_step/g_unified_lane.u_lane_group/g_lane[14].g_lane_n.u_lane/g_tight_mul.u_mul3/u_mul/g_base_stage.product0/P[47:0] is not pipelined (PREG=0). Pipelining the DSP48 output will improve performance and often saves power so it is suggested whenever possible to fully pipeline this function.  If this DSP48 function was inferred, it is suggested to describe an additional register stage after this function.  If the DSP48 was instantiated in the design, it is suggested to set the PREG attribute to 1.
Related violations: <none>

DPOP-3#123 Warning
PREG Output pipelining  
DSP g_int4.u_precision_core/u_core/u_prod/u_core/u_core/u_plus_step/g_unified_lane.u_lane_group/g_lane[15].g_lane_n.u_lane/g_j_dsp.g_generic.u_j_mul/g_base_stage.product0 output g_int4.u_precision_core/u_core/u_prod/u_core/u_core/u_plus_step/g_unified_lane.u_lane_group/g_lane[15].g_lane_n.u_lane/g_j_dsp.g_generic.u_j_mul/g_base_stage.product0/P[47:0] is not pipelined (PREG=0). Pipelining the DSP48 output will improve performance and often saves power so it is suggested whenever possible to fully pipeline this function.  If this DSP48 function was inferred, it is suggested to describe an additional register stage after this function.  If the DSP48 was instantiated in the design, it is suggested to set the PREG attribute to 1.
Related violations: <none>

DPOP-3#124 Warning
PREG Output pipelining  
DSP g_int4.u_precision_core/u_core/u_prod/u_core/u_core/u_plus_step/g_unified_lane.u_lane_group/g_lane[15].g_lane_n.u_lane/g_tight_mul.u_mul1/u_mul/g_base_stage.product0 output g_int4.u_precision_core/u_core/u_prod/u_core/u_core/u_plus_step/g_unified_lane.u_lane_group/g_lane[15].g_lane_n.u_lane/g_tight_mul.u_mul1/u_mul/g_base_stage.product0/P[47:0] is not pipelined (PREG=0). Pipelining the DSP48 output will improve performance and often saves power so it is suggested whenever possible to fully pipeline this function.  If this DSP48 function was inferred, it is suggested to describe an additional register stage after this function.  If the DSP48 was instantiated in the design, it is suggested to set the PREG attribute to 1.
Related violations: <none>

DPOP-3#125 Warning
PREG Output pipelining  
DSP g_int4.u_precision_core/u_core/u_prod/u_core/u_core/u_plus_step/g_unified_lane.u_lane_group/g_lane[15].g_lane_n.u_lane/g_tight_mul.u_mul2/u_mul/g_base_stage.product0 output g_int4.u_precision_core/u_core/u_prod/u_core/u_core/u_plus_step/g_unified_lane.u_lane_group/g_lane[15].g_lane_n.u_lane/g_tight_mul.u_mul2/u_mul/g_base_stage.product0/P[47:0] is not pipelined (PREG=0). Pipelining the DSP48 output will improve performance and often saves power so it is suggested whenever possible to fully pipeline this function.  If this DSP48 function was inferred, it is suggested to describe an additional register stage after this function.  If the DSP48 was instantiated in the design, it is suggested to set the PREG attribute to 1.
Related violations: <none>

DPOP-3#126 Warning
PREG Output pipelining  
DSP g_int4.u_precision_core/u_core/u_prod/u_core/u_core/u_plus_step/g_unified_lane.u_lane_group/g_lane[15].g_lane_n.u_lane/g_tight_mul.u_mul3/u_mul/g_base_stage.product0 output g_int4.u_precision_core/u_core/u_prod/u_core/u_core/u_plus_step/g_unified_lane.u_lane_group/g_lane[15].g_lane_n.u_lane/g_tight_mul.u_mul3/u_mul/g_base_stage.product0/P[47:0] is not pipelined (PREG=0). Pipelining the DSP48 output will improve performance and often saves power so it is suggested whenever possible to fully pipeline this function.  If this DSP48 function was inferred, it is suggested to describe an additional register stage after this function.  If the DSP48 was instantiated in the design, it is suggested to set the PREG attribute to 1.
Related violations: <none>

DPOP-3#127 Warning
PREG Output pipelining  
DSP g_int4.u_precision_core/u_core/u_prod/u_core/u_core/u_plus_step/g_unified_lane.u_lane_group/g_lane[1].g_lane_n.u_lane/g_j_dsp.g_generic.u_j_mul/g_base_stage.product0 output g_int4.u_precision_core/u_core/u_prod/u_core/u_core/u_plus_step/g_unified_lane.u_lane_group/g_lane[1].g_lane_n.u_lane/g_j_dsp.g_generic.u_j_mul/g_base_stage.product0/P[47:0] is not pipelined (PREG=0). Pipelining the DSP48 output will improve performance and often saves power so it is suggested whenever possible to fully pipeline this function.  If this DSP48 function was inferred, it is suggested to describe an additional register stage after this function.  If the DSP48 was instantiated in the design, it is suggested to set the PREG attribute to 1.
Related violations: <none>

DPOP-3#128 Warning
PREG Output pipelining  
DSP g_int4.u_precision_core/u_core/u_prod/u_core/u_core/u_plus_step/g_unified_lane.u_lane_group/g_lane[1].g_lane_n.u_lane/g_tight_mul.u_mul1/u_mul/g_base_stage.product0 output g_int4.u_precision_core/u_core/u_prod/u_core/u_core/u_plus_step/g_unified_lane.u_lane_group/g_lane[1].g_lane_n.u_lane/g_tight_mul.u_mul1/u_mul/g_base_stage.product0/P[47:0] is not pipelined (PREG=0). Pipelining the DSP48 output will improve performance and often saves power so it is suggested whenever possible to fully pipeline this function.  If this DSP48 function was inferred, it is suggested to describe an additional register stage after this function.  If the DSP48 was instantiated in the design, it is suggested to set the PREG attribute to 1.
Related violations: <none>

DPOP-3#129 Warning
PREG Output pipelining  
DSP g_int4.u_precision_core/u_core/u_prod/u_core/u_core/u_plus_step/g_unified_lane.u_lane_group/g_lane[1].g_lane_n.u_lane/g_tight_mul.u_mul2/u_mul/g_base_stage.product0 output g_int4.u_precision_core/u_core/u_prod/u_core/u_core/u_plus_step/g_unified_lane.u_lane_group/g_lane[1].g_lane_n.u_lane/g_tight_mul.u_mul2/u_mul/g_base_stage.product0/P[47:0] is not pipelined (PREG=0). Pipelining the DSP48 output will improve performance and often saves power so it is suggested whenever possible to fully pipeline this function.  If this DSP48 function was inferred, it is suggested to describe an additional register stage after this function.  If the DSP48 was instantiated in the design, it is suggested to set the PREG attribute to 1.
Related violations: <none>

DPOP-3#130 Warning
PREG Output pipelining  
DSP g_int4.u_precision_core/u_core/u_prod/u_core/u_core/u_plus_step/g_unified_lane.u_lane_group/g_lane[1].g_lane_n.u_lane/g_tight_mul.u_mul3/u_mul/g_base_stage.product0 output g_int4.u_precision_core/u_core/u_prod/u_core/u_core/u_plus_step/g_unified_lane.u_lane_group/g_lane[1].g_lane_n.u_lane/g_tight_mul.u_mul3/u_mul/g_base_stage.product0/P[47:0] is not pipelined (PREG=0). Pipelining the DSP48 output will improve performance and often saves power so it is suggested whenever possible to fully pipeline this function.  If this DSP48 function was inferred, it is suggested to describe an additional register stage after this function.  If the DSP48 was instantiated in the design, it is suggested to set the PREG attribute to 1.
Related violations: <none>

DPOP-3#131 Warning
PREG Output pipelining  
DSP g_int4.u_precision_core/u_core/u_prod/u_core/u_core/u_plus_step/g_unified_lane.u_lane_group/g_lane[2].g_lane_n.u_lane/g_j_dsp.g_generic.u_j_mul/g_base_stage.product0 output g_int4.u_precision_core/u_core/u_prod/u_core/u_core/u_plus_step/g_unified_lane.u_lane_group/g_lane[2].g_lane_n.u_lane/g_j_dsp.g_generic.u_j_mul/g_base_stage.product0/P[47:0] is not pipelined (PREG=0). Pipelining the DSP48 output will improve performance and often saves power so it is suggested whenever possible to fully pipeline this function.  If this DSP48 function was inferred, it is suggested to describe an additional register stage after this function.  If the DSP48 was instantiated in the design, it is suggested to set the PREG attribute to 1.
Related violations: <none>

DPOP-3#132 Warning
PREG Output pipelining  
DSP g_int4.u_precision_core/u_core/u_prod/u_core/u_core/u_plus_step/g_unified_lane.u_lane_group/g_lane[2].g_lane_n.u_lane/g_tight_mul.u_mul1/u_mul/g_base_stage.product0 output g_int4.u_precision_core/u_core/u_prod/u_core/u_core/u_plus_step/g_unified_lane.u_lane_group/g_lane[2].g_lane_n.u_lane/g_tight_mul.u_mul1/u_mul/g_base_stage.product0/P[47:0] is not pipelined (PREG=0). Pipelining the DSP48 output will improve performance and often saves power so it is suggested whenever possible to fully pipeline this function.  If this DSP48 function was inferred, it is suggested to describe an additional register stage after this function.  If the DSP48 was instantiated in the design, it is suggested to set the PREG attribute to 1.
Related violations: <none>

DPOP-3#133 Warning
PREG Output pipelining  
DSP g_int4.u_precision_core/u_core/u_prod/u_core/u_core/u_plus_step/g_unified_lane.u_lane_group/g_lane[2].g_lane_n.u_lane/g_tight_mul.u_mul2/u_mul/g_base_stage.product0 output g_int4.u_precision_core/u_core/u_prod/u_core/u_core/u_plus_step/g_unified_lane.u_lane_group/g_lane[2].g_lane_n.u_lane/g_tight_mul.u_mul2/u_mul/g_base_stage.product0/P[47:0] is not pipelined (PREG=0). Pipelining the DSP48 output will improve performance and often saves power so it is suggested whenever possible to fully pipeline this function.  If this DSP48 function was inferred, it is suggested to describe an additional register stage after this function.  If the DSP48 was instantiated in the design, it is suggested to set the PREG attribute to 1.
Related violations: <none>

DPOP-3#134 Warning
PREG Output pipelining  
DSP g_int4.u_precision_core/u_core/u_prod/u_core/u_core/u_plus_step/g_unified_lane.u_lane_group/g_lane[2].g_lane_n.u_lane/g_tight_mul.u_mul3/u_mul/g_base_stage.product0 output g_int4.u_precision_core/u_core/u_prod/u_core/u_core/u_plus_step/g_unified_lane.u_lane_group/g_lane[2].g_lane_n.u_lane/g_tight_mul.u_mul3/u_mul/g_base_stage.product0/P[47:0] is not pipelined (PREG=0). Pipelining the DSP48 output will improve performance and often saves power so it is suggested whenever possible to fully pipeline this function.  If this DSP48 function was inferred, it is suggested to describe an additional register stage after this function.  If the DSP48 was instantiated in the design, it is suggested to set the PREG attribute to 1.
Related violations: <none>

DPOP-3#135 Warning
PREG Output pipelining  
DSP g_int4.u_precision_core/u_core/u_prod/u_core/u_core/u_plus_step/g_unified_lane.u_lane_group/g_lane[3].g_lane_n.u_lane/g_j_dsp.g_generic.u_j_mul/g_base_stage.product0 output g_int4.u_precision_core/u_core/u_prod/u_core/u_core/u_plus_step/g_unified_lane.u_lane_group/g_lane[3].g_lane_n.u_lane/g_j_dsp.g_generic.u_j_mul/g_base_stage.product0/P[47:0] is not pipelined (PREG=0). Pipelining the DSP48 output will improve performance and often saves power so it is suggested whenever possible to fully pipeline this function.  If this DSP48 function was inferred, it is suggested to describe an additional register stage after this function.  If the DSP48 was instantiated in the design, it is suggested to set the PREG attribute to 1.
Related violations: <none>

DPOP-3#136 Warning
PREG Output pipelining  
DSP g_int4.u_precision_core/u_core/u_prod/u_core/u_core/u_plus_step/g_unified_lane.u_lane_group/g_lane[3].g_lane_n.u_lane/g_tight_mul.u_mul1/u_mul/g_base_stage.product0 output g_int4.u_precision_core/u_core/u_prod/u_core/u_core/u_plus_step/g_unified_lane.u_lane_group/g_lane[3].g_lane_n.u_lane/g_tight_mul.u_mul1/u_mul/g_base_stage.product0/P[47:0] is not pipelined (PREG=0). Pipelining the DSP48 output will improve performance and often saves power so it is suggested whenever possible to fully pipeline this function.  If this DSP48 function was inferred, it is suggested to describe an additional register stage after this function.  If the DSP48 was instantiated in the design, it is suggested to set the PREG attribute to 1.
Related violations: <none>

DPOP-3#137 Warning
PREG Output pipelining  
DSP g_int4.u_precision_core/u_core/u_prod/u_core/u_core/u_plus_step/g_unified_lane.u_lane_group/g_lane[3].g_lane_n.u_lane/g_tight_mul.u_mul2/u_mul/g_base_stage.product0 output g_int4.u_precision_core/u_core/u_prod/u_core/u_core/u_plus_step/g_unified_lane.u_lane_group/g_lane[3].g_lane_n.u_lane/g_tight_mul.u_mul2/u_mul/g_base_stage.product0/P[47:0] is not pipelined (PREG=0). Pipelining the DSP48 output will improve performance and often saves power so it is suggested whenever possible to fully pipeline this function.  If this DSP48 function was inferred, it is suggested to describe an additional register stage after this function.  If the DSP48 was instantiated in the design, it is suggested to set the PREG attribute to 1.
Related violations: <none>

DPOP-3#138 Warning
PREG Output pipelining  
DSP g_int4.u_precision_core/u_core/u_prod/u_core/u_core/u_plus_step/g_unified_lane.u_lane_group/g_lane[3].g_lane_n.u_lane/g_tight_mul.u_mul3/u_mul/g_base_stage.product0 output g_int4.u_precision_core/u_core/u_prod/u_core/u_core/u_plus_step/g_unified_lane.u_lane_group/g_lane[3].g_lane_n.u_lane/g_tight_mul.u_mul3/u_mul/g_base_stage.product0/P[47:0] is not pipelined (PREG=0). Pipelining the DSP48 output will improve performance and often saves power so it is suggested whenever possible to fully pipeline this function.  If this DSP48 function was inferred, it is suggested to describe an additional register stage after this function.  If the DSP48 was instantiated in the design, it is suggested to set the PREG attribute to 1.
Related violations: <none>

DPOP-3#139 Warning
PREG Output pipelining  
DSP g_int4.u_precision_core/u_core/u_prod/u_core/u_core/u_plus_step/g_unified_lane.u_lane_group/g_lane[4].g_lane_n.u_lane/g_j_dsp.g_generic.u_j_mul/g_base_stage.product0 output g_int4.u_precision_core/u_core/u_prod/u_core/u_core/u_plus_step/g_unified_lane.u_lane_group/g_lane[4].g_lane_n.u_lane/g_j_dsp.g_generic.u_j_mul/g_base_stage.product0/P[47:0] is not pipelined (PREG=0). Pipelining the DSP48 output will improve performance and often saves power so it is suggested whenever possible to fully pipeline this function.  If this DSP48 function was inferred, it is suggested to describe an additional register stage after this function.  If the DSP48 was instantiated in the design, it is suggested to set the PREG attribute to 1.
Related violations: <none>

DPOP-3#140 Warning
PREG Output pipelining  
DSP g_int4.u_precision_core/u_core/u_prod/u_core/u_core/u_plus_step/g_unified_lane.u_lane_group/g_lane[4].g_lane_n.u_lane/g_tight_mul.u_mul1/u_mul/g_base_stage.product0 output g_int4.u_precision_core/u_core/u_prod/u_core/u_core/u_plus_step/g_unified_lane.u_lane_group/g_lane[4].g_lane_n.u_lane/g_tight_mul.u_mul1/u_mul/g_base_stage.product0/P[47:0] is not pipelined (PREG=0). Pipelining the DSP48 output will improve performance and often saves power so it is suggested whenever possible to fully pipeline this function.  If this DSP48 function was inferred, it is suggested to describe an additional register stage after this function.  If the DSP48 was instantiated in the design, it is suggested to set the PREG attribute to 1.
Related violations: <none>

DPOP-3#141 Warning
PREG Output pipelining  
DSP g_int4.u_precision_core/u_core/u_prod/u_core/u_core/u_plus_step/g_unified_lane.u_lane_group/g_lane[4].g_lane_n.u_lane/g_tight_mul.u_mul2/u_mul/g_base_stage.product0 output g_int4.u_precision_core/u_core/u_prod/u_core/u_core/u_plus_step/g_unified_lane.u_lane_group/g_lane[4].g_lane_n.u_lane/g_tight_mul.u_mul2/u_mul/g_base_stage.product0/P[47:0] is not pipelined (PREG=0). Pipelining the DSP48 output will improve performance and often saves power so it is suggested whenever possible to fully pipeline this function.  If this DSP48 function was inferred, it is suggested to describe an additional register stage after this function.  If the DSP48 was instantiated in the design, it is suggested to set the PREG attribute to 1.
Related violations: <none>

DPOP-3#142 Warning
PREG Output pipelining  
DSP g_int4.u_precision_core/u_core/u_prod/u_core/u_core/u_plus_step/g_unified_lane.u_lane_group/g_lane[4].g_lane_n.u_lane/g_tight_mul.u_mul3/u_mul/g_base_stage.product0 output g_int4.u_precision_core/u_core/u_prod/u_core/u_core/u_plus_step/g_unified_lane.u_lane_group/g_lane[4].g_lane_n.u_lane/g_tight_mul.u_mul3/u_mul/g_base_stage.product0/P[47:0] is not pipelined (PREG=0). Pipelining the DSP48 output will improve performance and often saves power so it is suggested whenever possible to fully pipeline this function.  If this DSP48 function was inferred, it is suggested to describe an additional register stage after this function.  If the DSP48 was instantiated in the design, it is suggested to set the PREG attribute to 1.
Related violations: <none>

DPOP-3#143 Warning
PREG Output pipelining  
DSP g_int4.u_precision_core/u_core/u_prod/u_core/u_core/u_plus_step/g_unified_lane.u_lane_group/g_lane[5].g_lane_n.u_lane/g_j_dsp.g_generic.u_j_mul/g_base_stage.product0 output g_int4.u_precision_core/u_core/u_prod/u_core/u_core/u_plus_step/g_unified_lane.u_lane_group/g_lane[5].g_lane_n.u_lane/g_j_dsp.g_generic.u_j_mul/g_base_stage.product0/P[47:0] is not pipelined (PREG=0). Pipelining the DSP48 output will improve performance and often saves power so it is suggested whenever possible to fully pipeline this function.  If this DSP48 function was inferred, it is suggested to describe an additional register stage after this function.  If the DSP48 was instantiated in the design, it is suggested to set the PREG attribute to 1.
Related violations: <none>

DPOP-3#144 Warning
PREG Output pipelining  
DSP g_int4.u_precision_core/u_core/u_prod/u_core/u_core/u_plus_step/g_unified_lane.u_lane_group/g_lane[5].g_lane_n.u_lane/g_tight_mul.u_mul1/u_mul/g_base_stage.product0 output g_int4.u_precision_core/u_core/u_prod/u_core/u_core/u_plus_step/g_unified_lane.u_lane_group/g_lane[5].g_lane_n.u_lane/g_tight_mul.u_mul1/u_mul/g_base_stage.product0/P[47:0] is not pipelined (PREG=0). Pipelining the DSP48 output will improve performance and often saves power so it is suggested whenever possible to fully pipeline this function.  If this DSP48 function was inferred, it is suggested to describe an additional register stage after this function.  If the DSP48 was instantiated in the design, it is suggested to set the PREG attribute to 1.
Related violations: <none>

DPOP-3#145 Warning
PREG Output pipelining  
DSP g_int4.u_precision_core/u_core/u_prod/u_core/u_core/u_plus_step/g_unified_lane.u_lane_group/g_lane[5].g_lane_n.u_lane/g_tight_mul.u_mul2/u_mul/g_base_stage.product0 output g_int4.u_precision_core/u_core/u_prod/u_core/u_core/u_plus_step/g_unified_lane.u_lane_group/g_lane[5].g_lane_n.u_lane/g_tight_mul.u_mul2/u_mul/g_base_stage.product0/P[47:0] is not pipelined (PREG=0). Pipelining the DSP48 output will improve performance and often saves power so it is suggested whenever possible to fully pipeline this function.  If this DSP48 function was inferred, it is suggested to describe an additional register stage after this function.  If the DSP48 was instantiated in the design, it is suggested to set the PREG attribute to 1.
Related violations: <none>

DPOP-3#146 Warning
PREG Output pipelining  
DSP g_int4.u_precision_core/u_core/u_prod/u_core/u_core/u_plus_step/g_unified_lane.u_lane_group/g_lane[5].g_lane_n.u_lane/g_tight_mul.u_mul3/u_mul/g_base_stage.product0 output g_int4.u_precision_core/u_core/u_prod/u_core/u_core/u_plus_step/g_unified_lane.u_lane_group/g_lane[5].g_lane_n.u_lane/g_tight_mul.u_mul3/u_mul/g_base_stage.product0/P[47:0] is not pipelined (PREG=0). Pipelining the DSP48 output will improve performance and often saves power so it is suggested whenever possible to fully pipeline this function.  If this DSP48 function was inferred, it is suggested to describe an additional register stage after this function.  If the DSP48 was instantiated in the design, it is suggested to set the PREG attribute to 1.
Related violations: <none>

DPOP-3#147 Warning
PREG Output pipelining  
DSP g_int4.u_precision_core/u_core/u_prod/u_core/u_core/u_plus_step/g_unified_lane.u_lane_group/g_lane[6].g_lane_n.u_lane/g_j_dsp.g_generic.u_j_mul/g_base_stage.product0 output g_int4.u_precision_core/u_core/u_prod/u_core/u_core/u_plus_step/g_unified_lane.u_lane_group/g_lane[6].g_lane_n.u_lane/g_j_dsp.g_generic.u_j_mul/g_base_stage.product0/P[47:0] is not pipelined (PREG=0). Pipelining the DSP48 output will improve performance and often saves power so it is suggested whenever possible to fully pipeline this function.  If this DSP48 function was inferred, it is suggested to describe an additional register stage after this function.  If the DSP48 was instantiated in the design, it is suggested to set the PREG attribute to 1.
Related violations: <none>

DPOP-3#148 Warning
PREG Output pipelining  
DSP g_int4.u_precision_core/u_core/u_prod/u_core/u_core/u_plus_step/g_unified_lane.u_lane_group/g_lane[6].g_lane_n.u_lane/g_tight_mul.u_mul1/u_mul/g_base_stage.product0 output g_int4.u_precision_core/u_core/u_prod/u_core/u_core/u_plus_step/g_unified_lane.u_lane_group/g_lane[6].g_lane_n.u_lane/g_tight_mul.u_mul1/u_mul/g_base_stage.product0/P[47:0] is not pipelined (PREG=0). Pipelining the DSP48 output will improve performance and often saves power so it is suggested whenever possible to fully pipeline this function.  If this DSP48 function was inferred, it is suggested to describe an additional register stage after this function.  If the DSP48 was instantiated in the design, it is suggested to set the PREG attribute to 1.
Related violations: <none>

DPOP-3#149 Warning
PREG Output pipelining  
DSP g_int4.u_precision_core/u_core/u_prod/u_core/u_core/u_plus_step/g_unified_lane.u_lane_group/g_lane[6].g_lane_n.u_lane/g_tight_mul.u_mul2/u_mul/g_base_stage.product0 output g_int4.u_precision_core/u_core/u_prod/u_core/u_core/u_plus_step/g_unified_lane.u_lane_group/g_lane[6].g_lane_n.u_lane/g_tight_mul.u_mul2/u_mul/g_base_stage.product0/P[47:0] is not pipelined (PREG=0). Pipelining the DSP48 output will improve performance and often saves power so it is suggested whenever possible to fully pipeline this function.  If this DSP48 function was inferred, it is suggested to describe an additional register stage after this function.  If the DSP48 was instantiated in the design, it is suggested to set the PREG attribute to 1.
Related violations: <none>

DPOP-3#150 Warning
PREG Output pipelining  
DSP g_int4.u_precision_core/u_core/u_prod/u_core/u_core/u_plus_step/g_unified_lane.u_lane_group/g_lane[6].g_lane_n.u_lane/g_tight_mul.u_mul3/u_mul/g_base_stage.product0 output g_int4.u_precision_core/u_core/u_prod/u_core/u_core/u_plus_step/g_unified_lane.u_lane_group/g_lane[6].g_lane_n.u_lane/g_tight_mul.u_mul3/u_mul/g_base_stage.product0/P[47:0] is not pipelined (PREG=0). Pipelining the DSP48 output will improve performance and often saves power so it is suggested whenever possible to fully pipeline this function.  If this DSP48 function was inferred, it is suggested to describe an additional register stage after this function.  If the DSP48 was instantiated in the design, it is suggested to set the PREG attribute to 1.
Related violations: <none>

DPOP-3#151 Warning
PREG Output pipelining  
DSP g_int4.u_precision_core/u_core/u_prod/u_core/u_core/u_plus_step/g_unified_lane.u_lane_group/g_lane[7].g_lane_n.u_lane/g_j_dsp.g_generic.u_j_mul/g_base_stage.product0 output g_int4.u_precision_core/u_core/u_prod/u_core/u_core/u_plus_step/g_unified_lane.u_lane_group/g_lane[7].g_lane_n.u_lane/g_j_dsp.g_generic.u_j_mul/g_base_stage.product0/P[47:0] is not pipelined (PREG=0). Pipelining the DSP48 output will improve performance and often saves power so it is suggested whenever possible to fully pipeline this function.  If this DSP48 function was inferred, it is suggested to describe an additional register stage after this function.  If the DSP48 was instantiated in the design, it is suggested to set the PREG attribute to 1.
Related violations: <none>

DPOP-3#152 Warning
PREG Output pipelining  
DSP g_int4.u_precision_core/u_core/u_prod/u_core/u_core/u_plus_step/g_unified_lane.u_lane_group/g_lane[7].g_lane_n.u_lane/g_tight_mul.u_mul1/u_mul/g_base_stage.product0 output g_int4.u_precision_core/u_core/u_prod/u_core/u_core/u_plus_step/g_unified_lane.u_lane_group/g_lane[7].g_lane_n.u_lane/g_tight_mul.u_mul1/u_mul/g_base_stage.product0/P[47:0] is not pipelined (PREG=0). Pipelining the DSP48 output will improve performance and often saves power so it is suggested whenever possible to fully pipeline this function.  If this DSP48 function was inferred, it is suggested to describe an additional register stage after this function.  If the DSP48 was instantiated in the design, it is suggested to set the PREG attribute to 1.
Related violations: <none>

DPOP-3#153 Warning
PREG Output pipelining  
DSP g_int4.u_precision_core/u_core/u_prod/u_core/u_core/u_plus_step/g_unified_lane.u_lane_group/g_lane[7].g_lane_n.u_lane/g_tight_mul.u_mul2/u_mul/g_base_stage.product0 output g_int4.u_precision_core/u_core/u_prod/u_core/u_core/u_plus_step/g_unified_lane.u_lane_group/g_lane[7].g_lane_n.u_lane/g_tight_mul.u_mul2/u_mul/g_base_stage.product0/P[47:0] is not pipelined (PREG=0). Pipelining the DSP48 output will improve performance and often saves power so it is suggested whenever possible to fully pipeline this function.  If this DSP48 function was inferred, it is suggested to describe an additional register stage after this function.  If the DSP48 was instantiated in the design, it is suggested to set the PREG attribute to 1.
Related violations: <none>

DPOP-3#154 Warning
PREG Output pipelining  
DSP g_int4.u_precision_core/u_core/u_prod/u_core/u_core/u_plus_step/g_unified_lane.u_lane_group/g_lane[7].g_lane_n.u_lane/g_tight_mul.u_mul3/u_mul/g_base_stage.product0 output g_int4.u_precision_core/u_core/u_prod/u_core/u_core/u_plus_step/g_unified_lane.u_lane_group/g_lane[7].g_lane_n.u_lane/g_tight_mul.u_mul3/u_mul/g_base_stage.product0/P[47:0] is not pipelined (PREG=0). Pipelining the DSP48 output will improve performance and often saves power so it is suggested whenever possible to fully pipeline this function.  If this DSP48 function was inferred, it is suggested to describe an additional register stage after this function.  If the DSP48 was instantiated in the design, it is suggested to set the PREG attribute to 1.
Related violations: <none>

DPOP-3#155 Warning
PREG Output pipelining  
DSP g_int4.u_precision_core/u_core/u_prod/u_core/u_core/u_plus_step/g_unified_lane.u_lane_group/g_lane[8].g_lane_n.u_lane/g_j_dsp.g_generic.u_j_mul/g_base_stage.product0 output g_int4.u_precision_core/u_core/u_prod/u_core/u_core/u_plus_step/g_unified_lane.u_lane_group/g_lane[8].g_lane_n.u_lane/g_j_dsp.g_generic.u_j_mul/g_base_stage.product0/P[47:0] is not pipelined (PREG=0). Pipelining the DSP48 output will improve performance and often saves power so it is suggested whenever possible to fully pipeline this function.  If this DSP48 function was inferred, it is suggested to describe an additional register stage after this function.  If the DSP48 was instantiated in the design, it is suggested to set the PREG attribute to 1.
Related violations: <none>

DPOP-3#156 Warning
PREG Output pipelining  
DSP g_int4.u_precision_core/u_core/u_prod/u_core/u_core/u_plus_step/g_unified_lane.u_lane_group/g_lane[8].g_lane_n.u_lane/g_tight_mul.u_mul1/u_mul/g_base_stage.product0 output g_int4.u_precision_core/u_core/u_prod/u_core/u_core/u_plus_step/g_unified_lane.u_lane_group/g_lane[8].g_lane_n.u_lane/g_tight_mul.u_mul1/u_mul/g_base_stage.product0/P[47:0] is not pipelined (PREG=0). Pipelining the DSP48 output will improve performance and often saves power so it is suggested whenever possible to fully pipeline this function.  If this DSP48 function was inferred, it is suggested to describe an additional register stage after this function.  If the DSP48 was instantiated in the design, it is suggested to set the PREG attribute to 1.
Related violations: <none>

DPOP-3#157 Warning
PREG Output pipelining  
DSP g_int4.u_precision_core/u_core/u_prod/u_core/u_core/u_plus_step/g_unified_lane.u_lane_group/g_lane[8].g_lane_n.u_lane/g_tight_mul.u_mul2/u_mul/g_base_stage.product0 output g_int4.u_precision_core/u_core/u_prod/u_core/u_core/u_plus_step/g_unified_lane.u_lane_group/g_lane[8].g_lane_n.u_lane/g_tight_mul.u_mul2/u_mul/g_base_stage.product0/P[47:0] is not pipelined (PREG=0). Pipelining the DSP48 output will improve performance and often saves power so it is suggested whenever possible to fully pipeline this function.  If this DSP48 function was inferred, it is suggested to describe an additional register stage after this function.  If the DSP48 was instantiated in the design, it is suggested to set the PREG attribute to 1.
Related violations: <none>

DPOP-3#158 Warning
PREG Output pipelining  
DSP g_int4.u_precision_core/u_core/u_prod/u_core/u_core/u_plus_step/g_unified_lane.u_lane_group/g_lane[8].g_lane_n.u_lane/g_tight_mul.u_mul3/u_mul/g_base_stage.product0 output g_int4.u_precision_core/u_core/u_prod/u_core/u_core/u_plus_step/g_unified_lane.u_lane_group/g_lane[8].g_lane_n.u_lane/g_tight_mul.u_mul3/u_mul/g_base_stage.product0/P[47:0] is not pipelined (PREG=0). Pipelining the DSP48 output will improve performance and often saves power so it is suggested whenever possible to fully pipeline this function.  If this DSP48 function was inferred, it is suggested to describe an additional register stage after this function.  If the DSP48 was instantiated in the design, it is suggested to set the PREG attribute to 1.
Related violations: <none>

DPOP-3#159 Warning
PREG Output pipelining  
DSP g_int4.u_precision_core/u_core/u_prod/u_core/u_core/u_plus_step/g_unified_lane.u_lane_group/g_lane[9].g_lane_n.u_lane/g_j_dsp.g_generic.u_j_mul/g_base_stage.product0 output g_int4.u_precision_core/u_core/u_prod/u_core/u_core/u_plus_step/g_unified_lane.u_lane_group/g_lane[9].g_lane_n.u_lane/g_j_dsp.g_generic.u_j_mul/g_base_stage.product0/P[47:0] is not pipelined (PREG=0). Pipelining the DSP48 output will improve performance and often saves power so it is suggested whenever possible to fully pipeline this function.  If this DSP48 function was inferred, it is suggested to describe an additional register stage after this function.  If the DSP48 was instantiated in the design, it is suggested to set the PREG attribute to 1.
Related violations: <none>

DPOP-3#160 Warning
PREG Output pipelining  
DSP g_int4.u_precision_core/u_core/u_prod/u_core/u_core/u_plus_step/g_unified_lane.u_lane_group/g_lane[9].g_lane_n.u_lane/g_tight_mul.u_mul1/u_mul/g_base_stage.product0 output g_int4.u_precision_core/u_core/u_prod/u_core/u_core/u_plus_step/g_unified_lane.u_lane_group/g_lane[9].g_lane_n.u_lane/g_tight_mul.u_mul1/u_mul/g_base_stage.product0/P[47:0] is not pipelined (PREG=0). Pipelining the DSP48 output will improve performance and often saves power so it is suggested whenever possible to fully pipeline this function.  If this DSP48 function was inferred, it is suggested to describe an additional register stage after this function.  If the DSP48 was instantiated in the design, it is suggested to set the PREG attribute to 1.
Related violations: <none>

DPOP-3#161 Warning
PREG Output pipelining  
DSP g_int4.u_precision_core/u_core/u_prod/u_core/u_core/u_plus_step/g_unified_lane.u_lane_group/g_lane[9].g_lane_n.u_lane/g_tight_mul.u_mul2/u_mul/g_base_stage.product0 output g_int4.u_precision_core/u_core/u_prod/u_core/u_core/u_plus_step/g_unified_lane.u_lane_group/g_lane[9].g_lane_n.u_lane/g_tight_mul.u_mul2/u_mul/g_base_stage.product0/P[47:0] is not pipelined (PREG=0). Pipelining the DSP48 output will improve performance and often saves power so it is suggested whenever possible to fully pipeline this function.  If this DSP48 function was inferred, it is suggested to describe an additional register stage after this function.  If the DSP48 was instantiated in the design, it is suggested to set the PREG attribute to 1.
Related violations: <none>

DPOP-3#162 Warning
PREG Output pipelining  
DSP g_int4.u_precision_core/u_core/u_prod/u_core/u_core/u_plus_step/g_unified_lane.u_lane_group/g_lane[9].g_lane_n.u_lane/g_tight_mul.u_mul3/u_mul/g_base_stage.product0 output g_int4.u_precision_core/u_core/u_prod/u_core/u_core/u_plus_step/g_unified_lane.u_lane_group/g_lane[9].g_lane_n.u_lane/g_tight_mul.u_mul3/u_mul/g_base_stage.product0/P[47:0] is not pipelined (PREG=0). Pipelining the DSP48 output will improve performance and often saves power so it is suggested whenever possible to fully pipeline this function.  If this DSP48 function was inferred, it is suggested to describe an additional register stage after this function.  If the DSP48 was instantiated in the design, it is suggested to set the PREG attribute to 1.
Related violations: <none>

DPOP-4#1 Warning
MREG Output pipelining  
DSP g_int4.u_precision_core/u_core/product multiplier stage g_int4.u_precision_core/u_core/product/P[47:0] is not pipelined (MREG=0). Pipelining the multiplier function will improve performance and will save significant power so it is suggested whenever possible to fully pipeline this function.  If this multiplier was inferred, it is suggested to describe an additional register stage after this function.  If there is no registered adder/accumulator following the multiply function, two pipeline stages are suggested to allow both the MREG and PREG registers to be used.  If the DSP48 was instantiated in the design, it is suggested to set both the MREG and PREG attributes to 1 when performing multiply functions.
Related violations: <none>

DPOP-4#2 Warning
MREG Output pipelining  
DSP g_int4.u_precision_core/u_core/u_preload_twist_mul/g_extra_stage.product0 multiplier stage g_int4.u_precision_core/u_core/u_preload_twist_mul/g_extra_stage.product0/P[47:0] is not pipelined (MREG=0). Pipelining the multiplier function will improve performance and will save significant power so it is suggested whenever possible to fully pipeline this function.  If this multiplier was inferred, it is suggested to describe an additional register stage after this function.  If there is no registered adder/accumulator following the multiply function, two pipeline stages are suggested to allow both the MREG and PREG registers to be used.  If the DSP48 was instantiated in the design, it is suggested to set both the MREG and PREG attributes to 1 when performing multiply functions.
Related violations: <none>

DPOP-4#3 Warning
MREG Output pipelining  
DSP g_int4.u_precision_core/u_core/u_preload_twist_mul/g_extra_stage.product_s1_reg multiplier stage g_int4.u_precision_core/u_core/u_preload_twist_mul/g_extra_stage.product_s1_reg/P[47:0] is not pipelined (MREG=0). Pipelining the multiplier function will improve performance and will save significant power so it is suggested whenever possible to fully pipeline this function.  If this multiplier was inferred, it is suggested to describe an additional register stage after this function.  If there is no registered adder/accumulator following the multiply function, two pipeline stages are suggested to allow both the MREG and PREG registers to be used.  If the DSP48 was instantiated in the design, it is suggested to set both the MREG and PREG attributes to 1 when performing multiply functions.
Related violations: <none>

DPOP-4#4 Warning
MREG Output pipelining  
DSP g_int4.u_precision_core/u_core/u_prod/u_core/u_core/g_product_accum.g_dedicated_mul.g_product_mul1.g_lane[0].g_tight.u_mul/u_mul/g_base_stage.product0 multiplier stage g_int4.u_precision_core/u_core/u_prod/u_core/u_core/g_product_accum.g_dedicated_mul.g_product_mul1.g_lane[0].g_tight.u_mul/u_mul/g_base_stage.product0/P[47:0] is not pipelined (MREG=0). Pipelining the multiplier function will improve performance and will save significant power so it is suggested whenever possible to fully pipeline this function.  If this multiplier was inferred, it is suggested to describe an additional register stage after this function.  If there is no registered adder/accumulator following the multiply function, two pipeline stages are suggested to allow both the MREG and PREG registers to be used.  If the DSP48 was instantiated in the design, it is suggested to set both the MREG and PREG attributes to 1 when performing multiply functions.
Related violations: <none>

DPOP-4#5 Warning
MREG Output pipelining  
DSP g_int4.u_precision_core/u_core/u_prod/u_core/u_core/g_product_accum.g_dedicated_mul.g_product_mul1.g_lane[0].g_tight.u_mul/u_mul/g_base_stage.product_s1_reg multiplier stage g_int4.u_precision_core/u_core/u_prod/u_core/u_core/g_product_accum.g_dedicated_mul.g_product_mul1.g_lane[0].g_tight.u_mul/u_mul/g_base_stage.product_s1_reg/P[47:0] is not pipelined (MREG=0). Pipelining the multiplier function will improve performance and will save significant power so it is suggested whenever possible to fully pipeline this function.  If this multiplier was inferred, it is suggested to describe an additional register stage after this function.  If there is no registered adder/accumulator following the multiply function, two pipeline stages are suggested to allow both the MREG and PREG registers to be used.  If the DSP48 was instantiated in the design, it is suggested to set both the MREG and PREG attributes to 1 when performing multiply functions.
Related violations: <none>

DPOP-4#6 Warning
MREG Output pipelining  
DSP g_int4.u_precision_core/u_core/u_prod/u_core/u_core/g_product_accum.g_dedicated_mul.g_product_mul1.g_lane[10].g_tight.u_mul/u_mul/g_base_stage.product0 multiplier stage g_int4.u_precision_core/u_core/u_prod/u_core/u_core/g_product_accum.g_dedicated_mul.g_product_mul1.g_lane[10].g_tight.u_mul/u_mul/g_base_stage.product0/P[47:0] is not pipelined (MREG=0). Pipelining the multiplier function will improve performance and will save significant power so it is suggested whenever possible to fully pipeline this function.  If this multiplier was inferred, it is suggested to describe an additional register stage after this function.  If there is no registered adder/accumulator following the multiply function, two pipeline stages are suggested to allow both the MREG and PREG registers to be used.  If the DSP48 was instantiated in the design, it is suggested to set both the MREG and PREG attributes to 1 when performing multiply functions.
Related violations: <none>

DPOP-4#7 Warning
MREG Output pipelining  
DSP g_int4.u_precision_core/u_core/u_prod/u_core/u_core/g_product_accum.g_dedicated_mul.g_product_mul1.g_lane[10].g_tight.u_mul/u_mul/g_base_stage.product_s1_reg multiplier stage g_int4.u_precision_core/u_core/u_prod/u_core/u_core/g_product_accum.g_dedicated_mul.g_product_mul1.g_lane[10].g_tight.u_mul/u_mul/g_base_stage.product_s1_reg/P[47:0] is not pipelined (MREG=0). Pipelining the multiplier function will improve performance and will save significant power so it is suggested whenever possible to fully pipeline this function.  If this multiplier was inferred, it is suggested to describe an additional register stage after this function.  If there is no registered adder/accumulator following the multiply function, two pipeline stages are suggested to allow both the MREG and PREG registers to be used.  If the DSP48 was instantiated in the design, it is suggested to set both the MREG and PREG attributes to 1 when performing multiply functions.
Related violations: <none>

DPOP-4#8 Warning
MREG Output pipelining  
DSP g_int4.u_precision_core/u_core/u_prod/u_core/u_core/g_product_accum.g_dedicated_mul.g_product_mul1.g_lane[11].g_tight.u_mul/u_mul/g_base_stage.product0 multiplier stage g_int4.u_precision_core/u_core/u_prod/u_core/u_core/g_product_accum.g_dedicated_mul.g_product_mul1.g_lane[11].g_tight.u_mul/u_mul/g_base_stage.product0/P[47:0] is not pipelined (MREG=0). Pipelining the multiplier function will improve performance and will save significant power so it is suggested whenever possible to fully pipeline this function.  If this multiplier was inferred, it is suggested to describe an additional register stage after this function.  If there is no registered adder/accumulator following the multiply function, two pipeline stages are suggested to allow both the MREG and PREG registers to be used.  If the DSP48 was instantiated in the design, it is suggested to set both the MREG and PREG attributes to 1 when performing multiply functions.
Related violations: <none>

DPOP-4#9 Warning
MREG Output pipelining  
DSP g_int4.u_precision_core/u_core/u_prod/u_core/u_core/g_product_accum.g_dedicated_mul.g_product_mul1.g_lane[11].g_tight.u_mul/u_mul/g_base_stage.product_s1_reg multiplier stage g_int4.u_precision_core/u_core/u_prod/u_core/u_core/g_product_accum.g_dedicated_mul.g_product_mul1.g_lane[11].g_tight.u_mul/u_mul/g_base_stage.product_s1_reg/P[47:0] is not pipelined (MREG=0). Pipelining the multiplier function will improve performance and will save significant power so it is suggested whenever possible to fully pipeline this function.  If this multiplier was inferred, it is suggested to describe an additional register stage after this function.  If there is no registered adder/accumulator following the multiply function, two pipeline stages are suggested to allow both the MREG and PREG registers to be used.  If the DSP48 was instantiated in the design, it is suggested to set both the MREG and PREG attributes to 1 when performing multiply functions.
Related violations: <none>

DPOP-4#10 Warning
MREG Output pipelining  
DSP g_int4.u_precision_core/u_core/u_prod/u_core/u_core/g_product_accum.g_dedicated_mul.g_product_mul1.g_lane[12].g_tight.u_mul/u_mul/g_base_stage.product0 multiplier stage g_int4.u_precision_core/u_core/u_prod/u_core/u_core/g_product_accum.g_dedicated_mul.g_product_mul1.g_lane[12].g_tight.u_mul/u_mul/g_base_stage.product0/P[47:0] is not pipelined (MREG=0). Pipelining the multiplier function will improve performance and will save significant power so it is suggested whenever possible to fully pipeline this function.  If this multiplier was inferred, it is suggested to describe an additional register stage after this function.  If there is no registered adder/accumulator following the multiply function, two pipeline stages are suggested to allow both the MREG and PREG registers to be used.  If the DSP48 was instantiated in the design, it is suggested to set both the MREG and PREG attributes to 1 when performing multiply functions.
Related violations: <none>

DPOP-4#11 Warning
MREG Output pipelining  
DSP g_int4.u_precision_core/u_core/u_prod/u_core/u_core/g_product_accum.g_dedicated_mul.g_product_mul1.g_lane[12].g_tight.u_mul/u_mul/g_base_stage.product_s1_reg multiplier stage g_int4.u_precision_core/u_core/u_prod/u_core/u_core/g_product_accum.g_dedicated_mul.g_product_mul1.g_lane[12].g_tight.u_mul/u_mul/g_base_stage.product_s1_reg/P[47:0] is not pipelined (MREG=0). Pipelining the multiplier function will improve performance and will save significant power so it is suggested whenever possible to fully pipeline this function.  If this multiplier was inferred, it is suggested to describe an additional register stage after this function.  If there is no registered adder/accumulator following the multiply function, two pipeline stages are suggested to allow both the MREG and PREG registers to be used.  If the DSP48 was instantiated in the design, it is suggested to set both the MREG and PREG attributes to 1 when performing multiply functions.
Related violations: <none>

DPOP-4#12 Warning
MREG Output pipelining  
DSP g_int4.u_precision_core/u_core/u_prod/u_core/u_core/g_product_accum.g_dedicated_mul.g_product_mul1.g_lane[13].g_tight.u_mul/u_mul/g_base_stage.product0 multiplier stage g_int4.u_precision_core/u_core/u_prod/u_core/u_core/g_product_accum.g_dedicated_mul.g_product_mul1.g_lane[13].g_tight.u_mul/u_mul/g_base_stage.product0/P[47:0] is not pipelined (MREG=0). Pipelining the multiplier function will improve performance and will save significant power so it is suggested whenever possible to fully pipeline this function.  If this multiplier was inferred, it is suggested to describe an additional register stage after this function.  If there is no registered adder/accumulator following the multiply function, two pipeline stages are suggested to allow both the MREG and PREG registers to be used.  If the DSP48 was instantiated in the design, it is suggested to set both the MREG and PREG attributes to 1 when performing multiply functions.
Related violations: <none>

DPOP-4#13 Warning
MREG Output pipelining  
DSP g_int4.u_precision_core/u_core/u_prod/u_core/u_core/g_product_accum.g_dedicated_mul.g_product_mul1.g_lane[13].g_tight.u_mul/u_mul/g_base_stage.product_s1_reg multiplier stage g_int4.u_precision_core/u_core/u_prod/u_core/u_core/g_product_accum.g_dedicated_mul.g_product_mul1.g_lane[13].g_tight.u_mul/u_mul/g_base_stage.product_s1_reg/P[47:0] is not pipelined (MREG=0). Pipelining the multiplier function will improve performance and will save significant power so it is suggested whenever possible to fully pipeline this function.  If this multiplier was inferred, it is suggested to describe an additional register stage after this function.  If there is no registered adder/accumulator following the multiply function, two pipeline stages are suggested to allow both the MREG and PREG registers to be used.  If the DSP48 was instantiated in the design, it is suggested to set both the MREG and PREG attributes to 1 when performing multiply functions.
Related violations: <none>

DPOP-4#14 Warning
MREG Output pipelining  
DSP g_int4.u_precision_core/u_core/u_prod/u_core/u_core/g_product_accum.g_dedicated_mul.g_product_mul1.g_lane[14].g_tight.u_mul/u_mul/g_base_stage.product0 multiplier stage g_int4.u_precision_core/u_core/u_prod/u_core/u_core/g_product_accum.g_dedicated_mul.g_product_mul1.g_lane[14].g_tight.u_mul/u_mul/g_base_stage.product0/P[47:0] is not pipelined (MREG=0). Pipelining the multiplier function will improve performance and will save significant power so it is suggested whenever possible to fully pipeline this function.  If this multiplier was inferred, it is suggested to describe an additional register stage after this function.  If there is no registered adder/accumulator following the multiply function, two pipeline stages are suggested to allow both the MREG and PREG registers to be used.  If the DSP48 was instantiated in the design, it is suggested to set both the MREG and PREG attributes to 1 when performing multiply functions.
Related violations: <none>

DPOP-4#15 Warning
MREG Output pipelining  
DSP g_int4.u_precision_core/u_core/u_prod/u_core/u_core/g_product_accum.g_dedicated_mul.g_product_mul1.g_lane[14].g_tight.u_mul/u_mul/g_base_stage.product_s1_reg multiplier stage g_int4.u_precision_core/u_core/u_prod/u_core/u_core/g_product_accum.g_dedicated_mul.g_product_mul1.g_lane[14].g_tight.u_mul/u_mul/g_base_stage.product_s1_reg/P[47:0] is not pipelined (MREG=0). Pipelining the multiplier function will improve performance and will save significant power so it is suggested whenever possible to fully pipeline this function.  If this multiplier was inferred, it is suggested to describe an additional register stage after this function.  If there is no registered adder/accumulator following the multiply function, two pipeline stages are suggested to allow both the MREG and PREG registers to be used.  If the DSP48 was instantiated in the design, it is suggested to set both the MREG and PREG attributes to 1 when performing multiply functions.
Related violations: <none>

DPOP-4#16 Warning
MREG Output pipelining  
DSP g_int4.u_precision_core/u_core/u_prod/u_core/u_core/g_product_accum.g_dedicated_mul.g_product_mul1.g_lane[15].g_tight.u_mul/u_mul/g_base_stage.product0 multiplier stage g_int4.u_precision_core/u_core/u_prod/u_core/u_core/g_product_accum.g_dedicated_mul.g_product_mul1.g_lane[15].g_tight.u_mul/u_mul/g_base_stage.product0/P[47:0] is not pipelined (MREG=0). Pipelining the multiplier function will improve performance and will save significant power so it is suggested whenever possible to fully pipeline this function.  If this multiplier was inferred, it is suggested to describe an additional register stage after this function.  If there is no registered adder/accumulator following the multiply function, two pipeline stages are suggested to allow both the MREG and PREG registers to be used.  If the DSP48 was instantiated in the design, it is suggested to set both the MREG and PREG attributes to 1 when performing multiply functions.
Related violations: <none>

DPOP-4#17 Warning
MREG Output pipelining  
DSP g_int4.u_precision_core/u_core/u_prod/u_core/u_core/g_product_accum.g_dedicated_mul.g_product_mul1.g_lane[15].g_tight.u_mul/u_mul/g_base_stage.product_s1_reg multiplier stage g_int4.u_precision_core/u_core/u_prod/u_core/u_core/g_product_accum.g_dedicated_mul.g_product_mul1.g_lane[15].g_tight.u_mul/u_mul/g_base_stage.product_s1_reg/P[47:0] is not pipelined (MREG=0). Pipelining the multiplier function will improve performance and will save significant power so it is suggested whenever possible to fully pipeline this function.  If this multiplier was inferred, it is suggested to describe an additional register stage after this function.  If there is no registered adder/accumulator following the multiply function, two pipeline stages are suggested to allow both the MREG and PREG registers to be used.  If the DSP48 was instantiated in the design, it is suggested to set both the MREG and PREG attributes to 1 when performing multiply functions.
Related violations: <none>

DPOP-4#18 Warning
MREG Output pipelining  
DSP g_int4.u_precision_core/u_core/u_prod/u_core/u_core/g_product_accum.g_dedicated_mul.g_product_mul1.g_lane[1].g_tight.u_mul/u_mul/g_base_stage.product0 multiplier stage g_int4.u_precision_core/u_core/u_prod/u_core/u_core/g_product_accum.g_dedicated_mul.g_product_mul1.g_lane[1].g_tight.u_mul/u_mul/g_base_stage.product0/P[47:0] is not pipelined (MREG=0). Pipelining the multiplier function will improve performance and will save significant power so it is suggested whenever possible to fully pipeline this function.  If this multiplier was inferred, it is suggested to describe an additional register stage after this function.  If there is no registered adder/accumulator following the multiply function, two pipeline stages are suggested to allow both the MREG and PREG registers to be used.  If the DSP48 was instantiated in the design, it is suggested to set both the MREG and PREG attributes to 1 when performing multiply functions.
Related violations: <none>

DPOP-4#19 Warning
MREG Output pipelining  
DSP g_int4.u_precision_core/u_core/u_prod/u_core/u_core/g_product_accum.g_dedicated_mul.g_product_mul1.g_lane[1].g_tight.u_mul/u_mul/g_base_stage.product_s1_reg multiplier stage g_int4.u_precision_core/u_core/u_prod/u_core/u_core/g_product_accum.g_dedicated_mul.g_product_mul1.g_lane[1].g_tight.u_mul/u_mul/g_base_stage.product_s1_reg/P[47:0] is not pipelined (MREG=0). Pipelining the multiplier function will improve performance and will save significant power so it is suggested whenever possible to fully pipeline this function.  If this multiplier was inferred, it is suggested to describe an additional register stage after this function.  If there is no registered adder/accumulator following the multiply function, two pipeline stages are suggested to allow both the MREG and PREG registers to be used.  If the DSP48 was instantiated in the design, it is suggested to set both the MREG and PREG attributes to 1 when performing multiply functions.
Related violations: <none>

DPOP-4#20 Warning
MREG Output pipelining  
DSP g_int4.u_precision_core/u_core/u_prod/u_core/u_core/g_product_accum.g_dedicated_mul.g_product_mul1.g_lane[2].g_tight.u_mul/u_mul/g_base_stage.product0 multiplier stage g_int4.u_precision_core/u_core/u_prod/u_core/u_core/g_product_accum.g_dedicated_mul.g_product_mul1.g_lane[2].g_tight.u_mul/u_mul/g_base_stage.product0/P[47:0] is not pipelined (MREG=0). Pipelining the multiplier function will improve performance and will save significant power so it is suggested whenever possible to fully pipeline this function.  If this multiplier was inferred, it is suggested to describe an additional register stage after this function.  If there is no registered adder/accumulator following the multiply function, two pipeline stages are suggested to allow both the MREG and PREG registers to be used.  If the DSP48 was instantiated in the design, it is suggested to set both the MREG and PREG attributes to 1 when performing multiply functions.
Related violations: <none>

DPOP-4#21 Warning
MREG Output pipelining  
DSP g_int4.u_precision_core/u_core/u_prod/u_core/u_core/g_product_accum.g_dedicated_mul.g_product_mul1.g_lane[2].g_tight.u_mul/u_mul/g_base_stage.product_s1_reg multiplier stage g_int4.u_precision_core/u_core/u_prod/u_core/u_core/g_product_accum.g_dedicated_mul.g_product_mul1.g_lane[2].g_tight.u_mul/u_mul/g_base_stage.product_s1_reg/P[47:0] is not pipelined (MREG=0). Pipelining the multiplier function will improve performance and will save significant power so it is suggested whenever possible to fully pipeline this function.  If this multiplier was inferred, it is suggested to describe an additional register stage after this function.  If there is no registered adder/accumulator following the multiply function, two pipeline stages are suggested to allow both the MREG and PREG registers to be used.  If the DSP48 was instantiated in the design, it is suggested to set both the MREG and PREG attributes to 1 when performing multiply functions.
Related violations: <none>

DPOP-4#22 Warning
MREG Output pipelining  
DSP g_int4.u_precision_core/u_core/u_prod/u_core/u_core/g_product_accum.g_dedicated_mul.g_product_mul1.g_lane[3].g_tight.u_mul/u_mul/g_base_stage.product0 multiplier stage g_int4.u_precision_core/u_core/u_prod/u_core/u_core/g_product_accum.g_dedicated_mul.g_product_mul1.g_lane[3].g_tight.u_mul/u_mul/g_base_stage.product0/P[47:0] is not pipelined (MREG=0). Pipelining the multiplier function will improve performance and will save significant power so it is suggested whenever possible to fully pipeline this function.  If this multiplier was inferred, it is suggested to describe an additional register stage after this function.  If there is no registered adder/accumulator following the multiply function, two pipeline stages are suggested to allow both the MREG and PREG registers to be used.  If the DSP48 was instantiated in the design, it is suggested to set both the MREG and PREG attributes to 1 when performing multiply functions.
Related violations: <none>

DPOP-4#23 Warning
MREG Output pipelining  
DSP g_int4.u_precision_core/u_core/u_prod/u_core/u_core/g_product_accum.g_dedicated_mul.g_product_mul1.g_lane[3].g_tight.u_mul/u_mul/g_base_stage.product_s1_reg multiplier stage g_int4.u_precision_core/u_core/u_prod/u_core/u_core/g_product_accum.g_dedicated_mul.g_product_mul1.g_lane[3].g_tight.u_mul/u_mul/g_base_stage.product_s1_reg/P[47:0] is not pipelined (MREG=0). Pipelining the multiplier function will improve performance and will save significant power so it is suggested whenever possible to fully pipeline this function.  If this multiplier was inferred, it is suggested to describe an additional register stage after this function.  If there is no registered adder/accumulator following the multiply function, two pipeline stages are suggested to allow both the MREG and PREG registers to be used.  If the DSP48 was instantiated in the design, it is suggested to set both the MREG and PREG attributes to 1 when performing multiply functions.
Related violations: <none>

DPOP-4#24 Warning
MREG Output pipelining  
DSP g_int4.u_precision_core/u_core/u_prod/u_core/u_core/g_product_accum.g_dedicated_mul.g_product_mul1.g_lane[4].g_tight.u_mul/u_mul/g_base_stage.product0 multiplier stage g_int4.u_precision_core/u_core/u_prod/u_core/u_core/g_product_accum.g_dedicated_mul.g_product_mul1.g_lane[4].g_tight.u_mul/u_mul/g_base_stage.product0/P[47:0] is not pipelined (MREG=0). Pipelining the multiplier function will improve performance and will save significant power so it is suggested whenever possible to fully pipeline this function.  If this multiplier was inferred, it is suggested to describe an additional register stage after this function.  If there is no registered adder/accumulator following the multiply function, two pipeline stages are suggested to allow both the MREG and PREG registers to be used.  If the DSP48 was instantiated in the design, it is suggested to set both the MREG and PREG attributes to 1 when performing multiply functions.
Related violations: <none>

DPOP-4#25 Warning
MREG Output pipelining  
DSP g_int4.u_precision_core/u_core/u_prod/u_core/u_core/g_product_accum.g_dedicated_mul.g_product_mul1.g_lane[4].g_tight.u_mul/u_mul/g_base_stage.product_s1_reg multiplier stage g_int4.u_precision_core/u_core/u_prod/u_core/u_core/g_product_accum.g_dedicated_mul.g_product_mul1.g_lane[4].g_tight.u_mul/u_mul/g_base_stage.product_s1_reg/P[47:0] is not pipelined (MREG=0). Pipelining the multiplier function will improve performance and will save significant power so it is suggested whenever possible to fully pipeline this function.  If this multiplier was inferred, it is suggested to describe an additional register stage after this function.  If there is no registered adder/accumulator following the multiply function, two pipeline stages are suggested to allow both the MREG and PREG registers to be used.  If the DSP48 was instantiated in the design, it is suggested to set both the MREG and PREG attributes to 1 when performing multiply functions.
Related violations: <none>

DPOP-4#26 Warning
MREG Output pipelining  
DSP g_int4.u_precision_core/u_core/u_prod/u_core/u_core/g_product_accum.g_dedicated_mul.g_product_mul1.g_lane[5].g_tight.u_mul/u_mul/g_base_stage.product0 multiplier stage g_int4.u_precision_core/u_core/u_prod/u_core/u_core/g_product_accum.g_dedicated_mul.g_product_mul1.g_lane[5].g_tight.u_mul/u_mul/g_base_stage.product0/P[47:0] is not pipelined (MREG=0). Pipelining the multiplier function will improve performance and will save significant power so it is suggested whenever possible to fully pipeline this function.  If this multiplier was inferred, it is suggested to describe an additional register stage after this function.  If there is no registered adder/accumulator following the multiply function, two pipeline stages are suggested to allow both the MREG and PREG registers to be used.  If the DSP48 was instantiated in the design, it is suggested to set both the MREG and PREG attributes to 1 when performing multiply functions.
Related violations: <none>

DPOP-4#27 Warning
MREG Output pipelining  
DSP g_int4.u_precision_core/u_core/u_prod/u_core/u_core/g_product_accum.g_dedicated_mul.g_product_mul1.g_lane[5].g_tight.u_mul/u_mul/g_base_stage.product_s1_reg multiplier stage g_int4.u_precision_core/u_core/u_prod/u_core/u_core/g_product_accum.g_dedicated_mul.g_product_mul1.g_lane[5].g_tight.u_mul/u_mul/g_base_stage.product_s1_reg/P[47:0] is not pipelined (MREG=0). Pipelining the multiplier function will improve performance and will save significant power so it is suggested whenever possible to fully pipeline this function.  If this multiplier was inferred, it is suggested to describe an additional register stage after this function.  If there is no registered adder/accumulator following the multiply function, two pipeline stages are suggested to allow both the MREG and PREG registers to be used.  If the DSP48 was instantiated in the design, it is suggested to set both the MREG and PREG attributes to 1 when performing multiply functions.
Related violations: <none>

DPOP-4#28 Warning
MREG Output pipelining  
DSP g_int4.u_precision_core/u_core/u_prod/u_core/u_core/g_product_accum.g_dedicated_mul.g_product_mul1.g_lane[6].g_tight.u_mul/u_mul/g_base_stage.product0 multiplier stage g_int4.u_precision_core/u_core/u_prod/u_core/u_core/g_product_accum.g_dedicated_mul.g_product_mul1.g_lane[6].g_tight.u_mul/u_mul/g_base_stage.product0/P[47:0] is not pipelined (MREG=0). Pipelining the multiplier function will improve performance and will save significant power so it is suggested whenever possible to fully pipeline this function.  If this multiplier was inferred, it is suggested to describe an additional register stage after this function.  If there is no registered adder/accumulator following the multiply function, two pipeline stages are suggested to allow both the MREG and PREG registers to be used.  If the DSP48 was instantiated in the design, it is suggested to set both the MREG and PREG attributes to 1 when performing multiply functions.
Related violations: <none>

DPOP-4#29 Warning
MREG Output pipelining  
DSP g_int4.u_precision_core/u_core/u_prod/u_core/u_core/g_product_accum.g_dedicated_mul.g_product_mul1.g_lane[6].g_tight.u_mul/u_mul/g_base_stage.product_s1_reg multiplier stage g_int4.u_precision_core/u_core/u_prod/u_core/u_core/g_product_accum.g_dedicated_mul.g_product_mul1.g_lane[6].g_tight.u_mul/u_mul/g_base_stage.product_s1_reg/P[47:0] is not pipelined (MREG=0). Pipelining the multiplier function will improve performance and will save significant power so it is suggested whenever possible to fully pipeline this function.  If this multiplier was inferred, it is suggested to describe an additional register stage after this function.  If there is no registered adder/accumulator following the multiply function, two pipeline stages are suggested to allow both the MREG and PREG registers to be used.  If the DSP48 was instantiated in the design, it is suggested to set both the MREG and PREG attributes to 1 when performing multiply functions.
Related violations: <none>

DPOP-4#30 Warning
MREG Output pipelining  
DSP g_int4.u_precision_core/u_core/u_prod/u_core/u_core/g_product_accum.g_dedicated_mul.g_product_mul1.g_lane[7].g_tight.u_mul/u_mul/g_base_stage.product0 multiplier stage g_int4.u_precision_core/u_core/u_prod/u_core/u_core/g_product_accum.g_dedicated_mul.g_product_mul1.g_lane[7].g_tight.u_mul/u_mul/g_base_stage.product0/P[47:0] is not pipelined (MREG=0). Pipelining the multiplier function will improve performance and will save significant power so it is suggested whenever possible to fully pipeline this function.  If this multiplier was inferred, it is suggested to describe an additional register stage after this function.  If there is no registered adder/accumulator following the multiply function, two pipeline stages are suggested to allow both the MREG and PREG registers to be used.  If the DSP48 was instantiated in the design, it is suggested to set both the MREG and PREG attributes to 1 when performing multiply functions.
Related violations: <none>

DPOP-4#31 Warning
MREG Output pipelining  
DSP g_int4.u_precision_core/u_core/u_prod/u_core/u_core/g_product_accum.g_dedicated_mul.g_product_mul1.g_lane[7].g_tight.u_mul/u_mul/g_base_stage.product_s1_reg multiplier stage g_int4.u_precision_core/u_core/u_prod/u_core/u_core/g_product_accum.g_dedicated_mul.g_product_mul1.g_lane[7].g_tight.u_mul/u_mul/g_base_stage.product_s1_reg/P[47:0] is not pipelined (MREG=0). Pipelining the multiplier function will improve performance and will save significant power so it is suggested whenever possible to fully pipeline this function.  If this multiplier was inferred, it is suggested to describe an additional register stage after this function.  If there is no registered adder/accumulator following the multiply function, two pipeline stages are suggested to allow both the MREG and PREG registers to be used.  If the DSP48 was instantiated in the design, it is suggested to set both the MREG and PREG attributes to 1 when performing multiply functions.
Related violations: <none>

DPOP-4#32 Warning
MREG Output pipelining  
DSP g_int4.u_precision_core/u_core/u_prod/u_core/u_core/g_product_accum.g_dedicated_mul.g_product_mul1.g_lane[8].g_tight.u_mul/u_mul/g_base_stage.product0 multiplier stage g_int4.u_precision_core/u_core/u_prod/u_core/u_core/g_product_accum.g_dedicated_mul.g_product_mul1.g_lane[8].g_tight.u_mul/u_mul/g_base_stage.product0/P[47:0] is not pipelined (MREG=0). Pipelining the multiplier function will improve performance and will save significant power so it is suggested whenever possible to fully pipeline this function.  If this multiplier was inferred, it is suggested to describe an additional register stage after this function.  If there is no registered adder/accumulator following the multiply function, two pipeline stages are suggested to allow both the MREG and PREG registers to be used.  If the DSP48 was instantiated in the design, it is suggested to set both the MREG and PREG attributes to 1 when performing multiply functions.
Related violations: <none>

DPOP-4#33 Warning
MREG Output pipelining  
DSP g_int4.u_precision_core/u_core/u_prod/u_core/u_core/g_product_accum.g_dedicated_mul.g_product_mul1.g_lane[8].g_tight.u_mul/u_mul/g_base_stage.product_s1_reg multiplier stage g_int4.u_precision_core/u_core/u_prod/u_core/u_core/g_product_accum.g_dedicated_mul.g_product_mul1.g_lane[8].g_tight.u_mul/u_mul/g_base_stage.product_s1_reg/P[47:0] is not pipelined (MREG=0). Pipelining the multiplier function will improve performance and will save significant power so it is suggested whenever possible to fully pipeline this function.  If this multiplier was inferred, it is suggested to describe an additional register stage after this function.  If there is no registered adder/accumulator following the multiply function, two pipeline stages are suggested to allow both the MREG and PREG registers to be used.  If the DSP48 was instantiated in the design, it is suggested to set both the MREG and PREG attributes to 1 when performing multiply functions.
Related violations: <none>

DPOP-4#34 Warning
MREG Output pipelining  
DSP g_int4.u_precision_core/u_core/u_prod/u_core/u_core/g_product_accum.g_dedicated_mul.g_product_mul1.g_lane[9].g_tight.u_mul/u_mul/g_base_stage.product0 multiplier stage g_int4.u_precision_core/u_core/u_prod/u_core/u_core/g_product_accum.g_dedicated_mul.g_product_mul1.g_lane[9].g_tight.u_mul/u_mul/g_base_stage.product0/P[47:0] is not pipelined (MREG=0). Pipelining the multiplier function will improve performance and will save significant power so it is suggested whenever possible to fully pipeline this function.  If this multiplier was inferred, it is suggested to describe an additional register stage after this function.  If there is no registered adder/accumulator following the multiply function, two pipeline stages are suggested to allow both the MREG and PREG registers to be used.  If the DSP48 was instantiated in the design, it is suggested to set both the MREG and PREG attributes to 1 when performing multiply functions.
Related violations: <none>

DPOP-4#35 Warning
MREG Output pipelining  
DSP g_int4.u_precision_core/u_core/u_prod/u_core/u_core/g_product_accum.g_dedicated_mul.g_product_mul1.g_lane[9].g_tight.u_mul/u_mul/g_base_stage.product_s1_reg multiplier stage g_int4.u_precision_core/u_core/u_prod/u_core/u_core/g_product_accum.g_dedicated_mul.g_product_mul1.g_lane[9].g_tight.u_mul/u_mul/g_base_stage.product_s1_reg/P[47:0] is not pipelined (MREG=0). Pipelining the multiplier function will improve performance and will save significant power so it is suggested whenever possible to fully pipeline this function.  If this multiplier was inferred, it is suggested to describe an additional register stage after this function.  If there is no registered adder/accumulator following the multiply function, two pipeline stages are suggested to allow both the MREG and PREG registers to be used.  If the DSP48 was instantiated in the design, it is suggested to set both the MREG and PREG attributes to 1 when performing multiply functions.
Related violations: <none>

DPOP-4#36 Warning
MREG Output pipelining  
DSP g_int4.u_precision_core/u_core/u_prod/u_core/u_core/g_product_accum.g_dedicated_mul.g_product_mul[0].g_tight.u_mul/u_mul/g_base_stage.product0 multiplier stage g_int4.u_precision_core/u_core/u_prod/u_core/u_core/g_product_accum.g_dedicated_mul.g_product_mul[0].g_tight.u_mul/u_mul/g_base_stage.product0/P[47:0] is not pipelined (MREG=0). Pipelining the multiplier function will improve performance and will save significant power so it is suggested whenever possible to fully pipeline this function.  If this multiplier was inferred, it is suggested to describe an additional register stage after this function.  If there is no registered adder/accumulator following the multiply function, two pipeline stages are suggested to allow both the MREG and PREG registers to be used.  If the DSP48 was instantiated in the design, it is suggested to set both the MREG and PREG attributes to 1 when performing multiply functions.
Related violations: <none>

DPOP-4#37 Warning
MREG Output pipelining  
DSP g_int4.u_precision_core/u_core/u_prod/u_core/u_core/g_product_accum.g_dedicated_mul.g_product_mul[0].g_tight.u_mul/u_mul/g_base_stage.product_s1_reg multiplier stage g_int4.u_precision_core/u_core/u_prod/u_core/u_core/g_product_accum.g_dedicated_mul.g_product_mul[0].g_tight.u_mul/u_mul/g_base_stage.product_s1_reg/P[47:0] is not pipelined (MREG=0). Pipelining the multiplier function will improve performance and will save significant power so it is suggested whenever possible to fully pipeline this function.  If this multiplier was inferred, it is suggested to describe an additional register stage after this function.  If there is no registered adder/accumulator following the multiply function, two pipeline stages are suggested to allow both the MREG and PREG registers to be used.  If the DSP48 was instantiated in the design, it is suggested to set both the MREG and PREG attributes to 1 when performing multiply functions.
Related violations: <none>

DPOP-4#38 Warning
MREG Output pipelining  
DSP g_int4.u_precision_core/u_core/u_prod/u_core/u_core/g_product_accum.g_dedicated_mul.g_product_mul[10].g_tight.u_mul/u_mul/g_base_stage.product0 multiplier stage g_int4.u_precision_core/u_core/u_prod/u_core/u_core/g_product_accum.g_dedicated_mul.g_product_mul[10].g_tight.u_mul/u_mul/g_base_stage.product0/P[47:0] is not pipelined (MREG=0). Pipelining the multiplier function will improve performance and will save significant power so it is suggested whenever possible to fully pipeline this function.  If this multiplier was inferred, it is suggested to describe an additional register stage after this function.  If there is no registered adder/accumulator following the multiply function, two pipeline stages are suggested to allow both the MREG and PREG registers to be used.  If the DSP48 was instantiated in the design, it is suggested to set both the MREG and PREG attributes to 1 when performing multiply functions.
Related violations: <none>

DPOP-4#39 Warning
MREG Output pipelining  
DSP g_int4.u_precision_core/u_core/u_prod/u_core/u_core/g_product_accum.g_dedicated_mul.g_product_mul[10].g_tight.u_mul/u_mul/g_base_stage.product_s1_reg multiplier stage g_int4.u_precision_core/u_core/u_prod/u_core/u_core/g_product_accum.g_dedicated_mul.g_product_mul[10].g_tight.u_mul/u_mul/g_base_stage.product_s1_reg/P[47:0] is not pipelined (MREG=0). Pipelining the multiplier function will improve performance and will save significant power so it is suggested whenever possible to fully pipeline this function.  If this multiplier was inferred, it is suggested to describe an additional register stage after this function.  If there is no registered adder/accumulator following the multiply function, two pipeline stages are suggested to allow both the MREG and PREG registers to be used.  If the DSP48 was instantiated in the design, it is suggested to set both the MREG and PREG attributes to 1 when performing multiply functions.
Related violations: <none>

DPOP-4#40 Warning
MREG Output pipelining  
DSP g_int4.u_precision_core/u_core/u_prod/u_core/u_core/g_product_accum.g_dedicated_mul.g_product_mul[11].g_tight.u_mul/u_mul/g_base_stage.product0 multiplier stage g_int4.u_precision_core/u_core/u_prod/u_core/u_core/g_product_accum.g_dedicated_mul.g_product_mul[11].g_tight.u_mul/u_mul/g_base_stage.product0/P[47:0] is not pipelined (MREG=0). Pipelining the multiplier function will improve performance and will save significant power so it is suggested whenever possible to fully pipeline this function.  If this multiplier was inferred, it is suggested to describe an additional register stage after this function.  If there is no registered adder/accumulator following the multiply function, two pipeline stages are suggested to allow both the MREG and PREG registers to be used.  If the DSP48 was instantiated in the design, it is suggested to set both the MREG and PREG attributes to 1 when performing multiply functions.
Related violations: <none>

DPOP-4#41 Warning
MREG Output pipelining  
DSP g_int4.u_precision_core/u_core/u_prod/u_core/u_core/g_product_accum.g_dedicated_mul.g_product_mul[11].g_tight.u_mul/u_mul/g_base_stage.product_s1_reg multiplier stage g_int4.u_precision_core/u_core/u_prod/u_core/u_core/g_product_accum.g_dedicated_mul.g_product_mul[11].g_tight.u_mul/u_mul/g_base_stage.product_s1_reg/P[47:0] is not pipelined (MREG=0). Pipelining the multiplier function will improve performance and will save significant power so it is suggested whenever possible to fully pipeline this function.  If this multiplier was inferred, it is suggested to describe an additional register stage after this function.  If there is no registered adder/accumulator following the multiply function, two pipeline stages are suggested to allow both the MREG and PREG registers to be used.  If the DSP48 was instantiated in the design, it is suggested to set both the MREG and PREG attributes to 1 when performing multiply functions.
Related violations: <none>

DPOP-4#42 Warning
MREG Output pipelining  
DSP g_int4.u_precision_core/u_core/u_prod/u_core/u_core/g_product_accum.g_dedicated_mul.g_product_mul[12].g_tight.u_mul/u_mul/g_base_stage.product0 multiplier stage g_int4.u_precision_core/u_core/u_prod/u_core/u_core/g_product_accum.g_dedicated_mul.g_product_mul[12].g_tight.u_mul/u_mul/g_base_stage.product0/P[47:0] is not pipelined (MREG=0). Pipelining the multiplier function will improve performance and will save significant power so it is suggested whenever possible to fully pipeline this function.  If this multiplier was inferred, it is suggested to describe an additional register stage after this function.  If there is no registered adder/accumulator following the multiply function, two pipeline stages are suggested to allow both the MREG and PREG registers to be used.  If the DSP48 was instantiated in the design, it is suggested to set both the MREG and PREG attributes to 1 when performing multiply functions.
Related violations: <none>

DPOP-4#43 Warning
MREG Output pipelining  
DSP g_int4.u_precision_core/u_core/u_prod/u_core/u_core/g_product_accum.g_dedicated_mul.g_product_mul[12].g_tight.u_mul/u_mul/g_base_stage.product_s1_reg multiplier stage g_int4.u_precision_core/u_core/u_prod/u_core/u_core/g_product_accum.g_dedicated_mul.g_product_mul[12].g_tight.u_mul/u_mul/g_base_stage.product_s1_reg/P[47:0] is not pipelined (MREG=0). Pipelining the multiplier function will improve performance and will save significant power so it is suggested whenever possible to fully pipeline this function.  If this multiplier was inferred, it is suggested to describe an additional register stage after this function.  If there is no registered adder/accumulator following the multiply function, two pipeline stages are suggested to allow both the MREG and PREG registers to be used.  If the DSP48 was instantiated in the design, it is suggested to set both the MREG and PREG attributes to 1 when performing multiply functions.
Related violations: <none>

DPOP-4#44 Warning
MREG Output pipelining  
DSP g_int4.u_precision_core/u_core/u_prod/u_core/u_core/g_product_accum.g_dedicated_mul.g_product_mul[13].g_tight.u_mul/u_mul/g_base_stage.product0 multiplier stage g_int4.u_precision_core/u_core/u_prod/u_core/u_core/g_product_accum.g_dedicated_mul.g_product_mul[13].g_tight.u_mul/u_mul/g_base_stage.product0/P[47:0] is not pipelined (MREG=0). Pipelining the multiplier function will improve performance and will save significant power so it is suggested whenever possible to fully pipeline this function.  If this multiplier was inferred, it is suggested to describe an additional register stage after this function.  If there is no registered adder/accumulator following the multiply function, two pipeline stages are suggested to allow both the MREG and PREG registers to be used.  If the DSP48 was instantiated in the design, it is suggested to set both the MREG and PREG attributes to 1 when performing multiply functions.
Related violations: <none>

DPOP-4#45 Warning
MREG Output pipelining  
DSP g_int4.u_precision_core/u_core/u_prod/u_core/u_core/g_product_accum.g_dedicated_mul.g_product_mul[13].g_tight.u_mul/u_mul/g_base_stage.product_s1_reg multiplier stage g_int4.u_precision_core/u_core/u_prod/u_core/u_core/g_product_accum.g_dedicated_mul.g_product_mul[13].g_tight.u_mul/u_mul/g_base_stage.product_s1_reg/P[47:0] is not pipelined (MREG=0). Pipelining the multiplier function will improve performance and will save significant power so it is suggested whenever possible to fully pipeline this function.  If this multiplier was inferred, it is suggested to describe an additional register stage after this function.  If there is no registered adder/accumulator following the multiply function, two pipeline stages are suggested to allow both the MREG and PREG registers to be used.  If the DSP48 was instantiated in the design, it is suggested to set both the MREG and PREG attributes to 1 when performing multiply functions.
Related violations: <none>

DPOP-4#46 Warning
MREG Output pipelining  
DSP g_int4.u_precision_core/u_core/u_prod/u_core/u_core/g_product_accum.g_dedicated_mul.g_product_mul[14].g_tight.u_mul/u_mul/g_base_stage.product0 multiplier stage g_int4.u_precision_core/u_core/u_prod/u_core/u_core/g_product_accum.g_dedicated_mul.g_product_mul[14].g_tight.u_mul/u_mul/g_base_stage.product0/P[47:0] is not pipelined (MREG=0). Pipelining the multiplier function will improve performance and will save significant power so it is suggested whenever possible to fully pipeline this function.  If this multiplier was inferred, it is suggested to describe an additional register stage after this function.  If there is no registered adder/accumulator following the multiply function, two pipeline stages are suggested to allow both the MREG and PREG registers to be used.  If the DSP48 was instantiated in the design, it is suggested to set both the MREG and PREG attributes to 1 when performing multiply functions.
Related violations: <none>

DPOP-4#47 Warning
MREG Output pipelining  
DSP g_int4.u_precision_core/u_core/u_prod/u_core/u_core/g_product_accum.g_dedicated_mul.g_product_mul[14].g_tight.u_mul/u_mul/g_base_stage.product_s1_reg multiplier stage g_int4.u_precision_core/u_core/u_prod/u_core/u_core/g_product_accum.g_dedicated_mul.g_product_mul[14].g_tight.u_mul/u_mul/g_base_stage.product_s1_reg/P[47:0] is not pipelined (MREG=0). Pipelining the multiplier function will improve performance and will save significant power so it is suggested whenever possible to fully pipeline this function.  If this multiplier was inferred, it is suggested to describe an additional register stage after this function.  If there is no registered adder/accumulator following the multiply function, two pipeline stages are suggested to allow both the MREG and PREG registers to be used.  If the DSP48 was instantiated in the design, it is suggested to set both the MREG and PREG attributes to 1 when performing multiply functions.
Related violations: <none>

DPOP-4#48 Warning
MREG Output pipelining  
DSP g_int4.u_precision_core/u_core/u_prod/u_core/u_core/g_product_accum.g_dedicated_mul.g_product_mul[15].g_tight.u_mul/u_mul/g_base_stage.product0 multiplier stage g_int4.u_precision_core/u_core/u_prod/u_core/u_core/g_product_accum.g_dedicated_mul.g_product_mul[15].g_tight.u_mul/u_mul/g_base_stage.product0/P[47:0] is not pipelined (MREG=0). Pipelining the multiplier function will improve performance and will save significant power so it is suggested whenever possible to fully pipeline this function.  If this multiplier was inferred, it is suggested to describe an additional register stage after this function.  If there is no registered adder/accumulator following the multiply function, two pipeline stages are suggested to allow both the MREG and PREG registers to be used.  If the DSP48 was instantiated in the design, it is suggested to set both the MREG and PREG attributes to 1 when performing multiply functions.
Related violations: <none>

DPOP-4#49 Warning
MREG Output pipelining  
DSP g_int4.u_precision_core/u_core/u_prod/u_core/u_core/g_product_accum.g_dedicated_mul.g_product_mul[15].g_tight.u_mul/u_mul/g_base_stage.product_s1_reg multiplier stage g_int4.u_precision_core/u_core/u_prod/u_core/u_core/g_product_accum.g_dedicated_mul.g_product_mul[15].g_tight.u_mul/u_mul/g_base_stage.product_s1_reg/P[47:0] is not pipelined (MREG=0). Pipelining the multiplier function will improve performance and will save significant power so it is suggested whenever possible to fully pipeline this function.  If this multiplier was inferred, it is suggested to describe an additional register stage after this function.  If there is no registered adder/accumulator following the multiply function, two pipeline stages are suggested to allow both the MREG and PREG registers to be used.  If the DSP48 was instantiated in the design, it is suggested to set both the MREG and PREG attributes to 1 when performing multiply functions.
Related violations: <none>

DPOP-4#50 Warning
MREG Output pipelining  
DSP g_int4.u_precision_core/u_core/u_prod/u_core/u_core/g_product_accum.g_dedicated_mul.g_product_mul[1].g_tight.u_mul/u_mul/g_base_stage.product0 multiplier stage g_int4.u_precision_core/u_core/u_prod/u_core/u_core/g_product_accum.g_dedicated_mul.g_product_mul[1].g_tight.u_mul/u_mul/g_base_stage.product0/P[47:0] is not pipelined (MREG=0). Pipelining the multiplier function will improve performance and will save significant power so it is suggested whenever possible to fully pipeline this function.  If this multiplier was inferred, it is suggested to describe an additional register stage after this function.  If there is no registered adder/accumulator following the multiply function, two pipeline stages are suggested to allow both the MREG and PREG registers to be used.  If the DSP48 was instantiated in the design, it is suggested to set both the MREG and PREG attributes to 1 when performing multiply functions.
Related violations: <none>

DPOP-4#51 Warning
MREG Output pipelining  
DSP g_int4.u_precision_core/u_core/u_prod/u_core/u_core/g_product_accum.g_dedicated_mul.g_product_mul[1].g_tight.u_mul/u_mul/g_base_stage.product_s1_reg multiplier stage g_int4.u_precision_core/u_core/u_prod/u_core/u_core/g_product_accum.g_dedicated_mul.g_product_mul[1].g_tight.u_mul/u_mul/g_base_stage.product_s1_reg/P[47:0] is not pipelined (MREG=0). Pipelining the multiplier function will improve performance and will save significant power so it is suggested whenever possible to fully pipeline this function.  If this multiplier was inferred, it is suggested to describe an additional register stage after this function.  If there is no registered adder/accumulator following the multiply function, two pipeline stages are suggested to allow both the MREG and PREG registers to be used.  If the DSP48 was instantiated in the design, it is suggested to set both the MREG and PREG attributes to 1 when performing multiply functions.
Related violations: <none>

DPOP-4#52 Warning
MREG Output pipelining  
DSP g_int4.u_precision_core/u_core/u_prod/u_core/u_core/g_product_accum.g_dedicated_mul.g_product_mul[2].g_tight.u_mul/u_mul/g_base_stage.product0 multiplier stage g_int4.u_precision_core/u_core/u_prod/u_core/u_core/g_product_accum.g_dedicated_mul.g_product_mul[2].g_tight.u_mul/u_mul/g_base_stage.product0/P[47:0] is not pipelined (MREG=0). Pipelining the multiplier function will improve performance and will save significant power so it is suggested whenever possible to fully pipeline this function.  If this multiplier was inferred, it is suggested to describe an additional register stage after this function.  If there is no registered adder/accumulator following the multiply function, two pipeline stages are suggested to allow both the MREG and PREG registers to be used.  If the DSP48 was instantiated in the design, it is suggested to set both the MREG and PREG attributes to 1 when performing multiply functions.
Related violations: <none>

DPOP-4#53 Warning
MREG Output pipelining  
DSP g_int4.u_precision_core/u_core/u_prod/u_core/u_core/g_product_accum.g_dedicated_mul.g_product_mul[2].g_tight.u_mul/u_mul/g_base_stage.product_s1_reg multiplier stage g_int4.u_precision_core/u_core/u_prod/u_core/u_core/g_product_accum.g_dedicated_mul.g_product_mul[2].g_tight.u_mul/u_mul/g_base_stage.product_s1_reg/P[47:0] is not pipelined (MREG=0). Pipelining the multiplier function will improve performance and will save significant power so it is suggested whenever possible to fully pipeline this function.  If this multiplier was inferred, it is suggested to describe an additional register stage after this function.  If there is no registered adder/accumulator following the multiply function, two pipeline stages are suggested to allow both the MREG and PREG registers to be used.  If the DSP48 was instantiated in the design, it is suggested to set both the MREG and PREG attributes to 1 when performing multiply functions.
Related violations: <none>

DPOP-4#54 Warning
MREG Output pipelining  
DSP g_int4.u_precision_core/u_core/u_prod/u_core/u_core/g_product_accum.g_dedicated_mul.g_product_mul[3].g_tight.u_mul/u_mul/g_base_stage.product0 multiplier stage g_int4.u_precision_core/u_core/u_prod/u_core/u_core/g_product_accum.g_dedicated_mul.g_product_mul[3].g_tight.u_mul/u_mul/g_base_stage.product0/P[47:0] is not pipelined (MREG=0). Pipelining the multiplier function will improve performance and will save significant power so it is suggested whenever possible to fully pipeline this function.  If this multiplier was inferred, it is suggested to describe an additional register stage after this function.  If there is no registered adder/accumulator following the multiply function, two pipeline stages are suggested to allow both the MREG and PREG registers to be used.  If the DSP48 was instantiated in the design, it is suggested to set both the MREG and PREG attributes to 1 when performing multiply functions.
Related violations: <none>

DPOP-4#55 Warning
MREG Output pipelining  
DSP g_int4.u_precision_core/u_core/u_prod/u_core/u_core/g_product_accum.g_dedicated_mul.g_product_mul[3].g_tight.u_mul/u_mul/g_base_stage.product_s1_reg multiplier stage g_int4.u_precision_core/u_core/u_prod/u_core/u_core/g_product_accum.g_dedicated_mul.g_product_mul[3].g_tight.u_mul/u_mul/g_base_stage.product_s1_reg/P[47:0] is not pipelined (MREG=0). Pipelining the multiplier function will improve performance and will save significant power so it is suggested whenever possible to fully pipeline this function.  If this multiplier was inferred, it is suggested to describe an additional register stage after this function.  If there is no registered adder/accumulator following the multiply function, two pipeline stages are suggested to allow both the MREG and PREG registers to be used.  If the DSP48 was instantiated in the design, it is suggested to set both the MREG and PREG attributes to 1 when performing multiply functions.
Related violations: <none>

DPOP-4#56 Warning
MREG Output pipelining  
DSP g_int4.u_precision_core/u_core/u_prod/u_core/u_core/g_product_accum.g_dedicated_mul.g_product_mul[4].g_tight.u_mul/u_mul/g_base_stage.product0 multiplier stage g_int4.u_precision_core/u_core/u_prod/u_core/u_core/g_product_accum.g_dedicated_mul.g_product_mul[4].g_tight.u_mul/u_mul/g_base_stage.product0/P[47:0] is not pipelined (MREG=0). Pipelining the multiplier function will improve performance and will save significant power so it is suggested whenever possible to fully pipeline this function.  If this multiplier was inferred, it is suggested to describe an additional register stage after this function.  If there is no registered adder/accumulator following the multiply function, two pipeline stages are suggested to allow both the MREG and PREG registers to be used.  If the DSP48 was instantiated in the design, it is suggested to set both the MREG and PREG attributes to 1 when performing multiply functions.
Related violations: <none>

DPOP-4#57 Warning
MREG Output pipelining  
DSP g_int4.u_precision_core/u_core/u_prod/u_core/u_core/g_product_accum.g_dedicated_mul.g_product_mul[4].g_tight.u_mul/u_mul/g_base_stage.product_s1_reg multiplier stage g_int4.u_precision_core/u_core/u_prod/u_core/u_core/g_product_accum.g_dedicated_mul.g_product_mul[4].g_tight.u_mul/u_mul/g_base_stage.product_s1_reg/P[47:0] is not pipelined (MREG=0). Pipelining the multiplier function will improve performance and will save significant power so it is suggested whenever possible to fully pipeline this function.  If this multiplier was inferred, it is suggested to describe an additional register stage after this function.  If there is no registered adder/accumulator following the multiply function, two pipeline stages are suggested to allow both the MREG and PREG registers to be used.  If the DSP48 was instantiated in the design, it is suggested to set both the MREG and PREG attributes to 1 when performing multiply functions.
Related violations: <none>

DPOP-4#58 Warning
MREG Output pipelining  
DSP g_int4.u_precision_core/u_core/u_prod/u_core/u_core/g_product_accum.g_dedicated_mul.g_product_mul[5].g_tight.u_mul/u_mul/g_base_stage.product0 multiplier stage g_int4.u_precision_core/u_core/u_prod/u_core/u_core/g_product_accum.g_dedicated_mul.g_product_mul[5].g_tight.u_mul/u_mul/g_base_stage.product0/P[47:0] is not pipelined (MREG=0). Pipelining the multiplier function will improve performance and will save significant power so it is suggested whenever possible to fully pipeline this function.  If this multiplier was inferred, it is suggested to describe an additional register stage after this function.  If there is no registered adder/accumulator following the multiply function, two pipeline stages are suggested to allow both the MREG and PREG registers to be used.  If the DSP48 was instantiated in the design, it is suggested to set both the MREG and PREG attributes to 1 when performing multiply functions.
Related violations: <none>

DPOP-4#59 Warning
MREG Output pipelining  
DSP g_int4.u_precision_core/u_core/u_prod/u_core/u_core/g_product_accum.g_dedicated_mul.g_product_mul[5].g_tight.u_mul/u_mul/g_base_stage.product_s1_reg multiplier stage g_int4.u_precision_core/u_core/u_prod/u_core/u_core/g_product_accum.g_dedicated_mul.g_product_mul[5].g_tight.u_mul/u_mul/g_base_stage.product_s1_reg/P[47:0] is not pipelined (MREG=0). Pipelining the multiplier function will improve performance and will save significant power so it is suggested whenever possible to fully pipeline this function.  If this multiplier was inferred, it is suggested to describe an additional register stage after this function.  If there is no registered adder/accumulator following the multiply function, two pipeline stages are suggested to allow both the MREG and PREG registers to be used.  If the DSP48 was instantiated in the design, it is suggested to set both the MREG and PREG attributes to 1 when performing multiply functions.
Related violations: <none>

DPOP-4#60 Warning
MREG Output pipelining  
DSP g_int4.u_precision_core/u_core/u_prod/u_core/u_core/g_product_accum.g_dedicated_mul.g_product_mul[6].g_tight.u_mul/u_mul/g_base_stage.product0 multiplier stage g_int4.u_precision_core/u_core/u_prod/u_core/u_core/g_product_accum.g_dedicated_mul.g_product_mul[6].g_tight.u_mul/u_mul/g_base_stage.product0/P[47:0] is not pipelined (MREG=0). Pipelining the multiplier function will improve performance and will save significant power so it is suggested whenever possible to fully pipeline this function.  If this multiplier was inferred, it is suggested to describe an additional register stage after this function.  If there is no registered adder/accumulator following the multiply function, two pipeline stages are suggested to allow both the MREG and PREG registers to be used.  If the DSP48 was instantiated in the design, it is suggested to set both the MREG and PREG attributes to 1 when performing multiply functions.
Related violations: <none>

DPOP-4#61 Warning
MREG Output pipelining  
DSP g_int4.u_precision_core/u_core/u_prod/u_core/u_core/g_product_accum.g_dedicated_mul.g_product_mul[6].g_tight.u_mul/u_mul/g_base_stage.product_s1_reg multiplier stage g_int4.u_precision_core/u_core/u_prod/u_core/u_core/g_product_accum.g_dedicated_mul.g_product_mul[6].g_tight.u_mul/u_mul/g_base_stage.product_s1_reg/P[47:0] is not pipelined (MREG=0). Pipelining the multiplier function will improve performance and will save significant power so it is suggested whenever possible to fully pipeline this function.  If this multiplier was inferred, it is suggested to describe an additional register stage after this function.  If there is no registered adder/accumulator following the multiply function, two pipeline stages are suggested to allow both the MREG and PREG registers to be used.  If the DSP48 was instantiated in the design, it is suggested to set both the MREG and PREG attributes to 1 when performing multiply functions.
Related violations: <none>

DPOP-4#62 Warning
MREG Output pipelining  
DSP g_int4.u_precision_core/u_core/u_prod/u_core/u_core/g_product_accum.g_dedicated_mul.g_product_mul[7].g_tight.u_mul/u_mul/g_base_stage.product0 multiplier stage g_int4.u_precision_core/u_core/u_prod/u_core/u_core/g_product_accum.g_dedicated_mul.g_product_mul[7].g_tight.u_mul/u_mul/g_base_stage.product0/P[47:0] is not pipelined (MREG=0). Pipelining the multiplier function will improve performance and will save significant power so it is suggested whenever possible to fully pipeline this function.  If this multiplier was inferred, it is suggested to describe an additional register stage after this function.  If there is no registered adder/accumulator following the multiply function, two pipeline stages are suggested to allow both the MREG and PREG registers to be used.  If the DSP48 was instantiated in the design, it is suggested to set both the MREG and PREG attributes to 1 when performing multiply functions.
Related violations: <none>

DPOP-4#63 Warning
MREG Output pipelining  
DSP g_int4.u_precision_core/u_core/u_prod/u_core/u_core/g_product_accum.g_dedicated_mul.g_product_mul[7].g_tight.u_mul/u_mul/g_base_stage.product_s1_reg multiplier stage g_int4.u_precision_core/u_core/u_prod/u_core/u_core/g_product_accum.g_dedicated_mul.g_product_mul[7].g_tight.u_mul/u_mul/g_base_stage.product_s1_reg/P[47:0] is not pipelined (MREG=0). Pipelining the multiplier function will improve performance and will save significant power so it is suggested whenever possible to fully pipeline this function.  If this multiplier was inferred, it is suggested to describe an additional register stage after this function.  If there is no registered adder/accumulator following the multiply function, two pipeline stages are suggested to allow both the MREG and PREG registers to be used.  If the DSP48 was instantiated in the design, it is suggested to set both the MREG and PREG attributes to 1 when performing multiply functions.
Related violations: <none>

DPOP-4#64 Warning
MREG Output pipelining  
DSP g_int4.u_precision_core/u_core/u_prod/u_core/u_core/g_product_accum.g_dedicated_mul.g_product_mul[8].g_tight.u_mul/u_mul/g_base_stage.product0 multiplier stage g_int4.u_precision_core/u_core/u_prod/u_core/u_core/g_product_accum.g_dedicated_mul.g_product_mul[8].g_tight.u_mul/u_mul/g_base_stage.product0/P[47:0] is not pipelined (MREG=0). Pipelining the multiplier function will improve performance and will save significant power so it is suggested whenever possible to fully pipeline this function.  If this multiplier was inferred, it is suggested to describe an additional register stage after this function.  If there is no registered adder/accumulator following the multiply function, two pipeline stages are suggested to allow both the MREG and PREG registers to be used.  If the DSP48 was instantiated in the design, it is suggested to set both the MREG and PREG attributes to 1 when performing multiply functions.
Related violations: <none>

DPOP-4#65 Warning
MREG Output pipelining  
DSP g_int4.u_precision_core/u_core/u_prod/u_core/u_core/g_product_accum.g_dedicated_mul.g_product_mul[8].g_tight.u_mul/u_mul/g_base_stage.product_s1_reg multiplier stage g_int4.u_precision_core/u_core/u_prod/u_core/u_core/g_product_accum.g_dedicated_mul.g_product_mul[8].g_tight.u_mul/u_mul/g_base_stage.product_s1_reg/P[47:0] is not pipelined (MREG=0). Pipelining the multiplier function will improve performance and will save significant power so it is suggested whenever possible to fully pipeline this function.  If this multiplier was inferred, it is suggested to describe an additional register stage after this function.  If there is no registered adder/accumulator following the multiply function, two pipeline stages are suggested to allow both the MREG and PREG registers to be used.  If the DSP48 was instantiated in the design, it is suggested to set both the MREG and PREG attributes to 1 when performing multiply functions.
Related violations: <none>

DPOP-4#66 Warning
MREG Output pipelining  
DSP g_int4.u_precision_core/u_core/u_prod/u_core/u_core/g_product_accum.g_dedicated_mul.g_product_mul[9].g_tight.u_mul/u_mul/g_base_stage.product0 multiplier stage g_int4.u_precision_core/u_core/u_prod/u_core/u_core/g_product_accum.g_dedicated_mul.g_product_mul[9].g_tight.u_mul/u_mul/g_base_stage.product0/P[47:0] is not pipelined (MREG=0). Pipelining the multiplier function will improve performance and will save significant power so it is suggested whenever possible to fully pipeline this function.  If this multiplier was inferred, it is suggested to describe an additional register stage after this function.  If there is no registered adder/accumulator following the multiply function, two pipeline stages are suggested to allow both the MREG and PREG registers to be used.  If the DSP48 was instantiated in the design, it is suggested to set both the MREG and PREG attributes to 1 when performing multiply functions.
Related violations: <none>

DPOP-4#67 Warning
MREG Output pipelining  
DSP g_int4.u_precision_core/u_core/u_prod/u_core/u_core/g_product_accum.g_dedicated_mul.g_product_mul[9].g_tight.u_mul/u_mul/g_base_stage.product_s1_reg multiplier stage g_int4.u_precision_core/u_core/u_prod/u_core/u_core/g_product_accum.g_dedicated_mul.g_product_mul[9].g_tight.u_mul/u_mul/g_base_stage.product_s1_reg/P[47:0] is not pipelined (MREG=0). Pipelining the multiplier function will improve performance and will save significant power so it is suggested whenever possible to fully pipeline this function.  If this multiplier was inferred, it is suggested to describe an additional register stage after this function.  If there is no registered adder/accumulator following the multiply function, two pipeline stages are suggested to allow both the MREG and PREG registers to be used.  If the DSP48 was instantiated in the design, it is suggested to set both the MREG and PREG attributes to 1 when performing multiply functions.
Related violations: <none>

DPOP-4#68 Warning
MREG Output pipelining  
DSP g_int4.u_precision_core/u_core/u_prod/u_core/u_core/u_minus_step/g_unified_lane.u_lane_group/g_lane[0].g_lane0.u_lane/g_j_dsp.g_generic.u_j_mul/g_base_stage.product0 multiplier stage g_int4.u_precision_core/u_core/u_prod/u_core/u_core/u_minus_step/g_unified_lane.u_lane_group/g_lane[0].g_lane0.u_lane/g_j_dsp.g_generic.u_j_mul/g_base_stage.product0/P[47:0] is not pipelined (MREG=0). Pipelining the multiplier function will improve performance and will save significant power so it is suggested whenever possible to fully pipeline this function.  If this multiplier was inferred, it is suggested to describe an additional register stage after this function.  If there is no registered adder/accumulator following the multiply function, two pipeline stages are suggested to allow both the MREG and PREG registers to be used.  If the DSP48 was instantiated in the design, it is suggested to set both the MREG and PREG attributes to 1 when performing multiply functions.
Related violations: <none>

DPOP-4#69 Warning
MREG Output pipelining  
DSP g_int4.u_precision_core/u_core/u_prod/u_core/u_core/u_minus_step/g_unified_lane.u_lane_group/g_lane[0].g_lane0.u_lane/g_j_dsp.g_generic.u_j_mul/g_base_stage.product_s1_reg multiplier stage g_int4.u_precision_core/u_core/u_prod/u_core/u_core/u_minus_step/g_unified_lane.u_lane_group/g_lane[0].g_lane0.u_lane/g_j_dsp.g_generic.u_j_mul/g_base_stage.product_s1_reg/P[47:0] is not pipelined (MREG=0). Pipelining the multiplier function will improve performance and will save significant power so it is suggested whenever possible to fully pipeline this function.  If this multiplier was inferred, it is suggested to describe an additional register stage after this function.  If there is no registered adder/accumulator following the multiply function, two pipeline stages are suggested to allow both the MREG and PREG registers to be used.  If the DSP48 was instantiated in the design, it is suggested to set both the MREG and PREG attributes to 1 when performing multiply functions.
Related violations: <none>

DPOP-4#70 Warning
MREG Output pipelining  
DSP g_int4.u_precision_core/u_core/u_prod/u_core/u_core/u_minus_step/g_unified_lane.u_lane_group/g_lane[0].g_lane0.u_lane/g_tight_mul.u_mul1/u_mul/g_base_stage.product0 multiplier stage g_int4.u_precision_core/u_core/u_prod/u_core/u_core/u_minus_step/g_unified_lane.u_lane_group/g_lane[0].g_lane0.u_lane/g_tight_mul.u_mul1/u_mul/g_base_stage.product0/P[47:0] is not pipelined (MREG=0). Pipelining the multiplier function will improve performance and will save significant power so it is suggested whenever possible to fully pipeline this function.  If this multiplier was inferred, it is suggested to describe an additional register stage after this function.  If there is no registered adder/accumulator following the multiply function, two pipeline stages are suggested to allow both the MREG and PREG registers to be used.  If the DSP48 was instantiated in the design, it is suggested to set both the MREG and PREG attributes to 1 when performing multiply functions.
Related violations: <none>

DPOP-4#71 Warning
MREG Output pipelining  
DSP g_int4.u_precision_core/u_core/u_prod/u_core/u_core/u_minus_step/g_unified_lane.u_lane_group/g_lane[0].g_lane0.u_lane/g_tight_mul.u_mul1/u_mul/g_base_stage.product_s1_reg multiplier stage g_int4.u_precision_core/u_core/u_prod/u_core/u_core/u_minus_step/g_unified_lane.u_lane_group/g_lane[0].g_lane0.u_lane/g_tight_mul.u_mul1/u_mul/g_base_stage.product_s1_reg/P[47:0] is not pipelined (MREG=0). Pipelining the multiplier function will improve performance and will save significant power so it is suggested whenever possible to fully pipeline this function.  If this multiplier was inferred, it is suggested to describe an additional register stage after this function.  If there is no registered adder/accumulator following the multiply function, two pipeline stages are suggested to allow both the MREG and PREG registers to be used.  If the DSP48 was instantiated in the design, it is suggested to set both the MREG and PREG attributes to 1 when performing multiply functions.
Related violations: <none>

DPOP-4#72 Warning
MREG Output pipelining  
DSP g_int4.u_precision_core/u_core/u_prod/u_core/u_core/u_minus_step/g_unified_lane.u_lane_group/g_lane[0].g_lane0.u_lane/g_tight_mul.u_mul2/u_mul/g_base_stage.product0 multiplier stage g_int4.u_precision_core/u_core/u_prod/u_core/u_core/u_minus_step/g_unified_lane.u_lane_group/g_lane[0].g_lane0.u_lane/g_tight_mul.u_mul2/u_mul/g_base_stage.product0/P[47:0] is not pipelined (MREG=0). Pipelining the multiplier function will improve performance and will save significant power so it is suggested whenever possible to fully pipeline this function.  If this multiplier was inferred, it is suggested to describe an additional register stage after this function.  If there is no registered adder/accumulator following the multiply function, two pipeline stages are suggested to allow both the MREG and PREG registers to be used.  If the DSP48 was instantiated in the design, it is suggested to set both the MREG and PREG attributes to 1 when performing multiply functions.
Related violations: <none>

DPOP-4#73 Warning
MREG Output pipelining  
DSP g_int4.u_precision_core/u_core/u_prod/u_core/u_core/u_minus_step/g_unified_lane.u_lane_group/g_lane[0].g_lane0.u_lane/g_tight_mul.u_mul2/u_mul/g_base_stage.product_s1_reg multiplier stage g_int4.u_precision_core/u_core/u_prod/u_core/u_core/u_minus_step/g_unified_lane.u_lane_group/g_lane[0].g_lane0.u_lane/g_tight_mul.u_mul2/u_mul/g_base_stage.product_s1_reg/P[47:0] is not pipelined (MREG=0). Pipelining the multiplier function will improve performance and will save significant power so it is suggested whenever possible to fully pipeline this function.  If this multiplier was inferred, it is suggested to describe an additional register stage after this function.  If there is no registered adder/accumulator following the multiply function, two pipeline stages are suggested to allow both the MREG and PREG registers to be used.  If the DSP48 was instantiated in the design, it is suggested to set both the MREG and PREG attributes to 1 when performing multiply functions.
Related violations: <none>

DPOP-4#74 Warning
MREG Output pipelining  
DSP g_int4.u_precision_core/u_core/u_prod/u_core/u_core/u_minus_step/g_unified_lane.u_lane_group/g_lane[0].g_lane0.u_lane/g_tight_mul.u_mul3/u_mul/g_base_stage.product0 multiplier stage g_int4.u_precision_core/u_core/u_prod/u_core/u_core/u_minus_step/g_unified_lane.u_lane_group/g_lane[0].g_lane0.u_lane/g_tight_mul.u_mul3/u_mul/g_base_stage.product0/P[47:0] is not pipelined (MREG=0). Pipelining the multiplier function will improve performance and will save significant power so it is suggested whenever possible to fully pipeline this function.  If this multiplier was inferred, it is suggested to describe an additional register stage after this function.  If there is no registered adder/accumulator following the multiply function, two pipeline stages are suggested to allow both the MREG and PREG registers to be used.  If the DSP48 was instantiated in the design, it is suggested to set both the MREG and PREG attributes to 1 when performing multiply functions.
Related violations: <none>

DPOP-4#75 Warning
MREG Output pipelining  
DSP g_int4.u_precision_core/u_core/u_prod/u_core/u_core/u_minus_step/g_unified_lane.u_lane_group/g_lane[0].g_lane0.u_lane/g_tight_mul.u_mul3/u_mul/g_base_stage.product_s1_reg multiplier stage g_int4.u_precision_core/u_core/u_prod/u_core/u_core/u_minus_step/g_unified_lane.u_lane_group/g_lane[0].g_lane0.u_lane/g_tight_mul.u_mul3/u_mul/g_base_stage.product_s1_reg/P[47:0] is not pipelined (MREG=0). Pipelining the multiplier function will improve performance and will save significant power so it is suggested whenever possible to fully pipeline this function.  If this multiplier was inferred, it is suggested to describe an additional register stage after this function.  If there is no registered adder/accumulator following the multiply function, two pipeline stages are suggested to allow both the MREG and PREG registers to be used.  If the DSP48 was instantiated in the design, it is suggested to set both the MREG and PREG attributes to 1 when performing multiply functions.
Related violations: <none>

DPOP-4#76 Warning
MREG Output pipelining  
DSP g_int4.u_precision_core/u_core/u_prod/u_core/u_core/u_minus_step/g_unified_lane.u_lane_group/g_lane[10].g_lane_n.u_lane/g_j_dsp.g_generic.u_j_mul/g_base_stage.product0 multiplier stage g_int4.u_precision_core/u_core/u_prod/u_core/u_core/u_minus_step/g_unified_lane.u_lane_group/g_lane[10].g_lane_n.u_lane/g_j_dsp.g_generic.u_j_mul/g_base_stage.product0/P[47:0] is not pipelined (MREG=0). Pipelining the multiplier function will improve performance and will save significant power so it is suggested whenever possible to fully pipeline this function.  If this multiplier was inferred, it is suggested to describe an additional register stage after this function.  If there is no registered adder/accumulator following the multiply function, two pipeline stages are suggested to allow both the MREG and PREG registers to be used.  If the DSP48 was instantiated in the design, it is suggested to set both the MREG and PREG attributes to 1 when performing multiply functions.
Related violations: <none>

DPOP-4#77 Warning
MREG Output pipelining  
DSP g_int4.u_precision_core/u_core/u_prod/u_core/u_core/u_minus_step/g_unified_lane.u_lane_group/g_lane[10].g_lane_n.u_lane/g_j_dsp.g_generic.u_j_mul/g_base_stage.product_s1_reg multiplier stage g_int4.u_precision_core/u_core/u_prod/u_core/u_core/u_minus_step/g_unified_lane.u_lane_group/g_lane[10].g_lane_n.u_lane/g_j_dsp.g_generic.u_j_mul/g_base_stage.product_s1_reg/P[47:0] is not pipelined (MREG=0). Pipelining the multiplier function will improve performance and will save significant power so it is suggested whenever possible to fully pipeline this function.  If this multiplier was inferred, it is suggested to describe an additional register stage after this function.  If there is no registered adder/accumulator following the multiply function, two pipeline stages are suggested to allow both the MREG and PREG registers to be used.  If the DSP48 was instantiated in the design, it is suggested to set both the MREG and PREG attributes to 1 when performing multiply functions.
Related violations: <none>

DPOP-4#78 Warning
MREG Output pipelining  
DSP g_int4.u_precision_core/u_core/u_prod/u_core/u_core/u_minus_step/g_unified_lane.u_lane_group/g_lane[10].g_lane_n.u_lane/g_tight_mul.u_mul1/u_mul/g_base_stage.product0 multiplier stage g_int4.u_precision_core/u_core/u_prod/u_core/u_core/u_minus_step/g_unified_lane.u_lane_group/g_lane[10].g_lane_n.u_lane/g_tight_mul.u_mul1/u_mul/g_base_stage.product0/P[47:0] is not pipelined (MREG=0). Pipelining the multiplier function will improve performance and will save significant power so it is suggested whenever possible to fully pipeline this function.  If this multiplier was inferred, it is suggested to describe an additional register stage after this function.  If there is no registered adder/accumulator following the multiply function, two pipeline stages are suggested to allow both the MREG and PREG registers to be used.  If the DSP48 was instantiated in the design, it is suggested to set both the MREG and PREG attributes to 1 when performing multiply functions.
Related violations: <none>

DPOP-4#79 Warning
MREG Output pipelining  
DSP g_int4.u_precision_core/u_core/u_prod/u_core/u_core/u_minus_step/g_unified_lane.u_lane_group/g_lane[10].g_lane_n.u_lane/g_tight_mul.u_mul1/u_mul/g_base_stage.product_s1_reg multiplier stage g_int4.u_precision_core/u_core/u_prod/u_core/u_core/u_minus_step/g_unified_lane.u_lane_group/g_lane[10].g_lane_n.u_lane/g_tight_mul.u_mul1/u_mul/g_base_stage.product_s1_reg/P[47:0] is not pipelined (MREG=0). Pipelining the multiplier function will improve performance and will save significant power so it is suggested whenever possible to fully pipeline this function.  If this multiplier was inferred, it is suggested to describe an additional register stage after this function.  If there is no registered adder/accumulator following the multiply function, two pipeline stages are suggested to allow both the MREG and PREG registers to be used.  If the DSP48 was instantiated in the design, it is suggested to set both the MREG and PREG attributes to 1 when performing multiply functions.
Related violations: <none>

DPOP-4#80 Warning
MREG Output pipelining  
DSP g_int4.u_precision_core/u_core/u_prod/u_core/u_core/u_minus_step/g_unified_lane.u_lane_group/g_lane[10].g_lane_n.u_lane/g_tight_mul.u_mul2/u_mul/g_base_stage.product0 multiplier stage g_int4.u_precision_core/u_core/u_prod/u_core/u_core/u_minus_step/g_unified_lane.u_lane_group/g_lane[10].g_lane_n.u_lane/g_tight_mul.u_mul2/u_mul/g_base_stage.product0/P[47:0] is not pipelined (MREG=0). Pipelining the multiplier function will improve performance and will save significant power so it is suggested whenever possible to fully pipeline this function.  If this multiplier was inferred, it is suggested to describe an additional register stage after this function.  If there is no registered adder/accumulator following the multiply function, two pipeline stages are suggested to allow both the MREG and PREG registers to be used.  If the DSP48 was instantiated in the design, it is suggested to set both the MREG and PREG attributes to 1 when performing multiply functions.
Related violations: <none>

DPOP-4#81 Warning
MREG Output pipelining  
DSP g_int4.u_precision_core/u_core/u_prod/u_core/u_core/u_minus_step/g_unified_lane.u_lane_group/g_lane[10].g_lane_n.u_lane/g_tight_mul.u_mul2/u_mul/g_base_stage.product_s1_reg multiplier stage g_int4.u_precision_core/u_core/u_prod/u_core/u_core/u_minus_step/g_unified_lane.u_lane_group/g_lane[10].g_lane_n.u_lane/g_tight_mul.u_mul2/u_mul/g_base_stage.product_s1_reg/P[47:0] is not pipelined (MREG=0). Pipelining the multiplier function will improve performance and will save significant power so it is suggested whenever possible to fully pipeline this function.  If this multiplier was inferred, it is suggested to describe an additional register stage after this function.  If there is no registered adder/accumulator following the multiply function, two pipeline stages are suggested to allow both the MREG and PREG registers to be used.  If the DSP48 was instantiated in the design, it is suggested to set both the MREG and PREG attributes to 1 when performing multiply functions.
Related violations: <none>

DPOP-4#82 Warning
MREG Output pipelining  
DSP g_int4.u_precision_core/u_core/u_prod/u_core/u_core/u_minus_step/g_unified_lane.u_lane_group/g_lane[10].g_lane_n.u_lane/g_tight_mul.u_mul3/u_mul/g_base_stage.product0 multiplier stage g_int4.u_precision_core/u_core/u_prod/u_core/u_core/u_minus_step/g_unified_lane.u_lane_group/g_lane[10].g_lane_n.u_lane/g_tight_mul.u_mul3/u_mul/g_base_stage.product0/P[47:0] is not pipelined (MREG=0). Pipelining the multiplier function will improve performance and will save significant power so it is suggested whenever possible to fully pipeline this function.  If this multiplier was inferred, it is suggested to describe an additional register stage after this function.  If there is no registered adder/accumulator following the multiply function, two pipeline stages are suggested to allow both the MREG and PREG registers to be used.  If the DSP48 was instantiated in the design, it is suggested to set both the MREG and PREG attributes to 1 when performing multiply functions.
Related violations: <none>

DPOP-4#83 Warning
MREG Output pipelining  
DSP g_int4.u_precision_core/u_core/u_prod/u_core/u_core/u_minus_step/g_unified_lane.u_lane_group/g_lane[10].g_lane_n.u_lane/g_tight_mul.u_mul3/u_mul/g_base_stage.product_s1_reg multiplier stage g_int4.u_precision_core/u_core/u_prod/u_core/u_core/u_minus_step/g_unified_lane.u_lane_group/g_lane[10].g_lane_n.u_lane/g_tight_mul.u_mul3/u_mul/g_base_stage.product_s1_reg/P[47:0] is not pipelined (MREG=0). Pipelining the multiplier function will improve performance and will save significant power so it is suggested whenever possible to fully pipeline this function.  If this multiplier was inferred, it is suggested to describe an additional register stage after this function.  If there is no registered adder/accumulator following the multiply function, two pipeline stages are suggested to allow both the MREG and PREG registers to be used.  If the DSP48 was instantiated in the design, it is suggested to set both the MREG and PREG attributes to 1 when performing multiply functions.
Related violations: <none>

DPOP-4#84 Warning
MREG Output pipelining  
DSP g_int4.u_precision_core/u_core/u_prod/u_core/u_core/u_minus_step/g_unified_lane.u_lane_group/g_lane[11].g_lane_n.u_lane/g_j_dsp.g_generic.u_j_mul/g_base_stage.product0 multiplier stage g_int4.u_precision_core/u_core/u_prod/u_core/u_core/u_minus_step/g_unified_lane.u_lane_group/g_lane[11].g_lane_n.u_lane/g_j_dsp.g_generic.u_j_mul/g_base_stage.product0/P[47:0] is not pipelined (MREG=0). Pipelining the multiplier function will improve performance and will save significant power so it is suggested whenever possible to fully pipeline this function.  If this multiplier was inferred, it is suggested to describe an additional register stage after this function.  If there is no registered adder/accumulator following the multiply function, two pipeline stages are suggested to allow both the MREG and PREG registers to be used.  If the DSP48 was instantiated in the design, it is suggested to set both the MREG and PREG attributes to 1 when performing multiply functions.
Related violations: <none>

DPOP-4#85 Warning
MREG Output pipelining  
DSP g_int4.u_precision_core/u_core/u_prod/u_core/u_core/u_minus_step/g_unified_lane.u_lane_group/g_lane[11].g_lane_n.u_lane/g_j_dsp.g_generic.u_j_mul/g_base_stage.product_s1_reg multiplier stage g_int4.u_precision_core/u_core/u_prod/u_core/u_core/u_minus_step/g_unified_lane.u_lane_group/g_lane[11].g_lane_n.u_lane/g_j_dsp.g_generic.u_j_mul/g_base_stage.product_s1_reg/P[47:0] is not pipelined (MREG=0). Pipelining the multiplier function will improve performance and will save significant power so it is suggested whenever possible to fully pipeline this function.  If this multiplier was inferred, it is suggested to describe an additional register stage after this function.  If there is no registered adder/accumulator following the multiply function, two pipeline stages are suggested to allow both the MREG and PREG registers to be used.  If the DSP48 was instantiated in the design, it is suggested to set both the MREG and PREG attributes to 1 when performing multiply functions.
Related violations: <none>

DPOP-4#86 Warning
MREG Output pipelining  
DSP g_int4.u_precision_core/u_core/u_prod/u_core/u_core/u_minus_step/g_unified_lane.u_lane_group/g_lane[11].g_lane_n.u_lane/g_tight_mul.u_mul1/u_mul/g_base_stage.product0 multiplier stage g_int4.u_precision_core/u_core/u_prod/u_core/u_core/u_minus_step/g_unified_lane.u_lane_group/g_lane[11].g_lane_n.u_lane/g_tight_mul.u_mul1/u_mul/g_base_stage.product0/P[47:0] is not pipelined (MREG=0). Pipelining the multiplier function will improve performance and will save significant power so it is suggested whenever possible to fully pipeline this function.  If this multiplier was inferred, it is suggested to describe an additional register stage after this function.  If there is no registered adder/accumulator following the multiply function, two pipeline stages are suggested to allow both the MREG and PREG registers to be used.  If the DSP48 was instantiated in the design, it is suggested to set both the MREG and PREG attributes to 1 when performing multiply functions.
Related violations: <none>

DPOP-4#87 Warning
MREG Output pipelining  
DSP g_int4.u_precision_core/u_core/u_prod/u_core/u_core/u_minus_step/g_unified_lane.u_lane_group/g_lane[11].g_lane_n.u_lane/g_tight_mul.u_mul1/u_mul/g_base_stage.product_s1_reg multiplier stage g_int4.u_precision_core/u_core/u_prod/u_core/u_core/u_minus_step/g_unified_lane.u_lane_group/g_lane[11].g_lane_n.u_lane/g_tight_mul.u_mul1/u_mul/g_base_stage.product_s1_reg/P[47:0] is not pipelined (MREG=0). Pipelining the multiplier function will improve performance and will save significant power so it is suggested whenever possible to fully pipeline this function.  If this multiplier was inferred, it is suggested to describe an additional register stage after this function.  If there is no registered adder/accumulator following the multiply function, two pipeline stages are suggested to allow both the MREG and PREG registers to be used.  If the DSP48 was instantiated in the design, it is suggested to set both the MREG and PREG attributes to 1 when performing multiply functions.
Related violations: <none>

DPOP-4#88 Warning
MREG Output pipelining  
DSP g_int4.u_precision_core/u_core/u_prod/u_core/u_core/u_minus_step/g_unified_lane.u_lane_group/g_lane[11].g_lane_n.u_lane/g_tight_mul.u_mul2/u_mul/g_base_stage.product0 multiplier stage g_int4.u_precision_core/u_core/u_prod/u_core/u_core/u_minus_step/g_unified_lane.u_lane_group/g_lane[11].g_lane_n.u_lane/g_tight_mul.u_mul2/u_mul/g_base_stage.product0/P[47:0] is not pipelined (MREG=0). Pipelining the multiplier function will improve performance and will save significant power so it is suggested whenever possible to fully pipeline this function.  If this multiplier was inferred, it is suggested to describe an additional register stage after this function.  If there is no registered adder/accumulator following the multiply function, two pipeline stages are suggested to allow both the MREG and PREG registers to be used.  If the DSP48 was instantiated in the design, it is suggested to set both the MREG and PREG attributes to 1 when performing multiply functions.
Related violations: <none>

DPOP-4#89 Warning
MREG Output pipelining  
DSP g_int4.u_precision_core/u_core/u_prod/u_core/u_core/u_minus_step/g_unified_lane.u_lane_group/g_lane[11].g_lane_n.u_lane/g_tight_mul.u_mul2/u_mul/g_base_stage.product_s1_reg multiplier stage g_int4.u_precision_core/u_core/u_prod/u_core/u_core/u_minus_step/g_unified_lane.u_lane_group/g_lane[11].g_lane_n.u_lane/g_tight_mul.u_mul2/u_mul/g_base_stage.product_s1_reg/P[47:0] is not pipelined (MREG=0). Pipelining the multiplier function will improve performance and will save significant power so it is suggested whenever possible to fully pipeline this function.  If this multiplier was inferred, it is suggested to describe an additional register stage after this function.  If there is no registered adder/accumulator following the multiply function, two pipeline stages are suggested to allow both the MREG and PREG registers to be used.  If the DSP48 was instantiated in the design, it is suggested to set both the MREG and PREG attributes to 1 when performing multiply functions.
Related violations: <none>

DPOP-4#90 Warning
MREG Output pipelining  
DSP g_int4.u_precision_core/u_core/u_prod/u_core/u_core/u_minus_step/g_unified_lane.u_lane_group/g_lane[11].g_lane_n.u_lane/g_tight_mul.u_mul3/u_mul/g_base_stage.product0 multiplier stage g_int4.u_precision_core/u_core/u_prod/u_core/u_core/u_minus_step/g_unified_lane.u_lane_group/g_lane[11].g_lane_n.u_lane/g_tight_mul.u_mul3/u_mul/g_base_stage.product0/P[47:0] is not pipelined (MREG=0). Pipelining the multiplier function will improve performance and will save significant power so it is suggested whenever possible to fully pipeline this function.  If this multiplier was inferred, it is suggested to describe an additional register stage after this function.  If there is no registered adder/accumulator following the multiply function, two pipeline stages are suggested to allow both the MREG and PREG registers to be used.  If the DSP48 was instantiated in the design, it is suggested to set both the MREG and PREG attributes to 1 when performing multiply functions.
Related violations: <none>

DPOP-4#91 Warning
MREG Output pipelining  
DSP g_int4.u_precision_core/u_core/u_prod/u_core/u_core/u_minus_step/g_unified_lane.u_lane_group/g_lane[11].g_lane_n.u_lane/g_tight_mul.u_mul3/u_mul/g_base_stage.product_s1_reg multiplier stage g_int4.u_precision_core/u_core/u_prod/u_core/u_core/u_minus_step/g_unified_lane.u_lane_group/g_lane[11].g_lane_n.u_lane/g_tight_mul.u_mul3/u_mul/g_base_stage.product_s1_reg/P[47:0] is not pipelined (MREG=0). Pipelining the multiplier function will improve performance and will save significant power so it is suggested whenever possible to fully pipeline this function.  If this multiplier was inferred, it is suggested to describe an additional register stage after this function.  If there is no registered adder/accumulator following the multiply function, two pipeline stages are suggested to allow both the MREG and PREG registers to be used.  If the DSP48 was instantiated in the design, it is suggested to set both the MREG and PREG attributes to 1 when performing multiply functions.
Related violations: <none>

DPOP-4#92 Warning
MREG Output pipelining  
DSP g_int4.u_precision_core/u_core/u_prod/u_core/u_core/u_minus_step/g_unified_lane.u_lane_group/g_lane[12].g_lane_n.u_lane/g_j_dsp.g_generic.u_j_mul/g_base_stage.product0 multiplier stage g_int4.u_precision_core/u_core/u_prod/u_core/u_core/u_minus_step/g_unified_lane.u_lane_group/g_lane[12].g_lane_n.u_lane/g_j_dsp.g_generic.u_j_mul/g_base_stage.product0/P[47:0] is not pipelined (MREG=0). Pipelining the multiplier function will improve performance and will save significant power so it is suggested whenever possible to fully pipeline this function.  If this multiplier was inferred, it is suggested to describe an additional register stage after this function.  If there is no registered adder/accumulator following the multiply function, two pipeline stages are suggested to allow both the MREG and PREG registers to be used.  If the DSP48 was instantiated in the design, it is suggested to set both the MREG and PREG attributes to 1 when performing multiply functions.
Related violations: <none>

DPOP-4#93 Warning
MREG Output pipelining  
DSP g_int4.u_precision_core/u_core/u_prod/u_core/u_core/u_minus_step/g_unified_lane.u_lane_group/g_lane[12].g_lane_n.u_lane/g_j_dsp.g_generic.u_j_mul/g_base_stage.product_s1_reg multiplier stage g_int4.u_precision_core/u_core/u_prod/u_core/u_core/u_minus_step/g_unified_lane.u_lane_group/g_lane[12].g_lane_n.u_lane/g_j_dsp.g_generic.u_j_mul/g_base_stage.product_s1_reg/P[47:0] is not pipelined (MREG=0). Pipelining the multiplier function will improve performance and will save significant power so it is suggested whenever possible to fully pipeline this function.  If this multiplier was inferred, it is suggested to describe an additional register stage after this function.  If there is no registered adder/accumulator following the multiply function, two pipeline stages are suggested to allow both the MREG and PREG registers to be used.  If the DSP48 was instantiated in the design, it is suggested to set both the MREG and PREG attributes to 1 when performing multiply functions.
Related violations: <none>

DPOP-4#94 Warning
MREG Output pipelining  
DSP g_int4.u_precision_core/u_core/u_prod/u_core/u_core/u_minus_step/g_unified_lane.u_lane_group/g_lane[12].g_lane_n.u_lane/g_tight_mul.u_mul1/u_mul/g_base_stage.product0 multiplier stage g_int4.u_precision_core/u_core/u_prod/u_core/u_core/u_minus_step/g_unified_lane.u_lane_group/g_lane[12].g_lane_n.u_lane/g_tight_mul.u_mul1/u_mul/g_base_stage.product0/P[47:0] is not pipelined (MREG=0). Pipelining the multiplier function will improve performance and will save significant power so it is suggested whenever possible to fully pipeline this function.  If this multiplier was inferred, it is suggested to describe an additional register stage after this function.  If there is no registered adder/accumulator following the multiply function, two pipeline stages are suggested to allow both the MREG and PREG registers to be used.  If the DSP48 was instantiated in the design, it is suggested to set both the MREG and PREG attributes to 1 when performing multiply functions.
Related violations: <none>

DPOP-4#95 Warning
MREG Output pipelining  
DSP g_int4.u_precision_core/u_core/u_prod/u_core/u_core/u_minus_step/g_unified_lane.u_lane_group/g_lane[12].g_lane_n.u_lane/g_tight_mul.u_mul1/u_mul/g_base_stage.product_s1_reg multiplier stage g_int4.u_precision_core/u_core/u_prod/u_core/u_core/u_minus_step/g_unified_lane.u_lane_group/g_lane[12].g_lane_n.u_lane/g_tight_mul.u_mul1/u_mul/g_base_stage.product_s1_reg/P[47:0] is not pipelined (MREG=0). Pipelining the multiplier function will improve performance and will save significant power so it is suggested whenever possible to fully pipeline this function.  If this multiplier was inferred, it is suggested to describe an additional register stage after this function.  If there is no registered adder/accumulator following the multiply function, two pipeline stages are suggested to allow both the MREG and PREG registers to be used.  If the DSP48 was instantiated in the design, it is suggested to set both the MREG and PREG attributes to 1 when performing multiply functions.
Related violations: <none>

DPOP-4#96 Warning
MREG Output pipelining  
DSP g_int4.u_precision_core/u_core/u_prod/u_core/u_core/u_minus_step/g_unified_lane.u_lane_group/g_lane[12].g_lane_n.u_lane/g_tight_mul.u_mul2/u_mul/g_base_stage.product0 multiplier stage g_int4.u_precision_core/u_core/u_prod/u_core/u_core/u_minus_step/g_unified_lane.u_lane_group/g_lane[12].g_lane_n.u_lane/g_tight_mul.u_mul2/u_mul/g_base_stage.product0/P[47:0] is not pipelined (MREG=0). Pipelining the multiplier function will improve performance and will save significant power so it is suggested whenever possible to fully pipeline this function.  If this multiplier was inferred, it is suggested to describe an additional register stage after this function.  If there is no registered adder/accumulator following the multiply function, two pipeline stages are suggested to allow both the MREG and PREG registers to be used.  If the DSP48 was instantiated in the design, it is suggested to set both the MREG and PREG attributes to 1 when performing multiply functions.
Related violations: <none>

DPOP-4#97 Warning
MREG Output pipelining  
DSP g_int4.u_precision_core/u_core/u_prod/u_core/u_core/u_minus_step/g_unified_lane.u_lane_group/g_lane[12].g_lane_n.u_lane/g_tight_mul.u_mul2/u_mul/g_base_stage.product_s1_reg multiplier stage g_int4.u_precision_core/u_core/u_prod/u_core/u_core/u_minus_step/g_unified_lane.u_lane_group/g_lane[12].g_lane_n.u_lane/g_tight_mul.u_mul2/u_mul/g_base_stage.product_s1_reg/P[47:0] is not pipelined (MREG=0). Pipelining the multiplier function will improve performance and will save significant power so it is suggested whenever possible to fully pipeline this function.  If this multiplier was inferred, it is suggested to describe an additional register stage after this function.  If there is no registered adder/accumulator following the multiply function, two pipeline stages are suggested to allow both the MREG and PREG registers to be used.  If the DSP48 was instantiated in the design, it is suggested to set both the MREG and PREG attributes to 1 when performing multiply functions.
Related violations: <none>

DPOP-4#98 Warning
MREG Output pipelining  
DSP g_int4.u_precision_core/u_core/u_prod/u_core/u_core/u_minus_step/g_unified_lane.u_lane_group/g_lane[12].g_lane_n.u_lane/g_tight_mul.u_mul3/u_mul/g_base_stage.product0 multiplier stage g_int4.u_precision_core/u_core/u_prod/u_core/u_core/u_minus_step/g_unified_lane.u_lane_group/g_lane[12].g_lane_n.u_lane/g_tight_mul.u_mul3/u_mul/g_base_stage.product0/P[47:0] is not pipelined (MREG=0). Pipelining the multiplier function will improve performance and will save significant power so it is suggested whenever possible to fully pipeline this function.  If this multiplier was inferred, it is suggested to describe an additional register stage after this function.  If there is no registered adder/accumulator following the multiply function, two pipeline stages are suggested to allow both the MREG and PREG registers to be used.  If the DSP48 was instantiated in the design, it is suggested to set both the MREG and PREG attributes to 1 when performing multiply functions.
Related violations: <none>

DPOP-4#99 Warning
MREG Output pipelining  
DSP g_int4.u_precision_core/u_core/u_prod/u_core/u_core/u_minus_step/g_unified_lane.u_lane_group/g_lane[12].g_lane_n.u_lane/g_tight_mul.u_mul3/u_mul/g_base_stage.product_s1_reg multiplier stage g_int4.u_precision_core/u_core/u_prod/u_core/u_core/u_minus_step/g_unified_lane.u_lane_group/g_lane[12].g_lane_n.u_lane/g_tight_mul.u_mul3/u_mul/g_base_stage.product_s1_reg/P[47:0] is not pipelined (MREG=0). Pipelining the multiplier function will improve performance and will save significant power so it is suggested whenever possible to fully pipeline this function.  If this multiplier was inferred, it is suggested to describe an additional register stage after this function.  If there is no registered adder/accumulator following the multiply function, two pipeline stages are suggested to allow both the MREG and PREG registers to be used.  If the DSP48 was instantiated in the design, it is suggested to set both the MREG and PREG attributes to 1 when performing multiply functions.
Related violations: <none>

DPOP-4#100 Warning
MREG Output pipelining  
DSP g_int4.u_precision_core/u_core/u_prod/u_core/u_core/u_minus_step/g_unified_lane.u_lane_group/g_lane[13].g_lane_n.u_lane/g_j_dsp.g_generic.u_j_mul/g_base_stage.product0 multiplier stage g_int4.u_precision_core/u_core/u_prod/u_core/u_core/u_minus_step/g_unified_lane.u_lane_group/g_lane[13].g_lane_n.u_lane/g_j_dsp.g_generic.u_j_mul/g_base_stage.product0/P[47:0] is not pipelined (MREG=0). Pipelining the multiplier function will improve performance and will save significant power so it is suggested whenever possible to fully pipeline this function.  If this multiplier was inferred, it is suggested to describe an additional register stage after this function.  If there is no registered adder/accumulator following the multiply function, two pipeline stages are suggested to allow both the MREG and PREG registers to be used.  If the DSP48 was instantiated in the design, it is suggested to set both the MREG and PREG attributes to 1 when performing multiply functions.
Related violations: <none>

DPOP-4#101 Warning
MREG Output pipelining  
DSP g_int4.u_precision_core/u_core/u_prod/u_core/u_core/u_minus_step/g_unified_lane.u_lane_group/g_lane[13].g_lane_n.u_lane/g_j_dsp.g_generic.u_j_mul/g_base_stage.product_s1_reg multiplier stage g_int4.u_precision_core/u_core/u_prod/u_core/u_core/u_minus_step/g_unified_lane.u_lane_group/g_lane[13].g_lane_n.u_lane/g_j_dsp.g_generic.u_j_mul/g_base_stage.product_s1_reg/P[47:0] is not pipelined (MREG=0). Pipelining the multiplier function will improve performance and will save significant power so it is suggested whenever possible to fully pipeline this function.  If this multiplier was inferred, it is suggested to describe an additional register stage after this function.  If there is no registered adder/accumulator following the multiply function, two pipeline stages are suggested to allow both the MREG and PREG registers to be used.  If the DSP48 was instantiated in the design, it is suggested to set both the MREG and PREG attributes to 1 when performing multiply functions.
Related violations: <none>

DPOP-4#102 Warning
MREG Output pipelining  
DSP g_int4.u_precision_core/u_core/u_prod/u_core/u_core/u_minus_step/g_unified_lane.u_lane_group/g_lane[13].g_lane_n.u_lane/g_tight_mul.u_mul1/u_mul/g_base_stage.product0 multiplier stage g_int4.u_precision_core/u_core/u_prod/u_core/u_core/u_minus_step/g_unified_lane.u_lane_group/g_lane[13].g_lane_n.u_lane/g_tight_mul.u_mul1/u_mul/g_base_stage.product0/P[47:0] is not pipelined (MREG=0). Pipelining the multiplier function will improve performance and will save significant power so it is suggested whenever possible to fully pipeline this function.  If this multiplier was inferred, it is suggested to describe an additional register stage after this function.  If there is no registered adder/accumulator following the multiply function, two pipeline stages are suggested to allow both the MREG and PREG registers to be used.  If the DSP48 was instantiated in the design, it is suggested to set both the MREG and PREG attributes to 1 when performing multiply functions.
Related violations: <none>

DPOP-4#103 Warning
MREG Output pipelining  
DSP g_int4.u_precision_core/u_core/u_prod/u_core/u_core/u_minus_step/g_unified_lane.u_lane_group/g_lane[13].g_lane_n.u_lane/g_tight_mul.u_mul1/u_mul/g_base_stage.product_s1_reg multiplier stage g_int4.u_precision_core/u_core/u_prod/u_core/u_core/u_minus_step/g_unified_lane.u_lane_group/g_lane[13].g_lane_n.u_lane/g_tight_mul.u_mul1/u_mul/g_base_stage.product_s1_reg/P[47:0] is not pipelined (MREG=0). Pipelining the multiplier function will improve performance and will save significant power so it is suggested whenever possible to fully pipeline this function.  If this multiplier was inferred, it is suggested to describe an additional register stage after this function.  If there is no registered adder/accumulator following the multiply function, two pipeline stages are suggested to allow both the MREG and PREG registers to be used.  If the DSP48 was instantiated in the design, it is suggested to set both the MREG and PREG attributes to 1 when performing multiply functions.
Related violations: <none>

DPOP-4#104 Warning
MREG Output pipelining  
DSP g_int4.u_precision_core/u_core/u_prod/u_core/u_core/u_minus_step/g_unified_lane.u_lane_group/g_lane[13].g_lane_n.u_lane/g_tight_mul.u_mul2/u_mul/g_base_stage.product0 multiplier stage g_int4.u_precision_core/u_core/u_prod/u_core/u_core/u_minus_step/g_unified_lane.u_lane_group/g_lane[13].g_lane_n.u_lane/g_tight_mul.u_mul2/u_mul/g_base_stage.product0/P[47:0] is not pipelined (MREG=0). Pipelining the multiplier function will improve performance and will save significant power so it is suggested whenever possible to fully pipeline this function.  If this multiplier was inferred, it is suggested to describe an additional register stage after this function.  If there is no registered adder/accumulator following the multiply function, two pipeline stages are suggested to allow both the MREG and PREG registers to be used.  If the DSP48 was instantiated in the design, it is suggested to set both the MREG and PREG attributes to 1 when performing multiply functions.
Related violations: <none>

DPOP-4#105 Warning
MREG Output pipelining  
DSP g_int4.u_precision_core/u_core/u_prod/u_core/u_core/u_minus_step/g_unified_lane.u_lane_group/g_lane[13].g_lane_n.u_lane/g_tight_mul.u_mul2/u_mul/g_base_stage.product_s1_reg multiplier stage g_int4.u_precision_core/u_core/u_prod/u_core/u_core/u_minus_step/g_unified_lane.u_lane_group/g_lane[13].g_lane_n.u_lane/g_tight_mul.u_mul2/u_mul/g_base_stage.product_s1_reg/P[47:0] is not pipelined (MREG=0). Pipelining the multiplier function will improve performance and will save significant power so it is suggested whenever possible to fully pipeline this function.  If this multiplier was inferred, it is suggested to describe an additional register stage after this function.  If there is no registered adder/accumulator following the multiply function, two pipeline stages are suggested to allow both the MREG and PREG registers to be used.  If the DSP48 was instantiated in the design, it is suggested to set both the MREG and PREG attributes to 1 when performing multiply functions.
Related violations: <none>

DPOP-4#106 Warning
MREG Output pipelining  
DSP g_int4.u_precision_core/u_core/u_prod/u_core/u_core/u_minus_step/g_unified_lane.u_lane_group/g_lane[13].g_lane_n.u_lane/g_tight_mul.u_mul3/u_mul/g_base_stage.product0 multiplier stage g_int4.u_precision_core/u_core/u_prod/u_core/u_core/u_minus_step/g_unified_lane.u_lane_group/g_lane[13].g_lane_n.u_lane/g_tight_mul.u_mul3/u_mul/g_base_stage.product0/P[47:0] is not pipelined (MREG=0). Pipelining the multiplier function will improve performance and will save significant power so it is suggested whenever possible to fully pipeline this function.  If this multiplier was inferred, it is suggested to describe an additional register stage after this function.  If there is no registered adder/accumulator following the multiply function, two pipeline stages are suggested to allow both the MREG and PREG registers to be used.  If the DSP48 was instantiated in the design, it is suggested to set both the MREG and PREG attributes to 1 when performing multiply functions.
Related violations: <none>

DPOP-4#107 Warning
MREG Output pipelining  
DSP g_int4.u_precision_core/u_core/u_prod/u_core/u_core/u_minus_step/g_unified_lane.u_lane_group/g_lane[13].g_lane_n.u_lane/g_tight_mul.u_mul3/u_mul/g_base_stage.product_s1_reg multiplier stage g_int4.u_precision_core/u_core/u_prod/u_core/u_core/u_minus_step/g_unified_lane.u_lane_group/g_lane[13].g_lane_n.u_lane/g_tight_mul.u_mul3/u_mul/g_base_stage.product_s1_reg/P[47:0] is not pipelined (MREG=0). Pipelining the multiplier function will improve performance and will save significant power so it is suggested whenever possible to fully pipeline this function.  If this multiplier was inferred, it is suggested to describe an additional register stage after this function.  If there is no registered adder/accumulator following the multiply function, two pipeline stages are suggested to allow both the MREG and PREG registers to be used.  If the DSP48 was instantiated in the design, it is suggested to set both the MREG and PREG attributes to 1 when performing multiply functions.
Related violations: <none>

DPOP-4#108 Warning
MREG Output pipelining  
DSP g_int4.u_precision_core/u_core/u_prod/u_core/u_core/u_minus_step/g_unified_lane.u_lane_group/g_lane[14].g_lane_n.u_lane/g_j_dsp.g_generic.u_j_mul/g_base_stage.product0 multiplier stage g_int4.u_precision_core/u_core/u_prod/u_core/u_core/u_minus_step/g_unified_lane.u_lane_group/g_lane[14].g_lane_n.u_lane/g_j_dsp.g_generic.u_j_mul/g_base_stage.product0/P[47:0] is not pipelined (MREG=0). Pipelining the multiplier function will improve performance and will save significant power so it is suggested whenever possible to fully pipeline this function.  If this multiplier was inferred, it is suggested to describe an additional register stage after this function.  If there is no registered adder/accumulator following the multiply function, two pipeline stages are suggested to allow both the MREG and PREG registers to be used.  If the DSP48 was instantiated in the design, it is suggested to set both the MREG and PREG attributes to 1 when performing multiply functions.
Related violations: <none>

DPOP-4#109 Warning
MREG Output pipelining  
DSP g_int4.u_precision_core/u_core/u_prod/u_core/u_core/u_minus_step/g_unified_lane.u_lane_group/g_lane[14].g_lane_n.u_lane/g_j_dsp.g_generic.u_j_mul/g_base_stage.product_s1_reg multiplier stage g_int4.u_precision_core/u_core/u_prod/u_core/u_core/u_minus_step/g_unified_lane.u_lane_group/g_lane[14].g_lane_n.u_lane/g_j_dsp.g_generic.u_j_mul/g_base_stage.product_s1_reg/P[47:0] is not pipelined (MREG=0). Pipelining the multiplier function will improve performance and will save significant power so it is suggested whenever possible to fully pipeline this function.  If this multiplier was inferred, it is suggested to describe an additional register stage after this function.  If there is no registered adder/accumulator following the multiply function, two pipeline stages are suggested to allow both the MREG and PREG registers to be used.  If the DSP48 was instantiated in the design, it is suggested to set both the MREG and PREG attributes to 1 when performing multiply functions.
Related violations: <none>

DPOP-4#110 Warning
MREG Output pipelining  
DSP g_int4.u_precision_core/u_core/u_prod/u_core/u_core/u_minus_step/g_unified_lane.u_lane_group/g_lane[14].g_lane_n.u_lane/g_tight_mul.u_mul1/u_mul/g_base_stage.product0 multiplier stage g_int4.u_precision_core/u_core/u_prod/u_core/u_core/u_minus_step/g_unified_lane.u_lane_group/g_lane[14].g_lane_n.u_lane/g_tight_mul.u_mul1/u_mul/g_base_stage.product0/P[47:0] is not pipelined (MREG=0). Pipelining the multiplier function will improve performance and will save significant power so it is suggested whenever possible to fully pipeline this function.  If this multiplier was inferred, it is suggested to describe an additional register stage after this function.  If there is no registered adder/accumulator following the multiply function, two pipeline stages are suggested to allow both the MREG and PREG registers to be used.  If the DSP48 was instantiated in the design, it is suggested to set both the MREG and PREG attributes to 1 when performing multiply functions.
Related violations: <none>

DPOP-4#111 Warning
MREG Output pipelining  
DSP g_int4.u_precision_core/u_core/u_prod/u_core/u_core/u_minus_step/g_unified_lane.u_lane_group/g_lane[14].g_lane_n.u_lane/g_tight_mul.u_mul1/u_mul/g_base_stage.product_s1_reg multiplier stage g_int4.u_precision_core/u_core/u_prod/u_core/u_core/u_minus_step/g_unified_lane.u_lane_group/g_lane[14].g_lane_n.u_lane/g_tight_mul.u_mul1/u_mul/g_base_stage.product_s1_reg/P[47:0] is not pipelined (MREG=0). Pipelining the multiplier function will improve performance and will save significant power so it is suggested whenever possible to fully pipeline this function.  If this multiplier was inferred, it is suggested to describe an additional register stage after this function.  If there is no registered adder/accumulator following the multiply function, two pipeline stages are suggested to allow both the MREG and PREG registers to be used.  If the DSP48 was instantiated in the design, it is suggested to set both the MREG and PREG attributes to 1 when performing multiply functions.
Related violations: <none>

DPOP-4#112 Warning
MREG Output pipelining  
DSP g_int4.u_precision_core/u_core/u_prod/u_core/u_core/u_minus_step/g_unified_lane.u_lane_group/g_lane[14].g_lane_n.u_lane/g_tight_mul.u_mul2/u_mul/g_base_stage.product0 multiplier stage g_int4.u_precision_core/u_core/u_prod/u_core/u_core/u_minus_step/g_unified_lane.u_lane_group/g_lane[14].g_lane_n.u_lane/g_tight_mul.u_mul2/u_mul/g_base_stage.product0/P[47:0] is not pipelined (MREG=0). Pipelining the multiplier function will improve performance and will save significant power so it is suggested whenever possible to fully pipeline this function.  If this multiplier was inferred, it is suggested to describe an additional register stage after this function.  If there is no registered adder/accumulator following the multiply function, two pipeline stages are suggested to allow both the MREG and PREG registers to be used.  If the DSP48 was instantiated in the design, it is suggested to set both the MREG and PREG attributes to 1 when performing multiply functions.
Related violations: <none>

DPOP-4#113 Warning
MREG Output pipelining  
DSP g_int4.u_precision_core/u_core/u_prod/u_core/u_core/u_minus_step/g_unified_lane.u_lane_group/g_lane[14].g_lane_n.u_lane/g_tight_mul.u_mul2/u_mul/g_base_stage.product_s1_reg multiplier stage g_int4.u_precision_core/u_core/u_prod/u_core/u_core/u_minus_step/g_unified_lane.u_lane_group/g_lane[14].g_lane_n.u_lane/g_tight_mul.u_mul2/u_mul/g_base_stage.product_s1_reg/P[47:0] is not pipelined (MREG=0). Pipelining the multiplier function will improve performance and will save significant power so it is suggested whenever possible to fully pipeline this function.  If this multiplier was inferred, it is suggested to describe an additional register stage after this function.  If there is no registered adder/accumulator following the multiply function, two pipeline stages are suggested to allow both the MREG and PREG registers to be used.  If the DSP48 was instantiated in the design, it is suggested to set both the MREG and PREG attributes to 1 when performing multiply functions.
Related violations: <none>

DPOP-4#114 Warning
MREG Output pipelining  
DSP g_int4.u_precision_core/u_core/u_prod/u_core/u_core/u_minus_step/g_unified_lane.u_lane_group/g_lane[14].g_lane_n.u_lane/g_tight_mul.u_mul3/u_mul/g_base_stage.product0 multiplier stage g_int4.u_precision_core/u_core/u_prod/u_core/u_core/u_minus_step/g_unified_lane.u_lane_group/g_lane[14].g_lane_n.u_lane/g_tight_mul.u_mul3/u_mul/g_base_stage.product0/P[47:0] is not pipelined (MREG=0). Pipelining the multiplier function will improve performance and will save significant power so it is suggested whenever possible to fully pipeline this function.  If this multiplier was inferred, it is suggested to describe an additional register stage after this function.  If there is no registered adder/accumulator following the multiply function, two pipeline stages are suggested to allow both the MREG and PREG registers to be used.  If the DSP48 was instantiated in the design, it is suggested to set both the MREG and PREG attributes to 1 when performing multiply functions.
Related violations: <none>

DPOP-4#115 Warning
MREG Output pipelining  
DSP g_int4.u_precision_core/u_core/u_prod/u_core/u_core/u_minus_step/g_unified_lane.u_lane_group/g_lane[14].g_lane_n.u_lane/g_tight_mul.u_mul3/u_mul/g_base_stage.product_s1_reg multiplier stage g_int4.u_precision_core/u_core/u_prod/u_core/u_core/u_minus_step/g_unified_lane.u_lane_group/g_lane[14].g_lane_n.u_lane/g_tight_mul.u_mul3/u_mul/g_base_stage.product_s1_reg/P[47:0] is not pipelined (MREG=0). Pipelining the multiplier function will improve performance and will save significant power so it is suggested whenever possible to fully pipeline this function.  If this multiplier was inferred, it is suggested to describe an additional register stage after this function.  If there is no registered adder/accumulator following the multiply function, two pipeline stages are suggested to allow both the MREG and PREG registers to be used.  If the DSP48 was instantiated in the design, it is suggested to set both the MREG and PREG attributes to 1 when performing multiply functions.
Related violations: <none>

DPOP-4#116 Warning
MREG Output pipelining  
DSP g_int4.u_precision_core/u_core/u_prod/u_core/u_core/u_minus_step/g_unified_lane.u_lane_group/g_lane[15].g_lane_n.u_lane/g_j_dsp.g_generic.u_j_mul/g_base_stage.product0 multiplier stage g_int4.u_precision_core/u_core/u_prod/u_core/u_core/u_minus_step/g_unified_lane.u_lane_group/g_lane[15].g_lane_n.u_lane/g_j_dsp.g_generic.u_j_mul/g_base_stage.product0/P[47:0] is not pipelined (MREG=0). Pipelining the multiplier function will improve performance and will save significant power so it is suggested whenever possible to fully pipeline this function.  If this multiplier was inferred, it is suggested to describe an additional register stage after this function.  If there is no registered adder/accumulator following the multiply function, two pipeline stages are suggested to allow both the MREG and PREG registers to be used.  If the DSP48 was instantiated in the design, it is suggested to set both the MREG and PREG attributes to 1 when performing multiply functions.
Related violations: <none>

DPOP-4#117 Warning
MREG Output pipelining  
DSP g_int4.u_precision_core/u_core/u_prod/u_core/u_core/u_minus_step/g_unified_lane.u_lane_group/g_lane[15].g_lane_n.u_lane/g_j_dsp.g_generic.u_j_mul/g_base_stage.product_s1_reg multiplier stage g_int4.u_precision_core/u_core/u_prod/u_core/u_core/u_minus_step/g_unified_lane.u_lane_group/g_lane[15].g_lane_n.u_lane/g_j_dsp.g_generic.u_j_mul/g_base_stage.product_s1_reg/P[47:0] is not pipelined (MREG=0). Pipelining the multiplier function will improve performance and will save significant power so it is suggested whenever possible to fully pipeline this function.  If this multiplier was inferred, it is suggested to describe an additional register stage after this function.  If there is no registered adder/accumulator following the multiply function, two pipeline stages are suggested to allow both the MREG and PREG registers to be used.  If the DSP48 was instantiated in the design, it is suggested to set both the MREG and PREG attributes to 1 when performing multiply functions.
Related violations: <none>

DPOP-4#118 Warning
MREG Output pipelining  
DSP g_int4.u_precision_core/u_core/u_prod/u_core/u_core/u_minus_step/g_unified_lane.u_lane_group/g_lane[15].g_lane_n.u_lane/g_tight_mul.u_mul1/u_mul/g_base_stage.product0 multiplier stage g_int4.u_precision_core/u_core/u_prod/u_core/u_core/u_minus_step/g_unified_lane.u_lane_group/g_lane[15].g_lane_n.u_lane/g_tight_mul.u_mul1/u_mul/g_base_stage.product0/P[47:0] is not pipelined (MREG=0). Pipelining the multiplier function will improve performance and will save significant power so it is suggested whenever possible to fully pipeline this function.  If this multiplier was inferred, it is suggested to describe an additional register stage after this function.  If there is no registered adder/accumulator following the multiply function, two pipeline stages are suggested to allow both the MREG and PREG registers to be used.  If the DSP48 was instantiated in the design, it is suggested to set both the MREG and PREG attributes to 1 when performing multiply functions.
Related violations: <none>

DPOP-4#119 Warning
MREG Output pipelining  
DSP g_int4.u_precision_core/u_core/u_prod/u_core/u_core/u_minus_step/g_unified_lane.u_lane_group/g_lane[15].g_lane_n.u_lane/g_tight_mul.u_mul1/u_mul/g_base_stage.product_s1_reg multiplier stage g_int4.u_precision_core/u_core/u_prod/u_core/u_core/u_minus_step/g_unified_lane.u_lane_group/g_lane[15].g_lane_n.u_lane/g_tight_mul.u_mul1/u_mul/g_base_stage.product_s1_reg/P[47:0] is not pipelined (MREG=0). Pipelining the multiplier function will improve performance and will save significant power so it is suggested whenever possible to fully pipeline this function.  If this multiplier was inferred, it is suggested to describe an additional register stage after this function.  If there is no registered adder/accumulator following the multiply function, two pipeline stages are suggested to allow both the MREG and PREG registers to be used.  If the DSP48 was instantiated in the design, it is suggested to set both the MREG and PREG attributes to 1 when performing multiply functions.
Related violations: <none>

DPOP-4#120 Warning
MREG Output pipelining  
DSP g_int4.u_precision_core/u_core/u_prod/u_core/u_core/u_minus_step/g_unified_lane.u_lane_group/g_lane[15].g_lane_n.u_lane/g_tight_mul.u_mul2/u_mul/g_base_stage.product0 multiplier stage g_int4.u_precision_core/u_core/u_prod/u_core/u_core/u_minus_step/g_unified_lane.u_lane_group/g_lane[15].g_lane_n.u_lane/g_tight_mul.u_mul2/u_mul/g_base_stage.product0/P[47:0] is not pipelined (MREG=0). Pipelining the multiplier function will improve performance and will save significant power so it is suggested whenever possible to fully pipeline this function.  If this multiplier was inferred, it is suggested to describe an additional register stage after this function.  If there is no registered adder/accumulator following the multiply function, two pipeline stages are suggested to allow both the MREG and PREG registers to be used.  If the DSP48 was instantiated in the design, it is suggested to set both the MREG and PREG attributes to 1 when performing multiply functions.
Related violations: <none>

DPOP-4#121 Warning
MREG Output pipelining  
DSP g_int4.u_precision_core/u_core/u_prod/u_core/u_core/u_minus_step/g_unified_lane.u_lane_group/g_lane[15].g_lane_n.u_lane/g_tight_mul.u_mul2/u_mul/g_base_stage.product_s1_reg multiplier stage g_int4.u_precision_core/u_core/u_prod/u_core/u_core/u_minus_step/g_unified_lane.u_lane_group/g_lane[15].g_lane_n.u_lane/g_tight_mul.u_mul2/u_mul/g_base_stage.product_s1_reg/P[47:0] is not pipelined (MREG=0). Pipelining the multiplier function will improve performance and will save significant power so it is suggested whenever possible to fully pipeline this function.  If this multiplier was inferred, it is suggested to describe an additional register stage after this function.  If there is no registered adder/accumulator following the multiply function, two pipeline stages are suggested to allow both the MREG and PREG registers to be used.  If the DSP48 was instantiated in the design, it is suggested to set both the MREG and PREG attributes to 1 when performing multiply functions.
Related violations: <none>

DPOP-4#122 Warning
MREG Output pipelining  
DSP g_int4.u_precision_core/u_core/u_prod/u_core/u_core/u_minus_step/g_unified_lane.u_lane_group/g_lane[15].g_lane_n.u_lane/g_tight_mul.u_mul3/u_mul/g_base_stage.product0 multiplier stage g_int4.u_precision_core/u_core/u_prod/u_core/u_core/u_minus_step/g_unified_lane.u_lane_group/g_lane[15].g_lane_n.u_lane/g_tight_mul.u_mul3/u_mul/g_base_stage.product0/P[47:0] is not pipelined (MREG=0). Pipelining the multiplier function will improve performance and will save significant power so it is suggested whenever possible to fully pipeline this function.  If this multiplier was inferred, it is suggested to describe an additional register stage after this function.  If there is no registered adder/accumulator following the multiply function, two pipeline stages are suggested to allow both the MREG and PREG registers to be used.  If the DSP48 was instantiated in the design, it is suggested to set both the MREG and PREG attributes to 1 when performing multiply functions.
Related violations: <none>

DPOP-4#123 Warning
MREG Output pipelining  
DSP g_int4.u_precision_core/u_core/u_prod/u_core/u_core/u_minus_step/g_unified_lane.u_lane_group/g_lane[15].g_lane_n.u_lane/g_tight_mul.u_mul3/u_mul/g_base_stage.product_s1_reg multiplier stage g_int4.u_precision_core/u_core/u_prod/u_core/u_core/u_minus_step/g_unified_lane.u_lane_group/g_lane[15].g_lane_n.u_lane/g_tight_mul.u_mul3/u_mul/g_base_stage.product_s1_reg/P[47:0] is not pipelined (MREG=0). Pipelining the multiplier function will improve performance and will save significant power so it is suggested whenever possible to fully pipeline this function.  If this multiplier was inferred, it is suggested to describe an additional register stage after this function.  If there is no registered adder/accumulator following the multiply function, two pipeline stages are suggested to allow both the MREG and PREG registers to be used.  If the DSP48 was instantiated in the design, it is suggested to set both the MREG and PREG attributes to 1 when performing multiply functions.
Related violations: <none>

DPOP-4#124 Warning
MREG Output pipelining  
DSP g_int4.u_precision_core/u_core/u_prod/u_core/u_core/u_minus_step/g_unified_lane.u_lane_group/g_lane[1].g_lane_n.u_lane/g_j_dsp.g_generic.u_j_mul/g_base_stage.product0 multiplier stage g_int4.u_precision_core/u_core/u_prod/u_core/u_core/u_minus_step/g_unified_lane.u_lane_group/g_lane[1].g_lane_n.u_lane/g_j_dsp.g_generic.u_j_mul/g_base_stage.product0/P[47:0] is not pipelined (MREG=0). Pipelining the multiplier function will improve performance and will save significant power so it is suggested whenever possible to fully pipeline this function.  If this multiplier was inferred, it is suggested to describe an additional register stage after this function.  If there is no registered adder/accumulator following the multiply function, two pipeline stages are suggested to allow both the MREG and PREG registers to be used.  If the DSP48 was instantiated in the design, it is suggested to set both the MREG and PREG attributes to 1 when performing multiply functions.
Related violations: <none>

DPOP-4#125 Warning
MREG Output pipelining  
DSP g_int4.u_precision_core/u_core/u_prod/u_core/u_core/u_minus_step/g_unified_lane.u_lane_group/g_lane[1].g_lane_n.u_lane/g_j_dsp.g_generic.u_j_mul/g_base_stage.product_s1_reg multiplier stage g_int4.u_precision_core/u_core/u_prod/u_core/u_core/u_minus_step/g_unified_lane.u_lane_group/g_lane[1].g_lane_n.u_lane/g_j_dsp.g_generic.u_j_mul/g_base_stage.product_s1_reg/P[47:0] is not pipelined (MREG=0). Pipelining the multiplier function will improve performance and will save significant power so it is suggested whenever possible to fully pipeline this function.  If this multiplier was inferred, it is suggested to describe an additional register stage after this function.  If there is no registered adder/accumulator following the multiply function, two pipeline stages are suggested to allow both the MREG and PREG registers to be used.  If the DSP48 was instantiated in the design, it is suggested to set both the MREG and PREG attributes to 1 when performing multiply functions.
Related violations: <none>

DPOP-4#126 Warning
MREG Output pipelining  
DSP g_int4.u_precision_core/u_core/u_prod/u_core/u_core/u_minus_step/g_unified_lane.u_lane_group/g_lane[1].g_lane_n.u_lane/g_tight_mul.u_mul1/u_mul/g_base_stage.product0 multiplier stage g_int4.u_precision_core/u_core/u_prod/u_core/u_core/u_minus_step/g_unified_lane.u_lane_group/g_lane[1].g_lane_n.u_lane/g_tight_mul.u_mul1/u_mul/g_base_stage.product0/P[47:0] is not pipelined (MREG=0). Pipelining the multiplier function will improve performance and will save significant power so it is suggested whenever possible to fully pipeline this function.  If this multiplier was inferred, it is suggested to describe an additional register stage after this function.  If there is no registered adder/accumulator following the multiply function, two pipeline stages are suggested to allow both the MREG and PREG registers to be used.  If the DSP48 was instantiated in the design, it is suggested to set both the MREG and PREG attributes to 1 when performing multiply functions.
Related violations: <none>

DPOP-4#127 Warning
MREG Output pipelining  
DSP g_int4.u_precision_core/u_core/u_prod/u_core/u_core/u_minus_step/g_unified_lane.u_lane_group/g_lane[1].g_lane_n.u_lane/g_tight_mul.u_mul1/u_mul/g_base_stage.product_s1_reg multiplier stage g_int4.u_precision_core/u_core/u_prod/u_core/u_core/u_minus_step/g_unified_lane.u_lane_group/g_lane[1].g_lane_n.u_lane/g_tight_mul.u_mul1/u_mul/g_base_stage.product_s1_reg/P[47:0] is not pipelined (MREG=0). Pipelining the multiplier function will improve performance and will save significant power so it is suggested whenever possible to fully pipeline this function.  If this multiplier was inferred, it is suggested to describe an additional register stage after this function.  If there is no registered adder/accumulator following the multiply function, two pipeline stages are suggested to allow both the MREG and PREG registers to be used.  If the DSP48 was instantiated in the design, it is suggested to set both the MREG and PREG attributes to 1 when performing multiply functions.
Related violations: <none>

DPOP-4#128 Warning
MREG Output pipelining  
DSP g_int4.u_precision_core/u_core/u_prod/u_core/u_core/u_minus_step/g_unified_lane.u_lane_group/g_lane[1].g_lane_n.u_lane/g_tight_mul.u_mul2/u_mul/g_base_stage.product0 multiplier stage g_int4.u_precision_core/u_core/u_prod/u_core/u_core/u_minus_step/g_unified_lane.u_lane_group/g_lane[1].g_lane_n.u_lane/g_tight_mul.u_mul2/u_mul/g_base_stage.product0/P[47:0] is not pipelined (MREG=0). Pipelining the multiplier function will improve performance and will save significant power so it is suggested whenever possible to fully pipeline this function.  If this multiplier was inferred, it is suggested to describe an additional register stage after this function.  If there is no registered adder/accumulator following the multiply function, two pipeline stages are suggested to allow both the MREG and PREG registers to be used.  If the DSP48 was instantiated in the design, it is suggested to set both the MREG and PREG attributes to 1 when performing multiply functions.
Related violations: <none>

DPOP-4#129 Warning
MREG Output pipelining  
DSP g_int4.u_precision_core/u_core/u_prod/u_core/u_core/u_minus_step/g_unified_lane.u_lane_group/g_lane[1].g_lane_n.u_lane/g_tight_mul.u_mul2/u_mul/g_base_stage.product_s1_reg multiplier stage g_int4.u_precision_core/u_core/u_prod/u_core/u_core/u_minus_step/g_unified_lane.u_lane_group/g_lane[1].g_lane_n.u_lane/g_tight_mul.u_mul2/u_mul/g_base_stage.product_s1_reg/P[47:0] is not pipelined (MREG=0). Pipelining the multiplier function will improve performance and will save significant power so it is suggested whenever possible to fully pipeline this function.  If this multiplier was inferred, it is suggested to describe an additional register stage after this function.  If there is no registered adder/accumulator following the multiply function, two pipeline stages are suggested to allow both the MREG and PREG registers to be used.  If the DSP48 was instantiated in the design, it is suggested to set both the MREG and PREG attributes to 1 when performing multiply functions.
Related violations: <none>

DPOP-4#130 Warning
MREG Output pipelining  
DSP g_int4.u_precision_core/u_core/u_prod/u_core/u_core/u_minus_step/g_unified_lane.u_lane_group/g_lane[1].g_lane_n.u_lane/g_tight_mul.u_mul3/u_mul/g_base_stage.product0 multiplier stage g_int4.u_precision_core/u_core/u_prod/u_core/u_core/u_minus_step/g_unified_lane.u_lane_group/g_lane[1].g_lane_n.u_lane/g_tight_mul.u_mul3/u_mul/g_base_stage.product0/P[47:0] is not pipelined (MREG=0). Pipelining the multiplier function will improve performance and will save significant power so it is suggested whenever possible to fully pipeline this function.  If this multiplier was inferred, it is suggested to describe an additional register stage after this function.  If there is no registered adder/accumulator following the multiply function, two pipeline stages are suggested to allow both the MREG and PREG registers to be used.  If the DSP48 was instantiated in the design, it is suggested to set both the MREG and PREG attributes to 1 when performing multiply functions.
Related violations: <none>

DPOP-4#131 Warning
MREG Output pipelining  
DSP g_int4.u_precision_core/u_core/u_prod/u_core/u_core/u_minus_step/g_unified_lane.u_lane_group/g_lane[1].g_lane_n.u_lane/g_tight_mul.u_mul3/u_mul/g_base_stage.product_s1_reg multiplier stage g_int4.u_precision_core/u_core/u_prod/u_core/u_core/u_minus_step/g_unified_lane.u_lane_group/g_lane[1].g_lane_n.u_lane/g_tight_mul.u_mul3/u_mul/g_base_stage.product_s1_reg/P[47:0] is not pipelined (MREG=0). Pipelining the multiplier function will improve performance and will save significant power so it is suggested whenever possible to fully pipeline this function.  If this multiplier was inferred, it is suggested to describe an additional register stage after this function.  If there is no registered adder/accumulator following the multiply function, two pipeline stages are suggested to allow both the MREG and PREG registers to be used.  If the DSP48 was instantiated in the design, it is suggested to set both the MREG and PREG attributes to 1 when performing multiply functions.
Related violations: <none>

DPOP-4#132 Warning
MREG Output pipelining  
DSP g_int4.u_precision_core/u_core/u_prod/u_core/u_core/u_minus_step/g_unified_lane.u_lane_group/g_lane[2].g_lane_n.u_lane/g_j_dsp.g_generic.u_j_mul/g_base_stage.product0 multiplier stage g_int4.u_precision_core/u_core/u_prod/u_core/u_core/u_minus_step/g_unified_lane.u_lane_group/g_lane[2].g_lane_n.u_lane/g_j_dsp.g_generic.u_j_mul/g_base_stage.product0/P[47:0] is not pipelined (MREG=0). Pipelining the multiplier function will improve performance and will save significant power so it is suggested whenever possible to fully pipeline this function.  If this multiplier was inferred, it is suggested to describe an additional register stage after this function.  If there is no registered adder/accumulator following the multiply function, two pipeline stages are suggested to allow both the MREG and PREG registers to be used.  If the DSP48 was instantiated in the design, it is suggested to set both the MREG and PREG attributes to 1 when performing multiply functions.
Related violations: <none>

DPOP-4#133 Warning
MREG Output pipelining  
DSP g_int4.u_precision_core/u_core/u_prod/u_core/u_core/u_minus_step/g_unified_lane.u_lane_group/g_lane[2].g_lane_n.u_lane/g_j_dsp.g_generic.u_j_mul/g_base_stage.product_s1_reg multiplier stage g_int4.u_precision_core/u_core/u_prod/u_core/u_core/u_minus_step/g_unified_lane.u_lane_group/g_lane[2].g_lane_n.u_lane/g_j_dsp.g_generic.u_j_mul/g_base_stage.product_s1_reg/P[47:0] is not pipelined (MREG=0). Pipelining the multiplier function will improve performance and will save significant power so it is suggested whenever possible to fully pipeline this function.  If this multiplier was inferred, it is suggested to describe an additional register stage after this function.  If there is no registered adder/accumulator following the multiply function, two pipeline stages are suggested to allow both the MREG and PREG registers to be used.  If the DSP48 was instantiated in the design, it is suggested to set both the MREG and PREG attributes to 1 when performing multiply functions.
Related violations: <none>

DPOP-4#134 Warning
MREG Output pipelining  
DSP g_int4.u_precision_core/u_core/u_prod/u_core/u_core/u_minus_step/g_unified_lane.u_lane_group/g_lane[2].g_lane_n.u_lane/g_tight_mul.u_mul1/u_mul/g_base_stage.product0 multiplier stage g_int4.u_precision_core/u_core/u_prod/u_core/u_core/u_minus_step/g_unified_lane.u_lane_group/g_lane[2].g_lane_n.u_lane/g_tight_mul.u_mul1/u_mul/g_base_stage.product0/P[47:0] is not pipelined (MREG=0). Pipelining the multiplier function will improve performance and will save significant power so it is suggested whenever possible to fully pipeline this function.  If this multiplier was inferred, it is suggested to describe an additional register stage after this function.  If there is no registered adder/accumulator following the multiply function, two pipeline stages are suggested to allow both the MREG and PREG registers to be used.  If the DSP48 was instantiated in the design, it is suggested to set both the MREG and PREG attributes to 1 when performing multiply functions.
Related violations: <none>

DPOP-4#135 Warning
MREG Output pipelining  
DSP g_int4.u_precision_core/u_core/u_prod/u_core/u_core/u_minus_step/g_unified_lane.u_lane_group/g_lane[2].g_lane_n.u_lane/g_tight_mul.u_mul1/u_mul/g_base_stage.product_s1_reg multiplier stage g_int4.u_precision_core/u_core/u_prod/u_core/u_core/u_minus_step/g_unified_lane.u_lane_group/g_lane[2].g_lane_n.u_lane/g_tight_mul.u_mul1/u_mul/g_base_stage.product_s1_reg/P[47:0] is not pipelined (MREG=0). Pipelining the multiplier function will improve performance and will save significant power so it is suggested whenever possible to fully pipeline this function.  If this multiplier was inferred, it is suggested to describe an additional register stage after this function.  If there is no registered adder/accumulator following the multiply function, two pipeline stages are suggested to allow both the MREG and PREG registers to be used.  If the DSP48 was instantiated in the design, it is suggested to set both the MREG and PREG attributes to 1 when performing multiply functions.
Related violations: <none>

DPOP-4#136 Warning
MREG Output pipelining  
DSP g_int4.u_precision_core/u_core/u_prod/u_core/u_core/u_minus_step/g_unified_lane.u_lane_group/g_lane[2].g_lane_n.u_lane/g_tight_mul.u_mul2/u_mul/g_base_stage.product0 multiplier stage g_int4.u_precision_core/u_core/u_prod/u_core/u_core/u_minus_step/g_unified_lane.u_lane_group/g_lane[2].g_lane_n.u_lane/g_tight_mul.u_mul2/u_mul/g_base_stage.product0/P[47:0] is not pipelined (MREG=0). Pipelining the multiplier function will improve performance and will save significant power so it is suggested whenever possible to fully pipeline this function.  If this multiplier was inferred, it is suggested to describe an additional register stage after this function.  If there is no registered adder/accumulator following the multiply function, two pipeline stages are suggested to allow both the MREG and PREG registers to be used.  If the DSP48 was instantiated in the design, it is suggested to set both the MREG and PREG attributes to 1 when performing multiply functions.
Related violations: <none>

DPOP-4#137 Warning
MREG Output pipelining  
DSP g_int4.u_precision_core/u_core/u_prod/u_core/u_core/u_minus_step/g_unified_lane.u_lane_group/g_lane[2].g_lane_n.u_lane/g_tight_mul.u_mul2/u_mul/g_base_stage.product_s1_reg multiplier stage g_int4.u_precision_core/u_core/u_prod/u_core/u_core/u_minus_step/g_unified_lane.u_lane_group/g_lane[2].g_lane_n.u_lane/g_tight_mul.u_mul2/u_mul/g_base_stage.product_s1_reg/P[47:0] is not pipelined (MREG=0). Pipelining the multiplier function will improve performance and will save significant power so it is suggested whenever possible to fully pipeline this function.  If this multiplier was inferred, it is suggested to describe an additional register stage after this function.  If there is no registered adder/accumulator following the multiply function, two pipeline stages are suggested to allow both the MREG and PREG registers to be used.  If the DSP48 was instantiated in the design, it is suggested to set both the MREG and PREG attributes to 1 when performing multiply functions.
Related violations: <none>

DPOP-4#138 Warning
MREG Output pipelining  
DSP g_int4.u_precision_core/u_core/u_prod/u_core/u_core/u_minus_step/g_unified_lane.u_lane_group/g_lane[2].g_lane_n.u_lane/g_tight_mul.u_mul3/u_mul/g_base_stage.product0 multiplier stage g_int4.u_precision_core/u_core/u_prod/u_core/u_core/u_minus_step/g_unified_lane.u_lane_group/g_lane[2].g_lane_n.u_lane/g_tight_mul.u_mul3/u_mul/g_base_stage.product0/P[47:0] is not pipelined (MREG=0). Pipelining the multiplier function will improve performance and will save significant power so it is suggested whenever possible to fully pipeline this function.  If this multiplier was inferred, it is suggested to describe an additional register stage after this function.  If there is no registered adder/accumulator following the multiply function, two pipeline stages are suggested to allow both the MREG and PREG registers to be used.  If the DSP48 was instantiated in the design, it is suggested to set both the MREG and PREG attributes to 1 when performing multiply functions.
Related violations: <none>

DPOP-4#139 Warning
MREG Output pipelining  
DSP g_int4.u_precision_core/u_core/u_prod/u_core/u_core/u_minus_step/g_unified_lane.u_lane_group/g_lane[2].g_lane_n.u_lane/g_tight_mul.u_mul3/u_mul/g_base_stage.product_s1_reg multiplier stage g_int4.u_precision_core/u_core/u_prod/u_core/u_core/u_minus_step/g_unified_lane.u_lane_group/g_lane[2].g_lane_n.u_lane/g_tight_mul.u_mul3/u_mul/g_base_stage.product_s1_reg/P[47:0] is not pipelined (MREG=0). Pipelining the multiplier function will improve performance and will save significant power so it is suggested whenever possible to fully pipeline this function.  If this multiplier was inferred, it is suggested to describe an additional register stage after this function.  If there is no registered adder/accumulator following the multiply function, two pipeline stages are suggested to allow both the MREG and PREG registers to be used.  If the DSP48 was instantiated in the design, it is suggested to set both the MREG and PREG attributes to 1 when performing multiply functions.
Related violations: <none>

DPOP-4#140 Warning
MREG Output pipelining  
DSP g_int4.u_precision_core/u_core/u_prod/u_core/u_core/u_minus_step/g_unified_lane.u_lane_group/g_lane[3].g_lane_n.u_lane/g_j_dsp.g_generic.u_j_mul/g_base_stage.product0 multiplier stage g_int4.u_precision_core/u_core/u_prod/u_core/u_core/u_minus_step/g_unified_lane.u_lane_group/g_lane[3].g_lane_n.u_lane/g_j_dsp.g_generic.u_j_mul/g_base_stage.product0/P[47:0] is not pipelined (MREG=0). Pipelining the multiplier function will improve performance and will save significant power so it is suggested whenever possible to fully pipeline this function.  If this multiplier was inferred, it is suggested to describe an additional register stage after this function.  If there is no registered adder/accumulator following the multiply function, two pipeline stages are suggested to allow both the MREG and PREG registers to be used.  If the DSP48 was instantiated in the design, it is suggested to set both the MREG and PREG attributes to 1 when performing multiply functions.
Related violations: <none>

DPOP-4#141 Warning
MREG Output pipelining  
DSP g_int4.u_precision_core/u_core/u_prod/u_core/u_core/u_minus_step/g_unified_lane.u_lane_group/g_lane[3].g_lane_n.u_lane/g_j_dsp.g_generic.u_j_mul/g_base_stage.product_s1_reg multiplier stage g_int4.u_precision_core/u_core/u_prod/u_core/u_core/u_minus_step/g_unified_lane.u_lane_group/g_lane[3].g_lane_n.u_lane/g_j_dsp.g_generic.u_j_mul/g_base_stage.product_s1_reg/P[47:0] is not pipelined (MREG=0). Pipelining the multiplier function will improve performance and will save significant power so it is suggested whenever possible to fully pipeline this function.  If this multiplier was inferred, it is suggested to describe an additional register stage after this function.  If there is no registered adder/accumulator following the multiply function, two pipeline stages are suggested to allow both the MREG and PREG registers to be used.  If the DSP48 was instantiated in the design, it is suggested to set both the MREG and PREG attributes to 1 when performing multiply functions.
Related violations: <none>

DPOP-4#142 Warning
MREG Output pipelining  
DSP g_int4.u_precision_core/u_core/u_prod/u_core/u_core/u_minus_step/g_unified_lane.u_lane_group/g_lane[3].g_lane_n.u_lane/g_tight_mul.u_mul1/u_mul/g_base_stage.product0 multiplier stage g_int4.u_precision_core/u_core/u_prod/u_core/u_core/u_minus_step/g_unified_lane.u_lane_group/g_lane[3].g_lane_n.u_lane/g_tight_mul.u_mul1/u_mul/g_base_stage.product0/P[47:0] is not pipelined (MREG=0). Pipelining the multiplier function will improve performance and will save significant power so it is suggested whenever possible to fully pipeline this function.  If this multiplier was inferred, it is suggested to describe an additional register stage after this function.  If there is no registered adder/accumulator following the multiply function, two pipeline stages are suggested to allow both the MREG and PREG registers to be used.  If the DSP48 was instantiated in the design, it is suggested to set both the MREG and PREG attributes to 1 when performing multiply functions.
Related violations: <none>

DPOP-4#143 Warning
MREG Output pipelining  
DSP g_int4.u_precision_core/u_core/u_prod/u_core/u_core/u_minus_step/g_unified_lane.u_lane_group/g_lane[3].g_lane_n.u_lane/g_tight_mul.u_mul1/u_mul/g_base_stage.product_s1_reg multiplier stage g_int4.u_precision_core/u_core/u_prod/u_core/u_core/u_minus_step/g_unified_lane.u_lane_group/g_lane[3].g_lane_n.u_lane/g_tight_mul.u_mul1/u_mul/g_base_stage.product_s1_reg/P[47:0] is not pipelined (MREG=0). Pipelining the multiplier function will improve performance and will save significant power so it is suggested whenever possible to fully pipeline this function.  If this multiplier was inferred, it is suggested to describe an additional register stage after this function.  If there is no registered adder/accumulator following the multiply function, two pipeline stages are suggested to allow both the MREG and PREG registers to be used.  If the DSP48 was instantiated in the design, it is suggested to set both the MREG and PREG attributes to 1 when performing multiply functions.
Related violations: <none>

DPOP-4#144 Warning
MREG Output pipelining  
DSP g_int4.u_precision_core/u_core/u_prod/u_core/u_core/u_minus_step/g_unified_lane.u_lane_group/g_lane[3].g_lane_n.u_lane/g_tight_mul.u_mul2/u_mul/g_base_stage.product0 multiplier stage g_int4.u_precision_core/u_core/u_prod/u_core/u_core/u_minus_step/g_unified_lane.u_lane_group/g_lane[3].g_lane_n.u_lane/g_tight_mul.u_mul2/u_mul/g_base_stage.product0/P[47:0] is not pipelined (MREG=0). Pipelining the multiplier function will improve performance and will save significant power so it is suggested whenever possible to fully pipeline this function.  If this multiplier was inferred, it is suggested to describe an additional register stage after this function.  If there is no registered adder/accumulator following the multiply function, two pipeline stages are suggested to allow both the MREG and PREG registers to be used.  If the DSP48 was instantiated in the design, it is suggested to set both the MREG and PREG attributes to 1 when performing multiply functions.
Related violations: <none>

DPOP-4#145 Warning
MREG Output pipelining  
DSP g_int4.u_precision_core/u_core/u_prod/u_core/u_core/u_minus_step/g_unified_lane.u_lane_group/g_lane[3].g_lane_n.u_lane/g_tight_mul.u_mul2/u_mul/g_base_stage.product_s1_reg multiplier stage g_int4.u_precision_core/u_core/u_prod/u_core/u_core/u_minus_step/g_unified_lane.u_lane_group/g_lane[3].g_lane_n.u_lane/g_tight_mul.u_mul2/u_mul/g_base_stage.product_s1_reg/P[47:0] is not pipelined (MREG=0). Pipelining the multiplier function will improve performance and will save significant power so it is suggested whenever possible to fully pipeline this function.  If this multiplier was inferred, it is suggested to describe an additional register stage after this function.  If there is no registered adder/accumulator following the multiply function, two pipeline stages are suggested to allow both the MREG and PREG registers to be used.  If the DSP48 was instantiated in the design, it is suggested to set both the MREG and PREG attributes to 1 when performing multiply functions.
Related violations: <none>

DPOP-4#146 Warning
MREG Output pipelining  
DSP g_int4.u_precision_core/u_core/u_prod/u_core/u_core/u_minus_step/g_unified_lane.u_lane_group/g_lane[3].g_lane_n.u_lane/g_tight_mul.u_mul3/u_mul/g_base_stage.product0 multiplier stage g_int4.u_precision_core/u_core/u_prod/u_core/u_core/u_minus_step/g_unified_lane.u_lane_group/g_lane[3].g_lane_n.u_lane/g_tight_mul.u_mul3/u_mul/g_base_stage.product0/P[47:0] is not pipelined (MREG=0). Pipelining the multiplier function will improve performance and will save significant power so it is suggested whenever possible to fully pipeline this function.  If this multiplier was inferred, it is suggested to describe an additional register stage after this function.  If there is no registered adder/accumulator following the multiply function, two pipeline stages are suggested to allow both the MREG and PREG registers to be used.  If the DSP48 was instantiated in the design, it is suggested to set both the MREG and PREG attributes to 1 when performing multiply functions.
Related violations: <none>

DPOP-4#147 Warning
MREG Output pipelining  
DSP g_int4.u_precision_core/u_core/u_prod/u_core/u_core/u_minus_step/g_unified_lane.u_lane_group/g_lane[3].g_lane_n.u_lane/g_tight_mul.u_mul3/u_mul/g_base_stage.product_s1_reg multiplier stage g_int4.u_precision_core/u_core/u_prod/u_core/u_core/u_minus_step/g_unified_lane.u_lane_group/g_lane[3].g_lane_n.u_lane/g_tight_mul.u_mul3/u_mul/g_base_stage.product_s1_reg/P[47:0] is not pipelined (MREG=0). Pipelining the multiplier function will improve performance and will save significant power so it is suggested whenever possible to fully pipeline this function.  If this multiplier was inferred, it is suggested to describe an additional register stage after this function.  If there is no registered adder/accumulator following the multiply function, two pipeline stages are suggested to allow both the MREG and PREG registers to be used.  If the DSP48 was instantiated in the design, it is suggested to set both the MREG and PREG attributes to 1 when performing multiply functions.
Related violations: <none>

DPOP-4#148 Warning
MREG Output pipelining  
DSP g_int4.u_precision_core/u_core/u_prod/u_core/u_core/u_minus_step/g_unified_lane.u_lane_group/g_lane[4].g_lane_n.u_lane/g_j_dsp.g_generic.u_j_mul/g_base_stage.product0 multiplier stage g_int4.u_precision_core/u_core/u_prod/u_core/u_core/u_minus_step/g_unified_lane.u_lane_group/g_lane[4].g_lane_n.u_lane/g_j_dsp.g_generic.u_j_mul/g_base_stage.product0/P[47:0] is not pipelined (MREG=0). Pipelining the multiplier function will improve performance and will save significant power so it is suggested whenever possible to fully pipeline this function.  If this multiplier was inferred, it is suggested to describe an additional register stage after this function.  If there is no registered adder/accumulator following the multiply function, two pipeline stages are suggested to allow both the MREG and PREG registers to be used.  If the DSP48 was instantiated in the design, it is suggested to set both the MREG and PREG attributes to 1 when performing multiply functions.
Related violations: <none>

DPOP-4#149 Warning
MREG Output pipelining  
DSP g_int4.u_precision_core/u_core/u_prod/u_core/u_core/u_minus_step/g_unified_lane.u_lane_group/g_lane[4].g_lane_n.u_lane/g_j_dsp.g_generic.u_j_mul/g_base_stage.product_s1_reg multiplier stage g_int4.u_precision_core/u_core/u_prod/u_core/u_core/u_minus_step/g_unified_lane.u_lane_group/g_lane[4].g_lane_n.u_lane/g_j_dsp.g_generic.u_j_mul/g_base_stage.product_s1_reg/P[47:0] is not pipelined (MREG=0). Pipelining the multiplier function will improve performance and will save significant power so it is suggested whenever possible to fully pipeline this function.  If this multiplier was inferred, it is suggested to describe an additional register stage after this function.  If there is no registered adder/accumulator following the multiply function, two pipeline stages are suggested to allow both the MREG and PREG registers to be used.  If the DSP48 was instantiated in the design, it is suggested to set both the MREG and PREG attributes to 1 when performing multiply functions.
Related violations: <none>

DPOP-4#150 Warning
MREG Output pipelining  
DSP g_int4.u_precision_core/u_core/u_prod/u_core/u_core/u_minus_step/g_unified_lane.u_lane_group/g_lane[4].g_lane_n.u_lane/g_tight_mul.u_mul1/u_mul/g_base_stage.product0 multiplier stage g_int4.u_precision_core/u_core/u_prod/u_core/u_core/u_minus_step/g_unified_lane.u_lane_group/g_lane[4].g_lane_n.u_lane/g_tight_mul.u_mul1/u_mul/g_base_stage.product0/P[47:0] is not pipelined (MREG=0). Pipelining the multiplier function will improve performance and will save significant power so it is suggested whenever possible to fully pipeline this function.  If this multiplier was inferred, it is suggested to describe an additional register stage after this function.  If there is no registered adder/accumulator following the multiply function, two pipeline stages are suggested to allow both the MREG and PREG registers to be used.  If the DSP48 was instantiated in the design, it is suggested to set both the MREG and PREG attributes to 1 when performing multiply functions.
Related violations: <none>

DPOP-4#151 Warning
MREG Output pipelining  
DSP g_int4.u_precision_core/u_core/u_prod/u_core/u_core/u_minus_step/g_unified_lane.u_lane_group/g_lane[4].g_lane_n.u_lane/g_tight_mul.u_mul1/u_mul/g_base_stage.product_s1_reg multiplier stage g_int4.u_precision_core/u_core/u_prod/u_core/u_core/u_minus_step/g_unified_lane.u_lane_group/g_lane[4].g_lane_n.u_lane/g_tight_mul.u_mul1/u_mul/g_base_stage.product_s1_reg/P[47:0] is not pipelined (MREG=0). Pipelining the multiplier function will improve performance and will save significant power so it is suggested whenever possible to fully pipeline this function.  If this multiplier was inferred, it is suggested to describe an additional register stage after this function.  If there is no registered adder/accumulator following the multiply function, two pipeline stages are suggested to allow both the MREG and PREG registers to be used.  If the DSP48 was instantiated in the design, it is suggested to set both the MREG and PREG attributes to 1 when performing multiply functions.
Related violations: <none>

DPOP-4#152 Warning
MREG Output pipelining  
DSP g_int4.u_precision_core/u_core/u_prod/u_core/u_core/u_minus_step/g_unified_lane.u_lane_group/g_lane[4].g_lane_n.u_lane/g_tight_mul.u_mul2/u_mul/g_base_stage.product0 multiplier stage g_int4.u_precision_core/u_core/u_prod/u_core/u_core/u_minus_step/g_unified_lane.u_lane_group/g_lane[4].g_lane_n.u_lane/g_tight_mul.u_mul2/u_mul/g_base_stage.product0/P[47:0] is not pipelined (MREG=0). Pipelining the multiplier function will improve performance and will save significant power so it is suggested whenever possible to fully pipeline this function.  If this multiplier was inferred, it is suggested to describe an additional register stage after this function.  If there is no registered adder/accumulator following the multiply function, two pipeline stages are suggested to allow both the MREG and PREG registers to be used.  If the DSP48 was instantiated in the design, it is suggested to set both the MREG and PREG attributes to 1 when performing multiply functions.
Related violations: <none>

DPOP-4#153 Warning
MREG Output pipelining  
DSP g_int4.u_precision_core/u_core/u_prod/u_core/u_core/u_minus_step/g_unified_lane.u_lane_group/g_lane[4].g_lane_n.u_lane/g_tight_mul.u_mul2/u_mul/g_base_stage.product_s1_reg multiplier stage g_int4.u_precision_core/u_core/u_prod/u_core/u_core/u_minus_step/g_unified_lane.u_lane_group/g_lane[4].g_lane_n.u_lane/g_tight_mul.u_mul2/u_mul/g_base_stage.product_s1_reg/P[47:0] is not pipelined (MREG=0). Pipelining the multiplier function will improve performance and will save significant power so it is suggested whenever possible to fully pipeline this function.  If this multiplier was inferred, it is suggested to describe an additional register stage after this function.  If there is no registered adder/accumulator following the multiply function, two pipeline stages are suggested to allow both the MREG and PREG registers to be used.  If the DSP48 was instantiated in the design, it is suggested to set both the MREG and PREG attributes to 1 when performing multiply functions.
Related violations: <none>

DPOP-4#154 Warning
MREG Output pipelining  
DSP g_int4.u_precision_core/u_core/u_prod/u_core/u_core/u_minus_step/g_unified_lane.u_lane_group/g_lane[4].g_lane_n.u_lane/g_tight_mul.u_mul3/u_mul/g_base_stage.product0 multiplier stage g_int4.u_precision_core/u_core/u_prod/u_core/u_core/u_minus_step/g_unified_lane.u_lane_group/g_lane[4].g_lane_n.u_lane/g_tight_mul.u_mul3/u_mul/g_base_stage.product0/P[47:0] is not pipelined (MREG=0). Pipelining the multiplier function will improve performance and will save significant power so it is suggested whenever possible to fully pipeline this function.  If this multiplier was inferred, it is suggested to describe an additional register stage after this function.  If there is no registered adder/accumulator following the multiply function, two pipeline stages are suggested to allow both the MREG and PREG registers to be used.  If the DSP48 was instantiated in the design, it is suggested to set both the MREG and PREG attributes to 1 when performing multiply functions.
Related violations: <none>

DPOP-4#155 Warning
MREG Output pipelining  
DSP g_int4.u_precision_core/u_core/u_prod/u_core/u_core/u_minus_step/g_unified_lane.u_lane_group/g_lane[4].g_lane_n.u_lane/g_tight_mul.u_mul3/u_mul/g_base_stage.product_s1_reg multiplier stage g_int4.u_precision_core/u_core/u_prod/u_core/u_core/u_minus_step/g_unified_lane.u_lane_group/g_lane[4].g_lane_n.u_lane/g_tight_mul.u_mul3/u_mul/g_base_stage.product_s1_reg/P[47:0] is not pipelined (MREG=0). Pipelining the multiplier function will improve performance and will save significant power so it is suggested whenever possible to fully pipeline this function.  If this multiplier was inferred, it is suggested to describe an additional register stage after this function.  If there is no registered adder/accumulator following the multiply function, two pipeline stages are suggested to allow both the MREG and PREG registers to be used.  If the DSP48 was instantiated in the design, it is suggested to set both the MREG and PREG attributes to 1 when performing multiply functions.
Related violations: <none>

DPOP-4#156 Warning
MREG Output pipelining  
DSP g_int4.u_precision_core/u_core/u_prod/u_core/u_core/u_minus_step/g_unified_lane.u_lane_group/g_lane[5].g_lane_n.u_lane/g_j_dsp.g_generic.u_j_mul/g_base_stage.product0 multiplier stage g_int4.u_precision_core/u_core/u_prod/u_core/u_core/u_minus_step/g_unified_lane.u_lane_group/g_lane[5].g_lane_n.u_lane/g_j_dsp.g_generic.u_j_mul/g_base_stage.product0/P[47:0] is not pipelined (MREG=0). Pipelining the multiplier function will improve performance and will save significant power so it is suggested whenever possible to fully pipeline this function.  If this multiplier was inferred, it is suggested to describe an additional register stage after this function.  If there is no registered adder/accumulator following the multiply function, two pipeline stages are suggested to allow both the MREG and PREG registers to be used.  If the DSP48 was instantiated in the design, it is suggested to set both the MREG and PREG attributes to 1 when performing multiply functions.
Related violations: <none>

DPOP-4#157 Warning
MREG Output pipelining  
DSP g_int4.u_precision_core/u_core/u_prod/u_core/u_core/u_minus_step/g_unified_lane.u_lane_group/g_lane[5].g_lane_n.u_lane/g_j_dsp.g_generic.u_j_mul/g_base_stage.product_s1_reg multiplier stage g_int4.u_precision_core/u_core/u_prod/u_core/u_core/u_minus_step/g_unified_lane.u_lane_group/g_lane[5].g_lane_n.u_lane/g_j_dsp.g_generic.u_j_mul/g_base_stage.product_s1_reg/P[47:0] is not pipelined (MREG=0). Pipelining the multiplier function will improve performance and will save significant power so it is suggested whenever possible to fully pipeline this function.  If this multiplier was inferred, it is suggested to describe an additional register stage after this function.  If there is no registered adder/accumulator following the multiply function, two pipeline stages are suggested to allow both the MREG and PREG registers to be used.  If the DSP48 was instantiated in the design, it is suggested to set both the MREG and PREG attributes to 1 when performing multiply functions.
Related violations: <none>

DPOP-4#158 Warning
MREG Output pipelining  
DSP g_int4.u_precision_core/u_core/u_prod/u_core/u_core/u_minus_step/g_unified_lane.u_lane_group/g_lane[5].g_lane_n.u_lane/g_tight_mul.u_mul1/u_mul/g_base_stage.product0 multiplier stage g_int4.u_precision_core/u_core/u_prod/u_core/u_core/u_minus_step/g_unified_lane.u_lane_group/g_lane[5].g_lane_n.u_lane/g_tight_mul.u_mul1/u_mul/g_base_stage.product0/P[47:0] is not pipelined (MREG=0). Pipelining the multiplier function will improve performance and will save significant power so it is suggested whenever possible to fully pipeline this function.  If this multiplier was inferred, it is suggested to describe an additional register stage after this function.  If there is no registered adder/accumulator following the multiply function, two pipeline stages are suggested to allow both the MREG and PREG registers to be used.  If the DSP48 was instantiated in the design, it is suggested to set both the MREG and PREG attributes to 1 when performing multiply functions.
Related violations: <none>

DPOP-4#159 Warning
MREG Output pipelining  
DSP g_int4.u_precision_core/u_core/u_prod/u_core/u_core/u_minus_step/g_unified_lane.u_lane_group/g_lane[5].g_lane_n.u_lane/g_tight_mul.u_mul1/u_mul/g_base_stage.product_s1_reg multiplier stage g_int4.u_precision_core/u_core/u_prod/u_core/u_core/u_minus_step/g_unified_lane.u_lane_group/g_lane[5].g_lane_n.u_lane/g_tight_mul.u_mul1/u_mul/g_base_stage.product_s1_reg/P[47:0] is not pipelined (MREG=0). Pipelining the multiplier function will improve performance and will save significant power so it is suggested whenever possible to fully pipeline this function.  If this multiplier was inferred, it is suggested to describe an additional register stage after this function.  If there is no registered adder/accumulator following the multiply function, two pipeline stages are suggested to allow both the MREG and PREG registers to be used.  If the DSP48 was instantiated in the design, it is suggested to set both the MREG and PREG attributes to 1 when performing multiply functions.
Related violations: <none>

DPOP-4#160 Warning
MREG Output pipelining  
DSP g_int4.u_precision_core/u_core/u_prod/u_core/u_core/u_minus_step/g_unified_lane.u_lane_group/g_lane[5].g_lane_n.u_lane/g_tight_mul.u_mul2/u_mul/g_base_stage.product0 multiplier stage g_int4.u_precision_core/u_core/u_prod/u_core/u_core/u_minus_step/g_unified_lane.u_lane_group/g_lane[5].g_lane_n.u_lane/g_tight_mul.u_mul2/u_mul/g_base_stage.product0/P[47:0] is not pipelined (MREG=0). Pipelining the multiplier function will improve performance and will save significant power so it is suggested whenever possible to fully pipeline this function.  If this multiplier was inferred, it is suggested to describe an additional register stage after this function.  If there is no registered adder/accumulator following the multiply function, two pipeline stages are suggested to allow both the MREG and PREG registers to be used.  If the DSP48 was instantiated in the design, it is suggested to set both the MREG and PREG attributes to 1 when performing multiply functions.
Related violations: <none>

DPOP-4#161 Warning
MREG Output pipelining  
DSP g_int4.u_precision_core/u_core/u_prod/u_core/u_core/u_minus_step/g_unified_lane.u_lane_group/g_lane[5].g_lane_n.u_lane/g_tight_mul.u_mul2/u_mul/g_base_stage.product_s1_reg multiplier stage g_int4.u_precision_core/u_core/u_prod/u_core/u_core/u_minus_step/g_unified_lane.u_lane_group/g_lane[5].g_lane_n.u_lane/g_tight_mul.u_mul2/u_mul/g_base_stage.product_s1_reg/P[47:0] is not pipelined (MREG=0). Pipelining the multiplier function will improve performance and will save significant power so it is suggested whenever possible to fully pipeline this function.  If this multiplier was inferred, it is suggested to describe an additional register stage after this function.  If there is no registered adder/accumulator following the multiply function, two pipeline stages are suggested to allow both the MREG and PREG registers to be used.  If the DSP48 was instantiated in the design, it is suggested to set both the MREG and PREG attributes to 1 when performing multiply functions.
Related violations: <none>

DPOP-4#162 Warning
MREG Output pipelining  
DSP g_int4.u_precision_core/u_core/u_prod/u_core/u_core/u_minus_step/g_unified_lane.u_lane_group/g_lane[5].g_lane_n.u_lane/g_tight_mul.u_mul3/u_mul/g_base_stage.product0 multiplier stage g_int4.u_precision_core/u_core/u_prod/u_core/u_core/u_minus_step/g_unified_lane.u_lane_group/g_lane[5].g_lane_n.u_lane/g_tight_mul.u_mul3/u_mul/g_base_stage.product0/P[47:0] is not pipelined (MREG=0). Pipelining the multiplier function will improve performance and will save significant power so it is suggested whenever possible to fully pipeline this function.  If this multiplier was inferred, it is suggested to describe an additional register stage after this function.  If there is no registered adder/accumulator following the multiply function, two pipeline stages are suggested to allow both the MREG and PREG registers to be used.  If the DSP48 was instantiated in the design, it is suggested to set both the MREG and PREG attributes to 1 when performing multiply functions.
Related violations: <none>

DPOP-4#163 Warning
MREG Output pipelining  
DSP g_int4.u_precision_core/u_core/u_prod/u_core/u_core/u_minus_step/g_unified_lane.u_lane_group/g_lane[5].g_lane_n.u_lane/g_tight_mul.u_mul3/u_mul/g_base_stage.product_s1_reg multiplier stage g_int4.u_precision_core/u_core/u_prod/u_core/u_core/u_minus_step/g_unified_lane.u_lane_group/g_lane[5].g_lane_n.u_lane/g_tight_mul.u_mul3/u_mul/g_base_stage.product_s1_reg/P[47:0] is not pipelined (MREG=0). Pipelining the multiplier function will improve performance and will save significant power so it is suggested whenever possible to fully pipeline this function.  If this multiplier was inferred, it is suggested to describe an additional register stage after this function.  If there is no registered adder/accumulator following the multiply function, two pipeline stages are suggested to allow both the MREG and PREG registers to be used.  If the DSP48 was instantiated in the design, it is suggested to set both the MREG and PREG attributes to 1 when performing multiply functions.
Related violations: <none>

DPOP-4#164 Warning
MREG Output pipelining  
DSP g_int4.u_precision_core/u_core/u_prod/u_core/u_core/u_minus_step/g_unified_lane.u_lane_group/g_lane[6].g_lane_n.u_lane/g_j_dsp.g_generic.u_j_mul/g_base_stage.product0 multiplier stage g_int4.u_precision_core/u_core/u_prod/u_core/u_core/u_minus_step/g_unified_lane.u_lane_group/g_lane[6].g_lane_n.u_lane/g_j_dsp.g_generic.u_j_mul/g_base_stage.product0/P[47:0] is not pipelined (MREG=0). Pipelining the multiplier function will improve performance and will save significant power so it is suggested whenever possible to fully pipeline this function.  If this multiplier was inferred, it is suggested to describe an additional register stage after this function.  If there is no registered adder/accumulator following the multiply function, two pipeline stages are suggested to allow both the MREG and PREG registers to be used.  If the DSP48 was instantiated in the design, it is suggested to set both the MREG and PREG attributes to 1 when performing multiply functions.
Related violations: <none>

DPOP-4#165 Warning
MREG Output pipelining  
DSP g_int4.u_precision_core/u_core/u_prod/u_core/u_core/u_minus_step/g_unified_lane.u_lane_group/g_lane[6].g_lane_n.u_lane/g_j_dsp.g_generic.u_j_mul/g_base_stage.product_s1_reg multiplier stage g_int4.u_precision_core/u_core/u_prod/u_core/u_core/u_minus_step/g_unified_lane.u_lane_group/g_lane[6].g_lane_n.u_lane/g_j_dsp.g_generic.u_j_mul/g_base_stage.product_s1_reg/P[47:0] is not pipelined (MREG=0). Pipelining the multiplier function will improve performance and will save significant power so it is suggested whenever possible to fully pipeline this function.  If this multiplier was inferred, it is suggested to describe an additional register stage after this function.  If there is no registered adder/accumulator following the multiply function, two pipeline stages are suggested to allow both the MREG and PREG registers to be used.  If the DSP48 was instantiated in the design, it is suggested to set both the MREG and PREG attributes to 1 when performing multiply functions.
Related violations: <none>

DPOP-4#166 Warning
MREG Output pipelining  
DSP g_int4.u_precision_core/u_core/u_prod/u_core/u_core/u_minus_step/g_unified_lane.u_lane_group/g_lane[6].g_lane_n.u_lane/g_tight_mul.u_mul1/u_mul/g_base_stage.product0 multiplier stage g_int4.u_precision_core/u_core/u_prod/u_core/u_core/u_minus_step/g_unified_lane.u_lane_group/g_lane[6].g_lane_n.u_lane/g_tight_mul.u_mul1/u_mul/g_base_stage.product0/P[47:0] is not pipelined (MREG=0). Pipelining the multiplier function will improve performance and will save significant power so it is suggested whenever possible to fully pipeline this function.  If this multiplier was inferred, it is suggested to describe an additional register stage after this function.  If there is no registered adder/accumulator following the multiply function, two pipeline stages are suggested to allow both the MREG and PREG registers to be used.  If the DSP48 was instantiated in the design, it is suggested to set both the MREG and PREG attributes to 1 when performing multiply functions.
Related violations: <none>

DPOP-4#167 Warning
MREG Output pipelining  
DSP g_int4.u_precision_core/u_core/u_prod/u_core/u_core/u_minus_step/g_unified_lane.u_lane_group/g_lane[6].g_lane_n.u_lane/g_tight_mul.u_mul1/u_mul/g_base_stage.product_s1_reg multiplier stage g_int4.u_precision_core/u_core/u_prod/u_core/u_core/u_minus_step/g_unified_lane.u_lane_group/g_lane[6].g_lane_n.u_lane/g_tight_mul.u_mul1/u_mul/g_base_stage.product_s1_reg/P[47:0] is not pipelined (MREG=0). Pipelining the multiplier function will improve performance and will save significant power so it is suggested whenever possible to fully pipeline this function.  If this multiplier was inferred, it is suggested to describe an additional register stage after this function.  If there is no registered adder/accumulator following the multiply function, two pipeline stages are suggested to allow both the MREG and PREG registers to be used.  If the DSP48 was instantiated in the design, it is suggested to set both the MREG and PREG attributes to 1 when performing multiply functions.
Related violations: <none>

DPOP-4#168 Warning
MREG Output pipelining  
DSP g_int4.u_precision_core/u_core/u_prod/u_core/u_core/u_minus_step/g_unified_lane.u_lane_group/g_lane[6].g_lane_n.u_lane/g_tight_mul.u_mul2/u_mul/g_base_stage.product0 multiplier stage g_int4.u_precision_core/u_core/u_prod/u_core/u_core/u_minus_step/g_unified_lane.u_lane_group/g_lane[6].g_lane_n.u_lane/g_tight_mul.u_mul2/u_mul/g_base_stage.product0/P[47:0] is not pipelined (MREG=0). Pipelining the multiplier function will improve performance and will save significant power so it is suggested whenever possible to fully pipeline this function.  If this multiplier was inferred, it is suggested to describe an additional register stage after this function.  If there is no registered adder/accumulator following the multiply function, two pipeline stages are suggested to allow both the MREG and PREG registers to be used.  If the DSP48 was instantiated in the design, it is suggested to set both the MREG and PREG attributes to 1 when performing multiply functions.
Related violations: <none>

DPOP-4#169 Warning
MREG Output pipelining  
DSP g_int4.u_precision_core/u_core/u_prod/u_core/u_core/u_minus_step/g_unified_lane.u_lane_group/g_lane[6].g_lane_n.u_lane/g_tight_mul.u_mul2/u_mul/g_base_stage.product_s1_reg multiplier stage g_int4.u_precision_core/u_core/u_prod/u_core/u_core/u_minus_step/g_unified_lane.u_lane_group/g_lane[6].g_lane_n.u_lane/g_tight_mul.u_mul2/u_mul/g_base_stage.product_s1_reg/P[47:0] is not pipelined (MREG=0). Pipelining the multiplier function will improve performance and will save significant power so it is suggested whenever possible to fully pipeline this function.  If this multiplier was inferred, it is suggested to describe an additional register stage after this function.  If there is no registered adder/accumulator following the multiply function, two pipeline stages are suggested to allow both the MREG and PREG registers to be used.  If the DSP48 was instantiated in the design, it is suggested to set both the MREG and PREG attributes to 1 when performing multiply functions.
Related violations: <none>

DPOP-4#170 Warning
MREG Output pipelining  
DSP g_int4.u_precision_core/u_core/u_prod/u_core/u_core/u_minus_step/g_unified_lane.u_lane_group/g_lane[6].g_lane_n.u_lane/g_tight_mul.u_mul3/u_mul/g_base_stage.product0 multiplier stage g_int4.u_precision_core/u_core/u_prod/u_core/u_core/u_minus_step/g_unified_lane.u_lane_group/g_lane[6].g_lane_n.u_lane/g_tight_mul.u_mul3/u_mul/g_base_stage.product0/P[47:0] is not pipelined (MREG=0). Pipelining the multiplier function will improve performance and will save significant power so it is suggested whenever possible to fully pipeline this function.  If this multiplier was inferred, it is suggested to describe an additional register stage after this function.  If there is no registered adder/accumulator following the multiply function, two pipeline stages are suggested to allow both the MREG and PREG registers to be used.  If the DSP48 was instantiated in the design, it is suggested to set both the MREG and PREG attributes to 1 when performing multiply functions.
Related violations: <none>

DPOP-4#171 Warning
MREG Output pipelining  
DSP g_int4.u_precision_core/u_core/u_prod/u_core/u_core/u_minus_step/g_unified_lane.u_lane_group/g_lane[6].g_lane_n.u_lane/g_tight_mul.u_mul3/u_mul/g_base_stage.product_s1_reg multiplier stage g_int4.u_precision_core/u_core/u_prod/u_core/u_core/u_minus_step/g_unified_lane.u_lane_group/g_lane[6].g_lane_n.u_lane/g_tight_mul.u_mul3/u_mul/g_base_stage.product_s1_reg/P[47:0] is not pipelined (MREG=0). Pipelining the multiplier function will improve performance and will save significant power so it is suggested whenever possible to fully pipeline this function.  If this multiplier was inferred, it is suggested to describe an additional register stage after this function.  If there is no registered adder/accumulator following the multiply function, two pipeline stages are suggested to allow both the MREG and PREG registers to be used.  If the DSP48 was instantiated in the design, it is suggested to set both the MREG and PREG attributes to 1 when performing multiply functions.
Related violations: <none>

DPOP-4#172 Warning
MREG Output pipelining  
DSP g_int4.u_precision_core/u_core/u_prod/u_core/u_core/u_minus_step/g_unified_lane.u_lane_group/g_lane[7].g_lane_n.u_lane/g_j_dsp.g_generic.u_j_mul/g_base_stage.product0 multiplier stage g_int4.u_precision_core/u_core/u_prod/u_core/u_core/u_minus_step/g_unified_lane.u_lane_group/g_lane[7].g_lane_n.u_lane/g_j_dsp.g_generic.u_j_mul/g_base_stage.product0/P[47:0] is not pipelined (MREG=0). Pipelining the multiplier function will improve performance and will save significant power so it is suggested whenever possible to fully pipeline this function.  If this multiplier was inferred, it is suggested to describe an additional register stage after this function.  If there is no registered adder/accumulator following the multiply function, two pipeline stages are suggested to allow both the MREG and PREG registers to be used.  If the DSP48 was instantiated in the design, it is suggested to set both the MREG and PREG attributes to 1 when performing multiply functions.
Related violations: <none>

DPOP-4#173 Warning
MREG Output pipelining  
DSP g_int4.u_precision_core/u_core/u_prod/u_core/u_core/u_minus_step/g_unified_lane.u_lane_group/g_lane[7].g_lane_n.u_lane/g_j_dsp.g_generic.u_j_mul/g_base_stage.product_s1_reg multiplier stage g_int4.u_precision_core/u_core/u_prod/u_core/u_core/u_minus_step/g_unified_lane.u_lane_group/g_lane[7].g_lane_n.u_lane/g_j_dsp.g_generic.u_j_mul/g_base_stage.product_s1_reg/P[47:0] is not pipelined (MREG=0). Pipelining the multiplier function will improve performance and will save significant power so it is suggested whenever possible to fully pipeline this function.  If this multiplier was inferred, it is suggested to describe an additional register stage after this function.  If there is no registered adder/accumulator following the multiply function, two pipeline stages are suggested to allow both the MREG and PREG registers to be used.  If the DSP48 was instantiated in the design, it is suggested to set both the MREG and PREG attributes to 1 when performing multiply functions.
Related violations: <none>

DPOP-4#174 Warning
MREG Output pipelining  
DSP g_int4.u_precision_core/u_core/u_prod/u_core/u_core/u_minus_step/g_unified_lane.u_lane_group/g_lane[7].g_lane_n.u_lane/g_tight_mul.u_mul1/u_mul/g_base_stage.product0 multiplier stage g_int4.u_precision_core/u_core/u_prod/u_core/u_core/u_minus_step/g_unified_lane.u_lane_group/g_lane[7].g_lane_n.u_lane/g_tight_mul.u_mul1/u_mul/g_base_stage.product0/P[47:0] is not pipelined (MREG=0). Pipelining the multiplier function will improve performance and will save significant power so it is suggested whenever possible to fully pipeline this function.  If this multiplier was inferred, it is suggested to describe an additional register stage after this function.  If there is no registered adder/accumulator following the multiply function, two pipeline stages are suggested to allow both the MREG and PREG registers to be used.  If the DSP48 was instantiated in the design, it is suggested to set both the MREG and PREG attributes to 1 when performing multiply functions.
Related violations: <none>

DPOP-4#175 Warning
MREG Output pipelining  
DSP g_int4.u_precision_core/u_core/u_prod/u_core/u_core/u_minus_step/g_unified_lane.u_lane_group/g_lane[7].g_lane_n.u_lane/g_tight_mul.u_mul1/u_mul/g_base_stage.product_s1_reg multiplier stage g_int4.u_precision_core/u_core/u_prod/u_core/u_core/u_minus_step/g_unified_lane.u_lane_group/g_lane[7].g_lane_n.u_lane/g_tight_mul.u_mul1/u_mul/g_base_stage.product_s1_reg/P[47:0] is not pipelined (MREG=0). Pipelining the multiplier function will improve performance and will save significant power so it is suggested whenever possible to fully pipeline this function.  If this multiplier was inferred, it is suggested to describe an additional register stage after this function.  If there is no registered adder/accumulator following the multiply function, two pipeline stages are suggested to allow both the MREG and PREG registers to be used.  If the DSP48 was instantiated in the design, it is suggested to set both the MREG and PREG attributes to 1 when performing multiply functions.
Related violations: <none>

DPOP-4#176 Warning
MREG Output pipelining  
DSP g_int4.u_precision_core/u_core/u_prod/u_core/u_core/u_minus_step/g_unified_lane.u_lane_group/g_lane[7].g_lane_n.u_lane/g_tight_mul.u_mul2/u_mul/g_base_stage.product0 multiplier stage g_int4.u_precision_core/u_core/u_prod/u_core/u_core/u_minus_step/g_unified_lane.u_lane_group/g_lane[7].g_lane_n.u_lane/g_tight_mul.u_mul2/u_mul/g_base_stage.product0/P[47:0] is not pipelined (MREG=0). Pipelining the multiplier function will improve performance and will save significant power so it is suggested whenever possible to fully pipeline this function.  If this multiplier was inferred, it is suggested to describe an additional register stage after this function.  If there is no registered adder/accumulator following the multiply function, two pipeline stages are suggested to allow both the MREG and PREG registers to be used.  If the DSP48 was instantiated in the design, it is suggested to set both the MREG and PREG attributes to 1 when performing multiply functions.
Related violations: <none>

DPOP-4#177 Warning
MREG Output pipelining  
DSP g_int4.u_precision_core/u_core/u_prod/u_core/u_core/u_minus_step/g_unified_lane.u_lane_group/g_lane[7].g_lane_n.u_lane/g_tight_mul.u_mul2/u_mul/g_base_stage.product_s1_reg multiplier stage g_int4.u_precision_core/u_core/u_prod/u_core/u_core/u_minus_step/g_unified_lane.u_lane_group/g_lane[7].g_lane_n.u_lane/g_tight_mul.u_mul2/u_mul/g_base_stage.product_s1_reg/P[47:0] is not pipelined (MREG=0). Pipelining the multiplier function will improve performance and will save significant power so it is suggested whenever possible to fully pipeline this function.  If this multiplier was inferred, it is suggested to describe an additional register stage after this function.  If there is no registered adder/accumulator following the multiply function, two pipeline stages are suggested to allow both the MREG and PREG registers to be used.  If the DSP48 was instantiated in the design, it is suggested to set both the MREG and PREG attributes to 1 when performing multiply functions.
Related violations: <none>

DPOP-4#178 Warning
MREG Output pipelining  
DSP g_int4.u_precision_core/u_core/u_prod/u_core/u_core/u_minus_step/g_unified_lane.u_lane_group/g_lane[7].g_lane_n.u_lane/g_tight_mul.u_mul3/u_mul/g_base_stage.product0 multiplier stage g_int4.u_precision_core/u_core/u_prod/u_core/u_core/u_minus_step/g_unified_lane.u_lane_group/g_lane[7].g_lane_n.u_lane/g_tight_mul.u_mul3/u_mul/g_base_stage.product0/P[47:0] is not pipelined (MREG=0). Pipelining the multiplier function will improve performance and will save significant power so it is suggested whenever possible to fully pipeline this function.  If this multiplier was inferred, it is suggested to describe an additional register stage after this function.  If there is no registered adder/accumulator following the multiply function, two pipeline stages are suggested to allow both the MREG and PREG registers to be used.  If the DSP48 was instantiated in the design, it is suggested to set both the MREG and PREG attributes to 1 when performing multiply functions.
Related violations: <none>

DPOP-4#179 Warning
MREG Output pipelining  
DSP g_int4.u_precision_core/u_core/u_prod/u_core/u_core/u_minus_step/g_unified_lane.u_lane_group/g_lane[7].g_lane_n.u_lane/g_tight_mul.u_mul3/u_mul/g_base_stage.product_s1_reg multiplier stage g_int4.u_precision_core/u_core/u_prod/u_core/u_core/u_minus_step/g_unified_lane.u_lane_group/g_lane[7].g_lane_n.u_lane/g_tight_mul.u_mul3/u_mul/g_base_stage.product_s1_reg/P[47:0] is not pipelined (MREG=0). Pipelining the multiplier function will improve performance and will save significant power so it is suggested whenever possible to fully pipeline this function.  If this multiplier was inferred, it is suggested to describe an additional register stage after this function.  If there is no registered adder/accumulator following the multiply function, two pipeline stages are suggested to allow both the MREG and PREG registers to be used.  If the DSP48 was instantiated in the design, it is suggested to set both the MREG and PREG attributes to 1 when performing multiply functions.
Related violations: <none>

DPOP-4#180 Warning
MREG Output pipelining  
DSP g_int4.u_precision_core/u_core/u_prod/u_core/u_core/u_minus_step/g_unified_lane.u_lane_group/g_lane[8].g_lane_n.u_lane/g_j_dsp.g_generic.u_j_mul/g_base_stage.product0 multiplier stage g_int4.u_precision_core/u_core/u_prod/u_core/u_core/u_minus_step/g_unified_lane.u_lane_group/g_lane[8].g_lane_n.u_lane/g_j_dsp.g_generic.u_j_mul/g_base_stage.product0/P[47:0] is not pipelined (MREG=0). Pipelining the multiplier function will improve performance and will save significant power so it is suggested whenever possible to fully pipeline this function.  If this multiplier was inferred, it is suggested to describe an additional register stage after this function.  If there is no registered adder/accumulator following the multiply function, two pipeline stages are suggested to allow both the MREG and PREG registers to be used.  If the DSP48 was instantiated in the design, it is suggested to set both the MREG and PREG attributes to 1 when performing multiply functions.
Related violations: <none>

DPOP-4#181 Warning
MREG Output pipelining  
DSP g_int4.u_precision_core/u_core/u_prod/u_core/u_core/u_minus_step/g_unified_lane.u_lane_group/g_lane[8].g_lane_n.u_lane/g_j_dsp.g_generic.u_j_mul/g_base_stage.product_s1_reg multiplier stage g_int4.u_precision_core/u_core/u_prod/u_core/u_core/u_minus_step/g_unified_lane.u_lane_group/g_lane[8].g_lane_n.u_lane/g_j_dsp.g_generic.u_j_mul/g_base_stage.product_s1_reg/P[47:0] is not pipelined (MREG=0). Pipelining the multiplier function will improve performance and will save significant power so it is suggested whenever possible to fully pipeline this function.  If this multiplier was inferred, it is suggested to describe an additional register stage after this function.  If there is no registered adder/accumulator following the multiply function, two pipeline stages are suggested to allow both the MREG and PREG registers to be used.  If the DSP48 was instantiated in the design, it is suggested to set both the MREG and PREG attributes to 1 when performing multiply functions.
Related violations: <none>

DPOP-4#182 Warning
MREG Output pipelining  
DSP g_int4.u_precision_core/u_core/u_prod/u_core/u_core/u_minus_step/g_unified_lane.u_lane_group/g_lane[8].g_lane_n.u_lane/g_tight_mul.u_mul1/u_mul/g_base_stage.product0 multiplier stage g_int4.u_precision_core/u_core/u_prod/u_core/u_core/u_minus_step/g_unified_lane.u_lane_group/g_lane[8].g_lane_n.u_lane/g_tight_mul.u_mul1/u_mul/g_base_stage.product0/P[47:0] is not pipelined (MREG=0). Pipelining the multiplier function will improve performance and will save significant power so it is suggested whenever possible to fully pipeline this function.  If this multiplier was inferred, it is suggested to describe an additional register stage after this function.  If there is no registered adder/accumulator following the multiply function, two pipeline stages are suggested to allow both the MREG and PREG registers to be used.  If the DSP48 was instantiated in the design, it is suggested to set both the MREG and PREG attributes to 1 when performing multiply functions.
Related violations: <none>

DPOP-4#183 Warning
MREG Output pipelining  
DSP g_int4.u_precision_core/u_core/u_prod/u_core/u_core/u_minus_step/g_unified_lane.u_lane_group/g_lane[8].g_lane_n.u_lane/g_tight_mul.u_mul1/u_mul/g_base_stage.product_s1_reg multiplier stage g_int4.u_precision_core/u_core/u_prod/u_core/u_core/u_minus_step/g_unified_lane.u_lane_group/g_lane[8].g_lane_n.u_lane/g_tight_mul.u_mul1/u_mul/g_base_stage.product_s1_reg/P[47:0] is not pipelined (MREG=0). Pipelining the multiplier function will improve performance and will save significant power so it is suggested whenever possible to fully pipeline this function.  If this multiplier was inferred, it is suggested to describe an additional register stage after this function.  If there is no registered adder/accumulator following the multiply function, two pipeline stages are suggested to allow both the MREG and PREG registers to be used.  If the DSP48 was instantiated in the design, it is suggested to set both the MREG and PREG attributes to 1 when performing multiply functions.
Related violations: <none>

DPOP-4#184 Warning
MREG Output pipelining  
DSP g_int4.u_precision_core/u_core/u_prod/u_core/u_core/u_minus_step/g_unified_lane.u_lane_group/g_lane[8].g_lane_n.u_lane/g_tight_mul.u_mul2/u_mul/g_base_stage.product0 multiplier stage g_int4.u_precision_core/u_core/u_prod/u_core/u_core/u_minus_step/g_unified_lane.u_lane_group/g_lane[8].g_lane_n.u_lane/g_tight_mul.u_mul2/u_mul/g_base_stage.product0/P[47:0] is not pipelined (MREG=0). Pipelining the multiplier function will improve performance and will save significant power so it is suggested whenever possible to fully pipeline this function.  If this multiplier was inferred, it is suggested to describe an additional register stage after this function.  If there is no registered adder/accumulator following the multiply function, two pipeline stages are suggested to allow both the MREG and PREG registers to be used.  If the DSP48 was instantiated in the design, it is suggested to set both the MREG and PREG attributes to 1 when performing multiply functions.
Related violations: <none>

DPOP-4#185 Warning
MREG Output pipelining  
DSP g_int4.u_precision_core/u_core/u_prod/u_core/u_core/u_minus_step/g_unified_lane.u_lane_group/g_lane[8].g_lane_n.u_lane/g_tight_mul.u_mul2/u_mul/g_base_stage.product_s1_reg multiplier stage g_int4.u_precision_core/u_core/u_prod/u_core/u_core/u_minus_step/g_unified_lane.u_lane_group/g_lane[8].g_lane_n.u_lane/g_tight_mul.u_mul2/u_mul/g_base_stage.product_s1_reg/P[47:0] is not pipelined (MREG=0). Pipelining the multiplier function will improve performance and will save significant power so it is suggested whenever possible to fully pipeline this function.  If this multiplier was inferred, it is suggested to describe an additional register stage after this function.  If there is no registered adder/accumulator following the multiply function, two pipeline stages are suggested to allow both the MREG and PREG registers to be used.  If the DSP48 was instantiated in the design, it is suggested to set both the MREG and PREG attributes to 1 when performing multiply functions.
Related violations: <none>

DPOP-4#186 Warning
MREG Output pipelining  
DSP g_int4.u_precision_core/u_core/u_prod/u_core/u_core/u_minus_step/g_unified_lane.u_lane_group/g_lane[8].g_lane_n.u_lane/g_tight_mul.u_mul3/u_mul/g_base_stage.product0 multiplier stage g_int4.u_precision_core/u_core/u_prod/u_core/u_core/u_minus_step/g_unified_lane.u_lane_group/g_lane[8].g_lane_n.u_lane/g_tight_mul.u_mul3/u_mul/g_base_stage.product0/P[47:0] is not pipelined (MREG=0). Pipelining the multiplier function will improve performance and will save significant power so it is suggested whenever possible to fully pipeline this function.  If this multiplier was inferred, it is suggested to describe an additional register stage after this function.  If there is no registered adder/accumulator following the multiply function, two pipeline stages are suggested to allow both the MREG and PREG registers to be used.  If the DSP48 was instantiated in the design, it is suggested to set both the MREG and PREG attributes to 1 when performing multiply functions.
Related violations: <none>

DPOP-4#187 Warning
MREG Output pipelining  
DSP g_int4.u_precision_core/u_core/u_prod/u_core/u_core/u_minus_step/g_unified_lane.u_lane_group/g_lane[8].g_lane_n.u_lane/g_tight_mul.u_mul3/u_mul/g_base_stage.product_s1_reg multiplier stage g_int4.u_precision_core/u_core/u_prod/u_core/u_core/u_minus_step/g_unified_lane.u_lane_group/g_lane[8].g_lane_n.u_lane/g_tight_mul.u_mul3/u_mul/g_base_stage.product_s1_reg/P[47:0] is not pipelined (MREG=0). Pipelining the multiplier function will improve performance and will save significant power so it is suggested whenever possible to fully pipeline this function.  If this multiplier was inferred, it is suggested to describe an additional register stage after this function.  If there is no registered adder/accumulator following the multiply function, two pipeline stages are suggested to allow both the MREG and PREG registers to be used.  If the DSP48 was instantiated in the design, it is suggested to set both the MREG and PREG attributes to 1 when performing multiply functions.
Related violations: <none>

DPOP-4#188 Warning
MREG Output pipelining  
DSP g_int4.u_precision_core/u_core/u_prod/u_core/u_core/u_minus_step/g_unified_lane.u_lane_group/g_lane[9].g_lane_n.u_lane/g_j_dsp.g_generic.u_j_mul/g_base_stage.product0 multiplier stage g_int4.u_precision_core/u_core/u_prod/u_core/u_core/u_minus_step/g_unified_lane.u_lane_group/g_lane[9].g_lane_n.u_lane/g_j_dsp.g_generic.u_j_mul/g_base_stage.product0/P[47:0] is not pipelined (MREG=0). Pipelining the multiplier function will improve performance and will save significant power so it is suggested whenever possible to fully pipeline this function.  If this multiplier was inferred, it is suggested to describe an additional register stage after this function.  If there is no registered adder/accumulator following the multiply function, two pipeline stages are suggested to allow both the MREG and PREG registers to be used.  If the DSP48 was instantiated in the design, it is suggested to set both the MREG and PREG attributes to 1 when performing multiply functions.
Related violations: <none>

DPOP-4#189 Warning
MREG Output pipelining  
DSP g_int4.u_precision_core/u_core/u_prod/u_core/u_core/u_minus_step/g_unified_lane.u_lane_group/g_lane[9].g_lane_n.u_lane/g_j_dsp.g_generic.u_j_mul/g_base_stage.product_s1_reg multiplier stage g_int4.u_precision_core/u_core/u_prod/u_core/u_core/u_minus_step/g_unified_lane.u_lane_group/g_lane[9].g_lane_n.u_lane/g_j_dsp.g_generic.u_j_mul/g_base_stage.product_s1_reg/P[47:0] is not pipelined (MREG=0). Pipelining the multiplier function will improve performance and will save significant power so it is suggested whenever possible to fully pipeline this function.  If this multiplier was inferred, it is suggested to describe an additional register stage after this function.  If there is no registered adder/accumulator following the multiply function, two pipeline stages are suggested to allow both the MREG and PREG registers to be used.  If the DSP48 was instantiated in the design, it is suggested to set both the MREG and PREG attributes to 1 when performing multiply functions.
Related violations: <none>

DPOP-4#190 Warning
MREG Output pipelining  
DSP g_int4.u_precision_core/u_core/u_prod/u_core/u_core/u_minus_step/g_unified_lane.u_lane_group/g_lane[9].g_lane_n.u_lane/g_tight_mul.u_mul1/u_mul/g_base_stage.product0 multiplier stage g_int4.u_precision_core/u_core/u_prod/u_core/u_core/u_minus_step/g_unified_lane.u_lane_group/g_lane[9].g_lane_n.u_lane/g_tight_mul.u_mul1/u_mul/g_base_stage.product0/P[47:0] is not pipelined (MREG=0). Pipelining the multiplier function will improve performance and will save significant power so it is suggested whenever possible to fully pipeline this function.  If this multiplier was inferred, it is suggested to describe an additional register stage after this function.  If there is no registered adder/accumulator following the multiply function, two pipeline stages are suggested to allow both the MREG and PREG registers to be used.  If the DSP48 was instantiated in the design, it is suggested to set both the MREG and PREG attributes to 1 when performing multiply functions.
Related violations: <none>

DPOP-4#191 Warning
MREG Output pipelining  
DSP g_int4.u_precision_core/u_core/u_prod/u_core/u_core/u_minus_step/g_unified_lane.u_lane_group/g_lane[9].g_lane_n.u_lane/g_tight_mul.u_mul1/u_mul/g_base_stage.product_s1_reg multiplier stage g_int4.u_precision_core/u_core/u_prod/u_core/u_core/u_minus_step/g_unified_lane.u_lane_group/g_lane[9].g_lane_n.u_lane/g_tight_mul.u_mul1/u_mul/g_base_stage.product_s1_reg/P[47:0] is not pipelined (MREG=0). Pipelining the multiplier function will improve performance and will save significant power so it is suggested whenever possible to fully pipeline this function.  If this multiplier was inferred, it is suggested to describe an additional register stage after this function.  If there is no registered adder/accumulator following the multiply function, two pipeline stages are suggested to allow both the MREG and PREG registers to be used.  If the DSP48 was instantiated in the design, it is suggested to set both the MREG and PREG attributes to 1 when performing multiply functions.
Related violations: <none>

DPOP-4#192 Warning
MREG Output pipelining  
DSP g_int4.u_precision_core/u_core/u_prod/u_core/u_core/u_minus_step/g_unified_lane.u_lane_group/g_lane[9].g_lane_n.u_lane/g_tight_mul.u_mul2/u_mul/g_base_stage.product0 multiplier stage g_int4.u_precision_core/u_core/u_prod/u_core/u_core/u_minus_step/g_unified_lane.u_lane_group/g_lane[9].g_lane_n.u_lane/g_tight_mul.u_mul2/u_mul/g_base_stage.product0/P[47:0] is not pipelined (MREG=0). Pipelining the multiplier function will improve performance and will save significant power so it is suggested whenever possible to fully pipeline this function.  If this multiplier was inferred, it is suggested to describe an additional register stage after this function.  If there is no registered adder/accumulator following the multiply function, two pipeline stages are suggested to allow both the MREG and PREG registers to be used.  If the DSP48 was instantiated in the design, it is suggested to set both the MREG and PREG attributes to 1 when performing multiply functions.
Related violations: <none>

DPOP-4#193 Warning
MREG Output pipelining  
DSP g_int4.u_precision_core/u_core/u_prod/u_core/u_core/u_minus_step/g_unified_lane.u_lane_group/g_lane[9].g_lane_n.u_lane/g_tight_mul.u_mul2/u_mul/g_base_stage.product_s1_reg multiplier stage g_int4.u_precision_core/u_core/u_prod/u_core/u_core/u_minus_step/g_unified_lane.u_lane_group/g_lane[9].g_lane_n.u_lane/g_tight_mul.u_mul2/u_mul/g_base_stage.product_s1_reg/P[47:0] is not pipelined (MREG=0). Pipelining the multiplier function will improve performance and will save significant power so it is suggested whenever possible to fully pipeline this function.  If this multiplier was inferred, it is suggested to describe an additional register stage after this function.  If there is no registered adder/accumulator following the multiply function, two pipeline stages are suggested to allow both the MREG and PREG registers to be used.  If the DSP48 was instantiated in the design, it is suggested to set both the MREG and PREG attributes to 1 when performing multiply functions.
Related violations: <none>

DPOP-4#194 Warning
MREG Output pipelining  
DSP g_int4.u_precision_core/u_core/u_prod/u_core/u_core/u_minus_step/g_unified_lane.u_lane_group/g_lane[9].g_lane_n.u_lane/g_tight_mul.u_mul3/u_mul/g_base_stage.product0 multiplier stage g_int4.u_precision_core/u_core/u_prod/u_core/u_core/u_minus_step/g_unified_lane.u_lane_group/g_lane[9].g_lane_n.u_lane/g_tight_mul.u_mul3/u_mul/g_base_stage.product0/P[47:0] is not pipelined (MREG=0). Pipelining the multiplier function will improve performance and will save significant power so it is suggested whenever possible to fully pipeline this function.  If this multiplier was inferred, it is suggested to describe an additional register stage after this function.  If there is no registered adder/accumulator following the multiply function, two pipeline stages are suggested to allow both the MREG and PREG registers to be used.  If the DSP48 was instantiated in the design, it is suggested to set both the MREG and PREG attributes to 1 when performing multiply functions.
Related violations: <none>

DPOP-4#195 Warning
MREG Output pipelining  
DSP g_int4.u_precision_core/u_core/u_prod/u_core/u_core/u_minus_step/g_unified_lane.u_lane_group/g_lane[9].g_lane_n.u_lane/g_tight_mul.u_mul3/u_mul/g_base_stage.product_s1_reg multiplier stage g_int4.u_precision_core/u_core/u_prod/u_core/u_core/u_minus_step/g_unified_lane.u_lane_group/g_lane[9].g_lane_n.u_lane/g_tight_mul.u_mul3/u_mul/g_base_stage.product_s1_reg/P[47:0] is not pipelined (MREG=0). Pipelining the multiplier function will improve performance and will save significant power so it is suggested whenever possible to fully pipeline this function.  If this multiplier was inferred, it is suggested to describe an additional register stage after this function.  If there is no registered adder/accumulator following the multiply function, two pipeline stages are suggested to allow both the MREG and PREG registers to be used.  If the DSP48 was instantiated in the design, it is suggested to set both the MREG and PREG attributes to 1 when performing multiply functions.
Related violations: <none>

DPOP-4#196 Warning
MREG Output pipelining  
DSP g_int4.u_precision_core/u_core/u_prod/u_core/u_core/u_plus_step/g_unified_lane.u_lane_group/g_lane[0].g_lane0.u_lane/g_j_dsp.g_generic.u_j_mul/g_base_stage.product0 multiplier stage g_int4.u_precision_core/u_core/u_prod/u_core/u_core/u_plus_step/g_unified_lane.u_lane_group/g_lane[0].g_lane0.u_lane/g_j_dsp.g_generic.u_j_mul/g_base_stage.product0/P[47:0] is not pipelined (MREG=0). Pipelining the multiplier function will improve performance and will save significant power so it is suggested whenever possible to fully pipeline this function.  If this multiplier was inferred, it is suggested to describe an additional register stage after this function.  If there is no registered adder/accumulator following the multiply function, two pipeline stages are suggested to allow both the MREG and PREG registers to be used.  If the DSP48 was instantiated in the design, it is suggested to set both the MREG and PREG attributes to 1 when performing multiply functions.
Related violations: <none>

DPOP-4#197 Warning
MREG Output pipelining  
DSP g_int4.u_precision_core/u_core/u_prod/u_core/u_core/u_plus_step/g_unified_lane.u_lane_group/g_lane[0].g_lane0.u_lane/g_j_dsp.g_generic.u_j_mul/g_base_stage.product_s1_reg multiplier stage g_int4.u_precision_core/u_core/u_prod/u_core/u_core/u_plus_step/g_unified_lane.u_lane_group/g_lane[0].g_lane0.u_lane/g_j_dsp.g_generic.u_j_mul/g_base_stage.product_s1_reg/P[47:0] is not pipelined (MREG=0). Pipelining the multiplier function will improve performance and will save significant power so it is suggested whenever possible to fully pipeline this function.  If this multiplier was inferred, it is suggested to describe an additional register stage after this function.  If there is no registered adder/accumulator following the multiply function, two pipeline stages are suggested to allow both the MREG and PREG registers to be used.  If the DSP48 was instantiated in the design, it is suggested to set both the MREG and PREG attributes to 1 when performing multiply functions.
Related violations: <none>

DPOP-4#198 Warning
MREG Output pipelining  
DSP g_int4.u_precision_core/u_core/u_prod/u_core/u_core/u_plus_step/g_unified_lane.u_lane_group/g_lane[0].g_lane0.u_lane/g_tight_mul.u_mul1/u_mul/g_base_stage.product0 multiplier stage g_int4.u_precision_core/u_core/u_prod/u_core/u_core/u_plus_step/g_unified_lane.u_lane_group/g_lane[0].g_lane0.u_lane/g_tight_mul.u_mul1/u_mul/g_base_stage.product0/P[47:0] is not pipelined (MREG=0). Pipelining the multiplier function will improve performance and will save significant power so it is suggested whenever possible to fully pipeline this function.  If this multiplier was inferred, it is suggested to describe an additional register stage after this function.  If there is no registered adder/accumulator following the multiply function, two pipeline stages are suggested to allow both the MREG and PREG registers to be used.  If the DSP48 was instantiated in the design, it is suggested to set both the MREG and PREG attributes to 1 when performing multiply functions.
Related violations: <none>

DPOP-4#199 Warning
MREG Output pipelining  
DSP g_int4.u_precision_core/u_core/u_prod/u_core/u_core/u_plus_step/g_unified_lane.u_lane_group/g_lane[0].g_lane0.u_lane/g_tight_mul.u_mul1/u_mul/g_base_stage.product_s1_reg multiplier stage g_int4.u_precision_core/u_core/u_prod/u_core/u_core/u_plus_step/g_unified_lane.u_lane_group/g_lane[0].g_lane0.u_lane/g_tight_mul.u_mul1/u_mul/g_base_stage.product_s1_reg/P[47:0] is not pipelined (MREG=0). Pipelining the multiplier function will improve performance and will save significant power so it is suggested whenever possible to fully pipeline this function.  If this multiplier was inferred, it is suggested to describe an additional register stage after this function.  If there is no registered adder/accumulator following the multiply function, two pipeline stages are suggested to allow both the MREG and PREG registers to be used.  If the DSP48 was instantiated in the design, it is suggested to set both the MREG and PREG attributes to 1 when performing multiply functions.
Related violations: <none>

DPOP-4#200 Warning
MREG Output pipelining  
DSP g_int4.u_precision_core/u_core/u_prod/u_core/u_core/u_plus_step/g_unified_lane.u_lane_group/g_lane[0].g_lane0.u_lane/g_tight_mul.u_mul2/u_mul/g_base_stage.product0 multiplier stage g_int4.u_precision_core/u_core/u_prod/u_core/u_core/u_plus_step/g_unified_lane.u_lane_group/g_lane[0].g_lane0.u_lane/g_tight_mul.u_mul2/u_mul/g_base_stage.product0/P[47:0] is not pipelined (MREG=0). Pipelining the multiplier function will improve performance and will save significant power so it is suggested whenever possible to fully pipeline this function.  If this multiplier was inferred, it is suggested to describe an additional register stage after this function.  If there is no registered adder/accumulator following the multiply function, two pipeline stages are suggested to allow both the MREG and PREG registers to be used.  If the DSP48 was instantiated in the design, it is suggested to set both the MREG and PREG attributes to 1 when performing multiply functions.
Related violations: <none>

DPOP-4#201 Warning
MREG Output pipelining  
DSP g_int4.u_precision_core/u_core/u_prod/u_core/u_core/u_plus_step/g_unified_lane.u_lane_group/g_lane[0].g_lane0.u_lane/g_tight_mul.u_mul2/u_mul/g_base_stage.product_s1_reg multiplier stage g_int4.u_precision_core/u_core/u_prod/u_core/u_core/u_plus_step/g_unified_lane.u_lane_group/g_lane[0].g_lane0.u_lane/g_tight_mul.u_mul2/u_mul/g_base_stage.product_s1_reg/P[47:0] is not pipelined (MREG=0). Pipelining the multiplier function will improve performance and will save significant power so it is suggested whenever possible to fully pipeline this function.  If this multiplier was inferred, it is suggested to describe an additional register stage after this function.  If there is no registered adder/accumulator following the multiply function, two pipeline stages are suggested to allow both the MREG and PREG registers to be used.  If the DSP48 was instantiated in the design, it is suggested to set both the MREG and PREG attributes to 1 when performing multiply functions.
Related violations: <none>

DPOP-4#202 Warning
MREG Output pipelining  
DSP g_int4.u_precision_core/u_core/u_prod/u_core/u_core/u_plus_step/g_unified_lane.u_lane_group/g_lane[0].g_lane0.u_lane/g_tight_mul.u_mul3/u_mul/g_base_stage.product0 multiplier stage g_int4.u_precision_core/u_core/u_prod/u_core/u_core/u_plus_step/g_unified_lane.u_lane_group/g_lane[0].g_lane0.u_lane/g_tight_mul.u_mul3/u_mul/g_base_stage.product0/P[47:0] is not pipelined (MREG=0). Pipelining the multiplier function will improve performance and will save significant power so it is suggested whenever possible to fully pipeline this function.  If this multiplier was inferred, it is suggested to describe an additional register stage after this function.  If there is no registered adder/accumulator following the multiply function, two pipeline stages are suggested to allow both the MREG and PREG registers to be used.  If the DSP48 was instantiated in the design, it is suggested to set both the MREG and PREG attributes to 1 when performing multiply functions.
Related violations: <none>

DPOP-4#203 Warning
MREG Output pipelining  
DSP g_int4.u_precision_core/u_core/u_prod/u_core/u_core/u_plus_step/g_unified_lane.u_lane_group/g_lane[0].g_lane0.u_lane/g_tight_mul.u_mul3/u_mul/g_base_stage.product_s1_reg multiplier stage g_int4.u_precision_core/u_core/u_prod/u_core/u_core/u_plus_step/g_unified_lane.u_lane_group/g_lane[0].g_lane0.u_lane/g_tight_mul.u_mul3/u_mul/g_base_stage.product_s1_reg/P[47:0] is not pipelined (MREG=0). Pipelining the multiplier function will improve performance and will save significant power so it is suggested whenever possible to fully pipeline this function.  If this multiplier was inferred, it is suggested to describe an additional register stage after this function.  If there is no registered adder/accumulator following the multiply function, two pipeline stages are suggested to allow both the MREG and PREG registers to be used.  If the DSP48 was instantiated in the design, it is suggested to set both the MREG and PREG attributes to 1 when performing multiply functions.
Related violations: <none>

DPOP-4#204 Warning
MREG Output pipelining  
DSP g_int4.u_precision_core/u_core/u_prod/u_core/u_core/u_plus_step/g_unified_lane.u_lane_group/g_lane[10].g_lane_n.u_lane/g_j_dsp.g_generic.u_j_mul/g_base_stage.product0 multiplier stage g_int4.u_precision_core/u_core/u_prod/u_core/u_core/u_plus_step/g_unified_lane.u_lane_group/g_lane[10].g_lane_n.u_lane/g_j_dsp.g_generic.u_j_mul/g_base_stage.product0/P[47:0] is not pipelined (MREG=0). Pipelining the multiplier function will improve performance and will save significant power so it is suggested whenever possible to fully pipeline this function.  If this multiplier was inferred, it is suggested to describe an additional register stage after this function.  If there is no registered adder/accumulator following the multiply function, two pipeline stages are suggested to allow both the MREG and PREG registers to be used.  If the DSP48 was instantiated in the design, it is suggested to set both the MREG and PREG attributes to 1 when performing multiply functions.
Related violations: <none>

DPOP-4#205 Warning
MREG Output pipelining  
DSP g_int4.u_precision_core/u_core/u_prod/u_core/u_core/u_plus_step/g_unified_lane.u_lane_group/g_lane[10].g_lane_n.u_lane/g_j_dsp.g_generic.u_j_mul/g_base_stage.product_s1_reg multiplier stage g_int4.u_precision_core/u_core/u_prod/u_core/u_core/u_plus_step/g_unified_lane.u_lane_group/g_lane[10].g_lane_n.u_lane/g_j_dsp.g_generic.u_j_mul/g_base_stage.product_s1_reg/P[47:0] is not pipelined (MREG=0). Pipelining the multiplier function will improve performance and will save significant power so it is suggested whenever possible to fully pipeline this function.  If this multiplier was inferred, it is suggested to describe an additional register stage after this function.  If there is no registered adder/accumulator following the multiply function, two pipeline stages are suggested to allow both the MREG and PREG registers to be used.  If the DSP48 was instantiated in the design, it is suggested to set both the MREG and PREG attributes to 1 when performing multiply functions.
Related violations: <none>

DPOP-4#206 Warning
MREG Output pipelining  
DSP g_int4.u_precision_core/u_core/u_prod/u_core/u_core/u_plus_step/g_unified_lane.u_lane_group/g_lane[10].g_lane_n.u_lane/g_tight_mul.u_mul1/u_mul/g_base_stage.product0 multiplier stage g_int4.u_precision_core/u_core/u_prod/u_core/u_core/u_plus_step/g_unified_lane.u_lane_group/g_lane[10].g_lane_n.u_lane/g_tight_mul.u_mul1/u_mul/g_base_stage.product0/P[47:0] is not pipelined (MREG=0). Pipelining the multiplier function will improve performance and will save significant power so it is suggested whenever possible to fully pipeline this function.  If this multiplier was inferred, it is suggested to describe an additional register stage after this function.  If there is no registered adder/accumulator following the multiply function, two pipeline stages are suggested to allow both the MREG and PREG registers to be used.  If the DSP48 was instantiated in the design, it is suggested to set both the MREG and PREG attributes to 1 when performing multiply functions.
Related violations: <none>

DPOP-4#207 Warning
MREG Output pipelining  
DSP g_int4.u_precision_core/u_core/u_prod/u_core/u_core/u_plus_step/g_unified_lane.u_lane_group/g_lane[10].g_lane_n.u_lane/g_tight_mul.u_mul1/u_mul/g_base_stage.product_s1_reg multiplier stage g_int4.u_precision_core/u_core/u_prod/u_core/u_core/u_plus_step/g_unified_lane.u_lane_group/g_lane[10].g_lane_n.u_lane/g_tight_mul.u_mul1/u_mul/g_base_stage.product_s1_reg/P[47:0] is not pipelined (MREG=0). Pipelining the multiplier function will improve performance and will save significant power so it is suggested whenever possible to fully pipeline this function.  If this multiplier was inferred, it is suggested to describe an additional register stage after this function.  If there is no registered adder/accumulator following the multiply function, two pipeline stages are suggested to allow both the MREG and PREG registers to be used.  If the DSP48 was instantiated in the design, it is suggested to set both the MREG and PREG attributes to 1 when performing multiply functions.
Related violations: <none>

DPOP-4#208 Warning
MREG Output pipelining  
DSP g_int4.u_precision_core/u_core/u_prod/u_core/u_core/u_plus_step/g_unified_lane.u_lane_group/g_lane[10].g_lane_n.u_lane/g_tight_mul.u_mul2/u_mul/g_base_stage.product0 multiplier stage g_int4.u_precision_core/u_core/u_prod/u_core/u_core/u_plus_step/g_unified_lane.u_lane_group/g_lane[10].g_lane_n.u_lane/g_tight_mul.u_mul2/u_mul/g_base_stage.product0/P[47:0] is not pipelined (MREG=0). Pipelining the multiplier function will improve performance and will save significant power so it is suggested whenever possible to fully pipeline this function.  If this multiplier was inferred, it is suggested to describe an additional register stage after this function.  If there is no registered adder/accumulator following the multiply function, two pipeline stages are suggested to allow both the MREG and PREG registers to be used.  If the DSP48 was instantiated in the design, it is suggested to set both the MREG and PREG attributes to 1 when performing multiply functions.
Related violations: <none>

DPOP-4#209 Warning
MREG Output pipelining  
DSP g_int4.u_precision_core/u_core/u_prod/u_core/u_core/u_plus_step/g_unified_lane.u_lane_group/g_lane[10].g_lane_n.u_lane/g_tight_mul.u_mul2/u_mul/g_base_stage.product_s1_reg multiplier stage g_int4.u_precision_core/u_core/u_prod/u_core/u_core/u_plus_step/g_unified_lane.u_lane_group/g_lane[10].g_lane_n.u_lane/g_tight_mul.u_mul2/u_mul/g_base_stage.product_s1_reg/P[47:0] is not pipelined (MREG=0). Pipelining the multiplier function will improve performance and will save significant power so it is suggested whenever possible to fully pipeline this function.  If this multiplier was inferred, it is suggested to describe an additional register stage after this function.  If there is no registered adder/accumulator following the multiply function, two pipeline stages are suggested to allow both the MREG and PREG registers to be used.  If the DSP48 was instantiated in the design, it is suggested to set both the MREG and PREG attributes to 1 when performing multiply functions.
Related violations: <none>

DPOP-4#210 Warning
MREG Output pipelining  
DSP g_int4.u_precision_core/u_core/u_prod/u_core/u_core/u_plus_step/g_unified_lane.u_lane_group/g_lane[10].g_lane_n.u_lane/g_tight_mul.u_mul3/u_mul/g_base_stage.product0 multiplier stage g_int4.u_precision_core/u_core/u_prod/u_core/u_core/u_plus_step/g_unified_lane.u_lane_group/g_lane[10].g_lane_n.u_lane/g_tight_mul.u_mul3/u_mul/g_base_stage.product0/P[47:0] is not pipelined (MREG=0). Pipelining the multiplier function will improve performance and will save significant power so it is suggested whenever possible to fully pipeline this function.  If this multiplier was inferred, it is suggested to describe an additional register stage after this function.  If there is no registered adder/accumulator following the multiply function, two pipeline stages are suggested to allow both the MREG and PREG registers to be used.  If the DSP48 was instantiated in the design, it is suggested to set both the MREG and PREG attributes to 1 when performing multiply functions.
Related violations: <none>

DPOP-4#211 Warning
MREG Output pipelining  
DSP g_int4.u_precision_core/u_core/u_prod/u_core/u_core/u_plus_step/g_unified_lane.u_lane_group/g_lane[10].g_lane_n.u_lane/g_tight_mul.u_mul3/u_mul/g_base_stage.product_s1_reg multiplier stage g_int4.u_precision_core/u_core/u_prod/u_core/u_core/u_plus_step/g_unified_lane.u_lane_group/g_lane[10].g_lane_n.u_lane/g_tight_mul.u_mul3/u_mul/g_base_stage.product_s1_reg/P[47:0] is not pipelined (MREG=0). Pipelining the multiplier function will improve performance and will save significant power so it is suggested whenever possible to fully pipeline this function.  If this multiplier was inferred, it is suggested to describe an additional register stage after this function.  If there is no registered adder/accumulator following the multiply function, two pipeline stages are suggested to allow both the MREG and PREG registers to be used.  If the DSP48 was instantiated in the design, it is suggested to set both the MREG and PREG attributes to 1 when performing multiply functions.
Related violations: <none>

DPOP-4#212 Warning
MREG Output pipelining  
DSP g_int4.u_precision_core/u_core/u_prod/u_core/u_core/u_plus_step/g_unified_lane.u_lane_group/g_lane[11].g_lane_n.u_lane/g_j_dsp.g_generic.u_j_mul/g_base_stage.product0 multiplier stage g_int4.u_precision_core/u_core/u_prod/u_core/u_core/u_plus_step/g_unified_lane.u_lane_group/g_lane[11].g_lane_n.u_lane/g_j_dsp.g_generic.u_j_mul/g_base_stage.product0/P[47:0] is not pipelined (MREG=0). Pipelining the multiplier function will improve performance and will save significant power so it is suggested whenever possible to fully pipeline this function.  If this multiplier was inferred, it is suggested to describe an additional register stage after this function.  If there is no registered adder/accumulator following the multiply function, two pipeline stages are suggested to allow both the MREG and PREG registers to be used.  If the DSP48 was instantiated in the design, it is suggested to set both the MREG and PREG attributes to 1 when performing multiply functions.
Related violations: <none>

DPOP-4#213 Warning
MREG Output pipelining  
DSP g_int4.u_precision_core/u_core/u_prod/u_core/u_core/u_plus_step/g_unified_lane.u_lane_group/g_lane[11].g_lane_n.u_lane/g_j_dsp.g_generic.u_j_mul/g_base_stage.product_s1_reg multiplier stage g_int4.u_precision_core/u_core/u_prod/u_core/u_core/u_plus_step/g_unified_lane.u_lane_group/g_lane[11].g_lane_n.u_lane/g_j_dsp.g_generic.u_j_mul/g_base_stage.product_s1_reg/P[47:0] is not pipelined (MREG=0). Pipelining the multiplier function will improve performance and will save significant power so it is suggested whenever possible to fully pipeline this function.  If this multiplier was inferred, it is suggested to describe an additional register stage after this function.  If there is no registered adder/accumulator following the multiply function, two pipeline stages are suggested to allow both the MREG and PREG registers to be used.  If the DSP48 was instantiated in the design, it is suggested to set both the MREG and PREG attributes to 1 when performing multiply functions.
Related violations: <none>

DPOP-4#214 Warning
MREG Output pipelining  
DSP g_int4.u_precision_core/u_core/u_prod/u_core/u_core/u_plus_step/g_unified_lane.u_lane_group/g_lane[11].g_lane_n.u_lane/g_tight_mul.u_mul1/u_mul/g_base_stage.product0 multiplier stage g_int4.u_precision_core/u_core/u_prod/u_core/u_core/u_plus_step/g_unified_lane.u_lane_group/g_lane[11].g_lane_n.u_lane/g_tight_mul.u_mul1/u_mul/g_base_stage.product0/P[47:0] is not pipelined (MREG=0). Pipelining the multiplier function will improve performance and will save significant power so it is suggested whenever possible to fully pipeline this function.  If this multiplier was inferred, it is suggested to describe an additional register stage after this function.  If there is no registered adder/accumulator following the multiply function, two pipeline stages are suggested to allow both the MREG and PREG registers to be used.  If the DSP48 was instantiated in the design, it is suggested to set both the MREG and PREG attributes to 1 when performing multiply functions.
Related violations: <none>

DPOP-4#215 Warning
MREG Output pipelining  
DSP g_int4.u_precision_core/u_core/u_prod/u_core/u_core/u_plus_step/g_unified_lane.u_lane_group/g_lane[11].g_lane_n.u_lane/g_tight_mul.u_mul1/u_mul/g_base_stage.product_s1_reg multiplier stage g_int4.u_precision_core/u_core/u_prod/u_core/u_core/u_plus_step/g_unified_lane.u_lane_group/g_lane[11].g_lane_n.u_lane/g_tight_mul.u_mul1/u_mul/g_base_stage.product_s1_reg/P[47:0] is not pipelined (MREG=0). Pipelining the multiplier function will improve performance and will save significant power so it is suggested whenever possible to fully pipeline this function.  If this multiplier was inferred, it is suggested to describe an additional register stage after this function.  If there is no registered adder/accumulator following the multiply function, two pipeline stages are suggested to allow both the MREG and PREG registers to be used.  If the DSP48 was instantiated in the design, it is suggested to set both the MREG and PREG attributes to 1 when performing multiply functions.
Related violations: <none>

DPOP-4#216 Warning
MREG Output pipelining  
DSP g_int4.u_precision_core/u_core/u_prod/u_core/u_core/u_plus_step/g_unified_lane.u_lane_group/g_lane[11].g_lane_n.u_lane/g_tight_mul.u_mul2/u_mul/g_base_stage.product0 multiplier stage g_int4.u_precision_core/u_core/u_prod/u_core/u_core/u_plus_step/g_unified_lane.u_lane_group/g_lane[11].g_lane_n.u_lane/g_tight_mul.u_mul2/u_mul/g_base_stage.product0/P[47:0] is not pipelined (MREG=0). Pipelining the multiplier function will improve performance and will save significant power so it is suggested whenever possible to fully pipeline this function.  If this multiplier was inferred, it is suggested to describe an additional register stage after this function.  If there is no registered adder/accumulator following the multiply function, two pipeline stages are suggested to allow both the MREG and PREG registers to be used.  If the DSP48 was instantiated in the design, it is suggested to set both the MREG and PREG attributes to 1 when performing multiply functions.
Related violations: <none>

DPOP-4#217 Warning
MREG Output pipelining  
DSP g_int4.u_precision_core/u_core/u_prod/u_core/u_core/u_plus_step/g_unified_lane.u_lane_group/g_lane[11].g_lane_n.u_lane/g_tight_mul.u_mul2/u_mul/g_base_stage.product_s1_reg multiplier stage g_int4.u_precision_core/u_core/u_prod/u_core/u_core/u_plus_step/g_unified_lane.u_lane_group/g_lane[11].g_lane_n.u_lane/g_tight_mul.u_mul2/u_mul/g_base_stage.product_s1_reg/P[47:0] is not pipelined (MREG=0). Pipelining the multiplier function will improve performance and will save significant power so it is suggested whenever possible to fully pipeline this function.  If this multiplier was inferred, it is suggested to describe an additional register stage after this function.  If there is no registered adder/accumulator following the multiply function, two pipeline stages are suggested to allow both the MREG and PREG registers to be used.  If the DSP48 was instantiated in the design, it is suggested to set both the MREG and PREG attributes to 1 when performing multiply functions.
Related violations: <none>

DPOP-4#218 Warning
MREG Output pipelining  
DSP g_int4.u_precision_core/u_core/u_prod/u_core/u_core/u_plus_step/g_unified_lane.u_lane_group/g_lane[11].g_lane_n.u_lane/g_tight_mul.u_mul3/u_mul/g_base_stage.product0 multiplier stage g_int4.u_precision_core/u_core/u_prod/u_core/u_core/u_plus_step/g_unified_lane.u_lane_group/g_lane[11].g_lane_n.u_lane/g_tight_mul.u_mul3/u_mul/g_base_stage.product0/P[47:0] is not pipelined (MREG=0). Pipelining the multiplier function will improve performance and will save significant power so it is suggested whenever possible to fully pipeline this function.  If this multiplier was inferred, it is suggested to describe an additional register stage after this function.  If there is no registered adder/accumulator following the multiply function, two pipeline stages are suggested to allow both the MREG and PREG registers to be used.  If the DSP48 was instantiated in the design, it is suggested to set both the MREG and PREG attributes to 1 when performing multiply functions.
Related violations: <none>

DPOP-4#219 Warning
MREG Output pipelining  
DSP g_int4.u_precision_core/u_core/u_prod/u_core/u_core/u_plus_step/g_unified_lane.u_lane_group/g_lane[11].g_lane_n.u_lane/g_tight_mul.u_mul3/u_mul/g_base_stage.product_s1_reg multiplier stage g_int4.u_precision_core/u_core/u_prod/u_core/u_core/u_plus_step/g_unified_lane.u_lane_group/g_lane[11].g_lane_n.u_lane/g_tight_mul.u_mul3/u_mul/g_base_stage.product_s1_reg/P[47:0] is not pipelined (MREG=0). Pipelining the multiplier function will improve performance and will save significant power so it is suggested whenever possible to fully pipeline this function.  If this multiplier was inferred, it is suggested to describe an additional register stage after this function.  If there is no registered adder/accumulator following the multiply function, two pipeline stages are suggested to allow both the MREG and PREG registers to be used.  If the DSP48 was instantiated in the design, it is suggested to set both the MREG and PREG attributes to 1 when performing multiply functions.
Related violations: <none>

DPOP-4#220 Warning
MREG Output pipelining  
DSP g_int4.u_precision_core/u_core/u_prod/u_core/u_core/u_plus_step/g_unified_lane.u_lane_group/g_lane[12].g_lane_n.u_lane/g_j_dsp.g_generic.u_j_mul/g_base_stage.product0 multiplier stage g_int4.u_precision_core/u_core/u_prod/u_core/u_core/u_plus_step/g_unified_lane.u_lane_group/g_lane[12].g_lane_n.u_lane/g_j_dsp.g_generic.u_j_mul/g_base_stage.product0/P[47:0] is not pipelined (MREG=0). Pipelining the multiplier function will improve performance and will save significant power so it is suggested whenever possible to fully pipeline this function.  If this multiplier was inferred, it is suggested to describe an additional register stage after this function.  If there is no registered adder/accumulator following the multiply function, two pipeline stages are suggested to allow both the MREG and PREG registers to be used.  If the DSP48 was instantiated in the design, it is suggested to set both the MREG and PREG attributes to 1 when performing multiply functions.
Related violations: <none>

DPOP-4#221 Warning
MREG Output pipelining  
DSP g_int4.u_precision_core/u_core/u_prod/u_core/u_core/u_plus_step/g_unified_lane.u_lane_group/g_lane[12].g_lane_n.u_lane/g_j_dsp.g_generic.u_j_mul/g_base_stage.product_s1_reg multiplier stage g_int4.u_precision_core/u_core/u_prod/u_core/u_core/u_plus_step/g_unified_lane.u_lane_group/g_lane[12].g_lane_n.u_lane/g_j_dsp.g_generic.u_j_mul/g_base_stage.product_s1_reg/P[47:0] is not pipelined (MREG=0). Pipelining the multiplier function will improve performance and will save significant power so it is suggested whenever possible to fully pipeline this function.  If this multiplier was inferred, it is suggested to describe an additional register stage after this function.  If there is no registered adder/accumulator following the multiply function, two pipeline stages are suggested to allow both the MREG and PREG registers to be used.  If the DSP48 was instantiated in the design, it is suggested to set both the MREG and PREG attributes to 1 when performing multiply functions.
Related violations: <none>

DPOP-4#222 Warning
MREG Output pipelining  
DSP g_int4.u_precision_core/u_core/u_prod/u_core/u_core/u_plus_step/g_unified_lane.u_lane_group/g_lane[12].g_lane_n.u_lane/g_tight_mul.u_mul1/u_mul/g_base_stage.product0 multiplier stage g_int4.u_precision_core/u_core/u_prod/u_core/u_core/u_plus_step/g_unified_lane.u_lane_group/g_lane[12].g_lane_n.u_lane/g_tight_mul.u_mul1/u_mul/g_base_stage.product0/P[47:0] is not pipelined (MREG=0). Pipelining the multiplier function will improve performance and will save significant power so it is suggested whenever possible to fully pipeline this function.  If this multiplier was inferred, it is suggested to describe an additional register stage after this function.  If there is no registered adder/accumulator following the multiply function, two pipeline stages are suggested to allow both the MREG and PREG registers to be used.  If the DSP48 was instantiated in the design, it is suggested to set both the MREG and PREG attributes to 1 when performing multiply functions.
Related violations: <none>

DPOP-4#223 Warning
MREG Output pipelining  
DSP g_int4.u_precision_core/u_core/u_prod/u_core/u_core/u_plus_step/g_unified_lane.u_lane_group/g_lane[12].g_lane_n.u_lane/g_tight_mul.u_mul1/u_mul/g_base_stage.product_s1_reg multiplier stage g_int4.u_precision_core/u_core/u_prod/u_core/u_core/u_plus_step/g_unified_lane.u_lane_group/g_lane[12].g_lane_n.u_lane/g_tight_mul.u_mul1/u_mul/g_base_stage.product_s1_reg/P[47:0] is not pipelined (MREG=0). Pipelining the multiplier function will improve performance and will save significant power so it is suggested whenever possible to fully pipeline this function.  If this multiplier was inferred, it is suggested to describe an additional register stage after this function.  If there is no registered adder/accumulator following the multiply function, two pipeline stages are suggested to allow both the MREG and PREG registers to be used.  If the DSP48 was instantiated in the design, it is suggested to set both the MREG and PREG attributes to 1 when performing multiply functions.
Related violations: <none>

DPOP-4#224 Warning
MREG Output pipelining  
DSP g_int4.u_precision_core/u_core/u_prod/u_core/u_core/u_plus_step/g_unified_lane.u_lane_group/g_lane[12].g_lane_n.u_lane/g_tight_mul.u_mul2/u_mul/g_base_stage.product0 multiplier stage g_int4.u_precision_core/u_core/u_prod/u_core/u_core/u_plus_step/g_unified_lane.u_lane_group/g_lane[12].g_lane_n.u_lane/g_tight_mul.u_mul2/u_mul/g_base_stage.product0/P[47:0] is not pipelined (MREG=0). Pipelining the multiplier function will improve performance and will save significant power so it is suggested whenever possible to fully pipeline this function.  If this multiplier was inferred, it is suggested to describe an additional register stage after this function.  If there is no registered adder/accumulator following the multiply function, two pipeline stages are suggested to allow both the MREG and PREG registers to be used.  If the DSP48 was instantiated in the design, it is suggested to set both the MREG and PREG attributes to 1 when performing multiply functions.
Related violations: <none>

DPOP-4#225 Warning
MREG Output pipelining  
DSP g_int4.u_precision_core/u_core/u_prod/u_core/u_core/u_plus_step/g_unified_lane.u_lane_group/g_lane[12].g_lane_n.u_lane/g_tight_mul.u_mul2/u_mul/g_base_stage.product_s1_reg multiplier stage g_int4.u_precision_core/u_core/u_prod/u_core/u_core/u_plus_step/g_unified_lane.u_lane_group/g_lane[12].g_lane_n.u_lane/g_tight_mul.u_mul2/u_mul/g_base_stage.product_s1_reg/P[47:0] is not pipelined (MREG=0). Pipelining the multiplier function will improve performance and will save significant power so it is suggested whenever possible to fully pipeline this function.  If this multiplier was inferred, it is suggested to describe an additional register stage after this function.  If there is no registered adder/accumulator following the multiply function, two pipeline stages are suggested to allow both the MREG and PREG registers to be used.  If the DSP48 was instantiated in the design, it is suggested to set both the MREG and PREG attributes to 1 when performing multiply functions.
Related violations: <none>

DPOP-4#226 Warning
MREG Output pipelining  
DSP g_int4.u_precision_core/u_core/u_prod/u_core/u_core/u_plus_step/g_unified_lane.u_lane_group/g_lane[12].g_lane_n.u_lane/g_tight_mul.u_mul3/u_mul/g_base_stage.product0 multiplier stage g_int4.u_precision_core/u_core/u_prod/u_core/u_core/u_plus_step/g_unified_lane.u_lane_group/g_lane[12].g_lane_n.u_lane/g_tight_mul.u_mul3/u_mul/g_base_stage.product0/P[47:0] is not pipelined (MREG=0). Pipelining the multiplier function will improve performance and will save significant power so it is suggested whenever possible to fully pipeline this function.  If this multiplier was inferred, it is suggested to describe an additional register stage after this function.  If there is no registered adder/accumulator following the multiply function, two pipeline stages are suggested to allow both the MREG and PREG registers to be used.  If the DSP48 was instantiated in the design, it is suggested to set both the MREG and PREG attributes to 1 when performing multiply functions.
Related violations: <none>

DPOP-4#227 Warning
MREG Output pipelining  
DSP g_int4.u_precision_core/u_core/u_prod/u_core/u_core/u_plus_step/g_unified_lane.u_lane_group/g_lane[12].g_lane_n.u_lane/g_tight_mul.u_mul3/u_mul/g_base_stage.product_s1_reg multiplier stage g_int4.u_precision_core/u_core/u_prod/u_core/u_core/u_plus_step/g_unified_lane.u_lane_group/g_lane[12].g_lane_n.u_lane/g_tight_mul.u_mul3/u_mul/g_base_stage.product_s1_reg/P[47:0] is not pipelined (MREG=0). Pipelining the multiplier function will improve performance and will save significant power so it is suggested whenever possible to fully pipeline this function.  If this multiplier was inferred, it is suggested to describe an additional register stage after this function.  If there is no registered adder/accumulator following the multiply function, two pipeline stages are suggested to allow both the MREG and PREG registers to be used.  If the DSP48 was instantiated in the design, it is suggested to set both the MREG and PREG attributes to 1 when performing multiply functions.
Related violations: <none>

DPOP-4#228 Warning
MREG Output pipelining  
DSP g_int4.u_precision_core/u_core/u_prod/u_core/u_core/u_plus_step/g_unified_lane.u_lane_group/g_lane[13].g_lane_n.u_lane/g_j_dsp.g_generic.u_j_mul/g_base_stage.product0 multiplier stage g_int4.u_precision_core/u_core/u_prod/u_core/u_core/u_plus_step/g_unified_lane.u_lane_group/g_lane[13].g_lane_n.u_lane/g_j_dsp.g_generic.u_j_mul/g_base_stage.product0/P[47:0] is not pipelined (MREG=0). Pipelining the multiplier function will improve performance and will save significant power so it is suggested whenever possible to fully pipeline this function.  If this multiplier was inferred, it is suggested to describe an additional register stage after this function.  If there is no registered adder/accumulator following the multiply function, two pipeline stages are suggested to allow both the MREG and PREG registers to be used.  If the DSP48 was instantiated in the design, it is suggested to set both the MREG and PREG attributes to 1 when performing multiply functions.
Related violations: <none>

DPOP-4#229 Warning
MREG Output pipelining  
DSP g_int4.u_precision_core/u_core/u_prod/u_core/u_core/u_plus_step/g_unified_lane.u_lane_group/g_lane[13].g_lane_n.u_lane/g_j_dsp.g_generic.u_j_mul/g_base_stage.product_s1_reg multiplier stage g_int4.u_precision_core/u_core/u_prod/u_core/u_core/u_plus_step/g_unified_lane.u_lane_group/g_lane[13].g_lane_n.u_lane/g_j_dsp.g_generic.u_j_mul/g_base_stage.product_s1_reg/P[47:0] is not pipelined (MREG=0). Pipelining the multiplier function will improve performance and will save significant power so it is suggested whenever possible to fully pipeline this function.  If this multiplier was inferred, it is suggested to describe an additional register stage after this function.  If there is no registered adder/accumulator following the multiply function, two pipeline stages are suggested to allow both the MREG and PREG registers to be used.  If the DSP48 was instantiated in the design, it is suggested to set both the MREG and PREG attributes to 1 when performing multiply functions.
Related violations: <none>

DPOP-4#230 Warning
MREG Output pipelining  
DSP g_int4.u_precision_core/u_core/u_prod/u_core/u_core/u_plus_step/g_unified_lane.u_lane_group/g_lane[13].g_lane_n.u_lane/g_tight_mul.u_mul1/u_mul/g_base_stage.product0 multiplier stage g_int4.u_precision_core/u_core/u_prod/u_core/u_core/u_plus_step/g_unified_lane.u_lane_group/g_lane[13].g_lane_n.u_lane/g_tight_mul.u_mul1/u_mul/g_base_stage.product0/P[47:0] is not pipelined (MREG=0). Pipelining the multiplier function will improve performance and will save significant power so it is suggested whenever possible to fully pipeline this function.  If this multiplier was inferred, it is suggested to describe an additional register stage after this function.  If there is no registered adder/accumulator following the multiply function, two pipeline stages are suggested to allow both the MREG and PREG registers to be used.  If the DSP48 was instantiated in the design, it is suggested to set both the MREG and PREG attributes to 1 when performing multiply functions.
Related violations: <none>

DPOP-4#231 Warning
MREG Output pipelining  
DSP g_int4.u_precision_core/u_core/u_prod/u_core/u_core/u_plus_step/g_unified_lane.u_lane_group/g_lane[13].g_lane_n.u_lane/g_tight_mul.u_mul1/u_mul/g_base_stage.product_s1_reg multiplier stage g_int4.u_precision_core/u_core/u_prod/u_core/u_core/u_plus_step/g_unified_lane.u_lane_group/g_lane[13].g_lane_n.u_lane/g_tight_mul.u_mul1/u_mul/g_base_stage.product_s1_reg/P[47:0] is not pipelined (MREG=0). Pipelining the multiplier function will improve performance and will save significant power so it is suggested whenever possible to fully pipeline this function.  If this multiplier was inferred, it is suggested to describe an additional register stage after this function.  If there is no registered adder/accumulator following the multiply function, two pipeline stages are suggested to allow both the MREG and PREG registers to be used.  If the DSP48 was instantiated in the design, it is suggested to set both the MREG and PREG attributes to 1 when performing multiply functions.
Related violations: <none>

DPOP-4#232 Warning
MREG Output pipelining  
DSP g_int4.u_precision_core/u_core/u_prod/u_core/u_core/u_plus_step/g_unified_lane.u_lane_group/g_lane[13].g_lane_n.u_lane/g_tight_mul.u_mul2/u_mul/g_base_stage.product0 multiplier stage g_int4.u_precision_core/u_core/u_prod/u_core/u_core/u_plus_step/g_unified_lane.u_lane_group/g_lane[13].g_lane_n.u_lane/g_tight_mul.u_mul2/u_mul/g_base_stage.product0/P[47:0] is not pipelined (MREG=0). Pipelining the multiplier function will improve performance and will save significant power so it is suggested whenever possible to fully pipeline this function.  If this multiplier was inferred, it is suggested to describe an additional register stage after this function.  If there is no registered adder/accumulator following the multiply function, two pipeline stages are suggested to allow both the MREG and PREG registers to be used.  If the DSP48 was instantiated in the design, it is suggested to set both the MREG and PREG attributes to 1 when performing multiply functions.
Related violations: <none>

DPOP-4#233 Warning
MREG Output pipelining  
DSP g_int4.u_precision_core/u_core/u_prod/u_core/u_core/u_plus_step/g_unified_lane.u_lane_group/g_lane[13].g_lane_n.u_lane/g_tight_mul.u_mul2/u_mul/g_base_stage.product_s1_reg multiplier stage g_int4.u_precision_core/u_core/u_prod/u_core/u_core/u_plus_step/g_unified_lane.u_lane_group/g_lane[13].g_lane_n.u_lane/g_tight_mul.u_mul2/u_mul/g_base_stage.product_s1_reg/P[47:0] is not pipelined (MREG=0). Pipelining the multiplier function will improve performance and will save significant power so it is suggested whenever possible to fully pipeline this function.  If this multiplier was inferred, it is suggested to describe an additional register stage after this function.  If there is no registered adder/accumulator following the multiply function, two pipeline stages are suggested to allow both the MREG and PREG registers to be used.  If the DSP48 was instantiated in the design, it is suggested to set both the MREG and PREG attributes to 1 when performing multiply functions.
Related violations: <none>

DPOP-4#234 Warning
MREG Output pipelining  
DSP g_int4.u_precision_core/u_core/u_prod/u_core/u_core/u_plus_step/g_unified_lane.u_lane_group/g_lane[13].g_lane_n.u_lane/g_tight_mul.u_mul3/u_mul/g_base_stage.product0 multiplier stage g_int4.u_precision_core/u_core/u_prod/u_core/u_core/u_plus_step/g_unified_lane.u_lane_group/g_lane[13].g_lane_n.u_lane/g_tight_mul.u_mul3/u_mul/g_base_stage.product0/P[47:0] is not pipelined (MREG=0). Pipelining the multiplier function will improve performance and will save significant power so it is suggested whenever possible to fully pipeline this function.  If this multiplier was inferred, it is suggested to describe an additional register stage after this function.  If there is no registered adder/accumulator following the multiply function, two pipeline stages are suggested to allow both the MREG and PREG registers to be used.  If the DSP48 was instantiated in the design, it is suggested to set both the MREG and PREG attributes to 1 when performing multiply functions.
Related violations: <none>

DPOP-4#235 Warning
MREG Output pipelining  
DSP g_int4.u_precision_core/u_core/u_prod/u_core/u_core/u_plus_step/g_unified_lane.u_lane_group/g_lane[13].g_lane_n.u_lane/g_tight_mul.u_mul3/u_mul/g_base_stage.product_s1_reg multiplier stage g_int4.u_precision_core/u_core/u_prod/u_core/u_core/u_plus_step/g_unified_lane.u_lane_group/g_lane[13].g_lane_n.u_lane/g_tight_mul.u_mul3/u_mul/g_base_stage.product_s1_reg/P[47:0] is not pipelined (MREG=0). Pipelining the multiplier function will improve performance and will save significant power so it is suggested whenever possible to fully pipeline this function.  If this multiplier was inferred, it is suggested to describe an additional register stage after this function.  If there is no registered adder/accumulator following the multiply function, two pipeline stages are suggested to allow both the MREG and PREG registers to be used.  If the DSP48 was instantiated in the design, it is suggested to set both the MREG and PREG attributes to 1 when performing multiply functions.
Related violations: <none>

DPOP-4#236 Warning
MREG Output pipelining  
DSP g_int4.u_precision_core/u_core/u_prod/u_core/u_core/u_plus_step/g_unified_lane.u_lane_group/g_lane[14].g_lane_n.u_lane/g_j_dsp.g_generic.u_j_mul/g_base_stage.product0 multiplier stage g_int4.u_precision_core/u_core/u_prod/u_core/u_core/u_plus_step/g_unified_lane.u_lane_group/g_lane[14].g_lane_n.u_lane/g_j_dsp.g_generic.u_j_mul/g_base_stage.product0/P[47:0] is not pipelined (MREG=0). Pipelining the multiplier function will improve performance and will save significant power so it is suggested whenever possible to fully pipeline this function.  If this multiplier was inferred, it is suggested to describe an additional register stage after this function.  If there is no registered adder/accumulator following the multiply function, two pipeline stages are suggested to allow both the MREG and PREG registers to be used.  If the DSP48 was instantiated in the design, it is suggested to set both the MREG and PREG attributes to 1 when performing multiply functions.
Related violations: <none>

DPOP-4#237 Warning
MREG Output pipelining  
DSP g_int4.u_precision_core/u_core/u_prod/u_core/u_core/u_plus_step/g_unified_lane.u_lane_group/g_lane[14].g_lane_n.u_lane/g_j_dsp.g_generic.u_j_mul/g_base_stage.product_s1_reg multiplier stage g_int4.u_precision_core/u_core/u_prod/u_core/u_core/u_plus_step/g_unified_lane.u_lane_group/g_lane[14].g_lane_n.u_lane/g_j_dsp.g_generic.u_j_mul/g_base_stage.product_s1_reg/P[47:0] is not pipelined (MREG=0). Pipelining the multiplier function will improve performance and will save significant power so it is suggested whenever possible to fully pipeline this function.  If this multiplier was inferred, it is suggested to describe an additional register stage after this function.  If there is no registered adder/accumulator following the multiply function, two pipeline stages are suggested to allow both the MREG and PREG registers to be used.  If the DSP48 was instantiated in the design, it is suggested to set both the MREG and PREG attributes to 1 when performing multiply functions.
Related violations: <none>

DPOP-4#238 Warning
MREG Output pipelining  
DSP g_int4.u_precision_core/u_core/u_prod/u_core/u_core/u_plus_step/g_unified_lane.u_lane_group/g_lane[14].g_lane_n.u_lane/g_tight_mul.u_mul1/u_mul/g_base_stage.product0 multiplier stage g_int4.u_precision_core/u_core/u_prod/u_core/u_core/u_plus_step/g_unified_lane.u_lane_group/g_lane[14].g_lane_n.u_lane/g_tight_mul.u_mul1/u_mul/g_base_stage.product0/P[47:0] is not pipelined (MREG=0). Pipelining the multiplier function will improve performance and will save significant power so it is suggested whenever possible to fully pipeline this function.  If this multiplier was inferred, it is suggested to describe an additional register stage after this function.  If there is no registered adder/accumulator following the multiply function, two pipeline stages are suggested to allow both the MREG and PREG registers to be used.  If the DSP48 was instantiated in the design, it is suggested to set both the MREG and PREG attributes to 1 when performing multiply functions.
Related violations: <none>

DPOP-4#239 Warning
MREG Output pipelining  
DSP g_int4.u_precision_core/u_core/u_prod/u_core/u_core/u_plus_step/g_unified_lane.u_lane_group/g_lane[14].g_lane_n.u_lane/g_tight_mul.u_mul1/u_mul/g_base_stage.product_s1_reg multiplier stage g_int4.u_precision_core/u_core/u_prod/u_core/u_core/u_plus_step/g_unified_lane.u_lane_group/g_lane[14].g_lane_n.u_lane/g_tight_mul.u_mul1/u_mul/g_base_stage.product_s1_reg/P[47:0] is not pipelined (MREG=0). Pipelining the multiplier function will improve performance and will save significant power so it is suggested whenever possible to fully pipeline this function.  If this multiplier was inferred, it is suggested to describe an additional register stage after this function.  If there is no registered adder/accumulator following the multiply function, two pipeline stages are suggested to allow both the MREG and PREG registers to be used.  If the DSP48 was instantiated in the design, it is suggested to set both the MREG and PREG attributes to 1 when performing multiply functions.
Related violations: <none>

DPOP-4#240 Warning
MREG Output pipelining  
DSP g_int4.u_precision_core/u_core/u_prod/u_core/u_core/u_plus_step/g_unified_lane.u_lane_group/g_lane[14].g_lane_n.u_lane/g_tight_mul.u_mul2/u_mul/g_base_stage.product0 multiplier stage g_int4.u_precision_core/u_core/u_prod/u_core/u_core/u_plus_step/g_unified_lane.u_lane_group/g_lane[14].g_lane_n.u_lane/g_tight_mul.u_mul2/u_mul/g_base_stage.product0/P[47:0] is not pipelined (MREG=0). Pipelining the multiplier function will improve performance and will save significant power so it is suggested whenever possible to fully pipeline this function.  If this multiplier was inferred, it is suggested to describe an additional register stage after this function.  If there is no registered adder/accumulator following the multiply function, two pipeline stages are suggested to allow both the MREG and PREG registers to be used.  If the DSP48 was instantiated in the design, it is suggested to set both the MREG and PREG attributes to 1 when performing multiply functions.
Related violations: <none>

DPOP-4#241 Warning
MREG Output pipelining  
DSP g_int4.u_precision_core/u_core/u_prod/u_core/u_core/u_plus_step/g_unified_lane.u_lane_group/g_lane[14].g_lane_n.u_lane/g_tight_mul.u_mul2/u_mul/g_base_stage.product_s1_reg multiplier stage g_int4.u_precision_core/u_core/u_prod/u_core/u_core/u_plus_step/g_unified_lane.u_lane_group/g_lane[14].g_lane_n.u_lane/g_tight_mul.u_mul2/u_mul/g_base_stage.product_s1_reg/P[47:0] is not pipelined (MREG=0). Pipelining the multiplier function will improve performance and will save significant power so it is suggested whenever possible to fully pipeline this function.  If this multiplier was inferred, it is suggested to describe an additional register stage after this function.  If there is no registered adder/accumulator following the multiply function, two pipeline stages are suggested to allow both the MREG and PREG registers to be used.  If the DSP48 was instantiated in the design, it is suggested to set both the MREG and PREG attributes to 1 when performing multiply functions.
Related violations: <none>

DPOP-4#242 Warning
MREG Output pipelining  
DSP g_int4.u_precision_core/u_core/u_prod/u_core/u_core/u_plus_step/g_unified_lane.u_lane_group/g_lane[14].g_lane_n.u_lane/g_tight_mul.u_mul3/u_mul/g_base_stage.product0 multiplier stage g_int4.u_precision_core/u_core/u_prod/u_core/u_core/u_plus_step/g_unified_lane.u_lane_group/g_lane[14].g_lane_n.u_lane/g_tight_mul.u_mul3/u_mul/g_base_stage.product0/P[47:0] is not pipelined (MREG=0). Pipelining the multiplier function will improve performance and will save significant power so it is suggested whenever possible to fully pipeline this function.  If this multiplier was inferred, it is suggested to describe an additional register stage after this function.  If there is no registered adder/accumulator following the multiply function, two pipeline stages are suggested to allow both the MREG and PREG registers to be used.  If the DSP48 was instantiated in the design, it is suggested to set both the MREG and PREG attributes to 1 when performing multiply functions.
Related violations: <none>

DPOP-4#243 Warning
MREG Output pipelining  
DSP g_int4.u_precision_core/u_core/u_prod/u_core/u_core/u_plus_step/g_unified_lane.u_lane_group/g_lane[14].g_lane_n.u_lane/g_tight_mul.u_mul3/u_mul/g_base_stage.product_s1_reg multiplier stage g_int4.u_precision_core/u_core/u_prod/u_core/u_core/u_plus_step/g_unified_lane.u_lane_group/g_lane[14].g_lane_n.u_lane/g_tight_mul.u_mul3/u_mul/g_base_stage.product_s1_reg/P[47:0] is not pipelined (MREG=0). Pipelining the multiplier function will improve performance and will save significant power so it is suggested whenever possible to fully pipeline this function.  If this multiplier was inferred, it is suggested to describe an additional register stage after this function.  If there is no registered adder/accumulator following the multiply function, two pipeline stages are suggested to allow both the MREG and PREG registers to be used.  If the DSP48 was instantiated in the design, it is suggested to set both the MREG and PREG attributes to 1 when performing multiply functions.
Related violations: <none>

DPOP-4#244 Warning
MREG Output pipelining  
DSP g_int4.u_precision_core/u_core/u_prod/u_core/u_core/u_plus_step/g_unified_lane.u_lane_group/g_lane[15].g_lane_n.u_lane/g_j_dsp.g_generic.u_j_mul/g_base_stage.product0 multiplier stage g_int4.u_precision_core/u_core/u_prod/u_core/u_core/u_plus_step/g_unified_lane.u_lane_group/g_lane[15].g_lane_n.u_lane/g_j_dsp.g_generic.u_j_mul/g_base_stage.product0/P[47:0] is not pipelined (MREG=0). Pipelining the multiplier function will improve performance and will save significant power so it is suggested whenever possible to fully pipeline this function.  If this multiplier was inferred, it is suggested to describe an additional register stage after this function.  If there is no registered adder/accumulator following the multiply function, two pipeline stages are suggested to allow both the MREG and PREG registers to be used.  If the DSP48 was instantiated in the design, it is suggested to set both the MREG and PREG attributes to 1 when performing multiply functions.
Related violations: <none>

DPOP-4#245 Warning
MREG Output pipelining  
DSP g_int4.u_precision_core/u_core/u_prod/u_core/u_core/u_plus_step/g_unified_lane.u_lane_group/g_lane[15].g_lane_n.u_lane/g_j_dsp.g_generic.u_j_mul/g_base_stage.product_s1_reg multiplier stage g_int4.u_precision_core/u_core/u_prod/u_core/u_core/u_plus_step/g_unified_lane.u_lane_group/g_lane[15].g_lane_n.u_lane/g_j_dsp.g_generic.u_j_mul/g_base_stage.product_s1_reg/P[47:0] is not pipelined (MREG=0). Pipelining the multiplier function will improve performance and will save significant power so it is suggested whenever possible to fully pipeline this function.  If this multiplier was inferred, it is suggested to describe an additional register stage after this function.  If there is no registered adder/accumulator following the multiply function, two pipeline stages are suggested to allow both the MREG and PREG registers to be used.  If the DSP48 was instantiated in the design, it is suggested to set both the MREG and PREG attributes to 1 when performing multiply functions.
Related violations: <none>

DPOP-4#246 Warning
MREG Output pipelining  
DSP g_int4.u_precision_core/u_core/u_prod/u_core/u_core/u_plus_step/g_unified_lane.u_lane_group/g_lane[15].g_lane_n.u_lane/g_tight_mul.u_mul1/u_mul/g_base_stage.product0 multiplier stage g_int4.u_precision_core/u_core/u_prod/u_core/u_core/u_plus_step/g_unified_lane.u_lane_group/g_lane[15].g_lane_n.u_lane/g_tight_mul.u_mul1/u_mul/g_base_stage.product0/P[47:0] is not pipelined (MREG=0). Pipelining the multiplier function will improve performance and will save significant power so it is suggested whenever possible to fully pipeline this function.  If this multiplier was inferred, it is suggested to describe an additional register stage after this function.  If there is no registered adder/accumulator following the multiply function, two pipeline stages are suggested to allow both the MREG and PREG registers to be used.  If the DSP48 was instantiated in the design, it is suggested to set both the MREG and PREG attributes to 1 when performing multiply functions.
Related violations: <none>

DPOP-4#247 Warning
MREG Output pipelining  
DSP g_int4.u_precision_core/u_core/u_prod/u_core/u_core/u_plus_step/g_unified_lane.u_lane_group/g_lane[15].g_lane_n.u_lane/g_tight_mul.u_mul1/u_mul/g_base_stage.product_s1_reg multiplier stage g_int4.u_precision_core/u_core/u_prod/u_core/u_core/u_plus_step/g_unified_lane.u_lane_group/g_lane[15].g_lane_n.u_lane/g_tight_mul.u_mul1/u_mul/g_base_stage.product_s1_reg/P[47:0] is not pipelined (MREG=0). Pipelining the multiplier function will improve performance and will save significant power so it is suggested whenever possible to fully pipeline this function.  If this multiplier was inferred, it is suggested to describe an additional register stage after this function.  If there is no registered adder/accumulator following the multiply function, two pipeline stages are suggested to allow both the MREG and PREG registers to be used.  If the DSP48 was instantiated in the design, it is suggested to set both the MREG and PREG attributes to 1 when performing multiply functions.
Related violations: <none>

DPOP-4#248 Warning
MREG Output pipelining  
DSP g_int4.u_precision_core/u_core/u_prod/u_core/u_core/u_plus_step/g_unified_lane.u_lane_group/g_lane[15].g_lane_n.u_lane/g_tight_mul.u_mul2/u_mul/g_base_stage.product0 multiplier stage g_int4.u_precision_core/u_core/u_prod/u_core/u_core/u_plus_step/g_unified_lane.u_lane_group/g_lane[15].g_lane_n.u_lane/g_tight_mul.u_mul2/u_mul/g_base_stage.product0/P[47:0] is not pipelined (MREG=0). Pipelining the multiplier function will improve performance and will save significant power so it is suggested whenever possible to fully pipeline this function.  If this multiplier was inferred, it is suggested to describe an additional register stage after this function.  If there is no registered adder/accumulator following the multiply function, two pipeline stages are suggested to allow both the MREG and PREG registers to be used.  If the DSP48 was instantiated in the design, it is suggested to set both the MREG and PREG attributes to 1 when performing multiply functions.
Related violations: <none>

DPOP-4#249 Warning
MREG Output pipelining  
DSP g_int4.u_precision_core/u_core/u_prod/u_core/u_core/u_plus_step/g_unified_lane.u_lane_group/g_lane[15].g_lane_n.u_lane/g_tight_mul.u_mul2/u_mul/g_base_stage.product_s1_reg multiplier stage g_int4.u_precision_core/u_core/u_prod/u_core/u_core/u_plus_step/g_unified_lane.u_lane_group/g_lane[15].g_lane_n.u_lane/g_tight_mul.u_mul2/u_mul/g_base_stage.product_s1_reg/P[47:0] is not pipelined (MREG=0). Pipelining the multiplier function will improve performance and will save significant power so it is suggested whenever possible to fully pipeline this function.  If this multiplier was inferred, it is suggested to describe an additional register stage after this function.  If there is no registered adder/accumulator following the multiply function, two pipeline stages are suggested to allow both the MREG and PREG registers to be used.  If the DSP48 was instantiated in the design, it is suggested to set both the MREG and PREG attributes to 1 when performing multiply functions.
Related violations: <none>

DPOP-4#250 Warning
MREG Output pipelining  
DSP g_int4.u_precision_core/u_core/u_prod/u_core/u_core/u_plus_step/g_unified_lane.u_lane_group/g_lane[15].g_lane_n.u_lane/g_tight_mul.u_mul3/u_mul/g_base_stage.product0 multiplier stage g_int4.u_precision_core/u_core/u_prod/u_core/u_core/u_plus_step/g_unified_lane.u_lane_group/g_lane[15].g_lane_n.u_lane/g_tight_mul.u_mul3/u_mul/g_base_stage.product0/P[47:0] is not pipelined (MREG=0). Pipelining the multiplier function will improve performance and will save significant power so it is suggested whenever possible to fully pipeline this function.  If this multiplier was inferred, it is suggested to describe an additional register stage after this function.  If there is no registered adder/accumulator following the multiply function, two pipeline stages are suggested to allow both the MREG and PREG registers to be used.  If the DSP48 was instantiated in the design, it is suggested to set both the MREG and PREG attributes to 1 when performing multiply functions.
Related violations: <none>

DPOP-4#251 Warning
MREG Output pipelining  
DSP g_int4.u_precision_core/u_core/u_prod/u_core/u_core/u_plus_step/g_unified_lane.u_lane_group/g_lane[15].g_lane_n.u_lane/g_tight_mul.u_mul3/u_mul/g_base_stage.product_s1_reg multiplier stage g_int4.u_precision_core/u_core/u_prod/u_core/u_core/u_plus_step/g_unified_lane.u_lane_group/g_lane[15].g_lane_n.u_lane/g_tight_mul.u_mul3/u_mul/g_base_stage.product_s1_reg/P[47:0] is not pipelined (MREG=0). Pipelining the multiplier function will improve performance and will save significant power so it is suggested whenever possible to fully pipeline this function.  If this multiplier was inferred, it is suggested to describe an additional register stage after this function.  If there is no registered adder/accumulator following the multiply function, two pipeline stages are suggested to allow both the MREG and PREG registers to be used.  If the DSP48 was instantiated in the design, it is suggested to set both the MREG and PREG attributes to 1 when performing multiply functions.
Related violations: <none>

DPOP-4#252 Warning
MREG Output pipelining  
DSP g_int4.u_precision_core/u_core/u_prod/u_core/u_core/u_plus_step/g_unified_lane.u_lane_group/g_lane[1].g_lane_n.u_lane/g_j_dsp.g_generic.u_j_mul/g_base_stage.product0 multiplier stage g_int4.u_precision_core/u_core/u_prod/u_core/u_core/u_plus_step/g_unified_lane.u_lane_group/g_lane[1].g_lane_n.u_lane/g_j_dsp.g_generic.u_j_mul/g_base_stage.product0/P[47:0] is not pipelined (MREG=0). Pipelining the multiplier function will improve performance and will save significant power so it is suggested whenever possible to fully pipeline this function.  If this multiplier was inferred, it is suggested to describe an additional register stage after this function.  If there is no registered adder/accumulator following the multiply function, two pipeline stages are suggested to allow both the MREG and PREG registers to be used.  If the DSP48 was instantiated in the design, it is suggested to set both the MREG and PREG attributes to 1 when performing multiply functions.
Related violations: <none>

DPOP-4#253 Warning
MREG Output pipelining  
DSP g_int4.u_precision_core/u_core/u_prod/u_core/u_core/u_plus_step/g_unified_lane.u_lane_group/g_lane[1].g_lane_n.u_lane/g_j_dsp.g_generic.u_j_mul/g_base_stage.product_s1_reg multiplier stage g_int4.u_precision_core/u_core/u_prod/u_core/u_core/u_plus_step/g_unified_lane.u_lane_group/g_lane[1].g_lane_n.u_lane/g_j_dsp.g_generic.u_j_mul/g_base_stage.product_s1_reg/P[47:0] is not pipelined (MREG=0). Pipelining the multiplier function will improve performance and will save significant power so it is suggested whenever possible to fully pipeline this function.  If this multiplier was inferred, it is suggested to describe an additional register stage after this function.  If there is no registered adder/accumulator following the multiply function, two pipeline stages are suggested to allow both the MREG and PREG registers to be used.  If the DSP48 was instantiated in the design, it is suggested to set both the MREG and PREG attributes to 1 when performing multiply functions.
Related violations: <none>

DPOP-4#254 Warning
MREG Output pipelining  
DSP g_int4.u_precision_core/u_core/u_prod/u_core/u_core/u_plus_step/g_unified_lane.u_lane_group/g_lane[1].g_lane_n.u_lane/g_tight_mul.u_mul1/u_mul/g_base_stage.product0 multiplier stage g_int4.u_precision_core/u_core/u_prod/u_core/u_core/u_plus_step/g_unified_lane.u_lane_group/g_lane[1].g_lane_n.u_lane/g_tight_mul.u_mul1/u_mul/g_base_stage.product0/P[47:0] is not pipelined (MREG=0). Pipelining the multiplier function will improve performance and will save significant power so it is suggested whenever possible to fully pipeline this function.  If this multiplier was inferred, it is suggested to describe an additional register stage after this function.  If there is no registered adder/accumulator following the multiply function, two pipeline stages are suggested to allow both the MREG and PREG registers to be used.  If the DSP48 was instantiated in the design, it is suggested to set both the MREG and PREG attributes to 1 when performing multiply functions.
Related violations: <none>

DPOP-4#255 Warning
MREG Output pipelining  
DSP g_int4.u_precision_core/u_core/u_prod/u_core/u_core/u_plus_step/g_unified_lane.u_lane_group/g_lane[1].g_lane_n.u_lane/g_tight_mul.u_mul1/u_mul/g_base_stage.product_s1_reg multiplier stage g_int4.u_precision_core/u_core/u_prod/u_core/u_core/u_plus_step/g_unified_lane.u_lane_group/g_lane[1].g_lane_n.u_lane/g_tight_mul.u_mul1/u_mul/g_base_stage.product_s1_reg/P[47:0] is not pipelined (MREG=0). Pipelining the multiplier function will improve performance and will save significant power so it is suggested whenever possible to fully pipeline this function.  If this multiplier was inferred, it is suggested to describe an additional register stage after this function.  If there is no registered adder/accumulator following the multiply function, two pipeline stages are suggested to allow both the MREG and PREG registers to be used.  If the DSP48 was instantiated in the design, it is suggested to set both the MREG and PREG attributes to 1 when performing multiply functions.
Related violations: <none>

DPOP-4#256 Warning
MREG Output pipelining  
DSP g_int4.u_precision_core/u_core/u_prod/u_core/u_core/u_plus_step/g_unified_lane.u_lane_group/g_lane[1].g_lane_n.u_lane/g_tight_mul.u_mul2/u_mul/g_base_stage.product0 multiplier stage g_int4.u_precision_core/u_core/u_prod/u_core/u_core/u_plus_step/g_unified_lane.u_lane_group/g_lane[1].g_lane_n.u_lane/g_tight_mul.u_mul2/u_mul/g_base_stage.product0/P[47:0] is not pipelined (MREG=0). Pipelining the multiplier function will improve performance and will save significant power so it is suggested whenever possible to fully pipeline this function.  If this multiplier was inferred, it is suggested to describe an additional register stage after this function.  If there is no registered adder/accumulator following the multiply function, two pipeline stages are suggested to allow both the MREG and PREG registers to be used.  If the DSP48 was instantiated in the design, it is suggested to set both the MREG and PREG attributes to 1 when performing multiply functions.
Related violations: <none>

DPOP-4#257 Warning
MREG Output pipelining  
DSP g_int4.u_precision_core/u_core/u_prod/u_core/u_core/u_plus_step/g_unified_lane.u_lane_group/g_lane[1].g_lane_n.u_lane/g_tight_mul.u_mul2/u_mul/g_base_stage.product_s1_reg multiplier stage g_int4.u_precision_core/u_core/u_prod/u_core/u_core/u_plus_step/g_unified_lane.u_lane_group/g_lane[1].g_lane_n.u_lane/g_tight_mul.u_mul2/u_mul/g_base_stage.product_s1_reg/P[47:0] is not pipelined (MREG=0). Pipelining the multiplier function will improve performance and will save significant power so it is suggested whenever possible to fully pipeline this function.  If this multiplier was inferred, it is suggested to describe an additional register stage after this function.  If there is no registered adder/accumulator following the multiply function, two pipeline stages are suggested to allow both the MREG and PREG registers to be used.  If the DSP48 was instantiated in the design, it is suggested to set both the MREG and PREG attributes to 1 when performing multiply functions.
Related violations: <none>

DPOP-4#258 Warning
MREG Output pipelining  
DSP g_int4.u_precision_core/u_core/u_prod/u_core/u_core/u_plus_step/g_unified_lane.u_lane_group/g_lane[1].g_lane_n.u_lane/g_tight_mul.u_mul3/u_mul/g_base_stage.product0 multiplier stage g_int4.u_precision_core/u_core/u_prod/u_core/u_core/u_plus_step/g_unified_lane.u_lane_group/g_lane[1].g_lane_n.u_lane/g_tight_mul.u_mul3/u_mul/g_base_stage.product0/P[47:0] is not pipelined (MREG=0). Pipelining the multiplier function will improve performance and will save significant power so it is suggested whenever possible to fully pipeline this function.  If this multiplier was inferred, it is suggested to describe an additional register stage after this function.  If there is no registered adder/accumulator following the multiply function, two pipeline stages are suggested to allow both the MREG and PREG registers to be used.  If the DSP48 was instantiated in the design, it is suggested to set both the MREG and PREG attributes to 1 when performing multiply functions.
Related violations: <none>

DPOP-4#259 Warning
MREG Output pipelining  
DSP g_int4.u_precision_core/u_core/u_prod/u_core/u_core/u_plus_step/g_unified_lane.u_lane_group/g_lane[1].g_lane_n.u_lane/g_tight_mul.u_mul3/u_mul/g_base_stage.product_s1_reg multiplier stage g_int4.u_precision_core/u_core/u_prod/u_core/u_core/u_plus_step/g_unified_lane.u_lane_group/g_lane[1].g_lane_n.u_lane/g_tight_mul.u_mul3/u_mul/g_base_stage.product_s1_reg/P[47:0] is not pipelined (MREG=0). Pipelining the multiplier function will improve performance and will save significant power so it is suggested whenever possible to fully pipeline this function.  If this multiplier was inferred, it is suggested to describe an additional register stage after this function.  If there is no registered adder/accumulator following the multiply function, two pipeline stages are suggested to allow both the MREG and PREG registers to be used.  If the DSP48 was instantiated in the design, it is suggested to set both the MREG and PREG attributes to 1 when performing multiply functions.
Related violations: <none>

DPOP-4#260 Warning
MREG Output pipelining  
DSP g_int4.u_precision_core/u_core/u_prod/u_core/u_core/u_plus_step/g_unified_lane.u_lane_group/g_lane[2].g_lane_n.u_lane/g_j_dsp.g_generic.u_j_mul/g_base_stage.product0 multiplier stage g_int4.u_precision_core/u_core/u_prod/u_core/u_core/u_plus_step/g_unified_lane.u_lane_group/g_lane[2].g_lane_n.u_lane/g_j_dsp.g_generic.u_j_mul/g_base_stage.product0/P[47:0] is not pipelined (MREG=0). Pipelining the multiplier function will improve performance and will save significant power so it is suggested whenever possible to fully pipeline this function.  If this multiplier was inferred, it is suggested to describe an additional register stage after this function.  If there is no registered adder/accumulator following the multiply function, two pipeline stages are suggested to allow both the MREG and PREG registers to be used.  If the DSP48 was instantiated in the design, it is suggested to set both the MREG and PREG attributes to 1 when performing multiply functions.
Related violations: <none>

DPOP-4#261 Warning
MREG Output pipelining  
DSP g_int4.u_precision_core/u_core/u_prod/u_core/u_core/u_plus_step/g_unified_lane.u_lane_group/g_lane[2].g_lane_n.u_lane/g_j_dsp.g_generic.u_j_mul/g_base_stage.product_s1_reg multiplier stage g_int4.u_precision_core/u_core/u_prod/u_core/u_core/u_plus_step/g_unified_lane.u_lane_group/g_lane[2].g_lane_n.u_lane/g_j_dsp.g_generic.u_j_mul/g_base_stage.product_s1_reg/P[47:0] is not pipelined (MREG=0). Pipelining the multiplier function will improve performance and will save significant power so it is suggested whenever possible to fully pipeline this function.  If this multiplier was inferred, it is suggested to describe an additional register stage after this function.  If there is no registered adder/accumulator following the multiply function, two pipeline stages are suggested to allow both the MREG and PREG registers to be used.  If the DSP48 was instantiated in the design, it is suggested to set both the MREG and PREG attributes to 1 when performing multiply functions.
Related violations: <none>

DPOP-4#262 Warning
MREG Output pipelining  
DSP g_int4.u_precision_core/u_core/u_prod/u_core/u_core/u_plus_step/g_unified_lane.u_lane_group/g_lane[2].g_lane_n.u_lane/g_tight_mul.u_mul1/u_mul/g_base_stage.product0 multiplier stage g_int4.u_precision_core/u_core/u_prod/u_core/u_core/u_plus_step/g_unified_lane.u_lane_group/g_lane[2].g_lane_n.u_lane/g_tight_mul.u_mul1/u_mul/g_base_stage.product0/P[47:0] is not pipelined (MREG=0). Pipelining the multiplier function will improve performance and will save significant power so it is suggested whenever possible to fully pipeline this function.  If this multiplier was inferred, it is suggested to describe an additional register stage after this function.  If there is no registered adder/accumulator following the multiply function, two pipeline stages are suggested to allow both the MREG and PREG registers to be used.  If the DSP48 was instantiated in the design, it is suggested to set both the MREG and PREG attributes to 1 when performing multiply functions.
Related violations: <none>

DPOP-4#263 Warning
MREG Output pipelining  
DSP g_int4.u_precision_core/u_core/u_prod/u_core/u_core/u_plus_step/g_unified_lane.u_lane_group/g_lane[2].g_lane_n.u_lane/g_tight_mul.u_mul1/u_mul/g_base_stage.product_s1_reg multiplier stage g_int4.u_precision_core/u_core/u_prod/u_core/u_core/u_plus_step/g_unified_lane.u_lane_group/g_lane[2].g_lane_n.u_lane/g_tight_mul.u_mul1/u_mul/g_base_stage.product_s1_reg/P[47:0] is not pipelined (MREG=0). Pipelining the multiplier function will improve performance and will save significant power so it is suggested whenever possible to fully pipeline this function.  If this multiplier was inferred, it is suggested to describe an additional register stage after this function.  If there is no registered adder/accumulator following the multiply function, two pipeline stages are suggested to allow both the MREG and PREG registers to be used.  If the DSP48 was instantiated in the design, it is suggested to set both the MREG and PREG attributes to 1 when performing multiply functions.
Related violations: <none>

DPOP-4#264 Warning
MREG Output pipelining  
DSP g_int4.u_precision_core/u_core/u_prod/u_core/u_core/u_plus_step/g_unified_lane.u_lane_group/g_lane[2].g_lane_n.u_lane/g_tight_mul.u_mul2/u_mul/g_base_stage.product0 multiplier stage g_int4.u_precision_core/u_core/u_prod/u_core/u_core/u_plus_step/g_unified_lane.u_lane_group/g_lane[2].g_lane_n.u_lane/g_tight_mul.u_mul2/u_mul/g_base_stage.product0/P[47:0] is not pipelined (MREG=0). Pipelining the multiplier function will improve performance and will save significant power so it is suggested whenever possible to fully pipeline this function.  If this multiplier was inferred, it is suggested to describe an additional register stage after this function.  If there is no registered adder/accumulator following the multiply function, two pipeline stages are suggested to allow both the MREG and PREG registers to be used.  If the DSP48 was instantiated in the design, it is suggested to set both the MREG and PREG attributes to 1 when performing multiply functions.
Related violations: <none>

DPOP-4#265 Warning
MREG Output pipelining  
DSP g_int4.u_precision_core/u_core/u_prod/u_core/u_core/u_plus_step/g_unified_lane.u_lane_group/g_lane[2].g_lane_n.u_lane/g_tight_mul.u_mul2/u_mul/g_base_stage.product_s1_reg multiplier stage g_int4.u_precision_core/u_core/u_prod/u_core/u_core/u_plus_step/g_unified_lane.u_lane_group/g_lane[2].g_lane_n.u_lane/g_tight_mul.u_mul2/u_mul/g_base_stage.product_s1_reg/P[47:0] is not pipelined (MREG=0). Pipelining the multiplier function will improve performance and will save significant power so it is suggested whenever possible to fully pipeline this function.  If this multiplier was inferred, it is suggested to describe an additional register stage after this function.  If there is no registered adder/accumulator following the multiply function, two pipeline stages are suggested to allow both the MREG and PREG registers to be used.  If the DSP48 was instantiated in the design, it is suggested to set both the MREG and PREG attributes to 1 when performing multiply functions.
Related violations: <none>

DPOP-4#266 Warning
MREG Output pipelining  
DSP g_int4.u_precision_core/u_core/u_prod/u_core/u_core/u_plus_step/g_unified_lane.u_lane_group/g_lane[2].g_lane_n.u_lane/g_tight_mul.u_mul3/u_mul/g_base_stage.product0 multiplier stage g_int4.u_precision_core/u_core/u_prod/u_core/u_core/u_plus_step/g_unified_lane.u_lane_group/g_lane[2].g_lane_n.u_lane/g_tight_mul.u_mul3/u_mul/g_base_stage.product0/P[47:0] is not pipelined (MREG=0). Pipelining the multiplier function will improve performance and will save significant power so it is suggested whenever possible to fully pipeline this function.  If this multiplier was inferred, it is suggested to describe an additional register stage after this function.  If there is no registered adder/accumulator following the multiply function, two pipeline stages are suggested to allow both the MREG and PREG registers to be used.  If the DSP48 was instantiated in the design, it is suggested to set both the MREG and PREG attributes to 1 when performing multiply functions.
Related violations: <none>

DPOP-4#267 Warning
MREG Output pipelining  
DSP g_int4.u_precision_core/u_core/u_prod/u_core/u_core/u_plus_step/g_unified_lane.u_lane_group/g_lane[2].g_lane_n.u_lane/g_tight_mul.u_mul3/u_mul/g_base_stage.product_s1_reg multiplier stage g_int4.u_precision_core/u_core/u_prod/u_core/u_core/u_plus_step/g_unified_lane.u_lane_group/g_lane[2].g_lane_n.u_lane/g_tight_mul.u_mul3/u_mul/g_base_stage.product_s1_reg/P[47:0] is not pipelined (MREG=0). Pipelining the multiplier function will improve performance and will save significant power so it is suggested whenever possible to fully pipeline this function.  If this multiplier was inferred, it is suggested to describe an additional register stage after this function.  If there is no registered adder/accumulator following the multiply function, two pipeline stages are suggested to allow both the MREG and PREG registers to be used.  If the DSP48 was instantiated in the design, it is suggested to set both the MREG and PREG attributes to 1 when performing multiply functions.
Related violations: <none>

DPOP-4#268 Warning
MREG Output pipelining  
DSP g_int4.u_precision_core/u_core/u_prod/u_core/u_core/u_plus_step/g_unified_lane.u_lane_group/g_lane[3].g_lane_n.u_lane/g_j_dsp.g_generic.u_j_mul/g_base_stage.product0 multiplier stage g_int4.u_precision_core/u_core/u_prod/u_core/u_core/u_plus_step/g_unified_lane.u_lane_group/g_lane[3].g_lane_n.u_lane/g_j_dsp.g_generic.u_j_mul/g_base_stage.product0/P[47:0] is not pipelined (MREG=0). Pipelining the multiplier function will improve performance and will save significant power so it is suggested whenever possible to fully pipeline this function.  If this multiplier was inferred, it is suggested to describe an additional register stage after this function.  If there is no registered adder/accumulator following the multiply function, two pipeline stages are suggested to allow both the MREG and PREG registers to be used.  If the DSP48 was instantiated in the design, it is suggested to set both the MREG and PREG attributes to 1 when performing multiply functions.
Related violations: <none>

DPOP-4#269 Warning
MREG Output pipelining  
DSP g_int4.u_precision_core/u_core/u_prod/u_core/u_core/u_plus_step/g_unified_lane.u_lane_group/g_lane[3].g_lane_n.u_lane/g_j_dsp.g_generic.u_j_mul/g_base_stage.product_s1_reg multiplier stage g_int4.u_precision_core/u_core/u_prod/u_core/u_core/u_plus_step/g_unified_lane.u_lane_group/g_lane[3].g_lane_n.u_lane/g_j_dsp.g_generic.u_j_mul/g_base_stage.product_s1_reg/P[47:0] is not pipelined (MREG=0). Pipelining the multiplier function will improve performance and will save significant power so it is suggested whenever possible to fully pipeline this function.  If this multiplier was inferred, it is suggested to describe an additional register stage after this function.  If there is no registered adder/accumulator following the multiply function, two pipeline stages are suggested to allow both the MREG and PREG registers to be used.  If the DSP48 was instantiated in the design, it is suggested to set both the MREG and PREG attributes to 1 when performing multiply functions.
Related violations: <none>

DPOP-4#270 Warning
MREG Output pipelining  
DSP g_int4.u_precision_core/u_core/u_prod/u_core/u_core/u_plus_step/g_unified_lane.u_lane_group/g_lane[3].g_lane_n.u_lane/g_tight_mul.u_mul1/u_mul/g_base_stage.product0 multiplier stage g_int4.u_precision_core/u_core/u_prod/u_core/u_core/u_plus_step/g_unified_lane.u_lane_group/g_lane[3].g_lane_n.u_lane/g_tight_mul.u_mul1/u_mul/g_base_stage.product0/P[47:0] is not pipelined (MREG=0). Pipelining the multiplier function will improve performance and will save significant power so it is suggested whenever possible to fully pipeline this function.  If this multiplier was inferred, it is suggested to describe an additional register stage after this function.  If there is no registered adder/accumulator following the multiply function, two pipeline stages are suggested to allow both the MREG and PREG registers to be used.  If the DSP48 was instantiated in the design, it is suggested to set both the MREG and PREG attributes to 1 when performing multiply functions.
Related violations: <none>

DPOP-4#271 Warning
MREG Output pipelining  
DSP g_int4.u_precision_core/u_core/u_prod/u_core/u_core/u_plus_step/g_unified_lane.u_lane_group/g_lane[3].g_lane_n.u_lane/g_tight_mul.u_mul1/u_mul/g_base_stage.product_s1_reg multiplier stage g_int4.u_precision_core/u_core/u_prod/u_core/u_core/u_plus_step/g_unified_lane.u_lane_group/g_lane[3].g_lane_n.u_lane/g_tight_mul.u_mul1/u_mul/g_base_stage.product_s1_reg/P[47:0] is not pipelined (MREG=0). Pipelining the multiplier function will improve performance and will save significant power so it is suggested whenever possible to fully pipeline this function.  If this multiplier was inferred, it is suggested to describe an additional register stage after this function.  If there is no registered adder/accumulator following the multiply function, two pipeline stages are suggested to allow both the MREG and PREG registers to be used.  If the DSP48 was instantiated in the design, it is suggested to set both the MREG and PREG attributes to 1 when performing multiply functions.
Related violations: <none>

DPOP-4#272 Warning
MREG Output pipelining  
DSP g_int4.u_precision_core/u_core/u_prod/u_core/u_core/u_plus_step/g_unified_lane.u_lane_group/g_lane[3].g_lane_n.u_lane/g_tight_mul.u_mul2/u_mul/g_base_stage.product0 multiplier stage g_int4.u_precision_core/u_core/u_prod/u_core/u_core/u_plus_step/g_unified_lane.u_lane_group/g_lane[3].g_lane_n.u_lane/g_tight_mul.u_mul2/u_mul/g_base_stage.product0/P[47:0] is not pipelined (MREG=0). Pipelining the multiplier function will improve performance and will save significant power so it is suggested whenever possible to fully pipeline this function.  If this multiplier was inferred, it is suggested to describe an additional register stage after this function.  If there is no registered adder/accumulator following the multiply function, two pipeline stages are suggested to allow both the MREG and PREG registers to be used.  If the DSP48 was instantiated in the design, it is suggested to set both the MREG and PREG attributes to 1 when performing multiply functions.
Related violations: <none>

DPOP-4#273 Warning
MREG Output pipelining  
DSP g_int4.u_precision_core/u_core/u_prod/u_core/u_core/u_plus_step/g_unified_lane.u_lane_group/g_lane[3].g_lane_n.u_lane/g_tight_mul.u_mul2/u_mul/g_base_stage.product_s1_reg multiplier stage g_int4.u_precision_core/u_core/u_prod/u_core/u_core/u_plus_step/g_unified_lane.u_lane_group/g_lane[3].g_lane_n.u_lane/g_tight_mul.u_mul2/u_mul/g_base_stage.product_s1_reg/P[47:0] is not pipelined (MREG=0). Pipelining the multiplier function will improve performance and will save significant power so it is suggested whenever possible to fully pipeline this function.  If this multiplier was inferred, it is suggested to describe an additional register stage after this function.  If there is no registered adder/accumulator following the multiply function, two pipeline stages are suggested to allow both the MREG and PREG registers to be used.  If the DSP48 was instantiated in the design, it is suggested to set both the MREG and PREG attributes to 1 when performing multiply functions.
Related violations: <none>

DPOP-4#274 Warning
MREG Output pipelining  
DSP g_int4.u_precision_core/u_core/u_prod/u_core/u_core/u_plus_step/g_unified_lane.u_lane_group/g_lane[3].g_lane_n.u_lane/g_tight_mul.u_mul3/u_mul/g_base_stage.product0 multiplier stage g_int4.u_precision_core/u_core/u_prod/u_core/u_core/u_plus_step/g_unified_lane.u_lane_group/g_lane[3].g_lane_n.u_lane/g_tight_mul.u_mul3/u_mul/g_base_stage.product0/P[47:0] is not pipelined (MREG=0). Pipelining the multiplier function will improve performance and will save significant power so it is suggested whenever possible to fully pipeline this function.  If this multiplier was inferred, it is suggested to describe an additional register stage after this function.  If there is no registered adder/accumulator following the multiply function, two pipeline stages are suggested to allow both the MREG and PREG registers to be used.  If the DSP48 was instantiated in the design, it is suggested to set both the MREG and PREG attributes to 1 when performing multiply functions.
Related violations: <none>

DPOP-4#275 Warning
MREG Output pipelining  
DSP g_int4.u_precision_core/u_core/u_prod/u_core/u_core/u_plus_step/g_unified_lane.u_lane_group/g_lane[3].g_lane_n.u_lane/g_tight_mul.u_mul3/u_mul/g_base_stage.product_s1_reg multiplier stage g_int4.u_precision_core/u_core/u_prod/u_core/u_core/u_plus_step/g_unified_lane.u_lane_group/g_lane[3].g_lane_n.u_lane/g_tight_mul.u_mul3/u_mul/g_base_stage.product_s1_reg/P[47:0] is not pipelined (MREG=0). Pipelining the multiplier function will improve performance and will save significant power so it is suggested whenever possible to fully pipeline this function.  If this multiplier was inferred, it is suggested to describe an additional register stage after this function.  If there is no registered adder/accumulator following the multiply function, two pipeline stages are suggested to allow both the MREG and PREG registers to be used.  If the DSP48 was instantiated in the design, it is suggested to set both the MREG and PREG attributes to 1 when performing multiply functions.
Related violations: <none>

DPOP-4#276 Warning
MREG Output pipelining  
DSP g_int4.u_precision_core/u_core/u_prod/u_core/u_core/u_plus_step/g_unified_lane.u_lane_group/g_lane[4].g_lane_n.u_lane/g_j_dsp.g_generic.u_j_mul/g_base_stage.product0 multiplier stage g_int4.u_precision_core/u_core/u_prod/u_core/u_core/u_plus_step/g_unified_lane.u_lane_group/g_lane[4].g_lane_n.u_lane/g_j_dsp.g_generic.u_j_mul/g_base_stage.product0/P[47:0] is not pipelined (MREG=0). Pipelining the multiplier function will improve performance and will save significant power so it is suggested whenever possible to fully pipeline this function.  If this multiplier was inferred, it is suggested to describe an additional register stage after this function.  If there is no registered adder/accumulator following the multiply function, two pipeline stages are suggested to allow both the MREG and PREG registers to be used.  If the DSP48 was instantiated in the design, it is suggested to set both the MREG and PREG attributes to 1 when performing multiply functions.
Related violations: <none>

DPOP-4#277 Warning
MREG Output pipelining  
DSP g_int4.u_precision_core/u_core/u_prod/u_core/u_core/u_plus_step/g_unified_lane.u_lane_group/g_lane[4].g_lane_n.u_lane/g_j_dsp.g_generic.u_j_mul/g_base_stage.product_s1_reg multiplier stage g_int4.u_precision_core/u_core/u_prod/u_core/u_core/u_plus_step/g_unified_lane.u_lane_group/g_lane[4].g_lane_n.u_lane/g_j_dsp.g_generic.u_j_mul/g_base_stage.product_s1_reg/P[47:0] is not pipelined (MREG=0). Pipelining the multiplier function will improve performance and will save significant power so it is suggested whenever possible to fully pipeline this function.  If this multiplier was inferred, it is suggested to describe an additional register stage after this function.  If there is no registered adder/accumulator following the multiply function, two pipeline stages are suggested to allow both the MREG and PREG registers to be used.  If the DSP48 was instantiated in the design, it is suggested to set both the MREG and PREG attributes to 1 when performing multiply functions.
Related violations: <none>

DPOP-4#278 Warning
MREG Output pipelining  
DSP g_int4.u_precision_core/u_core/u_prod/u_core/u_core/u_plus_step/g_unified_lane.u_lane_group/g_lane[4].g_lane_n.u_lane/g_tight_mul.u_mul1/u_mul/g_base_stage.product0 multiplier stage g_int4.u_precision_core/u_core/u_prod/u_core/u_core/u_plus_step/g_unified_lane.u_lane_group/g_lane[4].g_lane_n.u_lane/g_tight_mul.u_mul1/u_mul/g_base_stage.product0/P[47:0] is not pipelined (MREG=0). Pipelining the multiplier function will improve performance and will save significant power so it is suggested whenever possible to fully pipeline this function.  If this multiplier was inferred, it is suggested to describe an additional register stage after this function.  If there is no registered adder/accumulator following the multiply function, two pipeline stages are suggested to allow both the MREG and PREG registers to be used.  If the DSP48 was instantiated in the design, it is suggested to set both the MREG and PREG attributes to 1 when performing multiply functions.
Related violations: <none>

DPOP-4#279 Warning
MREG Output pipelining  
DSP g_int4.u_precision_core/u_core/u_prod/u_core/u_core/u_plus_step/g_unified_lane.u_lane_group/g_lane[4].g_lane_n.u_lane/g_tight_mul.u_mul1/u_mul/g_base_stage.product_s1_reg multiplier stage g_int4.u_precision_core/u_core/u_prod/u_core/u_core/u_plus_step/g_unified_lane.u_lane_group/g_lane[4].g_lane_n.u_lane/g_tight_mul.u_mul1/u_mul/g_base_stage.product_s1_reg/P[47:0] is not pipelined (MREG=0). Pipelining the multiplier function will improve performance and will save significant power so it is suggested whenever possible to fully pipeline this function.  If this multiplier was inferred, it is suggested to describe an additional register stage after this function.  If there is no registered adder/accumulator following the multiply function, two pipeline stages are suggested to allow both the MREG and PREG registers to be used.  If the DSP48 was instantiated in the design, it is suggested to set both the MREG and PREG attributes to 1 when performing multiply functions.
Related violations: <none>

DPOP-4#280 Warning
MREG Output pipelining  
DSP g_int4.u_precision_core/u_core/u_prod/u_core/u_core/u_plus_step/g_unified_lane.u_lane_group/g_lane[4].g_lane_n.u_lane/g_tight_mul.u_mul2/u_mul/g_base_stage.product0 multiplier stage g_int4.u_precision_core/u_core/u_prod/u_core/u_core/u_plus_step/g_unified_lane.u_lane_group/g_lane[4].g_lane_n.u_lane/g_tight_mul.u_mul2/u_mul/g_base_stage.product0/P[47:0] is not pipelined (MREG=0). Pipelining the multiplier function will improve performance and will save significant power so it is suggested whenever possible to fully pipeline this function.  If this multiplier was inferred, it is suggested to describe an additional register stage after this function.  If there is no registered adder/accumulator following the multiply function, two pipeline stages are suggested to allow both the MREG and PREG registers to be used.  If the DSP48 was instantiated in the design, it is suggested to set both the MREG and PREG attributes to 1 when performing multiply functions.
Related violations: <none>

DPOP-4#281 Warning
MREG Output pipelining  
DSP g_int4.u_precision_core/u_core/u_prod/u_core/u_core/u_plus_step/g_unified_lane.u_lane_group/g_lane[4].g_lane_n.u_lane/g_tight_mul.u_mul2/u_mul/g_base_stage.product_s1_reg multiplier stage g_int4.u_precision_core/u_core/u_prod/u_core/u_core/u_plus_step/g_unified_lane.u_lane_group/g_lane[4].g_lane_n.u_lane/g_tight_mul.u_mul2/u_mul/g_base_stage.product_s1_reg/P[47:0] is not pipelined (MREG=0). Pipelining the multiplier function will improve performance and will save significant power so it is suggested whenever possible to fully pipeline this function.  If this multiplier was inferred, it is suggested to describe an additional register stage after this function.  If there is no registered adder/accumulator following the multiply function, two pipeline stages are suggested to allow both the MREG and PREG registers to be used.  If the DSP48 was instantiated in the design, it is suggested to set both the MREG and PREG attributes to 1 when performing multiply functions.
Related violations: <none>

DPOP-4#282 Warning
MREG Output pipelining  
DSP g_int4.u_precision_core/u_core/u_prod/u_core/u_core/u_plus_step/g_unified_lane.u_lane_group/g_lane[4].g_lane_n.u_lane/g_tight_mul.u_mul3/u_mul/g_base_stage.product0 multiplier stage g_int4.u_precision_core/u_core/u_prod/u_core/u_core/u_plus_step/g_unified_lane.u_lane_group/g_lane[4].g_lane_n.u_lane/g_tight_mul.u_mul3/u_mul/g_base_stage.product0/P[47:0] is not pipelined (MREG=0). Pipelining the multiplier function will improve performance and will save significant power so it is suggested whenever possible to fully pipeline this function.  If this multiplier was inferred, it is suggested to describe an additional register stage after this function.  If there is no registered adder/accumulator following the multiply function, two pipeline stages are suggested to allow both the MREG and PREG registers to be used.  If the DSP48 was instantiated in the design, it is suggested to set both the MREG and PREG attributes to 1 when performing multiply functions.
Related violations: <none>

DPOP-4#283 Warning
MREG Output pipelining  
DSP g_int4.u_precision_core/u_core/u_prod/u_core/u_core/u_plus_step/g_unified_lane.u_lane_group/g_lane[4].g_lane_n.u_lane/g_tight_mul.u_mul3/u_mul/g_base_stage.product_s1_reg multiplier stage g_int4.u_precision_core/u_core/u_prod/u_core/u_core/u_plus_step/g_unified_lane.u_lane_group/g_lane[4].g_lane_n.u_lane/g_tight_mul.u_mul3/u_mul/g_base_stage.product_s1_reg/P[47:0] is not pipelined (MREG=0). Pipelining the multiplier function will improve performance and will save significant power so it is suggested whenever possible to fully pipeline this function.  If this multiplier was inferred, it is suggested to describe an additional register stage after this function.  If there is no registered adder/accumulator following the multiply function, two pipeline stages are suggested to allow both the MREG and PREG registers to be used.  If the DSP48 was instantiated in the design, it is suggested to set both the MREG and PREG attributes to 1 when performing multiply functions.
Related violations: <none>

DPOP-4#284 Warning
MREG Output pipelining  
DSP g_int4.u_precision_core/u_core/u_prod/u_core/u_core/u_plus_step/g_unified_lane.u_lane_group/g_lane[5].g_lane_n.u_lane/g_j_dsp.g_generic.u_j_mul/g_base_stage.product0 multiplier stage g_int4.u_precision_core/u_core/u_prod/u_core/u_core/u_plus_step/g_unified_lane.u_lane_group/g_lane[5].g_lane_n.u_lane/g_j_dsp.g_generic.u_j_mul/g_base_stage.product0/P[47:0] is not pipelined (MREG=0). Pipelining the multiplier function will improve performance and will save significant power so it is suggested whenever possible to fully pipeline this function.  If this multiplier was inferred, it is suggested to describe an additional register stage after this function.  If there is no registered adder/accumulator following the multiply function, two pipeline stages are suggested to allow both the MREG and PREG registers to be used.  If the DSP48 was instantiated in the design, it is suggested to set both the MREG and PREG attributes to 1 when performing multiply functions.
Related violations: <none>

DPOP-4#285 Warning
MREG Output pipelining  
DSP g_int4.u_precision_core/u_core/u_prod/u_core/u_core/u_plus_step/g_unified_lane.u_lane_group/g_lane[5].g_lane_n.u_lane/g_j_dsp.g_generic.u_j_mul/g_base_stage.product_s1_reg multiplier stage g_int4.u_precision_core/u_core/u_prod/u_core/u_core/u_plus_step/g_unified_lane.u_lane_group/g_lane[5].g_lane_n.u_lane/g_j_dsp.g_generic.u_j_mul/g_base_stage.product_s1_reg/P[47:0] is not pipelined (MREG=0). Pipelining the multiplier function will improve performance and will save significant power so it is suggested whenever possible to fully pipeline this function.  If this multiplier was inferred, it is suggested to describe an additional register stage after this function.  If there is no registered adder/accumulator following the multiply function, two pipeline stages are suggested to allow both the MREG and PREG registers to be used.  If the DSP48 was instantiated in the design, it is suggested to set both the MREG and PREG attributes to 1 when performing multiply functions.
Related violations: <none>

DPOP-4#286 Warning
MREG Output pipelining  
DSP g_int4.u_precision_core/u_core/u_prod/u_core/u_core/u_plus_step/g_unified_lane.u_lane_group/g_lane[5].g_lane_n.u_lane/g_tight_mul.u_mul1/u_mul/g_base_stage.product0 multiplier stage g_int4.u_precision_core/u_core/u_prod/u_core/u_core/u_plus_step/g_unified_lane.u_lane_group/g_lane[5].g_lane_n.u_lane/g_tight_mul.u_mul1/u_mul/g_base_stage.product0/P[47:0] is not pipelined (MREG=0). Pipelining the multiplier function will improve performance and will save significant power so it is suggested whenever possible to fully pipeline this function.  If this multiplier was inferred, it is suggested to describe an additional register stage after this function.  If there is no registered adder/accumulator following the multiply function, two pipeline stages are suggested to allow both the MREG and PREG registers to be used.  If the DSP48 was instantiated in the design, it is suggested to set both the MREG and PREG attributes to 1 when performing multiply functions.
Related violations: <none>

DPOP-4#287 Warning
MREG Output pipelining  
DSP g_int4.u_precision_core/u_core/u_prod/u_core/u_core/u_plus_step/g_unified_lane.u_lane_group/g_lane[5].g_lane_n.u_lane/g_tight_mul.u_mul1/u_mul/g_base_stage.product_s1_reg multiplier stage g_int4.u_precision_core/u_core/u_prod/u_core/u_core/u_plus_step/g_unified_lane.u_lane_group/g_lane[5].g_lane_n.u_lane/g_tight_mul.u_mul1/u_mul/g_base_stage.product_s1_reg/P[47:0] is not pipelined (MREG=0). Pipelining the multiplier function will improve performance and will save significant power so it is suggested whenever possible to fully pipeline this function.  If this multiplier was inferred, it is suggested to describe an additional register stage after this function.  If there is no registered adder/accumulator following the multiply function, two pipeline stages are suggested to allow both the MREG and PREG registers to be used.  If the DSP48 was instantiated in the design, it is suggested to set both the MREG and PREG attributes to 1 when performing multiply functions.
Related violations: <none>

DPOP-4#288 Warning
MREG Output pipelining  
DSP g_int4.u_precision_core/u_core/u_prod/u_core/u_core/u_plus_step/g_unified_lane.u_lane_group/g_lane[5].g_lane_n.u_lane/g_tight_mul.u_mul2/u_mul/g_base_stage.product0 multiplier stage g_int4.u_precision_core/u_core/u_prod/u_core/u_core/u_plus_step/g_unified_lane.u_lane_group/g_lane[5].g_lane_n.u_lane/g_tight_mul.u_mul2/u_mul/g_base_stage.product0/P[47:0] is not pipelined (MREG=0). Pipelining the multiplier function will improve performance and will save significant power so it is suggested whenever possible to fully pipeline this function.  If this multiplier was inferred, it is suggested to describe an additional register stage after this function.  If there is no registered adder/accumulator following the multiply function, two pipeline stages are suggested to allow both the MREG and PREG registers to be used.  If the DSP48 was instantiated in the design, it is suggested to set both the MREG and PREG attributes to 1 when performing multiply functions.
Related violations: <none>

DPOP-4#289 Warning
MREG Output pipelining  
DSP g_int4.u_precision_core/u_core/u_prod/u_core/u_core/u_plus_step/g_unified_lane.u_lane_group/g_lane[5].g_lane_n.u_lane/g_tight_mul.u_mul2/u_mul/g_base_stage.product_s1_reg multiplier stage g_int4.u_precision_core/u_core/u_prod/u_core/u_core/u_plus_step/g_unified_lane.u_lane_group/g_lane[5].g_lane_n.u_lane/g_tight_mul.u_mul2/u_mul/g_base_stage.product_s1_reg/P[47:0] is not pipelined (MREG=0). Pipelining the multiplier function will improve performance and will save significant power so it is suggested whenever possible to fully pipeline this function.  If this multiplier was inferred, it is suggested to describe an additional register stage after this function.  If there is no registered adder/accumulator following the multiply function, two pipeline stages are suggested to allow both the MREG and PREG registers to be used.  If the DSP48 was instantiated in the design, it is suggested to set both the MREG and PREG attributes to 1 when performing multiply functions.
Related violations: <none>

DPOP-4#290 Warning
MREG Output pipelining  
DSP g_int4.u_precision_core/u_core/u_prod/u_core/u_core/u_plus_step/g_unified_lane.u_lane_group/g_lane[5].g_lane_n.u_lane/g_tight_mul.u_mul3/u_mul/g_base_stage.product0 multiplier stage g_int4.u_precision_core/u_core/u_prod/u_core/u_core/u_plus_step/g_unified_lane.u_lane_group/g_lane[5].g_lane_n.u_lane/g_tight_mul.u_mul3/u_mul/g_base_stage.product0/P[47:0] is not pipelined (MREG=0). Pipelining the multiplier function will improve performance and will save significant power so it is suggested whenever possible to fully pipeline this function.  If this multiplier was inferred, it is suggested to describe an additional register stage after this function.  If there is no registered adder/accumulator following the multiply function, two pipeline stages are suggested to allow both the MREG and PREG registers to be used.  If the DSP48 was instantiated in the design, it is suggested to set both the MREG and PREG attributes to 1 when performing multiply functions.
Related violations: <none>

DPOP-4#291 Warning
MREG Output pipelining  
DSP g_int4.u_precision_core/u_core/u_prod/u_core/u_core/u_plus_step/g_unified_lane.u_lane_group/g_lane[5].g_lane_n.u_lane/g_tight_mul.u_mul3/u_mul/g_base_stage.product_s1_reg multiplier stage g_int4.u_precision_core/u_core/u_prod/u_core/u_core/u_plus_step/g_unified_lane.u_lane_group/g_lane[5].g_lane_n.u_lane/g_tight_mul.u_mul3/u_mul/g_base_stage.product_s1_reg/P[47:0] is not pipelined (MREG=0). Pipelining the multiplier function will improve performance and will save significant power so it is suggested whenever possible to fully pipeline this function.  If this multiplier was inferred, it is suggested to describe an additional register stage after this function.  If there is no registered adder/accumulator following the multiply function, two pipeline stages are suggested to allow both the MREG and PREG registers to be used.  If the DSP48 was instantiated in the design, it is suggested to set both the MREG and PREG attributes to 1 when performing multiply functions.
Related violations: <none>

DPOP-4#292 Warning
MREG Output pipelining  
DSP g_int4.u_precision_core/u_core/u_prod/u_core/u_core/u_plus_step/g_unified_lane.u_lane_group/g_lane[6].g_lane_n.u_lane/g_j_dsp.g_generic.u_j_mul/g_base_stage.product0 multiplier stage g_int4.u_precision_core/u_core/u_prod/u_core/u_core/u_plus_step/g_unified_lane.u_lane_group/g_lane[6].g_lane_n.u_lane/g_j_dsp.g_generic.u_j_mul/g_base_stage.product0/P[47:0] is not pipelined (MREG=0). Pipelining the multiplier function will improve performance and will save significant power so it is suggested whenever possible to fully pipeline this function.  If this multiplier was inferred, it is suggested to describe an additional register stage after this function.  If there is no registered adder/accumulator following the multiply function, two pipeline stages are suggested to allow both the MREG and PREG registers to be used.  If the DSP48 was instantiated in the design, it is suggested to set both the MREG and PREG attributes to 1 when performing multiply functions.
Related violations: <none>

DPOP-4#293 Warning
MREG Output pipelining  
DSP g_int4.u_precision_core/u_core/u_prod/u_core/u_core/u_plus_step/g_unified_lane.u_lane_group/g_lane[6].g_lane_n.u_lane/g_j_dsp.g_generic.u_j_mul/g_base_stage.product_s1_reg multiplier stage g_int4.u_precision_core/u_core/u_prod/u_core/u_core/u_plus_step/g_unified_lane.u_lane_group/g_lane[6].g_lane_n.u_lane/g_j_dsp.g_generic.u_j_mul/g_base_stage.product_s1_reg/P[47:0] is not pipelined (MREG=0). Pipelining the multiplier function will improve performance and will save significant power so it is suggested whenever possible to fully pipeline this function.  If this multiplier was inferred, it is suggested to describe an additional register stage after this function.  If there is no registered adder/accumulator following the multiply function, two pipeline stages are suggested to allow both the MREG and PREG registers to be used.  If the DSP48 was instantiated in the design, it is suggested to set both the MREG and PREG attributes to 1 when performing multiply functions.
Related violations: <none>

DPOP-4#294 Warning
MREG Output pipelining  
DSP g_int4.u_precision_core/u_core/u_prod/u_core/u_core/u_plus_step/g_unified_lane.u_lane_group/g_lane[6].g_lane_n.u_lane/g_tight_mul.u_mul1/u_mul/g_base_stage.product0 multiplier stage g_int4.u_precision_core/u_core/u_prod/u_core/u_core/u_plus_step/g_unified_lane.u_lane_group/g_lane[6].g_lane_n.u_lane/g_tight_mul.u_mul1/u_mul/g_base_stage.product0/P[47:0] is not pipelined (MREG=0). Pipelining the multiplier function will improve performance and will save significant power so it is suggested whenever possible to fully pipeline this function.  If this multiplier was inferred, it is suggested to describe an additional register stage after this function.  If there is no registered adder/accumulator following the multiply function, two pipeline stages are suggested to allow both the MREG and PREG registers to be used.  If the DSP48 was instantiated in the design, it is suggested to set both the MREG and PREG attributes to 1 when performing multiply functions.
Related violations: <none>

DPOP-4#295 Warning
MREG Output pipelining  
DSP g_int4.u_precision_core/u_core/u_prod/u_core/u_core/u_plus_step/g_unified_lane.u_lane_group/g_lane[6].g_lane_n.u_lane/g_tight_mul.u_mul1/u_mul/g_base_stage.product_s1_reg multiplier stage g_int4.u_precision_core/u_core/u_prod/u_core/u_core/u_plus_step/g_unified_lane.u_lane_group/g_lane[6].g_lane_n.u_lane/g_tight_mul.u_mul1/u_mul/g_base_stage.product_s1_reg/P[47:0] is not pipelined (MREG=0). Pipelining the multiplier function will improve performance and will save significant power so it is suggested whenever possible to fully pipeline this function.  If this multiplier was inferred, it is suggested to describe an additional register stage after this function.  If there is no registered adder/accumulator following the multiply function, two pipeline stages are suggested to allow both the MREG and PREG registers to be used.  If the DSP48 was instantiated in the design, it is suggested to set both the MREG and PREG attributes to 1 when performing multiply functions.
Related violations: <none>

DPOP-4#296 Warning
MREG Output pipelining  
DSP g_int4.u_precision_core/u_core/u_prod/u_core/u_core/u_plus_step/g_unified_lane.u_lane_group/g_lane[6].g_lane_n.u_lane/g_tight_mul.u_mul2/u_mul/g_base_stage.product0 multiplier stage g_int4.u_precision_core/u_core/u_prod/u_core/u_core/u_plus_step/g_unified_lane.u_lane_group/g_lane[6].g_lane_n.u_lane/g_tight_mul.u_mul2/u_mul/g_base_stage.product0/P[47:0] is not pipelined (MREG=0). Pipelining the multiplier function will improve performance and will save significant power so it is suggested whenever possible to fully pipeline this function.  If this multiplier was inferred, it is suggested to describe an additional register stage after this function.  If there is no registered adder/accumulator following the multiply function, two pipeline stages are suggested to allow both the MREG and PREG registers to be used.  If the DSP48 was instantiated in the design, it is suggested to set both the MREG and PREG attributes to 1 when performing multiply functions.
Related violations: <none>

DPOP-4#297 Warning
MREG Output pipelining  
DSP g_int4.u_precision_core/u_core/u_prod/u_core/u_core/u_plus_step/g_unified_lane.u_lane_group/g_lane[6].g_lane_n.u_lane/g_tight_mul.u_mul2/u_mul/g_base_stage.product_s1_reg multiplier stage g_int4.u_precision_core/u_core/u_prod/u_core/u_core/u_plus_step/g_unified_lane.u_lane_group/g_lane[6].g_lane_n.u_lane/g_tight_mul.u_mul2/u_mul/g_base_stage.product_s1_reg/P[47:0] is not pipelined (MREG=0). Pipelining the multiplier function will improve performance and will save significant power so it is suggested whenever possible to fully pipeline this function.  If this multiplier was inferred, it is suggested to describe an additional register stage after this function.  If there is no registered adder/accumulator following the multiply function, two pipeline stages are suggested to allow both the MREG and PREG registers to be used.  If the DSP48 was instantiated in the design, it is suggested to set both the MREG and PREG attributes to 1 when performing multiply functions.
Related violations: <none>

DPOP-4#298 Warning
MREG Output pipelining  
DSP g_int4.u_precision_core/u_core/u_prod/u_core/u_core/u_plus_step/g_unified_lane.u_lane_group/g_lane[6].g_lane_n.u_lane/g_tight_mul.u_mul3/u_mul/g_base_stage.product0 multiplier stage g_int4.u_precision_core/u_core/u_prod/u_core/u_core/u_plus_step/g_unified_lane.u_lane_group/g_lane[6].g_lane_n.u_lane/g_tight_mul.u_mul3/u_mul/g_base_stage.product0/P[47:0] is not pipelined (MREG=0). Pipelining the multiplier function will improve performance and will save significant power so it is suggested whenever possible to fully pipeline this function.  If this multiplier was inferred, it is suggested to describe an additional register stage after this function.  If there is no registered adder/accumulator following the multiply function, two pipeline stages are suggested to allow both the MREG and PREG registers to be used.  If the DSP48 was instantiated in the design, it is suggested to set both the MREG and PREG attributes to 1 when performing multiply functions.
Related violations: <none>

DPOP-4#299 Warning
MREG Output pipelining  
DSP g_int4.u_precision_core/u_core/u_prod/u_core/u_core/u_plus_step/g_unified_lane.u_lane_group/g_lane[6].g_lane_n.u_lane/g_tight_mul.u_mul3/u_mul/g_base_stage.product_s1_reg multiplier stage g_int4.u_precision_core/u_core/u_prod/u_core/u_core/u_plus_step/g_unified_lane.u_lane_group/g_lane[6].g_lane_n.u_lane/g_tight_mul.u_mul3/u_mul/g_base_stage.product_s1_reg/P[47:0] is not pipelined (MREG=0). Pipelining the multiplier function will improve performance and will save significant power so it is suggested whenever possible to fully pipeline this function.  If this multiplier was inferred, it is suggested to describe an additional register stage after this function.  If there is no registered adder/accumulator following the multiply function, two pipeline stages are suggested to allow both the MREG and PREG registers to be used.  If the DSP48 was instantiated in the design, it is suggested to set both the MREG and PREG attributes to 1 when performing multiply functions.
Related violations: <none>

DPOP-4#300 Warning
MREG Output pipelining  
DSP g_int4.u_precision_core/u_core/u_prod/u_core/u_core/u_plus_step/g_unified_lane.u_lane_group/g_lane[7].g_lane_n.u_lane/g_j_dsp.g_generic.u_j_mul/g_base_stage.product0 multiplier stage g_int4.u_precision_core/u_core/u_prod/u_core/u_core/u_plus_step/g_unified_lane.u_lane_group/g_lane[7].g_lane_n.u_lane/g_j_dsp.g_generic.u_j_mul/g_base_stage.product0/P[47:0] is not pipelined (MREG=0). Pipelining the multiplier function will improve performance and will save significant power so it is suggested whenever possible to fully pipeline this function.  If this multiplier was inferred, it is suggested to describe an additional register stage after this function.  If there is no registered adder/accumulator following the multiply function, two pipeline stages are suggested to allow both the MREG and PREG registers to be used.  If the DSP48 was instantiated in the design, it is suggested to set both the MREG and PREG attributes to 1 when performing multiply functions.
Related violations: <none>

DPOP-4#301 Warning
MREG Output pipelining  
DSP g_int4.u_precision_core/u_core/u_prod/u_core/u_core/u_plus_step/g_unified_lane.u_lane_group/g_lane[7].g_lane_n.u_lane/g_j_dsp.g_generic.u_j_mul/g_base_stage.product_s1_reg multiplier stage g_int4.u_precision_core/u_core/u_prod/u_core/u_core/u_plus_step/g_unified_lane.u_lane_group/g_lane[7].g_lane_n.u_lane/g_j_dsp.g_generic.u_j_mul/g_base_stage.product_s1_reg/P[47:0] is not pipelined (MREG=0). Pipelining the multiplier function will improve performance and will save significant power so it is suggested whenever possible to fully pipeline this function.  If this multiplier was inferred, it is suggested to describe an additional register stage after this function.  If there is no registered adder/accumulator following the multiply function, two pipeline stages are suggested to allow both the MREG and PREG registers to be used.  If the DSP48 was instantiated in the design, it is suggested to set both the MREG and PREG attributes to 1 when performing multiply functions.
Related violations: <none>

DPOP-4#302 Warning
MREG Output pipelining  
DSP g_int4.u_precision_core/u_core/u_prod/u_core/u_core/u_plus_step/g_unified_lane.u_lane_group/g_lane[7].g_lane_n.u_lane/g_tight_mul.u_mul1/u_mul/g_base_stage.product0 multiplier stage g_int4.u_precision_core/u_core/u_prod/u_core/u_core/u_plus_step/g_unified_lane.u_lane_group/g_lane[7].g_lane_n.u_lane/g_tight_mul.u_mul1/u_mul/g_base_stage.product0/P[47:0] is not pipelined (MREG=0). Pipelining the multiplier function will improve performance and will save significant power so it is suggested whenever possible to fully pipeline this function.  If this multiplier was inferred, it is suggested to describe an additional register stage after this function.  If there is no registered adder/accumulator following the multiply function, two pipeline stages are suggested to allow both the MREG and PREG registers to be used.  If the DSP48 was instantiated in the design, it is suggested to set both the MREG and PREG attributes to 1 when performing multiply functions.
Related violations: <none>

DPOP-4#303 Warning
MREG Output pipelining  
DSP g_int4.u_precision_core/u_core/u_prod/u_core/u_core/u_plus_step/g_unified_lane.u_lane_group/g_lane[7].g_lane_n.u_lane/g_tight_mul.u_mul1/u_mul/g_base_stage.product_s1_reg multiplier stage g_int4.u_precision_core/u_core/u_prod/u_core/u_core/u_plus_step/g_unified_lane.u_lane_group/g_lane[7].g_lane_n.u_lane/g_tight_mul.u_mul1/u_mul/g_base_stage.product_s1_reg/P[47:0] is not pipelined (MREG=0). Pipelining the multiplier function will improve performance and will save significant power so it is suggested whenever possible to fully pipeline this function.  If this multiplier was inferred, it is suggested to describe an additional register stage after this function.  If there is no registered adder/accumulator following the multiply function, two pipeline stages are suggested to allow both the MREG and PREG registers to be used.  If the DSP48 was instantiated in the design, it is suggested to set both the MREG and PREG attributes to 1 when performing multiply functions.
Related violations: <none>

DPOP-4#304 Warning
MREG Output pipelining  
DSP g_int4.u_precision_core/u_core/u_prod/u_core/u_core/u_plus_step/g_unified_lane.u_lane_group/g_lane[7].g_lane_n.u_lane/g_tight_mul.u_mul2/u_mul/g_base_stage.product0 multiplier stage g_int4.u_precision_core/u_core/u_prod/u_core/u_core/u_plus_step/g_unified_lane.u_lane_group/g_lane[7].g_lane_n.u_lane/g_tight_mul.u_mul2/u_mul/g_base_stage.product0/P[47:0] is not pipelined (MREG=0). Pipelining the multiplier function will improve performance and will save significant power so it is suggested whenever possible to fully pipeline this function.  If this multiplier was inferred, it is suggested to describe an additional register stage after this function.  If there is no registered adder/accumulator following the multiply function, two pipeline stages are suggested to allow both the MREG and PREG registers to be used.  If the DSP48 was instantiated in the design, it is suggested to set both the MREG and PREG attributes to 1 when performing multiply functions.
Related violations: <none>

DPOP-4#305 Warning
MREG Output pipelining  
DSP g_int4.u_precision_core/u_core/u_prod/u_core/u_core/u_plus_step/g_unified_lane.u_lane_group/g_lane[7].g_lane_n.u_lane/g_tight_mul.u_mul2/u_mul/g_base_stage.product_s1_reg multiplier stage g_int4.u_precision_core/u_core/u_prod/u_core/u_core/u_plus_step/g_unified_lane.u_lane_group/g_lane[7].g_lane_n.u_lane/g_tight_mul.u_mul2/u_mul/g_base_stage.product_s1_reg/P[47:0] is not pipelined (MREG=0). Pipelining the multiplier function will improve performance and will save significant power so it is suggested whenever possible to fully pipeline this function.  If this multiplier was inferred, it is suggested to describe an additional register stage after this function.  If there is no registered adder/accumulator following the multiply function, two pipeline stages are suggested to allow both the MREG and PREG registers to be used.  If the DSP48 was instantiated in the design, it is suggested to set both the MREG and PREG attributes to 1 when performing multiply functions.
Related violations: <none>

DPOP-4#306 Warning
MREG Output pipelining  
DSP g_int4.u_precision_core/u_core/u_prod/u_core/u_core/u_plus_step/g_unified_lane.u_lane_group/g_lane[7].g_lane_n.u_lane/g_tight_mul.u_mul3/u_mul/g_base_stage.product0 multiplier stage g_int4.u_precision_core/u_core/u_prod/u_core/u_core/u_plus_step/g_unified_lane.u_lane_group/g_lane[7].g_lane_n.u_lane/g_tight_mul.u_mul3/u_mul/g_base_stage.product0/P[47:0] is not pipelined (MREG=0). Pipelining the multiplier function will improve performance and will save significant power so it is suggested whenever possible to fully pipeline this function.  If this multiplier was inferred, it is suggested to describe an additional register stage after this function.  If there is no registered adder/accumulator following the multiply function, two pipeline stages are suggested to allow both the MREG and PREG registers to be used.  If the DSP48 was instantiated in the design, it is suggested to set both the MREG and PREG attributes to 1 when performing multiply functions.
Related violations: <none>

DPOP-4#307 Warning
MREG Output pipelining  
DSP g_int4.u_precision_core/u_core/u_prod/u_core/u_core/u_plus_step/g_unified_lane.u_lane_group/g_lane[7].g_lane_n.u_lane/g_tight_mul.u_mul3/u_mul/g_base_stage.product_s1_reg multiplier stage g_int4.u_precision_core/u_core/u_prod/u_core/u_core/u_plus_step/g_unified_lane.u_lane_group/g_lane[7].g_lane_n.u_lane/g_tight_mul.u_mul3/u_mul/g_base_stage.product_s1_reg/P[47:0] is not pipelined (MREG=0). Pipelining the multiplier function will improve performance and will save significant power so it is suggested whenever possible to fully pipeline this function.  If this multiplier was inferred, it is suggested to describe an additional register stage after this function.  If there is no registered adder/accumulator following the multiply function, two pipeline stages are suggested to allow both the MREG and PREG registers to be used.  If the DSP48 was instantiated in the design, it is suggested to set both the MREG and PREG attributes to 1 when performing multiply functions.
Related violations: <none>

DPOP-4#308 Warning
MREG Output pipelining  
DSP g_int4.u_precision_core/u_core/u_prod/u_core/u_core/u_plus_step/g_unified_lane.u_lane_group/g_lane[8].g_lane_n.u_lane/g_j_dsp.g_generic.u_j_mul/g_base_stage.product0 multiplier stage g_int4.u_precision_core/u_core/u_prod/u_core/u_core/u_plus_step/g_unified_lane.u_lane_group/g_lane[8].g_lane_n.u_lane/g_j_dsp.g_generic.u_j_mul/g_base_stage.product0/P[47:0] is not pipelined (MREG=0). Pipelining the multiplier function will improve performance and will save significant power so it is suggested whenever possible to fully pipeline this function.  If this multiplier was inferred, it is suggested to describe an additional register stage after this function.  If there is no registered adder/accumulator following the multiply function, two pipeline stages are suggested to allow both the MREG and PREG registers to be used.  If the DSP48 was instantiated in the design, it is suggested to set both the MREG and PREG attributes to 1 when performing multiply functions.
Related violations: <none>

DPOP-4#309 Warning
MREG Output pipelining  
DSP g_int4.u_precision_core/u_core/u_prod/u_core/u_core/u_plus_step/g_unified_lane.u_lane_group/g_lane[8].g_lane_n.u_lane/g_j_dsp.g_generic.u_j_mul/g_base_stage.product_s1_reg multiplier stage g_int4.u_precision_core/u_core/u_prod/u_core/u_core/u_plus_step/g_unified_lane.u_lane_group/g_lane[8].g_lane_n.u_lane/g_j_dsp.g_generic.u_j_mul/g_base_stage.product_s1_reg/P[47:0] is not pipelined (MREG=0). Pipelining the multiplier function will improve performance and will save significant power so it is suggested whenever possible to fully pipeline this function.  If this multiplier was inferred, it is suggested to describe an additional register stage after this function.  If there is no registered adder/accumulator following the multiply function, two pipeline stages are suggested to allow both the MREG and PREG registers to be used.  If the DSP48 was instantiated in the design, it is suggested to set both the MREG and PREG attributes to 1 when performing multiply functions.
Related violations: <none>

DPOP-4#310 Warning
MREG Output pipelining  
DSP g_int4.u_precision_core/u_core/u_prod/u_core/u_core/u_plus_step/g_unified_lane.u_lane_group/g_lane[8].g_lane_n.u_lane/g_tight_mul.u_mul1/u_mul/g_base_stage.product0 multiplier stage g_int4.u_precision_core/u_core/u_prod/u_core/u_core/u_plus_step/g_unified_lane.u_lane_group/g_lane[8].g_lane_n.u_lane/g_tight_mul.u_mul1/u_mul/g_base_stage.product0/P[47:0] is not pipelined (MREG=0). Pipelining the multiplier function will improve performance and will save significant power so it is suggested whenever possible to fully pipeline this function.  If this multiplier was inferred, it is suggested to describe an additional register stage after this function.  If there is no registered adder/accumulator following the multiply function, two pipeline stages are suggested to allow both the MREG and PREG registers to be used.  If the DSP48 was instantiated in the design, it is suggested to set both the MREG and PREG attributes to 1 when performing multiply functions.
Related violations: <none>

DPOP-4#311 Warning
MREG Output pipelining  
DSP g_int4.u_precision_core/u_core/u_prod/u_core/u_core/u_plus_step/g_unified_lane.u_lane_group/g_lane[8].g_lane_n.u_lane/g_tight_mul.u_mul1/u_mul/g_base_stage.product_s1_reg multiplier stage g_int4.u_precision_core/u_core/u_prod/u_core/u_core/u_plus_step/g_unified_lane.u_lane_group/g_lane[8].g_lane_n.u_lane/g_tight_mul.u_mul1/u_mul/g_base_stage.product_s1_reg/P[47:0] is not pipelined (MREG=0). Pipelining the multiplier function will improve performance and will save significant power so it is suggested whenever possible to fully pipeline this function.  If this multiplier was inferred, it is suggested to describe an additional register stage after this function.  If there is no registered adder/accumulator following the multiply function, two pipeline stages are suggested to allow both the MREG and PREG registers to be used.  If the DSP48 was instantiated in the design, it is suggested to set both the MREG and PREG attributes to 1 when performing multiply functions.
Related violations: <none>

DPOP-4#312 Warning
MREG Output pipelining  
DSP g_int4.u_precision_core/u_core/u_prod/u_core/u_core/u_plus_step/g_unified_lane.u_lane_group/g_lane[8].g_lane_n.u_lane/g_tight_mul.u_mul2/u_mul/g_base_stage.product0 multiplier stage g_int4.u_precision_core/u_core/u_prod/u_core/u_core/u_plus_step/g_unified_lane.u_lane_group/g_lane[8].g_lane_n.u_lane/g_tight_mul.u_mul2/u_mul/g_base_stage.product0/P[47:0] is not pipelined (MREG=0). Pipelining the multiplier function will improve performance and will save significant power so it is suggested whenever possible to fully pipeline this function.  If this multiplier was inferred, it is suggested to describe an additional register stage after this function.  If there is no registered adder/accumulator following the multiply function, two pipeline stages are suggested to allow both the MREG and PREG registers to be used.  If the DSP48 was instantiated in the design, it is suggested to set both the MREG and PREG attributes to 1 when performing multiply functions.
Related violations: <none>

DPOP-4#313 Warning
MREG Output pipelining  
DSP g_int4.u_precision_core/u_core/u_prod/u_core/u_core/u_plus_step/g_unified_lane.u_lane_group/g_lane[8].g_lane_n.u_lane/g_tight_mul.u_mul2/u_mul/g_base_stage.product_s1_reg multiplier stage g_int4.u_precision_core/u_core/u_prod/u_core/u_core/u_plus_step/g_unified_lane.u_lane_group/g_lane[8].g_lane_n.u_lane/g_tight_mul.u_mul2/u_mul/g_base_stage.product_s1_reg/P[47:0] is not pipelined (MREG=0). Pipelining the multiplier function will improve performance and will save significant power so it is suggested whenever possible to fully pipeline this function.  If this multiplier was inferred, it is suggested to describe an additional register stage after this function.  If there is no registered adder/accumulator following the multiply function, two pipeline stages are suggested to allow both the MREG and PREG registers to be used.  If the DSP48 was instantiated in the design, it is suggested to set both the MREG and PREG attributes to 1 when performing multiply functions.
Related violations: <none>

DPOP-4#314 Warning
MREG Output pipelining  
DSP g_int4.u_precision_core/u_core/u_prod/u_core/u_core/u_plus_step/g_unified_lane.u_lane_group/g_lane[8].g_lane_n.u_lane/g_tight_mul.u_mul3/u_mul/g_base_stage.product0 multiplier stage g_int4.u_precision_core/u_core/u_prod/u_core/u_core/u_plus_step/g_unified_lane.u_lane_group/g_lane[8].g_lane_n.u_lane/g_tight_mul.u_mul3/u_mul/g_base_stage.product0/P[47:0] is not pipelined (MREG=0). Pipelining the multiplier function will improve performance and will save significant power so it is suggested whenever possible to fully pipeline this function.  If this multiplier was inferred, it is suggested to describe an additional register stage after this function.  If there is no registered adder/accumulator following the multiply function, two pipeline stages are suggested to allow both the MREG and PREG registers to be used.  If the DSP48 was instantiated in the design, it is suggested to set both the MREG and PREG attributes to 1 when performing multiply functions.
Related violations: <none>

DPOP-4#315 Warning
MREG Output pipelining  
DSP g_int4.u_precision_core/u_core/u_prod/u_core/u_core/u_plus_step/g_unified_lane.u_lane_group/g_lane[8].g_lane_n.u_lane/g_tight_mul.u_mul3/u_mul/g_base_stage.product_s1_reg multiplier stage g_int4.u_precision_core/u_core/u_prod/u_core/u_core/u_plus_step/g_unified_lane.u_lane_group/g_lane[8].g_lane_n.u_lane/g_tight_mul.u_mul3/u_mul/g_base_stage.product_s1_reg/P[47:0] is not pipelined (MREG=0). Pipelining the multiplier function will improve performance and will save significant power so it is suggested whenever possible to fully pipeline this function.  If this multiplier was inferred, it is suggested to describe an additional register stage after this function.  If there is no registered adder/accumulator following the multiply function, two pipeline stages are suggested to allow both the MREG and PREG registers to be used.  If the DSP48 was instantiated in the design, it is suggested to set both the MREG and PREG attributes to 1 when performing multiply functions.
Related violations: <none>

DPOP-4#316 Warning
MREG Output pipelining  
DSP g_int4.u_precision_core/u_core/u_prod/u_core/u_core/u_plus_step/g_unified_lane.u_lane_group/g_lane[9].g_lane_n.u_lane/g_j_dsp.g_generic.u_j_mul/g_base_stage.product0 multiplier stage g_int4.u_precision_core/u_core/u_prod/u_core/u_core/u_plus_step/g_unified_lane.u_lane_group/g_lane[9].g_lane_n.u_lane/g_j_dsp.g_generic.u_j_mul/g_base_stage.product0/P[47:0] is not pipelined (MREG=0). Pipelining the multiplier function will improve performance and will save significant power so it is suggested whenever possible to fully pipeline this function.  If this multiplier was inferred, it is suggested to describe an additional register stage after this function.  If there is no registered adder/accumulator following the multiply function, two pipeline stages are suggested to allow both the MREG and PREG registers to be used.  If the DSP48 was instantiated in the design, it is suggested to set both the MREG and PREG attributes to 1 when performing multiply functions.
Related violations: <none>

DPOP-4#317 Warning
MREG Output pipelining  
DSP g_int4.u_precision_core/u_core/u_prod/u_core/u_core/u_plus_step/g_unified_lane.u_lane_group/g_lane[9].g_lane_n.u_lane/g_j_dsp.g_generic.u_j_mul/g_base_stage.product_s1_reg multiplier stage g_int4.u_precision_core/u_core/u_prod/u_core/u_core/u_plus_step/g_unified_lane.u_lane_group/g_lane[9].g_lane_n.u_lane/g_j_dsp.g_generic.u_j_mul/g_base_stage.product_s1_reg/P[47:0] is not pipelined (MREG=0). Pipelining the multiplier function will improve performance and will save significant power so it is suggested whenever possible to fully pipeline this function.  If this multiplier was inferred, it is suggested to describe an additional register stage after this function.  If there is no registered adder/accumulator following the multiply function, two pipeline stages are suggested to allow both the MREG and PREG registers to be used.  If the DSP48 was instantiated in the design, it is suggested to set both the MREG and PREG attributes to 1 when performing multiply functions.
Related violations: <none>

DPOP-4#318 Warning
MREG Output pipelining  
DSP g_int4.u_precision_core/u_core/u_prod/u_core/u_core/u_plus_step/g_unified_lane.u_lane_group/g_lane[9].g_lane_n.u_lane/g_tight_mul.u_mul1/u_mul/g_base_stage.product0 multiplier stage g_int4.u_precision_core/u_core/u_prod/u_core/u_core/u_plus_step/g_unified_lane.u_lane_group/g_lane[9].g_lane_n.u_lane/g_tight_mul.u_mul1/u_mul/g_base_stage.product0/P[47:0] is not pipelined (MREG=0). Pipelining the multiplier function will improve performance and will save significant power so it is suggested whenever possible to fully pipeline this function.  If this multiplier was inferred, it is suggested to describe an additional register stage after this function.  If there is no registered adder/accumulator following the multiply function, two pipeline stages are suggested to allow both the MREG and PREG registers to be used.  If the DSP48 was instantiated in the design, it is suggested to set both the MREG and PREG attributes to 1 when performing multiply functions.
Related violations: <none>

DPOP-4#319 Warning
MREG Output pipelining  
DSP g_int4.u_precision_core/u_core/u_prod/u_core/u_core/u_plus_step/g_unified_lane.u_lane_group/g_lane[9].g_lane_n.u_lane/g_tight_mul.u_mul1/u_mul/g_base_stage.product_s1_reg multiplier stage g_int4.u_precision_core/u_core/u_prod/u_core/u_core/u_plus_step/g_unified_lane.u_lane_group/g_lane[9].g_lane_n.u_lane/g_tight_mul.u_mul1/u_mul/g_base_stage.product_s1_reg/P[47:0] is not pipelined (MREG=0). Pipelining the multiplier function will improve performance and will save significant power so it is suggested whenever possible to fully pipeline this function.  If this multiplier was inferred, it is suggested to describe an additional register stage after this function.  If there is no registered adder/accumulator following the multiply function, two pipeline stages are suggested to allow both the MREG and PREG registers to be used.  If the DSP48 was instantiated in the design, it is suggested to set both the MREG and PREG attributes to 1 when performing multiply functions.
Related violations: <none>

DPOP-4#320 Warning
MREG Output pipelining  
DSP g_int4.u_precision_core/u_core/u_prod/u_core/u_core/u_plus_step/g_unified_lane.u_lane_group/g_lane[9].g_lane_n.u_lane/g_tight_mul.u_mul2/u_mul/g_base_stage.product0 multiplier stage g_int4.u_precision_core/u_core/u_prod/u_core/u_core/u_plus_step/g_unified_lane.u_lane_group/g_lane[9].g_lane_n.u_lane/g_tight_mul.u_mul2/u_mul/g_base_stage.product0/P[47:0] is not pipelined (MREG=0). Pipelining the multiplier function will improve performance and will save significant power so it is suggested whenever possible to fully pipeline this function.  If this multiplier was inferred, it is suggested to describe an additional register stage after this function.  If there is no registered adder/accumulator following the multiply function, two pipeline stages are suggested to allow both the MREG and PREG registers to be used.  If the DSP48 was instantiated in the design, it is suggested to set both the MREG and PREG attributes to 1 when performing multiply functions.
Related violations: <none>

DPOP-4#321 Warning
MREG Output pipelining  
DSP g_int4.u_precision_core/u_core/u_prod/u_core/u_core/u_plus_step/g_unified_lane.u_lane_group/g_lane[9].g_lane_n.u_lane/g_tight_mul.u_mul2/u_mul/g_base_stage.product_s1_reg multiplier stage g_int4.u_precision_core/u_core/u_prod/u_core/u_core/u_plus_step/g_unified_lane.u_lane_group/g_lane[9].g_lane_n.u_lane/g_tight_mul.u_mul2/u_mul/g_base_stage.product_s1_reg/P[47:0] is not pipelined (MREG=0). Pipelining the multiplier function will improve performance and will save significant power so it is suggested whenever possible to fully pipeline this function.  If this multiplier was inferred, it is suggested to describe an additional register stage after this function.  If there is no registered adder/accumulator following the multiply function, two pipeline stages are suggested to allow both the MREG and PREG registers to be used.  If the DSP48 was instantiated in the design, it is suggested to set both the MREG and PREG attributes to 1 when performing multiply functions.
Related violations: <none>

DPOP-4#322 Warning
MREG Output pipelining  
DSP g_int4.u_precision_core/u_core/u_prod/u_core/u_core/u_plus_step/g_unified_lane.u_lane_group/g_lane[9].g_lane_n.u_lane/g_tight_mul.u_mul3/u_mul/g_base_stage.product0 multiplier stage g_int4.u_precision_core/u_core/u_prod/u_core/u_core/u_plus_step/g_unified_lane.u_lane_group/g_lane[9].g_lane_n.u_lane/g_tight_mul.u_mul3/u_mul/g_base_stage.product0/P[47:0] is not pipelined (MREG=0). Pipelining the multiplier function will improve performance and will save significant power so it is suggested whenever possible to fully pipeline this function.  If this multiplier was inferred, it is suggested to describe an additional register stage after this function.  If there is no registered adder/accumulator following the multiply function, two pipeline stages are suggested to allow both the MREG and PREG registers to be used.  If the DSP48 was instantiated in the design, it is suggested to set both the MREG and PREG attributes to 1 when performing multiply functions.
Related violations: <none>

DPOP-4#323 Warning
MREG Output pipelining  
DSP g_int4.u_precision_core/u_core/u_prod/u_core/u_core/u_plus_step/g_unified_lane.u_lane_group/g_lane[9].g_lane_n.u_lane/g_tight_mul.u_mul3/u_mul/g_base_stage.product_s1_reg multiplier stage g_int4.u_precision_core/u_core/u_prod/u_core/u_core/u_plus_step/g_unified_lane.u_lane_group/g_lane[9].g_lane_n.u_lane/g_tight_mul.u_mul3/u_mul/g_base_stage.product_s1_reg/P[47:0] is not pipelined (MREG=0). Pipelining the multiplier function will improve performance and will save significant power so it is suggested whenever possible to fully pipeline this function.  If this multiplier was inferred, it is suggested to describe an additional register stage after this function.  If there is no registered adder/accumulator following the multiply function, two pipeline stages are suggested to allow both the MREG and PREG registers to be used.  If the DSP48 was instantiated in the design, it is suggested to set both the MREG and PREG attributes to 1 when performing multiply functions.
Related violations: <none>

PDRC-132#1 Warning
SLICE_PairEqSame_A6A5_WARN  
Luts A6LUT and A5LUT in use in site SLICE_X0Y204 with different equations without A6 pin connected to Global Logic High.
Related violations: <none>

PDRC-132#2 Warning
SLICE_PairEqSame_A6A5_WARN  
Luts A6LUT and A5LUT in use in site SLICE_X12Y193 with different equations without A6 pin connected to Global Logic High.
Related violations: <none>

PDRC-132#3 Warning
SLICE_PairEqSame_A6A5_WARN  
Luts A6LUT and A5LUT in use in site SLICE_X12Y242 with different equations without A6 pin connected to Global Logic High.
Related violations: <none>

PDRC-132#4 Warning
SLICE_PairEqSame_A6A5_WARN  
Luts A6LUT and A5LUT in use in site SLICE_X12Y266 with different equations without A6 pin connected to Global Logic High.
Related violations: <none>

PDRC-132#5 Warning
SLICE_PairEqSame_A6A5_WARN  
Luts A6LUT and A5LUT in use in site SLICE_X12Y297 with different equations without A6 pin connected to Global Logic High.
Related violations: <none>

PDRC-132#6 Warning
SLICE_PairEqSame_A6A5_WARN  
Luts A6LUT and A5LUT in use in site SLICE_X15Y228 with different equations without A6 pin connected to Global Logic High.
Related violations: <none>

PDRC-132#7 Warning
SLICE_PairEqSame_A6A5_WARN  
Luts A6LUT and A5LUT in use in site SLICE_X15Y238 with different equations without A6 pin connected to Global Logic High.
Related violations: <none>

PDRC-132#8 Warning
SLICE_PairEqSame_A6A5_WARN  
Luts A6LUT and A5LUT in use in site SLICE_X15Y268 with different equations without A6 pin connected to Global Logic High.
Related violations: <none>

PDRC-132#9 Warning
SLICE_PairEqSame_A6A5_WARN  
Luts A6LUT and A5LUT in use in site SLICE_X15Y269 with different equations without A6 pin connected to Global Logic High.
Related violations: <none>

PDRC-132#10 Warning
SLICE_PairEqSame_A6A5_WARN  
Luts A6LUT and A5LUT in use in site SLICE_X15Y272 with different equations without A6 pin connected to Global Logic High.
Related violations: <none>

PDRC-132#11 Warning
SLICE_PairEqSame_A6A5_WARN  
Luts A6LUT and A5LUT in use in site SLICE_X15Y273 with different equations without A6 pin connected to Global Logic High.
Related violations: <none>

PDRC-132#12 Warning
SLICE_PairEqSame_A6A5_WARN  
Luts A6LUT and A5LUT in use in site SLICE_X15Y277 with different equations without A6 pin connected to Global Logic High.
Related violations: <none>

PDRC-132#13 Warning
SLICE_PairEqSame_A6A5_WARN  
Luts A6LUT and A5LUT in use in site SLICE_X15Y289 with different equations without A6 pin connected to Global Logic High.
Related violations: <none>

PDRC-132#14 Warning
SLICE_PairEqSame_A6A5_WARN  
Luts A6LUT and A5LUT in use in site SLICE_X17Y207 with different equations without A6 pin connected to Global Logic High.
Related violations: <none>

PDRC-132#15 Warning
SLICE_PairEqSame_A6A5_WARN  
Luts A6LUT and A5LUT in use in site SLICE_X17Y256 with different equations without A6 pin connected to Global Logic High.
Related violations: <none>

PDRC-132#16 Warning
SLICE_PairEqSame_A6A5_WARN  
Luts A6LUT and A5LUT in use in site SLICE_X17Y257 with different equations without A6 pin connected to Global Logic High.
Related violations: <none>

PDRC-132#17 Warning
SLICE_PairEqSame_A6A5_WARN  
Luts A6LUT and A5LUT in use in site SLICE_X17Y275 with different equations without A6 pin connected to Global Logic High.
Related violations: <none>

PDRC-132#18 Warning
SLICE_PairEqSame_A6A5_WARN  
Luts A6LUT and A5LUT in use in site SLICE_X17Y283 with different equations without A6 pin connected to Global Logic High.
Related violations: <none>

PDRC-132#19 Warning
SLICE_PairEqSame_A6A5_WARN  
Luts A6LUT and A5LUT in use in site SLICE_X18Y190 with different equations without A6 pin connected to Global Logic High.
Related violations: <none>

PDRC-132#20 Warning
SLICE_PairEqSame_A6A5_WARN  
Luts A6LUT and A5LUT in use in site SLICE_X18Y217 with different equations without A6 pin connected to Global Logic High.
Related violations: <none>

PDRC-132#21 Warning
SLICE_PairEqSame_A6A5_WARN  
Luts A6LUT and A5LUT in use in site SLICE_X21Y201 with different equations without A6 pin connected to Global Logic High.
Related violations: <none>

PDRC-132#22 Warning
SLICE_PairEqSame_A6A5_WARN  
Luts A6LUT and A5LUT in use in site SLICE_X21Y220 with different equations without A6 pin connected to Global Logic High.
Related violations: <none>

PDRC-132#23 Warning
SLICE_PairEqSame_A6A5_WARN  
Luts A6LUT and A5LUT in use in site SLICE_X21Y254 with different equations without A6 pin connected to Global Logic High.
Related violations: <none>

PDRC-132#24 Warning
SLICE_PairEqSame_A6A5_WARN  
Luts A6LUT and A5LUT in use in site SLICE_X21Y267 with different equations without A6 pin connected to Global Logic High.
Related violations: <none>

PDRC-132#25 Warning
SLICE_PairEqSame_A6A5_WARN  
Luts A6LUT and A5LUT in use in site SLICE_X21Y296 with different equations without A6 pin connected to Global Logic High.
Related violations: <none>

PDRC-132#26 Warning
SLICE_PairEqSame_A6A5_WARN  
Luts A6LUT and A5LUT in use in site SLICE_X23Y204 with different equations without A6 pin connected to Global Logic High.
Related violations: <none>

PDRC-132#27 Warning
SLICE_PairEqSame_A6A5_WARN  
Luts A6LUT and A5LUT in use in site SLICE_X23Y210 with different equations without A6 pin connected to Global Logic High.
Related violations: <none>

PDRC-132#28 Warning
SLICE_PairEqSame_A6A5_WARN  
Luts A6LUT and A5LUT in use in site SLICE_X23Y227 with different equations without A6 pin connected to Global Logic High.
Related violations: <none>

PDRC-132#29 Warning
SLICE_PairEqSame_A6A5_WARN  
Luts A6LUT and A5LUT in use in site SLICE_X23Y272 with different equations without A6 pin connected to Global Logic High.
Related violations: <none>

PDRC-132#30 Warning
SLICE_PairEqSame_A6A5_WARN  
Luts A6LUT and A5LUT in use in site SLICE_X23Y286 with different equations without A6 pin connected to Global Logic High.
Related violations: <none>

PDRC-132#31 Warning
SLICE_PairEqSame_A6A5_WARN  
Luts A6LUT and A5LUT in use in site SLICE_X24Y180 with different equations without A6 pin connected to Global Logic High.
Related violations: <none>

PDRC-132#32 Warning
SLICE_PairEqSame_A6A5_WARN  
Luts A6LUT and A5LUT in use in site SLICE_X24Y199 with different equations without A6 pin connected to Global Logic High.
Related violations: <none>

PDRC-132#33 Warning
SLICE_PairEqSame_A6A5_WARN  
Luts A6LUT and A5LUT in use in site SLICE_X24Y228 with different equations without A6 pin connected to Global Logic High.
Related violations: <none>

PDRC-132#34 Warning
SLICE_PairEqSame_A6A5_WARN  
Luts A6LUT and A5LUT in use in site SLICE_X24Y254 with different equations without A6 pin connected to Global Logic High.
Related violations: <none>

PDRC-132#35 Warning
SLICE_PairEqSame_A6A5_WARN  
Luts A6LUT and A5LUT in use in site SLICE_X24Y293 with different equations without A6 pin connected to Global Logic High.
Related violations: <none>

PDRC-132#36 Warning
SLICE_PairEqSame_A6A5_WARN  
Luts A6LUT and A5LUT in use in site SLICE_X27Y241 with different equations without A6 pin connected to Global Logic High.
Related violations: <none>

PDRC-132#37 Warning
SLICE_PairEqSame_A6A5_WARN  
Luts A6LUT and A5LUT in use in site SLICE_X27Y252 with different equations without A6 pin connected to Global Logic High.
Related violations: <none>

PDRC-132#38 Warning
SLICE_PairEqSame_A6A5_WARN  
Luts A6LUT and A5LUT in use in site SLICE_X27Y286 with different equations without A6 pin connected to Global Logic High.
Related violations: <none>

PDRC-132#39 Warning
SLICE_PairEqSame_A6A5_WARN  
Luts A6LUT and A5LUT in use in site SLICE_X27Y298 with different equations without A6 pin connected to Global Logic High.
Related violations: <none>

PDRC-132#40 Warning
SLICE_PairEqSame_A6A5_WARN  
Luts A6LUT and A5LUT in use in site SLICE_X2Y200 with different equations without A6 pin connected to Global Logic High.
Related violations: <none>

PDRC-132#41 Warning
SLICE_PairEqSame_A6A5_WARN  
Luts A6LUT and A5LUT in use in site SLICE_X2Y216 with different equations without A6 pin connected to Global Logic High.
Related violations: <none>

PDRC-132#42 Warning
SLICE_PairEqSame_A6A5_WARN  
Luts A6LUT and A5LUT in use in site SLICE_X2Y224 with different equations without A6 pin connected to Global Logic High.
Related violations: <none>

PDRC-132#43 Warning
SLICE_PairEqSame_A6A5_WARN  
Luts A6LUT and A5LUT in use in site SLICE_X2Y230 with different equations without A6 pin connected to Global Logic High.
Related violations: <none>

PDRC-132#44 Warning
SLICE_PairEqSame_A6A5_WARN  
Luts A6LUT and A5LUT in use in site SLICE_X30Y198 with different equations without A6 pin connected to Global Logic High.
Related violations: <none>

PDRC-132#45 Warning
SLICE_PairEqSame_A6A5_WARN  
Luts A6LUT and A5LUT in use in site SLICE_X30Y205 with different equations without A6 pin connected to Global Logic High.
Related violations: <none>

PDRC-132#46 Warning
SLICE_PairEqSame_A6A5_WARN  
Luts A6LUT and A5LUT in use in site SLICE_X30Y206 with different equations without A6 pin connected to Global Logic High.
Related violations: <none>

PDRC-132#47 Warning
SLICE_PairEqSame_A6A5_WARN  
Luts A6LUT and A5LUT in use in site SLICE_X30Y208 with different equations without A6 pin connected to Global Logic High.
Related violations: <none>

PDRC-132#48 Warning
SLICE_PairEqSame_A6A5_WARN  
Luts A6LUT and A5LUT in use in site SLICE_X30Y229 with different equations without A6 pin connected to Global Logic High.
Related violations: <none>

PDRC-132#49 Warning
SLICE_PairEqSame_A6A5_WARN  
Luts A6LUT and A5LUT in use in site SLICE_X30Y283 with different equations without A6 pin connected to Global Logic High.
Related violations: <none>

PDRC-132#50 Warning
SLICE_PairEqSame_A6A5_WARN  
Luts A6LUT and A5LUT in use in site SLICE_X32Y254 with different equations without A6 pin connected to Global Logic High.
Related violations: <none>

PDRC-132#51 Warning
SLICE_PairEqSame_A6A5_WARN  
Luts A6LUT and A5LUT in use in site SLICE_X32Y272 with different equations without A6 pin connected to Global Logic High.
Related violations: <none>

PDRC-132#52 Warning
SLICE_PairEqSame_A6A5_WARN  
Luts A6LUT and A5LUT in use in site SLICE_X32Y284 with different equations without A6 pin connected to Global Logic High.
Related violations: <none>

PDRC-132#53 Warning
SLICE_PairEqSame_A6A5_WARN  
Luts A6LUT and A5LUT in use in site SLICE_X32Y301 with different equations without A6 pin connected to Global Logic High.
Related violations: <none>

PDRC-132#54 Warning
SLICE_PairEqSame_A6A5_WARN  
Luts A6LUT and A5LUT in use in site SLICE_X36Y239 with different equations without A6 pin connected to Global Logic High.
Related violations: <none>

PDRC-132#55 Warning
SLICE_PairEqSame_A6A5_WARN  
Luts A6LUT and A5LUT in use in site SLICE_X36Y276 with different equations without A6 pin connected to Global Logic High.
Related violations: <none>

PDRC-132#56 Warning
SLICE_PairEqSame_A6A5_WARN  
Luts A6LUT and A5LUT in use in site SLICE_X38Y150 with different equations without A6 pin connected to Global Logic High.
Related violations: <none>

PDRC-132#57 Warning
SLICE_PairEqSame_A6A5_WARN  
Luts A6LUT and A5LUT in use in site SLICE_X38Y241 with different equations without A6 pin connected to Global Logic High.
Related violations: <none>

PDRC-132#58 Warning
SLICE_PairEqSame_A6A5_WARN  
Luts A6LUT and A5LUT in use in site SLICE_X38Y255 with different equations without A6 pin connected to Global Logic High.
Related violations: <none>

PDRC-132#59 Warning
SLICE_PairEqSame_A6A5_WARN  
Luts A6LUT and A5LUT in use in site SLICE_X39Y133 with different equations without A6 pin connected to Global Logic High.
Related violations: <none>

PDRC-132#60 Warning
SLICE_PairEqSame_A6A5_WARN  
Luts A6LUT and A5LUT in use in site SLICE_X39Y155 with different equations without A6 pin connected to Global Logic High.
Related violations: <none>

PDRC-132#61 Warning
SLICE_PairEqSame_A6A5_WARN  
Luts A6LUT and A5LUT in use in site SLICE_X39Y159 with different equations without A6 pin connected to Global Logic High.
Related violations: <none>

PDRC-132#62 Warning
SLICE_PairEqSame_A6A5_WARN  
Luts A6LUT and A5LUT in use in site SLICE_X39Y167 with different equations without A6 pin connected to Global Logic High.
Related violations: <none>

PDRC-132#63 Warning
SLICE_PairEqSame_A6A5_WARN  
Luts A6LUT and A5LUT in use in site SLICE_X39Y287 with different equations without A6 pin connected to Global Logic High.
Related violations: <none>

PDRC-132#64 Warning
SLICE_PairEqSame_A6A5_WARN  
Luts A6LUT and A5LUT in use in site SLICE_X39Y98 with different equations without A6 pin connected to Global Logic High.
Related violations: <none>

PDRC-132#65 Warning
SLICE_PairEqSame_A6A5_WARN  
Luts A6LUT and A5LUT in use in site SLICE_X3Y257 with different equations without A6 pin connected to Global Logic High.
Related violations: <none>

PDRC-132#66 Warning
SLICE_PairEqSame_A6A5_WARN  
Luts A6LUT and A5LUT in use in site SLICE_X42Y131 with different equations without A6 pin connected to Global Logic High.
Related violations: <none>

PDRC-132#67 Warning
SLICE_PairEqSame_A6A5_WARN  
Luts A6LUT and A5LUT in use in site SLICE_X42Y161 with different equations without A6 pin connected to Global Logic High.
Related violations: <none>

PDRC-132#68 Warning
SLICE_PairEqSame_A6A5_WARN  
Luts A6LUT and A5LUT in use in site SLICE_X42Y167 with different equations without A6 pin connected to Global Logic High.
Related violations: <none>

PDRC-132#69 Warning
SLICE_PairEqSame_A6A5_WARN  
Luts A6LUT and A5LUT in use in site SLICE_X42Y189 with different equations without A6 pin connected to Global Logic High.
Related violations: <none>

PDRC-132#70 Warning
SLICE_PairEqSame_A6A5_WARN  
Luts A6LUT and A5LUT in use in site SLICE_X42Y191 with different equations without A6 pin connected to Global Logic High.
Related violations: <none>

PDRC-132#71 Warning
SLICE_PairEqSame_A6A5_WARN  
Luts A6LUT and A5LUT in use in site SLICE_X42Y193 with different equations without A6 pin connected to Global Logic High.
Related violations: <none>

PDRC-132#72 Warning
SLICE_PairEqSame_A6A5_WARN  
Luts A6LUT and A5LUT in use in site SLICE_X42Y225 with different equations without A6 pin connected to Global Logic High.
Related violations: <none>

PDRC-132#73 Warning
SLICE_PairEqSame_A6A5_WARN  
Luts A6LUT and A5LUT in use in site SLICE_X42Y266 with different equations without A6 pin connected to Global Logic High.
Related violations: <none>

PDRC-132#74 Warning
SLICE_PairEqSame_A6A5_WARN  
Luts A6LUT and A5LUT in use in site SLICE_X45Y157 with different equations without A6 pin connected to Global Logic High.
Related violations: <none>

PDRC-132#75 Warning
SLICE_PairEqSame_A6A5_WARN  
Luts A6LUT and A5LUT in use in site SLICE_X45Y277 with different equations without A6 pin connected to Global Logic High.
Related violations: <none>

PDRC-132#76 Warning
SLICE_PairEqSame_A6A5_WARN  
Luts A6LUT and A5LUT in use in site SLICE_X45Y306 with different equations without A6 pin connected to Global Logic High.
Related violations: <none>

PDRC-132#77 Warning
SLICE_PairEqSame_A6A5_WARN  
Luts A6LUT and A5LUT in use in site SLICE_X48Y247 with different equations without A6 pin connected to Global Logic High.
Related violations: <none>

PDRC-132#78 Warning
SLICE_PairEqSame_A6A5_WARN  
Luts A6LUT and A5LUT in use in site SLICE_X48Y303 with different equations without A6 pin connected to Global Logic High.
Related violations: <none>

PDRC-132#79 Warning
SLICE_PairEqSame_A6A5_WARN  
Luts A6LUT and A5LUT in use in site SLICE_X51Y147 with different equations without A6 pin connected to Global Logic High.
Related violations: <none>

PDRC-132#80 Warning
SLICE_PairEqSame_A6A5_WARN  
Luts A6LUT and A5LUT in use in site SLICE_X51Y158 with different equations without A6 pin connected to Global Logic High.
Related violations: <none>

PDRC-132#81 Warning
SLICE_PairEqSame_A6A5_WARN  
Luts A6LUT and A5LUT in use in site SLICE_X51Y235 with different equations without A6 pin connected to Global Logic High.
Related violations: <none>

PDRC-132#82 Warning
SLICE_PairEqSame_A6A5_WARN  
Luts A6LUT and A5LUT in use in site SLICE_X54Y122 with different equations without A6 pin connected to Global Logic High.
Related violations: <none>

PDRC-132#83 Warning
SLICE_PairEqSame_A6A5_WARN  
Luts A6LUT and A5LUT in use in site SLICE_X54Y159 with different equations without A6 pin connected to Global Logic High.
Related violations: <none>

PDRC-132#84 Warning
SLICE_PairEqSame_A6A5_WARN  
Luts A6LUT and A5LUT in use in site SLICE_X54Y199 with different equations without A6 pin connected to Global Logic High.
Related violations: <none>

PDRC-132#85 Warning
SLICE_PairEqSame_A6A5_WARN  
Luts A6LUT and A5LUT in use in site SLICE_X54Y221 with different equations without A6 pin connected to Global Logic High.
Related violations: <none>

PDRC-132#86 Warning
SLICE_PairEqSame_A6A5_WARN  
Luts A6LUT and A5LUT in use in site SLICE_X54Y313 with different equations without A6 pin connected to Global Logic High.
Related violations: <none>

PDRC-132#87 Warning
SLICE_PairEqSame_A6A5_WARN  
Luts A6LUT and A5LUT in use in site SLICE_X57Y140 with different equations without A6 pin connected to Global Logic High.
Related violations: <none>

PDRC-132#88 Warning
SLICE_PairEqSame_A6A5_WARN  
Luts A6LUT and A5LUT in use in site SLICE_X57Y169 with different equations without A6 pin connected to Global Logic High.
Related violations: <none>

PDRC-132#89 Warning
SLICE_PairEqSame_A6A5_WARN  
Luts A6LUT and A5LUT in use in site SLICE_X57Y194 with different equations without A6 pin connected to Global Logic High.
Related violations: <none>

PDRC-132#90 Warning
SLICE_PairEqSame_A6A5_WARN  
Luts A6LUT and A5LUT in use in site SLICE_X57Y280 with different equations without A6 pin connected to Global Logic High.
Related violations: <none>

PDRC-132#91 Warning
SLICE_PairEqSame_A6A5_WARN  
Luts A6LUT and A5LUT in use in site SLICE_X59Y122 with different equations without A6 pin connected to Global Logic High.
Related violations: <none>

PDRC-132#92 Warning
SLICE_PairEqSame_A6A5_WARN  
Luts A6LUT and A5LUT in use in site SLICE_X59Y149 with different equations without A6 pin connected to Global Logic High.
Related violations: <none>

PDRC-132#93 Warning
SLICE_PairEqSame_A6A5_WARN  
Luts A6LUT and A5LUT in use in site SLICE_X59Y170 with different equations without A6 pin connected to Global Logic High.
Related violations: <none>

PDRC-132#94 Warning
SLICE_PairEqSame_A6A5_WARN  
Luts A6LUT and A5LUT in use in site SLICE_X59Y258 with different equations without A6 pin connected to Global Logic High.
Related violations: <none>

PDRC-132#95 Warning
SLICE_PairEqSame_A6A5_WARN  
Luts A6LUT and A5LUT in use in site SLICE_X59Y275 with different equations without A6 pin connected to Global Logic High.
Related violations: <none>

PDRC-132#96 Warning
SLICE_PairEqSame_A6A5_WARN  
Luts A6LUT and A5LUT in use in site SLICE_X59Y286 with different equations without A6 pin connected to Global Logic High.
Related violations: <none>

PDRC-132#97 Warning
SLICE_PairEqSame_A6A5_WARN  
Luts A6LUT and A5LUT in use in site SLICE_X59Y322 with different equations without A6 pin connected to Global Logic High.
Related violations: <none>

PDRC-132#98 Warning
SLICE_PairEqSame_A6A5_WARN  
Luts A6LUT and A5LUT in use in site SLICE_X60Y238 with different equations without A6 pin connected to Global Logic High.
Related violations: <none>

PDRC-132#99 Warning
SLICE_PairEqSame_A6A5_WARN  
Luts A6LUT and A5LUT in use in site SLICE_X60Y285 with different equations without A6 pin connected to Global Logic High.
Related violations: <none>

PDRC-132#100 Warning
SLICE_PairEqSame_A6A5_WARN  
Luts A6LUT and A5LUT in use in site SLICE_X60Y318 with different equations without A6 pin connected to Global Logic High.
Related violations: <none>

PDRC-132#101 Warning
SLICE_PairEqSame_A6A5_WARN  
Luts A6LUT and A5LUT in use in site SLICE_X63Y170 with different equations without A6 pin connected to Global Logic High.
Related violations: <none>

PDRC-132#102 Warning
SLICE_PairEqSame_A6A5_WARN  
Luts A6LUT and A5LUT in use in site SLICE_X63Y176 with different equations without A6 pin connected to Global Logic High.
Related violations: <none>

PDRC-132#103 Warning
SLICE_PairEqSame_A6A5_WARN  
Luts A6LUT and A5LUT in use in site SLICE_X63Y178 with different equations without A6 pin connected to Global Logic High.
Related violations: <none>

PDRC-132#104 Warning
SLICE_PairEqSame_A6A5_WARN  
Luts A6LUT and A5LUT in use in site SLICE_X63Y193 with different equations without A6 pin connected to Global Logic High.
Related violations: <none>

PDRC-132#105 Warning
SLICE_PairEqSame_A6A5_WARN  
Luts A6LUT and A5LUT in use in site SLICE_X63Y258 with different equations without A6 pin connected to Global Logic High.
Related violations: <none>

PDRC-132#106 Warning
SLICE_PairEqSame_A6A5_WARN  
Luts A6LUT and A5LUT in use in site SLICE_X63Y264 with different equations without A6 pin connected to Global Logic High.
Related violations: <none>

PDRC-132#107 Warning
SLICE_PairEqSame_A6A5_WARN  
Luts A6LUT and A5LUT in use in site SLICE_X63Y300 with different equations without A6 pin connected to Global Logic High.
Related violations: <none>

PDRC-132#108 Warning
SLICE_PairEqSame_A6A5_WARN  
Luts A6LUT and A5LUT in use in site SLICE_X63Y312 with different equations without A6 pin connected to Global Logic High.
Related violations: <none>

PDRC-132#109 Warning
SLICE_PairEqSame_A6A5_WARN  
Luts A6LUT and A5LUT in use in site SLICE_X65Y116 with different equations without A6 pin connected to Global Logic High.
Related violations: <none>

PDRC-132#110 Warning
SLICE_PairEqSame_A6A5_WARN  
Luts A6LUT and A5LUT in use in site SLICE_X65Y127 with different equations without A6 pin connected to Global Logic High.
Related violations: <none>

PDRC-132#111 Warning
SLICE_PairEqSame_A6A5_WARN  
Luts A6LUT and A5LUT in use in site SLICE_X65Y172 with different equations without A6 pin connected to Global Logic High.
Related violations: <none>

PDRC-132#112 Warning
SLICE_PairEqSame_A6A5_WARN  
Luts A6LUT and A5LUT in use in site SLICE_X65Y205 with different equations without A6 pin connected to Global Logic High.
Related violations: <none>

PDRC-132#113 Warning
SLICE_PairEqSame_A6A5_WARN  
Luts A6LUT and A5LUT in use in site SLICE_X65Y225 with different equations without A6 pin connected to Global Logic High.
Related violations: <none>

PDRC-132#114 Warning
SLICE_PairEqSame_A6A5_WARN  
Luts A6LUT and A5LUT in use in site SLICE_X65Y257 with different equations without A6 pin connected to Global Logic High.
Related violations: <none>

PDRC-132#115 Warning
SLICE_PairEqSame_A6A5_WARN  
Luts A6LUT and A5LUT in use in site SLICE_X66Y123 with different equations without A6 pin connected to Global Logic High.
Related violations: <none>

PDRC-132#116 Warning
SLICE_PairEqSame_A6A5_WARN  
Luts A6LUT and A5LUT in use in site SLICE_X66Y224 with different equations without A6 pin connected to Global Logic High.
Related violations: <none>

PDRC-132#117 Warning
SLICE_PairEqSame_A6A5_WARN  
Luts A6LUT and A5LUT in use in site SLICE_X66Y249 with different equations without A6 pin connected to Global Logic High.
Related violations: <none>

PDRC-132#118 Warning
SLICE_PairEqSame_A6A5_WARN  
Luts A6LUT and A5LUT in use in site SLICE_X66Y267 with different equations without A6 pin connected to Global Logic High.
Related violations: <none>

PDRC-132#119 Warning
SLICE_PairEqSame_A6A5_WARN  
Luts A6LUT and A5LUT in use in site SLICE_X66Y275 with different equations without A6 pin connected to Global Logic High.
Related violations: <none>

PDRC-132#120 Warning
SLICE_PairEqSame_A6A5_WARN  
Luts A6LUT and A5LUT in use in site SLICE_X66Y297 with different equations without A6 pin connected to Global Logic High.
Related violations: <none>

PDRC-132#121 Warning
SLICE_PairEqSame_A6A5_WARN  
Luts A6LUT and A5LUT in use in site SLICE_X69Y139 with different equations without A6 pin connected to Global Logic High.
Related violations: <none>

PDRC-132#122 Warning
SLICE_PairEqSame_A6A5_WARN  
Luts A6LUT and A5LUT in use in site SLICE_X69Y168 with different equations without A6 pin connected to Global Logic High.
Related violations: <none>

PDRC-132#123 Warning
SLICE_PairEqSame_A6A5_WARN  
Luts A6LUT and A5LUT in use in site SLICE_X69Y190 with different equations without A6 pin connected to Global Logic High.
Related violations: <none>

PDRC-132#124 Warning
SLICE_PairEqSame_A6A5_WARN  
Luts A6LUT and A5LUT in use in site SLICE_X69Y310 with different equations without A6 pin connected to Global Logic High.
Related violations: <none>

PDRC-132#125 Warning
SLICE_PairEqSame_A6A5_WARN  
Luts A6LUT and A5LUT in use in site SLICE_X69Y314 with different equations without A6 pin connected to Global Logic High.
Related violations: <none>

PDRC-132#126 Warning
SLICE_PairEqSame_A6A5_WARN  
Luts A6LUT and A5LUT in use in site SLICE_X6Y224 with different equations without A6 pin connected to Global Logic High.
Related violations: <none>

PDRC-132#127 Warning
SLICE_PairEqSame_A6A5_WARN  
Luts A6LUT and A5LUT in use in site SLICE_X6Y232 with different equations without A6 pin connected to Global Logic High.
Related violations: <none>

PDRC-132#128 Warning
SLICE_PairEqSame_A6A5_WARN  
Luts A6LUT and A5LUT in use in site SLICE_X71Y172 with different equations without A6 pin connected to Global Logic High.
Related violations: <none>

PDRC-132#129 Warning
SLICE_PairEqSame_A6A5_WARN  
Luts A6LUT and A5LUT in use in site SLICE_X71Y191 with different equations without A6 pin connected to Global Logic High.
Related violations: <none>

PDRC-132#130 Warning
SLICE_PairEqSame_A6A5_WARN  
Luts A6LUT and A5LUT in use in site SLICE_X71Y200 with different equations without A6 pin connected to Global Logic High.
Related violations: <none>

PDRC-132#131 Warning
SLICE_PairEqSame_A6A5_WARN  
Luts A6LUT and A5LUT in use in site SLICE_X71Y242 with different equations without A6 pin connected to Global Logic High.
Related violations: <none>

PDRC-132#132 Warning
SLICE_PairEqSame_A6A5_WARN  
Luts A6LUT and A5LUT in use in site SLICE_X71Y254 with different equations without A6 pin connected to Global Logic High.
Related violations: <none>

PDRC-132#133 Warning
SLICE_PairEqSame_A6A5_WARN  
Luts A6LUT and A5LUT in use in site SLICE_X71Y260 with different equations without A6 pin connected to Global Logic High.
Related violations: <none>

PDRC-132#134 Warning
SLICE_PairEqSame_A6A5_WARN  
Luts A6LUT and A5LUT in use in site SLICE_X71Y268 with different equations without A6 pin connected to Global Logic High.
Related violations: <none>

PDRC-132#135 Warning
SLICE_PairEqSame_A6A5_WARN  
Luts A6LUT and A5LUT in use in site SLICE_X71Y276 with different equations without A6 pin connected to Global Logic High.
Related violations: <none>

PDRC-132#136 Warning
SLICE_PairEqSame_A6A5_WARN  
Luts A6LUT and A5LUT in use in site SLICE_X71Y294 with different equations without A6 pin connected to Global Logic High.
Related violations: <none>

PDRC-132#137 Warning
SLICE_PairEqSame_A6A5_WARN  
Luts A6LUT and A5LUT in use in site SLICE_X71Y308 with different equations without A6 pin connected to Global Logic High.
Related violations: <none>

PDRC-132#138 Warning
SLICE_PairEqSame_A6A5_WARN  
Luts A6LUT and A5LUT in use in site SLICE_X72Y144 with different equations without A6 pin connected to Global Logic High.
Related violations: <none>

PDRC-132#139 Warning
SLICE_PairEqSame_A6A5_WARN  
Luts A6LUT and A5LUT in use in site SLICE_X72Y157 with different equations without A6 pin connected to Global Logic High.
Related violations: <none>

PDRC-132#140 Warning
SLICE_PairEqSame_A6A5_WARN  
Luts A6LUT and A5LUT in use in site SLICE_X72Y165 with different equations without A6 pin connected to Global Logic High.
Related violations: <none>

PDRC-132#141 Warning
SLICE_PairEqSame_A6A5_WARN  
Luts A6LUT and A5LUT in use in site SLICE_X72Y170 with different equations without A6 pin connected to Global Logic High.
Related violations: <none>

PDRC-132#142 Warning
SLICE_PairEqSame_A6A5_WARN  
Luts A6LUT and A5LUT in use in site SLICE_X72Y205 with different equations without A6 pin connected to Global Logic High.
Related violations: <none>

PDRC-132#143 Warning
SLICE_PairEqSame_A6A5_WARN  
Luts A6LUT and A5LUT in use in site SLICE_X72Y219 with different equations without A6 pin connected to Global Logic High.
Related violations: <none>

PDRC-132#144 Warning
SLICE_PairEqSame_A6A5_WARN  
Luts A6LUT and A5LUT in use in site SLICE_X72Y222 with different equations without A6 pin connected to Global Logic High.
Related violations: <none>

PDRC-132#145 Warning
SLICE_PairEqSame_A6A5_WARN  
Luts A6LUT and A5LUT in use in site SLICE_X72Y277 with different equations without A6 pin connected to Global Logic High.
Related violations: <none>

PDRC-132#146 Warning
SLICE_PairEqSame_A6A5_WARN  
Luts A6LUT and A5LUT in use in site SLICE_X75Y174 with different equations without A6 pin connected to Global Logic High.
Related violations: <none>

PDRC-132#147 Warning
SLICE_PairEqSame_A6A5_WARN  
Luts A6LUT and A5LUT in use in site SLICE_X75Y193 with different equations without A6 pin connected to Global Logic High.
Related violations: <none>

PDRC-132#148 Warning
SLICE_PairEqSame_A6A5_WARN  
Luts A6LUT and A5LUT in use in site SLICE_X75Y232 with different equations without A6 pin connected to Global Logic High.
Related violations: <none>

PDRC-132#149 Warning
SLICE_PairEqSame_A6A5_WARN  
Luts A6LUT and A5LUT in use in site SLICE_X75Y242 with different equations without A6 pin connected to Global Logic High.
Related violations: <none>

PDRC-132#150 Warning
SLICE_PairEqSame_A6A5_WARN  
Luts A6LUT and A5LUT in use in site SLICE_X75Y256 with different equations without A6 pin connected to Global Logic High.
Related violations: <none>

PDRC-132#151 Warning
SLICE_PairEqSame_A6A5_WARN  
Luts A6LUT and A5LUT in use in site SLICE_X78Y175 with different equations without A6 pin connected to Global Logic High.
Related violations: <none>

PDRC-132#152 Warning
SLICE_PairEqSame_A6A5_WARN  
Luts A6LUT and A5LUT in use in site SLICE_X78Y232 with different equations without A6 pin connected to Global Logic High.
Related violations: <none>

PDRC-132#153 Warning
SLICE_PairEqSame_A6A5_WARN  
Luts A6LUT and A5LUT in use in site SLICE_X78Y239 with different equations without A6 pin connected to Global Logic High.
Related violations: <none>

PDRC-132#154 Warning
SLICE_PairEqSame_A6A5_WARN  
Luts A6LUT and A5LUT in use in site SLICE_X78Y240 with different equations without A6 pin connected to Global Logic High.
Related violations: <none>

PDRC-132#155 Warning
SLICE_PairEqSame_A6A5_WARN  
Luts A6LUT and A5LUT in use in site SLICE_X78Y248 with different equations without A6 pin connected to Global Logic High.
Related violations: <none>

PDRC-132#156 Warning
SLICE_PairEqSame_A6A5_WARN  
Luts A6LUT and A5LUT in use in site SLICE_X78Y269 with different equations without A6 pin connected to Global Logic High.
Related violations: <none>

PDRC-132#157 Warning
SLICE_PairEqSame_A6A5_WARN  
Luts A6LUT and A5LUT in use in site SLICE_X80Y136 with different equations without A6 pin connected to Global Logic High.
Related violations: <none>

PDRC-132#158 Warning
SLICE_PairEqSame_A6A5_WARN  
Luts A6LUT and A5LUT in use in site SLICE_X80Y302 with different equations without A6 pin connected to Global Logic High.
Related violations: <none>

PDRC-132#159 Warning
SLICE_PairEqSame_A6A5_WARN  
Luts A6LUT and A5LUT in use in site SLICE_X81Y294 with different equations without A6 pin connected to Global Logic High.
Related violations: <none>

PDRC-132#160 Warning
SLICE_PairEqSame_A6A5_WARN  
Luts A6LUT and A5LUT in use in site SLICE_X83Y188 with different equations without A6 pin connected to Global Logic High.
Related violations: <none>

PDRC-132#161 Warning
SLICE_PairEqSame_A6A5_WARN  
Luts A6LUT and A5LUT in use in site SLICE_X83Y295 with different equations without A6 pin connected to Global Logic High.
Related violations: <none>

PDRC-132#162 Warning
SLICE_PairEqSame_A6A5_WARN  
Luts A6LUT and A5LUT in use in site SLICE_X8Y247 with different equations without A6 pin connected to Global Logic High.
Related violations: <none>

PDRC-132#163 Warning
SLICE_PairEqSame_A6A5_WARN  
Luts A6LUT and A5LUT in use in site SLICE_X8Y288 with different equations without A6 pin connected to Global Logic High.
Related violations: <none>

PDRC-132#164 Warning
SLICE_PairEqSame_A6A5_WARN  
Luts A6LUT and A5LUT in use in site SLICE_X9Y196 with different equations without A6 pin connected to Global Logic High.
Related violations: <none>

PDRC-132#165 Warning
SLICE_PairEqSame_A6A5_WARN  
Luts A6LUT and A5LUT in use in site SLICE_X9Y226 with different equations without A6 pin connected to Global Logic High.
Related violations: <none>

PDRC-132#166 Warning
SLICE_PairEqSame_A6A5_WARN  
Luts A6LUT and A5LUT in use in site SLICE_X9Y247 with different equations without A6 pin connected to Global Logic High.
Related violations: <none>

PDRC-132#167 Warning
SLICE_PairEqSame_A6A5_WARN  
Luts A6LUT and A5LUT in use in site SLICE_X9Y248 with different equations without A6 pin connected to Global Logic High.
Related violations: <none>

PDRC-136#1 Warning
SLICE_PairEqSame_C6C5_WARN  
Luts C6LUT and C5LUT in use in site SLICE_X17Y283 with different equations without A6 pin connected to Global Logic High.
Related violations: <none>

PDRC-136#2 Warning
SLICE_PairEqSame_C6C5_WARN  
Luts C6LUT and C5LUT in use in site SLICE_X24Y199 with different equations without A6 pin connected to Global Logic High.
Related violations: <none>

PDRC-136#3 Warning
SLICE_PairEqSame_C6C5_WARN  
Luts C6LUT and C5LUT in use in site SLICE_X2Y224 with different equations without A6 pin connected to Global Logic High.
Related violations: <none>

PDRC-136#4 Warning
SLICE_PairEqSame_C6C5_WARN  
Luts C6LUT and C5LUT in use in site SLICE_X39Y287 with different equations without A6 pin connected to Global Logic High.
Related violations: <none>

PDRC-136#5 Warning
SLICE_PairEqSame_C6C5_WARN  
Luts C6LUT and C5LUT in use in site SLICE_X45Y157 with different equations without A6 pin connected to Global Logic High.
Related violations: <none>

PDRC-136#6 Warning
SLICE_PairEqSame_C6C5_WARN  
Luts C6LUT and C5LUT in use in site SLICE_X45Y306 with different equations without A6 pin connected to Global Logic High.
Related violations: <none>

PDRC-136#7 Warning
SLICE_PairEqSame_C6C5_WARN  
Luts C6LUT and C5LUT in use in site SLICE_X51Y158 with different equations without A6 pin connected to Global Logic High.
Related violations: <none>

PDRC-136#8 Warning
SLICE_PairEqSame_C6C5_WARN  
Luts C6LUT and C5LUT in use in site SLICE_X59Y258 with different equations without A6 pin connected to Global Logic High.
Related violations: <none>

PDRC-136#9 Warning
SLICE_PairEqSame_C6C5_WARN  
Luts C6LUT and C5LUT in use in site SLICE_X66Y297 with different equations without A6 pin connected to Global Logic High.
Related violations: <none>

PDRC-136#10 Warning
SLICE_PairEqSame_C6C5_WARN  
Luts C6LUT and C5LUT in use in site SLICE_X69Y168 with different equations without A6 pin connected to Global Logic High.
Related violations: <none>

PDRC-136#11 Warning
SLICE_PairEqSame_C6C5_WARN  
Luts C6LUT and C5LUT in use in site SLICE_X71Y191 with different equations without A6 pin connected to Global Logic High.
Related violations: <none>

PDRC-136#12 Warning
SLICE_PairEqSame_C6C5_WARN  
Luts C6LUT and C5LUT in use in site SLICE_X71Y254 with different equations without A6 pin connected to Global Logic High.
Related violations: <none>

PDRC-136#13 Warning
SLICE_PairEqSame_C6C5_WARN  
Luts C6LUT and C5LUT in use in site SLICE_X78Y240 with different equations without A6 pin connected to Global Logic High.
Related violations: <none>

PDRC-138#1 Warning
SLICE_PairEqSame_D6D5_WARN  
Luts D6LUT and D5LUT in use in site SLICE_X15Y204 with different equations without A6 pin connected to Global Logic High.
Related violations: <none>

PDRC-138#2 Warning
SLICE_PairEqSame_D6D5_WARN  
Luts D6LUT and D5LUT in use in site SLICE_X17Y195 with different equations without A6 pin connected to Global Logic High.
Related violations: <none>

PDRC-138#3 Warning
SLICE_PairEqSame_D6D5_WARN  
Luts D6LUT and D5LUT in use in site SLICE_X17Y222 with different equations without A6 pin connected to Global Logic High.
Related violations: <none>

PDRC-138#4 Warning
SLICE_PairEqSame_D6D5_WARN  
Luts D6LUT and D5LUT in use in site SLICE_X18Y273 with different equations without A6 pin connected to Global Logic High.
Related violations: <none>

PDRC-138#5 Warning
SLICE_PairEqSame_D6D5_WARN  
Luts D6LUT and D5LUT in use in site SLICE_X27Y222 with different equations without A6 pin connected to Global Logic High.
Related violations: <none>

PDRC-138#6 Warning
SLICE_PairEqSame_D6D5_WARN  
Luts D6LUT and D5LUT in use in site SLICE_X30Y218 with different equations without A6 pin connected to Global Logic High.
Related violations: <none>

PDRC-138#7 Warning
SLICE_PairEqSame_D6D5_WARN  
Luts D6LUT and D5LUT in use in site SLICE_X32Y296 with different equations without A6 pin connected to Global Logic High.
Related violations: <none>

PDRC-138#8 Warning
SLICE_PairEqSame_D6D5_WARN  
Luts D6LUT and D5LUT in use in site SLICE_X38Y301 with different equations without A6 pin connected to Global Logic High.
Related violations: <none>

PDRC-138#9 Warning
SLICE_PairEqSame_D6D5_WARN  
Luts D6LUT and D5LUT in use in site SLICE_X48Y149 with different equations without A6 pin connected to Global Logic High.
Related violations: <none>

PDRC-138#10 Warning
SLICE_PairEqSame_D6D5_WARN  
Luts D6LUT and D5LUT in use in site SLICE_X59Y139 with different equations without A6 pin connected to Global Logic High.
Related violations: <none>

PDRC-138#11 Warning
SLICE_PairEqSame_D6D5_WARN  
Luts D6LUT and D5LUT in use in site SLICE_X59Y156 with different equations without A6 pin connected to Global Logic High.
Related violations: <none>

PDRC-138#12 Warning
SLICE_PairEqSame_D6D5_WARN  
Luts D6LUT and D5LUT in use in site SLICE_X69Y179 with different equations without A6 pin connected to Global Logic High.
Related violations: <none>

PDRC-138#13 Warning
SLICE_PairEqSame_D6D5_WARN  
Luts D6LUT and D5LUT in use in site SLICE_X80Y187 with different equations without A6 pin connected to Global Logic High.
Related violations: <none>

PDRC-138#14 Warning
SLICE_PairEqSame_D6D5_WARN  
Luts D6LUT and D5LUT in use in site SLICE_X80Y243 with different equations without A6 pin connected to Global Logic High.
Related violations: <none>

PDRC-138#15 Warning
SLICE_PairEqSame_D6D5_WARN  
Luts D6LUT and D5LUT in use in site SLICE_X81Y184 with different equations without A6 pin connected to Global Logic High.
Related violations: <none>

PDRC-138#16 Warning
SLICE_PairEqSame_D6D5_WARN  
Luts D6LUT and D5LUT in use in site SLICE_X81Y201 with different equations without A6 pin connected to Global Logic High.
Related violations: <none>

PDRC-138#17 Warning
SLICE_PairEqSame_D6D5_WARN  
Luts D6LUT and D5LUT in use in site SLICE_X8Y191 with different equations without A6 pin connected to Global Logic High.
Related violations: <none>

PDRC-138#18 Warning
SLICE_PairEqSame_D6D5_WARN  
Luts D6LUT and D5LUT in use in site SLICE_X8Y218 with different equations without A6 pin connected to Global Logic High.
Related violations: <none>

PDRC-138#19 Warning
SLICE_PairEqSame_D6D5_WARN  
Luts D6LUT and D5LUT in use in site SLICE_X8Y239 with different equations without A6 pin connected to Global Logic High.
Related violations: <none>

PDRC-140#1 Warning
SLICE_PairEqSame_A6A5_WARN  
Luts A6LUT and A5LUT in use in site SLICE_X10Y234 with different equations without A6 pin connected to Global Logic High.
Related violations: <none>

PDRC-140#2 Warning
SLICE_PairEqSame_A6A5_WARN  
Luts A6LUT and A5LUT in use in site SLICE_X10Y253 with different equations without A6 pin connected to Global Logic High.
Related violations: <none>

PDRC-140#3 Warning
SLICE_PairEqSame_A6A5_WARN  
Luts A6LUT and A5LUT in use in site SLICE_X11Y188 with different equations without A6 pin connected to Global Logic High.
Related violations: <none>

PDRC-140#4 Warning
SLICE_PairEqSame_A6A5_WARN  
Luts A6LUT and A5LUT in use in site SLICE_X11Y215 with different equations without A6 pin connected to Global Logic High.
Related violations: <none>

PDRC-140#5 Warning
SLICE_PairEqSame_A6A5_WARN  
Luts A6LUT and A5LUT in use in site SLICE_X11Y241 with different equations without A6 pin connected to Global Logic High.
Related violations: <none>

PDRC-140#6 Warning
SLICE_PairEqSame_A6A5_WARN  
Luts A6LUT and A5LUT in use in site SLICE_X11Y292 with different equations without A6 pin connected to Global Logic High.
Related violations: <none>

PDRC-140#7 Warning
SLICE_PairEqSame_A6A5_WARN  
Luts A6LUT and A5LUT in use in site SLICE_X11Y296 with different equations without A6 pin connected to Global Logic High.
Related violations: <none>

PDRC-140#8 Warning
SLICE_PairEqSame_A6A5_WARN  
Luts A6LUT and A5LUT in use in site SLICE_X13Y219 with different equations without A6 pin connected to Global Logic High.
Related violations: <none>

PDRC-140#9 Warning
SLICE_PairEqSame_A6A5_WARN  
Luts A6LUT and A5LUT in use in site SLICE_X13Y254 with different equations without A6 pin connected to Global Logic High.
Related violations: <none>

PDRC-140#10 Warning
SLICE_PairEqSame_A6A5_WARN  
Luts A6LUT and A5LUT in use in site SLICE_X13Y262 with different equations without A6 pin connected to Global Logic High.
Related violations: <none>

PDRC-140#11 Warning
SLICE_PairEqSame_A6A5_WARN  
Luts A6LUT and A5LUT in use in site SLICE_X13Y263 with different equations without A6 pin connected to Global Logic High.
Related violations: <none>

PDRC-140#12 Warning
SLICE_PairEqSame_A6A5_WARN  
Luts A6LUT and A5LUT in use in site SLICE_X13Y281 with different equations without A6 pin connected to Global Logic High.
Related violations: <none>

PDRC-140#13 Warning
SLICE_PairEqSame_A6A5_WARN  
Luts A6LUT and A5LUT in use in site SLICE_X14Y212 with different equations without A6 pin connected to Global Logic High.
Related violations: <none>

PDRC-140#14 Warning
SLICE_PairEqSame_A6A5_WARN  
Luts A6LUT and A5LUT in use in site SLICE_X16Y214 with different equations without A6 pin connected to Global Logic High.
Related violations: <none>

PDRC-140#15 Warning
SLICE_PairEqSame_A6A5_WARN  
Luts A6LUT and A5LUT in use in site SLICE_X16Y228 with different equations without A6 pin connected to Global Logic High.
Related violations: <none>

PDRC-140#16 Warning
SLICE_PairEqSame_A6A5_WARN  
Luts A6LUT and A5LUT in use in site SLICE_X16Y237 with different equations without A6 pin connected to Global Logic High.
Related violations: <none>

PDRC-140#17 Warning
SLICE_PairEqSame_A6A5_WARN  
Luts A6LUT and A5LUT in use in site SLICE_X16Y261 with different equations without A6 pin connected to Global Logic High.
Related violations: <none>

PDRC-140#18 Warning
SLICE_PairEqSame_A6A5_WARN  
Luts A6LUT and A5LUT in use in site SLICE_X16Y268 with different equations without A6 pin connected to Global Logic High.
Related violations: <none>

PDRC-140#19 Warning
SLICE_PairEqSame_A6A5_WARN  
Luts A6LUT and A5LUT in use in site SLICE_X19Y238 with different equations without A6 pin connected to Global Logic High.
Related violations: <none>

PDRC-140#20 Warning
SLICE_PairEqSame_A6A5_WARN  
Luts A6LUT and A5LUT in use in site SLICE_X1Y204 with different equations without A6 pin connected to Global Logic High.
Related violations: <none>

PDRC-140#21 Warning
SLICE_PairEqSame_A6A5_WARN  
Luts A6LUT and A5LUT in use in site SLICE_X1Y210 with different equations without A6 pin connected to Global Logic High.
Related violations: <none>

PDRC-140#22 Warning
SLICE_PairEqSame_A6A5_WARN  
Luts A6LUT and A5LUT in use in site SLICE_X1Y234 with different equations without A6 pin connected to Global Logic High.
Related violations: <none>

PDRC-140#23 Warning
SLICE_PairEqSame_A6A5_WARN  
Luts A6LUT and A5LUT in use in site SLICE_X20Y219 with different equations without A6 pin connected to Global Logic High.
Related violations: <none>

PDRC-140#24 Warning
SLICE_PairEqSame_A6A5_WARN  
Luts A6LUT and A5LUT in use in site SLICE_X20Y223 with different equations without A6 pin connected to Global Logic High.
Related violations: <none>

PDRC-140#25 Warning
SLICE_PairEqSame_A6A5_WARN  
Luts A6LUT and A5LUT in use in site SLICE_X20Y233 with different equations without A6 pin connected to Global Logic High.
Related violations: <none>

PDRC-140#26 Warning
SLICE_PairEqSame_A6A5_WARN  
Luts A6LUT and A5LUT in use in site SLICE_X20Y241 with different equations without A6 pin connected to Global Logic High.
Related violations: <none>

PDRC-140#27 Warning
SLICE_PairEqSame_A6A5_WARN  
Luts A6LUT and A5LUT in use in site SLICE_X20Y264 with different equations without A6 pin connected to Global Logic High.
Related violations: <none>

PDRC-140#28 Warning
SLICE_PairEqSame_A6A5_WARN  
Luts A6LUT and A5LUT in use in site SLICE_X20Y283 with different equations without A6 pin connected to Global Logic High.
Related violations: <none>

PDRC-140#29 Warning
SLICE_PairEqSame_A6A5_WARN  
Luts A6LUT and A5LUT in use in site SLICE_X22Y237 with different equations without A6 pin connected to Global Logic High.
Related violations: <none>

PDRC-140#30 Warning
SLICE_PairEqSame_A6A5_WARN  
Luts A6LUT and A5LUT in use in site SLICE_X22Y298 with different equations without A6 pin connected to Global Logic High.
Related violations: <none>

PDRC-140#31 Warning
SLICE_PairEqSame_A6A5_WARN  
Luts A6LUT and A5LUT in use in site SLICE_X25Y291 with different equations without A6 pin connected to Global Logic High.
Related violations: <none>

PDRC-140#32 Warning
SLICE_PairEqSame_A6A5_WARN  
Luts A6LUT and A5LUT in use in site SLICE_X25Y304 with different equations without A6 pin connected to Global Logic High.
Related violations: <none>

PDRC-140#33 Warning
SLICE_PairEqSame_A6A5_WARN  
Luts A6LUT and A5LUT in use in site SLICE_X26Y185 with different equations without A6 pin connected to Global Logic High.
Related violations: <none>

PDRC-140#34 Warning
SLICE_PairEqSame_A6A5_WARN  
Luts A6LUT and A5LUT in use in site SLICE_X26Y268 with different equations without A6 pin connected to Global Logic High.
Related violations: <none>

PDRC-140#35 Warning
SLICE_PairEqSame_A6A5_WARN  
Luts A6LUT and A5LUT in use in site SLICE_X26Y286 with different equations without A6 pin connected to Global Logic High.
Related violations: <none>

PDRC-140#36 Warning
SLICE_PairEqSame_A6A5_WARN  
Luts A6LUT and A5LUT in use in site SLICE_X26Y309 with different equations without A6 pin connected to Global Logic High.
Related violations: <none>

PDRC-140#37 Warning
SLICE_PairEqSame_A6A5_WARN  
Luts A6LUT and A5LUT in use in site SLICE_X28Y262 with different equations without A6 pin connected to Global Logic High.
Related violations: <none>

PDRC-140#38 Warning
SLICE_PairEqSame_A6A5_WARN  
Luts A6LUT and A5LUT in use in site SLICE_X28Y278 with different equations without A6 pin connected to Global Logic High.
Related violations: <none>

PDRC-140#39 Warning
SLICE_PairEqSame_A6A5_WARN  
Luts A6LUT and A5LUT in use in site SLICE_X29Y208 with different equations without A6 pin connected to Global Logic High.
Related violations: <none>

PDRC-140#40 Warning
SLICE_PairEqSame_A6A5_WARN  
Luts A6LUT and A5LUT in use in site SLICE_X29Y277 with different equations without A6 pin connected to Global Logic High.
Related violations: <none>

PDRC-140#41 Warning
SLICE_PairEqSame_A6A5_WARN  
Luts A6LUT and A5LUT in use in site SLICE_X31Y238 with different equations without A6 pin connected to Global Logic High.
Related violations: <none>

PDRC-140#42 Warning
SLICE_PairEqSame_A6A5_WARN  
Luts A6LUT and A5LUT in use in site SLICE_X31Y244 with different equations without A6 pin connected to Global Logic High.
Related violations: <none>

PDRC-140#43 Warning
SLICE_PairEqSame_A6A5_WARN  
Luts A6LUT and A5LUT in use in site SLICE_X31Y252 with different equations without A6 pin connected to Global Logic High.
Related violations: <none>

PDRC-140#44 Warning
SLICE_PairEqSame_A6A5_WARN  
Luts A6LUT and A5LUT in use in site SLICE_X34Y237 with different equations without A6 pin connected to Global Logic High.
Related violations: <none>

PDRC-140#45 Warning
SLICE_PairEqSame_A6A5_WARN  
Luts A6LUT and A5LUT in use in site SLICE_X35Y252 with different equations without A6 pin connected to Global Logic High.
Related violations: <none>

PDRC-140#46 Warning
SLICE_PairEqSame_A6A5_WARN  
Luts A6LUT and A5LUT in use in site SLICE_X35Y297 with different equations without A6 pin connected to Global Logic High.
Related violations: <none>

PDRC-140#47 Warning
SLICE_PairEqSame_A6A5_WARN  
Luts A6LUT and A5LUT in use in site SLICE_X35Y302 with different equations without A6 pin connected to Global Logic High.
Related violations: <none>

PDRC-140#48 Warning
SLICE_PairEqSame_A6A5_WARN  
Luts A6LUT and A5LUT in use in site SLICE_X37Y150 with different equations without A6 pin connected to Global Logic High.
Related violations: <none>

PDRC-140#49 Warning
SLICE_PairEqSame_A6A5_WARN  
Luts A6LUT and A5LUT in use in site SLICE_X37Y170 with different equations without A6 pin connected to Global Logic High.
Related violations: <none>

PDRC-140#50 Warning
SLICE_PairEqSame_A6A5_WARN  
Luts A6LUT and A5LUT in use in site SLICE_X37Y287 with different equations without A6 pin connected to Global Logic High.
Related violations: <none>

PDRC-140#51 Warning
SLICE_PairEqSame_A6A5_WARN  
Luts A6LUT and A5LUT in use in site SLICE_X40Y103 with different equations without A6 pin connected to Global Logic High.
Related violations: <none>

PDRC-140#52 Warning
SLICE_PairEqSame_A6A5_WARN  
Luts A6LUT and A5LUT in use in site SLICE_X40Y106 with different equations without A6 pin connected to Global Logic High.
Related violations: <none>

PDRC-140#53 Warning
SLICE_PairEqSame_A6A5_WARN  
Luts A6LUT and A5LUT in use in site SLICE_X40Y178 with different equations without A6 pin connected to Global Logic High.
Related violations: <none>

PDRC-140#54 Warning
SLICE_PairEqSame_A6A5_WARN  
Luts A6LUT and A5LUT in use in site SLICE_X40Y237 with different equations without A6 pin connected to Global Logic High.
Related violations: <none>

PDRC-140#55 Warning
SLICE_PairEqSame_A6A5_WARN  
Luts A6LUT and A5LUT in use in site SLICE_X41Y150 with different equations without A6 pin connected to Global Logic High.
Related violations: <none>

PDRC-140#56 Warning
SLICE_PairEqSame_A6A5_WARN  
Luts A6LUT and A5LUT in use in site SLICE_X41Y157 with different equations without A6 pin connected to Global Logic High.
Related violations: <none>

PDRC-140#57 Warning
SLICE_PairEqSame_A6A5_WARN  
Luts A6LUT and A5LUT in use in site SLICE_X41Y206 with different equations without A6 pin connected to Global Logic High.
Related violations: <none>

PDRC-140#58 Warning
SLICE_PairEqSame_A6A5_WARN  
Luts A6LUT and A5LUT in use in site SLICE_X41Y266 with different equations without A6 pin connected to Global Logic High.
Related violations: <none>

PDRC-140#59 Warning
SLICE_PairEqSame_A6A5_WARN  
Luts A6LUT and A5LUT in use in site SLICE_X41Y271 with different equations without A6 pin connected to Global Logic High.
Related violations: <none>

PDRC-140#60 Warning
SLICE_PairEqSame_A6A5_WARN  
Luts A6LUT and A5LUT in use in site SLICE_X41Y292 with different equations without A6 pin connected to Global Logic High.
Related violations: <none>

PDRC-140#61 Warning
SLICE_PairEqSame_A6A5_WARN  
Luts A6LUT and A5LUT in use in site SLICE_X41Y309 with different equations without A6 pin connected to Global Logic High.
Related violations: <none>

PDRC-140#62 Warning
SLICE_PairEqSame_A6A5_WARN  
Luts A6LUT and A5LUT in use in site SLICE_X43Y165 with different equations without A6 pin connected to Global Logic High.
Related violations: <none>

PDRC-140#63 Warning
SLICE_PairEqSame_A6A5_WARN  
Luts A6LUT and A5LUT in use in site SLICE_X43Y178 with different equations without A6 pin connected to Global Logic High.
Related violations: <none>

PDRC-140#64 Warning
SLICE_PairEqSame_A6A5_WARN  
Luts A6LUT and A5LUT in use in site SLICE_X43Y228 with different equations without A6 pin connected to Global Logic High.
Related violations: <none>

PDRC-140#65 Warning
SLICE_PairEqSame_A6A5_WARN  
Luts A6LUT and A5LUT in use in site SLICE_X44Y109 with different equations without A6 pin connected to Global Logic High.
Related violations: <none>

PDRC-140#66 Warning
SLICE_PairEqSame_A6A5_WARN  
Luts A6LUT and A5LUT in use in site SLICE_X44Y172 with different equations without A6 pin connected to Global Logic High.
Related violations: <none>

PDRC-140#67 Warning
SLICE_PairEqSame_A6A5_WARN  
Luts A6LUT and A5LUT in use in site SLICE_X44Y181 with different equations without A6 pin connected to Global Logic High.
Related violations: <none>

PDRC-140#68 Warning
SLICE_PairEqSame_A6A5_WARN  
Luts A6LUT and A5LUT in use in site SLICE_X44Y311 with different equations without A6 pin connected to Global Logic High.
Related violations: <none>

PDRC-140#69 Warning
SLICE_PairEqSame_A6A5_WARN  
Luts A6LUT and A5LUT in use in site SLICE_X49Y312 with different equations without A6 pin connected to Global Logic High.
Related violations: <none>

PDRC-140#70 Warning
SLICE_PairEqSame_A6A5_WARN  
Luts A6LUT and A5LUT in use in site SLICE_X49Y318 with different equations without A6 pin connected to Global Logic High.
Related violations: <none>

PDRC-140#71 Warning
SLICE_PairEqSame_A6A5_WARN  
Luts A6LUT and A5LUT in use in site SLICE_X4Y278 with different equations without A6 pin connected to Global Logic High.
Related violations: <none>

PDRC-140#72 Warning
SLICE_PairEqSame_A6A5_WARN  
Luts A6LUT and A5LUT in use in site SLICE_X4Y279 with different equations without A6 pin connected to Global Logic High.
Related violations: <none>

PDRC-140#73 Warning
SLICE_PairEqSame_A6A5_WARN  
Luts A6LUT and A5LUT in use in site SLICE_X50Y178 with different equations without A6 pin connected to Global Logic High.
Related violations: <none>

PDRC-140#74 Warning
SLICE_PairEqSame_A6A5_WARN  
Luts A6LUT and A5LUT in use in site SLICE_X50Y255 with different equations without A6 pin connected to Global Logic High.
Related violations: <none>

PDRC-140#75 Warning
SLICE_PairEqSame_A6A5_WARN  
Luts A6LUT and A5LUT in use in site SLICE_X50Y273 with different equations without A6 pin connected to Global Logic High.
Related violations: <none>

PDRC-140#76 Warning
SLICE_PairEqSame_A6A5_WARN  
Luts A6LUT and A5LUT in use in site SLICE_X50Y315 with different equations without A6 pin connected to Global Logic High.
Related violations: <none>

PDRC-140#77 Warning
SLICE_PairEqSame_A6A5_WARN  
Luts A6LUT and A5LUT in use in site SLICE_X52Y162 with different equations without A6 pin connected to Global Logic High.
Related violations: <none>

PDRC-140#78 Warning
SLICE_PairEqSame_A6A5_WARN  
Luts A6LUT and A5LUT in use in site SLICE_X52Y163 with different equations without A6 pin connected to Global Logic High.
Related violations: <none>

PDRC-140#79 Warning
SLICE_PairEqSame_A6A5_WARN  
Luts A6LUT and A5LUT in use in site SLICE_X52Y242 with different equations without A6 pin connected to Global Logic High.
Related violations: <none>

PDRC-140#80 Warning
SLICE_PairEqSame_A6A5_WARN  
Luts A6LUT and A5LUT in use in site SLICE_X52Y318 with different equations without A6 pin connected to Global Logic High.
Related violations: <none>

PDRC-140#81 Warning
SLICE_PairEqSame_A6A5_WARN  
Luts A6LUT and A5LUT in use in site SLICE_X53Y139 with different equations without A6 pin connected to Global Logic High.
Related violations: <none>

PDRC-140#82 Warning
SLICE_PairEqSame_A6A5_WARN  
Luts A6LUT and A5LUT in use in site SLICE_X53Y181 with different equations without A6 pin connected to Global Logic High.
Related violations: <none>

PDRC-140#83 Warning
SLICE_PairEqSame_A6A5_WARN  
Luts A6LUT and A5LUT in use in site SLICE_X53Y227 with different equations without A6 pin connected to Global Logic High.
Related violations: <none>

PDRC-140#84 Warning
SLICE_PairEqSame_A6A5_WARN  
Luts A6LUT and A5LUT in use in site SLICE_X53Y271 with different equations without A6 pin connected to Global Logic High.
Related violations: <none>

PDRC-140#85 Warning
SLICE_PairEqSame_A6A5_WARN  
Luts A6LUT and A5LUT in use in site SLICE_X53Y275 with different equations without A6 pin connected to Global Logic High.
Related violations: <none>

PDRC-140#86 Warning
SLICE_PairEqSame_A6A5_WARN  
Luts A6LUT and A5LUT in use in site SLICE_X53Y284 with different equations without A6 pin connected to Global Logic High.
Related violations: <none>

PDRC-140#87 Warning
SLICE_PairEqSame_A6A5_WARN  
Luts A6LUT and A5LUT in use in site SLICE_X53Y285 with different equations without A6 pin connected to Global Logic High.
Related violations: <none>

PDRC-140#88 Warning
SLICE_PairEqSame_A6A5_WARN  
Luts A6LUT and A5LUT in use in site SLICE_X53Y294 with different equations without A6 pin connected to Global Logic High.
Related violations: <none>

PDRC-140#89 Warning
SLICE_PairEqSame_A6A5_WARN  
Luts A6LUT and A5LUT in use in site SLICE_X53Y319 with different equations without A6 pin connected to Global Logic High.
Related violations: <none>

PDRC-140#90 Warning
SLICE_PairEqSame_A6A5_WARN  
Luts A6LUT and A5LUT in use in site SLICE_X55Y151 with different equations without A6 pin connected to Global Logic High.
Related violations: <none>

PDRC-140#91 Warning
SLICE_PairEqSame_A6A5_WARN  
Luts A6LUT and A5LUT in use in site SLICE_X55Y173 with different equations without A6 pin connected to Global Logic High.
Related violations: <none>

PDRC-140#92 Warning
SLICE_PairEqSame_A6A5_WARN  
Luts A6LUT and A5LUT in use in site SLICE_X55Y234 with different equations without A6 pin connected to Global Logic High.
Related violations: <none>

PDRC-140#93 Warning
SLICE_PairEqSame_A6A5_WARN  
Luts A6LUT and A5LUT in use in site SLICE_X55Y246 with different equations without A6 pin connected to Global Logic High.
Related violations: <none>

PDRC-140#94 Warning
SLICE_PairEqSame_A6A5_WARN  
Luts A6LUT and A5LUT in use in site SLICE_X55Y291 with different equations without A6 pin connected to Global Logic High.
Related violations: <none>

PDRC-140#95 Warning
SLICE_PairEqSame_A6A5_WARN  
Luts A6LUT and A5LUT in use in site SLICE_X56Y146 with different equations without A6 pin connected to Global Logic High.
Related violations: <none>

PDRC-140#96 Warning
SLICE_PairEqSame_A6A5_WARN  
Luts A6LUT and A5LUT in use in site SLICE_X56Y283 with different equations without A6 pin connected to Global Logic High.
Related violations: <none>

PDRC-140#97 Warning
SLICE_PairEqSame_A6A5_WARN  
Luts A6LUT and A5LUT in use in site SLICE_X58Y117 with different equations without A6 pin connected to Global Logic High.
Related violations: <none>

PDRC-140#98 Warning
SLICE_PairEqSame_A6A5_WARN  
Luts A6LUT and A5LUT in use in site SLICE_X58Y145 with different equations without A6 pin connected to Global Logic High.
Related violations: <none>

PDRC-140#99 Warning
SLICE_PairEqSame_A6A5_WARN  
Luts A6LUT and A5LUT in use in site SLICE_X58Y203 with different equations without A6 pin connected to Global Logic High.
Related violations: <none>

PDRC-140#100 Warning
SLICE_PairEqSame_A6A5_WARN  
Luts A6LUT and A5LUT in use in site SLICE_X58Y244 with different equations without A6 pin connected to Global Logic High.
Related violations: <none>

PDRC-140#101 Warning
SLICE_PairEqSame_A6A5_WARN  
Luts A6LUT and A5LUT in use in site SLICE_X58Y258 with different equations without A6 pin connected to Global Logic High.
Related violations: <none>

PDRC-140#102 Warning
SLICE_PairEqSame_A6A5_WARN  
Luts A6LUT and A5LUT in use in site SLICE_X58Y298 with different equations without A6 pin connected to Global Logic High.
Related violations: <none>

PDRC-140#103 Warning
SLICE_PairEqSame_A6A5_WARN  
Luts A6LUT and A5LUT in use in site SLICE_X5Y195 with different equations without A6 pin connected to Global Logic High.
Related violations: <none>

PDRC-140#104 Warning
SLICE_PairEqSame_A6A5_WARN  
Luts A6LUT and A5LUT in use in site SLICE_X61Y202 with different equations without A6 pin connected to Global Logic High.
Related violations: <none>

PDRC-140#105 Warning
SLICE_PairEqSame_A6A5_WARN  
Luts A6LUT and A5LUT in use in site SLICE_X61Y239 with different equations without A6 pin connected to Global Logic High.
Related violations: <none>

PDRC-140#106 Warning
SLICE_PairEqSame_A6A5_WARN  
Luts A6LUT and A5LUT in use in site SLICE_X61Y293 with different equations without A6 pin connected to Global Logic High.
Related violations: <none>

PDRC-140#107 Warning
SLICE_PairEqSame_A6A5_WARN  
Luts A6LUT and A5LUT in use in site SLICE_X61Y95 with different equations without A6 pin connected to Global Logic High.
Related violations: <none>

PDRC-140#108 Warning
SLICE_PairEqSame_A6A5_WARN  
Luts A6LUT and A5LUT in use in site SLICE_X62Y148 with different equations without A6 pin connected to Global Logic High.
Related violations: <none>

PDRC-140#109 Warning
SLICE_PairEqSame_A6A5_WARN  
Luts A6LUT and A5LUT in use in site SLICE_X62Y172 with different equations without A6 pin connected to Global Logic High.
Related violations: <none>

PDRC-140#110 Warning
SLICE_PairEqSame_A6A5_WARN  
Luts A6LUT and A5LUT in use in site SLICE_X62Y230 with different equations without A6 pin connected to Global Logic High.
Related violations: <none>

PDRC-140#111 Warning
SLICE_PairEqSame_A6A5_WARN  
Luts A6LUT and A5LUT in use in site SLICE_X62Y271 with different equations without A6 pin connected to Global Logic High.
Related violations: <none>

PDRC-140#112 Warning
SLICE_PairEqSame_A6A5_WARN  
Luts A6LUT and A5LUT in use in site SLICE_X62Y317 with different equations without A6 pin connected to Global Logic High.
Related violations: <none>

PDRC-140#113 Warning
SLICE_PairEqSame_A6A5_WARN  
Luts A6LUT and A5LUT in use in site SLICE_X64Y201 with different equations without A6 pin connected to Global Logic High.
Related violations: <none>

PDRC-140#114 Warning
SLICE_PairEqSame_A6A5_WARN  
Luts A6LUT and A5LUT in use in site SLICE_X64Y255 with different equations without A6 pin connected to Global Logic High.
Related violations: <none>

PDRC-140#115 Warning
SLICE_PairEqSame_A6A5_WARN  
Luts A6LUT and A5LUT in use in site SLICE_X64Y268 with different equations without A6 pin connected to Global Logic High.
Related violations: <none>

PDRC-140#116 Warning
SLICE_PairEqSame_A6A5_WARN  
Luts A6LUT and A5LUT in use in site SLICE_X67Y173 with different equations without A6 pin connected to Global Logic High.
Related violations: <none>

PDRC-140#117 Warning
SLICE_PairEqSame_A6A5_WARN  
Luts A6LUT and A5LUT in use in site SLICE_X67Y202 with different equations without A6 pin connected to Global Logic High.
Related violations: <none>

PDRC-140#118 Warning
SLICE_PairEqSame_A6A5_WARN  
Luts A6LUT and A5LUT in use in site SLICE_X67Y239 with different equations without A6 pin connected to Global Logic High.
Related violations: <none>

PDRC-140#119 Warning
SLICE_PairEqSame_A6A5_WARN  
Luts A6LUT and A5LUT in use in site SLICE_X67Y265 with different equations without A6 pin connected to Global Logic High.
Related violations: <none>

PDRC-140#120 Warning
SLICE_PairEqSame_A6A5_WARN  
Luts A6LUT and A5LUT in use in site SLICE_X67Y281 with different equations without A6 pin connected to Global Logic High.
Related violations: <none>

PDRC-140#121 Warning
SLICE_PairEqSame_A6A5_WARN  
Luts A6LUT and A5LUT in use in site SLICE_X68Y239 with different equations without A6 pin connected to Global Logic High.
Related violations: <none>

PDRC-140#122 Warning
SLICE_PairEqSame_A6A5_WARN  
Luts A6LUT and A5LUT in use in site SLICE_X68Y283 with different equations without A6 pin connected to Global Logic High.
Related violations: <none>

PDRC-140#123 Warning
SLICE_PairEqSame_A6A5_WARN  
Luts A6LUT and A5LUT in use in site SLICE_X68Y314 with different equations without A6 pin connected to Global Logic High.
Related violations: <none>

PDRC-140#124 Warning
SLICE_PairEqSame_A6A5_WARN  
Luts A6LUT and A5LUT in use in site SLICE_X70Y189 with different equations without A6 pin connected to Global Logic High.
Related violations: <none>

PDRC-140#125 Warning
SLICE_PairEqSame_A6A5_WARN  
Luts A6LUT and A5LUT in use in site SLICE_X70Y246 with different equations without A6 pin connected to Global Logic High.
Related violations: <none>

PDRC-140#126 Warning
SLICE_PairEqSame_A6A5_WARN  
Luts A6LUT and A5LUT in use in site SLICE_X70Y259 with different equations without A6 pin connected to Global Logic High.
Related violations: <none>

PDRC-140#127 Warning
SLICE_PairEqSame_A6A5_WARN  
Luts A6LUT and A5LUT in use in site SLICE_X70Y287 with different equations without A6 pin connected to Global Logic High.
Related violations: <none>

PDRC-140#128 Warning
SLICE_PairEqSame_A6A5_WARN  
Luts A6LUT and A5LUT in use in site SLICE_X73Y145 with different equations without A6 pin connected to Global Logic High.
Related violations: <none>

PDRC-140#129 Warning
SLICE_PairEqSame_A6A5_WARN  
Luts A6LUT and A5LUT in use in site SLICE_X73Y148 with different equations without A6 pin connected to Global Logic High.
Related violations: <none>

PDRC-140#130 Warning
SLICE_PairEqSame_A6A5_WARN  
Luts A6LUT and A5LUT in use in site SLICE_X73Y170 with different equations without A6 pin connected to Global Logic High.
Related violations: <none>

PDRC-140#131 Warning
SLICE_PairEqSame_A6A5_WARN  
Luts A6LUT and A5LUT in use in site SLICE_X73Y228 with different equations without A6 pin connected to Global Logic High.
Related violations: <none>

PDRC-140#132 Warning
SLICE_PairEqSame_A6A5_WARN  
Luts A6LUT and A5LUT in use in site SLICE_X74Y144 with different equations without A6 pin connected to Global Logic High.
Related violations: <none>

PDRC-140#133 Warning
SLICE_PairEqSame_A6A5_WARN  
Luts A6LUT and A5LUT in use in site SLICE_X74Y220 with different equations without A6 pin connected to Global Logic High.
Related violations: <none>

PDRC-140#134 Warning
SLICE_PairEqSame_A6A5_WARN  
Luts A6LUT and A5LUT in use in site SLICE_X74Y241 with different equations without A6 pin connected to Global Logic High.
Related violations: <none>

PDRC-140#135 Warning
SLICE_PairEqSame_A6A5_WARN  
Luts A6LUT and A5LUT in use in site SLICE_X74Y308 with different equations without A6 pin connected to Global Logic High.
Related violations: <none>

PDRC-140#136 Warning
SLICE_PairEqSame_A6A5_WARN  
Luts A6LUT and A5LUT in use in site SLICE_X76Y145 with different equations without A6 pin connected to Global Logic High.
Related violations: <none>

PDRC-140#137 Warning
SLICE_PairEqSame_A6A5_WARN  
Luts A6LUT and A5LUT in use in site SLICE_X76Y160 with different equations without A6 pin connected to Global Logic High.
Related violations: <none>

PDRC-140#138 Warning
SLICE_PairEqSame_A6A5_WARN  
Luts A6LUT and A5LUT in use in site SLICE_X76Y182 with different equations without A6 pin connected to Global Logic High.
Related violations: <none>

PDRC-140#139 Warning
SLICE_PairEqSame_A6A5_WARN  
Luts A6LUT and A5LUT in use in site SLICE_X76Y271 with different equations without A6 pin connected to Global Logic High.
Related violations: <none>

PDRC-140#140 Warning
SLICE_PairEqSame_A6A5_WARN  
Luts A6LUT and A5LUT in use in site SLICE_X76Y281 with different equations without A6 pin connected to Global Logic High.
Related violations: <none>

PDRC-140#141 Warning
SLICE_PairEqSame_A6A5_WARN  
Luts A6LUT and A5LUT in use in site SLICE_X77Y140 with different equations without A6 pin connected to Global Logic High.
Related violations: <none>

PDRC-140#142 Warning
SLICE_PairEqSame_A6A5_WARN  
Luts A6LUT and A5LUT in use in site SLICE_X77Y191 with different equations without A6 pin connected to Global Logic High.
Related violations: <none>

PDRC-140#143 Warning
SLICE_PairEqSame_A6A5_WARN  
Luts A6LUT and A5LUT in use in site SLICE_X77Y193 with different equations without A6 pin connected to Global Logic High.
Related violations: <none>

PDRC-140#144 Warning
SLICE_PairEqSame_A6A5_WARN  
Luts A6LUT and A5LUT in use in site SLICE_X77Y194 with different equations without A6 pin connected to Global Logic High.
Related violations: <none>

PDRC-140#145 Warning
SLICE_PairEqSame_A6A5_WARN  
Luts A6LUT and A5LUT in use in site SLICE_X77Y222 with different equations without A6 pin connected to Global Logic High.
Related violations: <none>

PDRC-140#146 Warning
SLICE_PairEqSame_A6A5_WARN  
Luts A6LUT and A5LUT in use in site SLICE_X77Y230 with different equations without A6 pin connected to Global Logic High.
Related violations: <none>

PDRC-140#147 Warning
SLICE_PairEqSame_A6A5_WARN  
Luts A6LUT and A5LUT in use in site SLICE_X77Y245 with different equations without A6 pin connected to Global Logic High.
Related violations: <none>

PDRC-140#148 Warning
SLICE_PairEqSame_A6A5_WARN  
Luts A6LUT and A5LUT in use in site SLICE_X77Y273 with different equations without A6 pin connected to Global Logic High.
Related violations: <none>

PDRC-140#149 Warning
SLICE_PairEqSame_A6A5_WARN  
Luts A6LUT and A5LUT in use in site SLICE_X77Y277 with different equations without A6 pin connected to Global Logic High.
Related violations: <none>

PDRC-140#150 Warning
SLICE_PairEqSame_A6A5_WARN  
Luts A6LUT and A5LUT in use in site SLICE_X79Y171 with different equations without A6 pin connected to Global Logic High.
Related violations: <none>

PDRC-140#151 Warning
SLICE_PairEqSame_A6A5_WARN  
Luts A6LUT and A5LUT in use in site SLICE_X79Y187 with different equations without A6 pin connected to Global Logic High.
Related violations: <none>

PDRC-140#152 Warning
SLICE_PairEqSame_A6A5_WARN  
Luts A6LUT and A5LUT in use in site SLICE_X79Y197 with different equations without A6 pin connected to Global Logic High.
Related violations: <none>

PDRC-140#153 Warning
SLICE_PairEqSame_A6A5_WARN  
Luts A6LUT and A5LUT in use in site SLICE_X79Y278 with different equations without A6 pin connected to Global Logic High.
Related violations: <none>

PDRC-140#154 Warning
SLICE_PairEqSame_A6A5_WARN  
Luts A6LUT and A5LUT in use in site SLICE_X79Y302 with different equations without A6 pin connected to Global Logic High.
Related violations: <none>

PDRC-140#155 Warning
SLICE_PairEqSame_A6A5_WARN  
Luts A6LUT and A5LUT in use in site SLICE_X7Y256 with different equations without A6 pin connected to Global Logic High.
Related violations: <none>

PDRC-144#1 Warning
SLICE_PairEqSame_C6C5_WARN  
Luts C6LUT and C5LUT in use in site SLICE_X11Y292 with different equations without A6 pin connected to Global Logic High.
Related violations: <none>

PDRC-144#2 Warning
SLICE_PairEqSame_C6C5_WARN  
Luts C6LUT and C5LUT in use in site SLICE_X16Y237 with different equations without A6 pin connected to Global Logic High.
Related violations: <none>

PDRC-144#3 Warning
SLICE_PairEqSame_C6C5_WARN  
Luts C6LUT and C5LUT in use in site SLICE_X34Y237 with different equations without A6 pin connected to Global Logic High.
Related violations: <none>

PDRC-144#4 Warning
SLICE_PairEqSame_C6C5_WARN  
Luts C6LUT and C5LUT in use in site SLICE_X67Y202 with different equations without A6 pin connected to Global Logic High.
Related violations: <none>

PDRC-144#5 Warning
SLICE_PairEqSame_C6C5_WARN  
Luts C6LUT and C5LUT in use in site SLICE_X67Y281 with different equations without A6 pin connected to Global Logic High.
Related violations: <none>

PDRC-144#6 Warning
SLICE_PairEqSame_C6C5_WARN  
Luts C6LUT and C5LUT in use in site SLICE_X73Y148 with different equations without A6 pin connected to Global Logic High.
Related violations: <none>

PDRC-144#7 Warning
SLICE_PairEqSame_C6C5_WARN  
Luts C6LUT and C5LUT in use in site SLICE_X74Y144 with different equations without A6 pin connected to Global Logic High.
Related violations: <none>

PDRC-144#8 Warning
SLICE_PairEqSame_C6C5_WARN  
Luts C6LUT and C5LUT in use in site SLICE_X77Y194 with different equations without A6 pin connected to Global Logic High.
Related violations: <none>

PDRC-144#9 Warning
SLICE_PairEqSame_C6C5_WARN  
Luts C6LUT and C5LUT in use in site SLICE_X77Y277 with different equations without A6 pin connected to Global Logic High.
Related violations: <none>

PDRC-144#10 Warning
SLICE_PairEqSame_C6C5_WARN  
Luts C6LUT and C5LUT in use in site SLICE_X79Y278 with different equations without A6 pin connected to Global Logic High.
Related violations: <none>

PDRC-146#1 Warning
SLICE_PairEqSame_D6D5_WARN  
Luts D6LUT and D5LUT in use in site SLICE_X11Y261 with different equations without A6 pin connected to Global Logic High.
Related violations: <none>

PDRC-146#2 Warning
SLICE_PairEqSame_D6D5_WARN  
Luts D6LUT and D5LUT in use in site SLICE_X11Y281 with different equations without A6 pin connected to Global Logic High.
Related violations: <none>

PDRC-146#3 Warning
SLICE_PairEqSame_D6D5_WARN  
Luts D6LUT and D5LUT in use in site SLICE_X16Y250 with different equations without A6 pin connected to Global Logic High.
Related violations: <none>

PDRC-146#4 Warning
SLICE_PairEqSame_D6D5_WARN  
Luts D6LUT and D5LUT in use in site SLICE_X29Y193 with different equations without A6 pin connected to Global Logic High.
Related violations: <none>

PDRC-146#5 Warning
SLICE_PairEqSame_D6D5_WARN  
Luts D6LUT and D5LUT in use in site SLICE_X55Y304 with different equations without A6 pin connected to Global Logic High.
Related violations: <none>

PDRC-146#6 Warning
SLICE_PairEqSame_D6D5_WARN  
Luts D6LUT and D5LUT in use in site SLICE_X58Y156 with different equations without A6 pin connected to Global Logic High.
Related violations: <none>

PDRC-146#7 Warning
SLICE_PairEqSame_D6D5_WARN  
Luts D6LUT and D5LUT in use in site SLICE_X5Y240 with different equations without A6 pin connected to Global Logic High.
Related violations: <none>

PDRC-146#8 Warning
SLICE_PairEqSame_D6D5_WARN  
Luts D6LUT and D5LUT in use in site SLICE_X70Y179 with different equations without A6 pin connected to Global Logic High.
Related violations: <none>

PDRC-146#9 Warning
SLICE_PairEqSame_D6D5_WARN  
Luts D6LUT and D5LUT in use in site SLICE_X73Y167 with different equations without A6 pin connected to Global Logic High.
Related violations: <none>

PDRC-146#10 Warning
SLICE_PairEqSame_D6D5_WARN  
Luts D6LUT and D5LUT in use in site SLICE_X77Y210 with different equations without A6 pin connected to Global Logic High.
Related violations: <none>

PDRC-146#11 Warning
SLICE_PairEqSame_D6D5_WARN  
Luts D6LUT and D5LUT in use in site SLICE_X77Y289 with different equations without A6 pin connected to Global Logic High.
Related violations: <none>


