Copyright 1986-2022 Xilinx, Inc. All Rights Reserved. Copyright 2022-2024 Advanced Micro Devices, Inc. All Rights Reserved.
---------------------------------------------------------------------------------------------------------------------------------------------------------------------------------------------------------------------------------------------------------------------------------------
| Tool Version      : Vivado v.2024.2 (win64) Build 5239630 Fri Nov 08 22:35:27 MST 2024
| Date              : Fri Aug 14 01:13:15 2026
| Host              : <REDACTED>
| Command           : <REDACTED>
| Design            : ntt46_zero_pad_radix2_unified_baseline
| Device            : xczu9eg-ffvb1156
| Speed File        : -2  PRODUCTION 1.30 05-15-2022
| Design State      : Physopt postRoute
| Temperature Grade : E
---------------------------------------------------------------------------------------------------------------------------------------------------------------------------------------------------------------------------------------------------------------------------------------

Timing Summary Report

------------------------------------------------------------------------------------------------
| Timer Settings
| --------------
------------------------------------------------------------------------------------------------

  Enable Multi Corner Analysis               :  Yes
  Enable Pessimism Removal                   :  Yes
  Pessimism Removal Resolution               :  Nearest Common Node
  Enable Input Delay Default Clock           :  No
  Enable Preset / Clear Arcs                 :  No
  Disable Flight Delays                      :  No
  Ignore I/O Paths                           :  No
  Timing Early Launch at Borrowing Latches   :  No
  Borrow Time for Max Delay Exceptions       :  Yes
  Merge Timing Exceptions                    :  Yes
  Inter-SLR Compensation                     :  Conservative

  Corner  Analyze    Analyze    
  Name    Max Paths  Min Paths  
  ------  ---------  ---------  
  Slow    Yes        Yes        
  Fast    Yes        Yes        


------------------------------------------------------------------------------------------------
| Report Methodology
| ------------------
------------------------------------------------------------------------------------------------

No report available as report_methodology has not been run prior. Run report_methodology on the current design for the summary of methodology violations.



check_timing report

Table of Contents
-----------------
1. checking no_clock (0)
2. checking constant_clock (0)
3. checking pulse_width_clock (0)
4. checking unconstrained_internal_endpoints (0)
5. checking no_input_delay (43)
6. checking no_output_delay (68)
7. checking multiple_clock (0)
8. checking generated_clocks (0)
9. checking loops (0)
10. checking partial_input_delay (0)
11. checking partial_output_delay (0)
12. checking latch_loops (0)

1. checking no_clock (0)
------------------------
 There are 0 register/latch pins with no clock.


2. checking constant_clock (0)
------------------------------
 There are 0 register/latch pins with constant_clock.


3. checking pulse_width_clock (0)
---------------------------------
 There are 0 register/latch pins which need pulse_width check


4. checking unconstrained_internal_endpoints (0)
------------------------------------------------
 There are 0 pins that are not constrained for maximum delay.

 There are 0 pins that are not constrained for maximum delay due to constant clock.


5. checking no_input_delay (43)
-------------------------------
 There are 43 input ports with no input delay specified. (HIGH)

 There are 0 input ports with no input delay but user has a false path constraint.


6. checking no_output_delay (68)
--------------------------------
 There are 68 ports with no output delay specified. (HIGH)

 There are 0 ports with no output delay but user has a false path constraint

 There are 0 ports with no output delay but with a timing clock defined on it or propagating through it


7. checking multiple_clock (0)
------------------------------
 There are 0 register/latch pins with multiple clocks.


8. checking generated_clocks (0)
--------------------------------
 There are 0 generated clocks that are not connected to a clock source.


9. checking loops (0)
---------------------
 There are 0 combinational loops in the design.


10. checking partial_input_delay (0)
------------------------------------
 There are 0 input ports with partial input delay specified.


11. checking partial_output_delay (0)
-------------------------------------
 There are 0 ports with partial output delay specified.


12. checking latch_loops (0)
----------------------------
 There are 0 combinational latch loops in the design through latch input



------------------------------------------------------------------------------------------------
| Design Timing Summary
| ---------------------
------------------------------------------------------------------------------------------------

    WNS(ns)      TNS(ns)  TNS Failing Endpoints  TNS Total Endpoints      WHS(ns)      THS(ns)  THS Failing Endpoints  THS Total Endpoints     WPWS(ns)     TPWS(ns)  TPWS Failing Endpoints  TPWS Total Endpoints  
    -------      -------  ---------------------  -------------------      -------      -------  ---------------------  -------------------     --------     --------  ----------------------  --------------------  
      0.328        0.000                      0                 1014        0.046        0.000                      0                 1014        1.958        0.000                       0                   348  


All user specified timing constraints are met.


------------------------------------------------------------------------------------------------
| Clock Summary
| -------------
------------------------------------------------------------------------------------------------

Clock  Waveform(ns)         Period(ns)      Frequency(MHz)
-----  ------------         ----------      --------------
clk    {0.000 2.500}        5.000           200.000         


------------------------------------------------------------------------------------------------
| Intra Clock Table
| -----------------
------------------------------------------------------------------------------------------------

Clock             WNS(ns)      TNS(ns)  TNS Failing Endpoints  TNS Total Endpoints      WHS(ns)      THS(ns)  THS Failing Endpoints  THS Total Endpoints     WPWS(ns)     TPWS(ns)  TPWS Failing Endpoints  TPWS Total Endpoints  
-----             -------      -------  ---------------------  -------------------      -------      -------  ---------------------  -------------------     --------     --------  ----------------------  --------------------  
clk                 0.328        0.000                      0                 1014        0.046        0.000                      0                 1014        1.958        0.000                       0                   348  


------------------------------------------------------------------------------------------------
| Inter Clock Table
| -----------------
------------------------------------------------------------------------------------------------

From Clock    To Clock          WNS(ns)      TNS(ns)  TNS Failing Endpoints  TNS Total Endpoints      WHS(ns)      THS(ns)  THS Failing Endpoints  THS Total Endpoints  
----------    --------          -------      -------  ---------------------  -------------------      -------      -------  ---------------------  -------------------  


------------------------------------------------------------------------------------------------
| Other Path Groups Table
| -----------------------
------------------------------------------------------------------------------------------------

Path Group    From Clock    To Clock          WNS(ns)      TNS(ns)  TNS Failing Endpoints  TNS Total Endpoints      WHS(ns)      THS(ns)  THS Failing Endpoints  THS Total Endpoints  
----------    ----------    --------          -------      -------  ---------------------  -------------------      -------      -------  ---------------------  -------------------  


------------------------------------------------------------------------------------------------
| Timing Details
| --------------
------------------------------------------------------------------------------------------------


---------------------------------------------------------------------------------------------------
From Clock:  clk
  To Clock:  clk

Setup :            0  Failing Endpoints,  Worst Slack        0.328ns,  Total Violation        0.000ns
Hold  :            0  Failing Endpoints,  Worst Slack        0.046ns,  Total Violation        0.000ns
PW    :            0  Failing Endpoints,  Worst Slack        1.958ns,  Total Violation        0.000ns
---------------------------------------------------------------------------------------------------


Max Delay Paths
--------------------------------------------------------------------------------------
Slack (MET) :             0.328ns  (required time - arrival time)
  Source:                 g_int4.u_p520/u_engine/u_ping/mem_reg_bram_0/CLKBWRCLK
                            (rising edge-triggered cell RAMB36E2 clocked by clk  {rise@0.000ns fall@2.500ns period=5.000ns})
  Destination:            g_int4.u_p520/u_mac_mul/s2_reg/DSP_A_B_DATA_INST/A[18]
                            (rising edge-triggered cell DSP_A_B_DATA clocked by clk  {rise@0.000ns fall@2.500ns period=5.000ns})
  Path Group:             clk
  Path Type:              Setup (Max at Slow Process Corner)
  Requirement:            5.000ns  (clk rise@5.000ns - clk rise@0.000ns)
  Data Path Delay:        4.172ns  (logic 2.860ns (68.553%)  route 1.312ns (31.447%))
  Logic Levels:           11  (CARRY8=3 DSP_A_B_DATA=1 DSP_ALU=1 DSP_M_DATA=1 DSP_MULTIPLIER=1 DSP_OUTPUT=1 DSP_PREADD_DATA=1 LUT2=1 LUT3=1)
  Clock Path Skew:        -0.203ns (DCD - SCD + CPR)
    Destination Clock Delay (DCD):    2.328ns = ( 7.328 - 5.000 ) 
    Source Clock Delay      (SCD):    2.955ns
    Clock Pessimism Removal (CPR):    0.424ns
  Clock Uncertainty:      0.035ns  ((TSJ^2 + TIJ^2)^1/2 + DJ) / 2 + PE
    Total System Jitter     (TSJ):    0.071ns
    Total Input Jitter      (TIJ):    0.000ns
    Discrete Jitter          (DJ):    0.000ns
    Phase Error              (PE):    0.000ns
  Clock Net Delay (Source):      2.074ns (routing 0.878ns, distribution 1.196ns)
  Clock Net Delay (Destination): 1.740ns (routing 0.799ns, distribution 0.941ns)

    Location             Delay type                Incr(ns)  Path(ns)    Netlist Resource(s)
  -------------------------------------------------------------------    -------------------
                         (clock clk rise edge)        0.000     0.000 r  
    R10                                               0.000     0.000 r  clk (IN)
                         net (fo=0)                   0.000     0.000    clk_IBUF_inst/I
    R10                  INBUF (Prop_INBUF_HPIOB_M_PAD_O)
                                                      0.521     0.521 r  clk_IBUF_inst/INBUF_INST/O
                         net (fo=1, routed)           0.000     0.521    clk_IBUF_inst/OUT
    R10                  IBUFCTRL (Prop_IBUFCTRL_HPIOB_M_I_O)
                                                      0.000     0.521 r  clk_IBUF_inst/IBUFCTRL_INST/O
                         net (fo=1, routed)           0.332     0.853    clk_IBUF
    BUFGCE_X0Y77         BUFGCE (Prop_BUFCE_BUFGCE_I_O)
                                                      0.028     0.881 r  clk_IBUF_BUFG_inst/O
    X3Y2 (CLOCK_ROOT)    net (fo=367, routed)         2.074     2.955    g_int4.u_p520/u_engine/u_ping/clk_IBUF_BUFG
    RAMB36_X12Y26        RAMB36E2                                     r  g_int4.u_p520/u_engine/u_ping/mem_reg_bram_0/CLKBWRCLK
  -------------------------------------------------------------------    -------------------
    RAMB36_X12Y26        RAMB36E2 (Prop_RAMB36E2_RAMB36_CLKBWRCLK_DOUTBDOUT[3])
                                                      0.908     3.863 f  g_int4.u_p520/u_engine/u_ping/mem_reg_bram_0/DOUTBDOUT[3]
                         net (fo=3, routed)           0.370     4.233    g_int4.u_p520/u_engine/u_ping/ping_a_dout[3]
    SLICE_X92Y128        LUT3 (Prop_C6LUT_SLICEL_I0_O)
                                                      0.123     4.356 f  g_int4.u_p520/u_engine/u_ping/mem_reg_bram_0_i_16__1/O
                         net (fo=6, routed)           0.324     4.681    g_int4.u_p520/u_mac_mul/s10/A[3]
    DSP48E2_X17Y53       DSP_A_B_DATA (Prop_DSP_A_B_DATA_DSP48E2_A[3]_A2_DATA[3])
                                                      0.192     4.873 r  g_int4.u_p520/u_mac_mul/s10/DSP_A_B_DATA_INST/A2_DATA[3]
                         net (fo=1, routed)           0.000     4.873    g_int4.u_p520/u_mac_mul/s10/DSP_A_B_DATA.A2_DATA<3>
    DSP48E2_X17Y53       DSP_PREADD_DATA (Prop_DSP_PREADD_DATA_DSP48E2_A2_DATA[3]_A2A1[3])
                                                      0.076     4.949 r  g_int4.u_p520/u_mac_mul/s10/DSP_PREADD_DATA_INST/A2A1[3]
                         net (fo=1, routed)           0.000     4.949    g_int4.u_p520/u_mac_mul/s10/DSP_PREADD_DATA.A2A1<3>
    DSP48E2_X17Y53       DSP_MULTIPLIER (Prop_DSP_MULTIPLIER_DSP48E2_A2A1[3]_U[20])
                                                      0.505     5.454 f  g_int4.u_p520/u_mac_mul/s10/DSP_MULTIPLIER_INST/U[20]
                         net (fo=1, routed)           0.000     5.454    g_int4.u_p520/u_mac_mul/s10/DSP_MULTIPLIER.U<20>
    DSP48E2_X17Y53       DSP_M_DATA (Prop_DSP_M_DATA_DSP48E2_U[20]_U_DATA[20])
                                                      0.047     5.501 r  g_int4.u_p520/u_mac_mul/s10/DSP_M_DATA_INST/U_DATA[20]
                         net (fo=1, routed)           0.000     5.501    g_int4.u_p520/u_mac_mul/s10/DSP_M_DATA.U_DATA<20>
    DSP48E2_X17Y53       DSP_ALU (Prop_DSP_ALU_DSP48E2_U_DATA[20]_ALU_OUT[20])
                                                      0.585     6.086 f  g_int4.u_p520/u_mac_mul/s10/DSP_ALU_INST/ALU_OUT[20]
                         net (fo=1, routed)           0.000     6.086    g_int4.u_p520/u_mac_mul/s10/DSP_ALU.ALU_OUT<20>
    DSP48E2_X17Y53       DSP_OUTPUT (Prop_DSP_OUTPUT_DSP48E2_ALU_OUT[20]_P[20])
                                                      0.109     6.195 r  g_int4.u_p520/u_mac_mul/s10/DSP_OUTPUT_INST/P[20]
                         net (fo=2, routed)           0.205     6.400    g_int4.u_p520/u_mac_mul/s10_n_85
    SLICE_X90Y132        LUT2 (Prop_D6LUT_SLICEM_I0_O)
                                                      0.051     6.451 r  g_int4.u_p520/u_mac_mul/s2_reg_i_21/O
                         net (fo=1, routed)           0.025     6.476    g_int4.u_p520/u_mac_mul/s2_reg_i_21_n_0
    SLICE_X90Y132        CARRY8 (Prop_CARRY8_SLICEM_S[3]_CO[7])
                                                      0.163     6.639 r  g_int4.u_p520/u_mac_mul/s2_reg_i_3/CO[7]
                         net (fo=1, routed)           0.026     6.665    g_int4.u_p520/u_mac_mul/s2_reg_i_3_n_0
    SLICE_X90Y133        CARRY8 (Prop_CARRY8_SLICEM_CI_CO[7])
                                                      0.015     6.680 r  g_int4.u_p520/u_mac_mul/s2_reg_i_2/CO[7]
                         net (fo=1, routed)           0.026     6.706    g_int4.u_p520/u_mac_mul/s2_reg_i_2_n_0
    SLICE_X90Y134        CARRY8 (Prop_CARRY8_SLICEM_CI_O[4])
                                                      0.086     6.792 r  g_int4.u_p520/u_mac_mul/s2_reg_i_1/O[4]
                         net (fo=1, routed)           0.335     7.127    g_int4.u_p520/u_mac_mul/s2_reg/A[18]
    DSP48E2_X17Y52       DSP_A_B_DATA                                 r  g_int4.u_p520/u_mac_mul/s2_reg/DSP_A_B_DATA_INST/A[18]
  -------------------------------------------------------------------    -------------------

                         (clock clk rise edge)        5.000     5.000 r  
    R10                                               0.000     5.000 r  clk (IN)
                         net (fo=0)                   0.000     5.000    clk_IBUF_inst/I
    R10                  INBUF (Prop_INBUF_HPIOB_M_PAD_O)
                                                      0.271     5.271 r  clk_IBUF_inst/INBUF_INST/O
                         net (fo=1, routed)           0.000     5.271    clk_IBUF_inst/OUT
    R10                  IBUFCTRL (Prop_IBUFCTRL_HPIOB_M_I_O)
                                                      0.000     5.271 r  clk_IBUF_inst/IBUFCTRL_INST/O
                         net (fo=1, routed)           0.293     5.564    clk_IBUF
    BUFGCE_X0Y77         BUFGCE (Prop_BUFCE_BUFGCE_I_O)
                                                      0.024     5.588 r  clk_IBUF_BUFG_inst/O
    X3Y2 (CLOCK_ROOT)    net (fo=367, routed)         1.740     7.328    g_int4.u_p520/u_mac_mul/s2_reg/CLK
    DSP48E2_X17Y52       DSP_A_B_DATA                                 r  g_int4.u_p520/u_mac_mul/s2_reg/DSP_A_B_DATA_INST/CLK
                         clock pessimism              0.424     7.752    
                         clock uncertainty           -0.035     7.717    
    DSP48E2_X17Y52       DSP_A_B_DATA (Setup_DSP_A_B_DATA_DSP48E2_CLK_A[18])
                                                     -0.261     7.456    g_int4.u_p520/u_mac_mul/s2_reg/DSP_A_B_DATA_INST
  -------------------------------------------------------------------
                         required time                          7.456    
                         arrival time                          -7.127    
  -------------------------------------------------------------------
                         slack                                  0.328    

Slack (MET) :             0.351ns  (required time - arrival time)
  Source:                 g_int4.u_p520/u_engine/u_ping/mem_reg_bram_0/CLKBWRCLK
                            (rising edge-triggered cell RAMB36E2 clocked by clk  {rise@0.000ns fall@2.500ns period=5.000ns})
  Destination:            g_int4.u_p520/u_mac_mul/s2_reg/DSP_A_B_DATA_INST/A[7]
                            (rising edge-triggered cell DSP_A_B_DATA clocked by clk  {rise@0.000ns fall@2.500ns period=5.000ns})
  Path Group:             clk
  Path Type:              Setup (Max at Slow Process Corner)
  Requirement:            5.000ns  (clk rise@5.000ns - clk rise@0.000ns)
  Data Path Delay:        4.154ns  (logic 2.835ns (68.248%)  route 1.319ns (31.752%))
  Logic Levels:           10  (CARRY8=2 DSP_A_B_DATA=1 DSP_ALU=1 DSP_M_DATA=1 DSP_MULTIPLIER=1 DSP_OUTPUT=1 DSP_PREADD_DATA=1 LUT2=1 LUT3=1)
  Clock Path Skew:        -0.203ns (DCD - SCD + CPR)
    Destination Clock Delay (DCD):    2.328ns = ( 7.328 - 5.000 ) 
    Source Clock Delay      (SCD):    2.955ns
    Clock Pessimism Removal (CPR):    0.424ns
  Clock Uncertainty:      0.035ns  ((TSJ^2 + TIJ^2)^1/2 + DJ) / 2 + PE
    Total System Jitter     (TSJ):    0.071ns
    Total Input Jitter      (TIJ):    0.000ns
    Discrete Jitter          (DJ):    0.000ns
    Phase Error              (PE):    0.000ns
  Clock Net Delay (Source):      2.074ns (routing 0.878ns, distribution 1.196ns)
  Clock Net Delay (Destination): 1.740ns (routing 0.799ns, distribution 0.941ns)

    Location             Delay type                Incr(ns)  Path(ns)    Netlist Resource(s)
  -------------------------------------------------------------------    -------------------
                         (clock clk rise edge)        0.000     0.000 r  
    R10                                               0.000     0.000 r  clk (IN)
                         net (fo=0)                   0.000     0.000    clk_IBUF_inst/I
    R10                  INBUF (Prop_INBUF_HPIOB_M_PAD_O)
                                                      0.521     0.521 r  clk_IBUF_inst/INBUF_INST/O
                         net (fo=1, routed)           0.000     0.521    clk_IBUF_inst/OUT
    R10                  IBUFCTRL (Prop_IBUFCTRL_HPIOB_M_I_O)
                                                      0.000     0.521 r  clk_IBUF_inst/IBUFCTRL_INST/O
                         net (fo=1, routed)           0.332     0.853    clk_IBUF
    BUFGCE_X0Y77         BUFGCE (Prop_BUFCE_BUFGCE_I_O)
                                                      0.028     0.881 r  clk_IBUF_BUFG_inst/O
    X3Y2 (CLOCK_ROOT)    net (fo=367, routed)         2.074     2.955    g_int4.u_p520/u_engine/u_ping/clk_IBUF_BUFG
    RAMB36_X12Y26        RAMB36E2                                     r  g_int4.u_p520/u_engine/u_ping/mem_reg_bram_0/CLKBWRCLK
  -------------------------------------------------------------------    -------------------
    RAMB36_X12Y26        RAMB36E2 (Prop_RAMB36E2_RAMB36_CLKBWRCLK_DOUTBDOUT[3])
                                                      0.908     3.863 f  g_int4.u_p520/u_engine/u_ping/mem_reg_bram_0/DOUTBDOUT[3]
                         net (fo=3, routed)           0.370     4.233    g_int4.u_p520/u_engine/u_ping/ping_a_dout[3]
    SLICE_X92Y128        LUT3 (Prop_C6LUT_SLICEL_I0_O)
                                                      0.123     4.356 f  g_int4.u_p520/u_engine/u_ping/mem_reg_bram_0_i_16__1/O
                         net (fo=6, routed)           0.324     4.681    g_int4.u_p520/u_mac_mul/s10/A[3]
    DSP48E2_X17Y53       DSP_A_B_DATA (Prop_DSP_A_B_DATA_DSP48E2_A[3]_A2_DATA[3])
                                                      0.192     4.873 r  g_int4.u_p520/u_mac_mul/s10/DSP_A_B_DATA_INST/A2_DATA[3]
                         net (fo=1, routed)           0.000     4.873    g_int4.u_p520/u_mac_mul/s10/DSP_A_B_DATA.A2_DATA<3>
    DSP48E2_X17Y53       DSP_PREADD_DATA (Prop_DSP_PREADD_DATA_DSP48E2_A2_DATA[3]_A2A1[3])
                                                      0.076     4.949 r  g_int4.u_p520/u_mac_mul/s10/DSP_PREADD_DATA_INST/A2A1[3]
                         net (fo=1, routed)           0.000     4.949    g_int4.u_p520/u_mac_mul/s10/DSP_PREADD_DATA.A2A1<3>
    DSP48E2_X17Y53       DSP_MULTIPLIER (Prop_DSP_MULTIPLIER_DSP48E2_A2A1[3]_U[20])
                                                      0.505     5.454 f  g_int4.u_p520/u_mac_mul/s10/DSP_MULTIPLIER_INST/U[20]
                         net (fo=1, routed)           0.000     5.454    g_int4.u_p520/u_mac_mul/s10/DSP_MULTIPLIER.U<20>
    DSP48E2_X17Y53       DSP_M_DATA (Prop_DSP_M_DATA_DSP48E2_U[20]_U_DATA[20])
                                                      0.047     5.501 r  g_int4.u_p520/u_mac_mul/s10/DSP_M_DATA_INST/U_DATA[20]
                         net (fo=1, routed)           0.000     5.501    g_int4.u_p520/u_mac_mul/s10/DSP_M_DATA.U_DATA<20>
    DSP48E2_X17Y53       DSP_ALU (Prop_DSP_ALU_DSP48E2_U_DATA[20]_ALU_OUT[20])
                                                      0.585     6.086 f  g_int4.u_p520/u_mac_mul/s10/DSP_ALU_INST/ALU_OUT[20]
                         net (fo=1, routed)           0.000     6.086    g_int4.u_p520/u_mac_mul/s10/DSP_ALU.ALU_OUT<20>
    DSP48E2_X17Y53       DSP_OUTPUT (Prop_DSP_OUTPUT_DSP48E2_ALU_OUT[20]_P[20])
                                                      0.109     6.195 r  g_int4.u_p520/u_mac_mul/s10/DSP_OUTPUT_INST/P[20]
                         net (fo=2, routed)           0.205     6.400    g_int4.u_p520/u_mac_mul/s10_n_85
    SLICE_X90Y132        LUT2 (Prop_D6LUT_SLICEM_I0_O)
                                                      0.051     6.451 r  g_int4.u_p520/u_mac_mul/s2_reg_i_21/O
                         net (fo=1, routed)           0.025     6.476    g_int4.u_p520/u_mac_mul/s2_reg_i_21_n_0
    SLICE_X90Y132        CARRY8 (Prop_CARRY8_SLICEM_S[3]_CO[7])
                                                      0.163     6.639 r  g_int4.u_p520/u_mac_mul/s2_reg_i_3/CO[7]
                         net (fo=1, routed)           0.026     6.665    g_int4.u_p520/u_mac_mul/s2_reg_i_3_n_0
    SLICE_X90Y133        CARRY8 (Prop_CARRY8_SLICEM_CI_O[1])
                                                      0.076     6.741 r  g_int4.u_p520/u_mac_mul/s2_reg_i_2/O[1]
                         net (fo=1, routed)           0.368     7.109    g_int4.u_p520/u_mac_mul/s2_reg/A[7]
    DSP48E2_X17Y52       DSP_A_B_DATA                                 r  g_int4.u_p520/u_mac_mul/s2_reg/DSP_A_B_DATA_INST/A[7]
  -------------------------------------------------------------------    -------------------

                         (clock clk rise edge)        5.000     5.000 r  
    R10                                               0.000     5.000 r  clk (IN)
                         net (fo=0)                   0.000     5.000    clk_IBUF_inst/I
    R10                  INBUF (Prop_INBUF_HPIOB_M_PAD_O)
                                                      0.271     5.271 r  clk_IBUF_inst/INBUF_INST/O
                         net (fo=1, routed)           0.000     5.271    clk_IBUF_inst/OUT
    R10                  IBUFCTRL (Prop_IBUFCTRL_HPIOB_M_I_O)
                                                      0.000     5.271 r  clk_IBUF_inst/IBUFCTRL_INST/O
                         net (fo=1, routed)           0.293     5.564    clk_IBUF
    BUFGCE_X0Y77         BUFGCE (Prop_BUFCE_BUFGCE_I_O)
                                                      0.024     5.588 r  clk_IBUF_BUFG_inst/O
    X3Y2 (CLOCK_ROOT)    net (fo=367, routed)         1.740     7.328    g_int4.u_p520/u_mac_mul/s2_reg/CLK
    DSP48E2_X17Y52       DSP_A_B_DATA                                 r  g_int4.u_p520/u_mac_mul/s2_reg/DSP_A_B_DATA_INST/CLK
                         clock pessimism              0.424     7.752    
                         clock uncertainty           -0.035     7.717    
    DSP48E2_X17Y52       DSP_A_B_DATA (Setup_DSP_A_B_DATA_DSP48E2_CLK_A[7])
                                                     -0.256     7.461    g_int4.u_p520/u_mac_mul/s2_reg/DSP_A_B_DATA_INST
  -------------------------------------------------------------------
                         required time                          7.461    
                         arrival time                          -7.109    
  -------------------------------------------------------------------
                         slack                                  0.351    

Slack (MET) :             0.381ns  (required time - arrival time)
  Source:                 g_int4.u_p520/u_engine/u_ping/mem_reg_bram_0/CLKBWRCLK
                            (rising edge-triggered cell RAMB36E2 clocked by clk  {rise@0.000ns fall@2.500ns period=5.000ns})
  Destination:            g_int4.u_p520/u_mac_mul/s2_reg/DSP_A_B_DATA_INST/A[2]
                            (rising edge-triggered cell DSP_A_B_DATA clocked by clk  {rise@0.000ns fall@2.500ns period=5.000ns})
  Path Group:             clk
  Path Type:              Setup (Max at Slow Process Corner)
  Requirement:            5.000ns  (clk rise@5.000ns - clk rise@0.000ns)
  Data Path Delay:        4.110ns  (logic 2.723ns (66.247%)  route 1.387ns (33.753%))
  Logic Levels:           8  (CARRY8=1 DSP_A_B_DATA=1 DSP_ALU=1 DSP_M_DATA=1 DSP_MULTIPLIER=1 DSP_OUTPUT=1 DSP_PREADD_DATA=1 LUT3=1)
  Clock Path Skew:        -0.203ns (DCD - SCD + CPR)
    Destination Clock Delay (DCD):    2.328ns = ( 7.328 - 5.000 ) 
    Source Clock Delay      (SCD):    2.955ns
    Clock Pessimism Removal (CPR):    0.424ns
  Clock Uncertainty:      0.035ns  ((TSJ^2 + TIJ^2)^1/2 + DJ) / 2 + PE
    Total System Jitter     (TSJ):    0.071ns
    Total Input Jitter      (TIJ):    0.000ns
    Discrete Jitter          (DJ):    0.000ns
    Phase Error              (PE):    0.000ns
  Clock Net Delay (Source):      2.074ns (routing 0.878ns, distribution 1.196ns)
  Clock Net Delay (Destination): 1.740ns (routing 0.799ns, distribution 0.941ns)

    Location             Delay type                Incr(ns)  Path(ns)    Netlist Resource(s)
  -------------------------------------------------------------------    -------------------
                         (clock clk rise edge)        0.000     0.000 r  
    R10                                               0.000     0.000 r  clk (IN)
                         net (fo=0)                   0.000     0.000    clk_IBUF_inst/I
    R10                  INBUF (Prop_INBUF_HPIOB_M_PAD_O)
                                                      0.521     0.521 r  clk_IBUF_inst/INBUF_INST/O
                         net (fo=1, routed)           0.000     0.521    clk_IBUF_inst/OUT
    R10                  IBUFCTRL (Prop_IBUFCTRL_HPIOB_M_I_O)
                                                      0.000     0.521 r  clk_IBUF_inst/IBUFCTRL_INST/O
                         net (fo=1, routed)           0.332     0.853    clk_IBUF
    BUFGCE_X0Y77         BUFGCE (Prop_BUFCE_BUFGCE_I_O)
                                                      0.028     0.881 r  clk_IBUF_BUFG_inst/O
    X3Y2 (CLOCK_ROOT)    net (fo=367, routed)         2.074     2.955    g_int4.u_p520/u_engine/u_ping/clk_IBUF_BUFG
    RAMB36_X12Y26        RAMB36E2                                     r  g_int4.u_p520/u_engine/u_ping/mem_reg_bram_0/CLKBWRCLK
  -------------------------------------------------------------------    -------------------
    RAMB36_X12Y26        RAMB36E2 (Prop_RAMB36E2_RAMB36_CLKBWRCLK_DOUTBDOUT[3])
                                                      0.908     3.863 f  g_int4.u_p520/u_engine/u_ping/mem_reg_bram_0/DOUTBDOUT[3]
                         net (fo=3, routed)           0.370     4.233    g_int4.u_p520/u_engine/u_ping/ping_a_dout[3]
    SLICE_X92Y128        LUT3 (Prop_C6LUT_SLICEL_I0_O)
                                                      0.123     4.356 f  g_int4.u_p520/u_engine/u_ping/mem_reg_bram_0_i_16__1/O
                         net (fo=6, routed)           0.324     4.681    g_int4.u_p520/u_mac_mul/s10/A[3]
    DSP48E2_X17Y53       DSP_A_B_DATA (Prop_DSP_A_B_DATA_DSP48E2_A[3]_A2_DATA[3])
                                                      0.192     4.873 r  g_int4.u_p520/u_mac_mul/s10/DSP_A_B_DATA_INST/A2_DATA[3]
                         net (fo=1, routed)           0.000     4.873    g_int4.u_p520/u_mac_mul/s10/DSP_A_B_DATA.A2_DATA<3>
    DSP48E2_X17Y53       DSP_PREADD_DATA (Prop_DSP_PREADD_DATA_DSP48E2_A2_DATA[3]_A2A1[3])
                                                      0.076     4.949 r  g_int4.u_p520/u_mac_mul/s10/DSP_PREADD_DATA_INST/A2A1[3]
                         net (fo=1, routed)           0.000     4.949    g_int4.u_p520/u_mac_mul/s10/DSP_PREADD_DATA.A2A1<3>
    DSP48E2_X17Y53       DSP_MULTIPLIER (Prop_DSP_MULTIPLIER_DSP48E2_A2A1[3]_U[17])
                                                      0.505     5.454 f  g_int4.u_p520/u_mac_mul/s10/DSP_MULTIPLIER_INST/U[17]
                         net (fo=1, routed)           0.000     5.454    g_int4.u_p520/u_mac_mul/s10/DSP_MULTIPLIER.U<17>
    DSP48E2_X17Y53       DSP_M_DATA (Prop_DSP_M_DATA_DSP48E2_U[17]_U_DATA[17])
                                                      0.047     5.501 r  g_int4.u_p520/u_mac_mul/s10/DSP_M_DATA_INST/U_DATA[17]
                         net (fo=1, routed)           0.000     5.501    g_int4.u_p520/u_mac_mul/s10/DSP_M_DATA.U_DATA<17>
    DSP48E2_X17Y53       DSP_ALU (Prop_DSP_ALU_DSP48E2_U_DATA[17]_ALU_OUT[17])
                                                      0.585     6.086 f  g_int4.u_p520/u_mac_mul/s10/DSP_ALU_INST/ALU_OUT[17]
                         net (fo=1, routed)           0.000     6.086    g_int4.u_p520/u_mac_mul/s10/DSP_ALU.ALU_OUT<17>
    DSP48E2_X17Y53       DSP_OUTPUT (Prop_DSP_OUTPUT_DSP48E2_ALU_OUT[17]_P[17])
                                                      0.109     6.195 r  g_int4.u_p520/u_mac_mul/s10/DSP_OUTPUT_INST/P[17]
                         net (fo=2, routed)           0.292     6.487    g_int4.u_p520/u_mac_mul/s10_n_88
    SLICE_X90Y132        CARRY8 (Prop_CARRY8_SLICEM_DI[0]_O[4])
                                                      0.178     6.665 r  g_int4.u_p520/u_mac_mul/s2_reg_i_3/O[4]
                         net (fo=1, routed)           0.401     7.066    g_int4.u_p520/u_mac_mul/s2_reg/A[2]
    DSP48E2_X17Y52       DSP_A_B_DATA                                 r  g_int4.u_p520/u_mac_mul/s2_reg/DSP_A_B_DATA_INST/A[2]
  -------------------------------------------------------------------    -------------------

                         (clock clk rise edge)        5.000     5.000 r  
    R10                                               0.000     5.000 r  clk (IN)
                         net (fo=0)                   0.000     5.000    clk_IBUF_inst/I
    R10                  INBUF (Prop_INBUF_HPIOB_M_PAD_O)
                                                      0.271     5.271 r  clk_IBUF_inst/INBUF_INST/O
                         net (fo=1, routed)           0.000     5.271    clk_IBUF_inst/OUT
    R10                  IBUFCTRL (Prop_IBUFCTRL_HPIOB_M_I_O)
                                                      0.000     5.271 r  clk_IBUF_inst/IBUFCTRL_INST/O
                         net (fo=1, routed)           0.293     5.564    clk_IBUF
    BUFGCE_X0Y77         BUFGCE (Prop_BUFCE_BUFGCE_I_O)
                                                      0.024     5.588 r  clk_IBUF_BUFG_inst/O
    X3Y2 (CLOCK_ROOT)    net (fo=367, routed)         1.740     7.328    g_int4.u_p520/u_mac_mul/s2_reg/CLK
    DSP48E2_X17Y52       DSP_A_B_DATA                                 r  g_int4.u_p520/u_mac_mul/s2_reg/DSP_A_B_DATA_INST/CLK
                         clock pessimism              0.424     7.752    
                         clock uncertainty           -0.035     7.717    
    DSP48E2_X17Y52       DSP_A_B_DATA (Setup_DSP_A_B_DATA_DSP48E2_CLK_A[2])
                                                     -0.270     7.447    g_int4.u_p520/u_mac_mul/s2_reg/DSP_A_B_DATA_INST
  -------------------------------------------------------------------
                         required time                          7.447    
                         arrival time                          -7.066    
  -------------------------------------------------------------------
                         slack                                  0.381    

Slack (MET) :             0.392ns  (required time - arrival time)
  Source:                 g_int4.u_p520/u_engine/u_pong/mem_reg_bram_0/CLKARDCLK
                            (rising edge-triggered cell RAMB36E2 clocked by clk  {rise@0.000ns fall@2.500ns period=5.000ns})
  Destination:            g_int4.u_p520/u_engine/u_mul/s2_reg/DSP_A_B_DATA_INST/A[11]
                            (rising edge-triggered cell DSP_A_B_DATA clocked by clk  {rise@0.000ns fall@2.500ns period=5.000ns})
  Path Group:             clk
  Path Type:              Setup (Max at Slow Process Corner)
  Requirement:            5.000ns  (clk rise@5.000ns - clk rise@0.000ns)
  Data Path Delay:        4.115ns  (logic 2.940ns (71.439%)  route 1.175ns (28.561%))
  Logic Levels:           11  (CARRY8=2 DSP_A_B_DATA=1 DSP_ALU=1 DSP_M_DATA=1 DSP_MULTIPLIER=1 DSP_OUTPUT=1 DSP_PREADD_DATA=1 LUT2=1 LUT5=1 LUT6=1)
  Clock Path Skew:        -0.197ns (DCD - SCD + CPR)
    Destination Clock Delay (DCD):    2.324ns = ( 7.324 - 5.000 ) 
    Source Clock Delay      (SCD):    2.945ns
    Clock Pessimism Removal (CPR):    0.424ns
  Clock Uncertainty:      0.035ns  ((TSJ^2 + TIJ^2)^1/2 + DJ) / 2 + PE
    Total System Jitter     (TSJ):    0.071ns
    Total Input Jitter      (TIJ):    0.000ns
    Discrete Jitter          (DJ):    0.000ns
    Phase Error              (PE):    0.000ns
  Clock Net Delay (Source):      2.063ns (routing 0.878ns, distribution 1.185ns)
  Clock Net Delay (Destination): 1.736ns (routing 0.799ns, distribution 0.937ns)

    Location             Delay type                Incr(ns)  Path(ns)    Netlist Resource(s)
  -------------------------------------------------------------------    -------------------
                         (clock clk rise edge)        0.000     0.000 r  
    R10                                               0.000     0.000 r  clk (IN)
                         net (fo=0)                   0.000     0.000    clk_IBUF_inst/I
    R10                  INBUF (Prop_INBUF_HPIOB_M_PAD_O)
                                                      0.521     0.521 r  clk_IBUF_inst/INBUF_INST/O
                         net (fo=1, routed)           0.000     0.521    clk_IBUF_inst/OUT
    R10                  IBUFCTRL (Prop_IBUFCTRL_HPIOB_M_I_O)
                                                      0.000     0.521 r  clk_IBUF_inst/IBUFCTRL_INST/O
                         net (fo=1, routed)           0.332     0.853    clk_IBUF
    BUFGCE_X0Y77         BUFGCE (Prop_BUFCE_BUFGCE_I_O)
                                                      0.028     0.881 r  clk_IBUF_BUFG_inst/O
    X3Y2 (CLOCK_ROOT)    net (fo=367, routed)         2.063     2.945    g_int4.u_p520/u_engine/u_pong/clk_IBUF_BUFG
    RAMB36_X12Y25        RAMB36E2                                     r  g_int4.u_p520/u_engine/u_pong/mem_reg_bram_0/CLKARDCLK
  -------------------------------------------------------------------    -------------------
    RAMB36_X12Y25        RAMB36E2 (Prop_RAMB36E2_RAMB36_CLKARDCLK_DOUTADOUT[10])
                                                      0.883     3.828 f  g_int4.u_p520/u_engine/u_pong/mem_reg_bram_0/DOUTADOUT[10]
                         net (fo=1, routed)           0.283     4.111    g_int4.u_p520/u_engine/u_pong/mem_reg_bram_0_n_89
    SLICE_X93Y127        LUT5 (Prop_F6LUT_SLICEM_I2_O)
                                                      0.123     4.234 f  g_int4.u_p520/u_engine/u_pong/s10_i_44/O
                         net (fo=1, routed)           0.091     4.325    g_int4.u_p520/u_engine/u_ping/s10_11
    SLICE_X92Y127        LUT6 (Prop_H6LUT_SLICEL_I5_O)
                                                      0.051     4.376 f  g_int4.u_p520/u_engine/u_ping/s10_i_7/O
                         net (fo=1, routed)           0.260     4.636    g_int4.u_p520/u_engine/u_mul/s10/B[10]
    DSP48E2_X17Y50       DSP_A_B_DATA (Prop_DSP_A_B_DATA_DSP48E2_B[10]_B2_DATA[10])
                                                      0.151     4.787 r  g_int4.u_p520/u_engine/u_mul/s10/DSP_A_B_DATA_INST/B2_DATA[10]
                         net (fo=1, routed)           0.000     4.787    g_int4.u_p520/u_engine/u_mul/s10/DSP_A_B_DATA.B2_DATA<10>
    DSP48E2_X17Y50       DSP_PREADD_DATA (Prop_DSP_PREADD_DATA_DSP48E2_B2_DATA[10]_B2B1[10])
                                                      0.073     4.860 r  g_int4.u_p520/u_engine/u_mul/s10/DSP_PREADD_DATA_INST/B2B1[10]
                         net (fo=1, routed)           0.000     4.860    g_int4.u_p520/u_engine/u_mul/s10/DSP_PREADD_DATA.B2B1<10>
    DSP48E2_X17Y50       DSP_MULTIPLIER (Prop_DSP_MULTIPLIER_DSP48E2_B2B1[10]_V[21])
                                                      0.609     5.469 f  g_int4.u_p520/u_engine/u_mul/s10/DSP_MULTIPLIER_INST/V[21]
                         net (fo=1, routed)           0.000     5.469    g_int4.u_p520/u_engine/u_mul/s10/DSP_MULTIPLIER.V<21>
    DSP48E2_X17Y50       DSP_M_DATA (Prop_DSP_M_DATA_DSP48E2_V[21]_V_DATA[21])
                                                      0.046     5.515 r  g_int4.u_p520/u_engine/u_mul/s10/DSP_M_DATA_INST/V_DATA[21]
                         net (fo=1, routed)           0.000     5.515    g_int4.u_p520/u_engine/u_mul/s10/DSP_M_DATA.V_DATA<21>
    DSP48E2_X17Y50       DSP_ALU (Prop_DSP_ALU_DSP48E2_V_DATA[21]_ALU_OUT[21])
                                                      0.571     6.086 f  g_int4.u_p520/u_engine/u_mul/s10/DSP_ALU_INST/ALU_OUT[21]
                         net (fo=1, routed)           0.000     6.086    g_int4.u_p520/u_engine/u_mul/s10/DSP_ALU.ALU_OUT<21>
    DSP48E2_X17Y50       DSP_OUTPUT (Prop_DSP_OUTPUT_DSP48E2_ALU_OUT[21]_P[21])
                                                      0.109     6.195 r  g_int4.u_p520/u_engine/u_mul/s10/DSP_OUTPUT_INST/P[21]
                         net (fo=2, routed)           0.210     6.405    g_int4.u_p520/u_engine/u_mul/s10_n_84
    SLICE_X90Y127        LUT2 (Prop_E6LUT_SLICEM_I0_O)
                                                      0.052     6.457 r  g_int4.u_p520/u_engine/u_mul/i__carry_i_4/O
                         net (fo=1, routed)           0.014     6.471    g_int4.u_p520/u_engine/u_mul/i__carry_i_4_n_0
    SLICE_X90Y127        CARRY8 (Prop_CARRY8_SLICEM_S[4]_CO[7])
                                                      0.156     6.627 r  g_int4.u_p520/u_engine/u_mul/s10_inferred__0/i__carry/CO[7]
                         net (fo=1, routed)           0.026     6.653    g_int4.u_p520/u_engine/u_mul/s10_inferred__0/i__carry_n_0
    SLICE_X90Y128        CARRY8 (Prop_CARRY8_SLICEM_CI_O[5])
                                                      0.116     6.769 r  g_int4.u_p520/u_engine/u_mul/s10_inferred__0/i__carry__0/O[5]
                         net (fo=1, routed)           0.291     7.060    g_int4.u_p520/u_engine/u_mul/s2_reg/A[11]
    DSP48E2_X17Y51       DSP_A_B_DATA                                 r  g_int4.u_p520/u_engine/u_mul/s2_reg/DSP_A_B_DATA_INST/A[11]
  -------------------------------------------------------------------    -------------------

                         (clock clk rise edge)        5.000     5.000 r  
    R10                                               0.000     5.000 r  clk (IN)
                         net (fo=0)                   0.000     5.000    clk_IBUF_inst/I
    R10                  INBUF (Prop_INBUF_HPIOB_M_PAD_O)
                                                      0.271     5.271 r  clk_IBUF_inst/INBUF_INST/O
                         net (fo=1, routed)           0.000     5.271    clk_IBUF_inst/OUT
    R10                  IBUFCTRL (Prop_IBUFCTRL_HPIOB_M_I_O)
                                                      0.000     5.271 r  clk_IBUF_inst/IBUFCTRL_INST/O
                         net (fo=1, routed)           0.293     5.564    clk_IBUF
    BUFGCE_X0Y77         BUFGCE (Prop_BUFCE_BUFGCE_I_O)
                                                      0.024     5.588 r  clk_IBUF_BUFG_inst/O
    X3Y2 (CLOCK_ROOT)    net (fo=367, routed)         1.736     7.324    g_int4.u_p520/u_engine/u_mul/s2_reg/CLK
    DSP48E2_X17Y51       DSP_A_B_DATA                                 r  g_int4.u_p520/u_engine/u_mul/s2_reg/DSP_A_B_DATA_INST/CLK
                         clock pessimism              0.424     7.748    
                         clock uncertainty           -0.035     7.713    
    DSP48E2_X17Y51       DSP_A_B_DATA (Setup_DSP_A_B_DATA_DSP48E2_CLK_A[11])
                                                     -0.261     7.452    g_int4.u_p520/u_engine/u_mul/s2_reg/DSP_A_B_DATA_INST
  -------------------------------------------------------------------
                         required time                          7.452    
                         arrival time                          -7.060    
  -------------------------------------------------------------------
                         slack                                  0.392    

Slack (MET) :             0.393ns  (required time - arrival time)
  Source:                 g_int4.u_p520/u_engine/u_pong/mem_reg_bram_0/CLKARDCLK
                            (rising edge-triggered cell RAMB36E2 clocked by clk  {rise@0.000ns fall@2.500ns period=5.000ns})
  Destination:            g_int4.u_p520/u_engine/u_mul/s2_reg/DSP_A_B_DATA_INST/A[18]
                            (rising edge-triggered cell DSP_A_B_DATA clocked by clk  {rise@0.000ns fall@2.500ns period=5.000ns})
  Path Group:             clk
  Path Type:              Setup (Max at Slow Process Corner)
  Requirement:            5.000ns  (clk rise@5.000ns - clk rise@0.000ns)
  Data Path Delay:        4.114ns  (logic 2.835ns (68.904%)  route 1.279ns (31.096%))
  Logic Levels:           10  (CARRY8=2 DSP_A_B_DATA=1 DSP_ALU=1 DSP_M_DATA=1 DSP_MULTIPLIER=1 DSP_OUTPUT=1 DSP_PREADD_DATA=1 LUT5=1 LUT6=1)
  Clock Path Skew:        -0.197ns (DCD - SCD + CPR)
    Destination Clock Delay (DCD):    2.324ns = ( 7.324 - 5.000 ) 
    Source Clock Delay      (SCD):    2.945ns
    Clock Pessimism Removal (CPR):    0.424ns
  Clock Uncertainty:      0.035ns  ((TSJ^2 + TIJ^2)^1/2 + DJ) / 2 + PE
    Total System Jitter     (TSJ):    0.071ns
    Total Input Jitter      (TIJ):    0.000ns
    Discrete Jitter          (DJ):    0.000ns
    Phase Error              (PE):    0.000ns
  Clock Net Delay (Source):      2.063ns (routing 0.878ns, distribution 1.185ns)
  Clock Net Delay (Destination): 1.736ns (routing 0.799ns, distribution 0.937ns)

    Location             Delay type                Incr(ns)  Path(ns)    Netlist Resource(s)
  -------------------------------------------------------------------    -------------------
                         (clock clk rise edge)        0.000     0.000 r  
    R10                                               0.000     0.000 r  clk (IN)
                         net (fo=0)                   0.000     0.000    clk_IBUF_inst/I
    R10                  INBUF (Prop_INBUF_HPIOB_M_PAD_O)
                                                      0.521     0.521 r  clk_IBUF_inst/INBUF_INST/O
                         net (fo=1, routed)           0.000     0.521    clk_IBUF_inst/OUT
    R10                  IBUFCTRL (Prop_IBUFCTRL_HPIOB_M_I_O)
                                                      0.000     0.521 r  clk_IBUF_inst/IBUFCTRL_INST/O
                         net (fo=1, routed)           0.332     0.853    clk_IBUF
    BUFGCE_X0Y77         BUFGCE (Prop_BUFCE_BUFGCE_I_O)
                                                      0.028     0.881 r  clk_IBUF_BUFG_inst/O
    X3Y2 (CLOCK_ROOT)    net (fo=367, routed)         2.063     2.945    g_int4.u_p520/u_engine/u_pong/clk_IBUF_BUFG
    RAMB36_X12Y25        RAMB36E2                                     r  g_int4.u_p520/u_engine/u_pong/mem_reg_bram_0/CLKARDCLK
  -------------------------------------------------------------------    -------------------
    RAMB36_X12Y25        RAMB36E2 (Prop_RAMB36E2_RAMB36_CLKARDCLK_DOUTADOUT[10])
                                                      0.883     3.828 f  g_int4.u_p520/u_engine/u_pong/mem_reg_bram_0/DOUTADOUT[10]
                         net (fo=1, routed)           0.283     4.111    g_int4.u_p520/u_engine/u_pong/mem_reg_bram_0_n_89
    SLICE_X93Y127        LUT5 (Prop_F6LUT_SLICEM_I2_O)
                                                      0.123     4.234 f  g_int4.u_p520/u_engine/u_pong/s10_i_44/O
                         net (fo=1, routed)           0.091     4.325    g_int4.u_p520/u_engine/u_ping/s10_11
    SLICE_X92Y127        LUT6 (Prop_H6LUT_SLICEL_I5_O)
                                                      0.051     4.376 f  g_int4.u_p520/u_engine/u_ping/s10_i_7/O
                         net (fo=1, routed)           0.260     4.636    g_int4.u_p520/u_engine/u_mul/s10/B[10]
    DSP48E2_X17Y50       DSP_A_B_DATA (Prop_DSP_A_B_DATA_DSP48E2_B[10]_B2_DATA[10])
                                                      0.151     4.787 r  g_int4.u_p520/u_engine/u_mul/s10/DSP_A_B_DATA_INST/B2_DATA[10]
                         net (fo=1, routed)           0.000     4.787    g_int4.u_p520/u_engine/u_mul/s10/DSP_A_B_DATA.B2_DATA<10>
    DSP48E2_X17Y50       DSP_PREADD_DATA (Prop_DSP_PREADD_DATA_DSP48E2_B2_DATA[10]_B2B1[10])
                                                      0.073     4.860 r  g_int4.u_p520/u_engine/u_mul/s10/DSP_PREADD_DATA_INST/B2B1[10]
                         net (fo=1, routed)           0.000     4.860    g_int4.u_p520/u_engine/u_mul/s10/DSP_PREADD_DATA.B2B1<10>
    DSP48E2_X17Y50       DSP_MULTIPLIER (Prop_DSP_MULTIPLIER_DSP48E2_B2B1[10]_V[25])
                                                      0.609     5.469 f  g_int4.u_p520/u_engine/u_mul/s10/DSP_MULTIPLIER_INST/V[25]
                         net (fo=1, routed)           0.000     5.469    g_int4.u_p520/u_engine/u_mul/s10/DSP_MULTIPLIER.V<25>
    DSP48E2_X17Y50       DSP_M_DATA (Prop_DSP_M_DATA_DSP48E2_V[25]_V_DATA[25])
                                                      0.046     5.515 r  g_int4.u_p520/u_engine/u_mul/s10/DSP_M_DATA_INST/V_DATA[25]
                         net (fo=1, routed)           0.000     5.515    g_int4.u_p520/u_engine/u_mul/s10/DSP_M_DATA.V_DATA<25>
    DSP48E2_X17Y50       DSP_ALU (Prop_DSP_ALU_DSP48E2_V_DATA[25]_ALU_OUT[25])
                                                      0.571     6.086 f  g_int4.u_p520/u_engine/u_mul/s10/DSP_ALU_INST/ALU_OUT[25]
                         net (fo=1, routed)           0.000     6.086    g_int4.u_p520/u_engine/u_mul/s10/DSP_ALU.ALU_OUT<25>
    DSP48E2_X17Y50       DSP_OUTPUT (Prop_DSP_OUTPUT_DSP48E2_ALU_OUT[25]_P[25])
                                                      0.109     6.195 r  g_int4.u_p520/u_engine/u_mul/s10/DSP_OUTPUT_INST/P[25]
                         net (fo=2, routed)           0.343     6.538    g_int4.u_p520/u_engine/u_mul/s10_n_80
    SLICE_X90Y128        CARRY8 (Prop_CARRY8_SLICEM_DI[0]_CO[7])
                                                      0.133     6.671 r  g_int4.u_p520/u_engine/u_mul/s10_inferred__0/i__carry__0/CO[7]
                         net (fo=1, routed)           0.026     6.697    g_int4.u_p520/u_engine/u_mul/s10_inferred__0/i__carry__0_n_0
    SLICE_X90Y129        CARRY8 (Prop_CARRY8_SLICEM_CI_O[4])
                                                      0.086     6.783 r  g_int4.u_p520/u_engine/u_mul/s10_inferred__0/i__carry__1/O[4]
                         net (fo=1, routed)           0.276     7.059    g_int4.u_p520/u_engine/u_mul/s2_reg/A[18]
    DSP48E2_X17Y51       DSP_A_B_DATA                                 r  g_int4.u_p520/u_engine/u_mul/s2_reg/DSP_A_B_DATA_INST/A[18]
  -------------------------------------------------------------------    -------------------

                         (clock clk rise edge)        5.000     5.000 r  
    R10                                               0.000     5.000 r  clk (IN)
                         net (fo=0)                   0.000     5.000    clk_IBUF_inst/I
    R10                  INBUF (Prop_INBUF_HPIOB_M_PAD_O)
                                                      0.271     5.271 r  clk_IBUF_inst/INBUF_INST/O
                         net (fo=1, routed)           0.000     5.271    clk_IBUF_inst/OUT
    R10                  IBUFCTRL (Prop_IBUFCTRL_HPIOB_M_I_O)
                                                      0.000     5.271 r  clk_IBUF_inst/IBUFCTRL_INST/O
                         net (fo=1, routed)           0.293     5.564    clk_IBUF
    BUFGCE_X0Y77         BUFGCE (Prop_BUFCE_BUFGCE_I_O)
                                                      0.024     5.588 r  clk_IBUF_BUFG_inst/O
    X3Y2 (CLOCK_ROOT)    net (fo=367, routed)         1.736     7.324    g_int4.u_p520/u_engine/u_mul/s2_reg/CLK
    DSP48E2_X17Y51       DSP_A_B_DATA                                 r  g_int4.u_p520/u_engine/u_mul/s2_reg/DSP_A_B_DATA_INST/CLK
                         clock pessimism              0.424     7.748    
                         clock uncertainty           -0.035     7.713    
    DSP48E2_X17Y51       DSP_A_B_DATA (Setup_DSP_A_B_DATA_DSP48E2_CLK_A[18])
                                                     -0.261     7.452    g_int4.u_p520/u_engine/u_mul/s2_reg/DSP_A_B_DATA_INST
  -------------------------------------------------------------------
                         required time                          7.452    
                         arrival time                          -7.059    
  -------------------------------------------------------------------
                         slack                                  0.393    

Slack (MET) :             0.397ns  (required time - arrival time)
  Source:                 g_int4.u_p520/u_engine/u_pong/mem_reg_bram_0/CLKARDCLK
                            (rising edge-triggered cell RAMB36E2 clocked by clk  {rise@0.000ns fall@2.500ns period=5.000ns})
  Destination:            g_int4.u_p520/u_engine/u_mul/s2_reg/DSP_A_B_DATA_INST/A[7]
                            (rising edge-triggered cell DSP_A_B_DATA clocked by clk  {rise@0.000ns fall@2.500ns period=5.000ns})
  Path Group:             clk
  Path Type:              Setup (Max at Slow Process Corner)
  Requirement:            5.000ns  (clk rise@5.000ns - clk rise@0.000ns)
  Data Path Delay:        4.115ns  (logic 2.900ns (70.467%)  route 1.215ns (29.533%))
  Logic Levels:           11  (CARRY8=2 DSP_A_B_DATA=1 DSP_ALU=1 DSP_M_DATA=1 DSP_MULTIPLIER=1 DSP_OUTPUT=1 DSP_PREADD_DATA=1 LUT2=1 LUT5=1 LUT6=1)
  Clock Path Skew:        -0.197ns (DCD - SCD + CPR)
    Destination Clock Delay (DCD):    2.324ns = ( 7.324 - 5.000 ) 
    Source Clock Delay      (SCD):    2.945ns
    Clock Pessimism Removal (CPR):    0.424ns
  Clock Uncertainty:      0.035ns  ((TSJ^2 + TIJ^2)^1/2 + DJ) / 2 + PE
    Total System Jitter     (TSJ):    0.071ns
    Total Input Jitter      (TIJ):    0.000ns
    Discrete Jitter          (DJ):    0.000ns
    Phase Error              (PE):    0.000ns
  Clock Net Delay (Source):      2.063ns (routing 0.878ns, distribution 1.185ns)
  Clock Net Delay (Destination): 1.736ns (routing 0.799ns, distribution 0.937ns)

    Location             Delay type                Incr(ns)  Path(ns)    Netlist Resource(s)
  -------------------------------------------------------------------    -------------------
                         (clock clk rise edge)        0.000     0.000 r  
    R10                                               0.000     0.000 r  clk (IN)
                         net (fo=0)                   0.000     0.000    clk_IBUF_inst/I
    R10                  INBUF (Prop_INBUF_HPIOB_M_PAD_O)
                                                      0.521     0.521 r  clk_IBUF_inst/INBUF_INST/O
                         net (fo=1, routed)           0.000     0.521    clk_IBUF_inst/OUT
    R10                  IBUFCTRL (Prop_IBUFCTRL_HPIOB_M_I_O)
                                                      0.000     0.521 r  clk_IBUF_inst/IBUFCTRL_INST/O
                         net (fo=1, routed)           0.332     0.853    clk_IBUF
    BUFGCE_X0Y77         BUFGCE (Prop_BUFCE_BUFGCE_I_O)
                                                      0.028     0.881 r  clk_IBUF_BUFG_inst/O
    X3Y2 (CLOCK_ROOT)    net (fo=367, routed)         2.063     2.945    g_int4.u_p520/u_engine/u_pong/clk_IBUF_BUFG
    RAMB36_X12Y25        RAMB36E2                                     r  g_int4.u_p520/u_engine/u_pong/mem_reg_bram_0/CLKARDCLK
  -------------------------------------------------------------------    -------------------
    RAMB36_X12Y25        RAMB36E2 (Prop_RAMB36E2_RAMB36_CLKARDCLK_DOUTADOUT[10])
                                                      0.883     3.828 f  g_int4.u_p520/u_engine/u_pong/mem_reg_bram_0/DOUTADOUT[10]
                         net (fo=1, routed)           0.283     4.111    g_int4.u_p520/u_engine/u_pong/mem_reg_bram_0_n_89
    SLICE_X93Y127        LUT5 (Prop_F6LUT_SLICEM_I2_O)
                                                      0.123     4.234 f  g_int4.u_p520/u_engine/u_pong/s10_i_44/O
                         net (fo=1, routed)           0.091     4.325    g_int4.u_p520/u_engine/u_ping/s10_11
    SLICE_X92Y127        LUT6 (Prop_H6LUT_SLICEL_I5_O)
                                                      0.051     4.376 f  g_int4.u_p520/u_engine/u_ping/s10_i_7/O
                         net (fo=1, routed)           0.260     4.636    g_int4.u_p520/u_engine/u_mul/s10/B[10]
    DSP48E2_X17Y50       DSP_A_B_DATA (Prop_DSP_A_B_DATA_DSP48E2_B[10]_B2_DATA[10])
                                                      0.151     4.787 r  g_int4.u_p520/u_engine/u_mul/s10/DSP_A_B_DATA_INST/B2_DATA[10]
                         net (fo=1, routed)           0.000     4.787    g_int4.u_p520/u_engine/u_mul/s10/DSP_A_B_DATA.B2_DATA<10>
    DSP48E2_X17Y50       DSP_PREADD_DATA (Prop_DSP_PREADD_DATA_DSP48E2_B2_DATA[10]_B2B1[10])
                                                      0.073     4.860 r  g_int4.u_p520/u_engine/u_mul/s10/DSP_PREADD_DATA_INST/B2B1[10]
                         net (fo=1, routed)           0.000     4.860    g_int4.u_p520/u_engine/u_mul/s10/DSP_PREADD_DATA.B2B1<10>
    DSP48E2_X17Y50       DSP_MULTIPLIER (Prop_DSP_MULTIPLIER_DSP48E2_B2B1[10]_V[21])
                                                      0.609     5.469 f  g_int4.u_p520/u_engine/u_mul/s10/DSP_MULTIPLIER_INST/V[21]
                         net (fo=1, routed)           0.000     5.469    g_int4.u_p520/u_engine/u_mul/s10/DSP_MULTIPLIER.V<21>
    DSP48E2_X17Y50       DSP_M_DATA (Prop_DSP_M_DATA_DSP48E2_V[21]_V_DATA[21])
                                                      0.046     5.515 r  g_int4.u_p520/u_engine/u_mul/s10/DSP_M_DATA_INST/V_DATA[21]
                         net (fo=1, routed)           0.000     5.515    g_int4.u_p520/u_engine/u_mul/s10/DSP_M_DATA.V_DATA<21>
    DSP48E2_X17Y50       DSP_ALU (Prop_DSP_ALU_DSP48E2_V_DATA[21]_ALU_OUT[21])
                                                      0.571     6.086 f  g_int4.u_p520/u_engine/u_mul/s10/DSP_ALU_INST/ALU_OUT[21]
                         net (fo=1, routed)           0.000     6.086    g_int4.u_p520/u_engine/u_mul/s10/DSP_ALU.ALU_OUT<21>
    DSP48E2_X17Y50       DSP_OUTPUT (Prop_DSP_OUTPUT_DSP48E2_ALU_OUT[21]_P[21])
                                                      0.109     6.195 r  g_int4.u_p520/u_engine/u_mul/s10/DSP_OUTPUT_INST/P[21]
                         net (fo=2, routed)           0.210     6.405    g_int4.u_p520/u_engine/u_mul/s10_n_84
    SLICE_X90Y127        LUT2 (Prop_E6LUT_SLICEM_I0_O)
                                                      0.052     6.457 r  g_int4.u_p520/u_engine/u_mul/i__carry_i_4/O
                         net (fo=1, routed)           0.014     6.471    g_int4.u_p520/u_engine/u_mul/i__carry_i_4_n_0
    SLICE_X90Y127        CARRY8 (Prop_CARRY8_SLICEM_S[4]_CO[7])
                                                      0.156     6.627 r  g_int4.u_p520/u_engine/u_mul/s10_inferred__0/i__carry/CO[7]
                         net (fo=1, routed)           0.026     6.653    g_int4.u_p520/u_engine/u_mul/s10_inferred__0/i__carry_n_0
    SLICE_X90Y128        CARRY8 (Prop_CARRY8_SLICEM_CI_O[1])
                                                      0.076     6.729 r  g_int4.u_p520/u_engine/u_mul/s10_inferred__0/i__carry__0/O[1]
                         net (fo=1, routed)           0.331     7.060    g_int4.u_p520/u_engine/u_mul/s2_reg/A[7]
    DSP48E2_X17Y51       DSP_A_B_DATA                                 r  g_int4.u_p520/u_engine/u_mul/s2_reg/DSP_A_B_DATA_INST/A[7]
  -------------------------------------------------------------------    -------------------

                         (clock clk rise edge)        5.000     5.000 r  
    R10                                               0.000     5.000 r  clk (IN)
                         net (fo=0)                   0.000     5.000    clk_IBUF_inst/I
    R10                  INBUF (Prop_INBUF_HPIOB_M_PAD_O)
                                                      0.271     5.271 r  clk_IBUF_inst/INBUF_INST/O
                         net (fo=1, routed)           0.000     5.271    clk_IBUF_inst/OUT
    R10                  IBUFCTRL (Prop_IBUFCTRL_HPIOB_M_I_O)
                                                      0.000     5.271 r  clk_IBUF_inst/IBUFCTRL_INST/O
                         net (fo=1, routed)           0.293     5.564    clk_IBUF
    BUFGCE_X0Y77         BUFGCE (Prop_BUFCE_BUFGCE_I_O)
                                                      0.024     5.588 r  clk_IBUF_BUFG_inst/O
    X3Y2 (CLOCK_ROOT)    net (fo=367, routed)         1.736     7.324    g_int4.u_p520/u_engine/u_mul/s2_reg/CLK
    DSP48E2_X17Y51       DSP_A_B_DATA                                 r  g_int4.u_p520/u_engine/u_mul/s2_reg/DSP_A_B_DATA_INST/CLK
                         clock pessimism              0.424     7.748    
                         clock uncertainty           -0.035     7.713    
    DSP48E2_X17Y51       DSP_A_B_DATA (Setup_DSP_A_B_DATA_DSP48E2_CLK_A[7])
                                                     -0.256     7.457    g_int4.u_p520/u_engine/u_mul/s2_reg/DSP_A_B_DATA_INST
  -------------------------------------------------------------------
                         required time                          7.457    
                         arrival time                          -7.060    
  -------------------------------------------------------------------
                         slack                                  0.397    

Slack (MET) :             0.400ns  (required time - arrival time)
  Source:                 g_int4.u_p520/u_engine/u_pong/mem_reg_bram_0/CLKARDCLK
                            (rising edge-triggered cell RAMB36E2 clocked by clk  {rise@0.000ns fall@2.500ns period=5.000ns})
  Destination:            g_int4.u_p520/u_engine/u_mul/s2_reg/DSP_A_B_DATA_INST/A[15]
                            (rising edge-triggered cell DSP_A_B_DATA clocked by clk  {rise@0.000ns fall@2.500ns period=5.000ns})
  Path Group:             clk
  Path Type:              Setup (Max at Slow Process Corner)
  Requirement:            5.000ns  (clk rise@5.000ns - clk rise@0.000ns)
  Data Path Delay:        4.097ns  (logic 2.825ns (68.946%)  route 1.272ns (31.054%))
  Logic Levels:           10  (CARRY8=2 DSP_A_B_DATA=1 DSP_ALU=1 DSP_M_DATA=1 DSP_MULTIPLIER=1 DSP_OUTPUT=1 DSP_PREADD_DATA=1 LUT5=1 LUT6=1)
  Clock Path Skew:        -0.197ns (DCD - SCD + CPR)
    Destination Clock Delay (DCD):    2.324ns = ( 7.324 - 5.000 ) 
    Source Clock Delay      (SCD):    2.945ns
    Clock Pessimism Removal (CPR):    0.424ns
  Clock Uncertainty:      0.035ns  ((TSJ^2 + TIJ^2)^1/2 + DJ) / 2 + PE
    Total System Jitter     (TSJ):    0.071ns
    Total Input Jitter      (TIJ):    0.000ns
    Discrete Jitter          (DJ):    0.000ns
    Phase Error              (PE):    0.000ns
  Clock Net Delay (Source):      2.063ns (routing 0.878ns, distribution 1.185ns)
  Clock Net Delay (Destination): 1.736ns (routing 0.799ns, distribution 0.937ns)

    Location             Delay type                Incr(ns)  Path(ns)    Netlist Resource(s)
  -------------------------------------------------------------------    -------------------
                         (clock clk rise edge)        0.000     0.000 r  
    R10                                               0.000     0.000 r  clk (IN)
                         net (fo=0)                   0.000     0.000    clk_IBUF_inst/I
    R10                  INBUF (Prop_INBUF_HPIOB_M_PAD_O)
                                                      0.521     0.521 r  clk_IBUF_inst/INBUF_INST/O
                         net (fo=1, routed)           0.000     0.521    clk_IBUF_inst/OUT
    R10                  IBUFCTRL (Prop_IBUFCTRL_HPIOB_M_I_O)
                                                      0.000     0.521 r  clk_IBUF_inst/IBUFCTRL_INST/O
                         net (fo=1, routed)           0.332     0.853    clk_IBUF
    BUFGCE_X0Y77         BUFGCE (Prop_BUFCE_BUFGCE_I_O)
                                                      0.028     0.881 r  clk_IBUF_BUFG_inst/O
    X3Y2 (CLOCK_ROOT)    net (fo=367, routed)         2.063     2.945    g_int4.u_p520/u_engine/u_pong/clk_IBUF_BUFG
    RAMB36_X12Y25        RAMB36E2                                     r  g_int4.u_p520/u_engine/u_pong/mem_reg_bram_0/CLKARDCLK
  -------------------------------------------------------------------    -------------------
    RAMB36_X12Y25        RAMB36E2 (Prop_RAMB36E2_RAMB36_CLKARDCLK_DOUTADOUT[10])
                                                      0.883     3.828 f  g_int4.u_p520/u_engine/u_pong/mem_reg_bram_0/DOUTADOUT[10]
                         net (fo=1, routed)           0.283     4.111    g_int4.u_p520/u_engine/u_pong/mem_reg_bram_0_n_89
    SLICE_X93Y127        LUT5 (Prop_F6LUT_SLICEM_I2_O)
                                                      0.123     4.234 f  g_int4.u_p520/u_engine/u_pong/s10_i_44/O
                         net (fo=1, routed)           0.091     4.325    g_int4.u_p520/u_engine/u_ping/s10_11
    SLICE_X92Y127        LUT6 (Prop_H6LUT_SLICEL_I5_O)
                                                      0.051     4.376 f  g_int4.u_p520/u_engine/u_ping/s10_i_7/O
                         net (fo=1, routed)           0.260     4.636    g_int4.u_p520/u_engine/u_mul/s10/B[10]
    DSP48E2_X17Y50       DSP_A_B_DATA (Prop_DSP_A_B_DATA_DSP48E2_B[10]_B2_DATA[10])
                                                      0.151     4.787 r  g_int4.u_p520/u_engine/u_mul/s10/DSP_A_B_DATA_INST/B2_DATA[10]
                         net (fo=1, routed)           0.000     4.787    g_int4.u_p520/u_engine/u_mul/s10/DSP_A_B_DATA.B2_DATA<10>
    DSP48E2_X17Y50       DSP_PREADD_DATA (Prop_DSP_PREADD_DATA_DSP48E2_B2_DATA[10]_B2B1[10])
                                                      0.073     4.860 r  g_int4.u_p520/u_engine/u_mul/s10/DSP_PREADD_DATA_INST/B2B1[10]
                         net (fo=1, routed)           0.000     4.860    g_int4.u_p520/u_engine/u_mul/s10/DSP_PREADD_DATA.B2B1<10>
    DSP48E2_X17Y50       DSP_MULTIPLIER (Prop_DSP_MULTIPLIER_DSP48E2_B2B1[10]_V[25])
                                                      0.609     5.469 f  g_int4.u_p520/u_engine/u_mul/s10/DSP_MULTIPLIER_INST/V[25]
                         net (fo=1, routed)           0.000     5.469    g_int4.u_p520/u_engine/u_mul/s10/DSP_MULTIPLIER.V<25>
    DSP48E2_X17Y50       DSP_M_DATA (Prop_DSP_M_DATA_DSP48E2_V[25]_V_DATA[25])
                                                      0.046     5.515 r  g_int4.u_p520/u_engine/u_mul/s10/DSP_M_DATA_INST/V_DATA[25]
                         net (fo=1, routed)           0.000     5.515    g_int4.u_p520/u_engine/u_mul/s10/DSP_M_DATA.V_DATA<25>
    DSP48E2_X17Y50       DSP_ALU (Prop_DSP_ALU_DSP48E2_V_DATA[25]_ALU_OUT[25])
                                                      0.571     6.086 f  g_int4.u_p520/u_engine/u_mul/s10/DSP_ALU_INST/ALU_OUT[25]
                         net (fo=1, routed)           0.000     6.086    g_int4.u_p520/u_engine/u_mul/s10/DSP_ALU.ALU_OUT<25>
    DSP48E2_X17Y50       DSP_OUTPUT (Prop_DSP_OUTPUT_DSP48E2_ALU_OUT[25]_P[25])
                                                      0.109     6.195 r  g_int4.u_p520/u_engine/u_mul/s10/DSP_OUTPUT_INST/P[25]
                         net (fo=2, routed)           0.343     6.538    g_int4.u_p520/u_engine/u_mul/s10_n_80
    SLICE_X90Y128        CARRY8 (Prop_CARRY8_SLICEM_DI[0]_CO[7])
                                                      0.133     6.671 r  g_int4.u_p520/u_engine/u_mul/s10_inferred__0/i__carry__0/CO[7]
                         net (fo=1, routed)           0.026     6.697    g_int4.u_p520/u_engine/u_mul/s10_inferred__0/i__carry__0_n_0
    SLICE_X90Y129        CARRY8 (Prop_CARRY8_SLICEM_CI_O[1])
                                                      0.076     6.773 r  g_int4.u_p520/u_engine/u_mul/s10_inferred__0/i__carry__1/O[1]
                         net (fo=1, routed)           0.269     7.042    g_int4.u_p520/u_engine/u_mul/s2_reg/A[15]
    DSP48E2_X17Y51       DSP_A_B_DATA                                 r  g_int4.u_p520/u_engine/u_mul/s2_reg/DSP_A_B_DATA_INST/A[15]
  -------------------------------------------------------------------    -------------------

                         (clock clk rise edge)        5.000     5.000 r  
    R10                                               0.000     5.000 r  clk (IN)
                         net (fo=0)                   0.000     5.000    clk_IBUF_inst/I
    R10                  INBUF (Prop_INBUF_HPIOB_M_PAD_O)
                                                      0.271     5.271 r  clk_IBUF_inst/INBUF_INST/O
                         net (fo=1, routed)           0.000     5.271    clk_IBUF_inst/OUT
    R10                  IBUFCTRL (Prop_IBUFCTRL_HPIOB_M_I_O)
                                                      0.000     5.271 r  clk_IBUF_inst/IBUFCTRL_INST/O
                         net (fo=1, routed)           0.293     5.564    clk_IBUF
    BUFGCE_X0Y77         BUFGCE (Prop_BUFCE_BUFGCE_I_O)
                                                      0.024     5.588 r  clk_IBUF_BUFG_inst/O
    X3Y2 (CLOCK_ROOT)    net (fo=367, routed)         1.736     7.324    g_int4.u_p520/u_engine/u_mul/s2_reg/CLK
    DSP48E2_X17Y51       DSP_A_B_DATA                                 r  g_int4.u_p520/u_engine/u_mul/s2_reg/DSP_A_B_DATA_INST/CLK
                         clock pessimism              0.424     7.748    
                         clock uncertainty           -0.035     7.713    
    DSP48E2_X17Y51       DSP_A_B_DATA (Setup_DSP_A_B_DATA_DSP48E2_CLK_A[15])
                                                     -0.271     7.442    g_int4.u_p520/u_engine/u_mul/s2_reg/DSP_A_B_DATA_INST
  -------------------------------------------------------------------
                         required time                          7.442    
                         arrival time                          -7.042    
  -------------------------------------------------------------------
                         slack                                  0.400    

Slack (MET) :             0.405ns  (required time - arrival time)
  Source:                 g_int4.u_p520/u_engine/u_pong/mem_reg_bram_0/CLKARDCLK
                            (rising edge-triggered cell RAMB36E2 clocked by clk  {rise@0.000ns fall@2.500ns period=5.000ns})
  Destination:            g_int4.u_p520/u_engine/u_mul/s2_reg/DSP_A_B_DATA_INST/A[17]
                            (rising edge-triggered cell DSP_A_B_DATA clocked by clk  {rise@0.000ns fall@2.500ns period=5.000ns})
  Path Group:             clk
  Path Type:              Setup (Max at Slow Process Corner)
  Requirement:            5.000ns  (clk rise@5.000ns - clk rise@0.000ns)
  Data Path Delay:        4.094ns  (logic 2.831ns (69.143%)  route 1.263ns (30.857%))
  Logic Levels:           10  (CARRY8=2 DSP_A_B_DATA=1 DSP_ALU=1 DSP_M_DATA=1 DSP_MULTIPLIER=1 DSP_OUTPUT=1 DSP_PREADD_DATA=1 LUT5=1 LUT6=1)
  Clock Path Skew:        -0.197ns (DCD - SCD + CPR)
    Destination Clock Delay (DCD):    2.324ns = ( 7.324 - 5.000 ) 
    Source Clock Delay      (SCD):    2.945ns
    Clock Pessimism Removal (CPR):    0.424ns
  Clock Uncertainty:      0.035ns  ((TSJ^2 + TIJ^2)^1/2 + DJ) / 2 + PE
    Total System Jitter     (TSJ):    0.071ns
    Total Input Jitter      (TIJ):    0.000ns
    Discrete Jitter          (DJ):    0.000ns
    Phase Error              (PE):    0.000ns
  Clock Net Delay (Source):      2.063ns (routing 0.878ns, distribution 1.185ns)
  Clock Net Delay (Destination): 1.736ns (routing 0.799ns, distribution 0.937ns)

    Location             Delay type                Incr(ns)  Path(ns)    Netlist Resource(s)
  -------------------------------------------------------------------    -------------------
                         (clock clk rise edge)        0.000     0.000 r  
    R10                                               0.000     0.000 r  clk (IN)
                         net (fo=0)                   0.000     0.000    clk_IBUF_inst/I
    R10                  INBUF (Prop_INBUF_HPIOB_M_PAD_O)
                                                      0.521     0.521 r  clk_IBUF_inst/INBUF_INST/O
                         net (fo=1, routed)           0.000     0.521    clk_IBUF_inst/OUT
    R10                  IBUFCTRL (Prop_IBUFCTRL_HPIOB_M_I_O)
                                                      0.000     0.521 r  clk_IBUF_inst/IBUFCTRL_INST/O
                         net (fo=1, routed)           0.332     0.853    clk_IBUF
    BUFGCE_X0Y77         BUFGCE (Prop_BUFCE_BUFGCE_I_O)
                                                      0.028     0.881 r  clk_IBUF_BUFG_inst/O
    X3Y2 (CLOCK_ROOT)    net (fo=367, routed)         2.063     2.945    g_int4.u_p520/u_engine/u_pong/clk_IBUF_BUFG
    RAMB36_X12Y25        RAMB36E2                                     r  g_int4.u_p520/u_engine/u_pong/mem_reg_bram_0/CLKARDCLK
  -------------------------------------------------------------------    -------------------
    RAMB36_X12Y25        RAMB36E2 (Prop_RAMB36E2_RAMB36_CLKARDCLK_DOUTADOUT[10])
                                                      0.883     3.828 f  g_int4.u_p520/u_engine/u_pong/mem_reg_bram_0/DOUTADOUT[10]
                         net (fo=1, routed)           0.283     4.111    g_int4.u_p520/u_engine/u_pong/mem_reg_bram_0_n_89
    SLICE_X93Y127        LUT5 (Prop_F6LUT_SLICEM_I2_O)
                                                      0.123     4.234 f  g_int4.u_p520/u_engine/u_pong/s10_i_44/O
                         net (fo=1, routed)           0.091     4.325    g_int4.u_p520/u_engine/u_ping/s10_11
    SLICE_X92Y127        LUT6 (Prop_H6LUT_SLICEL_I5_O)
                                                      0.051     4.376 f  g_int4.u_p520/u_engine/u_ping/s10_i_7/O
                         net (fo=1, routed)           0.260     4.636    g_int4.u_p520/u_engine/u_mul/s10/B[10]
    DSP48E2_X17Y50       DSP_A_B_DATA (Prop_DSP_A_B_DATA_DSP48E2_B[10]_B2_DATA[10])
                                                      0.151     4.787 r  g_int4.u_p520/u_engine/u_mul/s10/DSP_A_B_DATA_INST/B2_DATA[10]
                         net (fo=1, routed)           0.000     4.787    g_int4.u_p520/u_engine/u_mul/s10/DSP_A_B_DATA.B2_DATA<10>
    DSP48E2_X17Y50       DSP_PREADD_DATA (Prop_DSP_PREADD_DATA_DSP48E2_B2_DATA[10]_B2B1[10])
                                                      0.073     4.860 r  g_int4.u_p520/u_engine/u_mul/s10/DSP_PREADD_DATA_INST/B2B1[10]
                         net (fo=1, routed)           0.000     4.860    g_int4.u_p520/u_engine/u_mul/s10/DSP_PREADD_DATA.B2B1<10>
    DSP48E2_X17Y50       DSP_MULTIPLIER (Prop_DSP_MULTIPLIER_DSP48E2_B2B1[10]_V[25])
                                                      0.609     5.469 f  g_int4.u_p520/u_engine/u_mul/s10/DSP_MULTIPLIER_INST/V[25]
                         net (fo=1, routed)           0.000     5.469    g_int4.u_p520/u_engine/u_mul/s10/DSP_MULTIPLIER.V<25>
    DSP48E2_X17Y50       DSP_M_DATA (Prop_DSP_M_DATA_DSP48E2_V[25]_V_DATA[25])
                                                      0.046     5.515 r  g_int4.u_p520/u_engine/u_mul/s10/DSP_M_DATA_INST/V_DATA[25]
                         net (fo=1, routed)           0.000     5.515    g_int4.u_p520/u_engine/u_mul/s10/DSP_M_DATA.V_DATA<25>
    DSP48E2_X17Y50       DSP_ALU (Prop_DSP_ALU_DSP48E2_V_DATA[25]_ALU_OUT[25])
                                                      0.571     6.086 f  g_int4.u_p520/u_engine/u_mul/s10/DSP_ALU_INST/ALU_OUT[25]
                         net (fo=1, routed)           0.000     6.086    g_int4.u_p520/u_engine/u_mul/s10/DSP_ALU.ALU_OUT<25>
    DSP48E2_X17Y50       DSP_OUTPUT (Prop_DSP_OUTPUT_DSP48E2_ALU_OUT[25]_P[25])
                                                      0.109     6.195 r  g_int4.u_p520/u_engine/u_mul/s10/DSP_OUTPUT_INST/P[25]
                         net (fo=2, routed)           0.343     6.538    g_int4.u_p520/u_engine/u_mul/s10_n_80
    SLICE_X90Y128        CARRY8 (Prop_CARRY8_SLICEM_DI[0]_CO[7])
                                                      0.133     6.671 r  g_int4.u_p520/u_engine/u_mul/s10_inferred__0/i__carry__0/CO[7]
                         net (fo=1, routed)           0.026     6.697    g_int4.u_p520/u_engine/u_mul/s10_inferred__0/i__carry__0_n_0
    SLICE_X90Y129        CARRY8 (Prop_CARRY8_SLICEM_CI_O[3])
                                                      0.082     6.779 r  g_int4.u_p520/u_engine/u_mul/s10_inferred__0/i__carry__1/O[3]
                         net (fo=1, routed)           0.260     7.039    g_int4.u_p520/u_engine/u_mul/s2_reg/A[17]
    DSP48E2_X17Y51       DSP_A_B_DATA                                 r  g_int4.u_p520/u_engine/u_mul/s2_reg/DSP_A_B_DATA_INST/A[17]
  -------------------------------------------------------------------    -------------------

                         (clock clk rise edge)        5.000     5.000 r  
    R10                                               0.000     5.000 r  clk (IN)
                         net (fo=0)                   0.000     5.000    clk_IBUF_inst/I
    R10                  INBUF (Prop_INBUF_HPIOB_M_PAD_O)
                                                      0.271     5.271 r  clk_IBUF_inst/INBUF_INST/O
                         net (fo=1, routed)           0.000     5.271    clk_IBUF_inst/OUT
    R10                  IBUFCTRL (Prop_IBUFCTRL_HPIOB_M_I_O)
                                                      0.000     5.271 r  clk_IBUF_inst/IBUFCTRL_INST/O
                         net (fo=1, routed)           0.293     5.564    clk_IBUF
    BUFGCE_X0Y77         BUFGCE (Prop_BUFCE_BUFGCE_I_O)
                                                      0.024     5.588 r  clk_IBUF_BUFG_inst/O
    X3Y2 (CLOCK_ROOT)    net (fo=367, routed)         1.736     7.324    g_int4.u_p520/u_engine/u_mul/s2_reg/CLK
    DSP48E2_X17Y51       DSP_A_B_DATA                                 r  g_int4.u_p520/u_engine/u_mul/s2_reg/DSP_A_B_DATA_INST/CLK
                         clock pessimism              0.424     7.748    
                         clock uncertainty           -0.035     7.713    
    DSP48E2_X17Y51       DSP_A_B_DATA (Setup_DSP_A_B_DATA_DSP48E2_CLK_A[17])
                                                     -0.269     7.444    g_int4.u_p520/u_engine/u_mul/s2_reg/DSP_A_B_DATA_INST
  -------------------------------------------------------------------
                         required time                          7.444    
                         arrival time                          -7.039    
  -------------------------------------------------------------------
                         slack                                  0.405    

Slack (MET) :             0.410ns  (required time - arrival time)
  Source:                 g_int4.u_p520/u_engine/u_mul/s4_reg[19]/C
                            (rising edge-triggered cell FDRE clocked by clk  {rise@0.000ns fall@2.500ns period=5.000ns})
  Destination:            g_int4.u_p520/u_engine/u_mul/p_out_reg[0]/D
                            (rising edge-triggered cell FDRE clocked by clk  {rise@0.000ns fall@2.500ns period=5.000ns})
  Path Group:             clk
  Path Type:              Setup (Max at Slow Process Corner)
  Requirement:            5.000ns  (clk rise@5.000ns - clk rise@0.000ns)
  Data Path Delay:        4.498ns  (logic 1.625ns (36.124%)  route 2.873ns (63.876%))
  Logic Levels:           14  (CARRY8=5 LUT2=1 LUT3=1 LUT4=1 LUT5=2 LUT6=4)
  Clock Path Skew:        -0.082ns (DCD - SCD + CPR)
    Destination Clock Delay (DCD):    2.308ns = ( 7.308 - 5.000 ) 
    Source Clock Delay      (SCD):    2.811ns
    Clock Pessimism Removal (CPR):    0.421ns
  Clock Uncertainty:      0.035ns  ((TSJ^2 + TIJ^2)^1/2 + DJ) / 2 + PE
    Total System Jitter     (TSJ):    0.071ns
    Total Input Jitter      (TIJ):    0.000ns
    Discrete Jitter          (DJ):    0.000ns
    Phase Error              (PE):    0.000ns
  Clock Net Delay (Source):      1.929ns (routing 0.878ns, distribution 1.051ns)
  Clock Net Delay (Destination): 1.720ns (routing 0.799ns, distribution 0.921ns)

    Location             Delay type                Incr(ns)  Path(ns)    Netlist Resource(s)
  -------------------------------------------------------------------    -------------------
                         (clock clk rise edge)        0.000     0.000 r  
    R10                                               0.000     0.000 r  clk (IN)
                         net (fo=0)                   0.000     0.000    clk_IBUF_inst/I
    R10                  INBUF (Prop_INBUF_HPIOB_M_PAD_O)
                                                      0.521     0.521 r  clk_IBUF_inst/INBUF_INST/O
                         net (fo=1, routed)           0.000     0.521    clk_IBUF_inst/OUT
    R10                  IBUFCTRL (Prop_IBUFCTRL_HPIOB_M_I_O)
                                                      0.000     0.521 r  clk_IBUF_inst/IBUFCTRL_INST/O
                         net (fo=1, routed)           0.332     0.853    clk_IBUF
    BUFGCE_X0Y77         BUFGCE (Prop_BUFCE_BUFGCE_I_O)
                                                      0.028     0.881 r  clk_IBUF_BUFG_inst/O
    X3Y2 (CLOCK_ROOT)    net (fo=367, routed)         1.929     2.811    g_int4.u_p520/u_engine/u_mul/clk_IBUF_BUFG
    SLICE_X90Y146        FDRE                                         r  g_int4.u_p520/u_engine/u_mul/s4_reg[19]/C
  -------------------------------------------------------------------    -------------------
    SLICE_X90Y146        FDRE (Prop_DFF_SLICEM_C_Q)
                                                      0.078     2.889 r  g_int4.u_p520/u_engine/u_mul/s4_reg[19]/Q
                         net (fo=22, routed)          0.327     3.216    g_int4.u_p520/u_engine/u_mul/s4_reg_n_0_[19]
    SLICE_X92Y147        CARRY8 (Prop_CARRY8_SLICEL_S[0]_CO[7])
                                                      0.190     3.406 r  g_int4.u_p520/u_engine/u_mul/fold_once_return0_inferred__0/i___173_carry/CO[7]
                         net (fo=1, routed)           0.026     3.432    g_int4.u_p520/u_engine/u_mul/fold_once_return0_inferred__0/i___173_carry_n_0
    SLICE_X92Y148        CARRY8 (Prop_CARRY8_SLICEL_CI_O[5])
                                                      0.116     3.548 r  g_int4.u_p520/u_engine/u_mul/fold_once_return0_inferred__0/i___173_carry__0/O[5]
                         net (fo=3, routed)           0.419     3.967    g_int4.u_p520/u_engine/u_mul/fold_once_return0_inferred__0/i___173_carry__0_n_10
    SLICE_X95Y149        LUT3 (Prop_G6LUT_SLICEL_I0_O)
                                                      0.089     4.056 r  g_int4.u_p520/u_engine/u_mul/i___317_carry__0_i_24/O
                         net (fo=2, routed)           0.146     4.202    g_int4.u_p520/u_engine/u_mul/i___317_carry__0_i_24_n_0
    SLICE_X95Y148        LUT5 (Prop_C5LUT_SLICEL_I1_O)
                                                      0.110     4.312 r  g_int4.u_p520/u_engine/u_mul/i___317_carry__1_i_8/O
                         net (fo=2, routed)           0.412     4.723    g_int4.u_p520/u_engine/u_mul/i___317_carry__1_i_8_n_0
    SLICE_X93Y150        LUT6 (Prop_A6LUT_SLICEM_I0_O)
                                                      0.090     4.813 r  g_int4.u_p520/u_engine/u_mul/i___317_carry__1_i_16/O
                         net (fo=1, routed)           0.013     4.826    g_int4.u_p520/u_engine/u_mul/i___317_carry__1_i_16_n_0
    SLICE_X93Y150        CARRY8 (Prop_CARRY8_SLICEM_S[0]_O[4])
                                                      0.206     5.032 r  g_int4.u_p520/u_engine/u_mul/fold_once_return0_inferred__0/i___317_carry__1/O[4]
                         net (fo=1, routed)           0.428     5.460    g_int4.u_p520/u_engine/u_mul/fold_once_return0[24]
    SLICE_X94Y150        CARRY8 (Prop_CARRY8_SLICEL_S[0]_CO[7])
                                                      0.190     5.650 r  g_int4.u_p520/u_engine/u_mul/p_out_reg[18]_i_14/CO[7]
                         net (fo=1, routed)           0.026     5.676    g_int4.u_p520/u_engine/u_mul/p_out_reg[18]_i_14_n_0
    SLICE_X94Y151        CARRY8 (Prop_CARRY8_SLICEL_CI_O[3])
                                                      0.082     5.758 f  g_int4.u_p520/u_engine/u_mul/p_out_reg[18]_i_13/O[3]
                         net (fo=1, routed)           0.244     6.002    g_int4.u_p520/u_engine/u_mul/p_out_reg[18]_i_13_n_12
    SLICE_X96Y151        LUT4 (Prop_H6LUT_SLICEM_I0_O)
                                                      0.152     6.154 f  g_int4.u_p520/u_engine/u_mul/p_out[18]_i_18/O
                         net (fo=1, routed)           0.093     6.247    g_int4.u_p520/u_engine/u_mul/p_out[18]_i_18_n_0
    SLICE_X95Y151        LUT5 (Prop_E6LUT_SLICEL_I4_O)
                                                      0.090     6.337 f  g_int4.u_p520/u_engine/u_mul/p_out[18]_i_17/O
                         net (fo=1, routed)           0.138     6.475    g_int4.u_p520/u_engine/u_mul/p_out[18]_i_17_n_0
    SLICE_X95Y152        LUT6 (Prop_G6LUT_SLICEL_I5_O)
                                                      0.097     6.572 f  g_int4.u_p520/u_engine/u_mul/p_out[18]_i_11/O
                         net (fo=1, routed)           0.158     6.730    g_int4.u_p520/u_engine/u_mul/p_out[18]_i_11_n_0
    SLICE_X95Y148        LUT6 (Prop_F6LUT_SLICEL_I4_O)
                                                      0.049     6.779 f  g_int4.u_p520/u_engine/u_mul/p_out[18]_i_5/O
                         net (fo=1, routed)           0.090     6.869    g_int4.u_p520/u_engine/u_mul/p_out[18]_i_5_n_0
    SLICE_X95Y146        LUT6 (Prop_H6LUT_SLICEL_I5_O)
                                                      0.036     6.905 r  g_int4.u_p520/u_engine/u_mul/p_out[18]_i_2/O
                         net (fo=19, routed)          0.177     7.082    g_int4.u_p520/u_engine/u_mul/p_out[18]_i_2_n_0
    SLICE_X95Y144        LUT2 (Prop_D6LUT_SLICEL_I1_O)
                                                      0.050     7.132 r  g_int4.u_p520/u_engine/u_mul/p_out[0]_i_1/O
                         net (fo=1, routed)           0.177     7.309    g_int4.u_p520/u_engine/u_mul/p_out[0]_i_1_n_0
    SLICE_X95Y144        FDRE                                         r  g_int4.u_p520/u_engine/u_mul/p_out_reg[0]/D
  -------------------------------------------------------------------    -------------------

                         (clock clk rise edge)        5.000     5.000 r  
    R10                                               0.000     5.000 r  clk (IN)
                         net (fo=0)                   0.000     5.000    clk_IBUF_inst/I
    R10                  INBUF (Prop_INBUF_HPIOB_M_PAD_O)
                                                      0.271     5.271 r  clk_IBUF_inst/INBUF_INST/O
                         net (fo=1, routed)           0.000     5.271    clk_IBUF_inst/OUT
    R10                  IBUFCTRL (Prop_IBUFCTRL_HPIOB_M_I_O)
                                                      0.000     5.271 r  clk_IBUF_inst/IBUFCTRL_INST/O
                         net (fo=1, routed)           0.293     5.564    clk_IBUF
    BUFGCE_X0Y77         BUFGCE (Prop_BUFCE_BUFGCE_I_O)
                                                      0.024     5.588 r  clk_IBUF_BUFG_inst/O
    X3Y2 (CLOCK_ROOT)    net (fo=367, routed)         1.720     7.308    g_int4.u_p520/u_engine/u_mul/clk_IBUF_BUFG
    SLICE_X95Y144        FDRE                                         r  g_int4.u_p520/u_engine/u_mul/p_out_reg[0]/C
                         clock pessimism              0.421     7.729    
                         clock uncertainty           -0.035     7.694    
    SLICE_X95Y144        FDRE (Setup_EFF_SLICEL_C_D)
                                                      0.025     7.719    g_int4.u_p520/u_engine/u_mul/p_out_reg[0]
  -------------------------------------------------------------------
                         required time                          7.719    
                         arrival time                          -7.309    
  -------------------------------------------------------------------
                         slack                                  0.410    

Slack (MET) :             0.410ns  (required time - arrival time)
  Source:                 g_int4.u_p520/u_engine/u_ping/mem_reg_bram_0/CLKBWRCLK
                            (rising edge-triggered cell RAMB36E2 clocked by clk  {rise@0.000ns fall@2.500ns period=5.000ns})
  Destination:            g_int4.u_p520/u_mac_mul/s2_reg/DSP_A_B_DATA_INST/A[12]
                            (rising edge-triggered cell DSP_A_B_DATA clocked by clk  {rise@0.000ns fall@2.500ns period=5.000ns})
  Path Group:             clk
  Path Type:              Setup (Max at Slow Process Corner)
  Requirement:            5.000ns  (clk rise@5.000ns - clk rise@0.000ns)
  Data Path Delay:        4.093ns  (logic 2.862ns (69.925%)  route 1.231ns (30.075%))
  Logic Levels:           10  (CARRY8=2 DSP_A_B_DATA=1 DSP_ALU=1 DSP_M_DATA=1 DSP_MULTIPLIER=1 DSP_OUTPUT=1 DSP_PREADD_DATA=1 LUT2=1 LUT3=1)
  Clock Path Skew:        -0.203ns (DCD - SCD + CPR)
    Destination Clock Delay (DCD):    2.328ns = ( 7.328 - 5.000 ) 
    Source Clock Delay      (SCD):    2.955ns
    Clock Pessimism Removal (CPR):    0.424ns
  Clock Uncertainty:      0.035ns  ((TSJ^2 + TIJ^2)^1/2 + DJ) / 2 + PE
    Total System Jitter     (TSJ):    0.071ns
    Total Input Jitter      (TIJ):    0.000ns
    Discrete Jitter          (DJ):    0.000ns
    Phase Error              (PE):    0.000ns
  Clock Net Delay (Source):      2.074ns (routing 0.878ns, distribution 1.196ns)
  Clock Net Delay (Destination): 1.740ns (routing 0.799ns, distribution 0.941ns)

    Location             Delay type                Incr(ns)  Path(ns)    Netlist Resource(s)
  -------------------------------------------------------------------    -------------------
                         (clock clk rise edge)        0.000     0.000 r  
    R10                                               0.000     0.000 r  clk (IN)
                         net (fo=0)                   0.000     0.000    clk_IBUF_inst/I
    R10                  INBUF (Prop_INBUF_HPIOB_M_PAD_O)
                                                      0.521     0.521 r  clk_IBUF_inst/INBUF_INST/O
                         net (fo=1, routed)           0.000     0.521    clk_IBUF_inst/OUT
    R10                  IBUFCTRL (Prop_IBUFCTRL_HPIOB_M_I_O)
                                                      0.000     0.521 r  clk_IBUF_inst/IBUFCTRL_INST/O
                         net (fo=1, routed)           0.332     0.853    clk_IBUF
    BUFGCE_X0Y77         BUFGCE (Prop_BUFCE_BUFGCE_I_O)
                                                      0.028     0.881 r  clk_IBUF_BUFG_inst/O
    X3Y2 (CLOCK_ROOT)    net (fo=367, routed)         2.074     2.955    g_int4.u_p520/u_engine/u_ping/clk_IBUF_BUFG
    RAMB36_X12Y26        RAMB36E2                                     r  g_int4.u_p520/u_engine/u_ping/mem_reg_bram_0/CLKBWRCLK
  -------------------------------------------------------------------    -------------------
    RAMB36_X12Y26        RAMB36E2 (Prop_RAMB36E2_RAMB36_CLKBWRCLK_DOUTBDOUT[3])
                                                      0.908     3.863 f  g_int4.u_p520/u_engine/u_ping/mem_reg_bram_0/DOUTBDOUT[3]
                         net (fo=3, routed)           0.370     4.233    g_int4.u_p520/u_engine/u_ping/ping_a_dout[3]
    SLICE_X92Y128        LUT3 (Prop_C6LUT_SLICEL_I0_O)
                                                      0.123     4.356 f  g_int4.u_p520/u_engine/u_ping/mem_reg_bram_0_i_16__1/O
                         net (fo=6, routed)           0.324     4.681    g_int4.u_p520/u_mac_mul/s10/A[3]
    DSP48E2_X17Y53       DSP_A_B_DATA (Prop_DSP_A_B_DATA_DSP48E2_A[3]_A2_DATA[3])
                                                      0.192     4.873 r  g_int4.u_p520/u_mac_mul/s10/DSP_A_B_DATA_INST/A2_DATA[3]
                         net (fo=1, routed)           0.000     4.873    g_int4.u_p520/u_mac_mul/s10/DSP_A_B_DATA.A2_DATA<3>
    DSP48E2_X17Y53       DSP_PREADD_DATA (Prop_DSP_PREADD_DATA_DSP48E2_A2_DATA[3]_A2A1[3])
                                                      0.076     4.949 r  g_int4.u_p520/u_mac_mul/s10/DSP_PREADD_DATA_INST/A2A1[3]
                         net (fo=1, routed)           0.000     4.949    g_int4.u_p520/u_mac_mul/s10/DSP_PREADD_DATA.A2A1<3>
    DSP48E2_X17Y53       DSP_MULTIPLIER (Prop_DSP_MULTIPLIER_DSP48E2_A2A1[3]_U[20])
                                                      0.505     5.454 f  g_int4.u_p520/u_mac_mul/s10/DSP_MULTIPLIER_INST/U[20]
                         net (fo=1, routed)           0.000     5.454    g_int4.u_p520/u_mac_mul/s10/DSP_MULTIPLIER.U<20>
    DSP48E2_X17Y53       DSP_M_DATA (Prop_DSP_M_DATA_DSP48E2_U[20]_U_DATA[20])
                                                      0.047     5.501 r  g_int4.u_p520/u_mac_mul/s10/DSP_M_DATA_INST/U_DATA[20]
                         net (fo=1, routed)           0.000     5.501    g_int4.u_p520/u_mac_mul/s10/DSP_M_DATA.U_DATA<20>
    DSP48E2_X17Y53       DSP_ALU (Prop_DSP_ALU_DSP48E2_U_DATA[20]_ALU_OUT[20])
                                                      0.585     6.086 f  g_int4.u_p520/u_mac_mul/s10/DSP_ALU_INST/ALU_OUT[20]
                         net (fo=1, routed)           0.000     6.086    g_int4.u_p520/u_mac_mul/s10/DSP_ALU.ALU_OUT<20>
    DSP48E2_X17Y53       DSP_OUTPUT (Prop_DSP_OUTPUT_DSP48E2_ALU_OUT[20]_P[20])
                                                      0.109     6.195 r  g_int4.u_p520/u_mac_mul/s10/DSP_OUTPUT_INST/P[20]
                         net (fo=2, routed)           0.205     6.400    g_int4.u_p520/u_mac_mul/s10_n_85
    SLICE_X90Y132        LUT2 (Prop_D6LUT_SLICEM_I0_O)
                                                      0.051     6.451 r  g_int4.u_p520/u_mac_mul/s2_reg_i_21/O
                         net (fo=1, routed)           0.025     6.476    g_int4.u_p520/u_mac_mul/s2_reg_i_21_n_0
    SLICE_X90Y132        CARRY8 (Prop_CARRY8_SLICEM_S[3]_CO[7])
                                                      0.163     6.639 r  g_int4.u_p520/u_mac_mul/s2_reg_i_3/CO[7]
                         net (fo=1, routed)           0.026     6.665    g_int4.u_p520/u_mac_mul/s2_reg_i_3_n_0
    SLICE_X90Y133        CARRY8 (Prop_CARRY8_SLICEM_CI_O[6])
                                                      0.103     6.768 r  g_int4.u_p520/u_mac_mul/s2_reg_i_2/O[6]
                         net (fo=1, routed)           0.280     7.048    g_int4.u_p520/u_mac_mul/s2_reg/A[12]
    DSP48E2_X17Y52       DSP_A_B_DATA                                 r  g_int4.u_p520/u_mac_mul/s2_reg/DSP_A_B_DATA_INST/A[12]
  -------------------------------------------------------------------    -------------------

                         (clock clk rise edge)        5.000     5.000 r  
    R10                                               0.000     5.000 r  clk (IN)
                         net (fo=0)                   0.000     5.000    clk_IBUF_inst/I
    R10                  INBUF (Prop_INBUF_HPIOB_M_PAD_O)
                                                      0.271     5.271 r  clk_IBUF_inst/INBUF_INST/O
                         net (fo=1, routed)           0.000     5.271    clk_IBUF_inst/OUT
    R10                  IBUFCTRL (Prop_IBUFCTRL_HPIOB_M_I_O)
                                                      0.000     5.271 r  clk_IBUF_inst/IBUFCTRL_INST/O
                         net (fo=1, routed)           0.293     5.564    clk_IBUF
    BUFGCE_X0Y77         BUFGCE (Prop_BUFCE_BUFGCE_I_O)
                                                      0.024     5.588 r  clk_IBUF_BUFG_inst/O
    X3Y2 (CLOCK_ROOT)    net (fo=367, routed)         1.740     7.328    g_int4.u_p520/u_mac_mul/s2_reg/CLK
    DSP48E2_X17Y52       DSP_A_B_DATA                                 r  g_int4.u_p520/u_mac_mul/s2_reg/DSP_A_B_DATA_INST/CLK
                         clock pessimism              0.424     7.752    
                         clock uncertainty           -0.035     7.717    
    DSP48E2_X17Y52       DSP_A_B_DATA (Setup_DSP_A_B_DATA_DSP48E2_CLK_A[12])
                                                     -0.258     7.459    g_int4.u_p520/u_mac_mul/s2_reg/DSP_A_B_DATA_INST
  -------------------------------------------------------------------
                         required time                          7.459    
                         arrival time                          -7.048    
  -------------------------------------------------------------------
                         slack                                  0.410    

Slack (MET) :             0.411ns  (required time - arrival time)
  Source:                 g_int4.u_p520/u_engine/u_ping/mem_reg_bram_0/CLKBWRCLK
                            (rising edge-triggered cell RAMB36E2 clocked by clk  {rise@0.000ns fall@2.500ns period=5.000ns})
  Destination:            g_int4.u_p520/u_mac_mul/s2_reg/DSP_A_B_DATA_INST/A[10]
                            (rising edge-triggered cell DSP_A_B_DATA clocked by clk  {rise@0.000ns fall@2.500ns period=5.000ns})
  Path Group:             clk
  Path Type:              Setup (Max at Slow Process Corner)
  Requirement:            5.000ns  (clk rise@5.000ns - clk rise@0.000ns)
  Data Path Delay:        4.070ns  (logic 2.845ns (69.902%)  route 1.225ns (30.098%))
  Logic Levels:           10  (CARRY8=2 DSP_A_B_DATA=1 DSP_ALU=1 DSP_M_DATA=1 DSP_MULTIPLIER=1 DSP_OUTPUT=1 DSP_PREADD_DATA=1 LUT2=1 LUT3=1)
  Clock Path Skew:        -0.203ns (DCD - SCD + CPR)
    Destination Clock Delay (DCD):    2.328ns = ( 7.328 - 5.000 ) 
    Source Clock Delay      (SCD):    2.955ns
    Clock Pessimism Removal (CPR):    0.424ns
  Clock Uncertainty:      0.035ns  ((TSJ^2 + TIJ^2)^1/2 + DJ) / 2 + PE
    Total System Jitter     (TSJ):    0.071ns
    Total Input Jitter      (TIJ):    0.000ns
    Discrete Jitter          (DJ):    0.000ns
    Phase Error              (PE):    0.000ns
  Clock Net Delay (Source):      2.074ns (routing 0.878ns, distribution 1.196ns)
  Clock Net Delay (Destination): 1.740ns (routing 0.799ns, distribution 0.941ns)

    Location             Delay type                Incr(ns)  Path(ns)    Netlist Resource(s)
  -------------------------------------------------------------------    -------------------
                         (clock clk rise edge)        0.000     0.000 r  
    R10                                               0.000     0.000 r  clk (IN)
                         net (fo=0)                   0.000     0.000    clk_IBUF_inst/I
    R10                  INBUF (Prop_INBUF_HPIOB_M_PAD_O)
                                                      0.521     0.521 r  clk_IBUF_inst/INBUF_INST/O
                         net (fo=1, routed)           0.000     0.521    clk_IBUF_inst/OUT
    R10                  IBUFCTRL (Prop_IBUFCTRL_HPIOB_M_I_O)
                                                      0.000     0.521 r  clk_IBUF_inst/IBUFCTRL_INST/O
                         net (fo=1, routed)           0.332     0.853    clk_IBUF
    BUFGCE_X0Y77         BUFGCE (Prop_BUFCE_BUFGCE_I_O)
                                                      0.028     0.881 r  clk_IBUF_BUFG_inst/O
    X3Y2 (CLOCK_ROOT)    net (fo=367, routed)         2.074     2.955    g_int4.u_p520/u_engine/u_ping/clk_IBUF_BUFG
    RAMB36_X12Y26        RAMB36E2                                     r  g_int4.u_p520/u_engine/u_ping/mem_reg_bram_0/CLKBWRCLK
  -------------------------------------------------------------------    -------------------
    RAMB36_X12Y26        RAMB36E2 (Prop_RAMB36E2_RAMB36_CLKBWRCLK_DOUTBDOUT[3])
                                                      0.908     3.863 f  g_int4.u_p520/u_engine/u_ping/mem_reg_bram_0/DOUTBDOUT[3]
                         net (fo=3, routed)           0.370     4.233    g_int4.u_p520/u_engine/u_ping/ping_a_dout[3]
    SLICE_X92Y128        LUT3 (Prop_C6LUT_SLICEL_I0_O)
                                                      0.123     4.356 f  g_int4.u_p520/u_engine/u_ping/mem_reg_bram_0_i_16__1/O
                         net (fo=6, routed)           0.324     4.681    g_int4.u_p520/u_mac_mul/s10/A[3]
    DSP48E2_X17Y53       DSP_A_B_DATA (Prop_DSP_A_B_DATA_DSP48E2_A[3]_A2_DATA[3])
                                                      0.192     4.873 r  g_int4.u_p520/u_mac_mul/s10/DSP_A_B_DATA_INST/A2_DATA[3]
                         net (fo=1, routed)           0.000     4.873    g_int4.u_p520/u_mac_mul/s10/DSP_A_B_DATA.A2_DATA<3>
    DSP48E2_X17Y53       DSP_PREADD_DATA (Prop_DSP_PREADD_DATA_DSP48E2_A2_DATA[3]_A2A1[3])
                                                      0.076     4.949 r  g_int4.u_p520/u_mac_mul/s10/DSP_PREADD_DATA_INST/A2A1[3]
                         net (fo=1, routed)           0.000     4.949    g_int4.u_p520/u_mac_mul/s10/DSP_PREADD_DATA.A2A1<3>
    DSP48E2_X17Y53       DSP_MULTIPLIER (Prop_DSP_MULTIPLIER_DSP48E2_A2A1[3]_U[20])
                                                      0.505     5.454 f  g_int4.u_p520/u_mac_mul/s10/DSP_MULTIPLIER_INST/U[20]
                         net (fo=1, routed)           0.000     5.454    g_int4.u_p520/u_mac_mul/s10/DSP_MULTIPLIER.U<20>
    DSP48E2_X17Y53       DSP_M_DATA (Prop_DSP_M_DATA_DSP48E2_U[20]_U_DATA[20])
                                                      0.047     5.501 r  g_int4.u_p520/u_mac_mul/s10/DSP_M_DATA_INST/U_DATA[20]
                         net (fo=1, routed)           0.000     5.501    g_int4.u_p520/u_mac_mul/s10/DSP_M_DATA.U_DATA<20>
    DSP48E2_X17Y53       DSP_ALU (Prop_DSP_ALU_DSP48E2_U_DATA[20]_ALU_OUT[20])
                                                      0.585     6.086 f  g_int4.u_p520/u_mac_mul/s10/DSP_ALU_INST/ALU_OUT[20]
                         net (fo=1, routed)           0.000     6.086    g_int4.u_p520/u_mac_mul/s10/DSP_ALU.ALU_OUT<20>
    DSP48E2_X17Y53       DSP_OUTPUT (Prop_DSP_OUTPUT_DSP48E2_ALU_OUT[20]_P[20])
                                                      0.109     6.195 r  g_int4.u_p520/u_mac_mul/s10/DSP_OUTPUT_INST/P[20]
                         net (fo=2, routed)           0.205     6.400    g_int4.u_p520/u_mac_mul/s10_n_85
    SLICE_X90Y132        LUT2 (Prop_D6LUT_SLICEM_I0_O)
                                                      0.051     6.451 r  g_int4.u_p520/u_mac_mul/s2_reg_i_21/O
                         net (fo=1, routed)           0.025     6.476    g_int4.u_p520/u_mac_mul/s2_reg_i_21_n_0
    SLICE_X90Y132        CARRY8 (Prop_CARRY8_SLICEM_S[3]_CO[7])
                                                      0.163     6.639 r  g_int4.u_p520/u_mac_mul/s2_reg_i_3/CO[7]
                         net (fo=1, routed)           0.026     6.665    g_int4.u_p520/u_mac_mul/s2_reg_i_3_n_0
    SLICE_X90Y133        CARRY8 (Prop_CARRY8_SLICEM_CI_O[4])
                                                      0.086     6.751 r  g_int4.u_p520/u_mac_mul/s2_reg_i_2/O[4]
                         net (fo=1, routed)           0.274     7.025    g_int4.u_p520/u_mac_mul/s2_reg/A[10]
    DSP48E2_X17Y52       DSP_A_B_DATA                                 r  g_int4.u_p520/u_mac_mul/s2_reg/DSP_A_B_DATA_INST/A[10]
  -------------------------------------------------------------------    -------------------

                         (clock clk rise edge)        5.000     5.000 r  
    R10                                               0.000     5.000 r  clk (IN)
                         net (fo=0)                   0.000     5.000    clk_IBUF_inst/I
    R10                  INBUF (Prop_INBUF_HPIOB_M_PAD_O)
                                                      0.271     5.271 r  clk_IBUF_inst/INBUF_INST/O
                         net (fo=1, routed)           0.000     5.271    clk_IBUF_inst/OUT
    R10                  IBUFCTRL (Prop_IBUFCTRL_HPIOB_M_I_O)
                                                      0.000     5.271 r  clk_IBUF_inst/IBUFCTRL_INST/O
                         net (fo=1, routed)           0.293     5.564    clk_IBUF
    BUFGCE_X0Y77         BUFGCE (Prop_BUFCE_BUFGCE_I_O)
                                                      0.024     5.588 r  clk_IBUF_BUFG_inst/O
    X3Y2 (CLOCK_ROOT)    net (fo=367, routed)         1.740     7.328    g_int4.u_p520/u_mac_mul/s2_reg/CLK
    DSP48E2_X17Y52       DSP_A_B_DATA                                 r  g_int4.u_p520/u_mac_mul/s2_reg/DSP_A_B_DATA_INST/CLK
                         clock pessimism              0.424     7.752    
                         clock uncertainty           -0.035     7.717    
    DSP48E2_X17Y52       DSP_A_B_DATA (Setup_DSP_A_B_DATA_DSP48E2_CLK_A[10])
                                                     -0.280     7.437    g_int4.u_p520/u_mac_mul/s2_reg/DSP_A_B_DATA_INST
  -------------------------------------------------------------------
                         required time                          7.437    
                         arrival time                          -7.025    
  -------------------------------------------------------------------
                         slack                                  0.411    

Slack (MET) :             0.413ns  (required time - arrival time)
  Source:                 g_int4.u_p520/u_engine/u_pong/mem_reg_bram_0/CLKARDCLK
                            (rising edge-triggered cell RAMB36E2 clocked by clk  {rise@0.000ns fall@2.500ns period=5.000ns})
  Destination:            g_int4.u_p520/u_engine/u_mul/s2_reg/DSP_A_B_DATA_INST/A[14]
                            (rising edge-triggered cell DSP_A_B_DATA clocked by clk  {rise@0.000ns fall@2.500ns period=5.000ns})
  Path Group:             clk
  Path Type:              Setup (Max at Slow Process Corner)
  Requirement:            5.000ns  (clk rise@5.000ns - clk rise@0.000ns)
  Data Path Delay:        4.091ns  (logic 2.805ns (68.558%)  route 1.286ns (31.442%))
  Logic Levels:           10  (CARRY8=2 DSP_A_B_DATA=1 DSP_ALU=1 DSP_M_DATA=1 DSP_MULTIPLIER=1 DSP_OUTPUT=1 DSP_PREADD_DATA=1 LUT5=1 LUT6=1)
  Clock Path Skew:        -0.197ns (DCD - SCD + CPR)
    Destination Clock Delay (DCD):    2.324ns = ( 7.324 - 5.000 ) 
    Source Clock Delay      (SCD):    2.945ns
    Clock Pessimism Removal (CPR):    0.424ns
  Clock Uncertainty:      0.035ns  ((TSJ^2 + TIJ^2)^1/2 + DJ) / 2 + PE
    Total System Jitter     (TSJ):    0.071ns
    Total Input Jitter      (TIJ):    0.000ns
    Discrete Jitter          (DJ):    0.000ns
    Phase Error              (PE):    0.000ns
  Clock Net Delay (Source):      2.063ns (routing 0.878ns, distribution 1.185ns)
  Clock Net Delay (Destination): 1.736ns (routing 0.799ns, distribution 0.937ns)

    Location             Delay type                Incr(ns)  Path(ns)    Netlist Resource(s)
  -------------------------------------------------------------------    -------------------
                         (clock clk rise edge)        0.000     0.000 r  
    R10                                               0.000     0.000 r  clk (IN)
                         net (fo=0)                   0.000     0.000    clk_IBUF_inst/I
    R10                  INBUF (Prop_INBUF_HPIOB_M_PAD_O)
                                                      0.521     0.521 r  clk_IBUF_inst/INBUF_INST/O
                         net (fo=1, routed)           0.000     0.521    clk_IBUF_inst/OUT
    R10                  IBUFCTRL (Prop_IBUFCTRL_HPIOB_M_I_O)
                                                      0.000     0.521 r  clk_IBUF_inst/IBUFCTRL_INST/O
                         net (fo=1, routed)           0.332     0.853    clk_IBUF
    BUFGCE_X0Y77         BUFGCE (Prop_BUFCE_BUFGCE_I_O)
                                                      0.028     0.881 r  clk_IBUF_BUFG_inst/O
    X3Y2 (CLOCK_ROOT)    net (fo=367, routed)         2.063     2.945    g_int4.u_p520/u_engine/u_pong/clk_IBUF_BUFG
    RAMB36_X12Y25        RAMB36E2                                     r  g_int4.u_p520/u_engine/u_pong/mem_reg_bram_0/CLKARDCLK
  -------------------------------------------------------------------    -------------------
    RAMB36_X12Y25        RAMB36E2 (Prop_RAMB36E2_RAMB36_CLKARDCLK_DOUTADOUT[10])
                                                      0.883     3.828 f  g_int4.u_p520/u_engine/u_pong/mem_reg_bram_0/DOUTADOUT[10]
                         net (fo=1, routed)           0.283     4.111    g_int4.u_p520/u_engine/u_pong/mem_reg_bram_0_n_89
    SLICE_X93Y127        LUT5 (Prop_F6LUT_SLICEM_I2_O)
                                                      0.123     4.234 f  g_int4.u_p520/u_engine/u_pong/s10_i_44/O
                         net (fo=1, routed)           0.091     4.325    g_int4.u_p520/u_engine/u_ping/s10_11
    SLICE_X92Y127        LUT6 (Prop_H6LUT_SLICEL_I5_O)
                                                      0.051     4.376 f  g_int4.u_p520/u_engine/u_ping/s10_i_7/O
                         net (fo=1, routed)           0.260     4.636    g_int4.u_p520/u_engine/u_mul/s10/B[10]
    DSP48E2_X17Y50       DSP_A_B_DATA (Prop_DSP_A_B_DATA_DSP48E2_B[10]_B2_DATA[10])
                                                      0.151     4.787 r  g_int4.u_p520/u_engine/u_mul/s10/DSP_A_B_DATA_INST/B2_DATA[10]
                         net (fo=1, routed)           0.000     4.787    g_int4.u_p520/u_engine/u_mul/s10/DSP_A_B_DATA.B2_DATA<10>
    DSP48E2_X17Y50       DSP_PREADD_DATA (Prop_DSP_PREADD_DATA_DSP48E2_B2_DATA[10]_B2B1[10])
                                                      0.073     4.860 r  g_int4.u_p520/u_engine/u_mul/s10/DSP_PREADD_DATA_INST/B2B1[10]
                         net (fo=1, routed)           0.000     4.860    g_int4.u_p520/u_engine/u_mul/s10/DSP_PREADD_DATA.B2B1<10>
    DSP48E2_X17Y50       DSP_MULTIPLIER (Prop_DSP_MULTIPLIER_DSP48E2_B2B1[10]_V[25])
                                                      0.609     5.469 f  g_int4.u_p520/u_engine/u_mul/s10/DSP_MULTIPLIER_INST/V[25]
                         net (fo=1, routed)           0.000     5.469    g_int4.u_p520/u_engine/u_mul/s10/DSP_MULTIPLIER.V<25>
    DSP48E2_X17Y50       DSP_M_DATA (Prop_DSP_M_DATA_DSP48E2_V[25]_V_DATA[25])
                                                      0.046     5.515 r  g_int4.u_p520/u_engine/u_mul/s10/DSP_M_DATA_INST/V_DATA[25]
                         net (fo=1, routed)           0.000     5.515    g_int4.u_p520/u_engine/u_mul/s10/DSP_M_DATA.V_DATA<25>
    DSP48E2_X17Y50       DSP_ALU (Prop_DSP_ALU_DSP48E2_V_DATA[25]_ALU_OUT[25])
                                                      0.571     6.086 f  g_int4.u_p520/u_engine/u_mul/s10/DSP_ALU_INST/ALU_OUT[25]
                         net (fo=1, routed)           0.000     6.086    g_int4.u_p520/u_engine/u_mul/s10/DSP_ALU.ALU_OUT<25>
    DSP48E2_X17Y50       DSP_OUTPUT (Prop_DSP_OUTPUT_DSP48E2_ALU_OUT[25]_P[25])
                                                      0.109     6.195 r  g_int4.u_p520/u_engine/u_mul/s10/DSP_OUTPUT_INST/P[25]
                         net (fo=2, routed)           0.343     6.538    g_int4.u_p520/u_engine/u_mul/s10_n_80
    SLICE_X90Y128        CARRY8 (Prop_CARRY8_SLICEM_DI[0]_CO[7])
                                                      0.133     6.671 r  g_int4.u_p520/u_engine/u_mul/s10_inferred__0/i__carry__0/CO[7]
                         net (fo=1, routed)           0.026     6.697    g_int4.u_p520/u_engine/u_mul/s10_inferred__0/i__carry__0_n_0
    SLICE_X90Y129        CARRY8 (Prop_CARRY8_SLICEM_CI_O[0])
                                                      0.056     6.753 r  g_int4.u_p520/u_engine/u_mul/s10_inferred__0/i__carry__1/O[0]
                         net (fo=1, routed)           0.283     7.036    g_int4.u_p520/u_engine/u_mul/s2_reg/A[14]
    DSP48E2_X17Y51       DSP_A_B_DATA                                 r  g_int4.u_p520/u_engine/u_mul/s2_reg/DSP_A_B_DATA_INST/A[14]
  -------------------------------------------------------------------    -------------------

                         (clock clk rise edge)        5.000     5.000 r  
    R10                                               0.000     5.000 r  clk (IN)
                         net (fo=0)                   0.000     5.000    clk_IBUF_inst/I
    R10                  INBUF (Prop_INBUF_HPIOB_M_PAD_O)
                                                      0.271     5.271 r  clk_IBUF_inst/INBUF_INST/O
                         net (fo=1, routed)           0.000     5.271    clk_IBUF_inst/OUT
    R10                  IBUFCTRL (Prop_IBUFCTRL_HPIOB_M_I_O)
                                                      0.000     5.271 r  clk_IBUF_inst/IBUFCTRL_INST/O
                         net (fo=1, routed)           0.293     5.564    clk_IBUF
    BUFGCE_X0Y77         BUFGCE (Prop_BUFCE_BUFGCE_I_O)
                                                      0.024     5.588 r  clk_IBUF_BUFG_inst/O
    X3Y2 (CLOCK_ROOT)    net (fo=367, routed)         1.736     7.324    g_int4.u_p520/u_engine/u_mul/s2_reg/CLK
    DSP48E2_X17Y51       DSP_A_B_DATA                                 r  g_int4.u_p520/u_engine/u_mul/s2_reg/DSP_A_B_DATA_INST/CLK
                         clock pessimism              0.424     7.748    
                         clock uncertainty           -0.035     7.713    
    DSP48E2_X17Y51       DSP_A_B_DATA (Setup_DSP_A_B_DATA_DSP48E2_CLK_A[14])
                                                     -0.264     7.449    g_int4.u_p520/u_engine/u_mul/s2_reg/DSP_A_B_DATA_INST
  -------------------------------------------------------------------
                         required time                          7.449    
                         arrival time                          -7.036    
  -------------------------------------------------------------------
                         slack                                  0.413    

Slack (MET) :             0.417ns  (required time - arrival time)
  Source:                 g_int4.u_p520/u_engine/u_pong/mem_reg_bram_0/CLKARDCLK
                            (rising edge-triggered cell RAMB36E2 clocked by clk  {rise@0.000ns fall@2.500ns period=5.000ns})
  Destination:            g_int4.u_p520/u_engine/u_mul/s2_reg/DSP_A_B_DATA_INST/A[12]
                            (rising edge-triggered cell DSP_A_B_DATA clocked by clk  {rise@0.000ns fall@2.500ns period=5.000ns})
  Path Group:             clk
  Path Type:              Setup (Max at Slow Process Corner)
  Requirement:            5.000ns  (clk rise@5.000ns - clk rise@0.000ns)
  Data Path Delay:        4.093ns  (logic 2.927ns (71.505%)  route 1.166ns (28.495%))
  Logic Levels:           11  (CARRY8=2 DSP_A_B_DATA=1 DSP_ALU=1 DSP_M_DATA=1 DSP_MULTIPLIER=1 DSP_OUTPUT=1 DSP_PREADD_DATA=1 LUT2=1 LUT5=1 LUT6=1)
  Clock Path Skew:        -0.197ns (DCD - SCD + CPR)
    Destination Clock Delay (DCD):    2.324ns = ( 7.324 - 5.000 ) 
    Source Clock Delay      (SCD):    2.945ns
    Clock Pessimism Removal (CPR):    0.424ns
  Clock Uncertainty:      0.035ns  ((TSJ^2 + TIJ^2)^1/2 + DJ) / 2 + PE
    Total System Jitter     (TSJ):    0.071ns
    Total Input Jitter      (TIJ):    0.000ns
    Discrete Jitter          (DJ):    0.000ns
    Phase Error              (PE):    0.000ns
  Clock Net Delay (Source):      2.063ns (routing 0.878ns, distribution 1.185ns)
  Clock Net Delay (Destination): 1.736ns (routing 0.799ns, distribution 0.937ns)

    Location             Delay type                Incr(ns)  Path(ns)    Netlist Resource(s)
  -------------------------------------------------------------------    -------------------
                         (clock clk rise edge)        0.000     0.000 r  
    R10                                               0.000     0.000 r  clk (IN)
                         net (fo=0)                   0.000     0.000    clk_IBUF_inst/I
    R10                  INBUF (Prop_INBUF_HPIOB_M_PAD_O)
                                                      0.521     0.521 r  clk_IBUF_inst/INBUF_INST/O
                         net (fo=1, routed)           0.000     0.521    clk_IBUF_inst/OUT
    R10                  IBUFCTRL (Prop_IBUFCTRL_HPIOB_M_I_O)
                                                      0.000     0.521 r  clk_IBUF_inst/IBUFCTRL_INST/O
                         net (fo=1, routed)           0.332     0.853    clk_IBUF
    BUFGCE_X0Y77         BUFGCE (Prop_BUFCE_BUFGCE_I_O)
                                                      0.028     0.881 r  clk_IBUF_BUFG_inst/O
    X3Y2 (CLOCK_ROOT)    net (fo=367, routed)         2.063     2.945    g_int4.u_p520/u_engine/u_pong/clk_IBUF_BUFG
    RAMB36_X12Y25        RAMB36E2                                     r  g_int4.u_p520/u_engine/u_pong/mem_reg_bram_0/CLKARDCLK
  -------------------------------------------------------------------    -------------------
    RAMB36_X12Y25        RAMB36E2 (Prop_RAMB36E2_RAMB36_CLKARDCLK_DOUTADOUT[10])
                                                      0.883     3.828 f  g_int4.u_p520/u_engine/u_pong/mem_reg_bram_0/DOUTADOUT[10]
                         net (fo=1, routed)           0.283     4.111    g_int4.u_p520/u_engine/u_pong/mem_reg_bram_0_n_89
    SLICE_X93Y127        LUT5 (Prop_F6LUT_SLICEM_I2_O)
                                                      0.123     4.234 f  g_int4.u_p520/u_engine/u_pong/s10_i_44/O
                         net (fo=1, routed)           0.091     4.325    g_int4.u_p520/u_engine/u_ping/s10_11
    SLICE_X92Y127        LUT6 (Prop_H6LUT_SLICEL_I5_O)
                                                      0.051     4.376 f  g_int4.u_p520/u_engine/u_ping/s10_i_7/O
                         net (fo=1, routed)           0.260     4.636    g_int4.u_p520/u_engine/u_mul/s10/B[10]
    DSP48E2_X17Y50       DSP_A_B_DATA (Prop_DSP_A_B_DATA_DSP48E2_B[10]_B2_DATA[10])
                                                      0.151     4.787 r  g_int4.u_p520/u_engine/u_mul/s10/DSP_A_B_DATA_INST/B2_DATA[10]
                         net (fo=1, routed)           0.000     4.787    g_int4.u_p520/u_engine/u_mul/s10/DSP_A_B_DATA.B2_DATA<10>
    DSP48E2_X17Y50       DSP_PREADD_DATA (Prop_DSP_PREADD_DATA_DSP48E2_B2_DATA[10]_B2B1[10])
                                                      0.073     4.860 r  g_int4.u_p520/u_engine/u_mul/s10/DSP_PREADD_DATA_INST/B2B1[10]
                         net (fo=1, routed)           0.000     4.860    g_int4.u_p520/u_engine/u_mul/s10/DSP_PREADD_DATA.B2B1<10>
    DSP48E2_X17Y50       DSP_MULTIPLIER (Prop_DSP_MULTIPLIER_DSP48E2_B2B1[10]_V[21])
                                                      0.609     5.469 f  g_int4.u_p520/u_engine/u_mul/s10/DSP_MULTIPLIER_INST/V[21]
                         net (fo=1, routed)           0.000     5.469    g_int4.u_p520/u_engine/u_mul/s10/DSP_MULTIPLIER.V<21>
    DSP48E2_X17Y50       DSP_M_DATA (Prop_DSP_M_DATA_DSP48E2_V[21]_V_DATA[21])
                                                      0.046     5.515 r  g_int4.u_p520/u_engine/u_mul/s10/DSP_M_DATA_INST/V_DATA[21]
                         net (fo=1, routed)           0.000     5.515    g_int4.u_p520/u_engine/u_mul/s10/DSP_M_DATA.V_DATA<21>
    DSP48E2_X17Y50       DSP_ALU (Prop_DSP_ALU_DSP48E2_V_DATA[21]_ALU_OUT[21])
                                                      0.571     6.086 f  g_int4.u_p520/u_engine/u_mul/s10/DSP_ALU_INST/ALU_OUT[21]
                         net (fo=1, routed)           0.000     6.086    g_int4.u_p520/u_engine/u_mul/s10/DSP_ALU.ALU_OUT<21>
    DSP48E2_X17Y50       DSP_OUTPUT (Prop_DSP_OUTPUT_DSP48E2_ALU_OUT[21]_P[21])
                                                      0.109     6.195 r  g_int4.u_p520/u_engine/u_mul/s10/DSP_OUTPUT_INST/P[21]
                         net (fo=2, routed)           0.210     6.405    g_int4.u_p520/u_engine/u_mul/s10_n_84
    SLICE_X90Y127        LUT2 (Prop_E6LUT_SLICEM_I0_O)
                                                      0.052     6.457 r  g_int4.u_p520/u_engine/u_mul/i__carry_i_4/O
                         net (fo=1, routed)           0.014     6.471    g_int4.u_p520/u_engine/u_mul/i__carry_i_4_n_0
    SLICE_X90Y127        CARRY8 (Prop_CARRY8_SLICEM_S[4]_CO[7])
                                                      0.156     6.627 r  g_int4.u_p520/u_engine/u_mul/s10_inferred__0/i__carry/CO[7]
                         net (fo=1, routed)           0.026     6.653    g_int4.u_p520/u_engine/u_mul/s10_inferred__0/i__carry_n_0
    SLICE_X90Y128        CARRY8 (Prop_CARRY8_SLICEM_CI_O[6])
                                                      0.103     6.756 r  g_int4.u_p520/u_engine/u_mul/s10_inferred__0/i__carry__0/O[6]
                         net (fo=1, routed)           0.282     7.038    g_int4.u_p520/u_engine/u_mul/s2_reg/A[12]
    DSP48E2_X17Y51       DSP_A_B_DATA                                 r  g_int4.u_p520/u_engine/u_mul/s2_reg/DSP_A_B_DATA_INST/A[12]
  -------------------------------------------------------------------    -------------------

                         (clock clk rise edge)        5.000     5.000 r  
    R10                                               0.000     5.000 r  clk (IN)
                         net (fo=0)                   0.000     5.000    clk_IBUF_inst/I
    R10                  INBUF (Prop_INBUF_HPIOB_M_PAD_O)
                                                      0.271     5.271 r  clk_IBUF_inst/INBUF_INST/O
                         net (fo=1, routed)           0.000     5.271    clk_IBUF_inst/OUT
    R10                  IBUFCTRL (Prop_IBUFCTRL_HPIOB_M_I_O)
                                                      0.000     5.271 r  clk_IBUF_inst/IBUFCTRL_INST/O
                         net (fo=1, routed)           0.293     5.564    clk_IBUF
    BUFGCE_X0Y77         BUFGCE (Prop_BUFCE_BUFGCE_I_O)
                                                      0.024     5.588 r  clk_IBUF_BUFG_inst/O
    X3Y2 (CLOCK_ROOT)    net (fo=367, routed)         1.736     7.324    g_int4.u_p520/u_engine/u_mul/s2_reg/CLK
    DSP48E2_X17Y51       DSP_A_B_DATA                                 r  g_int4.u_p520/u_engine/u_mul/s2_reg/DSP_A_B_DATA_INST/CLK
                         clock pessimism              0.424     7.748    
                         clock uncertainty           -0.035     7.713    
    DSP48E2_X17Y51       DSP_A_B_DATA (Setup_DSP_A_B_DATA_DSP48E2_CLK_A[12])
                                                     -0.258     7.455    g_int4.u_p520/u_engine/u_mul/s2_reg/DSP_A_B_DATA_INST
  -------------------------------------------------------------------
                         required time                          7.455    
                         arrival time                          -7.038    
  -------------------------------------------------------------------
                         slack                                  0.417    

Slack (MET) :             0.418ns  (required time - arrival time)
  Source:                 g_int4.u_p520/u_engine/u_pong/mem_reg_bram_0/CLKARDCLK
                            (rising edge-triggered cell RAMB36E2 clocked by clk  {rise@0.000ns fall@2.500ns period=5.000ns})
  Destination:            g_int4.u_p520/u_engine/u_mul/s2_reg/DSP_A_B_DATA_INST/A[10]
                            (rising edge-triggered cell DSP_A_B_DATA clocked by clk  {rise@0.000ns fall@2.500ns period=5.000ns})
  Path Group:             clk
  Path Type:              Setup (Max at Slow Process Corner)
  Requirement:            5.000ns  (clk rise@5.000ns - clk rise@0.000ns)
  Data Path Delay:        4.070ns  (logic 2.910ns (71.492%)  route 1.160ns (28.508%))
  Logic Levels:           11  (CARRY8=2 DSP_A_B_DATA=1 DSP_ALU=1 DSP_M_DATA=1 DSP_MULTIPLIER=1 DSP_OUTPUT=1 DSP_PREADD_DATA=1 LUT2=1 LUT5=1 LUT6=1)
  Clock Path Skew:        -0.197ns (DCD - SCD + CPR)
    Destination Clock Delay (DCD):    2.324ns = ( 7.324 - 5.000 ) 
    Source Clock Delay      (SCD):    2.945ns
    Clock Pessimism Removal (CPR):    0.424ns
  Clock Uncertainty:      0.035ns  ((TSJ^2 + TIJ^2)^1/2 + DJ) / 2 + PE
    Total System Jitter     (TSJ):    0.071ns
    Total Input Jitter      (TIJ):    0.000ns
    Discrete Jitter          (DJ):    0.000ns
    Phase Error              (PE):    0.000ns
  Clock Net Delay (Source):      2.063ns (routing 0.878ns, distribution 1.185ns)
  Clock Net Delay (Destination): 1.736ns (routing 0.799ns, distribution 0.937ns)

    Location             Delay type                Incr(ns)  Path(ns)    Netlist Resource(s)
  -------------------------------------------------------------------    -------------------
                         (clock clk rise edge)        0.000     0.000 r  
    R10                                               0.000     0.000 r  clk (IN)
                         net (fo=0)                   0.000     0.000    clk_IBUF_inst/I
    R10                  INBUF (Prop_INBUF_HPIOB_M_PAD_O)
                                                      0.521     0.521 r  clk_IBUF_inst/INBUF_INST/O
                         net (fo=1, routed)           0.000     0.521    clk_IBUF_inst/OUT
    R10                  IBUFCTRL (Prop_IBUFCTRL_HPIOB_M_I_O)
                                                      0.000     0.521 r  clk_IBUF_inst/IBUFCTRL_INST/O
                         net (fo=1, routed)           0.332     0.853    clk_IBUF
    BUFGCE_X0Y77         BUFGCE (Prop_BUFCE_BUFGCE_I_O)
                                                      0.028     0.881 r  clk_IBUF_BUFG_inst/O
    X3Y2 (CLOCK_ROOT)    net (fo=367, routed)         2.063     2.945    g_int4.u_p520/u_engine/u_pong/clk_IBUF_BUFG
    RAMB36_X12Y25        RAMB36E2                                     r  g_int4.u_p520/u_engine/u_pong/mem_reg_bram_0/CLKARDCLK
  -------------------------------------------------------------------    -------------------
    RAMB36_X12Y25        RAMB36E2 (Prop_RAMB36E2_RAMB36_CLKARDCLK_DOUTADOUT[10])
                                                      0.883     3.828 f  g_int4.u_p520/u_engine/u_pong/mem_reg_bram_0/DOUTADOUT[10]
                         net (fo=1, routed)           0.283     4.111    g_int4.u_p520/u_engine/u_pong/mem_reg_bram_0_n_89
    SLICE_X93Y127        LUT5 (Prop_F6LUT_SLICEM_I2_O)
                                                      0.123     4.234 f  g_int4.u_p520/u_engine/u_pong/s10_i_44/O
                         net (fo=1, routed)           0.091     4.325    g_int4.u_p520/u_engine/u_ping/s10_11
    SLICE_X92Y127        LUT6 (Prop_H6LUT_SLICEL_I5_O)
                                                      0.051     4.376 f  g_int4.u_p520/u_engine/u_ping/s10_i_7/O
                         net (fo=1, routed)           0.260     4.636    g_int4.u_p520/u_engine/u_mul/s10/B[10]
    DSP48E2_X17Y50       DSP_A_B_DATA (Prop_DSP_A_B_DATA_DSP48E2_B[10]_B2_DATA[10])
                                                      0.151     4.787 r  g_int4.u_p520/u_engine/u_mul/s10/DSP_A_B_DATA_INST/B2_DATA[10]
                         net (fo=1, routed)           0.000     4.787    g_int4.u_p520/u_engine/u_mul/s10/DSP_A_B_DATA.B2_DATA<10>
    DSP48E2_X17Y50       DSP_PREADD_DATA (Prop_DSP_PREADD_DATA_DSP48E2_B2_DATA[10]_B2B1[10])
                                                      0.073     4.860 r  g_int4.u_p520/u_engine/u_mul/s10/DSP_PREADD_DATA_INST/B2B1[10]
                         net (fo=1, routed)           0.000     4.860    g_int4.u_p520/u_engine/u_mul/s10/DSP_PREADD_DATA.B2B1<10>
    DSP48E2_X17Y50       DSP_MULTIPLIER (Prop_DSP_MULTIPLIER_DSP48E2_B2B1[10]_V[21])
                                                      0.609     5.469 f  g_int4.u_p520/u_engine/u_mul/s10/DSP_MULTIPLIER_INST/V[21]
                         net (fo=1, routed)           0.000     5.469    g_int4.u_p520/u_engine/u_mul/s10/DSP_MULTIPLIER.V<21>
    DSP48E2_X17Y50       DSP_M_DATA (Prop_DSP_M_DATA_DSP48E2_V[21]_V_DATA[21])
                                                      0.046     5.515 r  g_int4.u_p520/u_engine/u_mul/s10/DSP_M_DATA_INST/V_DATA[21]
                         net (fo=1, routed)           0.000     5.515    g_int4.u_p520/u_engine/u_mul/s10/DSP_M_DATA.V_DATA<21>
    DSP48E2_X17Y50       DSP_ALU (Prop_DSP_ALU_DSP48E2_V_DATA[21]_ALU_OUT[21])
                                                      0.571     6.086 f  g_int4.u_p520/u_engine/u_mul/s10/DSP_ALU_INST/ALU_OUT[21]
                         net (fo=1, routed)           0.000     6.086    g_int4.u_p520/u_engine/u_mul/s10/DSP_ALU.ALU_OUT<21>
    DSP48E2_X17Y50       DSP_OUTPUT (Prop_DSP_OUTPUT_DSP48E2_ALU_OUT[21]_P[21])
                                                      0.109     6.195 r  g_int4.u_p520/u_engine/u_mul/s10/DSP_OUTPUT_INST/P[21]
                         net (fo=2, routed)           0.210     6.405    g_int4.u_p520/u_engine/u_mul/s10_n_84
    SLICE_X90Y127        LUT2 (Prop_E6LUT_SLICEM_I0_O)
                                                      0.052     6.457 r  g_int4.u_p520/u_engine/u_mul/i__carry_i_4/O
                         net (fo=1, routed)           0.014     6.471    g_int4.u_p520/u_engine/u_mul/i__carry_i_4_n_0
    SLICE_X90Y127        CARRY8 (Prop_CARRY8_SLICEM_S[4]_CO[7])
                                                      0.156     6.627 r  g_int4.u_p520/u_engine/u_mul/s10_inferred__0/i__carry/CO[7]
                         net (fo=1, routed)           0.026     6.653    g_int4.u_p520/u_engine/u_mul/s10_inferred__0/i__carry_n_0
    SLICE_X90Y128        CARRY8 (Prop_CARRY8_SLICEM_CI_O[4])
                                                      0.086     6.739 r  g_int4.u_p520/u_engine/u_mul/s10_inferred__0/i__carry__0/O[4]
                         net (fo=1, routed)           0.276     7.015    g_int4.u_p520/u_engine/u_mul/s2_reg/A[10]
    DSP48E2_X17Y51       DSP_A_B_DATA                                 r  g_int4.u_p520/u_engine/u_mul/s2_reg/DSP_A_B_DATA_INST/A[10]
  -------------------------------------------------------------------    -------------------

                         (clock clk rise edge)        5.000     5.000 r  
    R10                                               0.000     5.000 r  clk (IN)
                         net (fo=0)                   0.000     5.000    clk_IBUF_inst/I
    R10                  INBUF (Prop_INBUF_HPIOB_M_PAD_O)
                                                      0.271     5.271 r  clk_IBUF_inst/INBUF_INST/O
                         net (fo=1, routed)           0.000     5.271    clk_IBUF_inst/OUT
    R10                  IBUFCTRL (Prop_IBUFCTRL_HPIOB_M_I_O)
                                                      0.000     5.271 r  clk_IBUF_inst/IBUFCTRL_INST/O
                         net (fo=1, routed)           0.293     5.564    clk_IBUF
    BUFGCE_X0Y77         BUFGCE (Prop_BUFCE_BUFGCE_I_O)
                                                      0.024     5.588 r  clk_IBUF_BUFG_inst/O
    X3Y2 (CLOCK_ROOT)    net (fo=367, routed)         1.736     7.324    g_int4.u_p520/u_engine/u_mul/s2_reg/CLK
    DSP48E2_X17Y51       DSP_A_B_DATA                                 r  g_int4.u_p520/u_engine/u_mul/s2_reg/DSP_A_B_DATA_INST/CLK
                         clock pessimism              0.424     7.748    
                         clock uncertainty           -0.035     7.713    
    DSP48E2_X17Y51       DSP_A_B_DATA (Setup_DSP_A_B_DATA_DSP48E2_CLK_A[10])
                                                     -0.280     7.433    g_int4.u_p520/u_engine/u_mul/s2_reg/DSP_A_B_DATA_INST
  -------------------------------------------------------------------
                         required time                          7.433    
                         arrival time                          -7.015    
  -------------------------------------------------------------------
                         slack                                  0.418    

Slack (MET) :             0.419ns  (required time - arrival time)
  Source:                 g_int4.u_p520/u_engine/u_pong/mem_reg_bram_0/CLKARDCLK
                            (rising edge-triggered cell RAMB36E2 clocked by clk  {rise@0.000ns fall@2.500ns period=5.000ns})
  Destination:            g_int4.u_p520/u_engine/u_mul/s2_reg/DSP_A_B_DATA_INST/A[16]
                            (rising edge-triggered cell DSP_A_B_DATA clocked by clk  {rise@0.000ns fall@2.500ns period=5.000ns})
  Path Group:             clk
  Path Type:              Setup (Max at Slow Process Corner)
  Requirement:            5.000ns  (clk rise@5.000ns - clk rise@0.000ns)
  Data Path Delay:        4.094ns  (logic 2.816ns (68.777%)  route 1.278ns (31.223%))
  Logic Levels:           10  (CARRY8=2 DSP_A_B_DATA=1 DSP_ALU=1 DSP_M_DATA=1 DSP_MULTIPLIER=1 DSP_OUTPUT=1 DSP_PREADD_DATA=1 LUT5=1 LUT6=1)
  Clock Path Skew:        -0.197ns (DCD - SCD + CPR)
    Destination Clock Delay (DCD):    2.324ns = ( 7.324 - 5.000 ) 
    Source Clock Delay      (SCD):    2.945ns
    Clock Pessimism Removal (CPR):    0.424ns
  Clock Uncertainty:      0.035ns  ((TSJ^2 + TIJ^2)^1/2 + DJ) / 2 + PE
    Total System Jitter     (TSJ):    0.071ns
    Total Input Jitter      (TIJ):    0.000ns
    Discrete Jitter          (DJ):    0.000ns
    Phase Error              (PE):    0.000ns
  Clock Net Delay (Source):      2.063ns (routing 0.878ns, distribution 1.185ns)
  Clock Net Delay (Destination): 1.736ns (routing 0.799ns, distribution 0.937ns)

    Location             Delay type                Incr(ns)  Path(ns)    Netlist Resource(s)
  -------------------------------------------------------------------    -------------------
                         (clock clk rise edge)        0.000     0.000 r  
    R10                                               0.000     0.000 r  clk (IN)
                         net (fo=0)                   0.000     0.000    clk_IBUF_inst/I
    R10                  INBUF (Prop_INBUF_HPIOB_M_PAD_O)
                                                      0.521     0.521 r  clk_IBUF_inst/INBUF_INST/O
                         net (fo=1, routed)           0.000     0.521    clk_IBUF_inst/OUT
    R10                  IBUFCTRL (Prop_IBUFCTRL_HPIOB_M_I_O)
                                                      0.000     0.521 r  clk_IBUF_inst/IBUFCTRL_INST/O
                         net (fo=1, routed)           0.332     0.853    clk_IBUF
    BUFGCE_X0Y77         BUFGCE (Prop_BUFCE_BUFGCE_I_O)
                                                      0.028     0.881 r  clk_IBUF_BUFG_inst/O
    X3Y2 (CLOCK_ROOT)    net (fo=367, routed)         2.063     2.945    g_int4.u_p520/u_engine/u_pong/clk_IBUF_BUFG
    RAMB36_X12Y25        RAMB36E2                                     r  g_int4.u_p520/u_engine/u_pong/mem_reg_bram_0/CLKARDCLK
  -------------------------------------------------------------------    -------------------
    RAMB36_X12Y25        RAMB36E2 (Prop_RAMB36E2_RAMB36_CLKARDCLK_DOUTADOUT[10])
                                                      0.883     3.828 f  g_int4.u_p520/u_engine/u_pong/mem_reg_bram_0/DOUTADOUT[10]
                         net (fo=1, routed)           0.283     4.111    g_int4.u_p520/u_engine/u_pong/mem_reg_bram_0_n_89
    SLICE_X93Y127        LUT5 (Prop_F6LUT_SLICEM_I2_O)
                                                      0.123     4.234 f  g_int4.u_p520/u_engine/u_pong/s10_i_44/O
                         net (fo=1, routed)           0.091     4.325    g_int4.u_p520/u_engine/u_ping/s10_11
    SLICE_X92Y127        LUT6 (Prop_H6LUT_SLICEL_I5_O)
                                                      0.051     4.376 f  g_int4.u_p520/u_engine/u_ping/s10_i_7/O
                         net (fo=1, routed)           0.260     4.636    g_int4.u_p520/u_engine/u_mul/s10/B[10]
    DSP48E2_X17Y50       DSP_A_B_DATA (Prop_DSP_A_B_DATA_DSP48E2_B[10]_B2_DATA[10])
                                                      0.151     4.787 r  g_int4.u_p520/u_engine/u_mul/s10/DSP_A_B_DATA_INST/B2_DATA[10]
                         net (fo=1, routed)           0.000     4.787    g_int4.u_p520/u_engine/u_mul/s10/DSP_A_B_DATA.B2_DATA<10>
    DSP48E2_X17Y50       DSP_PREADD_DATA (Prop_DSP_PREADD_DATA_DSP48E2_B2_DATA[10]_B2B1[10])
                                                      0.073     4.860 r  g_int4.u_p520/u_engine/u_mul/s10/DSP_PREADD_DATA_INST/B2B1[10]
                         net (fo=1, routed)           0.000     4.860    g_int4.u_p520/u_engine/u_mul/s10/DSP_PREADD_DATA.B2B1<10>
    DSP48E2_X17Y50       DSP_MULTIPLIER (Prop_DSP_MULTIPLIER_DSP48E2_B2B1[10]_V[25])
                                                      0.609     5.469 f  g_int4.u_p520/u_engine/u_mul/s10/DSP_MULTIPLIER_INST/V[25]
                         net (fo=1, routed)           0.000     5.469    g_int4.u_p520/u_engine/u_mul/s10/DSP_MULTIPLIER.V<25>
    DSP48E2_X17Y50       DSP_M_DATA (Prop_DSP_M_DATA_DSP48E2_V[25]_V_DATA[25])
                                                      0.046     5.515 r  g_int4.u_p520/u_engine/u_mul/s10/DSP_M_DATA_INST/V_DATA[25]
                         net (fo=1, routed)           0.000     5.515    g_int4.u_p520/u_engine/u_mul/s10/DSP_M_DATA.V_DATA<25>
    DSP48E2_X17Y50       DSP_ALU (Prop_DSP_ALU_DSP48E2_V_DATA[25]_ALU_OUT[25])
                                                      0.571     6.086 f  g_int4.u_p520/u_engine/u_mul/s10/DSP_ALU_INST/ALU_OUT[25]
                         net (fo=1, routed)           0.000     6.086    g_int4.u_p520/u_engine/u_mul/s10/DSP_ALU.ALU_OUT<25>
    DSP48E2_X17Y50       DSP_OUTPUT (Prop_DSP_OUTPUT_DSP48E2_ALU_OUT[25]_P[25])
                                                      0.109     6.195 r  g_int4.u_p520/u_engine/u_mul/s10/DSP_OUTPUT_INST/P[25]
                         net (fo=2, routed)           0.343     6.538    g_int4.u_p520/u_engine/u_mul/s10_n_80
    SLICE_X90Y128        CARRY8 (Prop_CARRY8_SLICEM_DI[0]_CO[7])
                                                      0.133     6.671 r  g_int4.u_p520/u_engine/u_mul/s10_inferred__0/i__carry__0/CO[7]
                         net (fo=1, routed)           0.026     6.697    g_int4.u_p520/u_engine/u_mul/s10_inferred__0/i__carry__0_n_0
    SLICE_X90Y129        CARRY8 (Prop_CARRY8_SLICEM_CI_O[2])
                                                      0.067     6.764 r  g_int4.u_p520/u_engine/u_mul/s10_inferred__0/i__carry__1/O[2]
                         net (fo=1, routed)           0.275     7.039    g_int4.u_p520/u_engine/u_mul/s2_reg/A[16]
    DSP48E2_X17Y51       DSP_A_B_DATA                                 r  g_int4.u_p520/u_engine/u_mul/s2_reg/DSP_A_B_DATA_INST/A[16]
  -------------------------------------------------------------------    -------------------

                         (clock clk rise edge)        5.000     5.000 r  
    R10                                               0.000     5.000 r  clk (IN)
                         net (fo=0)                   0.000     5.000    clk_IBUF_inst/I
    R10                  INBUF (Prop_INBUF_HPIOB_M_PAD_O)
                                                      0.271     5.271 r  clk_IBUF_inst/INBUF_INST/O
                         net (fo=1, routed)           0.000     5.271    clk_IBUF_inst/OUT
    R10                  IBUFCTRL (Prop_IBUFCTRL_HPIOB_M_I_O)
                                                      0.000     5.271 r  clk_IBUF_inst/IBUFCTRL_INST/O
                         net (fo=1, routed)           0.293     5.564    clk_IBUF
    BUFGCE_X0Y77         BUFGCE (Prop_BUFCE_BUFGCE_I_O)
                                                      0.024     5.588 r  clk_IBUF_BUFG_inst/O
    X3Y2 (CLOCK_ROOT)    net (fo=367, routed)         1.736     7.324    g_int4.u_p520/u_engine/u_mul/s2_reg/CLK
    DSP48E2_X17Y51       DSP_A_B_DATA                                 r  g_int4.u_p520/u_engine/u_mul/s2_reg/DSP_A_B_DATA_INST/CLK
                         clock pessimism              0.424     7.748    
                         clock uncertainty           -0.035     7.713    
    DSP48E2_X17Y51       DSP_A_B_DATA (Setup_DSP_A_B_DATA_DSP48E2_CLK_A[16])
                                                     -0.255     7.458    g_int4.u_p520/u_engine/u_mul/s2_reg/DSP_A_B_DATA_INST
  -------------------------------------------------------------------
                         required time                          7.458    
                         arrival time                          -7.039    
  -------------------------------------------------------------------
                         slack                                  0.419    

Slack (MET) :             0.430ns  (required time - arrival time)
  Source:                 g_int4.u_p520/u_engine/u_ping/mem_reg_bram_0/CLKBWRCLK
                            (rising edge-triggered cell RAMB36E2 clocked by clk  {rise@0.000ns fall@2.500ns period=5.000ns})
  Destination:            g_int4.u_p520/u_mac_mul/s2_reg/DSP_A_B_DATA_INST/A[13]
                            (rising edge-triggered cell DSP_A_B_DATA clocked by clk  {rise@0.000ns fall@2.500ns period=5.000ns})
  Path Group:             clk
  Path Type:              Setup (Max at Slow Process Corner)
  Requirement:            5.000ns  (clk rise@5.000ns - clk rise@0.000ns)
  Data Path Delay:        4.059ns  (logic 2.875ns (70.831%)  route 1.184ns (29.169%))
  Logic Levels:           10  (CARRY8=2 DSP_A_B_DATA=1 DSP_ALU=1 DSP_M_DATA=1 DSP_MULTIPLIER=1 DSP_OUTPUT=1 DSP_PREADD_DATA=1 LUT2=1 LUT3=1)
  Clock Path Skew:        -0.203ns (DCD - SCD + CPR)
    Destination Clock Delay (DCD):    2.328ns = ( 7.328 - 5.000 ) 
    Source Clock Delay      (SCD):    2.955ns
    Clock Pessimism Removal (CPR):    0.424ns
  Clock Uncertainty:      0.035ns  ((TSJ^2 + TIJ^2)^1/2 + DJ) / 2 + PE
    Total System Jitter     (TSJ):    0.071ns
    Total Input Jitter      (TIJ):    0.000ns
    Discrete Jitter          (DJ):    0.000ns
    Phase Error              (PE):    0.000ns
  Clock Net Delay (Source):      2.074ns (routing 0.878ns, distribution 1.196ns)
  Clock Net Delay (Destination): 1.740ns (routing 0.799ns, distribution 0.941ns)

    Location             Delay type                Incr(ns)  Path(ns)    Netlist Resource(s)
  -------------------------------------------------------------------    -------------------
                         (clock clk rise edge)        0.000     0.000 r  
    R10                                               0.000     0.000 r  clk (IN)
                         net (fo=0)                   0.000     0.000    clk_IBUF_inst/I
    R10                  INBUF (Prop_INBUF_HPIOB_M_PAD_O)
                                                      0.521     0.521 r  clk_IBUF_inst/INBUF_INST/O
                         net (fo=1, routed)           0.000     0.521    clk_IBUF_inst/OUT
    R10                  IBUFCTRL (Prop_IBUFCTRL_HPIOB_M_I_O)
                                                      0.000     0.521 r  clk_IBUF_inst/IBUFCTRL_INST/O
                         net (fo=1, routed)           0.332     0.853    clk_IBUF
    BUFGCE_X0Y77         BUFGCE (Prop_BUFCE_BUFGCE_I_O)
                                                      0.028     0.881 r  clk_IBUF_BUFG_inst/O
    X3Y2 (CLOCK_ROOT)    net (fo=367, routed)         2.074     2.955    g_int4.u_p520/u_engine/u_ping/clk_IBUF_BUFG
    RAMB36_X12Y26        RAMB36E2                                     r  g_int4.u_p520/u_engine/u_ping/mem_reg_bram_0/CLKBWRCLK
  -------------------------------------------------------------------    -------------------
    RAMB36_X12Y26        RAMB36E2 (Prop_RAMB36E2_RAMB36_CLKBWRCLK_DOUTBDOUT[3])
                                                      0.908     3.863 f  g_int4.u_p520/u_engine/u_ping/mem_reg_bram_0/DOUTBDOUT[3]
                         net (fo=3, routed)           0.370     4.233    g_int4.u_p520/u_engine/u_ping/ping_a_dout[3]
    SLICE_X92Y128        LUT3 (Prop_C6LUT_SLICEL_I0_O)
                                                      0.123     4.356 f  g_int4.u_p520/u_engine/u_ping/mem_reg_bram_0_i_16__1/O
                         net (fo=6, routed)           0.324     4.681    g_int4.u_p520/u_mac_mul/s10/A[3]
    DSP48E2_X17Y53       DSP_A_B_DATA (Prop_DSP_A_B_DATA_DSP48E2_A[3]_A2_DATA[3])
                                                      0.192     4.873 r  g_int4.u_p520/u_mac_mul/s10/DSP_A_B_DATA_INST/A2_DATA[3]
                         net (fo=1, routed)           0.000     4.873    g_int4.u_p520/u_mac_mul/s10/DSP_A_B_DATA.A2_DATA<3>
    DSP48E2_X17Y53       DSP_PREADD_DATA (Prop_DSP_PREADD_DATA_DSP48E2_A2_DATA[3]_A2A1[3])
                                                      0.076     4.949 r  g_int4.u_p520/u_mac_mul/s10/DSP_PREADD_DATA_INST/A2A1[3]
                         net (fo=1, routed)           0.000     4.949    g_int4.u_p520/u_mac_mul/s10/DSP_PREADD_DATA.A2A1<3>
    DSP48E2_X17Y53       DSP_MULTIPLIER (Prop_DSP_MULTIPLIER_DSP48E2_A2A1[3]_U[20])
                                                      0.505     5.454 f  g_int4.u_p520/u_mac_mul/s10/DSP_MULTIPLIER_INST/U[20]
                         net (fo=1, routed)           0.000     5.454    g_int4.u_p520/u_mac_mul/s10/DSP_MULTIPLIER.U<20>
    DSP48E2_X17Y53       DSP_M_DATA (Prop_DSP_M_DATA_DSP48E2_U[20]_U_DATA[20])
                                                      0.047     5.501 r  g_int4.u_p520/u_mac_mul/s10/DSP_M_DATA_INST/U_DATA[20]
                         net (fo=1, routed)           0.000     5.501    g_int4.u_p520/u_mac_mul/s10/DSP_M_DATA.U_DATA<20>
    DSP48E2_X17Y53       DSP_ALU (Prop_DSP_ALU_DSP48E2_U_DATA[20]_ALU_OUT[20])
                                                      0.585     6.086 f  g_int4.u_p520/u_mac_mul/s10/DSP_ALU_INST/ALU_OUT[20]
                         net (fo=1, routed)           0.000     6.086    g_int4.u_p520/u_mac_mul/s10/DSP_ALU.ALU_OUT<20>
    DSP48E2_X17Y53       DSP_OUTPUT (Prop_DSP_OUTPUT_DSP48E2_ALU_OUT[20]_P[20])
                                                      0.109     6.195 r  g_int4.u_p520/u_mac_mul/s10/DSP_OUTPUT_INST/P[20]
                         net (fo=2, routed)           0.205     6.400    g_int4.u_p520/u_mac_mul/s10_n_85
    SLICE_X90Y132        LUT2 (Prop_D6LUT_SLICEM_I0_O)
                                                      0.051     6.451 r  g_int4.u_p520/u_mac_mul/s2_reg_i_21/O
                         net (fo=1, routed)           0.025     6.476    g_int4.u_p520/u_mac_mul/s2_reg_i_21_n_0
    SLICE_X90Y132        CARRY8 (Prop_CARRY8_SLICEM_S[3]_CO[7])
                                                      0.163     6.639 r  g_int4.u_p520/u_mac_mul/s2_reg_i_3/CO[7]
                         net (fo=1, routed)           0.026     6.665    g_int4.u_p520/u_mac_mul/s2_reg_i_3_n_0
    SLICE_X90Y133        CARRY8 (Prop_CARRY8_SLICEM_CI_O[7])
                                                      0.116     6.781 r  g_int4.u_p520/u_mac_mul/s2_reg_i_2/O[7]
                         net (fo=1, routed)           0.233     7.014    g_int4.u_p520/u_mac_mul/s2_reg/A[13]
    DSP48E2_X17Y52       DSP_A_B_DATA                                 r  g_int4.u_p520/u_mac_mul/s2_reg/DSP_A_B_DATA_INST/A[13]
  -------------------------------------------------------------------    -------------------

                         (clock clk rise edge)        5.000     5.000 r  
    R10                                               0.000     5.000 r  clk (IN)
                         net (fo=0)                   0.000     5.000    clk_IBUF_inst/I
    R10                  INBUF (Prop_INBUF_HPIOB_M_PAD_O)
                                                      0.271     5.271 r  clk_IBUF_inst/INBUF_INST/O
                         net (fo=1, routed)           0.000     5.271    clk_IBUF_inst/OUT
    R10                  IBUFCTRL (Prop_IBUFCTRL_HPIOB_M_I_O)
                                                      0.000     5.271 r  clk_IBUF_inst/IBUFCTRL_INST/O
                         net (fo=1, routed)           0.293     5.564    clk_IBUF
    BUFGCE_X0Y77         BUFGCE (Prop_BUFCE_BUFGCE_I_O)
                                                      0.024     5.588 r  clk_IBUF_BUFG_inst/O
    X3Y2 (CLOCK_ROOT)    net (fo=367, routed)         1.740     7.328    g_int4.u_p520/u_mac_mul/s2_reg/CLK
    DSP48E2_X17Y52       DSP_A_B_DATA                                 r  g_int4.u_p520/u_mac_mul/s2_reg/DSP_A_B_DATA_INST/CLK
                         clock pessimism              0.424     7.752    
                         clock uncertainty           -0.035     7.717    
    DSP48E2_X17Y52       DSP_A_B_DATA (Setup_DSP_A_B_DATA_DSP48E2_CLK_A[13])
                                                     -0.272     7.445    g_int4.u_p520/u_mac_mul/s2_reg/DSP_A_B_DATA_INST
  -------------------------------------------------------------------
                         required time                          7.445    
                         arrival time                          -7.014    
  -------------------------------------------------------------------
                         slack                                  0.430    

Slack (MET) :             0.433ns  (required time - arrival time)
  Source:                 g_int4.u_p520/u_engine/u_ping/mem_reg_bram_0/CLKBWRCLK
                            (rising edge-triggered cell RAMB36E2 clocked by clk  {rise@0.000ns fall@2.500ns period=5.000ns})
  Destination:            g_int4.u_p520/u_mac_mul/s2_reg/DSP_A_B_DATA_INST/A[15]
                            (rising edge-triggered cell DSP_A_B_DATA clocked by clk  {rise@0.000ns fall@2.500ns period=5.000ns})
  Path Group:             clk
  Path Type:              Setup (Max at Slow Process Corner)
  Requirement:            5.000ns  (clk rise@5.000ns - clk rise@0.000ns)
  Data Path Delay:        4.057ns  (logic 2.850ns (70.249%)  route 1.207ns (29.751%))
  Logic Levels:           11  (CARRY8=3 DSP_A_B_DATA=1 DSP_ALU=1 DSP_M_DATA=1 DSP_MULTIPLIER=1 DSP_OUTPUT=1 DSP_PREADD_DATA=1 LUT2=1 LUT3=1)
  Clock Path Skew:        -0.203ns (DCD - SCD + CPR)
    Destination Clock Delay (DCD):    2.328ns = ( 7.328 - 5.000 ) 
    Source Clock Delay      (SCD):    2.955ns
    Clock Pessimism Removal (CPR):    0.424ns
  Clock Uncertainty:      0.035ns  ((TSJ^2 + TIJ^2)^1/2 + DJ) / 2 + PE
    Total System Jitter     (TSJ):    0.071ns
    Total Input Jitter      (TIJ):    0.000ns
    Discrete Jitter          (DJ):    0.000ns
    Phase Error              (PE):    0.000ns
  Clock Net Delay (Source):      2.074ns (routing 0.878ns, distribution 1.196ns)
  Clock Net Delay (Destination): 1.740ns (routing 0.799ns, distribution 0.941ns)

    Location             Delay type                Incr(ns)  Path(ns)    Netlist Resource(s)
  -------------------------------------------------------------------    -------------------
                         (clock clk rise edge)        0.000     0.000 r  
    R10                                               0.000     0.000 r  clk (IN)
                         net (fo=0)                   0.000     0.000    clk_IBUF_inst/I
    R10                  INBUF (Prop_INBUF_HPIOB_M_PAD_O)
                                                      0.521     0.521 r  clk_IBUF_inst/INBUF_INST/O
                         net (fo=1, routed)           0.000     0.521    clk_IBUF_inst/OUT
    R10                  IBUFCTRL (Prop_IBUFCTRL_HPIOB_M_I_O)
                                                      0.000     0.521 r  clk_IBUF_inst/IBUFCTRL_INST/O
                         net (fo=1, routed)           0.332     0.853    clk_IBUF
    BUFGCE_X0Y77         BUFGCE (Prop_BUFCE_BUFGCE_I_O)
                                                      0.028     0.881 r  clk_IBUF_BUFG_inst/O
    X3Y2 (CLOCK_ROOT)    net (fo=367, routed)         2.074     2.955    g_int4.u_p520/u_engine/u_ping/clk_IBUF_BUFG
    RAMB36_X12Y26        RAMB36E2                                     r  g_int4.u_p520/u_engine/u_ping/mem_reg_bram_0/CLKBWRCLK
  -------------------------------------------------------------------    -------------------
    RAMB36_X12Y26        RAMB36E2 (Prop_RAMB36E2_RAMB36_CLKBWRCLK_DOUTBDOUT[3])
                                                      0.908     3.863 f  g_int4.u_p520/u_engine/u_ping/mem_reg_bram_0/DOUTBDOUT[3]
                         net (fo=3, routed)           0.370     4.233    g_int4.u_p520/u_engine/u_ping/ping_a_dout[3]
    SLICE_X92Y128        LUT3 (Prop_C6LUT_SLICEL_I0_O)
                                                      0.123     4.356 f  g_int4.u_p520/u_engine/u_ping/mem_reg_bram_0_i_16__1/O
                         net (fo=6, routed)           0.324     4.681    g_int4.u_p520/u_mac_mul/s10/A[3]
    DSP48E2_X17Y53       DSP_A_B_DATA (Prop_DSP_A_B_DATA_DSP48E2_A[3]_A2_DATA[3])
                                                      0.192     4.873 r  g_int4.u_p520/u_mac_mul/s10/DSP_A_B_DATA_INST/A2_DATA[3]
                         net (fo=1, routed)           0.000     4.873    g_int4.u_p520/u_mac_mul/s10/DSP_A_B_DATA.A2_DATA<3>
    DSP48E2_X17Y53       DSP_PREADD_DATA (Prop_DSP_PREADD_DATA_DSP48E2_A2_DATA[3]_A2A1[3])
                                                      0.076     4.949 r  g_int4.u_p520/u_mac_mul/s10/DSP_PREADD_DATA_INST/A2A1[3]
                         net (fo=1, routed)           0.000     4.949    g_int4.u_p520/u_mac_mul/s10/DSP_PREADD_DATA.A2A1<3>
    DSP48E2_X17Y53       DSP_MULTIPLIER (Prop_DSP_MULTIPLIER_DSP48E2_A2A1[3]_U[20])
                                                      0.505     5.454 f  g_int4.u_p520/u_mac_mul/s10/DSP_MULTIPLIER_INST/U[20]
                         net (fo=1, routed)           0.000     5.454    g_int4.u_p520/u_mac_mul/s10/DSP_MULTIPLIER.U<20>
    DSP48E2_X17Y53       DSP_M_DATA (Prop_DSP_M_DATA_DSP48E2_U[20]_U_DATA[20])
                                                      0.047     5.501 r  g_int4.u_p520/u_mac_mul/s10/DSP_M_DATA_INST/U_DATA[20]
                         net (fo=1, routed)           0.000     5.501    g_int4.u_p520/u_mac_mul/s10/DSP_M_DATA.U_DATA<20>
    DSP48E2_X17Y53       DSP_ALU (Prop_DSP_ALU_DSP48E2_U_DATA[20]_ALU_OUT[20])
                                                      0.585     6.086 f  g_int4.u_p520/u_mac_mul/s10/DSP_ALU_INST/ALU_OUT[20]
                         net (fo=1, routed)           0.000     6.086    g_int4.u_p520/u_mac_mul/s10/DSP_ALU.ALU_OUT<20>
    DSP48E2_X17Y53       DSP_OUTPUT (Prop_DSP_OUTPUT_DSP48E2_ALU_OUT[20]_P[20])
                                                      0.109     6.195 r  g_int4.u_p520/u_mac_mul/s10/DSP_OUTPUT_INST/P[20]
                         net (fo=2, routed)           0.205     6.400    g_int4.u_p520/u_mac_mul/s10_n_85
    SLICE_X90Y132        LUT2 (Prop_D6LUT_SLICEM_I0_O)
                                                      0.051     6.451 r  g_int4.u_p520/u_mac_mul/s2_reg_i_21/O
                         net (fo=1, routed)           0.025     6.476    g_int4.u_p520/u_mac_mul/s2_reg_i_21_n_0
    SLICE_X90Y132        CARRY8 (Prop_CARRY8_SLICEM_S[3]_CO[7])
                                                      0.163     6.639 r  g_int4.u_p520/u_mac_mul/s2_reg_i_3/CO[7]
                         net (fo=1, routed)           0.026     6.665    g_int4.u_p520/u_mac_mul/s2_reg_i_3_n_0
    SLICE_X90Y133        CARRY8 (Prop_CARRY8_SLICEM_CI_CO[7])
                                                      0.015     6.680 r  g_int4.u_p520/u_mac_mul/s2_reg_i_2/CO[7]
                         net (fo=1, routed)           0.026     6.706    g_int4.u_p520/u_mac_mul/s2_reg_i_2_n_0
    SLICE_X90Y134        CARRY8 (Prop_CARRY8_SLICEM_CI_O[1])
                                                      0.076     6.782 r  g_int4.u_p520/u_mac_mul/s2_reg_i_1/O[1]
                         net (fo=1, routed)           0.230     7.012    g_int4.u_p520/u_mac_mul/s2_reg/A[15]
    DSP48E2_X17Y52       DSP_A_B_DATA                                 r  g_int4.u_p520/u_mac_mul/s2_reg/DSP_A_B_DATA_INST/A[15]
  -------------------------------------------------------------------    -------------------

                         (clock clk rise edge)        5.000     5.000 r  
    R10                                               0.000     5.000 r  clk (IN)
                         net (fo=0)                   0.000     5.000    clk_IBUF_inst/I
    R10                  INBUF (Prop_INBUF_HPIOB_M_PAD_O)
                                                      0.271     5.271 r  clk_IBUF_inst/INBUF_INST/O
                         net (fo=1, routed)           0.000     5.271    clk_IBUF_inst/OUT
    R10                  IBUFCTRL (Prop_IBUFCTRL_HPIOB_M_I_O)
                                                      0.000     5.271 r  clk_IBUF_inst/IBUFCTRL_INST/O
                         net (fo=1, routed)           0.293     5.564    clk_IBUF
    BUFGCE_X0Y77         BUFGCE (Prop_BUFCE_BUFGCE_I_O)
                                                      0.024     5.588 r  clk_IBUF_BUFG_inst/O
    X3Y2 (CLOCK_ROOT)    net (fo=367, routed)         1.740     7.328    g_int4.u_p520/u_mac_mul/s2_reg/CLK
    DSP48E2_X17Y52       DSP_A_B_DATA                                 r  g_int4.u_p520/u_mac_mul/s2_reg/DSP_A_B_DATA_INST/CLK
                         clock pessimism              0.424     7.752    
                         clock uncertainty           -0.035     7.717    
    DSP48E2_X17Y52       DSP_A_B_DATA (Setup_DSP_A_B_DATA_DSP48E2_CLK_A[15])
                                                     -0.271     7.446    g_int4.u_p520/u_mac_mul/s2_reg/DSP_A_B_DATA_INST
  -------------------------------------------------------------------
                         required time                          7.446    
                         arrival time                          -7.012    
  -------------------------------------------------------------------
                         slack                                  0.433    

Slack (MET) :             0.435ns  (required time - arrival time)
  Source:                 g_int4.u_p520/u_engine/u_ping/mem_reg_bram_0/CLKBWRCLK
                            (rising edge-triggered cell RAMB36E2 clocked by clk  {rise@0.000ns fall@2.500ns period=5.000ns})
  Destination:            g_int4.u_p520/u_mac_mul/s2_reg/DSP_A_B_DATA_INST/A[11]
                            (rising edge-triggered cell DSP_A_B_DATA clocked by clk  {rise@0.000ns fall@2.500ns period=5.000ns})
  Path Group:             clk
  Path Type:              Setup (Max at Slow Process Corner)
  Requirement:            5.000ns  (clk rise@5.000ns - clk rise@0.000ns)
  Data Path Delay:        4.065ns  (logic 2.875ns (70.726%)  route 1.190ns (29.274%))
  Logic Levels:           10  (CARRY8=2 DSP_A_B_DATA=1 DSP_ALU=1 DSP_M_DATA=1 DSP_MULTIPLIER=1 DSP_OUTPUT=1 DSP_PREADD_DATA=1 LUT2=1 LUT3=1)
  Clock Path Skew:        -0.203ns (DCD - SCD + CPR)
    Destination Clock Delay (DCD):    2.328ns = ( 7.328 - 5.000 ) 
    Source Clock Delay      (SCD):    2.955ns
    Clock Pessimism Removal (CPR):    0.424ns
  Clock Uncertainty:      0.035ns  ((TSJ^2 + TIJ^2)^1/2 + DJ) / 2 + PE
    Total System Jitter     (TSJ):    0.071ns
    Total Input Jitter      (TIJ):    0.000ns
    Discrete Jitter          (DJ):    0.000ns
    Phase Error              (PE):    0.000ns
  Clock Net Delay (Source):      2.074ns (routing 0.878ns, distribution 1.196ns)
  Clock Net Delay (Destination): 1.740ns (routing 0.799ns, distribution 0.941ns)

    Location             Delay type                Incr(ns)  Path(ns)    Netlist Resource(s)
  -------------------------------------------------------------------    -------------------
                         (clock clk rise edge)        0.000     0.000 r  
    R10                                               0.000     0.000 r  clk (IN)
                         net (fo=0)                   0.000     0.000    clk_IBUF_inst/I
    R10                  INBUF (Prop_INBUF_HPIOB_M_PAD_O)
                                                      0.521     0.521 r  clk_IBUF_inst/INBUF_INST/O
                         net (fo=1, routed)           0.000     0.521    clk_IBUF_inst/OUT
    R10                  IBUFCTRL (Prop_IBUFCTRL_HPIOB_M_I_O)
                                                      0.000     0.521 r  clk_IBUF_inst/IBUFCTRL_INST/O
                         net (fo=1, routed)           0.332     0.853    clk_IBUF
    BUFGCE_X0Y77         BUFGCE (Prop_BUFCE_BUFGCE_I_O)
                                                      0.028     0.881 r  clk_IBUF_BUFG_inst/O
    X3Y2 (CLOCK_ROOT)    net (fo=367, routed)         2.074     2.955    g_int4.u_p520/u_engine/u_ping/clk_IBUF_BUFG
    RAMB36_X12Y26        RAMB36E2                                     r  g_int4.u_p520/u_engine/u_ping/mem_reg_bram_0/CLKBWRCLK
  -------------------------------------------------------------------    -------------------
    RAMB36_X12Y26        RAMB36E2 (Prop_RAMB36E2_RAMB36_CLKBWRCLK_DOUTBDOUT[3])
                                                      0.908     3.863 f  g_int4.u_p520/u_engine/u_ping/mem_reg_bram_0/DOUTBDOUT[3]
                         net (fo=3, routed)           0.370     4.233    g_int4.u_p520/u_engine/u_ping/ping_a_dout[3]
    SLICE_X92Y128        LUT3 (Prop_C6LUT_SLICEL_I0_O)
                                                      0.123     4.356 f  g_int4.u_p520/u_engine/u_ping/mem_reg_bram_0_i_16__1/O
                         net (fo=6, routed)           0.324     4.681    g_int4.u_p520/u_mac_mul/s10/A[3]
    DSP48E2_X17Y53       DSP_A_B_DATA (Prop_DSP_A_B_DATA_DSP48E2_A[3]_A2_DATA[3])
                                                      0.192     4.873 r  g_int4.u_p520/u_mac_mul/s10/DSP_A_B_DATA_INST/A2_DATA[3]
                         net (fo=1, routed)           0.000     4.873    g_int4.u_p520/u_mac_mul/s10/DSP_A_B_DATA.A2_DATA<3>
    DSP48E2_X17Y53       DSP_PREADD_DATA (Prop_DSP_PREADD_DATA_DSP48E2_A2_DATA[3]_A2A1[3])
                                                      0.076     4.949 r  g_int4.u_p520/u_mac_mul/s10/DSP_PREADD_DATA_INST/A2A1[3]
                         net (fo=1, routed)           0.000     4.949    g_int4.u_p520/u_mac_mul/s10/DSP_PREADD_DATA.A2A1<3>
    DSP48E2_X17Y53       DSP_MULTIPLIER (Prop_DSP_MULTIPLIER_DSP48E2_A2A1[3]_U[20])
                                                      0.505     5.454 f  g_int4.u_p520/u_mac_mul/s10/DSP_MULTIPLIER_INST/U[20]
                         net (fo=1, routed)           0.000     5.454    g_int4.u_p520/u_mac_mul/s10/DSP_MULTIPLIER.U<20>
    DSP48E2_X17Y53       DSP_M_DATA (Prop_DSP_M_DATA_DSP48E2_U[20]_U_DATA[20])
                                                      0.047     5.501 r  g_int4.u_p520/u_mac_mul/s10/DSP_M_DATA_INST/U_DATA[20]
                         net (fo=1, routed)           0.000     5.501    g_int4.u_p520/u_mac_mul/s10/DSP_M_DATA.U_DATA<20>
    DSP48E2_X17Y53       DSP_ALU (Prop_DSP_ALU_DSP48E2_U_DATA[20]_ALU_OUT[20])
                                                      0.585     6.086 f  g_int4.u_p520/u_mac_mul/s10/DSP_ALU_INST/ALU_OUT[20]
                         net (fo=1, routed)           0.000     6.086    g_int4.u_p520/u_mac_mul/s10/DSP_ALU.ALU_OUT<20>
    DSP48E2_X17Y53       DSP_OUTPUT (Prop_DSP_OUTPUT_DSP48E2_ALU_OUT[20]_P[20])
                                                      0.109     6.195 r  g_int4.u_p520/u_mac_mul/s10/DSP_OUTPUT_INST/P[20]
                         net (fo=2, routed)           0.205     6.400    g_int4.u_p520/u_mac_mul/s10_n_85
    SLICE_X90Y132        LUT2 (Prop_D6LUT_SLICEM_I0_O)
                                                      0.051     6.451 r  g_int4.u_p520/u_mac_mul/s2_reg_i_21/O
                         net (fo=1, routed)           0.025     6.476    g_int4.u_p520/u_mac_mul/s2_reg_i_21_n_0
    SLICE_X90Y132        CARRY8 (Prop_CARRY8_SLICEM_S[3]_CO[7])
                                                      0.163     6.639 r  g_int4.u_p520/u_mac_mul/s2_reg_i_3/CO[7]
                         net (fo=1, routed)           0.026     6.665    g_int4.u_p520/u_mac_mul/s2_reg_i_3_n_0
    SLICE_X90Y133        CARRY8 (Prop_CARRY8_SLICEM_CI_O[5])
                                                      0.116     6.781 r  g_int4.u_p520/u_mac_mul/s2_reg_i_2/O[5]
                         net (fo=1, routed)           0.239     7.020    g_int4.u_p520/u_mac_mul/s2_reg/A[11]
    DSP48E2_X17Y52       DSP_A_B_DATA                                 r  g_int4.u_p520/u_mac_mul/s2_reg/DSP_A_B_DATA_INST/A[11]
  -------------------------------------------------------------------    -------------------

                         (clock clk rise edge)        5.000     5.000 r  
    R10                                               0.000     5.000 r  clk (IN)
                         net (fo=0)                   0.000     5.000    clk_IBUF_inst/I
    R10                  INBUF (Prop_INBUF_HPIOB_M_PAD_O)
                                                      0.271     5.271 r  clk_IBUF_inst/INBUF_INST/O
                         net (fo=1, routed)           0.000     5.271    clk_IBUF_inst/OUT
    R10                  IBUFCTRL (Prop_IBUFCTRL_HPIOB_M_I_O)
                                                      0.000     5.271 r  clk_IBUF_inst/IBUFCTRL_INST/O
                         net (fo=1, routed)           0.293     5.564    clk_IBUF
    BUFGCE_X0Y77         BUFGCE (Prop_BUFCE_BUFGCE_I_O)
                                                      0.024     5.588 r  clk_IBUF_BUFG_inst/O
    X3Y2 (CLOCK_ROOT)    net (fo=367, routed)         1.740     7.328    g_int4.u_p520/u_mac_mul/s2_reg/CLK
    DSP48E2_X17Y52       DSP_A_B_DATA                                 r  g_int4.u_p520/u_mac_mul/s2_reg/DSP_A_B_DATA_INST/CLK
                         clock pessimism              0.424     7.752    
                         clock uncertainty           -0.035     7.717    
    DSP48E2_X17Y52       DSP_A_B_DATA (Setup_DSP_A_B_DATA_DSP48E2_CLK_A[11])
                                                     -0.261     7.456    g_int4.u_p520/u_mac_mul/s2_reg/DSP_A_B_DATA_INST
  -------------------------------------------------------------------
                         required time                          7.456    
                         arrival time                          -7.020    
  -------------------------------------------------------------------
                         slack                                  0.435    

Slack (MET) :             0.442ns  (required time - arrival time)
  Source:                 g_int4.u_p520/u_engine/u_pong/mem_reg_bram_0/CLKARDCLK
                            (rising edge-triggered cell RAMB36E2 clocked by clk  {rise@0.000ns fall@2.500ns period=5.000ns})
  Destination:            g_int4.u_p520/u_engine/u_mul/s2_reg/DSP_A_B_DATA_INST/A[8]
                            (rising edge-triggered cell DSP_A_B_DATA clocked by clk  {rise@0.000ns fall@2.500ns period=5.000ns})
  Path Group:             clk
  Path Type:              Setup (Max at Slow Process Corner)
  Requirement:            5.000ns  (clk rise@5.000ns - clk rise@0.000ns)
  Data Path Delay:        4.060ns  (logic 2.891ns (71.200%)  route 1.169ns (28.800%))
  Logic Levels:           11  (CARRY8=2 DSP_A_B_DATA=1 DSP_ALU=1 DSP_M_DATA=1 DSP_MULTIPLIER=1 DSP_OUTPUT=1 DSP_PREADD_DATA=1 LUT2=1 LUT5=1 LUT6=1)
  Clock Path Skew:        -0.197ns (DCD - SCD + CPR)
    Destination Clock Delay (DCD):    2.324ns = ( 7.324 - 5.000 ) 
    Source Clock Delay      (SCD):    2.945ns
    Clock Pessimism Removal (CPR):    0.424ns
  Clock Uncertainty:      0.035ns  ((TSJ^2 + TIJ^2)^1/2 + DJ) / 2 + PE
    Total System Jitter     (TSJ):    0.071ns
    Total Input Jitter      (TIJ):    0.000ns
    Discrete Jitter          (DJ):    0.000ns
    Phase Error              (PE):    0.000ns
  Clock Net Delay (Source):      2.063ns (routing 0.878ns, distribution 1.185ns)
  Clock Net Delay (Destination): 1.736ns (routing 0.799ns, distribution 0.937ns)

    Location             Delay type                Incr(ns)  Path(ns)    Netlist Resource(s)
  -------------------------------------------------------------------    -------------------
                         (clock clk rise edge)        0.000     0.000 r  
    R10                                               0.000     0.000 r  clk (IN)
                         net (fo=0)                   0.000     0.000    clk_IBUF_inst/I
    R10                  INBUF (Prop_INBUF_HPIOB_M_PAD_O)
                                                      0.521     0.521 r  clk_IBUF_inst/INBUF_INST/O
                         net (fo=1, routed)           0.000     0.521    clk_IBUF_inst/OUT
    R10                  IBUFCTRL (Prop_IBUFCTRL_HPIOB_M_I_O)
                                                      0.000     0.521 r  clk_IBUF_inst/IBUFCTRL_INST/O
                         net (fo=1, routed)           0.332     0.853    clk_IBUF
    BUFGCE_X0Y77         BUFGCE (Prop_BUFCE_BUFGCE_I_O)
                                                      0.028     0.881 r  clk_IBUF_BUFG_inst/O
    X3Y2 (CLOCK_ROOT)    net (fo=367, routed)         2.063     2.945    g_int4.u_p520/u_engine/u_pong/clk_IBUF_BUFG
    RAMB36_X12Y25        RAMB36E2                                     r  g_int4.u_p520/u_engine/u_pong/mem_reg_bram_0/CLKARDCLK
  -------------------------------------------------------------------    -------------------
    RAMB36_X12Y25        RAMB36E2 (Prop_RAMB36E2_RAMB36_CLKARDCLK_DOUTADOUT[10])
                                                      0.883     3.828 f  g_int4.u_p520/u_engine/u_pong/mem_reg_bram_0/DOUTADOUT[10]
                         net (fo=1, routed)           0.283     4.111    g_int4.u_p520/u_engine/u_pong/mem_reg_bram_0_n_89
    SLICE_X93Y127        LUT5 (Prop_F6LUT_SLICEM_I2_O)
                                                      0.123     4.234 f  g_int4.u_p520/u_engine/u_pong/s10_i_44/O
                         net (fo=1, routed)           0.091     4.325    g_int4.u_p520/u_engine/u_ping/s10_11
    SLICE_X92Y127        LUT6 (Prop_H6LUT_SLICEL_I5_O)
                                                      0.051     4.376 f  g_int4.u_p520/u_engine/u_ping/s10_i_7/O
                         net (fo=1, routed)           0.260     4.636    g_int4.u_p520/u_engine/u_mul/s10/B[10]
    DSP48E2_X17Y50       DSP_A_B_DATA (Prop_DSP_A_B_DATA_DSP48E2_B[10]_B2_DATA[10])
                                                      0.151     4.787 r  g_int4.u_p520/u_engine/u_mul/s10/DSP_A_B_DATA_INST/B2_DATA[10]
                         net (fo=1, routed)           0.000     4.787    g_int4.u_p520/u_engine/u_mul/s10/DSP_A_B_DATA.B2_DATA<10>
    DSP48E2_X17Y50       DSP_PREADD_DATA (Prop_DSP_PREADD_DATA_DSP48E2_B2_DATA[10]_B2B1[10])
                                                      0.073     4.860 r  g_int4.u_p520/u_engine/u_mul/s10/DSP_PREADD_DATA_INST/B2B1[10]
                         net (fo=1, routed)           0.000     4.860    g_int4.u_p520/u_engine/u_mul/s10/DSP_PREADD_DATA.B2B1<10>
    DSP48E2_X17Y50       DSP_MULTIPLIER (Prop_DSP_MULTIPLIER_DSP48E2_B2B1[10]_V[21])
                                                      0.609     5.469 f  g_int4.u_p520/u_engine/u_mul/s10/DSP_MULTIPLIER_INST/V[21]
                         net (fo=1, routed)           0.000     5.469    g_int4.u_p520/u_engine/u_mul/s10/DSP_MULTIPLIER.V<21>
    DSP48E2_X17Y50       DSP_M_DATA (Prop_DSP_M_DATA_DSP48E2_V[21]_V_DATA[21])
                                                      0.046     5.515 r  g_int4.u_p520/u_engine/u_mul/s10/DSP_M_DATA_INST/V_DATA[21]
                         net (fo=1, routed)           0.000     5.515    g_int4.u_p520/u_engine/u_mul/s10/DSP_M_DATA.V_DATA<21>
    DSP48E2_X17Y50       DSP_ALU (Prop_DSP_ALU_DSP48E2_V_DATA[21]_ALU_OUT[21])
                                                      0.571     6.086 f  g_int4.u_p520/u_engine/u_mul/s10/DSP_ALU_INST/ALU_OUT[21]
                         net (fo=1, routed)           0.000     6.086    g_int4.u_p520/u_engine/u_mul/s10/DSP_ALU.ALU_OUT<21>
    DSP48E2_X17Y50       DSP_OUTPUT (Prop_DSP_OUTPUT_DSP48E2_ALU_OUT[21]_P[21])
                                                      0.109     6.195 r  g_int4.u_p520/u_engine/u_mul/s10/DSP_OUTPUT_INST/P[21]
                         net (fo=2, routed)           0.210     6.405    g_int4.u_p520/u_engine/u_mul/s10_n_84
    SLICE_X90Y127        LUT2 (Prop_E6LUT_SLICEM_I0_O)
                                                      0.052     6.457 r  g_int4.u_p520/u_engine/u_mul/i__carry_i_4/O
                         net (fo=1, routed)           0.014     6.471    g_int4.u_p520/u_engine/u_mul/i__carry_i_4_n_0
    SLICE_X90Y127        CARRY8 (Prop_CARRY8_SLICEM_S[4]_CO[7])
                                                      0.156     6.627 r  g_int4.u_p520/u_engine/u_mul/s10_inferred__0/i__carry/CO[7]
                         net (fo=1, routed)           0.026     6.653    g_int4.u_p520/u_engine/u_mul/s10_inferred__0/i__carry_n_0
    SLICE_X90Y128        CARRY8 (Prop_CARRY8_SLICEM_CI_O[2])
                                                      0.067     6.720 r  g_int4.u_p520/u_engine/u_mul/s10_inferred__0/i__carry__0/O[2]
                         net (fo=1, routed)           0.285     7.005    g_int4.u_p520/u_engine/u_mul/s2_reg/A[8]
    DSP48E2_X17Y51       DSP_A_B_DATA                                 r  g_int4.u_p520/u_engine/u_mul/s2_reg/DSP_A_B_DATA_INST/A[8]
  -------------------------------------------------------------------    -------------------

                         (clock clk rise edge)        5.000     5.000 r  
    R10                                               0.000     5.000 r  clk (IN)
                         net (fo=0)                   0.000     5.000    clk_IBUF_inst/I
    R10                  INBUF (Prop_INBUF_HPIOB_M_PAD_O)
                                                      0.271     5.271 r  clk_IBUF_inst/INBUF_INST/O
                         net (fo=1, routed)           0.000     5.271    clk_IBUF_inst/OUT
    R10                  IBUFCTRL (Prop_IBUFCTRL_HPIOB_M_I_O)
                                                      0.000     5.271 r  clk_IBUF_inst/IBUFCTRL_INST/O
                         net (fo=1, routed)           0.293     5.564    clk_IBUF
    BUFGCE_X0Y77         BUFGCE (Prop_BUFCE_BUFGCE_I_O)
                                                      0.024     5.588 r  clk_IBUF_BUFG_inst/O
    X3Y2 (CLOCK_ROOT)    net (fo=367, routed)         1.736     7.324    g_int4.u_p520/u_engine/u_mul/s2_reg/CLK
    DSP48E2_X17Y51       DSP_A_B_DATA                                 r  g_int4.u_p520/u_engine/u_mul/s2_reg/DSP_A_B_DATA_INST/CLK
                         clock pessimism              0.424     7.748    
                         clock uncertainty           -0.035     7.713    
    DSP48E2_X17Y51       DSP_A_B_DATA (Setup_DSP_A_B_DATA_DSP48E2_CLK_A[8])
                                                     -0.266     7.447    g_int4.u_p520/u_engine/u_mul/s2_reg/DSP_A_B_DATA_INST
  -------------------------------------------------------------------
                         required time                          7.447    
                         arrival time                          -7.005    
  -------------------------------------------------------------------
                         slack                                  0.442    

Slack (MET) :             0.443ns  (required time - arrival time)
  Source:                 g_int4.u_p520/u_engine/u_ping/mem_reg_bram_0/CLKBWRCLK
                            (rising edge-triggered cell RAMB36E2 clocked by clk  {rise@0.000ns fall@2.500ns period=5.000ns})
  Destination:            g_int4.u_p520/u_mac_mul/s2_reg/DSP_A_B_DATA_INST/A[14]
                            (rising edge-triggered cell DSP_A_B_DATA clocked by clk  {rise@0.000ns fall@2.500ns period=5.000ns})
  Path Group:             clk
  Path Type:              Setup (Max at Slow Process Corner)
  Requirement:            5.000ns  (clk rise@5.000ns - clk rise@0.000ns)
  Data Path Delay:        4.054ns  (logic 2.830ns (69.808%)  route 1.224ns (30.192%))
  Logic Levels:           11  (CARRY8=3 DSP_A_B_DATA=1 DSP_ALU=1 DSP_M_DATA=1 DSP_MULTIPLIER=1 DSP_OUTPUT=1 DSP_PREADD_DATA=1 LUT2=1 LUT3=1)
  Clock Path Skew:        -0.203ns (DCD - SCD + CPR)
    Destination Clock Delay (DCD):    2.328ns = ( 7.328 - 5.000 ) 
    Source Clock Delay      (SCD):    2.955ns
    Clock Pessimism Removal (CPR):    0.424ns
  Clock Uncertainty:      0.035ns  ((TSJ^2 + TIJ^2)^1/2 + DJ) / 2 + PE
    Total System Jitter     (TSJ):    0.071ns
    Total Input Jitter      (TIJ):    0.000ns
    Discrete Jitter          (DJ):    0.000ns
    Phase Error              (PE):    0.000ns
  Clock Net Delay (Source):      2.074ns (routing 0.878ns, distribution 1.196ns)
  Clock Net Delay (Destination): 1.740ns (routing 0.799ns, distribution 0.941ns)

    Location             Delay type                Incr(ns)  Path(ns)    Netlist Resource(s)
  -------------------------------------------------------------------    -------------------
                         (clock clk rise edge)        0.000     0.000 r  
    R10                                               0.000     0.000 r  clk (IN)
                         net (fo=0)                   0.000     0.000    clk_IBUF_inst/I
    R10                  INBUF (Prop_INBUF_HPIOB_M_PAD_O)
                                                      0.521     0.521 r  clk_IBUF_inst/INBUF_INST/O
                         net (fo=1, routed)           0.000     0.521    clk_IBUF_inst/OUT
    R10                  IBUFCTRL (Prop_IBUFCTRL_HPIOB_M_I_O)
                                                      0.000     0.521 r  clk_IBUF_inst/IBUFCTRL_INST/O
                         net (fo=1, routed)           0.332     0.853    clk_IBUF
    BUFGCE_X0Y77         BUFGCE (Prop_BUFCE_BUFGCE_I_O)
                                                      0.028     0.881 r  clk_IBUF_BUFG_inst/O
    X3Y2 (CLOCK_ROOT)    net (fo=367, routed)         2.074     2.955    g_int4.u_p520/u_engine/u_ping/clk_IBUF_BUFG
    RAMB36_X12Y26        RAMB36E2                                     r  g_int4.u_p520/u_engine/u_ping/mem_reg_bram_0/CLKBWRCLK
  -------------------------------------------------------------------    -------------------
    RAMB36_X12Y26        RAMB36E2 (Prop_RAMB36E2_RAMB36_CLKBWRCLK_DOUTBDOUT[3])
                                                      0.908     3.863 f  g_int4.u_p520/u_engine/u_ping/mem_reg_bram_0/DOUTBDOUT[3]
                         net (fo=3, routed)           0.370     4.233    g_int4.u_p520/u_engine/u_ping/ping_a_dout[3]
    SLICE_X92Y128        LUT3 (Prop_C6LUT_SLICEL_I0_O)
                                                      0.123     4.356 f  g_int4.u_p520/u_engine/u_ping/mem_reg_bram_0_i_16__1/O
                         net (fo=6, routed)           0.324     4.681    g_int4.u_p520/u_mac_mul/s10/A[3]
    DSP48E2_X17Y53       DSP_A_B_DATA (Prop_DSP_A_B_DATA_DSP48E2_A[3]_A2_DATA[3])
                                                      0.192     4.873 r  g_int4.u_p520/u_mac_mul/s10/DSP_A_B_DATA_INST/A2_DATA[3]
                         net (fo=1, routed)           0.000     4.873    g_int4.u_p520/u_mac_mul/s10/DSP_A_B_DATA.A2_DATA<3>
    DSP48E2_X17Y53       DSP_PREADD_DATA (Prop_DSP_PREADD_DATA_DSP48E2_A2_DATA[3]_A2A1[3])
                                                      0.076     4.949 r  g_int4.u_p520/u_mac_mul/s10/DSP_PREADD_DATA_INST/A2A1[3]
                         net (fo=1, routed)           0.000     4.949    g_int4.u_p520/u_mac_mul/s10/DSP_PREADD_DATA.A2A1<3>
    DSP48E2_X17Y53       DSP_MULTIPLIER (Prop_DSP_MULTIPLIER_DSP48E2_A2A1[3]_U[20])
                                                      0.505     5.454 f  g_int4.u_p520/u_mac_mul/s10/DSP_MULTIPLIER_INST/U[20]
                         net (fo=1, routed)           0.000     5.454    g_int4.u_p520/u_mac_mul/s10/DSP_MULTIPLIER.U<20>
    DSP48E2_X17Y53       DSP_M_DATA (Prop_DSP_M_DATA_DSP48E2_U[20]_U_DATA[20])
                                                      0.047     5.501 r  g_int4.u_p520/u_mac_mul/s10/DSP_M_DATA_INST/U_DATA[20]
                         net (fo=1, routed)           0.000     5.501    g_int4.u_p520/u_mac_mul/s10/DSP_M_DATA.U_DATA<20>
    DSP48E2_X17Y53       DSP_ALU (Prop_DSP_ALU_DSP48E2_U_DATA[20]_ALU_OUT[20])
                                                      0.585     6.086 f  g_int4.u_p520/u_mac_mul/s10/DSP_ALU_INST/ALU_OUT[20]
                         net (fo=1, routed)           0.000     6.086    g_int4.u_p520/u_mac_mul/s10/DSP_ALU.ALU_OUT<20>
    DSP48E2_X17Y53       DSP_OUTPUT (Prop_DSP_OUTPUT_DSP48E2_ALU_OUT[20]_P[20])
                                                      0.109     6.195 r  g_int4.u_p520/u_mac_mul/s10/DSP_OUTPUT_INST/P[20]
                         net (fo=2, routed)           0.205     6.400    g_int4.u_p520/u_mac_mul/s10_n_85
    SLICE_X90Y132        LUT2 (Prop_D6LUT_SLICEM_I0_O)
                                                      0.051     6.451 r  g_int4.u_p520/u_mac_mul/s2_reg_i_21/O
                         net (fo=1, routed)           0.025     6.476    g_int4.u_p520/u_mac_mul/s2_reg_i_21_n_0
    SLICE_X90Y132        CARRY8 (Prop_CARRY8_SLICEM_S[3]_CO[7])
                                                      0.163     6.639 r  g_int4.u_p520/u_mac_mul/s2_reg_i_3/CO[7]
                         net (fo=1, routed)           0.026     6.665    g_int4.u_p520/u_mac_mul/s2_reg_i_3_n_0
    SLICE_X90Y133        CARRY8 (Prop_CARRY8_SLICEM_CI_CO[7])
                                                      0.015     6.680 r  g_int4.u_p520/u_mac_mul/s2_reg_i_2/CO[7]
                         net (fo=1, routed)           0.026     6.706    g_int4.u_p520/u_mac_mul/s2_reg_i_2_n_0
    SLICE_X90Y134        CARRY8 (Prop_CARRY8_SLICEM_CI_O[0])
                                                      0.056     6.762 r  g_int4.u_p520/u_mac_mul/s2_reg_i_1/O[0]
                         net (fo=1, routed)           0.247     7.009    g_int4.u_p520/u_mac_mul/s2_reg/A[14]
    DSP48E2_X17Y52       DSP_A_B_DATA                                 r  g_int4.u_p520/u_mac_mul/s2_reg/DSP_A_B_DATA_INST/A[14]
  -------------------------------------------------------------------    -------------------

                         (clock clk rise edge)        5.000     5.000 r  
    R10                                               0.000     5.000 r  clk (IN)
                         net (fo=0)                   0.000     5.000    clk_IBUF_inst/I
    R10                  INBUF (Prop_INBUF_HPIOB_M_PAD_O)
                                                      0.271     5.271 r  clk_IBUF_inst/INBUF_INST/O
                         net (fo=1, routed)           0.000     5.271    clk_IBUF_inst/OUT
    R10                  IBUFCTRL (Prop_IBUFCTRL_HPIOB_M_I_O)
                                                      0.000     5.271 r  clk_IBUF_inst/IBUFCTRL_INST/O
                         net (fo=1, routed)           0.293     5.564    clk_IBUF
    BUFGCE_X0Y77         BUFGCE (Prop_BUFCE_BUFGCE_I_O)
                                                      0.024     5.588 r  clk_IBUF_BUFG_inst/O
    X3Y2 (CLOCK_ROOT)    net (fo=367, routed)         1.740     7.328    g_int4.u_p520/u_mac_mul/s2_reg/CLK
    DSP48E2_X17Y52       DSP_A_B_DATA                                 r  g_int4.u_p520/u_mac_mul/s2_reg/DSP_A_B_DATA_INST/CLK
                         clock pessimism              0.424     7.752    
                         clock uncertainty           -0.035     7.717    
    DSP48E2_X17Y52       DSP_A_B_DATA (Setup_DSP_A_B_DATA_DSP48E2_CLK_A[14])
                                                     -0.264     7.453    g_int4.u_p520/u_mac_mul/s2_reg/DSP_A_B_DATA_INST
  -------------------------------------------------------------------
                         required time                          7.453    
                         arrival time                          -7.009    
  -------------------------------------------------------------------
                         slack                                  0.443    

Slack (MET) :             0.444ns  (required time - arrival time)
  Source:                 g_int4.u_p520/u_engine/u_pong/mem_reg_bram_0/CLKARDCLK
                            (rising edge-triggered cell RAMB36E2 clocked by clk  {rise@0.000ns fall@2.500ns period=5.000ns})
  Destination:            g_int4.u_p520/u_engine/u_mul/s2_reg/DSP_A_B_DATA_INST/A[9]
                            (rising edge-triggered cell DSP_A_B_DATA clocked by clk  {rise@0.000ns fall@2.500ns period=5.000ns})
  Path Group:             clk
  Path Type:              Setup (Max at Slow Process Corner)
  Requirement:            5.000ns  (clk rise@5.000ns - clk rise@0.000ns)
  Data Path Delay:        4.051ns  (logic 2.906ns (71.728%)  route 1.145ns (28.272%))
  Logic Levels:           11  (CARRY8=2 DSP_A_B_DATA=1 DSP_ALU=1 DSP_M_DATA=1 DSP_MULTIPLIER=1 DSP_OUTPUT=1 DSP_PREADD_DATA=1 LUT2=1 LUT5=1 LUT6=1)
  Clock Path Skew:        -0.197ns (DCD - SCD + CPR)
    Destination Clock Delay (DCD):    2.324ns = ( 7.324 - 5.000 ) 
    Source Clock Delay      (SCD):    2.945ns
    Clock Pessimism Removal (CPR):    0.424ns
  Clock Uncertainty:      0.035ns  ((TSJ^2 + TIJ^2)^1/2 + DJ) / 2 + PE
    Total System Jitter     (TSJ):    0.071ns
    Total Input Jitter      (TIJ):    0.000ns
    Discrete Jitter          (DJ):    0.000ns
    Phase Error              (PE):    0.000ns
  Clock Net Delay (Source):      2.063ns (routing 0.878ns, distribution 1.185ns)
  Clock Net Delay (Destination): 1.736ns (routing 0.799ns, distribution 0.937ns)

    Location             Delay type                Incr(ns)  Path(ns)    Netlist Resource(s)
  -------------------------------------------------------------------    -------------------
                         (clock clk rise edge)        0.000     0.000 r  
    R10                                               0.000     0.000 r  clk (IN)
                         net (fo=0)                   0.000     0.000    clk_IBUF_inst/I
    R10                  INBUF (Prop_INBUF_HPIOB_M_PAD_O)
                                                      0.521     0.521 r  clk_IBUF_inst/INBUF_INST/O
                         net (fo=1, routed)           0.000     0.521    clk_IBUF_inst/OUT
    R10                  IBUFCTRL (Prop_IBUFCTRL_HPIOB_M_I_O)
                                                      0.000     0.521 r  clk_IBUF_inst/IBUFCTRL_INST/O
                         net (fo=1, routed)           0.332     0.853    clk_IBUF
    BUFGCE_X0Y77         BUFGCE (Prop_BUFCE_BUFGCE_I_O)
                                                      0.028     0.881 r  clk_IBUF_BUFG_inst/O
    X3Y2 (CLOCK_ROOT)    net (fo=367, routed)         2.063     2.945    g_int4.u_p520/u_engine/u_pong/clk_IBUF_BUFG
    RAMB36_X12Y25        RAMB36E2                                     r  g_int4.u_p520/u_engine/u_pong/mem_reg_bram_0/CLKARDCLK
  -------------------------------------------------------------------    -------------------
    RAMB36_X12Y25        RAMB36E2 (Prop_RAMB36E2_RAMB36_CLKARDCLK_DOUTADOUT[10])
                                                      0.883     3.828 f  g_int4.u_p520/u_engine/u_pong/mem_reg_bram_0/DOUTADOUT[10]
                         net (fo=1, routed)           0.283     4.111    g_int4.u_p520/u_engine/u_pong/mem_reg_bram_0_n_89
    SLICE_X93Y127        LUT5 (Prop_F6LUT_SLICEM_I2_O)
                                                      0.123     4.234 f  g_int4.u_p520/u_engine/u_pong/s10_i_44/O
                         net (fo=1, routed)           0.091     4.325    g_int4.u_p520/u_engine/u_ping/s10_11
    SLICE_X92Y127        LUT6 (Prop_H6LUT_SLICEL_I5_O)
                                                      0.051     4.376 f  g_int4.u_p520/u_engine/u_ping/s10_i_7/O
                         net (fo=1, routed)           0.260     4.636    g_int4.u_p520/u_engine/u_mul/s10/B[10]
    DSP48E2_X17Y50       DSP_A_B_DATA (Prop_DSP_A_B_DATA_DSP48E2_B[10]_B2_DATA[10])
                                                      0.151     4.787 r  g_int4.u_p520/u_engine/u_mul/s10/DSP_A_B_DATA_INST/B2_DATA[10]
                         net (fo=1, routed)           0.000     4.787    g_int4.u_p520/u_engine/u_mul/s10/DSP_A_B_DATA.B2_DATA<10>
    DSP48E2_X17Y50       DSP_PREADD_DATA (Prop_DSP_PREADD_DATA_DSP48E2_B2_DATA[10]_B2B1[10])
                                                      0.073     4.860 r  g_int4.u_p520/u_engine/u_mul/s10/DSP_PREADD_DATA_INST/B2B1[10]
                         net (fo=1, routed)           0.000     4.860    g_int4.u_p520/u_engine/u_mul/s10/DSP_PREADD_DATA.B2B1<10>
    DSP48E2_X17Y50       DSP_MULTIPLIER (Prop_DSP_MULTIPLIER_DSP48E2_B2B1[10]_V[21])
                                                      0.609     5.469 f  g_int4.u_p520/u_engine/u_mul/s10/DSP_MULTIPLIER_INST/V[21]
                         net (fo=1, routed)           0.000     5.469    g_int4.u_p520/u_engine/u_mul/s10/DSP_MULTIPLIER.V<21>
    DSP48E2_X17Y50       DSP_M_DATA (Prop_DSP_M_DATA_DSP48E2_V[21]_V_DATA[21])
                                                      0.046     5.515 r  g_int4.u_p520/u_engine/u_mul/s10/DSP_M_DATA_INST/V_DATA[21]
                         net (fo=1, routed)           0.000     5.515    g_int4.u_p520/u_engine/u_mul/s10/DSP_M_DATA.V_DATA<21>
    DSP48E2_X17Y50       DSP_ALU (Prop_DSP_ALU_DSP48E2_V_DATA[21]_ALU_OUT[21])
                                                      0.571     6.086 f  g_int4.u_p520/u_engine/u_mul/s10/DSP_ALU_INST/ALU_OUT[21]
                         net (fo=1, routed)           0.000     6.086    g_int4.u_p520/u_engine/u_mul/s10/DSP_ALU.ALU_OUT<21>
    DSP48E2_X17Y50       DSP_OUTPUT (Prop_DSP_OUTPUT_DSP48E2_ALU_OUT[21]_P[21])
                                                      0.109     6.195 r  g_int4.u_p520/u_engine/u_mul/s10/DSP_OUTPUT_INST/P[21]
                         net (fo=2, routed)           0.210     6.405    g_int4.u_p520/u_engine/u_mul/s10_n_84
    SLICE_X90Y127        LUT2 (Prop_E6LUT_SLICEM_I0_O)
                                                      0.052     6.457 r  g_int4.u_p520/u_engine/u_mul/i__carry_i_4/O
                         net (fo=1, routed)           0.014     6.471    g_int4.u_p520/u_engine/u_mul/i__carry_i_4_n_0
    SLICE_X90Y127        CARRY8 (Prop_CARRY8_SLICEM_S[4]_CO[7])
                                                      0.156     6.627 r  g_int4.u_p520/u_engine/u_mul/s10_inferred__0/i__carry/CO[7]
                         net (fo=1, routed)           0.026     6.653    g_int4.u_p520/u_engine/u_mul/s10_inferred__0/i__carry_n_0
    SLICE_X90Y128        CARRY8 (Prop_CARRY8_SLICEM_CI_O[3])
                                                      0.082     6.735 r  g_int4.u_p520/u_engine/u_mul/s10_inferred__0/i__carry__0/O[3]
                         net (fo=1, routed)           0.261     6.996    g_int4.u_p520/u_engine/u_mul/s2_reg/A[9]
    DSP48E2_X17Y51       DSP_A_B_DATA                                 r  g_int4.u_p520/u_engine/u_mul/s2_reg/DSP_A_B_DATA_INST/A[9]
  -------------------------------------------------------------------    -------------------

                         (clock clk rise edge)        5.000     5.000 r  
    R10                                               0.000     5.000 r  clk (IN)
                         net (fo=0)                   0.000     5.000    clk_IBUF_inst/I
    R10                  INBUF (Prop_INBUF_HPIOB_M_PAD_O)
                                                      0.271     5.271 r  clk_IBUF_inst/INBUF_INST/O
                         net (fo=1, routed)           0.000     5.271    clk_IBUF_inst/OUT
    R10                  IBUFCTRL (Prop_IBUFCTRL_HPIOB_M_I_O)
                                                      0.000     5.271 r  clk_IBUF_inst/IBUFCTRL_INST/O
                         net (fo=1, routed)           0.293     5.564    clk_IBUF
    BUFGCE_X0Y77         BUFGCE (Prop_BUFCE_BUFGCE_I_O)
                                                      0.024     5.588 r  clk_IBUF_BUFG_inst/O
    X3Y2 (CLOCK_ROOT)    net (fo=367, routed)         1.736     7.324    g_int4.u_p520/u_engine/u_mul/s2_reg/CLK
    DSP48E2_X17Y51       DSP_A_B_DATA                                 r  g_int4.u_p520/u_engine/u_mul/s2_reg/DSP_A_B_DATA_INST/CLK
                         clock pessimism              0.424     7.748    
                         clock uncertainty           -0.035     7.713    
    DSP48E2_X17Y51       DSP_A_B_DATA (Setup_DSP_A_B_DATA_DSP48E2_CLK_A[9])
                                                     -0.273     7.440    g_int4.u_p520/u_engine/u_mul/s2_reg/DSP_A_B_DATA_INST
  -------------------------------------------------------------------
                         required time                          7.440    
                         arrival time                          -6.996    
  -------------------------------------------------------------------
                         slack                                  0.444    

Slack (MET) :             0.446ns  (required time - arrival time)
  Source:                 g_int4.u_p520/u_engine/u_ping/mem_reg_bram_0/CLKBWRCLK
                            (rising edge-triggered cell RAMB36E2 clocked by clk  {rise@0.000ns fall@2.500ns period=5.000ns})
  Destination:            g_int4.u_p520/u_mac_mul/s2_reg/DSP_A_B_DATA_INST/A[6]
                            (rising edge-triggered cell DSP_A_B_DATA clocked by clk  {rise@0.000ns fall@2.500ns period=5.000ns})
  Path Group:             clk
  Path Type:              Setup (Max at Slow Process Corner)
  Requirement:            5.000ns  (clk rise@5.000ns - clk rise@0.000ns)
  Data Path Delay:        4.043ns  (logic 2.815ns (69.627%)  route 1.228ns (30.373%))
  Logic Levels:           10  (CARRY8=2 DSP_A_B_DATA=1 DSP_ALU=1 DSP_M_DATA=1 DSP_MULTIPLIER=1 DSP_OUTPUT=1 DSP_PREADD_DATA=1 LUT2=1 LUT3=1)
  Clock Path Skew:        -0.203ns (DCD - SCD + CPR)
    Destination Clock Delay (DCD):    2.328ns = ( 7.328 - 5.000 ) 
    Source Clock Delay      (SCD):    2.955ns
    Clock Pessimism Removal (CPR):    0.424ns
  Clock Uncertainty:      0.035ns  ((TSJ^2 + TIJ^2)^1/2 + DJ) / 2 + PE
    Total System Jitter     (TSJ):    0.071ns
    Total Input Jitter      (TIJ):    0.000ns
    Discrete Jitter          (DJ):    0.000ns
    Phase Error              (PE):    0.000ns
  Clock Net Delay (Source):      2.074ns (routing 0.878ns, distribution 1.196ns)
  Clock Net Delay (Destination): 1.740ns (routing 0.799ns, distribution 0.941ns)

    Location             Delay type                Incr(ns)  Path(ns)    Netlist Resource(s)
  -------------------------------------------------------------------    -------------------
                         (clock clk rise edge)        0.000     0.000 r  
    R10                                               0.000     0.000 r  clk (IN)
                         net (fo=0)                   0.000     0.000    clk_IBUF_inst/I
    R10                  INBUF (Prop_INBUF_HPIOB_M_PAD_O)
                                                      0.521     0.521 r  clk_IBUF_inst/INBUF_INST/O
                         net (fo=1, routed)           0.000     0.521    clk_IBUF_inst/OUT
    R10                  IBUFCTRL (Prop_IBUFCTRL_HPIOB_M_I_O)
                                                      0.000     0.521 r  clk_IBUF_inst/IBUFCTRL_INST/O
                         net (fo=1, routed)           0.332     0.853    clk_IBUF
    BUFGCE_X0Y77         BUFGCE (Prop_BUFCE_BUFGCE_I_O)
                                                      0.028     0.881 r  clk_IBUF_BUFG_inst/O
    X3Y2 (CLOCK_ROOT)    net (fo=367, routed)         2.074     2.955    g_int4.u_p520/u_engine/u_ping/clk_IBUF_BUFG
    RAMB36_X12Y26        RAMB36E2                                     r  g_int4.u_p520/u_engine/u_ping/mem_reg_bram_0/CLKBWRCLK
  -------------------------------------------------------------------    -------------------
    RAMB36_X12Y26        RAMB36E2 (Prop_RAMB36E2_RAMB36_CLKBWRCLK_DOUTBDOUT[3])
                                                      0.908     3.863 f  g_int4.u_p520/u_engine/u_ping/mem_reg_bram_0/DOUTBDOUT[3]
                         net (fo=3, routed)           0.370     4.233    g_int4.u_p520/u_engine/u_ping/ping_a_dout[3]
    SLICE_X92Y128        LUT3 (Prop_C6LUT_SLICEL_I0_O)
                                                      0.123     4.356 f  g_int4.u_p520/u_engine/u_ping/mem_reg_bram_0_i_16__1/O
                         net (fo=6, routed)           0.324     4.681    g_int4.u_p520/u_mac_mul/s10/A[3]
    DSP48E2_X17Y53       DSP_A_B_DATA (Prop_DSP_A_B_DATA_DSP48E2_A[3]_A2_DATA[3])
                                                      0.192     4.873 r  g_int4.u_p520/u_mac_mul/s10/DSP_A_B_DATA_INST/A2_DATA[3]
                         net (fo=1, routed)           0.000     4.873    g_int4.u_p520/u_mac_mul/s10/DSP_A_B_DATA.A2_DATA<3>
    DSP48E2_X17Y53       DSP_PREADD_DATA (Prop_DSP_PREADD_DATA_DSP48E2_A2_DATA[3]_A2A1[3])
                                                      0.076     4.949 r  g_int4.u_p520/u_mac_mul/s10/DSP_PREADD_DATA_INST/A2A1[3]
                         net (fo=1, routed)           0.000     4.949    g_int4.u_p520/u_mac_mul/s10/DSP_PREADD_DATA.A2A1<3>
    DSP48E2_X17Y53       DSP_MULTIPLIER (Prop_DSP_MULTIPLIER_DSP48E2_A2A1[3]_U[20])
                                                      0.505     5.454 f  g_int4.u_p520/u_mac_mul/s10/DSP_MULTIPLIER_INST/U[20]
                         net (fo=1, routed)           0.000     5.454    g_int4.u_p520/u_mac_mul/s10/DSP_MULTIPLIER.U<20>
    DSP48E2_X17Y53       DSP_M_DATA (Prop_DSP_M_DATA_DSP48E2_U[20]_U_DATA[20])
                                                      0.047     5.501 r  g_int4.u_p520/u_mac_mul/s10/DSP_M_DATA_INST/U_DATA[20]
                         net (fo=1, routed)           0.000     5.501    g_int4.u_p520/u_mac_mul/s10/DSP_M_DATA.U_DATA<20>
    DSP48E2_X17Y53       DSP_ALU (Prop_DSP_ALU_DSP48E2_U_DATA[20]_ALU_OUT[20])
                                                      0.585     6.086 f  g_int4.u_p520/u_mac_mul/s10/DSP_ALU_INST/ALU_OUT[20]
                         net (fo=1, routed)           0.000     6.086    g_int4.u_p520/u_mac_mul/s10/DSP_ALU.ALU_OUT<20>
    DSP48E2_X17Y53       DSP_OUTPUT (Prop_DSP_OUTPUT_DSP48E2_ALU_OUT[20]_P[20])
                                                      0.109     6.195 r  g_int4.u_p520/u_mac_mul/s10/DSP_OUTPUT_INST/P[20]
                         net (fo=2, routed)           0.205     6.400    g_int4.u_p520/u_mac_mul/s10_n_85
    SLICE_X90Y132        LUT2 (Prop_D6LUT_SLICEM_I0_O)
                                                      0.051     6.451 r  g_int4.u_p520/u_mac_mul/s2_reg_i_21/O
                         net (fo=1, routed)           0.025     6.476    g_int4.u_p520/u_mac_mul/s2_reg_i_21_n_0
    SLICE_X90Y132        CARRY8 (Prop_CARRY8_SLICEM_S[3]_CO[7])
                                                      0.163     6.639 r  g_int4.u_p520/u_mac_mul/s2_reg_i_3/CO[7]
                         net (fo=1, routed)           0.026     6.665    g_int4.u_p520/u_mac_mul/s2_reg_i_3_n_0
    SLICE_X90Y133        CARRY8 (Prop_CARRY8_SLICEM_CI_O[0])
                                                      0.056     6.721 r  g_int4.u_p520/u_mac_mul/s2_reg_i_2/O[0]
                         net (fo=1, routed)           0.277     6.998    g_int4.u_p520/u_mac_mul/s2_reg/A[6]
    DSP48E2_X17Y52       DSP_A_B_DATA                                 r  g_int4.u_p520/u_mac_mul/s2_reg/DSP_A_B_DATA_INST/A[6]
  -------------------------------------------------------------------    -------------------

                         (clock clk rise edge)        5.000     5.000 r  
    R10                                               0.000     5.000 r  clk (IN)
                         net (fo=0)                   0.000     5.000    clk_IBUF_inst/I
    R10                  INBUF (Prop_INBUF_HPIOB_M_PAD_O)
                                                      0.271     5.271 r  clk_IBUF_inst/INBUF_INST/O
                         net (fo=1, routed)           0.000     5.271    clk_IBUF_inst/OUT
    R10                  IBUFCTRL (Prop_IBUFCTRL_HPIOB_M_I_O)
                                                      0.000     5.271 r  clk_IBUF_inst/IBUFCTRL_INST/O
                         net (fo=1, routed)           0.293     5.564    clk_IBUF
    BUFGCE_X0Y77         BUFGCE (Prop_BUFCE_BUFGCE_I_O)
                                                      0.024     5.588 r  clk_IBUF_BUFG_inst/O
    X3Y2 (CLOCK_ROOT)    net (fo=367, routed)         1.740     7.328    g_int4.u_p520/u_mac_mul/s2_reg/CLK
    DSP48E2_X17Y52       DSP_A_B_DATA                                 r  g_int4.u_p520/u_mac_mul/s2_reg/DSP_A_B_DATA_INST/CLK
                         clock pessimism              0.424     7.752    
                         clock uncertainty           -0.035     7.717    
    DSP48E2_X17Y52       DSP_A_B_DATA (Setup_DSP_A_B_DATA_DSP48E2_CLK_A[6])
                                                     -0.272     7.445    g_int4.u_p520/u_mac_mul/s2_reg/DSP_A_B_DATA_INST
  -------------------------------------------------------------------
                         required time                          7.445    
                         arrival time                          -6.998    
  -------------------------------------------------------------------
                         slack                                  0.446    

Slack (MET) :             0.454ns  (required time - arrival time)
  Source:                 g_int4.u_p520/u_engine/u_pong/mem_reg_bram_0/CLKARDCLK
                            (rising edge-triggered cell RAMB36E2 clocked by clk  {rise@0.000ns fall@2.500ns period=5.000ns})
  Destination:            g_int4.u_p520/u_engine/u_mul/s2_reg/DSP_A_B_DATA_INST/A[6]
                            (rising edge-triggered cell DSP_A_B_DATA clocked by clk  {rise@0.000ns fall@2.500ns period=5.000ns})
  Path Group:             clk
  Path Type:              Setup (Max at Slow Process Corner)
  Requirement:            5.000ns  (clk rise@5.000ns - clk rise@0.000ns)
  Data Path Delay:        4.042ns  (logic 2.880ns (71.245%)  route 1.162ns (28.755%))
  Logic Levels:           11  (CARRY8=2 DSP_A_B_DATA=1 DSP_ALU=1 DSP_M_DATA=1 DSP_MULTIPLIER=1 DSP_OUTPUT=1 DSP_PREADD_DATA=1 LUT2=1 LUT5=1 LUT6=1)
  Clock Path Skew:        -0.197ns (DCD - SCD + CPR)
    Destination Clock Delay (DCD):    2.324ns = ( 7.324 - 5.000 ) 
    Source Clock Delay      (SCD):    2.945ns
    Clock Pessimism Removal (CPR):    0.424ns
  Clock Uncertainty:      0.035ns  ((TSJ^2 + TIJ^2)^1/2 + DJ) / 2 + PE
    Total System Jitter     (TSJ):    0.071ns
    Total Input Jitter      (TIJ):    0.000ns
    Discrete Jitter          (DJ):    0.000ns
    Phase Error              (PE):    0.000ns
  Clock Net Delay (Source):      2.063ns (routing 0.878ns, distribution 1.185ns)
  Clock Net Delay (Destination): 1.736ns (routing 0.799ns, distribution 0.937ns)

    Location             Delay type                Incr(ns)  Path(ns)    Netlist Resource(s)
  -------------------------------------------------------------------    -------------------
                         (clock clk rise edge)        0.000     0.000 r  
    R10                                               0.000     0.000 r  clk (IN)
                         net (fo=0)                   0.000     0.000    clk_IBUF_inst/I
    R10                  INBUF (Prop_INBUF_HPIOB_M_PAD_O)
                                                      0.521     0.521 r  clk_IBUF_inst/INBUF_INST/O
                         net (fo=1, routed)           0.000     0.521    clk_IBUF_inst/OUT
    R10                  IBUFCTRL (Prop_IBUFCTRL_HPIOB_M_I_O)
                                                      0.000     0.521 r  clk_IBUF_inst/IBUFCTRL_INST/O
                         net (fo=1, routed)           0.332     0.853    clk_IBUF
    BUFGCE_X0Y77         BUFGCE (Prop_BUFCE_BUFGCE_I_O)
                                                      0.028     0.881 r  clk_IBUF_BUFG_inst/O
    X3Y2 (CLOCK_ROOT)    net (fo=367, routed)         2.063     2.945    g_int4.u_p520/u_engine/u_pong/clk_IBUF_BUFG
    RAMB36_X12Y25        RAMB36E2                                     r  g_int4.u_p520/u_engine/u_pong/mem_reg_bram_0/CLKARDCLK
  -------------------------------------------------------------------    -------------------
    RAMB36_X12Y25        RAMB36E2 (Prop_RAMB36E2_RAMB36_CLKARDCLK_DOUTADOUT[10])
                                                      0.883     3.828 f  g_int4.u_p520/u_engine/u_pong/mem_reg_bram_0/DOUTADOUT[10]
                         net (fo=1, routed)           0.283     4.111    g_int4.u_p520/u_engine/u_pong/mem_reg_bram_0_n_89
    SLICE_X93Y127        LUT5 (Prop_F6LUT_SLICEM_I2_O)
                                                      0.123     4.234 f  g_int4.u_p520/u_engine/u_pong/s10_i_44/O
                         net (fo=1, routed)           0.091     4.325    g_int4.u_p520/u_engine/u_ping/s10_11
    SLICE_X92Y127        LUT6 (Prop_H6LUT_SLICEL_I5_O)
                                                      0.051     4.376 f  g_int4.u_p520/u_engine/u_ping/s10_i_7/O
                         net (fo=1, routed)           0.260     4.636    g_int4.u_p520/u_engine/u_mul/s10/B[10]
    DSP48E2_X17Y50       DSP_A_B_DATA (Prop_DSP_A_B_DATA_DSP48E2_B[10]_B2_DATA[10])
                                                      0.151     4.787 r  g_int4.u_p520/u_engine/u_mul/s10/DSP_A_B_DATA_INST/B2_DATA[10]
                         net (fo=1, routed)           0.000     4.787    g_int4.u_p520/u_engine/u_mul/s10/DSP_A_B_DATA.B2_DATA<10>
    DSP48E2_X17Y50       DSP_PREADD_DATA (Prop_DSP_PREADD_DATA_DSP48E2_B2_DATA[10]_B2B1[10])
                                                      0.073     4.860 r  g_int4.u_p520/u_engine/u_mul/s10/DSP_PREADD_DATA_INST/B2B1[10]
                         net (fo=1, routed)           0.000     4.860    g_int4.u_p520/u_engine/u_mul/s10/DSP_PREADD_DATA.B2B1<10>
    DSP48E2_X17Y50       DSP_MULTIPLIER (Prop_DSP_MULTIPLIER_DSP48E2_B2B1[10]_V[21])
                                                      0.609     5.469 f  g_int4.u_p520/u_engine/u_mul/s10/DSP_MULTIPLIER_INST/V[21]
                         net (fo=1, routed)           0.000     5.469    g_int4.u_p520/u_engine/u_mul/s10/DSP_MULTIPLIER.V<21>
    DSP48E2_X17Y50       DSP_M_DATA (Prop_DSP_M_DATA_DSP48E2_V[21]_V_DATA[21])
                                                      0.046     5.515 r  g_int4.u_p520/u_engine/u_mul/s10/DSP_M_DATA_INST/V_DATA[21]
                         net (fo=1, routed)           0.000     5.515    g_int4.u_p520/u_engine/u_mul/s10/DSP_M_DATA.V_DATA<21>
    DSP48E2_X17Y50       DSP_ALU (Prop_DSP_ALU_DSP48E2_V_DATA[21]_ALU_OUT[21])
                                                      0.571     6.086 f  g_int4.u_p520/u_engine/u_mul/s10/DSP_ALU_INST/ALU_OUT[21]
                         net (fo=1, routed)           0.000     6.086    g_int4.u_p520/u_engine/u_mul/s10/DSP_ALU.ALU_OUT<21>
    DSP48E2_X17Y50       DSP_OUTPUT (Prop_DSP_OUTPUT_DSP48E2_ALU_OUT[21]_P[21])
                                                      0.109     6.195 r  g_int4.u_p520/u_engine/u_mul/s10/DSP_OUTPUT_INST/P[21]
                         net (fo=2, routed)           0.210     6.405    g_int4.u_p520/u_engine/u_mul/s10_n_84
    SLICE_X90Y127        LUT2 (Prop_E6LUT_SLICEM_I0_O)
                                                      0.052     6.457 r  g_int4.u_p520/u_engine/u_mul/i__carry_i_4/O
                         net (fo=1, routed)           0.014     6.471    g_int4.u_p520/u_engine/u_mul/i__carry_i_4_n_0
    SLICE_X90Y127        CARRY8 (Prop_CARRY8_SLICEM_S[4]_CO[7])
                                                      0.156     6.627 r  g_int4.u_p520/u_engine/u_mul/s10_inferred__0/i__carry/CO[7]
                         net (fo=1, routed)           0.026     6.653    g_int4.u_p520/u_engine/u_mul/s10_inferred__0/i__carry_n_0
    SLICE_X90Y128        CARRY8 (Prop_CARRY8_SLICEM_CI_O[0])
                                                      0.056     6.709 r  g_int4.u_p520/u_engine/u_mul/s10_inferred__0/i__carry__0/O[0]
                         net (fo=1, routed)           0.278     6.987    g_int4.u_p520/u_engine/u_mul/s2_reg/A[6]
    DSP48E2_X17Y51       DSP_A_B_DATA                                 r  g_int4.u_p520/u_engine/u_mul/s2_reg/DSP_A_B_DATA_INST/A[6]
  -------------------------------------------------------------------    -------------------

                         (clock clk rise edge)        5.000     5.000 r  
    R10                                               0.000     5.000 r  clk (IN)
                         net (fo=0)                   0.000     5.000    clk_IBUF_inst/I
    R10                  INBUF (Prop_INBUF_HPIOB_M_PAD_O)
                                                      0.271     5.271 r  clk_IBUF_inst/INBUF_INST/O
                         net (fo=1, routed)           0.000     5.271    clk_IBUF_inst/OUT
    R10                  IBUFCTRL (Prop_IBUFCTRL_HPIOB_M_I_O)
                                                      0.000     5.271 r  clk_IBUF_inst/IBUFCTRL_INST/O
                         net (fo=1, routed)           0.293     5.564    clk_IBUF
    BUFGCE_X0Y77         BUFGCE (Prop_BUFCE_BUFGCE_I_O)
                                                      0.024     5.588 r  clk_IBUF_BUFG_inst/O
    X3Y2 (CLOCK_ROOT)    net (fo=367, routed)         1.736     7.324    g_int4.u_p520/u_engine/u_mul/s2_reg/CLK
    DSP48E2_X17Y51       DSP_A_B_DATA                                 r  g_int4.u_p520/u_engine/u_mul/s2_reg/DSP_A_B_DATA_INST/CLK
                         clock pessimism              0.424     7.748    
                         clock uncertainty           -0.035     7.713    
    DSP48E2_X17Y51       DSP_A_B_DATA (Setup_DSP_A_B_DATA_DSP48E2_CLK_A[6])
                                                     -0.272     7.441    g_int4.u_p520/u_engine/u_mul/s2_reg/DSP_A_B_DATA_INST
  -------------------------------------------------------------------
                         required time                          7.441    
                         arrival time                          -6.987    
  -------------------------------------------------------------------
                         slack                                  0.454    

Slack (MET) :             0.454ns  (required time - arrival time)
  Source:                 g_int4.u_p520/u_engine/u_pong/mem_reg_bram_0/CLKARDCLK
                            (rising edge-triggered cell RAMB36E2 clocked by clk  {rise@0.000ns fall@2.500ns period=5.000ns})
  Destination:            g_int4.u_p520/u_engine/u_mul/s2_reg/DSP_A_B_DATA_INST/A[3]
                            (rising edge-triggered cell DSP_A_B_DATA clocked by clk  {rise@0.000ns fall@2.500ns period=5.000ns})
  Path Group:             clk
  Path Type:              Setup (Max at Slow Process Corner)
  Requirement:            5.000ns  (clk rise@5.000ns - clk rise@0.000ns)
  Data Path Delay:        4.058ns  (logic 2.824ns (69.595%)  route 1.234ns (30.405%))
  Logic Levels:           9  (CARRY8=1 DSP_A_B_DATA=1 DSP_ALU=1 DSP_M_DATA=1 DSP_MULTIPLIER=1 DSP_OUTPUT=1 DSP_PREADD_DATA=1 LUT5=1 LUT6=1)
  Clock Path Skew:        -0.197ns (DCD - SCD + CPR)
    Destination Clock Delay (DCD):    2.324ns = ( 7.324 - 5.000 ) 
    Source Clock Delay      (SCD):    2.945ns
    Clock Pessimism Removal (CPR):    0.424ns
  Clock Uncertainty:      0.035ns  ((TSJ^2 + TIJ^2)^1/2 + DJ) / 2 + PE
    Total System Jitter     (TSJ):    0.071ns
    Total Input Jitter      (TIJ):    0.000ns
    Discrete Jitter          (DJ):    0.000ns
    Phase Error              (PE):    0.000ns
  Clock Net Delay (Source):      2.063ns (routing 0.878ns, distribution 1.185ns)
  Clock Net Delay (Destination): 1.736ns (routing 0.799ns, distribution 0.937ns)

    Location             Delay type                Incr(ns)  Path(ns)    Netlist Resource(s)
  -------------------------------------------------------------------    -------------------
                         (clock clk rise edge)        0.000     0.000 r  
    R10                                               0.000     0.000 r  clk (IN)
                         net (fo=0)                   0.000     0.000    clk_IBUF_inst/I
    R10                  INBUF (Prop_INBUF_HPIOB_M_PAD_O)
                                                      0.521     0.521 r  clk_IBUF_inst/INBUF_INST/O
                         net (fo=1, routed)           0.000     0.521    clk_IBUF_inst/OUT
    R10                  IBUFCTRL (Prop_IBUFCTRL_HPIOB_M_I_O)
                                                      0.000     0.521 r  clk_IBUF_inst/IBUFCTRL_INST/O
                         net (fo=1, routed)           0.332     0.853    clk_IBUF
    BUFGCE_X0Y77         BUFGCE (Prop_BUFCE_BUFGCE_I_O)
                                                      0.028     0.881 r  clk_IBUF_BUFG_inst/O
    X3Y2 (CLOCK_ROOT)    net (fo=367, routed)         2.063     2.945    g_int4.u_p520/u_engine/u_pong/clk_IBUF_BUFG
    RAMB36_X12Y25        RAMB36E2                                     r  g_int4.u_p520/u_engine/u_pong/mem_reg_bram_0/CLKARDCLK
  -------------------------------------------------------------------    -------------------
    RAMB36_X12Y25        RAMB36E2 (Prop_RAMB36E2_RAMB36_CLKARDCLK_DOUTADOUT[10])
                                                      0.883     3.828 f  g_int4.u_p520/u_engine/u_pong/mem_reg_bram_0/DOUTADOUT[10]
                         net (fo=1, routed)           0.283     4.111    g_int4.u_p520/u_engine/u_pong/mem_reg_bram_0_n_89
    SLICE_X93Y127        LUT5 (Prop_F6LUT_SLICEM_I2_O)
                                                      0.123     4.234 f  g_int4.u_p520/u_engine/u_pong/s10_i_44/O
                         net (fo=1, routed)           0.091     4.325    g_int4.u_p520/u_engine/u_ping/s10_11
    SLICE_X92Y127        LUT6 (Prop_H6LUT_SLICEL_I5_O)
                                                      0.051     4.376 f  g_int4.u_p520/u_engine/u_ping/s10_i_7/O
                         net (fo=1, routed)           0.260     4.636    g_int4.u_p520/u_engine/u_mul/s10/B[10]
    DSP48E2_X17Y50       DSP_A_B_DATA (Prop_DSP_A_B_DATA_DSP48E2_B[10]_B2_DATA[10])
                                                      0.151     4.787 r  g_int4.u_p520/u_engine/u_mul/s10/DSP_A_B_DATA_INST/B2_DATA[10]
                         net (fo=1, routed)           0.000     4.787    g_int4.u_p520/u_engine/u_mul/s10/DSP_A_B_DATA.B2_DATA<10>
    DSP48E2_X17Y50       DSP_PREADD_DATA (Prop_DSP_PREADD_DATA_DSP48E2_B2_DATA[10]_B2B1[10])
                                                      0.073     4.860 r  g_int4.u_p520/u_engine/u_mul/s10/DSP_PREADD_DATA_INST/B2B1[10]
                         net (fo=1, routed)           0.000     4.860    g_int4.u_p520/u_engine/u_mul/s10/DSP_PREADD_DATA.B2B1<10>
    DSP48E2_X17Y50       DSP_MULTIPLIER (Prop_DSP_MULTIPLIER_DSP48E2_B2B1[10]_V[17])
                                                      0.609     5.469 f  g_int4.u_p520/u_engine/u_mul/s10/DSP_MULTIPLIER_INST/V[17]
                         net (fo=1, routed)           0.000     5.469    g_int4.u_p520/u_engine/u_mul/s10/DSP_MULTIPLIER.V<17>
    DSP48E2_X17Y50       DSP_M_DATA (Prop_DSP_M_DATA_DSP48E2_V[17]_V_DATA[17])
                                                      0.046     5.515 r  g_int4.u_p520/u_engine/u_mul/s10/DSP_M_DATA_INST/V_DATA[17]
                         net (fo=1, routed)           0.000     5.515    g_int4.u_p520/u_engine/u_mul/s10/DSP_M_DATA.V_DATA<17>
    DSP48E2_X17Y50       DSP_ALU (Prop_DSP_ALU_DSP48E2_V_DATA[17]_ALU_OUT[17])
                                                      0.571     6.086 f  g_int4.u_p520/u_engine/u_mul/s10/DSP_ALU_INST/ALU_OUT[17]
                         net (fo=1, routed)           0.000     6.086    g_int4.u_p520/u_engine/u_mul/s10/DSP_ALU.ALU_OUT<17>
    DSP48E2_X17Y50       DSP_OUTPUT (Prop_DSP_OUTPUT_DSP48E2_ALU_OUT[17]_P[17])
                                                      0.109     6.195 r  g_int4.u_p520/u_engine/u_mul/s10/DSP_OUTPUT_INST/P[17]
                         net (fo=2, routed)           0.283     6.478    g_int4.u_p520/u_engine/u_mul/s10_n_88
    SLICE_X90Y127        CARRY8 (Prop_CARRY8_SLICEM_DI[0]_O[5])
                                                      0.208     6.686 r  g_int4.u_p520/u_engine/u_mul/s10_inferred__0/i__carry/O[5]
                         net (fo=1, routed)           0.317     7.003    g_int4.u_p520/u_engine/u_mul/s2_reg/A[3]
    DSP48E2_X17Y51       DSP_A_B_DATA                                 r  g_int4.u_p520/u_engine/u_mul/s2_reg/DSP_A_B_DATA_INST/A[3]
  -------------------------------------------------------------------    -------------------

                         (clock clk rise edge)        5.000     5.000 r  
    R10                                               0.000     5.000 r  clk (IN)
                         net (fo=0)                   0.000     5.000    clk_IBUF_inst/I
    R10                  INBUF (Prop_INBUF_HPIOB_M_PAD_O)
                                                      0.271     5.271 r  clk_IBUF_inst/INBUF_INST/O
                         net (fo=1, routed)           0.000     5.271    clk_IBUF_inst/OUT
    R10                  IBUFCTRL (Prop_IBUFCTRL_HPIOB_M_I_O)
                                                      0.000     5.271 r  clk_IBUF_inst/IBUFCTRL_INST/O
                         net (fo=1, routed)           0.293     5.564    clk_IBUF
    BUFGCE_X0Y77         BUFGCE (Prop_BUFCE_BUFGCE_I_O)
                                                      0.024     5.588 r  clk_IBUF_BUFG_inst/O
    X3Y2 (CLOCK_ROOT)    net (fo=367, routed)         1.736     7.324    g_int4.u_p520/u_engine/u_mul/s2_reg/CLK
    DSP48E2_X17Y51       DSP_A_B_DATA                                 r  g_int4.u_p520/u_engine/u_mul/s2_reg/DSP_A_B_DATA_INST/CLK
                         clock pessimism              0.424     7.748    
                         clock uncertainty           -0.035     7.713    
    DSP48E2_X17Y51       DSP_A_B_DATA (Setup_DSP_A_B_DATA_DSP48E2_CLK_A[3])
                                                     -0.256     7.457    g_int4.u_p520/u_engine/u_mul/s2_reg/DSP_A_B_DATA_INST
  -------------------------------------------------------------------
                         required time                          7.457    
                         arrival time                          -7.003    
  -------------------------------------------------------------------
                         slack                                  0.454    

Slack (MET) :             0.454ns  (required time - arrival time)
  Source:                 g_int4.u_p520/u_engine/u_ping/mem_reg_bram_0/CLKBWRCLK
                            (rising edge-triggered cell RAMB36E2 clocked by clk  {rise@0.000ns fall@2.500ns period=5.000ns})
  Destination:            g_int4.u_p520/u_mac_mul/s2_reg/DSP_A_B_DATA_INST/A[16]
                            (rising edge-triggered cell DSP_A_B_DATA clocked by clk  {rise@0.000ns fall@2.500ns period=5.000ns})
  Path Group:             clk
  Path Type:              Setup (Max at Slow Process Corner)
  Requirement:            5.000ns  (clk rise@5.000ns - clk rise@0.000ns)
  Data Path Delay:        4.052ns  (logic 2.841ns (70.114%)  route 1.211ns (29.886%))
  Logic Levels:           11  (CARRY8=3 DSP_A_B_DATA=1 DSP_ALU=1 DSP_M_DATA=1 DSP_MULTIPLIER=1 DSP_OUTPUT=1 DSP_PREADD_DATA=1 LUT2=1 LUT3=1)
  Clock Path Skew:        -0.203ns (DCD - SCD + CPR)
    Destination Clock Delay (DCD):    2.328ns = ( 7.328 - 5.000 ) 
    Source Clock Delay      (SCD):    2.955ns
    Clock Pessimism Removal (CPR):    0.424ns
  Clock Uncertainty:      0.035ns  ((TSJ^2 + TIJ^2)^1/2 + DJ) / 2 + PE
    Total System Jitter     (TSJ):    0.071ns
    Total Input Jitter      (TIJ):    0.000ns
    Discrete Jitter          (DJ):    0.000ns
    Phase Error              (PE):    0.000ns
  Clock Net Delay (Source):      2.074ns (routing 0.878ns, distribution 1.196ns)
  Clock Net Delay (Destination): 1.740ns (routing 0.799ns, distribution 0.941ns)

    Location             Delay type                Incr(ns)  Path(ns)    Netlist Resource(s)
  -------------------------------------------------------------------    -------------------
                         (clock clk rise edge)        0.000     0.000 r  
    R10                                               0.000     0.000 r  clk (IN)
                         net (fo=0)                   0.000     0.000    clk_IBUF_inst/I
    R10                  INBUF (Prop_INBUF_HPIOB_M_PAD_O)
                                                      0.521     0.521 r  clk_IBUF_inst/INBUF_INST/O
                         net (fo=1, routed)           0.000     0.521    clk_IBUF_inst/OUT
    R10                  IBUFCTRL (Prop_IBUFCTRL_HPIOB_M_I_O)
                                                      0.000     0.521 r  clk_IBUF_inst/IBUFCTRL_INST/O
                         net (fo=1, routed)           0.332     0.853    clk_IBUF
    BUFGCE_X0Y77         BUFGCE (Prop_BUFCE_BUFGCE_I_O)
                                                      0.028     0.881 r  clk_IBUF_BUFG_inst/O
    X3Y2 (CLOCK_ROOT)    net (fo=367, routed)         2.074     2.955    g_int4.u_p520/u_engine/u_ping/clk_IBUF_BUFG
    RAMB36_X12Y26        RAMB36E2                                     r  g_int4.u_p520/u_engine/u_ping/mem_reg_bram_0/CLKBWRCLK
  -------------------------------------------------------------------    -------------------
    RAMB36_X12Y26        RAMB36E2 (Prop_RAMB36E2_RAMB36_CLKBWRCLK_DOUTBDOUT[3])
                                                      0.908     3.863 f  g_int4.u_p520/u_engine/u_ping/mem_reg_bram_0/DOUTBDOUT[3]
                         net (fo=3, routed)           0.370     4.233    g_int4.u_p520/u_engine/u_ping/ping_a_dout[3]
    SLICE_X92Y128        LUT3 (Prop_C6LUT_SLICEL_I0_O)
                                                      0.123     4.356 f  g_int4.u_p520/u_engine/u_ping/mem_reg_bram_0_i_16__1/O
                         net (fo=6, routed)           0.324     4.681    g_int4.u_p520/u_mac_mul/s10/A[3]
    DSP48E2_X17Y53       DSP_A_B_DATA (Prop_DSP_A_B_DATA_DSP48E2_A[3]_A2_DATA[3])
                                                      0.192     4.873 r  g_int4.u_p520/u_mac_mul/s10/DSP_A_B_DATA_INST/A2_DATA[3]
                         net (fo=1, routed)           0.000     4.873    g_int4.u_p520/u_mac_mul/s10/DSP_A_B_DATA.A2_DATA<3>
    DSP48E2_X17Y53       DSP_PREADD_DATA (Prop_DSP_PREADD_DATA_DSP48E2_A2_DATA[3]_A2A1[3])
                                                      0.076     4.949 r  g_int4.u_p520/u_mac_mul/s10/DSP_PREADD_DATA_INST/A2A1[3]
                         net (fo=1, routed)           0.000     4.949    g_int4.u_p520/u_mac_mul/s10/DSP_PREADD_DATA.A2A1<3>
    DSP48E2_X17Y53       DSP_MULTIPLIER (Prop_DSP_MULTIPLIER_DSP48E2_A2A1[3]_U[20])
                                                      0.505     5.454 f  g_int4.u_p520/u_mac_mul/s10/DSP_MULTIPLIER_INST/U[20]
                         net (fo=1, routed)           0.000     5.454    g_int4.u_p520/u_mac_mul/s10/DSP_MULTIPLIER.U<20>
    DSP48E2_X17Y53       DSP_M_DATA (Prop_DSP_M_DATA_DSP48E2_U[20]_U_DATA[20])
                                                      0.047     5.501 r  g_int4.u_p520/u_mac_mul/s10/DSP_M_DATA_INST/U_DATA[20]
                         net (fo=1, routed)           0.000     5.501    g_int4.u_p520/u_mac_mul/s10/DSP_M_DATA.U_DATA<20>
    DSP48E2_X17Y53       DSP_ALU (Prop_DSP_ALU_DSP48E2_U_DATA[20]_ALU_OUT[20])
                                                      0.585     6.086 f  g_int4.u_p520/u_mac_mul/s10/DSP_ALU_INST/ALU_OUT[20]
                         net (fo=1, routed)           0.000     6.086    g_int4.u_p520/u_mac_mul/s10/DSP_ALU.ALU_OUT<20>
    DSP48E2_X17Y53       DSP_OUTPUT (Prop_DSP_OUTPUT_DSP48E2_ALU_OUT[20]_P[20])
                                                      0.109     6.195 r  g_int4.u_p520/u_mac_mul/s10/DSP_OUTPUT_INST/P[20]
                         net (fo=2, routed)           0.205     6.400    g_int4.u_p520/u_mac_mul/s10_n_85
    SLICE_X90Y132        LUT2 (Prop_D6LUT_SLICEM_I0_O)
                                                      0.051     6.451 r  g_int4.u_p520/u_mac_mul/s2_reg_i_21/O
                         net (fo=1, routed)           0.025     6.476    g_int4.u_p520/u_mac_mul/s2_reg_i_21_n_0
    SLICE_X90Y132        CARRY8 (Prop_CARRY8_SLICEM_S[3]_CO[7])
                                                      0.163     6.639 r  g_int4.u_p520/u_mac_mul/s2_reg_i_3/CO[7]
                         net (fo=1, routed)           0.026     6.665    g_int4.u_p520/u_mac_mul/s2_reg_i_3_n_0
    SLICE_X90Y133        CARRY8 (Prop_CARRY8_SLICEM_CI_CO[7])
                                                      0.015     6.680 r  g_int4.u_p520/u_mac_mul/s2_reg_i_2/CO[7]
                         net (fo=1, routed)           0.026     6.706    g_int4.u_p520/u_mac_mul/s2_reg_i_2_n_0
    SLICE_X90Y134        CARRY8 (Prop_CARRY8_SLICEM_CI_O[2])
                                                      0.067     6.773 r  g_int4.u_p520/u_mac_mul/s2_reg_i_1/O[2]
                         net (fo=1, routed)           0.234     7.007    g_int4.u_p520/u_mac_mul/s2_reg/A[16]
    DSP48E2_X17Y52       DSP_A_B_DATA                                 r  g_int4.u_p520/u_mac_mul/s2_reg/DSP_A_B_DATA_INST/A[16]
  -------------------------------------------------------------------    -------------------

                         (clock clk rise edge)        5.000     5.000 r  
    R10                                               0.000     5.000 r  clk (IN)
                         net (fo=0)                   0.000     5.000    clk_IBUF_inst/I
    R10                  INBUF (Prop_INBUF_HPIOB_M_PAD_O)
                                                      0.271     5.271 r  clk_IBUF_inst/INBUF_INST/O
                         net (fo=1, routed)           0.000     5.271    clk_IBUF_inst/OUT
    R10                  IBUFCTRL (Prop_IBUFCTRL_HPIOB_M_I_O)
                                                      0.000     5.271 r  clk_IBUF_inst/IBUFCTRL_INST/O
                         net (fo=1, routed)           0.293     5.564    clk_IBUF
    BUFGCE_X0Y77         BUFGCE (Prop_BUFCE_BUFGCE_I_O)
                                                      0.024     5.588 r  clk_IBUF_BUFG_inst/O
    X3Y2 (CLOCK_ROOT)    net (fo=367, routed)         1.740     7.328    g_int4.u_p520/u_mac_mul/s2_reg/CLK
    DSP48E2_X17Y52       DSP_A_B_DATA                                 r  g_int4.u_p520/u_mac_mul/s2_reg/DSP_A_B_DATA_INST/CLK
                         clock pessimism              0.424     7.752    
                         clock uncertainty           -0.035     7.717    
    DSP48E2_X17Y52       DSP_A_B_DATA (Setup_DSP_A_B_DATA_DSP48E2_CLK_A[16])
                                                     -0.255     7.462    g_int4.u_p520/u_mac_mul/s2_reg/DSP_A_B_DATA_INST
  -------------------------------------------------------------------
                         required time                          7.462    
                         arrival time                          -7.007    
  -------------------------------------------------------------------
                         slack                                  0.454    

Slack (MET) :             0.466ns  (required time - arrival time)
  Source:                 g_int4.u_p520/u_engine/u_ping/mem_reg_bram_0/CLKBWRCLK
                            (rising edge-triggered cell RAMB36E2 clocked by clk  {rise@0.000ns fall@2.500ns period=5.000ns})
  Destination:            g_int4.u_p520/u_mac_mul/s2_reg/DSP_A_B_DATA_INST/A[3]
                            (rising edge-triggered cell DSP_A_B_DATA clocked by clk  {rise@0.000ns fall@2.500ns period=5.000ns})
  Path Group:             clk
  Path Type:              Setup (Max at Slow Process Corner)
  Requirement:            5.000ns  (clk rise@5.000ns - clk rise@0.000ns)
  Data Path Delay:        4.039ns  (logic 2.753ns (68.154%)  route 1.286ns (31.846%))
  Logic Levels:           8  (CARRY8=1 DSP_A_B_DATA=1 DSP_ALU=1 DSP_M_DATA=1 DSP_MULTIPLIER=1 DSP_OUTPUT=1 DSP_PREADD_DATA=1 LUT3=1)
  Clock Path Skew:        -0.203ns (DCD - SCD + CPR)
    Destination Clock Delay (DCD):    2.328ns = ( 7.328 - 5.000 ) 
    Source Clock Delay      (SCD):    2.955ns
    Clock Pessimism Removal (CPR):    0.424ns
  Clock Uncertainty:      0.035ns  ((TSJ^2 + TIJ^2)^1/2 + DJ) / 2 + PE
    Total System Jitter     (TSJ):    0.071ns
    Total Input Jitter      (TIJ):    0.000ns
    Discrete Jitter          (DJ):    0.000ns
    Phase Error              (PE):    0.000ns
  Clock Net Delay (Source):      2.074ns (routing 0.878ns, distribution 1.196ns)
  Clock Net Delay (Destination): 1.740ns (routing 0.799ns, distribution 0.941ns)

    Location             Delay type                Incr(ns)  Path(ns)    Netlist Resource(s)
  -------------------------------------------------------------------    -------------------
                         (clock clk rise edge)        0.000     0.000 r  
    R10                                               0.000     0.000 r  clk (IN)
                         net (fo=0)                   0.000     0.000    clk_IBUF_inst/I
    R10                  INBUF (Prop_INBUF_HPIOB_M_PAD_O)
                                                      0.521     0.521 r  clk_IBUF_inst/INBUF_INST/O
                         net (fo=1, routed)           0.000     0.521    clk_IBUF_inst/OUT
    R10                  IBUFCTRL (Prop_IBUFCTRL_HPIOB_M_I_O)
                                                      0.000     0.521 r  clk_IBUF_inst/IBUFCTRL_INST/O
                         net (fo=1, routed)           0.332     0.853    clk_IBUF
    BUFGCE_X0Y77         BUFGCE (Prop_BUFCE_BUFGCE_I_O)
                                                      0.028     0.881 r  clk_IBUF_BUFG_inst/O
    X3Y2 (CLOCK_ROOT)    net (fo=367, routed)         2.074     2.955    g_int4.u_p520/u_engine/u_ping/clk_IBUF_BUFG
    RAMB36_X12Y26        RAMB36E2                                     r  g_int4.u_p520/u_engine/u_ping/mem_reg_bram_0/CLKBWRCLK
  -------------------------------------------------------------------    -------------------
    RAMB36_X12Y26        RAMB36E2 (Prop_RAMB36E2_RAMB36_CLKBWRCLK_DOUTBDOUT[3])
                                                      0.908     3.863 f  g_int4.u_p520/u_engine/u_ping/mem_reg_bram_0/DOUTBDOUT[3]
                         net (fo=3, routed)           0.370     4.233    g_int4.u_p520/u_engine/u_ping/ping_a_dout[3]
    SLICE_X92Y128        LUT3 (Prop_C6LUT_SLICEL_I0_O)
                                                      0.123     4.356 f  g_int4.u_p520/u_engine/u_ping/mem_reg_bram_0_i_16__1/O
                         net (fo=6, routed)           0.324     4.681    g_int4.u_p520/u_mac_mul/s10/A[3]
    DSP48E2_X17Y53       DSP_A_B_DATA (Prop_DSP_A_B_DATA_DSP48E2_A[3]_A2_DATA[3])
                                                      0.192     4.873 r  g_int4.u_p520/u_mac_mul/s10/DSP_A_B_DATA_INST/A2_DATA[3]
                         net (fo=1, routed)           0.000     4.873    g_int4.u_p520/u_mac_mul/s10/DSP_A_B_DATA.A2_DATA<3>
    DSP48E2_X17Y53       DSP_PREADD_DATA (Prop_DSP_PREADD_DATA_DSP48E2_A2_DATA[3]_A2A1[3])
                                                      0.076     4.949 r  g_int4.u_p520/u_mac_mul/s10/DSP_PREADD_DATA_INST/A2A1[3]
                         net (fo=1, routed)           0.000     4.949    g_int4.u_p520/u_mac_mul/s10/DSP_PREADD_DATA.A2A1<3>
    DSP48E2_X17Y53       DSP_MULTIPLIER (Prop_DSP_MULTIPLIER_DSP48E2_A2A1[3]_U[17])
                                                      0.505     5.454 f  g_int4.u_p520/u_mac_mul/s10/DSP_MULTIPLIER_INST/U[17]
                         net (fo=1, routed)           0.000     5.454    g_int4.u_p520/u_mac_mul/s10/DSP_MULTIPLIER.U<17>
    DSP48E2_X17Y53       DSP_M_DATA (Prop_DSP_M_DATA_DSP48E2_U[17]_U_DATA[17])
                                                      0.047     5.501 r  g_int4.u_p520/u_mac_mul/s10/DSP_M_DATA_INST/U_DATA[17]
                         net (fo=1, routed)           0.000     5.501    g_int4.u_p520/u_mac_mul/s10/DSP_M_DATA.U_DATA<17>
    DSP48E2_X17Y53       DSP_ALU (Prop_DSP_ALU_DSP48E2_U_DATA[17]_ALU_OUT[17])
                                                      0.585     6.086 f  g_int4.u_p520/u_mac_mul/s10/DSP_ALU_INST/ALU_OUT[17]
                         net (fo=1, routed)           0.000     6.086    g_int4.u_p520/u_mac_mul/s10/DSP_ALU.ALU_OUT<17>
    DSP48E2_X17Y53       DSP_OUTPUT (Prop_DSP_OUTPUT_DSP48E2_ALU_OUT[17]_P[17])
                                                      0.109     6.195 r  g_int4.u_p520/u_mac_mul/s10/DSP_OUTPUT_INST/P[17]
                         net (fo=2, routed)           0.292     6.487    g_int4.u_p520/u_mac_mul/s10_n_88
    SLICE_X90Y132        CARRY8 (Prop_CARRY8_SLICEM_DI[0]_O[5])
                                                      0.208     6.695 r  g_int4.u_p520/u_mac_mul/s2_reg_i_3/O[5]
                         net (fo=1, routed)           0.300     6.995    g_int4.u_p520/u_mac_mul/s2_reg/A[3]
    DSP48E2_X17Y52       DSP_A_B_DATA                                 r  g_int4.u_p520/u_mac_mul/s2_reg/DSP_A_B_DATA_INST/A[3]
  -------------------------------------------------------------------    -------------------

                         (clock clk rise edge)        5.000     5.000 r  
    R10                                               0.000     5.000 r  clk (IN)
                         net (fo=0)                   0.000     5.000    clk_IBUF_inst/I
    R10                  INBUF (Prop_INBUF_HPIOB_M_PAD_O)
                                                      0.271     5.271 r  clk_IBUF_inst/INBUF_INST/O
                         net (fo=1, routed)           0.000     5.271    clk_IBUF_inst/OUT
    R10                  IBUFCTRL (Prop_IBUFCTRL_HPIOB_M_I_O)
                                                      0.000     5.271 r  clk_IBUF_inst/IBUFCTRL_INST/O
                         net (fo=1, routed)           0.293     5.564    clk_IBUF
    BUFGCE_X0Y77         BUFGCE (Prop_BUFCE_BUFGCE_I_O)
                                                      0.024     5.588 r  clk_IBUF_BUFG_inst/O
    X3Y2 (CLOCK_ROOT)    net (fo=367, routed)         1.740     7.328    g_int4.u_p520/u_mac_mul/s2_reg/CLK
    DSP48E2_X17Y52       DSP_A_B_DATA                                 r  g_int4.u_p520/u_mac_mul/s2_reg/DSP_A_B_DATA_INST/CLK
                         clock pessimism              0.424     7.752    
                         clock uncertainty           -0.035     7.717    
    DSP48E2_X17Y52       DSP_A_B_DATA (Setup_DSP_A_B_DATA_DSP48E2_CLK_A[3])
                                                     -0.256     7.461    g_int4.u_p520/u_mac_mul/s2_reg/DSP_A_B_DATA_INST
  -------------------------------------------------------------------
                         required time                          7.461    
                         arrival time                          -6.995    
  -------------------------------------------------------------------
                         slack                                  0.466    

Slack (MET) :             0.475ns  (required time - arrival time)
  Source:                 g_int4.u_p520/u_engine/u_ping/mem_reg_bram_0/CLKBWRCLK
                            (rising edge-triggered cell RAMB36E2 clocked by clk  {rise@0.000ns fall@2.500ns period=5.000ns})
  Destination:            g_int4.u_p520/u_mac_mul/s2_reg/DSP_A_B_DATA_INST/A[8]
                            (rising edge-triggered cell DSP_A_B_DATA clocked by clk  {rise@0.000ns fall@2.500ns period=5.000ns})
  Path Group:             clk
  Path Type:              Setup (Max at Slow Process Corner)
  Requirement:            5.000ns  (clk rise@5.000ns - clk rise@0.000ns)
  Data Path Delay:        4.020ns  (logic 2.826ns (70.299%)  route 1.194ns (29.701%))
  Logic Levels:           10  (CARRY8=2 DSP_A_B_DATA=1 DSP_ALU=1 DSP_M_DATA=1 DSP_MULTIPLIER=1 DSP_OUTPUT=1 DSP_PREADD_DATA=1 LUT2=1 LUT3=1)
  Clock Path Skew:        -0.203ns (DCD - SCD + CPR)
    Destination Clock Delay (DCD):    2.328ns = ( 7.328 - 5.000 ) 
    Source Clock Delay      (SCD):    2.955ns
    Clock Pessimism Removal (CPR):    0.424ns
  Clock Uncertainty:      0.035ns  ((TSJ^2 + TIJ^2)^1/2 + DJ) / 2 + PE
    Total System Jitter     (TSJ):    0.071ns
    Total Input Jitter      (TIJ):    0.000ns
    Discrete Jitter          (DJ):    0.000ns
    Phase Error              (PE):    0.000ns
  Clock Net Delay (Source):      2.074ns (routing 0.878ns, distribution 1.196ns)
  Clock Net Delay (Destination): 1.740ns (routing 0.799ns, distribution 0.941ns)

    Location             Delay type                Incr(ns)  Path(ns)    Netlist Resource(s)
  -------------------------------------------------------------------    -------------------
                         (clock clk rise edge)        0.000     0.000 r  
    R10                                               0.000     0.000 r  clk (IN)
                         net (fo=0)                   0.000     0.000    clk_IBUF_inst/I
    R10                  INBUF (Prop_INBUF_HPIOB_M_PAD_O)
                                                      0.521     0.521 r  clk_IBUF_inst/INBUF_INST/O
                         net (fo=1, routed)           0.000     0.521    clk_IBUF_inst/OUT
    R10                  IBUFCTRL (Prop_IBUFCTRL_HPIOB_M_I_O)
                                                      0.000     0.521 r  clk_IBUF_inst/IBUFCTRL_INST/O
                         net (fo=1, routed)           0.332     0.853    clk_IBUF
    BUFGCE_X0Y77         BUFGCE (Prop_BUFCE_BUFGCE_I_O)
                                                      0.028     0.881 r  clk_IBUF_BUFG_inst/O
    X3Y2 (CLOCK_ROOT)    net (fo=367, routed)         2.074     2.955    g_int4.u_p520/u_engine/u_ping/clk_IBUF_BUFG
    RAMB36_X12Y26        RAMB36E2                                     r  g_int4.u_p520/u_engine/u_ping/mem_reg_bram_0/CLKBWRCLK
  -------------------------------------------------------------------    -------------------
    RAMB36_X12Y26        RAMB36E2 (Prop_RAMB36E2_RAMB36_CLKBWRCLK_DOUTBDOUT[3])
                                                      0.908     3.863 f  g_int4.u_p520/u_engine/u_ping/mem_reg_bram_0/DOUTBDOUT[3]
                         net (fo=3, routed)           0.370     4.233    g_int4.u_p520/u_engine/u_ping/ping_a_dout[3]
    SLICE_X92Y128        LUT3 (Prop_C6LUT_SLICEL_I0_O)
                                                      0.123     4.356 f  g_int4.u_p520/u_engine/u_ping/mem_reg_bram_0_i_16__1/O
                         net (fo=6, routed)           0.324     4.681    g_int4.u_p520/u_mac_mul/s10/A[3]
    DSP48E2_X17Y53       DSP_A_B_DATA (Prop_DSP_A_B_DATA_DSP48E2_A[3]_A2_DATA[3])
                                                      0.192     4.873 r  g_int4.u_p520/u_mac_mul/s10/DSP_A_B_DATA_INST/A2_DATA[3]
                         net (fo=1, routed)           0.000     4.873    g_int4.u_p520/u_mac_mul/s10/DSP_A_B_DATA.A2_DATA<3>
    DSP48E2_X17Y53       DSP_PREADD_DATA (Prop_DSP_PREADD_DATA_DSP48E2_A2_DATA[3]_A2A1[3])
                                                      0.076     4.949 r  g_int4.u_p520/u_mac_mul/s10/DSP_PREADD_DATA_INST/A2A1[3]
                         net (fo=1, routed)           0.000     4.949    g_int4.u_p520/u_mac_mul/s10/DSP_PREADD_DATA.A2A1<3>
    DSP48E2_X17Y53       DSP_MULTIPLIER (Prop_DSP_MULTIPLIER_DSP48E2_A2A1[3]_U[20])
                                                      0.505     5.454 f  g_int4.u_p520/u_mac_mul/s10/DSP_MULTIPLIER_INST/U[20]
                         net (fo=1, routed)           0.000     5.454    g_int4.u_p520/u_mac_mul/s10/DSP_MULTIPLIER.U<20>
    DSP48E2_X17Y53       DSP_M_DATA (Prop_DSP_M_DATA_DSP48E2_U[20]_U_DATA[20])
                                                      0.047     5.501 r  g_int4.u_p520/u_mac_mul/s10/DSP_M_DATA_INST/U_DATA[20]
                         net (fo=1, routed)           0.000     5.501    g_int4.u_p520/u_mac_mul/s10/DSP_M_DATA.U_DATA<20>
    DSP48E2_X17Y53       DSP_ALU (Prop_DSP_ALU_DSP48E2_U_DATA[20]_ALU_OUT[20])
                                                      0.585     6.086 f  g_int4.u_p520/u_mac_mul/s10/DSP_ALU_INST/ALU_OUT[20]
                         net (fo=1, routed)           0.000     6.086    g_int4.u_p520/u_mac_mul/s10/DSP_ALU.ALU_OUT<20>
    DSP48E2_X17Y53       DSP_OUTPUT (Prop_DSP_OUTPUT_DSP48E2_ALU_OUT[20]_P[20])
                                                      0.109     6.195 r  g_int4.u_p520/u_mac_mul/s10/DSP_OUTPUT_INST/P[20]
                         net (fo=2, routed)           0.205     6.400    g_int4.u_p520/u_mac_mul/s10_n_85
    SLICE_X90Y132        LUT2 (Prop_D6LUT_SLICEM_I0_O)
                                                      0.051     6.451 r  g_int4.u_p520/u_mac_mul/s2_reg_i_21/O
                         net (fo=1, routed)           0.025     6.476    g_int4.u_p520/u_mac_mul/s2_reg_i_21_n_0
    SLICE_X90Y132        CARRY8 (Prop_CARRY8_SLICEM_S[3]_CO[7])
                                                      0.163     6.639 r  g_int4.u_p520/u_mac_mul/s2_reg_i_3/CO[7]
                         net (fo=1, routed)           0.026     6.665    g_int4.u_p520/u_mac_mul/s2_reg_i_3_n_0
    SLICE_X90Y133        CARRY8 (Prop_CARRY8_SLICEM_CI_O[2])
                                                      0.067     6.732 r  g_int4.u_p520/u_mac_mul/s2_reg_i_2/O[2]
                         net (fo=1, routed)           0.243     6.975    g_int4.u_p520/u_mac_mul/s2_reg/A[8]
    DSP48E2_X17Y52       DSP_A_B_DATA                                 r  g_int4.u_p520/u_mac_mul/s2_reg/DSP_A_B_DATA_INST/A[8]
  -------------------------------------------------------------------    -------------------

                         (clock clk rise edge)        5.000     5.000 r  
    R10                                               0.000     5.000 r  clk (IN)
                         net (fo=0)                   0.000     5.000    clk_IBUF_inst/I
    R10                  INBUF (Prop_INBUF_HPIOB_M_PAD_O)
                                                      0.271     5.271 r  clk_IBUF_inst/INBUF_INST/O
                         net (fo=1, routed)           0.000     5.271    clk_IBUF_inst/OUT
    R10                  IBUFCTRL (Prop_IBUFCTRL_HPIOB_M_I_O)
                                                      0.000     5.271 r  clk_IBUF_inst/IBUFCTRL_INST/O
                         net (fo=1, routed)           0.293     5.564    clk_IBUF
    BUFGCE_X0Y77         BUFGCE (Prop_BUFCE_BUFGCE_I_O)
                                                      0.024     5.588 r  clk_IBUF_BUFG_inst/O
    X3Y2 (CLOCK_ROOT)    net (fo=367, routed)         1.740     7.328    g_int4.u_p520/u_mac_mul/s2_reg/CLK
    DSP48E2_X17Y52       DSP_A_B_DATA                                 r  g_int4.u_p520/u_mac_mul/s2_reg/DSP_A_B_DATA_INST/CLK
                         clock pessimism              0.424     7.752    
                         clock uncertainty           -0.035     7.717    
    DSP48E2_X17Y52       DSP_A_B_DATA (Setup_DSP_A_B_DATA_DSP48E2_CLK_A[8])
                                                     -0.266     7.451    g_int4.u_p520/u_mac_mul/s2_reg/DSP_A_B_DATA_INST
  -------------------------------------------------------------------
                         required time                          7.451    
                         arrival time                          -6.975    
  -------------------------------------------------------------------
                         slack                                  0.475    

Slack (MET) :             0.478ns  (required time - arrival time)
  Source:                 g_int4.u_p520/u_engine/u_mul/s4_reg[19]/C
                            (rising edge-triggered cell FDRE clocked by clk  {rise@0.000ns fall@2.500ns period=5.000ns})
  Destination:            g_int4.u_p520/u_engine/u_mul/p_out_reg[7]/D
                            (rising edge-triggered cell FDRE clocked by clk  {rise@0.000ns fall@2.500ns period=5.000ns})
  Path Group:             clk
  Path Type:              Setup (Max at Slow Process Corner)
  Requirement:            5.000ns  (clk rise@5.000ns - clk rise@0.000ns)
  Data Path Delay:        4.433ns  (logic 1.626ns (36.683%)  route 2.807ns (63.317%))
  Logic Levels:           14  (CARRY8=5 LUT3=2 LUT4=1 LUT5=2 LUT6=4)
  Clock Path Skew:        -0.079ns (DCD - SCD + CPR)
    Destination Clock Delay (DCD):    2.310ns = ( 7.310 - 5.000 ) 
    Source Clock Delay      (SCD):    2.811ns
    Clock Pessimism Removal (CPR):    0.421ns
  Clock Uncertainty:      0.035ns  ((TSJ^2 + TIJ^2)^1/2 + DJ) / 2 + PE
    Total System Jitter     (TSJ):    0.071ns
    Total Input Jitter      (TIJ):    0.000ns
    Discrete Jitter          (DJ):    0.000ns
    Phase Error              (PE):    0.000ns
  Clock Net Delay (Source):      1.929ns (routing 0.878ns, distribution 1.051ns)
  Clock Net Delay (Destination): 1.722ns (routing 0.799ns, distribution 0.923ns)

    Location             Delay type                Incr(ns)  Path(ns)    Netlist Resource(s)
  -------------------------------------------------------------------    -------------------
                         (clock clk rise edge)        0.000     0.000 r  
    R10                                               0.000     0.000 r  clk (IN)
                         net (fo=0)                   0.000     0.000    clk_IBUF_inst/I
    R10                  INBUF (Prop_INBUF_HPIOB_M_PAD_O)
                                                      0.521     0.521 r  clk_IBUF_inst/INBUF_INST/O
                         net (fo=1, routed)           0.000     0.521    clk_IBUF_inst/OUT
    R10                  IBUFCTRL (Prop_IBUFCTRL_HPIOB_M_I_O)
                                                      0.000     0.521 r  clk_IBUF_inst/IBUFCTRL_INST/O
                         net (fo=1, routed)           0.332     0.853    clk_IBUF
    BUFGCE_X0Y77         BUFGCE (Prop_BUFCE_BUFGCE_I_O)
                                                      0.028     0.881 r  clk_IBUF_BUFG_inst/O
    X3Y2 (CLOCK_ROOT)    net (fo=367, routed)         1.929     2.811    g_int4.u_p520/u_engine/u_mul/clk_IBUF_BUFG
    SLICE_X90Y146        FDRE                                         r  g_int4.u_p520/u_engine/u_mul/s4_reg[19]/C
  -------------------------------------------------------------------    -------------------
    SLICE_X90Y146        FDRE (Prop_DFF_SLICEM_C_Q)
                                                      0.078     2.889 r  g_int4.u_p520/u_engine/u_mul/s4_reg[19]/Q
                         net (fo=22, routed)          0.327     3.216    g_int4.u_p520/u_engine/u_mul/s4_reg_n_0_[19]
    SLICE_X92Y147        CARRY8 (Prop_CARRY8_SLICEL_S[0]_CO[7])
                                                      0.190     3.406 r  g_int4.u_p520/u_engine/u_mul/fold_once_return0_inferred__0/i___173_carry/CO[7]
                         net (fo=1, routed)           0.026     3.432    g_int4.u_p520/u_engine/u_mul/fold_once_return0_inferred__0/i___173_carry_n_0
    SLICE_X92Y148        CARRY8 (Prop_CARRY8_SLICEL_CI_O[5])
                                                      0.116     3.548 r  g_int4.u_p520/u_engine/u_mul/fold_once_return0_inferred__0/i___173_carry__0/O[5]
                         net (fo=3, routed)           0.419     3.967    g_int4.u_p520/u_engine/u_mul/fold_once_return0_inferred__0/i___173_carry__0_n_10
    SLICE_X95Y149        LUT3 (Prop_G6LUT_SLICEL_I0_O)
                                                      0.089     4.056 r  g_int4.u_p520/u_engine/u_mul/i___317_carry__0_i_24/O
                         net (fo=2, routed)           0.146     4.202    g_int4.u_p520/u_engine/u_mul/i___317_carry__0_i_24_n_0
    SLICE_X95Y148        LUT5 (Prop_C5LUT_SLICEL_I1_O)
                                                      0.110     4.312 r  g_int4.u_p520/u_engine/u_mul/i___317_carry__1_i_8/O
                         net (fo=2, routed)           0.412     4.723    g_int4.u_p520/u_engine/u_mul/i___317_carry__1_i_8_n_0
    SLICE_X93Y150        LUT6 (Prop_A6LUT_SLICEM_I0_O)
                                                      0.090     4.813 r  g_int4.u_p520/u_engine/u_mul/i___317_carry__1_i_16/O
                         net (fo=1, routed)           0.013     4.826    g_int4.u_p520/u_engine/u_mul/i___317_carry__1_i_16_n_0
    SLICE_X93Y150        CARRY8 (Prop_CARRY8_SLICEM_S[0]_O[4])
                                                      0.206     5.032 r  g_int4.u_p520/u_engine/u_mul/fold_once_return0_inferred__0/i___317_carry__1/O[4]
                         net (fo=1, routed)           0.428     5.460    g_int4.u_p520/u_engine/u_mul/fold_once_return0[24]
    SLICE_X94Y150        CARRY8 (Prop_CARRY8_SLICEL_S[0]_CO[7])
                                                      0.190     5.650 r  g_int4.u_p520/u_engine/u_mul/p_out_reg[18]_i_14/CO[7]
                         net (fo=1, routed)           0.026     5.676    g_int4.u_p520/u_engine/u_mul/p_out_reg[18]_i_14_n_0
    SLICE_X94Y151        CARRY8 (Prop_CARRY8_SLICEL_CI_O[3])
                                                      0.082     5.758 f  g_int4.u_p520/u_engine/u_mul/p_out_reg[18]_i_13/O[3]
                         net (fo=1, routed)           0.244     6.002    g_int4.u_p520/u_engine/u_mul/p_out_reg[18]_i_13_n_12
    SLICE_X96Y151        LUT4 (Prop_H6LUT_SLICEM_I0_O)
                                                      0.152     6.154 f  g_int4.u_p520/u_engine/u_mul/p_out[18]_i_18/O
                         net (fo=1, routed)           0.093     6.247    g_int4.u_p520/u_engine/u_mul/p_out[18]_i_18_n_0
    SLICE_X95Y151        LUT5 (Prop_E6LUT_SLICEL_I4_O)
                                                      0.090     6.337 f  g_int4.u_p520/u_engine/u_mul/p_out[18]_i_17/O
                         net (fo=1, routed)           0.138     6.475    g_int4.u_p520/u_engine/u_mul/p_out[18]_i_17_n_0
    SLICE_X95Y152        LUT6 (Prop_G6LUT_SLICEL_I5_O)
                                                      0.097     6.572 f  g_int4.u_p520/u_engine/u_mul/p_out[18]_i_11/O
                         net (fo=1, routed)           0.158     6.730    g_int4.u_p520/u_engine/u_mul/p_out[18]_i_11_n_0
    SLICE_X95Y148        LUT6 (Prop_F6LUT_SLICEL_I4_O)
                                                      0.049     6.779 f  g_int4.u_p520/u_engine/u_mul/p_out[18]_i_5/O
                         net (fo=1, routed)           0.090     6.869    g_int4.u_p520/u_engine/u_mul/p_out[18]_i_5_n_0
    SLICE_X95Y146        LUT6 (Prop_H6LUT_SLICEL_I5_O)
                                                      0.036     6.905 r  g_int4.u_p520/u_engine/u_mul/p_out[18]_i_2/O
                         net (fo=19, routed)          0.215     7.120    g_int4.u_p520/u_engine/u_mul/p_out[18]_i_2_n_0
    SLICE_X96Y144        LUT3 (Prop_D6LUT_SLICEM_I1_O)
                                                      0.051     7.171 r  g_int4.u_p520/u_engine/u_mul/p_out[7]_i_1/O
                         net (fo=1, routed)           0.072     7.243    g_int4.u_p520/u_engine/u_mul/normalize_return[7]
    SLICE_X96Y144        FDRE                                         r  g_int4.u_p520/u_engine/u_mul/p_out_reg[7]/D
  -------------------------------------------------------------------    -------------------

                         (clock clk rise edge)        5.000     5.000 r  
    R10                                               0.000     5.000 r  clk (IN)
                         net (fo=0)                   0.000     5.000    clk_IBUF_inst/I
    R10                  INBUF (Prop_INBUF_HPIOB_M_PAD_O)
                                                      0.271     5.271 r  clk_IBUF_inst/INBUF_INST/O
                         net (fo=1, routed)           0.000     5.271    clk_IBUF_inst/OUT
    R10                  IBUFCTRL (Prop_IBUFCTRL_HPIOB_M_I_O)
                                                      0.000     5.271 r  clk_IBUF_inst/IBUFCTRL_INST/O
                         net (fo=1, routed)           0.293     5.564    clk_IBUF
    BUFGCE_X0Y77         BUFGCE (Prop_BUFCE_BUFGCE_I_O)
                                                      0.024     5.588 r  clk_IBUF_BUFG_inst/O
    X3Y2 (CLOCK_ROOT)    net (fo=367, routed)         1.722     7.310    g_int4.u_p520/u_engine/u_mul/clk_IBUF_BUFG
    SLICE_X96Y144        FDRE                                         r  g_int4.u_p520/u_engine/u_mul/p_out_reg[7]/C
                         clock pessimism              0.421     7.731    
                         clock uncertainty           -0.035     7.696    
    SLICE_X96Y144        FDRE (Setup_DFF_SLICEM_C_D)
                                                      0.025     7.721    g_int4.u_p520/u_engine/u_mul/p_out_reg[7]
  -------------------------------------------------------------------
                         required time                          7.721    
                         arrival time                          -7.243    
  -------------------------------------------------------------------
                         slack                                  0.478    

Slack (MET) :             0.482ns  (required time - arrival time)
  Source:                 g_int4.u_p520/u_engine/u_ping/mem_reg_bram_0/CLKBWRCLK
                            (rising edge-triggered cell RAMB36E2 clocked by clk  {rise@0.000ns fall@2.500ns period=5.000ns})
  Destination:            g_int4.u_p520/u_mac_mul/s2_reg/DSP_A_B_DATA_INST/A[17]
                            (rising edge-triggered cell DSP_A_B_DATA clocked by clk  {rise@0.000ns fall@2.500ns period=5.000ns})
  Path Group:             clk
  Path Type:              Setup (Max at Slow Process Corner)
  Requirement:            5.000ns  (clk rise@5.000ns - clk rise@0.000ns)
  Data Path Delay:        4.010ns  (logic 2.856ns (71.222%)  route 1.154ns (28.778%))
  Logic Levels:           11  (CARRY8=3 DSP_A_B_DATA=1 DSP_ALU=1 DSP_M_DATA=1 DSP_MULTIPLIER=1 DSP_OUTPUT=1 DSP_PREADD_DATA=1 LUT2=1 LUT3=1)
  Clock Path Skew:        -0.203ns (DCD - SCD + CPR)
    Destination Clock Delay (DCD):    2.328ns = ( 7.328 - 5.000 ) 
    Source Clock Delay      (SCD):    2.955ns
    Clock Pessimism Removal (CPR):    0.424ns
  Clock Uncertainty:      0.035ns  ((TSJ^2 + TIJ^2)^1/2 + DJ) / 2 + PE
    Total System Jitter     (TSJ):    0.071ns
    Total Input Jitter      (TIJ):    0.000ns
    Discrete Jitter          (DJ):    0.000ns
    Phase Error              (PE):    0.000ns
  Clock Net Delay (Source):      2.074ns (routing 0.878ns, distribution 1.196ns)
  Clock Net Delay (Destination): 1.740ns (routing 0.799ns, distribution 0.941ns)

    Location             Delay type                Incr(ns)  Path(ns)    Netlist Resource(s)
  -------------------------------------------------------------------    -------------------
                         (clock clk rise edge)        0.000     0.000 r  
    R10                                               0.000     0.000 r  clk (IN)
                         net (fo=0)                   0.000     0.000    clk_IBUF_inst/I
    R10                  INBUF (Prop_INBUF_HPIOB_M_PAD_O)
                                                      0.521     0.521 r  clk_IBUF_inst/INBUF_INST/O
                         net (fo=1, routed)           0.000     0.521    clk_IBUF_inst/OUT
    R10                  IBUFCTRL (Prop_IBUFCTRL_HPIOB_M_I_O)
                                                      0.000     0.521 r  clk_IBUF_inst/IBUFCTRL_INST/O
                         net (fo=1, routed)           0.332     0.853    clk_IBUF
    BUFGCE_X0Y77         BUFGCE (Prop_BUFCE_BUFGCE_I_O)
                                                      0.028     0.881 r  clk_IBUF_BUFG_inst/O
    X3Y2 (CLOCK_ROOT)    net (fo=367, routed)         2.074     2.955    g_int4.u_p520/u_engine/u_ping/clk_IBUF_BUFG
    RAMB36_X12Y26        RAMB36E2                                     r  g_int4.u_p520/u_engine/u_ping/mem_reg_bram_0/CLKBWRCLK
  -------------------------------------------------------------------    -------------------
    RAMB36_X12Y26        RAMB36E2 (Prop_RAMB36E2_RAMB36_CLKBWRCLK_DOUTBDOUT[3])
                                                      0.908     3.863 f  g_int4.u_p520/u_engine/u_ping/mem_reg_bram_0/DOUTBDOUT[3]
                         net (fo=3, routed)           0.370     4.233    g_int4.u_p520/u_engine/u_ping/ping_a_dout[3]
    SLICE_X92Y128        LUT3 (Prop_C6LUT_SLICEL_I0_O)
                                                      0.123     4.356 f  g_int4.u_p520/u_engine/u_ping/mem_reg_bram_0_i_16__1/O
                         net (fo=6, routed)           0.324     4.681    g_int4.u_p520/u_mac_mul/s10/A[3]
    DSP48E2_X17Y53       DSP_A_B_DATA (Prop_DSP_A_B_DATA_DSP48E2_A[3]_A2_DATA[3])
                                                      0.192     4.873 r  g_int4.u_p520/u_mac_mul/s10/DSP_A_B_DATA_INST/A2_DATA[3]
                         net (fo=1, routed)           0.000     4.873    g_int4.u_p520/u_mac_mul/s10/DSP_A_B_DATA.A2_DATA<3>
    DSP48E2_X17Y53       DSP_PREADD_DATA (Prop_DSP_PREADD_DATA_DSP48E2_A2_DATA[3]_A2A1[3])
                                                      0.076     4.949 r  g_int4.u_p520/u_mac_mul/s10/DSP_PREADD_DATA_INST/A2A1[3]
                         net (fo=1, routed)           0.000     4.949    g_int4.u_p520/u_mac_mul/s10/DSP_PREADD_DATA.A2A1<3>
    DSP48E2_X17Y53       DSP_MULTIPLIER (Prop_DSP_MULTIPLIER_DSP48E2_A2A1[3]_U[20])
                                                      0.505     5.454 f  g_int4.u_p520/u_mac_mul/s10/DSP_MULTIPLIER_INST/U[20]
                         net (fo=1, routed)           0.000     5.454    g_int4.u_p520/u_mac_mul/s10/DSP_MULTIPLIER.U<20>
    DSP48E2_X17Y53       DSP_M_DATA (Prop_DSP_M_DATA_DSP48E2_U[20]_U_DATA[20])
                                                      0.047     5.501 r  g_int4.u_p520/u_mac_mul/s10/DSP_M_DATA_INST/U_DATA[20]
                         net (fo=1, routed)           0.000     5.501    g_int4.u_p520/u_mac_mul/s10/DSP_M_DATA.U_DATA<20>
    DSP48E2_X17Y53       DSP_ALU (Prop_DSP_ALU_DSP48E2_U_DATA[20]_ALU_OUT[20])
                                                      0.585     6.086 f  g_int4.u_p520/u_mac_mul/s10/DSP_ALU_INST/ALU_OUT[20]
                         net (fo=1, routed)           0.000     6.086    g_int4.u_p520/u_mac_mul/s10/DSP_ALU.ALU_OUT<20>
    DSP48E2_X17Y53       DSP_OUTPUT (Prop_DSP_OUTPUT_DSP48E2_ALU_OUT[20]_P[20])
                                                      0.109     6.195 r  g_int4.u_p520/u_mac_mul/s10/DSP_OUTPUT_INST/P[20]
                         net (fo=2, routed)           0.205     6.400    g_int4.u_p520/u_mac_mul/s10_n_85
    SLICE_X90Y132        LUT2 (Prop_D6LUT_SLICEM_I0_O)
                                                      0.051     6.451 r  g_int4.u_p520/u_mac_mul/s2_reg_i_21/O
                         net (fo=1, routed)           0.025     6.476    g_int4.u_p520/u_mac_mul/s2_reg_i_21_n_0
    SLICE_X90Y132        CARRY8 (Prop_CARRY8_SLICEM_S[3]_CO[7])
                                                      0.163     6.639 r  g_int4.u_p520/u_mac_mul/s2_reg_i_3/CO[7]
                         net (fo=1, routed)           0.026     6.665    g_int4.u_p520/u_mac_mul/s2_reg_i_3_n_0
    SLICE_X90Y133        CARRY8 (Prop_CARRY8_SLICEM_CI_CO[7])
                                                      0.015     6.680 r  g_int4.u_p520/u_mac_mul/s2_reg_i_2/CO[7]
                         net (fo=1, routed)           0.026     6.706    g_int4.u_p520/u_mac_mul/s2_reg_i_2_n_0
    SLICE_X90Y134        CARRY8 (Prop_CARRY8_SLICEM_CI_O[3])
                                                      0.082     6.788 r  g_int4.u_p520/u_mac_mul/s2_reg_i_1/O[3]
                         net (fo=1, routed)           0.177     6.965    g_int4.u_p520/u_mac_mul/s2_reg/A[17]
    DSP48E2_X17Y52       DSP_A_B_DATA                                 r  g_int4.u_p520/u_mac_mul/s2_reg/DSP_A_B_DATA_INST/A[17]
  -------------------------------------------------------------------    -------------------

                         (clock clk rise edge)        5.000     5.000 r  
    R10                                               0.000     5.000 r  clk (IN)
                         net (fo=0)                   0.000     5.000    clk_IBUF_inst/I
    R10                  INBUF (Prop_INBUF_HPIOB_M_PAD_O)
                                                      0.271     5.271 r  clk_IBUF_inst/INBUF_INST/O
                         net (fo=1, routed)           0.000     5.271    clk_IBUF_inst/OUT
    R10                  IBUFCTRL (Prop_IBUFCTRL_HPIOB_M_I_O)
                                                      0.000     5.271 r  clk_IBUF_inst/IBUFCTRL_INST/O
                         net (fo=1, routed)           0.293     5.564    clk_IBUF
    BUFGCE_X0Y77         BUFGCE (Prop_BUFCE_BUFGCE_I_O)
                                                      0.024     5.588 r  clk_IBUF_BUFG_inst/O
    X3Y2 (CLOCK_ROOT)    net (fo=367, routed)         1.740     7.328    g_int4.u_p520/u_mac_mul/s2_reg/CLK
    DSP48E2_X17Y52       DSP_A_B_DATA                                 r  g_int4.u_p520/u_mac_mul/s2_reg/DSP_A_B_DATA_INST/CLK
                         clock pessimism              0.424     7.752    
                         clock uncertainty           -0.035     7.717    
    DSP48E2_X17Y52       DSP_A_B_DATA (Setup_DSP_A_B_DATA_DSP48E2_CLK_A[17])
                                                     -0.269     7.448    g_int4.u_p520/u_mac_mul/s2_reg/DSP_A_B_DATA_INST
  -------------------------------------------------------------------
                         required time                          7.448    
                         arrival time                          -6.965    
  -------------------------------------------------------------------
                         slack                                  0.482    

Slack (MET) :             0.483ns  (required time - arrival time)
  Source:                 g_int4.u_p520/u_engine/u_pong/mem_reg_bram_0/CLKARDCLK
                            (rising edge-triggered cell RAMB36E2 clocked by clk  {rise@0.000ns fall@2.500ns period=5.000ns})
  Destination:            g_int4.u_p520/u_engine/u_mul/s2_reg/DSP_A_B_DATA_INST/A[13]
                            (rising edge-triggered cell DSP_A_B_DATA clocked by clk  {rise@0.000ns fall@2.500ns period=5.000ns})
  Path Group:             clk
  Path Type:              Setup (Max at Slow Process Corner)
  Requirement:            5.000ns  (clk rise@5.000ns - clk rise@0.000ns)
  Data Path Delay:        4.013ns  (logic 2.940ns (73.255%)  route 1.073ns (26.745%))
  Logic Levels:           11  (CARRY8=2 DSP_A_B_DATA=1 DSP_ALU=1 DSP_M_DATA=1 DSP_MULTIPLIER=1 DSP_OUTPUT=1 DSP_PREADD_DATA=1 LUT2=1 LUT5=1 LUT6=1)
  Clock Path Skew:        -0.197ns (DCD - SCD + CPR)
    Destination Clock Delay (DCD):    2.324ns = ( 7.324 - 5.000 ) 
    Source Clock Delay      (SCD):    2.945ns
    Clock Pessimism Removal (CPR):    0.424ns
  Clock Uncertainty:      0.035ns  ((TSJ^2 + TIJ^2)^1/2 + DJ) / 2 + PE
    Total System Jitter     (TSJ):    0.071ns
    Total Input Jitter      (TIJ):    0.000ns
    Discrete Jitter          (DJ):    0.000ns
    Phase Error              (PE):    0.000ns
  Clock Net Delay (Source):      2.063ns (routing 0.878ns, distribution 1.185ns)
  Clock Net Delay (Destination): 1.736ns (routing 0.799ns, distribution 0.937ns)

    Location             Delay type                Incr(ns)  Path(ns)    Netlist Resource(s)
  -------------------------------------------------------------------    -------------------
                         (clock clk rise edge)        0.000     0.000 r  
    R10                                               0.000     0.000 r  clk (IN)
                         net (fo=0)                   0.000     0.000    clk_IBUF_inst/I
    R10                  INBUF (Prop_INBUF_HPIOB_M_PAD_O)
                                                      0.521     0.521 r  clk_IBUF_inst/INBUF_INST/O
                         net (fo=1, routed)           0.000     0.521    clk_IBUF_inst/OUT
    R10                  IBUFCTRL (Prop_IBUFCTRL_HPIOB_M_I_O)
                                                      0.000     0.521 r  clk_IBUF_inst/IBUFCTRL_INST/O
                         net (fo=1, routed)           0.332     0.853    clk_IBUF
    BUFGCE_X0Y77         BUFGCE (Prop_BUFCE_BUFGCE_I_O)
                                                      0.028     0.881 r  clk_IBUF_BUFG_inst/O
    X3Y2 (CLOCK_ROOT)    net (fo=367, routed)         2.063     2.945    g_int4.u_p520/u_engine/u_pong/clk_IBUF_BUFG
    RAMB36_X12Y25        RAMB36E2                                     r  g_int4.u_p520/u_engine/u_pong/mem_reg_bram_0/CLKARDCLK
  -------------------------------------------------------------------    -------------------
    RAMB36_X12Y25        RAMB36E2 (Prop_RAMB36E2_RAMB36_CLKARDCLK_DOUTADOUT[10])
                                                      0.883     3.828 f  g_int4.u_p520/u_engine/u_pong/mem_reg_bram_0/DOUTADOUT[10]
                         net (fo=1, routed)           0.283     4.111    g_int4.u_p520/u_engine/u_pong/mem_reg_bram_0_n_89
    SLICE_X93Y127        LUT5 (Prop_F6LUT_SLICEM_I2_O)
                                                      0.123     4.234 f  g_int4.u_p520/u_engine/u_pong/s10_i_44/O
                         net (fo=1, routed)           0.091     4.325    g_int4.u_p520/u_engine/u_ping/s10_11
    SLICE_X92Y127        LUT6 (Prop_H6LUT_SLICEL_I5_O)
                                                      0.051     4.376 f  g_int4.u_p520/u_engine/u_ping/s10_i_7/O
                         net (fo=1, routed)           0.260     4.636    g_int4.u_p520/u_engine/u_mul/s10/B[10]
    DSP48E2_X17Y50       DSP_A_B_DATA (Prop_DSP_A_B_DATA_DSP48E2_B[10]_B2_DATA[10])
                                                      0.151     4.787 r  g_int4.u_p520/u_engine/u_mul/s10/DSP_A_B_DATA_INST/B2_DATA[10]
                         net (fo=1, routed)           0.000     4.787    g_int4.u_p520/u_engine/u_mul/s10/DSP_A_B_DATA.B2_DATA<10>
    DSP48E2_X17Y50       DSP_PREADD_DATA (Prop_DSP_PREADD_DATA_DSP48E2_B2_DATA[10]_B2B1[10])
                                                      0.073     4.860 r  g_int4.u_p520/u_engine/u_mul/s10/DSP_PREADD_DATA_INST/B2B1[10]
                         net (fo=1, routed)           0.000     4.860    g_int4.u_p520/u_engine/u_mul/s10/DSP_PREADD_DATA.B2B1<10>
    DSP48E2_X17Y50       DSP_MULTIPLIER (Prop_DSP_MULTIPLIER_DSP48E2_B2B1[10]_V[21])
                                                      0.609     5.469 f  g_int4.u_p520/u_engine/u_mul/s10/DSP_MULTIPLIER_INST/V[21]
                         net (fo=1, routed)           0.000     5.469    g_int4.u_p520/u_engine/u_mul/s10/DSP_MULTIPLIER.V<21>
    DSP48E2_X17Y50       DSP_M_DATA (Prop_DSP_M_DATA_DSP48E2_V[21]_V_DATA[21])
                                                      0.046     5.515 r  g_int4.u_p520/u_engine/u_mul/s10/DSP_M_DATA_INST/V_DATA[21]
                         net (fo=1, routed)           0.000     5.515    g_int4.u_p520/u_engine/u_mul/s10/DSP_M_DATA.V_DATA<21>
    DSP48E2_X17Y50       DSP_ALU (Prop_DSP_ALU_DSP48E2_V_DATA[21]_ALU_OUT[21])
                                                      0.571     6.086 f  g_int4.u_p520/u_engine/u_mul/s10/DSP_ALU_INST/ALU_OUT[21]
                         net (fo=1, routed)           0.000     6.086    g_int4.u_p520/u_engine/u_mul/s10/DSP_ALU.ALU_OUT<21>
    DSP48E2_X17Y50       DSP_OUTPUT (Prop_DSP_OUTPUT_DSP48E2_ALU_OUT[21]_P[21])
                                                      0.109     6.195 r  g_int4.u_p520/u_engine/u_mul/s10/DSP_OUTPUT_INST/P[21]
                         net (fo=2, routed)           0.210     6.405    g_int4.u_p520/u_engine/u_mul/s10_n_84
    SLICE_X90Y127        LUT2 (Prop_E6LUT_SLICEM_I0_O)
                                                      0.052     6.457 r  g_int4.u_p520/u_engine/u_mul/i__carry_i_4/O
                         net (fo=1, routed)           0.014     6.471    g_int4.u_p520/u_engine/u_mul/i__carry_i_4_n_0
    SLICE_X90Y127        CARRY8 (Prop_CARRY8_SLICEM_S[4]_CO[7])
                                                      0.156     6.627 r  g_int4.u_p520/u_engine/u_mul/s10_inferred__0/i__carry/CO[7]
                         net (fo=1, routed)           0.026     6.653    g_int4.u_p520/u_engine/u_mul/s10_inferred__0/i__carry_n_0
    SLICE_X90Y128        CARRY8 (Prop_CARRY8_SLICEM_CI_O[7])
                                                      0.116     6.769 r  g_int4.u_p520/u_engine/u_mul/s10_inferred__0/i__carry__0/O[7]
                         net (fo=1, routed)           0.189     6.958    g_int4.u_p520/u_engine/u_mul/s2_reg/A[13]
    DSP48E2_X17Y51       DSP_A_B_DATA                                 r  g_int4.u_p520/u_engine/u_mul/s2_reg/DSP_A_B_DATA_INST/A[13]
  -------------------------------------------------------------------    -------------------

                         (clock clk rise edge)        5.000     5.000 r  
    R10                                               0.000     5.000 r  clk (IN)
                         net (fo=0)                   0.000     5.000    clk_IBUF_inst/I
    R10                  INBUF (Prop_INBUF_HPIOB_M_PAD_O)
                                                      0.271     5.271 r  clk_IBUF_inst/INBUF_INST/O
                         net (fo=1, routed)           0.000     5.271    clk_IBUF_inst/OUT
    R10                  IBUFCTRL (Prop_IBUFCTRL_HPIOB_M_I_O)
                                                      0.000     5.271 r  clk_IBUF_inst/IBUFCTRL_INST/O
                         net (fo=1, routed)           0.293     5.564    clk_IBUF
    BUFGCE_X0Y77         BUFGCE (Prop_BUFCE_BUFGCE_I_O)
                                                      0.024     5.588 r  clk_IBUF_BUFG_inst/O
    X3Y2 (CLOCK_ROOT)    net (fo=367, routed)         1.736     7.324    g_int4.u_p520/u_engine/u_mul/s2_reg/CLK
    DSP48E2_X17Y51       DSP_A_B_DATA                                 r  g_int4.u_p520/u_engine/u_mul/s2_reg/DSP_A_B_DATA_INST/CLK
                         clock pessimism              0.424     7.748    
                         clock uncertainty           -0.035     7.713    
    DSP48E2_X17Y51       DSP_A_B_DATA (Setup_DSP_A_B_DATA_DSP48E2_CLK_A[13])
                                                     -0.272     7.441    g_int4.u_p520/u_engine/u_mul/s2_reg/DSP_A_B_DATA_INST
  -------------------------------------------------------------------
                         required time                          7.441    
                         arrival time                          -6.958    
  -------------------------------------------------------------------
                         slack                                  0.483    

Slack (MET) :             0.488ns  (required time - arrival time)
  Source:                 g_int4.u_p520/u_engine/u_mul/s4_reg[19]/C
                            (rising edge-triggered cell FDRE clocked by clk  {rise@0.000ns fall@2.500ns period=5.000ns})
  Destination:            g_int4.u_p520/u_engine/u_mul/p_out_reg[10]/D
                            (rising edge-triggered cell FDRE clocked by clk  {rise@0.000ns fall@2.500ns period=5.000ns})
  Path Group:             clk
  Path Type:              Setup (Max at Slow Process Corner)
  Requirement:            5.000ns  (clk rise@5.000ns - clk rise@0.000ns)
  Data Path Delay:        4.416ns  (logic 1.697ns (38.431%)  route 2.719ns (61.569%))
  Logic Levels:           14  (CARRY8=5 LUT3=2 LUT4=1 LUT5=2 LUT6=4)
  Clock Path Skew:        -0.086ns (DCD - SCD + CPR)
    Destination Clock Delay (DCD):    2.303ns = ( 7.303 - 5.000 ) 
    Source Clock Delay      (SCD):    2.811ns
    Clock Pessimism Removal (CPR):    0.421ns
  Clock Uncertainty:      0.035ns  ((TSJ^2 + TIJ^2)^1/2 + DJ) / 2 + PE
    Total System Jitter     (TSJ):    0.071ns
    Total Input Jitter      (TIJ):    0.000ns
    Discrete Jitter          (DJ):    0.000ns
    Phase Error              (PE):    0.000ns
  Clock Net Delay (Source):      1.929ns (routing 0.878ns, distribution 1.051ns)
  Clock Net Delay (Destination): 1.715ns (routing 0.799ns, distribution 0.916ns)

    Location             Delay type                Incr(ns)  Path(ns)    Netlist Resource(s)
  -------------------------------------------------------------------    -------------------
                         (clock clk rise edge)        0.000     0.000 r  
    R10                                               0.000     0.000 r  clk (IN)
                         net (fo=0)                   0.000     0.000    clk_IBUF_inst/I
    R10                  INBUF (Prop_INBUF_HPIOB_M_PAD_O)
                                                      0.521     0.521 r  clk_IBUF_inst/INBUF_INST/O
                         net (fo=1, routed)           0.000     0.521    clk_IBUF_inst/OUT
    R10                  IBUFCTRL (Prop_IBUFCTRL_HPIOB_M_I_O)
                                                      0.000     0.521 r  clk_IBUF_inst/IBUFCTRL_INST/O
                         net (fo=1, routed)           0.332     0.853    clk_IBUF
    BUFGCE_X0Y77         BUFGCE (Prop_BUFCE_BUFGCE_I_O)
                                                      0.028     0.881 r  clk_IBUF_BUFG_inst/O
    X3Y2 (CLOCK_ROOT)    net (fo=367, routed)         1.929     2.811    g_int4.u_p520/u_engine/u_mul/clk_IBUF_BUFG
    SLICE_X90Y146        FDRE                                         r  g_int4.u_p520/u_engine/u_mul/s4_reg[19]/C
  -------------------------------------------------------------------    -------------------
    SLICE_X90Y146        FDRE (Prop_DFF_SLICEM_C_Q)
                                                      0.078     2.889 r  g_int4.u_p520/u_engine/u_mul/s4_reg[19]/Q
                         net (fo=22, routed)          0.327     3.216    g_int4.u_p520/u_engine/u_mul/s4_reg_n_0_[19]
    SLICE_X92Y147        CARRY8 (Prop_CARRY8_SLICEL_S[0]_CO[7])
                                                      0.190     3.406 r  g_int4.u_p520/u_engine/u_mul/fold_once_return0_inferred__0/i___173_carry/CO[7]
                         net (fo=1, routed)           0.026     3.432    g_int4.u_p520/u_engine/u_mul/fold_once_return0_inferred__0/i___173_carry_n_0
    SLICE_X92Y148        CARRY8 (Prop_CARRY8_SLICEL_CI_O[5])
                                                      0.116     3.548 r  g_int4.u_p520/u_engine/u_mul/fold_once_return0_inferred__0/i___173_carry__0/O[5]
                         net (fo=3, routed)           0.419     3.967    g_int4.u_p520/u_engine/u_mul/fold_once_return0_inferred__0/i___173_carry__0_n_10
    SLICE_X95Y149        LUT3 (Prop_G6LUT_SLICEL_I0_O)
                                                      0.089     4.056 r  g_int4.u_p520/u_engine/u_mul/i___317_carry__0_i_24/O
                         net (fo=2, routed)           0.146     4.202    g_int4.u_p520/u_engine/u_mul/i___317_carry__0_i_24_n_0
    SLICE_X95Y148        LUT5 (Prop_C5LUT_SLICEL_I1_O)
                                                      0.110     4.312 r  g_int4.u_p520/u_engine/u_mul/i___317_carry__1_i_8/O
                         net (fo=2, routed)           0.412     4.723    g_int4.u_p520/u_engine/u_mul/i___317_carry__1_i_8_n_0
    SLICE_X93Y150        LUT6 (Prop_A6LUT_SLICEM_I0_O)
                                                      0.090     4.813 r  g_int4.u_p520/u_engine/u_mul/i___317_carry__1_i_16/O
                         net (fo=1, routed)           0.013     4.826    g_int4.u_p520/u_engine/u_mul/i___317_carry__1_i_16_n_0
    SLICE_X93Y150        CARRY8 (Prop_CARRY8_SLICEM_S[0]_O[4])
                                                      0.206     5.032 r  g_int4.u_p520/u_engine/u_mul/fold_once_return0_inferred__0/i___317_carry__1/O[4]
                         net (fo=1, routed)           0.428     5.460    g_int4.u_p520/u_engine/u_mul/fold_once_return0[24]
    SLICE_X94Y150        CARRY8 (Prop_CARRY8_SLICEL_S[0]_CO[7])
                                                      0.190     5.650 r  g_int4.u_p520/u_engine/u_mul/p_out_reg[18]_i_14/CO[7]
                         net (fo=1, routed)           0.026     5.676    g_int4.u_p520/u_engine/u_mul/p_out_reg[18]_i_14_n_0
    SLICE_X94Y151        CARRY8 (Prop_CARRY8_SLICEL_CI_O[3])
                                                      0.082     5.758 f  g_int4.u_p520/u_engine/u_mul/p_out_reg[18]_i_13/O[3]
                         net (fo=1, routed)           0.244     6.002    g_int4.u_p520/u_engine/u_mul/p_out_reg[18]_i_13_n_12
    SLICE_X96Y151        LUT4 (Prop_H6LUT_SLICEM_I0_O)
                                                      0.152     6.154 f  g_int4.u_p520/u_engine/u_mul/p_out[18]_i_18/O
                         net (fo=1, routed)           0.093     6.247    g_int4.u_p520/u_engine/u_mul/p_out[18]_i_18_n_0
    SLICE_X95Y151        LUT5 (Prop_E6LUT_SLICEL_I4_O)
                                                      0.090     6.337 f  g_int4.u_p520/u_engine/u_mul/p_out[18]_i_17/O
                         net (fo=1, routed)           0.138     6.475    g_int4.u_p520/u_engine/u_mul/p_out[18]_i_17_n_0
    SLICE_X95Y152        LUT6 (Prop_G6LUT_SLICEL_I5_O)
                                                      0.097     6.572 f  g_int4.u_p520/u_engine/u_mul/p_out[18]_i_11/O
                         net (fo=1, routed)           0.158     6.730    g_int4.u_p520/u_engine/u_mul/p_out[18]_i_11_n_0
    SLICE_X95Y148        LUT6 (Prop_F6LUT_SLICEL_I4_O)
                                                      0.049     6.779 f  g_int4.u_p520/u_engine/u_mul/p_out[18]_i_5/O
                         net (fo=1, routed)           0.090     6.869    g_int4.u_p520/u_engine/u_mul/p_out[18]_i_5_n_0
    SLICE_X95Y146        LUT6 (Prop_H6LUT_SLICEL_I5_O)
                                                      0.036     6.905 r  g_int4.u_p520/u_engine/u_mul/p_out[18]_i_2/O
                         net (fo=19, routed)          0.150     7.055    g_int4.u_p520/u_engine/u_mul/p_out[18]_i_2_n_0
    SLICE_X95Y143        LUT3 (Prop_D6LUT_SLICEL_I1_O)
                                                      0.122     7.177 r  g_int4.u_p520/u_engine/u_mul/p_out[10]_i_1/O
                         net (fo=1, routed)           0.049     7.226    g_int4.u_p520/u_engine/u_mul/normalize_return[10]
    SLICE_X95Y143        FDRE                                         r  g_int4.u_p520/u_engine/u_mul/p_out_reg[10]/D
  -------------------------------------------------------------------    -------------------

                         (clock clk rise edge)        5.000     5.000 r  
    R10                                               0.000     5.000 r  clk (IN)
                         net (fo=0)                   0.000     5.000    clk_IBUF_inst/I
    R10                  INBUF (Prop_INBUF_HPIOB_M_PAD_O)
                                                      0.271     5.271 r  clk_IBUF_inst/INBUF_INST/O
                         net (fo=1, routed)           0.000     5.271    clk_IBUF_inst/OUT
    R10                  IBUFCTRL (Prop_IBUFCTRL_HPIOB_M_I_O)
                                                      0.000     5.271 r  clk_IBUF_inst/IBUFCTRL_INST/O
                         net (fo=1, routed)           0.293     5.564    clk_IBUF
    BUFGCE_X0Y77         BUFGCE (Prop_BUFCE_BUFGCE_I_O)
                                                      0.024     5.588 r  clk_IBUF_BUFG_inst/O
    X3Y2 (CLOCK_ROOT)    net (fo=367, routed)         1.715     7.303    g_int4.u_p520/u_engine/u_mul/clk_IBUF_BUFG
    SLICE_X95Y143        FDRE                                         r  g_int4.u_p520/u_engine/u_mul/p_out_reg[10]/C
                         clock pessimism              0.421     7.724    
                         clock uncertainty           -0.035     7.689    
    SLICE_X95Y143        FDRE (Setup_DFF_SLICEL_C_D)
                                                      0.025     7.714    g_int4.u_p520/u_engine/u_mul/p_out_reg[10]
  -------------------------------------------------------------------
                         required time                          7.714    
                         arrival time                          -7.226    
  -------------------------------------------------------------------
                         slack                                  0.488    

Slack (MET) :             0.495ns  (required time - arrival time)
  Source:                 g_int4.u_p520/u_engine/u_pong/mem_reg_bram_0/CLKARDCLK
                            (rising edge-triggered cell RAMB36E2 clocked by clk  {rise@0.000ns fall@2.500ns period=5.000ns})
  Destination:            g_int4.u_p520/u_engine/u_mul/s2_reg/DSP_A_B_DATA_INST/A[4]
                            (rising edge-triggered cell DSP_A_B_DATA clocked by clk  {rise@0.000ns fall@2.500ns period=5.000ns})
  Path Group:             clk
  Path Type:              Setup (Max at Slow Process Corner)
  Requirement:            5.000ns  (clk rise@5.000ns - clk rise@0.000ns)
  Data Path Delay:        4.006ns  (logic 2.812ns (70.199%)  route 1.194ns (29.801%))
  Logic Levels:           9  (CARRY8=1 DSP_A_B_DATA=1 DSP_ALU=1 DSP_M_DATA=1 DSP_MULTIPLIER=1 DSP_OUTPUT=1 DSP_PREADD_DATA=1 LUT5=1 LUT6=1)
  Clock Path Skew:        -0.197ns (DCD - SCD + CPR)
    Destination Clock Delay (DCD):    2.324ns = ( 7.324 - 5.000 ) 
    Source Clock Delay      (SCD):    2.945ns
    Clock Pessimism Removal (CPR):    0.424ns
  Clock Uncertainty:      0.035ns  ((TSJ^2 + TIJ^2)^1/2 + DJ) / 2 + PE
    Total System Jitter     (TSJ):    0.071ns
    Total Input Jitter      (TIJ):    0.000ns
    Discrete Jitter          (DJ):    0.000ns
    Phase Error              (PE):    0.000ns
  Clock Net Delay (Source):      2.063ns (routing 0.878ns, distribution 1.185ns)
  Clock Net Delay (Destination): 1.736ns (routing 0.799ns, distribution 0.937ns)

    Location             Delay type                Incr(ns)  Path(ns)    Netlist Resource(s)
  -------------------------------------------------------------------    -------------------
                         (clock clk rise edge)        0.000     0.000 r  
    R10                                               0.000     0.000 r  clk (IN)
                         net (fo=0)                   0.000     0.000    clk_IBUF_inst/I
    R10                  INBUF (Prop_INBUF_HPIOB_M_PAD_O)
                                                      0.521     0.521 r  clk_IBUF_inst/INBUF_INST/O
                         net (fo=1, routed)           0.000     0.521    clk_IBUF_inst/OUT
    R10                  IBUFCTRL (Prop_IBUFCTRL_HPIOB_M_I_O)
                                                      0.000     0.521 r  clk_IBUF_inst/IBUFCTRL_INST/O
                         net (fo=1, routed)           0.332     0.853    clk_IBUF
    BUFGCE_X0Y77         BUFGCE (Prop_BUFCE_BUFGCE_I_O)
                                                      0.028     0.881 r  clk_IBUF_BUFG_inst/O
    X3Y2 (CLOCK_ROOT)    net (fo=367, routed)         2.063     2.945    g_int4.u_p520/u_engine/u_pong/clk_IBUF_BUFG
    RAMB36_X12Y25        RAMB36E2                                     r  g_int4.u_p520/u_engine/u_pong/mem_reg_bram_0/CLKARDCLK
  -------------------------------------------------------------------    -------------------
    RAMB36_X12Y25        RAMB36E2 (Prop_RAMB36E2_RAMB36_CLKARDCLK_DOUTADOUT[10])
                                                      0.883     3.828 f  g_int4.u_p520/u_engine/u_pong/mem_reg_bram_0/DOUTADOUT[10]
                         net (fo=1, routed)           0.283     4.111    g_int4.u_p520/u_engine/u_pong/mem_reg_bram_0_n_89
    SLICE_X93Y127        LUT5 (Prop_F6LUT_SLICEM_I2_O)
                                                      0.123     4.234 f  g_int4.u_p520/u_engine/u_pong/s10_i_44/O
                         net (fo=1, routed)           0.091     4.325    g_int4.u_p520/u_engine/u_ping/s10_11
    SLICE_X92Y127        LUT6 (Prop_H6LUT_SLICEL_I5_O)
                                                      0.051     4.376 f  g_int4.u_p520/u_engine/u_ping/s10_i_7/O
                         net (fo=1, routed)           0.260     4.636    g_int4.u_p520/u_engine/u_mul/s10/B[10]
    DSP48E2_X17Y50       DSP_A_B_DATA (Prop_DSP_A_B_DATA_DSP48E2_B[10]_B2_DATA[10])
                                                      0.151     4.787 r  g_int4.u_p520/u_engine/u_mul/s10/DSP_A_B_DATA_INST/B2_DATA[10]
                         net (fo=1, routed)           0.000     4.787    g_int4.u_p520/u_engine/u_mul/s10/DSP_A_B_DATA.B2_DATA<10>
    DSP48E2_X17Y50       DSP_PREADD_DATA (Prop_DSP_PREADD_DATA_DSP48E2_B2_DATA[10]_B2B1[10])
                                                      0.073     4.860 r  g_int4.u_p520/u_engine/u_mul/s10/DSP_PREADD_DATA_INST/B2B1[10]
                         net (fo=1, routed)           0.000     4.860    g_int4.u_p520/u_engine/u_mul/s10/DSP_PREADD_DATA.B2B1<10>
    DSP48E2_X17Y50       DSP_MULTIPLIER (Prop_DSP_MULTIPLIER_DSP48E2_B2B1[10]_V[17])
                                                      0.609     5.469 f  g_int4.u_p520/u_engine/u_mul/s10/DSP_MULTIPLIER_INST/V[17]
                         net (fo=1, routed)           0.000     5.469    g_int4.u_p520/u_engine/u_mul/s10/DSP_MULTIPLIER.V<17>
    DSP48E2_X17Y50       DSP_M_DATA (Prop_DSP_M_DATA_DSP48E2_V[17]_V_DATA[17])
                                                      0.046     5.515 r  g_int4.u_p520/u_engine/u_mul/s10/DSP_M_DATA_INST/V_DATA[17]
                         net (fo=1, routed)           0.000     5.515    g_int4.u_p520/u_engine/u_mul/s10/DSP_M_DATA.V_DATA<17>
    DSP48E2_X17Y50       DSP_ALU (Prop_DSP_ALU_DSP48E2_V_DATA[17]_ALU_OUT[17])
                                                      0.571     6.086 f  g_int4.u_p520/u_engine/u_mul/s10/DSP_ALU_INST/ALU_OUT[17]
                         net (fo=1, routed)           0.000     6.086    g_int4.u_p520/u_engine/u_mul/s10/DSP_ALU.ALU_OUT<17>
    DSP48E2_X17Y50       DSP_OUTPUT (Prop_DSP_OUTPUT_DSP48E2_ALU_OUT[17]_P[17])
                                                      0.109     6.195 r  g_int4.u_p520/u_engine/u_mul/s10/DSP_OUTPUT_INST/P[17]
                         net (fo=2, routed)           0.283     6.478    g_int4.u_p520/u_engine/u_mul/s10_n_88
    SLICE_X90Y127        CARRY8 (Prop_CARRY8_SLICEM_DI[0]_O[6])
                                                      0.196     6.674 r  g_int4.u_p520/u_engine/u_mul/s10_inferred__0/i__carry/O[6]
                         net (fo=1, routed)           0.277     6.951    g_int4.u_p520/u_engine/u_mul/s2_reg/A[4]
    DSP48E2_X17Y51       DSP_A_B_DATA                                 r  g_int4.u_p520/u_engine/u_mul/s2_reg/DSP_A_B_DATA_INST/A[4]
  -------------------------------------------------------------------    -------------------

                         (clock clk rise edge)        5.000     5.000 r  
    R10                                               0.000     5.000 r  clk (IN)
                         net (fo=0)                   0.000     5.000    clk_IBUF_inst/I
    R10                  INBUF (Prop_INBUF_HPIOB_M_PAD_O)
                                                      0.271     5.271 r  clk_IBUF_inst/INBUF_INST/O
                         net (fo=1, routed)           0.000     5.271    clk_IBUF_inst/OUT
    R10                  IBUFCTRL (Prop_IBUFCTRL_HPIOB_M_I_O)
                                                      0.000     5.271 r  clk_IBUF_inst/IBUFCTRL_INST/O
                         net (fo=1, routed)           0.293     5.564    clk_IBUF
    BUFGCE_X0Y77         BUFGCE (Prop_BUFCE_BUFGCE_I_O)
                                                      0.024     5.588 r  clk_IBUF_BUFG_inst/O
    X3Y2 (CLOCK_ROOT)    net (fo=367, routed)         1.736     7.324    g_int4.u_p520/u_engine/u_mul/s2_reg/CLK
    DSP48E2_X17Y51       DSP_A_B_DATA                                 r  g_int4.u_p520/u_engine/u_mul/s2_reg/DSP_A_B_DATA_INST/CLK
                         clock pessimism              0.424     7.748    
                         clock uncertainty           -0.035     7.713    
    DSP48E2_X17Y51       DSP_A_B_DATA (Setup_DSP_A_B_DATA_DSP48E2_CLK_A[4])
                                                     -0.267     7.446    g_int4.u_p520/u_engine/u_mul/s2_reg/DSP_A_B_DATA_INST
  -------------------------------------------------------------------
                         required time                          7.446    
                         arrival time                          -6.951    
  -------------------------------------------------------------------
                         slack                                  0.495    

Slack (MET) :             0.505ns  (required time - arrival time)
  Source:                 g_int4.u_p520/u_engine/u_mul/s4_reg[19]/C
                            (rising edge-triggered cell FDRE clocked by clk  {rise@0.000ns fall@2.500ns period=5.000ns})
  Destination:            g_int4.u_p520/u_engine/u_mul/p_out_reg[8]/D
                            (rising edge-triggered cell FDRE clocked by clk  {rise@0.000ns fall@2.500ns period=5.000ns})
  Path Group:             clk
  Path Type:              Setup (Max at Slow Process Corner)
  Requirement:            5.000ns  (clk rise@5.000ns - clk rise@0.000ns)
  Data Path Delay:        4.406ns  (logic 1.641ns (37.249%)  route 2.765ns (62.751%))
  Logic Levels:           14  (CARRY8=5 LUT3=2 LUT4=1 LUT5=2 LUT6=4)
  Clock Path Skew:        -0.079ns (DCD - SCD + CPR)
    Destination Clock Delay (DCD):    2.310ns = ( 7.310 - 5.000 ) 
    Source Clock Delay      (SCD):    2.811ns
    Clock Pessimism Removal (CPR):    0.421ns
  Clock Uncertainty:      0.035ns  ((TSJ^2 + TIJ^2)^1/2 + DJ) / 2 + PE
    Total System Jitter     (TSJ):    0.071ns
    Total Input Jitter      (TIJ):    0.000ns
    Discrete Jitter          (DJ):    0.000ns
    Phase Error              (PE):    0.000ns
  Clock Net Delay (Source):      1.929ns (routing 0.878ns, distribution 1.051ns)
  Clock Net Delay (Destination): 1.722ns (routing 0.799ns, distribution 0.923ns)

    Location             Delay type                Incr(ns)  Path(ns)    Netlist Resource(s)
  -------------------------------------------------------------------    -------------------
                         (clock clk rise edge)        0.000     0.000 r  
    R10                                               0.000     0.000 r  clk (IN)
                         net (fo=0)                   0.000     0.000    clk_IBUF_inst/I
    R10                  INBUF (Prop_INBUF_HPIOB_M_PAD_O)
                                                      0.521     0.521 r  clk_IBUF_inst/INBUF_INST/O
                         net (fo=1, routed)           0.000     0.521    clk_IBUF_inst/OUT
    R10                  IBUFCTRL (Prop_IBUFCTRL_HPIOB_M_I_O)
                                                      0.000     0.521 r  clk_IBUF_inst/IBUFCTRL_INST/O
                         net (fo=1, routed)           0.332     0.853    clk_IBUF
    BUFGCE_X0Y77         BUFGCE (Prop_BUFCE_BUFGCE_I_O)
                                                      0.028     0.881 r  clk_IBUF_BUFG_inst/O
    X3Y2 (CLOCK_ROOT)    net (fo=367, routed)         1.929     2.811    g_int4.u_p520/u_engine/u_mul/clk_IBUF_BUFG
    SLICE_X90Y146        FDRE                                         r  g_int4.u_p520/u_engine/u_mul/s4_reg[19]/C
  -------------------------------------------------------------------    -------------------
    SLICE_X90Y146        FDRE (Prop_DFF_SLICEM_C_Q)
                                                      0.078     2.889 r  g_int4.u_p520/u_engine/u_mul/s4_reg[19]/Q
                         net (fo=22, routed)          0.327     3.216    g_int4.u_p520/u_engine/u_mul/s4_reg_n_0_[19]
    SLICE_X92Y147        CARRY8 (Prop_CARRY8_SLICEL_S[0]_CO[7])
                                                      0.190     3.406 r  g_int4.u_p520/u_engine/u_mul/fold_once_return0_inferred__0/i___173_carry/CO[7]
                         net (fo=1, routed)           0.026     3.432    g_int4.u_p520/u_engine/u_mul/fold_once_return0_inferred__0/i___173_carry_n_0
    SLICE_X92Y148        CARRY8 (Prop_CARRY8_SLICEL_CI_O[5])
                                                      0.116     3.548 r  g_int4.u_p520/u_engine/u_mul/fold_once_return0_inferred__0/i___173_carry__0/O[5]
                         net (fo=3, routed)           0.419     3.967    g_int4.u_p520/u_engine/u_mul/fold_once_return0_inferred__0/i___173_carry__0_n_10
    SLICE_X95Y149        LUT3 (Prop_G6LUT_SLICEL_I0_O)
                                                      0.089     4.056 r  g_int4.u_p520/u_engine/u_mul/i___317_carry__0_i_24/O
                         net (fo=2, routed)           0.146     4.202    g_int4.u_p520/u_engine/u_mul/i___317_carry__0_i_24_n_0
    SLICE_X95Y148        LUT5 (Prop_C5LUT_SLICEL_I1_O)
                                                      0.110     4.312 r  g_int4.u_p520/u_engine/u_mul/i___317_carry__1_i_8/O
                         net (fo=2, routed)           0.412     4.723    g_int4.u_p520/u_engine/u_mul/i___317_carry__1_i_8_n_0
    SLICE_X93Y150        LUT6 (Prop_A6LUT_SLICEM_I0_O)
                                                      0.090     4.813 r  g_int4.u_p520/u_engine/u_mul/i___317_carry__1_i_16/O
                         net (fo=1, routed)           0.013     4.826    g_int4.u_p520/u_engine/u_mul/i___317_carry__1_i_16_n_0
    SLICE_X93Y150        CARRY8 (Prop_CARRY8_SLICEM_S[0]_O[4])
                                                      0.206     5.032 r  g_int4.u_p520/u_engine/u_mul/fold_once_return0_inferred__0/i___317_carry__1/O[4]
                         net (fo=1, routed)           0.428     5.460    g_int4.u_p520/u_engine/u_mul/fold_once_return0[24]
    SLICE_X94Y150        CARRY8 (Prop_CARRY8_SLICEL_S[0]_CO[7])
                                                      0.190     5.650 r  g_int4.u_p520/u_engine/u_mul/p_out_reg[18]_i_14/CO[7]
                         net (fo=1, routed)           0.026     5.676    g_int4.u_p520/u_engine/u_mul/p_out_reg[18]_i_14_n_0
    SLICE_X94Y151        CARRY8 (Prop_CARRY8_SLICEL_CI_O[3])
                                                      0.082     5.758 f  g_int4.u_p520/u_engine/u_mul/p_out_reg[18]_i_13/O[3]
                         net (fo=1, routed)           0.244     6.002    g_int4.u_p520/u_engine/u_mul/p_out_reg[18]_i_13_n_12
    SLICE_X96Y151        LUT4 (Prop_H6LUT_SLICEM_I0_O)
                                                      0.152     6.154 f  g_int4.u_p520/u_engine/u_mul/p_out[18]_i_18/O
                         net (fo=1, routed)           0.093     6.247    g_int4.u_p520/u_engine/u_mul/p_out[18]_i_18_n_0
    SLICE_X95Y151        LUT5 (Prop_E6LUT_SLICEL_I4_O)
                                                      0.090     6.337 f  g_int4.u_p520/u_engine/u_mul/p_out[18]_i_17/O
                         net (fo=1, routed)           0.138     6.475    g_int4.u_p520/u_engine/u_mul/p_out[18]_i_17_n_0
    SLICE_X95Y152        LUT6 (Prop_G6LUT_SLICEL_I5_O)
                                                      0.097     6.572 f  g_int4.u_p520/u_engine/u_mul/p_out[18]_i_11/O
                         net (fo=1, routed)           0.158     6.730    g_int4.u_p520/u_engine/u_mul/p_out[18]_i_11_n_0
    SLICE_X95Y148        LUT6 (Prop_F6LUT_SLICEL_I4_O)
                                                      0.049     6.779 f  g_int4.u_p520/u_engine/u_mul/p_out[18]_i_5/O
                         net (fo=1, routed)           0.090     6.869    g_int4.u_p520/u_engine/u_mul/p_out[18]_i_5_n_0
    SLICE_X95Y146        LUT6 (Prop_H6LUT_SLICEL_I5_O)
                                                      0.036     6.905 r  g_int4.u_p520/u_engine/u_mul/p_out[18]_i_2/O
                         net (fo=19, routed)          0.215     7.120    g_int4.u_p520/u_engine/u_mul/p_out[18]_i_2_n_0
    SLICE_X96Y144        LUT3 (Prop_D5LUT_SLICEM_I1_O)
                                                      0.066     7.186 r  g_int4.u_p520/u_engine/u_mul/p_out[8]_i_1/O
                         net (fo=1, routed)           0.030     7.216    g_int4.u_p520/u_engine/u_mul/normalize_return[8]
    SLICE_X96Y144        FDRE                                         r  g_int4.u_p520/u_engine/u_mul/p_out_reg[8]/D
  -------------------------------------------------------------------    -------------------

                         (clock clk rise edge)        5.000     5.000 r  
    R10                                               0.000     5.000 r  clk (IN)
                         net (fo=0)                   0.000     5.000    clk_IBUF_inst/I
    R10                  INBUF (Prop_INBUF_HPIOB_M_PAD_O)
                                                      0.271     5.271 r  clk_IBUF_inst/INBUF_INST/O
                         net (fo=1, routed)           0.000     5.271    clk_IBUF_inst/OUT
    R10                  IBUFCTRL (Prop_IBUFCTRL_HPIOB_M_I_O)
                                                      0.000     5.271 r  clk_IBUF_inst/IBUFCTRL_INST/O
                         net (fo=1, routed)           0.293     5.564    clk_IBUF
    BUFGCE_X0Y77         BUFGCE (Prop_BUFCE_BUFGCE_I_O)
                                                      0.024     5.588 r  clk_IBUF_BUFG_inst/O
    X3Y2 (CLOCK_ROOT)    net (fo=367, routed)         1.722     7.310    g_int4.u_p520/u_engine/u_mul/clk_IBUF_BUFG
    SLICE_X96Y144        FDRE                                         r  g_int4.u_p520/u_engine/u_mul/p_out_reg[8]/C
                         clock pessimism              0.421     7.731    
                         clock uncertainty           -0.035     7.696    
    SLICE_X96Y144        FDRE (Setup_DFF2_SLICEM_C_D)
                                                      0.025     7.721    g_int4.u_p520/u_engine/u_mul/p_out_reg[8]
  -------------------------------------------------------------------
                         required time                          7.721    
                         arrival time                          -7.216    
  -------------------------------------------------------------------
                         slack                                  0.505    

Slack (MET) :             0.511ns  (required time - arrival time)
  Source:                 g_int4.u_p520/u_engine/u_mul/s4_reg[19]/C
                            (rising edge-triggered cell FDRE clocked by clk  {rise@0.000ns fall@2.500ns period=5.000ns})
  Destination:            g_int4.u_p520/u_engine/u_mul/p_out_reg[9]/D
                            (rising edge-triggered cell FDRE clocked by clk  {rise@0.000ns fall@2.500ns period=5.000ns})
  Path Group:             clk
  Path Type:              Setup (Max at Slow Process Corner)
  Requirement:            5.000ns  (clk rise@5.000ns - clk rise@0.000ns)
  Data Path Delay:        4.393ns  (logic 1.708ns (38.883%)  route 2.685ns (61.117%))
  Logic Levels:           14  (CARRY8=5 LUT3=2 LUT4=1 LUT5=2 LUT6=4)
  Clock Path Skew:        -0.086ns (DCD - SCD + CPR)
    Destination Clock Delay (DCD):    2.303ns = ( 7.303 - 5.000 ) 
    Source Clock Delay      (SCD):    2.811ns
    Clock Pessimism Removal (CPR):    0.421ns
  Clock Uncertainty:      0.035ns  ((TSJ^2 + TIJ^2)^1/2 + DJ) / 2 + PE
    Total System Jitter     (TSJ):    0.071ns
    Total Input Jitter      (TIJ):    0.000ns
    Discrete Jitter          (DJ):    0.000ns
    Phase Error              (PE):    0.000ns
  Clock Net Delay (Source):      1.929ns (routing 0.878ns, distribution 1.051ns)
  Clock Net Delay (Destination): 1.715ns (routing 0.799ns, distribution 0.916ns)

    Location             Delay type                Incr(ns)  Path(ns)    Netlist Resource(s)
  -------------------------------------------------------------------    -------------------
                         (clock clk rise edge)        0.000     0.000 r  
    R10                                               0.000     0.000 r  clk (IN)
                         net (fo=0)                   0.000     0.000    clk_IBUF_inst/I
    R10                  INBUF (Prop_INBUF_HPIOB_M_PAD_O)
                                                      0.521     0.521 r  clk_IBUF_inst/INBUF_INST/O
                         net (fo=1, routed)           0.000     0.521    clk_IBUF_inst/OUT
    R10                  IBUFCTRL (Prop_IBUFCTRL_HPIOB_M_I_O)
                                                      0.000     0.521 r  clk_IBUF_inst/IBUFCTRL_INST/O
                         net (fo=1, routed)           0.332     0.853    clk_IBUF
    BUFGCE_X0Y77         BUFGCE (Prop_BUFCE_BUFGCE_I_O)
                                                      0.028     0.881 r  clk_IBUF_BUFG_inst/O
    X3Y2 (CLOCK_ROOT)    net (fo=367, routed)         1.929     2.811    g_int4.u_p520/u_engine/u_mul/clk_IBUF_BUFG
    SLICE_X90Y146        FDRE                                         r  g_int4.u_p520/u_engine/u_mul/s4_reg[19]/C
  -------------------------------------------------------------------    -------------------
    SLICE_X90Y146        FDRE (Prop_DFF_SLICEM_C_Q)
                                                      0.078     2.889 r  g_int4.u_p520/u_engine/u_mul/s4_reg[19]/Q
                         net (fo=22, routed)          0.327     3.216    g_int4.u_p520/u_engine/u_mul/s4_reg_n_0_[19]
    SLICE_X92Y147        CARRY8 (Prop_CARRY8_SLICEL_S[0]_CO[7])
                                                      0.190     3.406 r  g_int4.u_p520/u_engine/u_mul/fold_once_return0_inferred__0/i___173_carry/CO[7]
                         net (fo=1, routed)           0.026     3.432    g_int4.u_p520/u_engine/u_mul/fold_once_return0_inferred__0/i___173_carry_n_0
    SLICE_X92Y148        CARRY8 (Prop_CARRY8_SLICEL_CI_O[5])
                                                      0.116     3.548 r  g_int4.u_p520/u_engine/u_mul/fold_once_return0_inferred__0/i___173_carry__0/O[5]
                         net (fo=3, routed)           0.419     3.967    g_int4.u_p520/u_engine/u_mul/fold_once_return0_inferred__0/i___173_carry__0_n_10
    SLICE_X95Y149        LUT3 (Prop_G6LUT_SLICEL_I0_O)
                                                      0.089     4.056 r  g_int4.u_p520/u_engine/u_mul/i___317_carry__0_i_24/O
                         net (fo=2, routed)           0.146     4.202    g_int4.u_p520/u_engine/u_mul/i___317_carry__0_i_24_n_0
    SLICE_X95Y148        LUT5 (Prop_C5LUT_SLICEL_I1_O)
                                                      0.110     4.312 r  g_int4.u_p520/u_engine/u_mul/i___317_carry__1_i_8/O
                         net (fo=2, routed)           0.412     4.723    g_int4.u_p520/u_engine/u_mul/i___317_carry__1_i_8_n_0
    SLICE_X93Y150        LUT6 (Prop_A6LUT_SLICEM_I0_O)
                                                      0.090     4.813 r  g_int4.u_p520/u_engine/u_mul/i___317_carry__1_i_16/O
                         net (fo=1, routed)           0.013     4.826    g_int4.u_p520/u_engine/u_mul/i___317_carry__1_i_16_n_0
    SLICE_X93Y150        CARRY8 (Prop_CARRY8_SLICEM_S[0]_O[4])
                                                      0.206     5.032 r  g_int4.u_p520/u_engine/u_mul/fold_once_return0_inferred__0/i___317_carry__1/O[4]
                         net (fo=1, routed)           0.428     5.460    g_int4.u_p520/u_engine/u_mul/fold_once_return0[24]
    SLICE_X94Y150        CARRY8 (Prop_CARRY8_SLICEL_S[0]_CO[7])
                                                      0.190     5.650 r  g_int4.u_p520/u_engine/u_mul/p_out_reg[18]_i_14/CO[7]
                         net (fo=1, routed)           0.026     5.676    g_int4.u_p520/u_engine/u_mul/p_out_reg[18]_i_14_n_0
    SLICE_X94Y151        CARRY8 (Prop_CARRY8_SLICEL_CI_O[3])
                                                      0.082     5.758 f  g_int4.u_p520/u_engine/u_mul/p_out_reg[18]_i_13/O[3]
                         net (fo=1, routed)           0.244     6.002    g_int4.u_p520/u_engine/u_mul/p_out_reg[18]_i_13_n_12
    SLICE_X96Y151        LUT4 (Prop_H6LUT_SLICEM_I0_O)
                                                      0.152     6.154 f  g_int4.u_p520/u_engine/u_mul/p_out[18]_i_18/O
                         net (fo=1, routed)           0.093     6.247    g_int4.u_p520/u_engine/u_mul/p_out[18]_i_18_n_0
    SLICE_X95Y151        LUT5 (Prop_E6LUT_SLICEL_I4_O)
                                                      0.090     6.337 f  g_int4.u_p520/u_engine/u_mul/p_out[18]_i_17/O
                         net (fo=1, routed)           0.138     6.475    g_int4.u_p520/u_engine/u_mul/p_out[18]_i_17_n_0
    SLICE_X95Y152        LUT6 (Prop_G6LUT_SLICEL_I5_O)
                                                      0.097     6.572 f  g_int4.u_p520/u_engine/u_mul/p_out[18]_i_11/O
                         net (fo=1, routed)           0.158     6.730    g_int4.u_p520/u_engine/u_mul/p_out[18]_i_11_n_0
    SLICE_X95Y148        LUT6 (Prop_F6LUT_SLICEL_I4_O)
                                                      0.049     6.779 f  g_int4.u_p520/u_engine/u_mul/p_out[18]_i_5/O
                         net (fo=1, routed)           0.090     6.869    g_int4.u_p520/u_engine/u_mul/p_out[18]_i_5_n_0
    SLICE_X95Y146        LUT6 (Prop_H6LUT_SLICEL_I5_O)
                                                      0.036     6.905 r  g_int4.u_p520/u_engine/u_mul/p_out[18]_i_2/O
                         net (fo=19, routed)          0.150     7.055    g_int4.u_p520/u_engine/u_mul/p_out[18]_i_2_n_0
    SLICE_X95Y143        LUT3 (Prop_D5LUT_SLICEL_I1_O)
                                                      0.133     7.188 r  g_int4.u_p520/u_engine/u_mul/p_out[9]_i_1/O
                         net (fo=1, routed)           0.015     7.203    g_int4.u_p520/u_engine/u_mul/normalize_return[9]
    SLICE_X95Y143        FDRE                                         r  g_int4.u_p520/u_engine/u_mul/p_out_reg[9]/D
  -------------------------------------------------------------------    -------------------

                         (clock clk rise edge)        5.000     5.000 r  
    R10                                               0.000     5.000 r  clk (IN)
                         net (fo=0)                   0.000     5.000    clk_IBUF_inst/I
    R10                  INBUF (Prop_INBUF_HPIOB_M_PAD_O)
                                                      0.271     5.271 r  clk_IBUF_inst/INBUF_INST/O
                         net (fo=1, routed)           0.000     5.271    clk_IBUF_inst/OUT
    R10                  IBUFCTRL (Prop_IBUFCTRL_HPIOB_M_I_O)
                                                      0.000     5.271 r  clk_IBUF_inst/IBUFCTRL_INST/O
                         net (fo=1, routed)           0.293     5.564    clk_IBUF
    BUFGCE_X0Y77         BUFGCE (Prop_BUFCE_BUFGCE_I_O)
                                                      0.024     5.588 r  clk_IBUF_BUFG_inst/O
    X3Y2 (CLOCK_ROOT)    net (fo=367, routed)         1.715     7.303    g_int4.u_p520/u_engine/u_mul/clk_IBUF_BUFG
    SLICE_X95Y143        FDRE                                         r  g_int4.u_p520/u_engine/u_mul/p_out_reg[9]/C
                         clock pessimism              0.421     7.724    
                         clock uncertainty           -0.035     7.689    
    SLICE_X95Y143        FDRE (Setup_DFF2_SLICEL_C_D)
                                                      0.025     7.714    g_int4.u_p520/u_engine/u_mul/p_out_reg[9]
  -------------------------------------------------------------------
                         required time                          7.714    
                         arrival time                          -7.203    
  -------------------------------------------------------------------
                         slack                                  0.511    

Slack (MET) :             0.511ns  (required time - arrival time)
  Source:                 g_int4.u_p520/u_engine/u_pong/mem_reg_bram_0/CLKARDCLK
                            (rising edge-triggered cell RAMB36E2 clocked by clk  {rise@0.000ns fall@2.500ns period=5.000ns})
  Destination:            g_int4.u_p520/u_engine/u_mul/s2_reg/DSP_A_B_DATA_INST/A[2]
                            (rising edge-triggered cell DSP_A_B_DATA clocked by clk  {rise@0.000ns fall@2.500ns period=5.000ns})
  Path Group:             clk
  Path Type:              Setup (Max at Slow Process Corner)
  Requirement:            5.000ns  (clk rise@5.000ns - clk rise@0.000ns)
  Data Path Delay:        3.987ns  (logic 2.794ns (70.082%)  route 1.193ns (29.918%))
  Logic Levels:           9  (CARRY8=1 DSP_A_B_DATA=1 DSP_ALU=1 DSP_M_DATA=1 DSP_MULTIPLIER=1 DSP_OUTPUT=1 DSP_PREADD_DATA=1 LUT5=1 LUT6=1)
  Clock Path Skew:        -0.197ns (DCD - SCD + CPR)
    Destination Clock Delay (DCD):    2.324ns = ( 7.324 - 5.000 ) 
    Source Clock Delay      (SCD):    2.945ns
    Clock Pessimism Removal (CPR):    0.424ns
  Clock Uncertainty:      0.035ns  ((TSJ^2 + TIJ^2)^1/2 + DJ) / 2 + PE
    Total System Jitter     (TSJ):    0.071ns
    Total Input Jitter      (TIJ):    0.000ns
    Discrete Jitter          (DJ):    0.000ns
    Phase Error              (PE):    0.000ns
  Clock Net Delay (Source):      2.063ns (routing 0.878ns, distribution 1.185ns)
  Clock Net Delay (Destination): 1.736ns (routing 0.799ns, distribution 0.937ns)

    Location             Delay type                Incr(ns)  Path(ns)    Netlist Resource(s)
  -------------------------------------------------------------------    -------------------
                         (clock clk rise edge)        0.000     0.000 r  
    R10                                               0.000     0.000 r  clk (IN)
                         net (fo=0)                   0.000     0.000    clk_IBUF_inst/I
    R10                  INBUF (Prop_INBUF_HPIOB_M_PAD_O)
                                                      0.521     0.521 r  clk_IBUF_inst/INBUF_INST/O
                         net (fo=1, routed)           0.000     0.521    clk_IBUF_inst/OUT
    R10                  IBUFCTRL (Prop_IBUFCTRL_HPIOB_M_I_O)
                                                      0.000     0.521 r  clk_IBUF_inst/IBUFCTRL_INST/O
                         net (fo=1, routed)           0.332     0.853    clk_IBUF
    BUFGCE_X0Y77         BUFGCE (Prop_BUFCE_BUFGCE_I_O)
                                                      0.028     0.881 r  clk_IBUF_BUFG_inst/O
    X3Y2 (CLOCK_ROOT)    net (fo=367, routed)         2.063     2.945    g_int4.u_p520/u_engine/u_pong/clk_IBUF_BUFG
    RAMB36_X12Y25        RAMB36E2                                     r  g_int4.u_p520/u_engine/u_pong/mem_reg_bram_0/CLKARDCLK
  -------------------------------------------------------------------    -------------------
    RAMB36_X12Y25        RAMB36E2 (Prop_RAMB36E2_RAMB36_CLKARDCLK_DOUTADOUT[10])
                                                      0.883     3.828 f  g_int4.u_p520/u_engine/u_pong/mem_reg_bram_0/DOUTADOUT[10]
                         net (fo=1, routed)           0.283     4.111    g_int4.u_p520/u_engine/u_pong/mem_reg_bram_0_n_89
    SLICE_X93Y127        LUT5 (Prop_F6LUT_SLICEM_I2_O)
                                                      0.123     4.234 f  g_int4.u_p520/u_engine/u_pong/s10_i_44/O
                         net (fo=1, routed)           0.091     4.325    g_int4.u_p520/u_engine/u_ping/s10_11
    SLICE_X92Y127        LUT6 (Prop_H6LUT_SLICEL_I5_O)
                                                      0.051     4.376 f  g_int4.u_p520/u_engine/u_ping/s10_i_7/O
                         net (fo=1, routed)           0.260     4.636    g_int4.u_p520/u_engine/u_mul/s10/B[10]
    DSP48E2_X17Y50       DSP_A_B_DATA (Prop_DSP_A_B_DATA_DSP48E2_B[10]_B2_DATA[10])
                                                      0.151     4.787 r  g_int4.u_p520/u_engine/u_mul/s10/DSP_A_B_DATA_INST/B2_DATA[10]
                         net (fo=1, routed)           0.000     4.787    g_int4.u_p520/u_engine/u_mul/s10/DSP_A_B_DATA.B2_DATA<10>
    DSP48E2_X17Y50       DSP_PREADD_DATA (Prop_DSP_PREADD_DATA_DSP48E2_B2_DATA[10]_B2B1[10])
                                                      0.073     4.860 r  g_int4.u_p520/u_engine/u_mul/s10/DSP_PREADD_DATA_INST/B2B1[10]
                         net (fo=1, routed)           0.000     4.860    g_int4.u_p520/u_engine/u_mul/s10/DSP_PREADD_DATA.B2B1<10>
    DSP48E2_X17Y50       DSP_MULTIPLIER (Prop_DSP_MULTIPLIER_DSP48E2_B2B1[10]_V[17])
                                                      0.609     5.469 f  g_int4.u_p520/u_engine/u_mul/s10/DSP_MULTIPLIER_INST/V[17]
                         net (fo=1, routed)           0.000     5.469    g_int4.u_p520/u_engine/u_mul/s10/DSP_MULTIPLIER.V<17>
    DSP48E2_X17Y50       DSP_M_DATA (Prop_DSP_M_DATA_DSP48E2_V[17]_V_DATA[17])
                                                      0.046     5.515 r  g_int4.u_p520/u_engine/u_mul/s10/DSP_M_DATA_INST/V_DATA[17]
                         net (fo=1, routed)           0.000     5.515    g_int4.u_p520/u_engine/u_mul/s10/DSP_M_DATA.V_DATA<17>
    DSP48E2_X17Y50       DSP_ALU (Prop_DSP_ALU_DSP48E2_V_DATA[17]_ALU_OUT[17])
                                                      0.571     6.086 f  g_int4.u_p520/u_engine/u_mul/s10/DSP_ALU_INST/ALU_OUT[17]
                         net (fo=1, routed)           0.000     6.086    g_int4.u_p520/u_engine/u_mul/s10/DSP_ALU.ALU_OUT<17>
    DSP48E2_X17Y50       DSP_OUTPUT (Prop_DSP_OUTPUT_DSP48E2_ALU_OUT[17]_P[17])
                                                      0.109     6.195 r  g_int4.u_p520/u_engine/u_mul/s10/DSP_OUTPUT_INST/P[17]
                         net (fo=2, routed)           0.283     6.478    g_int4.u_p520/u_engine/u_mul/s10_n_88
    SLICE_X90Y127        CARRY8 (Prop_CARRY8_SLICEM_DI[0]_O[4])
                                                      0.178     6.656 r  g_int4.u_p520/u_engine/u_mul/s10_inferred__0/i__carry/O[4]
                         net (fo=1, routed)           0.276     6.932    g_int4.u_p520/u_engine/u_mul/s2_reg/A[2]
    DSP48E2_X17Y51       DSP_A_B_DATA                                 r  g_int4.u_p520/u_engine/u_mul/s2_reg/DSP_A_B_DATA_INST/A[2]
  -------------------------------------------------------------------    -------------------

                         (clock clk rise edge)        5.000     5.000 r  
    R10                                               0.000     5.000 r  clk (IN)
                         net (fo=0)                   0.000     5.000    clk_IBUF_inst/I
    R10                  INBUF (Prop_INBUF_HPIOB_M_PAD_O)
                                                      0.271     5.271 r  clk_IBUF_inst/INBUF_INST/O
                         net (fo=1, routed)           0.000     5.271    clk_IBUF_inst/OUT
    R10                  IBUFCTRL (Prop_IBUFCTRL_HPIOB_M_I_O)
                                                      0.000     5.271 r  clk_IBUF_inst/IBUFCTRL_INST/O
                         net (fo=1, routed)           0.293     5.564    clk_IBUF
    BUFGCE_X0Y77         BUFGCE (Prop_BUFCE_BUFGCE_I_O)
                                                      0.024     5.588 r  clk_IBUF_BUFG_inst/O
    X3Y2 (CLOCK_ROOT)    net (fo=367, routed)         1.736     7.324    g_int4.u_p520/u_engine/u_mul/s2_reg/CLK
    DSP48E2_X17Y51       DSP_A_B_DATA                                 r  g_int4.u_p520/u_engine/u_mul/s2_reg/DSP_A_B_DATA_INST/CLK
                         clock pessimism              0.424     7.748    
                         clock uncertainty           -0.035     7.713    
    DSP48E2_X17Y51       DSP_A_B_DATA (Setup_DSP_A_B_DATA_DSP48E2_CLK_A[2])
                                                     -0.270     7.443    g_int4.u_p520/u_engine/u_mul/s2_reg/DSP_A_B_DATA_INST
  -------------------------------------------------------------------
                         required time                          7.443    
                         arrival time                          -6.932    
  -------------------------------------------------------------------
                         slack                                  0.511    

Slack (MET) :             0.516ns  (required time - arrival time)
  Source:                 g_int4.u_p520/u_engine/u_ping/mem_reg_bram_0/CLKBWRCLK
                            (rising edge-triggered cell RAMB36E2 clocked by clk  {rise@0.000ns fall@2.500ns period=5.000ns})
  Destination:            g_int4.u_p520/u_mac_mul/s2_reg/DSP_A_B_DATA_INST/A[9]
                            (rising edge-triggered cell DSP_A_B_DATA clocked by clk  {rise@0.000ns fall@2.500ns period=5.000ns})
  Path Group:             clk
  Path Type:              Setup (Max at Slow Process Corner)
  Requirement:            5.000ns  (clk rise@5.000ns - clk rise@0.000ns)
  Data Path Delay:        3.972ns  (logic 2.841ns (71.526%)  route 1.131ns (28.474%))
  Logic Levels:           10  (CARRY8=2 DSP_A_B_DATA=1 DSP_ALU=1 DSP_M_DATA=1 DSP_MULTIPLIER=1 DSP_OUTPUT=1 DSP_PREADD_DATA=1 LUT2=1 LUT3=1)
  Clock Path Skew:        -0.203ns (DCD - SCD + CPR)
    Destination Clock Delay (DCD):    2.328ns = ( 7.328 - 5.000 ) 
    Source Clock Delay      (SCD):    2.955ns
    Clock Pessimism Removal (CPR):    0.424ns
  Clock Uncertainty:      0.035ns  ((TSJ^2 + TIJ^2)^1/2 + DJ) / 2 + PE
    Total System Jitter     (TSJ):    0.071ns
    Total Input Jitter      (TIJ):    0.000ns
    Discrete Jitter          (DJ):    0.000ns
    Phase Error              (PE):    0.000ns
  Clock Net Delay (Source):      2.074ns (routing 0.878ns, distribution 1.196ns)
  Clock Net Delay (Destination): 1.740ns (routing 0.799ns, distribution 0.941ns)

    Location             Delay type                Incr(ns)  Path(ns)    Netlist Resource(s)
  -------------------------------------------------------------------    -------------------
                         (clock clk rise edge)        0.000     0.000 r  
    R10                                               0.000     0.000 r  clk (IN)
                         net (fo=0)                   0.000     0.000    clk_IBUF_inst/I
    R10                  INBUF (Prop_INBUF_HPIOB_M_PAD_O)
                                                      0.521     0.521 r  clk_IBUF_inst/INBUF_INST/O
                         net (fo=1, routed)           0.000     0.521    clk_IBUF_inst/OUT
    R10                  IBUFCTRL (Prop_IBUFCTRL_HPIOB_M_I_O)
                                                      0.000     0.521 r  clk_IBUF_inst/IBUFCTRL_INST/O
                         net (fo=1, routed)           0.332     0.853    clk_IBUF
    BUFGCE_X0Y77         BUFGCE (Prop_BUFCE_BUFGCE_I_O)
                                                      0.028     0.881 r  clk_IBUF_BUFG_inst/O
    X3Y2 (CLOCK_ROOT)    net (fo=367, routed)         2.074     2.955    g_int4.u_p520/u_engine/u_ping/clk_IBUF_BUFG
    RAMB36_X12Y26        RAMB36E2                                     r  g_int4.u_p520/u_engine/u_ping/mem_reg_bram_0/CLKBWRCLK
  -------------------------------------------------------------------    -------------------
    RAMB36_X12Y26        RAMB36E2 (Prop_RAMB36E2_RAMB36_CLKBWRCLK_DOUTBDOUT[3])
                                                      0.908     3.863 f  g_int4.u_p520/u_engine/u_ping/mem_reg_bram_0/DOUTBDOUT[3]
                         net (fo=3, routed)           0.370     4.233    g_int4.u_p520/u_engine/u_ping/ping_a_dout[3]
    SLICE_X92Y128        LUT3 (Prop_C6LUT_SLICEL_I0_O)
                                                      0.123     4.356 f  g_int4.u_p520/u_engine/u_ping/mem_reg_bram_0_i_16__1/O
                         net (fo=6, routed)           0.324     4.681    g_int4.u_p520/u_mac_mul/s10/A[3]
    DSP48E2_X17Y53       DSP_A_B_DATA (Prop_DSP_A_B_DATA_DSP48E2_A[3]_A2_DATA[3])
                                                      0.192     4.873 r  g_int4.u_p520/u_mac_mul/s10/DSP_A_B_DATA_INST/A2_DATA[3]
                         net (fo=1, routed)           0.000     4.873    g_int4.u_p520/u_mac_mul/s10/DSP_A_B_DATA.A2_DATA<3>
    DSP48E2_X17Y53       DSP_PREADD_DATA (Prop_DSP_PREADD_DATA_DSP48E2_A2_DATA[3]_A2A1[3])
                                                      0.076     4.949 r  g_int4.u_p520/u_mac_mul/s10/DSP_PREADD_DATA_INST/A2A1[3]
                         net (fo=1, routed)           0.000     4.949    g_int4.u_p520/u_mac_mul/s10/DSP_PREADD_DATA.A2A1<3>
    DSP48E2_X17Y53       DSP_MULTIPLIER (Prop_DSP_MULTIPLIER_DSP48E2_A2A1[3]_U[20])
                                                      0.505     5.454 f  g_int4.u_p520/u_mac_mul/s10/DSP_MULTIPLIER_INST/U[20]
                         net (fo=1, routed)           0.000     5.454    g_int4.u_p520/u_mac_mul/s10/DSP_MULTIPLIER.U<20>
    DSP48E2_X17Y53       DSP_M_DATA (Prop_DSP_M_DATA_DSP48E2_U[20]_U_DATA[20])
                                                      0.047     5.501 r  g_int4.u_p520/u_mac_mul/s10/DSP_M_DATA_INST/U_DATA[20]
                         net (fo=1, routed)           0.000     5.501    g_int4.u_p520/u_mac_mul/s10/DSP_M_DATA.U_DATA<20>
    DSP48E2_X17Y53       DSP_ALU (Prop_DSP_ALU_DSP48E2_U_DATA[20]_ALU_OUT[20])
                                                      0.585     6.086 f  g_int4.u_p520/u_mac_mul/s10/DSP_ALU_INST/ALU_OUT[20]
                         net (fo=1, routed)           0.000     6.086    g_int4.u_p520/u_mac_mul/s10/DSP_ALU.ALU_OUT<20>
    DSP48E2_X17Y53       DSP_OUTPUT (Prop_DSP_OUTPUT_DSP48E2_ALU_OUT[20]_P[20])
                                                      0.109     6.195 r  g_int4.u_p520/u_mac_mul/s10/DSP_OUTPUT_INST/P[20]
                         net (fo=2, routed)           0.205     6.400    g_int4.u_p520/u_mac_mul/s10_n_85
    SLICE_X90Y132        LUT2 (Prop_D6LUT_SLICEM_I0_O)
                                                      0.051     6.451 r  g_int4.u_p520/u_mac_mul/s2_reg_i_21/O
                         net (fo=1, routed)           0.025     6.476    g_int4.u_p520/u_mac_mul/s2_reg_i_21_n_0
    SLICE_X90Y132        CARRY8 (Prop_CARRY8_SLICEM_S[3]_CO[7])
                                                      0.163     6.639 r  g_int4.u_p520/u_mac_mul/s2_reg_i_3/CO[7]
                         net (fo=1, routed)           0.026     6.665    g_int4.u_p520/u_mac_mul/s2_reg_i_3_n_0
    SLICE_X90Y133        CARRY8 (Prop_CARRY8_SLICEM_CI_O[3])
                                                      0.082     6.747 r  g_int4.u_p520/u_mac_mul/s2_reg_i_2/O[3]
                         net (fo=1, routed)           0.180     6.927    g_int4.u_p520/u_mac_mul/s2_reg/A[9]
    DSP48E2_X17Y52       DSP_A_B_DATA                                 r  g_int4.u_p520/u_mac_mul/s2_reg/DSP_A_B_DATA_INST/A[9]
  -------------------------------------------------------------------    -------------------

                         (clock clk rise edge)        5.000     5.000 r  
    R10                                               0.000     5.000 r  clk (IN)
                         net (fo=0)                   0.000     5.000    clk_IBUF_inst/I
    R10                  INBUF (Prop_INBUF_HPIOB_M_PAD_O)
                                                      0.271     5.271 r  clk_IBUF_inst/INBUF_INST/O
                         net (fo=1, routed)           0.000     5.271    clk_IBUF_inst/OUT
    R10                  IBUFCTRL (Prop_IBUFCTRL_HPIOB_M_I_O)
                                                      0.000     5.271 r  clk_IBUF_inst/IBUFCTRL_INST/O
                         net (fo=1, routed)           0.293     5.564    clk_IBUF
    BUFGCE_X0Y77         BUFGCE (Prop_BUFCE_BUFGCE_I_O)
                                                      0.024     5.588 r  clk_IBUF_BUFG_inst/O
    X3Y2 (CLOCK_ROOT)    net (fo=367, routed)         1.740     7.328    g_int4.u_p520/u_mac_mul/s2_reg/CLK
    DSP48E2_X17Y52       DSP_A_B_DATA                                 r  g_int4.u_p520/u_mac_mul/s2_reg/DSP_A_B_DATA_INST/CLK
                         clock pessimism              0.424     7.752    
                         clock uncertainty           -0.035     7.717    
    DSP48E2_X17Y52       DSP_A_B_DATA (Setup_DSP_A_B_DATA_DSP48E2_CLK_A[9])
                                                     -0.273     7.444    g_int4.u_p520/u_mac_mul/s2_reg/DSP_A_B_DATA_INST
  -------------------------------------------------------------------
                         required time                          7.444    
                         arrival time                          -6.927    
  -------------------------------------------------------------------
                         slack                                  0.516    

Slack (MET) :             0.517ns  (required time - arrival time)
  Source:                 g_int4.u_p520/u_engine/u_ping/mem_reg_bram_0/CLKBWRCLK
                            (rising edge-triggered cell RAMB36E2 clocked by clk  {rise@0.000ns fall@2.500ns period=5.000ns})
  Destination:            g_int4.u_p520/u_mac_mul/s2_reg/DSP_A_B_DATA_INST/A[5]
                            (rising edge-triggered cell DSP_A_B_DATA clocked by clk  {rise@0.000ns fall@2.500ns period=5.000ns})
  Path Group:             clk
  Path Type:              Setup (Max at Slow Process Corner)
  Requirement:            5.000ns  (clk rise@5.000ns - clk rise@0.000ns)
  Data Path Delay:        3.977ns  (logic 2.756ns (69.292%)  route 1.221ns (30.708%))
  Logic Levels:           8  (CARRY8=1 DSP_A_B_DATA=1 DSP_ALU=1 DSP_M_DATA=1 DSP_MULTIPLIER=1 DSP_OUTPUT=1 DSP_PREADD_DATA=1 LUT3=1)
  Clock Path Skew:        -0.203ns (DCD - SCD + CPR)
    Destination Clock Delay (DCD):    2.328ns = ( 7.328 - 5.000 ) 
    Source Clock Delay      (SCD):    2.955ns
    Clock Pessimism Removal (CPR):    0.424ns
  Clock Uncertainty:      0.035ns  ((TSJ^2 + TIJ^2)^1/2 + DJ) / 2 + PE
    Total System Jitter     (TSJ):    0.071ns
    Total Input Jitter      (TIJ):    0.000ns
    Discrete Jitter          (DJ):    0.000ns
    Phase Error              (PE):    0.000ns
  Clock Net Delay (Source):      2.074ns (routing 0.878ns, distribution 1.196ns)
  Clock Net Delay (Destination): 1.740ns (routing 0.799ns, distribution 0.941ns)

    Location             Delay type                Incr(ns)  Path(ns)    Netlist Resource(s)
  -------------------------------------------------------------------    -------------------
                         (clock clk rise edge)        0.000     0.000 r  
    R10                                               0.000     0.000 r  clk (IN)
                         net (fo=0)                   0.000     0.000    clk_IBUF_inst/I
    R10                  INBUF (Prop_INBUF_HPIOB_M_PAD_O)
                                                      0.521     0.521 r  clk_IBUF_inst/INBUF_INST/O
                         net (fo=1, routed)           0.000     0.521    clk_IBUF_inst/OUT
    R10                  IBUFCTRL (Prop_IBUFCTRL_HPIOB_M_I_O)
                                                      0.000     0.521 r  clk_IBUF_inst/IBUFCTRL_INST/O
                         net (fo=1, routed)           0.332     0.853    clk_IBUF
    BUFGCE_X0Y77         BUFGCE (Prop_BUFCE_BUFGCE_I_O)
                                                      0.028     0.881 r  clk_IBUF_BUFG_inst/O
    X3Y2 (CLOCK_ROOT)    net (fo=367, routed)         2.074     2.955    g_int4.u_p520/u_engine/u_ping/clk_IBUF_BUFG
    RAMB36_X12Y26        RAMB36E2                                     r  g_int4.u_p520/u_engine/u_ping/mem_reg_bram_0/CLKBWRCLK
  -------------------------------------------------------------------    -------------------
    RAMB36_X12Y26        RAMB36E2 (Prop_RAMB36E2_RAMB36_CLKBWRCLK_DOUTBDOUT[3])
                                                      0.908     3.863 f  g_int4.u_p520/u_engine/u_ping/mem_reg_bram_0/DOUTBDOUT[3]
                         net (fo=3, routed)           0.370     4.233    g_int4.u_p520/u_engine/u_ping/ping_a_dout[3]
    SLICE_X92Y128        LUT3 (Prop_C6LUT_SLICEL_I0_O)
                                                      0.123     4.356 f  g_int4.u_p520/u_engine/u_ping/mem_reg_bram_0_i_16__1/O
                         net (fo=6, routed)           0.324     4.681    g_int4.u_p520/u_mac_mul/s10/A[3]
    DSP48E2_X17Y53       DSP_A_B_DATA (Prop_DSP_A_B_DATA_DSP48E2_A[3]_A2_DATA[3])
                                                      0.192     4.873 r  g_int4.u_p520/u_mac_mul/s10/DSP_A_B_DATA_INST/A2_DATA[3]
                         net (fo=1, routed)           0.000     4.873    g_int4.u_p520/u_mac_mul/s10/DSP_A_B_DATA.A2_DATA<3>
    DSP48E2_X17Y53       DSP_PREADD_DATA (Prop_DSP_PREADD_DATA_DSP48E2_A2_DATA[3]_A2A1[3])
                                                      0.076     4.949 r  g_int4.u_p520/u_mac_mul/s10/DSP_PREADD_DATA_INST/A2A1[3]
                         net (fo=1, routed)           0.000     4.949    g_int4.u_p520/u_mac_mul/s10/DSP_PREADD_DATA.A2A1<3>
    DSP48E2_X17Y53       DSP_MULTIPLIER (Prop_DSP_MULTIPLIER_DSP48E2_A2A1[3]_U[17])
                                                      0.505     5.454 f  g_int4.u_p520/u_mac_mul/s10/DSP_MULTIPLIER_INST/U[17]
                         net (fo=1, routed)           0.000     5.454    g_int4.u_p520/u_mac_mul/s10/DSP_MULTIPLIER.U<17>
    DSP48E2_X17Y53       DSP_M_DATA (Prop_DSP_M_DATA_DSP48E2_U[17]_U_DATA[17])
                                                      0.047     5.501 r  g_int4.u_p520/u_mac_mul/s10/DSP_M_DATA_INST/U_DATA[17]
                         net (fo=1, routed)           0.000     5.501    g_int4.u_p520/u_mac_mul/s10/DSP_M_DATA.U_DATA<17>
    DSP48E2_X17Y53       DSP_ALU (Prop_DSP_ALU_DSP48E2_U_DATA[17]_ALU_OUT[17])
                                                      0.585     6.086 f  g_int4.u_p520/u_mac_mul/s10/DSP_ALU_INST/ALU_OUT[17]
                         net (fo=1, routed)           0.000     6.086    g_int4.u_p520/u_mac_mul/s10/DSP_ALU.ALU_OUT<17>
    DSP48E2_X17Y53       DSP_OUTPUT (Prop_DSP_OUTPUT_DSP48E2_ALU_OUT[17]_P[17])
                                                      0.109     6.195 r  g_int4.u_p520/u_mac_mul/s10/DSP_OUTPUT_INST/P[17]
                         net (fo=2, routed)           0.292     6.487    g_int4.u_p520/u_mac_mul/s10_n_88
    SLICE_X90Y132        CARRY8 (Prop_CARRY8_SLICEM_DI[0]_O[7])
                                                      0.211     6.698 r  g_int4.u_p520/u_mac_mul/s2_reg_i_3/O[7]
                         net (fo=1, routed)           0.235     6.933    g_int4.u_p520/u_mac_mul/s2_reg/A[5]
    DSP48E2_X17Y52       DSP_A_B_DATA                                 r  g_int4.u_p520/u_mac_mul/s2_reg/DSP_A_B_DATA_INST/A[5]
  -------------------------------------------------------------------    -------------------

                         (clock clk rise edge)        5.000     5.000 r  
    R10                                               0.000     5.000 r  clk (IN)
                         net (fo=0)                   0.000     5.000    clk_IBUF_inst/I
    R10                  INBUF (Prop_INBUF_HPIOB_M_PAD_O)
                                                      0.271     5.271 r  clk_IBUF_inst/INBUF_INST/O
                         net (fo=1, routed)           0.000     5.271    clk_IBUF_inst/OUT
    R10                  IBUFCTRL (Prop_IBUFCTRL_HPIOB_M_I_O)
                                                      0.000     5.271 r  clk_IBUF_inst/IBUFCTRL_INST/O
                         net (fo=1, routed)           0.293     5.564    clk_IBUF
    BUFGCE_X0Y77         BUFGCE (Prop_BUFCE_BUFGCE_I_O)
                                                      0.024     5.588 r  clk_IBUF_BUFG_inst/O
    X3Y2 (CLOCK_ROOT)    net (fo=367, routed)         1.740     7.328    g_int4.u_p520/u_mac_mul/s2_reg/CLK
    DSP48E2_X17Y52       DSP_A_B_DATA                                 r  g_int4.u_p520/u_mac_mul/s2_reg/DSP_A_B_DATA_INST/CLK
                         clock pessimism              0.424     7.752    
                         clock uncertainty           -0.035     7.717    
    DSP48E2_X17Y52       DSP_A_B_DATA (Setup_DSP_A_B_DATA_DSP48E2_CLK_A[5])
                                                     -0.267     7.450    g_int4.u_p520/u_mac_mul/s2_reg/DSP_A_B_DATA_INST
  -------------------------------------------------------------------
                         required time                          7.450    
                         arrival time                          -6.933    
  -------------------------------------------------------------------
                         slack                                  0.517    

Slack (MET) :             0.523ns  (required time - arrival time)
  Source:                 g_int4.u_p520/u_engine/u_pong/mem_reg_bram_0/CLKARDCLK
                            (rising edge-triggered cell RAMB36E2 clocked by clk  {rise@0.000ns fall@2.500ns period=5.000ns})
  Destination:            g_int4.u_p520/u_engine/u_mul/s2_reg/DSP_A_B_DATA_INST/A[0]
                            (rising edge-triggered cell DSP_A_B_DATA clocked by clk  {rise@0.000ns fall@2.500ns period=5.000ns})
  Path Group:             clk
  Path Type:              Setup (Max at Slow Process Corner)
  Requirement:            5.000ns  (clk rise@5.000ns - clk rise@0.000ns)
  Data Path Delay:        3.948ns  (logic 2.725ns (69.026%)  route 1.223ns (30.974%))
  Logic Levels:           9  (CARRY8=1 DSP_A_B_DATA=1 DSP_ALU=1 DSP_M_DATA=1 DSP_MULTIPLIER=1 DSP_OUTPUT=1 DSP_PREADD_DATA=1 LUT5=1 LUT6=1)
  Clock Path Skew:        -0.197ns (DCD - SCD + CPR)
    Destination Clock Delay (DCD):    2.324ns = ( 7.324 - 5.000 ) 
    Source Clock Delay      (SCD):    2.945ns
    Clock Pessimism Removal (CPR):    0.424ns
  Clock Uncertainty:      0.035ns  ((TSJ^2 + TIJ^2)^1/2 + DJ) / 2 + PE
    Total System Jitter     (TSJ):    0.071ns
    Total Input Jitter      (TIJ):    0.000ns
    Discrete Jitter          (DJ):    0.000ns
    Phase Error              (PE):    0.000ns
  Clock Net Delay (Source):      2.063ns (routing 0.878ns, distribution 1.185ns)
  Clock Net Delay (Destination): 1.736ns (routing 0.799ns, distribution 0.937ns)

    Location             Delay type                Incr(ns)  Path(ns)    Netlist Resource(s)
  -------------------------------------------------------------------    -------------------
                         (clock clk rise edge)        0.000     0.000 r  
    R10                                               0.000     0.000 r  clk (IN)
                         net (fo=0)                   0.000     0.000    clk_IBUF_inst/I
    R10                  INBUF (Prop_INBUF_HPIOB_M_PAD_O)
                                                      0.521     0.521 r  clk_IBUF_inst/INBUF_INST/O
                         net (fo=1, routed)           0.000     0.521    clk_IBUF_inst/OUT
    R10                  IBUFCTRL (Prop_IBUFCTRL_HPIOB_M_I_O)
                                                      0.000     0.521 r  clk_IBUF_inst/IBUFCTRL_INST/O
                         net (fo=1, routed)           0.332     0.853    clk_IBUF
    BUFGCE_X0Y77         BUFGCE (Prop_BUFCE_BUFGCE_I_O)
                                                      0.028     0.881 r  clk_IBUF_BUFG_inst/O
    X3Y2 (CLOCK_ROOT)    net (fo=367, routed)         2.063     2.945    g_int4.u_p520/u_engine/u_pong/clk_IBUF_BUFG
    RAMB36_X12Y25        RAMB36E2                                     r  g_int4.u_p520/u_engine/u_pong/mem_reg_bram_0/CLKARDCLK
  -------------------------------------------------------------------    -------------------
    RAMB36_X12Y25        RAMB36E2 (Prop_RAMB36E2_RAMB36_CLKARDCLK_DOUTADOUT[10])
                                                      0.883     3.828 f  g_int4.u_p520/u_engine/u_pong/mem_reg_bram_0/DOUTADOUT[10]
                         net (fo=1, routed)           0.283     4.111    g_int4.u_p520/u_engine/u_pong/mem_reg_bram_0_n_89
    SLICE_X93Y127        LUT5 (Prop_F6LUT_SLICEM_I2_O)
                                                      0.123     4.234 f  g_int4.u_p520/u_engine/u_pong/s10_i_44/O
                         net (fo=1, routed)           0.091     4.325    g_int4.u_p520/u_engine/u_ping/s10_11
    SLICE_X92Y127        LUT6 (Prop_H6LUT_SLICEL_I5_O)
                                                      0.051     4.376 f  g_int4.u_p520/u_engine/u_ping/s10_i_7/O
                         net (fo=1, routed)           0.260     4.636    g_int4.u_p520/u_engine/u_mul/s10/B[10]
    DSP48E2_X17Y50       DSP_A_B_DATA (Prop_DSP_A_B_DATA_DSP48E2_B[10]_B2_DATA[10])
                                                      0.151     4.787 r  g_int4.u_p520/u_engine/u_mul/s10/DSP_A_B_DATA_INST/B2_DATA[10]
                         net (fo=1, routed)           0.000     4.787    g_int4.u_p520/u_engine/u_mul/s10/DSP_A_B_DATA.B2_DATA<10>
    DSP48E2_X17Y50       DSP_PREADD_DATA (Prop_DSP_PREADD_DATA_DSP48E2_B2_DATA[10]_B2B1[10])
                                                      0.073     4.860 r  g_int4.u_p520/u_engine/u_mul/s10/DSP_PREADD_DATA_INST/B2B1[10]
                         net (fo=1, routed)           0.000     4.860    g_int4.u_p520/u_engine/u_mul/s10/DSP_PREADD_DATA.B2B1<10>
    DSP48E2_X17Y50       DSP_MULTIPLIER (Prop_DSP_MULTIPLIER_DSP48E2_B2B1[10]_V[17])
                                                      0.609     5.469 f  g_int4.u_p520/u_engine/u_mul/s10/DSP_MULTIPLIER_INST/V[17]
                         net (fo=1, routed)           0.000     5.469    g_int4.u_p520/u_engine/u_mul/s10/DSP_MULTIPLIER.V<17>
    DSP48E2_X17Y50       DSP_M_DATA (Prop_DSP_M_DATA_DSP48E2_V[17]_V_DATA[17])
                                                      0.046     5.515 r  g_int4.u_p520/u_engine/u_mul/s10/DSP_M_DATA_INST/V_DATA[17]
                         net (fo=1, routed)           0.000     5.515    g_int4.u_p520/u_engine/u_mul/s10/DSP_M_DATA.V_DATA<17>
    DSP48E2_X17Y50       DSP_ALU (Prop_DSP_ALU_DSP48E2_V_DATA[17]_ALU_OUT[17])
                                                      0.571     6.086 f  g_int4.u_p520/u_engine/u_mul/s10/DSP_ALU_INST/ALU_OUT[17]
                         net (fo=1, routed)           0.000     6.086    g_int4.u_p520/u_engine/u_mul/s10/DSP_ALU.ALU_OUT<17>
    DSP48E2_X17Y50       DSP_OUTPUT (Prop_DSP_OUTPUT_DSP48E2_ALU_OUT[17]_P[17])
                                                      0.109     6.195 r  g_int4.u_p520/u_engine/u_mul/s10/DSP_OUTPUT_INST/P[17]
                         net (fo=2, routed)           0.283     6.478    g_int4.u_p520/u_engine/u_mul/s10_n_88
    SLICE_X90Y127        CARRY8 (Prop_CARRY8_SLICEM_DI[0]_O[2])
                                                      0.109     6.587 r  g_int4.u_p520/u_engine/u_mul/s10_inferred__0/i__carry/O[2]
                         net (fo=1, routed)           0.306     6.893    g_int4.u_p520/u_engine/u_mul/s2_reg/A[0]
    DSP48E2_X17Y51       DSP_A_B_DATA                                 r  g_int4.u_p520/u_engine/u_mul/s2_reg/DSP_A_B_DATA_INST/A[0]
  -------------------------------------------------------------------    -------------------

                         (clock clk rise edge)        5.000     5.000 r  
    R10                                               0.000     5.000 r  clk (IN)
                         net (fo=0)                   0.000     5.000    clk_IBUF_inst/I
    R10                  INBUF (Prop_INBUF_HPIOB_M_PAD_O)
                                                      0.271     5.271 r  clk_IBUF_inst/INBUF_INST/O
                         net (fo=1, routed)           0.000     5.271    clk_IBUF_inst/OUT
    R10                  IBUFCTRL (Prop_IBUFCTRL_HPIOB_M_I_O)
                                                      0.000     5.271 r  clk_IBUF_inst/IBUFCTRL_INST/O
                         net (fo=1, routed)           0.293     5.564    clk_IBUF
    BUFGCE_X0Y77         BUFGCE (Prop_BUFCE_BUFGCE_I_O)
                                                      0.024     5.588 r  clk_IBUF_BUFG_inst/O
    X3Y2 (CLOCK_ROOT)    net (fo=367, routed)         1.736     7.324    g_int4.u_p520/u_engine/u_mul/s2_reg/CLK
    DSP48E2_X17Y51       DSP_A_B_DATA                                 r  g_int4.u_p520/u_engine/u_mul/s2_reg/DSP_A_B_DATA_INST/CLK
                         clock pessimism              0.424     7.748    
                         clock uncertainty           -0.035     7.713    
    DSP48E2_X17Y51       DSP_A_B_DATA (Setup_DSP_A_B_DATA_DSP48E2_CLK_A[0])
                                                     -0.297     7.416    g_int4.u_p520/u_engine/u_mul/s2_reg/DSP_A_B_DATA_INST
  -------------------------------------------------------------------
                         required time                          7.416    
                         arrival time                          -6.893    
  -------------------------------------------------------------------
                         slack                                  0.523    

Slack (MET) :             0.524ns  (required time - arrival time)
  Source:                 g_int4.u_p520/u_engine/u_pong/mem_reg_bram_0/CLKARDCLK
                            (rising edge-triggered cell RAMB36E2 clocked by clk  {rise@0.000ns fall@2.500ns period=5.000ns})
  Destination:            g_int4.u_p520/u_engine/u_mul/s2_reg/DSP_A_B_DATA_INST/A[5]
                            (rising edge-triggered cell DSP_A_B_DATA clocked by clk  {rise@0.000ns fall@2.500ns period=5.000ns})
  Path Group:             clk
  Path Type:              Setup (Max at Slow Process Corner)
  Requirement:            5.000ns  (clk rise@5.000ns - clk rise@0.000ns)
  Data Path Delay:        3.977ns  (logic 2.827ns (71.088%)  route 1.150ns (28.912%))
  Logic Levels:           9  (CARRY8=1 DSP_A_B_DATA=1 DSP_ALU=1 DSP_M_DATA=1 DSP_MULTIPLIER=1 DSP_OUTPUT=1 DSP_PREADD_DATA=1 LUT5=1 LUT6=1)
  Clock Path Skew:        -0.197ns (DCD - SCD + CPR)
    Destination Clock Delay (DCD):    2.324ns = ( 7.324 - 5.000 ) 
    Source Clock Delay      (SCD):    2.945ns
    Clock Pessimism Removal (CPR):    0.424ns
  Clock Uncertainty:      0.035ns  ((TSJ^2 + TIJ^2)^1/2 + DJ) / 2 + PE
    Total System Jitter     (TSJ):    0.071ns
    Total Input Jitter      (TIJ):    0.000ns
    Discrete Jitter          (DJ):    0.000ns
    Phase Error              (PE):    0.000ns
  Clock Net Delay (Source):      2.063ns (routing 0.878ns, distribution 1.185ns)
  Clock Net Delay (Destination): 1.736ns (routing 0.799ns, distribution 0.937ns)

    Location             Delay type                Incr(ns)  Path(ns)    Netlist Resource(s)
  -------------------------------------------------------------------    -------------------
                         (clock clk rise edge)        0.000     0.000 r  
    R10                                               0.000     0.000 r  clk (IN)
                         net (fo=0)                   0.000     0.000    clk_IBUF_inst/I
    R10                  INBUF (Prop_INBUF_HPIOB_M_PAD_O)
                                                      0.521     0.521 r  clk_IBUF_inst/INBUF_INST/O
                         net (fo=1, routed)           0.000     0.521    clk_IBUF_inst/OUT
    R10                  IBUFCTRL (Prop_IBUFCTRL_HPIOB_M_I_O)
                                                      0.000     0.521 r  clk_IBUF_inst/IBUFCTRL_INST/O
                         net (fo=1, routed)           0.332     0.853    clk_IBUF
    BUFGCE_X0Y77         BUFGCE (Prop_BUFCE_BUFGCE_I_O)
                                                      0.028     0.881 r  clk_IBUF_BUFG_inst/O
    X3Y2 (CLOCK_ROOT)    net (fo=367, routed)         2.063     2.945    g_int4.u_p520/u_engine/u_pong/clk_IBUF_BUFG
    RAMB36_X12Y25        RAMB36E2                                     r  g_int4.u_p520/u_engine/u_pong/mem_reg_bram_0/CLKARDCLK
  -------------------------------------------------------------------    -------------------
    RAMB36_X12Y25        RAMB36E2 (Prop_RAMB36E2_RAMB36_CLKARDCLK_DOUTADOUT[10])
                                                      0.883     3.828 f  g_int4.u_p520/u_engine/u_pong/mem_reg_bram_0/DOUTADOUT[10]
                         net (fo=1, routed)           0.283     4.111    g_int4.u_p520/u_engine/u_pong/mem_reg_bram_0_n_89
    SLICE_X93Y127        LUT5 (Prop_F6LUT_SLICEM_I2_O)
                                                      0.123     4.234 f  g_int4.u_p520/u_engine/u_pong/s10_i_44/O
                         net (fo=1, routed)           0.091     4.325    g_int4.u_p520/u_engine/u_ping/s10_11
    SLICE_X92Y127        LUT6 (Prop_H6LUT_SLICEL_I5_O)
                                                      0.051     4.376 f  g_int4.u_p520/u_engine/u_ping/s10_i_7/O
                         net (fo=1, routed)           0.260     4.636    g_int4.u_p520/u_engine/u_mul/s10/B[10]
    DSP48E2_X17Y50       DSP_A_B_DATA (Prop_DSP_A_B_DATA_DSP48E2_B[10]_B2_DATA[10])
                                                      0.151     4.787 r  g_int4.u_p520/u_engine/u_mul/s10/DSP_A_B_DATA_INST/B2_DATA[10]
                         net (fo=1, routed)           0.000     4.787    g_int4.u_p520/u_engine/u_mul/s10/DSP_A_B_DATA.B2_DATA<10>
    DSP48E2_X17Y50       DSP_PREADD_DATA (Prop_DSP_PREADD_DATA_DSP48E2_B2_DATA[10]_B2B1[10])
                                                      0.073     4.860 r  g_int4.u_p520/u_engine/u_mul/s10/DSP_PREADD_DATA_INST/B2B1[10]
                         net (fo=1, routed)           0.000     4.860    g_int4.u_p520/u_engine/u_mul/s10/DSP_PREADD_DATA.B2B1<10>
    DSP48E2_X17Y50       DSP_MULTIPLIER (Prop_DSP_MULTIPLIER_DSP48E2_B2B1[10]_V[17])
                                                      0.609     5.469 f  g_int4.u_p520/u_engine/u_mul/s10/DSP_MULTIPLIER_INST/V[17]
                         net (fo=1, routed)           0.000     5.469    g_int4.u_p520/u_engine/u_mul/s10/DSP_MULTIPLIER.V<17>
    DSP48E2_X17Y50       DSP_M_DATA (Prop_DSP_M_DATA_DSP48E2_V[17]_V_DATA[17])
                                                      0.046     5.515 r  g_int4.u_p520/u_engine/u_mul/s10/DSP_M_DATA_INST/V_DATA[17]
                         net (fo=1, routed)           0.000     5.515    g_int4.u_p520/u_engine/u_mul/s10/DSP_M_DATA.V_DATA<17>
    DSP48E2_X17Y50       DSP_ALU (Prop_DSP_ALU_DSP48E2_V_DATA[17]_ALU_OUT[17])
                                                      0.571     6.086 f  g_int4.u_p520/u_engine/u_mul/s10/DSP_ALU_INST/ALU_OUT[17]
                         net (fo=1, routed)           0.000     6.086    g_int4.u_p520/u_engine/u_mul/s10/DSP_ALU.ALU_OUT<17>
    DSP48E2_X17Y50       DSP_OUTPUT (Prop_DSP_OUTPUT_DSP48E2_ALU_OUT[17]_P[17])
                                                      0.109     6.195 r  g_int4.u_p520/u_engine/u_mul/s10/DSP_OUTPUT_INST/P[17]
                         net (fo=2, routed)           0.283     6.478    g_int4.u_p520/u_engine/u_mul/s10_n_88
    SLICE_X90Y127        CARRY8 (Prop_CARRY8_SLICEM_DI[0]_O[7])
                                                      0.211     6.689 r  g_int4.u_p520/u_engine/u_mul/s10_inferred__0/i__carry/O[7]
                         net (fo=1, routed)           0.233     6.922    g_int4.u_p520/u_engine/u_mul/s2_reg/A[5]
    DSP48E2_X17Y51       DSP_A_B_DATA                                 r  g_int4.u_p520/u_engine/u_mul/s2_reg/DSP_A_B_DATA_INST/A[5]
  -------------------------------------------------------------------    -------------------

                         (clock clk rise edge)        5.000     5.000 r  
    R10                                               0.000     5.000 r  clk (IN)
                         net (fo=0)                   0.000     5.000    clk_IBUF_inst/I
    R10                  INBUF (Prop_INBUF_HPIOB_M_PAD_O)
                                                      0.271     5.271 r  clk_IBUF_inst/INBUF_INST/O
                         net (fo=1, routed)           0.000     5.271    clk_IBUF_inst/OUT
    R10                  IBUFCTRL (Prop_IBUFCTRL_HPIOB_M_I_O)
                                                      0.000     5.271 r  clk_IBUF_inst/IBUFCTRL_INST/O
                         net (fo=1, routed)           0.293     5.564    clk_IBUF
    BUFGCE_X0Y77         BUFGCE (Prop_BUFCE_BUFGCE_I_O)
                                                      0.024     5.588 r  clk_IBUF_BUFG_inst/O
    X3Y2 (CLOCK_ROOT)    net (fo=367, routed)         1.736     7.324    g_int4.u_p520/u_engine/u_mul/s2_reg/CLK
    DSP48E2_X17Y51       DSP_A_B_DATA                                 r  g_int4.u_p520/u_engine/u_mul/s2_reg/DSP_A_B_DATA_INST/CLK
                         clock pessimism              0.424     7.748    
                         clock uncertainty           -0.035     7.713    
    DSP48E2_X17Y51       DSP_A_B_DATA (Setup_DSP_A_B_DATA_DSP48E2_CLK_A[5])
                                                     -0.267     7.446    g_int4.u_p520/u_engine/u_mul/s2_reg/DSP_A_B_DATA_INST
  -------------------------------------------------------------------
                         required time                          7.446    
                         arrival time                          -6.922    
  -------------------------------------------------------------------
                         slack                                  0.524    

Slack (MET) :             0.533ns  (required time - arrival time)
  Source:                 g_int4.u_p520/u_engine/u_mul/s4_reg[19]/C
                            (rising edge-triggered cell FDRE clocked by clk  {rise@0.000ns fall@2.500ns period=5.000ns})
  Destination:            g_int4.u_p520/u_engine/u_mul/p_out_reg[1]/D
                            (rising edge-triggered cell FDRE clocked by clk  {rise@0.000ns fall@2.500ns period=5.000ns})
  Path Group:             clk
  Path Type:              Setup (Max at Slow Process Corner)
  Requirement:            5.000ns  (clk rise@5.000ns - clk rise@0.000ns)
  Data Path Delay:        4.373ns  (logic 1.625ns (37.156%)  route 2.748ns (62.844%))
  Logic Levels:           14  (CARRY8=5 LUT3=2 LUT4=1 LUT5=2 LUT6=4)
  Clock Path Skew:        -0.084ns (DCD - SCD + CPR)
    Destination Clock Delay (DCD):    2.306ns = ( 7.306 - 5.000 ) 
    Source Clock Delay      (SCD):    2.811ns
    Clock Pessimism Removal (CPR):    0.421ns
  Clock Uncertainty:      0.035ns  ((TSJ^2 + TIJ^2)^1/2 + DJ) / 2 + PE
    Total System Jitter     (TSJ):    0.071ns
    Total Input Jitter      (TIJ):    0.000ns
    Discrete Jitter          (DJ):    0.000ns
    Phase Error              (PE):    0.000ns
  Clock Net Delay (Source):      1.929ns (routing 0.878ns, distribution 1.051ns)
  Clock Net Delay (Destination): 1.718ns (routing 0.799ns, distribution 0.919ns)

    Location             Delay type                Incr(ns)  Path(ns)    Netlist Resource(s)
  -------------------------------------------------------------------    -------------------
                         (clock clk rise edge)        0.000     0.000 r  
    R10                                               0.000     0.000 r  clk (IN)
                         net (fo=0)                   0.000     0.000    clk_IBUF_inst/I
    R10                  INBUF (Prop_INBUF_HPIOB_M_PAD_O)
                                                      0.521     0.521 r  clk_IBUF_inst/INBUF_INST/O
                         net (fo=1, routed)           0.000     0.521    clk_IBUF_inst/OUT
    R10                  IBUFCTRL (Prop_IBUFCTRL_HPIOB_M_I_O)
                                                      0.000     0.521 r  clk_IBUF_inst/IBUFCTRL_INST/O
                         net (fo=1, routed)           0.332     0.853    clk_IBUF
    BUFGCE_X0Y77         BUFGCE (Prop_BUFCE_BUFGCE_I_O)
                                                      0.028     0.881 r  clk_IBUF_BUFG_inst/O
    X3Y2 (CLOCK_ROOT)    net (fo=367, routed)         1.929     2.811    g_int4.u_p520/u_engine/u_mul/clk_IBUF_BUFG
    SLICE_X90Y146        FDRE                                         r  g_int4.u_p520/u_engine/u_mul/s4_reg[19]/C
  -------------------------------------------------------------------    -------------------
    SLICE_X90Y146        FDRE (Prop_DFF_SLICEM_C_Q)
                                                      0.078     2.889 r  g_int4.u_p520/u_engine/u_mul/s4_reg[19]/Q
                         net (fo=22, routed)          0.327     3.216    g_int4.u_p520/u_engine/u_mul/s4_reg_n_0_[19]
    SLICE_X92Y147        CARRY8 (Prop_CARRY8_SLICEL_S[0]_CO[7])
                                                      0.190     3.406 r  g_int4.u_p520/u_engine/u_mul/fold_once_return0_inferred__0/i___173_carry/CO[7]
                         net (fo=1, routed)           0.026     3.432    g_int4.u_p520/u_engine/u_mul/fold_once_return0_inferred__0/i___173_carry_n_0
    SLICE_X92Y148        CARRY8 (Prop_CARRY8_SLICEL_CI_O[5])
                                                      0.116     3.548 r  g_int4.u_p520/u_engine/u_mul/fold_once_return0_inferred__0/i___173_carry__0/O[5]
                         net (fo=3, routed)           0.419     3.967    g_int4.u_p520/u_engine/u_mul/fold_once_return0_inferred__0/i___173_carry__0_n_10
    SLICE_X95Y149        LUT3 (Prop_G6LUT_SLICEL_I0_O)
                                                      0.089     4.056 r  g_int4.u_p520/u_engine/u_mul/i___317_carry__0_i_24/O
                         net (fo=2, routed)           0.146     4.202    g_int4.u_p520/u_engine/u_mul/i___317_carry__0_i_24_n_0
    SLICE_X95Y148        LUT5 (Prop_C5LUT_SLICEL_I1_O)
                                                      0.110     4.312 r  g_int4.u_p520/u_engine/u_mul/i___317_carry__1_i_8/O
                         net (fo=2, routed)           0.412     4.723    g_int4.u_p520/u_engine/u_mul/i___317_carry__1_i_8_n_0
    SLICE_X93Y150        LUT6 (Prop_A6LUT_SLICEM_I0_O)
                                                      0.090     4.813 r  g_int4.u_p520/u_engine/u_mul/i___317_carry__1_i_16/O
                         net (fo=1, routed)           0.013     4.826    g_int4.u_p520/u_engine/u_mul/i___317_carry__1_i_16_n_0
    SLICE_X93Y150        CARRY8 (Prop_CARRY8_SLICEM_S[0]_O[4])
                                                      0.206     5.032 r  g_int4.u_p520/u_engine/u_mul/fold_once_return0_inferred__0/i___317_carry__1/O[4]
                         net (fo=1, routed)           0.428     5.460    g_int4.u_p520/u_engine/u_mul/fold_once_return0[24]
    SLICE_X94Y150        CARRY8 (Prop_CARRY8_SLICEL_S[0]_CO[7])
                                                      0.190     5.650 r  g_int4.u_p520/u_engine/u_mul/p_out_reg[18]_i_14/CO[7]
                         net (fo=1, routed)           0.026     5.676    g_int4.u_p520/u_engine/u_mul/p_out_reg[18]_i_14_n_0
    SLICE_X94Y151        CARRY8 (Prop_CARRY8_SLICEL_CI_O[3])
                                                      0.082     5.758 f  g_int4.u_p520/u_engine/u_mul/p_out_reg[18]_i_13/O[3]
                         net (fo=1, routed)           0.244     6.002    g_int4.u_p520/u_engine/u_mul/p_out_reg[18]_i_13_n_12
    SLICE_X96Y151        LUT4 (Prop_H6LUT_SLICEM_I0_O)
                                                      0.152     6.154 f  g_int4.u_p520/u_engine/u_mul/p_out[18]_i_18/O
                         net (fo=1, routed)           0.093     6.247    g_int4.u_p520/u_engine/u_mul/p_out[18]_i_18_n_0
    SLICE_X95Y151        LUT5 (Prop_E6LUT_SLICEL_I4_O)
                                                      0.090     6.337 f  g_int4.u_p520/u_engine/u_mul/p_out[18]_i_17/O
                         net (fo=1, routed)           0.138     6.475    g_int4.u_p520/u_engine/u_mul/p_out[18]_i_17_n_0
    SLICE_X95Y152        LUT6 (Prop_G6LUT_SLICEL_I5_O)
                                                      0.097     6.572 f  g_int4.u_p520/u_engine/u_mul/p_out[18]_i_11/O
                         net (fo=1, routed)           0.158     6.730    g_int4.u_p520/u_engine/u_mul/p_out[18]_i_11_n_0
    SLICE_X95Y148        LUT6 (Prop_F6LUT_SLICEL_I4_O)
                                                      0.049     6.779 f  g_int4.u_p520/u_engine/u_mul/p_out[18]_i_5/O
                         net (fo=1, routed)           0.090     6.869    g_int4.u_p520/u_engine/u_mul/p_out[18]_i_5_n_0
    SLICE_X95Y146        LUT6 (Prop_H6LUT_SLICEL_I5_O)
                                                      0.036     6.905 r  g_int4.u_p520/u_engine/u_mul/p_out[18]_i_2/O
                         net (fo=19, routed)          0.179     7.084    g_int4.u_p520/u_engine/u_mul/p_out[18]_i_2_n_0
    SLICE_X95Y144        LUT3 (Prop_C6LUT_SLICEL_I1_O)
                                                      0.050     7.134 r  g_int4.u_p520/u_engine/u_mul/p_out[1]_i_1/O
                         net (fo=1, routed)           0.050     7.184    g_int4.u_p520/u_engine/u_mul/normalize_return[1]
    SLICE_X95Y144        FDRE                                         r  g_int4.u_p520/u_engine/u_mul/p_out_reg[1]/D
  -------------------------------------------------------------------    -------------------

                         (clock clk rise edge)        5.000     5.000 r  
    R10                                               0.000     5.000 r  clk (IN)
                         net (fo=0)                   0.000     5.000    clk_IBUF_inst/I
    R10                  INBUF (Prop_INBUF_HPIOB_M_PAD_O)
                                                      0.271     5.271 r  clk_IBUF_inst/INBUF_INST/O
                         net (fo=1, routed)           0.000     5.271    clk_IBUF_inst/OUT
    R10                  IBUFCTRL (Prop_IBUFCTRL_HPIOB_M_I_O)
                                                      0.000     5.271 r  clk_IBUF_inst/IBUFCTRL_INST/O
                         net (fo=1, routed)           0.293     5.564    clk_IBUF
    BUFGCE_X0Y77         BUFGCE (Prop_BUFCE_BUFGCE_I_O)
                                                      0.024     5.588 r  clk_IBUF_BUFG_inst/O
    X3Y2 (CLOCK_ROOT)    net (fo=367, routed)         1.718     7.306    g_int4.u_p520/u_engine/u_mul/clk_IBUF_BUFG
    SLICE_X95Y144        FDRE                                         r  g_int4.u_p520/u_engine/u_mul/p_out_reg[1]/C
                         clock pessimism              0.421     7.727    
                         clock uncertainty           -0.035     7.692    
    SLICE_X95Y144        FDRE (Setup_CFF_SLICEL_C_D)
                                                      0.025     7.717    g_int4.u_p520/u_engine/u_mul/p_out_reg[1]
  -------------------------------------------------------------------
                         required time                          7.717    
                         arrival time                          -7.184    
  -------------------------------------------------------------------
                         slack                                  0.533    

Slack (MET) :             0.534ns  (required time - arrival time)
  Source:                 g_int4.u_p520/u_engine/u_mul/s4_reg[19]/C
                            (rising edge-triggered cell FDRE clocked by clk  {rise@0.000ns fall@2.500ns period=5.000ns})
  Destination:            g_int4.u_p520/u_engine/u_mul/p_out_reg[3]/D
                            (rising edge-triggered cell FDRE clocked by clk  {rise@0.000ns fall@2.500ns period=5.000ns})
  Path Group:             clk
  Path Type:              Setup (Max at Slow Process Corner)
  Requirement:            5.000ns  (clk rise@5.000ns - clk rise@0.000ns)
  Data Path Delay:        4.372ns  (logic 1.626ns (37.190%)  route 2.746ns (62.810%))
  Logic Levels:           14  (CARRY8=5 LUT3=2 LUT4=1 LUT5=2 LUT6=4)
  Clock Path Skew:        -0.084ns (DCD - SCD + CPR)
    Destination Clock Delay (DCD):    2.306ns = ( 7.306 - 5.000 ) 
    Source Clock Delay      (SCD):    2.811ns
    Clock Pessimism Removal (CPR):    0.421ns
  Clock Uncertainty:      0.035ns  ((TSJ^2 + TIJ^2)^1/2 + DJ) / 2 + PE
    Total System Jitter     (TSJ):    0.071ns
    Total Input Jitter      (TIJ):    0.000ns
    Discrete Jitter          (DJ):    0.000ns
    Phase Error              (PE):    0.000ns
  Clock Net Delay (Source):      1.929ns (routing 0.878ns, distribution 1.051ns)
  Clock Net Delay (Destination): 1.718ns (routing 0.799ns, distribution 0.919ns)

    Location             Delay type                Incr(ns)  Path(ns)    Netlist Resource(s)
  -------------------------------------------------------------------    -------------------
                         (clock clk rise edge)        0.000     0.000 r  
    R10                                               0.000     0.000 r  clk (IN)
                         net (fo=0)                   0.000     0.000    clk_IBUF_inst/I
    R10                  INBUF (Prop_INBUF_HPIOB_M_PAD_O)
                                                      0.521     0.521 r  clk_IBUF_inst/INBUF_INST/O
                         net (fo=1, routed)           0.000     0.521    clk_IBUF_inst/OUT
    R10                  IBUFCTRL (Prop_IBUFCTRL_HPIOB_M_I_O)
                                                      0.000     0.521 r  clk_IBUF_inst/IBUFCTRL_INST/O
                         net (fo=1, routed)           0.332     0.853    clk_IBUF
    BUFGCE_X0Y77         BUFGCE (Prop_BUFCE_BUFGCE_I_O)
                                                      0.028     0.881 r  clk_IBUF_BUFG_inst/O
    X3Y2 (CLOCK_ROOT)    net (fo=367, routed)         1.929     2.811    g_int4.u_p520/u_engine/u_mul/clk_IBUF_BUFG
    SLICE_X90Y146        FDRE                                         r  g_int4.u_p520/u_engine/u_mul/s4_reg[19]/C
  -------------------------------------------------------------------    -------------------
    SLICE_X90Y146        FDRE (Prop_DFF_SLICEM_C_Q)
                                                      0.078     2.889 r  g_int4.u_p520/u_engine/u_mul/s4_reg[19]/Q
                         net (fo=22, routed)          0.327     3.216    g_int4.u_p520/u_engine/u_mul/s4_reg_n_0_[19]
    SLICE_X92Y147        CARRY8 (Prop_CARRY8_SLICEL_S[0]_CO[7])
                                                      0.190     3.406 r  g_int4.u_p520/u_engine/u_mul/fold_once_return0_inferred__0/i___173_carry/CO[7]
                         net (fo=1, routed)           0.026     3.432    g_int4.u_p520/u_engine/u_mul/fold_once_return0_inferred__0/i___173_carry_n_0
    SLICE_X92Y148        CARRY8 (Prop_CARRY8_SLICEL_CI_O[5])
                                                      0.116     3.548 r  g_int4.u_p520/u_engine/u_mul/fold_once_return0_inferred__0/i___173_carry__0/O[5]
                         net (fo=3, routed)           0.419     3.967    g_int4.u_p520/u_engine/u_mul/fold_once_return0_inferred__0/i___173_carry__0_n_10
    SLICE_X95Y149        LUT3 (Prop_G6LUT_SLICEL_I0_O)
                                                      0.089     4.056 r  g_int4.u_p520/u_engine/u_mul/i___317_carry__0_i_24/O
                         net (fo=2, routed)           0.146     4.202    g_int4.u_p520/u_engine/u_mul/i___317_carry__0_i_24_n_0
    SLICE_X95Y148        LUT5 (Prop_C5LUT_SLICEL_I1_O)
                                                      0.110     4.312 r  g_int4.u_p520/u_engine/u_mul/i___317_carry__1_i_8/O
                         net (fo=2, routed)           0.412     4.723    g_int4.u_p520/u_engine/u_mul/i___317_carry__1_i_8_n_0
    SLICE_X93Y150        LUT6 (Prop_A6LUT_SLICEM_I0_O)
                                                      0.090     4.813 r  g_int4.u_p520/u_engine/u_mul/i___317_carry__1_i_16/O
                         net (fo=1, routed)           0.013     4.826    g_int4.u_p520/u_engine/u_mul/i___317_carry__1_i_16_n_0
    SLICE_X93Y150        CARRY8 (Prop_CARRY8_SLICEM_S[0]_O[4])
                                                      0.206     5.032 r  g_int4.u_p520/u_engine/u_mul/fold_once_return0_inferred__0/i___317_carry__1/O[4]
                         net (fo=1, routed)           0.428     5.460    g_int4.u_p520/u_engine/u_mul/fold_once_return0[24]
    SLICE_X94Y150        CARRY8 (Prop_CARRY8_SLICEL_S[0]_CO[7])
                                                      0.190     5.650 r  g_int4.u_p520/u_engine/u_mul/p_out_reg[18]_i_14/CO[7]
                         net (fo=1, routed)           0.026     5.676    g_int4.u_p520/u_engine/u_mul/p_out_reg[18]_i_14_n_0
    SLICE_X94Y151        CARRY8 (Prop_CARRY8_SLICEL_CI_O[3])
                                                      0.082     5.758 f  g_int4.u_p520/u_engine/u_mul/p_out_reg[18]_i_13/O[3]
                         net (fo=1, routed)           0.244     6.002    g_int4.u_p520/u_engine/u_mul/p_out_reg[18]_i_13_n_12
    SLICE_X96Y151        LUT4 (Prop_H6LUT_SLICEM_I0_O)
                                                      0.152     6.154 f  g_int4.u_p520/u_engine/u_mul/p_out[18]_i_18/O
                         net (fo=1, routed)           0.093     6.247    g_int4.u_p520/u_engine/u_mul/p_out[18]_i_18_n_0
    SLICE_X95Y151        LUT5 (Prop_E6LUT_SLICEL_I4_O)
                                                      0.090     6.337 f  g_int4.u_p520/u_engine/u_mul/p_out[18]_i_17/O
                         net (fo=1, routed)           0.138     6.475    g_int4.u_p520/u_engine/u_mul/p_out[18]_i_17_n_0
    SLICE_X95Y152        LUT6 (Prop_G6LUT_SLICEL_I5_O)
                                                      0.097     6.572 f  g_int4.u_p520/u_engine/u_mul/p_out[18]_i_11/O
                         net (fo=1, routed)           0.158     6.730    g_int4.u_p520/u_engine/u_mul/p_out[18]_i_11_n_0
    SLICE_X95Y148        LUT6 (Prop_F6LUT_SLICEL_I4_O)
                                                      0.049     6.779 f  g_int4.u_p520/u_engine/u_mul/p_out[18]_i_5/O
                         net (fo=1, routed)           0.090     6.869    g_int4.u_p520/u_engine/u_mul/p_out[18]_i_5_n_0
    SLICE_X95Y146        LUT6 (Prop_H6LUT_SLICEL_I5_O)
                                                      0.036     6.905 r  g_int4.u_p520/u_engine/u_mul/p_out[18]_i_2/O
                         net (fo=19, routed)          0.178     7.083    g_int4.u_p520/u_engine/u_mul/p_out[18]_i_2_n_0
    SLICE_X95Y144        LUT3 (Prop_B6LUT_SLICEL_I1_O)
                                                      0.051     7.134 r  g_int4.u_p520/u_engine/u_mul/p_out[3]_i_1/O
                         net (fo=1, routed)           0.049     7.183    g_int4.u_p520/u_engine/u_mul/normalize_return[3]
    SLICE_X95Y144        FDRE                                         r  g_int4.u_p520/u_engine/u_mul/p_out_reg[3]/D
  -------------------------------------------------------------------    -------------------

                         (clock clk rise edge)        5.000     5.000 r  
    R10                                               0.000     5.000 r  clk (IN)
                         net (fo=0)                   0.000     5.000    clk_IBUF_inst/I
    R10                  INBUF (Prop_INBUF_HPIOB_M_PAD_O)
                                                      0.271     5.271 r  clk_IBUF_inst/INBUF_INST/O
                         net (fo=1, routed)           0.000     5.271    clk_IBUF_inst/OUT
    R10                  IBUFCTRL (Prop_IBUFCTRL_HPIOB_M_I_O)
                                                      0.000     5.271 r  clk_IBUF_inst/IBUFCTRL_INST/O
                         net (fo=1, routed)           0.293     5.564    clk_IBUF
    BUFGCE_X0Y77         BUFGCE (Prop_BUFCE_BUFGCE_I_O)
                                                      0.024     5.588 r  clk_IBUF_BUFG_inst/O
    X3Y2 (CLOCK_ROOT)    net (fo=367, routed)         1.718     7.306    g_int4.u_p520/u_engine/u_mul/clk_IBUF_BUFG
    SLICE_X95Y144        FDRE                                         r  g_int4.u_p520/u_engine/u_mul/p_out_reg[3]/C
                         clock pessimism              0.421     7.727    
                         clock uncertainty           -0.035     7.692    
    SLICE_X95Y144        FDRE (Setup_BFF_SLICEL_C_D)
                                                      0.025     7.717    g_int4.u_p520/u_engine/u_mul/p_out_reg[3]
  -------------------------------------------------------------------
                         required time                          7.717    
                         arrival time                          -7.183    
  -------------------------------------------------------------------
                         slack                                  0.534    

Slack (MET) :             0.535ns  (required time - arrival time)
  Source:                 g_int4.u_p520/u_engine/u_mul/s4_reg[19]/C
                            (rising edge-triggered cell FDRE clocked by clk  {rise@0.000ns fall@2.500ns period=5.000ns})
  Destination:            g_int4.u_p520/u_engine/u_mul/p_out_reg[5]/D
                            (rising edge-triggered cell FDRE clocked by clk  {rise@0.000ns fall@2.500ns period=5.000ns})
  Path Group:             clk
  Path Type:              Setup (Max at Slow Process Corner)
  Requirement:            5.000ns  (clk rise@5.000ns - clk rise@0.000ns)
  Data Path Delay:        4.371ns  (logic 1.625ns (37.176%)  route 2.746ns (62.824%))
  Logic Levels:           14  (CARRY8=5 LUT3=2 LUT4=1 LUT5=2 LUT6=4)
  Clock Path Skew:        -0.084ns (DCD - SCD + CPR)
    Destination Clock Delay (DCD):    2.306ns = ( 7.306 - 5.000 ) 
    Source Clock Delay      (SCD):    2.811ns
    Clock Pessimism Removal (CPR):    0.421ns
  Clock Uncertainty:      0.035ns  ((TSJ^2 + TIJ^2)^1/2 + DJ) / 2 + PE
    Total System Jitter     (TSJ):    0.071ns
    Total Input Jitter      (TIJ):    0.000ns
    Discrete Jitter          (DJ):    0.000ns
    Phase Error              (PE):    0.000ns
  Clock Net Delay (Source):      1.929ns (routing 0.878ns, distribution 1.051ns)
  Clock Net Delay (Destination): 1.718ns (routing 0.799ns, distribution 0.919ns)

    Location             Delay type                Incr(ns)  Path(ns)    Netlist Resource(s)
  -------------------------------------------------------------------    -------------------
                         (clock clk rise edge)        0.000     0.000 r  
    R10                                               0.000     0.000 r  clk (IN)
                         net (fo=0)                   0.000     0.000    clk_IBUF_inst/I
    R10                  INBUF (Prop_INBUF_HPIOB_M_PAD_O)
                                                      0.521     0.521 r  clk_IBUF_inst/INBUF_INST/O
                         net (fo=1, routed)           0.000     0.521    clk_IBUF_inst/OUT
    R10                  IBUFCTRL (Prop_IBUFCTRL_HPIOB_M_I_O)
                                                      0.000     0.521 r  clk_IBUF_inst/IBUFCTRL_INST/O
                         net (fo=1, routed)           0.332     0.853    clk_IBUF
    BUFGCE_X0Y77         BUFGCE (Prop_BUFCE_BUFGCE_I_O)
                                                      0.028     0.881 r  clk_IBUF_BUFG_inst/O
    X3Y2 (CLOCK_ROOT)    net (fo=367, routed)         1.929     2.811    g_int4.u_p520/u_engine/u_mul/clk_IBUF_BUFG
    SLICE_X90Y146        FDRE                                         r  g_int4.u_p520/u_engine/u_mul/s4_reg[19]/C
  -------------------------------------------------------------------    -------------------
    SLICE_X90Y146        FDRE (Prop_DFF_SLICEM_C_Q)
                                                      0.078     2.889 r  g_int4.u_p520/u_engine/u_mul/s4_reg[19]/Q
                         net (fo=22, routed)          0.327     3.216    g_int4.u_p520/u_engine/u_mul/s4_reg_n_0_[19]
    SLICE_X92Y147        CARRY8 (Prop_CARRY8_SLICEL_S[0]_CO[7])
                                                      0.190     3.406 r  g_int4.u_p520/u_engine/u_mul/fold_once_return0_inferred__0/i___173_carry/CO[7]
                         net (fo=1, routed)           0.026     3.432    g_int4.u_p520/u_engine/u_mul/fold_once_return0_inferred__0/i___173_carry_n_0
    SLICE_X92Y148        CARRY8 (Prop_CARRY8_SLICEL_CI_O[5])
                                                      0.116     3.548 r  g_int4.u_p520/u_engine/u_mul/fold_once_return0_inferred__0/i___173_carry__0/O[5]
                         net (fo=3, routed)           0.419     3.967    g_int4.u_p520/u_engine/u_mul/fold_once_return0_inferred__0/i___173_carry__0_n_10
    SLICE_X95Y149        LUT3 (Prop_G6LUT_SLICEL_I0_O)
                                                      0.089     4.056 r  g_int4.u_p520/u_engine/u_mul/i___317_carry__0_i_24/O
                         net (fo=2, routed)           0.146     4.202    g_int4.u_p520/u_engine/u_mul/i___317_carry__0_i_24_n_0
    SLICE_X95Y148        LUT5 (Prop_C5LUT_SLICEL_I1_O)
                                                      0.110     4.312 r  g_int4.u_p520/u_engine/u_mul/i___317_carry__1_i_8/O
                         net (fo=2, routed)           0.412     4.723    g_int4.u_p520/u_engine/u_mul/i___317_carry__1_i_8_n_0
    SLICE_X93Y150        LUT6 (Prop_A6LUT_SLICEM_I0_O)
                                                      0.090     4.813 r  g_int4.u_p520/u_engine/u_mul/i___317_carry__1_i_16/O
                         net (fo=1, routed)           0.013     4.826    g_int4.u_p520/u_engine/u_mul/i___317_carry__1_i_16_n_0
    SLICE_X93Y150        CARRY8 (Prop_CARRY8_SLICEM_S[0]_O[4])
                                                      0.206     5.032 r  g_int4.u_p520/u_engine/u_mul/fold_once_return0_inferred__0/i___317_carry__1/O[4]
                         net (fo=1, routed)           0.428     5.460    g_int4.u_p520/u_engine/u_mul/fold_once_return0[24]
    SLICE_X94Y150        CARRY8 (Prop_CARRY8_SLICEL_S[0]_CO[7])
                                                      0.190     5.650 r  g_int4.u_p520/u_engine/u_mul/p_out_reg[18]_i_14/CO[7]
                         net (fo=1, routed)           0.026     5.676    g_int4.u_p520/u_engine/u_mul/p_out_reg[18]_i_14_n_0
    SLICE_X94Y151        CARRY8 (Prop_CARRY8_SLICEL_CI_O[3])
                                                      0.082     5.758 f  g_int4.u_p520/u_engine/u_mul/p_out_reg[18]_i_13/O[3]
                         net (fo=1, routed)           0.244     6.002    g_int4.u_p520/u_engine/u_mul/p_out_reg[18]_i_13_n_12
    SLICE_X96Y151        LUT4 (Prop_H6LUT_SLICEM_I0_O)
                                                      0.152     6.154 f  g_int4.u_p520/u_engine/u_mul/p_out[18]_i_18/O
                         net (fo=1, routed)           0.093     6.247    g_int4.u_p520/u_engine/u_mul/p_out[18]_i_18_n_0
    SLICE_X95Y151        LUT5 (Prop_E6LUT_SLICEL_I4_O)
                                                      0.090     6.337 f  g_int4.u_p520/u_engine/u_mul/p_out[18]_i_17/O
                         net (fo=1, routed)           0.138     6.475    g_int4.u_p520/u_engine/u_mul/p_out[18]_i_17_n_0
    SLICE_X95Y152        LUT6 (Prop_G6LUT_SLICEL_I5_O)
                                                      0.097     6.572 f  g_int4.u_p520/u_engine/u_mul/p_out[18]_i_11/O
                         net (fo=1, routed)           0.158     6.730    g_int4.u_p520/u_engine/u_mul/p_out[18]_i_11_n_0
    SLICE_X95Y148        LUT6 (Prop_F6LUT_SLICEL_I4_O)
                                                      0.049     6.779 f  g_int4.u_p520/u_engine/u_mul/p_out[18]_i_5/O
                         net (fo=1, routed)           0.090     6.869    g_int4.u_p520/u_engine/u_mul/p_out[18]_i_5_n_0
    SLICE_X95Y146        LUT6 (Prop_H6LUT_SLICEL_I5_O)
                                                      0.036     6.905 r  g_int4.u_p520/u_engine/u_mul/p_out[18]_i_2/O
                         net (fo=19, routed)          0.179     7.084    g_int4.u_p520/u_engine/u_mul/p_out[18]_i_2_n_0
    SLICE_X95Y144        LUT3 (Prop_A6LUT_SLICEL_I1_O)
                                                      0.050     7.134 r  g_int4.u_p520/u_engine/u_mul/p_out[5]_i_1/O
                         net (fo=1, routed)           0.048     7.182    g_int4.u_p520/u_engine/u_mul/normalize_return[5]
    SLICE_X95Y144        FDRE                                         r  g_int4.u_p520/u_engine/u_mul/p_out_reg[5]/D
  -------------------------------------------------------------------    -------------------

                         (clock clk rise edge)        5.000     5.000 r  
    R10                                               0.000     5.000 r  clk (IN)
                         net (fo=0)                   0.000     5.000    clk_IBUF_inst/I
    R10                  INBUF (Prop_INBUF_HPIOB_M_PAD_O)
                                                      0.271     5.271 r  clk_IBUF_inst/INBUF_INST/O
                         net (fo=1, routed)           0.000     5.271    clk_IBUF_inst/OUT
    R10                  IBUFCTRL (Prop_IBUFCTRL_HPIOB_M_I_O)
                                                      0.000     5.271 r  clk_IBUF_inst/IBUFCTRL_INST/O
                         net (fo=1, routed)           0.293     5.564    clk_IBUF
    BUFGCE_X0Y77         BUFGCE (Prop_BUFCE_BUFGCE_I_O)
                                                      0.024     5.588 r  clk_IBUF_BUFG_inst/O
    X3Y2 (CLOCK_ROOT)    net (fo=367, routed)         1.718     7.306    g_int4.u_p520/u_engine/u_mul/clk_IBUF_BUFG
    SLICE_X95Y144        FDRE                                         r  g_int4.u_p520/u_engine/u_mul/p_out_reg[5]/C
                         clock pessimism              0.421     7.727    
                         clock uncertainty           -0.035     7.692    
    SLICE_X95Y144        FDRE (Setup_AFF_SLICEL_C_D)
                                                      0.025     7.717    g_int4.u_p520/u_engine/u_mul/p_out_reg[5]
  -------------------------------------------------------------------
                         required time                          7.717    
                         arrival time                          -7.182    
  -------------------------------------------------------------------
                         slack                                  0.535    

Slack (MET) :             0.540ns  (required time - arrival time)
  Source:                 g_int4.u_p520/u_engine/u_mul/s4_reg[19]/C
                            (rising edge-triggered cell FDRE clocked by clk  {rise@0.000ns fall@2.500ns period=5.000ns})
  Destination:            g_int4.u_p520/u_engine/u_mul/p_out_reg[11]/D
                            (rising edge-triggered cell FDRE clocked by clk  {rise@0.000ns fall@2.500ns period=5.000ns})
  Path Group:             clk
  Path Type:              Setup (Max at Slow Process Corner)
  Requirement:            5.000ns  (clk rise@5.000ns - clk rise@0.000ns)
  Data Path Delay:        4.360ns  (logic 1.674ns (38.391%)  route 2.686ns (61.609%))
  Logic Levels:           14  (CARRY8=5 LUT3=2 LUT4=1 LUT5=2 LUT6=4)
  Clock Path Skew:        -0.089ns (DCD - SCD + CPR)
    Destination Clock Delay (DCD):    2.300ns = ( 7.300 - 5.000 ) 
    Source Clock Delay      (SCD):    2.811ns
    Clock Pessimism Removal (CPR):    0.421ns
  Clock Uncertainty:      0.035ns  ((TSJ^2 + TIJ^2)^1/2 + DJ) / 2 + PE
    Total System Jitter     (TSJ):    0.071ns
    Total Input Jitter      (TIJ):    0.000ns
    Discrete Jitter          (DJ):    0.000ns
    Phase Error              (PE):    0.000ns
  Clock Net Delay (Source):      1.929ns (routing 0.878ns, distribution 1.051ns)
  Clock Net Delay (Destination): 1.712ns (routing 0.799ns, distribution 0.913ns)

    Location             Delay type                Incr(ns)  Path(ns)    Netlist Resource(s)
  -------------------------------------------------------------------    -------------------
                         (clock clk rise edge)        0.000     0.000 r  
    R10                                               0.000     0.000 r  clk (IN)
                         net (fo=0)                   0.000     0.000    clk_IBUF_inst/I
    R10                  INBUF (Prop_INBUF_HPIOB_M_PAD_O)
                                                      0.521     0.521 r  clk_IBUF_inst/INBUF_INST/O
                         net (fo=1, routed)           0.000     0.521    clk_IBUF_inst/OUT
    R10                  IBUFCTRL (Prop_IBUFCTRL_HPIOB_M_I_O)
                                                      0.000     0.521 r  clk_IBUF_inst/IBUFCTRL_INST/O
                         net (fo=1, routed)           0.332     0.853    clk_IBUF
    BUFGCE_X0Y77         BUFGCE (Prop_BUFCE_BUFGCE_I_O)
                                                      0.028     0.881 r  clk_IBUF_BUFG_inst/O
    X3Y2 (CLOCK_ROOT)    net (fo=367, routed)         1.929     2.811    g_int4.u_p520/u_engine/u_mul/clk_IBUF_BUFG
    SLICE_X90Y146        FDRE                                         r  g_int4.u_p520/u_engine/u_mul/s4_reg[19]/C
  -------------------------------------------------------------------    -------------------
    SLICE_X90Y146        FDRE (Prop_DFF_SLICEM_C_Q)
                                                      0.078     2.889 r  g_int4.u_p520/u_engine/u_mul/s4_reg[19]/Q
                         net (fo=22, routed)          0.327     3.216    g_int4.u_p520/u_engine/u_mul/s4_reg_n_0_[19]
    SLICE_X92Y147        CARRY8 (Prop_CARRY8_SLICEL_S[0]_CO[7])
                                                      0.190     3.406 r  g_int4.u_p520/u_engine/u_mul/fold_once_return0_inferred__0/i___173_carry/CO[7]
                         net (fo=1, routed)           0.026     3.432    g_int4.u_p520/u_engine/u_mul/fold_once_return0_inferred__0/i___173_carry_n_0
    SLICE_X92Y148        CARRY8 (Prop_CARRY8_SLICEL_CI_O[5])
                                                      0.116     3.548 r  g_int4.u_p520/u_engine/u_mul/fold_once_return0_inferred__0/i___173_carry__0/O[5]
                         net (fo=3, routed)           0.419     3.967    g_int4.u_p520/u_engine/u_mul/fold_once_return0_inferred__0/i___173_carry__0_n_10
    SLICE_X95Y149        LUT3 (Prop_G6LUT_SLICEL_I0_O)
                                                      0.089     4.056 r  g_int4.u_p520/u_engine/u_mul/i___317_carry__0_i_24/O
                         net (fo=2, routed)           0.146     4.202    g_int4.u_p520/u_engine/u_mul/i___317_carry__0_i_24_n_0
    SLICE_X95Y148        LUT5 (Prop_C5LUT_SLICEL_I1_O)
                                                      0.110     4.312 r  g_int4.u_p520/u_engine/u_mul/i___317_carry__1_i_8/O
                         net (fo=2, routed)           0.412     4.723    g_int4.u_p520/u_engine/u_mul/i___317_carry__1_i_8_n_0
    SLICE_X93Y150        LUT6 (Prop_A6LUT_SLICEM_I0_O)
                                                      0.090     4.813 r  g_int4.u_p520/u_engine/u_mul/i___317_carry__1_i_16/O
                         net (fo=1, routed)           0.013     4.826    g_int4.u_p520/u_engine/u_mul/i___317_carry__1_i_16_n_0
    SLICE_X93Y150        CARRY8 (Prop_CARRY8_SLICEM_S[0]_O[4])
                                                      0.206     5.032 r  g_int4.u_p520/u_engine/u_mul/fold_once_return0_inferred__0/i___317_carry__1/O[4]
                         net (fo=1, routed)           0.428     5.460    g_int4.u_p520/u_engine/u_mul/fold_once_return0[24]
    SLICE_X94Y150        CARRY8 (Prop_CARRY8_SLICEL_S[0]_CO[7])
                                                      0.190     5.650 r  g_int4.u_p520/u_engine/u_mul/p_out_reg[18]_i_14/CO[7]
                         net (fo=1, routed)           0.026     5.676    g_int4.u_p520/u_engine/u_mul/p_out_reg[18]_i_14_n_0
    SLICE_X94Y151        CARRY8 (Prop_CARRY8_SLICEL_CI_O[3])
                                                      0.082     5.758 f  g_int4.u_p520/u_engine/u_mul/p_out_reg[18]_i_13/O[3]
                         net (fo=1, routed)           0.244     6.002    g_int4.u_p520/u_engine/u_mul/p_out_reg[18]_i_13_n_12
    SLICE_X96Y151        LUT4 (Prop_H6LUT_SLICEM_I0_O)
                                                      0.152     6.154 f  g_int4.u_p520/u_engine/u_mul/p_out[18]_i_18/O
                         net (fo=1, routed)           0.093     6.247    g_int4.u_p520/u_engine/u_mul/p_out[18]_i_18_n_0
    SLICE_X95Y151        LUT5 (Prop_E6LUT_SLICEL_I4_O)
                                                      0.090     6.337 f  g_int4.u_p520/u_engine/u_mul/p_out[18]_i_17/O
                         net (fo=1, routed)           0.138     6.475    g_int4.u_p520/u_engine/u_mul/p_out[18]_i_17_n_0
    SLICE_X95Y152        LUT6 (Prop_G6LUT_SLICEL_I5_O)
                                                      0.097     6.572 f  g_int4.u_p520/u_engine/u_mul/p_out[18]_i_11/O
                         net (fo=1, routed)           0.158     6.730    g_int4.u_p520/u_engine/u_mul/p_out[18]_i_11_n_0
    SLICE_X95Y148        LUT6 (Prop_F6LUT_SLICEL_I4_O)
                                                      0.049     6.779 f  g_int4.u_p520/u_engine/u_mul/p_out[18]_i_5/O
                         net (fo=1, routed)           0.090     6.869    g_int4.u_p520/u_engine/u_mul/p_out[18]_i_5_n_0
    SLICE_X95Y146        LUT6 (Prop_H6LUT_SLICEL_I5_O)
                                                      0.036     6.905 r  g_int4.u_p520/u_engine/u_mul/p_out[18]_i_2/O
                         net (fo=19, routed)          0.118     7.023    g_int4.u_p520/u_engine/u_mul/p_out[18]_i_2_n_0
    SLICE_X95Y145        LUT3 (Prop_D6LUT_SLICEL_I1_O)
                                                      0.099     7.122 r  g_int4.u_p520/u_engine/u_mul/p_out[11]_i_1/O
                         net (fo=1, routed)           0.049     7.171    g_int4.u_p520/u_engine/u_mul/normalize_return[11]
    SLICE_X95Y145        FDRE                                         r  g_int4.u_p520/u_engine/u_mul/p_out_reg[11]/D
  -------------------------------------------------------------------    -------------------

                         (clock clk rise edge)        5.000     5.000 r  
    R10                                               0.000     5.000 r  clk (IN)
                         net (fo=0)                   0.000     5.000    clk_IBUF_inst/I
    R10                  INBUF (Prop_INBUF_HPIOB_M_PAD_O)
                                                      0.271     5.271 r  clk_IBUF_inst/INBUF_INST/O
                         net (fo=1, routed)           0.000     5.271    clk_IBUF_inst/OUT
    R10                  IBUFCTRL (Prop_IBUFCTRL_HPIOB_M_I_O)
                                                      0.000     5.271 r  clk_IBUF_inst/IBUFCTRL_INST/O
                         net (fo=1, routed)           0.293     5.564    clk_IBUF
    BUFGCE_X0Y77         BUFGCE (Prop_BUFCE_BUFGCE_I_O)
                                                      0.024     5.588 r  clk_IBUF_BUFG_inst/O
    X3Y2 (CLOCK_ROOT)    net (fo=367, routed)         1.712     7.300    g_int4.u_p520/u_engine/u_mul/clk_IBUF_BUFG
    SLICE_X95Y145        FDRE                                         r  g_int4.u_p520/u_engine/u_mul/p_out_reg[11]/C
                         clock pessimism              0.421     7.721    
                         clock uncertainty           -0.035     7.686    
    SLICE_X95Y145        FDRE (Setup_DFF_SLICEL_C_D)
                                                      0.025     7.711    g_int4.u_p520/u_engine/u_mul/p_out_reg[11]
  -------------------------------------------------------------------
                         required time                          7.711    
                         arrival time                          -7.171    
  -------------------------------------------------------------------
                         slack                                  0.540    

Slack (MET) :             0.541ns  (required time - arrival time)
  Source:                 g_int4.u_p520/u_engine/u_ping/mem_reg_bram_0/CLKBWRCLK
                            (rising edge-triggered cell RAMB36E2 clocked by clk  {rise@0.000ns fall@2.500ns period=5.000ns})
  Destination:            g_int4.u_p520/u_mac_mul/s2_reg/DSP_A_B_DATA_INST/A[4]
                            (rising edge-triggered cell DSP_A_B_DATA clocked by clk  {rise@0.000ns fall@2.500ns period=5.000ns})
  Path Group:             clk
  Path Type:              Setup (Max at Slow Process Corner)
  Requirement:            5.000ns  (clk rise@5.000ns - clk rise@0.000ns)
  Data Path Delay:        3.953ns  (logic 2.741ns (69.333%)  route 1.212ns (30.667%))
  Logic Levels:           8  (CARRY8=1 DSP_A_B_DATA=1 DSP_ALU=1 DSP_M_DATA=1 DSP_MULTIPLIER=1 DSP_OUTPUT=1 DSP_PREADD_DATA=1 LUT3=1)
  Clock Path Skew:        -0.203ns (DCD - SCD + CPR)
    Destination Clock Delay (DCD):    2.328ns = ( 7.328 - 5.000 ) 
    Source Clock Delay      (SCD):    2.955ns
    Clock Pessimism Removal (CPR):    0.424ns
  Clock Uncertainty:      0.035ns  ((TSJ^2 + TIJ^2)^1/2 + DJ) / 2 + PE
    Total System Jitter     (TSJ):    0.071ns
    Total Input Jitter      (TIJ):    0.000ns
    Discrete Jitter          (DJ):    0.000ns
    Phase Error              (PE):    0.000ns
  Clock Net Delay (Source):      2.074ns (routing 0.878ns, distribution 1.196ns)
  Clock Net Delay (Destination): 1.740ns (routing 0.799ns, distribution 0.941ns)

    Location             Delay type                Incr(ns)  Path(ns)    Netlist Resource(s)
  -------------------------------------------------------------------    -------------------
                         (clock clk rise edge)        0.000     0.000 r  
    R10                                               0.000     0.000 r  clk (IN)
                         net (fo=0)                   0.000     0.000    clk_IBUF_inst/I
    R10                  INBUF (Prop_INBUF_HPIOB_M_PAD_O)
                                                      0.521     0.521 r  clk_IBUF_inst/INBUF_INST/O
                         net (fo=1, routed)           0.000     0.521    clk_IBUF_inst/OUT
    R10                  IBUFCTRL (Prop_IBUFCTRL_HPIOB_M_I_O)
                                                      0.000     0.521 r  clk_IBUF_inst/IBUFCTRL_INST/O
                         net (fo=1, routed)           0.332     0.853    clk_IBUF
    BUFGCE_X0Y77         BUFGCE (Prop_BUFCE_BUFGCE_I_O)
                                                      0.028     0.881 r  clk_IBUF_BUFG_inst/O
    X3Y2 (CLOCK_ROOT)    net (fo=367, routed)         2.074     2.955    g_int4.u_p520/u_engine/u_ping/clk_IBUF_BUFG
    RAMB36_X12Y26        RAMB36E2                                     r  g_int4.u_p520/u_engine/u_ping/mem_reg_bram_0/CLKBWRCLK
  -------------------------------------------------------------------    -------------------
    RAMB36_X12Y26        RAMB36E2 (Prop_RAMB36E2_RAMB36_CLKBWRCLK_DOUTBDOUT[3])
                                                      0.908     3.863 f  g_int4.u_p520/u_engine/u_ping/mem_reg_bram_0/DOUTBDOUT[3]
                         net (fo=3, routed)           0.370     4.233    g_int4.u_p520/u_engine/u_ping/ping_a_dout[3]
    SLICE_X92Y128        LUT3 (Prop_C6LUT_SLICEL_I0_O)
                                                      0.123     4.356 f  g_int4.u_p520/u_engine/u_ping/mem_reg_bram_0_i_16__1/O
                         net (fo=6, routed)           0.324     4.681    g_int4.u_p520/u_mac_mul/s10/A[3]
    DSP48E2_X17Y53       DSP_A_B_DATA (Prop_DSP_A_B_DATA_DSP48E2_A[3]_A2_DATA[3])
                                                      0.192     4.873 r  g_int4.u_p520/u_mac_mul/s10/DSP_A_B_DATA_INST/A2_DATA[3]
                         net (fo=1, routed)           0.000     4.873    g_int4.u_p520/u_mac_mul/s10/DSP_A_B_DATA.A2_DATA<3>
    DSP48E2_X17Y53       DSP_PREADD_DATA (Prop_DSP_PREADD_DATA_DSP48E2_A2_DATA[3]_A2A1[3])
                                                      0.076     4.949 r  g_int4.u_p520/u_mac_mul/s10/DSP_PREADD_DATA_INST/A2A1[3]
                         net (fo=1, routed)           0.000     4.949    g_int4.u_p520/u_mac_mul/s10/DSP_PREADD_DATA.A2A1<3>
    DSP48E2_X17Y53       DSP_MULTIPLIER (Prop_DSP_MULTIPLIER_DSP48E2_A2A1[3]_U[17])
                                                      0.505     5.454 f  g_int4.u_p520/u_mac_mul/s10/DSP_MULTIPLIER_INST/U[17]
                         net (fo=1, routed)           0.000     5.454    g_int4.u_p520/u_mac_mul/s10/DSP_MULTIPLIER.U<17>
    DSP48E2_X17Y53       DSP_M_DATA (Prop_DSP_M_DATA_DSP48E2_U[17]_U_DATA[17])
                                                      0.047     5.501 r  g_int4.u_p520/u_mac_mul/s10/DSP_M_DATA_INST/U_DATA[17]
                         net (fo=1, routed)           0.000     5.501    g_int4.u_p520/u_mac_mul/s10/DSP_M_DATA.U_DATA<17>
    DSP48E2_X17Y53       DSP_ALU (Prop_DSP_ALU_DSP48E2_U_DATA[17]_ALU_OUT[17])
                                                      0.585     6.086 f  g_int4.u_p520/u_mac_mul/s10/DSP_ALU_INST/ALU_OUT[17]
                         net (fo=1, routed)           0.000     6.086    g_int4.u_p520/u_mac_mul/s10/DSP_ALU.ALU_OUT<17>
    DSP48E2_X17Y53       DSP_OUTPUT (Prop_DSP_OUTPUT_DSP48E2_ALU_OUT[17]_P[17])
                                                      0.109     6.195 r  g_int4.u_p520/u_mac_mul/s10/DSP_OUTPUT_INST/P[17]
                         net (fo=2, routed)           0.292     6.487    g_int4.u_p520/u_mac_mul/s10_n_88
    SLICE_X90Y132        CARRY8 (Prop_CARRY8_SLICEM_DI[0]_O[6])
                                                      0.196     6.683 r  g_int4.u_p520/u_mac_mul/s2_reg_i_3/O[6]
                         net (fo=1, routed)           0.226     6.909    g_int4.u_p520/u_mac_mul/s2_reg/A[4]
    DSP48E2_X17Y52       DSP_A_B_DATA                                 r  g_int4.u_p520/u_mac_mul/s2_reg/DSP_A_B_DATA_INST/A[4]
  -------------------------------------------------------------------    -------------------

                         (clock clk rise edge)        5.000     5.000 r  
    R10                                               0.000     5.000 r  clk (IN)
                         net (fo=0)                   0.000     5.000    clk_IBUF_inst/I
    R10                  INBUF (Prop_INBUF_HPIOB_M_PAD_O)
                                                      0.271     5.271 r  clk_IBUF_inst/INBUF_INST/O
                         net (fo=1, routed)           0.000     5.271    clk_IBUF_inst/OUT
    R10                  IBUFCTRL (Prop_IBUFCTRL_HPIOB_M_I_O)
                                                      0.000     5.271 r  clk_IBUF_inst/IBUFCTRL_INST/O
                         net (fo=1, routed)           0.293     5.564    clk_IBUF
    BUFGCE_X0Y77         BUFGCE (Prop_BUFCE_BUFGCE_I_O)
                                                      0.024     5.588 r  clk_IBUF_BUFG_inst/O
    X3Y2 (CLOCK_ROOT)    net (fo=367, routed)         1.740     7.328    g_int4.u_p520/u_mac_mul/s2_reg/CLK
    DSP48E2_X17Y52       DSP_A_B_DATA                                 r  g_int4.u_p520/u_mac_mul/s2_reg/DSP_A_B_DATA_INST/CLK
                         clock pessimism              0.424     7.752    
                         clock uncertainty           -0.035     7.717    
    DSP48E2_X17Y52       DSP_A_B_DATA (Setup_DSP_A_B_DATA_DSP48E2_CLK_A[4])
                                                     -0.267     7.450    g_int4.u_p520/u_mac_mul/s2_reg/DSP_A_B_DATA_INST
  -------------------------------------------------------------------
                         required time                          7.450    
                         arrival time                          -6.909    
  -------------------------------------------------------------------
                         slack                                  0.541    

Slack (MET) :             0.543ns  (required time - arrival time)
  Source:                 g_int4.u_p520/u_engine/u_mul/s4_reg[19]/C
                            (rising edge-triggered cell FDRE clocked by clk  {rise@0.000ns fall@2.500ns period=5.000ns})
  Destination:            g_int4.u_p520/u_engine/u_mul/p_out_reg[4]/D
                            (rising edge-triggered cell FDRE clocked by clk  {rise@0.000ns fall@2.500ns period=5.000ns})
  Path Group:             clk
  Path Type:              Setup (Max at Slow Process Corner)
  Requirement:            5.000ns  (clk rise@5.000ns - clk rise@0.000ns)
  Data Path Delay:        4.363ns  (logic 1.648ns (37.771%)  route 2.715ns (62.229%))
  Logic Levels:           14  (CARRY8=5 LUT3=2 LUT4=1 LUT5=2 LUT6=4)
  Clock Path Skew:        -0.084ns (DCD - SCD + CPR)
    Destination Clock Delay (DCD):    2.306ns = ( 7.306 - 5.000 ) 
    Source Clock Delay      (SCD):    2.811ns
    Clock Pessimism Removal (CPR):    0.421ns
  Clock Uncertainty:      0.035ns  ((TSJ^2 + TIJ^2)^1/2 + DJ) / 2 + PE
    Total System Jitter     (TSJ):    0.071ns
    Total Input Jitter      (TIJ):    0.000ns
    Discrete Jitter          (DJ):    0.000ns
    Phase Error              (PE):    0.000ns
  Clock Net Delay (Source):      1.929ns (routing 0.878ns, distribution 1.051ns)
  Clock Net Delay (Destination): 1.718ns (routing 0.799ns, distribution 0.919ns)

    Location             Delay type                Incr(ns)  Path(ns)    Netlist Resource(s)
  -------------------------------------------------------------------    -------------------
                         (clock clk rise edge)        0.000     0.000 r  
    R10                                               0.000     0.000 r  clk (IN)
                         net (fo=0)                   0.000     0.000    clk_IBUF_inst/I
    R10                  INBUF (Prop_INBUF_HPIOB_M_PAD_O)
                                                      0.521     0.521 r  clk_IBUF_inst/INBUF_INST/O
                         net (fo=1, routed)           0.000     0.521    clk_IBUF_inst/OUT
    R10                  IBUFCTRL (Prop_IBUFCTRL_HPIOB_M_I_O)
                                                      0.000     0.521 r  clk_IBUF_inst/IBUFCTRL_INST/O
                         net (fo=1, routed)           0.332     0.853    clk_IBUF
    BUFGCE_X0Y77         BUFGCE (Prop_BUFCE_BUFGCE_I_O)
                                                      0.028     0.881 r  clk_IBUF_BUFG_inst/O
    X3Y2 (CLOCK_ROOT)    net (fo=367, routed)         1.929     2.811    g_int4.u_p520/u_engine/u_mul/clk_IBUF_BUFG
    SLICE_X90Y146        FDRE                                         r  g_int4.u_p520/u_engine/u_mul/s4_reg[19]/C
  -------------------------------------------------------------------    -------------------
    SLICE_X90Y146        FDRE (Prop_DFF_SLICEM_C_Q)
                                                      0.078     2.889 r  g_int4.u_p520/u_engine/u_mul/s4_reg[19]/Q
                         net (fo=22, routed)          0.327     3.216    g_int4.u_p520/u_engine/u_mul/s4_reg_n_0_[19]
    SLICE_X92Y147        CARRY8 (Prop_CARRY8_SLICEL_S[0]_CO[7])
                                                      0.190     3.406 r  g_int4.u_p520/u_engine/u_mul/fold_once_return0_inferred__0/i___173_carry/CO[7]
                         net (fo=1, routed)           0.026     3.432    g_int4.u_p520/u_engine/u_mul/fold_once_return0_inferred__0/i___173_carry_n_0
    SLICE_X92Y148        CARRY8 (Prop_CARRY8_SLICEL_CI_O[5])
                                                      0.116     3.548 r  g_int4.u_p520/u_engine/u_mul/fold_once_return0_inferred__0/i___173_carry__0/O[5]
                         net (fo=3, routed)           0.419     3.967    g_int4.u_p520/u_engine/u_mul/fold_once_return0_inferred__0/i___173_carry__0_n_10
    SLICE_X95Y149        LUT3 (Prop_G6LUT_SLICEL_I0_O)
                                                      0.089     4.056 r  g_int4.u_p520/u_engine/u_mul/i___317_carry__0_i_24/O
                         net (fo=2, routed)           0.146     4.202    g_int4.u_p520/u_engine/u_mul/i___317_carry__0_i_24_n_0
    SLICE_X95Y148        LUT5 (Prop_C5LUT_SLICEL_I1_O)
                                                      0.110     4.312 r  g_int4.u_p520/u_engine/u_mul/i___317_carry__1_i_8/O
                         net (fo=2, routed)           0.412     4.723    g_int4.u_p520/u_engine/u_mul/i___317_carry__1_i_8_n_0
    SLICE_X93Y150        LUT6 (Prop_A6LUT_SLICEM_I0_O)
                                                      0.090     4.813 r  g_int4.u_p520/u_engine/u_mul/i___317_carry__1_i_16/O
                         net (fo=1, routed)           0.013     4.826    g_int4.u_p520/u_engine/u_mul/i___317_carry__1_i_16_n_0
    SLICE_X93Y150        CARRY8 (Prop_CARRY8_SLICEM_S[0]_O[4])
                                                      0.206     5.032 r  g_int4.u_p520/u_engine/u_mul/fold_once_return0_inferred__0/i___317_carry__1/O[4]
                         net (fo=1, routed)           0.428     5.460    g_int4.u_p520/u_engine/u_mul/fold_once_return0[24]
    SLICE_X94Y150        CARRY8 (Prop_CARRY8_SLICEL_S[0]_CO[7])
                                                      0.190     5.650 r  g_int4.u_p520/u_engine/u_mul/p_out_reg[18]_i_14/CO[7]
                         net (fo=1, routed)           0.026     5.676    g_int4.u_p520/u_engine/u_mul/p_out_reg[18]_i_14_n_0
    SLICE_X94Y151        CARRY8 (Prop_CARRY8_SLICEL_CI_O[3])
                                                      0.082     5.758 f  g_int4.u_p520/u_engine/u_mul/p_out_reg[18]_i_13/O[3]
                         net (fo=1, routed)           0.244     6.002    g_int4.u_p520/u_engine/u_mul/p_out_reg[18]_i_13_n_12
    SLICE_X96Y151        LUT4 (Prop_H6LUT_SLICEM_I0_O)
                                                      0.152     6.154 f  g_int4.u_p520/u_engine/u_mul/p_out[18]_i_18/O
                         net (fo=1, routed)           0.093     6.247    g_int4.u_p520/u_engine/u_mul/p_out[18]_i_18_n_0
    SLICE_X95Y151        LUT5 (Prop_E6LUT_SLICEL_I4_O)
                                                      0.090     6.337 f  g_int4.u_p520/u_engine/u_mul/p_out[18]_i_17/O
                         net (fo=1, routed)           0.138     6.475    g_int4.u_p520/u_engine/u_mul/p_out[18]_i_17_n_0
    SLICE_X95Y152        LUT6 (Prop_G6LUT_SLICEL_I5_O)
                                                      0.097     6.572 f  g_int4.u_p520/u_engine/u_mul/p_out[18]_i_11/O
                         net (fo=1, routed)           0.158     6.730    g_int4.u_p520/u_engine/u_mul/p_out[18]_i_11_n_0
    SLICE_X95Y148        LUT6 (Prop_F6LUT_SLICEL_I4_O)
                                                      0.049     6.779 f  g_int4.u_p520/u_engine/u_mul/p_out[18]_i_5/O
                         net (fo=1, routed)           0.090     6.869    g_int4.u_p520/u_engine/u_mul/p_out[18]_i_5_n_0
    SLICE_X95Y146        LUT6 (Prop_H6LUT_SLICEL_I5_O)
                                                      0.036     6.905 r  g_int4.u_p520/u_engine/u_mul/p_out[18]_i_2/O
                         net (fo=19, routed)          0.178     7.083    g_int4.u_p520/u_engine/u_mul/p_out[18]_i_2_n_0
    SLICE_X95Y144        LUT3 (Prop_B5LUT_SLICEL_I1_O)
                                                      0.073     7.156 r  g_int4.u_p520/u_engine/u_mul/p_out[4]_i_1/O
                         net (fo=1, routed)           0.018     7.174    g_int4.u_p520/u_engine/u_mul/normalize_return[4]
    SLICE_X95Y144        FDRE                                         r  g_int4.u_p520/u_engine/u_mul/p_out_reg[4]/D
  -------------------------------------------------------------------    -------------------

                         (clock clk rise edge)        5.000     5.000 r  
    R10                                               0.000     5.000 r  clk (IN)
                         net (fo=0)                   0.000     5.000    clk_IBUF_inst/I
    R10                  INBUF (Prop_INBUF_HPIOB_M_PAD_O)
                                                      0.271     5.271 r  clk_IBUF_inst/INBUF_INST/O
                         net (fo=1, routed)           0.000     5.271    clk_IBUF_inst/OUT
    R10                  IBUFCTRL (Prop_IBUFCTRL_HPIOB_M_I_O)
                                                      0.000     5.271 r  clk_IBUF_inst/IBUFCTRL_INST/O
                         net (fo=1, routed)           0.293     5.564    clk_IBUF
    BUFGCE_X0Y77         BUFGCE (Prop_BUFCE_BUFGCE_I_O)
                                                      0.024     5.588 r  clk_IBUF_BUFG_inst/O
    X3Y2 (CLOCK_ROOT)    net (fo=367, routed)         1.718     7.306    g_int4.u_p520/u_engine/u_mul/clk_IBUF_BUFG
    SLICE_X95Y144        FDRE                                         r  g_int4.u_p520/u_engine/u_mul/p_out_reg[4]/C
                         clock pessimism              0.421     7.727    
                         clock uncertainty           -0.035     7.692    
    SLICE_X95Y144        FDRE (Setup_BFF2_SLICEL_C_D)
                                                      0.025     7.717    g_int4.u_p520/u_engine/u_mul/p_out_reg[4]
  -------------------------------------------------------------------
                         required time                          7.717    
                         arrival time                          -7.174    
  -------------------------------------------------------------------
                         slack                                  0.543    

Slack (MET) :             0.545ns  (required time - arrival time)
  Source:                 g_int4.u_p520/u_engine/u_mul/s4_reg[19]/C
                            (rising edge-triggered cell FDRE clocked by clk  {rise@0.000ns fall@2.500ns period=5.000ns})
  Destination:            g_int4.u_p520/u_engine/u_mul/p_out_reg[13]/D
                            (rising edge-triggered cell FDRE clocked by clk  {rise@0.000ns fall@2.500ns period=5.000ns})
  Path Group:             clk
  Path Type:              Setup (Max at Slow Process Corner)
  Requirement:            5.000ns  (clk rise@5.000ns - clk rise@0.000ns)
  Data Path Delay:        4.355ns  (logic 1.671ns (38.366%)  route 2.684ns (61.634%))
  Logic Levels:           14  (CARRY8=5 LUT3=2 LUT4=1 LUT5=2 LUT6=4)
  Clock Path Skew:        -0.089ns (DCD - SCD + CPR)
    Destination Clock Delay (DCD):    2.300ns = ( 7.300 - 5.000 ) 
    Source Clock Delay      (SCD):    2.811ns
    Clock Pessimism Removal (CPR):    0.421ns
  Clock Uncertainty:      0.035ns  ((TSJ^2 + TIJ^2)^1/2 + DJ) / 2 + PE
    Total System Jitter     (TSJ):    0.071ns
    Total Input Jitter      (TIJ):    0.000ns
    Discrete Jitter          (DJ):    0.000ns
    Phase Error              (PE):    0.000ns
  Clock Net Delay (Source):      1.929ns (routing 0.878ns, distribution 1.051ns)
  Clock Net Delay (Destination): 1.712ns (routing 0.799ns, distribution 0.913ns)

    Location             Delay type                Incr(ns)  Path(ns)    Netlist Resource(s)
  -------------------------------------------------------------------    -------------------
                         (clock clk rise edge)        0.000     0.000 r  
    R10                                               0.000     0.000 r  clk (IN)
                         net (fo=0)                   0.000     0.000    clk_IBUF_inst/I
    R10                  INBUF (Prop_INBUF_HPIOB_M_PAD_O)
                                                      0.521     0.521 r  clk_IBUF_inst/INBUF_INST/O
                         net (fo=1, routed)           0.000     0.521    clk_IBUF_inst/OUT
    R10                  IBUFCTRL (Prop_IBUFCTRL_HPIOB_M_I_O)
                                                      0.000     0.521 r  clk_IBUF_inst/IBUFCTRL_INST/O
                         net (fo=1, routed)           0.332     0.853    clk_IBUF
    BUFGCE_X0Y77         BUFGCE (Prop_BUFCE_BUFGCE_I_O)
                                                      0.028     0.881 r  clk_IBUF_BUFG_inst/O
    X3Y2 (CLOCK_ROOT)    net (fo=367, routed)         1.929     2.811    g_int4.u_p520/u_engine/u_mul/clk_IBUF_BUFG
    SLICE_X90Y146        FDRE                                         r  g_int4.u_p520/u_engine/u_mul/s4_reg[19]/C
  -------------------------------------------------------------------    -------------------
    SLICE_X90Y146        FDRE (Prop_DFF_SLICEM_C_Q)
                                                      0.078     2.889 r  g_int4.u_p520/u_engine/u_mul/s4_reg[19]/Q
                         net (fo=22, routed)          0.327     3.216    g_int4.u_p520/u_engine/u_mul/s4_reg_n_0_[19]
    SLICE_X92Y147        CARRY8 (Prop_CARRY8_SLICEL_S[0]_CO[7])
                                                      0.190     3.406 r  g_int4.u_p520/u_engine/u_mul/fold_once_return0_inferred__0/i___173_carry/CO[7]
                         net (fo=1, routed)           0.026     3.432    g_int4.u_p520/u_engine/u_mul/fold_once_return0_inferred__0/i___173_carry_n_0
    SLICE_X92Y148        CARRY8 (Prop_CARRY8_SLICEL_CI_O[5])
                                                      0.116     3.548 r  g_int4.u_p520/u_engine/u_mul/fold_once_return0_inferred__0/i___173_carry__0/O[5]
                         net (fo=3, routed)           0.419     3.967    g_int4.u_p520/u_engine/u_mul/fold_once_return0_inferred__0/i___173_carry__0_n_10
    SLICE_X95Y149        LUT3 (Prop_G6LUT_SLICEL_I0_O)
                                                      0.089     4.056 r  g_int4.u_p520/u_engine/u_mul/i___317_carry__0_i_24/O
                         net (fo=2, routed)           0.146     4.202    g_int4.u_p520/u_engine/u_mul/i___317_carry__0_i_24_n_0
    SLICE_X95Y148        LUT5 (Prop_C5LUT_SLICEL_I1_O)
                                                      0.110     4.312 r  g_int4.u_p520/u_engine/u_mul/i___317_carry__1_i_8/O
                         net (fo=2, routed)           0.412     4.723    g_int4.u_p520/u_engine/u_mul/i___317_carry__1_i_8_n_0
    SLICE_X93Y150        LUT6 (Prop_A6LUT_SLICEM_I0_O)
                                                      0.090     4.813 r  g_int4.u_p520/u_engine/u_mul/i___317_carry__1_i_16/O
                         net (fo=1, routed)           0.013     4.826    g_int4.u_p520/u_engine/u_mul/i___317_carry__1_i_16_n_0
    SLICE_X93Y150        CARRY8 (Prop_CARRY8_SLICEM_S[0]_O[4])
                                                      0.206     5.032 r  g_int4.u_p520/u_engine/u_mul/fold_once_return0_inferred__0/i___317_carry__1/O[4]
                         net (fo=1, routed)           0.428     5.460    g_int4.u_p520/u_engine/u_mul/fold_once_return0[24]
    SLICE_X94Y150        CARRY8 (Prop_CARRY8_SLICEL_S[0]_CO[7])
                                                      0.190     5.650 r  g_int4.u_p520/u_engine/u_mul/p_out_reg[18]_i_14/CO[7]
                         net (fo=1, routed)           0.026     5.676    g_int4.u_p520/u_engine/u_mul/p_out_reg[18]_i_14_n_0
    SLICE_X94Y151        CARRY8 (Prop_CARRY8_SLICEL_CI_O[3])
                                                      0.082     5.758 f  g_int4.u_p520/u_engine/u_mul/p_out_reg[18]_i_13/O[3]
                         net (fo=1, routed)           0.244     6.002    g_int4.u_p520/u_engine/u_mul/p_out_reg[18]_i_13_n_12
    SLICE_X96Y151        LUT4 (Prop_H6LUT_SLICEM_I0_O)
                                                      0.152     6.154 f  g_int4.u_p520/u_engine/u_mul/p_out[18]_i_18/O
                         net (fo=1, routed)           0.093     6.247    g_int4.u_p520/u_engine/u_mul/p_out[18]_i_18_n_0
    SLICE_X95Y151        LUT5 (Prop_E6LUT_SLICEL_I4_O)
                                                      0.090     6.337 f  g_int4.u_p520/u_engine/u_mul/p_out[18]_i_17/O
                         net (fo=1, routed)           0.138     6.475    g_int4.u_p520/u_engine/u_mul/p_out[18]_i_17_n_0
    SLICE_X95Y152        LUT6 (Prop_G6LUT_SLICEL_I5_O)
                                                      0.097     6.572 f  g_int4.u_p520/u_engine/u_mul/p_out[18]_i_11/O
                         net (fo=1, routed)           0.158     6.730    g_int4.u_p520/u_engine/u_mul/p_out[18]_i_11_n_0
    SLICE_X95Y148        LUT6 (Prop_F6LUT_SLICEL_I4_O)
                                                      0.049     6.779 f  g_int4.u_p520/u_engine/u_mul/p_out[18]_i_5/O
                         net (fo=1, routed)           0.090     6.869    g_int4.u_p520/u_engine/u_mul/p_out[18]_i_5_n_0
    SLICE_X95Y146        LUT6 (Prop_H6LUT_SLICEL_I5_O)
                                                      0.036     6.905 r  g_int4.u_p520/u_engine/u_mul/p_out[18]_i_2/O
                         net (fo=19, routed)          0.115     7.020    g_int4.u_p520/u_engine/u_mul/p_out[18]_i_2_n_0
    SLICE_X95Y145        LUT3 (Prop_C6LUT_SLICEL_I1_O)
                                                      0.096     7.116 r  g_int4.u_p520/u_engine/u_mul/p_out[13]_i_1/O
                         net (fo=1, routed)           0.050     7.166    g_int4.u_p520/u_engine/u_mul/normalize_return[13]
    SLICE_X95Y145        FDRE                                         r  g_int4.u_p520/u_engine/u_mul/p_out_reg[13]/D
  -------------------------------------------------------------------    -------------------

                         (clock clk rise edge)        5.000     5.000 r  
    R10                                               0.000     5.000 r  clk (IN)
                         net (fo=0)                   0.000     5.000    clk_IBUF_inst/I
    R10                  INBUF (Prop_INBUF_HPIOB_M_PAD_O)
                                                      0.271     5.271 r  clk_IBUF_inst/INBUF_INST/O
                         net (fo=1, routed)           0.000     5.271    clk_IBUF_inst/OUT
    R10                  IBUFCTRL (Prop_IBUFCTRL_HPIOB_M_I_O)
                                                      0.000     5.271 r  clk_IBUF_inst/IBUFCTRL_INST/O
                         net (fo=1, routed)           0.293     5.564    clk_IBUF
    BUFGCE_X0Y77         BUFGCE (Prop_BUFCE_BUFGCE_I_O)
                                                      0.024     5.588 r  clk_IBUF_BUFG_inst/O
    X3Y2 (CLOCK_ROOT)    net (fo=367, routed)         1.712     7.300    g_int4.u_p520/u_engine/u_mul/clk_IBUF_BUFG
    SLICE_X95Y145        FDRE                                         r  g_int4.u_p520/u_engine/u_mul/p_out_reg[13]/C
                         clock pessimism              0.421     7.721    
                         clock uncertainty           -0.035     7.686    
    SLICE_X95Y145        FDRE (Setup_CFF_SLICEL_C_D)
                                                      0.025     7.711    g_int4.u_p520/u_engine/u_mul/p_out_reg[13]
  -------------------------------------------------------------------
                         required time                          7.711    
                         arrival time                          -7.166    
  -------------------------------------------------------------------
                         slack                                  0.545    

Slack (MET) :             0.547ns  (required time - arrival time)
  Source:                 g_int4.u_p520/u_engine/u_mul/s4_reg[19]/C
                            (rising edge-triggered cell FDRE clocked by clk  {rise@0.000ns fall@2.500ns period=5.000ns})
  Destination:            g_int4.u_p520/u_engine/u_mul/p_out_reg[6]/D
                            (rising edge-triggered cell FDRE clocked by clk  {rise@0.000ns fall@2.500ns period=5.000ns})
  Path Group:             clk
  Path Type:              Setup (Max at Slow Process Corner)
  Requirement:            5.000ns  (clk rise@5.000ns - clk rise@0.000ns)
  Data Path Delay:        4.359ns  (logic 1.644ns (37.714%)  route 2.715ns (62.286%))
  Logic Levels:           14  (CARRY8=5 LUT3=2 LUT4=1 LUT5=2 LUT6=4)
  Clock Path Skew:        -0.084ns (DCD - SCD + CPR)
    Destination Clock Delay (DCD):    2.306ns = ( 7.306 - 5.000 ) 
    Source Clock Delay      (SCD):    2.811ns
    Clock Pessimism Removal (CPR):    0.421ns
  Clock Uncertainty:      0.035ns  ((TSJ^2 + TIJ^2)^1/2 + DJ) / 2 + PE
    Total System Jitter     (TSJ):    0.071ns
    Total Input Jitter      (TIJ):    0.000ns
    Discrete Jitter          (DJ):    0.000ns
    Phase Error              (PE):    0.000ns
  Clock Net Delay (Source):      1.929ns (routing 0.878ns, distribution 1.051ns)
  Clock Net Delay (Destination): 1.718ns (routing 0.799ns, distribution 0.919ns)

    Location             Delay type                Incr(ns)  Path(ns)    Netlist Resource(s)
  -------------------------------------------------------------------    -------------------
                         (clock clk rise edge)        0.000     0.000 r  
    R10                                               0.000     0.000 r  clk (IN)
                         net (fo=0)                   0.000     0.000    clk_IBUF_inst/I
    R10                  INBUF (Prop_INBUF_HPIOB_M_PAD_O)
                                                      0.521     0.521 r  clk_IBUF_inst/INBUF_INST/O
                         net (fo=1, routed)           0.000     0.521    clk_IBUF_inst/OUT
    R10                  IBUFCTRL (Prop_IBUFCTRL_HPIOB_M_I_O)
                                                      0.000     0.521 r  clk_IBUF_inst/IBUFCTRL_INST/O
                         net (fo=1, routed)           0.332     0.853    clk_IBUF
    BUFGCE_X0Y77         BUFGCE (Prop_BUFCE_BUFGCE_I_O)
                                                      0.028     0.881 r  clk_IBUF_BUFG_inst/O
    X3Y2 (CLOCK_ROOT)    net (fo=367, routed)         1.929     2.811    g_int4.u_p520/u_engine/u_mul/clk_IBUF_BUFG
    SLICE_X90Y146        FDRE                                         r  g_int4.u_p520/u_engine/u_mul/s4_reg[19]/C
  -------------------------------------------------------------------    -------------------
    SLICE_X90Y146        FDRE (Prop_DFF_SLICEM_C_Q)
                                                      0.078     2.889 r  g_int4.u_p520/u_engine/u_mul/s4_reg[19]/Q
                         net (fo=22, routed)          0.327     3.216    g_int4.u_p520/u_engine/u_mul/s4_reg_n_0_[19]
    SLICE_X92Y147        CARRY8 (Prop_CARRY8_SLICEL_S[0]_CO[7])
                                                      0.190     3.406 r  g_int4.u_p520/u_engine/u_mul/fold_once_return0_inferred__0/i___173_carry/CO[7]
                         net (fo=1, routed)           0.026     3.432    g_int4.u_p520/u_engine/u_mul/fold_once_return0_inferred__0/i___173_carry_n_0
    SLICE_X92Y148        CARRY8 (Prop_CARRY8_SLICEL_CI_O[5])
                                                      0.116     3.548 r  g_int4.u_p520/u_engine/u_mul/fold_once_return0_inferred__0/i___173_carry__0/O[5]
                         net (fo=3, routed)           0.419     3.967    g_int4.u_p520/u_engine/u_mul/fold_once_return0_inferred__0/i___173_carry__0_n_10
    SLICE_X95Y149        LUT3 (Prop_G6LUT_SLICEL_I0_O)
                                                      0.089     4.056 r  g_int4.u_p520/u_engine/u_mul/i___317_carry__0_i_24/O
                         net (fo=2, routed)           0.146     4.202    g_int4.u_p520/u_engine/u_mul/i___317_carry__0_i_24_n_0
    SLICE_X95Y148        LUT5 (Prop_C5LUT_SLICEL_I1_O)
                                                      0.110     4.312 r  g_int4.u_p520/u_engine/u_mul/i___317_carry__1_i_8/O
                         net (fo=2, routed)           0.412     4.723    g_int4.u_p520/u_engine/u_mul/i___317_carry__1_i_8_n_0
    SLICE_X93Y150        LUT6 (Prop_A6LUT_SLICEM_I0_O)
                                                      0.090     4.813 r  g_int4.u_p520/u_engine/u_mul/i___317_carry__1_i_16/O
                         net (fo=1, routed)           0.013     4.826    g_int4.u_p520/u_engine/u_mul/i___317_carry__1_i_16_n_0
    SLICE_X93Y150        CARRY8 (Prop_CARRY8_SLICEM_S[0]_O[4])
                                                      0.206     5.032 r  g_int4.u_p520/u_engine/u_mul/fold_once_return0_inferred__0/i___317_carry__1/O[4]
                         net (fo=1, routed)           0.428     5.460    g_int4.u_p520/u_engine/u_mul/fold_once_return0[24]
    SLICE_X94Y150        CARRY8 (Prop_CARRY8_SLICEL_S[0]_CO[7])
                                                      0.190     5.650 r  g_int4.u_p520/u_engine/u_mul/p_out_reg[18]_i_14/CO[7]
                         net (fo=1, routed)           0.026     5.676    g_int4.u_p520/u_engine/u_mul/p_out_reg[18]_i_14_n_0
    SLICE_X94Y151        CARRY8 (Prop_CARRY8_SLICEL_CI_O[3])
                                                      0.082     5.758 f  g_int4.u_p520/u_engine/u_mul/p_out_reg[18]_i_13/O[3]
                         net (fo=1, routed)           0.244     6.002    g_int4.u_p520/u_engine/u_mul/p_out_reg[18]_i_13_n_12
    SLICE_X96Y151        LUT4 (Prop_H6LUT_SLICEM_I0_O)
                                                      0.152     6.154 f  g_int4.u_p520/u_engine/u_mul/p_out[18]_i_18/O
                         net (fo=1, routed)           0.093     6.247    g_int4.u_p520/u_engine/u_mul/p_out[18]_i_18_n_0
    SLICE_X95Y151        LUT5 (Prop_E6LUT_SLICEL_I4_O)
                                                      0.090     6.337 f  g_int4.u_p520/u_engine/u_mul/p_out[18]_i_17/O
                         net (fo=1, routed)           0.138     6.475    g_int4.u_p520/u_engine/u_mul/p_out[18]_i_17_n_0
    SLICE_X95Y152        LUT6 (Prop_G6LUT_SLICEL_I5_O)
                                                      0.097     6.572 f  g_int4.u_p520/u_engine/u_mul/p_out[18]_i_11/O
                         net (fo=1, routed)           0.158     6.730    g_int4.u_p520/u_engine/u_mul/p_out[18]_i_11_n_0
    SLICE_X95Y148        LUT6 (Prop_F6LUT_SLICEL_I4_O)
                                                      0.049     6.779 f  g_int4.u_p520/u_engine/u_mul/p_out[18]_i_5/O
                         net (fo=1, routed)           0.090     6.869    g_int4.u_p520/u_engine/u_mul/p_out[18]_i_5_n_0
    SLICE_X95Y146        LUT6 (Prop_H6LUT_SLICEL_I5_O)
                                                      0.036     6.905 r  g_int4.u_p520/u_engine/u_mul/p_out[18]_i_2/O
                         net (fo=19, routed)          0.179     7.084    g_int4.u_p520/u_engine/u_mul/p_out[18]_i_2_n_0
    SLICE_X95Y144        LUT3 (Prop_A5LUT_SLICEL_I1_O)
                                                      0.069     7.153 r  g_int4.u_p520/u_engine/u_mul/p_out[6]_i_1/O
                         net (fo=1, routed)           0.017     7.170    g_int4.u_p520/u_engine/u_mul/normalize_return[6]
    SLICE_X95Y144        FDRE                                         r  g_int4.u_p520/u_engine/u_mul/p_out_reg[6]/D
  -------------------------------------------------------------------    -------------------

                         (clock clk rise edge)        5.000     5.000 r  
    R10                                               0.000     5.000 r  clk (IN)
                         net (fo=0)                   0.000     5.000    clk_IBUF_inst/I
    R10                  INBUF (Prop_INBUF_HPIOB_M_PAD_O)
                                                      0.271     5.271 r  clk_IBUF_inst/INBUF_INST/O
                         net (fo=1, routed)           0.000     5.271    clk_IBUF_inst/OUT
    R10                  IBUFCTRL (Prop_IBUFCTRL_HPIOB_M_I_O)
                                                      0.000     5.271 r  clk_IBUF_inst/IBUFCTRL_INST/O
                         net (fo=1, routed)           0.293     5.564    clk_IBUF
    BUFGCE_X0Y77         BUFGCE (Prop_BUFCE_BUFGCE_I_O)
                                                      0.024     5.588 r  clk_IBUF_BUFG_inst/O
    X3Y2 (CLOCK_ROOT)    net (fo=367, routed)         1.718     7.306    g_int4.u_p520/u_engine/u_mul/clk_IBUF_BUFG
    SLICE_X95Y144        FDRE                                         r  g_int4.u_p520/u_engine/u_mul/p_out_reg[6]/C
                         clock pessimism              0.421     7.727    
                         clock uncertainty           -0.035     7.692    
    SLICE_X95Y144        FDRE (Setup_AFF2_SLICEL_C_D)
                                                      0.025     7.717    g_int4.u_p520/u_engine/u_mul/p_out_reg[6]
  -------------------------------------------------------------------
                         required time                          7.717    
                         arrival time                          -7.170    
  -------------------------------------------------------------------
                         slack                                  0.547    

Slack (MET) :             0.549ns  (required time - arrival time)
  Source:                 g_int4.u_p520/u_engine/u_mul/s4_reg[19]/C
                            (rising edge-triggered cell FDRE clocked by clk  {rise@0.000ns fall@2.500ns period=5.000ns})
  Destination:            g_int4.u_p520/u_engine/u_mul/p_out_reg[2]/D
                            (rising edge-triggered cell FDRE clocked by clk  {rise@0.000ns fall@2.500ns period=5.000ns})
  Path Group:             clk
  Path Type:              Setup (Max at Slow Process Corner)
  Requirement:            5.000ns  (clk rise@5.000ns - clk rise@0.000ns)
  Data Path Delay:        4.357ns  (logic 1.643ns (37.706%)  route 2.714ns (62.294%))
  Logic Levels:           14  (CARRY8=5 LUT3=2 LUT4=1 LUT5=2 LUT6=4)
  Clock Path Skew:        -0.084ns (DCD - SCD + CPR)
    Destination Clock Delay (DCD):    2.306ns = ( 7.306 - 5.000 ) 
    Source Clock Delay      (SCD):    2.811ns
    Clock Pessimism Removal (CPR):    0.421ns
  Clock Uncertainty:      0.035ns  ((TSJ^2 + TIJ^2)^1/2 + DJ) / 2 + PE
    Total System Jitter     (TSJ):    0.071ns
    Total Input Jitter      (TIJ):    0.000ns
    Discrete Jitter          (DJ):    0.000ns
    Phase Error              (PE):    0.000ns
  Clock Net Delay (Source):      1.929ns (routing 0.878ns, distribution 1.051ns)
  Clock Net Delay (Destination): 1.718ns (routing 0.799ns, distribution 0.919ns)

    Location             Delay type                Incr(ns)  Path(ns)    Netlist Resource(s)
  -------------------------------------------------------------------    -------------------
                         (clock clk rise edge)        0.000     0.000 r  
    R10                                               0.000     0.000 r  clk (IN)
                         net (fo=0)                   0.000     0.000    clk_IBUF_inst/I
    R10                  INBUF (Prop_INBUF_HPIOB_M_PAD_O)
                                                      0.521     0.521 r  clk_IBUF_inst/INBUF_INST/O
                         net (fo=1, routed)           0.000     0.521    clk_IBUF_inst/OUT
    R10                  IBUFCTRL (Prop_IBUFCTRL_HPIOB_M_I_O)
                                                      0.000     0.521 r  clk_IBUF_inst/IBUFCTRL_INST/O
                         net (fo=1, routed)           0.332     0.853    clk_IBUF
    BUFGCE_X0Y77         BUFGCE (Prop_BUFCE_BUFGCE_I_O)
                                                      0.028     0.881 r  clk_IBUF_BUFG_inst/O
    X3Y2 (CLOCK_ROOT)    net (fo=367, routed)         1.929     2.811    g_int4.u_p520/u_engine/u_mul/clk_IBUF_BUFG
    SLICE_X90Y146        FDRE                                         r  g_int4.u_p520/u_engine/u_mul/s4_reg[19]/C
  -------------------------------------------------------------------    -------------------
    SLICE_X90Y146        FDRE (Prop_DFF_SLICEM_C_Q)
                                                      0.078     2.889 r  g_int4.u_p520/u_engine/u_mul/s4_reg[19]/Q
                         net (fo=22, routed)          0.327     3.216    g_int4.u_p520/u_engine/u_mul/s4_reg_n_0_[19]
    SLICE_X92Y147        CARRY8 (Prop_CARRY8_SLICEL_S[0]_CO[7])
                                                      0.190     3.406 r  g_int4.u_p520/u_engine/u_mul/fold_once_return0_inferred__0/i___173_carry/CO[7]
                         net (fo=1, routed)           0.026     3.432    g_int4.u_p520/u_engine/u_mul/fold_once_return0_inferred__0/i___173_carry_n_0
    SLICE_X92Y148        CARRY8 (Prop_CARRY8_SLICEL_CI_O[5])
                                                      0.116     3.548 r  g_int4.u_p520/u_engine/u_mul/fold_once_return0_inferred__0/i___173_carry__0/O[5]
                         net (fo=3, routed)           0.419     3.967    g_int4.u_p520/u_engine/u_mul/fold_once_return0_inferred__0/i___173_carry__0_n_10
    SLICE_X95Y149        LUT3 (Prop_G6LUT_SLICEL_I0_O)
                                                      0.089     4.056 r  g_int4.u_p520/u_engine/u_mul/i___317_carry__0_i_24/O
                         net (fo=2, routed)           0.146     4.202    g_int4.u_p520/u_engine/u_mul/i___317_carry__0_i_24_n_0
    SLICE_X95Y148        LUT5 (Prop_C5LUT_SLICEL_I1_O)
                                                      0.110     4.312 r  g_int4.u_p520/u_engine/u_mul/i___317_carry__1_i_8/O
                         net (fo=2, routed)           0.412     4.723    g_int4.u_p520/u_engine/u_mul/i___317_carry__1_i_8_n_0
    SLICE_X93Y150        LUT6 (Prop_A6LUT_SLICEM_I0_O)
                                                      0.090     4.813 r  g_int4.u_p520/u_engine/u_mul/i___317_carry__1_i_16/O
                         net (fo=1, routed)           0.013     4.826    g_int4.u_p520/u_engine/u_mul/i___317_carry__1_i_16_n_0
    SLICE_X93Y150        CARRY8 (Prop_CARRY8_SLICEM_S[0]_O[4])
                                                      0.206     5.032 r  g_int4.u_p520/u_engine/u_mul/fold_once_return0_inferred__0/i___317_carry__1/O[4]
                         net (fo=1, routed)           0.428     5.460    g_int4.u_p520/u_engine/u_mul/fold_once_return0[24]
    SLICE_X94Y150        CARRY8 (Prop_CARRY8_SLICEL_S[0]_CO[7])
                                                      0.190     5.650 r  g_int4.u_p520/u_engine/u_mul/p_out_reg[18]_i_14/CO[7]
                         net (fo=1, routed)           0.026     5.676    g_int4.u_p520/u_engine/u_mul/p_out_reg[18]_i_14_n_0
    SLICE_X94Y151        CARRY8 (Prop_CARRY8_SLICEL_CI_O[3])
                                                      0.082     5.758 f  g_int4.u_p520/u_engine/u_mul/p_out_reg[18]_i_13/O[3]
                         net (fo=1, routed)           0.244     6.002    g_int4.u_p520/u_engine/u_mul/p_out_reg[18]_i_13_n_12
    SLICE_X96Y151        LUT4 (Prop_H6LUT_SLICEM_I0_O)
                                                      0.152     6.154 f  g_int4.u_p520/u_engine/u_mul/p_out[18]_i_18/O
                         net (fo=1, routed)           0.093     6.247    g_int4.u_p520/u_engine/u_mul/p_out[18]_i_18_n_0
    SLICE_X95Y151        LUT5 (Prop_E6LUT_SLICEL_I4_O)
                                                      0.090     6.337 f  g_int4.u_p520/u_engine/u_mul/p_out[18]_i_17/O
                         net (fo=1, routed)           0.138     6.475    g_int4.u_p520/u_engine/u_mul/p_out[18]_i_17_n_0
    SLICE_X95Y152        LUT6 (Prop_G6LUT_SLICEL_I5_O)
                                                      0.097     6.572 f  g_int4.u_p520/u_engine/u_mul/p_out[18]_i_11/O
                         net (fo=1, routed)           0.158     6.730    g_int4.u_p520/u_engine/u_mul/p_out[18]_i_11_n_0
    SLICE_X95Y148        LUT6 (Prop_F6LUT_SLICEL_I4_O)
                                                      0.049     6.779 f  g_int4.u_p520/u_engine/u_mul/p_out[18]_i_5/O
                         net (fo=1, routed)           0.090     6.869    g_int4.u_p520/u_engine/u_mul/p_out[18]_i_5_n_0
    SLICE_X95Y146        LUT6 (Prop_H6LUT_SLICEL_I5_O)
                                                      0.036     6.905 r  g_int4.u_p520/u_engine/u_mul/p_out[18]_i_2/O
                         net (fo=19, routed)          0.179     7.084    g_int4.u_p520/u_engine/u_mul/p_out[18]_i_2_n_0
    SLICE_X95Y144        LUT3 (Prop_C5LUT_SLICEL_I1_O)
                                                      0.068     7.152 r  g_int4.u_p520/u_engine/u_mul/p_out[2]_i_1/O
                         net (fo=1, routed)           0.016     7.168    g_int4.u_p520/u_engine/u_mul/normalize_return[2]
    SLICE_X95Y144        FDRE                                         r  g_int4.u_p520/u_engine/u_mul/p_out_reg[2]/D
  -------------------------------------------------------------------    -------------------

                         (clock clk rise edge)        5.000     5.000 r  
    R10                                               0.000     5.000 r  clk (IN)
                         net (fo=0)                   0.000     5.000    clk_IBUF_inst/I
    R10                  INBUF (Prop_INBUF_HPIOB_M_PAD_O)
                                                      0.271     5.271 r  clk_IBUF_inst/INBUF_INST/O
                         net (fo=1, routed)           0.000     5.271    clk_IBUF_inst/OUT
    R10                  IBUFCTRL (Prop_IBUFCTRL_HPIOB_M_I_O)
                                                      0.000     5.271 r  clk_IBUF_inst/IBUFCTRL_INST/O
                         net (fo=1, routed)           0.293     5.564    clk_IBUF
    BUFGCE_X0Y77         BUFGCE (Prop_BUFCE_BUFGCE_I_O)
                                                      0.024     5.588 r  clk_IBUF_BUFG_inst/O
    X3Y2 (CLOCK_ROOT)    net (fo=367, routed)         1.718     7.306    g_int4.u_p520/u_engine/u_mul/clk_IBUF_BUFG
    SLICE_X95Y144        FDRE                                         r  g_int4.u_p520/u_engine/u_mul/p_out_reg[2]/C
                         clock pessimism              0.421     7.727    
                         clock uncertainty           -0.035     7.692    
    SLICE_X95Y144        FDRE (Setup_CFF2_SLICEL_C_D)
                                                      0.025     7.717    g_int4.u_p520/u_engine/u_mul/p_out_reg[2]
  -------------------------------------------------------------------
                         required time                          7.717    
                         arrival time                          -7.168    
  -------------------------------------------------------------------
                         slack                                  0.549    

Slack (MET) :             0.560ns  (required time - arrival time)
  Source:                 g_int4.u_p520/u_engine/u_mul/s4_reg[19]/C
                            (rising edge-triggered cell FDRE clocked by clk  {rise@0.000ns fall@2.500ns period=5.000ns})
  Destination:            g_int4.u_p520/u_engine/u_mul/p_out_reg[15]/D
                            (rising edge-triggered cell FDRE clocked by clk  {rise@0.000ns fall@2.500ns period=5.000ns})
  Path Group:             clk
  Path Type:              Setup (Max at Slow Process Corner)
  Requirement:            5.000ns  (clk rise@5.000ns - clk rise@0.000ns)
  Data Path Delay:        4.341ns  (logic 1.665ns (38.359%)  route 2.676ns (61.641%))
  Logic Levels:           14  (CARRY8=5 LUT3=2 LUT4=1 LUT5=2 LUT6=4)
  Clock Path Skew:        -0.089ns (DCD - SCD + CPR)
    Destination Clock Delay (DCD):    2.300ns = ( 7.300 - 5.000 ) 
    Source Clock Delay      (SCD):    2.811ns
    Clock Pessimism Removal (CPR):    0.421ns
  Clock Uncertainty:      0.035ns  ((TSJ^2 + TIJ^2)^1/2 + DJ) / 2 + PE
    Total System Jitter     (TSJ):    0.071ns
    Total Input Jitter      (TIJ):    0.000ns
    Discrete Jitter          (DJ):    0.000ns
    Phase Error              (PE):    0.000ns
  Clock Net Delay (Source):      1.929ns (routing 0.878ns, distribution 1.051ns)
  Clock Net Delay (Destination): 1.712ns (routing 0.799ns, distribution 0.913ns)

    Location             Delay type                Incr(ns)  Path(ns)    Netlist Resource(s)
  -------------------------------------------------------------------    -------------------
                         (clock clk rise edge)        0.000     0.000 r  
    R10                                               0.000     0.000 r  clk (IN)
                         net (fo=0)                   0.000     0.000    clk_IBUF_inst/I
    R10                  INBUF (Prop_INBUF_HPIOB_M_PAD_O)
                                                      0.521     0.521 r  clk_IBUF_inst/INBUF_INST/O
                         net (fo=1, routed)           0.000     0.521    clk_IBUF_inst/OUT
    R10                  IBUFCTRL (Prop_IBUFCTRL_HPIOB_M_I_O)
                                                      0.000     0.521 r  clk_IBUF_inst/IBUFCTRL_INST/O
                         net (fo=1, routed)           0.332     0.853    clk_IBUF
    BUFGCE_X0Y77         BUFGCE (Prop_BUFCE_BUFGCE_I_O)
                                                      0.028     0.881 r  clk_IBUF_BUFG_inst/O
    X3Y2 (CLOCK_ROOT)    net (fo=367, routed)         1.929     2.811    g_int4.u_p520/u_engine/u_mul/clk_IBUF_BUFG
    SLICE_X90Y146        FDRE                                         r  g_int4.u_p520/u_engine/u_mul/s4_reg[19]/C
  -------------------------------------------------------------------    -------------------
    SLICE_X90Y146        FDRE (Prop_DFF_SLICEM_C_Q)
                                                      0.078     2.889 r  g_int4.u_p520/u_engine/u_mul/s4_reg[19]/Q
                         net (fo=22, routed)          0.327     3.216    g_int4.u_p520/u_engine/u_mul/s4_reg_n_0_[19]
    SLICE_X92Y147        CARRY8 (Prop_CARRY8_SLICEL_S[0]_CO[7])
                                                      0.190     3.406 r  g_int4.u_p520/u_engine/u_mul/fold_once_return0_inferred__0/i___173_carry/CO[7]
                         net (fo=1, routed)           0.026     3.432    g_int4.u_p520/u_engine/u_mul/fold_once_return0_inferred__0/i___173_carry_n_0
    SLICE_X92Y148        CARRY8 (Prop_CARRY8_SLICEL_CI_O[5])
                                                      0.116     3.548 r  g_int4.u_p520/u_engine/u_mul/fold_once_return0_inferred__0/i___173_carry__0/O[5]
                         net (fo=3, routed)           0.419     3.967    g_int4.u_p520/u_engine/u_mul/fold_once_return0_inferred__0/i___173_carry__0_n_10
    SLICE_X95Y149        LUT3 (Prop_G6LUT_SLICEL_I0_O)
                                                      0.089     4.056 r  g_int4.u_p520/u_engine/u_mul/i___317_carry__0_i_24/O
                         net (fo=2, routed)           0.146     4.202    g_int4.u_p520/u_engine/u_mul/i___317_carry__0_i_24_n_0
    SLICE_X95Y148        LUT5 (Prop_C5LUT_SLICEL_I1_O)
                                                      0.110     4.312 r  g_int4.u_p520/u_engine/u_mul/i___317_carry__1_i_8/O
                         net (fo=2, routed)           0.412     4.723    g_int4.u_p520/u_engine/u_mul/i___317_carry__1_i_8_n_0
    SLICE_X93Y150        LUT6 (Prop_A6LUT_SLICEM_I0_O)
                                                      0.090     4.813 r  g_int4.u_p520/u_engine/u_mul/i___317_carry__1_i_16/O
                         net (fo=1, routed)           0.013     4.826    g_int4.u_p520/u_engine/u_mul/i___317_carry__1_i_16_n_0
    SLICE_X93Y150        CARRY8 (Prop_CARRY8_SLICEM_S[0]_O[4])
                                                      0.206     5.032 r  g_int4.u_p520/u_engine/u_mul/fold_once_return0_inferred__0/i___317_carry__1/O[4]
                         net (fo=1, routed)           0.428     5.460    g_int4.u_p520/u_engine/u_mul/fold_once_return0[24]
    SLICE_X94Y150        CARRY8 (Prop_CARRY8_SLICEL_S[0]_CO[7])
                                                      0.190     5.650 r  g_int4.u_p520/u_engine/u_mul/p_out_reg[18]_i_14/CO[7]
                         net (fo=1, routed)           0.026     5.676    g_int4.u_p520/u_engine/u_mul/p_out_reg[18]_i_14_n_0
    SLICE_X94Y151        CARRY8 (Prop_CARRY8_SLICEL_CI_O[3])
                                                      0.082     5.758 f  g_int4.u_p520/u_engine/u_mul/p_out_reg[18]_i_13/O[3]
                         net (fo=1, routed)           0.244     6.002    g_int4.u_p520/u_engine/u_mul/p_out_reg[18]_i_13_n_12
    SLICE_X96Y151        LUT4 (Prop_H6LUT_SLICEM_I0_O)
                                                      0.152     6.154 f  g_int4.u_p520/u_engine/u_mul/p_out[18]_i_18/O
                         net (fo=1, routed)           0.093     6.247    g_int4.u_p520/u_engine/u_mul/p_out[18]_i_18_n_0
    SLICE_X95Y151        LUT5 (Prop_E6LUT_SLICEL_I4_O)
                                                      0.090     6.337 f  g_int4.u_p520/u_engine/u_mul/p_out[18]_i_17/O
                         net (fo=1, routed)           0.138     6.475    g_int4.u_p520/u_engine/u_mul/p_out[18]_i_17_n_0
    SLICE_X95Y152        LUT6 (Prop_G6LUT_SLICEL_I5_O)
                                                      0.097     6.572 f  g_int4.u_p520/u_engine/u_mul/p_out[18]_i_11/O
                         net (fo=1, routed)           0.158     6.730    g_int4.u_p520/u_engine/u_mul/p_out[18]_i_11_n_0
    SLICE_X95Y148        LUT6 (Prop_F6LUT_SLICEL_I4_O)
                                                      0.049     6.779 f  g_int4.u_p520/u_engine/u_mul/p_out[18]_i_5/O
                         net (fo=1, routed)           0.090     6.869    g_int4.u_p520/u_engine/u_mul/p_out[18]_i_5_n_0
    SLICE_X95Y146        LUT6 (Prop_H6LUT_SLICEL_I5_O)
                                                      0.036     6.905 r  g_int4.u_p520/u_engine/u_mul/p_out[18]_i_2/O
                         net (fo=19, routed)          0.107     7.012    g_int4.u_p520/u_engine/u_mul/p_out[18]_i_2_n_0
    SLICE_X95Y145        LUT3 (Prop_B6LUT_SLICEL_I1_O)
                                                      0.090     7.102 r  g_int4.u_p520/u_engine/u_mul/p_out[15]_i_1/O
                         net (fo=1, routed)           0.049     7.151    g_int4.u_p520/u_engine/u_mul/normalize_return[15]
    SLICE_X95Y145        FDRE                                         r  g_int4.u_p520/u_engine/u_mul/p_out_reg[15]/D
  -------------------------------------------------------------------    -------------------

                         (clock clk rise edge)        5.000     5.000 r  
    R10                                               0.000     5.000 r  clk (IN)
                         net (fo=0)                   0.000     5.000    clk_IBUF_inst/I
    R10                  INBUF (Prop_INBUF_HPIOB_M_PAD_O)
                                                      0.271     5.271 r  clk_IBUF_inst/INBUF_INST/O
                         net (fo=1, routed)           0.000     5.271    clk_IBUF_inst/OUT
    R10                  IBUFCTRL (Prop_IBUFCTRL_HPIOB_M_I_O)
                                                      0.000     5.271 r  clk_IBUF_inst/IBUFCTRL_INST/O
                         net (fo=1, routed)           0.293     5.564    clk_IBUF
    BUFGCE_X0Y77         BUFGCE (Prop_BUFCE_BUFGCE_I_O)
                                                      0.024     5.588 r  clk_IBUF_BUFG_inst/O
    X3Y2 (CLOCK_ROOT)    net (fo=367, routed)         1.712     7.300    g_int4.u_p520/u_engine/u_mul/clk_IBUF_BUFG
    SLICE_X95Y145        FDRE                                         r  g_int4.u_p520/u_engine/u_mul/p_out_reg[15]/C
                         clock pessimism              0.421     7.721    
                         clock uncertainty           -0.035     7.686    
    SLICE_X95Y145        FDRE (Setup_BFF_SLICEL_C_D)
                                                      0.025     7.711    g_int4.u_p520/u_engine/u_mul/p_out_reg[15]
  -------------------------------------------------------------------
                         required time                          7.711    
                         arrival time                          -7.151    
  -------------------------------------------------------------------
                         slack                                  0.560    

Slack (MET) :             0.563ns  (required time - arrival time)
  Source:                 g_int4.u_p520/u_engine/u_mul/s4_reg[19]/C
                            (rising edge-triggered cell FDRE clocked by clk  {rise@0.000ns fall@2.500ns period=5.000ns})
  Destination:            g_int4.u_p520/u_engine/u_mul/p_out_reg[12]/D
                            (rising edge-triggered cell FDRE clocked by clk  {rise@0.000ns fall@2.500ns period=5.000ns})
  Path Group:             clk
  Path Type:              Setup (Max at Slow Process Corner)
  Requirement:            5.000ns  (clk rise@5.000ns - clk rise@0.000ns)
  Data Path Delay:        4.337ns  (logic 1.685ns (38.848%)  route 2.652ns (61.152%))
  Logic Levels:           14  (CARRY8=5 LUT3=2 LUT4=1 LUT5=2 LUT6=4)
  Clock Path Skew:        -0.089ns (DCD - SCD + CPR)
    Destination Clock Delay (DCD):    2.300ns = ( 7.300 - 5.000 ) 
    Source Clock Delay      (SCD):    2.811ns
    Clock Pessimism Removal (CPR):    0.421ns
  Clock Uncertainty:      0.035ns  ((TSJ^2 + TIJ^2)^1/2 + DJ) / 2 + PE
    Total System Jitter     (TSJ):    0.071ns
    Total Input Jitter      (TIJ):    0.000ns
    Discrete Jitter          (DJ):    0.000ns
    Phase Error              (PE):    0.000ns
  Clock Net Delay (Source):      1.929ns (routing 0.878ns, distribution 1.051ns)
  Clock Net Delay (Destination): 1.712ns (routing 0.799ns, distribution 0.913ns)

    Location             Delay type                Incr(ns)  Path(ns)    Netlist Resource(s)
  -------------------------------------------------------------------    -------------------
                         (clock clk rise edge)        0.000     0.000 r  
    R10                                               0.000     0.000 r  clk (IN)
                         net (fo=0)                   0.000     0.000    clk_IBUF_inst/I
    R10                  INBUF (Prop_INBUF_HPIOB_M_PAD_O)
                                                      0.521     0.521 r  clk_IBUF_inst/INBUF_INST/O
                         net (fo=1, routed)           0.000     0.521    clk_IBUF_inst/OUT
    R10                  IBUFCTRL (Prop_IBUFCTRL_HPIOB_M_I_O)
                                                      0.000     0.521 r  clk_IBUF_inst/IBUFCTRL_INST/O
                         net (fo=1, routed)           0.332     0.853    clk_IBUF
    BUFGCE_X0Y77         BUFGCE (Prop_BUFCE_BUFGCE_I_O)
                                                      0.028     0.881 r  clk_IBUF_BUFG_inst/O
    X3Y2 (CLOCK_ROOT)    net (fo=367, routed)         1.929     2.811    g_int4.u_p520/u_engine/u_mul/clk_IBUF_BUFG
    SLICE_X90Y146        FDRE                                         r  g_int4.u_p520/u_engine/u_mul/s4_reg[19]/C
  -------------------------------------------------------------------    -------------------
    SLICE_X90Y146        FDRE (Prop_DFF_SLICEM_C_Q)
                                                      0.078     2.889 r  g_int4.u_p520/u_engine/u_mul/s4_reg[19]/Q
                         net (fo=22, routed)          0.327     3.216    g_int4.u_p520/u_engine/u_mul/s4_reg_n_0_[19]
    SLICE_X92Y147        CARRY8 (Prop_CARRY8_SLICEL_S[0]_CO[7])
                                                      0.190     3.406 r  g_int4.u_p520/u_engine/u_mul/fold_once_return0_inferred__0/i___173_carry/CO[7]
                         net (fo=1, routed)           0.026     3.432    g_int4.u_p520/u_engine/u_mul/fold_once_return0_inferred__0/i___173_carry_n_0
    SLICE_X92Y148        CARRY8 (Prop_CARRY8_SLICEL_CI_O[5])
                                                      0.116     3.548 r  g_int4.u_p520/u_engine/u_mul/fold_once_return0_inferred__0/i___173_carry__0/O[5]
                         net (fo=3, routed)           0.419     3.967    g_int4.u_p520/u_engine/u_mul/fold_once_return0_inferred__0/i___173_carry__0_n_10
    SLICE_X95Y149        LUT3 (Prop_G6LUT_SLICEL_I0_O)
                                                      0.089     4.056 r  g_int4.u_p520/u_engine/u_mul/i___317_carry__0_i_24/O
                         net (fo=2, routed)           0.146     4.202    g_int4.u_p520/u_engine/u_mul/i___317_carry__0_i_24_n_0
    SLICE_X95Y148        LUT5 (Prop_C5LUT_SLICEL_I1_O)
                                                      0.110     4.312 r  g_int4.u_p520/u_engine/u_mul/i___317_carry__1_i_8/O
                         net (fo=2, routed)           0.412     4.723    g_int4.u_p520/u_engine/u_mul/i___317_carry__1_i_8_n_0
    SLICE_X93Y150        LUT6 (Prop_A6LUT_SLICEM_I0_O)
                                                      0.090     4.813 r  g_int4.u_p520/u_engine/u_mul/i___317_carry__1_i_16/O
                         net (fo=1, routed)           0.013     4.826    g_int4.u_p520/u_engine/u_mul/i___317_carry__1_i_16_n_0
    SLICE_X93Y150        CARRY8 (Prop_CARRY8_SLICEM_S[0]_O[4])
                                                      0.206     5.032 r  g_int4.u_p520/u_engine/u_mul/fold_once_return0_inferred__0/i___317_carry__1/O[4]
                         net (fo=1, routed)           0.428     5.460    g_int4.u_p520/u_engine/u_mul/fold_once_return0[24]
    SLICE_X94Y150        CARRY8 (Prop_CARRY8_SLICEL_S[0]_CO[7])
                                                      0.190     5.650 r  g_int4.u_p520/u_engine/u_mul/p_out_reg[18]_i_14/CO[7]
                         net (fo=1, routed)           0.026     5.676    g_int4.u_p520/u_engine/u_mul/p_out_reg[18]_i_14_n_0
    SLICE_X94Y151        CARRY8 (Prop_CARRY8_SLICEL_CI_O[3])
                                                      0.082     5.758 f  g_int4.u_p520/u_engine/u_mul/p_out_reg[18]_i_13/O[3]
                         net (fo=1, routed)           0.244     6.002    g_int4.u_p520/u_engine/u_mul/p_out_reg[18]_i_13_n_12
    SLICE_X96Y151        LUT4 (Prop_H6LUT_SLICEM_I0_O)
                                                      0.152     6.154 f  g_int4.u_p520/u_engine/u_mul/p_out[18]_i_18/O
                         net (fo=1, routed)           0.093     6.247    g_int4.u_p520/u_engine/u_mul/p_out[18]_i_18_n_0
    SLICE_X95Y151        LUT5 (Prop_E6LUT_SLICEL_I4_O)
                                                      0.090     6.337 f  g_int4.u_p520/u_engine/u_mul/p_out[18]_i_17/O
                         net (fo=1, routed)           0.138     6.475    g_int4.u_p520/u_engine/u_mul/p_out[18]_i_17_n_0
    SLICE_X95Y152        LUT6 (Prop_G6LUT_SLICEL_I5_O)
                                                      0.097     6.572 f  g_int4.u_p520/u_engine/u_mul/p_out[18]_i_11/O
                         net (fo=1, routed)           0.158     6.730    g_int4.u_p520/u_engine/u_mul/p_out[18]_i_11_n_0
    SLICE_X95Y148        LUT6 (Prop_F6LUT_SLICEL_I4_O)
                                                      0.049     6.779 f  g_int4.u_p520/u_engine/u_mul/p_out[18]_i_5/O
                         net (fo=1, routed)           0.090     6.869    g_int4.u_p520/u_engine/u_mul/p_out[18]_i_5_n_0
    SLICE_X95Y146        LUT6 (Prop_H6LUT_SLICEL_I5_O)
                                                      0.036     6.905 r  g_int4.u_p520/u_engine/u_mul/p_out[18]_i_2/O
                         net (fo=19, routed)          0.118     7.023    g_int4.u_p520/u_engine/u_mul/p_out[18]_i_2_n_0
    SLICE_X95Y145        LUT3 (Prop_D5LUT_SLICEL_I1_O)
                                                      0.110     7.133 r  g_int4.u_p520/u_engine/u_mul/p_out[12]_i_1/O
                         net (fo=1, routed)           0.015     7.148    g_int4.u_p520/u_engine/u_mul/normalize_return[12]
    SLICE_X95Y145        FDRE                                         r  g_int4.u_p520/u_engine/u_mul/p_out_reg[12]/D
  -------------------------------------------------------------------    -------------------

                         (clock clk rise edge)        5.000     5.000 r  
    R10                                               0.000     5.000 r  clk (IN)
                         net (fo=0)                   0.000     5.000    clk_IBUF_inst/I
    R10                  INBUF (Prop_INBUF_HPIOB_M_PAD_O)
                                                      0.271     5.271 r  clk_IBUF_inst/INBUF_INST/O
                         net (fo=1, routed)           0.000     5.271    clk_IBUF_inst/OUT
    R10                  IBUFCTRL (Prop_IBUFCTRL_HPIOB_M_I_O)
                                                      0.000     5.271 r  clk_IBUF_inst/IBUFCTRL_INST/O
                         net (fo=1, routed)           0.293     5.564    clk_IBUF
    BUFGCE_X0Y77         BUFGCE (Prop_BUFCE_BUFGCE_I_O)
                                                      0.024     5.588 r  clk_IBUF_BUFG_inst/O
    X3Y2 (CLOCK_ROOT)    net (fo=367, routed)         1.712     7.300    g_int4.u_p520/u_engine/u_mul/clk_IBUF_BUFG
    SLICE_X95Y145        FDRE                                         r  g_int4.u_p520/u_engine/u_mul/p_out_reg[12]/C
                         clock pessimism              0.421     7.721    
                         clock uncertainty           -0.035     7.686    
    SLICE_X95Y145        FDRE (Setup_DFF2_SLICEL_C_D)
                                                      0.025     7.711    g_int4.u_p520/u_engine/u_mul/p_out_reg[12]
  -------------------------------------------------------------------
                         required time                          7.711    
                         arrival time                          -7.148    
  -------------------------------------------------------------------
                         slack                                  0.563    





Min Delay Paths
--------------------------------------------------------------------------------------
Slack (MET) :             0.046ns  (arrival time - required time)
  Source:                 g_int4.u_p520/u_mac_mul/p_out_reg[10]/C
                            (rising edge-triggered cell FDRE clocked by clk  {rise@0.000ns fall@2.500ns period=5.000ns})
  Destination:            g_int4.u_p520/mac_product_q_reg[10]/D
                            (rising edge-triggered cell FDRE clocked by clk  {rise@0.000ns fall@2.500ns period=5.000ns})
  Path Group:             clk
  Path Type:              Hold (Min at Fast Process Corner)
  Requirement:            0.000ns  (clk rise@0.000ns - clk rise@0.000ns)
  Data Path Delay:        0.115ns  (logic 0.039ns (33.913%)  route 0.076ns (66.087%))
  Logic Levels:           0  
  Clock Path Skew:        0.023ns (DCD - SCD - CPR)
    Destination Clock Delay (DCD):    1.768ns
    Source Clock Delay      (SCD):    1.398ns
    Clock Pessimism Removal (CPR):    0.346ns
  Clock Net Delay (Source):      1.069ns (routing 0.482ns, distribution 0.587ns)
  Clock Net Delay (Destination): 1.210ns (routing 0.536ns, distribution 0.674ns)

    Location             Delay type                Incr(ns)  Path(ns)    Netlist Resource(s)
  -------------------------------------------------------------------    -------------------
                         (clock clk rise edge)        0.000     0.000 r  
    R10                                               0.000     0.000 r  clk (IN)
                         net (fo=0)                   0.000     0.000    clk_IBUF_inst/I
    R10                  INBUF (Prop_INBUF_HPIOB_M_PAD_O)
                                                      0.156     0.156 r  clk_IBUF_inst/INBUF_INST/O
                         net (fo=1, routed)           0.000     0.156    clk_IBUF_inst/OUT
    R10                  IBUFCTRL (Prop_IBUFCTRL_HPIOB_M_I_O)
                                                      0.000     0.156 r  clk_IBUF_inst/IBUFCTRL_INST/O
                         net (fo=1, routed)           0.156     0.312    clk_IBUF
    BUFGCE_X0Y77         BUFGCE (Prop_BUFCE_BUFGCE_I_O)
                                                      0.017     0.329 r  clk_IBUF_BUFG_inst/O
    X3Y2 (CLOCK_ROOT)    net (fo=367, routed)         1.069     1.398    g_int4.u_p520/u_mac_mul/clk_IBUF_BUFG
    SLICE_X96Y135        FDRE                                         r  g_int4.u_p520/u_mac_mul/p_out_reg[10]/C
  -------------------------------------------------------------------    -------------------
    SLICE_X96Y135        FDRE (Prop_DFF_SLICEM_C_Q)
                                                      0.039     1.437 r  g_int4.u_p520/u_mac_mul/p_out_reg[10]/Q
                         net (fo=1, routed)           0.076     1.513    g_int4.u_p520/mac_product[10]
    SLICE_X96Y134        FDRE                                         r  g_int4.u_p520/mac_product_q_reg[10]/D
  -------------------------------------------------------------------    -------------------

                         (clock clk rise edge)        0.000     0.000 r  
    R10                                               0.000     0.000 r  clk (IN)
                         net (fo=0)                   0.000     0.000    clk_IBUF_inst/I
    R10                  INBUF (Prop_INBUF_HPIOB_M_PAD_O)
                                                      0.341     0.341 r  clk_IBUF_inst/INBUF_INST/O
                         net (fo=1, routed)           0.000     0.341    clk_IBUF_inst/OUT
    R10                  IBUFCTRL (Prop_IBUFCTRL_HPIOB_M_I_O)
                                                      0.000     0.341 r  clk_IBUF_inst/IBUFCTRL_INST/O
                         net (fo=1, routed)           0.197     0.538    clk_IBUF
    BUFGCE_X0Y77         BUFGCE (Prop_BUFCE_BUFGCE_I_O)
                                                      0.019     0.557 r  clk_IBUF_BUFG_inst/O
    X3Y2 (CLOCK_ROOT)    net (fo=367, routed)         1.210     1.768    g_int4.u_p520/clk_IBUF_BUFG
    SLICE_X96Y134        FDRE                                         r  g_int4.u_p520/mac_product_q_reg[10]/C
                         clock pessimism             -0.346     1.422    
    SLICE_X96Y134        FDRE (Hold_EFF_SLICEM_C_D)
                                                      0.046     1.468    g_int4.u_p520/mac_product_q_reg[10]
  -------------------------------------------------------------------
                         required time                         -1.468    
                         arrival time                           1.513    
  -------------------------------------------------------------------
                         slack                                  0.046    

Slack (MET) :             0.051ns  (arrival time - required time)
  Source:                 g_int4.u_p520/u_engine/u_mul/v4_reg_g_int4.u_p520_u_engine_u_mul_v4_reg_r/C
                            (rising edge-triggered cell FDRE clocked by clk  {rise@0.000ns fall@2.500ns period=5.000ns})
  Destination:            g_int4.u_p520/u_engine/u_mul/out_valid_reg/D
                            (rising edge-triggered cell FDRE clocked by clk  {rise@0.000ns fall@2.500ns period=5.000ns})
  Path Group:             clk
  Path Type:              Hold (Min at Fast Process Corner)
  Requirement:            0.000ns  (clk rise@0.000ns - clk rise@0.000ns)
  Data Path Delay:        0.113ns  (logic 0.077ns (68.142%)  route 0.036ns (31.858%))
  Logic Levels:           1  (LUT2=1)
  Clock Path Skew:        0.015ns (DCD - SCD - CPR)
    Destination Clock Delay (DCD):    1.771ns
    Source Clock Delay      (SCD):    1.406ns
    Clock Pessimism Removal (CPR):    0.351ns
  Clock Net Delay (Source):      1.076ns (routing 0.482ns, distribution 0.594ns)
  Clock Net Delay (Destination): 1.214ns (routing 0.536ns, distribution 0.678ns)

    Location             Delay type                Incr(ns)  Path(ns)    Netlist Resource(s)
  -------------------------------------------------------------------    -------------------
                         (clock clk rise edge)        0.000     0.000 r  
    R10                                               0.000     0.000 r  clk (IN)
                         net (fo=0)                   0.000     0.000    clk_IBUF_inst/I
    R10                  INBUF (Prop_INBUF_HPIOB_M_PAD_O)
                                                      0.156     0.156 r  clk_IBUF_inst/INBUF_INST/O
                         net (fo=1, routed)           0.000     0.156    clk_IBUF_inst/OUT
    R10                  IBUFCTRL (Prop_IBUFCTRL_HPIOB_M_I_O)
                                                      0.000     0.156 r  clk_IBUF_inst/IBUFCTRL_INST/O
                         net (fo=1, routed)           0.156     0.312    clk_IBUF
    BUFGCE_X0Y77         BUFGCE (Prop_BUFCE_BUFGCE_I_O)
                                                      0.017     0.329 r  clk_IBUF_BUFG_inst/O
    X3Y2 (CLOCK_ROOT)    net (fo=367, routed)         1.076     1.406    g_int4.u_p520/u_engine/u_mul/clk_IBUF_BUFG
    SLICE_X88Y132        FDRE                                         r  g_int4.u_p520/u_engine/u_mul/v4_reg_g_int4.u_p520_u_engine_u_mul_v4_reg_r/C
  -------------------------------------------------------------------    -------------------
    SLICE_X88Y132        FDRE (Prop_AFF_SLICEM_C_Q)
                                                      0.038     1.444 r  g_int4.u_p520/u_engine/u_mul/v4_reg_g_int4.u_p520_u_engine_u_mul_v4_reg_r/Q
                         net (fo=1, routed)           0.030     1.474    g_int4.u_p520/u_engine/u_mul/v4_reg_g_int4.u_p520_u_engine_u_mul_v4_reg_r_n_0
    SLICE_X88Y132        LUT2 (Prop_H5LUT_SLICEM_I0_O)
                                                      0.039     1.513 r  g_int4.u_p520/u_engine/u_mul/v4_reg_gate/O
                         net (fo=1, routed)           0.006     1.519    g_int4.u_p520/u_engine/u_mul/v4_reg_gate_n_0
    SLICE_X88Y132        FDRE                                         r  g_int4.u_p520/u_engine/u_mul/out_valid_reg/D
  -------------------------------------------------------------------    -------------------

                         (clock clk rise edge)        0.000     0.000 r  
    R10                                               0.000     0.000 r  clk (IN)
                         net (fo=0)                   0.000     0.000    clk_IBUF_inst/I
    R10                  INBUF (Prop_INBUF_HPIOB_M_PAD_O)
                                                      0.341     0.341 r  clk_IBUF_inst/INBUF_INST/O
                         net (fo=1, routed)           0.000     0.341    clk_IBUF_inst/OUT
    R10                  IBUFCTRL (Prop_IBUFCTRL_HPIOB_M_I_O)
                                                      0.000     0.341 r  clk_IBUF_inst/IBUFCTRL_INST/O
                         net (fo=1, routed)           0.197     0.538    clk_IBUF
    BUFGCE_X0Y77         BUFGCE (Prop_BUFCE_BUFGCE_I_O)
                                                      0.019     0.557 r  clk_IBUF_BUFG_inst/O
    X3Y2 (CLOCK_ROOT)    net (fo=367, routed)         1.214     1.771    g_int4.u_p520/u_engine/u_mul/clk_IBUF_BUFG
    SLICE_X88Y132        FDRE                                         r  g_int4.u_p520/u_engine/u_mul/out_valid_reg/C
                         clock pessimism             -0.351     1.421    
    SLICE_X88Y132        FDRE (Hold_HFF2_SLICEM_C_D)
                                                      0.047     1.468    g_int4.u_p520/u_engine/u_mul/out_valid_reg
  -------------------------------------------------------------------
                         required time                         -1.468    
                         arrival time                           1.519    
  -------------------------------------------------------------------
                         slack                                  0.051    

Slack (MET) :             0.051ns  (arrival time - required time)
  Source:                 g_int4.u_p520/u_mac_mul/p_out_reg[2]/C
                            (rising edge-triggered cell FDRE clocked by clk  {rise@0.000ns fall@2.500ns period=5.000ns})
  Destination:            g_int4.u_p520/mac_product_q_reg[2]/D
                            (rising edge-triggered cell FDRE clocked by clk  {rise@0.000ns fall@2.500ns period=5.000ns})
  Path Group:             clk
  Path Type:              Hold (Min at Fast Process Corner)
  Requirement:            0.000ns  (clk rise@0.000ns - clk rise@0.000ns)
  Data Path Delay:        0.117ns  (logic 0.039ns (33.333%)  route 0.078ns (66.667%))
  Logic Levels:           0  
  Clock Path Skew:        0.020ns (DCD - SCD - CPR)
    Destination Clock Delay (DCD):    1.763ns
    Source Clock Delay      (SCD):    1.399ns
    Clock Pessimism Removal (CPR):    0.344ns
  Clock Net Delay (Source):      1.070ns (routing 0.482ns, distribution 0.588ns)
  Clock Net Delay (Destination): 1.205ns (routing 0.536ns, distribution 0.669ns)

    Location             Delay type                Incr(ns)  Path(ns)    Netlist Resource(s)
  -------------------------------------------------------------------    -------------------
                         (clock clk rise edge)        0.000     0.000 r  
    R10                                               0.000     0.000 r  clk (IN)
                         net (fo=0)                   0.000     0.000    clk_IBUF_inst/I
    R10                  INBUF (Prop_INBUF_HPIOB_M_PAD_O)
                                                      0.156     0.156 r  clk_IBUF_inst/INBUF_INST/O
                         net (fo=1, routed)           0.000     0.156    clk_IBUF_inst/OUT
    R10                  IBUFCTRL (Prop_IBUFCTRL_HPIOB_M_I_O)
                                                      0.000     0.156 r  clk_IBUF_inst/IBUFCTRL_INST/O
                         net (fo=1, routed)           0.156     0.312    clk_IBUF
    BUFGCE_X0Y77         BUFGCE (Prop_BUFCE_BUFGCE_I_O)
                                                      0.017     0.329 r  clk_IBUF_BUFG_inst/O
    X3Y2 (CLOCK_ROOT)    net (fo=367, routed)         1.070     1.399    g_int4.u_p520/u_mac_mul/clk_IBUF_BUFG
    SLICE_X93Y135        FDRE                                         r  g_int4.u_p520/u_mac_mul/p_out_reg[2]/C
  -------------------------------------------------------------------    -------------------
    SLICE_X93Y135        FDRE (Prop_AFF2_SLICEM_C_Q)
                                                      0.039     1.438 r  g_int4.u_p520/u_mac_mul/p_out_reg[2]/Q
                         net (fo=1, routed)           0.078     1.516    g_int4.u_p520/mac_product[2]
    SLICE_X93Y134        FDRE                                         r  g_int4.u_p520/mac_product_q_reg[2]/D
  -------------------------------------------------------------------    -------------------

                         (clock clk rise edge)        0.000     0.000 r  
    R10                                               0.000     0.000 r  clk (IN)
                         net (fo=0)                   0.000     0.000    clk_IBUF_inst/I
    R10                  INBUF (Prop_INBUF_HPIOB_M_PAD_O)
                                                      0.341     0.341 r  clk_IBUF_inst/INBUF_INST/O
                         net (fo=1, routed)           0.000     0.341    clk_IBUF_inst/OUT
    R10                  IBUFCTRL (Prop_IBUFCTRL_HPIOB_M_I_O)
                                                      0.000     0.341 r  clk_IBUF_inst/IBUFCTRL_INST/O
                         net (fo=1, routed)           0.197     0.538    clk_IBUF
    BUFGCE_X0Y77         BUFGCE (Prop_BUFCE_BUFGCE_I_O)
                                                      0.019     0.557 r  clk_IBUF_BUFG_inst/O
    X3Y2 (CLOCK_ROOT)    net (fo=367, routed)         1.205     1.763    g_int4.u_p520/clk_IBUF_BUFG
    SLICE_X93Y134        FDRE                                         r  g_int4.u_p520/mac_product_q_reg[2]/C
                         clock pessimism             -0.344     1.419    
    SLICE_X93Y134        FDRE (Hold_FFF_SLICEM_C_D)
                                                      0.046     1.465    g_int4.u_p520/mac_product_q_reg[2]
  -------------------------------------------------------------------
                         required time                         -1.465    
                         arrival time                           1.516    
  -------------------------------------------------------------------
                         slack                                  0.051    

Slack (MET) :             0.058ns  (arrival time - required time)
  Source:                 g_int4.u_p520/u_engine/scale_addr_q_reg[4]/C
                            (rising edge-triggered cell FDRE clocked by clk  {rise@0.000ns fall@2.500ns period=5.000ns})
  Destination:            g_int4.u_p520/u_engine/scale_addr_q_reg[4]/D
                            (rising edge-triggered cell FDRE clocked by clk  {rise@0.000ns fall@2.500ns period=5.000ns})
  Path Group:             clk
  Path Type:              Hold (Min at Fast Process Corner)
  Requirement:            0.000ns  (clk rise@0.000ns - clk rise@0.000ns)
  Data Path Delay:        0.110ns  (logic 0.054ns (48.928%)  route 0.056ns (51.072%))
  Logic Levels:           1  (LUT6=1)
  Clock Path Skew:        0.006ns (DCD - SCD - CPR)
    Destination Clock Delay (DCD):    1.760ns
    Source Clock Delay      (SCD):    1.396ns
    Clock Pessimism Removal (CPR):    0.358ns
  Clock Net Delay (Source):      1.067ns (routing 0.482ns, distribution 0.585ns)
  Clock Net Delay (Destination): 1.202ns (routing 0.536ns, distribution 0.666ns)

    Location             Delay type                Incr(ns)  Path(ns)    Netlist Resource(s)
  -------------------------------------------------------------------    -------------------
                         (clock clk rise edge)        0.000     0.000 r  
    R10                                               0.000     0.000 r  clk (IN)
                         net (fo=0)                   0.000     0.000    clk_IBUF_inst/I
    R10                  INBUF (Prop_INBUF_HPIOB_M_PAD_O)
                                                      0.156     0.156 r  clk_IBUF_inst/INBUF_INST/O
                         net (fo=1, routed)           0.000     0.156    clk_IBUF_inst/OUT
    R10                  IBUFCTRL (Prop_IBUFCTRL_HPIOB_M_I_O)
                                                      0.000     0.156 r  clk_IBUF_inst/IBUFCTRL_INST/O
                         net (fo=1, routed)           0.156     0.312    clk_IBUF
    BUFGCE_X0Y77         BUFGCE (Prop_BUFCE_BUFGCE_I_O)
                                                      0.017     0.329 r  clk_IBUF_BUFG_inst/O
    X3Y2 (CLOCK_ROOT)    net (fo=367, routed)         1.067     1.396    g_int4.u_p520/u_engine/clk_IBUF_BUFG
    SLICE_X88Y127        FDRE                                         r  g_int4.u_p520/u_engine/scale_addr_q_reg[4]/C
  -------------------------------------------------------------------    -------------------
    SLICE_X88Y127        FDRE (Prop_HFF_SLICEM_C_Q)
                                                      0.039     1.435 r  g_int4.u_p520/u_engine/scale_addr_q_reg[4]/Q
                         net (fo=6, routed)           0.035     1.470    g_int4.u_p520/u_engine/scale_addr_q_reg_n_0_[4]
    SLICE_X88Y127        LUT6 (Prop_H6LUT_SLICEM_I5_O)
                                                      0.015     1.485 r  g_int4.u_p520/u_engine/scale_addr_q[4]_i_1/O
                         net (fo=1, routed)           0.021     1.506    g_int4.u_p520/u_engine/scale_addr_q[4]_i_1_n_0
    SLICE_X88Y127        FDRE                                         r  g_int4.u_p520/u_engine/scale_addr_q_reg[4]/D
  -------------------------------------------------------------------    -------------------

                         (clock clk rise edge)        0.000     0.000 r  
    R10                                               0.000     0.000 r  clk (IN)
                         net (fo=0)                   0.000     0.000    clk_IBUF_inst/I
    R10                  INBUF (Prop_INBUF_HPIOB_M_PAD_O)
                                                      0.341     0.341 r  clk_IBUF_inst/INBUF_INST/O
                         net (fo=1, routed)           0.000     0.341    clk_IBUF_inst/OUT
    R10                  IBUFCTRL (Prop_IBUFCTRL_HPIOB_M_I_O)
                                                      0.000     0.341 r  clk_IBUF_inst/IBUFCTRL_INST/O
                         net (fo=1, routed)           0.197     0.538    clk_IBUF
    BUFGCE_X0Y77         BUFGCE (Prop_BUFCE_BUFGCE_I_O)
                                                      0.019     0.557 r  clk_IBUF_BUFG_inst/O
    X3Y2 (CLOCK_ROOT)    net (fo=367, routed)         1.202     1.760    g_int4.u_p520/u_engine/clk_IBUF_BUFG
    SLICE_X88Y127        FDRE                                         r  g_int4.u_p520/u_engine/scale_addr_q_reg[4]/C
                         clock pessimism             -0.358     1.402    
    SLICE_X88Y127        FDRE (Hold_HFF_SLICEM_C_D)
                                                      0.046     1.448    g_int4.u_p520/u_engine/scale_addr_q_reg[4]
  -------------------------------------------------------------------
                         required time                         -1.448    
                         arrival time                           1.506    
  -------------------------------------------------------------------
                         slack                                  0.058    

Slack (MET) :             0.058ns  (arrival time - required time)
  Source:                 g_int4.u_p520/u_mac_mul/p_out_reg[11]/C
                            (rising edge-triggered cell FDRE clocked by clk  {rise@0.000ns fall@2.500ns period=5.000ns})
  Destination:            g_int4.u_p520/mac_product_q_reg[11]/D
                            (rising edge-triggered cell FDRE clocked by clk  {rise@0.000ns fall@2.500ns period=5.000ns})
  Path Group:             clk
  Path Type:              Hold (Min at Fast Process Corner)
  Requirement:            0.000ns  (clk rise@0.000ns - clk rise@0.000ns)
  Data Path Delay:        0.157ns  (logic 0.038ns (24.204%)  route 0.119ns (75.796%))
  Logic Levels:           0  
  Clock Path Skew:        0.052ns (DCD - SCD - CPR)
    Destination Clock Delay (DCD):    1.763ns
    Source Clock Delay      (SCD):    1.398ns
    Clock Pessimism Removal (CPR):    0.313ns
  Clock Net Delay (Source):      1.069ns (routing 0.482ns, distribution 0.587ns)
  Clock Net Delay (Destination): 1.205ns (routing 0.536ns, distribution 0.669ns)

    Location             Delay type                Incr(ns)  Path(ns)    Netlist Resource(s)
  -------------------------------------------------------------------    -------------------
                         (clock clk rise edge)        0.000     0.000 r  
    R10                                               0.000     0.000 r  clk (IN)
                         net (fo=0)                   0.000     0.000    clk_IBUF_inst/I
    R10                  INBUF (Prop_INBUF_HPIOB_M_PAD_O)
                                                      0.156     0.156 r  clk_IBUF_inst/INBUF_INST/O
                         net (fo=1, routed)           0.000     0.156    clk_IBUF_inst/OUT
    R10                  IBUFCTRL (Prop_IBUFCTRL_HPIOB_M_I_O)
                                                      0.000     0.156 r  clk_IBUF_inst/IBUFCTRL_INST/O
                         net (fo=1, routed)           0.156     0.312    clk_IBUF
    BUFGCE_X0Y77         BUFGCE (Prop_BUFCE_BUFGCE_I_O)
                                                      0.017     0.329 r  clk_IBUF_BUFG_inst/O
    X3Y2 (CLOCK_ROOT)    net (fo=367, routed)         1.069     1.398    g_int4.u_p520/u_mac_mul/clk_IBUF_BUFG
    SLICE_X96Y135        FDRE                                         r  g_int4.u_p520/u_mac_mul/p_out_reg[11]/C
  -------------------------------------------------------------------    -------------------
    SLICE_X96Y135        FDRE (Prop_CFF_SLICEM_C_Q)
                                                      0.038     1.436 r  g_int4.u_p520/u_mac_mul/p_out_reg[11]/Q
                         net (fo=1, routed)           0.119     1.555    g_int4.u_p520/mac_product[11]
    SLICE_X93Y135        FDRE                                         r  g_int4.u_p520/mac_product_q_reg[11]/D
  -------------------------------------------------------------------    -------------------

                         (clock clk rise edge)        0.000     0.000 r  
    R10                                               0.000     0.000 r  clk (IN)
                         net (fo=0)                   0.000     0.000    clk_IBUF_inst/I
    R10                  INBUF (Prop_INBUF_HPIOB_M_PAD_O)
                                                      0.341     0.341 r  clk_IBUF_inst/INBUF_INST/O
                         net (fo=1, routed)           0.000     0.341    clk_IBUF_inst/OUT
    R10                  IBUFCTRL (Prop_IBUFCTRL_HPIOB_M_I_O)
                                                      0.000     0.341 r  clk_IBUF_inst/IBUFCTRL_INST/O
                         net (fo=1, routed)           0.197     0.538    clk_IBUF
    BUFGCE_X0Y77         BUFGCE (Prop_BUFCE_BUFGCE_I_O)
                                                      0.019     0.557 r  clk_IBUF_BUFG_inst/O
    X3Y2 (CLOCK_ROOT)    net (fo=367, routed)         1.205     1.763    g_int4.u_p520/clk_IBUF_BUFG
    SLICE_X93Y135        FDRE                                         r  g_int4.u_p520/mac_product_q_reg[11]/C
                         clock pessimism             -0.313     1.450    
    SLICE_X93Y135        FDRE (Hold_HFF2_SLICEM_C_D)
                                                      0.047     1.497    g_int4.u_p520/mac_product_q_reg[11]
  -------------------------------------------------------------------
                         required time                         -1.497    
                         arrival time                           1.555    
  -------------------------------------------------------------------
                         slack                                  0.058    

Slack (MET) :             0.059ns  (arrival time - required time)
  Source:                 g_int4.u_p520/u_engine/twiddle_addr_q_reg_rep[1]/C
                            (rising edge-triggered cell FDRE clocked by clk  {rise@0.000ns fall@2.500ns period=5.000ns})
  Destination:            g_int4.u_p520/u_engine/twiddle_q_reg[3]/D
                            (rising edge-triggered cell FDRE clocked by clk  {rise@0.000ns fall@2.500ns period=5.000ns})
  Path Group:             clk
  Path Type:              Hold (Min at Fast Process Corner)
  Requirement:            0.000ns  (clk rise@0.000ns - clk rise@0.000ns)
  Data Path Delay:        0.155ns  (logic 0.076ns (49.074%)  route 0.079ns (50.926%))
  Logic Levels:           3  (LUT6=1 MUXF7=1 MUXF8=1)
  Clock Path Skew:        0.050ns (DCD - SCD - CPR)
    Destination Clock Delay (DCD):    1.758ns
    Source Clock Delay      (SCD):    1.396ns
    Clock Pessimism Removal (CPR):    0.313ns
  Clock Net Delay (Source):      1.067ns (routing 0.482ns, distribution 0.585ns)
  Clock Net Delay (Destination): 1.201ns (routing 0.536ns, distribution 0.665ns)

    Location             Delay type                Incr(ns)  Path(ns)    Netlist Resource(s)
  -------------------------------------------------------------------    -------------------
                         (clock clk rise edge)        0.000     0.000 r  
    R10                                               0.000     0.000 r  clk (IN)
                         net (fo=0)                   0.000     0.000    clk_IBUF_inst/I
    R10                  INBUF (Prop_INBUF_HPIOB_M_PAD_O)
                                                      0.156     0.156 r  clk_IBUF_inst/INBUF_INST/O
                         net (fo=1, routed)           0.000     0.156    clk_IBUF_inst/OUT
    R10                  IBUFCTRL (Prop_IBUFCTRL_HPIOB_M_I_O)
                                                      0.000     0.156 r  clk_IBUF_inst/IBUFCTRL_INST/O
                         net (fo=1, routed)           0.156     0.312    clk_IBUF
    BUFGCE_X0Y77         BUFGCE (Prop_BUFCE_BUFGCE_I_O)
                                                      0.017     0.329 r  clk_IBUF_BUFG_inst/O
    X3Y2 (CLOCK_ROOT)    net (fo=367, routed)         1.067     1.396    g_int4.u_p520/u_engine/clk_IBUF_BUFG
    SLICE_X88Y124        FDRE                                         r  g_int4.u_p520/u_engine/twiddle_addr_q_reg_rep[1]/C
  -------------------------------------------------------------------    -------------------
    SLICE_X88Y124        FDRE (Prop_GFF2_SLICEM_C_Q)
                                                      0.039     1.435 r  g_int4.u_p520/u_engine/twiddle_addr_q_reg_rep[1]/Q
                         net (fo=38, routed)          0.060     1.495    g_int4.u_p520/u_engine/twiddle_addr_q[1]
    SLICE_X90Y124        LUT6 (Prop_E6LUT_SLICEM_I1_O)
                                                      0.014     1.509 r  g_int4.u_p520/u_engine/g1_b3__0/O
                         net (fo=1, routed)           0.010     1.519    g_int4.u_p520/u_engine/g1_b3__0_n_0
    SLICE_X90Y124        MUXF7 (Prop_F7MUX_EF_SLICEM_I1_O)
                                                      0.010     1.529 r  g_int4.u_p520/u_engine/p_0_out_inferred__4/twiddle_q_reg[3]_i_3/O
                         net (fo=1, routed)           0.000     1.529    g_int4.u_p520/u_engine/p_0_out_inferred__4/twiddle_q_reg[3]_i_3_n_0
    SLICE_X90Y124        MUXF8 (Prop_F8MUX_TOP_SLICEM_I1_O)
                                                      0.013     1.542 r  g_int4.u_p520/u_engine/twiddle_q_reg[3]_i_1/O
                         net (fo=1, routed)           0.009     1.551    g_int4.u_p520/u_engine/twiddle_q_reg[3]_i_1_n_0
    SLICE_X90Y124        FDRE                                         r  g_int4.u_p520/u_engine/twiddle_q_reg[3]/D
  -------------------------------------------------------------------    -------------------

                         (clock clk rise edge)        0.000     0.000 r  
    R10                                               0.000     0.000 r  clk (IN)
                         net (fo=0)                   0.000     0.000    clk_IBUF_inst/I
    R10                  INBUF (Prop_INBUF_HPIOB_M_PAD_O)
                                                      0.341     0.341 r  clk_IBUF_inst/INBUF_INST/O
                         net (fo=1, routed)           0.000     0.341    clk_IBUF_inst/OUT
    R10                  IBUFCTRL (Prop_IBUFCTRL_HPIOB_M_I_O)
                                                      0.000     0.341 r  clk_IBUF_inst/IBUFCTRL_INST/O
                         net (fo=1, routed)           0.197     0.538    clk_IBUF
    BUFGCE_X0Y77         BUFGCE (Prop_BUFCE_BUFGCE_I_O)
                                                      0.019     0.557 r  clk_IBUF_BUFG_inst/O
    X3Y2 (CLOCK_ROOT)    net (fo=367, routed)         1.201     1.758    g_int4.u_p520/u_engine/clk_IBUF_BUFG
    SLICE_X90Y124        FDRE                                         r  g_int4.u_p520/u_engine/twiddle_q_reg[3]/C
                         clock pessimism             -0.313     1.446    
    SLICE_X90Y124        FDRE (Hold_GFF_SLICEM_C_D)
                                                      0.046     1.492    g_int4.u_p520/u_engine/twiddle_q_reg[3]
  -------------------------------------------------------------------
                         required time                         -1.492    
                         arrival time                           1.551    
  -------------------------------------------------------------------
                         slack                                  0.059    

Slack (MET) :             0.061ns  (arrival time - required time)
  Source:                 g_int4.u_p520/u_mac_mul/v4_reg_g_int4.u_p520_u_engine_u_mul_v4_reg_r/C
                            (rising edge-triggered cell FDRE clocked by clk  {rise@0.000ns fall@2.500ns period=5.000ns})
  Destination:            g_int4.u_p520/u_mac_mul/out_valid_reg/D
                            (rising edge-triggered cell FDRE clocked by clk  {rise@0.000ns fall@2.500ns period=5.000ns})
  Path Group:             clk
  Path Type:              Hold (Min at Fast Process Corner)
  Requirement:            0.000ns  (clk rise@0.000ns - clk rise@0.000ns)
  Data Path Delay:        0.115ns  (logic 0.052ns (45.217%)  route 0.063ns (54.783%))
  Logic Levels:           1  (LUT2=1)
  Clock Path Skew:        0.008ns (DCD - SCD - CPR)
    Destination Clock Delay (DCD):    1.764ns
    Source Clock Delay      (SCD):    1.406ns
    Clock Pessimism Removal (CPR):    0.351ns
  Clock Net Delay (Source):      1.076ns (routing 0.482ns, distribution 0.594ns)
  Clock Net Delay (Destination): 1.207ns (routing 0.536ns, distribution 0.671ns)

    Location             Delay type                Incr(ns)  Path(ns)    Netlist Resource(s)
  -------------------------------------------------------------------    -------------------
                         (clock clk rise edge)        0.000     0.000 r  
    R10                                               0.000     0.000 r  clk (IN)
                         net (fo=0)                   0.000     0.000    clk_IBUF_inst/I
    R10                  INBUF (Prop_INBUF_HPIOB_M_PAD_O)
                                                      0.156     0.156 r  clk_IBUF_inst/INBUF_INST/O
                         net (fo=1, routed)           0.000     0.156    clk_IBUF_inst/OUT
    R10                  IBUFCTRL (Prop_IBUFCTRL_HPIOB_M_I_O)
                                                      0.000     0.156 r  clk_IBUF_inst/IBUFCTRL_INST/O
                         net (fo=1, routed)           0.156     0.312    clk_IBUF
    BUFGCE_X0Y77         BUFGCE (Prop_BUFCE_BUFGCE_I_O)
                                                      0.017     0.329 r  clk_IBUF_BUFG_inst/O
    X3Y2 (CLOCK_ROOT)    net (fo=367, routed)         1.076     1.406    g_int4.u_p520/u_mac_mul/clk_IBUF_BUFG
    SLICE_X88Y132        FDRE                                         r  g_int4.u_p520/u_mac_mul/v4_reg_g_int4.u_p520_u_engine_u_mul_v4_reg_r/C
  -------------------------------------------------------------------    -------------------
    SLICE_X88Y132        FDRE (Prop_BFF_SLICEM_C_Q)
                                                      0.038     1.444 r  g_int4.u_p520/u_mac_mul/v4_reg_g_int4.u_p520_u_engine_u_mul_v4_reg_r/Q
                         net (fo=1, routed)           0.046     1.490    g_int4.u_p520/u_mac_mul/v4_reg_g_int4.u_p520_u_engine_u_mul_v4_reg_r_n_0
    SLICE_X89Y132        LUT2 (Prop_C6LUT_SLICEL_I0_O)
                                                      0.014     1.504 r  g_int4.u_p520/u_mac_mul/v4_reg_gate/O
                         net (fo=1, routed)           0.017     1.521    g_int4.u_p520/u_mac_mul/v4_reg_gate_n_0
    SLICE_X89Y132        FDRE                                         r  g_int4.u_p520/u_mac_mul/out_valid_reg/D
  -------------------------------------------------------------------    -------------------

                         (clock clk rise edge)        0.000     0.000 r  
    R10                                               0.000     0.000 r  clk (IN)
                         net (fo=0)                   0.000     0.000    clk_IBUF_inst/I
    R10                  INBUF (Prop_INBUF_HPIOB_M_PAD_O)
                                                      0.341     0.341 r  clk_IBUF_inst/INBUF_INST/O
                         net (fo=1, routed)           0.000     0.341    clk_IBUF_inst/OUT
    R10                  IBUFCTRL (Prop_IBUFCTRL_HPIOB_M_I_O)
                                                      0.000     0.341 r  clk_IBUF_inst/IBUFCTRL_INST/O
                         net (fo=1, routed)           0.197     0.538    clk_IBUF
    BUFGCE_X0Y77         BUFGCE (Prop_BUFCE_BUFGCE_I_O)
                                                      0.019     0.557 r  clk_IBUF_BUFG_inst/O
    X3Y2 (CLOCK_ROOT)    net (fo=367, routed)         1.207     1.764    g_int4.u_p520/u_mac_mul/clk_IBUF_BUFG
    SLICE_X89Y132        FDRE                                         r  g_int4.u_p520/u_mac_mul/out_valid_reg/C
                         clock pessimism             -0.351     1.414    
    SLICE_X89Y132        FDRE (Hold_CFF_SLICEL_C_D)
                                                      0.046     1.460    g_int4.u_p520/u_mac_mul/out_valid_reg
  -------------------------------------------------------------------
                         required time                         -1.460    
                         arrival time                           1.521    
  -------------------------------------------------------------------
                         slack                                  0.061    

Slack (MET) :             0.061ns  (arrival time - required time)
  Source:                 g_int4.u_p520/u_mac_mul/p_out_reg[12]/C
                            (rising edge-triggered cell FDRE clocked by clk  {rise@0.000ns fall@2.500ns period=5.000ns})
  Destination:            g_int4.u_p520/mac_product_q_reg[12]/D
                            (rising edge-triggered cell FDRE clocked by clk  {rise@0.000ns fall@2.500ns period=5.000ns})
  Path Group:             clk
  Path Type:              Hold (Min at Fast Process Corner)
  Requirement:            0.000ns  (clk rise@0.000ns - clk rise@0.000ns)
  Data Path Delay:        0.159ns  (logic 0.039ns (24.528%)  route 0.120ns (75.472%))
  Logic Levels:           0  
  Clock Path Skew:        0.052ns (DCD - SCD - CPR)
    Destination Clock Delay (DCD):    1.763ns
    Source Clock Delay      (SCD):    1.398ns
    Clock Pessimism Removal (CPR):    0.313ns
  Clock Net Delay (Source):      1.069ns (routing 0.482ns, distribution 0.587ns)
  Clock Net Delay (Destination): 1.205ns (routing 0.536ns, distribution 0.669ns)

    Location             Delay type                Incr(ns)  Path(ns)    Netlist Resource(s)
  -------------------------------------------------------------------    -------------------
                         (clock clk rise edge)        0.000     0.000 r  
    R10                                               0.000     0.000 r  clk (IN)
                         net (fo=0)                   0.000     0.000    clk_IBUF_inst/I
    R10                  INBUF (Prop_INBUF_HPIOB_M_PAD_O)
                                                      0.156     0.156 r  clk_IBUF_inst/INBUF_INST/O
                         net (fo=1, routed)           0.000     0.156    clk_IBUF_inst/OUT
    R10                  IBUFCTRL (Prop_IBUFCTRL_HPIOB_M_I_O)
                                                      0.000     0.156 r  clk_IBUF_inst/IBUFCTRL_INST/O
                         net (fo=1, routed)           0.156     0.312    clk_IBUF
    BUFGCE_X0Y77         BUFGCE (Prop_BUFCE_BUFGCE_I_O)
                                                      0.017     0.329 r  clk_IBUF_BUFG_inst/O
    X3Y2 (CLOCK_ROOT)    net (fo=367, routed)         1.069     1.398    g_int4.u_p520/u_mac_mul/clk_IBUF_BUFG
    SLICE_X96Y135        FDRE                                         r  g_int4.u_p520/u_mac_mul/p_out_reg[12]/C
  -------------------------------------------------------------------    -------------------
    SLICE_X96Y135        FDRE (Prop_CFF2_SLICEM_C_Q)
                                                      0.039     1.437 r  g_int4.u_p520/u_mac_mul/p_out_reg[12]/Q
                         net (fo=1, routed)           0.120     1.557    g_int4.u_p520/mac_product[12]
    SLICE_X95Y136        FDRE                                         r  g_int4.u_p520/mac_product_q_reg[12]/D
  -------------------------------------------------------------------    -------------------

                         (clock clk rise edge)        0.000     0.000 r  
    R10                                               0.000     0.000 r  clk (IN)
                         net (fo=0)                   0.000     0.000    clk_IBUF_inst/I
    R10                  INBUF (Prop_INBUF_HPIOB_M_PAD_O)
                                                      0.341     0.341 r  clk_IBUF_inst/INBUF_INST/O
                         net (fo=1, routed)           0.000     0.341    clk_IBUF_inst/OUT
    R10                  IBUFCTRL (Prop_IBUFCTRL_HPIOB_M_I_O)
                                                      0.000     0.341 r  clk_IBUF_inst/IBUFCTRL_INST/O
                         net (fo=1, routed)           0.197     0.538    clk_IBUF
    BUFGCE_X0Y77         BUFGCE (Prop_BUFCE_BUFGCE_I_O)
                                                      0.019     0.557 r  clk_IBUF_BUFG_inst/O
    X3Y2 (CLOCK_ROOT)    net (fo=367, routed)         1.205     1.763    g_int4.u_p520/clk_IBUF_BUFG
    SLICE_X95Y136        FDRE                                         r  g_int4.u_p520/mac_product_q_reg[12]/C
                         clock pessimism             -0.313     1.450    
    SLICE_X95Y136        FDRE (Hold_EFF_SLICEL_C_D)
                                                      0.046     1.496    g_int4.u_p520/mac_product_q_reg[12]
  -------------------------------------------------------------------
                         required time                         -1.496    
                         arrival time                           1.557    
  -------------------------------------------------------------------
                         slack                                  0.061    

Slack (MET) :             0.062ns  (arrival time - required time)
  Source:                 g_int4.u_p520/index_q_reg[0]/C
                            (rising edge-triggered cell FDRE clocked by clk  {rise@0.000ns fall@2.500ns period=5.000ns})
  Destination:            g_int4.u_p520/index_q_reg[0]/D
                            (rising edge-triggered cell FDRE clocked by clk  {rise@0.000ns fall@2.500ns period=5.000ns})
  Path Group:             clk
  Path Type:              Hold (Min at Fast Process Corner)
  Requirement:            0.000ns  (clk rise@0.000ns - clk rise@0.000ns)
  Data Path Delay:        0.114ns  (logic 0.062ns (54.538%)  route 0.052ns (45.462%))
  Logic Levels:           1  (LUT3=1)
  Clock Path Skew:        0.006ns (DCD - SCD - CPR)
    Destination Clock Delay (DCD):    1.762ns
    Source Clock Delay      (SCD):    1.397ns
    Clock Pessimism Removal (CPR):    0.359ns
  Clock Net Delay (Source):      1.068ns (routing 0.482ns, distribution 0.586ns)
  Clock Net Delay (Destination): 1.204ns (routing 0.536ns, distribution 0.668ns)

    Location             Delay type                Incr(ns)  Path(ns)    Netlist Resource(s)
  -------------------------------------------------------------------    -------------------
                         (clock clk rise edge)        0.000     0.000 r  
    R10                                               0.000     0.000 r  clk (IN)
                         net (fo=0)                   0.000     0.000    clk_IBUF_inst/I
    R10                  INBUF (Prop_INBUF_HPIOB_M_PAD_O)
                                                      0.156     0.156 r  clk_IBUF_inst/INBUF_INST/O
                         net (fo=1, routed)           0.000     0.156    clk_IBUF_inst/OUT
    R10                  IBUFCTRL (Prop_IBUFCTRL_HPIOB_M_I_O)
                                                      0.000     0.156 r  clk_IBUF_inst/IBUFCTRL_INST/O
                         net (fo=1, routed)           0.156     0.312    clk_IBUF
    BUFGCE_X0Y77         BUFGCE (Prop_BUFCE_BUFGCE_I_O)
                                                      0.017     0.329 r  clk_IBUF_BUFG_inst/O
    X3Y2 (CLOCK_ROOT)    net (fo=367, routed)         1.068     1.397    g_int4.u_p520/clk_IBUF_BUFG
    SLICE_X91Y133        FDRE                                         r  g_int4.u_p520/index_q_reg[0]/C
  -------------------------------------------------------------------    -------------------
    SLICE_X91Y133        FDRE (Prop_HFF_SLICEM_C_Q)
                                                      0.039     1.436 f  g_int4.u_p520/index_q_reg[0]/Q
                         net (fo=13, routed)          0.031     1.467    g_int4.u_p520/index_q_reg_n_0_[0]
    SLICE_X91Y133        LUT3 (Prop_H6LUT_SLICEM_I2_O)
                                                      0.023     1.490 r  g_int4.u_p520/index_q[0]_i_1/O
                         net (fo=1, routed)           0.021     1.511    g_int4.u_p520/C[0]
    SLICE_X91Y133        FDRE                                         r  g_int4.u_p520/index_q_reg[0]/D
  -------------------------------------------------------------------    -------------------

                         (clock clk rise edge)        0.000     0.000 r  
    R10                                               0.000     0.000 r  clk (IN)
                         net (fo=0)                   0.000     0.000    clk_IBUF_inst/I
    R10                  INBUF (Prop_INBUF_HPIOB_M_PAD_O)
                                                      0.341     0.341 r  clk_IBUF_inst/INBUF_INST/O
                         net (fo=1, routed)           0.000     0.341    clk_IBUF_inst/OUT
    R10                  IBUFCTRL (Prop_IBUFCTRL_HPIOB_M_I_O)
                                                      0.000     0.341 r  clk_IBUF_inst/IBUFCTRL_INST/O
                         net (fo=1, routed)           0.197     0.538    clk_IBUF
    BUFGCE_X0Y77         BUFGCE (Prop_BUFCE_BUFGCE_I_O)
                                                      0.019     0.557 r  clk_IBUF_BUFG_inst/O
    X3Y2 (CLOCK_ROOT)    net (fo=367, routed)         1.204     1.762    g_int4.u_p520/clk_IBUF_BUFG
    SLICE_X91Y133        FDRE                                         r  g_int4.u_p520/index_q_reg[0]/C
                         clock pessimism             -0.359     1.403    
    SLICE_X91Y133        FDRE (Hold_HFF_SLICEM_C_D)
                                                      0.046     1.449    g_int4.u_p520/index_q_reg[0]
  -------------------------------------------------------------------
                         required time                         -1.449    
                         arrival time                           1.511    
  -------------------------------------------------------------------
                         slack                                  0.062    

Slack (MET) :             0.063ns  (arrival time - required time)
  Source:                 g_int4.u_p520/u_engine/scale_addr_q_reg[2]/C
                            (rising edge-triggered cell FDRE clocked by clk  {rise@0.000ns fall@2.500ns period=5.000ns})
  Destination:            g_int4.u_p520/u_engine/scale_addr_q_reg[3]/D
                            (rising edge-triggered cell FDRE clocked by clk  {rise@0.000ns fall@2.500ns period=5.000ns})
  Path Group:             clk
  Path Type:              Hold (Min at Fast Process Corner)
  Requirement:            0.000ns  (clk rise@0.000ns - clk rise@0.000ns)
  Data Path Delay:        0.116ns  (logic 0.076ns (65.697%)  route 0.040ns (34.303%))
  Logic Levels:           1  (LUT5=1)
  Clock Path Skew:        0.006ns (DCD - SCD - CPR)
    Destination Clock Delay (DCD):    1.754ns
    Source Clock Delay      (SCD):    1.390ns
    Clock Pessimism Removal (CPR):    0.358ns
  Clock Net Delay (Source):      1.061ns (routing 0.482ns, distribution 0.579ns)
  Clock Net Delay (Destination): 1.197ns (routing 0.536ns, distribution 0.661ns)

    Location             Delay type                Incr(ns)  Path(ns)    Netlist Resource(s)
  -------------------------------------------------------------------    -------------------
                         (clock clk rise edge)        0.000     0.000 r  
    R10                                               0.000     0.000 r  clk (IN)
                         net (fo=0)                   0.000     0.000    clk_IBUF_inst/I
    R10                  INBUF (Prop_INBUF_HPIOB_M_PAD_O)
                                                      0.156     0.156 r  clk_IBUF_inst/INBUF_INST/O
                         net (fo=1, routed)           0.000     0.156    clk_IBUF_inst/OUT
    R10                  IBUFCTRL (Prop_IBUFCTRL_HPIOB_M_I_O)
                                                      0.000     0.156 r  clk_IBUF_inst/IBUFCTRL_INST/O
                         net (fo=1, routed)           0.156     0.312    clk_IBUF
    BUFGCE_X0Y77         BUFGCE (Prop_BUFCE_BUFGCE_I_O)
                                                      0.017     0.329 r  clk_IBUF_BUFG_inst/O
    X3Y2 (CLOCK_ROOT)    net (fo=367, routed)         1.061     1.390    g_int4.u_p520/u_engine/clk_IBUF_BUFG
    SLICE_X87Y127        FDRE                                         r  g_int4.u_p520/u_engine/scale_addr_q_reg[2]/C
  -------------------------------------------------------------------    -------------------
    SLICE_X87Y127        FDRE (Prop_DFF_SLICEM_C_Q)
                                                      0.039     1.429 r  g_int4.u_p520/u_engine/scale_addr_q_reg[2]/Q
                         net (fo=8, routed)           0.031     1.460    g_int4.u_p520/u_engine/scale_addr_q_reg_n_0_[2]
    SLICE_X87Y127        LUT5 (Prop_D5LUT_SLICEM_I2_O)
                                                      0.037     1.497 r  g_int4.u_p520/u_engine/scale_addr_q[3]_i_1/O
                         net (fo=1, routed)           0.009     1.506    g_int4.u_p520/u_engine/scale_addr_q[3]_i_1_n_0
    SLICE_X87Y127        FDRE                                         r  g_int4.u_p520/u_engine/scale_addr_q_reg[3]/D
  -------------------------------------------------------------------    -------------------

                         (clock clk rise edge)        0.000     0.000 r  
    R10                                               0.000     0.000 r  clk (IN)
                         net (fo=0)                   0.000     0.000    clk_IBUF_inst/I
    R10                  INBUF (Prop_INBUF_HPIOB_M_PAD_O)
                                                      0.341     0.341 r  clk_IBUF_inst/INBUF_INST/O
                         net (fo=1, routed)           0.000     0.341    clk_IBUF_inst/OUT
    R10                  IBUFCTRL (Prop_IBUFCTRL_HPIOB_M_I_O)
                                                      0.000     0.341 r  clk_IBUF_inst/IBUFCTRL_INST/O
                         net (fo=1, routed)           0.197     0.538    clk_IBUF
    BUFGCE_X0Y77         BUFGCE (Prop_BUFCE_BUFGCE_I_O)
                                                      0.019     0.557 r  clk_IBUF_BUFG_inst/O
    X3Y2 (CLOCK_ROOT)    net (fo=367, routed)         1.197     1.754    g_int4.u_p520/u_engine/clk_IBUF_BUFG
    SLICE_X87Y127        FDRE                                         r  g_int4.u_p520/u_engine/scale_addr_q_reg[3]/C
                         clock pessimism             -0.358     1.396    
    SLICE_X87Y127        FDRE (Hold_DFF2_SLICEM_C_D)
                                                      0.047     1.443    g_int4.u_p520/u_engine/scale_addr_q_reg[3]
  -------------------------------------------------------------------
                         required time                         -1.443    
                         arrival time                           1.506    
  -------------------------------------------------------------------
                         slack                                  0.063    

Slack (MET) :             0.063ns  (arrival time - required time)
  Source:                 g_int4.u_p520/u_engine/state_q_reg[2]/C
                            (rising edge-triggered cell FDRE clocked by clk  {rise@0.000ns fall@2.500ns period=5.000ns})
  Destination:            g_int4.u_p520/u_engine/state_q_reg[1]/D
                            (rising edge-triggered cell FDRE clocked by clk  {rise@0.000ns fall@2.500ns period=5.000ns})
  Path Group:             clk
  Path Type:              Hold (Min at Fast Process Corner)
  Requirement:            0.000ns  (clk rise@0.000ns - clk rise@0.000ns)
  Data Path Delay:        0.164ns  (logic 0.052ns (31.767%)  route 0.112ns (68.233%))
  Logic Levels:           1  (LUT6=1)
  Clock Path Skew:        0.054ns (DCD - SCD - CPR)
    Destination Clock Delay (DCD):    1.756ns
    Source Clock Delay      (SCD):    1.389ns
    Clock Pessimism Removal (CPR):    0.313ns
  Clock Net Delay (Source):      1.060ns (routing 0.482ns, distribution 0.578ns)
  Clock Net Delay (Destination): 1.199ns (routing 0.536ns, distribution 0.663ns)

    Location             Delay type                Incr(ns)  Path(ns)    Netlist Resource(s)
  -------------------------------------------------------------------    -------------------
                         (clock clk rise edge)        0.000     0.000 r  
    R10                                               0.000     0.000 r  clk (IN)
                         net (fo=0)                   0.000     0.000    clk_IBUF_inst/I
    R10                  INBUF (Prop_INBUF_HPIOB_M_PAD_O)
                                                      0.156     0.156 r  clk_IBUF_inst/INBUF_INST/O
                         net (fo=1, routed)           0.000     0.156    clk_IBUF_inst/OUT
    R10                  IBUFCTRL (Prop_IBUFCTRL_HPIOB_M_I_O)
                                                      0.000     0.156 r  clk_IBUF_inst/IBUFCTRL_INST/O
                         net (fo=1, routed)           0.156     0.312    clk_IBUF
    BUFGCE_X0Y77         BUFGCE (Prop_BUFCE_BUFGCE_I_O)
                                                      0.017     0.329 r  clk_IBUF_BUFG_inst/O
    X3Y2 (CLOCK_ROOT)    net (fo=367, routed)         1.060     1.389    g_int4.u_p520/u_engine/clk_IBUF_BUFG
    SLICE_X87Y128        FDRE                                         r  g_int4.u_p520/u_engine/state_q_reg[2]/C
  -------------------------------------------------------------------    -------------------
    SLICE_X87Y128        FDRE (Prop_CFF_SLICEM_C_Q)
                                                      0.038     1.427 f  g_int4.u_p520/u_engine/state_q_reg[2]/Q
                         net (fo=25, routed)          0.088     1.515    g_int4.u_p520/u_engine/state_q[2]
    SLICE_X88Y128        LUT6 (Prop_C6LUT_SLICEM_I5_O)
                                                      0.014     1.529 r  g_int4.u_p520/u_engine/state_q[1]_i_1/O
                         net (fo=1, routed)           0.024     1.553    g_int4.u_p520/u_engine/state_q[1]_i_1_n_0
    SLICE_X88Y128        FDRE                                         r  g_int4.u_p520/u_engine/state_q_reg[1]/D
  -------------------------------------------------------------------    -------------------

                         (clock clk rise edge)        0.000     0.000 r  
    R10                                               0.000     0.000 r  clk (IN)
                         net (fo=0)                   0.000     0.000    clk_IBUF_inst/I
    R10                  INBUF (Prop_INBUF_HPIOB_M_PAD_O)
                                                      0.341     0.341 r  clk_IBUF_inst/INBUF_INST/O
                         net (fo=1, routed)           0.000     0.341    clk_IBUF_inst/OUT
    R10                  IBUFCTRL (Prop_IBUFCTRL_HPIOB_M_I_O)
                                                      0.000     0.341 r  clk_IBUF_inst/IBUFCTRL_INST/O
                         net (fo=1, routed)           0.197     0.538    clk_IBUF
    BUFGCE_X0Y77         BUFGCE (Prop_BUFCE_BUFGCE_I_O)
                                                      0.019     0.557 r  clk_IBUF_BUFG_inst/O
    X3Y2 (CLOCK_ROOT)    net (fo=367, routed)         1.199     1.756    g_int4.u_p520/u_engine/clk_IBUF_BUFG
    SLICE_X88Y128        FDRE                                         r  g_int4.u_p520/u_engine/state_q_reg[1]/C
                         clock pessimism             -0.313     1.444    
    SLICE_X88Y128        FDRE (Hold_CFF_SLICEM_C_D)
                                                      0.046     1.490    g_int4.u_p520/u_engine/state_q_reg[1]
  -------------------------------------------------------------------
                         required time                         -1.490    
                         arrival time                           1.553    
  -------------------------------------------------------------------
                         slack                                  0.063    

Slack (MET) :             0.064ns  (arrival time - required time)
  Source:                 g_int4.u_p520/u_engine/butterfly_q_reg[6]/C
                            (rising edge-triggered cell FDRE clocked by clk  {rise@0.000ns fall@2.500ns period=5.000ns})
  Destination:            g_int4.u_p520/u_engine/butterfly_q_reg[0]/D
                            (rising edge-triggered cell FDRE clocked by clk  {rise@0.000ns fall@2.500ns period=5.000ns})
  Path Group:             clk
  Path Type:              Hold (Min at Fast Process Corner)
  Requirement:            0.000ns  (clk rise@0.000ns - clk rise@0.000ns)
  Data Path Delay:        0.127ns  (logic 0.053ns (41.831%)  route 0.074ns (58.169%))
  Logic Levels:           1  (LUT6=1)
  Clock Path Skew:        0.017ns (DCD - SCD - CPR)
    Destination Clock Delay (DCD):    1.761ns
    Source Clock Delay      (SCD):    1.401ns
    Clock Pessimism Removal (CPR):    0.344ns
  Clock Net Delay (Source):      1.072ns (routing 0.482ns, distribution 0.590ns)
  Clock Net Delay (Destination): 1.204ns (routing 0.536ns, distribution 0.668ns)

    Location             Delay type                Incr(ns)  Path(ns)    Netlist Resource(s)
  -------------------------------------------------------------------    -------------------
                         (clock clk rise edge)        0.000     0.000 r  
    R10                                               0.000     0.000 r  clk (IN)
                         net (fo=0)                   0.000     0.000    clk_IBUF_inst/I
    R10                  INBUF (Prop_INBUF_HPIOB_M_PAD_O)
                                                      0.156     0.156 r  clk_IBUF_inst/INBUF_INST/O
                         net (fo=1, routed)           0.000     0.156    clk_IBUF_inst/OUT
    R10                  IBUFCTRL (Prop_IBUFCTRL_HPIOB_M_I_O)
                                                      0.000     0.156 r  clk_IBUF_inst/IBUFCTRL_INST/O
                         net (fo=1, routed)           0.156     0.312    clk_IBUF
    BUFGCE_X0Y77         BUFGCE (Prop_BUFCE_BUFGCE_I_O)
                                                      0.017     0.329 r  clk_IBUF_BUFG_inst/O
    X3Y2 (CLOCK_ROOT)    net (fo=367, routed)         1.072     1.401    g_int4.u_p520/u_engine/clk_IBUF_BUFG
    SLICE_X89Y126        FDRE                                         r  g_int4.u_p520/u_engine/butterfly_q_reg[6]/C
  -------------------------------------------------------------------    -------------------
    SLICE_X89Y126        FDRE (Prop_EFF_SLICEL_C_Q)
                                                      0.039     1.440 f  g_int4.u_p520/u_engine/butterfly_q_reg[6]/Q
                         net (fo=13, routed)          0.058     1.498    g_int4.u_p520/u_engine/butterfly_q[6]
    SLICE_X89Y125        LUT6 (Prop_D6LUT_SLICEL_I3_O)
                                                      0.014     1.512 r  g_int4.u_p520/u_engine/butterfly_q[0]_i_1/O
                         net (fo=1, routed)           0.016     1.528    g_int4.u_p520/u_engine/A[0]
    SLICE_X89Y125        FDRE                                         r  g_int4.u_p520/u_engine/butterfly_q_reg[0]/D
  -------------------------------------------------------------------    -------------------

                         (clock clk rise edge)        0.000     0.000 r  
    R10                                               0.000     0.000 r  clk (IN)
                         net (fo=0)                   0.000     0.000    clk_IBUF_inst/I
    R10                  INBUF (Prop_INBUF_HPIOB_M_PAD_O)
                                                      0.341     0.341 r  clk_IBUF_inst/INBUF_INST/O
                         net (fo=1, routed)           0.000     0.341    clk_IBUF_inst/OUT
    R10                  IBUFCTRL (Prop_IBUFCTRL_HPIOB_M_I_O)
                                                      0.000     0.341 r  clk_IBUF_inst/IBUFCTRL_INST/O
                         net (fo=1, routed)           0.197     0.538    clk_IBUF
    BUFGCE_X0Y77         BUFGCE (Prop_BUFCE_BUFGCE_I_O)
                                                      0.019     0.557 r  clk_IBUF_BUFG_inst/O
    X3Y2 (CLOCK_ROOT)    net (fo=367, routed)         1.204     1.761    g_int4.u_p520/u_engine/clk_IBUF_BUFG
    SLICE_X89Y125        FDRE                                         r  g_int4.u_p520/u_engine/butterfly_q_reg[0]/C
                         clock pessimism             -0.344     1.418    
    SLICE_X89Y125        FDRE (Hold_DFF_SLICEL_C_D)
                                                      0.046     1.464    g_int4.u_p520/u_engine/butterfly_q_reg[0]
  -------------------------------------------------------------------
                         required time                         -1.464    
                         arrival time                           1.528    
  -------------------------------------------------------------------
                         slack                                  0.064    

Slack (MET) :             0.065ns  (arrival time - required time)
  Source:                 g_int4.u_p520/u_engine/butterfly_q_reg[2]/C
                            (rising edge-triggered cell FDRE clocked by clk  {rise@0.000ns fall@2.500ns period=5.000ns})
  Destination:            g_int4.u_p520/u_engine/butterfly_q_reg[3]/D
                            (rising edge-triggered cell FDRE clocked by clk  {rise@0.000ns fall@2.500ns period=5.000ns})
  Path Group:             clk
  Path Type:              Hold (Min at Fast Process Corner)
  Requirement:            0.000ns  (clk rise@0.000ns - clk rise@0.000ns)
  Data Path Delay:        0.118ns  (logic 0.076ns (64.572%)  route 0.042ns (35.429%))
  Logic Levels:           1  (LUT5=1)
  Clock Path Skew:        0.006ns (DCD - SCD - CPR)
    Destination Clock Delay (DCD):    1.759ns
    Source Clock Delay      (SCD):    1.394ns
    Clock Pessimism Removal (CPR):    0.359ns
  Clock Net Delay (Source):      1.065ns (routing 0.482ns, distribution 0.583ns)
  Clock Net Delay (Destination): 1.201ns (routing 0.536ns, distribution 0.665ns)

    Location             Delay type                Incr(ns)  Path(ns)    Netlist Resource(s)
  -------------------------------------------------------------------    -------------------
                         (clock clk rise edge)        0.000     0.000 r  
    R10                                               0.000     0.000 r  clk (IN)
                         net (fo=0)                   0.000     0.000    clk_IBUF_inst/I
    R10                  INBUF (Prop_INBUF_HPIOB_M_PAD_O)
                                                      0.156     0.156 r  clk_IBUF_inst/INBUF_INST/O
                         net (fo=1, routed)           0.000     0.156    clk_IBUF_inst/OUT
    R10                  IBUFCTRL (Prop_IBUFCTRL_HPIOB_M_I_O)
                                                      0.000     0.156 r  clk_IBUF_inst/IBUFCTRL_INST/O
                         net (fo=1, routed)           0.156     0.312    clk_IBUF
    BUFGCE_X0Y77         BUFGCE (Prop_BUFCE_BUFGCE_I_O)
                                                      0.017     0.329 r  clk_IBUF_BUFG_inst/O
    X3Y2 (CLOCK_ROOT)    net (fo=367, routed)         1.065     1.394    g_int4.u_p520/u_engine/clk_IBUF_BUFG
    SLICE_X87Y125        FDRE                                         r  g_int4.u_p520/u_engine/butterfly_q_reg[2]/C
  -------------------------------------------------------------------    -------------------
    SLICE_X87Y125        FDRE (Prop_DFF_SLICEM_C_Q)
                                                      0.039     1.433 r  g_int4.u_p520/u_engine/butterfly_q_reg[2]/Q
                         net (fo=16, routed)          0.033     1.466    g_int4.u_p520/u_engine/butterfly_q[2]
    SLICE_X87Y125        LUT5 (Prop_D5LUT_SLICEM_I2_O)
                                                      0.037     1.503 r  g_int4.u_p520/u_engine/butterfly_q[3]_i_1/O
                         net (fo=1, routed)           0.009     1.512    g_int4.u_p520/u_engine/A[3]
    SLICE_X87Y125        FDRE                                         r  g_int4.u_p520/u_engine/butterfly_q_reg[3]/D
  -------------------------------------------------------------------    -------------------

                         (clock clk rise edge)        0.000     0.000 r  
    R10                                               0.000     0.000 r  clk (IN)
                         net (fo=0)                   0.000     0.000    clk_IBUF_inst/I
    R10                  INBUF (Prop_INBUF_HPIOB_M_PAD_O)
                                                      0.341     0.341 r  clk_IBUF_inst/INBUF_INST/O
                         net (fo=1, routed)           0.000     0.341    clk_IBUF_inst/OUT
    R10                  IBUFCTRL (Prop_IBUFCTRL_HPIOB_M_I_O)
                                                      0.000     0.341 r  clk_IBUF_inst/IBUFCTRL_INST/O
                         net (fo=1, routed)           0.197     0.538    clk_IBUF
    BUFGCE_X0Y77         BUFGCE (Prop_BUFCE_BUFGCE_I_O)
                                                      0.019     0.557 r  clk_IBUF_BUFG_inst/O
    X3Y2 (CLOCK_ROOT)    net (fo=367, routed)         1.201     1.759    g_int4.u_p520/u_engine/clk_IBUF_BUFG
    SLICE_X87Y125        FDRE                                         r  g_int4.u_p520/u_engine/butterfly_q_reg[3]/C
                         clock pessimism             -0.359     1.400    
    SLICE_X87Y125        FDRE (Hold_DFF2_SLICEM_C_D)
                                                      0.047     1.447    g_int4.u_p520/u_engine/butterfly_q_reg[3]
  -------------------------------------------------------------------
                         required time                         -1.447    
                         arrival time                           1.512    
  -------------------------------------------------------------------
                         slack                                  0.065    

Slack (MET) :             0.065ns  (arrival time - required time)
  Source:                 g_int4.u_p520/u_mac_mul/p_out_reg[3]/C
                            (rising edge-triggered cell FDRE clocked by clk  {rise@0.000ns fall@2.500ns period=5.000ns})
  Destination:            g_int4.u_p520/mac_product_q_reg[3]/D
                            (rising edge-triggered cell FDRE clocked by clk  {rise@0.000ns fall@2.500ns period=5.000ns})
  Path Group:             clk
  Path Type:              Hold (Min at Fast Process Corner)
  Requirement:            0.000ns  (clk rise@0.000ns - clk rise@0.000ns)
  Data Path Delay:        0.125ns  (logic 0.039ns (31.200%)  route 0.086ns (68.800%))
  Logic Levels:           0  
  Clock Path Skew:        0.013ns (DCD - SCD - CPR)
    Destination Clock Delay (DCD):    1.768ns
    Source Clock Delay      (SCD):    1.403ns
    Clock Pessimism Removal (CPR):    0.352ns
  Clock Net Delay (Source):      1.074ns (routing 0.482ns, distribution 0.592ns)
  Clock Net Delay (Destination): 1.210ns (routing 0.536ns, distribution 0.674ns)

    Location             Delay type                Incr(ns)  Path(ns)    Netlist Resource(s)
  -------------------------------------------------------------------    -------------------
                         (clock clk rise edge)        0.000     0.000 r  
    R10                                               0.000     0.000 r  clk (IN)
                         net (fo=0)                   0.000     0.000    clk_IBUF_inst/I
    R10                  INBUF (Prop_INBUF_HPIOB_M_PAD_O)
                                                      0.156     0.156 r  clk_IBUF_inst/INBUF_INST/O
                         net (fo=1, routed)           0.000     0.156    clk_IBUF_inst/OUT
    R10                  IBUFCTRL (Prop_IBUFCTRL_HPIOB_M_I_O)
                                                      0.000     0.156 r  clk_IBUF_inst/IBUFCTRL_INST/O
                         net (fo=1, routed)           0.156     0.312    clk_IBUF
    BUFGCE_X0Y77         BUFGCE (Prop_BUFCE_BUFGCE_I_O)
                                                      0.017     0.329 r  clk_IBUF_BUFG_inst/O
    X3Y2 (CLOCK_ROOT)    net (fo=367, routed)         1.074     1.403    g_int4.u_p520/u_mac_mul/clk_IBUF_BUFG
    SLICE_X96Y134        FDRE                                         r  g_int4.u_p520/u_mac_mul/p_out_reg[3]/C
  -------------------------------------------------------------------    -------------------
    SLICE_X96Y134        FDRE (Prop_DFF_SLICEM_C_Q)
                                                      0.039     1.442 r  g_int4.u_p520/u_mac_mul/p_out_reg[3]/Q
                         net (fo=1, routed)           0.086     1.528    g_int4.u_p520/mac_product[3]
    SLICE_X96Y134        FDRE                                         r  g_int4.u_p520/mac_product_q_reg[3]/D
  -------------------------------------------------------------------    -------------------

                         (clock clk rise edge)        0.000     0.000 r  
    R10                                               0.000     0.000 r  clk (IN)
                         net (fo=0)                   0.000     0.000    clk_IBUF_inst/I
    R10                  INBUF (Prop_INBUF_HPIOB_M_PAD_O)
                                                      0.341     0.341 r  clk_IBUF_inst/INBUF_INST/O
                         net (fo=1, routed)           0.000     0.341    clk_IBUF_inst/OUT
    R10                  IBUFCTRL (Prop_IBUFCTRL_HPIOB_M_I_O)
                                                      0.000     0.341 r  clk_IBUF_inst/IBUFCTRL_INST/O
                         net (fo=1, routed)           0.197     0.538    clk_IBUF
    BUFGCE_X0Y77         BUFGCE (Prop_BUFCE_BUFGCE_I_O)
                                                      0.019     0.557 r  clk_IBUF_BUFG_inst/O
    X3Y2 (CLOCK_ROOT)    net (fo=367, routed)         1.210     1.768    g_int4.u_p520/clk_IBUF_BUFG
    SLICE_X96Y134        FDRE                                         r  g_int4.u_p520/mac_product_q_reg[3]/C
                         clock pessimism             -0.352     1.416    
    SLICE_X96Y134        FDRE (Hold_EFF2_SLICEM_C_D)
                                                      0.047     1.463    g_int4.u_p520/mac_product_q_reg[3]
  -------------------------------------------------------------------
                         required time                         -1.463    
                         arrival time                           1.528    
  -------------------------------------------------------------------
                         slack                                  0.065    

Slack (MET) :             0.066ns  (arrival time - required time)
  Source:                 g_int4.u_p520/u_engine/u_mul/p_out_reg[10]/C
                            (rising edge-triggered cell FDRE clocked by clk  {rise@0.000ns fall@2.500ns period=5.000ns})
  Destination:            g_int4.u_p520/u_engine/product_q_reg[10]/D
                            (rising edge-triggered cell FDRE clocked by clk  {rise@0.000ns fall@2.500ns period=5.000ns})
  Path Group:             clk
  Path Type:              Hold (Min at Fast Process Corner)
  Requirement:            0.000ns  (clk rise@0.000ns - clk rise@0.000ns)
  Data Path Delay:        0.140ns  (logic 0.039ns (27.857%)  route 0.101ns (72.143%))
  Logic Levels:           0  
  Clock Path Skew:        0.028ns (DCD - SCD - CPR)
    Destination Clock Delay (DCD):    1.762ns
    Source Clock Delay      (SCD):    1.388ns
    Clock Pessimism Removal (CPR):    0.345ns
  Clock Net Delay (Source):      1.059ns (routing 0.482ns, distribution 0.577ns)
  Clock Net Delay (Destination): 1.204ns (routing 0.536ns, distribution 0.668ns)

    Location             Delay type                Incr(ns)  Path(ns)    Netlist Resource(s)
  -------------------------------------------------------------------    -------------------
                         (clock clk rise edge)        0.000     0.000 r  
    R10                                               0.000     0.000 r  clk (IN)
                         net (fo=0)                   0.000     0.000    clk_IBUF_inst/I
    R10                  INBUF (Prop_INBUF_HPIOB_M_PAD_O)
                                                      0.156     0.156 r  clk_IBUF_inst/INBUF_INST/O
                         net (fo=1, routed)           0.000     0.156    clk_IBUF_inst/OUT
    R10                  IBUFCTRL (Prop_IBUFCTRL_HPIOB_M_I_O)
                                                      0.000     0.156 r  clk_IBUF_inst/IBUFCTRL_INST/O
                         net (fo=1, routed)           0.156     0.312    clk_IBUF
    BUFGCE_X0Y77         BUFGCE (Prop_BUFCE_BUFGCE_I_O)
                                                      0.017     0.329 r  clk_IBUF_BUFG_inst/O
    X3Y2 (CLOCK_ROOT)    net (fo=367, routed)         1.059     1.388    g_int4.u_p520/u_engine/u_mul/clk_IBUF_BUFG
    SLICE_X95Y143        FDRE                                         r  g_int4.u_p520/u_engine/u_mul/p_out_reg[10]/C
  -------------------------------------------------------------------    -------------------
    SLICE_X95Y143        FDRE (Prop_DFF_SLICEL_C_Q)
                                                      0.039     1.427 r  g_int4.u_p520/u_engine/u_mul/p_out_reg[10]/Q
                         net (fo=1, routed)           0.101     1.528    g_int4.u_p520/u_engine/mul_product[10]
    SLICE_X95Y138        FDRE                                         r  g_int4.u_p520/u_engine/product_q_reg[10]/D
  -------------------------------------------------------------------    -------------------

                         (clock clk rise edge)        0.000     0.000 r  
    R10                                               0.000     0.000 r  clk (IN)
                         net (fo=0)                   0.000     0.000    clk_IBUF_inst/I
    R10                  INBUF (Prop_INBUF_HPIOB_M_PAD_O)
                                                      0.341     0.341 r  clk_IBUF_inst/INBUF_INST/O
                         net (fo=1, routed)           0.000     0.341    clk_IBUF_inst/OUT
    R10                  IBUFCTRL (Prop_IBUFCTRL_HPIOB_M_I_O)
                                                      0.000     0.341 r  clk_IBUF_inst/IBUFCTRL_INST/O
                         net (fo=1, routed)           0.197     0.538    clk_IBUF
    BUFGCE_X0Y77         BUFGCE (Prop_BUFCE_BUFGCE_I_O)
                                                      0.019     0.557 r  clk_IBUF_BUFG_inst/O
    X3Y2 (CLOCK_ROOT)    net (fo=367, routed)         1.204     1.762    g_int4.u_p520/u_engine/clk_IBUF_BUFG
    SLICE_X95Y138        FDRE                                         r  g_int4.u_p520/u_engine/product_q_reg[10]/C
                         clock pessimism             -0.345     1.417    
    SLICE_X95Y138        FDRE (Hold_EFF_SLICEL_C_D)
                                                      0.046     1.463    g_int4.u_p520/u_engine/product_q_reg[10]
  -------------------------------------------------------------------
                         required time                         -1.463    
                         arrival time                           1.528    
  -------------------------------------------------------------------
                         slack                                  0.066    

Slack (MET) :             0.066ns  (arrival time - required time)
  Source:                 g_int4.u_p520/active_cout_q_reg[0]/C
                            (rising edge-triggered cell FDRE clocked by clk  {rise@0.000ns fall@2.500ns period=5.000ns})
  Destination:            g_int4.u_p520/active_cout_q_reg[1]/D
                            (rising edge-triggered cell FDRE clocked by clk  {rise@0.000ns fall@2.500ns period=5.000ns})
  Path Group:             clk
  Path Type:              Hold (Min at Fast Process Corner)
  Requirement:            0.000ns  (clk rise@0.000ns - clk rise@0.000ns)
  Data Path Delay:        0.119ns  (logic 0.076ns (63.670%)  route 0.043ns (36.330%))
  Logic Levels:           1  (LUT5=1)
  Clock Path Skew:        0.006ns (DCD - SCD - CPR)
    Destination Clock Delay (DCD):    1.770ns
    Source Clock Delay      (SCD):    1.403ns
    Clock Pessimism Removal (CPR):    0.361ns
  Clock Net Delay (Source):      1.074ns (routing 0.482ns, distribution 0.592ns)
  Clock Net Delay (Destination): 1.212ns (routing 0.536ns, distribution 0.676ns)

    Location             Delay type                Incr(ns)  Path(ns)    Netlist Resource(s)
  -------------------------------------------------------------------    -------------------
                         (clock clk rise edge)        0.000     0.000 r  
    R10                                               0.000     0.000 r  clk (IN)
                         net (fo=0)                   0.000     0.000    clk_IBUF_inst/I
    R10                  INBUF (Prop_INBUF_HPIOB_M_PAD_O)
                                                      0.156     0.156 r  clk_IBUF_inst/INBUF_INST/O
                         net (fo=1, routed)           0.000     0.156    clk_IBUF_inst/OUT
    R10                  IBUFCTRL (Prop_IBUFCTRL_HPIOB_M_I_O)
                                                      0.000     0.156 r  clk_IBUF_inst/IBUFCTRL_INST/O
                         net (fo=1, routed)           0.156     0.312    clk_IBUF
    BUFGCE_X0Y77         BUFGCE (Prop_BUFCE_BUFGCE_I_O)
                                                      0.017     0.329 r  clk_IBUF_BUFG_inst/O
    X3Y2 (CLOCK_ROOT)    net (fo=367, routed)         1.074     1.403    g_int4.u_p520/clk_IBUF_BUFG
    SLICE_X96Y132        FDRE                                         r  g_int4.u_p520/active_cout_q_reg[0]/C
  -------------------------------------------------------------------    -------------------
    SLICE_X96Y132        FDRE (Prop_DFF_SLICEM_C_Q)
                                                      0.039     1.442 r  g_int4.u_p520/active_cout_q_reg[0]/Q
                         net (fo=6, routed)           0.034     1.476    g_int4.u_p520/active_cout_q[0]
    SLICE_X96Y132        LUT5 (Prop_D5LUT_SLICEM_I4_O)
                                                      0.037     1.513 r  g_int4.u_p520/active_cout_q[1]_i_2/O
                         net (fo=1, routed)           0.009     1.522    g_int4.u_p520/B[1]
    SLICE_X96Y132        FDRE                                         r  g_int4.u_p520/active_cout_q_reg[1]/D
  -------------------------------------------------------------------    -------------------

                         (clock clk rise edge)        0.000     0.000 r  
    R10                                               0.000     0.000 r  clk (IN)
                         net (fo=0)                   0.000     0.000    clk_IBUF_inst/I
    R10                  INBUF (Prop_INBUF_HPIOB_M_PAD_O)
                                                      0.341     0.341 r  clk_IBUF_inst/INBUF_INST/O
                         net (fo=1, routed)           0.000     0.341    clk_IBUF_inst/OUT
    R10                  IBUFCTRL (Prop_IBUFCTRL_HPIOB_M_I_O)
                                                      0.000     0.341 r  clk_IBUF_inst/IBUFCTRL_INST/O
                         net (fo=1, routed)           0.197     0.538    clk_IBUF
    BUFGCE_X0Y77         BUFGCE (Prop_BUFCE_BUFGCE_I_O)
                                                      0.019     0.557 r  clk_IBUF_BUFG_inst/O
    X3Y2 (CLOCK_ROOT)    net (fo=367, routed)         1.212     1.770    g_int4.u_p520/clk_IBUF_BUFG
    SLICE_X96Y132        FDRE                                         r  g_int4.u_p520/active_cout_q_reg[1]/C
                         clock pessimism             -0.361     1.409    
    SLICE_X96Y132        FDRE (Hold_DFF2_SLICEM_C_D)
                                                      0.047     1.456    g_int4.u_p520/active_cout_q_reg[1]
  -------------------------------------------------------------------
                         required time                         -1.456    
                         arrival time                           1.522    
  -------------------------------------------------------------------
                         slack                                  0.066    

Slack (MET) :             0.066ns  (arrival time - required time)
  Source:                 g_int4.u_p520/index_q_reg[1]/C
                            (rising edge-triggered cell FDRE clocked by clk  {rise@0.000ns fall@2.500ns period=5.000ns})
  Destination:            g_int4.u_p520/index_q_reg[2]/D
                            (rising edge-triggered cell FDRE clocked by clk  {rise@0.000ns fall@2.500ns period=5.000ns})
  Path Group:             clk
  Path Type:              Hold (Min at Fast Process Corner)
  Requirement:            0.000ns  (clk rise@0.000ns - clk rise@0.000ns)
  Data Path Delay:        0.119ns  (logic 0.076ns (63.670%)  route 0.043ns (36.330%))
  Logic Levels:           1  (LUT5=1)
  Clock Path Skew:        0.006ns (DCD - SCD - CPR)
    Destination Clock Delay (DCD):    1.769ns
    Source Clock Delay      (SCD):    1.403ns
    Clock Pessimism Removal (CPR):    0.360ns
  Clock Net Delay (Source):      1.074ns (routing 0.482ns, distribution 0.592ns)
  Clock Net Delay (Destination): 1.211ns (routing 0.536ns, distribution 0.675ns)

    Location             Delay type                Incr(ns)  Path(ns)    Netlist Resource(s)
  -------------------------------------------------------------------    -------------------
                         (clock clk rise edge)        0.000     0.000 r  
    R10                                               0.000     0.000 r  clk (IN)
                         net (fo=0)                   0.000     0.000    clk_IBUF_inst/I
    R10                  INBUF (Prop_INBUF_HPIOB_M_PAD_O)
                                                      0.156     0.156 r  clk_IBUF_inst/INBUF_INST/O
                         net (fo=1, routed)           0.000     0.156    clk_IBUF_inst/OUT
    R10                  IBUFCTRL (Prop_IBUFCTRL_HPIOB_M_I_O)
                                                      0.000     0.156 r  clk_IBUF_inst/IBUFCTRL_INST/O
                         net (fo=1, routed)           0.156     0.312    clk_IBUF
    BUFGCE_X0Y77         BUFGCE (Prop_BUFCE_BUFGCE_I_O)
                                                      0.017     0.329 r  clk_IBUF_BUFG_inst/O
    X3Y2 (CLOCK_ROOT)    net (fo=367, routed)         1.074     1.403    g_int4.u_p520/clk_IBUF_BUFG
    SLICE_X96Y133        FDRE                                         r  g_int4.u_p520/index_q_reg[1]/C
  -------------------------------------------------------------------    -------------------
    SLICE_X96Y133        FDRE (Prop_DFF_SLICEM_C_Q)
                                                      0.039     1.442 r  g_int4.u_p520/index_q_reg[1]/Q
                         net (fo=13, routed)          0.034     1.476    g_int4.u_p520/index_q_reg_n_0_[1]
    SLICE_X96Y133        LUT5 (Prop_D5LUT_SLICEM_I3_O)
                                                      0.037     1.513 r  g_int4.u_p520/index_q[2]_i_1/O
                         net (fo=1, routed)           0.009     1.522    g_int4.u_p520/C[2]
    SLICE_X96Y133        FDRE                                         r  g_int4.u_p520/index_q_reg[2]/D
  -------------------------------------------------------------------    -------------------

                         (clock clk rise edge)        0.000     0.000 r  
    R10                                               0.000     0.000 r  clk (IN)
                         net (fo=0)                   0.000     0.000    clk_IBUF_inst/I
    R10                  INBUF (Prop_INBUF_HPIOB_M_PAD_O)
                                                      0.341     0.341 r  clk_IBUF_inst/INBUF_INST/O
                         net (fo=1, routed)           0.000     0.341    clk_IBUF_inst/OUT
    R10                  IBUFCTRL (Prop_IBUFCTRL_HPIOB_M_I_O)
                                                      0.000     0.341 r  clk_IBUF_inst/IBUFCTRL_INST/O
                         net (fo=1, routed)           0.197     0.538    clk_IBUF
    BUFGCE_X0Y77         BUFGCE (Prop_BUFCE_BUFGCE_I_O)
                                                      0.019     0.557 r  clk_IBUF_BUFG_inst/O
    X3Y2 (CLOCK_ROOT)    net (fo=367, routed)         1.211     1.769    g_int4.u_p520/clk_IBUF_BUFG
    SLICE_X96Y133        FDRE                                         r  g_int4.u_p520/index_q_reg[2]/C
                         clock pessimism             -0.360     1.409    
    SLICE_X96Y133        FDRE (Hold_DFF2_SLICEM_C_D)
                                                      0.047     1.456    g_int4.u_p520/index_q_reg[2]
  -------------------------------------------------------------------
                         required time                         -1.456    
                         arrival time                           1.522    
  -------------------------------------------------------------------
                         slack                                  0.066    

Slack (MET) :             0.066ns  (arrival time - required time)
  Source:                 g_int4.u_p520/u_mac_mul/p_out_reg[18]/C
                            (rising edge-triggered cell FDRE clocked by clk  {rise@0.000ns fall@2.500ns period=5.000ns})
  Destination:            g_int4.u_p520/mac_product_q_reg[18]/D
                            (rising edge-triggered cell FDRE clocked by clk  {rise@0.000ns fall@2.500ns period=5.000ns})
  Path Group:             clk
  Path Type:              Hold (Min at Fast Process Corner)
  Requirement:            0.000ns  (clk rise@0.000ns - clk rise@0.000ns)
  Data Path Delay:        0.164ns  (logic 0.040ns (24.390%)  route 0.124ns (75.610%))
  Logic Levels:           0  
  Clock Path Skew:        0.052ns (DCD - SCD - CPR)
    Destination Clock Delay (DCD):    1.763ns
    Source Clock Delay      (SCD):    1.398ns
    Clock Pessimism Removal (CPR):    0.313ns
  Clock Net Delay (Source):      1.069ns (routing 0.482ns, distribution 0.587ns)
  Clock Net Delay (Destination): 1.205ns (routing 0.536ns, distribution 0.669ns)

    Location             Delay type                Incr(ns)  Path(ns)    Netlist Resource(s)
  -------------------------------------------------------------------    -------------------
                         (clock clk rise edge)        0.000     0.000 r  
    R10                                               0.000     0.000 r  clk (IN)
                         net (fo=0)                   0.000     0.000    clk_IBUF_inst/I
    R10                  INBUF (Prop_INBUF_HPIOB_M_PAD_O)
                                                      0.156     0.156 r  clk_IBUF_inst/INBUF_INST/O
                         net (fo=1, routed)           0.000     0.156    clk_IBUF_inst/OUT
    R10                  IBUFCTRL (Prop_IBUFCTRL_HPIOB_M_I_O)
                                                      0.000     0.156 r  clk_IBUF_inst/IBUFCTRL_INST/O
                         net (fo=1, routed)           0.156     0.312    clk_IBUF
    BUFGCE_X0Y77         BUFGCE (Prop_BUFCE_BUFGCE_I_O)
                                                      0.017     0.329 r  clk_IBUF_BUFG_inst/O
    X3Y2 (CLOCK_ROOT)    net (fo=367, routed)         1.069     1.398    g_int4.u_p520/u_mac_mul/clk_IBUF_BUFG
    SLICE_X96Y135        FDRE                                         r  g_int4.u_p520/u_mac_mul/p_out_reg[18]/C
  -------------------------------------------------------------------    -------------------
    SLICE_X96Y135        FDRE (Prop_BFF2_SLICEM_C_Q)
                                                      0.040     1.438 r  g_int4.u_p520/u_mac_mul/p_out_reg[18]/Q
                         net (fo=1, routed)           0.124     1.562    g_int4.u_p520/mac_product[18]
    SLICE_X95Y136        FDRE                                         r  g_int4.u_p520/mac_product_q_reg[18]/D
  -------------------------------------------------------------------    -------------------

                         (clock clk rise edge)        0.000     0.000 r  
    R10                                               0.000     0.000 r  clk (IN)
                         net (fo=0)                   0.000     0.000    clk_IBUF_inst/I
    R10                  INBUF (Prop_INBUF_HPIOB_M_PAD_O)
                                                      0.341     0.341 r  clk_IBUF_inst/INBUF_INST/O
                         net (fo=1, routed)           0.000     0.341    clk_IBUF_inst/OUT
    R10                  IBUFCTRL (Prop_IBUFCTRL_HPIOB_M_I_O)
                                                      0.000     0.341 r  clk_IBUF_inst/IBUFCTRL_INST/O
                         net (fo=1, routed)           0.197     0.538    clk_IBUF
    BUFGCE_X0Y77         BUFGCE (Prop_BUFCE_BUFGCE_I_O)
                                                      0.019     0.557 r  clk_IBUF_BUFG_inst/O
    X3Y2 (CLOCK_ROOT)    net (fo=367, routed)         1.205     1.763    g_int4.u_p520/clk_IBUF_BUFG
    SLICE_X95Y136        FDRE                                         r  g_int4.u_p520/mac_product_q_reg[18]/C
                         clock pessimism             -0.313     1.450    
    SLICE_X95Y136        FDRE (Hold_HFF_SLICEL_C_D)
                                                      0.046     1.496    g_int4.u_p520/mac_product_q_reg[18]
  -------------------------------------------------------------------
                         required time                         -1.496    
                         arrival time                           1.562    
  -------------------------------------------------------------------
                         slack                                  0.066    

Slack (MET) :             0.067ns  (arrival time - required time)
  Source:                 g_int4.u_p520/u_mac_mul/p_out_reg[8]/C
                            (rising edge-triggered cell FDRE clocked by clk  {rise@0.000ns fall@2.500ns period=5.000ns})
  Destination:            g_int4.u_p520/mac_product_q_reg[8]/D
                            (rising edge-triggered cell FDRE clocked by clk  {rise@0.000ns fall@2.500ns period=5.000ns})
  Path Group:             clk
  Path Type:              Hold (Min at Fast Process Corner)
  Requirement:            0.000ns  (clk rise@0.000ns - clk rise@0.000ns)
  Data Path Delay:        0.127ns  (logic 0.040ns (31.496%)  route 0.087ns (68.504%))
  Logic Levels:           0  
  Clock Path Skew:        0.013ns (DCD - SCD - CPR)
    Destination Clock Delay (DCD):    1.768ns
    Source Clock Delay      (SCD):    1.403ns
    Clock Pessimism Removal (CPR):    0.352ns
  Clock Net Delay (Source):      1.074ns (routing 0.482ns, distribution 0.592ns)
  Clock Net Delay (Destination): 1.210ns (routing 0.536ns, distribution 0.674ns)

    Location             Delay type                Incr(ns)  Path(ns)    Netlist Resource(s)
  -------------------------------------------------------------------    -------------------
                         (clock clk rise edge)        0.000     0.000 r  
    R10                                               0.000     0.000 r  clk (IN)
                         net (fo=0)                   0.000     0.000    clk_IBUF_inst/I
    R10                  INBUF (Prop_INBUF_HPIOB_M_PAD_O)
                                                      0.156     0.156 r  clk_IBUF_inst/INBUF_INST/O
                         net (fo=1, routed)           0.000     0.156    clk_IBUF_inst/OUT
    R10                  IBUFCTRL (Prop_IBUFCTRL_HPIOB_M_I_O)
                                                      0.000     0.156 r  clk_IBUF_inst/IBUFCTRL_INST/O
                         net (fo=1, routed)           0.156     0.312    clk_IBUF
    BUFGCE_X0Y77         BUFGCE (Prop_BUFCE_BUFGCE_I_O)
                                                      0.017     0.329 r  clk_IBUF_BUFG_inst/O
    X3Y2 (CLOCK_ROOT)    net (fo=367, routed)         1.074     1.403    g_int4.u_p520/u_mac_mul/clk_IBUF_BUFG
    SLICE_X96Y134        FDRE                                         r  g_int4.u_p520/u_mac_mul/p_out_reg[8]/C
  -------------------------------------------------------------------    -------------------
    SLICE_X96Y134        FDRE (Prop_BFF2_SLICEM_C_Q)
                                                      0.040     1.443 r  g_int4.u_p520/u_mac_mul/p_out_reg[8]/Q
                         net (fo=1, routed)           0.087     1.530    g_int4.u_p520/mac_product[8]
    SLICE_X96Y134        FDRE                                         r  g_int4.u_p520/mac_product_q_reg[8]/D
  -------------------------------------------------------------------    -------------------

                         (clock clk rise edge)        0.000     0.000 r  
    R10                                               0.000     0.000 r  clk (IN)
                         net (fo=0)                   0.000     0.000    clk_IBUF_inst/I
    R10                  INBUF (Prop_INBUF_HPIOB_M_PAD_O)
                                                      0.341     0.341 r  clk_IBUF_inst/INBUF_INST/O
                         net (fo=1, routed)           0.000     0.341    clk_IBUF_inst/OUT
    R10                  IBUFCTRL (Prop_IBUFCTRL_HPIOB_M_I_O)
                                                      0.000     0.341 r  clk_IBUF_inst/IBUFCTRL_INST/O
                         net (fo=1, routed)           0.197     0.538    clk_IBUF
    BUFGCE_X0Y77         BUFGCE (Prop_BUFCE_BUFGCE_I_O)
                                                      0.019     0.557 r  clk_IBUF_BUFG_inst/O
    X3Y2 (CLOCK_ROOT)    net (fo=367, routed)         1.210     1.768    g_int4.u_p520/clk_IBUF_BUFG
    SLICE_X96Y134        FDRE                                         r  g_int4.u_p520/mac_product_q_reg[8]/C
                         clock pessimism             -0.352     1.416    
    SLICE_X96Y134        FDRE (Hold_GFF2_SLICEM_C_D)
                                                      0.047     1.463    g_int4.u_p520/mac_product_q_reg[8]
  -------------------------------------------------------------------
                         required time                         -1.463    
                         arrival time                           1.530    
  -------------------------------------------------------------------
                         slack                                  0.067    

Slack (MET) :             0.068ns  (arrival time - required time)
  Source:                 g_int4.u_p520/compute_cycles_reg[0]/C
                            (rising edge-triggered cell FDRE clocked by clk  {rise@0.000ns fall@2.500ns period=5.000ns})
  Destination:            g_int4.u_p520/compute_cycles_reg[0]/D
                            (rising edge-triggered cell FDRE clocked by clk  {rise@0.000ns fall@2.500ns period=5.000ns})
  Path Group:             clk
  Path Type:              Hold (Min at Fast Process Corner)
  Requirement:            0.000ns  (clk rise@0.000ns - clk rise@0.000ns)
  Data Path Delay:        0.120ns  (logic 0.074ns (61.479%)  route 0.046ns (38.521%))
  Logic Levels:           1  (LUT2=1)
  Clock Path Skew:        0.006ns (DCD - SCD - CPR)
    Destination Clock Delay (DCD):    1.747ns
    Source Clock Delay      (SCD):    1.386ns
    Clock Pessimism Removal (CPR):    0.355ns
  Clock Net Delay (Source):      1.057ns (routing 0.482ns, distribution 0.575ns)
  Clock Net Delay (Destination): 1.190ns (routing 0.536ns, distribution 0.654ns)

    Location             Delay type                Incr(ns)  Path(ns)    Netlist Resource(s)
  -------------------------------------------------------------------    -------------------
                         (clock clk rise edge)        0.000     0.000 r  
    R10                                               0.000     0.000 r  clk (IN)
                         net (fo=0)                   0.000     0.000    clk_IBUF_inst/I
    R10                  INBUF (Prop_INBUF_HPIOB_M_PAD_O)
                                                      0.156     0.156 r  clk_IBUF_inst/INBUF_INST/O
                         net (fo=1, routed)           0.000     0.156    clk_IBUF_inst/OUT
    R10                  IBUFCTRL (Prop_IBUFCTRL_HPIOB_M_I_O)
                                                      0.000     0.156 r  clk_IBUF_inst/IBUFCTRL_INST/O
                         net (fo=1, routed)           0.156     0.312    clk_IBUF
    BUFGCE_X0Y77         BUFGCE (Prop_BUFCE_BUFGCE_I_O)
                                                      0.017     0.329 r  clk_IBUF_BUFG_inst/O
    X3Y2 (CLOCK_ROOT)    net (fo=367, routed)         1.057     1.386    g_int4.u_p520/clk_IBUF_BUFG
    SLICE_X95Y155        FDRE                                         r  g_int4.u_p520/compute_cycles_reg[0]/C
  -------------------------------------------------------------------    -------------------
    SLICE_X95Y155        FDRE (Prop_DFF_SLICEL_C_Q)
                                                      0.039     1.425 f  g_int4.u_p520/compute_cycles_reg[0]/Q
                         net (fo=3, routed)           0.030     1.456    g_int4.u_p520/compute_cycles[0]
    SLICE_X95Y155        LUT2 (Prop_D6LUT_SLICEL_I0_O)
                                                      0.035     1.491 r  g_int4.u_p520/compute_cycles[0]_i_1/O
                         net (fo=1, routed)           0.016     1.507    g_int4.u_p520/compute_cycles[0]_i_1_n_0
    SLICE_X95Y155        FDRE                                         r  g_int4.u_p520/compute_cycles_reg[0]/D
  -------------------------------------------------------------------    -------------------

                         (clock clk rise edge)        0.000     0.000 r  
    R10                                               0.000     0.000 r  clk (IN)
                         net (fo=0)                   0.000     0.000    clk_IBUF_inst/I
    R10                  INBUF (Prop_INBUF_HPIOB_M_PAD_O)
                                                      0.341     0.341 r  clk_IBUF_inst/INBUF_INST/O
                         net (fo=1, routed)           0.000     0.341    clk_IBUF_inst/OUT
    R10                  IBUFCTRL (Prop_IBUFCTRL_HPIOB_M_I_O)
                                                      0.000     0.341 r  clk_IBUF_inst/IBUFCTRL_INST/O
                         net (fo=1, routed)           0.197     0.538    clk_IBUF
    BUFGCE_X0Y77         BUFGCE (Prop_BUFCE_BUFGCE_I_O)
                                                      0.019     0.557 r  clk_IBUF_BUFG_inst/O
    X3Y2 (CLOCK_ROOT)    net (fo=367, routed)         1.190     1.747    g_int4.u_p520/clk_IBUF_BUFG
    SLICE_X95Y155        FDRE                                         r  g_int4.u_p520/compute_cycles_reg[0]/C
                         clock pessimism             -0.355     1.392    
    SLICE_X95Y155        FDRE (Hold_DFF_SLICEL_C_D)
                                                      0.046     1.438    g_int4.u_p520/compute_cycles_reg[0]
  -------------------------------------------------------------------
                         required time                         -1.438    
                         arrival time                           1.507    
  -------------------------------------------------------------------
                         slack                                  0.068    

Slack (MET) :             0.070ns  (arrival time - required time)
  Source:                 g_int4.u_p520/index_q_reg[4]/C
                            (rising edge-triggered cell FDRE clocked by clk  {rise@0.000ns fall@2.500ns period=5.000ns})
  Destination:            g_int4.u_p520/u_xs_mem/mem_reg_bram_0/ADDRARDADDR[9]
                            (rising edge-triggered cell RAMB36E2 clocked by clk  {rise@0.000ns fall@2.500ns period=5.000ns})
  Path Group:             clk
  Path Type:              Hold (Min at Fast Process Corner)
  Requirement:            0.000ns  (clk rise@0.000ns - clk rise@0.000ns)
  Data Path Delay:        0.198ns  (logic 0.039ns (19.736%)  route 0.159ns (80.264%))
  Logic Levels:           0  
  Clock Path Skew:        0.121ns (DCD - SCD - CPR)
    Destination Clock Delay (DCD):    1.839ns
    Source Clock Delay      (SCD):    1.403ns
    Clock Pessimism Removal (CPR):    0.314ns
  Clock Net Delay (Source):      1.074ns (routing 0.482ns, distribution 0.592ns)
  Clock Net Delay (Destination): 1.281ns (routing 0.536ns, distribution 0.745ns)

    Location             Delay type                Incr(ns)  Path(ns)    Netlist Resource(s)
  -------------------------------------------------------------------    -------------------
                         (clock clk rise edge)        0.000     0.000 r  
    R10                                               0.000     0.000 r  clk (IN)
                         net (fo=0)                   0.000     0.000    clk_IBUF_inst/I
    R10                  INBUF (Prop_INBUF_HPIOB_M_PAD_O)
                                                      0.156     0.156 r  clk_IBUF_inst/INBUF_INST/O
                         net (fo=1, routed)           0.000     0.156    clk_IBUF_inst/OUT
    R10                  IBUFCTRL (Prop_IBUFCTRL_HPIOB_M_I_O)
                                                      0.000     0.156 r  clk_IBUF_inst/IBUFCTRL_INST/O
                         net (fo=1, routed)           0.156     0.312    clk_IBUF
    BUFGCE_X0Y77         BUFGCE (Prop_BUFCE_BUFGCE_I_O)
                                                      0.017     0.329 r  clk_IBUF_BUFG_inst/O
    X3Y2 (CLOCK_ROOT)    net (fo=367, routed)         1.074     1.403    g_int4.u_p520/clk_IBUF_BUFG
    SLICE_X96Y133        FDRE                                         r  g_int4.u_p520/index_q_reg[4]/C
  -------------------------------------------------------------------    -------------------
    SLICE_X96Y133        FDRE (Prop_CFF2_SLICEM_C_Q)
                                                      0.039     1.442 r  g_int4.u_p520/index_q_reg[4]/Q
                         net (fo=15, routed)          0.159     1.601    g_int4.u_p520/u_xs_mem/mem_reg_bram_0_2[4]
    RAMB36_X12Y27        RAMB36E2                                     r  g_int4.u_p520/u_xs_mem/mem_reg_bram_0/ADDRARDADDR[9]
  -------------------------------------------------------------------    -------------------

                         (clock clk rise edge)        0.000     0.000 r  
    R10                                               0.000     0.000 r  clk (IN)
                         net (fo=0)                   0.000     0.000    clk_IBUF_inst/I
    R10                  INBUF (Prop_INBUF_HPIOB_M_PAD_O)
                                                      0.341     0.341 r  clk_IBUF_inst/INBUF_INST/O
                         net (fo=1, routed)           0.000     0.341    clk_IBUF_inst/OUT
    R10                  IBUFCTRL (Prop_IBUFCTRL_HPIOB_M_I_O)
                                                      0.000     0.341 r  clk_IBUF_inst/IBUFCTRL_INST/O
                         net (fo=1, routed)           0.197     0.538    clk_IBUF
    BUFGCE_X0Y77         BUFGCE (Prop_BUFCE_BUFGCE_I_O)
                                                      0.019     0.557 r  clk_IBUF_BUFG_inst/O
    X3Y2 (CLOCK_ROOT)    net (fo=367, routed)         1.281     1.839    g_int4.u_p520/u_xs_mem/clk_IBUF_BUFG
    RAMB36_X12Y27        RAMB36E2                                     r  g_int4.u_p520/u_xs_mem/mem_reg_bram_0/CLKARDCLK
                         clock pessimism             -0.314     1.524    
    RAMB36_X12Y27        RAMB36E2 (Hold_RAMB36E2_RAMB36_CLKARDCLK_ADDRARDADDR[9])
                                                      0.006     1.530    g_int4.u_p520/u_xs_mem/mem_reg_bram_0
  -------------------------------------------------------------------
                         required time                         -1.530    
                         arrival time                           1.601    
  -------------------------------------------------------------------
                         slack                                  0.070    

Slack (MET) :             0.070ns  (arrival time - required time)
  Source:                 g_int4.u_p520/index_q_reg[3]/C
                            (rising edge-triggered cell FDRE clocked by clk  {rise@0.000ns fall@2.500ns period=5.000ns})
  Destination:            g_int4.u_p520/index_q_reg[4]/D
                            (rising edge-triggered cell FDRE clocked by clk  {rise@0.000ns fall@2.500ns period=5.000ns})
  Path Group:             clk
  Path Type:              Hold (Min at Fast Process Corner)
  Requirement:            0.000ns  (clk rise@0.000ns - clk rise@0.000ns)
  Data Path Delay:        0.123ns  (logic 0.061ns (49.446%)  route 0.062ns (50.554%))
  Logic Levels:           1  (LUT5=1)
  Clock Path Skew:        0.006ns (DCD - SCD - CPR)
    Destination Clock Delay (DCD):    1.769ns
    Source Clock Delay      (SCD):    1.403ns
    Clock Pessimism Removal (CPR):    0.360ns
  Clock Net Delay (Source):      1.074ns (routing 0.482ns, distribution 0.592ns)
  Clock Net Delay (Destination): 1.211ns (routing 0.536ns, distribution 0.675ns)

    Location             Delay type                Incr(ns)  Path(ns)    Netlist Resource(s)
  -------------------------------------------------------------------    -------------------
                         (clock clk rise edge)        0.000     0.000 r  
    R10                                               0.000     0.000 r  clk (IN)
                         net (fo=0)                   0.000     0.000    clk_IBUF_inst/I
    R10                  INBUF (Prop_INBUF_HPIOB_M_PAD_O)
                                                      0.156     0.156 r  clk_IBUF_inst/INBUF_INST/O
                         net (fo=1, routed)           0.000     0.156    clk_IBUF_inst/OUT
    R10                  IBUFCTRL (Prop_IBUFCTRL_HPIOB_M_I_O)
                                                      0.000     0.156 r  clk_IBUF_inst/IBUFCTRL_INST/O
                         net (fo=1, routed)           0.156     0.312    clk_IBUF
    BUFGCE_X0Y77         BUFGCE (Prop_BUFCE_BUFGCE_I_O)
                                                      0.017     0.329 r  clk_IBUF_BUFG_inst/O
    X3Y2 (CLOCK_ROOT)    net (fo=367, routed)         1.074     1.403    g_int4.u_p520/clk_IBUF_BUFG
    SLICE_X96Y133        FDRE                                         r  g_int4.u_p520/index_q_reg[3]/C
  -------------------------------------------------------------------    -------------------
    SLICE_X96Y133        FDRE (Prop_CFF_SLICEM_C_Q)
                                                      0.038     1.441 r  g_int4.u_p520/index_q_reg[3]/Q
                         net (fo=16, routed)          0.054     1.495    g_int4.u_p520/index_q_reg_n_0_[3]
    SLICE_X96Y133        LUT5 (Prop_C5LUT_SLICEM_I2_O)
                                                      0.023     1.518 r  g_int4.u_p520/index_q[4]_i_1/O
                         net (fo=1, routed)           0.008     1.526    g_int4.u_p520/C[4]
    SLICE_X96Y133        FDRE                                         r  g_int4.u_p520/index_q_reg[4]/D
  -------------------------------------------------------------------    -------------------

                         (clock clk rise edge)        0.000     0.000 r  
    R10                                               0.000     0.000 r  clk (IN)
                         net (fo=0)                   0.000     0.000    clk_IBUF_inst/I
    R10                  INBUF (Prop_INBUF_HPIOB_M_PAD_O)
                                                      0.341     0.341 r  clk_IBUF_inst/INBUF_INST/O
                         net (fo=1, routed)           0.000     0.341    clk_IBUF_inst/OUT
    R10                  IBUFCTRL (Prop_IBUFCTRL_HPIOB_M_I_O)
                                                      0.000     0.341 r  clk_IBUF_inst/IBUFCTRL_INST/O
                         net (fo=1, routed)           0.197     0.538    clk_IBUF
    BUFGCE_X0Y77         BUFGCE (Prop_BUFCE_BUFGCE_I_O)
                                                      0.019     0.557 r  clk_IBUF_BUFG_inst/O
    X3Y2 (CLOCK_ROOT)    net (fo=367, routed)         1.211     1.769    g_int4.u_p520/clk_IBUF_BUFG
    SLICE_X96Y133        FDRE                                         r  g_int4.u_p520/index_q_reg[4]/C
                         clock pessimism             -0.360     1.409    
    SLICE_X96Y133        FDRE (Hold_CFF2_SLICEM_C_D)
                                                      0.047     1.456    g_int4.u_p520/index_q_reg[4]
  -------------------------------------------------------------------
                         required time                         -1.456    
                         arrival time                           1.526    
  -------------------------------------------------------------------
                         slack                                  0.070    

Slack (MET) :             0.071ns  (arrival time - required time)
  Source:                 g_int4.u_p520/u_engine/u_mul/v3_reg_r/C
                            (rising edge-triggered cell FDRE clocked by clk  {rise@0.000ns fall@2.500ns period=5.000ns})
  Destination:            g_int4.u_p520/u_engine/u_mul/v4_reg_r/D
                            (rising edge-triggered cell FDRE clocked by clk  {rise@0.000ns fall@2.500ns period=5.000ns})
  Path Group:             clk
  Path Type:              Hold (Min at Fast Process Corner)
  Requirement:            0.000ns  (clk rise@0.000ns - clk rise@0.000ns)
  Data Path Delay:        0.124ns  (logic 0.039ns (31.452%)  route 0.085ns (68.548%))
  Logic Levels:           0  
  Clock Path Skew:        0.006ns (DCD - SCD - CPR)
    Destination Clock Delay (DCD):    1.768ns
    Source Clock Delay      (SCD):    1.403ns
    Clock Pessimism Removal (CPR):    0.360ns
  Clock Net Delay (Source):      1.073ns (routing 0.482ns, distribution 0.591ns)
  Clock Net Delay (Destination): 1.211ns (routing 0.536ns, distribution 0.675ns)

    Location             Delay type                Incr(ns)  Path(ns)    Netlist Resource(s)
  -------------------------------------------------------------------    -------------------
                         (clock clk rise edge)        0.000     0.000 r  
    R10                                               0.000     0.000 r  clk (IN)
                         net (fo=0)                   0.000     0.000    clk_IBUF_inst/I
    R10                  INBUF (Prop_INBUF_HPIOB_M_PAD_O)
                                                      0.156     0.156 r  clk_IBUF_inst/INBUF_INST/O
                         net (fo=1, routed)           0.000     0.156    clk_IBUF_inst/OUT
    R10                  IBUFCTRL (Prop_IBUFCTRL_HPIOB_M_I_O)
                                                      0.000     0.156 r  clk_IBUF_inst/IBUFCTRL_INST/O
                         net (fo=1, routed)           0.156     0.312    clk_IBUF
    BUFGCE_X0Y77         BUFGCE (Prop_BUFCE_BUFGCE_I_O)
                                                      0.017     0.329 r  clk_IBUF_BUFG_inst/O
    X3Y2 (CLOCK_ROOT)    net (fo=367, routed)         1.073     1.403    g_int4.u_p520/u_engine/u_mul/clk_IBUF_BUFG
    SLICE_X89Y132        FDRE                                         r  g_int4.u_p520/u_engine/u_mul/v3_reg_r/C
  -------------------------------------------------------------------    -------------------
    SLICE_X89Y132        FDRE (Prop_FFF_SLICEL_C_Q)
                                                      0.039     1.442 r  g_int4.u_p520/u_engine/u_mul/v3_reg_r/Q
                         net (fo=1, routed)           0.085     1.527    g_int4.u_p520/u_engine/u_mul/v3_reg_r_n_0
    SLICE_X89Y132        FDRE                                         r  g_int4.u_p520/u_engine/u_mul/v4_reg_r/D
  -------------------------------------------------------------------    -------------------

                         (clock clk rise edge)        0.000     0.000 r  
    R10                                               0.000     0.000 r  clk (IN)
                         net (fo=0)                   0.000     0.000    clk_IBUF_inst/I
    R10                  INBUF (Prop_INBUF_HPIOB_M_PAD_O)
                                                      0.341     0.341 r  clk_IBUF_inst/INBUF_INST/O
                         net (fo=1, routed)           0.000     0.341    clk_IBUF_inst/OUT
    R10                  IBUFCTRL (Prop_IBUFCTRL_HPIOB_M_I_O)
                                                      0.000     0.341 r  clk_IBUF_inst/IBUFCTRL_INST/O
                         net (fo=1, routed)           0.197     0.538    clk_IBUF
    BUFGCE_X0Y77         BUFGCE (Prop_BUFCE_BUFGCE_I_O)
                                                      0.019     0.557 r  clk_IBUF_BUFG_inst/O
    X3Y2 (CLOCK_ROOT)    net (fo=367, routed)         1.211     1.768    g_int4.u_p520/u_engine/u_mul/clk_IBUF_BUFG
    SLICE_X89Y132        FDRE                                         r  g_int4.u_p520/u_engine/u_mul/v4_reg_r/C
                         clock pessimism             -0.360     1.409    
    SLICE_X89Y132        FDRE (Hold_FFF2_SLICEL_C_D)
                                                      0.047     1.456    g_int4.u_p520/u_engine/u_mul/v4_reg_r
  -------------------------------------------------------------------
                         required time                         -1.456    
                         arrival time                           1.527    
  -------------------------------------------------------------------
                         slack                                  0.071    

Slack (MET) :             0.072ns  (arrival time - required time)
  Source:                 g_int4.u_p520/FSM_sequential_state_q_reg[3]/C
                            (rising edge-triggered cell FDRE clocked by clk  {rise@0.000ns fall@2.500ns period=5.000ns})
  Destination:            g_int4.u_p520/active_cin_q_reg[0]/D
                            (rising edge-triggered cell FDRE clocked by clk  {rise@0.000ns fall@2.500ns period=5.000ns})
  Path Group:             clk
  Path Type:              Hold (Min at Fast Process Corner)
  Requirement:            0.000ns  (clk rise@0.000ns - clk rise@0.000ns)
  Data Path Delay:        0.161ns  (logic 0.061ns (37.792%)  route 0.100ns (62.208%))
  Logic Levels:           1  (LUT5=1)
  Clock Path Skew:        0.042ns (DCD - SCD - CPR)
    Destination Clock Delay (DCD):    1.762ns
    Source Clock Delay      (SCD):    1.407ns
    Clock Pessimism Removal (CPR):    0.313ns
  Clock Net Delay (Source):      1.078ns (routing 0.482ns, distribution 0.596ns)
  Clock Net Delay (Destination): 1.204ns (routing 0.536ns, distribution 0.668ns)

    Location             Delay type                Incr(ns)  Path(ns)    Netlist Resource(s)
  -------------------------------------------------------------------    -------------------
                         (clock clk rise edge)        0.000     0.000 r  
    R10                                               0.000     0.000 r  clk (IN)
                         net (fo=0)                   0.000     0.000    clk_IBUF_inst/I
    R10                  INBUF (Prop_INBUF_HPIOB_M_PAD_O)
                                                      0.156     0.156 r  clk_IBUF_inst/INBUF_INST/O
                         net (fo=1, routed)           0.000     0.156    clk_IBUF_inst/OUT
    R10                  IBUFCTRL (Prop_IBUFCTRL_HPIOB_M_I_O)
                                                      0.000     0.156 r  clk_IBUF_inst/IBUFCTRL_INST/O
                         net (fo=1, routed)           0.156     0.312    clk_IBUF
    BUFGCE_X0Y77         BUFGCE (Prop_BUFCE_BUFGCE_I_O)
                                                      0.017     0.329 r  clk_IBUF_BUFG_inst/O
    X3Y2 (CLOCK_ROOT)    net (fo=367, routed)         1.078     1.407    g_int4.u_p520/clk_IBUF_BUFG
    SLICE_X93Y133        FDRE                                         r  g_int4.u_p520/FSM_sequential_state_q_reg[3]/C
  -------------------------------------------------------------------    -------------------
    SLICE_X93Y133        FDRE (Prop_BFF2_SLICEM_C_Q)
                                                      0.040     1.447 r  g_int4.u_p520/FSM_sequential_state_q_reg[3]/Q
                         net (fo=50, routed)          0.094     1.541    g_int4.u_p520/state_q__0[3]
    SLICE_X91Y134        LUT5 (Prop_H5LUT_SLICEM_I3_O)
                                                      0.021     1.562 r  g_int4.u_p520/active_cin_q[0]_i_1/O
                         net (fo=1, routed)           0.006     1.568    g_int4.u_p520/active_cin_q[0]_i_1_n_0
    SLICE_X91Y134        FDRE                                         r  g_int4.u_p520/active_cin_q_reg[0]/D
  -------------------------------------------------------------------    -------------------

                         (clock clk rise edge)        0.000     0.000 r  
    R10                                               0.000     0.000 r  clk (IN)
                         net (fo=0)                   0.000     0.000    clk_IBUF_inst/I
    R10                  INBUF (Prop_INBUF_HPIOB_M_PAD_O)
                                                      0.341     0.341 r  clk_IBUF_inst/INBUF_INST/O
                         net (fo=1, routed)           0.000     0.341    clk_IBUF_inst/OUT
    R10                  IBUFCTRL (Prop_IBUFCTRL_HPIOB_M_I_O)
                                                      0.000     0.341 r  clk_IBUF_inst/IBUFCTRL_INST/O
                         net (fo=1, routed)           0.197     0.538    clk_IBUF
    BUFGCE_X0Y77         BUFGCE (Prop_BUFCE_BUFGCE_I_O)
                                                      0.019     0.557 r  clk_IBUF_BUFG_inst/O
    X3Y2 (CLOCK_ROOT)    net (fo=367, routed)         1.204     1.762    g_int4.u_p520/clk_IBUF_BUFG
    SLICE_X91Y134        FDRE                                         r  g_int4.u_p520/active_cin_q_reg[0]/C
                         clock pessimism             -0.313     1.449    
    SLICE_X91Y134        FDRE (Hold_HFF2_SLICEM_C_D)
                                                      0.047     1.496    g_int4.u_p520/active_cin_q_reg[0]
  -------------------------------------------------------------------
                         required time                         -1.496    
                         arrival time                           1.568    
  -------------------------------------------------------------------
                         slack                                  0.072    

Slack (MET) :             0.074ns  (arrival time - required time)
  Source:                 g_int4.u_p520/u_mac_mul/p_out_reg[16]/C
                            (rising edge-triggered cell FDRE clocked by clk  {rise@0.000ns fall@2.500ns period=5.000ns})
  Destination:            g_int4.u_p520/mac_product_q_reg[16]/D
                            (rising edge-triggered cell FDRE clocked by clk  {rise@0.000ns fall@2.500ns period=5.000ns})
  Path Group:             clk
  Path Type:              Hold (Min at Fast Process Corner)
  Requirement:            0.000ns  (clk rise@0.000ns - clk rise@0.000ns)
  Data Path Delay:        0.171ns  (logic 0.040ns (23.392%)  route 0.131ns (76.608%))
  Logic Levels:           0  
  Clock Path Skew:        0.051ns (DCD - SCD - CPR)
    Destination Clock Delay (DCD):    1.763ns
    Source Clock Delay      (SCD):    1.399ns
    Clock Pessimism Removal (CPR):    0.313ns
  Clock Net Delay (Source):      1.070ns (routing 0.482ns, distribution 0.588ns)
  Clock Net Delay (Destination): 1.205ns (routing 0.536ns, distribution 0.669ns)

    Location             Delay type                Incr(ns)  Path(ns)    Netlist Resource(s)
  -------------------------------------------------------------------    -------------------
                         (clock clk rise edge)        0.000     0.000 r  
    R10                                               0.000     0.000 r  clk (IN)
                         net (fo=0)                   0.000     0.000    clk_IBUF_inst/I
    R10                  INBUF (Prop_INBUF_HPIOB_M_PAD_O)
                                                      0.156     0.156 r  clk_IBUF_inst/INBUF_INST/O
                         net (fo=1, routed)           0.000     0.156    clk_IBUF_inst/OUT
    R10                  IBUFCTRL (Prop_IBUFCTRL_HPIOB_M_I_O)
                                                      0.000     0.156 r  clk_IBUF_inst/IBUFCTRL_INST/O
                         net (fo=1, routed)           0.156     0.312    clk_IBUF
    BUFGCE_X0Y77         BUFGCE (Prop_BUFCE_BUFGCE_I_O)
                                                      0.017     0.329 r  clk_IBUF_BUFG_inst/O
    X3Y2 (CLOCK_ROOT)    net (fo=367, routed)         1.070     1.399    g_int4.u_p520/u_mac_mul/clk_IBUF_BUFG
    SLICE_X93Y135        FDRE                                         r  g_int4.u_p520/u_mac_mul/p_out_reg[16]/C
  -------------------------------------------------------------------    -------------------
    SLICE_X93Y135        FDRE (Prop_BFF2_SLICEM_C_Q)
                                                      0.040     1.439 r  g_int4.u_p520/u_mac_mul/p_out_reg[16]/Q
                         net (fo=1, routed)           0.131     1.570    g_int4.u_p520/mac_product[16]
    SLICE_X95Y136        FDRE                                         r  g_int4.u_p520/mac_product_q_reg[16]/D
  -------------------------------------------------------------------    -------------------

                         (clock clk rise edge)        0.000     0.000 r  
    R10                                               0.000     0.000 r  clk (IN)
                         net (fo=0)                   0.000     0.000    clk_IBUF_inst/I
    R10                  INBUF (Prop_INBUF_HPIOB_M_PAD_O)
                                                      0.341     0.341 r  clk_IBUF_inst/INBUF_INST/O
                         net (fo=1, routed)           0.000     0.341    clk_IBUF_inst/OUT
    R10                  IBUFCTRL (Prop_IBUFCTRL_HPIOB_M_I_O)
                                                      0.000     0.341 r  clk_IBUF_inst/IBUFCTRL_INST/O
                         net (fo=1, routed)           0.197     0.538    clk_IBUF
    BUFGCE_X0Y77         BUFGCE (Prop_BUFCE_BUFGCE_I_O)
                                                      0.019     0.557 r  clk_IBUF_BUFG_inst/O
    X3Y2 (CLOCK_ROOT)    net (fo=367, routed)         1.205     1.763    g_int4.u_p520/clk_IBUF_BUFG
    SLICE_X95Y136        FDRE                                         r  g_int4.u_p520/mac_product_q_reg[16]/C
                         clock pessimism             -0.313     1.450    
    SLICE_X95Y136        FDRE (Hold_GFF_SLICEL_C_D)
                                                      0.046     1.496    g_int4.u_p520/mac_product_q_reg[16]
  -------------------------------------------------------------------
                         required time                         -1.496    
                         arrival time                           1.570    
  -------------------------------------------------------------------
                         slack                                  0.074    

Slack (MET) :             0.075ns  (arrival time - required time)
  Source:                 g_int4.u_p520/u_engine/inverse_q_reg/C
                            (rising edge-triggered cell FDRE clocked by clk  {rise@0.000ns fall@2.500ns period=5.000ns})
  Destination:            g_int4.u_p520/u_engine/twiddle_q_reg[16]/D
                            (rising edge-triggered cell FDRE clocked by clk  {rise@0.000ns fall@2.500ns period=5.000ns})
  Path Group:             clk
  Path Type:              Hold (Min at Fast Process Corner)
  Requirement:            0.000ns  (clk rise@0.000ns - clk rise@0.000ns)
  Data Path Delay:        0.146ns  (logic 0.054ns (36.894%)  route 0.092ns (63.106%))
  Logic Levels:           1  (MUXF8=1)
  Clock Path Skew:        0.025ns (DCD - SCD - CPR)
    Destination Clock Delay (DCD):    1.756ns
    Source Clock Delay      (SCD):    1.386ns
    Clock Pessimism Removal (CPR):    0.344ns
  Clock Net Delay (Source):      1.057ns (routing 0.482ns, distribution 0.575ns)
  Clock Net Delay (Destination): 1.198ns (routing 0.536ns, distribution 0.662ns)

    Location             Delay type                Incr(ns)  Path(ns)    Netlist Resource(s)
  -------------------------------------------------------------------    -------------------
                         (clock clk rise edge)        0.000     0.000 r  
    R10                                               0.000     0.000 r  clk (IN)
                         net (fo=0)                   0.000     0.000    clk_IBUF_inst/I
    R10                  INBUF (Prop_INBUF_HPIOB_M_PAD_O)
                                                      0.156     0.156 r  clk_IBUF_inst/INBUF_INST/O
                         net (fo=1, routed)           0.000     0.156    clk_IBUF_inst/OUT
    R10                  IBUFCTRL (Prop_IBUFCTRL_HPIOB_M_I_O)
                                                      0.000     0.156 r  clk_IBUF_inst/IBUFCTRL_INST/O
                         net (fo=1, routed)           0.156     0.312    clk_IBUF
    BUFGCE_X0Y77         BUFGCE (Prop_BUFCE_BUFGCE_I_O)
                                                      0.017     0.329 r  clk_IBUF_BUFG_inst/O
    X3Y2 (CLOCK_ROOT)    net (fo=367, routed)         1.057     1.386    g_int4.u_p520/u_engine/clk_IBUF_BUFG
    SLICE_X89Y131        FDRE                                         r  g_int4.u_p520/u_engine/inverse_q_reg/C
  -------------------------------------------------------------------    -------------------
    SLICE_X89Y131        FDRE (Prop_DFF_SLICEL_C_Q)
                                                      0.039     1.425 r  g_int4.u_p520/u_engine/inverse_q_reg/Q
                         net (fo=23, routed)          0.084     1.510    g_int4.u_p520/u_engine/inverse_q
    SLICE_X89Y130        MUXF8 (Prop_F8MUX_TOP_SLICEL_S_O)
                                                      0.015     1.525 r  g_int4.u_p520/u_engine/twiddle_q_reg[16]_i_1/O
                         net (fo=1, routed)           0.008     1.533    g_int4.u_p520/u_engine/twiddle_q_reg[16]_i_1_n_0
    SLICE_X89Y130        FDRE                                         r  g_int4.u_p520/u_engine/twiddle_q_reg[16]/D
  -------------------------------------------------------------------    -------------------

                         (clock clk rise edge)        0.000     0.000 r  
    R10                                               0.000     0.000 r  clk (IN)
                         net (fo=0)                   0.000     0.000    clk_IBUF_inst/I
    R10                  INBUF (Prop_INBUF_HPIOB_M_PAD_O)
                                                      0.341     0.341 r  clk_IBUF_inst/INBUF_INST/O
                         net (fo=1, routed)           0.000     0.341    clk_IBUF_inst/OUT
    R10                  IBUFCTRL (Prop_IBUFCTRL_HPIOB_M_I_O)
                                                      0.000     0.341 r  clk_IBUF_inst/IBUFCTRL_INST/O
                         net (fo=1, routed)           0.197     0.538    clk_IBUF
    BUFGCE_X0Y77         BUFGCE (Prop_BUFCE_BUFGCE_I_O)
                                                      0.019     0.557 r  clk_IBUF_BUFG_inst/O
    X3Y2 (CLOCK_ROOT)    net (fo=367, routed)         1.198     1.756    g_int4.u_p520/u_engine/clk_IBUF_BUFG
    SLICE_X89Y130        FDRE                                         r  g_int4.u_p520/u_engine/twiddle_q_reg[16]/C
                         clock pessimism             -0.344     1.412    
    SLICE_X89Y130        FDRE (Hold_GFF_SLICEL_C_D)
                                                      0.046     1.458    g_int4.u_p520/u_engine/twiddle_q_reg[16]
  -------------------------------------------------------------------
                         required time                         -1.458    
                         arrival time                           1.533    
  -------------------------------------------------------------------
                         slack                                  0.075    

Slack (MET) :             0.075ns  (arrival time - required time)
  Source:                 g_int4.u_p520/FSM_sequential_state_q_reg[0]/C
                            (rising edge-triggered cell FDRE clocked by clk  {rise@0.000ns fall@2.500ns period=5.000ns})
  Destination:            g_int4.u_p520/active_cin_q_reg[1]/D
                            (rising edge-triggered cell FDRE clocked by clk  {rise@0.000ns fall@2.500ns period=5.000ns})
  Path Group:             clk
  Path Type:              Hold (Min at Fast Process Corner)
  Requirement:            0.000ns  (clk rise@0.000ns - clk rise@0.000ns)
  Data Path Delay:        0.147ns  (logic 0.054ns (36.677%)  route 0.093ns (63.323%))
  Logic Levels:           1  (LUT6=1)
  Clock Path Skew:        0.026ns (DCD - SCD - CPR)
    Destination Clock Delay (DCD):    1.763ns
    Source Clock Delay      (SCD):    1.392ns
    Clock Pessimism Removal (CPR):    0.345ns
  Clock Net Delay (Source):      1.063ns (routing 0.482ns, distribution 0.581ns)
  Clock Net Delay (Destination): 1.205ns (routing 0.536ns, distribution 0.669ns)

    Location             Delay type                Incr(ns)  Path(ns)    Netlist Resource(s)
  -------------------------------------------------------------------    -------------------
                         (clock clk rise edge)        0.000     0.000 r  
    R10                                               0.000     0.000 r  clk (IN)
                         net (fo=0)                   0.000     0.000    clk_IBUF_inst/I
    R10                  INBUF (Prop_INBUF_HPIOB_M_PAD_O)
                                                      0.156     0.156 r  clk_IBUF_inst/INBUF_INST/O
                         net (fo=1, routed)           0.000     0.156    clk_IBUF_inst/OUT
    R10                  IBUFCTRL (Prop_IBUFCTRL_HPIOB_M_I_O)
                                                      0.000     0.156 r  clk_IBUF_inst/IBUFCTRL_INST/O
                         net (fo=1, routed)           0.156     0.312    clk_IBUF
    BUFGCE_X0Y77         BUFGCE (Prop_BUFCE_BUFGCE_I_O)
                                                      0.017     0.329 r  clk_IBUF_BUFG_inst/O
    X3Y2 (CLOCK_ROOT)    net (fo=367, routed)         1.063     1.392    g_int4.u_p520/clk_IBUF_BUFG
    SLICE_X92Y133        FDRE                                         r  g_int4.u_p520/FSM_sequential_state_q_reg[0]/C
  -------------------------------------------------------------------    -------------------
    SLICE_X92Y133        FDRE (Prop_CFF2_SLICEL_C_Q)
                                                      0.040     1.432 f  g_int4.u_p520/FSM_sequential_state_q_reg[0]/Q
                         net (fo=23, routed)          0.067     1.499    g_int4.u_p520/state_q__0[0]
    SLICE_X91Y134        LUT6 (Prop_D6LUT_SLICEM_I1_O)
                                                      0.014     1.513 r  g_int4.u_p520/active_cin_q[1]_i_2/O
                         net (fo=1, routed)           0.026     1.539    g_int4.u_p520/active_cin_q[1]_i_2_n_0
    SLICE_X91Y134        FDRE                                         r  g_int4.u_p520/active_cin_q_reg[1]/D
  -------------------------------------------------------------------    -------------------

                         (clock clk rise edge)        0.000     0.000 r  
    R10                                               0.000     0.000 r  clk (IN)
                         net (fo=0)                   0.000     0.000    clk_IBUF_inst/I
    R10                  INBUF (Prop_INBUF_HPIOB_M_PAD_O)
                                                      0.341     0.341 r  clk_IBUF_inst/INBUF_INST/O
                         net (fo=1, routed)           0.000     0.341    clk_IBUF_inst/OUT
    R10                  IBUFCTRL (Prop_IBUFCTRL_HPIOB_M_I_O)
                                                      0.000     0.341 r  clk_IBUF_inst/IBUFCTRL_INST/O
                         net (fo=1, routed)           0.197     0.538    clk_IBUF
    BUFGCE_X0Y77         BUFGCE (Prop_BUFCE_BUFGCE_I_O)
                                                      0.019     0.557 r  clk_IBUF_BUFG_inst/O
    X3Y2 (CLOCK_ROOT)    net (fo=367, routed)         1.205     1.763    g_int4.u_p520/clk_IBUF_BUFG
    SLICE_X91Y134        FDRE                                         r  g_int4.u_p520/active_cin_q_reg[1]/C
                         clock pessimism             -0.345     1.418    
    SLICE_X91Y134        FDRE (Hold_DFF_SLICEM_C_D)
                                                      0.046     1.464    g_int4.u_p520/active_cin_q_reg[1]
  -------------------------------------------------------------------
                         required time                         -1.464    
                         arrival time                           1.539    
  -------------------------------------------------------------------
                         slack                                  0.075    

Slack (MET) :             0.076ns  (arrival time - required time)
  Source:                 g_int4.u_p520/index_q_reg[0]/C
                            (rising edge-triggered cell FDRE clocked by clk  {rise@0.000ns fall@2.500ns period=5.000ns})
  Destination:            g_int4.u_p520/u_xs_mem/mem_reg_bram_0/ADDRARDADDR[5]
                            (rising edge-triggered cell RAMB36E2 clocked by clk  {rise@0.000ns fall@2.500ns period=5.000ns})
  Path Group:             clk
  Path Type:              Hold (Min at Fast Process Corner)
  Requirement:            0.000ns  (clk rise@0.000ns - clk rise@0.000ns)
  Data Path Delay:        0.209ns  (logic 0.039ns (18.673%)  route 0.170ns (81.327%))
  Logic Levels:           0  
  Clock Path Skew:        0.127ns (DCD - SCD - CPR)
    Destination Clock Delay (DCD):    1.839ns
    Source Clock Delay      (SCD):    1.397ns
    Clock Pessimism Removal (CPR):    0.314ns
  Clock Net Delay (Source):      1.068ns (routing 0.482ns, distribution 0.586ns)
  Clock Net Delay (Destination): 1.281ns (routing 0.536ns, distribution 0.745ns)

    Location             Delay type                Incr(ns)  Path(ns)    Netlist Resource(s)
  -------------------------------------------------------------------    -------------------
                         (clock clk rise edge)        0.000     0.000 r  
    R10                                               0.000     0.000 r  clk (IN)
                         net (fo=0)                   0.000     0.000    clk_IBUF_inst/I
    R10                  INBUF (Prop_INBUF_HPIOB_M_PAD_O)
                                                      0.156     0.156 r  clk_IBUF_inst/INBUF_INST/O
                         net (fo=1, routed)           0.000     0.156    clk_IBUF_inst/OUT
    R10                  IBUFCTRL (Prop_IBUFCTRL_HPIOB_M_I_O)
                                                      0.000     0.156 r  clk_IBUF_inst/IBUFCTRL_INST/O
                         net (fo=1, routed)           0.156     0.312    clk_IBUF
    BUFGCE_X0Y77         BUFGCE (Prop_BUFCE_BUFGCE_I_O)
                                                      0.017     0.329 r  clk_IBUF_BUFG_inst/O
    X3Y2 (CLOCK_ROOT)    net (fo=367, routed)         1.068     1.397    g_int4.u_p520/clk_IBUF_BUFG
    SLICE_X91Y133        FDRE                                         r  g_int4.u_p520/index_q_reg[0]/C
  -------------------------------------------------------------------    -------------------
    SLICE_X91Y133        FDRE (Prop_HFF_SLICEM_C_Q)
                                                      0.039     1.436 r  g_int4.u_p520/index_q_reg[0]/Q
                         net (fo=13, routed)          0.170     1.606    g_int4.u_p520/u_xs_mem/mem_reg_bram_0_2[0]
    RAMB36_X12Y27        RAMB36E2                                     r  g_int4.u_p520/u_xs_mem/mem_reg_bram_0/ADDRARDADDR[5]
  -------------------------------------------------------------------    -------------------

                         (clock clk rise edge)        0.000     0.000 r  
    R10                                               0.000     0.000 r  clk (IN)
                         net (fo=0)                   0.000     0.000    clk_IBUF_inst/I
    R10                  INBUF (Prop_INBUF_HPIOB_M_PAD_O)
                                                      0.341     0.341 r  clk_IBUF_inst/INBUF_INST/O
                         net (fo=1, routed)           0.000     0.341    clk_IBUF_inst/OUT
    R10                  IBUFCTRL (Prop_IBUFCTRL_HPIOB_M_I_O)
                                                      0.000     0.341 r  clk_IBUF_inst/IBUFCTRL_INST/O
                         net (fo=1, routed)           0.197     0.538    clk_IBUF
    BUFGCE_X0Y77         BUFGCE (Prop_BUFCE_BUFGCE_I_O)
                                                      0.019     0.557 r  clk_IBUF_BUFG_inst/O
    X3Y2 (CLOCK_ROOT)    net (fo=367, routed)         1.281     1.839    g_int4.u_p520/u_xs_mem/clk_IBUF_BUFG
    RAMB36_X12Y27        RAMB36E2                                     r  g_int4.u_p520/u_xs_mem/mem_reg_bram_0/CLKARDCLK
                         clock pessimism             -0.314     1.524    
    RAMB36_X12Y27        RAMB36E2 (Hold_RAMB36E2_RAMB36_CLKARDCLK_ADDRARDADDR[5])
                                                      0.006     1.530    g_int4.u_p520/u_xs_mem/mem_reg_bram_0
  -------------------------------------------------------------------
                         required time                         -1.530    
                         arrival time                           1.606    
  -------------------------------------------------------------------
                         slack                                  0.076    

Slack (MET) :             0.077ns  (arrival time - required time)
  Source:                 g_int4.u_p520/u_engine/twiddle_addr_q_reg_rep[5]/C
                            (rising edge-triggered cell FDRE clocked by clk  {rise@0.000ns fall@2.500ns period=5.000ns})
  Destination:            g_int4.u_p520/u_engine/twiddle_q_reg[7]/D
                            (rising edge-triggered cell FDRE clocked by clk  {rise@0.000ns fall@2.500ns period=5.000ns})
  Path Group:             clk
  Path Type:              Hold (Min at Fast Process Corner)
  Requirement:            0.000ns  (clk rise@0.000ns - clk rise@0.000ns)
  Data Path Delay:        0.175ns  (logic 0.075ns (42.972%)  route 0.100ns (57.028%))
  Logic Levels:           3  (LUT6=1 MUXF7=1 MUXF8=1)
  Clock Path Skew:        0.051ns (DCD - SCD - CPR)
    Destination Clock Delay (DCD):    1.759ns
    Source Clock Delay      (SCD):    1.395ns
    Clock Pessimism Removal (CPR):    0.313ns
  Clock Net Delay (Source):      1.066ns (routing 0.482ns, distribution 0.584ns)
  Clock Net Delay (Destination): 1.202ns (routing 0.536ns, distribution 0.666ns)

    Location             Delay type                Incr(ns)  Path(ns)    Netlist Resource(s)
  -------------------------------------------------------------------    -------------------
                         (clock clk rise edge)        0.000     0.000 r  
    R10                                               0.000     0.000 r  clk (IN)
                         net (fo=0)                   0.000     0.000    clk_IBUF_inst/I
    R10                  INBUF (Prop_INBUF_HPIOB_M_PAD_O)
                                                      0.156     0.156 r  clk_IBUF_inst/INBUF_INST/O
                         net (fo=1, routed)           0.000     0.156    clk_IBUF_inst/OUT
    R10                  IBUFCTRL (Prop_IBUFCTRL_HPIOB_M_I_O)
                                                      0.000     0.156 r  clk_IBUF_inst/IBUFCTRL_INST/O
                         net (fo=1, routed)           0.156     0.312    clk_IBUF
    BUFGCE_X0Y77         BUFGCE (Prop_BUFCE_BUFGCE_I_O)
                                                      0.017     0.329 r  clk_IBUF_BUFG_inst/O
    X3Y2 (CLOCK_ROOT)    net (fo=367, routed)         1.066     1.395    g_int4.u_p520/u_engine/clk_IBUF_BUFG
    SLICE_X91Y123        FDRE                                         r  g_int4.u_p520/u_engine/twiddle_addr_q_reg_rep[5]/C
  -------------------------------------------------------------------    -------------------
    SLICE_X91Y123        FDRE (Prop_EFF2_SLICEM_C_Q)
                                                      0.039     1.434 r  g_int4.u_p520/u_engine/twiddle_addr_q_reg_rep[5]/Q
                         net (fo=38, routed)          0.082     1.516    g_int4.u_p520/u_engine/twiddle_addr_q[5]
    SLICE_X90Y123        LUT6 (Prop_A6LUT_SLICEM_I5_O)
                                                      0.014     1.530 r  g_int4.u_p520/u_engine/g1_b7__0/O
                         net (fo=1, routed)           0.009     1.539    g_int4.u_p520/u_engine/g1_b7__0_n_0
    SLICE_X90Y123        MUXF7 (Prop_F7MUX_AB_SLICEM_I1_O)
                                                      0.010     1.549 r  g_int4.u_p520/u_engine/p_0_out_inferred__4/twiddle_q_reg[7]_i_3/O
                         net (fo=1, routed)           0.000     1.549    g_int4.u_p520/u_engine/p_0_out_inferred__4/twiddle_q_reg[7]_i_3_n_0
    SLICE_X90Y123        MUXF8 (Prop_F8MUX_BOT_SLICEM_I1_O)
                                                      0.012     1.561 r  g_int4.u_p520/u_engine/twiddle_q_reg[7]_i_1/O
                         net (fo=1, routed)           0.009     1.570    g_int4.u_p520/u_engine/twiddle_q_reg[7]_i_1_n_0
    SLICE_X90Y123        FDRE                                         r  g_int4.u_p520/u_engine/twiddle_q_reg[7]/D
  -------------------------------------------------------------------    -------------------

                         (clock clk rise edge)        0.000     0.000 r  
    R10                                               0.000     0.000 r  clk (IN)
                         net (fo=0)                   0.000     0.000    clk_IBUF_inst/I
    R10                  INBUF (Prop_INBUF_HPIOB_M_PAD_O)
                                                      0.341     0.341 r  clk_IBUF_inst/INBUF_INST/O
                         net (fo=1, routed)           0.000     0.341    clk_IBUF_inst/OUT
    R10                  IBUFCTRL (Prop_IBUFCTRL_HPIOB_M_I_O)
                                                      0.000     0.341 r  clk_IBUF_inst/IBUFCTRL_INST/O
                         net (fo=1, routed)           0.197     0.538    clk_IBUF
    BUFGCE_X0Y77         BUFGCE (Prop_BUFCE_BUFGCE_I_O)
                                                      0.019     0.557 r  clk_IBUF_BUFG_inst/O
    X3Y2 (CLOCK_ROOT)    net (fo=367, routed)         1.202     1.759    g_int4.u_p520/u_engine/clk_IBUF_BUFG
    SLICE_X90Y123        FDRE                                         r  g_int4.u_p520/u_engine/twiddle_q_reg[7]/C
                         clock pessimism             -0.313     1.447    
    SLICE_X90Y123        FDRE (Hold_CFF_SLICEM_C_D)
                                                      0.046     1.493    g_int4.u_p520/u_engine/twiddle_q_reg[7]
  -------------------------------------------------------------------
                         required time                         -1.493    
                         arrival time                           1.570    
  -------------------------------------------------------------------
                         slack                                  0.077    

Slack (MET) :             0.079ns  (arrival time - required time)
  Source:                 g_int4.u_p520/u_engine/scale_addr_q_reg[2]/C
                            (rising edge-triggered cell FDRE clocked by clk  {rise@0.000ns fall@2.500ns period=5.000ns})
  Destination:            g_int4.u_p520/u_engine/scale_addr_q_reg[2]/D
                            (rising edge-triggered cell FDRE clocked by clk  {rise@0.000ns fall@2.500ns period=5.000ns})
  Path Group:             clk
  Path Type:              Hold (Min at Fast Process Corner)
  Requirement:            0.000ns  (clk rise@0.000ns - clk rise@0.000ns)
  Data Path Delay:        0.131ns  (logic 0.074ns (56.626%)  route 0.057ns (43.374%))
  Logic Levels:           1  (LUT4=1)
  Clock Path Skew:        0.006ns (DCD - SCD - CPR)
    Destination Clock Delay (DCD):    1.754ns
    Source Clock Delay      (SCD):    1.390ns
    Clock Pessimism Removal (CPR):    0.358ns
  Clock Net Delay (Source):      1.061ns (routing 0.482ns, distribution 0.579ns)
  Clock Net Delay (Destination): 1.197ns (routing 0.536ns, distribution 0.661ns)

    Location             Delay type                Incr(ns)  Path(ns)    Netlist Resource(s)
  -------------------------------------------------------------------    -------------------
                         (clock clk rise edge)        0.000     0.000 r  
    R10                                               0.000     0.000 r  clk (IN)
                         net (fo=0)                   0.000     0.000    clk_IBUF_inst/I
    R10                  INBUF (Prop_INBUF_HPIOB_M_PAD_O)
                                                      0.156     0.156 r  clk_IBUF_inst/INBUF_INST/O
                         net (fo=1, routed)           0.000     0.156    clk_IBUF_inst/OUT
    R10                  IBUFCTRL (Prop_IBUFCTRL_HPIOB_M_I_O)
                                                      0.000     0.156 r  clk_IBUF_inst/IBUFCTRL_INST/O
                         net (fo=1, routed)           0.156     0.312    clk_IBUF
    BUFGCE_X0Y77         BUFGCE (Prop_BUFCE_BUFGCE_I_O)
                                                      0.017     0.329 r  clk_IBUF_BUFG_inst/O
    X3Y2 (CLOCK_ROOT)    net (fo=367, routed)         1.061     1.390    g_int4.u_p520/u_engine/clk_IBUF_BUFG
    SLICE_X87Y127        FDRE                                         r  g_int4.u_p520/u_engine/scale_addr_q_reg[2]/C
  -------------------------------------------------------------------    -------------------
    SLICE_X87Y127        FDRE (Prop_DFF_SLICEM_C_Q)
                                                      0.039     1.429 r  g_int4.u_p520/u_engine/scale_addr_q_reg[2]/Q
                         net (fo=8, routed)           0.031     1.460    g_int4.u_p520/u_engine/scale_addr_q_reg_n_0_[2]
    SLICE_X87Y127        LUT4 (Prop_D6LUT_SLICEM_I3_O)
                                                      0.035     1.495 r  g_int4.u_p520/u_engine/scale_addr_q[2]_i_1/O
                         net (fo=1, routed)           0.026     1.521    g_int4.u_p520/u_engine/scale_addr_q[2]_i_1_n_0
    SLICE_X87Y127        FDRE                                         r  g_int4.u_p520/u_engine/scale_addr_q_reg[2]/D
  -------------------------------------------------------------------    -------------------

                         (clock clk rise edge)        0.000     0.000 r  
    R10                                               0.000     0.000 r  clk (IN)
                         net (fo=0)                   0.000     0.000    clk_IBUF_inst/I
    R10                  INBUF (Prop_INBUF_HPIOB_M_PAD_O)
                                                      0.341     0.341 r  clk_IBUF_inst/INBUF_INST/O
                         net (fo=1, routed)           0.000     0.341    clk_IBUF_inst/OUT
    R10                  IBUFCTRL (Prop_IBUFCTRL_HPIOB_M_I_O)
                                                      0.000     0.341 r  clk_IBUF_inst/IBUFCTRL_INST/O
                         net (fo=1, routed)           0.197     0.538    clk_IBUF
    BUFGCE_X0Y77         BUFGCE (Prop_BUFCE_BUFGCE_I_O)
                                                      0.019     0.557 r  clk_IBUF_BUFG_inst/O
    X3Y2 (CLOCK_ROOT)    net (fo=367, routed)         1.197     1.754    g_int4.u_p520/u_engine/clk_IBUF_BUFG
    SLICE_X87Y127        FDRE                                         r  g_int4.u_p520/u_engine/scale_addr_q_reg[2]/C
                         clock pessimism             -0.358     1.396    
    SLICE_X87Y127        FDRE (Hold_DFF_SLICEM_C_D)
                                                      0.046     1.442    g_int4.u_p520/u_engine/scale_addr_q_reg[2]
  -------------------------------------------------------------------
                         required time                         -1.442    
                         arrival time                           1.521    
  -------------------------------------------------------------------
                         slack                                  0.079    

Slack (MET) :             0.080ns  (arrival time - required time)
  Source:                 g_int4.u_p520/u_mac_mul/p_out_reg[6]/C
                            (rising edge-triggered cell FDRE clocked by clk  {rise@0.000ns fall@2.500ns period=5.000ns})
  Destination:            g_int4.u_p520/mac_product_q_reg[6]/D
                            (rising edge-triggered cell FDRE clocked by clk  {rise@0.000ns fall@2.500ns period=5.000ns})
  Path Group:             clk
  Path Type:              Hold (Min at Fast Process Corner)
  Requirement:            0.000ns  (clk rise@0.000ns - clk rise@0.000ns)
  Data Path Delay:        0.139ns  (logic 0.039ns (28.058%)  route 0.100ns (71.942%))
  Logic Levels:           0  
  Clock Path Skew:        0.013ns (DCD - SCD - CPR)
    Destination Clock Delay (DCD):    1.768ns
    Source Clock Delay      (SCD):    1.403ns
    Clock Pessimism Removal (CPR):    0.352ns
  Clock Net Delay (Source):      1.074ns (routing 0.482ns, distribution 0.592ns)
  Clock Net Delay (Destination): 1.210ns (routing 0.536ns, distribution 0.674ns)

    Location             Delay type                Incr(ns)  Path(ns)    Netlist Resource(s)
  -------------------------------------------------------------------    -------------------
                         (clock clk rise edge)        0.000     0.000 r  
    R10                                               0.000     0.000 r  clk (IN)
                         net (fo=0)                   0.000     0.000    clk_IBUF_inst/I
    R10                  INBUF (Prop_INBUF_HPIOB_M_PAD_O)
                                                      0.156     0.156 r  clk_IBUF_inst/INBUF_INST/O
                         net (fo=1, routed)           0.000     0.156    clk_IBUF_inst/OUT
    R10                  IBUFCTRL (Prop_IBUFCTRL_HPIOB_M_I_O)
                                                      0.000     0.156 r  clk_IBUF_inst/IBUFCTRL_INST/O
                         net (fo=1, routed)           0.156     0.312    clk_IBUF
    BUFGCE_X0Y77         BUFGCE (Prop_BUFCE_BUFGCE_I_O)
                                                      0.017     0.329 r  clk_IBUF_BUFG_inst/O
    X3Y2 (CLOCK_ROOT)    net (fo=367, routed)         1.074     1.403    g_int4.u_p520/u_mac_mul/clk_IBUF_BUFG
    SLICE_X96Y134        FDRE                                         r  g_int4.u_p520/u_mac_mul/p_out_reg[6]/C
  -------------------------------------------------------------------    -------------------
    SLICE_X96Y134        FDRE (Prop_CFF2_SLICEM_C_Q)
                                                      0.039     1.442 r  g_int4.u_p520/u_mac_mul/p_out_reg[6]/Q
                         net (fo=1, routed)           0.100     1.542    g_int4.u_p520/mac_product[6]
    SLICE_X96Y134        FDRE                                         r  g_int4.u_p520/mac_product_q_reg[6]/D
  -------------------------------------------------------------------    -------------------

                         (clock clk rise edge)        0.000     0.000 r  
    R10                                               0.000     0.000 r  clk (IN)
                         net (fo=0)                   0.000     0.000    clk_IBUF_inst/I
    R10                  INBUF (Prop_INBUF_HPIOB_M_PAD_O)
                                                      0.341     0.341 r  clk_IBUF_inst/INBUF_INST/O
                         net (fo=1, routed)           0.000     0.341    clk_IBUF_inst/OUT
    R10                  IBUFCTRL (Prop_IBUFCTRL_HPIOB_M_I_O)
                                                      0.000     0.341 r  clk_IBUF_inst/IBUFCTRL_INST/O
                         net (fo=1, routed)           0.197     0.538    clk_IBUF
    BUFGCE_X0Y77         BUFGCE (Prop_BUFCE_BUFGCE_I_O)
                                                      0.019     0.557 r  clk_IBUF_BUFG_inst/O
    X3Y2 (CLOCK_ROOT)    net (fo=367, routed)         1.210     1.768    g_int4.u_p520/clk_IBUF_BUFG
    SLICE_X96Y134        FDRE                                         r  g_int4.u_p520/mac_product_q_reg[6]/C
                         clock pessimism             -0.352     1.416    
    SLICE_X96Y134        FDRE (Hold_GFF_SLICEM_C_D)
                                                      0.046     1.462    g_int4.u_p520/mac_product_q_reg[6]
  -------------------------------------------------------------------
                         required time                         -1.462    
                         arrival time                           1.542    
  -------------------------------------------------------------------
                         slack                                  0.080    

Slack (MET) :             0.081ns  (arrival time - required time)
  Source:                 g_int4.u_p520/u_engine/butterfly_q_reg[2]/C
                            (rising edge-triggered cell FDRE clocked by clk  {rise@0.000ns fall@2.500ns period=5.000ns})
  Destination:            g_int4.u_p520/u_engine/butterfly_q_reg[2]/D
                            (rising edge-triggered cell FDRE clocked by clk  {rise@0.000ns fall@2.500ns period=5.000ns})
  Path Group:             clk
  Path Type:              Hold (Min at Fast Process Corner)
  Requirement:            0.000ns  (clk rise@0.000ns - clk rise@0.000ns)
  Data Path Delay:        0.133ns  (logic 0.074ns (55.765%)  route 0.059ns (44.235%))
  Logic Levels:           1  (LUT4=1)
  Clock Path Skew:        0.006ns (DCD - SCD - CPR)
    Destination Clock Delay (DCD):    1.759ns
    Source Clock Delay      (SCD):    1.394ns
    Clock Pessimism Removal (CPR):    0.359ns
  Clock Net Delay (Source):      1.065ns (routing 0.482ns, distribution 0.583ns)
  Clock Net Delay (Destination): 1.201ns (routing 0.536ns, distribution 0.665ns)

    Location             Delay type                Incr(ns)  Path(ns)    Netlist Resource(s)
  -------------------------------------------------------------------    -------------------
                         (clock clk rise edge)        0.000     0.000 r  
    R10                                               0.000     0.000 r  clk (IN)
                         net (fo=0)                   0.000     0.000    clk_IBUF_inst/I
    R10                  INBUF (Prop_INBUF_HPIOB_M_PAD_O)
                                                      0.156     0.156 r  clk_IBUF_inst/INBUF_INST/O
                         net (fo=1, routed)           0.000     0.156    clk_IBUF_inst/OUT
    R10                  IBUFCTRL (Prop_IBUFCTRL_HPIOB_M_I_O)
                                                      0.000     0.156 r  clk_IBUF_inst/IBUFCTRL_INST/O
                         net (fo=1, routed)           0.156     0.312    clk_IBUF
    BUFGCE_X0Y77         BUFGCE (Prop_BUFCE_BUFGCE_I_O)
                                                      0.017     0.329 r  clk_IBUF_BUFG_inst/O
    X3Y2 (CLOCK_ROOT)    net (fo=367, routed)         1.065     1.394    g_int4.u_p520/u_engine/clk_IBUF_BUFG
    SLICE_X87Y125        FDRE                                         r  g_int4.u_p520/u_engine/butterfly_q_reg[2]/C
  -------------------------------------------------------------------    -------------------
    SLICE_X87Y125        FDRE (Prop_DFF_SLICEM_C_Q)
                                                      0.039     1.433 r  g_int4.u_p520/u_engine/butterfly_q_reg[2]/Q
                         net (fo=16, routed)          0.033     1.466    g_int4.u_p520/u_engine/butterfly_q[2]
    SLICE_X87Y125        LUT4 (Prop_D6LUT_SLICEM_I3_O)
                                                      0.035     1.501 r  g_int4.u_p520/u_engine/butterfly_q[2]_i_1/O
                         net (fo=1, routed)           0.026     1.527    g_int4.u_p520/u_engine/A[2]
    SLICE_X87Y125        FDRE                                         r  g_int4.u_p520/u_engine/butterfly_q_reg[2]/D
  -------------------------------------------------------------------    -------------------

                         (clock clk rise edge)        0.000     0.000 r  
    R10                                               0.000     0.000 r  clk (IN)
                         net (fo=0)                   0.000     0.000    clk_IBUF_inst/I
    R10                  INBUF (Prop_INBUF_HPIOB_M_PAD_O)
                                                      0.341     0.341 r  clk_IBUF_inst/INBUF_INST/O
                         net (fo=1, routed)           0.000     0.341    clk_IBUF_inst/OUT
    R10                  IBUFCTRL (Prop_IBUFCTRL_HPIOB_M_I_O)
                                                      0.000     0.341 r  clk_IBUF_inst/IBUFCTRL_INST/O
                         net (fo=1, routed)           0.197     0.538    clk_IBUF
    BUFGCE_X0Y77         BUFGCE (Prop_BUFCE_BUFGCE_I_O)
                                                      0.019     0.557 r  clk_IBUF_BUFG_inst/O
    X3Y2 (CLOCK_ROOT)    net (fo=367, routed)         1.201     1.759    g_int4.u_p520/u_engine/clk_IBUF_BUFG
    SLICE_X87Y125        FDRE                                         r  g_int4.u_p520/u_engine/butterfly_q_reg[2]/C
                         clock pessimism             -0.359     1.400    
    SLICE_X87Y125        FDRE (Hold_DFF_SLICEM_C_D)
                                                      0.046     1.446    g_int4.u_p520/u_engine/butterfly_q_reg[2]
  -------------------------------------------------------------------
                         required time                         -1.446    
                         arrival time                           1.527    
  -------------------------------------------------------------------
                         slack                                  0.081    

Slack (MET) :             0.082ns  (arrival time - required time)
  Source:                 g_int4.u_p520/u_engine/u_mul/p_out_reg[15]/C
                            (rising edge-triggered cell FDRE clocked by clk  {rise@0.000ns fall@2.500ns period=5.000ns})
  Destination:            g_int4.u_p520/u_engine/product_q_reg[15]/D
                            (rising edge-triggered cell FDRE clocked by clk  {rise@0.000ns fall@2.500ns period=5.000ns})
  Path Group:             clk
  Path Type:              Hold (Min at Fast Process Corner)
  Requirement:            0.000ns  (clk rise@0.000ns - clk rise@0.000ns)
  Data Path Delay:        0.158ns  (logic 0.039ns (24.684%)  route 0.119ns (75.316%))
  Logic Levels:           0  
  Clock Path Skew:        0.029ns (DCD - SCD - CPR)
    Destination Clock Delay (DCD):    1.762ns
    Source Clock Delay      (SCD):    1.387ns
    Clock Pessimism Removal (CPR):    0.345ns
  Clock Net Delay (Source):      1.058ns (routing 0.482ns, distribution 0.576ns)
  Clock Net Delay (Destination): 1.204ns (routing 0.536ns, distribution 0.668ns)

    Location             Delay type                Incr(ns)  Path(ns)    Netlist Resource(s)
  -------------------------------------------------------------------    -------------------
                         (clock clk rise edge)        0.000     0.000 r  
    R10                                               0.000     0.000 r  clk (IN)
                         net (fo=0)                   0.000     0.000    clk_IBUF_inst/I
    R10                  INBUF (Prop_INBUF_HPIOB_M_PAD_O)
                                                      0.156     0.156 r  clk_IBUF_inst/INBUF_INST/O
                         net (fo=1, routed)           0.000     0.156    clk_IBUF_inst/OUT
    R10                  IBUFCTRL (Prop_IBUFCTRL_HPIOB_M_I_O)
                                                      0.000     0.156 r  clk_IBUF_inst/IBUFCTRL_INST/O
                         net (fo=1, routed)           0.156     0.312    clk_IBUF
    BUFGCE_X0Y77         BUFGCE (Prop_BUFCE_BUFGCE_I_O)
                                                      0.017     0.329 r  clk_IBUF_BUFG_inst/O
    X3Y2 (CLOCK_ROOT)    net (fo=367, routed)         1.058     1.387    g_int4.u_p520/u_engine/u_mul/clk_IBUF_BUFG
    SLICE_X95Y145        FDRE                                         r  g_int4.u_p520/u_engine/u_mul/p_out_reg[15]/C
  -------------------------------------------------------------------    -------------------
    SLICE_X95Y145        FDRE (Prop_BFF_SLICEL_C_Q)
                                                      0.039     1.426 r  g_int4.u_p520/u_engine/u_mul/p_out_reg[15]/Q
                         net (fo=1, routed)           0.119     1.545    g_int4.u_p520/u_engine/mul_product[15]
    SLICE_X95Y138        FDRE                                         r  g_int4.u_p520/u_engine/product_q_reg[15]/D
  -------------------------------------------------------------------    -------------------

                         (clock clk rise edge)        0.000     0.000 r  
    R10                                               0.000     0.000 r  clk (IN)
                         net (fo=0)                   0.000     0.000    clk_IBUF_inst/I
    R10                  INBUF (Prop_INBUF_HPIOB_M_PAD_O)
                                                      0.341     0.341 r  clk_IBUF_inst/INBUF_INST/O
                         net (fo=1, routed)           0.000     0.341    clk_IBUF_inst/OUT
    R10                  IBUFCTRL (Prop_IBUFCTRL_HPIOB_M_I_O)
                                                      0.000     0.341 r  clk_IBUF_inst/IBUFCTRL_INST/O
                         net (fo=1, routed)           0.197     0.538    clk_IBUF
    BUFGCE_X0Y77         BUFGCE (Prop_BUFCE_BUFGCE_I_O)
                                                      0.019     0.557 r  clk_IBUF_BUFG_inst/O
    X3Y2 (CLOCK_ROOT)    net (fo=367, routed)         1.204     1.762    g_int4.u_p520/u_engine/clk_IBUF_BUFG
    SLICE_X95Y138        FDRE                                         r  g_int4.u_p520/u_engine/product_q_reg[15]/C
                         clock pessimism             -0.345     1.417    
    SLICE_X95Y138        FDRE (Hold_EFF2_SLICEL_C_D)
                                                      0.047     1.464    g_int4.u_p520/u_engine/product_q_reg[15]
  -------------------------------------------------------------------
                         required time                         -1.464    
                         arrival time                           1.545    
  -------------------------------------------------------------------
                         slack                                  0.082    

Slack (MET) :             0.082ns  (arrival time - required time)
  Source:                 g_int4.u_p520/active_cout_q_reg[0]/C
                            (rising edge-triggered cell FDRE clocked by clk  {rise@0.000ns fall@2.500ns period=5.000ns})
  Destination:            g_int4.u_p520/active_cout_q_reg[0]/D
                            (rising edge-triggered cell FDRE clocked by clk  {rise@0.000ns fall@2.500ns period=5.000ns})
  Path Group:             clk
  Path Type:              Hold (Min at Fast Process Corner)
  Requirement:            0.000ns  (clk rise@0.000ns - clk rise@0.000ns)
  Data Path Delay:        0.134ns  (logic 0.074ns (55.073%)  route 0.060ns (44.927%))
  Logic Levels:           1  (LUT4=1)
  Clock Path Skew:        0.006ns (DCD - SCD - CPR)
    Destination Clock Delay (DCD):    1.770ns
    Source Clock Delay      (SCD):    1.403ns
    Clock Pessimism Removal (CPR):    0.361ns
  Clock Net Delay (Source):      1.074ns (routing 0.482ns, distribution 0.592ns)
  Clock Net Delay (Destination): 1.212ns (routing 0.536ns, distribution 0.676ns)

    Location             Delay type                Incr(ns)  Path(ns)    Netlist Resource(s)
  -------------------------------------------------------------------    -------------------
                         (clock clk rise edge)        0.000     0.000 r  
    R10                                               0.000     0.000 r  clk (IN)
                         net (fo=0)                   0.000     0.000    clk_IBUF_inst/I
    R10                  INBUF (Prop_INBUF_HPIOB_M_PAD_O)
                                                      0.156     0.156 r  clk_IBUF_inst/INBUF_INST/O
                         net (fo=1, routed)           0.000     0.156    clk_IBUF_inst/OUT
    R10                  IBUFCTRL (Prop_IBUFCTRL_HPIOB_M_I_O)
                                                      0.000     0.156 r  clk_IBUF_inst/IBUFCTRL_INST/O
                         net (fo=1, routed)           0.156     0.312    clk_IBUF
    BUFGCE_X0Y77         BUFGCE (Prop_BUFCE_BUFGCE_I_O)
                                                      0.017     0.329 r  clk_IBUF_BUFG_inst/O
    X3Y2 (CLOCK_ROOT)    net (fo=367, routed)         1.074     1.403    g_int4.u_p520/clk_IBUF_BUFG
    SLICE_X96Y132        FDRE                                         r  g_int4.u_p520/active_cout_q_reg[0]/C
  -------------------------------------------------------------------    -------------------
    SLICE_X96Y132        FDRE (Prop_DFF_SLICEM_C_Q)
                                                      0.039     1.442 f  g_int4.u_p520/active_cout_q_reg[0]/Q
                         net (fo=6, routed)           0.034     1.476    g_int4.u_p520/active_cout_q[0]
    SLICE_X96Y132        LUT4 (Prop_D6LUT_SLICEM_I3_O)
                                                      0.035     1.511 r  g_int4.u_p520/active_cout_q[0]_i_1/O
                         net (fo=1, routed)           0.026     1.537    g_int4.u_p520/B[0]
    SLICE_X96Y132        FDRE                                         r  g_int4.u_p520/active_cout_q_reg[0]/D
  -------------------------------------------------------------------    -------------------

                         (clock clk rise edge)        0.000     0.000 r  
    R10                                               0.000     0.000 r  clk (IN)
                         net (fo=0)                   0.000     0.000    clk_IBUF_inst/I
    R10                  INBUF (Prop_INBUF_HPIOB_M_PAD_O)
                                                      0.341     0.341 r  clk_IBUF_inst/INBUF_INST/O
                         net (fo=1, routed)           0.000     0.341    clk_IBUF_inst/OUT
    R10                  IBUFCTRL (Prop_IBUFCTRL_HPIOB_M_I_O)
                                                      0.000     0.341 r  clk_IBUF_inst/IBUFCTRL_INST/O
                         net (fo=1, routed)           0.197     0.538    clk_IBUF
    BUFGCE_X0Y77         BUFGCE (Prop_BUFCE_BUFGCE_I_O)
                                                      0.019     0.557 r  clk_IBUF_BUFG_inst/O
    X3Y2 (CLOCK_ROOT)    net (fo=367, routed)         1.212     1.770    g_int4.u_p520/clk_IBUF_BUFG
    SLICE_X96Y132        FDRE                                         r  g_int4.u_p520/active_cout_q_reg[0]/C
                         clock pessimism             -0.361     1.409    
    SLICE_X96Y132        FDRE (Hold_DFF_SLICEM_C_D)
                                                      0.046     1.455    g_int4.u_p520/active_cout_q_reg[0]
  -------------------------------------------------------------------
                         required time                         -1.455    
                         arrival time                           1.537    
  -------------------------------------------------------------------
                         slack                                  0.082    

Slack (MET) :             0.082ns  (arrival time - required time)
  Source:                 g_int4.u_p520/index_q_reg[1]/C
                            (rising edge-triggered cell FDRE clocked by clk  {rise@0.000ns fall@2.500ns period=5.000ns})
  Destination:            g_int4.u_p520/index_q_reg[1]/D
                            (rising edge-triggered cell FDRE clocked by clk  {rise@0.000ns fall@2.500ns period=5.000ns})
  Path Group:             clk
  Path Type:              Hold (Min at Fast Process Corner)
  Requirement:            0.000ns  (clk rise@0.000ns - clk rise@0.000ns)
  Data Path Delay:        0.134ns  (logic 0.074ns (55.073%)  route 0.060ns (44.927%))
  Logic Levels:           1  (LUT4=1)
  Clock Path Skew:        0.006ns (DCD - SCD - CPR)
    Destination Clock Delay (DCD):    1.769ns
    Source Clock Delay      (SCD):    1.403ns
    Clock Pessimism Removal (CPR):    0.360ns
  Clock Net Delay (Source):      1.074ns (routing 0.482ns, distribution 0.592ns)
  Clock Net Delay (Destination): 1.211ns (routing 0.536ns, distribution 0.675ns)

    Location             Delay type                Incr(ns)  Path(ns)    Netlist Resource(s)
  -------------------------------------------------------------------    -------------------
                         (clock clk rise edge)        0.000     0.000 r  
    R10                                               0.000     0.000 r  clk (IN)
                         net (fo=0)                   0.000     0.000    clk_IBUF_inst/I
    R10                  INBUF (Prop_INBUF_HPIOB_M_PAD_O)
                                                      0.156     0.156 r  clk_IBUF_inst/INBUF_INST/O
                         net (fo=1, routed)           0.000     0.156    clk_IBUF_inst/OUT
    R10                  IBUFCTRL (Prop_IBUFCTRL_HPIOB_M_I_O)
                                                      0.000     0.156 r  clk_IBUF_inst/IBUFCTRL_INST/O
                         net (fo=1, routed)           0.156     0.312    clk_IBUF
    BUFGCE_X0Y77         BUFGCE (Prop_BUFCE_BUFGCE_I_O)
                                                      0.017     0.329 r  clk_IBUF_BUFG_inst/O
    X3Y2 (CLOCK_ROOT)    net (fo=367, routed)         1.074     1.403    g_int4.u_p520/clk_IBUF_BUFG
    SLICE_X96Y133        FDRE                                         r  g_int4.u_p520/index_q_reg[1]/C
  -------------------------------------------------------------------    -------------------
    SLICE_X96Y133        FDRE (Prop_DFF_SLICEM_C_Q)
                                                      0.039     1.442 r  g_int4.u_p520/index_q_reg[1]/Q
                         net (fo=13, routed)          0.034     1.476    g_int4.u_p520/index_q_reg_n_0_[1]
    SLICE_X96Y133        LUT4 (Prop_D6LUT_SLICEM_I2_O)
                                                      0.035     1.511 r  g_int4.u_p520/index_q[1]_i_1/O
                         net (fo=1, routed)           0.026     1.537    g_int4.u_p520/C[1]
    SLICE_X96Y133        FDRE                                         r  g_int4.u_p520/index_q_reg[1]/D
  -------------------------------------------------------------------    -------------------

                         (clock clk rise edge)        0.000     0.000 r  
    R10                                               0.000     0.000 r  clk (IN)
                         net (fo=0)                   0.000     0.000    clk_IBUF_inst/I
    R10                  INBUF (Prop_INBUF_HPIOB_M_PAD_O)
                                                      0.341     0.341 r  clk_IBUF_inst/INBUF_INST/O
                         net (fo=1, routed)           0.000     0.341    clk_IBUF_inst/OUT
    R10                  IBUFCTRL (Prop_IBUFCTRL_HPIOB_M_I_O)
                                                      0.000     0.341 r  clk_IBUF_inst/IBUFCTRL_INST/O
                         net (fo=1, routed)           0.197     0.538    clk_IBUF
    BUFGCE_X0Y77         BUFGCE (Prop_BUFCE_BUFGCE_I_O)
                                                      0.019     0.557 r  clk_IBUF_BUFG_inst/O
    X3Y2 (CLOCK_ROOT)    net (fo=367, routed)         1.211     1.769    g_int4.u_p520/clk_IBUF_BUFG
    SLICE_X96Y133        FDRE                                         r  g_int4.u_p520/index_q_reg[1]/C
                         clock pessimism             -0.360     1.409    
    SLICE_X96Y133        FDRE (Hold_DFF_SLICEM_C_D)
                                                      0.046     1.455    g_int4.u_p520/index_q_reg[1]
  -------------------------------------------------------------------
                         required time                         -1.455    
                         arrival time                           1.537    
  -------------------------------------------------------------------
                         slack                                  0.082    

Slack (MET) :             0.084ns  (arrival time - required time)
  Source:                 g_int4.u_p520/u_engine/u_mul/v1_reg_r/C
                            (rising edge-triggered cell FDRE clocked by clk  {rise@0.000ns fall@2.500ns period=5.000ns})
  Destination:            g_int4.u_p520/u_engine/u_mul/v2_reg_r/D
                            (rising edge-triggered cell FDRE clocked by clk  {rise@0.000ns fall@2.500ns period=5.000ns})
  Path Group:             clk
  Path Type:              Hold (Min at Fast Process Corner)
  Requirement:            0.000ns  (clk rise@0.000ns - clk rise@0.000ns)
  Data Path Delay:        0.137ns  (logic 0.039ns (28.467%)  route 0.098ns (71.533%))
  Logic Levels:           0  
  Clock Path Skew:        0.006ns (DCD - SCD - CPR)
    Destination Clock Delay (DCD):    1.768ns
    Source Clock Delay      (SCD):    1.403ns
    Clock Pessimism Removal (CPR):    0.360ns
  Clock Net Delay (Source):      1.073ns (routing 0.482ns, distribution 0.591ns)
  Clock Net Delay (Destination): 1.211ns (routing 0.536ns, distribution 0.675ns)

    Location             Delay type                Incr(ns)  Path(ns)    Netlist Resource(s)
  -------------------------------------------------------------------    -------------------
                         (clock clk rise edge)        0.000     0.000 r  
    R10                                               0.000     0.000 r  clk (IN)
                         net (fo=0)                   0.000     0.000    clk_IBUF_inst/I
    R10                  INBUF (Prop_INBUF_HPIOB_M_PAD_O)
                                                      0.156     0.156 r  clk_IBUF_inst/INBUF_INST/O
                         net (fo=1, routed)           0.000     0.156    clk_IBUF_inst/OUT
    R10                  IBUFCTRL (Prop_IBUFCTRL_HPIOB_M_I_O)
                                                      0.000     0.156 r  clk_IBUF_inst/IBUFCTRL_INST/O
                         net (fo=1, routed)           0.156     0.312    clk_IBUF
    BUFGCE_X0Y77         BUFGCE (Prop_BUFCE_BUFGCE_I_O)
                                                      0.017     0.329 r  clk_IBUF_BUFG_inst/O
    X3Y2 (CLOCK_ROOT)    net (fo=367, routed)         1.073     1.403    g_int4.u_p520/u_engine/u_mul/clk_IBUF_BUFG
    SLICE_X89Y132        FDRE                                         r  g_int4.u_p520/u_engine/u_mul/v1_reg_r/C
  -------------------------------------------------------------------    -------------------
    SLICE_X89Y132        FDRE (Prop_EFF_SLICEL_C_Q)
                                                      0.039     1.442 r  g_int4.u_p520/u_engine/u_mul/v1_reg_r/Q
                         net (fo=1, routed)           0.098     1.540    g_int4.u_p520/u_engine/u_mul/v1_reg_r_n_0
    SLICE_X89Y132        FDRE                                         r  g_int4.u_p520/u_engine/u_mul/v2_reg_r/D
  -------------------------------------------------------------------    -------------------

                         (clock clk rise edge)        0.000     0.000 r  
    R10                                               0.000     0.000 r  clk (IN)
                         net (fo=0)                   0.000     0.000    clk_IBUF_inst/I
    R10                  INBUF (Prop_INBUF_HPIOB_M_PAD_O)
                                                      0.341     0.341 r  clk_IBUF_inst/INBUF_INST/O
                         net (fo=1, routed)           0.000     0.341    clk_IBUF_inst/OUT
    R10                  IBUFCTRL (Prop_IBUFCTRL_HPIOB_M_I_O)
                                                      0.000     0.341 r  clk_IBUF_inst/IBUFCTRL_INST/O
                         net (fo=1, routed)           0.197     0.538    clk_IBUF
    BUFGCE_X0Y77         BUFGCE (Prop_BUFCE_BUFGCE_I_O)
                                                      0.019     0.557 r  clk_IBUF_BUFG_inst/O
    X3Y2 (CLOCK_ROOT)    net (fo=367, routed)         1.211     1.768    g_int4.u_p520/u_engine/u_mul/clk_IBUF_BUFG
    SLICE_X89Y132        FDRE                                         r  g_int4.u_p520/u_engine/u_mul/v2_reg_r/C
                         clock pessimism             -0.360     1.409    
    SLICE_X89Y132        FDRE (Hold_EFF2_SLICEL_C_D)
                                                      0.047     1.456    g_int4.u_p520/u_engine/u_mul/v2_reg_r
  -------------------------------------------------------------------
                         required time                         -1.456    
                         arrival time                           1.540    
  -------------------------------------------------------------------
                         slack                                  0.084    

Slack (MET) :             0.085ns  (arrival time - required time)
  Source:                 g_int4.u_p520/u_engine/twiddle_addr_q_reg_rep_rep[3]/C
                            (rising edge-triggered cell FDRE clocked by clk  {rise@0.000ns fall@2.500ns period=5.000ns})
  Destination:            g_int4.u_p520/u_engine/twiddle_q_reg[14]/D
                            (rising edge-triggered cell FDRE clocked by clk  {rise@0.000ns fall@2.500ns period=5.000ns})
  Path Group:             clk
  Path Type:              Hold (Min at Fast Process Corner)
  Requirement:            0.000ns  (clk rise@0.000ns - clk rise@0.000ns)
  Data Path Delay:        0.156ns  (logic 0.075ns (48.095%)  route 0.081ns (51.905%))
  Logic Levels:           3  (LUT6=1 MUXF7=1 MUXF8=1)
  Clock Path Skew:        0.025ns (DCD - SCD - CPR)
    Destination Clock Delay (DCD):    1.766ns
    Source Clock Delay      (SCD):    1.397ns
    Clock Pessimism Removal (CPR):    0.344ns
  Clock Net Delay (Source):      1.068ns (routing 0.482ns, distribution 0.586ns)
  Clock Net Delay (Destination): 1.208ns (routing 0.536ns, distribution 0.672ns)

    Location             Delay type                Incr(ns)  Path(ns)    Netlist Resource(s)
  -------------------------------------------------------------------    -------------------
                         (clock clk rise edge)        0.000     0.000 r  
    R10                                               0.000     0.000 r  clk (IN)
                         net (fo=0)                   0.000     0.000    clk_IBUF_inst/I
    R10                  INBUF (Prop_INBUF_HPIOB_M_PAD_O)
                                                      0.156     0.156 r  clk_IBUF_inst/INBUF_INST/O
                         net (fo=1, routed)           0.000     0.156    clk_IBUF_inst/OUT
    R10                  IBUFCTRL (Prop_IBUFCTRL_HPIOB_M_I_O)
                                                      0.000     0.156 r  clk_IBUF_inst/IBUFCTRL_INST/O
                         net (fo=1, routed)           0.156     0.312    clk_IBUF
    BUFGCE_X0Y77         BUFGCE (Prop_BUFCE_BUFGCE_I_O)
                                                      0.017     0.329 r  clk_IBUF_BUFG_inst/O
    X3Y2 (CLOCK_ROOT)    net (fo=367, routed)         1.068     1.397    g_int4.u_p520/u_engine/clk_IBUF_BUFG
    SLICE_X88Y124        FDRE                                         r  g_int4.u_p520/u_engine/twiddle_addr_q_reg_rep_rep[3]/C
  -------------------------------------------------------------------    -------------------
    SLICE_X88Y124        FDRE (Prop_CFF_SLICEM_C_Q)
                                                      0.038     1.435 r  g_int4.u_p520/u_engine/twiddle_addr_q_reg_rep_rep[3]/Q
                         net (fo=38, routed)          0.058     1.493    g_int4.u_p520/u_engine/twiddle_addr_q_reg_rep_rep_n_0_[3]
    SLICE_X88Y123        LUT6 (Prop_C6LUT_SLICEM_I3_O)
                                                      0.014     1.507 r  g_int4.u_p520/u_engine/g1_b14/O
                         net (fo=1, routed)           0.014     1.521    g_int4.u_p520/u_engine/g1_b14_n_0
    SLICE_X88Y123        MUXF7 (Prop_F7MUX_CD_SLICEM_I1_O)
                                                      0.011     1.532 r  g_int4.u_p520/u_engine/p_0_out_inferred__3/twiddle_q_reg[14]_i_2/O
                         net (fo=1, routed)           0.000     1.532    g_int4.u_p520/u_engine/p_0_out[14]
    SLICE_X88Y123        MUXF8 (Prop_F8MUX_BOT_SLICEM_I0_O)
                                                      0.012     1.544 r  g_int4.u_p520/u_engine/twiddle_q_reg[14]_i_1/O
                         net (fo=1, routed)           0.009     1.553    g_int4.u_p520/u_engine/twiddle_q_reg[14]_i_1_n_0
    SLICE_X88Y123        FDRE                                         r  g_int4.u_p520/u_engine/twiddle_q_reg[14]/D
  -------------------------------------------------------------------    -------------------

                         (clock clk rise edge)        0.000     0.000 r  
    R10                                               0.000     0.000 r  clk (IN)
                         net (fo=0)                   0.000     0.000    clk_IBUF_inst/I
    R10                  INBUF (Prop_INBUF_HPIOB_M_PAD_O)
                                                      0.341     0.341 r  clk_IBUF_inst/INBUF_INST/O
                         net (fo=1, routed)           0.000     0.341    clk_IBUF_inst/OUT
    R10                  IBUFCTRL (Prop_IBUFCTRL_HPIOB_M_I_O)
                                                      0.000     0.341 r  clk_IBUF_inst/IBUFCTRL_INST/O
                         net (fo=1, routed)           0.197     0.538    clk_IBUF
    BUFGCE_X0Y77         BUFGCE (Prop_BUFCE_BUFGCE_I_O)
                                                      0.019     0.557 r  clk_IBUF_BUFG_inst/O
    X3Y2 (CLOCK_ROOT)    net (fo=367, routed)         1.208     1.766    g_int4.u_p520/u_engine/clk_IBUF_BUFG
    SLICE_X88Y123        FDRE                                         r  g_int4.u_p520/u_engine/twiddle_q_reg[14]/C
                         clock pessimism             -0.344     1.422    
    SLICE_X88Y123        FDRE (Hold_CFF_SLICEM_C_D)
                                                      0.046     1.468    g_int4.u_p520/u_engine/twiddle_q_reg[14]
  -------------------------------------------------------------------
                         required time                         -1.468    
                         arrival time                           1.553    
  -------------------------------------------------------------------
                         slack                                  0.085    

Slack (MET) :             0.085ns  (arrival time - required time)
  Source:                 g_int4.u_p520/u_mac_mul/p_out_reg[9]/C
                            (rising edge-triggered cell FDRE clocked by clk  {rise@0.000ns fall@2.500ns period=5.000ns})
  Destination:            g_int4.u_p520/mac_product_q_reg[9]/D
                            (rising edge-triggered cell FDRE clocked by clk  {rise@0.000ns fall@2.500ns period=5.000ns})
  Path Group:             clk
  Path Type:              Hold (Min at Fast Process Corner)
  Requirement:            0.000ns  (clk rise@0.000ns - clk rise@0.000ns)
  Data Path Delay:        0.154ns  (logic 0.041ns (26.623%)  route 0.113ns (73.377%))
  Logic Levels:           0  
  Clock Path Skew:        0.023ns (DCD - SCD - CPR)
    Destination Clock Delay (DCD):    1.768ns
    Source Clock Delay      (SCD):    1.398ns
    Clock Pessimism Removal (CPR):    0.346ns
  Clock Net Delay (Source):      1.069ns (routing 0.482ns, distribution 0.587ns)
  Clock Net Delay (Destination): 1.210ns (routing 0.536ns, distribution 0.674ns)

    Location             Delay type                Incr(ns)  Path(ns)    Netlist Resource(s)
  -------------------------------------------------------------------    -------------------
                         (clock clk rise edge)        0.000     0.000 r  
    R10                                               0.000     0.000 r  clk (IN)
                         net (fo=0)                   0.000     0.000    clk_IBUF_inst/I
    R10                  INBUF (Prop_INBUF_HPIOB_M_PAD_O)
                                                      0.156     0.156 r  clk_IBUF_inst/INBUF_INST/O
                         net (fo=1, routed)           0.000     0.156    clk_IBUF_inst/OUT
    R10                  IBUFCTRL (Prop_IBUFCTRL_HPIOB_M_I_O)
                                                      0.000     0.156 r  clk_IBUF_inst/IBUFCTRL_INST/O
                         net (fo=1, routed)           0.156     0.312    clk_IBUF
    BUFGCE_X0Y77         BUFGCE (Prop_BUFCE_BUFGCE_I_O)
                                                      0.017     0.329 r  clk_IBUF_BUFG_inst/O
    X3Y2 (CLOCK_ROOT)    net (fo=367, routed)         1.069     1.398    g_int4.u_p520/u_mac_mul/clk_IBUF_BUFG
    SLICE_X96Y135        FDRE                                         r  g_int4.u_p520/u_mac_mul/p_out_reg[9]/C
  -------------------------------------------------------------------    -------------------
    SLICE_X96Y135        FDRE (Prop_DFF2_SLICEM_C_Q)
                                                      0.041     1.439 r  g_int4.u_p520/u_mac_mul/p_out_reg[9]/Q
                         net (fo=1, routed)           0.113     1.552    g_int4.u_p520/mac_product[9]
    SLICE_X96Y134        FDRE                                         r  g_int4.u_p520/mac_product_q_reg[9]/D
  -------------------------------------------------------------------    -------------------

                         (clock clk rise edge)        0.000     0.000 r  
    R10                                               0.000     0.000 r  clk (IN)
                         net (fo=0)                   0.000     0.000    clk_IBUF_inst/I
    R10                  INBUF (Prop_INBUF_HPIOB_M_PAD_O)
                                                      0.341     0.341 r  clk_IBUF_inst/INBUF_INST/O
                         net (fo=1, routed)           0.000     0.341    clk_IBUF_inst/OUT
    R10                  IBUFCTRL (Prop_IBUFCTRL_HPIOB_M_I_O)
                                                      0.000     0.341 r  clk_IBUF_inst/IBUFCTRL_INST/O
                         net (fo=1, routed)           0.197     0.538    clk_IBUF
    BUFGCE_X0Y77         BUFGCE (Prop_BUFCE_BUFGCE_I_O)
                                                      0.019     0.557 r  clk_IBUF_BUFG_inst/O
    X3Y2 (CLOCK_ROOT)    net (fo=367, routed)         1.210     1.768    g_int4.u_p520/clk_IBUF_BUFG
    SLICE_X96Y134        FDRE                                         r  g_int4.u_p520/mac_product_q_reg[9]/C
                         clock pessimism             -0.346     1.422    
    SLICE_X96Y134        FDRE (Hold_HFF_SLICEM_C_D)
                                                      0.046     1.468    g_int4.u_p520/mac_product_q_reg[9]
  -------------------------------------------------------------------
                         required time                         -1.468    
                         arrival time                           1.552    
  -------------------------------------------------------------------
                         slack                                  0.085    

Slack (MET) :             0.086ns  (arrival time - required time)
  Source:                 g_int4.u_p520/u_engine/inverse_q_reg/C
                            (rising edge-triggered cell FDRE clocked by clk  {rise@0.000ns fall@2.500ns period=5.000ns})
  Destination:            g_int4.u_p520/u_engine/twiddle_q_reg[18]/D
                            (rising edge-triggered cell FDRE clocked by clk  {rise@0.000ns fall@2.500ns period=5.000ns})
  Path Group:             clk
  Path Type:              Hold (Min at Fast Process Corner)
  Requirement:            0.000ns  (clk rise@0.000ns - clk rise@0.000ns)
  Data Path Delay:        0.167ns  (logic 0.054ns (32.390%)  route 0.113ns (67.610%))
  Logic Levels:           1  (MUXF8=1)
  Clock Path Skew:        0.035ns (DCD - SCD - CPR)
    Destination Clock Delay (DCD):    1.765ns
    Source Clock Delay      (SCD):    1.386ns
    Clock Pessimism Removal (CPR):    0.344ns
  Clock Net Delay (Source):      1.057ns (routing 0.482ns, distribution 0.575ns)
  Clock Net Delay (Destination): 1.208ns (routing 0.536ns, distribution 0.672ns)

    Location             Delay type                Incr(ns)  Path(ns)    Netlist Resource(s)
  -------------------------------------------------------------------    -------------------
                         (clock clk rise edge)        0.000     0.000 r  
    R10                                               0.000     0.000 r  clk (IN)
                         net (fo=0)                   0.000     0.000    clk_IBUF_inst/I
    R10                  INBUF (Prop_INBUF_HPIOB_M_PAD_O)
                                                      0.156     0.156 r  clk_IBUF_inst/INBUF_INST/O
                         net (fo=1, routed)           0.000     0.156    clk_IBUF_inst/OUT
    R10                  IBUFCTRL (Prop_IBUFCTRL_HPIOB_M_I_O)
                                                      0.000     0.156 r  clk_IBUF_inst/IBUFCTRL_INST/O
                         net (fo=1, routed)           0.156     0.312    clk_IBUF
    BUFGCE_X0Y77         BUFGCE (Prop_BUFCE_BUFGCE_I_O)
                                                      0.017     0.329 r  clk_IBUF_BUFG_inst/O
    X3Y2 (CLOCK_ROOT)    net (fo=367, routed)         1.057     1.386    g_int4.u_p520/u_engine/clk_IBUF_BUFG
    SLICE_X89Y131        FDRE                                         r  g_int4.u_p520/u_engine/inverse_q_reg/C
  -------------------------------------------------------------------    -------------------
    SLICE_X89Y131        FDRE (Prop_DFF_SLICEL_C_Q)
                                                      0.039     1.425 r  g_int4.u_p520/u_engine/inverse_q_reg/Q
                         net (fo=23, routed)          0.105     1.530    g_int4.u_p520/u_engine/inverse_q
    SLICE_X89Y125        MUXF8 (Prop_F8MUX_TOP_SLICEL_S_O)
                                                      0.015     1.545 r  g_int4.u_p520/u_engine/twiddle_q_reg[18]_i_2/O
                         net (fo=1, routed)           0.008     1.553    g_int4.u_p520/u_engine/twiddle_q_reg[18]_i_2_n_0
    SLICE_X89Y125        FDRE                                         r  g_int4.u_p520/u_engine/twiddle_q_reg[18]/D
  -------------------------------------------------------------------    -------------------

                         (clock clk rise edge)        0.000     0.000 r  
    R10                                               0.000     0.000 r  clk (IN)
                         net (fo=0)                   0.000     0.000    clk_IBUF_inst/I
    R10                  INBUF (Prop_INBUF_HPIOB_M_PAD_O)
                                                      0.341     0.341 r  clk_IBUF_inst/INBUF_INST/O
                         net (fo=1, routed)           0.000     0.341    clk_IBUF_inst/OUT
    R10                  IBUFCTRL (Prop_IBUFCTRL_HPIOB_M_I_O)
                                                      0.000     0.341 r  clk_IBUF_inst/IBUFCTRL_INST/O
                         net (fo=1, routed)           0.197     0.538    clk_IBUF
    BUFGCE_X0Y77         BUFGCE (Prop_BUFCE_BUFGCE_I_O)
                                                      0.019     0.557 r  clk_IBUF_BUFG_inst/O
    X3Y2 (CLOCK_ROOT)    net (fo=367, routed)         1.208     1.765    g_int4.u_p520/u_engine/clk_IBUF_BUFG
    SLICE_X89Y125        FDRE                                         r  g_int4.u_p520/u_engine/twiddle_q_reg[18]/C
                         clock pessimism             -0.344     1.421    
    SLICE_X89Y125        FDRE (Hold_GFF_SLICEL_C_D)
                                                      0.046     1.467    g_int4.u_p520/u_engine/twiddle_q_reg[18]
  -------------------------------------------------------------------
                         required time                         -1.467    
                         arrival time                           1.553    
  -------------------------------------------------------------------
                         slack                                  0.086    

Slack (MET) :             0.086ns  (arrival time - required time)
  Source:                 g_int4.u_p520/index_q_reg[3]/C
                            (rising edge-triggered cell FDRE clocked by clk  {rise@0.000ns fall@2.500ns period=5.000ns})
  Destination:            g_int4.u_p520/index_q_reg[3]/D
                            (rising edge-triggered cell FDRE clocked by clk  {rise@0.000ns fall@2.500ns period=5.000ns})
  Path Group:             clk
  Path Type:              Hold (Min at Fast Process Corner)
  Requirement:            0.000ns  (clk rise@0.000ns - clk rise@0.000ns)
  Data Path Delay:        0.138ns  (logic 0.060ns (43.363%)  route 0.078ns (56.637%))
  Logic Levels:           1  (LUT3=1)
  Clock Path Skew:        0.006ns (DCD - SCD - CPR)
    Destination Clock Delay (DCD):    1.769ns
    Source Clock Delay      (SCD):    1.403ns
    Clock Pessimism Removal (CPR):    0.360ns
  Clock Net Delay (Source):      1.074ns (routing 0.482ns, distribution 0.592ns)
  Clock Net Delay (Destination): 1.211ns (routing 0.536ns, distribution 0.675ns)

    Location             Delay type                Incr(ns)  Path(ns)    Netlist Resource(s)
  -------------------------------------------------------------------    -------------------
                         (clock clk rise edge)        0.000     0.000 r  
    R10                                               0.000     0.000 r  clk (IN)
                         net (fo=0)                   0.000     0.000    clk_IBUF_inst/I
    R10                  INBUF (Prop_INBUF_HPIOB_M_PAD_O)
                                                      0.156     0.156 r  clk_IBUF_inst/INBUF_INST/O
                         net (fo=1, routed)           0.000     0.156    clk_IBUF_inst/OUT
    R10                  IBUFCTRL (Prop_IBUFCTRL_HPIOB_M_I_O)
                                                      0.000     0.156 r  clk_IBUF_inst/IBUFCTRL_INST/O
                         net (fo=1, routed)           0.156     0.312    clk_IBUF
    BUFGCE_X0Y77         BUFGCE (Prop_BUFCE_BUFGCE_I_O)
                                                      0.017     0.329 r  clk_IBUF_BUFG_inst/O
    X3Y2 (CLOCK_ROOT)    net (fo=367, routed)         1.074     1.403    g_int4.u_p520/clk_IBUF_BUFG
    SLICE_X96Y133        FDRE                                         r  g_int4.u_p520/index_q_reg[3]/C
  -------------------------------------------------------------------    -------------------
    SLICE_X96Y133        FDRE (Prop_CFF_SLICEM_C_Q)
                                                      0.038     1.441 r  g_int4.u_p520/index_q_reg[3]/Q
                         net (fo=16, routed)          0.054     1.495    g_int4.u_p520/index_q_reg_n_0_[3]
    SLICE_X96Y133        LUT3 (Prop_C6LUT_SLICEM_I2_O)
                                                      0.022     1.517 r  g_int4.u_p520/index_q[3]_i_1/O
                         net (fo=1, routed)           0.024     1.541    g_int4.u_p520/C[3]
    SLICE_X96Y133        FDRE                                         r  g_int4.u_p520/index_q_reg[3]/D
  -------------------------------------------------------------------    -------------------

                         (clock clk rise edge)        0.000     0.000 r  
    R10                                               0.000     0.000 r  clk (IN)
                         net (fo=0)                   0.000     0.000    clk_IBUF_inst/I
    R10                  INBUF (Prop_INBUF_HPIOB_M_PAD_O)
                                                      0.341     0.341 r  clk_IBUF_inst/INBUF_INST/O
                         net (fo=1, routed)           0.000     0.341    clk_IBUF_inst/OUT
    R10                  IBUFCTRL (Prop_IBUFCTRL_HPIOB_M_I_O)
                                                      0.000     0.341 r  clk_IBUF_inst/IBUFCTRL_INST/O
                         net (fo=1, routed)           0.197     0.538    clk_IBUF
    BUFGCE_X0Y77         BUFGCE (Prop_BUFCE_BUFGCE_I_O)
                                                      0.019     0.557 r  clk_IBUF_BUFG_inst/O
    X3Y2 (CLOCK_ROOT)    net (fo=367, routed)         1.211     1.769    g_int4.u_p520/clk_IBUF_BUFG
    SLICE_X96Y133        FDRE                                         r  g_int4.u_p520/index_q_reg[3]/C
                         clock pessimism             -0.360     1.409    
    SLICE_X96Y133        FDRE (Hold_CFF_SLICEM_C_D)
                                                      0.046     1.455    g_int4.u_p520/index_q_reg[3]
  -------------------------------------------------------------------
                         required time                         -1.455    
                         arrival time                           1.541    
  -------------------------------------------------------------------
                         slack                                  0.086    

Slack (MET) :             0.087ns  (arrival time - required time)
  Source:                 g_int4.u_p520/u_engine/state_q_reg[0]/C
                            (rising edge-triggered cell FDRE clocked by clk  {rise@0.000ns fall@2.500ns period=5.000ns})
  Destination:            g_int4.u_p520/u_engine/source_ping_q_reg/D
                            (rising edge-triggered cell FDSE clocked by clk  {rise@0.000ns fall@2.500ns period=5.000ns})
  Path Group:             clk
  Path Type:              Hold (Min at Fast Process Corner)
  Requirement:            0.000ns  (clk rise@0.000ns - clk rise@0.000ns)
  Data Path Delay:        0.201ns  (logic 0.076ns (37.846%)  route 0.125ns (62.154%))
  Logic Levels:           1  (LUT3=1)
  Clock Path Skew:        0.067ns (DCD - SCD - CPR)
    Destination Clock Delay (DCD):    1.769ns
    Source Clock Delay      (SCD):    1.389ns
    Clock Pessimism Removal (CPR):    0.313ns
  Clock Net Delay (Source):      1.060ns (routing 0.482ns, distribution 0.578ns)
  Clock Net Delay (Destination): 1.212ns (routing 0.536ns, distribution 0.676ns)

    Location             Delay type                Incr(ns)  Path(ns)    Netlist Resource(s)
  -------------------------------------------------------------------    -------------------
                         (clock clk rise edge)        0.000     0.000 r  
    R10                                               0.000     0.000 r  clk (IN)
                         net (fo=0)                   0.000     0.000    clk_IBUF_inst/I
    R10                  INBUF (Prop_INBUF_HPIOB_M_PAD_O)
                                                      0.156     0.156 r  clk_IBUF_inst/INBUF_INST/O
                         net (fo=1, routed)           0.000     0.156    clk_IBUF_inst/OUT
    R10                  IBUFCTRL (Prop_IBUFCTRL_HPIOB_M_I_O)
                                                      0.000     0.156 r  clk_IBUF_inst/IBUFCTRL_INST/O
                         net (fo=1, routed)           0.156     0.312    clk_IBUF
    BUFGCE_X0Y77         BUFGCE (Prop_BUFCE_BUFGCE_I_O)
                                                      0.017     0.329 r  clk_IBUF_BUFG_inst/O
    X3Y2 (CLOCK_ROOT)    net (fo=367, routed)         1.060     1.389    g_int4.u_p520/u_engine/clk_IBUF_BUFG
    SLICE_X87Y128        FDRE                                         r  g_int4.u_p520/u_engine/state_q_reg[0]/C
  -------------------------------------------------------------------    -------------------
    SLICE_X87Y128        FDRE (Prop_DFF_SLICEM_C_Q)
                                                      0.039     1.428 r  g_int4.u_p520/u_engine/state_q_reg[0]/Q
                         net (fo=18, routed)          0.116     1.544    g_int4.u_p520/u_engine/state_q[0]
    SLICE_X88Y126        LUT3 (Prop_D5LUT_SLICEM_I1_O)
                                                      0.037     1.581 r  g_int4.u_p520/u_engine/source_ping_q_i_1/O
                         net (fo=1, routed)           0.009     1.590    g_int4.u_p520/u_engine/source_ping_q_i_1_n_0
    SLICE_X88Y126        FDSE                                         r  g_int4.u_p520/u_engine/source_ping_q_reg/D
  -------------------------------------------------------------------    -------------------

                         (clock clk rise edge)        0.000     0.000 r  
    R10                                               0.000     0.000 r  clk (IN)
                         net (fo=0)                   0.000     0.000    clk_IBUF_inst/I
    R10                  INBUF (Prop_INBUF_HPIOB_M_PAD_O)
                                                      0.341     0.341 r  clk_IBUF_inst/INBUF_INST/O
                         net (fo=1, routed)           0.000     0.341    clk_IBUF_inst/OUT
    R10                  IBUFCTRL (Prop_IBUFCTRL_HPIOB_M_I_O)
                                                      0.000     0.341 r  clk_IBUF_inst/IBUFCTRL_INST/O
                         net (fo=1, routed)           0.197     0.538    clk_IBUF
    BUFGCE_X0Y77         BUFGCE (Prop_BUFCE_BUFGCE_I_O)
                                                      0.019     0.557 r  clk_IBUF_BUFG_inst/O
    X3Y2 (CLOCK_ROOT)    net (fo=367, routed)         1.212     1.769    g_int4.u_p520/u_engine/clk_IBUF_BUFG
    SLICE_X88Y126        FDSE                                         r  g_int4.u_p520/u_engine/source_ping_q_reg/C
                         clock pessimism             -0.313     1.456    
    SLICE_X88Y126        FDSE (Hold_DFF2_SLICEM_C_D)
                                                      0.047     1.503    g_int4.u_p520/u_engine/source_ping_q_reg
  -------------------------------------------------------------------
                         required time                         -1.503    
                         arrival time                           1.590    
  -------------------------------------------------------------------
                         slack                                  0.087    

Slack (MET) :             0.088ns  (arrival time - required time)
  Source:                 g_int4.u_p520/u_engine/scale_addr_q_reg[0]/C
                            (rising edge-triggered cell FDRE clocked by clk  {rise@0.000ns fall@2.500ns period=5.000ns})
  Destination:            g_int4.u_p520/u_engine/scale_addr_q_reg[1]/D
                            (rising edge-triggered cell FDRE clocked by clk  {rise@0.000ns fall@2.500ns period=5.000ns})
  Path Group:             clk
  Path Type:              Hold (Min at Fast Process Corner)
  Requirement:            0.000ns  (clk rise@0.000ns - clk rise@0.000ns)
  Data Path Delay:        0.181ns  (logic 0.061ns (33.687%)  route 0.120ns (66.313%))
  Logic Levels:           1  (LUT3=1)
  Clock Path Skew:        0.046ns (DCD - SCD - CPR)
    Destination Clock Delay (DCD):    1.754ns
    Source Clock Delay      (SCD):    1.396ns
    Clock Pessimism Removal (CPR):    0.313ns
  Clock Net Delay (Source):      1.067ns (routing 0.482ns, distribution 0.585ns)
  Clock Net Delay (Destination): 1.197ns (routing 0.536ns, distribution 0.661ns)

    Location             Delay type                Incr(ns)  Path(ns)    Netlist Resource(s)
  -------------------------------------------------------------------    -------------------
                         (clock clk rise edge)        0.000     0.000 r  
    R10                                               0.000     0.000 r  clk (IN)
                         net (fo=0)                   0.000     0.000    clk_IBUF_inst/I
    R10                  INBUF (Prop_INBUF_HPIOB_M_PAD_O)
                                                      0.156     0.156 r  clk_IBUF_inst/INBUF_INST/O
                         net (fo=1, routed)           0.000     0.156    clk_IBUF_inst/OUT
    R10                  IBUFCTRL (Prop_IBUFCTRL_HPIOB_M_I_O)
                                                      0.000     0.156 r  clk_IBUF_inst/IBUFCTRL_INST/O
                         net (fo=1, routed)           0.156     0.312    clk_IBUF
    BUFGCE_X0Y77         BUFGCE (Prop_BUFCE_BUFGCE_I_O)
                                                      0.017     0.329 r  clk_IBUF_BUFG_inst/O
    X3Y2 (CLOCK_ROOT)    net (fo=367, routed)         1.067     1.396    g_int4.u_p520/u_engine/clk_IBUF_BUFG
    SLICE_X88Y127        FDRE                                         r  g_int4.u_p520/u_engine/scale_addr_q_reg[0]/C
  -------------------------------------------------------------------    -------------------
    SLICE_X88Y127        FDRE (Prop_EFF_SLICEM_C_Q)
                                                      0.038     1.434 r  g_int4.u_p520/u_engine/scale_addr_q_reg[0]/Q
                         net (fo=8, routed)           0.112     1.546    g_int4.u_p520/u_engine/scale_addr_q_reg_n_0_[0]
    SLICE_X87Y127        LUT3 (Prop_C5LUT_SLICEM_I0_O)
                                                      0.023     1.569 r  g_int4.u_p520/u_engine/scale_addr_q[1]_i_1/O
                         net (fo=1, routed)           0.008     1.577    g_int4.u_p520/u_engine/scale_addr_q[1]_i_1_n_0
    SLICE_X87Y127        FDRE                                         r  g_int4.u_p520/u_engine/scale_addr_q_reg[1]/D
  -------------------------------------------------------------------    -------------------

                         (clock clk rise edge)        0.000     0.000 r  
    R10                                               0.000     0.000 r  clk (IN)
                         net (fo=0)                   0.000     0.000    clk_IBUF_inst/I
    R10                  INBUF (Prop_INBUF_HPIOB_M_PAD_O)
                                                      0.341     0.341 r  clk_IBUF_inst/INBUF_INST/O
                         net (fo=1, routed)           0.000     0.341    clk_IBUF_inst/OUT
    R10                  IBUFCTRL (Prop_IBUFCTRL_HPIOB_M_I_O)
                                                      0.000     0.341 r  clk_IBUF_inst/IBUFCTRL_INST/O
                         net (fo=1, routed)           0.197     0.538    clk_IBUF
    BUFGCE_X0Y77         BUFGCE (Prop_BUFCE_BUFGCE_I_O)
                                                      0.019     0.557 r  clk_IBUF_BUFG_inst/O
    X3Y2 (CLOCK_ROOT)    net (fo=367, routed)         1.197     1.754    g_int4.u_p520/u_engine/clk_IBUF_BUFG
    SLICE_X87Y127        FDRE                                         r  g_int4.u_p520/u_engine/scale_addr_q_reg[1]/C
                         clock pessimism             -0.313     1.442    
    SLICE_X87Y127        FDRE (Hold_CFF2_SLICEM_C_D)
                                                      0.047     1.489    g_int4.u_p520/u_engine/scale_addr_q_reg[1]
  -------------------------------------------------------------------
                         required time                         -1.489    
                         arrival time                           1.577    
  -------------------------------------------------------------------
                         slack                                  0.088    

Slack (MET) :             0.091ns  (arrival time - required time)
  Source:                 g_int4.u_p520/u_engine/stage_q_reg[0]/C
                            (rising edge-triggered cell FDRE clocked by clk  {rise@0.000ns fall@2.500ns period=5.000ns})
  Destination:            g_int4.u_p520/u_engine/stage_q_reg[2]/D
                            (rising edge-triggered cell FDRE clocked by clk  {rise@0.000ns fall@2.500ns period=5.000ns})
  Path Group:             clk
  Path Type:              Hold (Min at Fast Process Corner)
  Requirement:            0.000ns  (clk rise@0.000ns - clk rise@0.000ns)
  Data Path Delay:        0.158ns  (logic 0.089ns (56.245%)  route 0.069ns (43.755%))
  Logic Levels:           1  (LUT4=1)
  Clock Path Skew:        0.020ns (DCD - SCD - CPR)
    Destination Clock Delay (DCD):    1.768ns
    Source Clock Delay      (SCD):    1.398ns
    Clock Pessimism Removal (CPR):    0.350ns
  Clock Net Delay (Source):      1.069ns (routing 0.482ns, distribution 0.587ns)
  Clock Net Delay (Destination): 1.211ns (routing 0.536ns, distribution 0.675ns)

    Location             Delay type                Incr(ns)  Path(ns)    Netlist Resource(s)
  -------------------------------------------------------------------    -------------------
                         (clock clk rise edge)        0.000     0.000 r  
    R10                                               0.000     0.000 r  clk (IN)
                         net (fo=0)                   0.000     0.000    clk_IBUF_inst/I
    R10                  INBUF (Prop_INBUF_HPIOB_M_PAD_O)
                                                      0.156     0.156 r  clk_IBUF_inst/INBUF_INST/O
                         net (fo=1, routed)           0.000     0.156    clk_IBUF_inst/OUT
    R10                  IBUFCTRL (Prop_IBUFCTRL_HPIOB_M_I_O)
                                                      0.000     0.156 r  clk_IBUF_inst/IBUFCTRL_INST/O
                         net (fo=1, routed)           0.156     0.312    clk_IBUF
    BUFGCE_X0Y77         BUFGCE (Prop_BUFCE_BUFGCE_I_O)
                                                      0.017     0.329 r  clk_IBUF_BUFG_inst/O
    X3Y2 (CLOCK_ROOT)    net (fo=367, routed)         1.069     1.398    g_int4.u_p520/u_engine/clk_IBUF_BUFG
    SLICE_X89Y126        FDRE                                         r  g_int4.u_p520/u_engine/stage_q_reg[0]/C
  -------------------------------------------------------------------    -------------------
    SLICE_X89Y126        FDRE (Prop_DFF2_SLICEL_C_Q)
                                                      0.041     1.439 r  g_int4.u_p520/u_engine/stage_q_reg[0]/Q
                         net (fo=31, routed)          0.063     1.502    g_int4.u_p520/u_engine/stage_q[0]
    SLICE_X88Y126        LUT4 (Prop_H5LUT_SLICEM_I3_O)
                                                      0.048     1.550 r  g_int4.u_p520/u_engine/stage_q[2]_i_2/O
                         net (fo=1, routed)           0.006     1.556    g_int4.u_p520/u_engine/stage_q[2]_i_2_n_0
    SLICE_X88Y126        FDRE                                         r  g_int4.u_p520/u_engine/stage_q_reg[2]/D
  -------------------------------------------------------------------    -------------------

                         (clock clk rise edge)        0.000     0.000 r  
    R10                                               0.000     0.000 r  clk (IN)
                         net (fo=0)                   0.000     0.000    clk_IBUF_inst/I
    R10                  INBUF (Prop_INBUF_HPIOB_M_PAD_O)
                                                      0.341     0.341 r  clk_IBUF_inst/INBUF_INST/O
                         net (fo=1, routed)           0.000     0.341    clk_IBUF_inst/OUT
    R10                  IBUFCTRL (Prop_IBUFCTRL_HPIOB_M_I_O)
                                                      0.000     0.341 r  clk_IBUF_inst/IBUFCTRL_INST/O
                         net (fo=1, routed)           0.197     0.538    clk_IBUF
    BUFGCE_X0Y77         BUFGCE (Prop_BUFCE_BUFGCE_I_O)
                                                      0.019     0.557 r  clk_IBUF_BUFG_inst/O
    X3Y2 (CLOCK_ROOT)    net (fo=367, routed)         1.211     1.768    g_int4.u_p520/u_engine/clk_IBUF_BUFG
    SLICE_X88Y126        FDRE                                         r  g_int4.u_p520/u_engine/stage_q_reg[2]/C
                         clock pessimism             -0.350     1.418    
    SLICE_X88Y126        FDRE (Hold_HFF2_SLICEM_C_D)
                                                      0.047     1.465    g_int4.u_p520/u_engine/stage_q_reg[2]
  -------------------------------------------------------------------
                         required time                         -1.465    
                         arrival time                           1.556    
  -------------------------------------------------------------------
                         slack                                  0.091    

Slack (MET) :             0.092ns  (arrival time - required time)
  Source:                 g_int4.u_p520/u_engine/scale_addr_q_reg[2]/C
                            (rising edge-triggered cell FDRE clocked by clk  {rise@0.000ns fall@2.500ns period=5.000ns})
  Destination:            g_int4.u_p520/u_engine/scale_addr_q_reg[7]/D
                            (rising edge-triggered cell FDRE clocked by clk  {rise@0.000ns fall@2.500ns period=5.000ns})
  Path Group:             clk
  Path Type:              Hold (Min at Fast Process Corner)
  Requirement:            0.000ns  (clk rise@0.000ns - clk rise@0.000ns)
  Data Path Delay:        0.196ns  (logic 0.096ns (48.963%)  route 0.100ns (51.037%))
  Logic Levels:           2  (LUT5=2)
  Clock Path Skew:        0.058ns (DCD - SCD - CPR)
    Destination Clock Delay (DCD):    1.761ns
    Source Clock Delay      (SCD):    1.390ns
    Clock Pessimism Removal (CPR):    0.313ns
  Clock Net Delay (Source):      1.061ns (routing 0.482ns, distribution 0.579ns)
  Clock Net Delay (Destination): 1.203ns (routing 0.536ns, distribution 0.667ns)

    Location             Delay type                Incr(ns)  Path(ns)    Netlist Resource(s)
  -------------------------------------------------------------------    -------------------
                         (clock clk rise edge)        0.000     0.000 r  
    R10                                               0.000     0.000 r  clk (IN)
                         net (fo=0)                   0.000     0.000    clk_IBUF_inst/I
    R10                  INBUF (Prop_INBUF_HPIOB_M_PAD_O)
                                                      0.156     0.156 r  clk_IBUF_inst/INBUF_INST/O
                         net (fo=1, routed)           0.000     0.156    clk_IBUF_inst/OUT
    R10                  IBUFCTRL (Prop_IBUFCTRL_HPIOB_M_I_O)
                                                      0.000     0.156 r  clk_IBUF_inst/IBUFCTRL_INST/O
                         net (fo=1, routed)           0.156     0.312    clk_IBUF
    BUFGCE_X0Y77         BUFGCE (Prop_BUFCE_BUFGCE_I_O)
                                                      0.017     0.329 r  clk_IBUF_BUFG_inst/O
    X3Y2 (CLOCK_ROOT)    net (fo=367, routed)         1.061     1.390    g_int4.u_p520/u_engine/clk_IBUF_BUFG
    SLICE_X87Y127        FDRE                                         r  g_int4.u_p520/u_engine/scale_addr_q_reg[2]/C
  -------------------------------------------------------------------    -------------------
    SLICE_X87Y127        FDRE (Prop_DFF_SLICEM_C_Q)
                                                      0.039     1.429 f  g_int4.u_p520/u_engine/scale_addr_q_reg[2]/Q
                         net (fo=8, routed)           0.066     1.496    g_int4.u_p520/u_engine/scale_addr_q_reg_n_0_[2]
    SLICE_X88Y127        LUT5 (Prop_A6LUT_SLICEM_I3_O)
                                                      0.023     1.519 r  g_int4.u_p520/u_engine/scale_addr_q[7]_i_3/O
                         net (fo=4, routed)           0.026     1.545    g_int4.u_p520/u_engine/scale_addr_q[7]_i_3_n_0
    SLICE_X88Y127        LUT5 (Prop_B5LUT_SLICEM_I0_O)
                                                      0.034     1.579 r  g_int4.u_p520/u_engine/scale_addr_q[7]_i_2/O
                         net (fo=1, routed)           0.008     1.587    g_int4.u_p520/u_engine/scale_addr_q[7]_i_2_n_0
    SLICE_X88Y127        FDRE                                         r  g_int4.u_p520/u_engine/scale_addr_q_reg[7]/D
  -------------------------------------------------------------------    -------------------

                         (clock clk rise edge)        0.000     0.000 r  
    R10                                               0.000     0.000 r  clk (IN)
                         net (fo=0)                   0.000     0.000    clk_IBUF_inst/I
    R10                  INBUF (Prop_INBUF_HPIOB_M_PAD_O)
                                                      0.341     0.341 r  clk_IBUF_inst/INBUF_INST/O
                         net (fo=1, routed)           0.000     0.341    clk_IBUF_inst/OUT
    R10                  IBUFCTRL (Prop_IBUFCTRL_HPIOB_M_I_O)
                                                      0.000     0.341 r  clk_IBUF_inst/IBUFCTRL_INST/O
                         net (fo=1, routed)           0.197     0.538    clk_IBUF
    BUFGCE_X0Y77         BUFGCE (Prop_BUFCE_BUFGCE_I_O)
                                                      0.019     0.557 r  clk_IBUF_BUFG_inst/O
    X3Y2 (CLOCK_ROOT)    net (fo=367, routed)         1.203     1.761    g_int4.u_p520/u_engine/clk_IBUF_BUFG
    SLICE_X88Y127        FDRE                                         r  g_int4.u_p520/u_engine/scale_addr_q_reg[7]/C
                         clock pessimism             -0.313     1.448    
    SLICE_X88Y127        FDRE (Hold_BFF2_SLICEM_C_D)
                                                      0.047     1.495    g_int4.u_p520/u_engine/scale_addr_q_reg[7]
  -------------------------------------------------------------------
                         required time                         -1.495    
                         arrival time                           1.587    
  -------------------------------------------------------------------
                         slack                                  0.092    

Slack (MET) :             0.092ns  (arrival time - required time)
  Source:                 g_int4.u_p520/u_mac_mul/p_out_reg[0]/C
                            (rising edge-triggered cell FDRE clocked by clk  {rise@0.000ns fall@2.500ns period=5.000ns})
  Destination:            g_int4.u_p520/mac_product_q_reg[0]/D
                            (rising edge-triggered cell FDRE clocked by clk  {rise@0.000ns fall@2.500ns period=5.000ns})
  Path Group:             clk
  Path Type:              Hold (Min at Fast Process Corner)
  Requirement:            0.000ns  (clk rise@0.000ns - clk rise@0.000ns)
  Data Path Delay:        0.158ns  (logic 0.041ns (25.949%)  route 0.117ns (74.051%))
  Logic Levels:           0  
  Clock Path Skew:        0.020ns (DCD - SCD - CPR)
    Destination Clock Delay (DCD):    1.763ns
    Source Clock Delay      (SCD):    1.399ns
    Clock Pessimism Removal (CPR):    0.344ns
  Clock Net Delay (Source):      1.070ns (routing 0.482ns, distribution 0.588ns)
  Clock Net Delay (Destination): 1.205ns (routing 0.536ns, distribution 0.669ns)

    Location             Delay type                Incr(ns)  Path(ns)    Netlist Resource(s)
  -------------------------------------------------------------------    -------------------
                         (clock clk rise edge)        0.000     0.000 r  
    R10                                               0.000     0.000 r  clk (IN)
                         net (fo=0)                   0.000     0.000    clk_IBUF_inst/I
    R10                  INBUF (Prop_INBUF_HPIOB_M_PAD_O)
                                                      0.156     0.156 r  clk_IBUF_inst/INBUF_INST/O
                         net (fo=1, routed)           0.000     0.156    clk_IBUF_inst/OUT
    R10                  IBUFCTRL (Prop_IBUFCTRL_HPIOB_M_I_O)
                                                      0.000     0.156 r  clk_IBUF_inst/IBUFCTRL_INST/O
                         net (fo=1, routed)           0.156     0.312    clk_IBUF
    BUFGCE_X0Y77         BUFGCE (Prop_BUFCE_BUFGCE_I_O)
                                                      0.017     0.329 r  clk_IBUF_BUFG_inst/O
    X3Y2 (CLOCK_ROOT)    net (fo=367, routed)         1.070     1.399    g_int4.u_p520/u_mac_mul/clk_IBUF_BUFG
    SLICE_X93Y135        FDRE                                         r  g_int4.u_p520/u_mac_mul/p_out_reg[0]/C
  -------------------------------------------------------------------    -------------------
    SLICE_X93Y135        FDRE (Prop_DFF2_SLICEM_C_Q)
                                                      0.041     1.440 r  g_int4.u_p520/u_mac_mul/p_out_reg[0]/Q
                         net (fo=1, routed)           0.117     1.557    g_int4.u_p520/mac_product[0]
    SLICE_X93Y134        FDRE                                         r  g_int4.u_p520/mac_product_q_reg[0]/D
  -------------------------------------------------------------------    -------------------

                         (clock clk rise edge)        0.000     0.000 r  
    R10                                               0.000     0.000 r  clk (IN)
                         net (fo=0)                   0.000     0.000    clk_IBUF_inst/I
    R10                  INBUF (Prop_INBUF_HPIOB_M_PAD_O)
                                                      0.341     0.341 r  clk_IBUF_inst/INBUF_INST/O
                         net (fo=1, routed)           0.000     0.341    clk_IBUF_inst/OUT
    R10                  IBUFCTRL (Prop_IBUFCTRL_HPIOB_M_I_O)
                                                      0.000     0.341 r  clk_IBUF_inst/IBUFCTRL_INST/O
                         net (fo=1, routed)           0.197     0.538    clk_IBUF
    BUFGCE_X0Y77         BUFGCE (Prop_BUFCE_BUFGCE_I_O)
                                                      0.019     0.557 r  clk_IBUF_BUFG_inst/O
    X3Y2 (CLOCK_ROOT)    net (fo=367, routed)         1.205     1.763    g_int4.u_p520/clk_IBUF_BUFG
    SLICE_X93Y134        FDRE                                         r  g_int4.u_p520/mac_product_q_reg[0]/C
                         clock pessimism             -0.344     1.419    
    SLICE_X93Y134        FDRE (Hold_EFF_SLICEM_C_D)
                                                      0.046     1.465    g_int4.u_p520/mac_product_q_reg[0]
  -------------------------------------------------------------------
                         required time                         -1.465    
                         arrival time                           1.557    
  -------------------------------------------------------------------
                         slack                                  0.092    

Slack (MET) :             0.093ns  (arrival time - required time)
  Source:                 g_int4.u_p520/u_engine/u_mul/p_out_reg[16]/C
                            (rising edge-triggered cell FDRE clocked by clk  {rise@0.000ns fall@2.500ns period=5.000ns})
  Destination:            g_int4.u_p520/u_engine/product_q_reg[16]/D
                            (rising edge-triggered cell FDRE clocked by clk  {rise@0.000ns fall@2.500ns period=5.000ns})
  Path Group:             clk
  Path Type:              Hold (Min at Fast Process Corner)
  Requirement:            0.000ns  (clk rise@0.000ns - clk rise@0.000ns)
  Data Path Delay:        0.168ns  (logic 0.040ns (23.810%)  route 0.128ns (76.190%))
  Logic Levels:           0  
  Clock Path Skew:        0.029ns (DCD - SCD - CPR)
    Destination Clock Delay (DCD):    1.762ns
    Source Clock Delay      (SCD):    1.387ns
    Clock Pessimism Removal (CPR):    0.345ns
  Clock Net Delay (Source):      1.058ns (routing 0.482ns, distribution 0.576ns)
  Clock Net Delay (Destination): 1.204ns (routing 0.536ns, distribution 0.668ns)

    Location             Delay type                Incr(ns)  Path(ns)    Netlist Resource(s)
  -------------------------------------------------------------------    -------------------
                         (clock clk rise edge)        0.000     0.000 r  
    R10                                               0.000     0.000 r  clk (IN)
                         net (fo=0)                   0.000     0.000    clk_IBUF_inst/I
    R10                  INBUF (Prop_INBUF_HPIOB_M_PAD_O)
                                                      0.156     0.156 r  clk_IBUF_inst/INBUF_INST/O
                         net (fo=1, routed)           0.000     0.156    clk_IBUF_inst/OUT
    R10                  IBUFCTRL (Prop_IBUFCTRL_HPIOB_M_I_O)
                                                      0.000     0.156 r  clk_IBUF_inst/IBUFCTRL_INST/O
                         net (fo=1, routed)           0.156     0.312    clk_IBUF
    BUFGCE_X0Y77         BUFGCE (Prop_BUFCE_BUFGCE_I_O)
                                                      0.017     0.329 r  clk_IBUF_BUFG_inst/O
    X3Y2 (CLOCK_ROOT)    net (fo=367, routed)         1.058     1.387    g_int4.u_p520/u_engine/u_mul/clk_IBUF_BUFG
    SLICE_X95Y145        FDRE                                         r  g_int4.u_p520/u_engine/u_mul/p_out_reg[16]/C
  -------------------------------------------------------------------    -------------------
    SLICE_X95Y145        FDRE (Prop_BFF2_SLICEL_C_Q)
                                                      0.040     1.427 r  g_int4.u_p520/u_engine/u_mul/p_out_reg[16]/Q
                         net (fo=1, routed)           0.128     1.555    g_int4.u_p520/u_engine/mul_product[16]
    SLICE_X95Y138        FDRE                                         r  g_int4.u_p520/u_engine/product_q_reg[16]/D
  -------------------------------------------------------------------    -------------------

                         (clock clk rise edge)        0.000     0.000 r  
    R10                                               0.000     0.000 r  clk (IN)
                         net (fo=0)                   0.000     0.000    clk_IBUF_inst/I
    R10                  INBUF (Prop_INBUF_HPIOB_M_PAD_O)
                                                      0.341     0.341 r  clk_IBUF_inst/INBUF_INST/O
                         net (fo=1, routed)           0.000     0.341    clk_IBUF_inst/OUT
    R10                  IBUFCTRL (Prop_IBUFCTRL_HPIOB_M_I_O)
                                                      0.000     0.341 r  clk_IBUF_inst/IBUFCTRL_INST/O
                         net (fo=1, routed)           0.197     0.538    clk_IBUF
    BUFGCE_X0Y77         BUFGCE (Prop_BUFCE_BUFGCE_I_O)
                                                      0.019     0.557 r  clk_IBUF_BUFG_inst/O
    X3Y2 (CLOCK_ROOT)    net (fo=367, routed)         1.204     1.762    g_int4.u_p520/u_engine/clk_IBUF_BUFG
    SLICE_X95Y138        FDRE                                         r  g_int4.u_p520/u_engine/product_q_reg[16]/C
                         clock pessimism             -0.345     1.417    
    SLICE_X95Y138        FDRE (Hold_FFF_SLICEL_C_D)
                                                      0.046     1.463    g_int4.u_p520/u_engine/product_q_reg[16]
  -------------------------------------------------------------------
                         required time                         -1.463    
                         arrival time                           1.555    
  -------------------------------------------------------------------
                         slack                                  0.093    

Slack (MET) :             0.093ns  (arrival time - required time)
  Source:                 g_int4.u_p520/u_engine/stage_q_reg[0]/C
                            (rising edge-triggered cell FDRE clocked by clk  {rise@0.000ns fall@2.500ns period=5.000ns})
  Destination:            g_int4.u_p520/u_engine/stage_q_reg[0]/D
                            (rising edge-triggered cell FDRE clocked by clk  {rise@0.000ns fall@2.500ns period=5.000ns})
  Path Group:             clk
  Path Type:              Hold (Min at Fast Process Corner)
  Requirement:            0.000ns  (clk rise@0.000ns - clk rise@0.000ns)
  Data Path Delay:        0.146ns  (logic 0.080ns (54.776%)  route 0.066ns (45.224%))
  Logic Levels:           1  (LUT2=1)
  Clock Path Skew:        0.006ns (DCD - SCD - CPR)
    Destination Clock Delay (DCD):    1.761ns
    Source Clock Delay      (SCD):    1.398ns
    Clock Pessimism Removal (CPR):    0.357ns
  Clock Net Delay (Source):      1.069ns (routing 0.482ns, distribution 0.587ns)
  Clock Net Delay (Destination): 1.204ns (routing 0.536ns, distribution 0.668ns)

    Location             Delay type                Incr(ns)  Path(ns)    Netlist Resource(s)
  -------------------------------------------------------------------    -------------------
                         (clock clk rise edge)        0.000     0.000 r  
    R10                                               0.000     0.000 r  clk (IN)
                         net (fo=0)                   0.000     0.000    clk_IBUF_inst/I
    R10                  INBUF (Prop_INBUF_HPIOB_M_PAD_O)
                                                      0.156     0.156 r  clk_IBUF_inst/INBUF_INST/O
                         net (fo=1, routed)           0.000     0.156    clk_IBUF_inst/OUT
    R10                  IBUFCTRL (Prop_IBUFCTRL_HPIOB_M_I_O)
                                                      0.000     0.156 r  clk_IBUF_inst/IBUFCTRL_INST/O
                         net (fo=1, routed)           0.156     0.312    clk_IBUF
    BUFGCE_X0Y77         BUFGCE (Prop_BUFCE_BUFGCE_I_O)
                                                      0.017     0.329 r  clk_IBUF_BUFG_inst/O
    X3Y2 (CLOCK_ROOT)    net (fo=367, routed)         1.069     1.398    g_int4.u_p520/u_engine/clk_IBUF_BUFG
    SLICE_X89Y126        FDRE                                         r  g_int4.u_p520/u_engine/stage_q_reg[0]/C
  -------------------------------------------------------------------    -------------------
    SLICE_X89Y126        FDRE (Prop_DFF2_SLICEL_C_Q)
                                                      0.041     1.439 f  g_int4.u_p520/u_engine/stage_q_reg[0]/Q
                         net (fo=31, routed)          0.060     1.499    g_int4.u_p520/u_engine/stage_q[0]
    SLICE_X89Y126        LUT2 (Prop_D5LUT_SLICEL_I1_O)
                                                      0.039     1.538 r  g_int4.u_p520/u_engine/stage_q[0]_i_1/O
                         net (fo=1, routed)           0.006     1.544    g_int4.u_p520/u_engine/stage_q[0]_i_1_n_0
    SLICE_X89Y126        FDRE                                         r  g_int4.u_p520/u_engine/stage_q_reg[0]/D
  -------------------------------------------------------------------    -------------------

                         (clock clk rise edge)        0.000     0.000 r  
    R10                                               0.000     0.000 r  clk (IN)
                         net (fo=0)                   0.000     0.000    clk_IBUF_inst/I
    R10                  INBUF (Prop_INBUF_HPIOB_M_PAD_O)
                                                      0.341     0.341 r  clk_IBUF_inst/INBUF_INST/O
                         net (fo=1, routed)           0.000     0.341    clk_IBUF_inst/OUT
    R10                  IBUFCTRL (Prop_IBUFCTRL_HPIOB_M_I_O)
                                                      0.000     0.341 r  clk_IBUF_inst/IBUFCTRL_INST/O
                         net (fo=1, routed)           0.197     0.538    clk_IBUF
    BUFGCE_X0Y77         BUFGCE (Prop_BUFCE_BUFGCE_I_O)
                                                      0.019     0.557 r  clk_IBUF_BUFG_inst/O
    X3Y2 (CLOCK_ROOT)    net (fo=367, routed)         1.204     1.761    g_int4.u_p520/u_engine/clk_IBUF_BUFG
    SLICE_X89Y126        FDRE                                         r  g_int4.u_p520/u_engine/stage_q_reg[0]/C
                         clock pessimism             -0.357     1.404    
    SLICE_X89Y126        FDRE (Hold_DFF2_SLICEL_C_D)
                                                      0.047     1.451    g_int4.u_p520/u_engine/stage_q_reg[0]
  -------------------------------------------------------------------
                         required time                         -1.451    
                         arrival time                           1.544    
  -------------------------------------------------------------------
                         slack                                  0.093    

Slack (MET) :             0.094ns  (arrival time - required time)
  Source:                 g_int4.u_p520/u_engine/u_mul/p_out_reg[12]/C
                            (rising edge-triggered cell FDRE clocked by clk  {rise@0.000ns fall@2.500ns period=5.000ns})
  Destination:            g_int4.u_p520/u_engine/product_q_reg[12]/D
                            (rising edge-triggered cell FDRE clocked by clk  {rise@0.000ns fall@2.500ns period=5.000ns})
  Path Group:             clk
  Path Type:              Hold (Min at Fast Process Corner)
  Requirement:            0.000ns  (clk rise@0.000ns - clk rise@0.000ns)
  Data Path Delay:        0.170ns  (logic 0.041ns (24.118%)  route 0.129ns (75.882%))
  Logic Levels:           0  
  Clock Path Skew:        0.030ns (DCD - SCD - CPR)
    Destination Clock Delay (DCD):    1.763ns
    Source Clock Delay      (SCD):    1.387ns
    Clock Pessimism Removal (CPR):    0.345ns
  Clock Net Delay (Source):      1.058ns (routing 0.482ns, distribution 0.576ns)
  Clock Net Delay (Destination): 1.205ns (routing 0.536ns, distribution 0.669ns)

    Location             Delay type                Incr(ns)  Path(ns)    Netlist Resource(s)
  -------------------------------------------------------------------    -------------------
                         (clock clk rise edge)        0.000     0.000 r  
    R10                                               0.000     0.000 r  clk (IN)
                         net (fo=0)                   0.000     0.000    clk_IBUF_inst/I
    R10                  INBUF (Prop_INBUF_HPIOB_M_PAD_O)
                                                      0.156     0.156 r  clk_IBUF_inst/INBUF_INST/O
                         net (fo=1, routed)           0.000     0.156    clk_IBUF_inst/OUT
    R10                  IBUFCTRL (Prop_IBUFCTRL_HPIOB_M_I_O)
                                                      0.000     0.156 r  clk_IBUF_inst/IBUFCTRL_INST/O
                         net (fo=1, routed)           0.156     0.312    clk_IBUF
    BUFGCE_X0Y77         BUFGCE (Prop_BUFCE_BUFGCE_I_O)
                                                      0.017     0.329 r  clk_IBUF_BUFG_inst/O
    X3Y2 (CLOCK_ROOT)    net (fo=367, routed)         1.058     1.387    g_int4.u_p520/u_engine/u_mul/clk_IBUF_BUFG
    SLICE_X95Y145        FDRE                                         r  g_int4.u_p520/u_engine/u_mul/p_out_reg[12]/C
  -------------------------------------------------------------------    -------------------
    SLICE_X95Y145        FDRE (Prop_DFF2_SLICEL_C_Q)
                                                      0.041     1.428 r  g_int4.u_p520/u_engine/u_mul/p_out_reg[12]/Q
                         net (fo=1, routed)           0.129     1.557    g_int4.u_p520/u_engine/mul_product[12]
    SLICE_X95Y137        FDRE                                         r  g_int4.u_p520/u_engine/product_q_reg[12]/D
  -------------------------------------------------------------------    -------------------

                         (clock clk rise edge)        0.000     0.000 r  
    R10                                               0.000     0.000 r  clk (IN)
                         net (fo=0)                   0.000     0.000    clk_IBUF_inst/I
    R10                  INBUF (Prop_INBUF_HPIOB_M_PAD_O)
                                                      0.341     0.341 r  clk_IBUF_inst/INBUF_INST/O
                         net (fo=1, routed)           0.000     0.341    clk_IBUF_inst/OUT
    R10                  IBUFCTRL (Prop_IBUFCTRL_HPIOB_M_I_O)
                                                      0.000     0.341 r  clk_IBUF_inst/IBUFCTRL_INST/O
                         net (fo=1, routed)           0.197     0.538    clk_IBUF
    BUFGCE_X0Y77         BUFGCE (Prop_BUFCE_BUFGCE_I_O)
                                                      0.019     0.557 r  clk_IBUF_BUFG_inst/O
    X3Y2 (CLOCK_ROOT)    net (fo=367, routed)         1.205     1.763    g_int4.u_p520/u_engine/clk_IBUF_BUFG
    SLICE_X95Y137        FDRE                                         r  g_int4.u_p520/u_engine/product_q_reg[12]/C
                         clock pessimism             -0.345     1.418    
    SLICE_X95Y137        FDRE (Hold_EFF_SLICEL_C_D)
                                                      0.046     1.464    g_int4.u_p520/u_engine/product_q_reg[12]
  -------------------------------------------------------------------
                         required time                         -1.464    
                         arrival time                           1.557    
  -------------------------------------------------------------------
                         slack                                  0.094    

Slack (MET) :             0.097ns  (arrival time - required time)
  Source:                 g_int4.u_p520/u_engine/state_q_reg[0]/C
                            (rising edge-triggered cell FDRE clocked by clk  {rise@0.000ns fall@2.500ns period=5.000ns})
  Destination:            g_int4.u_p520/u_engine/state_q_reg[2]/D
                            (rising edge-triggered cell FDRE clocked by clk  {rise@0.000ns fall@2.500ns period=5.000ns})
  Path Group:             clk
  Path Type:              Hold (Min at Fast Process Corner)
  Requirement:            0.000ns  (clk rise@0.000ns - clk rise@0.000ns)
  Data Path Delay:        0.149ns  (logic 0.074ns (49.830%)  route 0.075ns (50.170%))
  Logic Levels:           1  (LUT6=1)
  Clock Path Skew:        0.006ns (DCD - SCD - CPR)
    Destination Clock Delay (DCD):    1.754ns
    Source Clock Delay      (SCD):    1.389ns
    Clock Pessimism Removal (CPR):    0.359ns
  Clock Net Delay (Source):      1.060ns (routing 0.482ns, distribution 0.578ns)
  Clock Net Delay (Destination): 1.197ns (routing 0.536ns, distribution 0.661ns)

    Location             Delay type                Incr(ns)  Path(ns)    Netlist Resource(s)
  -------------------------------------------------------------------    -------------------
                         (clock clk rise edge)        0.000     0.000 r  
    R10                                               0.000     0.000 r  clk (IN)
                         net (fo=0)                   0.000     0.000    clk_IBUF_inst/I
    R10                  INBUF (Prop_INBUF_HPIOB_M_PAD_O)
                                                      0.156     0.156 r  clk_IBUF_inst/INBUF_INST/O
                         net (fo=1, routed)           0.000     0.156    clk_IBUF_inst/OUT
    R10                  IBUFCTRL (Prop_IBUFCTRL_HPIOB_M_I_O)
                                                      0.000     0.156 r  clk_IBUF_inst/IBUFCTRL_INST/O
                         net (fo=1, routed)           0.156     0.312    clk_IBUF
    BUFGCE_X0Y77         BUFGCE (Prop_BUFCE_BUFGCE_I_O)
                                                      0.017     0.329 r  clk_IBUF_BUFG_inst/O
    X3Y2 (CLOCK_ROOT)    net (fo=367, routed)         1.060     1.389    g_int4.u_p520/u_engine/clk_IBUF_BUFG
    SLICE_X87Y128        FDRE                                         r  g_int4.u_p520/u_engine/state_q_reg[0]/C
  -------------------------------------------------------------------    -------------------
    SLICE_X87Y128        FDRE (Prop_DFF_SLICEM_C_Q)
                                                      0.039     1.428 f  g_int4.u_p520/u_engine/state_q_reg[0]/Q
                         net (fo=18, routed)          0.051     1.479    g_int4.u_p520/u_engine/state_q[0]
    SLICE_X87Y128        LUT6 (Prop_C6LUT_SLICEM_I4_O)
                                                      0.035     1.514 r  g_int4.u_p520/u_engine/state_q[2]_i_1/O
                         net (fo=1, routed)           0.024     1.538    g_int4.u_p520/u_engine/state_q[2]_i_1_n_0
    SLICE_X87Y128        FDRE                                         r  g_int4.u_p520/u_engine/state_q_reg[2]/D
  -------------------------------------------------------------------    -------------------

                         (clock clk rise edge)        0.000     0.000 r  
    R10                                               0.000     0.000 r  clk (IN)
                         net (fo=0)                   0.000     0.000    clk_IBUF_inst/I
    R10                  INBUF (Prop_INBUF_HPIOB_M_PAD_O)
                                                      0.341     0.341 r  clk_IBUF_inst/INBUF_INST/O
                         net (fo=1, routed)           0.000     0.341    clk_IBUF_inst/OUT
    R10                  IBUFCTRL (Prop_IBUFCTRL_HPIOB_M_I_O)
                                                      0.000     0.341 r  clk_IBUF_inst/IBUFCTRL_INST/O
                         net (fo=1, routed)           0.197     0.538    clk_IBUF
    BUFGCE_X0Y77         BUFGCE (Prop_BUFCE_BUFGCE_I_O)
                                                      0.019     0.557 r  clk_IBUF_BUFG_inst/O
    X3Y2 (CLOCK_ROOT)    net (fo=367, routed)         1.197     1.754    g_int4.u_p520/u_engine/clk_IBUF_BUFG
    SLICE_X87Y128        FDRE                                         r  g_int4.u_p520/u_engine/state_q_reg[2]/C
                         clock pessimism             -0.359     1.395    
    SLICE_X87Y128        FDRE (Hold_CFF_SLICEM_C_D)
                                                      0.046     1.441    g_int4.u_p520/u_engine/state_q_reg[2]
  -------------------------------------------------------------------
                         required time                         -1.441    
                         arrival time                           1.538    
  -------------------------------------------------------------------
                         slack                                  0.097    

Slack (MET) :             0.097ns  (arrival time - required time)
  Source:                 g_int4.u_p520/u_engine/twiddle_addr_q_reg_rep_rep[0]/C
                            (rising edge-triggered cell FDRE clocked by clk  {rise@0.000ns fall@2.500ns period=5.000ns})
  Destination:            g_int4.u_p520/u_engine/twiddle_q_reg[1]/D
                            (rising edge-triggered cell FDRE clocked by clk  {rise@0.000ns fall@2.500ns period=5.000ns})
  Path Group:             clk
  Path Type:              Hold (Min at Fast Process Corner)
  Requirement:            0.000ns  (clk rise@0.000ns - clk rise@0.000ns)
  Data Path Delay:        0.165ns  (logic 0.074ns (44.976%)  route 0.091ns (55.024%))
  Logic Levels:           3  (LUT6=1 MUXF7=1 MUXF8=1)
  Clock Path Skew:        0.021ns (DCD - SCD - CPR)
    Destination Clock Delay (DCD):    1.762ns
    Source Clock Delay      (SCD):    1.397ns
    Clock Pessimism Removal (CPR):    0.344ns
  Clock Net Delay (Source):      1.068ns (routing 0.482ns, distribution 0.586ns)
  Clock Net Delay (Destination): 1.204ns (routing 0.536ns, distribution 0.668ns)

    Location             Delay type                Incr(ns)  Path(ns)    Netlist Resource(s)
  -------------------------------------------------------------------    -------------------
                         (clock clk rise edge)        0.000     0.000 r  
    R10                                               0.000     0.000 r  clk (IN)
                         net (fo=0)                   0.000     0.000    clk_IBUF_inst/I
    R10                  INBUF (Prop_INBUF_HPIOB_M_PAD_O)
                                                      0.156     0.156 r  clk_IBUF_inst/INBUF_INST/O
                         net (fo=1, routed)           0.000     0.156    clk_IBUF_inst/OUT
    R10                  IBUFCTRL (Prop_IBUFCTRL_HPIOB_M_I_O)
                                                      0.000     0.156 r  clk_IBUF_inst/IBUFCTRL_INST/O
                         net (fo=1, routed)           0.156     0.312    clk_IBUF
    BUFGCE_X0Y77         BUFGCE (Prop_BUFCE_BUFGCE_I_O)
                                                      0.017     0.329 r  clk_IBUF_BUFG_inst/O
    X3Y2 (CLOCK_ROOT)    net (fo=367, routed)         1.068     1.397    g_int4.u_p520/u_engine/clk_IBUF_BUFG
    SLICE_X88Y124        FDRE                                         r  g_int4.u_p520/u_engine/twiddle_addr_q_reg_rep_rep[0]/C
  -------------------------------------------------------------------    -------------------
    SLICE_X88Y124        FDRE (Prop_AFF2_SLICEM_C_Q)
                                                      0.039     1.436 r  g_int4.u_p520/u_engine/twiddle_addr_q_reg_rep_rep[0]/Q
                         net (fo=38, routed)          0.076     1.512    g_int4.u_p520/u_engine/twiddle_addr_q_reg_rep_rep_n_0_[0]
    SLICE_X89Y123        LUT6 (Prop_G6LUT_SLICEL_I0_O)
                                                      0.014     1.526 r  g_int4.u_p520/u_engine/g1_b1/O
                         net (fo=1, routed)           0.007     1.533    g_int4.u_p520/u_engine/g1_b1_n_0
    SLICE_X89Y123        MUXF7 (Prop_F7MUX_GH_SLICEL_I1_O)
                                                      0.010     1.543 r  g_int4.u_p520/u_engine/p_0_out_inferred__3/twiddle_q_reg[1]_i_2/O
                         net (fo=1, routed)           0.000     1.543    g_int4.u_p520/u_engine/p_0_out[1]
    SLICE_X89Y123        MUXF8 (Prop_F8MUX_TOP_SLICEL_I0_O)
                                                      0.011     1.554 r  g_int4.u_p520/u_engine/twiddle_q_reg[1]_i_1/O
                         net (fo=1, routed)           0.008     1.562    g_int4.u_p520/u_engine/twiddle_q_reg[1]_i_1_n_0
    SLICE_X89Y123        FDRE                                         r  g_int4.u_p520/u_engine/twiddle_q_reg[1]/D
  -------------------------------------------------------------------    -------------------

                         (clock clk rise edge)        0.000     0.000 r  
    R10                                               0.000     0.000 r  clk (IN)
                         net (fo=0)                   0.000     0.000    clk_IBUF_inst/I
    R10                  INBUF (Prop_INBUF_HPIOB_M_PAD_O)
                                                      0.341     0.341 r  clk_IBUF_inst/INBUF_INST/O
                         net (fo=1, routed)           0.000     0.341    clk_IBUF_inst/OUT
    R10                  IBUFCTRL (Prop_IBUFCTRL_HPIOB_M_I_O)
                                                      0.000     0.341 r  clk_IBUF_inst/IBUFCTRL_INST/O
                         net (fo=1, routed)           0.197     0.538    clk_IBUF
    BUFGCE_X0Y77         BUFGCE (Prop_BUFCE_BUFGCE_I_O)
                                                      0.019     0.557 r  clk_IBUF_BUFG_inst/O
    X3Y2 (CLOCK_ROOT)    net (fo=367, routed)         1.204     1.762    g_int4.u_p520/u_engine/clk_IBUF_BUFG
    SLICE_X89Y123        FDRE                                         r  g_int4.u_p520/u_engine/twiddle_q_reg[1]/C
                         clock pessimism             -0.344     1.418    
    SLICE_X89Y123        FDRE (Hold_GFF_SLICEL_C_D)
                                                      0.046     1.464    g_int4.u_p520/u_engine/twiddle_q_reg[1]
  -------------------------------------------------------------------
                         required time                         -1.464    
                         arrival time                           1.562    
  -------------------------------------------------------------------
                         slack                                  0.097    





Pulse Width Checks
--------------------------------------------------------------------------------------
Clock Name:         clk
Waveform(ns):       { 0.000 2.500 }
Period(ns):         5.000
Sources:            { clk }

Check Type        Corner  Lib Pin             Reference Pin  Required(ns)  Actual(ns)  Slack(ns)  Location        Pin
Min Period        n/a     RAMB18E2/CLKARDCLK  n/a            1.569         5.000       3.431      RAMB18_X12Y56   g_int4.u_p520/u_acc_mem/mem_reg/CLKARDCLK
Min Period        n/a     RAMB18E2/CLKBWRCLK  n/a            1.569         5.000       3.431      RAMB18_X12Y56   g_int4.u_p520/u_acc_mem/mem_reg/CLKBWRCLK
Min Period        n/a     RAMB36E2/CLKARDCLK  n/a            1.569         5.000       3.431      RAMB36_X12Y26   g_int4.u_p520/u_engine/u_ping/mem_reg_bram_0/CLKARDCLK
Min Period        n/a     RAMB36E2/CLKBWRCLK  n/a            1.569         5.000       3.431      RAMB36_X12Y26   g_int4.u_p520/u_engine/u_ping/mem_reg_bram_0/CLKBWRCLK
Min Period        n/a     RAMB36E2/CLKARDCLK  n/a            1.569         5.000       3.431      RAMB36_X12Y25   g_int4.u_p520/u_engine/u_pong/mem_reg_bram_0/CLKARDCLK
Min Period        n/a     RAMB36E2/CLKBWRCLK  n/a            1.569         5.000       3.431      RAMB36_X12Y25   g_int4.u_p520/u_engine/u_pong/mem_reg_bram_0/CLKBWRCLK
Min Period        n/a     RAMB18E2/CLKARDCLK  n/a            1.569         5.000       3.431      RAMB18_X12Y48   g_int4.u_p520/u_h_mem/mem_reg_bram_0/CLKARDCLK
Min Period        n/a     RAMB18E2/CLKARDCLK  n/a            1.569         5.000       3.431      RAMB18_X12Y49   g_int4.u_p520/u_x_mem/mem_reg_bram_0/CLKARDCLK
Min Period        n/a     RAMB36E2/CLKARDCLK  n/a            1.569         5.000       3.431      RAMB36_X12Y27   g_int4.u_p520/u_xs_mem/mem_reg_bram_0/CLKARDCLK
Min Period        n/a     RAMB36E2/CLKARDCLK  n/a            1.569         5.000       3.431      RAMB36_X12Y23   g_int4.u_p520/u_y_mem/mem_reg_bram_0/CLKARDCLK
Min Period        n/a     BUFGCE/I            n/a            1.290         5.000       3.710      BUFGCE_X0Y77    clk_IBUF_BUFG_inst/I
Min Period        n/a     SRL16E/CLK          n/a            1.064         5.000       3.936      SLICE_X88Y132   g_int4.u_p520/u_engine/u_mul/v3_reg_srl3___g_int4.u_p520_u_engine_u_mul_v3_reg_r/CLK
Min Period        n/a     SRL16E/CLK          n/a            1.064         5.000       3.936      SLICE_X88Y132   g_int4.u_p520/u_mac_mul/v3_reg_srl3___g_int4.u_p520_u_engine_u_mul_v3_reg_r/CLK
Min Period        n/a     DSP_OUTPUT/CLK      n/a            0.650         5.000       4.350      DSP48E2_X17Y51  g_int4.u_p520/u_engine/u_mul/s2_reg/DSP_OUTPUT_INST/CLK
Min Period        n/a     DSP_OUTPUT/CLK      n/a            0.650         5.000       4.350      DSP48E2_X17Y56  g_int4.u_p520/u_engine/u_mul/s3_reg/DSP_OUTPUT_INST/CLK
Min Period        n/a     DSP_OUTPUT/CLK      n/a            0.650         5.000       4.350      DSP48E2_X17Y52  g_int4.u_p520/u_mac_mul/s2_reg/DSP_OUTPUT_INST/CLK
Min Period        n/a     DSP_OUTPUT/CLK      n/a            0.650         5.000       4.350      DSP48E2_X17Y55  g_int4.u_p520/u_mac_mul/s3_reg/DSP_OUTPUT_INST/CLK
Min Period        n/a     FDRE/C              n/a            0.550         5.000       4.450      SLICE_X92Y133   g_int4.u_p520/FSM_sequential_state_q_reg[0]/C
Min Period        n/a     FDRE/C              n/a            0.550         5.000       4.450      SLICE_X93Y133   g_int4.u_p520/FSM_sequential_state_q_reg[1]/C
Min Period        n/a     FDRE/C              n/a            0.550         5.000       4.450      SLICE_X93Y133   g_int4.u_p520/FSM_sequential_state_q_reg[2]/C
Min Period        n/a     FDRE/C              n/a            0.550         5.000       4.450      SLICE_X93Y133   g_int4.u_p520/FSM_sequential_state_q_reg[3]/C
Min Period        n/a     FDRE/C              n/a            0.550         5.000       4.450      SLICE_X93Y133   g_int4.u_p520/FSM_sequential_state_q_reg[4]/C
Min Period        n/a     FDRE/C              n/a            0.550         5.000       4.450      SLICE_X91Y134   g_int4.u_p520/active_cin_q_reg[0]/C
Min Period        n/a     FDRE/C              n/a            0.550         5.000       4.450      SLICE_X91Y134   g_int4.u_p520/active_cin_q_reg[1]/C
Min Period        n/a     FDRE/C              n/a            0.550         5.000       4.450      SLICE_X96Y132   g_int4.u_p520/active_cout_q_reg[0]/C
Min Period        n/a     FDRE/C              n/a            0.550         5.000       4.450      SLICE_X96Y132   g_int4.u_p520/active_cout_q_reg[1]/C
Min Period        n/a     FDRE/C              n/a            0.550         5.000       4.450      SLICE_X96Y142   g_int4.u_p520/cfg_error_reg/C
Min Period        n/a     FDSE/C              n/a            0.550         5.000       4.450      SLICE_X96Y132   g_int4.u_p520/cin_q_reg[0]/C
Min Period        n/a     FDRE/C              n/a            0.550         5.000       4.450      SLICE_X96Y132   g_int4.u_p520/cin_q_reg[1]/C
Min Period        n/a     FDRE/C              n/a            0.550         5.000       4.450      SLICE_X96Y132   g_int4.u_p520/cin_q_reg[2]/C
Min Period        n/a     FDRE/C              n/a            0.550         5.000       4.450      SLICE_X95Y155   g_int4.u_p520/compute_cycles_reg[0]/C
Min Period        n/a     FDRE/C              n/a            0.550         5.000       4.450      SLICE_X96Y154   g_int4.u_p520/compute_cycles_reg[10]/C
Min Period        n/a     FDRE/C              n/a            0.550         5.000       4.450      SLICE_X96Y154   g_int4.u_p520/compute_cycles_reg[11]/C
Min Period        n/a     FDRE/C              n/a            0.550         5.000       4.450      SLICE_X95Y156   g_int4.u_p520/compute_cycles_reg[12]/C
Min Period        n/a     FDRE/C              n/a            0.550         5.000       4.450      SLICE_X95Y156   g_int4.u_p520/compute_cycles_reg[13]/C
Min Period        n/a     FDRE/C              n/a            0.550         5.000       4.450      SLICE_X95Y156   g_int4.u_p520/compute_cycles_reg[14]/C
Min Period        n/a     FDRE/C              n/a            0.550         5.000       4.450      SLICE_X95Y156   g_int4.u_p520/compute_cycles_reg[15]/C
Min Period        n/a     FDRE/C              n/a            0.550         5.000       4.450      SLICE_X95Y157   g_int4.u_p520/compute_cycles_reg[16]/C
Min Period        n/a     FDRE/C              n/a            0.550         5.000       4.450      SLICE_X95Y157   g_int4.u_p520/compute_cycles_reg[17]/C
Min Period        n/a     FDRE/C              n/a            0.550         5.000       4.450      SLICE_X95Y157   g_int4.u_p520/compute_cycles_reg[18]/C
Min Period        n/a     FDRE/C              n/a            0.550         5.000       4.450      SLICE_X95Y157   g_int4.u_p520/compute_cycles_reg[19]/C
Min Period        n/a     FDRE/C              n/a            0.550         5.000       4.450      SLICE_X95Y155   g_int4.u_p520/compute_cycles_reg[1]/C
Min Period        n/a     FDRE/C              n/a            0.550         5.000       4.450      SLICE_X95Y157   g_int4.u_p520/compute_cycles_reg[20]/C
Min Period        n/a     FDRE/C              n/a            0.550         5.000       4.450      SLICE_X95Y157   g_int4.u_p520/compute_cycles_reg[21]/C
Min Period        n/a     FDRE/C              n/a            0.550         5.000       4.450      SLICE_X96Y154   g_int4.u_p520/compute_cycles_reg[22]/C
Min Period        n/a     FDRE/C              n/a            0.550         5.000       4.450      SLICE_X96Y154   g_int4.u_p520/compute_cycles_reg[23]/C
Min Period        n/a     FDRE/C              n/a            0.550         5.000       4.450      SLICE_X95Y157   g_int4.u_p520/compute_cycles_reg[24]/C
Min Period        n/a     FDRE/C              n/a            0.550         5.000       4.450      SLICE_X95Y157   g_int4.u_p520/compute_cycles_reg[25]/C
Min Period        n/a     FDRE/C              n/a            0.550         5.000       4.450      SLICE_X95Y158   g_int4.u_p520/compute_cycles_reg[26]/C
Min Period        n/a     FDRE/C              n/a            0.550         5.000       4.450      SLICE_X95Y158   g_int4.u_p520/compute_cycles_reg[27]/C
Low Pulse Width   Slow    RAMB18E2/CLKARDCLK  n/a            0.542         2.500       1.958      RAMB18_X12Y56   g_int4.u_p520/u_acc_mem/mem_reg/CLKARDCLK
Low Pulse Width   Fast    RAMB18E2/CLKARDCLK  n/a            0.542         2.500       1.958      RAMB18_X12Y56   g_int4.u_p520/u_acc_mem/mem_reg/CLKARDCLK
Low Pulse Width   Slow    RAMB18E2/CLKBWRCLK  n/a            0.542         2.500       1.958      RAMB18_X12Y56   g_int4.u_p520/u_acc_mem/mem_reg/CLKBWRCLK
Low Pulse Width   Fast    RAMB18E2/CLKBWRCLK  n/a            0.542         2.500       1.958      RAMB18_X12Y56   g_int4.u_p520/u_acc_mem/mem_reg/CLKBWRCLK
Low Pulse Width   Slow    RAMB36E2/CLKARDCLK  n/a            0.542         2.500       1.958      RAMB36_X12Y26   g_int4.u_p520/u_engine/u_ping/mem_reg_bram_0/CLKARDCLK
Low Pulse Width   Fast    RAMB36E2/CLKARDCLK  n/a            0.542         2.500       1.958      RAMB36_X12Y26   g_int4.u_p520/u_engine/u_ping/mem_reg_bram_0/CLKARDCLK
Low Pulse Width   Slow    RAMB36E2/CLKBWRCLK  n/a            0.542         2.500       1.958      RAMB36_X12Y26   g_int4.u_p520/u_engine/u_ping/mem_reg_bram_0/CLKBWRCLK
Low Pulse Width   Fast    RAMB36E2/CLKBWRCLK  n/a            0.542         2.500       1.958      RAMB36_X12Y26   g_int4.u_p520/u_engine/u_ping/mem_reg_bram_0/CLKBWRCLK
Low Pulse Width   Slow    RAMB36E2/CLKARDCLK  n/a            0.542         2.500       1.958      RAMB36_X12Y25   g_int4.u_p520/u_engine/u_pong/mem_reg_bram_0/CLKARDCLK
Low Pulse Width   Fast    RAMB36E2/CLKARDCLK  n/a            0.542         2.500       1.958      RAMB36_X12Y25   g_int4.u_p520/u_engine/u_pong/mem_reg_bram_0/CLKARDCLK
Low Pulse Width   Slow    RAMB36E2/CLKBWRCLK  n/a            0.542         2.500       1.958      RAMB36_X12Y25   g_int4.u_p520/u_engine/u_pong/mem_reg_bram_0/CLKBWRCLK
Low Pulse Width   Fast    RAMB36E2/CLKBWRCLK  n/a            0.542         2.500       1.958      RAMB36_X12Y25   g_int4.u_p520/u_engine/u_pong/mem_reg_bram_0/CLKBWRCLK
Low Pulse Width   Slow    RAMB18E2/CLKARDCLK  n/a            0.542         2.500       1.958      RAMB18_X12Y48   g_int4.u_p520/u_h_mem/mem_reg_bram_0/CLKARDCLK
Low Pulse Width   Fast    RAMB18E2/CLKARDCLK  n/a            0.542         2.500       1.958      RAMB18_X12Y48   g_int4.u_p520/u_h_mem/mem_reg_bram_0/CLKARDCLK
Low Pulse Width   Slow    RAMB18E2/CLKARDCLK  n/a            0.542         2.500       1.958      RAMB18_X12Y49   g_int4.u_p520/u_x_mem/mem_reg_bram_0/CLKARDCLK
Low Pulse Width   Fast    RAMB18E2/CLKARDCLK  n/a            0.542         2.500       1.958      RAMB18_X12Y49   g_int4.u_p520/u_x_mem/mem_reg_bram_0/CLKARDCLK
Low Pulse Width   Slow    RAMB36E2/CLKARDCLK  n/a            0.542         2.500       1.958      RAMB36_X12Y27   g_int4.u_p520/u_xs_mem/mem_reg_bram_0/CLKARDCLK
Low Pulse Width   Fast    RAMB36E2/CLKARDCLK  n/a            0.542         2.500       1.958      RAMB36_X12Y27   g_int4.u_p520/u_xs_mem/mem_reg_bram_0/CLKARDCLK
Low Pulse Width   Slow    RAMB36E2/CLKARDCLK  n/a            0.542         2.500       1.958      RAMB36_X12Y23   g_int4.u_p520/u_y_mem/mem_reg_bram_0/CLKARDCLK
Low Pulse Width   Fast    RAMB36E2/CLKARDCLK  n/a            0.542         2.500       1.958      RAMB36_X12Y23   g_int4.u_p520/u_y_mem/mem_reg_bram_0/CLKARDCLK
Low Pulse Width   Slow    SRL16E/CLK          n/a            0.532         2.500       1.968      SLICE_X88Y132   g_int4.u_p520/u_engine/u_mul/v3_reg_srl3___g_int4.u_p520_u_engine_u_mul_v3_reg_r/CLK
Low Pulse Width   Fast    SRL16E/CLK          n/a            0.532         2.500       1.968      SLICE_X88Y132   g_int4.u_p520/u_engine/u_mul/v3_reg_srl3___g_int4.u_p520_u_engine_u_mul_v3_reg_r/CLK
Low Pulse Width   Slow    SRL16E/CLK          n/a            0.532         2.500       1.968      SLICE_X88Y132   g_int4.u_p520/u_mac_mul/v3_reg_srl3___g_int4.u_p520_u_engine_u_mul_v3_reg_r/CLK
Low Pulse Width   Fast    SRL16E/CLK          n/a            0.532         2.500       1.968      SLICE_X88Y132   g_int4.u_p520/u_mac_mul/v3_reg_srl3___g_int4.u_p520_u_engine_u_mul_v3_reg_r/CLK
Low Pulse Width   Slow    FDRE/C              n/a            0.275         2.500       2.225      SLICE_X92Y133   g_int4.u_p520/FSM_sequential_state_q_reg[0]/C
Low Pulse Width   Fast    FDRE/C              n/a            0.275         2.500       2.225      SLICE_X92Y133   g_int4.u_p520/FSM_sequential_state_q_reg[0]/C
Low Pulse Width   Slow    FDRE/C              n/a            0.275         2.500       2.225      SLICE_X93Y133   g_int4.u_p520/FSM_sequential_state_q_reg[1]/C
Low Pulse Width   Fast    FDRE/C              n/a            0.275         2.500       2.225      SLICE_X93Y133   g_int4.u_p520/FSM_sequential_state_q_reg[1]/C
Low Pulse Width   Slow    FDRE/C              n/a            0.275         2.500       2.225      SLICE_X93Y133   g_int4.u_p520/FSM_sequential_state_q_reg[2]/C
Low Pulse Width   Fast    FDRE/C              n/a            0.275         2.500       2.225      SLICE_X93Y133   g_int4.u_p520/FSM_sequential_state_q_reg[2]/C
Low Pulse Width   Slow    FDRE/C              n/a            0.275         2.500       2.225      SLICE_X93Y133   g_int4.u_p520/FSM_sequential_state_q_reg[3]/C
Low Pulse Width   Fast    FDRE/C              n/a            0.275         2.500       2.225      SLICE_X93Y133   g_int4.u_p520/FSM_sequential_state_q_reg[3]/C
Low Pulse Width   Slow    FDRE/C              n/a            0.275         2.500       2.225      SLICE_X93Y133   g_int4.u_p520/FSM_sequential_state_q_reg[4]/C
Low Pulse Width   Fast    FDRE/C              n/a            0.275         2.500       2.225      SLICE_X93Y133   g_int4.u_p520/FSM_sequential_state_q_reg[4]/C
Low Pulse Width   Slow    FDRE/C              n/a            0.275         2.500       2.225      SLICE_X91Y134   g_int4.u_p520/active_cin_q_reg[0]/C
Low Pulse Width   Fast    FDRE/C              n/a            0.275         2.500       2.225      SLICE_X91Y134   g_int4.u_p520/active_cin_q_reg[0]/C
Low Pulse Width   Slow    FDRE/C              n/a            0.275         2.500       2.225      SLICE_X91Y134   g_int4.u_p520/active_cin_q_reg[1]/C
Low Pulse Width   Fast    FDRE/C              n/a            0.275         2.500       2.225      SLICE_X91Y134   g_int4.u_p520/active_cin_q_reg[1]/C
Low Pulse Width   Slow    FDRE/C              n/a            0.275         2.500       2.225      SLICE_X96Y132   g_int4.u_p520/active_cout_q_reg[0]/C
Low Pulse Width   Fast    FDRE/C              n/a            0.275         2.500       2.225      SLICE_X96Y132   g_int4.u_p520/active_cout_q_reg[0]/C
Low Pulse Width   Slow    FDRE/C              n/a            0.275         2.500       2.225      SLICE_X96Y132   g_int4.u_p520/active_cout_q_reg[1]/C
Low Pulse Width   Fast    FDRE/C              n/a            0.275         2.500       2.225      SLICE_X96Y132   g_int4.u_p520/active_cout_q_reg[1]/C
Low Pulse Width   Slow    FDRE/C              n/a            0.275         2.500       2.225      SLICE_X96Y142   g_int4.u_p520/cfg_error_reg/C
Low Pulse Width   Fast    FDRE/C              n/a            0.275         2.500       2.225      SLICE_X96Y142   g_int4.u_p520/cfg_error_reg/C
Low Pulse Width   Slow    FDSE/C              n/a            0.275         2.500       2.225      SLICE_X96Y132   g_int4.u_p520/cin_q_reg[0]/C
Low Pulse Width   Fast    FDSE/C              n/a            0.275         2.500       2.225      SLICE_X96Y132   g_int4.u_p520/cin_q_reg[0]/C
Low Pulse Width   Slow    FDRE/C              n/a            0.275         2.500       2.225      SLICE_X96Y132   g_int4.u_p520/cin_q_reg[1]/C
Low Pulse Width   Fast    FDRE/C              n/a            0.275         2.500       2.225      SLICE_X96Y132   g_int4.u_p520/cin_q_reg[1]/C
Low Pulse Width   Slow    FDRE/C              n/a            0.275         2.500       2.225      SLICE_X96Y132   g_int4.u_p520/cin_q_reg[2]/C
Low Pulse Width   Fast    FDRE/C              n/a            0.275         2.500       2.225      SLICE_X96Y132   g_int4.u_p520/cin_q_reg[2]/C
High Pulse Width  Slow    RAMB18E2/CLKARDCLK  n/a            0.542         2.500       1.958      RAMB18_X12Y56   g_int4.u_p520/u_acc_mem/mem_reg/CLKARDCLK
High Pulse Width  Fast    RAMB18E2/CLKARDCLK  n/a            0.542         2.500       1.958      RAMB18_X12Y56   g_int4.u_p520/u_acc_mem/mem_reg/CLKARDCLK
High Pulse Width  Slow    RAMB18E2/CLKBWRCLK  n/a            0.542         2.500       1.958      RAMB18_X12Y56   g_int4.u_p520/u_acc_mem/mem_reg/CLKBWRCLK
High Pulse Width  Fast    RAMB18E2/CLKBWRCLK  n/a            0.542         2.500       1.958      RAMB18_X12Y56   g_int4.u_p520/u_acc_mem/mem_reg/CLKBWRCLK
High Pulse Width  Slow    RAMB36E2/CLKARDCLK  n/a            0.542         2.500       1.958      RAMB36_X12Y26   g_int4.u_p520/u_engine/u_ping/mem_reg_bram_0/CLKARDCLK
High Pulse Width  Fast    RAMB36E2/CLKARDCLK  n/a            0.542         2.500       1.958      RAMB36_X12Y26   g_int4.u_p520/u_engine/u_ping/mem_reg_bram_0/CLKARDCLK
High Pulse Width  Slow    RAMB36E2/CLKBWRCLK  n/a            0.542         2.500       1.958      RAMB36_X12Y26   g_int4.u_p520/u_engine/u_ping/mem_reg_bram_0/CLKBWRCLK
High Pulse Width  Fast    RAMB36E2/CLKBWRCLK  n/a            0.542         2.500       1.958      RAMB36_X12Y26   g_int4.u_p520/u_engine/u_ping/mem_reg_bram_0/CLKBWRCLK
High Pulse Width  Slow    RAMB36E2/CLKARDCLK  n/a            0.542         2.500       1.958      RAMB36_X12Y25   g_int4.u_p520/u_engine/u_pong/mem_reg_bram_0/CLKARDCLK
High Pulse Width  Fast    RAMB36E2/CLKARDCLK  n/a            0.542         2.500       1.958      RAMB36_X12Y25   g_int4.u_p520/u_engine/u_pong/mem_reg_bram_0/CLKARDCLK
High Pulse Width  Slow    RAMB36E2/CLKBWRCLK  n/a            0.542         2.500       1.958      RAMB36_X12Y25   g_int4.u_p520/u_engine/u_pong/mem_reg_bram_0/CLKBWRCLK
High Pulse Width  Fast    RAMB36E2/CLKBWRCLK  n/a            0.542         2.500       1.958      RAMB36_X12Y25   g_int4.u_p520/u_engine/u_pong/mem_reg_bram_0/CLKBWRCLK
High Pulse Width  Slow    RAMB18E2/CLKARDCLK  n/a            0.542         2.500       1.958      RAMB18_X12Y48   g_int4.u_p520/u_h_mem/mem_reg_bram_0/CLKARDCLK
High Pulse Width  Fast    RAMB18E2/CLKARDCLK  n/a            0.542         2.500       1.958      RAMB18_X12Y48   g_int4.u_p520/u_h_mem/mem_reg_bram_0/CLKARDCLK
High Pulse Width  Slow    RAMB18E2/CLKARDCLK  n/a            0.542         2.500       1.958      RAMB18_X12Y49   g_int4.u_p520/u_x_mem/mem_reg_bram_0/CLKARDCLK
High Pulse Width  Fast    RAMB18E2/CLKARDCLK  n/a            0.542         2.500       1.958      RAMB18_X12Y49   g_int4.u_p520/u_x_mem/mem_reg_bram_0/CLKARDCLK
High Pulse Width  Slow    RAMB36E2/CLKARDCLK  n/a            0.542         2.500       1.958      RAMB36_X12Y27   g_int4.u_p520/u_xs_mem/mem_reg_bram_0/CLKARDCLK
High Pulse Width  Fast    RAMB36E2/CLKARDCLK  n/a            0.542         2.500       1.958      RAMB36_X12Y27   g_int4.u_p520/u_xs_mem/mem_reg_bram_0/CLKARDCLK
High Pulse Width  Slow    RAMB36E2/CLKARDCLK  n/a            0.542         2.500       1.958      RAMB36_X12Y23   g_int4.u_p520/u_y_mem/mem_reg_bram_0/CLKARDCLK
High Pulse Width  Fast    RAMB36E2/CLKARDCLK  n/a            0.542         2.500       1.958      RAMB36_X12Y23   g_int4.u_p520/u_y_mem/mem_reg_bram_0/CLKARDCLK
High Pulse Width  Slow    SRL16E/CLK          n/a            0.532         2.500       1.968      SLICE_X88Y132   g_int4.u_p520/u_engine/u_mul/v3_reg_srl3___g_int4.u_p520_u_engine_u_mul_v3_reg_r/CLK
High Pulse Width  Fast    SRL16E/CLK          n/a            0.532         2.500       1.968      SLICE_X88Y132   g_int4.u_p520/u_engine/u_mul/v3_reg_srl3___g_int4.u_p520_u_engine_u_mul_v3_reg_r/CLK
High Pulse Width  Slow    SRL16E/CLK          n/a            0.532         2.500       1.968      SLICE_X88Y132   g_int4.u_p520/u_mac_mul/v3_reg_srl3___g_int4.u_p520_u_engine_u_mul_v3_reg_r/CLK
High Pulse Width  Fast    SRL16E/CLK          n/a            0.532         2.500       1.968      SLICE_X88Y132   g_int4.u_p520/u_mac_mul/v3_reg_srl3___g_int4.u_p520_u_engine_u_mul_v3_reg_r/CLK
High Pulse Width  Slow    FDRE/C              n/a            0.275         2.500       2.225      SLICE_X92Y133   g_int4.u_p520/FSM_sequential_state_q_reg[0]/C
High Pulse Width  Fast    FDRE/C              n/a            0.275         2.500       2.225      SLICE_X92Y133   g_int4.u_p520/FSM_sequential_state_q_reg[0]/C
High Pulse Width  Slow    FDRE/C              n/a            0.275         2.500       2.225      SLICE_X93Y133   g_int4.u_p520/FSM_sequential_state_q_reg[1]/C
High Pulse Width  Fast    FDRE/C              n/a            0.275         2.500       2.225      SLICE_X93Y133   g_int4.u_p520/FSM_sequential_state_q_reg[1]/C
High Pulse Width  Slow    FDRE/C              n/a            0.275         2.500       2.225      SLICE_X93Y133   g_int4.u_p520/FSM_sequential_state_q_reg[2]/C
High Pulse Width  Fast    FDRE/C              n/a            0.275         2.500       2.225      SLICE_X93Y133   g_int4.u_p520/FSM_sequential_state_q_reg[2]/C
High Pulse Width  Slow    FDRE/C              n/a            0.275         2.500       2.225      SLICE_X93Y133   g_int4.u_p520/FSM_sequential_state_q_reg[3]/C
High Pulse Width  Fast    FDRE/C              n/a            0.275         2.500       2.225      SLICE_X93Y133   g_int4.u_p520/FSM_sequential_state_q_reg[3]/C
High Pulse Width  Slow    FDRE/C              n/a            0.275         2.500       2.225      SLICE_X93Y133   g_int4.u_p520/FSM_sequential_state_q_reg[4]/C
High Pulse Width  Fast    FDRE/C              n/a            0.275         2.500       2.225      SLICE_X93Y133   g_int4.u_p520/FSM_sequential_state_q_reg[4]/C
High Pulse Width  Slow    FDRE/C              n/a            0.275         2.500       2.225      SLICE_X91Y134   g_int4.u_p520/active_cin_q_reg[0]/C
High Pulse Width  Fast    FDRE/C              n/a            0.275         2.500       2.225      SLICE_X91Y134   g_int4.u_p520/active_cin_q_reg[0]/C
High Pulse Width  Slow    FDRE/C              n/a            0.275         2.500       2.225      SLICE_X91Y134   g_int4.u_p520/active_cin_q_reg[1]/C
High Pulse Width  Fast    FDRE/C              n/a            0.275         2.500       2.225      SLICE_X91Y134   g_int4.u_p520/active_cin_q_reg[1]/C
High Pulse Width  Slow    FDRE/C              n/a            0.275         2.500       2.225      SLICE_X96Y132   g_int4.u_p520/active_cout_q_reg[0]/C
High Pulse Width  Fast    FDRE/C              n/a            0.275         2.500       2.225      SLICE_X96Y132   g_int4.u_p520/active_cout_q_reg[0]/C
High Pulse Width  Slow    FDRE/C              n/a            0.275         2.500       2.225      SLICE_X96Y132   g_int4.u_p520/active_cout_q_reg[1]/C
High Pulse Width  Fast    FDRE/C              n/a            0.275         2.500       2.225      SLICE_X96Y132   g_int4.u_p520/active_cout_q_reg[1]/C
High Pulse Width  Slow    FDRE/C              n/a            0.275         2.500       2.225      SLICE_X96Y142   g_int4.u_p520/cfg_error_reg/C
High Pulse Width  Fast    FDRE/C              n/a            0.275         2.500       2.225      SLICE_X96Y142   g_int4.u_p520/cfg_error_reg/C
High Pulse Width  Slow    FDSE/C              n/a            0.275         2.500       2.225      SLICE_X96Y132   g_int4.u_p520/cin_q_reg[0]/C
High Pulse Width  Fast    FDSE/C              n/a            0.275         2.500       2.225      SLICE_X96Y132   g_int4.u_p520/cin_q_reg[0]/C
High Pulse Width  Slow    FDRE/C              n/a            0.275         2.500       2.225      SLICE_X96Y132   g_int4.u_p520/cin_q_reg[1]/C
High Pulse Width  Fast    FDRE/C              n/a            0.275         2.500       2.225      SLICE_X96Y132   g_int4.u_p520/cin_q_reg[1]/C
High Pulse Width  Slow    FDRE/C              n/a            0.275         2.500       2.225      SLICE_X96Y132   g_int4.u_p520/cin_q_reg[2]/C
High Pulse Width  Fast    FDRE/C              n/a            0.275         2.500       2.225      SLICE_X96Y132   g_int4.u_p520/cin_q_reg[2]/C



